Timestamp,AccX,AccY,AccZ,AngularVelX,AngularVelY,AngularVelZ,MagX,MagY,MagZ,AirPressure
647552,-0.640842,9.73697,1.21951,-0.21,-0.7,0.49,-29.7923,-38.5606,-0.452914,1014.45
647558,-0.640842,9.7274,1.23386,-0.14,0.14,0.42,-29.8782,-38.0686,0.241766,1014.45
647564,-0.650406,9.69871,1.25777,0.35,-0.35,0.28,-29.5058,-39.0815,0.908091,1014.45
647570,-0.640842,9.7274,1.22908,-0.14,0.28,0.07,-29.7063,-38.1844,-0.566332,1014.43
647576,-0.655189,9.71784,1.20995,-0.14,-0.14,0.14,-29.9355,-38.3001,1.54606,1014.43
647582,-0.631277,9.74653,1.20516,-0.28,0.28,0.35,-30.5085,-37.9529,0.893914,1014.42
647588,-0.659971,9.73697,1.23864,-0.21,-0.21,0.49,-30.2793,-39.2551,0.000754159,1014.42
647594,-0.659971,9.73697,1.23386,-0.21,-0.28,0.07,-30.4225,-37.3162,0.553663,1014.45
647600,-0.631277,9.76566,1.22429,0.28,-0.28,0.49,-30.6803,-37.4899,1.81543,1014.45
647606,-0.655189,9.71305,1.26255,-0.35,0.07,0.28,-29.9928,-38.8789,-0.141017,1014.45
647612,-0.693448,9.74653,1.22908,-0.49,0,0.63,-30.1074,-38.8211,0.185057,1014.45
647618,-0.712578,9.77523,1.20995,0.07,-0.21,1.19,-29.7923,-37.8371,1.16328,1014.43
647624,-0.731707,9.78479,1.21473,0.14,-0.49,0.63,-29.9642,-38.4159,0.851383,1014.43
647630,-0.707795,9.73697,1.21473,-0.42,-0.28,1.47,-29.8209,-38.7632,0.326829,1014.43
647636,-0.683883,9.74175,1.27212,-0.21,-0.63,1.26,-30.1647,-37.4609,1.44682,1014.43
647642,-0.640842,9.71784,1.25299,0.07,-0.77,1.19,-30.5085,-37.5188,1.37594,1014.43
647648,-0.602582,9.70827,1.23864,-0.28,0,1.54,-29.5918,-38.5895,0.114171,1014.47
647654,-0.593018,9.70827,1.23864,0.63,0,1.12,-29.6491,-38.1555,1.02151,1014.47
647660,-0.645624,9.69871,1.24342,0.28,0,0.98,-29.9355,-37.0847,0.341006,1014.44
647666,-0.602582,9.70827,1.22429,-0.49,-0.91,0.7,-30.222,-38.387,0.582017,1014.44
647672,-0.564323,9.73218,1.24821,0.42,0.07,0.7,-30.2793,-38.7632,0.185057,1014.46
647678,-0.564323,9.68914,1.25299,0.42,-0.63,0.35,-29.7923,-37.2294,1.37594,1014.46
647684,-0.573888,9.67958,1.26255,0.14,0.28,0.42,-30.0501,-39.6024,-0.665572,1014.44
647690,-0.5978,9.71305,1.23864,0.56,0.07,0,-29.9355,-38.5027,-0.155194,1014.44
647696,-0.588235,9.70827,1.23386,0.21,0.21,-0.14,-29.9069,-37.3162,1.65948,1014.44
647702,-0.607365,9.71784,1.24821,0.21,-0.28,0,-30.3939,-38.5027,0.922268,1014.44
647708,-0.612147,9.75131,1.20995,0.63,0,0,-29.6204,-38.9657,-0.637217,1014.44
647714,-0.621712,9.72262,1.24821,0.42,0.14,-0.42,-30.0215,-38.1844,0.397714,1014.44
647720,-0.626494,9.7561,1.20995,0.21,-0.28,-0.21,-30.4225,-37.6056,0.993154,1014.43
647726,-0.631277,9.73697,1.26255,-0.21,-0.28,0,-29.7063,-38.7053,1.12075,1014.43
647732,-0.631277,9.74175,1.22429,0.56,0,-0.07,-29.9928,-38.6764,0.610371,1014.43
647738,-0.612147,9.72262,1.20516,0.14,-0.14,-0.35,-30.222,-37.3452,1.57442,1014.49
647744,-0.602582,9.71784,1.21951,0.14,0.07,17.71,-30.0215,-38.0108,0.879737,1014.49
647750,-0.640842,9.72262,1.25777,0.21,-0.42,0.14,-30.3939,-38.7921,0.56784,1014.44
647756,-0.588235,9.69871,1.25777,0.49,-0.07,-0.21,-30.3366,-36.6217,1.71619,1014.44
647762,-0.5978,9.69392,1.25299,0.28,-0.07,-0.21,-30.1933,-37.8082,-0.481269,1014.46
647768,-0.5978,9.71305,1.25777,0.42,0.14,-0.21,-30.0501,-39.4288,0.199234,1014.46
647774,-0.626494,9.7274,1.26734,0.56,0.28,-0.56,-30.1933,-37.1426,1.09239,1014.43
647780,-0.593018,9.72262,1.23864,0.49,0.49,-0.21,-30.222,-37.3452,1.26252,1014.43
647786,-0.650406,9.7561,1.21473,0.56,0.14,-0.35,-29.3053,-38.5606,-0.339497,1014.45
647792,-0.645624,9.77523,1.17169,0,0.35,-0.07,-30.5085,-38.6185,0.780497,1014.45
647798,-0.655189,9.74653,1.18604,0.7,0.42,-0.21,-30.5371,-37.2294,2.01391,1014.45
647804,-0.61693,9.73218,1.24342,0.56,0.21,-0.49,-30.4512,-38.6185,0.723788,1014.45
647810,-0.640842,9.7274,1.25299,0.07,-0.14,-0.28,-30.0501,-38.3001,0.426068,1014.45
647816,-0.650406,9.76088,1.23386,0.35,-0.14,-0.42,-29.735,-37.4609,0.511131,1014.48
647822,-0.626494,9.77044,1.21473,0.28,0.28,-0.35,-29.9928,-37.5767,1.98555,1014.48
647828,-0.607365,9.74175,1.26255,0.98,0.14,-0.35,-30.0788,-38.9947,0.114171,1014.5
647834,-0.61693,9.73218,1.24342,0.28,0.28,-0.07,-30.2793,-38.3001,1.06404,1014.5
647840,-0.664754,9.74175,1.23386,0.28,0.14,-0.07,-30.3079,-37.3452,0.851383,1014.45
647846,-0.640842,9.73218,1.21473,0.56,0.14,-0.14,-30.3366,-38.9368,0.496954,1014.45
647852,-0.61693,9.75131,1.20995,0.49,0.42,17.71,-30.5944,-38.2712,0.823028,1014.46
647858,-0.583453,9.71784,1.27212,0.35,0.07,-0.42,-30.709,-37.2873,1.12075,1014.46
647864,-0.588235,9.7274,1.23386,-0.07,0.28,-0.28,-29.9355,-39.8339,0.383537,1014.44
647870,-0.61693,9.74653,1.22908,0.77,0.14,-0.49,-29.7636,-39.1394,-0.481269,1014.44
647876,-0.655189,9.74175,1.22429,0.84,0.21,-0.56,-29.8209,-37.6056,0.9648,1014.44
647882,-0.621712,9.69871,1.25777,0.42,0.21,-0.35,-29.9928,-38.0686,1.24834,1014.44
647888,-0.5978,9.71305,1.23864,0.49,0.28,-0.42,-29.5631,-39.0526,-0.311143,1014.46
647894,-0.612147,9.70827,1.23864,0.49,0.14,-0.42,-29.1621,-37.9529,0.908091,1014.46
647900,-0.640842,9.72262,1.2769,0.56,0.07,-0.49,-29.8496,-37.1137,0.496954,1014.46
647906,-0.712578,9.76088,1.21951,0.49,0.07,-0.7,-29.6491,-38.4159,0.36936,1014.49
647912,-0.664754,9.74175,1.22908,0.42,0.21,-0.42,-29.5918,-38.387,0.482777,1014.49
647918,-0.655189,9.75131,1.23386,0.07,0.14,-0.35,-29.8782,-37.3452,0.0716399,1014.45
647924,-0.674318,9.7561,1.20038,1.12,0,-0.14,-30.1647,-38.4159,-0.0843086,1014.45
647930,-0.659971,9.77523,1.20516,0.21,0.07,-0.35,-30.0788,-39.0236,-0.211903,1014.45
647936,-0.626494,9.73697,1.24342,-0.28,0,-0.28,-29.9069,-37.8082,0.638726,1014.45
647942,-0.631277,9.69392,1.2769,0.7,-0.07,-0.21,-29.9069,-38.5027,0.908091,1014.46
647948,-0.626494,9.70349,1.26255,0.28,0.35,-0.28,-29.735,-39.1973,-1.03418,1014.46
647954,-0.636059,9.7274,1.24342,0.35,0.21,-0.7,-29.3912,-38.9079,0.808851,1014.45
647960,-0.602582,9.73218,1.21473,0.77,0.14,-0.56,-30.5371,-38.0108,1.50353,1014.45
647966,-0.640842,9.70349,1.22908,0.28,0.07,-0.7,-29.9355,-39.6603,-0.566332,1014.46
647972,-0.655189,9.7274,1.20516,0.7,0.07,-0.56,-30.0215,-38.6474,0.128348,1014.46
647978,-0.650406,9.73697,1.20995,0.42,0.14,-0.63,-30.0215,-38.2133,1.41847,1014.46
647984,-0.631277,9.74175,1.20516,0.21,-0.35,-0.7,-29.8209,-38.387,0.185057,1014.45
647990,-0.61693,9.71305,1.21951,0.42,0.07,-0.7,-30.0501,-38.9079,-0.282789,1014.45
647996,-0.612147,9.73218,1.23864,0.42,0.07,-0.91,-30.3939,-36.8821,1.21999,1014.45
648002,-0.655189,9.74175,1.23386,0.21,-0.21,-0.7,-31.4538,-37.9239,1.33341,1014.45
648008,-0.626494,9.73218,1.22429,0.42,0.42,-0.42,-31.2819,-39.342,-0.62304,1014.45
648014,-0.645624,9.7274,1.24821,0.84,0.28,-0.84,-30.0788,-37.9529,1.00733,1014.45
648020,-0.636059,9.71305,1.23864,0.35,0.07,-0.35,-30.4512,-37.6346,1.29087,1014.41
648026,-0.612147,9.71784,1.22429,0,-0.28,-0.49,-29.5345,-38.9368,0.426068,1014.41
648032,-0.593018,9.6748,1.26734,1.26,0,-0.84,-29.6204,-38.85,-0.197726,1014.45
648038,-0.607365,9.69392,1.25299,1.19,0.35,-0.77,-30.5944,-37.3452,0.426068,1014.45
648044,-0.636059,9.71305,1.22429,0.84,0.42,-1.12,-30.2793,-38.6474,0.553663,1014.45
648050,-0.664754,9.71305,1.22429,0.49,0.7,-1.05,-30.4225,-38.9657,0.411891,1014.45
648056,-0.640842,9.73218,1.20516,0.77,0.07,-1.05,-30.0501,-37.9529,0.454423,1014.45
648062,-0.61693,9.7274,1.23386,0.56,0.07,-1.4,-31.11,-38.0976,0.114171,1014.44
648068,-0.645624,9.72262,1.24342,1.12,0.28,-1.05,-29.9928,-39.2841,-0.82152,1014.44
648074,-0.693448,9.77523,1.21473,0.7,-0.07,-1.19,-30.9095,-38.7053,1.02151,1014.47
648080,-0.664754,9.74653,1.1956,0.07,0.21,-0.98,-30.5657,-38.0976,0.312651,1014.47
648086,-0.650406,9.71784,1.22429,0.98,0.14,-1.19,-30.0788,-39.1104,1.10657,1014.44
648092,-0.626494,9.74653,1.20995,0.7,0.07,-1.19,-30.8236,-38.9079,0.525308,1014.44
648098,-0.664754,9.71784,1.22429,0.56,0.42,-1.26,-30.7376,-38.1844,0.695434,1014.48
648104,-0.664754,9.75131,1.21473,0.63,0,-1.26,-30.0501,-39.0526,0.496954,1014.48
648110,-0.650406,9.77044,1.23386,0.63,0.42,-1.19,-29.3626,-39.805,0.000754159,1014.45
648116,-0.683883,9.76088,1.23386,0.77,0.35,-0.56,-30.1647,-37.6924,0.9648,1014.45
648122,-0.722142,9.7561,1.22908,0.49,0.42,-1.12,-30.4225,-38.2712,1.98555,1014.45
648128,-0.69823,9.78479,1.20516,0.35,-0.21,-0.98,-30.222,-39.1104,0.780497,1014.45
648134,-0.703013,9.79436,1.17647,0.07,0,-0.14,-29.8496,-38.7053,1.68783,1014.44
648140,-0.655189,9.74653,1.21473,0.35,0.14,-0.56,-30.2506,-38.2133,0.496954,1014.44
648146,-0.669536,9.71305,1.24342,0.49,0.14,-0.7,-29.8782,-39.7471,0.341006,1014.44
648152,-0.636059,9.69871,1.29603,0.28,0,-0.07,-29.7063,-39.313,0.823028,1014.44
648158,-0.683883,9.73697,1.26255,0.7,0.49,-0.28,-29.9355,-37.8661,2.24074,1014.44
648164,-0.640842,9.73697,1.24342,0.14,-0.21,-0.49,-30.6517,-38.9657,-0.0559544,1014.45
648170,-0.655189,9.72262,1.23864,0.7,-0.21,-0.35,-30.0788,-39.7182,1.03569,1014.45
648176,-0.626494,9.75131,1.20038,1.12,-0.07,17.29,-30.6803,-37.895,1.02151,1014.41
648182,-0.645624,9.74653,1.20516,0.63,0,-0.28,-30.1074,-38.4448,1.24834,1014.41
648188,-0.669536,9.74175,1.20516,0.63,0.84,-0.21,-29.8782,-39.3709,1.07822,1014.45
648194,-0.650406,9.74175,1.18604,1.19,0.07,-0.56,-30.1647,-37.5767,1.13493,1014.45
648200,-0.659971,9.72262,1.20516,0.77,0.63,-0.35,-30.9668,-38.3001,1.47518,1014.44
648206,-0.674318,9.7561,1.20038,0.77,0,-0.07,-31.11,-39.1104,1.39011,1014.44
648212,-0.655189,9.75131,1.18604,0.21,0.35,17.29,-29.9642,-38.9079,0.36936,1014.45
648218,-0.664754,9.7274,1.22429,0.14,-0.28,-0.49,-29.6204,-37.5477,2.25492,1014.45
648224,-0.631277,9.74653,1.1956,0.21,-0.21,-0.42,-29.9642,-39.313,0.241766,1014.45
648230,-0.636059,9.71305,1.24821,0.56,-0.35,-0.35,-29.8496,-38.9368,1.31923,1014.45
648236,-0.669536,9.71784,1.24342,0.28,-0.14,-0.63,-29.9928,-37.432,1.68783,1014.45
648242,-0.688666,9.73218,1.21951,0.42,0.56,-0.42,-29.7636,-38.0976,0.908091,1014.47
648248,-0.688666,9.76088,1.23386,0.56,0.56,-0.56,-30.0215,-40.0944,0.17088,1014.47
648254,-0.679101,9.74175,1.21473,0.63,0.21,-0.49,-29.8496,-38.7632,0.114171,1014.49
648260,-0.655189,9.73697,1.22908,0.77,-0.21,0.07,-29.5058,-37.4899,0.752143,1014.49
648266,-0.664754,9.72262,1.25299,0.35,-0.21,-0.49,-29.4485,-39.1104,0.17088,1014.46
648272,-0.664754,9.71305,1.23864,0.35,0,-0.42,-29.6204,-38.9657,0.27012,1014.46
648278,-0.645624,9.70349,1.22429,0.35,0.07,-0.35,-29.9642,-37.4609,1.57442,1014.44
648284,-0.669536,9.74175,1.20516,0.56,-0.21,-0.77,-30.0788,-38.3001,0.085817,1014.44
648290,-0.683883,9.75131,1.20516,0.42,0.35,-0.49,-29.8209,-39.0236,1.7729,1014.47
648296,-0.659971,9.77044,1.19082,0.07,0.14,-0.42,-29.8496,-38.0397,1.71619,1014.47
648302,-0.664754,9.75131,1.23864,0.7,0.21,-0.35,-29.9928,-37.5477,1.17746,1014.47
648308,-0.703013,9.78479,1.1956,0.49,-0.14,-0.49,-30.4512,-40.0365,-0.112663,1014.47
648314,-0.679101,9.75131,1.18604,0.49,-0.21,-0.35,-29.9928,-38.2133,0.0716399,1014.47
648320,-0.659971,9.70827,1.22908,0.49,0.21,-0.28,-29.8209,-37.5188,0.879737,1014.45
648326,-0.659971,9.70827,1.23386,0.56,-0.35,-0.28,-29.5918,-39.1683,0.17088,1014.45
648332,-0.659971,9.71305,1.22908,0.14,0.07,-0.56,-29.5631,-38.5606,1.33341,1014.46
648338,-0.621712,9.70349,1.23386,0.63,-0.21,-0.07,-30.4798,-37.403,1.92885,1014.46
648344,-0.626494,9.7274,1.24342,0.28,0.35,-0.49,-29.6204,-38.9368,0.652903,1014.46
648350,-0.636059,9.71305,1.21951,0.35,0,-0.35,-29.9928,-39.4577,1.20581,1014.46
648356,-0.645624,9.71784,1.21951,0.7,0.35,-0.56,-29.8209,-37.6635,1.1491,1014.45
648362,-0.621712,9.73218,1.20995,0.56,0.14,-0.63,-29.5631,-38.0686,1.57442,1014.45
648368,-0.640842,9.73218,1.20995,0.77,-0.28,-0.35,-29.9355,-39.0815,-0.0843086,1014.44
648374,-0.679101,9.74175,1.20038,0.7,0.35,-0.7,-29.5058,-37.6056,0.936446,1014.44
648380,-0.683883,9.76566,1.19082,0.28,-0.07,-0.35,-29.4772,-37.1715,0.950623,1014.47
648386,-0.650406,9.74175,1.21473,0.14,-0.56,-0.35,-29.0475,-38.8789,0.709611,1014.47
648392,-0.626494,9.73218,1.22908,0.63,-0.28,-0.56,-29.1907,-39.342,0.879737,1014.47
648398,-0.693448,9.73697,1.23386,0.56,-0.35,-0.49,-29.6204,-38.0686,1.71619,1014.45
648404,-0.693448,9.74653,1.20995,0.42,0.07,-0.35,-30.0501,-38.5895,1.1491,1014.45
648410,-0.674318,9.76566,1.1956,0.63,-0.14,-0.49,-30.7376,-39.6892,0.496954,1014.48
648416,-0.664754,9.71784,1.23864,0.7,0.07,-0.28,-29.9069,-37.432,2.08479,1014.48
648422,-0.664754,9.73218,1.22908,0.84,-0.14,-0.28,-29.5345,-37.4609,1.56024,1014.44
648428,-0.726925,9.74175,1.20995,0.28,-0.07,-0.49,-29.7636,-38.7921,-0.764811,1014.44
648434,-0.693448,9.73218,1.21951,0.21,-0.28,-0.07,-30.2506,-37.7503,0.199234,1014.47
648440,-0.703013,9.69871,1.22908,0.35,-0.14,-0.35,-29.1907,-37.9239,1.88631,1014.47
648446,-0.640842,9.7274,1.21951,0.42,-0.35,-0.21,-29.735,-38.85,0.922268,1014.46
648452,-0.655189,9.71305,1.24821,0.49,-0.07,-0.49,-30.1933,-38.3291,0.823028,1014.46
648458,-0.664754,9.72262,1.22429,0.07,0.21,-0.35,-29.9355,-38.2133,1.65948,1014.47
648464,-0.683883,9.71784,1.23864,0.56,0.28,-0.77,-29.6204,-38.8789,0.142526,1014.47
648470,-0.659971,9.72262,1.26255,0.49,0.07,-0.49,-29.6491,-39.1683,0.142526,1014.47
648476,-0.640842,9.74175,1.21473,0.49,-0.7,-0.56,-29.5918,-37.5477,0.355183,1014.42
648482,-0.664754,9.74175,1.20995,0.42,-0.56,-0.77,-30.4225,-38.358,0.9648,1014.42
648488,-0.683883,9.74653,1.20995,0.63,-0.84,-0.35,-29.9642,-39.5445,0.851383,1014.45
648494,-0.69823,9.7274,1.20516,0.35,0.21,-0.42,-29.6777,-37.4609,1.09239,1014.45
648500,-0.674318,9.71784,1.20516,0.63,-0.42,-0.63,-29.735,-37.8082,1.63113,1014.45
648506,-0.688666,9.76088,1.19082,0.77,0.35,-0.07,-30.136,-38.9368,-0.211903,1014.45
648512,-0.707795,9.7561,1.1956,0.28,-0.28,-0.21,-29.8782,-38.9368,1.09239,1014.45
648518,-0.693448,9.71305,1.22908,0.14,0.07,-0.07,-30.3079,-36.8532,1.33341,1014.45
648524,-0.674318,9.71305,1.21473,0.07,-0.42,0.14,-30.2506,-38.6474,1.60277,1014.44
648530,-0.655189,9.74653,1.20995,0,-0.21,0,-30.1647,-38.9368,1.10657,1014.44
648536,-0.640842,9.73218,1.21473,0.49,-0.35,-17.85,-30.2506,-37.6056,1.12075,1014.47
648542,-0.650406,9.73218,1.21473,0.28,0.21,0,-29.6491,-37.8661,1.84378,1014.47
648548,-0.683883,9.7274,1.22908,0.35,-0.14,-0.21,-29.8496,-39.1973,1.26252,1014.47
648554,-0.669536,9.7274,1.23386,0.28,0.21,-0.35,-29.3339,-37.3741,1.44682,1014.42
648560,-0.674318,9.71305,1.22908,0.28,-0.35,-0.14,-30.2793,-38.0108,1.60277,1014.42
648566,-0.674318,9.71305,1.23386,0.35,-0.42,-0.28,-29.9928,-39.2841,0.0999942,1014.45
648572,-0.659971,9.75131,1.20516,0.21,-0.49,-17.92,-30.136,-39.1973,0.950623,1014.45
648578,-0.669536,9.72262,1.24821,0.7,-0.14,-0.14,-30.7376,-37.432,1.57442,1014.46
648584,-0.674318,9.73218,1.23386,0.35,-0.28,-0.42,-30.0501,-38.7921,2.21239,1014.46
648590,-0.731707,9.74653,1.22429,0.07,-0.14,-0.14,-29.1621,-38.7053,1.13493,1014.49
648596,-0.69823,9.75131,1.24821,0.14,-0.07,-0.35,-30.7376,-37.0847,1.30505,1014.49
648602,-0.669536,9.7561,1.21951,0,-0.28,-0.28,-30.623,-37.6635,0.411891,1014.45
648608,-0.650406,9.70827,1.21951,0.7,-0.28,-0.35,-30.4225,-38.387,1.00733,1014.45
648614,-0.679101,9.73697,1.23386,0.35,0.14,-0.07,-31.2246,-38.2133,1.70201,1014.46
648620,-0.731707,9.74175,1.21473,0.42,0.07,-0.56,-30.9954,-37.8082,2.21239,1014.46
648626,-0.683883,9.7274,1.21473,0.14,0.21,17.78,-30.5944,-38.358,1.78707,1014.49
648632,-0.683883,9.73218,1.24821,-0.21,-0.21,-0.42,-30.8809,-37.9529,0.879737,1014.49
648638,-0.669536,9.73697,1.21473,0.28,-0.35,0.07,-30.1647,-37.432,1.65948,1014.49
648644,-0.688666,9.74175,1.20038,0.07,-0.07,17.85,-30.5085,-38.85,1.29087,1014.44
648650,-0.664754,9.7561,1.21473,0.49,0,0.07,-30.1647,-38.9657,1.29087,1014.44
648656,-0.664754,9.74653,1.20516,0.49,-0.07,-0.14,-30.3652,-38.2423,1.24834,1014.46
648662,-0.669536,9.7274,1.21473,0.14,0,0.07,-30.3079,-38.4448,1.98555,1014.46
648668,-0.679101,9.75131,1.21951,0,-0.21,0.14,-30.0215,-40.1233,0.255943,1014.44
648674,-0.645624,9.7274,1.24342,-0.07,-0.14,-0.07,-29.8496,-38.2423,1.70201,1014.44
648680,-0.669536,9.72262,1.22908,0.49,-0.14,0,-31.0241,-37.7214,1.60277,1014.48
648686,-0.69823,9.73697,1.23386,0.42,-0.21,-0.56,-30.1647,-39.1104,1.00733,1014.48
648692,-0.688666,9.76088,1.23864,0.14,0,-0.28,-29.735,-38.85,0.893914,1014.45
648698,-0.674318,9.73697,1.23386,0.14,0.14,-17.64,-30.6517,-37.8371,2.19821,1014.45
648704,-0.645624,9.73697,1.23386,0.28,0.07,-0.14,-29.7923,-39.4577,1.19163,1014.44
648710,-0.683883,9.7274,1.22429,0.35,0,-0.14,-31.0814,-38.7632,0.780497,1014.44
648716,-0.669536,9.70827,1.20516,0.35,-0.21,17.85,-31.0527,-38.3291,2.18403,1014.44
648722,-0.683883,9.73218,1.21951,-0.21,0.07,-0.28,-30.2793,-38.3001,1.60277,1014.47
648728,-0.679101,9.73697,1.20038,0.28,0.21,0,-30.1074,-39.1104,0.355183,1014.47
648734,-0.693448,9.73697,1.23386,0.21,0.07,0,-29.9928,-38.2712,2.04226,1014.42
648740,-0.679101,9.74175,1.20038,0.21,-0.07,-0.07,-30.0215,-38.0976,1.09239,1014.42
648746,-0.655189,9.7274,1.18604,0.14,-0.42,0.21,-31.1387,-38.9368,1.74454,1014.46
648752,-0.683883,9.73218,1.25299,0.49,-0.49,17.78,-30.3939,-38.6474,1.00733,1014.46
648758,-0.669536,9.7274,1.21473,0.14,-0.21,0.07,-30.3652,-37.3452,1.94302,1014.47
648764,-0.683883,9.74653,1.20516,0.07,0.07,-0.07,-31.4538,-38.6764,0.950623,1014.47
648770,-0.655189,9.7274,1.21951,0.63,0.42,17.71,-30.4798,-39.342,0.837206,1014.44
648776,-0.664754,9.73697,1.20995,0.14,0.07,-0.07,-29.9642,-37.9529,1.71619,1014.44
648782,-0.669536,9.69871,1.24342,-0.21,0.07,0.21,-30.5657,-37.9239,1.53189,1014.45
648788,-0.631277,9.72262,1.21473,0.49,-0.21,17.57,-30.9095,-39.9207,1.21999,1014.45
648794,-0.674318,9.70349,1.24342,0.7,-0.28,-0.28,-30.9095,-38.0397,0.794674,1014.46
648800,-0.693448,9.7274,1.18604,0.21,0.21,-0.07,-30.5085,-37.7214,2.21239,1014.46
648806,-0.683883,9.71784,1.21473,0.42,0,-0.35,-30.136,-38.8211,1.7729,1014.46
648812,-0.71736,9.74653,1.20516,0.56,0,-0.21,-30.136,-38.358,0.808851,1014.47
648818,-0.650406,9.71784,1.22429,0.21,-0.28,0.07,-30.7663,-38.0397,1.51771,1014.47
648824,-0.693448,9.7274,1.28168,0.21,-0.84,-0.49,-29.6777,-38.387,1.19163,1014.44
648830,-0.659971,9.73218,1.24342,0.7,-1.12,-0.07,-29.5631,-39.1104,0.454423,1014.44
648836,-0.636059,9.73697,1.24342,0.77,-0.35,-0.14,-29.1907,-38.0397,1.80125,1014.47
648842,-0.726925,9.78957,1.1956,-0.14,-0.49,17.78,-30.222,-37.8661,1.63113,1014.47
648848,-0.650406,9.75131,1.23386,0.63,0,-0.28,-30.1647,-39.4866,0.0432857,1014.47
648854,-0.669536,9.73697,1.21951,0.49,-0.42,0.21,-30.3652,-38.2423,1.33341,1014.47
648860,-0.659971,9.71305,1.21951,0.21,-0.21,17.85,-30.2506,-37.895,0.539486,1014.47
648866,-0.674318,9.72262,1.21951,0.49,-0.49,0.35,-30.5657,-38.6764,0.553663,1014.47
648872,-0.688666,9.73218,1.20516,0.35,-0.14,-0.14,-29.7063,-38.9947,0.411891,1014.47
648878,-0.683883,9.7274,1.20516,0.42,0.07,-17.64,-29.6491,-37.9529,1.1491,1014.47
648884,-0.679101,9.76088,1.22429,0.42,-0.07,0.35,-30.2793,-38.358,1.16328,1014.47
648890,-0.722142,9.76088,1.21473,0.42,-0.28,0.28,-29.4772,-39.2841,0.0716399,1014.42
648896,-0.707795,9.73697,1.21951,0.21,-0.21,0.42,-30.2793,-37.895,1.65948,1014.42
648902,-0.655189,9.75131,1.20516,0.63,-0.21,0.28,-30.6803,-38.1844,1.51771,1014.45
648908,-0.664754,9.73218,1.23386,0.49,-0.21,0.35,-29.5345,-39.6892,-0.141017,1014.45
648914,-0.640842,9.70827,1.26255,0.21,-0.28,-17.43,-29.9069,-38.5895,0.624548,1014.43
648920,-0.626494,9.70349,1.25777,0.63,0,0.42,-30.4512,-38.0686,1.2767,1014.43
648926,-0.612147,9.69871,1.23864,-0.14,0.28,-0.07,-29.8782,-38.5895,1.17746,1014.46
648932,-0.679101,9.70827,1.24342,0.7,0.14,-17.78,-29.9069,-39.2262,0.596194,1014.46
648938,-0.688666,9.78001,1.18125,0.84,0.07,0.21,-30.1074,-37.432,1.02151,1014.44
648944,-0.669536,9.7561,1.1956,-0.14,0.35,-0.21,-29.9069,-38.4159,1.07822,1014.44
648950,-0.659971,9.73218,1.22908,0.77,0.28,17.78,-30.5085,-39.313,-0.5238,1014.46
648956,-0.640842,9.70349,1.24821,0.42,0.28,-0.14,-30.3366,-38.0108,0.936446,1014.46
648962,-0.688666,9.73218,1.26734,0.42,0.21,0.21,-29.6777,-38.0976,1.26252,1014.46
648968,-0.760402,9.78001,1.20995,0.42,-0.21,0.28,-30.1074,-39.2551,1.06404,1014.49
648974,-0.703013,9.78001,1.14778,0.21,-0.14,0.21,-29.8782,-38.387,0.936446,1014.49
648980,-0.664754,9.74175,1.18125,-0.14,0.42,0.28,-30.136,-38.1555,1.87214,1014.48
648986,-0.664754,9.72262,1.22908,0.28,0.21,0.35,-30.222,-38.7921,0.553663,1014.48
648992,-0.645624,9.70349,1.25299,0.28,0.07,0.35,-30.6803,-38.8789,1.461,1014.47
648998,-0.640842,9.67958,1.28647,0.77,0,-0.14,-30.7376,-37.6924,1.94302,1014.47
649004,-0.631277,9.69871,1.24821,0.56,0,-17.57,-30.5085,-38.2712,1.12075,1014.46
649010,-0.664754,9.70827,1.24821,0.63,0.35,0.07,-29.7923,-39.342,1.02151,1014.46
649016,-0.664754,9.74653,1.18604,0.35,0.14,0.07,-30.8236,-37.7793,1.19163,1014.43
649022,-0.674318,9.73697,1.20995,0.42,-0.14,-0.21,-30.6517,-38.358,1.63113,1014.43
649028,-0.693448,9.74653,1.1956,0.49,-0.07,-0.21,-30.1074,-39.1394,-0.353674,1014.45
649034,-0.679101,9.73697,1.19082,0.14,-0.42,-0.35,-30.709,-38.4159,1.39011,1014.45
649040,-0.659971,9.71305,1.22429,0.49,-0.28,17.85,-30.3079,-37.9529,2.09897,1014.44
649046,-0.679101,9.74653,1.25299,0.21,-0.42,-0.28,-30.7949,-38.8789,0.86556,1014.44
649052,-0.674318,9.73218,1.21951,0.35,-0.14,0.14,-29.9928,-38.2712,0.737966,1014.44
649058,-0.674318,9.76566,1.20516,0.63,-0.14,0,-30.2793,-37.403,1.41847,1014.46
649064,-0.664754,9.7274,1.23864,0.14,0.14,-0.42,-30.623,-38.0976,0.780497,1014.46
649070,-0.640842,9.70827,1.25777,-0.21,0.07,-0.14,-30.3652,-38.358,0.879737,1014.45
649076,-0.645624,9.72262,1.22908,0.91,0.21,-0.14,-30.2793,-37.6924,1.57442,1014.45
649082,-0.621712,9.70827,1.23386,-0.07,0.07,0,-30.1933,-37.8661,1.461,1014.45
649088,-0.664754,9.73218,1.21951,0.14,0.14,-0.28,-30.136,-39.1683,1.19163,1014.45
649094,-0.679101,9.73218,1.21473,0.56,0.28,-17.92,-30.5944,-38.2712,2.04226,1014.44
649100,-0.703013,9.7274,1.24821,0.35,0.56,0,-30.3652,-38.0397,1.88631,1014.44
649106,-0.683883,9.7274,1.22429,0.28,-0.28,0.21,-30.0788,-39.6603,0.9648,1014.46
649112,-0.655189,9.71784,1.22429,0.63,0.35,17.71,-29.9069,-38.9657,1.2767,1014.46
649118,-0.679101,9.71784,1.20516,0.07,-0.35,-0.14,-30.5371,-37.7793,0.893914,1014.47
649124,-0.712578,9.75131,1.22429,0.42,-0.28,0.35,-29.7636,-39.5735,1.09239,1014.47
649130,-0.669536,9.74653,1.1956,0.77,-0.63,0,-30.0215,-39.0526,0.0574628,1014.47
649136,-0.640842,9.73697,1.1956,0.35,-0.07,0.21,-29.7923,-37.7214,0.851383,1014.43
649142,-0.645624,9.72262,1.24342,0.49,0.63,0.14,-30.3652,-38.0108,2.1415,1014.43
649148,-0.655189,9.70827,1.21473,0.7,0.14,17.78,-29.1334,-39.0526,1.10657,1014.43
649154,-0.683883,9.74653,1.19082,0.21,0.28,0.14,-30.1074,-38.7632,0.638726,1014.43
649160,-0.674318,9.7561,1.21473,0.42,-0.21,0.07,-29.6204,-38.358,1.80125,1014.44
649166,-0.669536,9.71305,1.20995,0,0.07,0.07,-29.7923,-39.0236,0.837206,1014.44
649172,-0.679101,9.71305,1.23864,0.35,-0.49,0.42,-30.1074,-38.6185,1.07822,1014.43
649178,-0.664754,9.74653,1.22908,0.56,-0.21,0.35,-29.6777,-37.6635,1.07822,1014.43
649184,-0.703013,9.74175,1.23864,0.77,-0.84,0.07,-30.6803,-38.6764,1.29087,1014.48
649190,-0.71736,9.74653,1.21951,0.63,-0.07,0.77,-29.4199,-38.85,-0.112663,1014.48
649196,-0.707795,9.75131,1.22429,0.63,0.35,0.91,-29.9642,-37.6056,1.70201,1014.44
649202,-0.688666,9.74175,1.20995,0.42,-0.28,0.84,-30.4798,-37.9529,1.03569,1014.44
649208,-0.650406,9.7274,1.21951,0.14,-0.07,0.49,-29.6204,-38.9368,0.298474,1014.44
649214,-0.664754,9.69871,1.29125,0.07,-0.42,0.84,-30.136,-37.9818,1.41847,1014.43
649220,-0.626494,9.72262,1.25299,0.49,0.14,0.56,-30.7376,-37.1715,1.80125,1014.43
649226,-0.607365,9.72262,1.26255,-0.21,-0.7,0.42,-29.5918,-39.2551,0.227588,1014.45
649232,-0.679101,9.72262,1.23386,0.77,-0.28,0.77,-30.0215,-38.5317,0.936446,1014.45
649238,-0.679101,9.83261,1.12865,0,-0.91,0.42,-30.222,-37.3741,1.43265,1014.48
649244,-0.741272,9.79914,1.16691,0.07,-0.28,0.98,-30.2793,-38.5317,1.1491,1014.48
649250,-0.664754,9.76566,1.20038,-0.21,0.49,1.47,-30.0501,-38.5606,0.426068,1014.45
649256,-0.683883,9.70349,1.3056,-0.07,0,0.77,-30.0788,-37.5767,1.85796,1014.45
649262,-0.731707,9.76566,1.23864,-0.14,-0.28,1.26,-30.2793,-38.2133,1.41847,1014.41
649268,-0.731707,9.8087,1.17647,-0.35,-0.49,1.54,-30.1647,-39.313,0.9648,1014.41
649274,-0.679101,9.7274,1.26255,-0.07,-0.84,1.54,-30.3652,-38.7053,1.78707,1014.45
649280,-0.612147,9.68436,1.28647,-0.07,-0.14,1.4,-29.735,-38.0976,2.16986,1014.45
649286,-0.583453,9.65088,1.31994,0.42,0.42,1.33,-30.623,-39.0236,1.17746,1014.46
649292,-0.61693,9.6748,1.27212,0.42,0.14,0.91,-29.4199,-38.7632,1.00733,1014.46
649298,-0.631277,9.69871,1.24821,0.14,0.84,1.54,-30.5657,-36.5638,1.29087,1014.46
649304,-0.636059,9.73697,1.23864,0.35,-0.28,1.19,-29.1334,-38.8211,1.23417,1014.45
649310,-0.621712,9.70349,1.21473,0.7,0.21,0.84,-30.1074,-39.2551,0.695434,1014.45
649316,-0.569106,9.70349,1.20995,-0.07,-0.49,0.91,-30.0788,-37.7214,2.36834,1014.45
649322,-0.588235,9.69392,1.22429,0.7,0.7,0.98,-30.0788,-37.6924,1.67366,1014.45
649328,-0.612147,9.73218,1.20995,0.98,-0.28,0.42,-29.5058,-38.7632,0.823028,1014.46
649334,-0.645624,9.73218,1.18125,0.49,0.56,0.35,-30.8809,-38.9368,1.40429,1014.46
649340,-0.569106,9.71784,1.20038,0.35,0.35,0.42,-30.1647,-36.9111,2.93542,1014.47
649346,-0.588235,9.73697,1.20995,1.12,-0.21,0.42,-29.9928,-38.5895,0.0574628,1014.47
649352,-0.664754,9.77523,1.1956,0.56,-0.07,0.35,-30.5085,-39.4866,0.284297,1014.44
649358,-0.650406,9.7561,1.21951,0.14,-0.49,0.42,-30.7949,-37.7214,1.92885,1014.44
649364,-0.640842,9.74653,1.1956,0.49,-0.42,0.56,-30.1074,-38.8211,0.936446,1014.46
649370,-0.612147,9.7274,1.23386,0.14,0,0.21,-29.7923,-38.6764,0.936446,1014.46
649376,-0.636059,9.71784,1.28647,0.07,-0.07,0.21,-30.5657,-37.0558,1.23417,1014.46
649382,-0.626494,9.74653,1.24821,0.77,0.42,0.77,-30.3652,-38.2423,1.6453,1014.42
649388,-0.669536,9.7274,1.23386,0.7,-0.14,0.56,-30.1074,-38.9947,0.879737,1014.42
649394,-0.631277,9.73697,1.24342,0.07,-0.35,0.63,-30.7663,-38.7342,0.879737,1014.42
649400,-0.602582,9.72262,1.24821,1.05,-0.63,0.56,-30.136,-38.1844,2.11315,1014.42
649406,-0.640842,9.74653,1.20516,0.35,0,0.28,-30.4798,-39.313,1.2767,1014.46
649412,-0.703013,9.79436,1.21473,-0.14,0.42,0.91,-30.6517,-39.1683,0.737966,1014.46
649418,-0.674318,9.84218,1.14299,0.56,0.28,1.05,-30.1933,-37.7503,1.41847,1014.47
649424,-0.73649,9.86609,1.09995,-0.63,-0.49,1.12,-30.7376,-37.9818,1.41847,1014.47
649430,-0.683883,9.82783,1.15734,-0.63,-0.63,1.89,-30.6517,-39.4288,0.553663,1014.44
649436,-0.636059,9.71784,1.23864,-0.91,-0.56,1.61,-30.7663,-37.3452,0.908091,1014.44
649442,-0.607365,9.67958,1.31994,-0.14,-0.35,1.75,-30.8236,-38.5895,1.43265,1014.47
649448,-0.573888,9.67958,1.31038,0.07,0.21,1.4,-30.3366,-38.5606,-0.339497,1014.47
649454,-0.612147,9.74175,1.26255,0.21,-0.14,1.33,-30.5085,-38.358,1.30505,1014.47
649460,-0.626494,9.73697,1.23864,-0.14,0.28,1.4,-30.7376,-37.7214,1.90049,1014.43
649466,-0.631277,9.73697,1.22908,-0.21,-0.56,1.05,-30.222,-39.0815,0.397714,1014.43
649472,-0.61693,9.71305,1.2769,0.14,-0.14,1.26,-30.3079,-38.4738,0.978977,1014.46
649478,-0.61693,9.74653,1.26734,0.07,-0.49,1.19,-30.3652,-36.9111,1.63113,1014.46
649484,-0.712578,9.79436,1.18604,-0.35,-0.28,1.82,-30.5944,-38.5027,1.50353,1014.46
649490,-0.655189,9.8374,1.14778,-0.14,-0.35,2.24,-30.9382,-38.7053,0.312651,1014.46
649496,-0.640842,9.78001,1.23386,-0.7,-0.28,2.24,-30.7949,-37.403,1.37594,1014.42
649502,-0.645624,9.77044,1.20995,-0.63,0.28,2.38,-31.1387,-37.7214,2.4534,1014.42
649508,-0.645624,9.79436,1.22908,-0.63,-0.28,2.03,-31.0527,-38.8789,1.54606,1014.44
649514,-0.683883,9.78957,1.1956,-0.84,-0.35,2.45,-30.2506,-38.1555,1.80125,1014.44
649520,-0.659971,9.8087,1.16691,-1.68,-0.63,3.01,-30.9095,-37.7793,2.66606,1014.47
649526,-0.607365,9.81827,1.1956,-1.19,-0.63,2.8,-30.2506,-38.6474,0.085817,1014.47
649532,-0.636059,9.79914,1.17169,-1.68,-1.33,3.15,-29.7063,-38.387,-0.438737,1014.44
649538,-0.61693,9.78479,1.20995,-2.03,-0.42,3.01,-31.2819,-37.7214,1.54606,1014.44
649544,-0.5978,9.73697,1.29603,-1.54,-0.77,3.15,-31.2533,-38.6474,0.76632,1014.44
649550,-0.545194,9.66523,1.3582,-1.26,-0.49,3.15,-30.222,-38.6185,0.114171,1014.41
649556,-0.473458,9.65567,1.34385,-0.7,0.07,2.87,-30.4798,-37.9239,2.05644,1014.41
649562,-0.511717,9.66045,1.31516,-0.84,0.21,2.38,-30.8809,-38.6185,1.98555,1014.45
649568,-0.483022,9.70827,1.31516,-0.56,0.07,2.31,-31.0527,-39.2551,1.31923,1014.45
649574,-0.502152,9.69392,1.22429,-0.28,-0.42,2.24,-30.623,-37.895,1.20581,1014.48
649580,-0.492587,9.70349,1.23386,-0.49,-0.14,2.03,-31.2819,-37.6924,1.74454,1014.48
649586,-0.57867,9.72262,1.23864,-0.7,-0.21,2.03,-30.7376,-38.9079,0.936446,1014.45
649592,-0.61693,9.7274,1.26734,-0.35,0.14,2.03,-30.222,-38.7053,0.284297,1014.45
649598,-0.535629,9.73218,1.18125,-0.63,-0.28,1.89,-31.5397,-38.1265,0.66708,1014.45
649604,-0.57867,9.76088,1.20995,-0.49,0.07,1.89,-31.11,-38.4448,0.794674,1014.45
649610,-0.535629,9.76566,1.22429,-0.56,-0.21,1.96,-29.9928,-39.0526,-0.0417772,1014.47
649616,-0.5978,9.74175,1.23864,-0.91,0.07,1.82,-30.5085,-37.6924,0.411891,1014.47
649622,-0.569106,9.75131,1.22908,-0.56,-0.63,1.89,-31.0527,-38.1555,1.03569,1014.47
649628,-0.57867,9.76566,1.24342,-0.63,-0.56,1.89,-31.1673,-38.9079,0.227588,1014.43
649634,-0.554758,9.7561,1.24342,-0.91,-0.56,2.1,-31.2246,-37.8661,0.978977,1014.43
649640,-0.530846,9.72262,1.29603,-0.98,-0.49,2.1,-31.7403,-38.2133,0.0999942,1014.45
649646,-0.521282,9.68436,1.34385,-0.49,0,1.61,-31.3965,-38.85,1.67366,1014.45
649652,-0.506934,9.70349,1.32951,-0.28,-0.14,1.4,-31.5397,-38.9947,0.936446,1014.44
649658,-0.511717,9.68914,1.32472,-0.49,0.35,1.54,-30.8236,-36.8532,1.6453,1014.44
649664,-0.516499,9.69871,1.31994,0.35,-0.49,1.05,-31.2533,-37.4609,1.04986,1014.45
649670,-0.530846,9.69392,1.29603,-0.07,0.21,1.12,-30.5944,-38.8789,-0.452914,1014.45
649676,-0.468675,9.75131,1.26255,-0.14,-0.35,0.98,-31.597,-38.5606,1.21999,1014.47
649682,-0.526064,9.73218,1.25777,-0.21,-0.21,0.56,-31.4251,-37.895,0.511131,1014.47
649688,-0.540411,9.74175,1.22908,0.21,-0.49,0.77,-30.9095,-38.6185,0.114171,1014.46
649694,-0.554758,9.73697,1.25777,0,0,0.7,-31.196,-37.8082,0.709611,1014.46
649700,-0.487805,9.74653,1.22429,-0.35,-0.28,0.56,-31.7689,-37.5188,1.31923,1014.46
649706,-0.526064,9.76088,1.21473,-0.14,0.14,0.91,-31.0814,-38.7342,1.19163,1014.45
649712,-0.516499,9.72262,1.2769,-0.21,-0.7,0.63,-30.9382,-38.387,1.31923,1014.45
649718,-0.516499,9.68914,1.29603,-0.21,-0.56,0.42,-30.8236,-37.0847,2.6377,1014.44
649724,-0.506934,9.70349,1.30081,-0.28,-0.35,0.35,-30.6803,-38.6185,1.34758,1014.44
649730,-0.549976,9.69871,1.30081,-0.21,0.07,0.21,-30.136,-39.313,0.9648,1014.46
649736,-0.549976,9.7561,1.21951,-0.28,-0.07,0.56,-30.5657,-37.5767,1.75872,1014.46
649742,-0.521282,9.76088,1.2769,0.07,0.21,0.28,-30.2506,-38.0976,1.16328,1014.47
649748,-0.626494,9.78479,1.28168,-0.91,-0.56,0.63,-31.2533,-38.9657,0.156703,1014.47
649754,-0.593018,9.81827,1.20038,0,-0.63,1.33,-31.2533,-37.8661,1.21999,1014.46
649760,-0.573888,9.73697,1.28168,-0.42,-0.14,0.98,-31.11,-37.2873,1.10657,1014.46
649766,-0.516499,9.69392,1.32472,-0.28,-0.77,0.84,-30.8236,-38.9368,0.66708,1014.46
649772,-0.540411,9.73697,1.26734,-0.63,0.28,1.4,-29.9642,-38.7921,-0.141017,1014.46
649778,-0.511717,9.70349,1.29125,0,-0.42,0.7,-30.709,-37.7503,1.60277,1014.46
649784,-0.483022,9.71784,1.29603,-0.21,0.14,1.05,-30.8809,-38.5027,0.780497,1014.46
649790,-0.49737,9.7274,1.26734,-0.21,0.14,1.05,-31.196,-38.9368,0.241766,1014.46
649796,-0.521282,9.70349,1.31994,0.14,0.21,0.56,-30.5371,-37.5477,1.82961,1014.45
649802,-0.516499,9.7274,1.28168,-0.14,-0.63,0.42,-31.11,-37.403,1.30505,1014.45
649808,-0.473458,9.7274,1.26734,-0.42,-0.28,0.49,-30.5657,-38.9368,0.284297,1014.46
649814,-0.549976,9.71784,1.29125,0,-0.42,0.63,-30.5657,-37.9529,1.44682,1014.46
649820,-0.511717,9.74653,1.25299,-0.14,0.21,0.63,-30.8522,-37.403,1.26252,1014.48
649826,-0.554758,9.7561,1.30081,-0.07,0.14,0.63,-31.0527,-39.2841,0.66708,1014.48
649832,-0.468675,9.73218,1.32472,0.42,0.21,0.35,-30.6803,-38.85,-0.197726,1014.42
649838,-0.49737,9.74653,1.25777,0.21,-0.21,0.42,-31.2819,-36.9979,2.1415,1014.42
649844,-0.631277,9.69871,1.39168,-0.14,-0.7,1.05,-32.0554,-39.313,1.43265,1014.47
649850,-0.593018,9.68436,1.42994,0.84,-0.91,0.63,-30.5657,-39.0236,0.241766,1014.47
649856,-0.454328,9.72262,1.29603,1.05,-0.14,1.12,-31.11,-37.7793,2.04226,1014.44
649862,-0.650406,9.91392,1.05213,0.07,-0.63,1.68,-30.623,-37.2584,1.07822,1014.44
649868,-0.502152,9.96174,1.00909,-0.98,-0.63,1.61,-30.709,-38.85,0.539486,1014.44
649874,-0.540411,9.8374,1.14299,-1.4,-0.77,1.89,-30.5657,-37.9818,1.6453,1014.43
649880,-0.411286,9.71784,1.27212,-1.75,-0.84,1.68,-31.196,-37.8082,1.36176,1014.43
649886,-0.454328,9.57915,1.46341,-0.91,-0.84,1.4,-31.3679,-38.8789,0.085817,1014.46
649892,-0.439981,9.64132,1.40603,-0.56,-1.19,1.54,-30.623,-38.2423,0.823028,1014.46
649898,-0.502152,9.74653,1.24821,-0.21,-0.91,1.4,-30.9382,-36.5638,0.9648,1014.45
649904,-0.425634,9.69871,1.32472,-1.05,-0.84,1.4,-31.3965,-37.8371,1.37594,1014.45
649910,-0.420851,9.60784,1.46341,0.21,-0.77,1.05,-31.0527,-39.0236,-0.141017,1014.47
649916,-0.435198,9.64132,1.41081,0.84,-0.28,0.63,-31.683,-36.9979,1.03569,1014.47
649922,-0.373027,9.67001,1.27212,0.7,0.21,0.49,-30.7949,-37.5767,0.808851,1014.46
649928,-0.468675,9.73218,1.33429,0.56,-0.49,0.28,-30.7949,-38.9657,-0.552154,1014.46
649934,-0.47824,9.76088,1.24821,0.63,-0.35,0.42,-30.7663,-37.9529,0.397714,1014.43
649940,-0.473458,9.78957,1.21473,0.42,0,0.28,-30.9954,-37.2873,1.71619,1014.43
649946,-0.521282,9.80392,1.20516,0.21,0,0.49,-31.6257,-39.5445,0.56784,1014.47
649952,-0.549976,9.88044,1.14778,-0.49,0.21,0.7,-30.623,-38.9079,1.16328,1014.47
649958,-0.636059,9.9187,1.12865,-0.28,-0.42,1.12,-31.3965,-37.7214,1.09239,1014.47
649964,-0.593018,9.90435,1.16691,-1.26,-0.7,1.33,-31.11,-38.0686,1.29087,1014.46
649970,-0.573888,9.78957,1.26255,-1.54,-1.05,1.96,-31.4251,-38.358,1.03569,1014.46
649976,-0.439981,9.69392,1.3582,-1.26,-0.84,1.75,-30.9668,-37.5477,0.879737,1014.46
649982,-0.473458,9.73218,1.34385,-1.4,-0.35,1.89,-30.6517,-37.6924,0.978977,1014.46
649988,-0.468675,9.7274,1.38211,-0.56,-0.35,1.82,-30.5944,-38.0397,0.0432857,1014.46
649994,-0.47824,9.70827,1.39168,-0.7,0,1.54,-30.2506,-37.6635,1.12075,1014.46
650000,-0.473458,9.69871,1.34864,-0.63,-0.14,1.68,-31.3106,-37.5767,1.87214,1014.43
650006,-0.454328,9.70349,1.32951,-0.21,-0.49,1.89,-30.5085,-37.4899,-0.12684,1014.43
650012,-0.435198,9.68914,1.33907,-0.21,-0.49,1.05,-30.709,-38.6185,0.000754159,1014.5
650018,-0.401722,9.67958,1.31516,-0.07,0.35,1.54,-30.709,-36.8243,1.39011,1014.5
650024,-0.430416,9.70349,1.36298,-0.14,0.28,1.26,-30.7663,-38.2712,0.66708,1014.46
650030,-0.435198,9.65567,1.36777,0.35,0.14,0.91,-30.5944,-38.1844,0.0716399,1014.46
650036,-0.373027,9.66523,1.31038,0.28,0.21,0.91,-30.4225,-37.2005,1.82961,1014.46
650042,-0.392157,9.68436,1.29603,0.07,0.07,0.7,-31.1673,-36.7953,0.86556,1014.46
650048,-0.425634,9.67958,1.30081,0.7,-0.21,0.35,-30.7376,-38.1555,0.0291085,1014.46
650054,-0.420851,9.74175,1.26255,0.49,-0.21,0.14,-30.6517,-37.5188,0.411891,1014.49
650060,-0.473458,9.78001,1.24821,0,0.21,0.35,-31.3392,-36.1876,1.75872,1014.49
650066,-0.454328,9.81349,1.18125,-0.07,0.07,0,-30.9668,-37.9529,-0.0843086,1014.44
650072,-0.516499,9.80392,1.17169,-0.28,0,0.21,-30.7376,-37.895,0.341006,1014.44
650078,-0.502152,9.74653,1.27212,-0.98,-0.28,0.49,-30.3939,-36.969,1.09239,1014.47
650084,-0.492587,9.73218,1.28647,-0.77,0.07,0.63,-30.8522,-38.2423,0.411891,1014.47
650090,-0.463893,9.71784,1.31994,-0.56,-0.56,0.35,-30.5371,-38.7053,0.17088,1014.49
650096,-0.521282,9.70349,1.3582,-0.98,0.07,0.77,-31.5111,-37.2005,1.00733,1014.49
650102,-0.502152,9.71305,1.36777,-0.35,-0.42,0.49,-30.4798,-36.9111,2.16986,1014.47
650108,-0.45911,9.68914,1.40124,-0.14,0.14,0.77,-30.4798,-38.2133,0.326829,1014.47
650114,-0.416069,9.68436,1.41081,0.28,0.7,0.63,-31.4251,-37.5188,1.60277,1014.47
650120,-0.449546,9.66523,1.39646,0,0.77,0.35,-30.9382,-37.2294,0.837206,1014.5
650126,-0.406504,9.71305,1.35342,0.21,0.49,0.28,-30.4512,-37.9529,0.596194,1014.5
650132,-0.425634,9.69392,1.37733,0.28,0.07,0.21,-30.5085,-37.8371,-0.467091,1014.44
650138,-0.435198,9.74175,1.3056,0.63,0.28,0.28,-31.2246,-37.3452,1.48935,1014.44
650144,-0.468675,9.78479,1.24342,0.21,-0.21,0,-30.6803,-38.2423,0.993154,1014.4
650150,-0.430416,9.78001,1.25299,-0.14,0.28,0.28,-30.9382,-39.0236,0.0574628,1014.4
650156,-0.420851,9.73218,1.28647,0.14,-0.14,-17.92,-30.9668,-37.8371,0.879737,1014.45
650162,-0.449546,9.69871,1.32472,-0.07,0.56,0.14,-30.9954,-37.3162,1.58859,1014.45
650168,-0.468675,9.74175,1.26255,0.07,-0.21,0.07,-30.8809,-38.6185,0.284297,1014.46
650174,-0.526064,9.81349,1.23386,-0.35,0.35,0.07,-30.9382,-38.0108,0.695434,1014.46
650180,-0.61693,9.76566,1.32472,-0.49,-0.56,0.63,-30.709,-36.2744,1.65948,1014.47
650186,-0.483022,9.78479,1.3056,-0.42,-0.63,0.91,-30.5085,-38.0686,0.4686,1014.47
650192,-0.463893,9.79914,1.3056,-0.49,-0.63,0.98,-30.4512,-38.0686,0.142526,1014.43
650198,-0.511717,9.78001,1.3056,-0.98,0,1.12,-31.3106,-37.0268,1.17746,1014.43
650204,-0.487805,9.79914,1.3056,-0.84,0.14,1.26,-30.5371,-37.7214,0.128348,1014.43
650210,-0.444763,9.76566,1.29603,-0.56,-0.14,1.4,-30.4512,-38.5317,-1.43114,1014.45
650216,-0.382592,9.7274,1.36298,-0.84,-0.35,1.54,-31.3965,-37.0268,1.23417,1014.45
650222,-0.363462,9.70827,1.33907,-0.98,-0.84,0.98,-31.3106,-37.1715,1.20581,1014.46
650228,-0.401722,9.70349,1.36777,-0.28,-0.35,1.12,-30.6803,-38.2133,0.255943,1014.46
650234,-0.0573888,9.43568,1.41559,1.4,1.82,0.84,-31.7403,-37.7793,0.27012,1014.44
650240,-0.918221,10.1243,1.11908,-1.26,-2.38,0.7,-32.084,-37.1426,1.56024,1014.44
650246,0.0765184,9.28264,1.41081,0.07,2.8,2.03,-31.2246,-37.7214,-0.0843086,1014.44
650252,-0.875179,9.76088,1.41081,-0.56,-2.24,0.56,-31.0814,-39.0236,-1.48785,1014.44
650258,-0.0047824,9.86609,1.22429,1.33,2.03,1.61,-31.5397,-37.2294,1.33341,1014.44
650264,-0.688666,9.76566,1.23864,-0.63,-1.4,17.5,-32.084,-37.2873,1.19163,1014.44
650270,-0.181731,9.53611,1.46341,-0.21,0.21,1.05,-31.5397,-38.5317,-0.906583,1014.43
650276,-0.306074,9.68436,1.25777,0,0.28,0.91,-30.9668,-37.403,0.9648,1014.43
650282,-0.693448,9.96652,1.31994,-0.49,-0.63,1.05,-31.3679,-37.8661,1.29087,1014.43
650288,-0.344333,9.63654,1.33429,0.35,1.4,0.56,-30.6803,-38.7921,-0.566332,1014.46
650294,-0.526064,9.61262,1.46341,0.35,-0.14,1.12,-31.1673,-37.9529,-0.438737,1014.46
650300,-0.789096,10.0048,1.16212,-1.89,-1.19,0.98,-31.196,-37.2873,0.284297,1014.44
650306,-0.368245,9.6461,1.38211,0.7,1.47,1.4,-31.0241,-38.85,0.936446,1014.44
650312,-0.85605,10.0574,1.20995,-1.19,-2.31,1.47,-30.9382,-39.0526,0.539486,1014.48
650318,0.157819,9.45959,1.35342,0.35,1.68,1.26,-31.2533,-36.7664,1.16328,1014.48
650324,-0.650406,9.48828,1.5208,0.77,-1.26,1.26,-31.2533,-37.3452,0.723788,1014.49
650330,-0.267814,9.82783,1.15734,-0.63,0.91,1.12,-31.1673,-38.8211,0.085817,1014.49
650336,-0.483022,9.54567,1.62123,0.7,0.42,0.84,-30.9095,-36.969,1.02151,1014.45
650342,-0.506934,9.6748,1.47298,1.54,0.35,1.26,-31.3679,-37.7503,1.12075,1014.45
650348,-0.37781,9.8087,1.20038,0.84,0.14,1.12,-30.9954,-39.342,-0.367851,1014.44
650354,-0.363462,9.77044,1.26734,0.84,1.54,1.12,-31.3106,-38.4738,-0.0701315,1014.44
650360,-0.521282,9.82783,1.34385,0.28,-0.91,1.82,-31.0814,-36.5928,0.511131,1014.44
650366,-0.277379,9.81349,1.31994,0.35,0.7,1.4,-31.9121,-38.2423,-0.0701315,1014.45
650372,-0.521282,9.73218,1.33429,0.28,-0.63,1.54,-31.5397,-37.9239,0.156703,1014.45
650378,-0.224773,9.73218,1.18125,0.42,1.26,1.47,-31.1387,-36.7664,0.794674,1014.44
650384,-0.664754,9.94261,1.26255,-0.56,0.21,1.68,-30.8522,-37.2294,1.04986,1014.44
650390,-0.344333,9.69392,1.3869,-0.56,0.7,1.33,-31.11,-38.5027,-0.807343,1014.44
650396,-0.559541,9.78957,1.31516,-1.19,-0.35,2.03,-31.2533,-37.4899,1.23417,1014.44
650402,-0.277379,9.70827,1.26255,-0.56,0.28,1.4,-31.2819,-37.6635,0.737966,1014.46
650408,-0.286944,9.56958,1.42994,-0.56,0.63,1.33,-30.6517,-38.7053,0.383537,1014.46
650414,-0.430416,9.70349,1.39168,-0.28,-0.14,0.98,-30.0501,-37.8082,0.383537,1014.42
650420,-0.353898,9.68436,1.42516,0.42,0.84,1.05,-31.0527,-37.2005,0.837206,1014.42
650426,-0.444763,9.76566,1.33907,0.14,0.28,1.12,-31.4251,-37.9529,0.199234,1014.44
650432,-0.267814,9.64132,1.42994,0.42,1.19,0.77,-31.0241,-38.0397,-0.62304,1014.44
650438,-0.473458,9.74175,1.42994,0,-0.56,0.84,-31.2246,-37.0847,0.36936,1014.45
650444,-0.253467,9.5935,1.42037,1.12,0.56,0.35,-31.8548,-37.3452,0.227588,1014.45
650450,-0.401722,9.72262,1.31994,0.7,-0.35,0.35,-31.5111,-38.5027,-0.5238,1014.45
650456,-0.344333,9.69871,1.34385,0.84,0.49,0.28,-31.3392,-37.3162,1.80125,1014.45
650462,-0.325203,9.68436,1.34864,1.4,0.49,0.42,-31.3392,-37.7503,0.737966,1014.45
650468,-0.483022,9.73218,1.32472,0.91,0.28,0.49,-31.1387,-38.6474,0.142526,1014.47
650474,-0.492587,9.89957,1.22429,-0.07,-0.28,0.35,-31.0241,-37.7793,0.596194,1014.47
650480,-0.492587,9.74653,1.3869,0.98,0.07,0.7,-31.7116,-36.7664,1.91467,1014.44
650486,-0.463893,9.78479,1.33907,0.84,0.14,0.98,-31.4538,-38.1555,0.199234,1014.44
650492,-0.306074,9.51219,1.46341,1.12,1.26,0.84,-31.2246,-38.0108,0.681257,1014.45
650498,-0.612147,10.1291,1.20995,0.28,-0.07,1.61,-31.2819,-36.8243,0.879737,1014.45
650504,-0.291726,9.78479,1.17169,0,0.91,1.54,-31.5397,-37.8371,1.17746,1014.47
650510,-0.47824,9.71784,1.32951,-0.42,0.14,1.68,-32.571,-38.0976,-0.183549,1014.47
650516,-0.334768,9.73697,1.35342,-0.07,0.56,1.68,-31.9981,-37.8082,1.36176,1014.43
650522,-0.35868,9.70827,1.36298,-0.14,0.14,1.26,-31.597,-37.3452,2.15568,1014.43
650528,-0.35868,9.69392,1.40124,0.35,0.35,1.26,-31.9121,-38.0686,0.199234,1014.43
650534,-0.306074,9.6748,1.3869,0,0.42,1.12,-31.7976,-37.5767,0.312651,1014.43
650540,-0.334768,9.6748,1.3869,0.35,0.35,0.91,-32.2272,-37.2873,0.0574628,1014.43
650546,-0.334768,9.68914,1.36777,0.63,0.42,0.98,-31.8835,-37.6635,0.638726,1014.43
650552,-0.420851,9.73218,1.34385,0.7,0.21,0.91,-31.11,-37.3452,0.808851,1014.43
650558,-0.344333,9.71784,1.33429,0.56,0.28,0.98,-31.683,-36.6506,0.86556,1014.47
650564,-0.61693,9.93304,1.36777,0.84,0.14,1.12,-32.1127,-38.0397,0.936446,1014.47
650570,-0.23912,9.5935,1.31038,1.61,1.12,0.91,-31.4824,-38.2423,0.411891,1014.45
650576,-0.769966,10.1339,1.20516,-1.61,-1.75,0.77,-31.6257,-37.3452,1.37594,1014.45
650582,-0.200861,9.6461,1.42994,0.98,0.84,1.05,-31.4538,-36.5349,0.610371,1014.45
650588,-0.650406,9.86609,1.33907,0.07,-0.77,1.26,-32.4278,-38.1265,-0.566332,1014.45
650594,-0.282162,9.71784,1.31516,0,1.47,1.75,-31.3679,-37.2005,2.11315,1014.46
650600,-0.554758,9.74175,1.39168,0.21,-0.07,1.61,-31.2533,-37.0558,1.36176,1014.46
650606,-0.25825,9.7274,1.31516,-0.35,0.28,1.47,-31.196,-37.8371,0.284297,1014.46
650612,-0.200861,9.63654,1.34385,0.14,0.91,1.54,-30.9668,-38.1265,0.851383,1014.48
650618,-0.487805,9.7274,1.41559,0.07,0,1.47,-31.6543,-37.0558,0.539486,1014.48
650624,-0.200861,9.60784,1.42994,0.63,0.98,0.84,-31.7116,-37.2584,0.624548,1014.44
650630,-0.396939,9.6461,1.49211,0,0,1.05,-31.2246,-38.4159,-0.268611,1014.44
650636,-0.148254,9.60784,1.47776,1.12,0.42,1.26,-31.0527,-37.0268,0.794674,1014.47
650642,-0.396939,9.71305,1.3869,1.89,0.91,1.12,-31.9121,-37.0558,0.298474,1014.47
650648,-0.545194,9.9713,1.16212,0.49,-0.35,1.4,-32.0554,-38.4738,-0.169371,1014.45
650654,-0.406504,9.9713,1.12865,-0.35,0.35,1.47,-31.4251,-37.8371,0.36936,1014.45
650660,-0.344333,9.76566,1.37255,-0.07,0.42,1.89,-31.5397,-37.2584,1.71619,1014.43
650666,-0.526064,10.1052,1.1956,-1.26,-0.35,2.24,-30.6803,-38.1555,0.76632,1014.43
650672,-0.114778,9.53611,1.41559,0,0.63,1.61,-31.0527,-37.6346,0.185057,1014.5
650678,-0.554758,9.76088,1.42994,-0.28,-0.56,1.47,-31.3679,-37.432,1.09239,1014.5
650684,-0.320421,9.8374,1.25299,-0.42,-0.21,1.33,-30.709,-37.2005,0.0999942,1014.45
650690,-0.329986,9.78479,1.26255,-0.98,0.91,1.82,-31.3679,-38.6764,-1.09089,1014.45
650696,-0.449546,9.75131,1.3582,-0.35,0.14,1.68,-31.9981,-36.94,0.56784,1014.45
650702,-0.329986,9.74653,1.33907,-0.63,0.49,1.75,-31.8262,-37.2584,0.596194,1014.45
650708,-0.306074,9.65088,1.41081,-0.91,-0.07,1.61,-31.2819,-38.0397,-1.41696,1014.45
650714,-0.411286,9.73218,1.31516,-0.07,0.49,2.17,-32.0267,-37.3741,0.000754159,1014.43
650720,-0.368245,9.70349,1.33429,-0.84,-0.35,1.54,-31.5111,-36.8243,0.185057,1014.43
650726,-0.320421,9.61741,1.50167,-0.35,0.14,1.26,-31.11,-38.4159,-0.410383,1014.45
650732,-0.291726,9.57915,1.42994,0.98,0.28,1.47,-30.3939,-37.9239,0.737966,1014.45
650738,-0.272597,9.65567,1.38211,0.56,-0.28,0.7,-30.7949,-36.6217,1.50353,1014.46
650744,-0.229555,9.60784,1.43472,0.84,-0.42,0.14,-30.7663,-37.3741,0.908091,1014.46
650750,-0.291726,9.60306,1.43472,1.26,-0.63,0.49,-30.8236,-39.3998,-0.82152,1014.45
650756,-0.21999,9.70827,1.24821,0.98,-0.07,-0.28,-31.2246,-37.2294,0.128348,1014.45
650762,-0.229555,9.71305,1.25777,0.35,-0.14,-0.84,-31.4824,-36.969,-0.0843086,1014.44
650768,-0.282162,9.70827,1.3056,0.35,-0.14,-0.91,-31.2246,-38.4448,0.298474,1014.44
650774,-0.306074,9.74175,1.30081,-0.07,-0.7,-1.12,-32.6283,-37.8082,0.411891,1014.44
650780,-0.37781,9.81349,1.28647,0.14,-0.63,-0.35,-31.7976,-36.4191,0.383537,1014.46
650786,-0.353898,9.8087,1.23864,0.07,-0.56,-0.63,-31.7403,-38.0976,0.709611,1014.46
650792,-0.363462,9.80392,1.24821,-0.35,-0.84,-0.63,-31.4824,-38.4159,0.17088,1014.45
650798,-0.310856,9.66523,1.45385,-0.21,-1.26,-0.77,-32.0267,-37.5477,0.0291085,1014.45
650804,-0.33955,9.67001,1.44428,-0.07,-1.12,-0.84,-31.7976,-37.3452,0.114171,1014.45
650810,-0.344333,9.73697,1.32472,0.14,-0.7,-0.63,-31.9121,-38.85,-0.552154,1014.45
650816,-0.334768,9.73697,1.32951,-0.35,-0.42,-0.84,-31.7403,-37.1715,-0.0843086,1014.44
650822,-0.315638,9.69871,1.40124,0.28,-0.49,-0.63,-31.7116,-37.2005,1.47518,1014.44
650828,-0.387374,9.67958,1.48254,0.63,-0.42,-0.49,-30.7663,-38.85,-0.22608,1014.47
650834,-0.37781,9.75131,1.3869,0.77,-0.28,-0.49,-31.7976,-38.1265,-0.12684,1014.47
650840,-0.353898,9.79436,1.31994,0.35,-0.14,-0.07,-31.1673,-36.8243,1.13493,1014.46
650846,-0.306074,9.73218,1.34864,0.56,-0.21,-0.42,-31.2246,-37.1426,-0.410383,1014.46
650852,-0.33955,9.73218,1.39646,0.77,-0.28,-0.21,-31.1387,-37.7503,-0.452914,1014.46
650858,-0.329986,9.73697,1.34385,1.05,-0.42,-0.21,-30.7663,-36.7664,1.48935,1014.46
650864,-0.37781,9.80392,1.28647,0.7,-0.35,-0.14,-31.597,-37.3452,0.0149313,1014.46
650870,-0.282162,9.72262,1.31994,0.42,0.49,0,-31.2246,-38.1844,-0.580509,1014.46
650876,-0.329986,9.75131,1.36298,1.05,0.07,-0.07,-31.5684,-37.6924,-0.22608,1014.46
650882,-0.23912,9.74653,1.31516,0.77,0.84,-0.42,-32.2559,-36.9979,0.823028,1014.47
650888,-0.545194,9.88044,1.3056,-0.28,-0.84,0,-31.597,-37.6635,-0.949114,1014.47
650894,-0.320421,9.79914,1.25299,-0.35,0.49,-17.5,-32.1986,-37.895,0.0432857,1014.45
650900,-0.45911,9.78957,1.34864,0.14,-0.91,0,-31.5684,-36.4481,0.737966,1014.45
650906,-0.229555,9.75131,1.31994,-0.42,0.63,-0.07,-31.11,-37.8082,-0.353674,1014.46
650912,-0.435198,9.6461,1.53515,0.42,0.14,-17.85,-31.6543,-38.6185,-0.0559544,1014.46
650918,-0.310856,9.72262,1.36777,0.35,-0.35,-0.14,-31.6257,-37.2005,0.085817,1014.47
650924,-0.382592,9.78479,1.29125,0.21,-0.42,0,-31.2246,-38.1844,-0.197726,1014.47
650930,-0.353898,9.68914,1.37255,0.28,0.07,17.85,-31.0814,-38.7053,-1.07671,1014.43
650936,-0.420851,9.77044,1.31516,0.14,-0.28,0,-31.5397,-36.8532,0.454423,1014.43
650942,-0.420851,9.80392,1.30081,0.14,-0.07,0.21,-32.5424,-36.5059,-0.793166,1014.43
650948,-0.401722,9.84218,1.25299,-0.21,0,0.7,-32.2272,-37.7503,-1.02,1014.41
650954,-0.344333,9.82305,1.25299,-0.14,0.07,0.98,-31.7403,-37.3162,0.582017,1014.41
650960,-0.329986,9.77044,1.32951,-0.77,-0.21,0.91,-31.3679,-36.5928,0.000754159,1014.48
650966,-0.306074,9.66523,1.40603,0.35,-0.07,0.56,-31.8835,-37.895,-0.552154,1014.48
650972,-0.315638,9.72262,1.37255,0.14,-0.35,0.42,-31.4538,-38.0397,-0.112663,1014.47
650978,-0.33955,9.69871,1.39646,-0.35,-0.07,0.7,-32.1413,-37.4899,-0.5238,1014.47
650984,-0.272597,9.60306,1.44428,0.21,0,0.42,-31.8262,-37.0558,0.737966,1014.4
650990,-0.25825,9.66523,1.43472,0.14,0.42,0.07,-32.2559,-38.0397,-0.410383,1014.4
650996,-0.306074,9.68436,1.3869,0.7,0,0,-32.17,-36.7953,0.9648,1014.45
651002,-0.301291,9.65088,1.40124,1.19,0.14,-0.63,-31.3392,-36.9111,0.922268,1014.45
651008,-0.310856,9.70349,1.36298,0.91,-0.14,-0.35,-31.7976,-38.1844,-0.849874,1014.46
651014,-0.363462,9.81827,1.26734,0.35,-0.63,-0.28,-31.6257,-36.969,-0.183549,1014.46
651020,-0.315638,9.71305,1.32951,0.77,-0.56,-0.56,-31.3679,-37.2294,0.596194,1014.46
651026,-0.320421,9.73697,1.31994,0.56,-0.42,-0.42,-31.7689,-37.6635,0.596194,1014.43
651032,-0.306074,9.74175,1.36777,0.28,-0.21,-0.42,-31.6257,-38.0976,0.411891,1014.43
651038,-0.33955,9.73697,1.31994,-0.35,-0.28,-0.63,-31.7116,-37.1137,-0.112663,1014.46
651044,-0.315638,9.76088,1.26734,0.28,-0.42,-0.49,-31.3392,-37.1715,0.227588,1014.46
651050,-0.363462,9.78479,1.28168,-0.28,-0.21,-0.63,-31.3965,-37.9239,-0.693926,1014.47
651056,-0.439981,9.7274,1.42037,0.28,-0.98,-0.21,-31.4251,-36.2744,-0.0417772,1014.47
651062,-0.425634,9.78479,1.32472,0.49,-0.28,0,-31.6257,-36.5928,0.582017,1014.43
651068,-0.444763,9.8374,1.29125,0.35,-0.35,0.21,-31.2819,-38.0108,-0.296966,1014.43
651074,-0.449546,9.82783,1.30081,-1.05,-0.07,0.7,-31.5397,-37.7503,-0.552154,1014.44
651080,-0.435198,9.81349,1.31516,-0.14,-0.07,1.19,-31.5397,-36.1876,0.950623,1014.44
651086,-0.454328,9.86609,1.33907,-0.21,-0.77,1.4,-31.5111,-37.4899,1.07822,1014.46
651092,-0.229555,9.74653,1.29603,-0.91,0.49,1.54,-32.7142,-37.8661,-1.44531,1014.46
651098,-0.37781,9.67001,1.44428,0,-0.63,1.47,-31.8835,-36.3323,0.341006,1014.48
651104,-0.248685,9.71305,1.42037,0.35,0.07,1.12,-31.8262,-37.0558,-0.353674,1014.48
651110,-0.286944,9.71305,1.38211,0.35,-0.07,0.84,-31.2819,-38.4159,-0.679749,1014.48
651116,-0.296509,9.76566,1.28647,-0.28,0.63,0.91,-31.8262,-37.3162,0.383537,1014.47
651122,-0.272597,9.7561,1.28647,-0.42,0.91,0.84,-31.683,-37.0268,0.893914,1014.47
651128,-0.296509,9.6748,1.39646,-0.07,1.12,0.98,-32.3991,-38.4159,0.341006,1014.47
651134,-0.334768,9.71305,1.41559,0.49,0.98,1.4,-31.7403,-37.5767,-0.112663,1014.47
651140,-0.301291,9.78001,1.36298,0.35,0.56,0.91,-32.2559,-36.3902,1.21999,1014.43
651146,-0.296509,9.74653,1.29603,-0.42,0.91,1.19,-31.7689,-37.8371,0.440246,1014.43
651152,-0.286944,9.70827,1.34864,-0.07,1.12,1.05,-32.3418,-38.0686,-0.0559544,1014.44
651158,-0.253467,9.68436,1.37733,0,1.54,0.7,-31.683,-36.014,0.978977,1014.44
651164,-0.272597,9.66523,1.42516,0.07,1.26,0.91,-31.0527,-36.7953,1.13493,1014.46
651170,-0.286944,9.69392,1.36777,-0.07,1.05,0.49,-31.9408,-38.2712,-0.5238,1014.46
651176,-0.291726,9.73697,1.33907,-0.07,0.84,0.21,-32.4564,-37.3162,1.24834,1014.44
651182,-0.320421,9.71305,1.3582,0.14,0.21,0,-31.597,-36.6217,-0.0843086,1014.44
651188,-0.35868,9.74175,1.35342,0.07,0.14,0.28,-31.3679,-37.6924,-0.296966,1014.44
651194,-0.310856,9.75131,1.34864,0,0.84,0.28,-31.2533,-37.4609,0.000754159,1014.45
651200,-0.396939,9.78001,1.30081,0.14,0.28,0.42,-31.8262,-37.1426,0.66708,1014.45
651206,-0.387374,9.8087,1.3056,-0.42,0.56,0.98,-31.8835,-37.9529,-0.864051,1014.46
651212,-0.263032,9.67958,1.40124,-0.7,0.07,0.35,-31.8548,-38.1844,-0.254434,1014.46
651218,-0.306074,9.64132,1.43472,0.35,0.21,0.35,-31.9981,-36.1587,-0.169371,1014.45
651224,-0.25825,9.6748,1.3869,0.14,-0.56,0.35,-31.5111,-37.4609,0.596194,1014.45
651230,-0.301291,9.68914,1.37255,0,-0.28,-0.14,-32.1986,-37.9529,-0.0276001,1014.46
651236,-0.334768,9.68436,1.42037,0.07,-0.7,0.07,-31.4824,-36.9111,0.411891,1014.46
651242,-0.344333,9.71305,1.42516,0.77,0.14,0.21,-31.6257,-36.8821,0.950623,1014.45
651248,-0.33955,9.77523,1.32472,0.49,0.28,0.14,-32.3132,-37.8661,-1.27519,1014.45
651254,-0.373027,9.87087,1.26734,0.35,0.28,0.77,-30.9954,-37.432,-0.750634,1014.42
651260,-0.329986,9.81349,1.2769,-0.42,-0.28,0.77,-31.7976,-36.7085,0.482777,1014.42
651266,-0.277379,9.7274,1.3869,-0.42,-0.14,0.56,-31.3679,-37.9818,0.794674,1014.42
651272,-0.349115,9.66523,1.4395,0.28,-0.21,0.7,-31.7689,-38.0686,-0.0417772,1014.48
651278,-0.320421,9.7274,1.38211,0.21,-0.35,0.49,-32.5997,-37.6056,-0.22608,1014.48
651284,-0.277379,9.74175,1.39646,0.21,0.42,0.42,-32.5424,-37.2584,-0.12684,1014.47
651290,-0.315638,9.73697,1.38211,0.56,0.14,0.35,-31.7689,-38.2423,-0.183549,1014.47
651296,-0.325203,9.79436,1.32951,-0.21,0.56,0.28,-32.6569,-37.7793,-1.57291,1014.49
651302,-0.306074,9.78957,1.31516,-0.35,0.21,0.56,-32.3132,-36.4481,0.255943,1014.49
651308,-0.248685,9.71784,1.36777,-0.21,0.63,0.7,-30.6803,-38.0108,-0.793166,1014.43
651314,-0.253467,9.66523,1.41081,-0.21,-0.21,0.21,-31.4824,-37.403,0.0149313,1014.43
651320,-0.23912,9.6748,1.3869,-0.28,-0.49,-0.14,-32.084,-35.7246,0.837206,1014.48
651326,-0.25825,9.6461,1.39168,0.07,-0.35,-0.14,-31.8262,-37.1137,0.0999942,1014.48
651332,-0.23912,9.6461,1.40603,0.42,-0.42,-0.42,-31.9121,-37.9529,-1.23266,1014.51
651338,-0.234338,9.62219,1.44907,0.56,0.14,-0.56,-31.683,-36.477,-0.42456,1014.51
651344,-0.329986,9.70827,1.40124,0.63,-0.07,-0.49,-32.0554,-37.6346,-0.42456,1014.44
651350,-0.396939,9.81349,1.34385,0.7,-0.28,-0.21,-31.9981,-38.5027,-0.991646,1014.44
651356,-0.329986,9.87566,1.26255,0.28,-0.35,0.28,-31.597,-37.4609,0.426068,1014.44
651362,-0.363462,9.77523,1.35342,0,-0.49,0,-32.4564,-36.7374,0.624548,1014.43
651368,-0.387374,9.83261,1.33429,0.21,-0.56,0.42,-32.2559,-38.1555,-0.82152,1014.43
651374,-0.406504,9.89,1.36777,-0.49,0.14,0.98,-31.683,-36.7953,-1.17595,1014.45
651380,-0.329986,9.78957,1.34385,0.07,0.14,1.12,-32.6283,-37.2294,-0.382029,1014.45
651386,-0.277379,9.78479,1.36298,-0.07,0.21,0.84,-31.5684,-36.9111,-0.835697,1014.42
651392,-0.282162,9.74653,1.41081,-0.28,0.28,1.05,-31.1387,-38.3291,-2.23923,1014.42
651398,-0.253467,9.68914,1.42516,0.21,0.28,1.19,-32.2845,-36.477,-0.112663,1014.43
651404,-0.267814,9.71784,1.41559,0.21,0.28,0.7,-32.4851,-37.2584,0.36936,1014.43
651410,-0.248685,9.76088,1.3582,0.07,0.77,0.84,-31.4824,-38.4448,-0.240257,1014.47
651416,-0.291726,9.77044,1.29603,0.07,0.63,0.77,-32.1127,-36.9979,-0.141017,1014.47
651422,-0.282162,9.79914,1.29125,-0.28,0.42,0.98,-31.9408,-36.2455,1.29087,1014.48
651428,-0.267814,9.72262,1.34385,-0.7,0.21,0.98,-31.8835,-37.8371,-0.112663,1014.48
651434,-0.248685,9.67958,1.39168,-0.28,0.49,0.77,-31.3106,-37.1137,-0.0559544,1014.48
651440,-0.267814,9.66523,1.4395,0,0.21,0.56,-30.8809,-36.9111,0.341006,1014.47
651446,-0.263032,9.6461,1.42037,0.28,0.35,0.49,-32.0554,-37.0268,0.482777,1014.47
651452,-0.296509,9.68914,1.39168,0.35,-0.07,0.49,-31.4538,-37.4899,-0.183549,1014.44
651458,-0.315638,9.76566,1.31038,0.07,0.49,0.56,-30.7376,-36.8821,0.284297,1014.44
651464,-0.344333,9.84696,1.29603,-0.28,0.07,0.77,-31.4824,-36.8532,1.41847,1014.45
651470,-0.368245,9.82305,1.30081,-0.21,0.35,0.77,-31.2533,-38.4448,-0.977469,1014.45
651476,-0.306074,9.84218,1.32472,-0.7,0.21,1.05,-32.1413,-36.5638,0.893914,1014.44
651482,-0.344333,9.76566,1.34385,-0.84,0.91,1.68,-32.4278,-36.3612,0.978977,1014.44
651488,-0.334768,9.79914,1.40603,-0.84,0.35,1.61,-32.084,-37.7793,-0.211903,1014.44
651494,-0.315638,9.71305,1.42037,-0.7,0.98,1.54,-31.8262,-37.0268,-0.254434,1014.44
651500,-0.267814,9.69392,1.39168,-0.7,0.63,1.33,-31.3106,-35.6957,1.17746,1014.43
651506,-0.243902,9.66045,1.4395,-0.49,0.42,1.4,-32.084,-37.6924,-0.32532,1014.43
651512,-0.215208,9.56958,1.48733,0,-0.28,0.91,-31.3965,-37.8661,-1.98405,1014.43
651518,-0.186514,9.58871,1.48733,-0.63,0.14,0.7,-31.4824,-35.9272,-0.651394,1014.46
651524,-0.210426,9.58871,1.4682,1.33,0.49,0.7,-32.4564,-37.4899,0.553663,1014.46
651530,-0.21999,9.66045,1.41559,0.35,-0.07,-0.28,-31.4824,-38.0108,0.0149313,1014.44
651536,-0.210426,9.68914,1.3582,-0.21,-0.35,-0.07,-31.8262,-36.7953,-1.23266,1014.44
651542,-0.272597,9.71305,1.35342,1.19,-0.07,-0.35,-32.1127,-36.6217,0.142526,1014.43
651548,-0.248685,9.76088,1.28647,0.28,-0.28,-0.49,-31.5397,-37.3452,-0.934937,1014.43
651554,-0.263032,9.7274,1.27212,-0.84,-0.14,-0.56,-31.5397,-37.403,0.085817,1014.44
651560,-0.243902,9.76566,1.28168,-0.28,-0.14,-0.28,-31.6543,-35.6378,0.341006,1014.44
651566,-0.277379,9.71305,1.40603,-0.63,-0.56,-0.49,-31.683,-36.94,0.0574628,1014.46
651572,-0.234338,9.71784,1.36298,-0.98,-0.14,-0.21,-31.8262,-37.1715,-0.82152,1014.46
651578,-0.263032,9.70349,1.38211,0.21,-0.63,-0.7,-31.9981,-36.3902,-0.254434,1014.46
651584,-0.286944,9.71305,1.42516,-0.07,0.07,-0.7,-32.7142,-37.3741,-1.64379,1014.46
651590,-0.277379,9.7561,1.39168,-0.35,-0.63,-0.7,-32.17,-38.0976,-1.23266,1014.45
651596,-0.35868,9.72262,1.48254,0.07,-0.14,-0.28,-31.9694,-36.5059,-0.141017,1014.45
651602,-0.315638,9.76088,1.41081,0.56,-0.35,-0.56,-32.0267,-35.9272,0.4686,1014.45
651608,-0.286944,9.77523,1.37255,0.14,0.14,-0.42,-31.6543,-37.2873,-1.13342,1014.47
651614,-0.272597,9.73697,1.3582,0.63,0.21,17.78,-32.4278,-36.9979,-0.254434,1014.47
651620,-0.296509,9.74653,1.37733,-0.14,0.07,-0.35,-32.2559,-36.0719,0.0574628,1014.43
651626,-0.248685,9.71305,1.44428,0.07,-0.21,-0.07,-31.3965,-37.3741,1.17746,1014.43
651632,-0.229555,9.66045,1.42037,0.98,0.07,17.43,-32.2272,-37.3162,-1.10506,1014.43
651638,-0.210426,9.65567,1.41081,0.63,-0.07,-0.28,-31.4251,-35.985,0.0999942,1014.43
651644,-0.267814,9.65567,1.45863,0.56,0.49,-0.63,-32.0267,-37.0847,0.681257,1014.45
651650,-0.248685,9.65088,1.40124,1.47,-0.49,-1.05,-30.7376,-38.2423,-0.452914,1014.45
651656,-0.282162,9.69871,1.38211,1.05,0.63,-1.19,-30.5657,-37.1137,-0.934937,1014.42
651662,-0.224773,9.7274,1.31516,0.28,0.14,-0.98,-31.7116,-36.7374,0.27012,1014.42
651668,-0.306074,9.70827,1.36298,0.98,1.12,-1.47,-31.0814,-38.6185,-0.240257,1014.47
651674,-0.35868,9.79914,1.31516,0.77,-0.28,-1.19,-31.7116,-37.2873,0.0999942,1014.47
651680,-0.253467,9.82783,1.26734,0.21,-0.56,-0.42,-31.1673,-36.7953,0.312651,1014.47
651686,-0.25825,9.76566,1.29125,-0.07,-0.35,-0.91,-31.7689,-38.0976,-0.112663,1014.46
651692,-0.392157,9.87566,1.30081,-0.14,-0.35,-0.49,-31.4824,-38.0108,-0.651394,1014.46
651698,-0.35868,9.92348,1.25299,-0.84,0.28,0.14,-30.9954,-36.6217,0.908091,1014.46
651704,-0.291726,9.88044,1.26734,-0.77,0.21,17.78,-32.2845,-36.7953,0.284297,1014.46
651710,-0.286944,9.76088,1.37733,-1.19,0.7,0.42,-31.3106,-37.6346,-0.679749,1014.45
651716,-0.396939,9.71784,1.51602,-0.98,0.28,0.49,-31.8262,-37.1426,0.440246,1014.45
651722,-0.334768,9.74175,1.4682,-0.14,0.56,0.7,-31.3392,-36.8821,1.31923,1014.46
651728,-0.315638,9.76088,1.40603,-0.35,-0.21,0.84,-32.084,-38.3291,0.142526,1014.46
651734,-0.229555,9.7561,1.38211,-1.12,-0.14,0.77,-31.6543,-37.7503,-0.864051,1014.47
651740,-0.282162,9.66523,1.5208,0.28,-0.42,0.7,-32.1986,-37.1426,0.0716399,1014.47
651746,-0.263032,9.69392,1.48254,0.49,-0.07,0.56,-30.9954,-37.8082,0.454423,1014.46
651752,-0.23912,9.74653,1.33907,-0.07,0.7,0.42,-31.4251,-38.3001,-0.240257,1014.46
651758,-0.210426,9.69871,1.34864,0.07,0.49,0.07,-31.7976,-36.477,-0.62304,1014.46
651764,-0.267814,9.63175,1.44907,0.42,0.42,0,-31.3392,-36.6796,-0.22608,1014.45
651770,-0.291726,9.68436,1.46341,0.98,-0.14,0.07,-31.7403,-37.6635,0.582017,1014.45
651776,-0.263032,9.76566,1.34864,0.42,0.07,0.14,-31.7976,-36.5349,0.0291085,1014.44
651782,-0.21999,9.76566,1.27212,0.42,-0.21,-0.21,-31.0814,-36.9111,0.326829,1014.44
651788,-0.21999,9.71784,1.33907,-0.35,0.56,-0.21,-31.8835,-37.9818,-1.17595,1014.42
651794,-0.267814,9.70349,1.34864,0.14,0.42,-0.35,-31.7403,-37.0268,-0.679749,1014.42
651800,-0.243902,9.72262,1.31994,-0.28,0.56,-0.42,-30.8236,-35.8982,-0.183549,1014.43
651806,-0.196078,9.70827,1.33907,-0.77,-0.14,-1.05,-31.3965,-37.6346,-0.367851,1014.43
651812,-0.25825,9.70827,1.3582,-0.35,-0.07,-0.77,-31.7403,-38.0397,-1.23266,1014.43
651818,-0.277379,9.79436,1.29125,-1.12,-0.21,-0.63,-31.6543,-36.6506,0.624548,1014.43
651824,-0.368245,9.83261,1.29125,-1.4,0.35,-0.56,-31.8548,-36.7085,-0.12684,1014.44
651830,-0.411286,9.86609,1.38211,-1.12,-0.35,0,-31.3106,-37.7214,-1.50202,1014.44
651836,-0.344333,9.76088,1.40603,-1.26,0.42,-0.42,-31.3392,-37.2294,0.610371,1014.44
651842,-0.33955,9.77044,1.41081,-1.12,0.49,0.35,-31.6257,-36.9111,0.298474,1014.44
651848,-0.33955,9.78957,1.43472,-0.84,0.7,0.84,-31.4824,-38.0397,-0.934937,1014.44
651854,-0.296509,9.73218,1.4682,-0.98,0.28,0.56,-31.1387,-37.7793,-0.991646,1014.47
651860,-0.301291,9.57915,1.60689,0,-0.14,0.56,-31.597,-36.7085,0.411891,1014.47
651866,-0.267814,9.63175,1.53037,0.98,-0.35,0.63,-31.7116,-37.8371,0.0149313,1014.46
651872,-0.243902,9.65567,1.45385,0.84,0.07,0.49,-31.1673,-38.0976,-0.197726,1014.46
651878,-0.205643,9.65088,1.44907,0.98,0.42,0.28,-31.7976,-36.94,0.213411,1014.45
651884,-0.234338,9.6461,1.42516,1.26,0.21,17.78,-31.7689,-36.7953,-0.566332,1014.45
651890,-0.234338,9.67958,1.39646,1.05,0.35,-0.21,-31.597,-38.0397,-0.92076,1014.44
651896,-0.215208,9.69871,1.32951,1.12,0,-0.07,-32.17,-36.8243,-0.5238,1014.44
651902,-0.205643,9.73218,1.3056,0.21,0.14,-0.77,-31.5397,-36.477,-0.0559544,1014.47
651908,-0.23912,9.7274,1.28647,-0.21,0,-0.98,-31.3392,-37.3452,-1.44531,1014.47
651914,-0.25825,9.7274,1.34385,-0.07,0.28,-0.77,-31.4251,-37.5767,-0.72228,1014.45
651920,-0.248685,9.71784,1.33429,-0.21,0,-0.77,-31.7689,-35.9272,-0.5238,1014.45
651926,-0.267814,9.72262,1.34385,-0.28,0.14,-0.63,-32.0267,-37.5188,-0.197726,1014.45
651932,-0.296509,9.70349,1.39646,-0.42,-0.35,-0.77,-32.2272,-37.6346,-0.367851,1014.45
651938,-0.329986,9.70349,1.43472,-0.14,-0.14,-1.05,-32.084,-37.0847,0.624548,1014.45
651944,-0.33955,9.77044,1.40603,-0.14,-0.7,-0.49,-31.7689,-37.1715,-0.282789,1014.44
651950,-0.286944,9.74175,1.40124,0,-0.21,-0.56,-31.7403,-38.2712,-0.878229,1014.44
651956,-0.310856,9.70827,1.4682,-0.56,-0.28,-0.63,-31.3392,-37.1426,-0.750634,1014.45
651962,-0.33955,9.67001,1.6021,0.84,-0.07,-0.42,-31.196,-36.2165,-0.906583,1014.45
651968,-0.37781,9.70349,1.56863,1.4,-0.77,-0.35,-31.7689,-37.7503,-1.23266,1014.46
651974,-0.33955,9.79914,1.3869,1.05,-0.63,-0.49,-31.5111,-37.5767,-1.09089,1014.46
651980,-0.253467,9.8374,1.28647,0.63,-0.63,0.14,-31.3106,-36.8821,0.582017,1014.46
651986,-0.253467,9.74653,1.33907,0.28,-0.21,-0.63,-31.3392,-37.7503,-0.438737,1014.46
651992,-0.291726,9.6461,1.46341,0.35,-0.42,-0.21,-31.3392,-38.1265,-1.17595,1014.42
651998,-0.234338,9.63654,1.44907,0.56,0,-0.42,-31.597,-36.7664,-0.878229,1014.42
652004,-0.21999,9.6461,1.42516,0.84,-0.07,-0.91,-31.2533,-36.6217,-0.750634,1014.42
652010,-0.23912,9.63175,1.4395,1.4,-0.14,-0.84,-30.7663,-38.358,-1.85645,1014.45
652016,-0.229555,9.65088,1.4395,1.26,-0.91,-1.33,-31.0241,-36.8243,0.610371,1014.45
652022,-0.25825,9.6748,1.40603,1.33,-0.84,-1.82,-31.7976,-36.4191,-0.82152,1014.49
652028,-0.272597,9.67958,1.40603,1.33,-1.19,-1.4,-32.4564,-37.7503,-1.95569,1014.49
652034,-0.310856,9.74653,1.39168,1.68,-0.28,-1.54,-31.2533,-37.403,-0.864051,1014.45
652040,-0.320421,9.81827,1.33907,1.4,-0.63,-1.33,-31.597,-36.6217,0.511131,1014.45
652046,-0.282162,9.85174,1.25299,0.98,-0.63,-1.05,-31.597,-37.895,0.383537,1014.43
652052,-0.329986,9.85653,1.24342,0.21,-0.63,-1.05,-31.6543,-37.8661,-0.963291,1014.43
652058,-0.363462,9.86609,1.32951,0,-0.98,-0.98,-31.3106,-35.985,-0.0276001,1014.45
652064,-0.35868,9.81827,1.34385,0.07,-0.7,-0.49,-31.597,-37.1715,-1.27519,1014.45
652070,-0.329986,9.84218,1.34864,-0.56,-0.84,-0.14,-32.0267,-37.3452,-1.48785,1014.43
652076,-0.349115,9.78957,1.39168,-0.21,-0.28,0,-31.5397,-36.6506,0.56784,1014.43
652082,-0.33955,9.78479,1.42037,0,-0.49,0.28,-31.196,-36.6506,-0.750634,1014.44
652088,-0.329986,9.73218,1.4682,-0.07,0.07,0.21,-31.3965,-38.6474,-0.906583,1014.44
652094,-0.301291,9.71784,1.47298,0.35,0.14,0.21,-31.5684,-37.6056,-0.835697,1014.44
652100,-0.310856,9.70827,1.43472,0.91,-0.28,0.07,-32.17,-35.6667,-0.396206,1014.44
652106,-0.234338,9.7274,1.3869,0.14,-0.14,0.14,-31.8262,-37.6635,-0.637217,1014.44
652112,-0.291726,9.68436,1.41559,0.07,-0.07,0.28,-31.7116,-38.0397,-0.679749,1014.46
652118,-0.267814,9.66045,1.43472,0.84,0,17.85,-32.0554,-36.2165,0.638726,1014.46
652124,-0.253467,9.65088,1.45385,0.42,-0.42,-0.42,-31.9408,-36.2455,0.128348,1014.47
652130,-0.272597,9.66523,1.41081,0.91,-0.56,-0.28,-31.4824,-37.1426,-1.09089,1014.47
652136,-0.224773,9.66045,1.39168,1.47,-0.56,-1.26,-30.5085,-37.0268,-0.169371,1014.46
652142,-0.224773,9.69871,1.34864,0.49,-0.21,-0.91,-31.7116,-35.8693,-0.339497,1014.46
652148,-0.263032,9.68914,1.3582,0.84,0.49,-0.91,-32.0267,-36.8243,-0.750634,1014.45
652154,-0.263032,9.66523,1.36777,0.91,-0.42,-1.75,-31.196,-37.4609,-0.5238,1014.45
652160,-0.243902,9.67958,1.39168,0.35,0.21,-1.47,-30.8236,-36.5059,-0.339497,1014.49
652166,-0.310856,9.69871,1.39646,0.56,-0.77,-1.4,-31.8835,-37.3162,-2.09746,1014.49
652172,-0.282162,9.69871,1.37733,0.98,-0.7,-1.82,-30.7663,-37.9529,-1.27519,1014.49
652178,-0.315638,9.75131,1.36777,0.21,-0.7,-1.33,-31.2246,-36.0429,0.17088,1014.45
652184,-0.33955,9.75131,1.40124,0.56,0.07,-0.98,-31.11,-36.9111,-0.0134229,1014.45
652190,-0.37781,9.78957,1.41081,0.77,-0.7,-1.4,-31.196,-37.7503,-1.10506,1014.41
652196,-0.277379,9.74175,1.39168,0.42,0.14,-0.84,-31.7976,-36.3902,-0.708103,1014.41
652202,-0.296509,9.74175,1.36777,0.7,-0.49,-1.05,-31.3679,-36.5059,-0.112663,1014.42
652208,-0.334768,9.73218,1.39646,1.05,-0.28,-1.12,-30.709,-37.7214,-1.03418,1014.42
652214,-0.320421,9.7561,1.35342,0.77,-0.42,-0.35,-31.2533,-37.432,0.695434,1014.43
652220,-0.320421,9.77523,1.36777,0.63,-0.35,-0.49,-31.3965,-36.1876,-0.32532,1014.43
652226,-0.296509,9.67958,1.37733,0.28,-0.56,-0.98,-31.8835,-37.4609,-0.62304,1014.44
652232,-0.286944,9.67958,1.41081,0.35,0.14,-0.42,-32.1127,-38.3001,-1.41696,1014.44
652238,-0.267814,9.67958,1.44428,0.7,-0.56,-1.54,-31.8548,-36.5928,-0.42456,1014.44
652244,-0.291726,9.67001,1.44907,0.7,-0.21,-0.7,-31.597,-36.7374,0.397714,1014.44
652250,-0.325203,9.70349,1.40603,1.26,-0.84,-1.12,-31.4251,-37.8371,-1.43114,1014.44
652256,-0.320421,9.73218,1.34385,0.77,-0.49,-1.33,-31.9408,-37.1715,-0.0984858,1014.48
652262,-0.349115,9.77044,1.3869,0.91,-0.98,-1.12,-31.6257,-36.3323,0.709611,1014.48
652268,-0.301291,9.71305,1.41559,0.7,-0.21,-1.05,-31.8548,-37.8371,0.114171,1014.45
652274,-0.334768,9.73218,1.42516,0.98,0.07,-0.98,-32.5424,-37.1137,-0.141017,1014.45
652280,-0.368245,9.84218,1.31994,0.49,0.07,-1.05,-30.9382,-35.8403,0.950623,1014.45
652286,-0.373027,9.88522,1.24821,-0.42,-0.21,-0.63,-32.0267,-37.4899,0.66708,1014.45
652292,-0.35868,9.79914,1.34864,-0.07,-0.7,-0.56,-31.7976,-38.0976,0.681257,1014.47
652298,-0.37781,9.81349,1.30081,0.49,-0.91,17.22,-31.196,-36.9979,0.17088,1014.47
652304,-0.349115,9.88044,1.25777,-0.35,-0.56,0.14,-32.3418,-36.7664,1.17746,1014.45
652310,-0.329986,9.76566,1.33907,-0.63,-0.21,0.14,-31.8262,-38.358,-0.552154,1014.45
652316,-0.263032,9.70349,1.42037,0,-0.28,-17.85,-31.4538,-37.0558,1.04986,1014.43
652322,-0.282162,9.63654,1.53515,0.35,0.21,-0.14,-31.5684,-37.6056,0.440246,1014.43
652328,-0.286944,9.63654,1.48733,0.7,0.35,-0.42,-32.1986,-37.4899,-0.778989,1014.45
652334,-0.329986,9.68436,1.44907,0.84,0.35,-0.42,-32.1413,-37.7793,0.86556,1014.45
652340,-0.306074,9.66523,1.44428,0.49,0.28,-0.35,-32.1986,-36.94,1.82961,1014.45
652346,-0.296509,9.66523,1.44428,1.33,-0.42,-0.91,-32.0267,-37.8661,-0.240257,1014.46
652352,-0.306074,9.68914,1.42994,1.12,-0.28,-1.05,-31.5111,-37.8661,-1.53038,1014.46
652358,-0.272597,9.68914,1.39646,1.33,-0.42,-1.05,-31.9121,-36.5349,0.4686,1014.44
652364,-0.263032,9.68914,1.39646,1.19,0.21,-1.19,-32.084,-36.7085,-0.495446,1014.44
652370,-0.253467,9.67958,1.39646,1.75,-0.49,-1.82,-31.7689,-38.6474,-0.169371,1014.45
652376,-0.263032,9.71784,1.31994,1.26,0,-1.75,-31.7689,-37.3162,0.4686,1014.45
652382,-0.329986,9.74653,1.28168,0.63,-0.14,-1.61,-31.9408,-36.2455,1.51771,1014.45
652388,-0.353898,9.77044,1.27212,0.98,0.14,-1.26,-31.9694,-38.1265,-0.566332,1014.45
652394,-0.373027,9.75131,1.32951,0.98,-0.91,-1.54,-31.683,-37.2005,-0.991646,1014.46
652400,-0.35868,9.84218,1.28647,0.35,-0.21,-1.19,-31.5111,-36.477,2.19821,1014.46
652406,-0.435198,9.93304,1.21473,0.07,-0.91,-0.98,-31.7689,-37.895,1.17746,1014.47
652412,-0.349115,9.87087,1.26734,-0.7,-0.21,-1.05,-31.7403,-37.6346,-0.764811,1014.47
652418,-0.320421,9.70349,1.43472,-0.42,-0.42,-0.98,-31.683,-37.0268,1.33341,1014.47
652424,-0.353898,9.71305,1.45385,-0.14,-0.28,-0.98,-31.3965,-36.477,0.723788,1014.47
652430,-0.344333,9.74653,1.41081,-0.14,-0.42,-0.56,-32.1986,-38.4159,-0.864051,1014.47
652436,-0.33955,9.76088,1.35342,-0.28,-0.42,-0.14,-32.2845,-36.8821,-0.0843086,1014.44
652442,-0.306074,9.78001,1.38211,0.07,-0.28,-0.49,-31.6257,-37.0558,1.54606,1014.44
652448,-0.349115,9.70349,1.44907,0.42,-0.07,-0.35,-31.9694,-38.387,0.128348,1014.45
652454,-0.325203,9.68914,1.48254,0.28,0.21,-0.35,-31.2246,-37.9239,0.397714,1014.45
652460,-0.320421,9.70827,1.44907,1.4,0.42,-0.42,-31.6543,-36.7953,1.23417,1014.42
652466,-0.310856,9.72262,1.41081,0.84,-0.21,-0.84,-31.4251,-37.6346,-0.0417772,1014.42
652472,-0.353898,9.69392,1.41559,0.49,-0.35,-0.42,-31.2533,-37.6346,-1.37443,1014.44
652478,-0.296509,9.70827,1.39168,0.98,-0.07,-0.77,-30.9382,-36.7085,1.07822,1014.44
652484,-0.277379,9.77044,1.32472,1.19,-0.14,-0.91,-30.9095,-36.5928,-0.906583,1014.43
652490,-0.306074,9.73697,1.31994,0.7,0.42,-0.63,-30.9382,-38.1555,-1.06253,1014.43
652496,-0.33955,9.73697,1.32472,0.77,0.21,-0.91,-31.7976,-37.0558,-0.32532,1014.45
652502,-0.329986,9.74175,1.31038,0.35,0.28,-1.05,-31.9408,-36.5059,1.29087,1014.45
652508,-0.363462,9.75131,1.32951,0.14,-0.28,-0.7,-31.4251,-37.8661,-0.438737,1014.45
652514,-0.392157,9.79436,1.33429,0.49,-0.14,-0.7,-31.6543,-37.6924,0.56784,1014.48
652520,-0.435198,9.8374,1.33907,0.07,-0.7,-0.42,-31.3106,-36.2165,1.37594,1014.48
652526,-0.396939,9.79436,1.28647,-0.21,0.28,-0.07,-32.2272,-37.1715,0.652903,1014.48
652532,-0.382592,9.8087,1.31994,-0.21,-0.42,-17.71,-32.0267,-37.6056,-0.62304,1014.48
652538,-0.368245,9.77523,1.37733,-0.28,0.56,0.49,-32.1127,-36.8532,0.638726,1014.43
652544,-0.406504,9.72262,1.4395,0,0.21,0.35,-31.6257,-37.2294,1.12075,1014.43
652550,-0.416069,9.70349,1.44907,0,0.14,0.35,-31.7976,-38.5317,-0.764811,1014.46
652556,-0.286944,9.71784,1.37733,0,-0.35,0.63,-31.7403,-36.94,-0.410383,1014.46
652562,-0.315638,9.67001,1.44907,0.7,-0.35,0.14,-31.6257,-36.3034,0.496954,1014.45
652568,-0.25825,9.6461,1.48254,0.14,-0.14,0.07,-31.597,-38.1555,-0.296966,1014.45
652574,-0.282162,9.62697,1.47776,0.77,0.07,-0.07,-30.9382,-38.358,-0.452914,1014.47
652580,-0.272597,9.64132,1.4395,0.98,-0.07,-0.14,-31.6257,-36.7953,-0.367851,1014.47
652586,-0.320421,9.68914,1.39168,1.26,0.14,-0.35,-31.3965,-37.7503,0.0149313,1014.47
652592,-0.291726,9.70827,1.3869,1.05,-0.14,-0.63,-31.8835,-37.7214,-0.72228,1014.47
652598,-0.325203,9.69871,1.41081,1.26,-0.14,-0.63,-32.1986,-36.9111,1.29087,1014.47
652604,-0.329986,9.73697,1.35342,1.26,-0.42,-0.7,-31.7403,-36.4191,1.06404,1014.47
652610,-0.306074,9.74653,1.2769,0.84,-0.07,-0.77,-31.7403,-37.7214,-1.04835,1014.47
652616,-0.310856,9.7561,1.3056,0.7,0.28,-0.42,-31.5684,-37.3741,-1.40278,1014.47
652622,-0.325203,9.77044,1.29125,0.35,0,-0.84,-31.5111,-37.2584,0.0574628,1014.47
652628,-0.37781,9.79914,1.28647,-0.28,0.56,-0.77,-31.9121,-38.1844,-0.467091,1014.47
652634,-0.444763,9.84218,1.30081,-0.49,-0.42,-0.14,-32.0267,-37.6056,-1.65797,1014.47
652640,-0.439981,9.85174,1.31994,-1.05,0.14,17.57,-32.1127,-37.0268,0.199234,1014.44
652646,-0.401722,9.80392,1.39168,-0.49,-0.56,0.21,-31.8835,-37.0268,0.794674,1014.44
652652,-0.449546,9.85653,1.36298,0.21,-0.07,0.77,-31.3965,-38.0976,0.610371,1014.45
652658,-0.435198,9.84696,1.3056,-0.63,-0.14,0.7,-31.7976,-36.6506,0.553663,1014.45
652664,-0.382592,9.84218,1.37255,-1.12,0.28,1.12,-31.9694,-36.5638,-0.183549,1014.45
652670,-0.411286,9.76088,1.42516,-0.28,-0.07,1.61,-31.4251,-38.2423,-0.580509,1014.47
652676,-0.329986,9.79436,1.39168,-0.63,0.14,1.33,-31.4251,-38.0108,-0.665572,1014.47
652682,-0.286944,9.69392,1.42037,-0.28,0,1.47,-32.6856,-36.9111,0.752143,1014.45
652688,-0.301291,9.66523,1.46341,0.14,0.21,1.33,-32.1413,-37.8082,-1.06253,1014.45
652694,-0.277379,9.60306,1.49689,0.63,0.14,0.98,-31.7689,-37.6346,-0.296966,1014.46
652700,-0.286944,9.62219,1.45863,0.56,0.63,0.56,-31.9694,-36.7664,0.426068,1014.46
652706,-0.25825,9.65088,1.3869,0.42,0.63,0.35,-32.1127,-37.5477,0.156703,1014.44
652712,-0.277379,9.66045,1.40124,0.91,0.28,0.07,-31.4251,-38.1555,-0.240257,1014.44
652718,-0.291726,9.66045,1.41559,1.33,0.49,0.28,-32.1986,-37.0268,1.13493,1014.45
652724,-0.296509,9.63175,1.39168,0.91,-0.14,-0.63,-31.2533,-37.432,0.383537,1014.45
652730,-0.272597,9.69392,1.37255,1.19,-0.21,-0.28,-32.2559,-38.4738,-0.211903,1014.48
652736,-0.296509,9.69871,1.3056,0.98,-0.35,-0.7,-32.17,-37.7503,0.000754159,1014.48
652742,-0.277379,9.73218,1.34385,0.84,-0.14,-0.63,-31.9694,-37.3162,0.0574628,1014.44
652748,-0.334768,9.73697,1.3582,0.77,0,-0.28,-31.9408,-37.9239,-0.410383,1014.44
652754,-0.349115,9.74175,1.37255,1.19,-0.28,-0.42,-32.4564,-37.9818,-0.552154,1014.44
652760,-0.353898,9.77044,1.34864,0.56,-0.21,-0.49,-31.9121,-36.7953,0.199234,1014.46
652766,-0.368245,9.8087,1.31516,0.63,-0.07,-0.07,-31.6257,-37.7793,0.681257,1014.46
652772,-0.373027,9.80392,1.32472,0.42,-0.07,-0.42,-31.2819,-38.4159,-0.452914,1014.46
652778,-0.382592,9.78001,1.32951,0.49,-0.07,-0.21,-31.7976,-36.8821,0.185057,1014.46
652784,-0.396939,9.7561,1.38211,0.28,-0.14,0.42,-31.3965,-36.6506,0.0716399,1014.47
652790,-0.396939,9.78001,1.34864,0.07,-0.07,0.56,-31.9981,-37.8082,-0.353674,1014.47
652796,-0.282162,9.7274,1.36777,-0.21,-0.14,0.28,-31.7976,-37.5767,0.255943,1014.46
652802,-0.301291,9.67001,1.42037,0.42,-0.07,0.77,-32.17,-36.0719,0.794674,1014.46
652808,-0.282162,9.66045,1.44428,0.42,-0.21,-0.07,-31.7976,-37.4609,0.355183,1014.46
652814,-0.291726,9.66523,1.42516,0.35,-0.07,-0.28,-31.9981,-39.0526,-1.14759,1014.46
652820,-0.301291,9.69392,1.37255,0.56,-0.21,-17.92,-31.8262,-36.7953,0.284297,1014.45
652826,-0.306074,9.70349,1.39168,0.56,0.14,-0.21,-32.0554,-36.7374,0.454423,1014.45
652832,-0.272597,9.70349,1.40124,0.84,0.49,-0.35,-31.3106,-38.0108,0.326829,1014.45
652838,-0.291726,9.71305,1.36298,0.84,0.42,-17.85,-31.1387,-37.1715,0.241766,1014.42
652844,-0.325203,9.76566,1.34385,0.84,0.14,-0.49,-31.7403,-36.5928,0.213411,1014.42
652850,-0.325203,9.78957,1.29125,0.07,-0.35,-0.56,-31.7689,-37.2584,-1.50202,1014.43
652856,-0.310856,9.74653,1.36298,0.35,-0.28,17.57,-31.5397,-36.94,-0.906583,1014.43
652862,-0.353898,9.76088,1.34864,0.14,-0.21,-0.42,-31.6257,-36.5928,0.76632,1014.43
652868,-0.33955,9.7561,1.31516,0,-0.07,-0.77,-31.11,-37.9818,-0.438737,1014.43
652874,-0.325203,9.7561,1.32472,-0.07,0.07,-0.35,-31.8835,-37.895,-0.0417772,1014.43
652880,-0.334768,9.68914,1.37255,-0.28,0.35,-0.42,-31.9981,-36.477,0.383537,1014.43
652886,-0.425634,9.73218,1.43472,0.28,-0.35,0,-31.3965,-37.8371,-0.651394,1014.47
652892,-0.387374,9.7561,1.42037,-0.07,-0.14,0,-31.8835,-38.5317,-0.112663,1014.47
652898,-0.325203,9.73697,1.42037,0.77,-0.49,-0.07,-31.6257,-36.969,0.114171,1014.4
652904,-0.334768,9.74653,1.36777,0.49,0.14,0.28,-31.683,-37.3452,-0.0276001,1014.4
652910,-0.33955,9.77523,1.36298,0.28,-0.14,0.07,-31.7976,-38.3001,-0.155194,1014.4
652916,-0.363462,9.76088,1.37733,0.07,0.35,0.07,-32.17,-38.358,-0.240257,1014.45
652922,-0.310856,9.7561,1.34864,0.14,0.21,0.49,-31.4824,-36.1876,0.553663,1014.45
652928,-0.296509,9.70827,1.39168,0.56,0,0.07,-31.1673,-38.0397,0.298474,1014.47
652934,-0.291726,9.70827,1.37733,0.35,-0.21,0,-32.6569,-38.7053,0.496954,1014.47
652940,-0.320421,9.68914,1.39168,0.28,0.28,0.28,-32.1986,-36.8821,0.950623,1014.46
652946,-0.301291,9.69392,1.37255,0.91,-0.07,17.64,-31.1387,-37.3162,0.17088,1014.46
652952,-0.272597,9.70349,1.36777,0.14,0.84,-0.07,-31.3679,-37.9818,0.000754159,1014.43
652958,-0.277379,9.69871,1.40124,0.28,-0.07,-0.07,-32.3418,-36.6796,0.539486,1014.43
652964,-0.310856,9.75131,1.33907,0.35,-0.21,-0.63,-31.7116,-36.3902,0.4686,1014.47
652970,-0.329986,9.76566,1.31038,0.14,-0.28,-0.35,-31.6543,-38.3001,-0.410383,1014.47
652976,-0.329986,9.74653,1.36777,0.28,0.14,-0.07,-31.7116,-37.6635,0.284297,1014.45
652982,-0.344333,9.72262,1.3582,0.35,0.07,-0.35,-31.3679,-36.8243,1.23417,1014.45
652988,-0.344333,9.7561,1.35342,0.07,0.14,-0.56,-31.6257,-37.6056,-0.353674,1014.45
652994,-0.33955,9.73697,1.37255,-0.21,-0.21,-0.14,-31.2819,-37.6635,-0.72228,1014.45
653000,-0.329986,9.7274,1.3869,-0.14,0.07,17.78,-32.4851,-36.3612,1.16328,1014.45
653006,-0.349115,9.74175,1.39168,-0.07,-0.63,0.21,-31.8262,-37.6346,-0.169371,1014.45
653012,-0.37781,9.73218,1.44428,0.35,-0.21,0.42,-30.8522,-38.1844,-1.31772,1014.45
653018,-0.37781,9.76088,1.40603,0.21,-0.56,0.35,-31.3392,-37.432,-0.693926,1014.45
653024,-0.349115,9.73697,1.36777,0.56,0.49,0.63,-31.597,-35.8403,0.085817,1014.45
653030,-0.301291,9.70827,1.40603,0.56,0.28,0.49,-30.9095,-37.8661,1.29087,1014.45
653036,-0.320421,9.68914,1.50646,0.56,0.7,0.28,-30.8809,-37.1715,1.16328,1014.45
653042,-0.33955,9.71305,1.41559,1.26,0.07,0.35,-31.597,-37.2294,0.66708,1014.44
653048,-0.368245,9.78957,1.31038,0.84,-0.35,0.84,-31.4538,-37.7793,-0.452914,1014.44
653054,-0.382592,9.82305,1.28168,0.91,-0.21,0.49,-31.11,-37.8371,0.0999942,1014.45
653060,-0.267814,9.80392,1.29125,0.56,0.07,0.35,-31.5111,-36.5928,0.17088,1014.45
653066,-0.23912,9.70349,1.34385,0.14,0.77,0.28,-31.2246,-37.0847,0.227588,1014.46
653072,-0.306074,9.69871,1.37255,0.98,0.07,0.42,-30.9668,-37.8661,-1.11924,1014.46
653078,-0.267814,9.75131,1.3056,0.42,0.56,0.21,-30.8809,-36.969,0.241766,1014.46
653084,-0.291726,9.74653,1.33429,-0.21,0,0,-31.8262,-37.1137,-0.12684,1014.43
653090,-0.325203,9.74175,1.34864,0.56,0.14,0.21,-31.6543,-38.387,-0.438737,1014.43
653096,-0.344333,9.74175,1.35342,0.07,0.56,-0.21,-31.4824,-37.5188,-0.396206,1014.46
653102,-0.363462,9.70827,1.39646,-0.21,0.21,0,-31.9408,-36.477,0.723788,1014.46
653108,-0.325203,9.68436,1.41081,0.56,0.56,0.21,-32.0554,-37.2584,-0.72228,1014.44
653114,-0.310856,9.70349,1.41081,0.42,0.21,-0.21,-31.2819,-37.2294,-1.06253,1014.44
653120,-0.406504,9.7274,1.38211,-0.14,-0.14,0.28,-31.3679,-36.5638,-0.594686,1014.46
653126,-0.416069,9.73697,1.42037,0.98,-0.35,0.28,-31.7976,-37.1715,-0.112663,1014.46
653132,-0.425634,9.82305,1.3582,0,0.07,0.77,-31.8262,-38.1265,-1.48785,1014.45
653138,-0.363462,9.81349,1.36777,0.28,0.7,0.7,-31.8548,-36.8243,-0.268611,1014.45
653144,-0.411286,9.78001,1.40124,1.05,0,1.12,-31.8262,-37.0847,0.823028,1014.47
653150,-0.267814,9.84218,1.29603,0.42,0.91,1.05,-31.5684,-38.0108,-1.00582,1014.47
653156,-0.344333,9.77523,1.37733,0.56,0.07,1.4,-31.4538,-36.6506,0.36936,1014.47
653162,-0.282162,9.73697,1.32472,0.28,0.91,1.26,-31.4538,-36.8821,0.681257,1014.46
653168,-0.272597,9.78479,1.3056,0,0.07,1.05,-31.8548,-37.6924,0.511131,1014.46
653174,-0.282162,9.73218,1.34864,0.14,-0.14,1.05,-31.9694,-37.432,-0.963291,1014.45
653180,-0.23912,9.74653,1.33429,-0.07,-0.14,0.42,-31.7689,-36.4191,0.0574628,1014.45
653186,-0.25825,9.69392,1.36298,-0.14,0.56,0.63,-32.084,-37.2005,-0.0134229,1014.46
653192,-0.277379,9.67958,1.3869,0,0.63,0.77,-32.1127,-38.3291,-0.32532,1014.46
653198,-0.23912,9.63654,1.41559,0,0.42,0.21,-32.1413,-36.6217,0.76632,1014.46
653204,-0.21999,9.60784,1.43472,0.14,0.56,-0.07,-31.4824,-36.3034,1.03569,1014.46
653210,-0.210426,9.5648,1.47776,0.42,-0.28,-0.49,-31.2246,-37.5767,-0.268611,1014.44
653216,-0.224773,9.58393,1.42994,1.19,-0.28,-0.98,-31.8262,-36.8532,-0.849874,1014.44
653222,-0.272597,9.61741,1.44428,1.19,-0.07,-1.19,-32.3705,-36.94,0.241766,1014.47
653228,-0.301291,9.71784,1.36777,0.98,0.35,-1.19,-31.683,-37.2873,-0.211903,1014.47
653234,-0.286944,9.74175,1.29603,1.4,0.14,-1.33,-32.3132,-37.7793,-0.552154,1014.42
653240,-0.35868,9.74653,1.3056,0.91,-0.49,-1.19,-31.7689,-36.0719,0.255943,1014.42
653246,-0.353898,9.77523,1.31994,0.84,-0.28,-0.98,-32.1127,-37.3741,0.326829,1014.42
653252,-0.368245,9.78957,1.35342,0.91,0,-1.05,-31.5111,-38.2712,0.993154,1014.42
653258,-0.282162,9.74175,1.33907,0.42,-0.56,-0.98,-31.5397,-36.7085,-0.382029,1014.42
653264,-0.310856,9.73697,1.35342,0.28,0.14,-0.98,-31.8548,-37.1426,1.53189,1014.45
653270,-0.320421,9.73218,1.36777,0.91,0.14,-0.91,-31.8835,-38.2423,-0.878229,1014.45
653276,-0.329986,9.70349,1.40603,0.98,0.21,-0.91,-31.9981,-37.3741,-0.0701315,1014.46
653282,-0.33955,9.68436,1.42516,1.33,-0.14,-0.84,-32.2845,-36.6506,-0.32532,1014.46
653288,-0.282162,9.71305,1.37733,1.61,-0.49,-1.19,-32.3705,-37.5188,-0.679749,1014.48
653294,-0.286944,9.70827,1.3582,1.19,0.35,-0.91,-31.8835,-38.0686,-0.467091,1014.48
653300,-0.349115,9.71305,1.39646,1.12,-0.07,-1.54,-30.9954,-37.2005,0.511131,1014.47
653306,-0.396939,9.7561,1.34864,1.96,0.14,-1.19,-31.9121,-37.1137,0.539486,1014.47
653312,-0.392157,9.79436,1.30081,1.68,-0.42,-0.98,-31.5684,-38.3291,-1.57291,1014.46
653318,-0.286944,9.8087,1.24342,0.56,-0.42,-0.91,-31.11,-36.9111,-0.155194,1014.46
653324,-0.344333,9.74175,1.34864,0.84,-0.49,-0.7,-31.683,-36.7953,-0.495446,1014.46
653330,-0.401722,9.78479,1.32472,1.12,-0.63,-0.49,-31.7689,-38.0976,-2.31012,1014.44
653336,-0.45911,9.84696,1.33907,0.63,-0.14,-0.56,-31.0527,-36.9979,-0.197726,1014.44
653342,-0.315638,9.77044,1.32951,0.21,-0.07,-0.21,-31.9121,-36.0719,1.1491,1014.45
653348,-0.282162,9.8087,1.31994,0.35,-0.07,-0.35,-31.9981,-37.8661,-0.240257,1014.45
653354,-0.296509,9.71784,1.41559,0.77,-0.21,-0.28,-32.0267,-38.0976,-1.67215,1014.45
653360,-0.320421,9.68914,1.42516,0.98,0.07,-0.21,-31.7403,-36.7664,-0.183549,1014.45
653366,-0.320421,9.68914,1.44428,1.33,-0.56,-0.42,-31.3965,-37.7793,-0.481269,1014.46
653372,-0.310856,9.71305,1.38211,0.91,0.28,-0.28,-31.0814,-38.0397,-0.495446,1014.46
653378,-0.296509,9.71784,1.36777,1.4,-0.07,-0.56,-31.5684,-37.2584,0.482777,1014.46
653384,-0.296509,9.71305,1.36298,1.19,0.28,-0.63,-31.2246,-36.5059,0.482777,1014.46
653390,-0.286944,9.69392,1.36298,1.33,-0.28,-0.77,-31.4538,-38.1265,-0.481269,1014.49
653396,-0.349115,9.68914,1.41081,1.54,-0.14,-0.91,-31.7403,-36.6796,-0.0134229,1014.49
653402,-0.349115,9.70349,1.3582,1.26,-0.42,-0.77,-31.2533,-36.8821,-1.44531,1014.49
653408,-0.296509,9.73218,1.3056,1.12,-0.07,-1.19,-32.2272,-37.6346,-1.37443,1014.45
653414,-0.310856,9.72262,1.33429,1.75,0,-0.84,-31.6257,-38.5606,-0.750634,1014.45
653420,-0.296509,9.74175,1.31038,0.91,0.21,-0.91,-31.6543,-37.432,0.695434,1014.45
653426,-0.334768,9.69871,1.33429,1.12,-0.28,-1.12,-31.4538,-37.403,-0.481269,1014.45
653432,-0.396939,9.77523,1.35342,0.98,-0.21,-0.77,-31.683,-37.8661,-0.72228,1014.48
653438,-0.454328,9.80392,1.35342,0.84,-0.21,-0.49,-31.5111,-36.5928,0.454423,1014.48
653444,-0.382592,9.87566,1.26255,0.98,-0.28,0.14,-31.9121,-36.3902,0.624548,1014.45
653450,-0.425634,9.87566,1.22429,0.49,0,0,-31.7403,-37.895,0.284297,1014.45
653456,-0.430416,9.89,1.23386,0.28,0.07,0.63,-31.3679,-37.2294,1.36176,1014.47
653462,-0.329986,9.78957,1.33429,-0.7,-0.42,0.91,-31.7116,-36.5059,0.539486,1014.47
653468,-0.286944,9.66045,1.43472,0.35,-0.42,0.63,-31.7403,-37.6056,0.681257,1014.45
653474,-0.243902,9.64132,1.44428,0.91,-0.28,0.35,-31.1387,-38.1555,0.341006,1014.45
653480,-0.291726,9.62697,1.4682,1.05,0.21,0.28,-31.7689,-36.7374,0.085817,1014.46
653486,-0.310856,9.70827,1.40603,1.47,0.07,-0.14,-31.3106,-36.7664,-0.240257,1014.46
653492,-0.286944,9.71784,1.33907,1.12,0.21,-0.28,-31.5684,-37.8082,-1.04835,1014.46
653498,-0.263032,9.70349,1.38211,1.33,-0.56,-0.14,-30.5371,-36.3612,0.610371,1014.46
653504,-0.296509,9.71305,1.31516,1.4,-0.35,-0.28,-31.7689,-37.2873,-0.0843086,1014.46
653510,-0.310856,9.75131,1.28647,0.84,-0.28,-0.35,-31.2246,-38.9657,-0.566332,1014.45
653516,-0.282162,9.74653,1.26255,0.56,0.28,-0.56,-31.4538,-36.7953,0.652903,1014.45
653522,-0.286944,9.73218,1.32472,0.63,0.21,-0.49,-32.0554,-36.9111,0.482777,1014.47
653528,-0.325203,9.72262,1.3056,0.77,0,-0.35,-31.3965,-37.1715,-0.0134229,1014.47
653534,-0.334768,9.75131,1.29603,0.56,-0.42,-0.49,-30.9382,-38.0108,-0.679749,1014.42
653540,-0.33955,9.74175,1.33429,0.14,-0.56,-0.56,-31.11,-37.2005,1.10657,1014.42
653546,-0.353898,9.71784,1.37733,0.63,-0.35,-0.42,-31.5397,-37.3741,0.355183,1014.45
653552,-0.406504,9.7561,1.36777,0.91,0.14,-0.49,-31.6257,-38.4448,-0.353674,1014.45
653558,-0.37781,9.78957,1.32951,0.42,0,-0.14,-31.5397,-37.2294,-0.580509,1014.44
653564,-0.363462,9.76566,1.29603,0.21,0.35,0,-31.196,-36.6506,0.808851,1014.44
653570,-0.325203,9.72262,1.32951,0.56,-0.28,0.14,-31.0241,-38.358,-0.0843086,1014.44
653576,-0.296509,9.68436,1.37255,0.77,-0.35,-0.28,-31.4824,-37.6924,-0.112663,1014.46
653582,-0.320421,9.69392,1.40124,0.63,0.14,0,-31.8262,-36.8821,1.06404,1014.46
653588,-0.306074,9.73697,1.32472,0.7,0.42,-0.28,-31.5397,-38.0108,-0.580509,1014.45
653594,-0.320421,9.69871,1.31516,0.63,0.35,-17.92,-30.8522,-38.4159,-0.934937,1014.45
653600,-0.296509,9.69392,1.37733,0.91,0,-0.07,-32.3991,-37.0268,-0.537977,1014.45
653606,-0.301291,9.70349,1.39168,1.19,-0.14,-0.56,-31.196,-37.6056,0.298474,1014.45
653612,-0.363462,9.73697,1.37733,1.12,0.07,-0.63,-30.5657,-38.5027,-0.5238,1014.44
653618,-0.353898,9.81349,1.22429,0.77,-0.28,-0.35,-31.5111,-37.4899,-1.34607,1014.44
653624,-0.363462,9.83261,1.24342,0.42,-0.28,-0.49,-32.1127,-36.8532,-0.12684,1014.44
653630,-0.344333,9.81349,1.26255,0.35,-0.35,-0.56,-31.3679,-38.358,-0.382029,1014.44
653636,-0.373027,9.8087,1.24821,-0.14,-0.56,-0.28,-31.4538,-37.895,0.298474,1014.46
653642,-0.349115,9.8374,1.25777,-0.42,-0.14,-0.07,-31.6257,-37.1137,0.27012,1014.46
653648,-0.329986,9.78479,1.33907,-0.7,-0.35,17.71,-31.0527,-37.9529,-0.62304,1014.46
653654,-0.334768,9.70827,1.37733,-0.14,-0.28,-0.14,-31.7116,-38.5895,-0.849874,1014.45
653660,-0.325203,9.69871,1.41081,-0.21,0.28,-0.21,-30.9382,-36.7085,-0.438737,1014.45
653666,-0.325203,9.6748,1.41559,0.49,0,-0.14,-31.7689,-37.6346,0.241766,1014.45
653672,-0.33955,9.71305,1.39168,0.7,-0.07,-0.35,-31.7116,-38.358,-0.62304,1014.45
653678,-0.33955,9.69392,1.3582,0.21,0,-0.49,-30.8236,-36.8243,-0.0134229,1014.44
653684,-0.310856,9.71784,1.34864,0.7,-0.07,-0.35,-31.2246,-37.1137,-0.0559544,1014.44
653690,-0.306074,9.69392,1.40124,0.84,-0.07,-0.56,-31.3965,-38.1844,-0.438737,1014.45
653696,-0.310856,9.68436,1.43472,1.19,-0.07,-0.42,-31.5111,-37.3741,-0.679749,1014.45
653702,-0.363462,9.69392,1.42994,1.61,-0.21,-0.07,-31.0241,-36.9979,-0.32532,1014.48
653708,-0.334768,9.78001,1.30081,1.47,-0.21,-0.14,-31.2533,-38.8789,-0.240257,1014.48
653714,-0.329986,9.77044,1.28168,0.49,-0.35,-0.56,-30.8809,-38.7632,0.128348,1014.46
653720,-0.35868,9.73697,1.28168,0.63,-0.21,-0.14,-31.8262,-37.0847,0.539486,1014.46
653726,-0.373027,9.76566,1.28168,0.63,-0.42,-0.42,-31.1673,-37.9529,1.16328,1014.44
653732,-0.344333,9.76088,1.32951,0.77,0.14,-0.49,-31.3392,-38.1265,-0.5238,1014.44
653738,-0.35868,9.80392,1.31038,0.07,-0.14,-17.64,-31.11,-37.1426,0.950623,1014.44
653744,-0.33955,9.78001,1.30081,0.14,0.28,-0.07,-31.6257,-36.969,0.553663,1014.48
653750,-0.349115,9.7561,1.31516,0,-0.35,-0.07,-31.2533,-38.1555,-0.736457,1014.48
653756,-0.349115,9.76088,1.34385,0.42,-0.21,0.21,-31.5684,-36.9979,-0.637217,1014.46
653762,-0.416069,9.74653,1.3056,-0.07,-0.28,0.21,-32.1127,-36.3902,0.128348,1014.46
653768,-0.325203,9.77044,1.31516,0,0.14,0.14,-31.5397,-37.4899,-1.36025,1014.47
653774,-0.306074,9.68914,1.37733,0,-0.35,0.49,-31.1673,-38.1844,-1.17595,1014.47
653780,-0.325203,9.67958,1.41081,0.42,0.14,0.07,-32.084,-35.7246,0.17088,1014.46
653786,-0.320421,9.69871,1.39646,0.21,-0.21,0.28,-31.3679,-37.2005,-0.268611,1014.46
653792,-0.272597,9.72262,1.34385,0.77,0.21,0,-31.5684,-38.1265,-1.2043,1014.48
653798,-0.315638,9.71305,1.37733,0.84,0.07,-0.14,-31.9408,-37.2005,0.241766,1014.48
653804,-0.277379,9.72262,1.36298,0.7,-0.21,-0.42,-32.0267,-37.2873,0.908091,1014.45
653810,-0.306074,9.69871,1.37255,0.42,-0.14,-0.07,-31.1673,-39.1973,0.36936,1014.45
653816,-0.296509,9.70349,1.36777,0.49,-0.35,-0.56,-31.3965,-37.1137,-0.0276001,1014.45
653822,-0.329986,9.74175,1.31994,0.49,0,-0.49,-31.196,-36.4481,-0.0276001,1014.44
653828,-0.325203,9.76566,1.24821,0.49,-0.14,-0.56,-30.8522,-38.5606,-0.169371,1014.44
653834,-0.325203,9.76088,1.2769,-0.07,0.35,-0.21,-31.4251,-38.1555,0.737966,1014.46
653840,-0.363462,9.75131,1.31038,-0.28,-0.49,-0.7,-31.683,-36.7085,0.411891,1014.46
653846,-0.33955,9.70827,1.33907,0.35,-0.07,-0.77,-31.6257,-37.8371,0.326829,1014.44
653852,-0.363462,9.7274,1.39168,-0.28,-0.21,-0.56,-31.2819,-38.7342,-0.5238,1014.44
653858,-0.37781,9.73218,1.36298,-0.21,0.28,-0.14,-31.3392,-36.7664,-0.949114,1014.44
653864,-0.368245,9.74653,1.37255,0.49,-0.21,0.07,-31.9408,-36.477,0.496954,1014.44
653870,-0.368245,9.76088,1.35342,0.21,0.35,0.14,-31.0241,-38.8789,-1.62962,1014.48
653876,-0.368245,9.74175,1.37255,0.21,-0.07,0.49,-31.2533,-37.5188,-1.13342,1014.48
653882,-0.349115,9.73697,1.35342,0.14,0.14,17.71,-31.7403,-36.9111,1.1491,1014.45
653888,-0.329986,9.74175,1.34864,0.35,0,0.28,-31.3679,-37.3452,0.539486,1014.45
653894,-0.310856,9.76088,1.36777,0.14,-0.42,0.49,-30.9095,-38.3291,-0.141017,1014.42
653900,-0.272597,9.73697,1.36777,0.49,-0.42,0,-31.3392,-36.6796,0.411891,1014.42
653906,-0.349115,9.78001,1.32951,0.35,-0.49,0.14,-30.9382,-37.6924,0.199234,1014.42
653912,-0.315638,9.80392,1.3056,0.07,0.28,0.28,-31.5684,-38.0397,-0.594686,1014.43
653918,-0.306074,9.76566,1.29125,0,0.07,0.42,-31.9121,-36.969,-0.240257,1014.43
653924,-0.253467,9.70827,1.34864,0.21,0.84,0.21,-31.3965,-36.9111,0.312651,1014.44
653930,-0.320421,9.69392,1.36777,0.07,-0.14,0.14,-31.4538,-39.2551,-1.31772,1014.44
653936,-0.291726,9.70349,1.32951,-0.42,0.84,17.71,-32.1127,-37.4609,-0.552154,1014.44
653942,-0.315638,9.68436,1.3869,0.07,0.07,0.35,-30.709,-36.6796,1.00733,1014.44
653948,-0.310856,9.68436,1.39646,0.28,-0.35,-0.49,-30.3652,-37.2584,0.383537,1014.45
653954,-0.353898,9.68436,1.3869,0.56,0.07,-17.92,-31.5684,-37.8371,0.185057,1014.45
653960,-0.344333,9.7274,1.37255,0.14,-0.21,-0.28,-31.3392,-36.969,1.07822,1014.45
653966,-0.33955,9.73697,1.35342,0.49,0.28,-0.21,-32.17,-37.5767,0.0716399,1014.45
653972,-0.349115,9.76088,1.35342,0.63,-0.07,-0.07,-31.4538,-38.6185,-0.552154,1014.44
653978,-0.373027,9.78957,1.31516,0.21,0.28,-0.42,-32.0267,-37.3452,-0.0417772,1014.44
653984,-0.349115,9.78001,1.30081,0.07,-0.28,0.14,-31.3392,-37.2584,0.596194,1014.44
653990,-0.37781,9.80392,1.29603,0,0.42,0.07,-31.7403,-38.2133,-0.778989,1014.47
653996,-0.387374,9.78001,1.35342,-0.56,-0.42,0.21,-31.1387,-37.2873,0.213411,1014.47
654002,-0.368245,9.78001,1.34385,-0.35,-0.42,0.28,-31.5111,-36.8821,1.21999,1014.45
654008,-0.320421,9.71305,1.3869,-0.21,-0.91,0,-30.9382,-38.2712,0.199234,1014.45
654014,-0.325203,9.69392,1.41081,0,-0.28,0.28,-30.9095,-38.0397,0.0432857,1014.43
654020,-0.35868,9.74653,1.36777,0.14,0,0.35,-31.5684,-36.3902,0.978977,1014.43
654026,-0.363462,9.78957,1.32951,0.42,-0.28,17.85,-30.8236,-37.6056,1.16328,1014.48
654032,-0.263032,9.71305,1.36298,-0.07,0.14,0.28,-31.3679,-38.3001,-0.452914,1014.48
654038,-0.315638,9.7561,1.3582,-0.14,0.21,-0.07,-31.3679,-36.94,0.879737,1014.47
654044,-0.325203,9.7274,1.37255,0.21,0.35,17.71,-30.9954,-36.2744,0.36936,1014.47
654050,-0.344333,9.74653,1.36298,-0.07,-0.07,0.21,-30.9095,-38.4448,0.0999942,1014.49
654056,-0.310856,9.76088,1.29603,-0.14,-0.28,0.21,-30.4798,-38.0686,-0.438737,1014.49
654062,-0.33955,9.72262,1.31516,-0.07,-0.28,-17.57,-31.2819,-36.3034,1.12075,1014.49
654068,-0.320421,9.71784,1.3869,-0.35,-0.07,0.35,-31.1673,-38.1555,-0.72228,1014.49
654074,-0.33955,9.67001,1.42516,-0.07,-0.07,0.28,-31.8262,-37.7503,-0.495446,1014.49
654080,-0.33955,9.70827,1.39168,0.42,0,-17.78,-31.597,-36.94,1.54606,1014.47
654086,-0.282162,9.72262,1.33429,0.28,-0.63,0.21,-31.2533,-37.7503,0.950623,1014.47
654092,-0.325203,9.68436,1.39646,0.14,-0.07,-0.14,-30.8809,-38.5027,-0.5238,1014.48
654098,-0.306074,9.67958,1.38211,0,-0.35,-0.07,-31.0241,-36.7374,0.17088,1014.48
654104,-0.301291,9.73218,1.39646,0,0.14,-0.07,-31.1673,-36.3323,0.17088,1014.43
654110,-0.320421,9.74175,1.33907,-0.07,-0.07,-0.14,-31.1387,-38.2712,-0.112663,1014.43
654116,-0.33955,9.73218,1.33907,-0.07,0.14,-0.14,-31.3106,-38.1555,0.0291085,1014.47
654122,-0.368245,9.74175,1.36777,0.07,-0.35,0,-31.3965,-35.9272,1.63113,1014.47
654128,-0.353898,9.72262,1.39646,0.21,0.35,0,-31.8835,-37.6924,-0.211903,1014.41
654134,-0.325203,9.67958,1.40603,0.56,0.35,0,-31.597,-38.5895,-1.47367,1014.41
654140,-0.301291,9.74653,1.35342,0.14,0.21,-0.14,-32.17,-36.5638,0.440246,1014.45
654146,-0.296509,9.73218,1.34385,0,-0.42,-0.35,-31.3106,-37.6635,0.525308,1014.45
654152,-0.310856,9.72262,1.34864,0.56,-0.21,-0.49,-30.7376,-38.1555,-1.11924,1014.45
654158,-0.334768,9.71784,1.35342,-0.07,-0.56,-0.91,-31.3679,-36.969,-0.878229,1014.41
654164,-0.320421,9.72262,1.31516,-0.35,-0.14,-0.35,-31.5684,-37.3162,-0.211903,1014.41
654170,-0.286944,9.73697,1.32472,0.14,-0.49,-0.77,-31.3965,-38.8789,-1.2043,1014.41
654176,-0.325203,9.70349,1.3582,-0.07,0,-0.49,-31.2533,-38.0686,-0.0559544,1014.41
654182,-0.306074,9.7274,1.36777,0,-0.21,-0.42,-31.9408,-37.0847,-0.112663,1014.45
654188,-0.382592,9.72262,1.33907,-0.14,0.14,-0.49,-31.4824,-38.387,0.695434,1014.45
654194,-0.315638,9.74175,1.37733,-0.35,-0.42,-0.63,-31.1387,-38.7342,-0.282789,1014.44
654200,-0.382592,9.71784,1.37255,0.35,-0.35,-0.14,-31.5397,-36.8243,1.74454,1014.44
654206,-0.37781,9.77044,1.33429,0.07,0,-0.28,-32.2845,-37.3741,0.227588,1014.46
654212,-0.353898,9.76566,1.36777,0.21,0,-0.07,-31.0814,-38.9368,0.426068,1014.46
654218,-0.33955,9.71784,1.40124,0.21,-0.63,-0.21,-31.1387,-37.432,-0.353674,1014.45
654224,-0.320421,9.74175,1.36298,0,-0.07,-0.35,-31.196,-37.2873,0.624548,1014.45
654230,-0.329986,9.71784,1.39646,-0.07,-0.77,-0.35,-31.5111,-38.2423,-0.82152,1014.45
654236,-0.344333,9.7274,1.40124,0,-0.21,-0.07,-31.7976,-38.1555,0.298474,1014.48
654242,-0.35868,9.73218,1.45385,0.21,-0.14,-17.92,-31.3392,-37.6056,0.539486,1014.48
654248,-0.382592,9.65567,1.5208,1.33,0.07,0.35,-31.3965,-38.3001,-0.12684,1014.47
654254,-0.444763,9.89,1.32951,0.56,-0.28,-0.07,-31.5111,-38.8789,-0.311143,1014.47
654260,-0.420851,9.92826,1.20516,0.49,-0.07,0.56,-31.3965,-36.5059,0.808851,1014.45
654266,-0.344333,9.95696,1.15734,-0.7,0,0.7,-31.597,-37.2873,-0.892406,1014.45
654272,-0.325203,9.77523,1.3056,-1.12,0,0.56,-30.709,-38.2423,-0.211903,1014.45
654278,-0.353898,9.67001,1.46341,-0.07,0,0.84,-30.5944,-36.94,-0.211903,1014.45
654284,-0.301291,9.70827,1.40603,-0.28,0.14,0.63,-31.8548,-36.6796,-0.778989,1014.44
654290,-0.310856,9.71784,1.36298,-0.7,0.21,0.7,-30.8809,-38.3001,-1.78557,1014.44
654296,-0.267814,9.69871,1.3869,-0.42,0.21,0.7,-31.9694,-38.3291,-0.452914,1014.43
654302,-0.277379,9.6461,1.42037,0,-0.07,0.21,-31.6543,-36.8821,-0.353674,1014.43
654308,-0.315638,9.67001,1.42994,0.14,0.07,0,-31.2819,-37.9239,-1.02,1014.43
654314,-0.320421,9.67958,1.36298,0.14,-0.14,0.07,-31.7689,-37.6924,-0.169371,1014.41
654320,-0.272597,9.68436,1.38211,-0.21,0.56,-0.35,-31.6543,-37.4899,0.851383,1014.41
654326,-0.334768,9.68436,1.40603,-0.14,0.07,-0.07,-31.7403,-37.4899,-0.934937,1014.45
654332,-0.296509,9.69392,1.3869,0.35,-0.07,17.78,-31.7403,-38.3291,-0.0984858,1014.45
654338,-0.306074,9.73697,1.32951,0.07,-0.14,-0.14,-31.9408,-37.1137,0.255943,1014.46
654344,-0.334768,9.74653,1.34385,-0.21,-0.14,0.07,-31.597,-37.2584,1.54606,1014.46
654350,-0.325203,9.73697,1.32951,-0.35,-0.07,17.36,-32.571,-38.2133,-0.62304,1014.43
654356,-0.320421,9.69871,1.41559,0.07,-0.35,-0.35,-31.4251,-37.6924,-1.02,1014.43
654362,-0.315638,9.68914,1.3869,-0.14,-0.35,-0.14,-31.3679,-36.5059,0.808851,1014.45
654368,-0.320421,9.71305,1.39168,0.14,0,-0.21,-31.8262,-38.2712,0.326829,1014.45
654374,-0.301291,9.67958,1.4395,0.28,-0.14,-0.49,-31.5397,-38.1844,-0.254434,1014.45
654380,-0.315638,9.71305,1.40603,0.77,-0.14,-0.35,-31.11,-36.8532,1.21999,1014.45
654386,-0.334768,9.73697,1.36777,0.35,-0.35,-0.7,-31.7116,-37.8371,-0.736457,1014.44
654392,-0.392157,9.71784,1.40603,0.42,-0.14,-0.35,-31.3679,-38.5895,-1.45949,1014.44
654398,-0.325203,9.76088,1.37733,0.98,-0.42,-0.35,-31.7116,-37.6635,-1.2043,1014.44
654404,-0.373027,9.81349,1.32472,0.21,0,0.14,-32.4278,-36.7085,0.341006,1014.44
654410,-0.33955,9.8087,1.28647,-0.49,-0.07,0,-32.3991,-38.2423,-0.5238,1014.44
654416,-0.334768,9.7274,1.38211,0.14,0.28,0.14,-30.9095,-38.7342,-0.495446,1014.45
654422,-0.35868,9.7274,1.41559,0,-0.14,17.85,-31.7403,-37.3741,0.156703,1014.45
654428,-0.291726,9.68914,1.42037,0.07,-0.21,0.07,-31.0241,-37.4899,-0.155194,1014.46
654434,-0.253467,9.69392,1.40603,0.56,0.07,-0.07,-31.2533,-38.6185,-1.2043,1014.46
654440,-0.286944,9.68914,1.43472,0.28,-0.21,-0.56,-31.0527,-36.8532,-0.339497,1014.46
654446,-0.301291,9.70349,1.38211,0.14,0.28,-0.28,-31.11,-37.4609,-0.481269,1014.46
654452,-0.310856,9.73697,1.34864,0.42,0.21,-0.35,-32.1413,-39.6024,-0.72228,1014.47
654458,-0.282162,9.73697,1.34385,0,0.07,-0.56,-31.2819,-37.8371,-0.0417772,1014.47
654464,-0.320421,9.71305,1.37255,0.07,-0.14,-0.56,-31.0814,-37.1426,-0.112663,1014.44
654470,-0.33955,9.72262,1.41081,0.42,-0.14,-0.56,-31.2533,-39.1394,-1.48785,1014.44
654476,-0.363462,9.74653,1.3582,0.14,-0.07,-0.7,-31.0527,-37.9529,-0.991646,1014.44
654482,-0.33955,9.7561,1.32951,-0.35,-0.21,-0.63,-31.597,-36.5349,0.185057,1014.46
654488,-0.363462,9.79914,1.33907,-0.14,-0.21,-0.49,-31.4251,-37.6924,-0.0559544,1014.46
654494,-0.320421,9.77044,1.36777,-0.35,-0.49,-0.63,-31.4824,-38.9368,-1.31772,1014.45
654500,-0.33955,9.73697,1.36298,-0.21,0,0,-32.17,-36.94,1.23417,1014.45
654506,-0.344333,9.77523,1.38211,0.35,-0.07,0.07,-31.11,-37.7793,-1.30354,1014.45
654512,-0.349115,9.74653,1.39168,-0.28,-0.21,-17.78,-31.11,-38.8211,0.227588,1014.45
654518,-0.368245,9.74653,1.38211,-0.07,0.35,0.21,-31.3965,-37.403,-0.141017,1014.43
654524,-0.334768,9.76088,1.39168,0.14,-0.07,0.07,-31.0241,-37.1715,-0.651394,1014.43
654530,-0.373027,9.73218,1.45863,0.56,0.07,0,-31.6257,-38.3291,-0.509623,1014.46
654536,-0.329986,9.72262,1.41081,0.21,-0.35,-0.21,-31.4824,-38.5317,-1.68633,1014.46
654542,-0.291726,9.66523,1.40124,-0.28,-0.07,-0.07,-31.1673,-36.6506,-0.410383,1014.42
654548,-0.296509,9.65567,1.44907,1.12,-0.21,-0.21,-31.9121,-37.7214,0.383537,1014.42
654554,-0.306074,9.67958,1.41559,0.84,0.07,-0.07,-32.4564,-38.7632,-1.07671,1014.42
654560,-0.296509,9.6748,1.41559,0.7,0.21,-0.49,-31.0814,-37.0558,0.0716399,1014.48
654566,-0.310856,9.71305,1.39168,1.05,0.35,-0.35,-31.8548,-37.0268,0.737966,1014.48
654572,-0.282162,9.70827,1.36298,0.84,-0.21,-0.77,-31.4538,-38.3001,0.0432857,1014.46
654578,-0.301291,9.69871,1.34864,0.56,-0.28,-0.77,-31.2246,-37.2584,-0.864051,1014.46
654584,-0.325203,9.71305,1.39646,0.7,0.07,-0.63,-31.7403,-36.2744,1.03569,1014.44
654590,-0.320421,9.73218,1.36298,0.63,-0.07,-1.05,-30.8809,-38.7053,-0.849874,1014.44
654596,-0.35868,9.85174,1.25299,0.28,0.21,-0.7,-31.3965,-37.4609,0.4686,1014.47
654602,-0.349115,9.82305,1.2769,0.42,0.14,-0.91,-31.683,-36.7953,-0.42456,1014.47
654608,-0.363462,9.76566,1.34385,-0.21,-0.28,-0.7,-31.5111,-37.7214,-0.0984858,1014.44
654614,-0.344333,9.74653,1.39168,0.14,-0.42,-0.49,-31.1387,-38.0686,-0.750634,1014.44
654620,-0.401722,9.72262,1.38211,0.42,-0.42,-0.7,-31.0241,-37.432,0.681257,1014.44
654626,-0.37781,9.7274,1.39646,0.49,-0.28,-0.56,-30.623,-37.3162,0.085817,1014.44
654632,-0.353898,9.71305,1.44428,-0.07,0.28,-0.49,-30.7949,-37.7503,-0.991646,1014.44
654638,-0.373027,9.71784,1.42037,0.7,0,-0.14,-30.7663,-37.0558,-1.06253,1014.44
654644,-0.368245,9.73697,1.3582,0.63,0.56,-0.28,-30.9095,-36.1008,-0.537977,1014.44
654650,-0.420851,9.73697,1.40124,-0.07,0.21,-0.07,-30.9954,-37.4609,-1.54455,1014.47
654656,-0.315638,9.72262,1.42994,0.84,-0.07,0,-31.3106,-37.9818,-1.40278,1014.47
654662,-0.325203,9.68914,1.42037,1.4,-0.07,-0.28,-31.2246,-36.3612,0.0716399,1014.43
654668,-0.301291,9.71784,1.3869,1.26,0.21,-0.07,-31.4251,-38.1265,-0.849874,1014.43
654674,-0.368245,9.73218,1.34864,0.91,-0.28,-17.85,-30.5085,-37.5477,-0.835697,1014.44
654680,-0.306074,9.75131,1.29603,0.98,0.35,-0.28,-30.9382,-36.3323,-1.60126,1014.44
654686,-0.301291,9.71784,1.33907,0.07,0.28,-0.42,-31.2819,-36.94,-0.5238,1014.44
654692,-0.310856,9.69871,1.36298,0.28,0.35,-0.63,-31.3106,-38.0397,-2.28177,1014.44
654698,-0.33955,9.72262,1.34864,0.49,-0.14,-0.63,-30.9095,-37.2873,-0.566332,1014.45
654704,-0.325203,9.73697,1.34385,0.28,-0.07,-0.7,-30.6803,-36.969,-0.0134229,1014.45
654710,-0.33955,9.74653,1.32951,0.77,-0.49,-0.77,-30.8809,-38.5895,-1.71468,1014.45
654716,-0.329986,9.7274,1.34385,-0.21,0.07,-0.98,-30.7663,-38.4159,-0.906583,1014.45
654722,-0.320421,9.72262,1.37255,-0.28,0.14,-1.19,-30.5657,-36.7664,-0.367851,1014.45
654728,-0.368245,9.71305,1.42037,0.42,0.14,-0.84,-31.0241,-37.432,-0.410383,1014.44
654734,-0.353898,9.7274,1.3869,0.56,-0.35,-0.84,-31.0527,-37.6056,-0.452914,1014.44
654740,-0.334768,9.73697,1.34385,0.21,-0.42,-0.7,-31.0527,-36.6506,0.284297,1014.43
654746,-0.33955,9.71784,1.38211,-0.07,-0.21,-0.7,-31.4824,-37.3162,0.4686,1014.43
654752,-0.37781,9.69871,1.4682,-0.21,-0.35,-0.84,-31.1673,-37.8661,-0.693926,1014.44
654758,-0.373027,9.67001,1.47776,1.05,0.28,-0.77,-32.3418,-36.5928,-0.62304,1014.44
654764,-0.435198,9.78479,1.34385,0.84,-0.49,-0.91,-30.9382,-37.2873,-0.42456,1014.47
654770,-0.344333,9.82305,1.25299,0.35,0.14,-0.28,-31.2533,-38.2423,-1.41696,1014.47
654776,-0.35868,9.81349,1.28647,0.21,-0.07,-0.35,-31.0241,-37.5477,-0.197726,1014.47
654782,-0.344333,9.75131,1.3582,0.07,0.28,17.29,-31.5397,-37.1426,0.17088,1014.47
654788,-0.396939,9.72262,1.39646,0.21,0.28,-0.21,-30.6803,-37.4899,-0.637217,1014.42
654794,-0.306074,9.78479,1.33429,0.49,-0.28,-0.14,-31.2246,-37.6635,-0.12684,1014.42
654800,-0.373027,9.75131,1.32951,0.28,-0.14,17.64,-30.9382,-36.8821,-0.296966,1014.47
654806,-0.320421,9.74175,1.34385,-0.35,-0.14,-0.14,-31.11,-37.1715,0.837206,1014.47
654812,-0.344333,9.68436,1.41081,-0.07,0.63,0.07,-30.9382,-38.387,-0.22608,1014.47
654818,-0.35868,9.72262,1.39168,0.49,0.14,-0.28,-30.623,-36.5349,0.454423,1014.45
654824,-0.344333,9.7274,1.38211,0.28,0.07,0,-31.683,-36.8821,-0.353674,1014.45
654830,-0.329986,9.7274,1.3582,-0.21,0.14,0.14,-30.6803,-38.7053,-0.211903,1014.44
654836,-0.33955,9.69392,1.39168,0.28,0.14,-0.56,-30.623,-36.969,-0.112663,1014.44
654842,-0.344333,9.70349,1.38211,0.28,-0.28,-0.14,-31.1387,-36.4191,-0.0417772,1014.43
654848,-0.344333,9.70827,1.3582,0.07,-0.35,-0.35,-30.623,-37.8082,-0.0417772,1014.43
654854,-0.344333,9.70827,1.3869,0.56,-0.21,-0.21,-30.6517,-38.0108,-0.12684,1014.47
654860,-0.301291,9.71784,1.36777,0.42,-0.21,-0.35,-30.8809,-37.0558,-0.254434,1014.47
654866,-0.310856,9.73218,1.39168,0.28,-0.07,-0.42,-30.709,-37.2294,-0.0701315,1014.43
654872,-0.301291,9.70349,1.40603,0.21,-0.07,-0.63,-31.0241,-39.4866,-0.594686,1014.43
654878,-0.329986,9.70349,1.39168,0.7,-0.07,-0.35,-31.1673,-37.2584,0.17088,1014.46
654884,-0.306074,9.72262,1.37255,0.49,0.21,-0.63,-31.5397,-37.6346,0.0716399,1014.46
654890,-0.329986,9.75131,1.3582,0.21,0.14,-0.63,-31.0241,-38.0976,-1.09089,1014.46
654896,-0.334768,9.74175,1.37255,0.35,0.07,-0.84,-30.5085,-38.1265,-0.32532,1014.45
654902,-0.334768,9.73218,1.38211,0.84,-0.49,-0.84,-31.1387,-36.3612,-0.155194,1014.45
654908,-0.349115,9.71784,1.36298,0.28,-0.49,-0.84,-31.1387,-37.7793,-0.0417772,1014.48
654914,-0.334768,9.70349,1.37733,0.56,-0.42,-0.91,-31.0814,-38.2133,-1.24683,1014.48
654920,-0.325203,9.7274,1.3582,0.7,-0.56,-1.05,-31.7403,-36.9111,0.440246,1014.44
654926,-0.320421,9.74175,1.39168,0.14,-0.7,-0.63,-31.683,-36.8243,-0.296966,1014.44
654932,-0.368245,9.72262,1.37733,0.35,-0.42,-0.84,-30.7663,-38.5895,-1.07671,1014.42
654938,-0.420851,9.75131,1.46341,0.84,-0.14,-0.91,-31.7116,-37.6346,0.9648,1014.42
654944,-0.430416,9.82305,1.37733,0.49,0.14,-0.42,-31.2533,-36.6506,0.695434,1014.46
654950,-0.435198,9.9187,1.24342,0.14,-0.14,0,-31.7403,-38.3001,0.511131,1014.46
654956,-0.392157,9.8087,1.26734,-0.56,-0.14,0,-30.3079,-38.5895,-0.438737,1014.47
654962,-0.363462,9.77523,1.36777,-0.63,-0.14,-17.71,-31.3106,-36.8243,1.12075,1014.47
654968,-0.349115,9.70827,1.42516,0.07,-0.42,-0.07,-31.597,-38.358,-0.0701315,1014.47
654974,-0.296509,9.69392,1.46341,0.07,-0.56,0,-31.5684,-38.6764,-0.793166,1014.47
654980,-0.315638,9.69871,1.3869,0.63,-0.42,17.64,-31.5111,-36.3902,1.02151,1014.47
654986,-0.33955,9.69871,1.42516,0.56,-0.42,-0.56,-32.5997,-36.969,-0.22608,1014.46
654992,-0.344333,9.7274,1.41081,0.07,0.28,-0.21,-31.4824,-38.6185,-0.410383,1014.46
654998,-0.325203,9.68914,1.37733,1.12,-0.28,-17.92,-31.2246,-37.3452,-0.949114,1014.45
655004,-0.320421,9.70827,1.38211,1.33,0.35,-0.63,-31.3965,-36.7664,0.199234,1014.45
655010,-0.353898,9.70349,1.37733,0.49,0,-0.63,-31.5111,-38.5317,-0.452914,1014.47
655016,-0.349115,9.7274,1.3869,0.91,0.35,-0.35,-31.0527,-38.1844,0.936446,1014.47
655022,-0.35868,9.72262,1.38211,0.63,-0.35,-0.84,-30.5371,-36.5928,1.17746,1014.47
655028,-0.320421,9.73218,1.34385,0.42,-0.28,-0.49,-30.8236,-38.2133,0.213411,1014.47
655034,-0.353898,9.73218,1.35342,0.84,-0.35,-0.35,-31.1673,-38.5317,-0.141017,1014.45
655040,-0.420851,9.78001,1.37733,0.35,-0.28,-0.56,-31.7689,-35.8693,1.07822,1014.45
655046,-0.401722,9.8087,1.32472,0.21,0.07,-0.56,-31.5111,-37.0268,0.000754159,1014.4
655052,-0.329986,9.79436,1.31038,0.21,-0.35,-0.14,-31.3392,-38.358,-0.396206,1014.4
655058,-0.35868,9.73697,1.38211,0,0.56,-0.56,-31.3392,-36.5059,-0.0134229,1014.4
655064,-0.344333,9.73697,1.39168,-0.21,-0.35,-0.77,-31.4538,-36.5928,0.326829,1014.44
655070,-0.329986,9.70827,1.39168,0.14,0.21,-0.21,-31.4251,-38.358,0.9648,1014.44
655076,-0.310856,9.69392,1.40124,0.14,-0.7,-0.49,-31.0527,-37.1137,-0.42456,1014.47
655082,-0.301291,9.68914,1.42037,0.49,-0.21,-0.7,-31.11,-36.1876,-0.467091,1014.47
655088,-0.349115,9.68914,1.43472,0.91,-0.7,-0.56,-30.623,-37.4609,-0.339497,1014.44
655094,-0.353898,9.71305,1.3869,0.84,-0.28,-1.05,-31.1387,-38.5606,-1.19013,1014.44
655100,-0.344333,9.70827,1.37733,0.42,0.56,-0.77,-30.6517,-36.4481,0.4686,1014.45
655106,-0.325203,9.71784,1.37255,0.77,0.07,-0.84,-31.3965,-37.6346,-0.566332,1014.45
655112,-0.329986,9.71305,1.3869,0.42,0.49,-0.84,-30.9954,-38.9368,-1.09089,1014.45
655118,-0.349115,9.70827,1.37733,0.49,-0.42,-1.12,-30.623,-37.6635,0.737966,1014.45
655124,-0.325203,9.7274,1.36298,0.77,0.07,-1.54,-31.2533,-37.1715,1.33341,1014.42
655130,-0.334768,9.71784,1.35342,0.28,-0.77,-1.19,-31.2819,-38.0397,0.128348,1014.42
655136,-0.320421,9.70827,1.3869,0.56,0.07,-1.47,-31.3965,-38.387,-0.693926,1014.42
655142,-0.449546,9.74175,1.39168,1.05,-0.84,-1.33,-31.196,-37.2294,-0.42456,1014.45
655148,-0.435198,9.81827,1.3056,0.63,0.07,-1.05,-31.597,-38.4738,0.454423,1014.45
655154,-0.420851,9.79436,1.33907,0.28,0,-0.63,-31.4251,-38.1844,-1.06253,1014.44
655160,-0.382592,9.73697,1.40124,0.35,0.49,-0.63,-31.5684,-36.1297,0.808851,1014.44
655166,-0.439981,9.71784,1.41081,0.49,-0.49,-0.56,-31.4251,-37.6924,0.823028,1014.43
655172,-0.349115,9.76566,1.36298,0.49,-0.49,-0.42,-31.0814,-38.7053,-1.24683,1014.43
655178,-0.396939,9.76566,1.34864,0.7,-0.14,-0.49,-31.7116,-37.3452,0.341006,1014.42
655184,-0.33955,9.7274,1.33429,0.14,0.21,-0.42,-30.7949,-37.0847,0.808851,1014.42
655190,-0.344333,9.68914,1.41081,0.35,-0.14,-0.63,-31.9121,-38.7053,-0.382029,1014.46
655196,-0.306074,9.69392,1.42516,0.77,-0.21,-0.77,-31.4824,-38.5027,-1.17595,1014.46
655202,-0.349115,9.67958,1.40603,0.63,0.35,-0.91,-31.4538,-36.5349,1.68783,1014.49
655208,-0.334768,9.6748,1.42994,1.19,0.35,-0.98,-31.11,-37.5188,0.56784,1014.49
655214,-0.349115,9.6748,1.42037,0.84,0.28,-1.26,-31.4538,-37.8371,-0.764811,1014.49
655220,-0.344333,9.70349,1.3582,0.84,-0.07,-1.05,-31.2246,-37.0847,0.922268,1014.49
655226,-0.363462,9.71784,1.32472,1.19,-0.21,-1.05,-31.8548,-37.4609,1.43265,1014.49
655232,-0.320421,9.74175,1.29603,0.56,-0.21,-1.33,-30.9382,-38.4448,0.085817,1014.47
655238,-0.387374,9.78001,1.28647,1.12,0,-1.05,-31.1673,-37.403,0.624548,1014.47
655244,-0.45911,9.8087,1.28168,0.35,-0.35,-0.77,-31.3392,-36.9111,0.752143,1014.49
655250,-0.444763,9.79914,1.30081,-0.28,-0.42,-0.63,-31.597,-38.7342,-0.608863,1014.49
655256,-0.382592,9.71784,1.37255,0,-0.56,-0.49,-31.2533,-38.0397,-0.311143,1014.45
655262,-0.368245,9.69392,1.41559,0.07,0,-0.77,-31.5111,-36.477,0.142526,1014.45
655268,-0.33955,9.69871,1.41081,0.21,-0.14,-0.91,-31.2819,-37.7214,-0.112663,1014.45
655274,-0.37781,9.70827,1.38211,0.42,-0.28,-0.98,-31.5684,-38.2712,-0.736457,1014.45
655280,-0.373027,9.74653,1.3869,0.42,0.42,-0.35,-31.2246,-36.5349,0.0432857,1014.45
655286,-0.401722,9.70827,1.3869,0.35,0.28,-0.91,-31.9408,-37.3741,1.1491,1014.45
655292,-0.406504,9.7274,1.3869,0.35,-0.07,-0.84,-32.0267,-38.3001,-0.353674,1014.45
655298,-0.368245,9.71784,1.38211,0.7,-0.35,-0.42,-31.597,-37.7503,0.128348,1014.45
655304,-0.344333,9.69392,1.42994,0.7,-0.28,-0.77,-31.2819,-37.0268,1.34758,1014.45
655310,-0.315638,9.6748,1.39646,0.98,-0.49,-0.91,-31.1387,-38.9079,1.07822,1014.45
655316,-0.334768,9.69392,1.38211,0.98,0.35,-0.91,-30.7949,-38.6474,0.76632,1014.45
655322,-0.373027,9.71305,1.37733,0.98,-0.28,-1.4,-31.0814,-36.969,0.76632,1014.44
655328,-0.387374,9.69871,1.3582,0.98,0.21,-1.26,-31.4824,-38.1844,-0.594686,1014.44
655334,-0.406504,9.73697,1.36777,1.05,-0.14,-1.05,-31.5397,-38.9947,-0.112663,1014.46
655340,-0.449546,9.7274,1.3869,1.05,-0.21,-1.26,-30.9668,-37.432,0.0716399,1014.46
655346,-0.420851,9.7561,1.3869,1.26,-0.84,-0.63,-30.7949,-38.0976,0.66708,1014.45
655352,-0.435198,9.7561,1.36777,1.47,-0.35,-0.7,-30.9095,-38.85,-0.608863,1014.45
655358,-0.483022,9.83261,1.33907,0.49,-0.77,-0.35,-31.6543,-37.8082,-0.155194,1014.44
655364,-0.435198,9.78957,1.33429,0.56,0.07,-0.14,-31.11,-37.0847,2.21239,1014.44
655370,-0.45911,9.82305,1.33429,0.14,-0.21,0.14,-31.196,-38.8789,-0.0701315,1014.45
655376,-0.387374,9.79436,1.31994,0.42,0.28,-17.71,-31.2533,-38.3001,-0.793166,1014.45
655382,-0.454328,9.78001,1.37255,0.21,-0.7,0.14,-30.7949,-37.2873,0.808851,1014.45
655388,-0.396939,9.72262,1.38211,-0.07,-0.42,-0.07,-31.3392,-38.7632,0.0291085,1014.43
655394,-0.37781,9.72262,1.38211,0.91,-0.77,0.28,-30.3652,-37.5767,0.17088,1014.43
655400,-0.35868,9.69392,1.41559,0.56,-0.42,-0.21,-31.2819,-36.94,0.185057,1014.49
655406,-0.396939,9.70827,1.3869,0.56,0.07,-0.14,-31.3106,-38.3291,1.16328,1014.49
655412,-0.373027,9.72262,1.3582,0.77,0,0,-30.9954,-39.1104,-0.949114,1014.46
655418,-0.353898,9.72262,1.33429,0.14,0.07,-0.42,-31.0527,-38.1265,0.227588,1014.46
655424,-0.349115,9.69871,1.37255,0.14,-0.28,-0.42,-30.7376,-37.4609,1.00733,1014.47
655430,-0.329986,9.68914,1.37733,1.05,-0.07,17.22,-30.7949,-38.9368,-0.708103,1014.47
655436,-0.344333,9.71305,1.37733,0.28,-0.21,-0.7,-31.0814,-38.2423,0.114171,1014.45
655442,-0.396939,9.73697,1.35342,0.42,0,-0.49,-30.623,-37.0268,0.808851,1014.45
655448,-0.439981,9.78479,1.30081,0.84,-0.35,-0.49,-31.7403,-38.358,-0.0134229,1014.47
655454,-0.382592,9.78479,1.30081,0.28,-0.07,-0.63,-31.4824,-38.387,-0.977469,1014.47
655460,-0.373027,9.74653,1.3582,0.07,-0.42,-0.49,-30.9954,-37.0847,0.893914,1014.47
655466,-0.396939,9.72262,1.40603,0.49,-0.07,17.43,-31.2819,-38.3291,2.21239,1014.47
655472,-0.392157,9.79436,1.34864,0.35,0.14,-0.14,-30.7663,-38.4738,-0.651394,1014.47
655478,-0.444763,9.7561,1.35342,0.14,0.21,0,-31.1673,-37.9239,0.185057,1014.43
655484,-0.37781,9.77044,1.33907,0.42,0.42,17.71,-31.2246,-36.6217,1.461,1014.43
655490,-0.373027,9.74175,1.36777,-0.28,0.14,-0.14,-30.623,-38.5895,0.341006,1014.45
655496,-0.439981,9.73218,1.36298,0,-0.14,0.49,-30.9382,-37.6635,1.19163,1014.45
655502,-0.425634,9.77523,1.34385,0.56,-0.14,17.64,-31.4251,-36.7085,2.46758,1014.42
655508,-0.387374,9.7274,1.37255,0.07,0.07,-0.28,-31.2819,-37.6924,-0.112663,1014.42
655514,-0.344333,9.71784,1.36777,0.07,0.42,0.49,-31.196,-39.0815,0.142526,1014.43
655520,-0.368245,9.68914,1.41081,0.28,0.14,17.43,-32.1127,-37.2584,1.36176,1014.43
655526,-0.392157,9.66523,1.41081,0.63,0.14,0.14,-31.7116,-37.4609,-0.155194,1014.47
655532,-0.363462,9.69871,1.38211,0.35,0.14,0,-31.4538,-38.5027,-0.481269,1014.47
655538,-0.416069,9.7274,1.38211,0.7,-0.28,-0.49,-31.8835,-37.4899,0.000754159,1014.45
655544,-0.420851,9.74175,1.36777,0.49,0.07,0,-30.9954,-37.1426,0.454423,1014.45
655550,-0.37781,9.74653,1.32951,0.56,0.14,-0.42,-30.8236,-38.7053,-0.764811,1014.45
655556,-0.363462,9.71305,1.3582,0.84,0.56,-0.28,-30.9954,-37.3452,1.30505,1014.45
655562,-0.406504,9.70349,1.38211,0.28,0.07,0,-31.3392,-36.8243,1.50353,1014.45
655568,-0.37781,9.69392,1.3582,0.7,-0.35,-0.49,-31.7689,-38.2423,0.440246,1014.43
655574,-0.416069,9.73218,1.31516,0.63,-0.56,-0.42,-31.9121,-38.8211,0.582017,1014.43
655580,-0.396939,9.77523,1.28647,0,0.21,-0.35,-31.1387,-37.5188,0.610371,1014.46
655586,-0.363462,9.73697,1.32951,-0.35,0.07,-0.14,-31.8548,-37.6056,0.76632,1014.46
655592,-0.406504,9.74653,1.39168,0.28,0.21,-0.42,-31.5111,-38.7342,-0.509623,1014.43
655598,-0.435198,9.73218,1.34864,0,-0.49,-0.42,-31.3679,-38.1265,-0.112663,1014.43
655604,-0.416069,9.74653,1.32951,-0.07,-0.35,-0.14,-31.597,-36.5928,0.482777,1014.44
655610,-0.33955,9.73697,1.36777,-0.07,-0.56,-0.07,-31.4251,-38.0108,-0.481269,1014.44
655616,-0.334768,9.71305,1.39646,0.21,0.14,-0.07,-31.1673,-37.8661,-0.197726,1014.46
655622,-0.363462,9.67958,1.42994,0,-0.49,-0.42,-31.6257,-36.6217,0.76632,1014.46
655628,-0.373027,9.67001,1.40603,0.21,-0.21,-0.84,-31.3965,-37.5767,-0.594686,1014.46
655634,-0.396939,9.70349,1.3869,0.49,-0.35,-0.49,-31.7689,-38.4448,-1.28937,1014.46
655640,-0.363462,9.70349,1.39646,0.7,-0.07,-0.84,-31.683,-37.7503,0.411891,1014.46
655646,-0.363462,9.71305,1.3869,0.91,-0.28,-0.91,-31.5684,-36.7085,-0.849874,1014.44
655652,-0.435198,9.70827,1.39168,0.77,-0.21,-0.7,-31.7116,-38.4448,-0.254434,1014.44
655658,-0.449546,9.76088,1.36777,0.63,-0.21,-0.7,-31.4538,-37.8661,0.539486,1014.47
655664,-0.368245,9.7561,1.30081,0.77,-0.49,-0.56,-31.0527,-36.7085,0.681257,1014.47
655670,-0.392157,9.7274,1.36777,0.42,-0.28,-0.84,-31.1387,-38.0976,-0.864051,1014.4
655676,-0.411286,9.7561,1.38211,0.77,-0.14,-0.63,-30.8236,-37.5188,0.17088,1014.4
655682,-0.392157,9.7274,1.34864,0.84,-0.28,-0.7,-31.1673,-36.5638,0.76632,1014.46
655688,-0.411286,9.76088,1.32951,0.49,0,-0.84,-31.2533,-37.9239,1.16328,1014.46
655694,-0.411286,9.77523,1.32472,0.35,-0.21,-0.7,-31.196,-38.0686,-1.85645,1014.44
655700,-0.411286,9.75131,1.36298,0.49,-0.21,-0.77,-31.2246,-36.6217,0.936446,1014.44
655706,-0.37781,9.71784,1.34864,0.14,0,-0.42,-31.3679,-37.6056,-0.892406,1014.48
655712,-0.373027,9.72262,1.39646,0.77,-0.14,-0.7,-31.3679,-38.7053,-0.934937,1014.48
655718,-0.363462,9.73218,1.36298,0.42,0,-0.98,-31.196,-37.5477,-0.254434,1014.48
655724,-0.396939,9.70349,1.36298,0.35,-0.07,-0.98,-31.683,-37.403,0.341006,1014.46
655730,-0.37781,9.70349,1.39646,0.49,-0.35,-0.77,-31.3679,-39.2262,0.0291085,1014.46
655736,-0.373027,9.68436,1.39168,1.19,0,-1.05,-30.4798,-38.1555,-1.28937,1014.46
655742,-0.396939,9.71305,1.38211,0.91,-0.35,-1.33,-31.4824,-37.1426,0.610371,1014.46
655748,-0.310856,9.68914,1.37733,0.7,0.56,-1.47,-31.8262,-38.0686,-0.0417772,1014.44
655754,-0.349115,9.67958,1.42994,1.19,0.49,-1.47,-31.4251,-38.6764,-0.0701315,1014.44
655760,-0.344333,9.6748,1.40124,1.47,0.56,-1.75,-30.9095,-36.969,0.681257,1014.44
655766,-0.35868,9.66523,1.39168,1.54,-0.42,-2.17,-30.7376,-37.3741,-0.382029,1014.44
655772,-0.373027,9.68914,1.41081,1.61,-0.28,-2.38,-31.7116,-37.9818,-0.339497,1014.46
655778,-0.320421,9.65567,1.39646,1.68,-0.21,-2.87,-31.4824,-37.4899,-0.42456,1014.46
655784,-0.315638,9.62219,1.41081,2.03,0.49,-3.15,-30.9668,-36.8532,0.582017,1014.45
655790,-0.329986,9.65088,1.36777,2.66,0.21,-3.5,-31.1387,-37.9818,-0.353674,1014.45
655796,-0.349115,9.71305,1.28647,2.03,0.49,-3.92,-30.9668,-38.4738,-1.74303,1014.45
655802,-0.353898,9.71784,1.31038,1.89,0.28,-4.06,-31.7403,-37.895,-0.537977,1014.46
655808,-0.282162,9.69392,1.34864,2.1,0.63,-4.83,-31.9121,-38.0108,-0.62304,1014.46
655814,-0.310856,9.67958,1.35342,2.03,0,-4.97,-31.7403,-38.7632,-0.5238,1014.45
655820,-0.35868,9.71305,1.37255,2.66,0.28,-5.11,-31.4824,-37.8661,1.07822,1014.45
655826,-0.401722,9.71784,1.3056,2.59,0.14,-5.39,-31.1673,-37.8661,1.30505,1014.45
655832,-0.521282,9.82783,1.2769,2.03,0.49,-5.18,-31.4251,-39.9207,0.27012,1014.45
655838,-0.569106,9.83261,1.29603,1.89,0.56,-4.62,-30.4798,-38.3291,0.695434,1014.46
655844,-0.554758,9.8087,1.29603,2.24,1.12,-4.55,-31.0241,-37.4609,0.709611,1014.46
655850,-0.588235,9.76088,1.40603,2.1,0.28,-3.71,-31.11,-38.7342,0.142526,1014.43
655856,-0.554758,9.75131,1.3869,2.52,0.56,-3.43,-31.3965,-39.0236,-1.21848,1014.43
655862,-0.516499,9.74175,1.38211,3.15,0.49,-3.36,-31.0241,-37.3741,1.57442,1014.5
655868,-0.502152,9.73697,1.31994,2.94,1.12,-3.15,-31.3392,-38.0686,0.539486,1014.5
655874,-0.473458,9.74175,1.3582,1.54,1.61,-3.08,-31.3679,-38.85,-1.28937,1014.5
655880,-0.726925,9.89957,1.26734,2.45,0.35,-3.15,-31.2533,-38.387,-0.42456,1014.43
655886,-0.196078,9.57915,1.28647,3.08,3.15,-2.45,-31.597,-37.6056,0.0999942,1014.43
655892,-0.69823,9.75131,1.37255,2.8,0.49,-1.96,-31.4824,-38.85,-0.736457,1014.48
655898,-0.57867,9.97609,0.989957,0.7,-0.07,-2.52,-31.11,-37.7793,-0.396206,1014.48
655904,-0.33955,9.51219,1.53515,2.8,1.75,-2.1,-30.8522,-37.8371,0.893914,1014.41
655910,-0.468675,9.8374,1.15256,2.8,1.26,-1.61,-30.5657,-38.3291,-1.10506,1014.41
655916,-0.631277,9.93304,1.1956,0.91,-0.35,-2.17,-30.5657,-38.6764,-0.254434,1014.43
655922,-0.267814,9.58871,1.50646,2.8,2.52,-1.68,-31.1387,-37.0558,0.56784,1014.43
655928,-0.83692,9.80392,1.30081,1.12,-0.56,-1.89,-31.7116,-38.9368,-0.537977,1014.45
655934,-0.095648,9.60306,1.31038,2.87,3.15,-1.82,-31.0241,-39.9497,-0.72228,1014.45
655940,-0.789096,9.8087,1.29125,1.82,-1.12,-2.17,-30.9954,-37.895,0.128348,1014.44
655946,-0.320421,9.68436,1.35342,1.75,0.63,-1.82,-30.8236,-37.6924,1.17746,1014.44
655952,-0.521282,9.62219,1.40124,2.52,0.28,-1.89,-30.623,-38.5317,-0.72228,1014.48
655958,-0.554758,9.76566,1.26255,2.38,0,-1.82,-30.7663,-38.1265,-0.396206,1014.48
655964,-0.349115,9.60784,1.36298,2.31,1.19,-1.61,-31.2533,-37.4899,0.978977,1014.48
655970,-0.5978,9.7274,1.32472,2.66,0.42,-1.96,-31.3965,-38.7053,0.241766,1014.46
655976,-0.468675,9.70349,1.26255,2.52,0.56,-1.82,-31.597,-38.4738,0.780497,1014.46
655982,-0.559541,9.67001,1.32951,2.73,-0.07,-2.1,-31.11,-37.4609,1.40429,1014.44
655988,-0.473458,9.7274,1.20516,2.38,0.28,-1.75,-30.7663,-38.8211,-0.169371,1014.44
655994,-0.554758,9.67001,1.32951,2.66,0.28,-2.17,-30.3366,-38.4448,0.0574628,1014.44
656000,-0.487805,9.65567,1.32472,2.87,0.91,-1.96,-30.7949,-38.0108,1.26252,1014.44
656006,-0.57867,9.78001,1.22429,0.91,-0.14,-2.8,-30.7949,-36.8821,0.525308,1014.44
656012,-0.47824,10.11,1.20038,0.35,1.82,-3.01,-30.6803,-38.7342,0.227588,1014.44
656018,-0.942133,9.68914,1.40124,-0.98,-3.43,-1.47,-30.3366,-38.6764,0.383537,1014.48
656024,0.454328,8.97178,1.57341,6.37,4.27,-3.57,-30.4798,-37.2584,1.57442,1014.48
656030,-1.26734,9.84218,1.53993,1.75,-4.55,-2.52,-30.3939,-39.1973,0.142526,1014.44
656036,0.200861,9.49785,1.28168,2.24,4.13,-1.05,-30.7663,-38.6474,0.326829,1014.44
656042,-1.22429,9.65088,1.4682,4.83,-2.45,-3.29,-30.623,-37.4609,1.17746,1014.44
656048,-0.253467,9.5935,1.33429,3.64,0.98,-1.4,-30.1647,-38.7921,0.128348,1014.45
656054,-0.707795,9.69392,1.1143,3.5,0.98,-0.07,-30.3079,-39.1104,0.383537,1014.45
656060,-0.81779,9.94739,1.13343,3.92,-0.91,16.87,-30.7949,-38.1844,1.29087,1014.43
656066,-0.516499,9.7561,1.24821,4.2,1.82,-0.07,-30.5085,-37.9239,-1.41696,1014.43
656072,-0.932568,9.91392,1.21473,2.03,-0.7,1.68,-30.9954,-38.9657,-0.396206,1014.46
656078,-0.439981,9.69871,1.16212,4.34,2.17,0.49,-30.5085,-37.4609,-0.906583,1014.46
656084,-0.908656,9.74653,1.20995,2.8,-2.1,1.54,-30.5371,-37.8082,1.17746,1014.46
656090,-0.167384,9.80392,1.09517,1.54,-0.14,2.1,-30.2506,-38.9947,-0.268611,1014.46
656096,-0.779531,9.70349,1.61645,2.31,-0.91,0.63,-29.9355,-39.3998,-0.467091,1014.44
656102,-0.153037,9.45481,1.42037,2.8,0.56,0.7,-30.9954,-38.3001,1.99973,1014.44
656108,-0.765184,9.69392,1.47298,4.62,1.4,0.98,-30.623,-38.6185,1.33341,1014.46
656114,-0.454328,9.5648,1.36298,4.9,-1.19,-0.42,-30.9668,-38.6185,-0.12684,1014.46
656120,0.0382592,9.27307,1.4682,7.77,2.73,-1.82,-30.709,-37.5767,0.511131,1014.47
656126,-0.865614,9.88522,1.34385,5.39,-1.12,-0.91,-30.6803,-38.0976,1.07822,1014.47
656132,0.0191296,9.65567,1.21951,6.09,3.78,-1.33,-31.0241,-38.9079,0.780497,1014.47
656138,-0.946915,9.93783,1.25777,6.02,-0.14,-1.54,-30.1074,-38.2133,1.06404,1014.46
656144,-0.334768,9.88522,0.913438,5.04,0.35,-1.54,-30.7949,-37.7503,0.56784,1014.46
656150,-0.554758,9.89479,0.994739,7.28,2.31,-2.8,-30.6803,-39.0815,1.36176,1014.45
656156,-1.04735,10.3204,0.707795,4.2,-1.96,-0.56,-30.0788,-38.7342,1.23417,1014.45
656162,-0.679101,10.5739,0.444763,-0.35,0,0.7,-30.1933,-37.2584,2.15568,1014.47
656168,-1.00909,9.6748,1.47776,4.34,0.35,0.77,-30.5944,-38.7632,1.58859,1014.47
656174,-1.31038,10.8274,0.502152,-1.61,-2.66,3.08,-30.5085,-39.6313,0.823028,1014.46
656180,-1.05213,9.79914,1.20516,-0.77,-0.14,3.99,-30.1074,-38.2133,1.29087,1014.46
656186,-0.310856,9.54089,1.29125,2.03,-0.91,3.36,-30.9954,-38.7342,0.56784,1014.45
656192,-0.942133,10.3204,1.06169,-0.77,-3.57,4.27,-31.5397,-40.4416,-0.793166,1014.45
656198,-0.0669536,9.58871,1.53993,1.12,0.56,4.2,-30.4798,-37.9529,-0.141017,1014.46
656204,-0.463893,9.68914,1.3056,1.4,-0.63,3.5,-30.709,-37.3741,1.1491,1014.46
656210,-0.373027,9.54089,1.45863,2.66,-0.42,3.64,-30.9095,-38.85,0.199234,1014.46
656216,-0.569106,9.95218,1.33429,2.38,1.54,2.87,-30.7376,-39.313,-0.0559544,1014.45
656222,-0.396939,9.56958,1.32951,3.5,1.89,2.24,-31.0814,-37.403,1.03569,1014.45
656228,-0.631277,9.78479,1.18125,3.92,1.33,2.03,-31.4251,-37.9239,1.53189,1014.44
656234,-0.387374,10.0335,1.04735,4.34,3.22,2.03,-30.8522,-38.9368,-0.0984858,1014.44
656240,-0.626494,9.81349,1.08082,4.06,1.47,1.26,-30.9954,-37.1137,0.525308,1014.47
656246,-0.33955,9.87087,0.985174,2.8,2.03,2.03,-30.6803,-37.7214,-0.141017,1014.47
656252,-0.468675,9.81827,1.07126,1.89,2.73,1.89,-30.6517,-39.3709,0.66708,1014.44
656258,-0.683883,10.1196,0.841702,1.12,1.75,1.82,-31.196,-37.8082,0.326829,1014.44
656264,-0.588235,10.11,0.81779,-0.56,1.75,1.89,-30.8809,-37.432,0.255943,1014.47
656270,-0.468675,10.0765,0.899091,-0.77,2.24,2.03,-30.5371,-39.0236,0.255943,1014.47
656276,-0.703013,10.153,0.889526,-1.75,1.61,2.52,-30.623,-38.4448,-0.254434,1014.49
656282,-0.750837,10.1865,0.903874,-2.66,1.82,3.36,-29.9928,-37.1426,0.582017,1014.49
656288,-0.707795,10.0765,1.1143,-3.15,1.89,4.13,-31.3679,-38.6185,-0.282789,1014.49
656294,-0.726925,10.0335,1.10952,-2.66,0.98,4.34,-30.7949,-38.9368,-0.211903,1014.48
656300,-0.650406,10.2152,0.870397,-4.48,1.68,5.18,-31.1387,-37.4609,0.695434,1014.48
656306,-0.703013,10.1913,0.865614,-5.04,1.26,5.6,-31.2819,-37.2873,0.128348,1014.44
656312,-0.612147,10.1196,0.894309,-5.95,1.47,5.88,-31.3965,-39.1394,0.085817,1014.44
656318,-0.755619,9.92826,1.14778,-6.37,0.84,6.86,-31.4251,-38.3001,0.879737,1014.47
656324,-0.545194,9.89957,1.21473,-6.58,-0.14,7.28,-31.2533,-37.0847,1.44682,1014.47
656330,-0.621712,9.86131,1.26255,-6.16,-0.07,7.63,-30.8236,-38.1844,0.114171,1014.44
656336,-0.640842,9.77523,1.40603,-6.02,-0.49,8.4,-30.7376,-38.387,-0.509623,1014.44
656342,-0.559541,9.93304,1.20516,-6.37,0.07,8.82,-31.597,-36.9111,1.09239,1014.45
656348,-0.583453,9.88522,1.15734,-6.09,0.07,9.66,-30.3652,-37.8082,0.199234,1014.45
656354,-0.61693,9.72262,1.35342,-6.16,-0.28,9.8,-31.7116,-38.1844,-0.339497,1014.41
656360,-0.545194,9.86609,1.19082,-6.16,-0.49,10.22,-31.3965,-37.6924,-1.03418,1014.41
656366,-0.621712,9.94261,1.10473,-6.44,-1.19,10.64,-32.0267,-38.0108,0.794674,1014.47
656372,-0.463893,9.77523,1.19082,-6.16,-1.19,11.13,-30.9668,-38.7632,-1.91316,1014.47
656378,-0.468675,9.83261,1.25299,-5.95,-1.89,11.27,-31.4538,-37.1715,-0.169371,1014.47
656384,-0.368245,9.69392,1.41559,-5.46,-2.24,11.13,-31.0241,-37.7503,0.794674,1014.45
656390,-0.315638,9.67001,1.37255,-4.48,-2.31,10.85,-31.597,-38.5317,-0.906583,1014.45
656396,-0.196078,9.58393,1.39646,-3.01,-1.54,10.85,-31.8262,-38.5027,-0.849874,1014.47
656402,-0.444763,9.96652,1.24821,-3.5,-2.31,10.71,-31.7976,-36.6217,0.355183,1014.47
656408,-0.23912,9.89479,1.05691,-4.62,-1.89,10.57,-31.6257,-37.9239,1.17746,1014.44
656414,-0.636059,10.0383,1.33429,-5.32,-4.41,11.48,-31.8548,-38.3001,-0.339497,1014.44
656420,-0.640842,10.3109,1.05691,-5.04,-3.36,11.27,-31.597,-37.6635,0.0574628,1014.45
656426,-0.334768,10.0335,0.999522,-4.76,-3.5,11.9,-32.0554,-38.0976,0.0999942,1014.45
656432,-0.57867,10.3922,1.04735,-6.72,-4.62,13.09,-32.084,-38.6474,-1.77139,1014.45
656438,-0.224773,9.80392,1.37733,-5.74,-3.92,14,-32.5424,-37.432,-1.19013,1014.45
656444,-0.153037,10.0526,1.18604,-6.09,-2.73,14.28,-32.4851,-37.3452,0.652903,1014.43
656450,-0.559541,10.4735,1.0043,-7.07,-2.94,15.54,-31.9408,-37.432,-1.34607,1014.43
656456,-0.554758,10.9995,1.11908,-8.96,-1.47,17.43,-31.4538,-38.2133,-1.11924,1014.43
656462,-0.803443,10.7843,1.09995,-11.69,-2.73,20.09,-32.6283,-36.4191,0.298474,1014.43
656468,-0.200861,10.5069,1.19082,-12.95,-0.56,20.79,-32.5137,-37.8371,-0.254434,1014.43
656474,-0.827355,10.2391,1.67862,-13.09,-2.52,22.19,-32.4851,-37.8082,-1.14759,1014.45
656480,-0.186514,10.0478,1.5208,-14,-1.54,22.54,-32.6569,-36.3902,0.596194,1014.45
656486,-0.71736,10.1339,1.74558,-15.33,-3.36,23.59,-33.2299,-36.7374,0.9648,1014.46
656492,-0.655189,10.1483,2.066,-11.13,-4.9,24.92,-32.6283,-37.6346,-0.481269,1014.46
656498,-0.172166,8.90005,1.956,-3.29,-4.41,28.56,-33.3445,-36.7664,-0.849874,1014.47
656504,-0.511717,10.6408,1.5208,-5.25,-4.41,29.19,-32.8288,-35.4352,0.922268,1014.47
656510,-0.793878,10.9708,1.46341,-5.88,-5.6,30.66,-33.3445,-36.3612,-1.28937,1014.41
656516,-0.401722,9.76566,1.97513,-2.66,-5.46,32.48,-33.3731,-36.94,-0.495446,1014.41
656522,-0.468675,10.2343,1.54472,-2.45,-7.35,34.02,-34.1179,-35.7535,0.341006,1014.48
656528,-0.535629,10.4256,1.74558,0.49,-5.39,18.2,-33.2299,-36.3034,-0.112663,1014.48
656534,-0.411286,10.1578,1.73123,0.07,-7,37.8,-34.3471,-37.1137,-0.311143,1014.48
656540,-0.487805,10.5404,1.84122,-0.63,-7.07,39.97,-33.8601,-35.6088,-0.183549,1014.44
656546,-0.492587,10.8034,1.66428,1.75,-6.72,42.63,-35.0346,-36.1587,-0.268611,1014.44
656552,-0.521282,10.7843,1.65471,2.73,-7.7,45.29,-35.2351,-36.7664,-1.43114,1014.46
656558,-0.416069,11.1478,1.15734,-0.49,-7.28,47.53,-34.7768,-34.7696,-0.367851,1014.46
656564,-0.463893,11.0665,1.09039,0,-7.84,51.59,-34.8914,-34.1329,-0.0843086,1014.44
656570,-0.172166,10.8082,1.51602,-0.28,-6.44,53.62,-35.2351,-35.4931,-0.169371,1014.44
656576,-0.473458,10.966,1.69297,-1.47,-6.79,56.56,-35.5216,-35.03,-0.12684,1014.43
656582,-0.449546,10.9087,1.55906,-0.49,-7.21,60.27,-35.9227,-34.8275,2.05644,1014.43
656588,-0.023912,10.9421,1.4682,1.96,-7.28,62.86,-36.3524,-34.3066,1.02151,1014.44
656594,-0.0095648,11.0139,1.46341,-1.26,-6.51,65.1,-36.7534,-34.8275,0.326829,1014.44
656600,-0.334768,11.0139,1.73123,2.17,-8.68,68.6,-37.0112,-33.5831,-0.240257,1014.41
656606,-0.124342,11.3391,1.60689,2.52,-7.49,71.47,-37.0399,-33.5831,0.213411,1014.41
656612,-0.282162,11.3056,1.74079,2.52,-8.19,75.04,-36.9253,-33.8146,0.482777,1014.48
656618,0.0095648,11.5351,1.58297,3.57,-6.86,79.52,-37.756,-32.4256,0.695434,1014.48
656624,-0.186514,11.6212,1.85079,3.71,-7.14,82.6,-38.3863,-32.2519,0.66708,1014.48
656630,-0.435198,12.0038,1.73123,5.32,-8.54,88.13,-38.7587,-32.8596,0.0999942,1014.45
656636,-0.439981,12.2429,1.7121,6.51,-7.28,94.36,-38.9019,-33.0333,-0.197726,1014.45
656642,-0.712578,12.506,1.60689,7.63,-8.96,100.45,-39.1311,-30.4288,0.397714,1014.44
656648,-0.425634,12.6303,1.63558,9.45,-7.35,107.31,-39.303,-31.7889,0.879737,1014.44
656654,-0.621712,12.7116,2.12339,11.62,-7.63,114.24,-40.1624,-31.6731,-0.42456,1014.43
656660,-0.645624,13.0512,1.40603,14.63,-7.21,122.15,-40.2197,-30.1104,0.851383,1014.43
656666,-0.774749,14.0316,0.879962,11.27,-7.35,131.53,-41.2796,-29.2423,0.638726,1014.43
656672,-1.0043,14.242,0.985174,7.56,-7.77,139.93,-41.3082,-30.2262,0.326829,1014.43
656678,-0.85605,14.1368,1.18604,8.4,-6.16,150.29,-42.0817,-28.8371,0.440246,1014.44
656684,-0.894309,14.5481,0.296509,5.95,-4.76,160.16,-41.7666,-27.5928,1.81543,1014.44
656690,-0.879962,14.3663,0.942133,3.85,-6.58,168.42,-42.8265,-28.3162,0.17088,1014.44
656696,-0.650406,15.0693,0.573888,-1.96,-3.29,178.22,-43.8578,-27.3612,0.553663,1014.44
656702,-1.17169,14.352,1.20038,-6.16,-6.79,188.44,-44.1442,-25.4223,2.90707,1014.44
656708,-1.31038,14.7154,0.85605,-9.24,-4.2,214.83,-45.0896,-25.6828,1.37594,1014.45
656714,-1.32472,15.1554,0.636059,-13.23,-8.26,207.9,-46.2354,-25.104,0.355183,1014.45
656720,-1.27212,15.6719,-0.277379,-21.49,-4.34,218.33,-46.4646,-23.1072,0.255943,1014.44
656726,-1.18604,15.2846,-0.353898,-25.9,-4.9,226.45,-47.2381,-22.1233,1.54606,1014.44
656732,-1.15734,15.1937,-0.85605,-32.13,-2.59,238.28,-47.8396,-22.3259,1.31923,1014.44
656738,-1.06169,15.4758,-0.282162,-35.14,-2.73,248.99,-48.7277,-20.0976,0.66708,1014.44
656744,-1.22429,16.2984,-1.31516,-39.48,0.56,261.66,-48.6704,-18.5638,1.7729,1014.43
656750,-1.033,16.418,-1.61645,-43.89,1.26,275.73,-50.5038,-17.9272,0.737966,1014.43
656756,-0.511717,18.1923,-2.46772,-51.03,3.78,290.15,-51.6496,-16.3934,0.482777,1014.42
656762,-0.659971,19.6509,-2.38164,-56.84,8.4,322.21,-51.3345,-14.4545,1.07822,1014.42
656768,-0.875179,20.8274,-1.73601,-66.29,12.25,323.33,-52.4517,-12.9497,-0.183549,1014.46
656774,0.966045,20.3395,-0.468675,-69.02,10.99,340.9,-53.3111,-12.7182,-1.98405,1014.46
656780,2.15208,20.2296,-1.09517,-71.33,24.36,374.08,-53.8554,-9.88214,-0.240257,1014.45
656786,-1.93209,15.3563,1.55906,-60.55,28.07,370.3,-54.1419,-6.75674,-0.410383,1014.45
656792,-1.88905,15.5332,2.08034,-30.52,13.44,385.28,-55.4023,-6.29372,-0.764811,1014.45
656798,2.33381,18.5892,0.81779,-23.52,31.15,391.02,-56.4336,-3.6024,-1.92734,1014.4
656804,3.17551,20.6552,0.45911,-14,39.06,401.73,-56.1758,-1.46092,-0.807343,1014.4
656810,2.33381,18.5796,-0.368245,-2.94,53.76,404.53,-56.319,0.941009,-1.62962,1014.43
656816,0.535629,19.297,0.679101,-6.3,52.43,405.79,-56.806,2.93779,-1.85645,1014.43
656822,0.023912,21.3486,0.35868,-4.06,51.59,410.06,-57.0066,5.28184,-2.21088,1014.42
656828,1.40124,26.8771,-2.78336,-15.47,56.14,408.73,-57.4363,7.22075,-2.49442,1014.42
656834,-0.693448,26.8675,-5.82496,-57.4,69.44,406.56,-58.5821,9.53586,-4.03973,1014.39
656840,-1.5208,21.4778,-3.3429,-64.75,65.87,392.77,-56.5196,11.6773,-3.23163,1014.39
656846,-0.306074,16.9967,-3.87374,-67.83,70.84,369.6,-56.1472,13.269,-3.92631,1014.42
656852,-0.425634,16.2554,-5.85366,-83.44,84.63,351.47,-57.6941,15.0053,-5.91111,1014.42
656858,-4.60067,10.9517,-6.13104,-105.98,101.57,323.96,-56.319,16.2497,-4.70606,1014.41
656864,-7.59445,6.79101,-6.54711,-118.16,90.86,284.62,-55.6888,19.2883,-4.25239,1014.41
656870,-13.3142,3.31899,-6.79579,-160.02,71.33,246.19,-55.832,20.7931,-4.16733,1014.41
656876,3.75897,-22.7881,12.2382,-69.44,-33.88,124.11,-55.4883,21.2272,-5.81187,1014.4
656882,10.2869,-8.60832,-1.81253,-71.68,9.24,-1.19,-54.7148,21.6902,-3.41594,1014.4
656888,-4.63893,-6.46102,2.42468,-41.65,-27.79,-107.45,-55.4883,21.5744,-5.20226,1014.41
656894,-2.41511,-2.35772,0.918221,-20.44,-52.71,-175.91,-56.2617,20.7352,-4.76277,1014.41
656900,-3.49115,6.7671,-3.2616,-34.09,-54.53,-232.4,-55.7461,20.1275,-3.75619,1014.41
656906,-5.52845,9.84696,-3.51985,-47.88,-60.55,-259.07,-55.4883,18.8253,-3.51518,1014.41
656912,-6.40842,11.7695,-3.82592,-64.05,-60.97,-267.96,-57.4076,17.2047,-4.42251,1014.41
656918,-6.72405,11.6117,-4.14156,-76.86,-58.1,-261.73,-57.7514,16.8285,-2.48025,1014.41
656924,-6.15017,9.92348,-4.44763,-80.01,-50.19,-252.35,-56.3763,14.8606,-1.81392,1014.39
656930,-4.61502,5.79627,-4.58632,-75.18,-37.52,-237.72,-57.2071,13.1243,-2.26759,1014.39
656936,-3.3142,2.78336,-4.42372,-55.51,-19.88,-227.64,-57.7514,12.0535,-2.56531,1014.37
656942,-2.3099,-0.253467,-4.0746,-26.95,-1.33,-220.5,-56.8347,11.4748,-0.665572,1014.37
656948,-1.18125,-2.69249,-4.40937,4.83,20.44,-218.82,-56.8633,10.3462,-2.39518,1014.37
656954,-0.913438,-4.30894,-3.25203,44.1,40.67,-225.4,-57.8087,8.20467,-3.94049,1014.44
656960,-2.19034,-3.82114,-2.70684,77.84,49.35,-233.45,-56.892,7.97316,-1.58709,1014.44
656966,-2.2812,-2.58728,-2.63032,107.38,62.16,-250.04,-56.4623,6.23683,-2.63619,1014.43
656972,-4.04591,0.444763,-2.18556,125.09,67.69,-269.85,-57.4363,4.24004,-3.64277,1014.43
656978,-5.66236,2.89335,-1.61645,133,65.94,-302.61,-56.3477,3.02461,-3.98302,1014.43
656984,-7.15447,5.36585,-1.38211,128.8,56.63,-301.91,-55.7175,2.09856,-3.24581,1014.43
656990,-8.53658,8.35007,-0.946915,115.01,46.13,-314.16,-56.5482,-0.563816,-3.37341,1014.45
656996,-9.11047,9.1583,-0.33955,103.25,34.37,-319.27,-56.5482,-1.54774,-4.33745,1014.45
657002,-9.6461,9.70827,0.301291,89.39,19.18,-322.63,-55.5169,-3.6024,-2.93391,1014.39
657008,-9.40698,9.49306,0.884744,81.55,4.13,-321.86,-55.1732,-6.12009,-4.42251,1014.39
657014,-8.91439,9.17264,1.26734,80.43,-7.35,-319.41,-54.3711,-7.79854,-4.20986,1014.41
657020,-7.67575,8.4505,1.25777,81.69,-17.64,-318.57,-54.1705,-8.4352,-4.03973,1014.41
657026,-6.93448,7.96748,1.19082,86.59,-25.34,-318.29,-52.7096,-9.91108,-2.91974,1014.37
657032,-5.67671,7.50359,1.12865,93.94,-30.1,-322,-52.4804,-12.5735,-2.72126,1014.37
657038,-4.81588,7.73314,0.827355,102.13,-30.52,-327.88,-52.022,-13.9915,-3.07569,1014.37
657044,-3.6681,8.90961,0.243902,107.66,-27.09,-335.44,-50.7329,-15.4384,-1.77139,1014.4
657050,-3.29986,9.77044,0.176949,110.18,-22.61,-343.56,-50.0741,-17.8693,-2.5086,1014.4
657056,-2.84553,10.6504,0.114778,112.14,-15.26,-351.82,-49.1574,-19.3452,-2.72126,1014.37
657062,-2.32425,12.1043,0.105213,111.65,-5.25,-358.4,-47.6105,-20.4448,0.312651,1014.37
657068,-2.18077,12.9747,0.33955,110.88,4.41,-362.18,-47.7824,-21.776,-0.0559544,1014.37
657074,-2.73553,14.6915,0.602582,108.29,13.72,-360.22,-46.5505,-24.4384,-1.07671,1014.37
657080,-2.96031,15.9589,0.841702,104.37,21.14,-352.38,-45.0323,-25.3645,-0.367851,1014.33
657086,-3.18986,17.3314,1.08082,100.59,24.5,-322.63,-43.514,-26.8982,-0.0984858,1014.33
657092,-2.10904,18.417,2.01339,96.67,30.87,-326.2,-42.7119,-29.7921,-0.481269,1014.36
657098,-2.02774,18.5461,3.01291,95.41,30.31,-313.11,-41.3082,-30.2841,0.993154,1014.36
657104,-1.23864,18.7374,3.60115,91.98,30.17,-306.25,-40.3915,-30.776,1.43265,1014.38
657110,-1.07126,18.2544,4.53372,94.99,29.4,-300.93,-38.6727,-32.9175,0.454423,1014.38
657116,-1.65949,19.1966,4.83501,95.69,23.94,-297.64,-38.4436,-34.4223,-0.367851,1014.38
657122,-1.97991,19.9665,5.00717,95.55,20.02,-295.54,-35.8654,-33.6989,1.65948,1014.38
657128,-2.52032,20.5978,5.37542,94.92,10.71,-295.26,-34.8627,-35.1747,1.461,1014.38
657134,-2.68293,21.3869,5.31325,90.51,-3.43,-299.53,-33.7169,-37.2005,1.94302,1014.39
657140,-2.85031,22.0182,5.00717,85.54,-16.59,-322.35,-31.9694,-36.8532,3.98453,1014.39
657146,-2.67814,23.6203,5.05021,83.86,-41.02,-309.61,-30.2793,-37.5477,3.65846,1014.39
657152,-1.71688,23.4433,4.73458,77.77,-60.97,-318.57,-28.6178,-40.3838,2.73694,1014.39
657158,-0.69823,22.8216,4.75371,79.38,-82.67,-330.47,-27.5865,-40.3259,4.90604,1014.4
657164,2.94596,22.5873,3.79723,77.42,-96.88,-347.55,-26.3547,-40.0365,4.19719,1014.4
657170,4.87327,22.1043,3.78766,78.61,-105.7,-360.43,-23.2895,-41.8596,4.90604,1014.43
657176,7.96748,23.3429,3.23768,79.45,-109.41,-366.38,-20.8545,-42.8436,5.09035,1014.43
657182,10.373,24.7107,2.83596,74.41,-103.74,-366.8,-20.2243,-42.4095,5.98351,1014.43
657188,12.7355,26.3797,3.40029,65.94,-95.55,-357.98,-18.3623,-43.8275,7.40122,1014.43
657194,14.0077,27.1784,3.67288,54.95,-88.34,-343.63,-15.9273,-45.477,7.04679,1014.43
657200,14.8111,27.7953,3.6968,35.7,-81.83,-321.09,-14.094,-43.9722,7.9116,1014.46
657206,16.0163,26.834,3.61549,15.82,-78.33,-295.61,-12.8621,-45.6506,9.11666,1014.46
657212,16.9871,26.6475,1.0856,-8.82,-77.28,-252.35,-10.2267,-46.6346,7.47211,1014.43
657218,21.3582,24.8589,-2.86944,-38.92,-72.52,-242.27,-9.82561,-46.1715,7.62806,1014.43
657224,24.9928,21.803,-3.80679,-55.44,-57.75,-210.56,-8.62245,-45.5928,7.61388,1014.43
657230,28.2353,17.4892,-3.3429,-54.11,-42.07,-177.59,-7.01824,-47.0397,7.81236,1014.43
657236,29.9617,12.0756,-0.430416,-26.95,-29.61,-130.83,-5.92967,-47.5027,7.20274,1014.45
657242,34.3615,7.3362,2.1186,29.26,3.5,-84.21,-6.30208,-45.9979,8.0959,1014.45
657248,33.7637,6.60928,4.58154,63.7,16.24,-39.97,-6.01561,-46.3452,7.81236,1014.43
657254,33.5581,8.42181,5.22716,94.43,28.56,2.1,-4.75516,-47.1844,7.42958,1014.43
657260,31.7169,13.3572,5.63845,98.77,41.3,34.23,-5.67185,-45.969,7.85489,1014.44
657266,29.1583,16.8149,5.60019,82.74,42,59.78,-6.5026,-45.8821,8.47868,1014.44
657272,27.1688,20.0287,4.33764,46.62,47.18,80.99,-5.84373,-47.3291,7.9116,1014.44
657278,-22.1473,133.123,49.5361,-4.27,-90.37,389.27,-7.27606,-46.0268,9.64121,1014.44
657284,45.9206,22.6877,-37.494,-254.94,22.54,253.68,-9.05215,-45.2166,7.81236,1014.44
657290,-27.7284,-9.96652,-5.27021,-198.59,323.12,319.97,-10.3412,-46.6924,7.48629,1014.41
657296,-50.3826,-5.5428,28.154,-28.42,-145.81,348.11,-12.4897,-45.5928,5.81338,1014.41
657302,-8.52224,-0.095648,9.61262,29.26,-76.16,318.99,-15.0393,-44.1458,6.7349,1014.38
657308,-2.49641,12.9077,-1.77427,15.89,25.48,340.97,-16.443,-44.6088,7.64223,1014.38
657314,-7.7714,9.9187,4.84935,54.74,-86.94,311.57,-17.6175,-44.6378,6.89084,1014.41
657320,4.28981,15.5811,-1.28647,46.2,-146.02,253.26,-19.9951,-43.2487,8.64881,1014.41
657326,9.87566,16.8867,-4.5911,-14.21,-72.31,274.96,-21.3702,-41.8886,8.63463,1014.41
657332,6.78144,19.8852,-4.97848,-58.52,-21.07,274.68,-22.602,-43.8564,7.75565,1014.41
657338,5.02152,18.1062,-0.0573888,-87.57,-14.49,255.85,-23.7765,-41.8886,8.0959,1014.41
657344,2.42946,16.5758,1.48733,-94.36,-52.22,217.49,-24.6073,-41.0783,8.08173,1014.41
657350,3.61071,9.2109,2.92205,-71.47,-50.89,193.83,-24.9224,-41.4545,6.87667,1014.41
657356,5.6528,8.43137,4.22764,-46.83,-29.47,178.15,-26.2688,-41.3677,6.55059,1014.41
657362,4.57676,10.3922,-0.521282,-55.37,-29.75,164.43,-26.8703,-39.4866,6.67819,1014.41
657368,11.4012,13.8211,4.94022,-41.72,-58.24,99.33,-27.8443,-40.0365,6.21034,1014.41
657374,14.725,4.8637,1.18604,12.18,-4.9,70.84,-28.1308,-40.9915,7.03262,1014.41
657380,0.210426,16.3749,-3.60593,-20.51,-15.12,42.84,-27.4719,-38.7921,6.64983,1014.42
657386,-3.92635,14.1368,-1.4682,-57.26,-23.87,56.14,-28.4173,-39.0526,7.14603,1014.42
657392,-0.023912,5.52367,5.48063,-28.35,-34.02,49.42,-28.4173,-40.731,6.12528,1014.42
657398,5.32759,5.868,4.19895,0.28,-14.84,31.99,-29.0761,-39.5156,7.13186,1014.42
657404,2.59206,8.32616,1.9034,-0.7,14.21,23.87,-29.3339,-38.85,5.75667,1014.37
657410,-1.23864,8.35485,2.32903,6.93,-6.51,14.35,-29.0188,-39.4866,4.53744,1014.37
657416,-0.124342,10.593,-0.0765184,4.2,-13.09,13.93,-29.1048,-40.0944,5.52984,1014.4
657422,1.81731,10.0143,-0.0143472,0.14,2.31,10.22,-29.8209,-38.5895,6.26705,1014.4
657428,0.411286,9.26351,1.07126,4.27,1.96,3.22,-29.5345,-38.9368,5.38807,1014.45
657434,-0.10043,10.0574,0.827355,4.13,-1.19,2.45,-29.2766,-40.1233,5.72832,1014.45
657440,0.0047824,10.0765,0.989957,5.11,3.92,2.24,-29.4485,-38.358,6.7349,1014.45
657446,-0.35868,10.1961,0.669536,4.41,5.11,0.56,-29.6491,-38.2712,6.96173,1014.42
657452,-1.49689,10.9756,-0.095648,2.87,3.64,4.9,-29.3626,-40.1233,5.98351,1014.42
657458,-1.05691,11.0282,-0.306074,-1.4,3.92,6.79,-29.4485,-38.9368,5.77085,1014.44
657464,-0.789096,10.3539,0.392157,-1.4,5.67,7.42,-29.6204,-37.4899,6.52224,1014.44
657470,-0.760402,10.0909,0.57867,-2.1,5.18,9.03,-29.8209,-39.4866,4.67921,1014.44
657476,-0.851267,10.2391,0.277379,-4.9,6.37,8.33,-30.1074,-38.9657,5.69997,1014.44
657482,-0.942133,10.2965,0.167384,-5.39,1.19,8.4,-29.6777,-37.6346,5.9268,1014.42
657488,0.583453,9.97609,0.454328,-5.95,12.53,9.8,-30.3939,-38.8789,6.33794,1014.42
657494,-1.58776,10.0335,0.961262,-3.08,5.04,9.24,-29.0761,-39.2262,5.71414,1014.42
657500,0.047824,10.0574,0.334768,-5.67,9.94,8.82,-29.6777,-38.2133,5.18959,1014.42
657506,-0.23912,9.5935,0.923003,-4.13,13.79,8.75,-29.4485,-37.6056,6.12528,1014.44
657512,-0.49737,9.69871,0.879962,-2.94,11.97,6.86,-30.5657,-39.805,5.2463,1014.44
657518,-0.196078,9.7274,0.645624,-3.71,13.79,6.16,-29.3053,-37.895,4.86351,1014.42
657524,-0.535629,9.50263,0.93735,-2.73,13.72,5.6,-30.8809,-37.403,5.38807,1014.42
657530,-0.832138,9.63654,0.793878,-1.82,9.94,5.04,-29.9642,-38.5027,5.69997,1014.42
657536,-0.416069,9.71784,0.569106,-1.89,11.27,5.46,-29.3912,-39.1104,5.96933,1014.41
657542,-0.612147,9.65567,0.71736,-0.77,11.13,4.9,-29.8496,-37.432,5.31718,1014.41
657548,-0.903874,10.1243,0.11956,-4.62,7.56,5.32,-29.1334,-38.9947,5.37389,1014.47
657554,-0.841702,9.98087,0.396939,-4.13,6.51,6.51,-29.6204,-39.3709,5.57237,1014.47
657560,-1.1143,10.1817,0.21999,-7.14,3.36,7.28,-29.5631,-37.8082,6.02604,1014.38
657566,-0.927786,9.86609,0.483022,-7.98,-0.42,7.98,-30.1074,-37.8661,6.05439,1014.38
657572,-0.564323,9.99522,0.277379,-9.31,-0.84,7.84,-29.8496,-37.9529,5.75667,1014.47
657578,-0.750837,9.95218,0.334768,-11.48,-2.24,8.05,-29.7636,-37.3741,5.85591,1014.47
657584,-0.813008,9.89957,0.545194,-11.76,-4.55,8.61,-30.0788,-36.6506,5.50149,1014.49
657590,-0.636059,9.99522,0.392157,-12.6,-5.81,9.17,-29.9928,-38.7342,4.55162,1014.49
657596,-0.306074,9.78957,0.554758,-14.49,-5.04,8.4,-30.5085,-37.895,5.01946,1014.48
657602,-0.521282,9.54089,1.02343,-12.95,-6.23,8.75,-29.7923,-37.8371,5.55819,1014.48
657608,-0.650406,9.69871,1.02343,-11.62,-7,8.47,-30.9954,-38.5027,4.72174,1014.48
657614,-0.392157,9.70349,0.827355,-12.46,-7.14,8.26,-30.2793,-38.8211,4.19719,1014.48
657620,-0.325203,9.47394,1.04735,-10.5,-6.44,8.33,-30.4798,-37.8371,5.14706,1014.48
657626,-0.468675,9.76566,0.760402,-10.5,-7.98,8.4,-31.7116,-38.4738,4.59415,1014.45
657632,-0.286944,9.81349,0.664754,-10.92,-6.51,8.19,-29.9928,-38.9947,3.21897,1014.45
657638,-0.530846,10.0574,0.569106,-12.46,-7.07,9.03,-30.9095,-38.4159,6.43718,1014.43
657644,-0.425634,9.78001,0.803443,-12.46,-6.79,8.61,-30.4798,-37.2873,5.62908,1014.43
657650,-0.49737,9.8087,0.726925,-13.16,-8.4,10.29,-30.7376,-37.9818,3.97035,1014.44
657656,-0.626494,10.1913,0.621712,-14.07,-7.91,11.34,-30.6803,-38.3291,4.2539,1014.44
657662,-0.626494,10.0574,0.444763,-15.75,-8.68,11.55,-31.0527,-36.477,4.40985,1014.45
657668,-0.416069,10.043,0.621712,-16.1,-8.75,11.83,-30.7663,-37.9529,5.82756,1014.45
657674,-0.349115,9.89479,0.93735,-16.66,-8.54,12.53,-31.0241,-38.5027,4.45238,1014.46
657680,-0.621712,10.0143,0.989957,-17.5,-8.96,13.51,-31.1387,-37.3741,5.37389,1014.46
657686,-0.35868,9.93783,0.899091,-16.52,-7.84,14.21,-31.8548,-36.8532,5.45895,1014.46
657692,-0.511717,10.1291,0.870397,-17.5,-6.37,15.12,-31.196,-38.7342,4.31061,1014.46
657698,-0.349115,10.3204,0.559541,-18.34,-6.93,15.47,-30.9668,-37.5188,3.87111,1014.46
657704,-0.0813008,10.1387,0.798661,-19.74,-3.43,16.52,-30.2793,-37.1715,4.9344,1014.44
657710,-0.473458,10.3969,0.889526,-18.9,-2.8,17.08,-30.7949,-37.8371,5.20376,1014.44
657716,-0.435198,10.5787,0.746054,-21,-2.1,18.13,-31.3965,-38.3001,4.1263,1014.42
657722,-0.0573888,10.6217,0.669536,-24.43,1.47,19.18,-31.597,-37.2584,4.57997,1014.42
657728,-0.693448,10.4161,1.24821,-23.8,-0.49,21.7,-32.2845,-37.432,5.28883,1014.45
657734,-0.306074,10.8943,0.750837,-24.08,2.8,22.96,-31.0527,-39.1394,3.45998,1014.45
657740,-0.286944,11.4491,0.37781,-28.7,9.03,25.34,-31.5397,-36.5059,3.98453,1014.46
657746,-0.373027,11.0139,0.569106,-35.28,7.42,26.95,-31.8548,-36.1876,4.02706,1014.46
657752,-0.559541,11.186,0.506934,-36.54,4.48,28.14,-31.5397,-38.2133,3.20479,1014.46
657758,0.473458,10.1148,0.999522,-36.75,11.9,29.89,-31.9121,-37.2873,3.27567,1014.46
657764,-0.789096,10.6026,1.15256,-38.5,7.98,31.5,-32.3705,-35.7535,4.04124,1014.42
657770,-1.14778,11.2099,1.65471,-32.83,10.64,53.69,-32.9721,-37.432,3.16226,1014.42
657776,-2.36729,12.2525,2.50598,-31.71,4.41,41.02,-32.9148,-36.8243,1.53189,1014.42
657782,-1.34864,12.2286,0.746054,-36.61,1.47,47.81,-32.3991,-36.0719,3.68681,1014.43
657788,-0.554758,11.4586,1.30081,-31.78,5.46,54.39,-33.2585,-36.5349,2.21239,1014.43
657794,-4.82066,11.6643,6.2506,-9.24,-11.27,67.48,-33.4304,-37.0268,1.58859,1014.45
657800,-1.47776,12.6112,1.94644,-12.18,-13.09,74.34,-33.2585,-35.1458,2.77947,1014.45
657806,-0.143472,12.1664,1.06648,-11.48,-5.81,79.17,-33.5163,-34.9143,2.59517,1014.43
657812,-1.80775,11.5734,3.33333,-2.8,-7.77,85.96,-34.8914,-36.5928,1.47518,1014.43
657818,-2.32903,12.6494,3.14204,0.42,-11.69,94.71,-34.2325,-35.6378,2.19821,1014.45
657824,-1.9034,13.4194,2.20947,-0.7,-12.39,102.27,-34.9487,-34.5092,2.55264,1014.45
657830,-1.7934,12.9651,2.82162,4.13,-11.06,111.16,-35.6362,-34.9432,1.99973,1014.44
657836,-1.49211,12.8264,2.37207,9.87,-11.97,120.05,-36.4096,-35.059,1.33341,1014.44
657842,-1.85079,13.1994,2.3912,8.54,-11.55,127.75,-36.9539,-32.8886,3.30403,1014.45
657848,-1.64993,13.1564,2.95074,10.85,-12.46,134.89,-37.6128,-32.2519,2.7653,1014.45
657854,-1.87948,12.4342,3.80201,15.75,-12.11,142.45,-37.9279,-32.8018,1.57442,1014.45
657860,-2.18077,12.5538,3.61071,22.47,-17.57,149.94,-38.6154,-31.4995,3.45998,1014.42
657866,-0.832138,12.879,1.42516,25.13,-14.84,158.69,-38.73,-31.4995,3.30403,1014.42
657872,-0.401722,12.9555,1.28647,28.7,-12.18,165.34,-39.3889,-32.0783,2.46758,1014.46
657878,-0.894309,13.8785,1.07604,30.38,-8.05,174.86,-40.4202,-30.3419,3.21897,1014.46
657884,-1.4682,14.9546,0.521282,31.92,-3.64,186.55,-41.6233,-28.0558,4.22554,1014.42
657890,-1.35342,15.4328,0.286944,30.38,-2.17,197.4,-41.566,-29.1844,3.7577,1014.42
657896,-2.14252,16.9345,0.13869,26.32,-2.94,210.14,-43.0843,-28.9239,3.02049,1014.44
657902,-2.14252,17.1784,-0.176949,20.72,-1.47,224.42,-43.8291,-26.2905,3.17643,1014.44
657908,-2.45815,18.2162,0.0095648,13.37,1.12,239.26,-44.4307,-26.0301,3.02049,1014.43
657914,-3.40507,18.8474,-0.0095648,10.01,1.12,256.62,-45.6052,-25.3934,3.23314,1014.43
657920,-3.49115,19.9235,-1.46341,-1.68,2.8,275.73,-46.6078,-23.6571,4.15466,1014.44
657926,-2.85509,20.1865,-2.61597,-9.52,5.6,294.7,-46.9802,-22.2391,4.08377,1014.44
657932,-2.71162,21.9847,-3.06552,-18.41,15.33,314.02,-48.9569,-21.4577,2.19821,1014.45
657938,-4.06504,22.5012,-2.77857,-25.62,16.03,338.17,-49.9308,-20.2133,3.11973,1014.45
657944,-4.945,24.285,-1.41081,-32.55,23.66,362.67,-50.4751,-17.0879,5.04782,1014.45
657950,-7.35055,24.3711,0.306074,-35.7,21.77,389.83,-51.8215,-16.1619,2.87871,1014.47
657956,-8.55571,23.9263,2.46772,-34.93,6.86,416.5,-52.8528,-13.9047,2.7653,1014.47
657962,-7.02056,24.572,0.913438,-43.05,3.08,444.29,-52.8242,-10.7792,3.47415,1014.45
657968,-4.76805,25.0741,0.97561,-46.06,2.38,482.02,-52.9101,-8.89822,3.16226,1014.45
657974,-5.20803,23.7494,0.382592,-47.53,7.77,487.06,-55.431,-7.21977,2.25492,1014.48
657980,-3.95504,20.923,1.32951,-23.66,8.54,504.42,-54.9726,-3.51558,2.87871,1014.48
657986,-0.454328,18.2592,1.6308,1.19,4.9,507.29,-55.918,-1.37411,2.77947,1014.41
657992,0.813008,21.253,-0.023912,24.85,32.69,515.27,-57.2071,0.680557,2.43922,1014.41
657998,-0.746054,22.7355,-1.45863,21.49,52.36,512.89,-57.8373,4.90564,1.73037,1014.41
658004,-0.210426,24.0985,0.81779,20.86,60.97,507.08,-56.9206,6.72879,2.82201,1014.41
658010,-7.44141,29.3257,-1.94165,-3.36,49.49,512.89,-57.8087,9.5648,0.879737,1014.43
658016,-3.7494,25.7484,-1.26255,5.53,52.85,505.4,-58.0951,12.0246,0.86556,1014.43
658022,-2.66858,26.6714,-5.23673,-3.36,71.68,494.83,-56.0899,15.8156,1.21999,1014.43
658028,-8.8044,19.9809,-8.02009,-25.13,105,481.25,-56.6341,17.6677,1.30505,1014.4
658034,-11.4921,7.21664,-7.42707,-13.86,106.33,434.91,-56.8633,19.9539,-0.750634,1014.4
658040,-8.72788,-4.96413,-8.70875,-29.47,113.54,344.19,-55.4023,21.6323,0.511131,1014.38
658046,-17.2119,-3.77331,-8.78049,-59.08,93.17,316.89,-54.7435,23.6002,-0.410383,1014.38
658052,9.10569,-16.7288,11.8364,14.49,-1.89,180.46,-55.4023,24.7867,-1.07671,1014.39
658058,13.0799,1.18604,-3.13725,4.2,32.06,28.21,-54.6575,24.9024,-1.55873,1014.39
658064,1.77427,4.55763,-1.17169,1.89,19.11,-59.99,-54.0846,25.1629,-0.878229,1014.44
658070,-5.99713,2.86944,1.43472,3.36,-10.85,-148.61,-55.4596,25.3365,-1.04835,1014.44
658076,-8.94787,6.40363,-1.43472,-12.39,-34.09,-205.66,-55.5742,23.7449,-1.34607,1014.4
658082,-9.17264,11.6738,-4.98326,-45.29,-46.2,-237.58,-54.6862,22.3269,-0.410383,1014.4
658088,-8.26399,12.023,-4.7011,-71.82,-45.5,-250.81,-55.9753,22.1822,0.397714,1014.38
658094,-7.77618,10.4591,-3.62028,-80.22,-42.42,-252.84,-56.3477,19.9539,-1.04835,1014.38
658100,-6.82927,7.12578,-2.75466,-78.82,-36.19,-247.66,-56.2331,19.404,0.241766,1014.38
658106,-5.64801,5.4615,-3.29029,-72.8,-21.42,-242.55,-56.3477,17.6388,1.94302,1014.42
658112,-4.77762,0.234338,-2.41989,-55.02,-10.29,-240.52,-57.2357,15.7867,-0.268611,1014.42
658118,-4.10808,-2.46294,-2.12339,-27.16,1.96,-243.18,-56.9493,15.4394,-0.197726,1014.42
658124,-3.05117,-4.53372,-1.8747,5.39,14.49,-251.09,-56.4336,13.269,1.71619,1014.42
658130,-2.31946,-4.41894,-1.45385,32.27,26.46,-261.59,-57.9519,12.0825,-0.183549,1014.43
658136,-2.56337,-3.38594,-1.4682,60.62,34.44,-279.09,-57.8659,11.2722,-2.29594,1014.43
658142,-2.83118,-1.65949,-1.31516,82.81,43.61,-300.23,-57.1498,10.8092,-0.410383,1014.42
658148,-3.68723,-0.650406,-1.3582,94.64,45.15,-340.2,-56.7201,7.79953,-0.268611,1014.42
658154,-5.45194,1.76949,-0.946915,99.61,41.79,-348.53,-58.2957,5.74487,-2.70708,1014.4
658160,-6.55667,3.87374,-0.741272,96.6,35.14,-371.91,-56.892,4.18216,-0.963291,1014.4
658166,-7.35533,5.47107,-0.11956,90.3,25.34,-389.55,-55.4023,2.47477,-1.2043,1014.4
658172,-7.73314,7.89574,0.0860832,79.1,16.45,-404.18,-57.4076,-0.013977,-1.5162,1014.4
658178,-8.08226,9.01004,0.0669536,66.85,9.31,-412.79,-55.8034,-2.27121,-1.36025,1014.4
658184,-8.31181,9.48828,0.253467,56.35,0.21,-415.73,-54.2851,-3.94967,0.539486,1014.4
658190,-7.99617,9.15351,0.703013,52.29,-7.42,-414.82,-54.3424,-7.21977,0.511131,1014.4
658196,-7.25012,8.57963,0.81779,53.76,-14.91,-411.46,-53.2538,-9.44806,-0.807343,1014.36
658202,-6.52798,8.61789,0.760402,58.8,-18.06,-406.28,-52.4231,-10.5188,-0.0559544,1014.36
658208,-5.79149,8.92874,0.640842,66.64,-19.39,-400.05,-52.0507,-13.5863,-0.0559544,1014.34
658214,-4.61023,10.1387,0.334768,74.27,-17.15,-393.75,-52.0793,-16.0461,-1.00582,1014.34
658220,-3.71114,11.2817,-0.153037,80.36,-12.88,-387.87,-49.7017,-16.3355,-0.254434,1014.36
658226,-2.36251,12.7068,-0.449546,82.32,-5.04,-385,-49.3006,-18.7374,2.52429,1014.36
658232,-1.69297,13.3094,-0.430416,83.72,3.08,-384.51,-47.8969,-21.1104,-0.197726,1014.37
658238,-1.37733,14.0268,-0.253467,83.09,11.2,-386.68,-46.9516,-23.0783,1.57442,1014.37
658244,-0.923003,14.878,0.0860832,81.41,20.65,-391.16,-45.5766,-22.6731,1.82961,1014.37
658250,-1.28168,15.7437,0.310856,80.15,26.74,-393.26,-43.7718,-26.3773,1.1491,1014.37
658256,-1.99904,17.5992,0.813008,79.24,29.12,-393.26,-43.2275,-27.5349,1.60277,1014.38
658262,-1.99426,18.8666,0.860832,75.25,34.09,-387.52,-41.4801,-28.0558,1.97138,1014.38
658268,-2.6351,19.9857,1.81731,73.22,30.03,-377.37,-39.5321,-30.9497,1.30505,1014.38
658274,-2.08513,20.7652,2.1473,71.26,29.19,-367.43,-38.5295,-33.178,1.12075,1014.36
658280,-1.79818,20.88,2.62554,73.29,27.02,-355.04,-37.0685,-33.0622,1.9572,1014.36
658286,-1.95122,21.9943,3.08943,75.81,22.82,-342.23,-34.4903,-34.1619,2.46758,1014.38
658292,-1.97513,22.6208,3.41942,80.92,19.95,-331.66,-33.3445,-36.5638,1.87214,1014.38
658298,-1.88905,24.0268,3.54854,83.58,12.67,-322,-31.4824,-37.6056,2.6377,1014.38
658304,-0.884744,24.6246,2.80249,81.76,6.44,-320.04,-30.7376,-37.0558,3.03466,1014.38
658310,-1.10952,25.1363,4.52893,87.22,-6.51,-322.84,-28.6464,-39.2262,3.17643,1014.37
658316,0.765184,26.5806,2.94118,80.08,-16.45,-331.87,-26.9276,-39.9786,3.43162,1014.37
658322,1.02343,26.1502,3.33812,77.21,-33.81,-345.17,-26.0109,-39.8629,4.94858,1014.4
658328,3.40029,26.4228,2.49163,72.73,-48.02,-360.99,-24.1776,-41.7728,5.2463,1014.4
658334,4.82066,26.131,2.04687,66.64,-62.93,-379.12,-21.5707,-43.3066,4.49491,1014.37
658340,7.21186,24.988,1.58776,61.88,-72.59,-393.12,-19.9092,-42.612,4.99111,1014.37
658346,8.21138,23.8403,2.6351,64.05,-74.48,-395.78,-18.9925,-42.8146,6.6073,1014.37
658352,9.86609,23.4051,3.1803,76.09,-80.01,-385.98,-16.3284,-44.8982,5.60072,1014.4
658358,15.1554,26.2649,1.31994,75.95,-73.57,-366.59,-13.4064,-45.2166,7.55717,1014.4
658364,18.484,27.9579,0.243902,66.29,-61.04,-324.66,-12.3752,-44.3773,7.44375,1014.41
658370,23.1181,29.034,-1.35342,49.35,-49.49,-312.76,-9.9402,-45.8243,8.50704,1014.41
658376,26.3702,28.2688,-2.27164,27.23,-34.51,-279.02,-7.50524,-46.5767,7.35869,1014.44
658382,29.56,26.0163,-2.80249,9.94,-19.67,-244.93,-6.9896,-45.4191,7.14603,1014.44
658388,32.1425,21.473,-1.14778,-3.85,-13.72,-199.92,-6.1302,-46.4609,6.96173,1014.43
658394,38.2688,15.6958,0.980392,14.77,12.04,-154.7,-4.4114,-46.6346,7.28781,1014.43
658400,41.1143,12.4247,4.022,28.91,22.4,-106.05,-3.9817,-46.1137,7.65641,1014.44
658406,41.4299,12.1234,5.50454,52.29,23.24,-47.46,-4.18223,-46.2294,8.16679,1014.44
658412,40.3874,13.8211,6.75753,68.04,33.67,9.38,-3.20825,-47.0976,7.57135,1014.45
658418,36.9058,15.0598,6.2219,70.14,34.51,58.17,-3.66659,-46.7214,8.03919,1014.45
658424,33.7303,15.605,5.37064,65.03,38.15,99.05,-4.75516,-44.6956,9.59868,1014.45
658430,28.3022,16.5136,3.6681,53.13,38.36,127.26,-4.15358,-46.7503,9.0883,1014.45
658436,-6.21712,59.6891,14.3615,293.3,304.43,406.91,-5.12757,-46.895,9.35767,1014.45
658442,34.0746,19.2348,-55.6624,-405.51,-237.09,276.29,-7.82035,-44.8403,9.62703,1014.47
658448,7.87661,-17.6518,-5.07891,-173.32,207.06,320.39,-9.68238,-45.014,8.28021,1014.47
658454,-47.2453,-2.56337,14.9546,-139.02,-58.73,372.47,-10.4845,-46.1137,6.93338,1014.41
658460,-15.2415,-1.86514,13.1181,8.12,-204.54,343.14,-13.2632,-44.6378,6.99009,1014.41
658466,-2.1186,5.00717,4.2659,3.64,-91,354.97,-16.1279,-43.4223,7.9116,1014.43
658472,-6.37016,0.932568,14.8015,92.54,-137.34,351.05,-16.5862,-44.4641,7.37287,1014.43
658478,3.94548,6.43233,7.71879,130.55,-186.83,318.99,-17.9326,-43.104,8.98906,1014.39
658484,14.9307,25.098,-9.09613,37.31,-146.09,315.07,-20.9405,-41.3966,9.25843,1014.39
658490,16.1119,31.4921,-13.7494,-79.94,-60.48,309.96,-21.0837,-42.3516,8.29438,1014.42
658496,13.7159,23.4098,-4.34242,-128.52,-32.83,267.12,-22.7739,-42.2358,9.00324,1014.42
658502,3.98852,7.78575,10.0478,-70.63,-31.64,242.97,-24.7791,-40.5285,8.7197,1014.43
658508,7.87661,10.4017,5.97322,-42.84,-16.45,219.87,-25.7531,-40.0944,7.71312,1014.43
658514,2.2286,12.3482,-0.071736,-59.85,28.63,218.68,-26.9563,-40.5574,6.69237,1014.43
658520,-2.62554,11.1669,1.6308,-67.55,-18.9,220.01,-27.5006,-38.4448,7.64223,1014.41
658526,13.3094,12.1377,11.1286,-26.32,-99.61,88.69,-28.7037,-38.0108,7.5997,1014.41
658532,15.6671,14.5863,-5.00239,-9.87,-45.92,55.37,-28.1881,-39.2551,7.03262,1014.41
658538,5.58584,17.9005,-11.4347,-76.23,-14.14,54.04,-28.1308,-38.8789,7.2311,1014.41
658544,-2.42468,5.08369,3.89766,-82.04,-38.29,55.51,-29.1907,-38.0686,7.34451,1014.41
658550,0.846485,4.09373,8.37398,-27.65,-36.26,47.88,-29.5345,-38.4448,7.31616,1014.41
658556,4.66284,6.62362,3.90722,-6.37,-8.05,38.5,-28.9615,-38.5027,6.2954,1014.42
658562,1.95122,7.5275,4.19895,4.27,-5.88,28.98,-29.6204,-37.5767,6.90502,1014.42
658568,1.17647,9.13438,1.64036,11.2,-2.59,24.92,-29.3053,-37.3452,6.70654,1014.38
658574,-0.449546,12.2286,-1.45385,0.14,-1.61,20.65,-29.7063,-38.9079,5.96933,1014.38
658580,0.631277,9.76088,-0.822573,-4.48,-1.89,21.49,-29.7923,-37.8371,7.16021,1014.4
658586,1.97035,9.2922,-0.0908656,-5.74,3.92,13.65,-30.1933,-36.6506,7.62806,1014.4
658592,-0.229555,9.32568,2.10904,-0.21,-0.35,10.5,-30.4798,-38.4738,6.13946,1014.43
658598,1.20038,9.66523,0.741272,-1.12,7.98,11.06,-30.6803,-37.7503,6.04022,1014.43
658604,-0.153037,9.82783,0.894309,2.87,12.46,9.38,-30.6517,-37.0558,5.87009,1014.43
658610,-1.22908,10.1243,1.11908,6.72,2.87,8.33,-31.2533,-38.358,6.81996,1014.43
658616,-0.444763,11.4347,-0.382592,-3.5,13.09,11.06,-30.5657,-38.3001,7.08932,1014.43
658622,-1.34864,9.78479,1.04256,-0.28,5.46,10.85,-30.1647,-36.9111,7.07515,1014.45
658628,-0.908656,11.1526,-0.143472,-2.38,4.2,14.7,-30.3652,-37.0558,6.59313,1014.45
658634,-0.602582,11.186,-0.37781,-7.21,3.22,14.63,-30.8809,-39.0815,6.55059,1014.44
658640,-0.61693,10.9708,-0.301291,-12.88,2.87,16.03,-30.7376,-36.4481,6.86249,1014.44
658646,-1.09517,10.923,0.229555,-17.57,1.68,18.97,-31.0527,-36.94,6.69237,1014.42
658652,-0.33955,10.2343,0.301291,-16.66,1.4,35.7,-30.7949,-37.895,5.96933,1014.42
658658,-0.234338,9.5935,1.12865,-17.92,4.41,19.11,-31.3106,-37.7793,6.81996,1014.41
658664,0.11956,9.52654,0.980392,-13.3,5.88,18.27,-30.8522,-36.6506,7.31616,1014.41
658670,0.0047824,9.97609,0.693448,-17.64,5.6,17.29,-30.7949,-36.9979,6.04022,1014.46
658676,0.071736,9.31133,1.09039,-13.58,4.76,16.45,-31.1673,-37.4899,6.1111,1014.46
658682,0.0382592,9.70349,0.722142,-13.72,4.2,15.19,-31.8835,-36.8821,5.57237,1014.46
658688,0.0334768,9.94739,0.215208,-15.12,3.43,13.72,-31.6543,-37.403,6.09693,1014.43
658694,0.023912,9.98087,0.296509,-17.43,2.45,12.6,-31.9694,-38.4448,6.12528,1014.43
658700,0.071736,10.043,0.133907,-19.46,1.61,11.55,-31.7976,-37.2005,6.99009,1014.46
658706,-0.396939,10.5595,-0.124342,-23.17,-1.68,11.06,-31.8262,-36.477,7.98248,1014.46
658712,-0.0047824,10.2917,0.124342,-25.2,-0.56,11.13,-32.0267,-38.0686,5.00529,1014.43
658718,-0.0526064,9.77044,0.674318,-24.92,-2.17,10.5,-31.597,-37.9529,5.20376,1014.43
658724,0.401722,10.0239,0.430416,-25.69,0.98,10.78,-32.1127,-36.1876,6.16781,1014.42
658730,0.0573888,9.57436,0.851267,-26.6,-0.56,10.36,-31.9121,-37.6635,5.64326,1014.42
658736,0.0669536,9.70827,1.04256,-26.74,-1.68,9.24,-32.1986,-37.8082,5.35971,1014.45
658742,0.191296,9.65088,1.06648,-24.36,-0.7,10.22,-32.2845,-36.5349,5.77085,1014.45
658748,-0.0908656,9.93783,1.09995,-26.53,-2.24,9.73,-31.8835,-36.6217,5.16123,1014.44
658754,-0.0334768,9.77044,1.21951,-26.6,-2.73,10.15,-31.7689,-37.8661,4.48073,1014.44
658760,-0.109995,10.9469,0.549976,-26.39,0.98,12.04,-32.1127,-36.6506,4.67921,1014.44
658766,-0.0286944,10.4878,0.0143472,-31.29,1.68,12.95,-31.9981,-36.1297,6.16781,1014.43
658772,-0.310856,10.6074,0.554758,-35.56,0.63,14,-31.3106,-37.4899,3.77187,1014.43
658778,-0.143472,10.3491,0.741272,-35.91,0.49,15.61,-32.8288,-36.6506,3.81441,1014.42
658784,0.196078,10.2917,0.454328,-38.92,2.94,16.17,-31.9121,-36.014,4.4382,1014.42
658790,-0.483022,10.6026,1.17169,-40.11,4.83,18.83,-32.1986,-37.2873,3.58757,1014.43
658796,-0.473458,10.4926,0.683883,-42.28,3.01,19.67,-32.17,-37.7793,2.99213,1014.43
658802,0.583453,9.3209,1.26734,-40.67,7.14,20.16,-32.4851,-36.2455,4.32478,1014.42
658808,-0.176949,8.99091,1.9847,-38.78,4.69,20.65,-32.6283,-36.1008,4.28225,1014.42
658814,0,8.5605,2.25729,-33.04,3.22,20.72,-33.2299,-37.0847,2.52429,1014.5
658820,0.263032,8.48876,2.6351,-27.02,4.9,21,-33.1153,-36.1876,3.60175,1014.5
658826,-0.430416,8.8857,2.93161,-19.46,1.47,22.54,-33.5736,-35.8982,3.2615,1014.43
658832,-0.846485,10.3013,2.69249,-16.59,1.89,25.76,-33.1153,-36.8821,2.58099,1014.43
658838,-1.13821,10.9804,2.31946,-19.11,-0.91,29.47,-33.0866,-36.94,3.43162,1014.48
658844,-0.679101,9.56958,2.76901,-15.61,-4.41,31.22,-33.9747,-35.6088,4.39567,1014.48
658850,-0.0286944,9.09134,2.89813,-9.8,-3.71,32.27,-33.0294,-36.2165,3.65846,1014.48
658856,-0.353898,9.57915,3.24725,-4.13,-5.74,35.28,-33.6882,-36.5928,3.17643,1014.45
658862,-0.540411,10.703,2.05643,-1.96,-6.09,38.99,-33.1726,-34.7407,3.84276,1014.45
658868,-0.344333,10.7891,2.07078,-3.01,-6.86,41.3,-33.8601,-35.9561,3.1339,1014.48
658874,-0.45911,10.5739,3.05595,2.17,-7.91,44.66,-34.519,-36.9111,2.59517,1014.48
658880,-0.97561,11.5304,2.51076,6.37,-10.29,50.4,-34.433,-35.0011,2.92125,1014.47
658886,-0.73649,11.9512,1.82209,6.51,-9.17,55.37,-34.2039,-34.1908,4.18301,1014.47
658892,-1.06169,12.9747,1.2769,2.38,-11.48,61.81,-35.5216,-36.014,2.4534,1014.44
658898,-0.549976,12.3625,2.02296,4.13,-7.35,68.67,-35.006,-35.0011,3.54504,1014.44
658904,-1.38211,12.3147,2.77857,8.47,-10.92,74.76,-35.4357,-34.3934,4.49491,1014.46
658910,-1.31994,12.8455,2.24295,8.96,-11.06,82.88,-36.0372,-35.0011,4.49491,1014.46
658916,-1.42516,13.3572,2.07078,9.17,-11.97,91.63,-36.1232,-34.8564,3.45998,1014.45
658922,-1.31516,13.2042,2.17599,11.76,-10.43,99.82,-36.0659,-33.0622,4.05542,1014.45
658928,-1.81253,13.6298,2.5012,10.85,-14.84,108.57,-36.1805,-32.8018,3.54504,1014.45
658934,-1.53037,14.0842,2.07078,12.32,-13.58,119,-37.269,-34.2776,3.45998,1014.46
658940,-1.3869,13.8785,1.96078,14.98,-12.67,128.38,-37.756,-31.7021,3.11973,1014.46
658946,-1.43472,14.3137,1.68819,15.19,-12.74,138.81,-38.5581,-30.9497,4.94858,1014.45
658952,-1.36298,14.1416,2.29555,17.15,-10.71,148.33,-39.3603,-31.0944,2.31163,1014.45
658958,-1.5495,13.6538,3.42898,24.64,-9.66,158.06,-40.0191,-30.6892,3.45998,1014.41
658964,-1.33907,13.142,3.07508,37.87,-8.89,169.68,-40.2769,-29.1844,4.79263,1014.41
658970,-2.17121,14.6676,3.6968,43.4,-11.27,180.11,-41.2796,-29.387,4.29643,1014.45
658976,-2.57771,16.4323,3.13725,46.34,-13.93,192.01,-41.3655,-28.9529,3.65846,1014.45
658982,-2.66858,17.0923,1.94644,47.6,-12.46,207.97,-42.2536,-26.9561,5.09035,1014.45
658988,-2.88379,18.2162,0.210426,41.44,-13.93,224.98,-43.027,-26.2037,5.26047,1014.45
658994,-2.7977,18.8044,-0.253467,35.28,-10.71,241.01,-44.5166,-25.6538,3.87111,1014.45
659000,-3.17551,19.1774,-0.416069,25.83,-8.68,259.14,-44.5739,-23.8307,5.34554,1014.45
659006,-3.98852,19.2587,-0.607365,15.19,-10.36,276.5,-45.5479,-22.8757,5.48731,1014.45
659012,-3.43376,20.263,-0.903874,8.54,-8.75,292.25,-47.0662,-22.1812,4.76427,1014.45
659018,-3.78766,22.659,-3.01769,-4.2,-7.42,315.63,-48.0688,-20.8789,3.92782,1014.45
659024,-2.97465,24.1176,-4.96891,-19.25,6.09,341.46,-48.2407,-18.477,5.77085,1014.43
659030,-4.49067,24.9402,-5.31325,-30.17,12.81,368.13,-49.8449,-18.5059,4.42402,1014.43
659036,-5.48541,25.801,-1.69297,-32.06,19.32,398.93,-50.7043,-16.5092,4.11212,1014.43
659042,-8.01052,25.7915,0.927786,-26.04,15.12,433.58,-51.1054,-13.4706,4.92022,1014.43
659048,-8.43137,28.9287,2.50598,-27.51,0.7,481.39,-53.2252,-10.6056,5.17541,1014.45
659054,-7.25968,31.076,0.406504,-43.4,4.55,500.99,-54.1132,-9.76639,3.7577,1014.45
659060,-9.63654,27.4701,-0.315638,-65.17,12.25,525.07,-54.8008,-5.62813,4.35314,1014.45
659066,-7.56097,19.6318,3.12769,-35.14,-9.94,538.93,-55.0586,-2.64742,4.55162,1014.45
659072,-0.746054,18.3357,4.14634,24.78,5.46,551.39,-56.9779,-0.679571,2.90707,1014.43
659078,-3.40029,25.495,0.267814,33.04,38.99,561.89,-57.0066,2.59053,3.60175,1014.43
659084,-3.38116,21.2099,3.16595,54.53,27.16,537.95,-56.2617,5.88956,4.42402,1014.43
659090,0.731707,28.1396,-0.277379,45.64,55.44,542.92,-57.4649,8.03104,4.08377,1014.43
659096,-3.62028,32.9986,0.540411,14.7,62.3,538.79,-56.806,11.1854,3.38909,1014.43
659102,-7.45576,33.5055,-0.526064,-13.79,67.9,536.27,-56.1185,14.0503,4.63668,1014.43
659108,-7.92922,20.813,0.435198,7.98,44.94,515.69,-56.1758,17.7835,3.77187,1014.43
659114,-4.58632,18.8379,-3.83548,14.63,78.33,475.02,-56.9206,19.404,2.12733,1014.43
659120,-10.5308,5.92539,-10.4352,-21.98,105,409.64,-55.2591,21.8928,2.7653,1014.43
659126,-12.3864,-2.96031,-9.96174,-30.87,113.75,345.1,-53.9127,23.7159,2.16986,1014.43
659132,-4.15591,-18.4457,6.82449,-29.12,28.42,272.09,-55.3164,25.7995,0.66708,1014.43
659138,19.7417,-18.2114,7.36968,56.35,39.76,61.88,-54.1705,26.986,1.16328,1014.46
659144,5.978,5.06934,-7.69488,1.05,59.43,-63.21,-53.3684,26.1179,1.67366,1014.46
659150,-3.70636,-2.35772,4.63893,35.42,34.02,-175.98,-54.4284,25.6259,1.24834,1014.44
659156,-7.13056,3.41942,1.20038,31.15,6.79,-268.59,-55.2878,23.9764,0.142526,1014.44
659162,-10.66,14.2085,-4.83022,-12.39,-5.18,-297.15,-55.3164,22.5294,-0.0984858,1014.41
659168,-11.3056,15.5189,-4.28981,-45.78,-7.21,-313.25,-55.0586,21.2561,1.21999,1014.41
659174,-10.9421,14.2802,-2.97465,-77.28,-11.2,-308.28,-57.379,19.5777,0.128348,1014.41
659180,-10.0861,10.7747,-2.2286,-84.07,-8.12,-301.35,-56.4336,18.5069,1.82961,1014.46
659186,-9.82305,6.93926,-1.61645,-78.47,-6.72,-289.03,-56.6055,16.4523,0.582017,1014.46
659192,-7.57532,4.49067,-2.86944,-75.74,2.8,-274.54,-57.2644,14.6291,0.681257,1014.42
659198,-7.05882,0.349115,-1.83644,-52.85,9.8,-263.69,-56.6914,13.7031,0.298474,1014.42
659204,-5.75323,-2.79292,-1.28647,-25.34,15.68,-258.09,-55.5742,12.6323,1.36176,1014.39
659210,-5.18412,-3.20899,-1.22429,1.68,25.34,-249.62,-57.1784,11.1854,1.57442,1014.39
659216,-4.76805,-3.37637,-0.980392,35.91,30.24,-253.47,-57.0352,9.13072,1.1491,1014.44
659222,-4.07939,-2.7977,-0.540411,63.98,32.83,-261.59,-56.2617,7.88635,1.92885,1014.44
659228,-3.87853,-2.16164,-0.741272,84.42,32.69,-276.15,-56.2617,6.75773,1.06404,1014.39
659234,-4.07939,-0.162602,-0.803443,93.31,31.29,-302.61,-57.5508,4.67413,0.511131,1014.39
659240,-4.72501,0.81779,-0.200861,99.12,29.12,-330.61,-56.1185,3.45869,0.596194,1014.4
659246,-5.94452,3.5055,-0.272597,93.38,20.16,-354.2,-55.9753,2.53265,1.40429,1014.4
659252,-7.28838,6.50885,0.0191296,83.72,10.85,-375.69,-56.4623,-0.332304,-0.665572,1014.38
659258,-7.75227,7.64706,0.186514,74.13,0.98,-388.99,-56.5482,-2.99468,0.86556,1014.38
659264,-8.08226,8.94309,0.196078,63.28,-9.24,-396.2,-55.8034,-4.18118,0.553663,1014.38
659270,-7.14491,8.97657,0.272597,56.84,-13.86,-400.19,-54.6862,-6.7278,0.312651,1014.39
659276,-6.4132,8.47441,0.210426,52.29,-18.13,-400.05,-55.0586,-8.63777,0.36936,1014.39
659282,-5.56193,8.09182,0.325203,55.16,-19.25,-399.91,-52.9674,-10.0268,0.908091,1014.35
659288,-5.27499,8.32138,0.368245,60.76,-18.83,-396.76,-52.6809,-12.5735,2.82201,1014.35
659294,-4.31372,9.43568,0.0765184,65.59,-16.1,-392.35,-52.3658,-15.3227,0.922268,1014.36
659300,-3.56289,9.94261,0.0526064,71.19,-11.9,-391.93,-50.9621,-16.596,1.73037,1014.36
659306,-2.29077,11.1334,-0.344333,74.83,-4.69,-393.68,-48.699,-17.8693,2.51011,1014.35
659312,-1.81253,12.0182,-0.545194,74.83,4.83,-398.44,-48.4985,-20.4448,1.82961,1014.35
659318,-1.51602,12.8742,-0.535629,72.73,14.07,-405.51,-47.2094,-21.9497,2.22657,1014.38
659324,-2.066,14.3998,-0.329986,67.13,22.12,-412.23,-44.9177,-23.2519,3.57339,1014.38
659330,-2.1186,14.9593,0.186514,63.63,28.56,-417.69,-44.2588,-25.6538,1.99973,1014.36
659336,-2.30512,16.6523,0.569106,59.92,33.18,-419.86,-43.2848,-28.1715,2.62353,1014.36
659342,-1.83166,17.494,1.09995,59.08,38.5,-417.34,-40.7926,-28.5477,2.6377,1014.36
659348,-1.53515,19.1009,1.75992,61.18,41.79,-409.99,-39.0451,-30.6313,2.15568,1014.37
659354,-1.12386,20.4065,2.0373,61.67,43.68,-400.82,-37.5842,-32.5992,2.85036,1014.37
659360,-0.463893,21.5065,2.23816,61.18,47.67,-388.64,-36.3524,-33.4963,3.51669,1014.36
659366,-0.492587,22.286,3.20899,63.98,47.25,-376.53,-34.519,-35.059,3.02049,1014.36
659372,-0.659971,22.812,3.67288,67.41,46.13,-366.31,-33.3158,-37.2294,3.67263,1014.39
659378,-1.36298,23.9598,4.06026,71.33,40.88,-358.05,-31.4538,-37.6346,3.4458,1014.39
659384,-1.61645,24.3663,4.72023,74.55,30.1,-353.92,-28.7897,-37.9239,4.31061,1014.41
659390,-2.06121,25.1219,4.83501,76.16,14.42,-354.13,-27.2714,-39.6024,4.55162,1014.41
659396,-1.03778,26.1836,4.39981,74.48,-3.22,-358.75,-25.7245,-40.8178,4.33896,1014.35
659402,0,26.858,3.29029,68.11,-19.95,-367.57,-23.7479,-40.1522,4.96275,1014.35
659408,0.416069,27.3649,3.86418,63.84,-42.21,-374.22,-22.3728,-41.1651,5.48731,1014.4
659414,2.28599,28.2783,2.14252,58.8,-59.01,-377.16,-19.8806,-43.5381,5.79921,1014.4
659420,5.22238,27.2932,2.15686,56.91,-64.33,-372.61,-18.4196,-43.0172,6.22452,1014.4
659426,7.50837,27.0875,1.75992,61.74,-71.96,-365.26,-16.2424,-43.7985,6.50806,1014.43
659432,2.53467,45.8919,6.23625,34.44,-126.21,-346.22,-13.3491,-45.1587,6.26705,1014.43
659438,29.0722,24.0076,-11.6308,-8.4,-62.16,-324.94,-12.7189,-44.8114,6.59313,1014.39
659444,22.7021,13.6442,0.463893,39.41,-2.45,-307.16,-11.0861,-44.2326,6.6073,1014.39
659450,26.571,20.9373,-1.3582,52.43,-34.93,-321.37,-8.79433,-45.7664,7.1035,1014.46
659456,30.9469,25.3993,-5.62888,35.84,16.1,-295.68,-6.44531,-46.2584,6.12528,1014.46
659462,30.7126,21.8603,-0.200861,55.51,33.6,-253.61,-5.75779,-45.1587,7.17439,1014.43
659468,31.5447,18.7614,2.59206,66.36,34.3,-221.27,-4.69787,-45.0429,7.7273,1014.43
659474,34.3902,17.1114,3.26638,71.4,53.06,-168.42,-2.72125,-46.7792,8.32274,1014.44
659480,35.3276,17.9675,5.52845,73.36,48.16,-116.69,-2.43479,-45.1587,8.35109,1014.44
659486,37.0875,19.0005,6.67145,63.84,46.83,-52.71,-3.1796,-45.3034,8.39362,1014.43
659492,37.0923,20.4782,7.37924,45.85,45.5,6.44,-2.54937,-46.5188,8.42198,1014.43
659498,34.5576,20.1435,7.5275,32.06,44.38,55.72,-2.29156,-46.3452,8.50704,1014.44
659504,20.6982,39.1631,10.4543,108.01,109.97,205.03,-3.66659,-44.8403,10.5202,1014.44
659510,18.3405,71.5208,0.401722,-189.7,-41.51,328.37,-4.32546,-45.5928,9.96728,1014.44
659516,36.5997,21.4538,7.30751,-235.97,1.05,371.77,-5.44268,-46.7792,7.44375,1014.43
659522,-4.43807,-5.24151,1.12386,-146.23,113.05,379.75,-8.67975,-45.014,7.20274,1014.43
659528,-28.8092,-2.91248,16.5615,-117.74,-63.21,399.07,-10.6564,-44.6088,7.38704,1014.42
659534,-13.6633,-3.3142,20.6217,-10.57,-122.22,394.1,-12.5184,-45.6506,5.91262,1014.42
659540,-4.51459,6.7671,3.4242,38.64,-79.8,395.78,-14.4377,-44.2616,7.18856,1014.4
659546,-5.91583,18.2066,4.8637,42.56,-110.18,384.23,-16.9586,-43.0461,6.70654,1014.4
659552,4.24677,14.1559,2.62076,24.08,-123.06,363.09,-18.4769,-42.8725,6.2387,1014.44
659558,7.45098,9.67001,5.41846,25.13,-105.7,350.14,-20.8259,-41.8596,7.71312,1014.44
659564,12.9747,24.4907,-3.35724,-28.56,-106.05,315.21,-22.4588,-40.7889,7.71312,1014.44
659570,13.5916,19.1966,-6.3319,-54.95,-29.33,300.02,-23.3468,-41.3677,7.89742,1014.44
659576,8.94309,17.3123,-0.71736,-54.11,-19.46,266.35,-24.3208,-40.8178,7.54299,1014.45
659582,4.57676,15.6719,0.167384,-52.36,-43.05,244.37,-26.5552,-39.5156,6.70654,1014.45
659588,14.3376,12.5442,4.83501,-41.51,-75.32,144.06,-26.7844,-38.8211,7.27363,1014.45
659594,20.1483,8.77092,0.85605,16.8,-37.38,72.38,-27.787,-39.8339,6.63566,1014.46
659600,9.10569,14.6246,-8.14921,-14.7,2.45,52.92,-27.9876,-38.1844,7.38704,1014.46
659606,-1.75992,19.823,-6.8197,-85.54,-1.05,60.06,-28.4745,-37.2294,7.30198,1014.41
659612,-5.30368,5.10282,5.77714,-37.59,-46.55,60.2,-28.5032,-38.9079,6.70654,1014.41
659618,2.96509,7.54663,3.52941,-18.97,-22.47,50.54,-28.8469,-38.85,5.03364,1014.43
659624,4.55763,4.91152,3.63462,-7.7,6.51,40.6,-28.9042,-36.8821,7.25945,1014.43
659630,0.530846,6.99665,3.6968,7.91,-4.27,33.46,-29.1048,-38.358,6.7349,1014.39
659636,1.44907,10.1722,0.0143472,10.57,-1.68,27.02,-29.3626,-38.5027,6.55059,1014.39
659642,0.167384,10.5643,-1.20995,1.05,1.75,27.93,-28.7897,-36.4481,7.38704,1014.43
659648,1.05691,9.52176,0.0095648,6.51,0.49,17.78,-29.2766,-36.477,6.94755,1014.43
659654,-0.71736,10.5643,-0.83692,-2.8,-8.26,14.21,-30.0501,-38.2423,5.91262,1014.42
659660,1.74079,9.87566,-0.588235,-11.2,-2.03,12.88,-30.3652,-37.3162,6.69237,1014.42
659666,0.549976,9.90913,0.908656,-9.24,0.28,10.29,-30.1933,-36.5638,6.9192,1014.42
659672,-0.449546,10.0239,1.93687,-3.01,3.5,12.11,-30.2506,-38.2712,5.50149,1014.42
659678,-0.722142,10.7413,0.669536,-4.34,5.04,10.43,-30.5944,-37.7214,6.26705,1014.42
659684,-1.04256,10.0526,0.664754,-2.17,3.01,14.7,-29.735,-36.3902,6.423,1014.42
659690,-0.454328,10.66,0.559541,-4.69,2.94,15.05,-30.1933,-38.6764,6.46553,1014.42
659696,-0.411286,10.1339,0.827355,-4.2,6.16,14.49,-30.5085,-38.5606,6.36629,1014.43
659702,-1.02822,10.9278,-0.0526064,-6.58,3.57,16.87,-30.623,-36.5059,6.7916,1014.43
659708,-0.827355,11.6595,-0.47824,-11.2,7.98,18.69,-30.8236,-36.8532,7.50046,1014.41
659714,-0.095648,11.0617,-0.416069,-14.63,5.46,0.14,-30.4512,-38.387,6.93338,1014.41
659720,-0.37781,10.88,0.267814,-18.2,5.04,18.69,-30.1074,-36.7374,7.01844,1014.45
659726,-0.0047824,10.1483,0.49737,-17.43,5.18,17.36,-31.2246,-36.1876,7.44375,1014.45
659732,-0.109995,10.2869,0.282162,-19.88,6.37,16.8,-30.7949,-37.2005,6.15363,1014.42
659738,0.11956,9.60784,0.994739,-18.83,7,15.05,-31.3679,-37.6635,5.17541,1014.42
659744,0.277379,9.60784,0.588235,-18.76,7,13.09,-31.6543,-36.5349,5.33136,1014.43
659750,0.200861,9.94739,0.655189,-20.37,8.96,12.39,-31.683,-36.7953,4.72174,1014.43
659756,0.11956,9.60784,0.846485,-19.46,9.03,10.78,-32.0554,-38.3291,4.1263,1014.43
659762,0.148254,9.52654,0.870397,-18.13,9.52,9.17,-31.3679,-36.477,6.2954,1014.41
659768,0.392157,9.72262,0.37781,-16.94,10.57,8.89,-31.3965,-36.2744,5.33136,1014.41
659774,0.109995,10.0048,-0.186514,-21.56,13.23,7.21,-31.3965,-37.8082,6.2954,1014.41
659780,-0.511717,10.0622,0.650406,-26.25,11.06,6.58,-31.683,-36.2744,4.79263,1014.41
659786,-0.253467,10.0191,0.109995,-23.24,7,7.07,-31.0241,-35.5799,5.34554,1014.42
659792,-0.282162,10.3874,-0.153037,-28.21,6.86,6.3,-31.683,-38.0976,4.22554,1014.42
659798,-0.373027,10.3252,0.368245,-34.58,5.67,6.93,-31.2246,-36.2165,3.65846,1014.41
659804,-0.162602,10.0096,0.368245,-31.36,3.71,7.49,-31.3392,-35.0879,3.81441,1014.41
659810,-0.35868,10.0574,0.492587,-33.6,3.15,7.42,-31.6543,-36.5638,3.64428,1014.43
659816,-0.325203,9.83261,1.01865,-35.77,2.45,8.96,-32.084,-37.3452,4.09795,1014.43
659822,-0.444763,9.50741,1.44907,-30.73,2.03,10.71,-31.9981,-35.2616,4.65086,1014.44
659828,-0.334768,9.92826,1.09039,-31.71,2.1,11.69,-31.4824,-36.5059,4.04124,1014.44
659834,-0.526064,9.6748,1.56863,-29.47,0.84,13.58,-32.3132,-37.2873,2.7653,1014.44
659840,0.023912,9.89957,0.980392,-31.36,1.75,13.16,-31.3106,-36.2744,2.73694,1014.47
659846,-0.215208,9.59828,1.40124,-30.66,1.89,13.79,-32.17,-35.1747,3.84276,1014.47
659852,-0.167384,10.0287,1.13343,-31.5,0.42,15.68,-32.3132,-37.1426,2.07062,1014.47
659858,0.157819,9.51698,1.33429,-28.42,2.03,11.97,-31.683,-37.3741,2.25492,1014.47
659864,0.387374,9.39263,0.994739,-32.2,1.96,14.77,-31.9694,-35.4641,3.38909,1014.44
659870,0.37781,9.21568,1.63558,-29.12,3.08,12.11,-31.8548,-36.969,3.48833,1014.44
659876,-0.210426,9.94261,0.889526,-31.29,3.43,11.9,-31.7116,-37.1715,1.88631,1014.43
659882,0.243902,8.66093,2.35294,-26.53,2.1,13.79,-32.1127,-35.6667,3.89947,1014.43
659888,0.0430416,9.07699,2.09947,-24.71,-2.24,14.35,-31.9694,-36.7374,1.7729,1014.46
659894,0.0095648,9.73697,1.57341,-22.61,1.26,15.05,-32.3132,-37.2005,1.48935,1014.46
659900,0.023912,10.0622,0.664754,-25.06,2.24,16.31,-31.6257,-35.7825,1.84378,1014.47
659906,-0.172166,10.5978,0.81779,-27.44,3.5,17.71,-31.9981,-35.7246,3.14808,1014.47
659912,-0.626494,10.4113,1.05691,-28.56,4.48,21.07,-32.6569,-36.3323,2.41087,1014.42
659918,-0.353898,9.93783,1.79818,-26.81,3.57,22.4,-32.7715,-36.1587,1.91467,1014.42
659924,-0.387374,9.08178,2.95552,-18.83,5.04,24.5,-32.7429,-35.4352,2.83618,1014.42
659930,-1.65471,10.9613,3.32855,-14.63,0.84,29.26,-33.0007,-36.0719,3.02049,1014.43
659936,-2.95074,12.5777,3.81157,-17.29,-5.18,36.61,-33.4018,-36.014,1.19163,1014.43
659942,-0.769966,10.5356,2.23338,-10.92,-3.71,40.95,-33.4018,-35.3194,2.32581,1014.43
659948,-0.549976,10.6074,1.97513,-6.23,-3.22,46.2,-32.9721,-35.6378,2.1415,1014.43
659954,-1.5495,11.8747,2.41511,-8.54,-5.88,50.68,-34.2898,-35.9272,1.81543,1014.47
659960,-0.966045,11.2865,2.77379,-6.23,-5.95,55.58,-34.032,-34.6828,1.43265,1014.47
659966,-1.31994,10.99,3.22334,-1.89,-9.17,61.6,-34.9773,-34.1908,2.75112,1014.49
659972,-1.59254,11.5447,3.02726,2.45,-13.86,66.01,-35.5789,-35.2037,1.78707,1014.49
659978,-0.741272,11.7217,2.52511,6.09,-11.34,71.26,-35.2638,-34.9432,2.05644,1014.45
659984,-1.25777,12.4151,2.05643,6.93,-10.99,77.21,-35.5789,-33.2648,1.7729,1014.45
659990,-1.28647,13.1133,2.12817,6.02,-12.11,84.14,-35.5216,-34.3934,0.752143,1014.42
659996,-1.66428,13.7781,1.956,6.72,-13.72,93.87,-36.381,-34.1908,1.37594,1014.42
660002,-0.913438,13.9694,1.25777,7.28,-9.87,102.69,-36.2951,-33.4384,2.53846,1014.42
660008,-1.23386,14.1272,1.29125,5.46,-8.12,112.7,-37.0972,-33.3227,2.16986,1014.46
660014,-1.86514,13.7877,2.51076,6.02,-10.85,122.15,-37.8706,-32.9754,1.71619,1014.46
660020,-1.89861,13.4529,3.28551,8.54,-13.3,130.06,-38.1571,-32.5992,1.21999,1014.46
660026,-1.92731,13.1803,3.96939,12.6,-14.21,138.39,-37.9852,-30.805,2.6377,1014.46
660032,-2.56337,12.9938,4.51937,18.27,-21.21,148.61,-38.3003,-31.6731,1.82961,1014.42
660038,-1.47776,12.4725,4.21329,30.03,-20.44,156.38,-40.191,-30.4866,2.33998,1014.42
660044,-0.755619,13.6155,2.06121,37.38,-19.11,165.76,-40.0191,-29.0397,2.93542,1014.44
660050,-0.746054,15.3419,0.61693,35.84,-14.07,179.06,-40.4202,-29.1265,2.33998,1014.44
660056,-1.28168,17.1784,0.0621712,38.29,-8.54,191.1,-42.2822,-28.9529,3.24732,1014.46
660062,-1.73123,17.714,-0.468675,35.63,-2.87,208.18,-42.54,-26.5799,2.85036,1014.46
660068,-3.09421,19.8709,0.200861,31.43,-4.06,226.17,-42.9984,-26.4641,2.82201,1014.43
660074,-3.11334,21.4395,-1.53515,20.51,-1.47,243.25,-44.3161,-26.0011,2.75112,1014.43
660080,-3.25681,22.176,-2.89813,7.7,2.8,265.16,-44.6312,-24.2069,3.20479,1014.43
660086,-3.30464,22.5825,-3.72549,-1.47,8.96,289.45,-45.5479,-22.5574,3.51669,1014.44
660092,-2.879,24.6341,-4.79675,-10.92,14.35,312.27,-47.3813,-22.2391,2.70859,1014.44
660098,-4.50502,26.8819,-7.10665,-29.33,32.2,342.86,-48.5272,-19.9818,2.55264,1014.4
660104,-5.39933,25.9158,-4.61023,-34.16,29.54,371.21,-48.0688,-17.4352,3.02049,1014.4
660110,-5.64323,28.4457,-1.20516,-40.95,40.18,397.67,-49.4725,-17.2905,3.00631,1014.42
660116,-11.076,27.977,-0.33955,-50.96,23.94,435.12,-51.3345,-15.6989,1.81543,1014.42
660122,-8.51745,26.5519,-0.167384,-54.25,24.22,467.6,-51.9075,-12.1973,2.28327,1014.43
660128,-6.38929,24.6485,-0.870397,-51.24,27.79,491.96,-53.0533,-9.21655,2.42505,1014.43
660134,-6.09756,26.5662,-0.722142,-58.03,32.48,515.83,-53.8841,-8.26156,1.7729,1014.44
660140,-6.81492,21.2052,1.42994,-56.56,25.2,533.68,-54.6575,-5.686,0.76632,1014.44
660146,1.956,19.517,5.68627,12.53,22.75,533.61,-54.6862,-1.72137,1.47518,1014.42
660152,-1.22429,28.8714,-4.3472,-9.66,71.33,543.41,-56.2904,0.420107,0.454423,1014.42
660158,-5.39933,21.4347,3.25203,8.96,56.7,541.66,-58.2957,3.34294,0.610371,1014.39
660164,-2.6351,22.5012,2.35772,23.8,69.23,543.83,-55.3164,6.81561,0.624548,1014.39
660170,-3.87853,28.704,-0.545194,23.03,73.57,540.4,-57.0925,9.94101,-0.62304,1014.39
660176,-4.49546,29.3974,-3.12769,2.45,82.88,521.43,-57.0639,12.8638,-0.637217,1014.42
660182,-5.14108,27.6136,-2.99378,5.46,85.33,484.26,-56.0039,15.3236,-1.13342,1014.42
660188,-7.25968,22.2477,-10.2439,-31.85,130.06,465.08,-55.9466,17.8703,-0.296966,1014.4
660194,-13.4768,8.24486,-10.5308,-69.16,136.78,393.61,-56.2044,19.8381,-2.53695,1014.4
660200,-14.6772,-11.4586,-12.5347,-109.06,154.07,301.56,-54.8867,21.4008,-2.72126,1014.39
660206,-20.6839,-14.9067,-3.45768,-104.72,52.64,222.95,-54.056,22.8478,-2.96227,1014.39
660212,17.8814,-13.8929,9.20134,18.2,28.14,29.4,-54.8581,23.5134,-3.85543,1014.41
660218,3.52463,8.59876,-3.6681,-9.24,66.15,-75.46,-54.7435,23.5134,-3.51518,1014.41
660224,-9.12482,3.65375,2.84075,26.53,27.3,-161.98,-54.1992,22.6162,-3.71366,1014.41
660230,-13.7972,3.76375,1.34385,29.19,-14.35,-224.14,-54.7148,21.3429,-4.33745,1014.41
660236,-16.2793,8.96222,-2.32425,3.99,-44.8,-254.87,-55.8893,20.0117,-4.11062,1014.39
660242,-15.2224,12.5203,-3.52941,-23.03,-62.93,-263.13,-55.6315,18.8831,-2.5086,1014.39
660248,-13.472,10.8704,-2.11382,-35.7,-73.5,-259.63,-55.1159,17.8703,-2.39518,1014.39
660254,-12.1282,9.24916,-1.90818,-46.83,-85.4,-254.52,-56.892,16.568,-3.44429,1014.43
660260,-9.04352,5.53324,-2.88857,-39.97,-85.19,-247.59,-56.7487,15.3236,-1.77139,1014.43
660266,-7.51315,1.86992,-3.31899,-28.84,-81.97,-245.35,-56.3477,14.2529,-1.21848,1014.43
660272,-5.50933,-1.70253,-4.20851,-8.19,-69.3,-248.01,-57.3503,12.8928,-1.61544,1014.43
660278,-4.41416,-2.24295,-4.33285,13.23,-54.46,-252.07,-56.892,11.5616,0.596194,1014.42
660284,-3.31899,-2.10904,-3.29986,41.44,-40.32,-255.5,-56.6055,10.2015,0.284297,1014.42
660290,-2.42946,-1.21473,-3.20421,59.43,-23.94,-262.64,-56.6628,9.10178,-0.778989,1014.38
660296,-2.04687,-0.196078,-3.36681,77.98,-7.28,-271.46,-57.379,6.90242,-1.00582,1014.38
660302,-2.3099,1.14299,-3.1516,91,7,-286.72,-55.918,5.51335,0.284297,1014.43
660308,-2.27642,1.94165,-2.89335,95.41,17.99,-320.74,-55.8034,4.84776,0.440246,1014.43
660314,-3.2329,4.06982,-2.19034,96.67,28.77,-321.3,-56.4909,1.40403,-1.09089,1014.44
660320,-4.38546,5.43281,-1.7121,94.01,31.92,-338.59,-55.9753,1.25934,0.383537,1014.44
660326,-4.71066,6.77188,-1.22908,86.8,36.05,-350.21,-55.0872,-0.534877,-0.0843086,1014.39
660332,-5.5428,7.6088,-0.602582,78.82,35.42,-361.41,-55.5169,-3.16832,-0.42456,1014.39
660338,-6.11191,7.52272,0.0860832,75.46,32.2,-369.04,-55.0013,-4.55739,-0.778989,1014.39
660344,-6.53754,7.52272,0.559541,74.83,28.63,-372.82,-53.8268,-6.29372,-0.580509,1014.33
660350,-6.57102,7.73792,0.573888,74.13,24.08,-375.83,-53.5976,-8.49308,-0.793166,1014.33
660356,-5.82018,7.29316,1.44907,82.46,23.24,-378,-52.509,-11.1555,-1.2043,1014.39
660362,-5.55715,7.94357,1.32472,89.95,19.11,-378.42,-51.1913,-12.805,-0.141017,1014.39
660368,-4.80631,8.7231,1.09517,97.93,20.79,-378.56,-50.3319,-14.223,-0.32532,1014.41
660374,-4.43807,9.84218,1.34385,106.82,20.44,-378.21,-49.5584,-17.1169,-2.1967,1014.41
660380,-4.11286,11.2004,1.10952,110.46,20.51,-376.74,-49.4725,-18.94,0.624548,1014.35
660386,-3.25681,12.4151,1.33429,113.89,26.46,-378,-47.324,-20.0108,-0.495446,1014.35
660392,-3.31899,13.5581,1.45385,114.87,27.65,-380.45,-47.0662,-23.1362,-0.112663,1014.41
660398,-2.96031,14.4381,1.65949,114.87,31.71,-383.18,-45.376,-23.7149,0.440246,1014.41
660404,-3.19464,16.2506,1.86514,110.18,31.29,-385.42,-44.0869,-24.6699,1.71619,1014.4
660410,-3.30464,17.4605,2.30033,105.35,31.64,-384.79,-42.4254,-26.985,0.142526,1014.4
660416,-3.3142,19.8852,2.34338,95.9,32.41,-379.68,-41.9098,-28.7214,0.326829,1014.4
660422,-3.37637,20.5021,3.35246,90.02,30.94,-370.37,-40.1624,-29.6185,1.90049,1014.39
660428,-2.75466,21.8508,3.46246,80.99,27.02,-357.21,-37.9852,-30.8339,1.7729,1014.39
660434,-2.26208,21.889,4.20851,77.49,26.53,-343.56,-37.7847,-34.1329,1.16328,1014.38
660440,-1.71688,21.9417,4.85892,78.47,24.71,-330.33,-35.7508,-33.612,2.15568,1014.38
660446,-1.09517,22.8455,5.20325,79.31,23.1,-320.67,-33.8888,-33.8146,2.72277,1014.36
660452,-0.435198,23.2664,5.06934,79.8,22.4,-317.03,-31.6543,-36.1876,2.28327,1014.36
660458,-0.659971,24.4381,5.69106,75.32,22.4,-319.69,-30.623,-37.5477,2.60935,1014.36
660464,0.0526064,24.1846,5.978,83.44,12.18,-327.32,-29.4485,-36.8243,2.80783,1014.36
660470,0.875179,25.9971,4.94022,76.86,7.35,-338.8,-27.7584,-38.8789,3.09137,1014.42
660476,0.243902,26.7241,4.97848,72.94,-9.87,-352.38,-26.1255,-40.0654,3.23314,1014.42
660482,1.05691,27.6518,4.58632,63.35,-26.6,-367.71,-23.9197,-39.9786,4.56579,1014.43
660488,2.25251,27.7236,4.43328,53.9,-48.93,-381.71,-22.6593,-41.0204,4.79263,1014.43
660494,3.56767,27.6901,4.10808,45.01,-69.79,-392.14,-21.7139,-43.6249,4.96275,1014.43
660500,6.00191,26.4515,3.74462,39.06,-83.02,-395.08,-18.0472,-42.7278,4.79263,1014.42
660506,7.13056,25.1889,4.46676,43.68,-99.12,-389.62,-16.8727,-42.4384,4.67921,1014.42
660512,10.5452,26.1549,2.85031,44.17,-108.92,-375.41,-14.7242,-45.014,5.57237,1014.42
660518,16.4849,27.3649,0.33955,34.86,-104.58,-356.3,-12.4611,-45.0719,5.31718,1014.42
660524,19.6557,26.9345,-0.368245,26.04,-97.79,-333.41,-11.0288,-44.551,6.50806,1014.42
660530,24.4333,25.0311,-1.17647,17.36,-88.83,-301.28,-8.30734,-45.1587,5.98351,1014.42
660536,28.0823,22.9507,-1.26734,12.32,-73.15,-262.71,-6.90366,-46.1715,6.83414,1014.38
660542,31.4395,19.8422,-0.157819,16.45,-59.01,-223.44,-6.01561,-45.1008,6.02604,1014.38
660548,36.6188,15.275,2.65423,30.87,-45.29,-176.12,-5.7005,-45.94,6.04022,1014.43
660554,39.9091,14.0937,4.11765,48.51,-32.06,-125.58,-3.83847,-45.7953,6.9192,1014.43
660560,42.8981,15.318,4.56241,54.67,-20.58,-77,-3.83847,-45.7664,6.50806,1014.46
660566,43.2377,16.7336,4.75849,53.9,-5.95,-20.3,-3.89576,-45.3612,6.46553,1014.46
660572,39.6796,17.867,5.11239,47.81,5.11,33.81,-2.60667,-46.2584,7.24527,1014.45
660578,35.4328,18.087,4.35677,36.4,14.77,76.93,-3.12231,-46.403,6.26705,1014.45
660584,30.8274,18.2831,3.21856,16.66,19.67,113.68,-4.58328,-44.6956,9.04577,1014.45
660590,26.3988,16.0306,3.28551,11.41,25.55,135.87,-4.61193,-45.3612,7.5997,1014.45
660596,-35.0215,128.35,38.0823,133.49,71.96,499.03,-6.30208,-47.2133,8.20932,1014.45
660602,30.6408,-1.96078,-46.7719,-331.1,50.75,297.92,-8.96621,-44.4641,7.784,1014.43
660608,-31.4969,-19.0722,18.2544,-169.26,157.85,390.39,-10.1121,-44.4352,6.32376,1014.43
660614,-44.5672,-16.0593,28.527,63.35,-157.29,403.76,-11.7449,-45.5059,5.85591,1014.38
660620,-0.918221,10.9373,2.74988,76.3,-120.75,385.77,-14.7528,-43.7696,7.07515,1014.38
660626,4.08895,18.4553,-3.77331,44.38,-24.43,402.78,-16.0706,-42.7278,6.81996,1014.4
660632,-2.01339,10.9469,2.99378,26.81,-129.08,363.58,-18.2764,-43.4802,7.01844,1014.4
660638,6.83883,12.9077,1.42516,23.73,-167.58,332.64,-19.5368,-42.9593,6.77743,1014.42
660644,15.4854,26.7288,-4.68197,-32.62,-67.48,327.6,-22.3728,-40.2391,8.37944,1014.42
660650,10.11,25.2845,-5.60497,-102.06,-45.5,290.85,-23.7192,-41.2519,7.58553,1014.37
660656,4.54806,15.9923,1.45385,-88.55,-60.34,263.97,-24.5213,-40.4995,7.11768,1014.37
660662,5.67671,13.5151,0.923003,-80.85,-37.94,241.43,-26.0682,-39.4577,8.01084,1014.37
660668,3.12291,10.2248,2.83596,-67.48,-19.67,241.5,-26.8417,-38.6185,7.03262,1014.39
660674,18.0057,6.24581,0.741272,-44.31,-119.42,108.08,-28.0162,-39.1104,6.90502,1014.39
660680,16.968,13.5677,-1.7934,-18.76,-37.8,78.05,-28.3886,-37.5767,6.69237,1014.42
660686,11.6882,11.1286,-5.75323,-24.85,26.39,69.79,-27.5006,-37.0268,7.24527,1014.42
660692,-3.90244,11.3104,2.98422,-60.27,-8.4,67.13,-29.1048,-38.5606,5.89845,1014.37
660698,-2.84075,6.66667,4.61023,-24.71,-41.79,58.38,-29.3053,-38.2423,6.87667,1014.37
660704,5.37542,9.8087,-0.301291,-28.14,-5.18,52.5,-29.7063,-37.5188,6.63566,1014.4
660710,3.5868,4.72023,4.79675,-9.59,5.25,36.05,-29.2766,-38.1555,7.27363,1014.4
660716,1.51602,6.56145,3.64419,22.19,5.18,24.15,-30.1647,-38.1555,5.69997,1014.4
660722,0.411286,9.94739,0.760402,16.17,0.63,2.31,-30.1933,-37.0847,6.15363,1014.4
660728,0.373027,9.59828,-0.210426,10.78,0.07,15.82,-30.3079,-37.432,7.28781,1014.4
660734,1.49211,10.5691,-1.18604,3.85,2.73,7.7,-31.3965,-38.358,6.80578,1014.4
660740,1.17647,9.48828,-0.0191296,10.78,4.55,5.81,-30.3079,-37.2005,6.97591,1014.4
660746,-0.454328,9.99522,0.588235,7.07,2.31,4.83,-30.3652,-36.3902,6.49389,1014.41
660752,1.24821,11.0473,-0.444763,0.63,10.01,0.98,-30.136,-38.0976,5.41642,1014.41
660758,-0.272597,9.8087,1.41081,9.38,10.64,2.45,-31.11,-37.9529,6.25287,1014.4
660764,-1.57341,11.3534,-0.0286944,5.74,3.36,5.95,-30.4512,-36.8243,6.81996,1014.4
660770,-1.033,11.9177,-1.0043,-2.17,7.77,10.29,-30.7663,-38.2133,6.46553,1014.45
660776,-1.41559,10.6313,0.47824,-1.12,3.29,12.25,-30.3079,-38.5317,5.71414,1014.45
660782,-0.664754,10.6648,0.363462,-4.41,6.16,15.75,-30.1933,-36.8821,6.01186,1014.45
660788,-0.511717,10.5404,0.291726,-7.77,9.8,16.94,-30.623,-36.5059,5.96933,1014.45
660794,-0.306074,10.4878,0.0908656,-5.95,8.19,16.38,-30.5657,-38.3291,5.2463,1014.42
660800,-0.105213,11.0569,-0.172166,-12.6,12.11,17.71,-30.5085,-36.8532,5.64326,1014.42
660806,-0.425634,10.3252,0.301291,-13.37,6.72,17.36,-30.7949,-37.2294,5.84174,1014.42
660812,0.0191296,10.3204,0.234338,-15.05,8.33,15.54,-31.3392,-37.5767,5.54402,1014.42
660818,-0.243902,9.65567,0.927786,-13.93,6.93,14.21,-30.7376,-37.4899,5.47313,1014.44
660824,-0.229555,9.70349,0.703013,-13.44,1.96,15.05,-30.6803,-36.1876,6.40882,1014.44
660830,0.45911,9.63175,0.420851,-15.26,5.81,12.11,-30.709,-37.3741,5.69997,1014.44
660836,0.267814,9.54089,0.798661,-14.42,9.24,11.41,-30.2793,-37.6924,5.04782,1014.44
660842,-0.325203,9.63654,0.722142,-14.63,4.62,8.75,-31.0527,-36.969,4.90604,1014.44
660848,0.626494,9.70349,0.296509,-16.03,10.57,7.63,-31.196,-36.5638,5.18959,1014.42
660854,-0.196078,9.8087,0.511717,-17.15,9.52,7.14,-31.2533,-37.895,5.35971,1014.42
660860,-0.13869,9.88522,0.45911,-16.94,7.63,6.51,-31.4824,-36.4481,4.99111,1014.39
660866,-0.0334768,9.88044,0.353898,-17.78,9.17,5.46,-31.196,-35.8693,5.18959,1014.39
660872,-0.21999,9.93783,0.373027,-18.55,6.58,5.88,-31.3106,-37.6056,4.84934,1014.4
660878,-0.33955,10.1865,0.0813008,-21.84,3.92,4.9,-31.2533,-37.8661,4.42402,1014.4
660884,-0.511717,10.4639,-0.023912,-24.57,2.45,5.88,-30.9095,-35.8982,5.31718,1014.44
660890,-0.37781,10.043,0.33955,-26.18,0.21,6.3,-31.3106,-36.9979,5.47313,1014.44
660896,-0.143472,9.8087,0.5978,-27.79,-0.49,5.53,-31.3106,-37.8082,3.55922,1014.46
660902,-0.224773,9.98087,0.564323,-28.91,-1.26,6.3,-31.597,-36.1876,4.63668,1014.46
660908,-0.210426,9.58871,0.999522,-28.77,-0.91,6.44,-31.3965,-36.5928,4.11212,1014.46
660914,-0.334768,9.63175,1.09517,-27.65,-0.84,7.21,-31.6257,-38.4159,3.57339,1014.43
660920,-0.133907,9.87087,0.899091,-26.74,1.05,9.03,-30.7949,-37.0558,4.92022,1014.43
660926,-0.0669536,9.85653,0.903874,-27.93,2.52,9.8,-31.2246,-36.3323,5.10453,1014.46
660932,-0.674318,9.66523,1.39168,-27.09,0.63,11.06,-31.1387,-37.3741,4.23972,1014.46
660938,-0.0813008,9.78957,0.683883,-26.32,0.63,12.39,-31.4824,-37.0268,2.62353,1014.46
660944,0.315638,9.94739,0.832138,-25.83,5.04,13.09,-31.9121,-35.5799,3.4458,1014.46
660950,-0.416069,10.8417,-0.071736,-33.04,-2.24,13.37,-31.2246,-36.5349,3.20479,1014.43
660956,1.0043,9.72262,0.61693,-33.53,5.67,14.28,-31.5684,-36.8821,2.53846,1014.43
660962,-0.286944,9.44046,1.69297,-32.55,4.34,13.58,-32.0267,-35.8114,2.90707,1014.42
660968,-0.071736,9.03874,1.82688,-29.89,5.74,14,-32.084,-36.0429,2.41087,1014.42
660974,-0.071736,9.1583,1.94644,-24.01,5.67,14.84,-31.5111,-37.6635,1.74454,1014.45
660980,-0.114778,9.61262,1.47776,-24.78,5.25,14.84,-31.3679,-36.94,2.70859,1014.45
660986,-0.444763,10.3922,1.10473,-27.44,4.2,16.94,-32.5997,-36.014,2.89289,1014.45
660992,-0.272597,9.77523,1.17647,-28.49,6.3,18.62,-32.1413,-36.94,1.54606,1014.45
660998,-0.57867,9.7561,1.54472,-26.81,3.64,23.45,-31.7116,-36.94,1.41847,1014.45
661004,-0.248685,10.7126,1.10473,-26.39,6.37,23.31,-33.2872,-35.9272,1.60277,1014.43
661010,-0.827355,10.6648,0.784314,-31.57,5.46,27.16,-32.7715,-36.1587,1.33341,1014.43
661016,-0.674318,10.9134,1.61167,-33.88,2.87,28.35,-32.4278,-36.5638,1.41847,1014.45
661022,-0.894309,10.1004,2.10426,-29.96,0.21,29.61,-32.6569,-36.014,2.2691,1014.45
661028,-0.626494,10.3252,1.87948,-28.28,-0.98,32.97,-32.8575,-35.8403,1.50353,1014.44
661034,0.114778,9.7274,2.41033,-24.15,0.98,33.18,-33.2872,-36.7664,0.610371,1014.44
661040,-1.13821,10.1817,2.65901,-18.13,-2.94,38.85,-32.9148,-35.551,0.794674,1014.45
661046,-1.46341,11.7647,4.04591,-5.67,1.05,49.28,-32.8575,-35.1458,1.57442,1014.45
661052,-4.27068,14.2133,4.40937,-3.92,-6.3,62.37,-34.0033,-35.9561,0.0291085,1014.44
661058,-1.91774,12.1856,2.02774,-6.37,-14.56,68.25,-34.0606,-35.8982,1.16328,1014.44
661064,-0.951698,11.363,2.90292,0.98,-10.01,73.57,-33.946,-33.9304,1.16328,1014.47
661070,-1.32472,12.0564,3.22334,6.79,-8.05,79.94,-34.0033,-35.1458,0.227588,1014.47
661076,-2.64467,12.6925,2.8264,6.79,-15.05,87.78,-35.1492,-34.8275,0.652903,1014.47
661082,-1.81253,13.1325,2.85509,9.87,-16.87,94.64,-35.493,-33.0333,2.09897,1014.47
661088,-1.69297,13.7303,3.09421,15.75,-15.61,105.7,-35.6648,-33.3227,1.17746,1014.47
661094,-1.68819,14.0077,2.04208,17.29,-12.46,116.55,-36.5242,-33.2069,0.341006,1014.47
661100,-2.31946,14.3376,1.92252,14,-17.36,142.87,-36.8966,-32.6281,1.57442,1014.47
661106,-2.07078,13.5772,3.30942,14.28,-17.01,135.38,-37.269,-31.4706,1.65948,1014.45
661112,-2.05643,12.6686,4.4285,22.75,-20.58,142.8,-37.9279,-31.7889,2.4534,1014.45
661118,-1.91774,12.3051,4.43807,30.73,-23.24,150.64,-38.816,-32.0493,0.723788,1014.43
661124,-1.51124,12.7881,3.3955,40.18,-24.64,160.79,-38.73,-29.9657,2.68023,1014.43
661130,-1.02822,12.8886,2.51554,47.88,-22.05,170.66,-39.217,-30.0815,1.91467,1014.48
661136,-0.703013,14.8446,1.2769,52.15,-17.29,179.41,-40.4202,-29.7053,2.2691,1014.48
661142,-1.9847,16.3941,0.870397,54.53,-10.78,196,-41.1936,-27.7375,3.68681,1014.46
661148,-1.86035,17.9723,-0.196078,52.57,-9.38,210.56,-41.6806,-27.5928,3.97035,1014.46
661154,-3.12769,18.857,-0.387374,46.41,-3.85,227.99,-42.7119,-27.6506,3.50251,1014.46
661160,-3.16117,19.5074,0.153037,43.4,-5.6,243.74,-43.2848,-25.0461,3.28985,1014.44
661166,-4.30416,22.7738,-0.95648,30.1,-7.14,265.51,-44.4307,-23.1651,3.4458,1014.44
661172,-3.46724,24.7441,-3.82592,16.52,2.03,288.61,-45.4047,-23.2519,3.53086,1014.43
661178,-4.95935,25.0454,-5.68149,-1.33,11.2,316.82,-46.436,-22.6153,3.65846,1014.43
661184,-5.37064,26.638,-5.88713,-13.23,16.73,345.24,-46.7511,-19.9239,3.74352,1014.44
661190,-6.07843,28.4361,-5.47107,-29.19,20.02,392.28,-48.6131,-18.3034,3.68681,1014.44
661196,-8.80918,29.8135,-2.3912,-41.93,26.04,407.75,-49.9595,-17.5799,3.38909,1014.45
661202,-11.1382,28.9766,0.0286944,-43.47,11.55,443.45,-50.0454,-14.0204,3.82858,1014.45
661208,-9.23481,30.2965,-2.4725,-65.24,14.56,473.69,-51.2772,-12.8629,4.7501,1014.45
661214,-8.76136,30.703,-1.4682,-82.6,12.6,505.96,-52.8242,-10.0847,2.18403,1014.45
661220,-11.0139,30.8895,-2.61597,-111.58,25.2,532.7,-53.1966,-7.30658,2.33998,1014.46
661226,-11.406,25.8489,0.683883,-113.12,0.56,544.53,-53.6549,-3.66028,2.82201,1014.46
661232,-2.04208,18.814,4.69632,-36.12,-5.18,561.12,-56.1185,-1.895,2.19821,1014.4
661238,-2.81683,24.7489,-4.91631,-26.74,42.21,576.66,-57.2357,0.709497,2.11315,1014.4
661244,-3.30464,17.8814,-0.21999,-10.22,38.29,566.93,-55.6029,4.29792,2.08479,1014.4
661250,-2.57771,20.5978,1.83644,27.23,54.46,559.23,-56.3477,7.16287,2.38251,1014.44
661256,-4.59589,29.01,-0.506934,31.01,45.64,554.89,-57.4076,9.68056,1.1491,1014.44
661262,-4.47633,32.6494,-4.38068,1.82,70.98,550.06,-55.7747,13.5584,2.01391,1014.4
661268,-7.77618,23.7733,-3.84505,14.77,62.37,523.46,-55.2878,16.4523,1.60277,1014.4
661274,-6.75275,18.1349,-9.62697,21.35,113.33,482.72,-56.806,17.8992,0.0716399,1014.41
661280,-11.9512,7.56097,-16.791,-25.97,137.2,399.56,-55.9753,21.2851,-0.339497,1014.41
661286,-15.868,-2.35294,-16.6523,-89.88,158.13,351.75,-54.1419,22.6162,-0.594686,1014.42
661292,-4.88283,-24.5146,10.5835,-50.47,44.87,247.87,-53.8268,24.8156,-1.30354,1014.42
661298,16.5901,-18.6753,6.48493,35,67.69,70.56,-54.4284,25.2208,-3.16075,1014.43
661304,4.83979,-0.11956,-2.95552,26.74,76.65,-65.73,-53.4544,25.1918,-1.68633,1014.43
661310,-6.59015,-3.5055,3.79244,65.73,45.01,-172.48,-54.3424,24.0921,-3.35923,1014.44
661316,-10.3778,0.83692,0.473458,63.35,16.1,-243.95,-55.4023,23.3976,-2.67873,1014.44
661322,-13.802,9.4835,-4.21808,35.91,-10.57,-287.91,-53.97,21.8928,-1.88481,1014.44
661328,-13.9933,11.583,-4.01722,3.43,-28.42,-306.32,-55.1445,20.359,-2.02658,1014.39
661334,-13.1803,11.5686,-3.1803,-13.72,-35.35,-307.44,-56.5196,18.5069,-2.70708,1014.39
661340,-12.1903,9.53132,-1.94165,-22.61,-43.96,-298.69,-55.8034,17.3494,-0.963291,1014.39
661346,-11.5686,7.55619,-1.81253,-23.45,-48.79,-286.23,-55.9466,15.7288,-1.96987,1014.39
661352,-10.0239,3.54854,-2.00861,-12.88,-50.19,-273.28,-57.6368,13.6452,-1.92734,1014.4
661358,-8.38355,1.81253,-2.08513,3.43,-42.35,-262.64,-56.9206,12.6902,-2.08329,1014.4
661364,-6.34146,-1.0043,-1.73601,24.64,-37.73,-258.37,-55.832,11.4458,-0.608863,1014.42
661370,-5.35151,-1.78862,-1.6834,46.34,-29.54,-257.04,-56.7774,10.2593,-0.495446,1014.42
661376,-4.35677,-1.72645,-1.34385,70.35,-22.26,-262.92,-57.6941,8.49406,-2.45189,1014.41
661382,-3.67767,-0.483022,-1.61645,88.97,-12.46,-274.26,-56.2044,7.39438,-0.509623,1014.41
661388,-3.21377,-0.0765184,-1.1956,103.18,-4.34,-289.03,-56.8347,6.46834,0.383537,1014.41
661394,-3.82114,1.54472,-0.573888,111.79,0.35,-312.9,-57.4649,4.15323,-1.95569,1014.41
661400,-4.32807,2.99378,-0.37781,111.86,3.22,-338.31,-56.319,2.53265,-0.452914,1014.41
661406,-5.35151,4.14634,0.382592,109.06,2.17,-363.93,-55.5169,1.14358,0.17088,1014.35
661412,-7.0636,6.65232,0.903874,103.25,-5.95,-385.07,-55.5456,-1.5188,-0.651394,1014.35
661418,-7.63749,8.23529,0.97561,90.93,-11.06,-399.98,-54.6862,-3.48665,-0.977469,1014.35
661424,-8.00574,9.63175,1.20516,80.71,-16.52,-409.57,-54.0273,-4.75996,0.511131,1014.35
661430,-7.7714,9.63654,1.65471,72.45,-19.11,-413.21,-53.7981,-7.85642,-0.169371,1014.38
661436,-7.39359,9.86609,1.59732,66.15,-23.73,-411.53,-53.7122,-10.0847,-1.10506,1014.38
661442,-6.73362,9.92826,1.78384,64.96,-24.57,-409.85,-52.509,-11.8211,0.737966,1014.36
661448,-6.33668,10.0048,2.00861,67.34,-27.65,-404.6,-51.4205,-13.4995,1.04986,1014.36
661454,-5.40889,10.9613,1.88905,70.07,-27.16,-397.81,-50.3605,-17.2037,0.000754159,1014.34
661460,-4.72501,11.6643,1.81253,73.43,-25.41,-377.02,-49.0142,-17.8693,1.51771,1014.34
661466,-3.54854,13.0177,1.83166,76.79,-21.21,-391.93,-48.0402,-19.2294,1.29087,1014.34
661472,-2.78336,14.0316,1.64515,75.6,-14.56,-390.67,-47.8683,-22.3838,1.75872,1014.34
661478,-2.57293,15.0598,1.73123,73.36,-9.17,-391.51,-45.6052,-23.6571,1.23417,1014.35
661484,-2.77379,16.8101,1.7121,66.15,-5.6,-393.61,-45.3187,-24.0911,2.51011,1014.35
661490,-2.77857,17.3745,2.05165,61.25,-3.08,-396.69,-43.3994,-26.8693,1.91467,1014.35
661496,-2.30033,18.7231,2.43424,55.58,1.61,-398.02,-42.0244,-29.9079,2.52429,1014.38
661502,-2.49163,20,2.65901,49.77,1.75,-395.57,-39.8759,-29.85,3.68681,1014.38
661508,-1.50646,21.3486,3.099,45.99,6.58,-390.11,-38.2144,-31.1812,4.26807,1014.37
661514,-1.5495,22.286,3.27116,43.05,8.54,-383.25,-37.6128,-33.8725,2.2691,1014.37
661520,-1.39168,23.0368,3.73027,44.03,9.8,-373.8,-34.9773,-34.6828,3.03466,1014.33
661526,-0.559541,23.9503,3.98374,47.53,13.3,-366.59,-34.3184,-34.567,3.64428,1014.33
661532,-0.229555,24.0603,4.2659,55.3,14.07,-366.59,-31.5397,-37.3741,2.79365,1014.36
661538,-0.918221,25.4806,5.85366,58.24,7.84,-374.71,-30.709,-38.358,2.99213,1014.36
661544,-0.0908656,26.2793,5.14586,64.47,-2.03,-389.41,-29.1907,-38.2133,3.89947,1014.42
661550,0.253467,26.8006,4.54328,65.03,-15.75,-409.29,-26.3547,-40.2391,5.18959,1014.42
661556,0.425634,27.7475,4.51459,61.11,-35.84,-429.94,-23.8338,-41.6571,4.22554,1014.42
661562,1.82688,28.3979,4.21808,56.35,-49.35,-443.8,-21.8858,-41.4834,6.08275,1014.42
661568,3.20421,29.3687,4.79675,56.77,-66.78,-446.04,-20.2243,-42.2648,5.31718,1014.42
661574,5.92539,32.0086,3.36203,50.33,-79.1,-435.75,-17.5029,-44.4931,6.43718,1014.42
661580,11.8364,35.2654,0.549976,32.41,-80.57,-417.06,-15.5549,-44.1748,6.56477,1014.42
661586,16.1454,35.9828,-1.69775,10.29,-75.6,-394.03,-13.4064,-44.2905,7.55717,1014.42
661592,20.6169,35.055,-3.86418,-17.92,-63.63,-363.79,-10.5991,-46.0558,6.57895,1014.42
661598,27.7427,29.5026,-5.27977,-36.75,-39.55,-328.86,-8.85163,-46.2005,5.99768,1014.43
661604,31.7025,23.6729,-4.47154,-33.25,-14,-287.28,-7.33336,-45.8532,5.21794,1014.43
661610,36.0928,15.1554,-0.425634,-13.44,0.14,-238.98,-5.32809,-46.4899,5.67161,1014.44
661616,41.4969,8.98613,4.32329,39.55,39.27,-188.65,-3.52336,-47.1265,5.20376,1014.44
661622,41.3678,8.57484,6.4132,72.24,43.05,-136.92,-4.06764,-45.3902,6.28123,1014.43
661628,41.7312,13.5772,7.05404,95.2,35.28,-80.43,-3.46607,-45.969,5.69997,1014.43
661634,42.5586,19.01,6.07843,84.14,35.7,-26.39,-2.34885,-47.0108,6.6073,1014.44
661640,40.3539,23.8929,4.96891,51.17,31.01,23.59,-3.80982,-45.9111,7.79818,1014.44
661646,38.0488,23.8211,4.21329,15.12,34.09,71.61,-4.06764,-45.7953,7.75565,1014.44
661652,31.186,20.4065,3.3955,-11.83,31.01,108.71,-4.58328,-46.5188,7.76983,1014.43
661658,28.4888,17.5179,3.02248,-21.14,36.54,132.51,-3.83847,-46.6924,5.94098,1014.43
661664,-2.37207,81.7504,31.7647,21.77,19.25,371.56,-5.75779,-45.4481,8.08173,1014.41
661670,31.0378,3.94548,-32.2764,-263.34,80.64,282.52,-8.79433,-45.7374,6.74907,1014.41
661676,-34.022,-10.3826,10.4495,-111.79,164.08,383.6,-9.65373,-46.6635,5.47313,1014.41
661682,-21.4778,-8.044,16.088,111.09,-110.11,362.95,-12.7762,-44.6956,6.50806,1014.41
661688,-6.36059,20.4639,-1.5495,40.67,-12.81,377.58,-14.4091,-44.1458,6.53642,1014.44
661694,-3.92157,12.3816,-3.23768,38.57,16.59,394.52,-15.2971,-45.0429,6.32376,1014.44
661700,-7.81444,10.7078,6.76231,89.6,-116.9,374.85,-17.5602,-43.9143,7.85489,1014.42
661706,3.61071,16.5567,-1.92252,41.79,-142.1,350.21,-20.1097,-41.8596,7.30198,1014.42
661712,14.8685,29.9713,-12.5921,-41.09,-65.38,345.03,-21.4848,-42.2358,8.08173,1014.42
661718,12.3147,24.572,-8.02009,-109.48,-25.41,308.49,-22.9457,-41.9175,6.63566,1014.42
661724,4.29938,14.7776,-0.554758,-114.8,-66.36,257.32,-25.5812,-41.2519,6.49389,1014.43
661730,3.64897,10.3156,5.00239,-83.65,-63.91,239.89,-25.5526,-40.3838,6.59313,1014.43
661736,4.52893,10.067,3.15638,-54.81,-70.49,230.72,-26.7844,-40.6442,6.13946,1014.43
661742,13.6107,10.2009,-1.16691,-41.79,-112.28,104.79,-27.0995,-38.7632,6.01186,1014.44
661748,10.4543,13.6633,-6.60449,-40.39,-81.2,74.2,-28.6464,-39.4577,6.89084,1014.44
661754,6.11191,12.5825,-4.62936,-88.41,-59.71,68.04,-28.0735,-39.5445,5.78503,1014.42
661760,2.60641,8.79962,3.82114,-78.54,-16.52,67.55,-28.4173,-38.6764,6.22452,1014.42
661766,0.181731,1.81253,8.46963,-14.42,-22.54,56.84,-29.9355,-37.9529,6.06857,1014.41
661772,2.68771,10.373,1.04256,-17.29,-20.58,48.37,-29.4772,-39.313,5.16123,1014.41
661778,3.03682,8.65614,0.803443,-17.99,-8.89,39.2,-29.7923,-38.7632,5.27465,1014.43
661784,1.20516,7.17838,3.81157,3.71,-5.25,30.66,-29.4199,-36.94,6.2387,1014.43
661790,1.86514,8.67527,1.3869,7.14,3.29,26.32,-30.0788,-38.2423,5.94098,1014.41
661796,1.34385,8.84744,1.0043,6.44,6.3,18.48,-29.5345,-38.3001,5.78503,1014.41
661802,0.85605,9.09134,0.468675,9.17,-0.91,10.92,-29.7923,-37.432,6.19617,1014.42
661808,0.85605,10.3874,-0.425634,-0.28,8.96,9.87,-29.9069,-37.3741,6.2954,1014.42
661814,0.35868,9.60784,0.353898,5.46,2.31,6.16,-29.8782,-38.9947,5.28883,1014.42
661820,-0.325203,11.2434,-0.0573888,3.85,6.3,10.15,-30.0215,-37.9239,6.64983,1014.43
661826,-1.05691,10.9804,0.023912,0.21,3.92,9.94,-30.8809,-37.2584,7.13186,1014.43
661832,-1.01387,10.3109,0.33955,-1.47,2.87,8.89,-30.2506,-37.6924,6.21034,1014.41
661838,-0.516499,10.3682,0.0860832,0.91,2.94,11.69,-30.4798,-38.1555,5.77085,1014.41
661844,-1.18604,10.3204,0.569106,-2.73,1.54,12.32,-30.3079,-37.1137,5.84174,1014.41
661850,-0.832138,10.8369,-0.277379,-7.91,3.5,13.93,-30.2793,-37.9239,6.21034,1014.41
661856,-0.779531,10.3539,0.186514,-6.86,4.76,16.31,-29.6491,-37.6056,5.6149,1014.45
661862,-0.172166,10.3922,0.0860832,-9.59,6.79,14.63,-30.6517,-37.0847,5.60072,1014.45
661868,-0.454328,10.0717,0.382592,-11.34,5.53,14.14,-30.0215,-37.0558,6.08275,1014.44
661874,-0.071736,9.73218,0.712578,-9.45,6.37,13.3,-29.8782,-38.8211,5.16123,1014.44
661880,-0.186514,9.74175,0.741272,-9.45,4.97,11.83,-30.3079,-36.7953,6.81996,1014.43
661886,0.105213,9.51698,0.669536,-9.8,4.62,10.92,-30.709,-36.6217,5.84174,1014.43
661892,0.0286944,9.10091,1.09517,-6.65,4.76,9.66,-30.623,-38.1265,6.2387,1014.42
661898,-0.143472,9.73697,0.506934,-7.56,2.8,8.19,-30.9095,-38.5895,5.45895,1014.42
661904,0.105213,9.71784,0.363462,-7.84,6.02,8.05,-31.0241,-36.2165,5.21794,1014.42
661910,-0.363462,9.84218,0.454328,-7.91,4.76,7,-31.2533,-37.4609,5.6149,1014.42
661916,-0.707795,9.92826,0.396939,-8.54,1.89,7.35,-31.2819,-38.2712,4.79263,1014.42
661922,-0.61693,10.1626,0.234338,-10.36,1.82,8.82,-31.196,-36.5638,5.7425,1014.45
661928,-0.569106,9.99522,0.25825,-10.85,2.73,8.75,-31.2246,-36.4191,5.89845,1014.45
661934,-0.746054,10.4208,0.105213,-13.72,1.26,9.87,-31.3392,-38.1265,5.89845,1014.4
661940,-0.822573,10.4782,-0.0286944,-16.59,-1.4,10.85,-31.3392,-36.7374,5.26047,1014.4
661946,-0.382592,10.2726,0.047824,-18.34,-1.12,10.78,-30.9954,-36.5349,6.35211,1014.44
661952,-0.248685,10.4017,0.0191296,-20.58,-0.56,11.9,-31.3965,-37.3741,4.67921,1014.44
661958,-0.248685,10.2917,0.186514,-22.26,0.91,12.53,-30.8522,-37.9529,4.53744,1014.47
661964,-0.172166,10.2343,0.181731,-23.38,0.63,12.74,-32.0267,-36.3323,6.15363,1014.47
661970,0.0191296,11.076,-0.655189,-28.63,5.25,14.35,-31.2246,-36.5638,4.4382,1014.42
661976,-0.248685,10.3252,0.133907,-33.74,5.46,14.98,-30.8809,-37.3162,3.85694,1014.42
661982,-0.315638,9.54089,0.951698,-30.73,3.01,15.05,-31.683,-36.2165,4.42402,1014.42
661988,-0.0334768,9.63654,1.0043,-29.54,4.9,13.79,-30.9095,-36.0429,4.52326,1014.48
661994,-0.0860832,9.70349,0.798661,-31.78,5.32,13.79,-30.9382,-37.7503,3.64428,1014.48
662000,-0.253467,9.81827,1.23864,-28.91,7.56,14.63,-31.11,-36.5059,3.97035,1014.48
662006,-0.612147,10.0526,0.760402,-30.59,3.08,15.05,-30.7949,-36.2165,4.32478,1014.48
662012,0.124342,10.1722,0.373027,-33.46,6.09,16.66,-31.4824,-36.969,4.14048,1014.46
662018,-0.516499,10.0574,0.793878,-33.46,5.25,35.35,-31.5397,-36.7085,3.1339,1014.46
662024,-0.215208,9.65567,0.903874,-33.74,4.41,17.85,-31.1673,-35.1169,5.1187,1014.45
662030,-0.0813008,9.56958,1.05213,-33.25,4.9,18.13,-32.2845,-37.2873,3.77187,1014.45
662036,-0.0191296,9.16786,1.51602,-31.01,5.32,18.2,-31.8835,-37.2294,3.20479,1014.46
662042,-0.133907,9.57915,1.31994,-30.66,3.15,18.41,-32.084,-36.3323,3.85694,1014.46
662048,0.157819,9.50741,1.3056,-31.36,4.97,19.81,-32.4564,-35.5799,3.04884,1014.45
662054,-0.167384,9.76088,1.44428,-28.77,3.57,19.46,-32.4564,-37.3741,2.12733,1014.45
662060,0.0430416,10.0335,1.20038,-29.05,4.97,19.11,-31.7976,-36.1008,2.83618,1014.45
662066,0.373027,9.45002,1.50167,-28.21,7.77,20.58,-32.9721,-35.4352,3.38909,1014.47
662072,-0.109995,9.6461,1.85557,-25.62,5.46,19.6,-33.0866,-36.7374,2.79365,1014.47
662078,-0.181731,10.1243,1.49211,-26.81,4.97,21.21,-32.9721,-36.9979,1.9572,1014.44
662084,-0.425634,10.4065,1.36298,-26.46,5.67,23.03,-32.5424,-36.1587,2.33998,1014.44
662090,0,10.0956,1.13821,-25.76,6.93,23.31,-33.058,-36.2455,1.44682,1014.43
662096,0.023912,10.4208,1.34385,-25.62,8.68,24.71,-33.3158,-35.9561,2.01391,1014.43
662102,-0.683883,10.0096,2.44381,-24.92,4.55,26.81,-33.5163,-35.8114,2.48175,1014.45
662108,-0.109995,9.6748,2.25251,-19.25,7.28,29.47,-33.459,-35.3773,1.54606,1014.45
662114,-0.310856,10.4017,1.83166,-19.46,6.3,31.5,-33.1726,-36.4481,1.1491,1014.45
662120,-0.382592,10.8178,1.64036,-19.6,4.83,33.81,-34.433,-35.059,-0.22608,1014.45
662126,-0.11956,10.5022,1.93687,-19.04,6.02,37.31,-34.4044,-34.7117,0.908091,1014.43
662132,-0.573888,11.4299,1.14778,-21.91,3.43,41.09,-34.3471,-35.8982,0.851383,1014.43
662138,-0.851267,11.5686,1.68819,-17.64,3.85,47.25,-35.7221,-35.1458,1.12075,1014.46
662144,-3.2329,12.4103,4.40937,-9.8,-3.99,57.26,-35.3211,-34.4223,2.65188,1014.46
662150,-1.75992,12.8599,1.9847,-10.22,-7.7,63.91,-34.3757,-34.8854,1.461,1014.46
662156,-0.879962,12.1808,1.85079,-7.77,-3.15,70.77,-34.92,-34.9722,0.978977,1014.45
662162,-2.12817,13.0655,2.39598,-5.67,-6.51,79.03,-35.4643,-33.2358,1.91467,1014.45
662168,-1.90818,13.4959,2.25729,-5.32,-6.37,87.71,-35.1778,-32.686,2.09897,1014.47
662174,-1.99904,12.8934,3.06552,-4.41,-8.26,96.81,-36.2951,-35.059,1.6453,1014.47
662180,-1.7121,12.023,4.09373,5.04,-9.03,104.02,-36.4096,-33.3516,1.75872,1014.44
662186,-1.75514,11.9082,4.4285,11.97,-13.58,111.58,-36.9253,-32.0493,2.79365,1014.44
662192,-2.05165,12.726,4.13199,14.63,-16.52,120.4,-38.0712,-32.8886,1.88631,1014.44
662198,-1.82688,11.9417,4.80153,24.43,-18.62,127.82,-38.4436,-32.3677,0.993154,1014.44
662204,-2.21903,12.3721,4.94022,32.76,-23.17,136.57,-38.7014,-30.313,2.31163,1014.49
662210,-1.5208,12.7834,3.90722,37.66,-21.77,145.46,-39.3889,-31.4127,2.31163,1014.49
662216,-1.53037,12.7021,2.93161,42.49,-24.43,153.51,-39.9905,-31.1812,2.24074,1014.48
662222,-0.483022,12.7212,1.84122,47.88,-20.09,161.7,-40.4202,-29.6474,3.07719,1014.48
662228,-0.636059,14.2229,1.28168,50.54,-14.14,171.08,-40.5921,-28.432,3.70099,1014.48
662234,-1.40124,14.8876,0.95648,53.06,-8.47,183.33,-41.2509,-29.4159,2.11315,1014.39
662240,-1.73123,16.3271,0.416069,50.82,-7.42,197.89,-42.1676,-27.5638,2.86454,1014.39
662246,-2.67814,17.4271,0.530846,47.18,-9.45,213.71,-42.7119,-25.6249,4.04124,1014.44
662252,-2.5538,18.3262,0.200861,44.17,-9.1,229.11,-44.3161,-26.0301,3.70099,1014.44
662258,-2.72597,19.4165,-1.22908,38.71,-3.5,249.48,-45.6339,-24.9883,3.00631,1014.47
662264,-3.35724,20.44,-1.92252,31.08,-1.96,270.48,-45.949,-23.1362,3.89947,1014.47
662270,-3.74462,22.4773,-2.75466,11.83,0.91,289.03,-46.8084,-22.4127,3.98453,1014.44
662276,-4.03635,24.9593,-4.49546,-11.97,10.29,311.78,-47.9542,-21.8918,3.64428,1014.44
662282,-6.07365,23.6681,-2.79292,-25.13,5.95,338.66,-48.6131,-19.2294,3.97035,1014.41
662288,-5.04065,24.4907,-1.18604,-29.4,4.69,363.51,-49.4152,-17.6088,4.39567,1014.41
662294,-5.85366,24.7633,-1.12386,-36.61,17.08,393.47,-50.7329,-16.8275,2.89289,1014.46
662300,-7.29316,23.6442,3.44811,-26.67,-2.1,420.77,-51.6783,-13.9047,3.64428,1014.46
662306,-5.91583,25.7724,2.86944,-24.08,-4.76,448,-52.1366,-10.5767,3.19061,1014.46
662312,-5.85844,26.6141,1.58776,-29.47,-3.71,476.98,-53.8841,-9.50594,3.48833,1014.47
662318,-6.17408,26.8532,0.47824,-44.45,1.54,496.93,-53.9127,-8.08793,2.83618,1014.47
662324,-7.26447,21.6595,1.36777,-37.1,-9.66,511.91,-55.3451,-4.21012,3.68681,1014.47
662330,2.01339,16.8149,2.59206,22.54,-8.12,512.75,-55.9466,-1.83713,3.6301,1014.47
662336,-0.573888,24.6676,-0.636059,18.9,25.76,521.36,-56.405,0.477985,2.07062,1014.42
662342,-2.18077,22.3386,0.0860832,4.55,32.69,514.01,-56.5196,4.8767,3.03466,1014.42
662348,-2.35294,22.836,4.51937,30.94,1.05,506.24,-56.7774,6.49728,2.38251,1014.4
662354,-1.18125,32.0995,-2.69249,0.07,27.3,504.7,-57.9232,8.84133,2.18403,1014.4
662360,-5.52845,26.7049,-3.02248,-8.12,29.4,500.99,-56.4909,12.1982,1.75872,1014.44
662366,-5.7054,23.9646,-4.8637,4.83,34.23,492.03,-56.2331,14.7449,3.00631,1014.44
662372,-9.73218,22.1712,-11.406,-10.71,78.68,477.89,-56.8633,16.9153,1.19163,1014.42
662378,-14.4907,10.7174,-13.7303,-51.52,87.29,431.76,-56.2331,20.0696,1.17746,1014.42
662384,-12.1138,-0.449546,-9.7561,-49.21,84.21,387.8,-54.944,22.6162,3.28985,1014.43
662390,-12.2812,-3.67767,-12.9842,-67.83,98,339.64,-54.7148,23.2529,0.284297,1014.43
662396,0.425634,-16.4275,1.92731,-22.75,36.12,213.78,-54.7721,25.2208,0.638726,1014.43
662402,15.7676,-9.61262,-0.980392,36.82,85.82,60.06,-53.082,26.2626,1.24834,1014.43
662408,2.78336,-3.20421,-2.21903,49.42,70.28,-72.31,-53.4257,25.3365,0.9648,1014.43
662414,-0.368245,-5.46628,0.487805,68.11,59.64,-189.56,-54.8581,24.0632,-1.30354,1014.41
662420,-7.29316,-0.387374,-1.75992,66.71,42.56,-262.78,-54.6289,23.7449,-1.19013,1014.41
662426,-11.143,5.82018,-4.91631,46.9,23.94,-309.47,-54.0273,22.5294,0.454423,1014.42
662432,-11.3869,10.1865,-4.945,29.26,15.82,-327.46,-56.0326,20.7352,-0.693926,1014.42
662438,-11.4538,12.0851,-3.68245,8.68,14.28,-330.75,-56.2331,18.6227,-2.73543,1014.41
662444,-12.4199,11.2099,-1.75992,-0.77,4.34,-323.12,-55.1445,17.031,-0.211903,1014.41
662450,-11.693,10.0191,-1.52559,-7.42,-2.38,-309.19,-56.4336,15.3236,-0.82152,1014.45
662456,-10.5595,8.40268,-1.96078,-14.84,-5.39,-295.75,-57.0352,13.7899,-1.36025,1014.45
662462,-8.65136,5.75801,-2.88379,-19.53,-5.67,-284.9,-56.4623,12.5455,-1.13342,1014.43
662468,-7.00143,3.70158,-2.40076,-19.81,-3.01,-280.98,-57.0066,10.9828,-0.5238,1014.43
662474,-5.36107,2.02296,-2.09469,-13.93,-0.77,-284.69,-57.1784,8.92815,-1.44531,1014.43
662480,-4.5098,1.54472,-2.13295,-5.88,3.43,-292.04,-57.2071,7.33651,-1.07671,1014.44
662486,-3.99809,0.966045,-1.76471,5.6,8.33,-304.57,-57.0352,6.49728,0.114171,1014.44
662492,-3.94548,0.645624,-1.23864,18.55,10.71,-318.71,-56.806,4.3558,-0.382029,1014.44
662498,-3.75897,1.04256,-1.36298,29.4,13.58,-334.53,-56.5769,2.41689,-2.26759,1014.44
662504,-4.33764,2.05643,-1.40603,38.64,16.03,-349.86,-55.431,2.18538,-1.62962,1014.42
662510,-4.68197,3.01291,-1.31994,46.48,16.66,-365.12,-56.892,-0.997901,-2.48025,1014.42
662516,-5.57628,5.03108,-1.49211,49.07,13.58,-375.41,-56.0612,-3.16832,-2.48025,1014.4
662522,-6.29364,6.04017,-1.1956,54.39,9.66,-380.59,-54.944,-4.06542,-0.849874,1014.4
662528,-6.06887,6.91057,-1.60689,55.86,8.96,-382.41,-54.6289,-5.42555,-0.32532,1014.39
662534,-6.65232,7.95791,-1.32951,54.11,5.11,-381.22,-54.8008,-9.07186,-2.70708,1014.39
662540,-6.39407,8.22095,-0.755619,57.12,1.54,-378.42,-52.996,-10.432,-1.53038,1014.41
662546,-6.28407,8.79005,-0.712578,62.93,-3.01,-376.04,-52.4517,-11.9947,-0.32532,1014.41
662552,-5.38498,9.20134,-0.808226,66.99,-7.21,-376.18,-52.5663,-14.4545,-1.31772,1014.41
662558,-4.55763,9.51219,-0.765184,70.28,-7.91,-379.33,-50.9335,-16.5092,-1.47367,1014.36
662564,-3.66332,10.7174,-0.879962,73.22,-7.42,-383.74,-49.3866,-17.5799,-0.963291,1014.36
662570,-3.38594,12.1138,-1.26255,72.94,-6.16,-389.55,-48.4699,-20.5317,-1.65797,1014.35
662576,-2.91726,13.5342,-0.93735,73.71,-3.36,-412.09,-47.3526,-21.6892,-0.452914,1014.35
662582,-2.70206,14.8924,-0.918221,72.1,-0.49,-396.55,-46.1781,-23.6281,0.737966,1014.36
662588,-2.60163,16.8436,-0.559541,70.07,3.15,-394.66,-44.9177,-25.0751,0.709611,1014.36
662594,-2.5825,17.9244,-0.186514,68.25,5.11,-389.13,-43.9437,-27.5638,-0.112663,1014.36
662600,-2.85509,19.3974,-0.153037,63.91,3.85,-377.23,-41.1936,-29.2133,0.511131,1014.36
662606,-1.99904,20.8034,0.392157,61.04,6.02,-361.76,-39.6467,-30.1394,-0.537977,1014.39
662612,-1.90818,21.0426,1.19082,61.18,4.2,-349.16,-38.6441,-31.6731,1.34758,1014.39
662618,-1.15734,21.1573,1.97035,64.05,0.91,-337.33,-36.8393,-33.3516,1.82961,1014.41
662624,-0.593018,20.9708,2.49641,71.4,0,-332.85,-36.0945,-34.0751,2.4534,1014.41
662630,-0.559541,21.3582,2.92683,79.52,-4.41,-334.11,-34.2612,-36.014,1.80125,1014.41
662636,0.439981,22.0756,3.32855,87.5,-5.04,-342.16,-32.5424,-37.2294,2.16986,1014.41
662642,0.521282,23.472,3.20899,98,-11.83,-353.08,-31.9694,-37.2005,3.04884,1014.41
662648,0.899091,26.3175,1.85557,78.89,-15.54,-370.86,-29.4772,-38.0976,3.1339,1014.4
662654,-0.143472,27.0493,2.47728,76.16,-24.01,-381.57,-28.274,-40.5574,3.10555,1014.4
662660,2.7451,26.9632,2.17599,72.87,-20.58,-392.21,-25.5526,-41.1362,3.24732,1014.39
662666,1.64036,26.7671,1.84122,59.99,-39.48,-399.07,-23.8624,-41.3387,3.60175,1014.39
662672,3.62506,25.5285,2.89335,58.45,-42.21,-398.16,-21.5994,-42.8146,4.50909,1014.4
662678,6.13104,23.4338,3.59636,69.09,-49.07,-395.71,-19.6227,-44.0879,4.49491,1014.4
662684,7.47489,23.5964,4.07939,80.01,-53.55,-379.4,-18.4769,-43.1619,5.23212,1014.41
662690,12.0469,26.3845,2.06121,79.66,-49.14,-362.11,-16.5003,-44.3194,6.80578,1014.41
662696,14.0268,28.1014,1.09995,72.31,-39.62,-344.05,-14.0367,-46.1137,5.04782,1014.42
662702,16.3845,29.2109,-0.205643,56.21,-29.68,-319.76,-11.9741,-45.1297,7.00426,1014.42
662708,20.5691,28.1253,-0.846485,36.26,-13.37,-294.91,-10.3126,-45.6217,7.13186,1014.39
662714,22.8168,25.8441,-0.875179,23.73,-2.94,-266.49,-7.76305,-46.9818,7.11768,1014.39
662720,27.0827,22.7212,-1.24342,16.38,7,-230.93,-7.76305,-46.5188,7.5997,1014.39
662726,30.2248,20.0383,-0.554758,18.9,24.01,-190.61,-6.78907,-45.9111,7.75565,1014.43
662732,32.2429,17.5514,2.00383,26.74,23.94,-141.33,-5.41403,-46.4899,7.85489,1014.43
662738,37.8336,13.5342,4.72501,52.43,45.5,-99.75,-4.8411,-46.3452,7.33034,1014.44
662744,38.637,12.8455,6.32712,68.95,53.76,-54.11,-4.75516,-45.7953,7.44375,1014.44
662750,37.8288,12.8647,8.32138,83.72,48.79,-11.76,-4.69787,-46.5477,8.35109,1014.42
662756,36.6188,14.242,9.13438,84.56,48.09,22.4,-4.35411,-46.7792,8.46451,1014.42
662762,31.2769,18.154,8.58441,71.54,35.98,56.84,-4.69787,-46.2873,8.70552,1014.42
662768,28.5509,19.5074,7.54663,45.78,29.26,82.6,-4.98434,-45.1876,8.64881,1014.42
662774,23.3429,21.1095,6.93926,135.87,122.64,222.6,-5.15621,-47.4448,9.0883,1014.4
662780,-9.39263,100.956,20,-142.38,-134.96,382.55,-7.07554,-45.5928,8.52122,1014.4
662786,40.9039,-8.00096,-31.7743,-185.78,98,278.81,-9.05215,-45.3323,8.88982,1014.43
662792,-38.8713,-1.51602,16.4706,-141.82,93.45,358.4,-11.0861,-45.3034,7.20274,1014.43
662798,-31.5495,-3.40029,21.8938,26.18,-195.44,353.01,-12.2892,-45.3612,7.34451,1014.38
662804,3.38116,14.7967,-2.59206,-8.82,-88.48,348.39,-14.495,-43.8275,7.11768,1014.38
662810,-0.765184,9.48828,5.7341,-0.84,-29.26,364,-16.844,-44.1458,8.29438,1014.38
662816,-1.21951,7.92922,11.0091,52.15,-107.1,335.3,-19.2503,-43.6539,7.9116,1014.41
662822,9.4022,15.3324,-2.20947,16.94,-100.03,308.42,-19.6227,-42.2358,8.18097,1014.41
662828,12.3577,21.3821,-4.74892,-35.49,-27.93,309.68,-21.2842,-41.4834,9.2726,1014.44
662834,6.31755,17.7714,-2.61119,-96.39,13.93,287.28,-22.8598,-42.149,8.01084,1014.44
662840,1.21951,14.7489,3.74462,-77.14,-23.38,253.82,-24.2062,-41.1362,8.18097,1014.41
662846,1.98948,13.5246,1.55428,-66.29,-31.92,231.77,-25.4953,-39.9786,7.07515,1014.41
662852,3.86418,16.1406,4.75849,-51.73,-54.18,204.26,-27.0709,-40.4706,7.58553,1014.41
662858,1.62123,11.1669,-4.25634,-63.35,-22.33,205.03,-27.4146,-40.0944,7.30198,1014.41
662864,4.85892,14.0507,7.46533,-82.18,-56.42,177.66,-29.1048,-38.387,7.85489,1014.41
662870,10.1674,7.42707,2.40076,-29.96,-68.67,123.2,-29.3339,-38.6185,7.54299,1014.41
662876,10.9613,11.4921,-2.61119,-30.31,-49.28,76.37,-29.6204,-39.4866,6.49389,1014.42
662882,4.74414,11.7408,-0.85605,-53.97,-21.98,68.81,-30.4798,-37.6635,6.46553,1014.42
662888,1.53515,8.4505,2.3912,-44.8,-24.85,56.35,-30.5371,-37.2584,5.64326,1014.42
662894,2.80249,6.19321,4.48111,-11.83,-15.89,44.24,-31.0241,-38.8211,5.54402,1014.39
662900,2.51076,8.08226,2.17599,-5.67,-1.68,22.68,-30.623,-37.6056,7.24527,1014.39
662906,1.20995,7.69966,2.38164,-1.82,-7,32.76,-30.5944,-36.2744,6.86249,1014.4
662912,1.62123,10.0143,-0.10043,0.49,-6.16,22.54,-30.4798,-37.7793,4.89187,1014.4
662918,2.25251,9.33525,-0.0430416,7.7,6.65,14.35,-30.0788,-38.0108,6.55059,1014.44
662924,0.71736,9.35916,0.205643,-5.88,-3.92,14,-30.7663,-36.9111,7.2311,1014.44
662930,1.29125,9.90435,0.392157,-4.69,-0.56,9.73,-30.8522,-37.2873,5.85591,1014.4
662936,0.023912,9.67001,1.42037,6.51,1.05,5.25,-30.6517,-37.8661,6.21034,1014.4
662942,-0.114778,9.87087,1.44428,3.64,-0.07,7.91,-31.11,-37.0268,6.56477,1014.42
662948,-0.334768,10.9278,0.272597,-1.26,10.15,9.52,-31.0814,-36.7664,6.93338,1014.42
662954,-2.00861,11.076,0.0860832,5.18,3.71,11.41,-31.4824,-37.9239,6.08275,1014.42
662960,-1.09517,11.1191,-0.329986,-3.78,4.9,16.1,-31.0527,-36.8243,6.25287,1014.42
662966,-1.44428,10.5308,0.181731,-8.26,-2.1,18.62,-30.623,-36.7664,6.97591,1014.42
662972,-0.49737,10.33,0.712578,-3.92,-0.63,18.55,-30.6517,-37.6346,6.6073,1014.47
662978,-0.301291,10.5117,-0.10043,-10.36,0,20.16,-31.5397,-37.432,6.30958,1014.47
662984,-0.320421,10.1052,0.306074,-11.76,-1.68,20.09,-31.8548,-36.0429,6.84831,1014.44
662990,0.157819,10.4113,0.172166,-12.18,3.08,20.44,-31.8835,-37.1137,6.86249,1014.44
662996,-0.167384,9.69392,0.47824,-13.58,0.7,18.83,-32.2559,-37.895,5.64326,1014.39
663002,0.291726,9.43568,0.870397,-12.53,3.01,17.29,-31.8548,-36.7085,7.81236,1014.39
663008,0.215208,9.93783,0.191296,-13.3,2.17,16.03,-31.7976,-36.014,6.84831,1014.43
663014,0.0191296,10.1148,0.200861,-15.12,3.43,15.26,-32.4278,-37.5188,4.70757,1014.43
663020,-0.047824,9.93304,0.449546,-17.78,2.45,14.35,-32.6283,-36.4481,4.67921,1014.43
663026,-0.210426,9.5935,0.779531,-15.05,0.28,14.21,-32.1127,-35.5799,5.69997,1014.43
663032,-0.109995,9.84696,0.530846,-16.24,-0.98,13.23,-32.17,-37.1715,5.45895,1014.44
663038,0.0382592,9.75131,0.57867,-17.5,-0.21,12.67,-31.7976,-36.8821,6.19617,1014.44
663044,-0.109995,9.66045,0.621712,-16.24,-2.45,12.11,-31.8835,-35.5799,5.79921,1014.41
663050,-0.0430416,10.0765,0.282162,-18.62,-3.08,11.48,-32.8288,-36.477,5.26047,1014.41
663056,-0.191296,10.1865,0.382592,-20.72,-4.55,10.78,-33.459,-37.5477,5.13288,1014.41
663062,0.124342,10.0096,0.186514,-22.47,-4.13,9.73,-32.3418,-36.1876,5.68579,1014.4
663068,-0.0191296,10.3539,0.473458,-26.04,-3.15,9.31,-33.2585,-35.9272,5.4306,1014.4
663074,-0.0382592,9.39263,1.15256,-23.1,-5.6,8.82,-32.9434,-38.1844,4.82098,1014.42
663080,0.435198,10.2056,0.373027,-25.34,-4.9,8.12,-32.2559,-37.0268,6.59313,1014.42
663086,-0.0047824,10.4352,0.368245,-28.63,-3.29,8.4,-32.1413,-35.4931,4.31061,1014.44
663092,0.401722,10.4735,0.10043,-28,-2.1,8.96,-31.8548,-36.5349,5.07617,1014.44
663098,0.224773,10.703,0.401722,-30.1,2.73,11.13,-32.7142,-36.7374,4.50909,1014.44
663104,-0.559541,11.4012,0.296509,-32.55,4.2,14.77,-33.0007,-34.596,5.33136,1014.44
663110,-0.105213,10.8991,-0.10043,-35.56,5.39,16.52,-33.3731,-35.6667,4.52326,1014.44
663116,-0.0095648,10.7891,0.430416,-36.89,8.75,19.53,-33.1726,-36.6217,3.53086,1014.44
663122,-0.0286944,10.2917,0.109995,-41.3,8.47,20.72,-33.3158,-35.8403,4.42402,1014.44
663128,0,9.5935,1.29603,-40.18,9.38,21.91,-33.7742,-34.9722,3.45998,1014.44
663134,-0.0191296,9.35437,1.53993,-37.73,7.56,21.84,-33.8888,-36.3612,3.2615,1014.44
663140,0.320421,9.19177,1.55906,-35.49,8.89,21.35,-32.9721,-36.1297,4.08377,1014.45
663146,-0.224773,9.55523,1.49211,-33.81,6.02,21.77,-33.1726,-35.2326,4.55162,1014.45
663152,0.540411,9.63175,1.12386,-34.37,7.35,22.4,-33.5736,-36.1876,3.11973,1014.45
663158,0.392157,9.29699,1.56384,-32.48,8.47,22.54,-34.4617,-35.6667,3.31821,1014.45
663164,0.0860832,9.31133,2.0373,-28.91,6.79,22.4,-34.2898,-35.059,4.14048,1014.46
663170,0.325203,8.9957,2.13295,-26.46,6.37,22.4,-34.8341,-35.551,3.54504,1014.46
663176,0.353898,8.89526,1.81253,-21.63,6.23,21.56,-34.3757,-36.0719,2.36834,1014.43
663182,-0.45911,9.87087,2.09947,-19.53,5.46,24.43,-34.6049,-35.0011,3.16226,1014.43
663188,-0.325203,9.76088,2.32903,-15.61,5.32,25.9,-35.1206,-34.8275,3.33238,1014.46
663194,-1.51124,10.6313,3.2616,-12.95,0.49,30.24,-35.0919,-36.1587,2.72277,1014.46
663200,-0.865614,10.3156,2.43424,-10.36,-2.03,34.16,-34.6622,-35.7825,2.07062,1014.45
663206,-0.93735,10.6791,2.46772,-7.98,-4.9,36.68,-34.9487,-34.3355,2.16986,1014.45
663212,-0.803443,11.0713,2.15686,-5.46,-5.25,41.58,-35.5216,-35.985,1.58859,1014.45
663218,0.0573888,10.6982,1.97991,-3.08,-2.31,44.59,-35.4643,-35.6667,2.31163,1014.45
663224,-0.162602,10.7939,1.77427,-4.2,-3.29,47.6,-34.6622,-33.3805,2.72277,1014.45
663230,-0.023912,10.4352,2.27164,-0.21,-1.68,50.26,-35.2924,-34.4802,1.54606,1014.45
663236,-0.612147,11.4538,1.86035,0.7,-4.69,54.74,-35.3497,-34.0172,1.97138,1014.45
663242,-0.540411,12.023,1.39168,0,-4.2,60.41,-35.9513,-33.8436,2.36834,1014.43
663248,-0.870397,12.4151,1.26734,-3.78,-6.3,66.08,-36.381,-33.5252,2.83618,1014.43
663254,-0.277379,11.9225,1.70253,-1.47,-2.1,70.91,-36.9539,-33.9883,2.01391,1014.47
663260,-1.16212,12.3577,1.91296,1.12,-2.17,79.17,-36.5815,-33.8436,1.75872,1014.47
663266,-1.29125,13.3907,1.84601,0.77,-5.11,86.66,-37.1831,-32.5413,2.46758,1014.43
663272,-1.51124,14.1224,2.12339,-1.12,-4.48,97.16,-38.1571,-32.6281,1.63113,1014.43
663278,-1.37733,13.6155,1.75514,-1.33,-5.11,105.63,-38.0139,-32.194,2.4534,1014.44
663284,-1.27212,12.7021,3.00813,0.98,-6.79,113.26,-38.7873,-31.9336,2.58099,1014.44
663290,-1.13343,12.2334,3.81636,7.7,-7.77,120.33,-39.3889,-31.5284,2.43922,1014.46
663296,-1.49689,11.736,4.27068,13.51,-12.04,127.47,-39.5321,-31.0365,2.15568,1014.46
663302,-1.22429,11.5925,4.23242,22.12,-14.7,134.19,-40.7353,-29.9947,2.92125,1014.46
663308,-1.05213,12.0708,3.76853,30.17,-18.06,141.33,-41.5947,-29.0686,3.10555,1014.46
663314,-1.07126,13.4242,3.61071,35.49,-17.29,150.01,-41.3082,-29.8789,2.01391,1014.46
663320,-1.5495,14.4859,2.4725,38.29,-14.84,161.98,-42.9124,-28.5767,3.6301,1014.43
663326,-0.966045,14.7154,1.60689,43.89,-10.78,174.02,-42.5687,-26.6088,3.17643,1014.43
663332,-1.50167,15.165,1.56863,48.58,-7.84,187.46,-43.4567,-27.9979,2.79365,1014.44
663338,-2.35294,17.8001,0.913438,49.77,-8.75,202.72,-44.3734,-26.4352,3.61593,1014.44
663344,-2.91248,19.933,0.765184,44.87,-4.83,222.39,-45.3187,-25.0751,3.78605,1014.44
663350,-3.82114,20.5117,0.683883,36.96,-6.72,241.92,-46.0349,-25.1908,3.24732,1014.44
663356,-4.14156,21.2817,-0.722142,30.8,-9.52,264.46,-46.6938,-24.4095,3.99871,1014.44
663362,-3.35724,22.7738,-2.6351,17.57,-2.66,287,-48.7563,-22.268,3.33238,1014.44
663368,-5.95409,23.7303,-2.52511,-0.21,-0.42,314.16,-49.272,-19.5188,3.40327,1014.4
663374,-5.87757,24.2037,-3.06074,-11.69,-4.69,339.01,-50.3033,-19.3741,3.72934,1014.4
663380,-3.96939,26.5662,-5.21282,-21.77,8.12,368.13,-50.1027,-17.6088,3.97035,1014.4
663386,-5.02152,26.3893,-3.59158,-28.7,18.34,397.6,-51.2486,-14.5992,3.77187,1014.46
663392,-7.36968,26.528,0.286944,-29.82,15.96,428.19,-51.9075,-13.9047,2.9496,1014.46
663398,-11.0187,28.3309,5.51889,-30.66,3.22,462.98,-53.1393,-11.2712,3.07719,1014.45
663404,-10.5835,28.7374,3.18508,-41.65,-14.56,492.73,-54.1992,-8.49308,3.58757,1014.45
663410,-5.31325,26.6571,1.88427,-45.01,-8.4,519.75,-55.0586,-5.8307,3.88529,1014.4
663416,-6.60449,24.132,2.33381,-46.62,-10.5,528.01,-56.1758,-3.02362,3.27567,1014.4
663422,-1.97035,17.671,4.40459,2.45,-26.18,529.27,-56.1185,0.275412,4.33896,1014.4
663428,-0.750837,27.2692,-2.53467,1.75,10.99,541.17,-56.6914,2.47477,4.32478,1014.4
663434,-4.13678,22.4199,0.483022,-4.55,22.68,543.06,-58.0378,5.3976,3.55922,1014.43
663440,-3.16595,19.187,5.87757,36.26,0.56,532.63,-56.9779,7.65483,3.81441,1014.43
663446,-2.15686,29.23,-1.18125,26.74,20.51,516.18,-57.0639,11.0117,3.97035,1014.44
663452,-5.60497,29.0913,-3.13725,8.33,23.45,505.12,-57.2071,13.7031,3.19061,1014.44
663458,-5.30368,28.3501,-3.32377,10.71,31.92,491.19,-57.6941,16.6548,3.21897,1014.44
663464,-9.54567,26.0832,-9.55523,-25.76,66.15,468.86,-55.2878,19.2883,3.98453,1014.41
663470,-10.2439,10.8704,-11.8699,-70.98,64.05,409.08,-55.5169,21.0825,3.40327,1014.41
663476,-9.09613,3.13725,-11.1095,-112.63,79.59,347.97,-56.6628,23.6002,2.6377,1014.42
663482,-5.60976,-20.5835,-5.05021,-161.35,46.97,277.9,-55.0299,25.105,3.4458,1014.42
663488,26.6093,-35.1698,10.5213,4.76,62.3,47.88,-54.9726,25.2497,3.41745,1014.4
663494,11.5112,-1.64515,-8.82353,-38.15,105.21,-104.23,-55.4596,25.597,2.87871,1014.4
663500,-2.21903,-8.45528,3.30464,22.4,98.14,-209.37,-55.1159,24.8445,1.98555,1014.41
663506,-6.0593,-2.96509,-0.210426,56.84,89.74,-292.11,-54.8581,22.8767,1.19163,1014.41
663512,-11.5686,8.31659,-6.35103,32.97,89.32,-328.72,-56.5769,21.9507,0.624548,1014.43
663518,-14.3376,10.5643,-5.4615,11.9,83.79,-337.82,-57.9519,19.5777,0.142526,1014.43
663524,-14.2085,10.7795,-3.35246,6.23,79.94,-326.27,-56.4909,18.3333,0.652903,1014.41
663530,-13.9933,9.59828,-2.56815,4.62,73.01,-314.86,-56.7487,16.7995,-1.21848,1014.41
663536,-13.4099,8.87613,-2.07556,1.05,67.69,-298.13,-58.1238,14.5134,-1.44531,1014.42
663542,-12.5108,5.11239,-1.38211,2.94,59.22,-281.82,-57.2357,13.24,-1.07671,1014.42
663548,-11.3486,2.93161,-1.33429,14.84,56.07,-276.08,-57.3217,12.4876,-1.00582,1014.42
663554,-10.1674,1.93687,-1.04735,20.65,50.75,-269.71,-58.6394,9.82525,-2.93391,1014.39
663560,-10.2678,1.15256,0.0765184,35.49,39.27,-270.76,-56.9206,8.72557,-1.43114,1014.39
663566,-9.42133,0.683883,0.310856,43.68,27.16,-282.45,-57.1498,7.51014,-2.39518,1014.46
663572,-6.62841,-0.387374,0.655189,59.15,21.28,-300.16,-57.8373,5.7738,-2.52278,1014.46
663578,-6.94404,-0.253467,1.01865,75.18,7.56,-328.44,-57.1498,3.95065,-3.03315,1014.41
663584,-7.53228,2.54902,0.750837,76.44,-2.52,-349.02,-56.4336,2.44583,-2.40936,1014.41
663590,-7.79053,4.63893,0.334768,76.37,-14.42,-366.1,-56.5196,0.535862,-1.7005,1014.39
663596,-7.47967,6.04495,0.325203,78.26,-17.5,-382.2,-56.7487,-1.95288,-2.55113,1014.39
663602,-8.22095,7.2549,0.25825,74.83,-27.23,-391.79,-54.6575,-3.42877,-1.45949,1014.42
663608,-7.64706,8.57963,-0.588235,69.58,-33.11,-393.61,-54.3138,-4.96253,-0.778989,1014.42
663614,-6.36059,8.33094,-0.320421,70.21,-33.18,-397.53,-55.431,-8.75352,-2.02658,1014.39
663620,-6.3319,8.97657,-0.83692,66.29,-33.32,-396.27,-53.7695,-9.73745,-1.77139,1014.39
663626,-4.58154,8.32616,0.0573888,75.18,-25.06,-393.75,-52.0507,-11.7053,-0.155194,1014.39
663632,-4.97848,10.0574,-0.860832,75.81,-25.27,-390.88,-52.2226,-15.1201,-1.11924,1014.37
663638,-3.28551,10.5356,-0.765184,79.59,-13.93,-384.72,-51.2486,-16.7407,-1.03418,1014.37
663644,-2.70206,11.8795,-0.942133,80.64,-3.57,-380.24,-49.272,-17.551,0.539486,1014.34
663650,-2.23816,12.8599,-0.774749,80.43,6.86,-375.55,-49.5011,-20.3002,1.16328,1014.34
663656,-0.722142,14.0794,-0.746054,80.22,20.09,-372.54,-48.0975,-22.3259,-0.580509,1014.34
663662,-0.439981,14.6055,-0.607365,76.79,33.6,-372.75,-45.9776,-22.4706,1.1491,1014.34
663668,-0.693448,15.7245,0.21999,71.54,42.98,-372.19,-45.8917,-24.5831,0.227588,1014.39
663674,-0.994739,16.3702,1.05213,71.19,49.77,-367.5,-44.0869,-28.0268,0.383537,1014.39
663680,-1.31994,17.4605,1.69775,68.6,51.52,-359.94,-42.4541,-27.8532,1.17746,1014.34
663686,-1.30081,17.7714,3.23768,71.82,52.71,-349.37,-41.0504,-28.403,2.09897,1014.34
663692,-1.33429,17.9053,4.02678,78.33,51.17,-340.13,-38.6441,-31.4706,0.0291085,1014.38
663698,-1.85079,18.6944,4.91631,86.38,43.12,-331.1,-38.7873,-32.4256,0.000754159,1014.38
663704,-1.91296,19.2874,5.2176,93.87,38.5,-323.61,-36.9826,-32.194,2.59517,1014.39
663710,-2.51076,20.5595,5.21282,97.37,28.77,-318.22,-35.5503,-34.6828,2.29745,1014.39
663716,-2.32903,23.1899,4.57197,95.06,19.18,-315.63,-33.946,-36.3323,2.16986,1014.39
663722,-1.09995,24.1368,4.46676,90.23,12.32,-319.34,-32.6569,-36.5349,2.21239,1014.38
663728,0.382592,24.8685,3.88809,86.17,3.08,-330.89,-31.6257,-37.5188,3.16226,1014.38
663734,2.01817,24.9928,2.50598,74.69,-1.12,-347.69,-29.1334,-39.4866,2.85036,1014.4
663740,2.16643,24.5911,3.66332,72.17,-15.89,-364.77,-27.873,-40.4416,3.33238,1014.4
663746,3.16595,25.3563,2.37685,64.61,-24.64,-380.73,-25.9823,-39.8918,4.16883,1014.42
663752,3.8307,24.5098,2.57771,62.44,-35.91,-392.84,-24.0057,-42.5542,3.51669,1014.42
663758,5.07413,23.8785,2.3099,64.61,-46.9,-402.01,-22.0577,-43.1908,4.97693,1014.42
663764,6.34624,23.7972,2.07078,65.38,-49.63,-401.94,-20.1097,-42.1201,5.47313,1014.42
663770,7.97704,21.956,4.82066,77.56,-53.06,-393.26,-19.3076,-44.7246,3.51669,1014.39
663776,10.4256,23.4385,3.95504,90.23,-58.87,-377.93,-15.4117,-45.5349,5.2463,1014.39
663782,13.9072,26.2123,1.97991,85.05,-48.44,-357.7,-14.0653,-44.9272,5.64326,1014.42
663788,16.7145,28.3309,0.765184,71.19,-43.96,-335.65,-13.0627,-44.2326,6.62148,1014.42
663794,19.6557,29.1439,-0.444763,47.6,-38.43,-305.48,-10.2267,-45.5059,6.66401,1014.42
663800,25.4902,27.4127,-1.46341,26.11,-28.28,-273.56,-7.84899,-45.8821,6.84831,1014.4
663806,28.8857,24.8111,-1.32951,7.84,-19.88,-240.8,-7.96358,-45.2166,6.02604,1014.4
663812,32.8551,21.3343,-0.0526064,-8.05,-16.24,-195.58,-5.38539,-47.0686,7.86907,1014.42
663818,40.1817,16.2506,1.81731,9.1,9.38,-156.66,-4.58328,-46.5767,6.06857,1014.42
663824,42.6877,14.4859,3.45768,19.67,31.5,-103.11,-4.4687,-45.1587,7.33034,1014.48
663830,42.396,13.3429,5.4615,36.96,35.77,-43.26,-4.21088,-46.1426,6.97591,1014.48
663836,41.7599,13.8211,6.21712,52.01,51.8,12.74,-2.77855,-47.3001,7.55717,1014.46
663842,35.055,16.4802,5.35151,48.37,50.19,58.03,-4.38276,-45.3034,7.61388,1014.46
663848,31.9608,16.8867,4.50024,36.4,53.97,98.42,-4.75516,-46.1426,8.97488,1014.46
663854,28.4027,16.7193,3.61549,24.71,53.06,123.13,-4.64058,-47.0686,9.0883,1014.46
663860,23.8929,16.4084,2.59206,6.86,50.26,136.36,-6.27343,-45.6506,8.80476,1014.38
663866,-21.1382,88.4457,24.902,165.69,193.48,454.86,-7.59118,-44.6667,8.70552,1014.38
663872,32.549,6.85796,-58.3405,-444.5,-113.54,253.96,-9.39591,-46.1137,7.33034,1014.38
663878,-26.3893,-21.0521,17.1066,-155.4,215.46,378.98,-10.2553,-45.8243,6.89084,1014.39
663884,-34.7441,-5.76757,15.8154,8.96,-143.64,388.78,-13.6643,-43.1908,5.9268,1014.39
663890,-9.24916,8.69919,6.15973,12.53,-122.5,368.13,-15.0106,-44.3773,6.2387,1014.39
663896,-0.980392,9.09613,0.664754,31.29,-17.71,412.51,-16.844,-45.2744,5.45895,1014.39
663902,-2.74032,11.1717,6.11191,57.68,-130.97,381.36,-19.7373,-42.3516,7.00426,1014.4
663908,4.74414,19.2444,-3.08465,-9.1,-184.8,341.88,-21.2842,-41.7439,6.25287,1014.4
663914,17.7379,21.4778,-4.02678,-71.96,-83.09,333.83,-22.5447,-42.6989,6.6073,1014.42
663920,11.9225,23.4146,-2.12817,-112.42,-48.65,290.99,-23.6906,-41.3098,5.62908,1014.42
663926,6.57102,17.0158,1.77905,-102.48,-71.61,251.93,-26.4693,-39.9786,7.51464,1014.43
663932,4.61023,11.8604,0.272597,-84.56,-64.75,229.32,-25.5526,-40.9336,5.65743,1014.43
663938,4.58154,11.8269,1.75992,-88.2,-24.85,222.88,-27.6151,-40.2391,5.27465,1014.39
663944,5.35151,14.2563,9.84696,-49.84,-80.43,191.73,-28.8469,-38.358,5.54402,1014.39
663950,18.2449,7.54663,-1.50646,-37.17,-90.16,94.99,-29.5058,-38.4448,4.89187,1014.44
663956,13.979,12.1377,2.37685,-25.69,8.61,62.23,-29.3626,-38.9079,4.33896,1014.44
663962,-0.966045,11.0713,-1.25777,-34.44,14.56,68.53,-29.8209,-37.5188,5.45895,1014.44
663968,-5.92539,10.0574,3.48159,-36.19,-38.92,59.92,-30.4512,-37.5767,5.57237,1014.41
663974,4.98804,8.05834,3.01291,-14.14,-25.2,47.88,-30.6517,-38.85,5.10453,1014.41
663980,5.7867,7.40794,1.38211,-15.75,6.72,32.41,-30.8522,-37.5188,5.55819,1014.42
663986,1.25299,6.04495,4.93544,10.29,2.87,27.02,-30.5657,-36.7374,4.90604,1014.42
663992,0.191296,9.50741,1.07126,17.36,-5.6,17.78,-31.1387,-37.7503,5.54402,1014.42
663998,0.535629,11.7791,-2.23338,2.59,3.15,13.93,-31.2819,-38.1265,4.90604,1014.42
664004,0.564323,9.37829,0.69823,3.64,-1.4,12.6,-31.4251,-36.9111,6.04022,1014.43
664010,1.13821,9.96174,-0.0813008,3.57,7,7.56,-31.4251,-36.9111,6.32376,1014.43
664016,-0.492587,11.1,0.129125,2.66,-0.7,5.04,-31.11,-38.3001,5.35971,1014.42
664022,0.109995,10.2391,0.731707,0.7,5.81,7.42,-30.7949,-36.94,5.75667,1014.42
664028,-0.994739,10.9134,0.243902,-0.28,-1.75,6.58,-32.1986,-36.8821,6.21034,1014.43
664034,-0.363462,10.8369,0.234338,-4.06,1.89,8.4,-31.11,-37.8082,4.92022,1014.43
664040,-1.21473,11.0904,0.234338,-8.89,-1.54,10.85,-31.1387,-37.4899,5.17541,1014.43
664046,-0.33955,10.3969,0.640842,-8.82,0.35,11.06,-31.7116,-36.8821,5.21794,1014.43
664052,-0.746054,10.2152,0.793878,-8.61,-0.91,12.53,-31.9121,-37.7503,4.4382,1014.43
664058,-0.13869,10.3252,0.631277,-9.8,1.68,13.09,-31.7689,-38.0397,4.18301,1014.44
664064,-0.71736,10.6552,0.095648,-12.67,3.57,14.28,-31.8835,-36.5638,5.13288,1014.44
664070,-0.191296,10.1483,0.784314,-9.8,6.72,15.12,-31.6257,-37.3162,5.91262,1014.45
664076,-0.13869,10.2296,0.602582,-11.9,7.21,14.49,-31.7403,-39.1683,2.96378,1014.45
664082,0.224773,9.95218,0.798661,-10.71,11.62,15.12,-32.0554,-36.2455,4.28225,1014.41
664088,-0.526064,9.73697,0.999522,-10.99,9.8,13.58,-32.5137,-36.8532,5.10453,1014.41
664094,0.0286944,9.64132,0.85605,-9.17,8.54,12.46,-32.0554,-37.6635,4.15466,1014.45
664100,-0.0621712,9.69871,0.808226,-10.15,10.99,11.55,-31.8548,-37.0268,3.80023,1014.45
664106,-0.392157,9.71784,0.913438,-10.22,7.28,10.15,-32.2559,-35.8403,3.942,1014.45
664112,-0.0430416,9.52176,0.918221,-7.77,9.31,9.52,-32.5997,-36.969,3.55922,1014.45
664118,-0.530846,9.98565,0.583453,-10.15,5.88,9.1,-32.1413,-37.6056,3.88529,1014.45
664124,-0.655189,10.3204,-0.0286944,-13.72,6.16,9.8,-31.8548,-35.6088,3.77187,1014.43
664130,-0.569106,10.2582,0.25825,-15.82,3.57,10.08,-31.8835,-36.5928,3.24732,1014.43
664136,-0.57867,10.3204,0.181731,-17.08,1.61,10.92,-32.2272,-38.4448,3.04884,1014.42
664142,-0.473458,10.4543,-0.0908656,-22.4,0.42,10.64,-32.6569,-37.0268,4.42402,1014.42
664148,-0.392157,10.2104,0.191296,-23.52,-2.52,12.32,-33.3731,-37.0558,3.78605,1014.43
664154,-0.296509,10.593,-0.172166,-28.56,-3.08,11.69,-31.8262,-37.6924,2.46758,1014.43
664160,-0.0382592,9.93304,0.487805,-31.01,-2.38,12.74,-32.1413,-37.6346,3.19061,1014.45
664166,-0.143472,9.69392,0.95648,-29.75,-2.45,12.46,-32.8002,-35.7246,3.72934,1014.45
664172,-0.0908656,10.2009,0.679101,-29.89,-0.77,14.91,-32.6569,-37.8082,2.85036,1014.44
664178,0.153037,9.65088,0.784314,-31.08,2.1,15.05,-32.7429,-37.6924,3.31821,1014.44
664184,-0.435198,9.58393,1.52559,-30.45,-0.7,15.12,-33.0007,-35.6957,3.51669,1014.45
664190,0.0621712,9.26351,1.55906,-28.07,0.42,15.68,-32.6856,-37.0558,3.19061,1014.45
664196,-0.851267,9.75131,1.56384,-29.12,-2.24,15.26,-33.058,-37.0558,1.82961,1014.44
664202,0.306074,9.25394,1.55906,-21.91,1.82,15.89,-33.4304,-36.0429,2.86454,1014.44
664208,-0.961262,10.4735,0.798661,-27.02,-5.25,15.82,-33.6023,-35.5799,1.82961,1014.44
664214,0.196078,10.0383,0.813008,-27.02,-0.7,17.29,-33.4304,-37.4899,1.57442,1014.43
664220,-0.248685,10.2726,0.832138,-28.56,0.49,18.69,-33.2012,-36.5349,2.24074,1014.43
664226,-0.473458,10.7221,0.679101,-31.29,0.49,20.72,-33.4877,-35.4352,1.78707,1014.44
664232,0.0621712,10.3922,1.09517,-32.41,3.29,21.98,-34.1179,-35.9561,1.39011,1014.44
664238,-0.535629,10.9134,0.932568,-35.21,1.19,24.64,-33.4877,-36.6217,1.12075,1014.44
664244,-0.0669536,10.4639,0.932568,-36.68,2.94,25.9,-33.4877,-35.3773,1.44682,1014.44
664250,-0.315638,10.7747,1.12865,-39.2,3.92,28.98,-33.4304,-35.9561,1.31923,1014.45
664256,-0.10043,9.87087,1.59254,-38.01,3.43,30.94,-34.2325,-36.477,0.397714,1014.45
664262,0.368245,9.85653,1.7934,-37.03,3.85,30.45,-33.8601,-34.8275,1.2767,1014.48
664268,-0.071736,9.53611,2.15208,-37.45,2.45,31.15,-34.3471,-35.1169,1.41847,1014.48
664274,-0.674318,9.89,2.69727,-33.04,1.05,33.53,-34.0893,-37.2873,0.638726,1014.46
664280,-0.420851,10.0096,2.18556,-30.45,0.49,33.53,-34.1179,-35.4641,0.255943,1014.46
664286,-0.396939,9.96652,2.55858,-27.09,0.42,35.77,-35.0919,-33.9593,1.20581,1014.46
664292,-0.0573888,9.2396,2.79292,-17.92,-0.77,37.52,-34.6909,-35.6667,0.241766,1014.47
664298,-0.655189,11.2052,2.05165,-18.13,-2.94,42.56,-34.8627,-35.3484,0.156703,1014.47
664304,-3.22334,13.1946,5.90148,-10.78,-4.06,53.9,-35.2924,-33.5831,0.993154,1014.44
664310,-2.73075,11.846,3.72071,-1.96,-16.1,60.97,-35.4357,-33.8146,0.794674,1014.44
664316,0.0382592,11.9512,0.746054,-5.25,-11.83,66.78,-35.7221,-35.0011,0.085817,1014.47
664322,-0.789096,12.2286,2.23338,-4.06,-9.8,71.61,-36.6388,-33.7567,0.411891,1014.47
664328,-1.5208,13.1038,2.3099,-2.59,-10.71,80.5,-35.8367,-33.0911,0.610371,1014.45
664334,-1.41559,13.2903,1.956,-4.34,-12.95,87.5,-37.1258,-33.9593,0.582017,1014.45
664340,-1.3869,13.2568,2.29555,-3.64,-13.02,95.34,-37.1258,-32.9754,0.426068,1014.44
664346,-1.20995,12.9077,2.81683,0.07,-12.6,103.53,-37.4696,-32.194,1.70201,1014.44
664352,-1.52559,13.3955,2.879,3.15,-14.07,112.63,-38.5295,-33.2937,0.0716399,1014.46
664358,-1.84601,14.2468,2.46294,4.13,-14.14,123.27,-38.5295,-33.149,1.03569,1014.46
664364,-2.00861,14.3042,2.64945,3.78,-13.51,133.35,-38.7587,-30.805,1.33341,1014.43
664370,-1.9847,13.4433,3.41463,8.89,-16.94,143.5,-39.303,-30.8339,1.84378,1014.43
664376,-1.91774,13.1229,3.72549,13.3,-17.22,152.81,-40.7353,-31.6442,-0.382029,1014.43
664382,-2.01339,12.6016,4.44763,22.47,-19.88,161.7,-40.0478,-29.5895,1.74454,1014.45
664388,-1.29603,13.2233,3.35724,33.81,-20.02,171.57,-41.1363,-28.4899,2.21239,1014.45
664394,-1.01387,14.615,2.22382,40.53,-15.68,182.91,-42.139,-29.2712,2.25492,1014.44
664400,-1.47776,16.6141,1.06648,41.79,-8.89,197.05,-42.4827,-27.969,1.78707,1014.44
664406,-2.86466,17.9866,1.01387,39.69,-7.84,213.64,-43.3421,-25.8854,2.68023,1014.42
664412,-2.88379,19.6222,0.693448,30.73,-4.27,230.3,-45.2042,-25.9722,1.78707,1014.42
664418,-3.10856,19.9044,-0.774749,22.05,-0.07,248.22,-45.376,-25.0751,1.85796,1014.45
664424,-3.16595,19.517,-0.994739,17.29,-1.33,267.33,-46.9516,-22.8468,3.09137,1014.45
664430,-3.04639,21.3534,-0.97561,11.76,1.82,287.14,-47.3813,-22.0365,2.60935,1014.43
664436,-5.02152,24.4763,-2.88857,-1.26,5.32,312.27,-49.1001,-21.3998,1.50353,1014.43
664442,-5.55715,26.8771,-3.89766,-20.23,11.83,340.9,-49.186,-18.8243,3.67263,1014.43
664448,-7.79531,27.8814,-3.3142,-40.25,19.95,372.82,-49.1287,-17.3484,1.85796,1014.43
664454,-10.153,26.1693,0.301291,-46.34,13.09,401.87,-51.6783,-16.7985,1.50353,1014.43
664460,-10.6839,27.0636,0.779531,-49.21,3.22,437.29,-52.0793,-13.1233,2.09897,1014.45
664466,-9.1296,30.3539,-0.143472,-65.59,-3.29,469.35,-52.108,-10.5188,2.36834,1014.45
664472,-7.99617,30.9469,-1.57819,-87.43,-1.68,498.96,-53.8554,-8.49308,0.255943,1014.43
664478,-6.4132,25.2511,-1.39168,-90.37,8.82,525.28,-55.6602,-6.17796,0.355183,1014.43
664484,-6.33668,24.6437,-0.827355,-78.05,9.03,536.9,-55.5169,-2.53166,1.60277,1014.44
664490,-3.52941,28.1205,0.951698,-65.24,8.89,538.51,-55.9466,-0.476999,0.737966,1014.44
664496,-4.88761,30.2582,2.49163,-61.95,14.07,561.54,-57.2357,1.31721,0.596194,1014.4
664502,-5.20803,23.1181,-0.329986,-45.01,20.02,564.27,-57.2644,5.65805,1.7729,1014.4
664508,0.970827,14.2946,1.89383,10.64,24.15,549.43,-56.7487,8.43618,1.92885,1014.43
664514,-0.846485,22.5921,-0.769966,33.18,32.9,538.58,-58.0665,11.5905,0.241766,1014.43
664520,-3.49593,32.6973,-6.27451,12.53,64.4,533.54,-57.2644,14.5134,0.695434,1014.41
664526,-7.54184,27.0971,-7.18795,7.49,73.85,516.95,-56.5196,16.6259,0.9648,1014.41
664532,-5.11717,17.0875,-13.1946,-18.27,92.68,456.19,-56.806,19.1146,-1.04835,1014.41
664538,-8.64658,8.2592,-15.2319,-70.35,136.85,373.38,-56.4623,20.822,-1.67215,1014.42
664544,-13.362,-4.1033,-13.3333,-124.18,127.4,307.44,-54.6002,23.2818,-0.296966,1014.42
664550,-3.16117,-21.406,6.25538,-82.04,35.98,196.91,-55.3451,24.2947,-2.35265,1014.41
664556,19.7513,-18.747,8.63701,4.13,72.87,18.27,-55.7461,25.568,-2.21088,1014.41
664562,-0.0573888,2.80727,-0.951698,-1.33,88.69,-82.39,-54.6002,24.3815,-1.03418,1014.41
664568,-6.93926,-1.42037,3.83548,38.85,58.73,-177.52,-54.5716,23.658,-2.33847,1014.41
664574,-10.5978,1.64993,0.750837,37.8,27.58,-240.94,-56.7487,23.0214,-4.06809,1014.42
664580,-14.5624,9.13917,-3.18986,13.51,1.12,-268.24,-55.8034,22.3558,-3.11822,1014.42
664586,-14.6533,10.6074,-3.10378,-9.87,-18.27,-277.06,-55.7175,20.7352,-2.91974,1014.39
664592,-13.4864,8.6944,-0.659971,-16.17,-32.41,-276.71,-56.9206,18.8542,-4.02555,1014.39
664598,-12.5873,7.3362,-0.554758,-9.94,-47.88,-266.42,-56.9206,17.031,-3.55771,1014.4
664604,-11.2865,4.30894,-1.24821,-0.28,-58.87,-258.44,-56.3477,16.3076,-1.87063,1014.4
664610,-10.1817,1.92252,-1.4395,9.31,-67.2,-253.19,-58.0665,15.4394,-1.40278,1014.38
664616,-8.63223,-0.10043,-2.03252,33.04,-63.28,-245.7,-58.1238,13.1822,-2.57949,1014.38
664622,-6.9297,-0.215208,-2.68293,48.79,-57.75,-245.77,-56.9493,12.1982,-1.41696,1014.38
664628,-5.99713,-0.650406,-1.72645,66.01,-56.21,-248.92,-57.8659,11.0407,-0.708103,1014.44
664634,-3.9933,-0.109995,-2.10904,85.05,-46.55,-253.4,-57.8946,9.33329,-1.71468,1014.44
664640,-3.54854,0.746054,-1.84601,97.93,-37.24,-267.19,-57.5508,9.01496,-0.963291,1014.39
664646,-3.36681,2.066,-2.02774,100.52,-29.33,-282.1,-57.0925,6.9603,0.0432857,1014.39
664652,-2.70684,3.16117,-1.75992,101.64,-19.53,-299.95,-57.9232,5.16609,-0.339497,1014.4
664658,-2.85988,4.08895,-1.55906,95.13,-13.02,-326.48,-57.9519,3.42975,-1.21848,1014.4
664664,-3.18986,5.74844,-1.29603,83.16,-5.18,-349.02,-57.4076,2.18538,1.80125,1014.42
664670,-3.86896,6.31755,-0.526064,76.93,0.63,-368.41,-56.1472,0.0728402,0.681257,1014.42
664676,-4.76327,7.16882,-0.047824,69.79,3.22,-385.49,-56.9779,-2.84999,-0.367851,1014.37
664682,-4.96413,7.17838,0.349115,65.45,7.91,-395.57,-56.2617,-4.81783,1.9572,1014.37
664688,-5.72453,7.34098,0.659971,65.94,10.71,-402.22,-54.944,-6.98825,0.752143,1014.38
664694,-6.28886,7.68053,1.05213,67.9,11.2,-403.97,-54.8867,-9.04292,0.482777,1014.38
664700,-5.91105,7.90053,1.23864,70.84,13.65,-401.94,-53.5976,-11.0108,0.893914,1014.38
664706,-6.8197,9.04352,1.6834,73.36,10.5,-399.49,-52.7096,-12.2262,1.48935,1014.36
664712,-4.87327,9.27307,1.50646,82.88,17.29,-394.8,-51.5351,-14.8886,0.185057,1014.36
664718,-5.00239,10.1196,1.52559,86.38,17.15,-390.74,-50.9908,-17.4931,0.312651,1014.39
664724,-4.98804,11.7743,1.34864,88.9,12.18,-387.17,-50.4178,-18.5638,1.37594,1014.39
664730,-3.47202,12.6016,1.69775,92.05,19.67,-383.67,-48.0975,-21.3998,0.993154,1014.37
664736,-3.19464,13.9072,2.03252,94.08,19.88,-384.51,-47.7251,-22.76,0.27012,1014.37
664742,-2.91726,16.0976,1.73601,88.13,21.91,-383.81,-46.3787,-23.6571,1.74454,1014.39
664748,-3.03204,17.7762,2.20469,78.47,20.72,-382.69,-44.2588,-25.2198,1.50353,1014.39
664754,-3.02248,18.5079,2.5538,69.16,20.44,-381.01,-43.8291,-28.3162,1.37594,1014.37
664760,-2.81683,18.527,3.41942,64.4,17.29,-376.11,-41.6233,-28.9818,2.6377,1014.37
664766,-2.11382,19.4118,3.55332,60.83,16.73,-369.53,-40.3342,-29.7632,2.04226,1014.41
664772,-1.85079,19.56,3.97896,60.2,13.79,-361.55,-38.9592,-32.9754,1.54606,1014.41
664778,-0.899091,20.3635,4.39981,64.54,14.77,-352.8,-37.7847,-33.612,2.62353,1014.41
664784,-0.746054,21.5065,4.28025,69.3,16.66,-344.19,-36.0945,-33.0622,3.942,1014.37
664790,-0.454328,22.8073,4.13678,69.09,21.28,-338.38,-34.032,-36.7374,2.7653,1014.37
664796,0.181731,23.3907,3.86418,69.44,24.08,-338.8,-32.571,-37.403,2.9496,1014.37
664802,-0.296509,24.4237,5.75801,70.14,18.34,-347.76,-31.196,-37.2005,4.59415,1014.37
664808,0.49737,25.5906,4.98326,68.46,10.5,-363.37,-30.4512,-38.7053,3.77187,1014.38
664814,0.932568,25.4567,5.32759,66.71,1.96,-381.29,-28.5891,-40.3548,4.86351,1014.38
664820,0.808226,26.3893,5.18412,60.27,-15.96,-401.8,-26.2688,-40.6153,4.32478,1014.4
664826,1.69297,27.1449,5.2176,53.83,-27.23,-413.91,-23.977,-41.3098,4.48073,1014.4
664832,3.32377,26.6236,6.47059,54.11,-38.15,-416.43,-22.0004,-42.9883,5.40225,1014.37
664838,6.3032,28.7087,5.85844,52.57,-52.08,-411.74,-20.1384,-44.1169,5.72832,1014.37
664844,9.69871,30.3969,4.82066,41.37,-48.44,-399.63,-17.6748,-43.5092,5.58655,1014.42
664850,13.2042,31.913,3.32855,24.01,-49.56,-384.16,-15.6695,-45.1297,5.6149,1014.42
664856,16.0928,32.2716,1.17169,-0.84,-46.34,-362.88,-13.3205,-45.969,5.45895,1014.4
664862,18.9383,31.2099,-0.899091,-25.2,-43.33,-339.64,-11.9455,-46.0268,5.34554,1014.4
664868,24.7202,26.0354,-2.36251,-41.23,-30.94,-313.11,-9.79696,-45.7085,5.37389,1014.4
664874,28.001,21.5686,-2.21903,-38.08,-17.99,-277.55,-7.07554,-48.0236,4.65086,1014.42
664880,33.8498,14.5959,0.473458,-15.47,-3.64,-231.91,-5.72915,-46.7792,4.21137,1014.42
664886,37.4653,10.4161,4.10808,27.02,10.43,-185.01,-5.84373,-46.3452,4.6225,1014.41
664892,40.5882,9.5648,7.84314,71.26,11.76,-130.2,-4.039,-47.358,5.26047,1014.41
664898,41.3821,12.6112,8.03921,94.22,8.19,-76.23,-3.49471,-47.5317,6.21034,1014.43
664904,41.0521,15.868,8.49833,92.61,1.89,-29.47,-3.92441,-45.7953,6.72072,1014.43
664910,36.7862,20.1052,9.34003,73.29,-13.58,18.83,-3.35148,-47.5606,7.06097,1014.42
664916,33.142,22.9938,7.82879,42.63,-26.25,62.51,-3.03637,-47.5027,6.97591,1014.42
664922,27.4366,23.2712,5.90148,1.82,-34.16,93.31,-3.75253,-46.3162,7.64223,1014.43
664928,18.4266,29.4787,4.01722,214.76,194.18,241.99,-4.86975,-46.3741,7.27363,1014.43
664934,-2.85988,104.476,30.9565,-225.54,-257.74,312.69,-6.01561,-47.0976,7.33034,1014.42
664940,2.82162,-18.5605,-14.0172,-179.83,309.54,382.97,-8.47922,-46.3162,5.55819,1014.42
664946,-47.1879,-19.3592,29.0435,24.99,-58.87,453.74,-12.0028,-45.2744,5.98351,1014.42
664952,-8.37398,11.0904,11.7264,192.36,-196.28,394.1,-13.3205,-46.0268,7.04679,1014.39
664958,11.8986,21.6212,-13.4242,66.85,-24.78,402.71,-15.383,-45.3902,6.63566,1014.39
664964,-0.483022,17.2358,0.329986,33.67,-23.1,391.37,-17.7607,-42.8725,8.11008,1014.43
664970,-0.382592,13.0464,5.75801,51.45,-134.4,336.77,-19.3076,-43.3934,9.15919,1014.43
664976,5.68149,17.5084,-1.99426,14.14,-101.43,340.27,-20.5394,-43.0751,8.50704,1014.42
664982,13.5772,35.0885,-8.31181,-57.26,-45.15,312.13,-22.8885,-41.3387,8.56375,1014.42
664988,4.57676,27.6566,-13.0225,-153.93,-64.61,272.65,-24.2921,-39.776,8.56375,1014.4
664994,0.97561,7.6088,8.11095,-113.61,-88.2,254.03,-25.8677,-40.3259,8.28021,1014.4
665000,6.34624,8.68006,6.01626,-65.24,-75.18,227.5,-27.3287,-40.731,7.64223,1014.42
665006,8.82831,12.5203,-0.47824,-89.95,-32.13,223.23,-28.4745,-38.6185,7.88324,1014.42
665012,17.0636,14.3042,7.05404,-84.21,-90.3,129.71,-28.4459,-39.342,7.37287,1014.42
665018,12.5538,5.82496,-0.25825,-21.91,-22.05,88.41,-29.5058,-39.4866,6.67819,1014.42
665024,3.76853,14.3376,-3.3142,-26.81,-11.34,66.36,-29.735,-37.7503,7.24527,1014.42
665030,-1.956,13.032,-1.7121,-72.31,-24.64,67.48,-30.1647,-37.9818,6.59313,1014.41
665036,3.59158,4.21808,7.58489,-34.16,-46.69,50.75,-29.735,-39.3709,5.79921,1014.41
665042,9.29699,5.47107,3.50072,-8.75,0.84,35.77,-30.6803,-37.432,6.67819,1014.37
665048,3.4242,7.57054,3.51028,-1.96,12.6,20.72,-29.735,-37.7793,6.45135,1014.37
665054,-0.263032,8.24486,2.44859,14.07,-12.18,14.91,-31.1673,-37.6924,5.27465,1014.4
665060,1.43472,11.6643,-0.899091,0.7,0,15.4,-30.4798,-38.4159,6.59313,1014.4
665066,-0.224773,9.8087,0.908656,-1.61,-0.84,8.68,-31.3392,-37.0847,7.24527,1014.44
665072,1.36298,9.09613,1.48254,-1.61,-0.98,9.1,-30.7663,-38.3001,6.55059,1014.44
665078,0.650406,9.74653,0.923003,3.22,4.2,6.51,-31.0241,-38.358,6.70654,1014.44
665084,-0.315638,10.2152,1.1956,4.41,0.42,3.5,-31.6257,-37.1137,6.76325,1014.44
665090,0.511717,10.0478,0.760402,4.41,7.91,5.32,-31.0527,-37.8082,7.30198,1014.42
665096,-2.066,10.9039,0.659971,3.01,0.7,6.93,-30.136,-38.7053,6.26705,1014.42
665102,-0.124342,10.9613,-0.272597,-0.98,6.65,8.82,-31.8548,-37.8082,5.69997,1014.42
665108,-1.32951,10.4782,0.382592,-5.25,3.29,11.41,-30.8236,-37.1137,7.28781,1014.42
665114,-0.49737,10.2009,0.97561,-3.99,3.78,12.11,-31.5111,-38.9947,6.08275,1014.42
665120,-0.765184,10.1961,0.985174,-3.57,3.85,12.88,-30.7663,-37.895,7.28781,1014.42
665126,-0.521282,10.1435,0.769966,-4.2,3.99,14.63,-30.7949,-37.0268,6.30958,1014.42
665132,-0.272597,10.1435,0.631277,-5.18,7.77,13.93,-30.8809,-38.6185,6.33794,1014.44
665138,-0.593018,9.78001,0.875179,-5.11,2.94,14.42,-31.2246,-38.1265,7.57135,1014.44
665144,0.0765184,9.86609,0.841702,-7.35,4.55,12.04,-31.3392,-36.8243,6.55059,1014.44
665150,-0.023912,9.39742,0.927786,-6.16,3.64,9.8,-31.1387,-37.7503,6.76325,1014.44
665156,0.196078,9.33525,1.0043,-3.99,4.27,8.96,-31.0814,-37.6346,4.32478,1014.42
665162,-0.243902,9.56002,0.899091,-4.55,2.38,7.63,-31.7689,-36.3902,5.79921,1014.42
665168,-0.0382592,9.55523,0.813008,-4.48,0.35,4.97,-31.0527,-36.4481,6.74907,1014.45
665174,0.0621712,9.58871,0.693448,-5.11,0.84,5.04,-31.5684,-37.8082,5.54402,1014.45
665180,0.0430416,9.58871,0.69823,-5.53,2.87,3.29,-31.4251,-37.6635,5.20376,1014.45
665186,-0.181731,9.67958,0.559541,-5.74,1.47,2.38,-31.5111,-36.4191,6.13946,1014.45
665192,-0.143472,9.99043,0.301291,-8.12,3.5,3.01,-31.3965,-37.5767,6.05439,1014.45
665198,-0.416069,10,0.487805,-10.29,3.43,2.87,-31.9981,-37.6924,5.62908,1014.44
665204,-0.526064,10.0909,0.406504,-11.27,1.54,4.34,-32.2845,-37.2005,4.92022,1014.44
665210,-0.449546,10.0909,0.37781,-13.58,1.54,4.83,-31.3392,-37.4609,4.99111,1014.47
665216,-0.526064,10.1817,0.49737,-15.26,1.19,5.74,-31.3965,-38.9657,5.31718,1014.47
665222,-0.530846,10.0813,0.511717,-17.85,0.49,7.35,-30.5944,-37.1137,4.99111,1014.47
665228,-0.263032,10.1387,0.473458,-18.69,-0.21,7.35,-31.1387,-36.94,4.79263,1014.47
665234,-0.229555,10.1291,0.439981,-20.3,-0.21,8.47,-30.6517,-37.9239,3.34656,1014.43
665240,-0.291726,10.0574,0.779531,-21.56,-0.07,9.31,-31.4824,-37.5188,4.77845,1014.43
665246,-0.554758,10.2391,0.621712,-24.5,-0.98,9.94,-32.0554,-36.6217,5.72832,1014.42
665252,0.023912,10.0096,0.573888,-24.43,2.45,10.99,-31.6543,-36.9979,4.97693,1014.42
665258,-0.506934,9.95696,1.16212,-24.57,1.96,11.9,-32.7142,-37.2584,3.82858,1014.45
665264,-0.325203,9.75131,1.09995,-24.22,1.05,12.46,-31.8548,-36.9111,4.73592,1014.45
665270,-0.047824,9.67001,1.18125,-24.15,3.36,12.74,-32.1127,-37.4899,3.942,1014.46
665276,-0.306074,9.76088,1.02822,-23.59,2.1,13.37,-32.2559,-37.8661,3.68681,1014.46
665282,-0.277379,10.1148,0.760402,-24.57,4.06,14.35,-32.5424,-37.2873,4.67921,1014.46
665288,-0.5978,10.1769,0.879962,-26.74,2.17,16.31,-32.3418,-36.4481,4.48073,1014.45
665294,-0.425634,10.0096,1.04256,-26.32,2.73,17.92,-32.4564,-37.895,3.84276,1014.45
665300,-0.61693,10.3635,0.846485,-27.51,0.77,19.25,-31.7403,-37.0268,3.65846,1014.44
665306,-0.573888,10.5069,1.12865,-28.77,1.4,21.77,-33.3445,-36.0719,3.36074,1014.44
665312,-0.454328,10.3395,1.0043,-30.03,1.68,23.45,-33.0294,-37.2005,3.07719,1014.46
665318,-0.602582,10.6074,1.18604,-32.34,-0.49,24.57,-32.571,-36.7953,2.70859,1014.46
665324,-0.0573888,11.143,1.20038,-31.36,5.39,27.02,-32.2845,-36.3902,4.26807,1014.46
665330,-0.607365,10.9421,0.889526,-35,6.02,28.14,-32.8861,-36.6506,4.45238,1014.46
665336,-0.726925,10.5261,1.59254,-36.26,1.96,30.8,-32.7429,-37.3162,4.16883,1014.47
665342,0.927786,10.0717,1.32951,-35.7,7.63,29.33,-33.6596,-35.9561,2.92125,1014.47
665348,-0.277379,10.2391,1.51602,-36.33,7.49,30.8,-32.8575,-35.985,4.08377,1014.48
665354,0.0669536,10.7987,0.903874,-43.68,6.79,32.13,-33.1153,-37.2873,2.66606,1014.48
665360,-0.37781,10.8656,1.09039,-43.96,7.7,32.76,-33.8601,-36.1587,3.33238,1014.48
665366,-0.0908656,10.3587,2.10904,-43.96,10.64,33.32,-33.6596,-34.9722,3.07719,1014.44
665372,-0.0573888,11.4108,0.73649,-46.55,12.46,35.7,-33.8028,-36.7664,1.73037,1014.44
665378,-0.0143472,11.1765,0.703013,-45.85,14.28,41.93,-34.3757,-36.2165,0.66708,1014.48
665384,-6.45624,14.0937,8.98135,-25.76,1.05,62.65,-35.2924,-35.2326,1.67366,1014.48
665390,-4.96891,13.2807,6.14538,-6.72,-12.81,75.67,-34.5763,-35.3194,1.75872,1014.44
665396,0.0143472,12.1712,0.248685,-16.17,-8.54,81.41,-34.8054,-35.6957,1.51771,1014.44
665402,-0.741272,11.803,2.6351,-11.83,-2.59,89.11,-35.2065,-33.9304,1.57442,1014.42
665408,-2.10904,12.9747,2.97944,-4.55,-5.81,96.6,-36.1805,-34.5381,1.461,1014.42
665414,-2.15208,14.0459,2.54902,-6.23,-3.43,107.52,-36.3237,-34.596,0.9648,1014.43
665420,-2.21903,13.3812,3.01769,-2.59,-6.02,117.46,-37.0399,-33.8436,1.74454,1014.43
665426,-2.34816,14.0985,3.40029,-1.33,-9.45,125.58,-37.0972,-32.5413,2.72277,1014.46
665432,-2.27164,13.7829,3.86418,-0.42,-10.78,134.89,-37.355,-33.4384,1.39011,1014.46
665438,-2.00861,12.5108,4.41416,7.7,-13.72,143.01,-38.5009,-32.8018,1.34758,1014.46
665444,-2.36251,12.219,5.25108,15.75,-19.11,151.27,-38.4722,-30.8339,2.16986,1014.45
665450,-2.10904,12.4008,5.28455,24.71,-22.05,159.18,-40.1337,-31.4995,2.08479,1014.45
665456,-1.58776,12.2573,4.27547,32.48,-24.08,167.93,-40.0191,-30.9786,0.936446,1014.46
665462,-1.03778,12.5155,2.84553,43.47,-21.42,177.03,-41.165,-28.895,3.89947,1014.46
665468,0.0382592,13.759,0.205643,45.29,-14.28,185.57,-41.8525,-27.9979,3.28985,1014.46
665474,-0.33955,15.9397,-0.196078,42.63,-6.09,197.05,-42.9697,-28.9818,1.47518,1014.46
665480,-1.64993,17.4414,-0.157819,40.74,-1.05,211.05,-43.3708,-27.2744,2.51011,1014.43
665486,-4.05548,20.6695,0.191296,28.21,-2.45,229.74,-44.0583,-26.0301,3.64428,1014.43
665492,-3.88809,21.9464,-1.09517,16.66,-2.38,251.37,-44.5739,-25.8275,2.73694,1014.47
665498,-3.3142,23.1803,-3.20899,1.89,3.57,271.53,-46.4933,-24.612,3.48833,1014.47
665504,-3.93113,23.8642,-4.06982,-12.81,11.62,296.66,-46.7797,-22.1233,3.11973,1014.45
665510,-4.19895,24.2516,-4.3759,-18.48,12.25,324.73,-48.699,-22.5284,1.97138,1014.45
665516,-4.58632,25.3659,-3.73505,-27.16,30.94,349.93,-49.4152,-19.9239,1.61695,1014.44
665522,-8.80918,26.6906,-1.20995,-37.87,25.55,380.45,-50.7902,-18.0719,2.82201,1014.44
665528,-10.0574,28.5318,0.0334768,-49.98,14.84,414.47,-51.5637,-15.5831,2.68023,1014.44
665534,-8.59876,28.4696,0.5978,-63.07,7,439.25,-52.509,-14.8018,2.21239,1014.45
665540,-7.46054,25.9206,-3.77331,-73.22,21.56,474.32,-54.3138,-11.7053,1.00733,1014.45
665546,-6.50406,22.1282,-2.71162,-61.46,13.93,506.03,-53.2538,-8.03005,2.31163,1014.47
665552,-4.21329,23.0416,-1.89383,-52.64,28.84,527.94,-55.6029,-6.43841,0.511131,1014.47
665558,-0.95648,18.0918,0.186514,-21.35,17.43,527.73,-56.1472,-4.35481,0.128348,1014.41
665564,3.71114,23.9168,2.96031,21.35,50.05,535.92,-56.1472,-0.216549,1.99973,1014.41
665570,-2.17599,23.979,-3.79244,-6.23,76.86,536.41,-57.0639,1.40403,1.29087,1014.41
665576,-1.27212,17.6662,2.83596,31.57,73.5,527.8,-58.9259,4.15323,-0.0276001,1014.41
665582,-1.59254,24.9928,1.74079,40.39,76.93,521.5,-57.2644,8.20467,-0.169371,1014.42
665588,-2.66858,36.0402,-4.43328,-2.73,84.21,520.45,-57.4649,10.8381,0.496954,1014.42
665594,-6.31277,30.3348,-5.5715,-18.76,97.65,508.62,-57.9805,13.1532,0.114171,1014.41
665600,-4.78718,16.8101,-4.79197,10.29,125.09,476.21,-57.0352,15.9603,-1.34607,1014.41
665606,-7.58967,7.80009,-13.2425,9.24,155.89,424.83,-55.7747,17.8703,-0.72228,1014.41
665612,-11.0521,-0.569106,-18.9813,-62.51,192.57,336.42,-56.319,20.0986,-5.13137,1014.43
665618,-25.5763,-4.87805,-12.4964,-126.35,156.45,304.85,-55.8034,21.1114,-3.40176,1014.43
665624,-0.224773,-28.2783,16.748,11.34,39.13,122.15,-54.5716,23.8027,-2.99062,1014.4
665630,11.8508,3.62984,-2.92683,24.57,99.82,-11.2,-55.0872,23.0214,-4.13897,1014.4
665636,-2.02296,5.37064,-1.75992,26.11,105.63,-106.82,-55.5742,22.4137,-4.91871,1014.39
665642,-13.1181,-1.31994,3.62984,64.05,44.66,-178.22,-54.9726,21.8349,-5.21643,1014.39
665648,-14.8254,3.82114,-0.679101,49.07,8.96,-229.04,-54.7435,21.4008,-5.24479,1014.42
665654,-16.4036,8.79483,-3.24725,21.98,-20.44,-245.77,-56.9206,19.9539,-5.35821,1014.42
665660,-14.7633,11.3821,-2.30033,1.89,-38.71,-253.12,-56.5769,18.2754,-6.06706,1014.44
665666,-13.8068,10.3778,-1.31994,-7,-56.35,-244.44,-55.8893,18.1307,-5.06049,1014.44
665672,-12.0086,7.52272,-1.17647,-5.67,-71.61,-232.47,-56.0326,16.3076,-5.51415,1014.42
665678,-10.5787,5.54758,-1.99426,-3.36,-78.12,-227.99,-57.6368,14.4265,-4.76277,1014.42
665684,-8.90005,0.650406,-1.89861,10.29,-83.65,-220.36,-56.405,14.0793,-3.65695,1014.42
665690,-7.05882,0.612147,-3.08465,23.66,-76.72,-217.77,-58.0378,12.5166,-2.97645,1014.45
665696,-5.45194,-0.129125,-3.36681,35.77,-70.91,-221.06,-57.78,10.7802,-4.02555,1014.45
665702,-3.21856,-0.693448,-2.65423,54.39,-58.87,-227.15,-57.1211,10.3751,-3.20328,1014.4
665708,-2.09469,-0.234338,-3.3142,70.14,-46.83,-240.45,-57.1498,8.03104,-2.48025,1014.4
665714,-1.60689,0.425634,-3.16117,80.99,-31.36,-257.74,-57.9519,6.90242,-3.62859,1014.44
665720,-2.1186,1.60689,-3.26638,84.14,-20.72,-274.82,-57.6654,5.86062,-2.04075,1014.44
665726,-1.53993,2.02774,-3.05117,88.06,-6.23,-299.04,-57.0352,5.07927,-1.06253,1014.39
665732,-2.16643,2.65901,-2.066,90.58,3.43,-322.7,-57.5222,2.30114,-2.13999,1014.39
665738,-3.48637,3.92157,-1.49211,86.87,9.03,-343.98,-56.892,0.709497,-2.21088,1014.36
665744,-4.89718,5.64801,-0.803443,85.89,12.53,-362.11,-55.3451,-0.853204,-2.04075,1014.36
665750,-5.79627,6.32233,-0.157819,83.58,12.88,-372.4,-55.6029,-3.48665,-2.86303,1014.37
665756,-6.6571,7.39359,0.0669536,79.31,9.03,-378.91,-56.806,-5.80176,-2.1967,1014.37
665762,-7.0636,7.97226,0.33955,78.89,6.02,-380.52,-54.056,-7.16189,-2.08329,1014.35
665768,-7.24055,8.38355,0.631277,77.84,-0.21,-378.98,-54.3424,-8.9561,-1.91316,1014.35
665774,-6.96317,9.20134,0.95648,79.17,-5.81,-375.83,-54.0273,-12.0526,-2.72126,1014.35
665780,-6.32233,9.82305,0.932568,82.25,-9.73,-373.73,-52.7382,-12.9497,-2.06911,1014.37
665786,-4.98326,10.8321,0.612147,81.13,-12.39,-374.5,-51.2199,-14.3098,-1.31772,1014.37
665792,-4.12243,11.6691,0.430416,80.29,-13.86,-377.72,-50.5611,-17.2616,-2.90556,1014.37
665798,-2.80249,12.7068,-0.157819,80.01,-9.24,-382.9,-49.9881,-18.9979,-2.49442,1014.37
665804,-1.00909,14.1033,-0.502152,76.65,-0.14,-388.43,-47.811,-19.7792,0.0149313,1014.37
665810,-0.73649,15.055,-0.373027,73.57,9.94,-388.57,-47.2381,-21.776,-0.637217,1014.37
665816,-0.449546,16.5375,0.263032,75.25,18.83,-383.6,-45.6625,-24.4095,-0.410383,1014.38
665822,-0.320421,18.2927,0.349115,72.73,28.63,-370.58,-44.6312,-25.5092,-0.254434,1014.38
665828,-0.650406,20.44,1.51124,74.13,34.51,-348.11,-43.7432,-27.3034,2.09897,1014.39
665834,-0.157819,21.9177,1.54472,70.63,36.82,-322.21,-42.8838,-30.1104,-0.963291,1014.39
665840,0.793878,21.9225,1.77427,70.35,41.86,-300.44,-40.9931,-29.6185,-0.396206,1014.4
665846,0.530846,21.2673,2.37207,73.22,38.57,-283.15,-39.6754,-31.3259,1.37594,1014.4
665852,1.37733,19.8278,2.96031,76.93,33.81,-278.39,-38.2144,-33.2358,0.0149313,1014.4
665858,1.23864,21.033,4.12721,89.11,32.69,-280.35,-36.9826,-34.2776,0.978977,1014.39
665864,2.5538,20.6026,3.73505,98.28,29.68,-290.5,-36.0945,-33.2937,1.16328,1014.39
665870,2.53945,21.3439,3.14204,104.44,20.58,-304.15,-35.1492,-35.522,0.86556,1014.39
665876,3.90722,24.3424,1.35342,98.28,20.3,-313.32,-33.1726,-37.8082,1.2767,1014.39
665882,3.98852,25.3659,1.05691,89.18,13.58,-321.65,-31.8548,-37.3741,1.17746,1014.39
665888,5.74366,24.9833,1.17647,87.57,13.3,-329.35,-30.222,-38.3001,2.97795,1014.39
665894,6.27451,23.6968,1.53037,87.36,10.22,-337.89,-28.761,-41.3387,1.43265,1014.39
665900,6.67145,20.3587,3.11812,97.09,5.39,-350.07,-27.1568,-41.1651,2.9496,1014.39
665906,6.07843,19.7657,3.76375,106.75,-5.88,-360.85,-25.2948,-40.731,3.60175,1014.42
665912,5.86322,19.6222,4.54328,113.26,-17.85,-366.52,-23.0317,-42.7278,3.74352,1014.42
665918,5.48063,19.2348,6.96317,119,-27.58,-360.92,-21.3129,-43.1329,4.02706,1014.41
665924,5.97322,18.8331,9.08178,134.05,-42.07,-346.64,-19.3076,-43.3066,6.18199,1014.41
665930,9.89479,24.8924,6.4945,127.96,-52.78,-330.82,-17.8467,-43.8854,6.36629,1014.41
665936,12.329,28.2975,4.49067,97.09,-53.76,-310.38,-15.6695,-44.9272,6.55059,1014.41
665942,14.4572,29.5983,3.17551,62.51,-58.59,-290.29,-15.1825,-44.7535,7.17439,1014.41
665948,19.0913,28.3835,0.85605,23.73,-59.15,-273.49,-13.4351,-44.3484,7.7273,1014.44
665954,22.4438,25.1411,0.11956,-2.8,-55.37,-252.21,-11.4585,-46.3452,7.50046,1014.44
665960,27.4271,19.1248,-0.191296,-10.29,-51.8,-225.26,-9.65373,-45.5638,6.99009,1014.43
665966,31.6499,14.9928,0.406504,-0.63,-36.26,-193.55,-9.25268,-45.5059,8.18097,1014.43
665972,36.3845,9.41176,3.62984,26.25,-17.15,-150.57,-6.67448,-46.7503,7.96831,1014.46
665978,37.8097,7.61358,5.80105,62.72,-4.2,-100.1,-6.53125,-46.8082,7.47211,1014.46
665984,37.7475,8.26399,6.75275,95.34,9.38,-51.59,-6.90366,-45.5638,8.28021,1014.46
665990,34.2468,11.4491,7.70445,110.81,14.49,-0.14,-6.53125,-46.5767,8.93235,1014.46
665996,30.9708,14.0029,7.7714,110.32,15.61,45.08,-5.92967,-46.7792,8.36527,1014.47
666002,25.6432,17.5131,7.30273,94.15,12.25,76.51,-6.90366,-45.8243,10.6903,1014.47
666008,22.6734,18.7614,6.6571,64.33,4.76,98.42,-7.61982,-45.6506,10.6336,1014.47
666014,12.0947,37.5227,6.37972,299.95,234.29,293.58,-7.73441,-46.6056,10.2367,1014.47
666020,7.55141,77.3553,-19.0961,-491.33,-213.57,280.49,-9.82561,-45.5059,10.2934,1014.47
666026,41.1717,-21.186,-4.12243,-280.77,187.25,272.23,-11.8022,-44.9561,7.74147,1014.41
666032,-62.0038,-3.47202,18.527,-294.42,-42.42,335.44,-13.034,-45.9979,6.59313,1014.41
666038,-22.5921,-25.1315,35.4328,49.42,-274.26,337.05,-14.2658,-45.5349,4.92022,1014.39
666044,4.08895,10.8704,-2.68293,-30.24,-131.18,353.78,-16.7294,-43.3934,6.2954,1014.39
666050,-1.3582,11.7838,5.46628,-22.4,-109.2,351.26,-19.0785,-43.596,5.54402,1014.44
666056,-2.08991,6.77666,10.5165,3.92,-164.57,332.22,-19.3649,-43.3645,6.40882,1014.44
666062,8.97178,10.3635,7.5801,34.79,-130.55,332.29,-21.7139,-41.9175,7.55717,1014.43
666068,14.1846,24.2516,-5.51411,-33.18,-82.81,312.69,-22.8885,-41.6281,6.93338,1014.43
666074,15.0311,24.4811,-7.55141,-120.19,-33.39,277.97,-24.3494,-42.4384,5.87009,1014.45
666080,8.05356,14.3472,0.545194,-112.98,-10.5,245.91,-25.6958,-40.4706,5.45895,1014.45
666086,1.18604,9.58871,4.49067,-84.77,-7.49,234.29,-28.36,-39.1973,5.18959,1014.43
666092,-0.559541,8.67527,3.32377,-59.64,-7.42,233.03,-28.5605,-40.0075,4.80681,1014.43
666098,11.4634,18.1014,15.3659,-46.2,-145.67,96.74,-28.5318,-39.6892,4.59415,1014.43
666104,16.6188,12.1951,-6.28407,-22.26,-39.06,71.05,-30.4225,-37.1715,5.79921,1014.43
666110,4.21329,16.2649,-4.12243,-74.34,-26.53,63.84,-30.1074,-39.1394,4.7501,1014.43
666116,-0.722142,6.43711,6.34146,-72.45,-21.56,62.72,-30.3079,-38.7053,4.48073,1014.39
666122,-0.540411,4.60067,7.08273,-20.72,-39.55,53.2,-30.4512,-36.7374,4.89187,1014.39
666128,5.89192,6.03061,2.81683,-5.88,-2.24,42.49,-30.136,-36.9111,3.97035,1014.43
666134,1.40603,7.011,3.44333,0.14,10.92,34.58,-30.8522,-38.4159,3.97035,1014.43
666140,-0.401722,7.80488,3.16117,12.67,-4.55,28.7,-31.0814,-38.0976,4.11212,1014.43
666146,2.15686,11.2004,-1.22908,0.35,-6.51,24.99,-31.4251,-36.8243,5.54402,1014.43
666152,3.04639,8.72788,0.109995,2.1,6.72,17.92,-31.7403,-37.6635,5.20376,1014.43
666158,-0.071736,10.1052,0.688666,-4.55,15.61,12.04,-31.597,-38.5606,4.4382,1014.43
666164,0.822573,9.51219,0.583453,-5.53,0.21,8.68,-31.7689,-36.6217,4.22554,1014.39
666170,0.487805,10.0143,0.970827,-2.45,0.49,5.46,-31.11,-37.5477,4.31061,1014.39
666176,0.650406,9.47394,1.81731,0.14,7.77,3.15,-31.5111,-38.2133,4.42402,1014.41
666182,-0.846485,9.71784,1.82688,3.57,2.52,3.57,-31.683,-37.6346,5.13288,1014.41
666188,-0.712578,10.7365,0.382592,2.66,1.68,6.79,-31.597,-37.0268,5.6149,1014.41
666194,-0.650406,11.1095,0.0860832,-5.25,2.03,7.07,-31.4824,-38.387,3.51669,1014.41
666200,-0.263032,10.1052,0.765184,-2.8,3.71,8.82,-31.5397,-36.8821,5.4306,1014.41
666206,-0.923003,10.6217,0.712578,-5.04,-2.17,10.36,-31.9408,-36.7953,5.01946,1014.4
666212,-0.196078,10.4208,0.789096,-5.67,0.84,10.78,-31.9121,-37.7214,3.38909,1014.4
666218,-0.162602,10.4735,0.454328,-8.75,-0.28,12.46,-31.3965,-38.4159,4.08377,1014.44
666224,0.114778,10.0239,0.827355,-9.73,2.52,11.27,-32.0554,-35.8403,4.70757,1014.44
666230,-0.243902,9.73697,1.32472,-10.43,0.63,9.52,-32.2845,-37.0847,4.32478,1014.42
666236,0.267814,9.27307,1.53515,-6.37,3.64,9.59,-31.3965,-37.2005,4.35314,1014.42
666242,0.0095648,9.49306,1.31994,-5.39,2.59,7.91,-32.2272,-36.0719,5.52984,1014.41
666248,0.25825,9.82305,0.765184,-5.95,3.01,6.16,-31.6257,-36.3902,5.35971,1014.41
666254,0.0430416,9.84696,0.71736,-7.14,4.69,6.37,-32.0267,-38.1265,4.2539,1014.42
666260,-0.0669536,9.73218,0.760402,-7,2.24,4.9,-32.0267,-37.403,4.45238,1014.42
666266,0.0191296,9.79436,0.722142,-9.87,1.96,3.92,-32.3418,-36.2165,5.04782,1014.42
666272,-0.0860832,9.66523,0.951698,-10.22,0.07,3.71,-32.0554,-37.4899,4.16883,1014.44
666278,-0.167384,9.6461,0.870397,-8.12,-1.47,3.01,-32.084,-37.6635,3.7577,1014.44
666284,-0.253467,9.96652,0.621712,-10.15,-3.5,2.24,-31.8262,-36.5059,4.72174,1014.45
666290,-0.373027,9.99043,0.530846,-10.64,-5.25,2.45,-31.9694,-37.4899,4.60833,1014.45
666296,-0.263032,10.3109,0.272597,-13.3,-7.49,3.29,-32.5424,-37.0558,4.16883,1014.44
666302,-0.157819,10.4256,0.200861,-16.66,-7.21,4.13,-32.4278,-36.477,4.21137,1014.44
666308,-0.334768,11.3008,-0.286944,-20.93,-5.25,6.93,-32.3705,-36.3323,4.04124,1014.47
666314,-0.253467,10.8034,-0.0143472,-26.11,-5.39,7.98,-32.5137,-37.3162,3.78605,1014.47
666320,-0.349115,9.93304,1.02822,-25.27,-5.74,8.96,-32.3418,-36.5928,3.45998,1014.42
666326,-0.181731,10.0717,1.06169,-25.48,-3.92,10.15,-32.6856,-36.1876,3.85694,1014.42
666332,-0.124342,9.94739,1.29125,-24.78,-3.64,10.78,-32.4564,-37.2294,2.56682,1014.42
666338,0.0430416,10.7317,0.439981,-26.95,0.35,12.67,-32.5137,-37.5477,2.92125,1014.42
666344,-0.143472,10.2965,0.645624,-32.2,0.91,14.7,-33.1439,-36.1587,4.31061,1014.42
666350,-0.172166,9.61262,1.48733,-27.16,0.35,14.07,-32.9434,-37.0847,3.27567,1014.45
666356,0.0526064,9.73218,1.24342,-28.21,-17.5,14.21,-32.7715,-37.5477,2.24074,1014.45
666362,0.109995,9.84696,0.884744,-29.05,-0.7,14.49,-33.7455,-35.551,3.43162,1014.44
666368,0.215208,9.83261,1.01387,-29.68,-0.35,14.14,-32.5137,-36.1008,1.9572,1014.44
666374,0.114778,9.78479,0.961262,-30.8,0.35,14.77,-33.058,-37.2294,1.82961,1014.43
666380,-0.0669536,10.4017,0.989957,-33.04,2.24,15.61,-32.8002,-36.8243,2.24074,1014.43
666386,-0.215208,10.9756,0.741272,-36.75,4.83,18.06,-33.7742,-35.3484,3.09137,1014.45
666392,-0.10043,9.89479,1.36777,-37.38,6.51,20.23,-33.2299,-37.403,1.70201,1014.45
666398,-0.320421,9.76566,1.75992,-36.19,3.57,20.3,-33.8315,-37.0558,1.97138,1014.46
666404,0.162602,9.83261,1.52559,-32.97,6.02,21.77,-33.545,-34.6828,2.72277,1014.46
666410,-0.535629,10.9373,1.31038,-37.59,6.86,24.36,-33.5736,-36.1876,1.36176,1014.47
666416,-0.0334768,9.99043,1.45385,-36.68,7,25.55,-33.2872,-36.969,0.525308,1014.47
666422,-0.33955,10.2822,2.11382,-35.98,6.3,26.25,-33.8315,-35.4931,0.922268,1014.45
666428,-0.334768,10.0239,2.1186,-34.3,6.09,28.56,-33.6596,-35.4931,1.23417,1014.45
666434,-0.439981,10.3109,1.66906,-30.24,6.44,31.57,-33.7455,-36.8532,1.36176,1014.45
666440,0.0191296,10.4878,2.10904,-29.68,9.45,33.88,-33.6309,-35.9272,0.950623,1014.47
666446,-1.5495,10.7604,3.68723,-29.05,2.8,38.15,-34.4044,-34.9143,1.51771,1014.47
666452,-1.03778,10.813,2.95074,-21.77,0.49,41.86,-34.2039,-35.522,0.482777,1014.46
666458,-2.52989,11.7504,5.83453,-11.69,-7,52.92,-34.0606,-35.4352,-0.736457,1014.46
666464,-1.63558,12.0373,2.85509,-6.23,-14.7,58.66,-35.2065,-34.6828,1.03569,1014.43
666470,0.0095648,11.0617,2.17121,-4.55,-7.14,62.44,-35.6648,-34.9432,0.255943,1014.43
666476,-1.36777,11.1621,2.88379,-0.91,-9.59,68.32,-35.8654,-34.8564,-1.71468,1014.45
666482,-1.45863,12.4821,2.64467,0.49,-13.23,76.09,-35.7794,-33.2648,0.0574628,1014.45
666488,-1.20995,13.2281,2.12817,-3.43,-12.81,82.95,-36.0945,-33.3805,0.737966,1014.48
666494,-1.31516,12.4247,3.03682,1.19,-11.83,91.14,-36.381,-34.2487,-0.637217,1014.48
666500,-1.21951,12.9794,2.5538,7.49,-11.97,100.66,-36.6388,-33.7567,1.40429,1014.48
666506,-1.61167,15.0598,1.033,0.91,-13.23,110.46,-37.3836,-32.7149,1.58859,1014.48
666512,-0.994739,14.6628,1.50646,-1.82,-9.45,119.91,-37.842,-32.5703,0.4686,1014.48
666518,-1.40124,13.7972,2.74032,-0.56,-9.45,129.36,-37.6701,-33.0911,1.43265,1014.43
666524,-2.21425,12.7164,4.40459,4.55,-15.68,137.34,-38.8733,-31.0075,1.13493,1014.43
666530,-1.67384,12.5538,4.81588,11.9,-16.59,144.69,-39.1884,-30.4288,1.99973,1014.43
666536,-2.23338,12.4582,4.96413,18.69,-19.81,153.72,-40.1337,-30.8629,0.837206,1014.43
666542,-1.87948,12.7977,4.36155,26.67,-24.01,161.28,-40.5061,-30.0236,0.737966,1014.47
666548,-1.05691,13.5581,2.05643,28.07,-20.23,170.59,-41.2509,-28.8371,2.09897,1014.47
666554,-0.808226,13.209,1.4682,31.71,-0.49,180.81,-42.0244,-28.9239,2.4534,1014.44
666560,0.306074,13.2712,1.12386,39.48,-8.61,190.54,-42.4827,-27.7953,1.56024,1014.44
666566,-2.16643,17.3649,1.3056,38.01,-7.07,203.77,-43.3135,-26.2905,2.86454,1014.42
666572,-3.61071,19.6604,1.36298,34.65,-7.28,223.65,-44.7745,-26.7246,2.48175,1014.42
666578,-4.07939,21.5734,0.253467,24.78,-10.01,241.71,-45.2328,-25.8564,3.21897,1014.43
666584,-3.67767,22.6829,-1.21951,14.21,-9.24,265.09,-45.2328,-23.5992,2.85036,1014.43
666590,-3.12291,23.5916,-3.71114,-1.54,0.28,288.75,-46.7224,-23.3387,1.65948,1014.43
666596,-4.33285,24.1511,-4.45241,-15.19,5.88,312.55,-48.6704,-21.8918,1.06404,1014.44
666602,-4.20373,26.2697,-3.67767,-28.28,12.32,340.06,-48.6704,-19.8661,2.33998,1014.44
666608,-6.21712,26.2745,-1.33429,-38.78,15.05,371.7,-49.9595,-17.6667,2.72277,1014.45
666614,-6.93448,24.7011,0.0143472,-34.93,15.26,400.4,-51.7356,-16.8854,1.40429,1014.45
666620,-8.79962,23.0129,1.22429,-26.88,9.94,432.25,-51.9647,-15.4963,1.03569,1014.42
666626,-6.84361,24.8111,0.10043,-25.06,4.69,461.51,-52.6523,-11.2712,2.29745,1014.42
666632,-5.03108,25.4328,-0.573888,-32.2,15.05,485.1,-54.056,-9.30337,1.41847,1014.46
666638,-6.04974,25.7484,-0.0095648,-34.16,15.05,508.13,-54.4857,-7.48021,-0.22608,1014.46
666644,-2.36251,25.8584,1.53993,-29.05,6.3,510.16,-55.6029,-3.39983,1.82961,1014.4
666650,1.74079,25.7676,0.813008,2.59,35.42,519.05,-55.7747,-1.92394,1.48935,1014.4
666656,-4.73458,24.2611,-3.64897,-1.61,51.45,525.42,-57.5795,1.57766,0.525308,1014.4
666662,-3.73984,19.1296,-0.401722,14.77,55.79,523.04,-57.3503,4.67413,1.73037,1014.4
666668,-2.40555,24.4763,0.731707,35.07,66.08,526.89,-57.1498,8.17573,0.36936,1014.44
666674,-4.82066,27.4988,-3.11812,25.69,71.12,520.52,-58.7826,9.99889,-0.708103,1014.44
666680,-1.81253,25.605,-2.48685,34.37,74.41,508.48,-57.2357,13.0953,-0.0701315,1014.44
666686,-4.40937,25.5189,-6.58536,24.43,115.08,497.35,-56.3477,16.1339,0.284297,1014.42
666692,-11.9369,11.5351,-10.8417,-8.82,135.17,461.44,-56.892,18.6516,-1.14759,1014.42
666698,-9.08656,-0.483022,-9.53132,-21.91,159.53,384.23,-56.4623,20.1275,-1.96987,1014.4
666704,-11.9225,-9.31612,-10.0861,-58.8,159.74,311.01,-54.9154,22.8767,-1.60126,1014.4
666710,-12.2908,-16.9106,8.4792,-16.31,23.38,212.52,-55.7175,23.4555,-3.72783,1014.42
666716,17.9579,-15.825,10.0956,54.88,38.85,41.79,-55.0586,23.7738,-4.81947,1014.42
666722,3.00813,5.6241,-2.25251,30.03,66.43,-65.1,-55.1732,23.8896,-4.13897,1014.43
666728,-6.37972,0.549976,3.37159,56.07,32.34,-158.27,-54.5143,23.4265,-4.1815,1014.43
666734,-11.1956,2.16164,1.24821,45.15,-6.51,-226.66,-56.5482,22.8767,-5.07466,1014.43
666740,-13.7351,10.0287,-4.06504,18.34,-34.02,-258.09,-56.5482,21.2851,-3.92631,1014.43
666746,-13.362,12.6351,-4.39024,-15.68,-46.06,-272.44,-55.7747,20.2433,-3.55771,1014.42
666752,-12.1664,11.7838,-2.40076,-37.94,-54.67,-269.36,-57.1211,18.1307,-4.01138,1014.42
666758,-10.8274,9.53611,-1.65471,-36.82,-61.32,-259.91,-57.4363,16.7416,-3.28834,1014.42
666764,-8.65614,5.45672,-2.23338,-30.52,-60.62,-249.48,-56.5769,15.6709,-3.38758,1014.41
666770,-7.30273,3.6681,-3.01291,-24.78,-54.11,-239.12,-57.9805,14.3976,-2.42354,1014.41
666776,-5.89192,0.286944,-2.91726,-2.1,-44.03,-233.87,-57.9519,11.6195,-3.88378,1014.43
666782,-4.32329,-2.45337,-2.76901,25.27,-32.41,-232.96,-57.2644,12.1982,-1.75721,1014.43
666788,-3.09421,-2.78336,-3.00335,50.82,-0.21,-236.04,-57.5795,10.8092,-2.39518,1014.42
666794,-1.75992,-2.42468,-2.85988,78.54,-0.35,-245.35,-58.4102,8.37831,-2.87721,1014.42
666800,-1.54472,-1.53515,-2.67814,101.01,14.56,-257.67,-57.4935,7.42332,-2.6929,1014.43
666806,-1.9034,0.191296,-2.76423,113.82,24.43,-271.25,-56.892,6.03425,-2.36683,1014.43
666812,-2.38642,2.84553,-2.80249,114.17,35,-289.03,-58.0951,4.99245,-4.03973,1014.39
666818,-3.52463,3.88331,-1.53037,113.33,40.39,-306.88,-57.9232,2.85097,-3.0048,1014.39
666824,-4.945,6.42276,-0.932568,106.54,39.55,-322.84,-56.7487,1.80917,-2.13999,1014.42
666830,-5.69584,7.6901,-0.593018,93.66,37.03,-337.05,-57.3217,0.391169,-2.97645,1014.42
666836,-6.37972,8.35964,0.449546,82.39,30.66,-348.11,-57.1211,-2.99468,-3.0048,1014.41
666842,-6.26973,8.45528,0.83692,73.36,26.88,-356.16,-56.892,-4.41269,-2.31012,1014.41
666848,-6.35581,8.10139,1.10473,69.37,22.12,-363.09,-54.9726,-5.51237,-2.56531,1014.41
666854,-6.36059,7.61358,1.4682,68.6,14.91,-367.15,-55.5742,-8.49308,-3.11822,1014.39
666860,-5.90626,7.21186,1.99904,72.59,11.83,-370.09,-53.7408,-9.50594,-2.25341,1014.39
666866,-5.6241,7.63749,2.08034,83.02,6.65,-371.63,-53.1393,-10.7214,-2.12582,1014.38
666872,-5.22238,8.65136,1.73123,90.02,4.9,-371.07,-52.2799,-14.6281,-3.16075,1014.38
666878,-4.68197,9.31612,1.73601,97.51,4.9,-370.65,-52.2512,-16.4223,-2.94809,1014.39
666884,-3.95983,10.9852,1.43472,102.34,3.92,-372.33,-50.5611,-16.3066,-2.12582,1014.39
666890,-3.16595,12.0516,1.34864,103.25,6.79,-375.06,-49.6157,-19.895,-2.05493,1014.39
666896,-1.94165,12.6781,1.50646,105.77,13.44,-380.1,-48.1261,-22.0944,-2.3243,1014.39
666902,-2.59684,14.089,1.41081,102.48,15.47,-382.48,-47.4959,-22.6731,-0.679749,1014.42
666908,-2.19512,15.275,1.96557,103.11,20.44,-384.3,-45.2901,-24.2648,-1.27519,1014.42
666914,-2.88379,16.4132,2.13773,101.36,22.26,-382.83,-43.7432,-27.477,-0.339497,1014.42
666920,-3.23768,17.5514,2.42946,99.12,21.35,-378.28,-42.7119,-27.94,-0.864051,1014.42
666926,-2.93639,19.297,2.59206,93.66,21.21,-371.07,-41.2796,-29.2712,-0.0984858,1014.42
666932,-2.61597,19.9044,3.06552,92.33,19.67,-360.99,-40.4488,-32.0204,-0.5238,1014.39
666938,-1.2769,21.1478,3.14204,88.34,20.09,-351.26,-38.1571,-32.8596,-0.509623,1014.39
666944,-0.439981,21.6451,3.47202,86.94,23.8,-340.76,-37.0972,-34.0461,-0.0559544,1014.4
666950,0.277379,22.1808,3.62506,86.94,26.74,-330.96,-35.8367,-34.8564,0.638726,1014.4
666956,1.49689,22.946,3.80201,87.71,31.01,-324.03,-34.4617,-36.8532,0.227588,1014.38
666962,1.97513,23.6155,3.80679,87.71,34.93,-320.25,-32.1413,-36.3902,1.91467,1014.38
666968,2.66858,24.3472,3.69201,83.44,40.25,-321.51,-31.4824,-37.3162,1.91467,1014.37
666974,2.57293,24.1416,4.5911,87.43,35.84,-326.55,-29.5918,-39.9207,1.24834,1014.37
666980,3.3955,24.9928,3.68723,80.92,34.37,-336.63,-27.6438,-39.5735,2.07062,1014.41
666986,3.10856,24.7489,3.76853,76.86,24.99,-348.32,-26.0969,-40.2969,3.10555,1014.41
666992,3.18986,24.8493,3.86418,69.58,10.57,-357.77,-23.3182,-41.8018,3.51669,1014.42
666998,3.78766,25.605,3.39072,60.48,-5.46,-363.65,-22.5733,-43.8854,2.53846,1014.42
667004,4.36155,25.715,3.20899,54.46,-19.6,-362.32,-20.8259,-42.4674,4.60833,1014.42
667010,5.46628,25.2893,3.16595,50.89,-39.13,-356.44,-19.2503,-44.1748,3.33238,1014.42
667016,7.3649,23.7255,3.74462,48.93,-46.9,-342.23,-16.443,-45.4191,3.50251,1014.42
667022,8.33094,19.6318,8.13008,69.93,-58.59,-318.36,-15.1539,-44.7825,5.00529,1014.41
667028,13.5964,20.0191,7.5801,92.54,-77.56,-296.87,-12.9481,-45.4481,5.40225,1014.41
667034,19.1439,23.8881,4.69632,84.35,-71.05,-270.69,-11.3725,-46.4899,5.96933,1014.46
667040,23.5677,28.2736,1.53037,60.55,-72.8,-240.94,-9.71102,-46.0268,4.67921,1014.46
667046,28.0727,29.0292,-0.0382592,22.26,-69.37,-211.12,-9.59644,-45.3323,6.18199,1014.42
667052,34.1272,24.7154,0.315638,-10.5,-60.27,-175.77,-7.16148,-46.895,4.57997,1014.42
667058,37.0158,19.7417,2.1186,-23.31,-36.47,-135.17,-6.53125,-46.6346,6.05439,1014.46
667064,39.2061,15.275,3.94548,-18.13,-43.33,-92.68,-6.21614,-46.0558,7.00426,1014.46
667070,40.5643,10.3969,6.38929,4.55,-35.84,-42.14,-5.55727,-46.8371,5.64326,1014.46
667076,40.1722,9.1296,7.02535,33.95,-25.06,7.42,-5.29945,-46.9239,5.98351,1014.46
667082,35.7963,11.0713,5.83453,56.07,-12.11,48.23,-5.61456,-45.8532,6.21034,1014.4
667088,31.6882,12.9412,4.8924,115.78,62.79,102.62,-6.96095,-45.94,7.1035,1014.4
667094,-23.6346,128.608,35.5763,-90.65,-172.62,322.63,-6.67448,-46.3162,7.20274,1014.4
667100,45.2415,17.5562,-6.54232,-245.7,-24.99,316.82,-9.4532,-45.5349,5.94098,1014.42
667106,-14.3042,-14.0746,-2.5538,-203.42,141.82,369.32,-11.8595,-44.7535,5.52984,1014.42
667112,-28.8953,-18.6705,31.693,-5.18,-249.48,376.11,-12.8335,-45.2166,3.88529,1014.39
667118,3.50072,10.8656,7.4988,33.6,-120.4,365.47,-15.0966,-45.0719,5.01946,1014.39
667124,-1.31516,14.8398,0.908656,-16.59,-43.68,374.5,-16.844,-42.9014,5.79921,1014.43
667130,-1.63558,10.2535,7.3362,19.46,-115.29,349.3,-19.68,-43.104,5.40225,1014.43
667136,6.46581,10.3922,6.69058,16.24,-129.15,315.28,-20.9405,-43.6539,5.13288,1014.45
667142,10.3156,15.3993,0.980392,4.55,-56.63,315.49,-22.8025,-41.6281,6.28123,1014.45
667148,7.66619,19.0866,-0.97561,-30.59,-36.4,300.51,-23.7479,-40.7889,6.55059,1014.45
667154,5.1889,26.7097,-7.15925,-80.92,-63.42,265.44,-24.2348,-41.3098,5.09035,1014.45
667160,3.62506,18.3692,-7.11621,-117.53,-43.68,257.18,-26.9563,-40.0075,4.11212,1014.41
667166,2.21903,10.0143,3.37159,-93.8,-29.54,244.93,-27.7584,-38.8211,5.45895,1014.41
667172,3.01769,9.76088,6.80536,-55.51,-50.4,244.65,-28.6464,-39.0236,4.02706,1014.41
667178,27.8575,2.94596,9.04352,-8.82,-91,79.87,-29.3912,-37.9818,4.02706,1014.39
667184,13.3142,14.7872,-6.86753,-33.53,-23.87,52.78,-30.3939,-37.5188,5.89845,1014.39
667190,1.62123,13.9694,-3.28073,-74.2,-20.51,57.89,-30.3939,-37.9818,4.15466,1014.4
667196,-0.980392,4.27547,6.61406,-48.09,-27.79,51.8,-30.623,-38.7342,3.92782,1014.4
667202,-0.908656,8.22573,4.96891,-4.48,-52.71,42.14,-30.4225,-37.432,4.33896,1014.39
667208,4.63415,10.4256,-1.33429,-30.59,-3.85,40.95,-31.3965,-37.6346,3.91365,1014.39
667214,1.1956,4.95457,4.74414,-2.03,-7.42,27.86,-31.0241,-38.6474,3.65846,1014.4
667220,0.0526064,7.77618,2.89813,11.2,-19.88,19.95,-31.7403,-38.0397,4.05542,1014.4
667226,2.23338,11.1286,-0.229555,-5.74,-6.58,21.42,-31.5684,-36.3034,3.89947,1014.41
667232,1.66906,8.40746,1.38211,5.95,2.87,15.75,-31.7689,-37.7503,3.92782,1014.41
667238,-0.540411,10.1865,0.808226,1.68,-8.82,8.54,-31.683,-38.4738,4.02706,1014.44
667244,0.540411,10.7891,0.243902,-6.16,1.33,10.29,-31.3392,-37.0847,4.39567,1014.44
667250,0.506934,8.54615,1.34864,0.84,-1.4,7,-31.8548,-37.895,3.98453,1014.44
667256,0.966045,9.88522,0.813008,0.98,3.08,2.73,-31.0527,-37.9239,3.70099,1014.41
667262,0.157819,9.90435,1.49211,2.94,5.46,2.73,-31.597,-36.969,3.68681,1014.41
667268,-0.664754,10.2248,1.09517,4.48,3.08,3.43,-31.2246,-37.2294,3.50251,1014.44
667274,-0.688666,10.5165,0.545194,2.87,5.74,5.74,-31.2819,-38.7921,3.74352,1014.44
667280,-0.889526,10.4543,0.444763,0.91,3.92,8.05,-32.084,-37.2584,4.40985,1014.46
667286,-0.803443,10.3348,0.83692,2.24,5.11,8.68,-31.683,-36.5638,4.77845,1014.46
667292,-0.712578,10.4065,0.688666,0.14,3.22,10.29,-31.9981,-37.4609,4.28225,1014.41
667298,-0.353898,10.9756,-0.310856,-5.6,4.06,12.46,-31.2246,-37.7793,4.2539,1014.41
667304,-0.506934,10.6313,0.176949,-8.54,3.64,11.55,-31.7689,-36.1587,5.44478,1014.44
667310,-0.33955,10.0909,0.425634,-10.92,2.59,11.13,-31.9981,-37.5188,3.84276,1014.44
667316,-0.0047824,9.53132,1.06169,-9.17,0.84,10.01,-31.9981,-38.5895,3.04884,1014.41
667322,0.191296,9.44046,1.06169,-7,1.54,8.19,-32.3705,-36.7374,4.63668,1014.41
667328,-0.153037,9.54567,1.20995,-5.25,2.38,8.33,-31.9121,-36.969,4.11212,1014.44
667334,-0.439981,9.8374,0.803443,-6.37,-0.84,7.56,-31.9694,-38.2712,3.54504,1014.44
667340,0.148254,9.8374,0.583453,-7.77,1.96,6.93,-32.2272,-37.895,3.98453,1014.44
667346,-0.320421,9.7274,0.81779,-7.91,0.28,6.86,-33.058,-36.0429,4.29643,1014.44
667352,-0.224773,9.78001,0.688666,-7.63,-0.35,5.95,-32.2845,-37.5767,3.68681,1014.44
667358,-0.124342,10.1291,0.353898,-8.82,-1.33,5.6,-32.4278,-37.0847,3.89947,1014.46
667364,-0.13869,10.4304,-0.0430416,-13.79,-1.47,6.65,-32.3991,-35.7535,4.79263,1014.46
667370,0.205643,9.78479,0.688666,-14.63,-1.12,5.25,-33.1439,-37.2294,4.2539,1014.46
667376,-0.731707,10.5404,0.320421,-17.85,-4.27,7.56,-32.4851,-38.358,3.53086,1014.46
667382,0.0526064,10.6026,-0.487805,-21.42,-1.54,8.54,-32.4278,-36.6506,4.73592,1014.42
667388,-0.401722,10.3635,0.463893,-23.38,0.7,10.57,-33.0007,-36.7953,4.06959,1014.42
667394,-0.401722,10.7939,0.0286944,-26.67,2.38,12.74,-32.5137,-37.8082,2.35416,1014.46
667400,-0.272597,10.33,0.344333,-30.31,3.78,14.35,-31.9408,-36.5638,3.38909,1014.46
667406,-0.549976,10.1865,0.970827,-31.57,0.84,14.77,-32.8861,-36.4481,4.48073,1014.46
667412,0.109995,9.76088,1.05213,-31.78,3.64,16.52,-33.3158,-37.6635,2.69441,1014.46
667418,-0.703013,9.74653,1.51124,-29.96,1.33,16.03,-33.1439,-37.6635,2.93542,1014.46
667424,-0.0813008,9.53611,1.02343,-29.12,1.4,16.52,-33.5736,-36.8532,3.53086,1014.43
667430,-0.291726,9.85653,1.13821,-29.12,2.1,16.94,-32.7715,-36.2455,2.60935,1014.43
667436,-0.33955,10.153,0.970827,-32.06,-1.33,17.57,-32.9148,-36.94,2.24074,1014.44
667442,0.636059,9.77523,1.45385,-27.72,4.41,18.27,-33.058,-35.8403,2.43922,1014.44
667448,-0.11956,10.6648,0.951698,-31.01,2.8,18.9,-33.3731,-36.3323,2.6377,1014.42
667454,-0.846485,10.9613,0.803443,-35.7,1.61,21.84,-33.1439,-37.9818,1.91467,1014.42
667460,0.196078,10.1435,0.683883,-35.07,5.18,23.38,-33.4877,-36.3902,1.65948,1014.45
667466,-0.114778,10.3443,0.966045,-37.8,4.41,22.96,-32.8288,-35.3484,2.58099,1014.45
667472,0.157819,9.56002,1.62602,-36.19,5.67,22.82,-33.1153,-36.969,0.426068,1014.47
667478,-0.320421,10.3348,1.47298,-37.45,5.74,24.99,-33.545,-36.6796,1.04986,1014.47
667484,-0.349115,10.66,1.1143,-37.73,5.25,26.74,-33.6309,-36.0429,1.98555,1014.44
667490,-0.0669536,10.6695,0.884744,-40.81,6.44,27.58,-33.6023,-35.9272,-0.481269,1014.44
667496,0.0526064,10.6456,0.894309,-42.14,7.84,30.94,-33.9174,-36.477,-0.0417772,1014.44
667502,-0.621712,10.6456,1.45385,-41.02,8.33,31.92,-34.1466,-35.3194,0.582017,1014.45
667508,0.248685,9.73218,1.90818,-39.76,10.01,33.25,-34.8054,-35.2326,0.454423,1014.45
667514,-0.449546,9.6748,3.4242,-33.74,11.41,36.19,-34.1466,-36.1876,0.114171,1014.44
667520,-2.84553,10.2439,6.12147,-18.83,-1.54,43.61,-35.3211,-35.2905,-0.0417772,1014.44
667526,-2.74988,10.0765,6.08321,-7.49,-15.68,48.79,-35.2351,-34.7407,-0.580509,1014.43
667532,0.573888,10.5835,2.04687,-5.11,-10.5,51.24,-34.92,-35.2037,-1.65797,1014.43
667538,0.588235,10.3109,1.82688,-5.74,-7.98,53.97,-35.4643,-34.4223,-0.708103,1014.44
667544,-0.784314,11.1669,2.60641,-5.46,-10.92,57.61,-35.493,-33.2069,0.610371,1014.44
667550,-0.439981,11.2052,2.54902,-0.21,-8.12,62.51,-36.0086,-34.2198,0.56784,1014.47
667556,-1.14778,12.023,2.48685,0.84,-11.34,68.39,-36.0659,-34.6538,-0.22608,1014.47
667562,-0.97561,12.7212,1.75036,0.21,-12.18,74.55,-36.2664,-32.2519,0.326829,1014.46
667568,-0.564323,12.8264,1.49211,-0.84,-8.33,80.78,-36.868,-33.3516,-0.62304,1014.46
667574,-1.20038,12.7738,1.91774,-0.84,-8.75,87.92,-37.1545,-34.0461,-1.02,1014.44
667580,-1.17169,13.1133,2.38642,1.82,-9.31,96.39,-36.4669,-32.686,0.383537,1014.44
667586,-1.29125,13.5342,2.45337,0.7,-9.87,104.23,-37.5842,-31.9047,0.4686,1014.44
667592,-1.30081,13.6011,2.30512,2.17,-9.45,114.1,-38.5009,-32.5703,0.17088,1014.47
667598,-1.5208,13.6729,2.60641,5.11,-10.01,124.46,-39.2457,-32.0493,-0.240257,1014.47
667604,-1.74558,13.5772,3.06074,8.05,-10.99,133.28,-39.3889,-30.5735,0.681257,1014.46
667610,-1.75514,13.4672,3.60593,10.15,-12.88,142.66,-40.3915,-30.5156,0.496954,1014.46
667616,-1.56863,12.1234,4.4285,16.52,-14.21,150.85,-41.165,-30.3419,-0.807343,1014.47
667622,-1.35342,10.7221,4.91631,29.19,-14.98,157.08,-41.4801,-29.7921,1.78707,1014.47
667628,0.0047824,11.3199,3.21856,39.41,-15.75,162.89,-41.7666,-28.2005,1.16328,1014.47
667634,-0.406504,13.1946,3.11334,45.22,-13.86,171.22,-42.5114,-28.7503,0.596194,1014.47
667640,-1.06169,15.1985,2.1999,48.09,-11.34,182.91,-43.4567,-27.3902,0.638726,1014.43
667646,-2.13773,16.7049,1.31994,42,-5.6,198.24,-43.9724,-25.6538,2.48175,1014.43
667652,-2.75466,17.341,1.92252,41.93,-9.45,212.66,-44.975,-25.9432,1.47518,1014.45
667658,-2.85509,18.7901,0.267814,34.58,-7.21,228.9,-45.4906,-24.9593,1.461,1014.45
667664,-2.91248,19.3974,-0.401722,27.58,-6.93,248.57,-46.2641,-22.5284,2.12733,1014.45
667670,-3.11334,20.2009,-1.04256,21,-6.09,269.43,-46.6938,-22.8178,1.2767,1014.44
667676,-2.70684,23.3955,-3.69201,6.58,1.75,289.8,-47.8396,-21.6024,0.86556,1014.44
667682,-3.66332,24.5576,-4.04113,-7.7,7.63,314.93,-48.4412,-19.2005,3.67263,1014.43
667688,-4.91152,25.6098,-3.40985,-20.65,17.57,342.86,-49.5871,-17.6378,2.28327,1014.43
667694,-6.20756,25.8823,-1.51124,-32.76,16.38,368.9,-51.3059,-17.1169,1.7729,1014.4
667700,-8.15399,25.2845,0.282162,-38.71,11.34,402.29,-51.0767,-14.9175,1.65948,1014.4
667706,-6.73362,24.9211,0.33955,-36.12,7.84,436.03,-52.0793,-12.4866,1.92885,1014.42
667712,-4.81109,24.0076,0.047824,-28.84,6.93,458.5,-53.97,-11.1265,1.06404,1014.42
667718,-4.89718,27.7905,-1.16691,-34.51,18.62,488.67,-54.7148,-7.94324,1.16328,1014.42
667724,-7.59445,26.4084,-2.16164,-48.44,21.91,510.93,-54.3711,-4.41269,1.80125,1014.42
667730,1.74558,18.5318,5.3802,4.76,-3.57,510.72,-56.0039,-1.17153,1.71619,1014.4
667736,3.36681,29.5313,-0.420851,14.28,43.54,519.75,-57.5508,-0.505937,1.54606,1014.4
667742,-2.91726,31.3391,-4.54806,-25.83,60.06,532.77,-56.4909,3.6902,1.13493,1014.43
667748,-4.57676,14.5241,4.53372,19.53,39.2,527.59,-56.8633,6.15001,1.12075,1014.43
667754,-0.10043,21.2578,2.63032,54.46,47.6,516.67,-58.1524,8.60982,-0.892406,1014.43
667760,0.181731,31.3678,-6.13582,34.44,61.6,499.38,-57.1498,11.4458,0.9648,1014.43
667766,-3.6681,35.1793,-8.19225,-12.18,95.76,486.08,-56.6055,14.7449,-0.112663,1014.43
667772,-11.4443,26.748,-5.64801,-35.49,84.63,469.42,-57.6941,16.5391,-2.29594,1014.4
667778,-10.7891,15.1124,-11.2626,-48.02,122.85,426.16,-57.0352,18.6806,-2.79214,1014.4
667784,-10.7413,6.36059,-13.8259,-89.32,126.49,368.13,-54.8867,21.6034,-0.254434,1014.45
667790,-19.5361,-7.64706,-16.045,-152.32,126.21,321.3,-54.5143,22.5294,-1.98405,1014.45
667796,2.18556,-32.6447,11.9512,-26.81,32.55,144.2,-55.4883,24.4105,-2.96227,1014.38
667802,10.6456,-4.03156,-4.93544,13.72,78.75,10.15,-54.3711,25.3654,-2.99062,1014.38
667808,1.14299,-0.368245,-3.26638,39.69,94.71,-95.69,-54.3997,24.7867,-3.48682,1014.38
667814,-4.21808,-4.25634,2.96031,83.58,70.14,-186.2,-55.2305,23.3687,-3.91214,1014.38
667820,-10.8321,4.46198,-2.16164,83.79,44.38,-234.85,-55.3451,22.9925,-5.35821,1014.38
667826,-13.1946,9.8087,-4.8924,56.14,25.62,-263.2,-54.9726,22.1243,-4.47922,1014.38
667832,-13.8307,11.7121,-3.8594,33.81,8.47,-272.02,-56.3763,19.433,-5.34403,1014.38
667838,-13.0799,11.6021,-2.48685,22.61,-4.34,-268.17,-56.9779,18.9989,-5.20226,1014.39
667844,-11.7073,9.42611,-2.15208,11.97,-13.16,-262.64,-56.1472,17.3204,-4.94707,1014.39
667850,-10.2678,6.92013,-2.05165,4.97,-19.53,-255.22,-56.5482,15.9314,-4.02555,1014.38
667856,-9.55523,3.38116,-1.28168,17.5,-23.17,-250.88,-57.1498,14.2529,-3.98302,1014.38
667862,-6.86753,2.41033,-2.59206,27.16,-16.94,-249.34,-56.2617,13.1243,-3.64277,1014.42
667868,-6.26494,0.655189,-1.95122,38.15,-14.63,-249.27,-56.1185,11.6195,-4.81947,1014.42
667874,-4.93544,0.10043,-1.99426,55.93,-9.8,-252.98,-58.1524,9.47798,-4.64935,1014.38
667880,-3.93592,0.315638,-2.066,72.94,-1.82,-259.84,-57.1211,8.49406,-5.13137,1014.38
667886,-3.70636,0.439981,-1.68819,83.02,4.97,-267.54,-56.1758,8.20467,-3.75619,1014.42
667892,-3.68723,2.40555,-1.88427,91.42,8.89,-276.99,-57.2071,5.83168,-4.97542,1014.42
667898,-3.7781,3.43376,-1.6308,94.64,13.02,-290.36,-56.892,4.24004,-5.14555,1014.42
667904,-3.61549,4.14156,-1.17647,95.76,33.32,-303.52,-56.2331,3.34294,-4.60682,1014.42
667910,-4.7824,4.83501,-0.329986,94.71,16.52,-317.31,-56.5482,0.680557,-5.04631,1014.42
667916,-5.37064,6.00669,-0.387374,91,13.37,-330.89,-56.7201,-1.34517,-4.86201,1014.38
667922,-5.09326,6.39885,-0.148254,86.87,12.39,-343.07,-54.7721,-2.90787,-2.63619,1014.38
667928,-5.69106,6.53754,0.253467,84.63,8.33,-352.1,-55.2305,-5.07829,-3.501,1014.36
667934,-6.28407,7.05882,0.674318,85.54,2.24,-359.38,-54.8581,-6.98825,-3.61442,1014.36
667940,-6.27929,7.64706,0.554758,85.61,-0.42,-362.95,-53.5976,-8.34838,-3.9972,1014.37
667946,-6.31277,8.06313,0.899091,88.9,-6.58,-365.4,-52.9387,-9.56382,-3.28834,1014.37
667952,-5.80583,8.45528,0.999522,94.08,-9.38,-370.09,-52.8242,-13.0075,-3.21746,1014.37
667958,-5.25108,9.18221,0.741272,96.81,-11.55,-375.97,-51.4491,-14.7439,-3.06151,1014.37
667964,-4.36155,10.1578,0.401722,98,-12.25,-384.51,-50.5038,-15.4095,-2.12582,1014.38
667970,-3.59158,10.6456,0.382592,98.7,-9.24,-396.48,-49.5298,-18.8243,-3.52935,1014.38
667976,-3.14682,11.7456,0.224773,98.7,-5.95,-408.66,-49.2433,-20.6764,-2.93391,1014.39
667982,-2.84075,12.1329,0.516499,99.12,-0.07,-420.07,-47.4386,-22.3838,-2.09746,1014.39
667988,-3.49593,13.6346,1.06169,100.8,5.95,-426.86,-45.863,-23.9754,-1.99822,1014.34
667994,-3.76853,14.9354,1.40124,104.02,7.98,-427.21,-44.8031,-26.3773,-2.23923,1014.34
668000,-4.2659,17.0014,1.57341,103.6,12.11,-420.14,-42.1676,-28.1137,-1.11924,1014.34
668006,-4.63415,19.7513,2.37207,103.39,10.85,-403.76,-40.7926,-28.6924,-1.13342,1014.39
668012,-3.95983,22.1616,2.19512,97.93,12.18,-381.64,-39.5608,-30.8339,-1.57291,1014.39
668018,-2.68293,24.3376,2.83118,90.58,13.72,-362.46,-38.1284,-32.9175,-0.197726,1014.4
668024,-1.53993,25.3706,3.04161,81.34,17.85,-342.09,-36.0086,-32.7728,-0.183549,1014.4
668030,-0.95648,26.1023,3.32855,74.34,20.23,-327.46,-35.1492,-35.4641,-0.0417772,1014.39
668036,-0.325203,27.1258,3.38116,62.51,22.4,-317.38,-33.6023,-36.969,0.525308,1014.39
668042,0.229555,27.1066,3.72071,54.95,22.26,-312.06,-31.9408,-36.7085,0.638726,1014.39
668048,1.50646,26.5184,3.79723,51.1,22.4,-316.12,-31.196,-37.7214,1.48935,1014.39
668054,2.01339,25.9254,3.80679,48.79,21.07,-325.85,-29.2766,-40.1233,1.24834,1014.41
668060,1.75036,26.7336,3.84505,54.11,9.03,-336.63,-26.7557,-40.0654,1.33341,1014.41
668066,2.85509,26.571,3.55811,55.51,4.83,-351.75,-26.2115,-40.2969,1.53189,1014.38
668072,2.47728,26.2936,3.5055,57.4,-12.46,-365.61,-24.6645,-42.4095,0.893914,1014.38
668078,3.87853,25.9541,2.77857,58.87,-29.47,-378.84,-21.2842,-43.104,1.84378,1014.38
668084,4.43807,25.9876,2.18077,60.2,-48.65,-386.89,-19.9665,-42.2648,3.36074,1014.4
668090,6.76231,24.7059,2.81205,61.67,-58.1,-384.09,-17.7894,-44.4352,2.60935,1014.4
668096,8.35964,24.1894,3.19943,72.17,-76.72,-368.97,-15.1539,-45.3323,2.36834,1014.42
668102,12.812,26.2028,0.932568,74.9,-79.03,-346.71,-14.2085,-44.1748,3.71517,1014.42
668108,20.0143,28.3549,-1.89861,59.78,-65.17,-320.18,-12.5184,-45.4191,5.07617,1014.41
668114,23.4864,27.3649,-1.93687,47.11,-58.17,-285.53,-10.9142,-46.4899,3.7577,1014.41
668120,30.3061,22.9364,-0.918221,42.49,-41.09,-247.03,-8.53651,-45.6796,4.36731,1014.46
668126,33.5007,18.9383,1.20995,46.2,-27.72,-211.61,-7.61982,-45.5059,5.16123,1014.46
668132,37.2166,14.5672,4.74892,60.76,-24.5,-167.16,-5.78644,-46.4609,4.7501,1014.45
668138,39.1965,14.6581,5.20803,71.4,-22.75,-118.37,-5.95832,-46.9529,3.82858,1014.45
668144,40.6408,15.8202,5.34672,72.87,-17.15,-70.28,-5.90103,-45.6217,5.4306,1014.44
668150,39.3352,18.3692,5.26064,67.13,-14.42,-9.73,-5.32809,-46.5767,4.79263,1014.44
668156,36.7193,19.2587,4.61023,56.28,-7.07,50.68,-4.58328,-47.6474,6.66401,1014.44
668162,29.7226,17.5323,4.03156,45.29,-2.87,95.9,-6.27343,-45.8821,6.77743,1014.44
668168,26.9201,15.2798,4.11286,42.21,1.33,130.27,-7.30471,-45.8243,7.38704,1014.44
668174,24.1176,13.6633,3.83548,39.9,4.41,144.69,-7.10418,-46.9239,5.96933,1014.44
668180,-28.2066,121.631,20.856,233.03,210,378.07,-8.33599,-47.2712,7.74147,1014.44
668186,9.25873,66.2649,-23.2855,-421.82,-192.08,293.37,-10.9715,-45.3612,6.86249,1014.42
668192,-2.07078,-21.6643,1.79818,-218.68,161.28,304.64,-11.9168,-45.6506,4.82098,1014.42
668198,-55.7006,-11.5543,21.5399,-148.12,-186.9,356.02,-13.6929,-46.0268,3.71517,1014.34
668204,-1.55906,-4.80631,20.4639,40.11,-280.42,315,-15.5549,-43.8854,4.83516,1014.34
668210,2.01817,8.35007,-1.60689,9.17,-111.58,356.16,-16.9873,-44.551,3.17643,1014.42
668216,-6.80536,10.11,8.36442,20.79,-156.8,337.82,-18.8779,-44.0301,3.82858,1014.42
668222,0.25825,4.69632,12.8503,61.39,-242.41,315.77,-20.2816,-42.8146,5.303,1014.43
668228,12.7164,11.1334,8.1253,101.92,-183.26,313.39,-22.0864,-41.686,6.39465,1014.43
668234,22.5395,28.001,-7.68532,-1.12,-104.09,297.71,-23.4041,-42.6699,5.2463,1014.37
668240,16.6475,29.1439,-9.1583,-81.97,-31.08,269.85,-24.55,-41.223,6.83414,1014.37
668246,7.99617,18.4362,-2.13773,-110.81,-12.81,235.83,-26.8703,-39.9786,6.13946,1014.37
668252,5.91583,7.99617,6.34624,-70.21,37.24,230.02,-27.9589,-40.731,6.16781,1014.42
668258,0.0191296,6.088,8.27833,-22.61,24.64,223.79,-28.761,-39.7471,5.14706,1014.42
668264,17.0636,16.4275,12.9603,-7.49,-133.56,87.22,-28.9902,-37.8661,5.94098,1014.42
668270,16.0832,13.3094,-12.0564,-11.27,-21.56,75.88,-29.8782,-38.5027,5.34554,1014.42
668276,0.0573888,18.6801,-5.30368,-60.13,-9.73,60.76,-29.8782,-38.9657,5.40225,1014.4
668282,-5.26542,10.2535,1.30081,-82.46,-30.1,67.76,-30.1074,-37.7214,5.47313,1014.4
668288,-3.63941,5.62888,6.95839,-30.31,-52.92,67.69,-30.4798,-38.1265,5.03364,1014.39
668294,4.94022,7.80488,1.85557,-11.06,-31.99,55.09,-31.0814,-38.9368,3.98453,1014.39
668300,4.81109,8.04878,2.01339,-21.49,3.15,43.54,-30.9668,-37.6924,5.55819,1014.41
668306,-0.205643,6.92013,4.46198,14.91,-10.43,40.25,-31.3679,-37.0268,5.98351,1014.41
668312,1.86514,12.5108,-3.15638,-2.87,-18.13,30.73,-31.8548,-37.1137,5.17541,1014.42
668318,3.06552,11.8269,-2.89813,-22.19,2.38,24.29,-31.7403,-36.8821,4.19719,1014.42
668324,-0.157819,7.89574,2.47728,-8.68,-15.54,17.5,-31.9121,-36.5928,5.89845,1014.42
668330,2.78814,9.15351,1.06169,-9.24,6.65,15.05,-31.6257,-38.0686,4.92022,1014.41
668336,-0.095648,8.97178,1.9034,-1.33,-2.94,11.41,-32.1413,-37.0268,4.45238,1014.41
668342,0.985174,10.0956,1.14299,0.7,6.37,11.55,-32.0554,-36.7085,4.72174,1014.41
668348,-0.516499,10.153,1.41081,-1.19,5.46,9.45,-31.8262,-36.7085,4.50909,1014.41
668354,-0.61693,9.44046,1.58297,4.55,0.77,10.36,-32.17,-37.8371,4.52326,1014.43
668360,0.282162,10.7987,0.291726,-3.57,7.14,11.55,-31.4251,-36.2744,3.80023,1014.43
668366,-0.884744,10.33,0.650406,-1.33,0,12.25,-31.5397,-36.5928,4.72174,1014.44
668372,-0.703013,10.9947,0.167384,-4.34,-2.94,13.23,-32.3418,-36.8243,3.6301,1014.44
668378,-0.229555,11.2195,-0.363462,-14.84,-4.34,12.81,-33.2585,-38.7632,3.43162,1014.43
668384,-0.253467,10.1052,0.769966,-16.03,-4.27,13.02,-31.7116,-35.9561,4.6225,1014.43
668390,0.0573888,9.87566,1.05213,-16.31,-3.57,12.6,-32.7429,-37.5188,5.01946,1014.45
668396,0.0191296,9.58393,1.36298,-16.87,-5.04,10.36,-32.8002,-37.2584,4.05542,1014.45
668402,0.707795,9.1296,1.67384,-10.64,0.77,9.94,-33.0866,-36.8243,5.33136,1014.45
668408,-0.023912,10.3874,0.621712,-13.86,-0.49,8.47,-33.058,-37.0847,4.92022,1014.4
668414,0.167384,9.78479,0.712578,-14.42,-0.21,6.86,-32.571,-37.4609,3.89947,1014.4
668420,-0.11956,10.4065,0.798661,-14.28,0.84,7.28,-32.8288,-37.0558,4.40985,1014.44
668426,-0.61693,10.8369,0.286944,-17.43,-3.08,8.12,-32.9434,-36.4191,4.50909,1014.44
668432,0.329986,10.9852,-0.263032,-20.58,1.68,9.38,-32.5137,-37.2005,4.08377,1014.45
668438,0.205643,11.6212,-0.61693,-24.43,8.19,12.46,-32.8575,-36.6217,3.80023,1014.45
668444,0.0286944,11.8173,-0.923003,-33.74,14,14.49,-33.1153,-35.6088,4.45238,1014.43
668450,-0.741272,10.2248,1.08082,-35.7,10.43,15.19,-33.2872,-35.9561,3.50251,1014.43
668456,-0.133907,9.88044,1.29603,-33.6,7.21,14.91,-33.3731,-37.1137,2.90707,1014.43
668462,0.234338,10.9517,0.85605,-35.42,13.72,17.01,-32.9721,-36.2455,4.06959,1014.43
668468,0.483022,10.0478,0.248685,-42.98,15.19,16.45,-33.4877,-36.3323,3.21897,1014.41
668474,-0.143472,8.82831,1.90818,-37.66,10.43,14.84,-33.6309,-37.0558,1.461,1014.41
668480,0.0047824,9.28742,1.78862,-37.31,8.68,14.98,-34.4044,-37.1426,2.2691,1014.44
668486,0.263032,9.1583,1.63558,-35.56,8.82,14.28,-33.7169,-35.4931,2.29745,1014.44
668492,-0.109995,9.34959,1.6834,-33.32,8.26,14.35,-33.7169,-36.9111,1.16328,1014.44
668498,-0.133907,9.8087,1.09039,-32.9,6.65,15.19,-33.6882,-36.0719,1.41847,1014.41
668504,-0.0334768,10.4687,0.45911,-35.28,6.02,17.01,-33.4018,-35.03,2.43922,1014.41
668510,-0.105213,11.1526,-0.0860832,-42,7.07,19.18,-33.8888,-36.5059,1.51771,1014.42
668516,-0.468675,10.99,0.463893,-45.36,7.91,22.05,-34.1179,-35.8693,1.39011,1014.42
668522,0.105213,9.91392,1.31038,-46.27,10.57,23.45,-33.5736,-36.3902,1.67366,1014.43
668528,0,9.27786,1.69775,-45.08,7.49,24.43,-33.545,-35.4931,1.57442,1014.43
668534,0.516499,8.63701,2.41511,-38.36,9.1,24.36,-33.6882,-37.0558,0.0432857,1014.41
668540,0.0573888,8.6944,2.49163,-34.44,7.49,24.64,-33.8601,-35.551,0.496954,1014.41
668546,-0.124342,9.23481,2.54902,-31.36,5.18,25.41,-33.5736,-34.7117,1.29087,1014.45
668552,-0.21999,9.4022,2.70684,-28,5.25,27.02,-34.2039,-35.9272,0.227588,1014.45
668558,0.368245,8.97178,2.18077,-24.43,4.69,26.6,-34.4617,-35.6088,0.993154,1014.43
668564,0.722142,9.83261,1.74558,-13.02,12.46,27.02,-34.433,-34.3645,0.723788,1014.43
668570,-1.53993,11.889,3.33333,-22.05,4.34,31.92,-35.2638,-35.522,-0.62304,1014.43
668576,-0.61693,10.4495,2.1186,-24.43,0,33.04,-34.6909,-35.7535,-0.5238,1014.4
668582,0.172166,9.60306,2.44381,-18.62,5.25,36.61,-36.1518,-35.2326,-1.09089,1014.4
668588,-0.970827,10.3826,3.4242,-14.91,1.47,39.06,-35.6075,-34.5381,0.000754159,1014.46
668594,-0.81779,10.856,3.00335,-15.47,-3.01,42,-35.9227,-35.2037,-2.08329,1014.46
668600,-0.688666,10.6408,2.77379,-12.39,-2.94,46.62,-35.1206,-34.596,0.298474,1014.47
668606,-0.693448,10.7987,3.26638,-8.75,-3.78,50.75,-35.6648,-33.9593,0.284297,1014.47
668612,-0.994739,10.8943,3.85461,-3.78,-4.97,54.74,-36.9826,-34.8564,-1.55873,1014.46
668618,-1.31038,11.4491,3.70636,-1.61,-10.78,60.55,-36.3237,-34.3355,-1.40278,1014.46
668624,-0.483022,12.4916,2.34338,-1.61,-8.82,67.13,-36.4096,-33.8725,-0.254434,1014.46
668630,-0.564323,12.2382,2.24295,-0.56,-6.02,73.85,-37.1831,-33.6699,-1.23266,1014.46
668636,-1.12386,12.7355,2.3099,-0.56,-9.73,80.99,-37.4982,-34.2487,-1.65797,1014.46
668642,-0.980392,12.9173,2.25729,0.7,-9.59,89.25,-37.2977,-32.3677,-1.38861,1014.46
668648,-0.506934,12.7738,2.18077,1.4,-6.65,95.41,-38.73,-32.0493,-0.396206,1014.49
668654,-1.07604,12.9938,2.46294,5.18,-5.88,103.88,-38.0998,-33.2069,-1.98405,1014.49
668660,-1.09039,14.0172,1.85557,4.69,-6.86,113.47,-39.3889,-31.5863,-1.02,1014.49
668666,-0.985174,14.2802,1.68819,-1.89,-4.55,121.31,-39.7613,-30.6603,0.213411,1014.45
668672,-1.32472,13.1946,2.85509,-0.21,-6.3,130.27,-39.4175,-31.7889,0.553663,1014.45
668678,-1.70732,12.8647,3.89766,3.43,-11.06,138.39,-40.5348,-30.7182,-0.92076,1014.44
668684,-1.26734,12.3051,4.29938,7,-13.58,145.53,-41.1077,-28.8371,0.879737,1014.44
668690,-1.44428,11.7312,4.85892,16.52,-17.92,152.46,-43.1416,-29.2712,-1.62962,1014.46
668696,-1.51124,12.0038,4.49546,21.14,-23.52,159.6,-42.6833,-28.9529,-0.211903,1014.46
668702,-0.889526,12.0182,3.89287,28.42,-24.64,165.76,-43.0843,-27.2165,0.86556,1014.44
668708,-0.569106,13.1994,3.19464,35.7,-19.88,175.84,-43.1129,-27.0429,1.65948,1014.44
668714,-1.37255,14.3855,2.68771,40.18,-20.16,187.11,-45.0609,-27.3612,-0.32532,1014.48
668720,-1.42037,16.021,1.65949,35.7,-18.48,198.1,-45.8057,-25.596,1.68783,1014.48
668726,-2.43902,18.0583,2.07078,36.82,-18.41,214.83,-45.1755,-24.3227,2.24074,1014.45
668732,-3.29507,19.9522,1.01387,32.55,-14.77,235.62,-47.0948,-24.612,1.19163,1014.45
668738,-3.51506,21.6691,-1.66428,24.92,-10.29,257.04,-47.8969,-23.0204,1.58859,1014.45
668744,-3.78288,23.8642,-2.38164,13.23,-12.46,282.38,-48.0115,-19.9239,1.54606,1014.42
668750,-3.12291,26.461,-3.75897,-1.33,-5.81,308.28,-48.8709,-19.7503,1.17746,1014.42
668756,-4.2946,26.7097,-6.28407,-22.96,10.01,337.96,-50.647,-18.8821,0.695434,1014.43
668762,-4.83022,26.7575,-4.35677,-28.7,9.66,367.99,-51.0194,-15.9593,3.07719,1014.43
668768,-6.11669,27.7953,-2.38164,-43.19,21.14,400.4,-51.5637,-13.9625,2.36834,1014.42
668774,-9.8374,27.4079,-0.133907,-45.29,11.41,434.14,-53.3111,-13.2391,1.09239,1014.42
668780,-7.65662,27.9149,1.0856,-47.04,-0.7,466.83,-54.3997,-10.5767,1.90049,1014.43
668786,-6.54711,28.4648,-0.502152,-52.85,12.95,498.61,-54.6575,-7.62491,2.08479,1014.43
668792,-6.71927,27.5514,-0.588235,-61.95,1.33,516.67,-56.6341,-5.62813,0.76632,1014.42
668798,-0.851267,22.8551,3.05595,-33.74,5.46,524.37,-56.5482,-1.83713,1.06404,1014.42
668804,1.62602,23.8977,2.74988,4.76,34.23,535.43,-56.0039,1.25934,0.794674,1014.39
668810,-3.18508,23.6681,-2.25729,-17.29,41.16,530.11,-57.8659,3.51657,1.23417,1014.39
668816,-0.985174,19.3592,2.27642,8.4,51.45,521.29,-57.9232,5.7738,-1.09089,1014.39
668822,-3.11812,23.4481,2.6638,24.85,55.65,527.66,-57.4935,9.79631,0.709611,1014.45
668828,-4.64371,25.5332,-3.49115,20.72,57.47,518.98,-56.9493,12.4298,-0.0134229,1014.45
668834,-1.64993,25.7437,-3.62028,17.92,65.52,497.98,-57.78,14.0214,-1.28937,1014.41
668840,-6.56624,25.5858,-9.33525,-9.45,120.4,483.91,-56.2044,16.7995,-1.07671,1014.41
668846,-13.0799,13.5438,-9.41176,-31.99,115.36,452.76,-55.8034,20.0696,-0.495446,1014.41
668852,-9.38307,-3.67288,-7.94357,-48.02,124.25,373.03,-56.6914,21.6034,-2.74961,1014.41
668858,-15.0646,-8.02487,-7.09708,-70.07,114.1,315.7,-55.4023,23.687,-2.08329,1014.38
668864,-10.1722,-15.9063,6.13582,-9.73,6.09,196,-54.6862,24.8156,-1.61544,1014.38
668870,14.0268,-5.71019,0.693448,32.13,42,35.98,-54.0846,25.0182,-2.23923,1014.41
668876,2.62076,2.75944,-2.20469,25.83,47.04,-77.56,-56.1758,25.0761,-3.6853,1014.41
668882,-8.10617,-0.71736,2.96987,48.37,14.49,-165.13,-54.3424,25.0182,-2.36683,1014.44
668888,-11.0139,3.59158,-0.320421,38.01,-19.39,-232.82,-54.1705,23.4555,-2.48025,1014.44
668894,-12.2764,9.43568,-3.47202,3.57,-39.76,-270.27,-56.1472,22.5873,-3.72783,1014.4
668900,-12.5538,12.439,-3.24725,-28.07,-47.74,-280.42,-55.8893,20.4458,-2.86303,1014.4
668906,-11.7408,11.0952,-1.93687,-32.55,-55.02,-276.5,-56.0899,19.896,-1.64379,1014.4
668912,-10.7939,9.36872,-2.42468,-38.22,-58.03,-266.84,-56.6628,17.6966,-2.55113,1014.46
668918,-9.75131,6.91057,-2.22382,-33.25,-58.73,-255.5,-56.0899,16.4812,-1.98405,1014.46
668924,-7.59445,1.97035,-2.1473,-15.54,-54.39,-246.47,-56.405,15.5841,0.255943,1014.39
668930,-5.76279,1.80296,-3.22812,-5.46,-42.7,-243.6,-57.4076,14.1661,-1.37443,1014.39
668936,-4.19416,-0.774749,-3.08465,12.74,-31.99,-248.22,-57.8373,13.2979,-1.38861,1014.39
668942,-2.09469,-2.34816,-2.96987,35.91,-15.68,-262.64,-56.5482,11.1275,-0.62304,1014.39
668948,-1.48254,-2.42946,-3.099,50.61,1.12,-284.55,-57.379,10.0278,-1.00582,1014.42
668954,-1.4682,-1.93209,-2.57771,68.39,15.54,-307.02,-58.1524,8.0021,-1.30354,1014.42
668960,-2.07078,-0.813008,-2.48207,81.83,27.02,-333.83,-57.1498,6.61303,-0.141017,1014.41
668966,-3.31899,1.31516,-2.51554,84.21,34.3,-356.09,-56.2044,4.44262,-1.11924,1014.41
668972,-4.70588,3.61071,-1.22429,89.11,43.33,-369.04,-57.9805,2.30114,-3.3167,1014.44
668978,-6.35103,5.7341,-1.08082,87.01,43.33,-378.7,-56.1185,-0.158672,-2.25341,1014.44
668984,-6.92013,7.74749,-0.368245,81.55,43.54,-381.01,-55.2591,-1.28729,-1.24683,1014.44
668990,-7.57532,8.12052,0.430416,77.91,36.61,-378.49,-55.8607,-3.28407,-1.74303,1014.44
668996,-7.32664,8.67049,0.755619,74.69,32.06,-373.59,-55.7461,-5.77282,-3.13239,1014.44
669002,-7.1736,8.43137,1.10952,73.57,26.04,-369.67,-54.4284,-6.52523,-1.84227,1014.38
669008,-6.6858,8.23051,1.52559,76.3,21.28,-365.61,-53.3684,-9.56382,-1.75721,1014.38
669014,-5.54758,8.58441,1.6021,81.97,17.85,-363.23,-53.0247,-12.5156,-2.1967,1014.39
669020,-4.75371,8.85222,1.84601,87.92,16.59,-362.88,-52.509,-13.1233,-1.41696,1014.39
669026,-3.63941,10.2343,1.48254,93.24,16.45,-363.37,-50.9335,-14.3966,-1.8281,1014.38
669032,-2.67336,11.0282,1.28168,95.76,20.51,-367.36,-50.8762,-17.3773,-2.72126,1014.38
669038,-2.08991,11.7217,1.51124,99.19,26.18,-371.77,-49.186,-19.8661,-2.25341,1014.4
669044,-1.78384,13.2664,1.63558,100.1,31.08,-375.83,-48.0402,-19.4609,-0.693926,1014.4
669050,-1.73123,14.2372,1.81253,99.61,36.33,-379.26,-46.7511,-22.9047,-1.81392,1014.35
669056,-2.07556,16.021,1.956,95.76,40.04,-380.52,-45.462,-25.1908,-1.95569,1014.35
669062,-2.54902,16.8914,2.32903,92.75,40.04,-378.7,-44.0583,-25.5092,-1.65797,1014.35
669068,-2.73553,18.924,2.52032,86.59,41.65,-372.33,-42.7692,-26.9561,0.213411,1014.4
669074,-3.19943,19.89,2.72597,79.87,37.45,-362.04,-42.2536,-29.4448,-0.835697,1014.4
669080,-2.39598,20.1578,2.93161,73.64,36.82,-350.98,-39.2457,-30.313,-0.382029,1014.4
669086,-1.9034,20.3395,3.28073,71.19,34.86,-339.01,-38.4149,-30.9497,-0.396206,1014.4
669092,-1.5495,20.6026,3.43376,71.61,32.97,-327.6,-37.4696,-33.0333,-0.12684,1014.41
669098,-1.05213,21.0521,3.71592,73.36,32.27,-318.64,-35.5216,-35.03,-0.112663,1014.41
669104,-0.942133,21.516,3.80201,78.75,30.52,-310.94,-33.946,-34.3645,-0.0276001,1014.36
669110,-0.593018,22.0899,3.95026,83.23,26.6,-308.07,-33.1439,-35.8114,0.652903,1014.36
669116,0.344333,22.4868,4.08417,87.22,21.21,-312.41,-30.5944,-38.3291,-0.0417772,1014.41
669122,1.61645,22.7355,2.95074,89.39,19.88,-321.3,-29.3626,-38.2712,0.638726,1014.41
669128,1.03778,24.4285,3.6968,95.9,6.23,-331.52,-28.4459,-39.2841,2.01391,1014.41
669134,2.23816,24.6628,3.59636,94.57,3.22,-343.56,-26.4693,-41.4834,1.12075,1014.41
669140,1.9847,25.055,4.09852,92.54,-12.32,-356.02,-25.037,-40.5285,3.19061,1014.39
669146,2.41989,25.4089,4.36155,89.67,-28.28,-366.45,-22.9744,-40.9336,3.06302,1014.39
669152,3.16595,25.605,4.33764,81.69,-45.99,-371.42,-21.0551,-43.1329,4.49491,1014.39
669158,5.35151,23.5198,7.04448,80.85,-52.22,-365.12,-19.0785,-43.1619,3.55922,1014.38
669164,6.6571,22.4199,8.49354,94.64,-72.66,-352.03,-17.8467,-43.7696,4.28225,1014.38
669170,13.056,27.2692,4.71545,86.8,-73.01,-336,-16.1565,-44.8403,5.27465,1014.4
669176,16.045,29.407,3.03682,63,-68.67,-314.51,-13.607,-45.8532,5.91262,1014.4
669182,19.1631,30.2009,1.50167,33.74,-66.99,-291.2,-13.12,-45.1587,6.22452,1014.41
669188,25.1937,28.2927,-0.932568,0.35,-57.4,-268.38,-9.76832,-45.8243,6.49389,1014.41
669194,28.8283,24.3185,-0.889526,-20.51,-50.82,-236.95,-9.02351,-46.8371,4.80681,1014.41
669200,34.3759,17.3171,0.487805,-23.03,-33.88,-205.38,-7.90629,-46.2584,5.48731,1014.41
669206,38.6035,13.1181,3.13725,-6.09,-12.67,-172.41,-7.47659,-46.0268,5.72832,1014.42
669212,40.9947,10.6265,5.26542,16.66,-6.44,-124.88,-5.72915,-47.2712,5.41642,1014.42
669218,43.2568,10.3682,6.10713,42.84,9.8,-73.22,-5.09892,-47.0108,5.40225,1014.44
669224,41.6308,12.2621,5.79627,58.52,19.74,-23.45,-5.38539,-45.6506,5.94098,1014.44
669230,36.2745,15.0693,6.03539,63.63,22.54,32.06,-5.44268,-47.1844,6.86249,1014.44
669236,32.066,15.9445,5.90626,60.34,23.66,78.19,-4.64058,-46.8661,5.81338,1014.43
669242,25.8345,16.7288,4.54328,48.23,18.69,110.46,-5.78644,-45.3612,5.96933,1014.43
669248,22.8647,17.6088,3.50072,97.02,66.22,148.19,-7.24742,-45.2455,7.64223,1014.41
669254,-23.9981,130.885,10.88,-161.63,-124.6,385.28,-6.78907,-46.9818,8.46451,1014.41
669260,43.5724,-11.4682,-20.4782,-361.2,53.55,304.22,-9.33862,-46.0847,4.28225,1014.39
669266,-25.4041,-30.593,12.1282,-177.17,118.72,339.22,-12.4325,-44.985,4.52326,1014.39
669272,-30.0143,-21.5017,25.8106,18.2,-288.05,347.06,-13.8361,-44.8982,3.72934,1014.43
669278,0.0143472,5.07413,10.5452,56.91,-148.82,342.3,-16.2997,-44.3194,4.55162,1014.43
669284,-0.162602,3.00335,4.43807,64.05,-35.63,362.25,-17.5315,-42.8436,5.41642,1014.41
669290,-6.60928,16.2028,13.1707,111.23,-157.57,346.29,-19.1358,-42.5252,5.06199,1014.41
669296,3.36203,14.6772,-1.83166,62.3,-194.18,315.49,-21.7426,-43.0751,5.82756,1014.39
669302,16.3558,24.3472,-4.14156,24.43,-108.99,323.54,-22.2869,-41.8018,7.48629,1014.39
669308,17.1593,28.307,-13.6394,-74.9,-33.88,299.46,-23.8911,-40.6442,7.54299,1014.39
669314,8.93831,17.1832,-1.14299,-113.47,-34.02,256.2,-24.8937,-41.7728,5.303,1014.39
669320,4.01243,8.82353,4.97848,-76.16,-35.14,230.37,-26.412,-39.8339,5.7425,1014.39
669326,5.33716,9.3735,4.22764,-52.43,1.12,216.79,-27.6151,-38.6474,5.69997,1014.41
669332,-0.382592,14.7872,4.95935,-33.74,-78.26,228.41,-28.3313,-39.5156,5.55819,1014.41
669338,16.0928,5.68149,-3.80679,-17.92,-91.49,108.36,-29.1048,-39.6313,5.79921,1014.38
669344,15.8728,15.0024,-1.82209,-33.32,-46.48,61.81,-30.0501,-36.9111,6.47971,1014.38
669350,4.32807,13.9072,-4.23721,-80.43,-9.17,64.89,-30.5371,-37.895,4.80681,1014.43
669356,-2.65423,6.74318,8.98135,-45.5,-31.99,53.41,-30.0501,-38.7632,5.37389,1014.43
669362,1.34864,7.12099,2.08034,-22.05,-33.95,46.9,-30.5085,-37.0847,6.25287,1014.41
669368,5.30368,8.28312,2.88857,-19.74,0.35,37.8,-30.6803,-37.1426,5.57237,1014.41
669374,1.41081,4.87805,6.28407,14.35,-4.06,29.54,-31.1673,-37.895,5.91262,1014.45
669380,2.20947,8.38833,1.85079,18.41,3.29,19.6,-30.4798,-37.7793,4.76427,1014.45
669386,0.750837,10.593,-1.09039,2.8,1.19,21.07,-31.0527,-36.94,6.45135,1014.44
669392,0.970827,9.64132,0.153037,4.97,3.43,14.7,-30.623,-38.4738,4.79263,1014.44
669398,0.492587,9.60306,0.396939,-0.7,-0.07,7.35,-31.1673,-38.2712,5.47313,1014.44
669404,0.526064,9.67958,0.884744,1.82,1.26,10.99,-30.7949,-36.477,5.4306,1014.4
669410,0.0765184,9.89957,0.387374,0.77,1.96,6.51,-30.7663,-37.9529,5.18959,1014.4
669416,-0.396939,11.0617,0.325203,-0.35,2.1,6.93,-31.2819,-37.432,4.99111,1014.42
669422,-0.908656,10.5548,0.989957,-1.89,0.63,11.55,-31.683,-36.3612,3.91365,1014.42
669428,-0.722142,10.6169,0.674318,-1.26,-0.28,11.2,-31.597,-36.4481,4.67921,1014.43
669434,-0.306074,10.856,0.57867,-5.18,1.47,12.88,-31.1387,-37.9529,4.66503,1014.43
669440,-0.593018,10.5165,0.57867,-6.23,-0.07,15.61,-31.196,-36.5059,4.72174,1014.45
669446,-0.5978,10.3061,0.85605,-4.2,-0.42,14.77,-32.6283,-36.4481,5.7425,1014.45
669452,-0.373027,10.44,0.521282,-6.09,-2.24,14.35,-31.9121,-37.2873,4.72174,1014.43
669458,0.243902,10.4591,0.10043,-10.64,2.38,15.61,-32.3991,-37.5477,4.05542,1014.43
669464,0.109995,9.87566,0.640842,-10.92,2.52,12.39,-31.5684,-35.9561,4.60833,1014.46
669470,0.0908656,9.53611,1.20995,-9.66,2.52,11.27,-32.3705,-37.0268,4.69339,1014.46
669476,0.310856,9.35437,1.26734,-8.05,2.17,10.22,-31.6257,-37.4609,3.77187,1014.46
669482,-0.263032,9.6461,1.26255,-9.24,0.28,8.47,-32.2272,-35.7246,5.13288,1014.44
669488,0.526064,9.24916,1.14299,-4.48,2.24,8.82,-32.3991,-35.8982,4.73592,1014.44
669494,0.095648,9.69871,0.942133,-4.62,2.1,6.09,-32.2559,-37.4899,4.14048,1014.46
669500,0.157819,9.75131,0.612147,-6.09,0.91,5.6,-32.1986,-36.5349,4.45238,1014.46
669506,0.315638,9.47394,0.813008,-5.04,1.4,5.32,-32.3705,-36.5928,3.72934,1014.43
669512,-0.0765184,9.7561,0.73649,-6.72,0,3.29,-32.7429,-37.6346,4.11212,1014.43
669518,0.291726,9.69871,0.731707,-7.28,2.38,2.52,-31.4824,-37.1137,4.33896,1014.45
669524,0.0573888,9.81349,0.621712,-6.86,2.66,2.94,-32.5137,-36.014,4.90604,1014.45
669530,0.0047824,10.0287,0.248685,-8.89,2.24,1.82,-32.1127,-37.0558,3.97035,1014.45
669536,-0.526064,10.3587,0.37781,-12.32,-0.56,2.52,-32.571,-37.3741,4.39567,1014.45
669542,-0.33955,10.1339,0.444763,-13.23,-2.52,4.69,-31.8835,-36.6796,4.59415,1014.45
669548,-0.176949,10.4735,0.172166,-16.45,-1.75,5.46,-32.5997,-37.0847,4.50909,1014.45
669554,-0.588235,10.8417,0.186514,-17.92,-1.4,8.26,-32.3132,-37.4609,4.04124,1014.42
669560,-0.320421,10.7747,0.148254,-20.23,-1.05,10.22,-31.7689,-36.3323,3.72934,1014.42
669566,-0.0047824,10.6456,0.0286944,-24.92,0.56,11.62,-32.2272,-35.985,4.67921,1014.42
669572,-0.13869,10.11,0.655189,-27.09,-0.56,12.04,-32.6283,-37.432,4.38149,1014.44
669578,0.0765184,9.56002,1.02343,-25.83,-0.49,11.55,-31.9981,-37.5767,3.36074,1014.44
669584,0.0669536,9.57915,1.13821,-27.09,-2.45,12.18,-32.571,-36.0429,3.2615,1014.45
669590,0.243902,9.45002,1.16212,-24.85,0,12.53,-32.7715,-36.8532,3.28985,1014.45
669596,-0.148254,9.67001,1.19082,-25.27,-1.96,11.62,-33.2872,-38.2133,3.36074,1014.44
669602,0.071736,10.2248,0.521282,-27.09,-0.77,13.3,-32.9434,-36.8243,4.65086,1014.44
669608,0.0573888,10.2822,0.741272,-29.61,0.84,14.07,-33.3445,-36.8243,2.68023,1014.43
669614,-0.196078,10.1243,0.961262,-29.47,0.84,14.77,-32.4278,-36.7664,1.78707,1014.43
669620,-0.186514,10.6456,0.774749,-30.45,3.57,17.85,-33.5736,-36.2744,3.03466,1014.44
669626,-0.396939,10.6456,0.526064,-35,2.73,18.62,-34.0033,-36.2455,2.77947,1014.44
669632,0.148254,9.23003,1.68819,-33.88,4.55,19.04,-32.9434,-36.969,3.10555,1014.43
669638,0.148254,8.95744,2.17599,-30.87,3.22,18.62,-33.5163,-37.0847,1.60277,1014.43
669644,0.344333,9.09134,2.12339,-26.88,4.55,17.57,-33.6882,-35.4063,2.60935,1014.43
669650,0.263032,9.33046,1.88905,-23.87,5.39,17.15,-33.058,-36.3612,1.50353,1014.45
669656,-0.143472,10.0191,1.35342,-24.22,4.41,18.2,-33.1726,-36.6506,1.34758,1014.45
669662,0.0047824,10.3922,1.14778,-26.6,5.6,18.76,-33.058,-35.4063,2.11315,1014.47
669668,0.047824,10.3204,0.97561,-27.09,6.72,19.53,-34.0893,-35.6957,1.94302,1014.47
669674,0.0573888,10.1626,0.875179,-26.95,6.86,21.28,-33.9174,-37.0268,1.2767,1014.46
669680,0.186514,10.373,1.33907,-28.7,8.4,21.56,-33.8601,-35.522,2.24074,1014.46
669686,-0.420851,10.3395,1.7934,-23.66,6.23,25.76,-33.7742,-35.6088,1.99973,1014.47
669692,-1.89861,11.4873,3.43855,-18.69,3.36,33.53,-34.6909,-36.1587,0.737966,1014.47
669698,-1.86514,11.2195,3.4768,-13.86,-2.59,38.36,-34.3184,-35.9561,1.00733,1014.44
669704,0.267814,10.1961,1.62602,-13.02,-0.35,40.74,-34.9773,-34.3934,1.97138,1014.44
669710,0.215208,10.0383,2.13295,-8.96,1.61,41.65,-34.4617,-34.8275,1.65948,1014.44
669716,-1.17169,12.023,1.64515,-13.72,-6.37,46.48,-34.5763,-35.4641,0.723788,1014.44
669722,-0.277379,11.3343,2.17599,-12.53,-0.35,51.31,-35.2924,-34.3066,1.73037,1014.44
669728,-0.961262,10.77,2.97465,-4.83,-2.66,56.42,-35.0346,-34.1329,1.61695,1014.43
669734,-1.10473,12.023,1.80775,-6.44,-5.18,61.53,-35.7221,-34.6249,0.255943,1014.43
669740,-0.588235,12.176,2.08991,-5.81,-1.54,68.74,-35.5503,-33.8725,1.07822,1014.47
669746,-1.55906,12.2238,2.45337,-3.57,-5.32,75.11,-36.6388,-33.149,1.39011,1014.47
669752,-1.40603,12.8934,2.2286,0.63,-4.34,85.4,-36.868,-33.2937,0.66708,1014.44
669758,-1.75992,13.7064,2.16643,0.7,-5.6,93.94,-37.5555,-33.1201,0.227588,1014.44
669764,-1.90818,13.912,2.78814,-1.12,-8.75,102.2,-36.8966,-31.8178,0.539486,1014.42
669770,-1.10952,12.3338,3.31899,5.53,-8.05,110.18,-37.9566,-32.686,0.383537,1014.42
669776,-0.999522,11.5591,3.78766,12.39,-9.45,117.39,-37.842,-32.223,0.000754159,1014.46
669782,-1.47776,12.6303,3.7781,12.39,-12.74,123.27,-38.7587,-30.7471,1.21999,1014.46
669788,-1.6308,11.8747,4.63893,19.88,-17.71,130.2,-39.5894,-31.0654,1.7729,1014.47
669794,-1.21951,11.8269,4.27547,27.86,-20.23,137.13,-39.5894,-31.3837,1.41847,1014.47
669800,-0.83692,12.3577,3.22812,31.78,-20.51,144.55,-40.3342,-30.313,2.31163,1014.41
669806,-0.411286,12.5012,2.20947,35.49,-17.99,150.92,-41.1077,-29.3291,2.77947,1014.41
669812,-0.779531,12.922,1.69775,37.24,-19.67,159.18,-41.566,-29.387,3.53086,1014.41
669818,-0.0382592,14.3472,0.913438,39.41,-12.46,167.58,-42.0244,-28.5477,2.04226,1014.44
669824,-1.09039,15.8058,0.468675,37.24,-7.42,180.95,-42.8838,-27.3323,2.99213,1014.44
669830,-1.07126,16.2984,-0.0765184,37.17,-2.03,196.35,-43.4854,-27.0429,1.94302,1014.45
669836,-2.18077,17.8623,0.153037,28.77,-4.2,210.14,-44.7172,-26.6088,2.29745,1014.45
669842,-2.36251,18.0201,-0.023912,23.59,0.91,227.71,-45.6052,-24.9593,3.02049,1014.42
669848,-3.27594,18.7661,0.899091,21.35,-3.99,245.56,-46.6651,-23.6281,3.43162,1014.42
669854,-2.84553,20.5069,-0.387374,17.36,-0.07,264.18,-46.8657,-23.4256,2.32581,1014.44
669860,-3.7494,20.7747,-2.71162,3.15,5.88,287.63,-47.2094,-21.4288,3.02049,1014.44
669866,-3.51506,21.2482,-3.09421,-6.86,6.93,308.63,-48.1261,-19.7792,3.95618,1014.43
669872,-2.7977,23.1038,-2.46294,-11.13,10.99,331.17,-49.673,-19.7503,3.67263,1014.43
669878,-4.42372,25.0598,-2.0373,-18.83,26.74,363.44,-49.8449,-17.1169,3.00631,1014.42
669884,-6.64275,23.4959,0.569106,-16.66,19.39,390.6,-50.4751,-14.7728,3.80023,1014.42
669890,-7.61836,24.725,3.67767,-12.74,13.16,419.23,-52.9101,-13.0944,3.53086,1014.42
669896,-6.88666,25.3515,4.48589,-14.14,2.8,443.66,-53.1966,-10.9818,3.00631,1014.45
669902,-5.56193,26.6667,2.5825,-28,-0.42,470.75,-53.97,-8.60883,3.70099,1014.45
669908,-7.40794,24.2516,1.41559,-42.14,10.57,493.22,-55.3737,-5.8307,2.6377,1014.43
669914,-4.17504,15.4519,4.83501,-1.68,-19.39,490.21,-57.0639,-4.96253,1.26252,1014.43
669920,-0.10043,21.9225,3.44811,37.45,1.82,500.08,-56.2904,-0.18761,1.98555,1014.42
669926,-3.18508,25.8441,-2.31946,9.94,18.48,504.7,-56.1758,1.86705,1.78707,1014.42
669932,-2.35294,19.1248,4.01243,26.32,28,503.93,-56.4336,4.15323,1.85796,1014.4
669938,-3.70636,21.0617,3.14204,39.97,24.99,506.24,-57.6654,6.75773,1.80125,1014.4
669944,-1.88905,23.4194,0.942133,45.92,15.54,499.17,-56.4336,10.6934,1.7729,1014.42
669950,-0.0286944,30.2248,-3.72071,31.01,38.22,492.38,-56.4909,11.7063,1.75872,1014.42
669956,-4.42372,28.4696,-5.42324,3.15,57.89,476.28,-57.0639,15.0632,1.16328,1014.41
669962,-7.30751,18.527,-6.28886,-4.13,52.64,447.02,-55.9466,17.1468,1.98555,1014.41
669968,-4.48111,12.4486,-7.7714,-32.69,77.49,404.18,-56.3763,19.4619,1.88631,1014.39
669974,-7.03491,2.94596,-9.71784,-67.97,100.24,344.82,-56.319,21.2272,1.04986,1014.39
669980,-17.3171,-9.1583,-12.5921,-104.37,83.86,292.95,-54.5429,22.8188,0.752143,1014.39
669986,7.32664,-29.5648,11.2099,12.39,15.12,118.86,-53.9127,24.3815,0.0716399,1014.4
669992,11.7982,0.769966,-5.0263,-15.05,56.28,-27.86,-54.7435,24.5262,-1.02,1014.4
669998,2.55858,2.77857,-2.02296,4.76,64.89,-121.45,-54.6289,24.0053,-0.750634,1014.41
670004,-4.32329,1.33429,1.55906,31.92,44.52,-205.52,-54.4284,23.4555,0.511131,1014.41
670010,-8.29268,7.18317,-2.36729,18.27,26.95,-257.11,-55.4596,21.6034,-1.17595,1014.41
670016,-9.98087,10.0765,-4.49067,-21.35,15.05,-279.93,-56.9206,19.4908,-2.42354,1014.41
670022,-9.73218,11.9417,-4.67719,-44.59,18.48,-287.84,-55.9466,19.0857,-0.594686,1014.39
670028,-9.89479,10.4256,-3.099,-57.54,13.58,-285.67,-56.4623,17.9281,-0.580509,1014.39
670034,-9.35437,6.94404,-1.30081,-61.11,5.25,-284.06,-57.1498,15.2947,-1.23266,1014.43
670040,-8.20182,5.5428,-1.96557,-56.7,8.05,-272.72,-56.4623,14.9185,-1.02,1014.43
670046,-7.3649,4.3472,-2.54902,-70.7,11.06,-266.14,-56.2044,12.9796,-0.509623,1014.42
670052,-6.81492,0.57867,-2.05643,-38.43,10.85,-265.09,-57.78,11.6195,-1.79974,1014.42
670058,-5.76757,-0.746054,-1.85557,-20.51,14.98,-261.94,-57.0352,10.2593,-1.79974,1014.42
670064,-5.33238,-1.31994,-1.64993,-1.96,18.48,-266,-56.3477,9.30435,0.000754159,1014.38
670070,-4.65328,-1.04256,-1.83644,17.36,21,-271.32,-57.0925,7.68377,-1.88481,1014.38
670076,-4.66284,0.296509,-1.9847,32.2,21.91,-278.74,-57.8087,6.46834,-3.40176,1014.4
670082,-4.52893,0.793878,-1.47298,43.19,20.58,-290.99,-56.319,4.76094,-0.32532,1014.4
670088,-5.01196,2.24773,-1.83644,47.04,16.31,-303.73,-56.2617,3.74808,-1.31772,1014.4
670094,-5.01196,3.36203,-1.53993,51.38,13.16,-318.36,-56.5482,1.28827,-1.30354,1014.4
670100,-5.77236,5.16499,-2.26686,43.75,5.11,-334.67,-56.1185,-0.476999,-2.05493,1014.43
670106,-5.39455,5.2176,-1.63558,45.01,0.63,-348.67,-54.7721,-1.83713,0.397714,1014.43
670112,-5.59063,5.91583,-1.83644,40.25,-6.37,-361.55,-55.832,-4.41269,-1.85645,1014.38
670118,-5.49498,6.38929,-2.10426,39.34,-11.69,-373.03,-55.0299,-6.03327,-2.13999,1014.38
670124,-5.8967,6.31277,-1.59732,42.28,-17.71,-381.64,-53.1393,-7.59597,-0.141017,1014.39
670130,-5.88713,6.96317,-2.05643,43.75,-24.36,-388.22,-53.569,-9.9979,-1.41696,1014.39
670136,-5.43281,6.91057,-1.46341,52.64,-27.65,-392.21,-53.3971,-12.7182,-0.382029,1014.39
670142,-5.08847,8.01052,-2.01817,59.71,-30.87,-394.45,-51.5064,-13.6153,-0.693926,1014.41
670148,-4.68197,9.82305,-2.41033,66.22,-32.9,-392.77,-50.3892,-15.6989,0.596194,1014.41
670154,-3.89766,11.2721,-2.77857,70.56,-32.48,-387.94,-50.3319,-18.9111,-0.679749,1014.37
670160,-3.46724,12.7881,-3.03204,71.54,-30.17,-380.87,-48.6417,-20.3002,0.142526,1014.37
670166,-2.11382,14.5911,-3.48159,70.63,-24.29,-371.42,-47.0662,-21.6892,0.539486,1014.37
670172,-1.48254,15.5332,-3.54376,69.58,-18.27,-360.92,-46.0636,-23.5124,0.355183,1014.37
670178,-0.320421,16.944,-3.62984,66.08,-12.53,-350.77,-45.2614,-24.612,0.737966,1014.37
670184,0.521282,17.341,-3.2616,65.59,-3.78,-338.31,-43.8291,-25.6828,2.58099,1014.37
670190,0.879962,18.0631,-3.08943,65.52,1.26,-326.41,-43.2562,-27.7375,2.31163,1014.37
670196,2.97944,17.0827,-2.12339,75.67,11.34,-317.87,-42.0817,-29.5606,1.23417,1014.37
670202,3.38116,17.1927,-1.76471,86.59,17.99,-314.93,-40.5634,-28.6924,2.39669,1014.36
670208,3.64419,17.2932,-0.789096,99.75,24.71,-316.54,-39.2457,-30.3419,3.1339,1014.36
670214,2.94118,18.2544,-0.109995,111.51,26.46,-319.55,-37.9852,-32.9754,1.63113,1014.38
670220,1.17647,20.7317,0.860832,119.35,23.31,-322.91,-35.9799,-33.612,3.71517,1014.38
670226,0.511717,23.4003,1.05213,119.14,15.05,-323.26,-35.1206,-34.5092,4.53744,1014.38
670232,0.822573,26.3893,0.0908656,102.62,9.45,-322.49,-33.8888,-36.94,3.24732,1014.38
670238,1.84601,29.077,0.640842,82.39,-1.05,-317.94,-32.5137,-37.5188,4.73592,1014.38
670244,3.96461,28.9909,0.0382592,63.56,-2.03,-316.82,-30.7663,-37.3162,4.06959,1014.38
670250,5.90148,24.792,0.200861,56.07,-2.8,-322.98,-28.9902,-39.342,3.53086,1014.38
670256,7.13056,21.6021,0.741272,59.08,-2.52,-334.88,-28.0448,-40.7021,3.78605,1014.41
670262,7.47967,19.8661,1.14299,69.09,-3.71,-345.73,-26.0109,-39.6313,5.65743,1014.41
670268,6.91535,19.737,1.66906,80.29,-7.49,-351.68,-24.1776,-41.2809,6.04022,1014.46
670274,6.50885,21.0521,1.59254,84.49,-12.6,-349.58,-22.2009,-42.7857,5.51566,1014.46
670280,6.69058,21.8077,2.11382,86.24,-15.61,-339.71,-20.4821,-42.1201,7.38704,1014.43
670286,7.14012,20.3682,4.51937,90.93,-16.66,-325.78,-18.4196,-42.6699,7.61388,1014.43
670292,9.86609,20.0717,6.04017,104.37,-22.89,-307.93,-16.8154,-44.8693,7.65641,1014.44
670298,13.3668,23.0273,4.3472,101.64,-15.82,-291.62,-15.0679,-44.4931,7.48629,1014.44
670304,15.0502,25.5141,2.80249,80.01,-11.97,-279.23,-14.0653,-43.9143,8.54957,1014.44
670310,17.671,27.3936,0.693448,47.04,-10.71,-262.36,-12.8908,-45.2455,8.18097,1014.43
670316,20.2248,26.3558,-0.114778,17.78,-6.3,-241.15,-10.1694,-46.3452,8.73387,1014.43
670322,24.9785,21.9464,0.0191296,-2.03,-2.45,-220.57,-9.68238,-44.9272,8.53539,1014.48
670328,27.3314,19.3735,0.521282,-11.48,-0.35,-187.6,-9.02351,-45.3902,7.69894,1014.48
670334,33.0512,14.1511,2.46294,2.45,19.88,-151.97,-6.44531,-46.6635,8.39362,1014.46
670340,36.461,10.4974,4.89718,23.31,29.33,-113.82,-6.73178,-45.94,8.26603,1014.46
670346,37.5801,9.86131,6.12625,47.39,38.71,-64.96,-6.87501,-45.6796,8.98906,1014.45
670352,36.2841,10.3204,8.06791,67.34,44.31,-14.77,-5.7005,-46.5477,7.55717,1014.45
670358,32.5347,12.659,8.05356,77.98,41.72,31.71,-6.1302,-45.8821,8.94653,1014.43
670364,27.011,15.6576,7.33142,73.57,37.24,76.37,-7.56253,-45.3034,10.0382,1014.43
670370,18.4266,26.0258,6.48972,308,263.97,186.62,-7.01824,-46.1715,10.6336,1014.42
670376,-29.1248,138.14,25.2367,-438.48,-204.19,263.97,-8.96621,-46.3452,9.30096,1014.42
670382,41.7695,-4.8637,14.5194,-327.46,16.31,262.78,-10.7996,-44.522,8.63463,1014.42
670388,-15.9063,-9.27307,-11.4347,-255.29,61.53,297.92,-12.6043,-45.1297,6.70654,1014.4
670394,-28.7279,-24.4237,33.5342,-50.75,-249.62,322.63,-14.0367,-45.9979,6.12528,1014.4
670400,-5.87279,7.66141,13.5725,-20.16,-168.63,320.11,-15.8414,-43.8854,6.49389,1014.38
670406,-3.74462,14.8446,-1.80296,-30.1,-130.41,329.7,-17.2451,-43.6249,6.63566,1014.38
670412,-3.05595,8.34529,9.7561,9.45,-182.63,308.28,-17.9326,-44.2905,5.6149,1014.42
670418,3.3429,8.0966,8.21616,13.23,-166.6,298.76,-20.2816,-43.2776,6.6073,1014.42
670424,10.1578,11.0091,4.93065,28.21,-124.04,300.16,-21.227,-41.5992,7.65641,1014.46
670430,13.6155,22.4438,-3.53898,-18.34,-72.59,292.18,-22.8885,-41.6571,7.21692,1014.46
670436,11.7312,26.3319,-8.54137,-96.32,-29.4,255.92,-24.1203,-41.6571,6.87667,1014.41
670442,7.59923,13.8164,0.0382592,-90.65,19.39,237.37,-26.1542,-39.5445,7.71312,1014.41
670448,2.46772,6.9823,8.06791,-55.44,12.81,222.74,-26.6985,-39.8629,5.6149,1014.41
670454,0.908656,10.7604,4.43807,-29.33,-20.79,217.35,-27.2427,-39.776,5.21794,1014.41
670460,19.034,13.2425,6.61406,-30.45,-74.97,86.17,-28.5891,-37.9239,6.66401,1014.42
670466,12.1234,10.9373,-3.30464,-33.04,-14.84,67.83,-29.2766,-37.8371,6.81996,1014.42
670472,-0.33955,13.0751,1.69775,-58.94,-42,58.38,-30.2506,-38.387,5.89845,1014.42
670478,-2.00383,10.9134,-0.0191296,-59.71,-39.27,61.81,-29.5058,-38.5027,5.45895,1014.43
670484,1.43472,6.22669,3.95983,-35.98,-41.86,54.88,-29.3053,-37.2005,6.52224,1014.43
670490,2.9077,7.56097,1.88427,-25.97,-22.96,46.9,-29.6204,-38.4738,6.86249,1014.42
670496,3.06552,6.38929,3.5868,-13.86,-4.2,34.02,-29.6204,-38.5606,6.13946,1014.42
670502,1.59254,7.27403,3.52463,3.01,-11.83,28.77,-29.9069,-36.7953,6.09693,1014.4
670508,3.3955,9.9187,-0.10043,-2.17,-3.5,16.59,-29.8209,-37.3741,5.31718,1014.4
670514,-0.148254,10.6361,0.186514,-5.81,-5.88,11.83,-29.9928,-38.9079,4.73592,1014.44
670520,0.746054,9.23003,0.822573,-2.73,-3.01,11.27,-30.0215,-37.2005,6.21034,1014.44
670526,0.989957,9.37829,0.989957,-3.29,0.14,6.02,-30.7376,-37.7214,5.96933,1014.44
670532,0.153037,9.80392,1.51602,-2.31,-0.42,4.06,-29.735,-38.5895,5.33136,1014.44
670538,0.645624,9.58871,2.19034,3.22,4.34,3.99,-30.2506,-38.6185,5.51566,1014.43
670544,-0.401722,9.97609,1.65471,2.59,6.65,4.83,-30.8236,-36.969,5.01946,1014.43
670550,-1.1143,10.373,1.06648,3.57,3.71,7.14,-30.4512,-38.358,5.7425,1014.43
670556,-0.430416,10.4448,0.707795,-0.07,5.46,9.17,-30.3939,-38.5606,4.46655,1014.42
670562,-1.01865,10.5165,0.83692,-1.26,2.87,8.96,-30.4512,-36.6796,5.55819,1014.42
670568,-0.444763,10.4974,0.683883,-0.84,3.71,11.83,-30.5371,-37.9529,4.76427,1014.42
670574,-0.784314,10.9756,0.37781,-5.6,1.05,12.53,-30.3652,-38.2423,4.11212,1014.42
670580,-0.306074,10.7652,0.325203,-9.59,0.07,12.6,-30.8809,-37.3452,4.83516,1014.48
670586,0.13869,9.92826,0.741272,-8.82,1.54,12.39,-30.2793,-36.8821,5.87009,1014.48
670592,-0.291726,9.78957,1.25777,-9.31,-0.91,10.5,-30.2506,-37.6346,4.46655,1014.39
670598,0.11956,9.30177,1.54472,-7.7,0.49,9.66,-31.0527,-38.387,4.33896,1014.39
670604,-0.167384,9.27307,1.75514,-3.99,-0.56,9.1,-30.9668,-35.8693,5.28883,1014.42
670610,0.33955,9.50741,1.12386,-3.36,1.05,7.07,-30.9095,-38.0397,4.59415,1014.42
670616,0.33955,9.54089,1.06648,-2.8,2.87,6.09,-30.4225,-38.1265,4.70757,1014.47
670622,-0.0526064,9.73218,1.00909,-2.94,1.68,5.81,-30.9954,-36.6796,5.7425,1014.47
670628,-0.129125,9.84696,0.765184,-2.73,0.91,4.48,-30.8809,-37.5477,5.18959,1014.44
670634,-0.0095648,9.96652,0.521282,-4.69,0.21,4.55,-31.6257,-38.3291,6.02604,1014.44
670640,-0.167384,9.9187,0.401722,-7.77,-0.98,4.2,-30.5371,-37.2294,4.70757,1014.44
670646,-0.640842,10.2056,0.420851,-9.38,-4.41,4.27,-30.5371,-37.1426,6.6073,1014.42
670652,-0.526064,10.3539,0.310856,-13.65,-6.79,5.32,-31.3392,-38.0397,4.60833,1014.42
670658,-0.306074,9.94739,0.530846,-12.88,-9.24,5.67,-31.0527,-37.1426,5.50149,1014.44
670664,-0.392157,10.593,0.23912,-17.71,-10.22,5.81,-31.0814,-36.8243,4.77845,1014.44
670670,-0.148254,10.2726,0.444763,-19.11,-7.63,7.98,-30.9382,-37.5477,4.9344,1014.39
670676,-0.588235,10.6026,0.473458,-20.86,-8.05,9.52,-31.1673,-37.895,4.49491,1014.39
670682,0.21999,11.033,-0.0860832,-23.38,-2.1,11.34,-31.3679,-37.2005,5.07617,1014.45
670688,-0.186514,10.593,0.33955,-27.51,0.21,12.6,-31.2533,-37.1426,4.52326,1014.45
670694,-0.129125,9.86131,0.980392,-27.23,-0.77,12.6,-31.3392,-38.6185,4.77845,1014.45
670700,-0.023912,9.7274,1.38211,-26.04,-0.14,12.67,-31.0527,-37.3452,4.90604,1014.45
670706,0.0813008,9.53611,1.36777,-24.15,0.21,12.81,-31.196,-35.985,5.10453,1014.45
670712,0.0095648,10.1004,1.01387,-26.81,0.42,13.51,-31.4824,-38.2133,3.17643,1014.45
670718,0.286944,9.71784,1.09995,-26.53,3.85,13.58,-31.5397,-37.0558,3.65846,1014.45
670724,-0.526064,9.7274,1.45863,-24.92,-1.05,14.07,-31.4824,-36.5059,3.81441,1014.47
670730,0.25825,9.99043,1.0043,-25.41,1.89,15.19,-31.4538,-36.5928,3.31821,1014.47
670736,-0.25825,10.5117,0.760402,-28.07,1.54,16.1,-31.9408,-37.8371,3.09137,1014.43
670742,-0.37781,11.3391,0.430416,-33.25,4.9,18.9,-31.4538,-36.1876,3.70099,1014.43
670748,0.0095648,10.1291,0.865614,-33.39,6.02,19.6,-31.7403,-37.1426,3.48833,1014.47
670754,0,9.78957,1.53037,-33.18,5.46,19.95,-32.4851,-36.7664,3.30403,1014.47
670760,-0.33955,10.2248,1.18604,-34.3,4.69,21.42,-32.571,-35.8403,2.4534,1014.47
670766,0.23912,10.0717,1.15256,-53.76,7.35,22.33,-32.1413,-35.8403,2.29745,1014.47
670772,-0.602582,9.78001,1.83644,-33.25,5.88,23.45,-31.7976,-37.0847,2.11315,1014.43
670778,0.023912,10.1722,1.58297,-34.37,7.07,24.43,-32.3132,-36.9111,1.60277,1014.43
670784,-0.286944,10.5452,1.5495,-53.13,7.63,25.2,-32.6856,-35.8982,2.7653,1014.44
670790,-0.162602,10.1291,1.68819,-34.72,7.91,27.09,-32.3418,-36.3612,1.39011,1014.44
670796,-0.679101,10.33,2.13295,-34.93,7.21,29.33,-33.058,-37.2584,1.24834,1014.44
670802,-0.946915,10.3348,2.879,-28.91,5.67,32.83,-32.5997,-35.8693,0.76632,1014.45
670808,-0.263032,8.30225,3.16595,-16.03,0.49,35.14,-33.4304,-35.8114,1.44682,1014.45
670814,-3.24725,12.8886,5.67671,-17.64,-7.42,43.26,-33.4877,-37.1715,0.582017,1014.44
670820,-1.38211,10.4543,3.63941,-8.47,-11.27,47.88,-33.5163,-35.6088,1.19163,1014.44
670826,0.679101,9.46915,1.97035,-2.45,-6.02,48.93,-33.8315,-34.567,2.38251,1014.44
670832,-1.12865,11.1286,2.5538,-1.26,-13.02,51.59,-33.7455,-36.1587,1.48935,1014.44
670838,-0.23912,11.0426,2.83118,-1.4,-10.15,56.84,-33.9747,-35.551,0.312651,1014.44
670844,-0.71736,11.5399,1.62123,-1.05,-10.5,61.67,-33.9747,-34.5092,2.9496,1014.44
670850,-0.903874,12.1569,1.64993,-3.36,-9.94,67.62,-35.4643,-35.3194,0.582017,1014.46
670856,-0.95648,12.4151,2.36251,17.5,-8.47,75.04,-35.8367,-35.2616,1.67366,1014.46
670862,-1.26255,12.4534,2.26208,3.01,-9.03,82.11,-35.493,-33.6699,1.70201,1014.47
670868,-1.40124,13.845,1.4682,-0.7,-11.76,90.23,-35.2065,-34.0172,1.80125,1014.47
670874,-1.14778,13.5629,2.02774,-0.63,-9.66,99.82,-36.2951,-34.4513,0.978977,1014.42
670880,-1.033,13.3429,2.63032,1.61,-6.51,108.08,-36.6961,-33.2358,1.6453,1014.42
670886,-2.3099,13.5868,2.91248,1.4,-14.49,117.88,-37.6701,-32.5124,1.97138,1014.42
670892,-1.06648,12.9316,3.3955,4.13,-10.43,125.02,-37.5555,-32.9754,0.879737,1014.43
670898,-1.67862,11.9464,4.42372,8.33,-12.88,131.67,-38.1857,-31.5574,0.908091,1014.43
670904,-1.73123,11.1717,5.37542,19.88,-19.18,138.95,-39.2457,-30.805,2.29745,1014.45
670910,-1.57341,11.473,5.2176,26.88,-23.66,145.67,-39.5608,-31.0075,1.75872,1014.45
670916,-0.81779,11.7791,3.60115,36.54,-24.57,152.04,-40.3915,-30.9497,1.31923,1014.44
670922,-0.263032,12.3147,2.63032,44.17,-20.37,160.09,-40.8785,-28.6056,2.82201,1014.44
670928,-0.683883,14.5241,1.92731,47.11,-13.58,170.94,-40.7353,-28.9239,2.97795,1014.43
670934,-1.75036,16.2649,1.50167,45.85,-13.86,183.33,-41.7952,-29.2133,1.90049,1014.43
670940,-1.63558,17.4175,0.841702,46.2,-7.7,199.85,-42.7692,-27.5059,3.07719,1014.42
670946,-3.03204,18.8714,0.95648,41.16,-10.5,218.19,-43.1416,-25.2198,4.16883,1014.42
670952,-3.65375,19.9522,0.502152,34.37,-12.25,235.34,-43.8005,-25.9722,2.73694,1014.41
670958,-3.68245,21.7886,-1.68819,22.47,-10.15,257.18,-44.4021,-23.9465,2.66606,1014.41
670964,-3.25203,22.8455,-3.01291,10.29,-6.09,280.98,-45.9203,-22.8178,4.04124,1014.41
670970,-3.45768,23.3812,-4.32329,-2.66,5.25,303.73,-46.7224,-21.9786,3.7577,1014.42
670976,-4.16547,24.7967,-3.5868,-13.79,5.18,329.21,-47.6391,-20.8789,3.48833,1014.42
670982,-4.7011,26.3845,-3.23768,-29.4,21.42,360.5,-48.9282,-17.5799,3.06302,1014.44
670988,-8.34051,24.3424,1.10473,-32.41,9.73,389.55,-49.5011,-16.8854,3.60175,1014.44
670994,-7.69966,23.8977,1.5495,-29.68,6.09,417.83,-51.134,-15.7278,2.38251,1014.45
671000,-5.868,24.5433,1.56863,-25.62,3.08,446.88,-52.0793,-12.8918,3.10555,1014.45
671006,-5.42802,24.8541,0.363462,-22.82,7.98,473.34,-52.6809,-9.79533,4.56579,1014.43
671012,-6.58536,25.6337,-0.0382592,-28.7,9.73,503.16,-54.457,-9.24549,2.80783,1014.43
671018,-6.45146,19.9761,0.683883,-1.19,8.19,521.15,-55.0872,-5.19404,2.89289,1014.42
671024,1.05213,16.088,4.83501,42.35,0.07,515.83,-55.2018,-1.86607,3.72934,1014.42
671030,-2.35772,31.5065,-1.99426,23.38,51.03,531.86,-56.0612,-0.158672,2.83618,1014.46
671036,-4.99283,24.6533,-0.095648,18.27,46.48,526.33,-57.4935,2.93779,1.80125,1014.46
671042,-1.28647,23.5438,2.76423,33.46,48.02,520.66,-56.405,6.00532,2.85036,1014.46
671048,-3.76853,27.4701,1.57819,32.48,49.63,524.02,-56.9779,9.15966,2.56682,1014.42
671054,-3.14682,27.867,-0.435198,28.28,55.44,524.3,-57.6368,11.4748,1.98555,1014.42
671060,-3.77331,26.3128,-4.81109,14.49,69.58,502.18,-57.0066,14.2529,2.08479,1014.42
671066,-5.24629,23.1946,-5.17934,11.69,88.62,470.26,-55.918,16.8574,1.84378,1014.42
671072,-9.94261,10.7508,-11.2721,-4.2,113.12,423.78,-56.7201,19.5777,0.284297,1014.41
671078,-10.9852,2.5538,-11.8317,-33.46,140.7,358.75,-55.7461,20.6484,0.9648,1014.41
671084,-22.4677,-8.6418,-9.35437,-77.56,113.12,328.44,-54.0273,22.8188,0.085817,1014.39
671090,5.5715,-26.3558,12.9029,26.53,29.75,168,-55.0013,24.2368,-1.10506,1014.39
671096,16.1119,-8.51745,-0.234338,32.27,82.88,33.04,-54.6862,24.7867,-1.64379,1014.41
671102,-1.31516,0.215208,0.85605,45.15,73.5,-78.05,-53.483,24.4394,0.000754159,1014.41
671108,-5.22238,-1.29125,3.47202,60.2,39.2,-175.98,-55.2591,23.658,-1.61544,1014.44
671114,-10.5787,5.78192,-1.52559,50.05,10.78,-237.44,-55.431,22.269,-2.52278,1014.44
671120,-12.2382,10.2774,-3.99809,17.43,-5.81,-279.65,-54.7721,21.6613,-2.53695,1014.42
671126,-12.8407,11.6595,-3.64897,-17.22,-23.24,-298.69,-54.9726,20.0407,-1.91316,1014.42
671132,-12.023,10.4735,-1.78384,-31.85,-31.15,-299.39,-57.1784,18.1307,-3.03315,1014.42
671138,-11.3199,9.15351,-1.56384,-35.07,-41.23,-297.78,-56.5769,16.0471,-2.11164,1014.42
671144,-9.65088,5.60976,-1.78384,-33.32,-40.74,-291.06,-56.1758,15.2658,-0.637217,1014.42
671150,-8.46963,3.35724,-2.1473,-20.79,-35.98,-281.33,-56.6341,13.3558,-1.17595,1014.42
671156,-6.50406,0.444763,-2.09947,-1.19,-28.56,-277.55,-56.806,12.1693,-1.36025,1014.42
671162,-5.69584,-0.521282,-2.20469,18.13,-18.48,-275.59,-56.319,10.6355,-1.07671,1014.43
671168,-4.60545,-0.985174,-2.16643,43.19,-6.16,-274.89,-56.4623,9.94101,-0.849874,1014.43
671174,-3.59636,-1.16212,-2.11382,65.24,7.77,-277.97,-57.7514,6.93136,-1.45949,1014.39
671180,-2.96509,-0.669536,-1.62602,86.66,18.34,-286.23,-56.3763,6.55515,-1.3319,1014.39
671186,-3.37637,1.32472,-1.19082,100.52,27.02,-294.14,-56.0612,5.36866,-1.04835,1014.41
671192,-4.11765,2.88379,-0.784314,106.33,29.89,-307.23,-57.1784,2.47477,-2.63619,1014.41
671198,-4.50502,3.51506,-0.23912,111.51,34.72,-322.42,-56.6914,1.2304,-1.36025,1014.38
671204,-5.61932,4.91152,0.626494,110.95,32.55,-337.82,-55.918,0.33329,-1.2043,1014.38
671210,-6.02104,6.46102,0.545194,102.97,29.12,-352.03,-55.9466,-2.12652,-1.61544,1014.38
671216,-7.04448,8.2879,0.798661,93.24,21.42,-363.51,-56.0612,-4.73102,-1.13342,1014.38
671222,-6.99187,8.38355,1.46341,85.68,17.85,-372.82,-54.6862,-5.686,-1.03418,1014.38
671228,-7.11621,8.43615,1.91774,80.22,10.5,-381.29,-54.0273,-7.42234,-1.28937,1014.39
671234,-6.53754,8.58441,1.77905,77.28,6.44,-386.4,-54.5716,-10.6924,-1.02,1014.39
671240,-6.42755,8.42659,2.37207,80.78,2.24,-391.86,-52.1653,-11.4448,-0.778989,1014.36
671246,-6.28886,9.71784,2.06121,82.81,-2.24,-393.19,-52.6809,-13.8757,-0.438737,1014.36
671252,-5.19847,10.4735,1.80296,83.93,-1.05,-392.21,-50.7902,-16.2487,-1.28937,1014.38
671258,-4.06026,11.9464,1.35342,84.63,1.96,-391.72,-50.0741,-17.6088,-1.50202,1014.38
671264,-3.4768,12.9507,1.40124,84.98,7.14,-388.08,-48.4699,-19.3452,0.114171,1014.35
671270,-2.94118,14.0842,1.26255,85.89,15.33,-382.41,-47.8396,-21.776,0.695434,1014.35
671276,-2.10426,16.1167,1.05213,80.15,23.17,-374.71,-46.5219,-23.9754,0.383537,1014.41
671282,-1.49689,16.4849,1.83166,80.22,32.2,-364.35,-44.5166,-24.0333,0.908091,1014.41
671288,-1.28168,17.6231,2.73075,80.64,38.78,-351.68,-43.8005,-26.059,0.978977,1014.41
671294,-1.41081,18.6035,3.25681,80.36,39.2,-339.99,-43.027,-28.6924,-0.197726,1014.4
671300,-0.69823,19.6844,3.85461,78.47,42.91,-327.32,-40.4202,-28.895,0.723788,1014.4
671306,-0.913438,20.0191,4.5098,79.17,39.62,-317.38,-39.79,-29.5317,1.20581,1014.39
671312,-0.559541,20.4113,4.81588,78.89,37.17,-312.83,-38.1857,-33.0333,1.04986,1014.39
671318,0.0286944,20.1483,5.16977,78.47,33.74,-315.35,-36.4383,-32.9175,1.80125,1014.33
671324,-0.0191296,20.9852,4.63415,77.98,30.31,-321.65,-35.5216,-32.3677,0.993154,1014.33
671330,-0.109995,22.3912,5.33238,85.96,22.19,-331.31,-33.7742,-35.2905,1.07822,1014.38
671336,0.755619,23.1133,4.98804,84.56,18.27,-347.06,-32.7429,-36.4191,1.94302,1014.38
671342,0.181731,24.0794,4.85414,79.73,2.31,-366.87,-30.4225,-36.8532,1.91467,1014.35
671348,0.693448,25.3611,4.44763,70.35,-10.78,-384.93,-28.5318,-37.9239,1.9572,1014.35
671354,0.583453,25.825,4.42372,61.67,-32.41,-403.48,-27.2427,-40.1812,2.04226,1014.39
671360,1.43472,26.2649,3.90722,51.1,-53.69,-416.01,-24.9797,-39.9497,2.99213,1014.39
671366,2.96031,25.4663,4.17982,46.06,-65.24,-416.57,-23.7479,-41.2519,3.6301,1014.4
671372,5.60497,24.0172,5.74844,57.89,-79.94,-408.66,-20.3103,-42.7278,3.41745,1014.4
671378,9.26351,26.1454,4.28025,61.67,-84.28,-393.26,-19.1358,-43.9722,4.38149,1014.4
671384,12.2573,28.2544,3.2616,53.9,-81.76,-373.73,-17.331,-43.0751,5.38807,1014.37
671390,16.1884,29.2444,2.63988,47.11,-77.35,-349.72,-15.0966,-45.5059,4.70757,1014.37
671396,18.5509,30.5834,0.023912,26.25,-75.67,-322.7,-13.12,-45.3034,4.57997,1014.43
671402,23.7877,29.1487,-2.66858,-4.27,-64.19,-294.7,-12.2892,-44.5799,4.63668,1014.43
671408,26.8675,26.1406,-2.85031,-23.87,-52.22,-261.38,-10.284,-45.8821,4.26807,1014.42
671414,29.3305,23.8546,-3.37637,-17.99,-44.24,-221.76,-8.42193,-46.4609,4.06959,1014.42
671420,36.7241,17.3171,-1.51602,-29.75,-15.47,-180.32,-7.47659,-45.7085,4.87769,1014.47
671426,38.3022,13.472,0.626494,-7.77,-4.69,-129.5,-7.19012,-45.94,4.53744,1014.47
671432,43.6777,8.49354,4.28025,26.18,12.18,-83.16,-6.01561,-47.1555,3.78605,1014.44
671438,45.6719,7.96748,5.10282,60.76,26.67,-44.73,-5.52862,-45.9111,5.00529,1014.44
671444,44.7537,10.0239,5.99713,84.35,38.43,-9.24,-5.55727,-45.1008,5.40225,1014.43
671450,35.3945,20.966,6.32712,296.8,219.87,125.58,-6.27343,-46.6635,5.45895,1014.43
671456,-6.13582,129.622,30.5834,-203.21,-157.99,300.58,-6.76042,-45.8821,5.85591,1014.43
671462,54.0746,9.06743,8.9957,-222.88,30.59,353.5,-9.02351,-44.8693,5.35971,1014.46
671468,-6.15017,-20.6552,0.664754,-143.15,188.16,400.12,-10.7709,-44.9561,5.20376,1014.46
671474,-26.9249,-15.1937,23.3238,33.88,-178.99,404.6,-12.146,-45.7664,3.54504,1014.4
671480,5.48063,18.6274,1.30081,37.24,-77.98,376.46,-15.5549,-43.6249,5.04782,1014.4
671486,4.48111,22.769,-9.60306,-30.24,11.2,381.29,-17.5602,-42.7857,5.23212,1014.37
671492,-7.0923,9.80392,8.2879,8.89,-99.4,361.48,-18.6774,-43.6828,5.1187,1014.37
671498,3.92157,9.13438,10.5787,43.68,-119.56,329.63,-20.2816,-42.2937,4.73592,1014.43
671504,11.3821,19.9091,-1.97513,22.47,-90.23,304.08,-22.2582,-40.9047,5.16123,1014.43
671510,10.3778,31.253,-11.2578,-78.68,-71.82,279.02,-23.6619,-41.3966,4.72174,1014.41
671516,6.6858,17.8144,-4.94022,-128.94,-43.96,258.23,-25.037,-41.1651,4.48073,1014.41
671522,2.8264,10.0048,5.60019,-97.09,-54.11,229.39,-26.1542,-38.9368,4.06959,1014.43
671528,2.23816,6.72884,6.23625,-57.05,-58.87,213.78,-27.9016,-39.3709,3.942,1014.43
671534,21.0569,14.0842,13.3764,-34.09,-164.71,101.15,-28.1594,-39.8629,3.67263,1014.4
671540,16.4228,10.6791,-9.99043,-10.5,-19.11,80.22,-28.1594,-38.1555,4.79263,1014.4
671546,5.97322,12.3434,-2.93639,-55.93,-6.65,45.5,-28.5605,-38.0397,4.31061,1014.4
671552,-2.89813,9.84696,1.78384,-51.38,1.12,59.15,-29.0475,-39.5445,2.21239,1014.4
671558,-4.68197,6.9823,6.45146,-0.14,-27.02,56.56,-29.5058,-37.4609,4.05542,1014.4
671564,2.48207,9.5935,1.3582,-5.46,-15.61,49.42,-29.6204,-37.1426,3.942,1014.44
671570,0.870397,9.75131,-0.73649,-15.33,-7.7,45.71,-29.8496,-38.3291,3.98453,1014.44
671576,2.20947,7.47011,2.30512,-1.75,-12.11,33.25,-29.7923,-37.4609,3.72934,1014.39
671582,3.84027,7.80488,1.61645,5.39,-8.05,22.89,-30.5085,-37.0558,4.57997,1014.39
671588,1.78384,9.61262,0.645624,1.05,2.03,12.53,-30.7663,-37.6924,4.67921,1014.46
671594,-1.06169,9.7274,0.186514,3.01,-2.52,10.99,-30.623,-38.0976,3.38909,1014.46
671600,-0.33955,10.4878,-0.516499,-0.98,-5.6,10.15,-30.0215,-36.8821,5.1187,1014.46
671606,0.707795,10.2582,-0.0191296,-10.08,-2.94,3.43,-31.3106,-37.1137,4.42402,1014.46
671612,0.449546,9.66523,1.56863,-0.84,-0.35,3.92,-29.6777,-37.8371,3.50251,1014.44
671618,-0.5978,9.70349,1.91774,2.03,4.48,5.67,-29.8782,-37.2584,3.40327,1014.44
671624,-1.42994,10.483,0.97561,0.91,-1.75,7.49,-30.1647,-36.9979,4.7501,1014.44
671630,-0.11956,10.8034,0.760402,-5.32,1.96,13.23,-30.136,-37.1137,2.82201,1014.43
671636,-0.282162,9.68914,0.980392,0.49,2.03,11.69,-29.9928,-37.7503,3.67263,1014.43
671642,-0.760402,11.0043,0.45911,-5.39,2.31,14.91,-30.6803,-36.3902,3.91365,1014.44
671648,-0.789096,10.2582,1.19082,-1.68,3.43,19.04,-31.11,-36.7374,3.55922,1014.44
671654,-0.73649,10.856,0.133907,-4.76,3.29,17.01,-31.4538,-37.8661,3.30403,1014.4
671660,0.071736,10.6361,0.11956,-11.62,1.26,17.08,-30.4512,-37.403,3.67263,1014.4
671666,0.282162,9.42611,1.01865,-6.16,6.93,17.92,-30.5657,-36.7953,4.21137,1014.43
671672,-0.382592,9.88522,0.980392,-7.35,2.59,12.95,-31.2533,-37.9239,2.49593,1014.43
671678,0.162602,9.65567,0.908656,-8.82,4.97,14.21,-30.5944,-36.9111,3.67263,1014.44
671684,-0.0860832,9.39263,1.10473,-6.51,2.1,12.39,-30.8809,-35.8982,4.02706,1014.44
671690,0.105213,9.56958,1.01387,-6.79,1.33,9.24,-30.709,-37.403,4.39567,1014.43
671696,0.435198,9.5935,0.626494,-6.72,4.48,8.19,-31.5111,-37.3162,2.28327,1014.43
671702,0.306074,9.68436,0.5978,-8.75,4.55,6.93,-31.4824,-35.7246,3.88529,1014.43
671708,0.291726,9.19656,1.10952,-5.95,5.46,3.85,-31.196,-36.5638,2.69441,1014.44
671714,-0.0382592,9.74175,0.779531,-7,3.85,4.27,-31.7403,-37.6346,2.72277,1014.44
671720,-0.095648,9.82783,0.416069,-8.47,2.1,3.43,-32.0267,-36.8243,3.74352,1014.46
671726,-0.35868,10.2056,0.435198,-10.5,1.61,3.92,-31.8548,-36.2455,3.60175,1014.46
671732,-0.540411,10.2343,0.416069,-11.97,-0.07,5.04,-31.6257,-37.6056,3.03466,1014.46
671738,-0.765184,10.5117,0.210426,-14.42,-1.19,5.88,-30.7949,-36.6506,3.00631,1014.46
671744,-0.420851,10.6934,-0.095648,-18.9,-0.77,7,-31.2819,-35.6378,3.03466,1014.43
671750,-0.148254,10.1004,0.483022,-21.21,0,7.91,-31.683,-37.3452,3.53086,1014.43
671756,-0.277379,10.2582,0.526064,-22.12,-1.61,8.89,-32.2845,-37.0558,1.87214,1014.42
671762,0.023912,10.373,0.37781,-23.73,3.01,10.5,-31.683,-36.0719,3.61593,1014.42
671768,-0.373027,9.97609,0.899091,-25.27,2.1,11.48,-31.9408,-37.0268,2.90707,1014.44
671774,-0.373027,9.30177,1.5208,-22.26,1.19,11.62,-31.1387,-37.5188,2.49593,1014.44
671780,0.0621712,9.49306,1.16212,-20.44,1.75,11.34,-31.683,-35.551,3.23314,1014.44
671786,-0.0286944,9.58393,1.2769,-19.95,1.96,10.71,-32.2272,-35.522,2.52429,1014.44
671792,0.114778,9.90913,0.683883,-22.33,1.54,10.5,-31.7403,-37.5767,2.39669,1014.44
671798,0.176949,9.68914,1.12386,-20.65,4.2,12.18,-31.7976,-36.4191,2.31163,1014.45
671804,-0.411286,10.1243,0.755619,-24.01,-0.84,11.41,-31.6257,-35.6088,2.41087,1014.45
671810,0.224773,9.70349,1.1143,-23.1,2.59,11.9,-31.9981,-36.5928,1.09239,1014.44
671816,0.114778,9.81827,0.970827,-23.94,3.01,12.74,-31.597,-36.5638,1.67366,1014.44
671822,-0.023912,9.99043,0.827355,-26.6,2.59,12.81,-31.7976,-35.0879,2.24074,1014.42
671828,0.11956,9.87566,1.04735,-26.25,5.11,13.72,-31.3679,-36.5638,1.61695,1014.42
671834,-0.11956,10.153,1.05691,-26.81,5.11,15.33,-31.5684,-37.403,0.823028,1014.44
671840,-0.272597,10.4974,0.884744,-28.7,7.14,17.08,-32.3705,-35.9272,0.9648,1014.44
671846,-0.425634,10.9421,0.674318,-31.99,7.21,19.95,-31.9121,-36.1008,1.24834,1014.46
671852,-0.234338,10.2678,1.01865,-32.41,7.7,20.44,-32.8002,-37.2584,1.04986,1014.46
671858,-0.688666,10.7652,1.08082,-36.54,4.97,23.17,-32.5997,-36.4191,1.63113,1014.43
671864,-0.444763,10.2152,1.44428,-36.05,7.42,25.27,-32.7715,-35.8982,0.539486,1014.43
671870,0.0191296,9.60306,1.78862,-35.49,6.51,24.92,-32.2845,-36.7085,0.4686,1014.43
671876,-0.272597,10.0048,1.5495,-37.87,4.06,25.34,-32.8575,-35.985,0.879737,1014.48
671882,0.0382592,10.0239,1.91774,-37.1,5.74,26.25,-32.4278,-34.6538,0.837206,1014.48
671888,0,10.1578,1.83166,-36.54,6.58,27.16,-33.1726,-35.3484,0.525308,1014.45
671894,-0.215208,10.7365,1.5208,-37.73,9.38,30.24,-32.6569,-36.0429,-0.736457,1014.45
671900,-0.731707,10.923,1.53037,-38.29,7.21,33.04,-33.7742,-35.4352,-0.254434,1014.47
671906,-0.310856,10.7461,2.19034,-37.52,9.1,34.72,-33.3158,-34.9432,-0.608863,1014.47
671912,-1.37255,10.2152,4.022,-23.03,5.67,42.14,-33.3731,-36.3323,-0.92076,1014.45
671918,-4.44763,12.1377,7.5275,-6.44,-10.36,54.88,-34.0893,-35.3773,-0.764811,1014.45
671924,-1.3056,12.7116,1.93209,-8.05,-12.39,60.69,-34.4044,-33.612,-0.5238,1014.47
671930,0.224773,11.6021,1.033,-9.31,-5.74,66.29,-34.7481,-34.104,-1.09089,1014.47
671936,-1.14778,11.6451,2.80727,-2.73,-4.41,72.59,-34.8914,-34.5092,-1.62962,1014.46
671942,-1.86992,12.9842,2.44381,-3.08,-7.42,79.1,-34.7481,-32.3098,-0.42456,1014.46
671948,-2.04208,13.5677,2.72597,-2.66,-7.84,89.04,-35.1206,-33.612,-1.65797,1014.46
671954,-2.13773,13.7685,2.7977,17.57,-10.29,99.75,-35.3497,-33.5542,-1.67215,1014.45
671960,-1.76949,13.759,2.40555,0.49,-9.31,108.99,-36.1232,-32.3677,-0.693926,1014.45
671966,-1.44428,13.3285,2.20947,0.28,-9.52,116.83,-37.0972,-31.7021,-0.183549,1014.5
671972,-1.64515,12.8455,3.10856,2.38,-11.83,125.23,-37.355,-32.2809,-1.48785,1014.5
671978,-1.74079,12.1664,5.06456,11.2,-14.84,131.46,-37.6415,-31.4127,-0.835697,1014.46
671984,-1.97513,12.176,4.97848,17.36,-18.69,140.42,-37.9852,-30.3419,-0.112663,1014.46
671990,-2.00861,11.8699,5.05021,25.97,-22.61,147.98,-39.3889,-31.1812,-0.906583,1014.45
671996,-1.13821,12.066,3.62984,34.86,-25.2,154.42,-39.3316,-31.6153,-0.807343,1014.45
672002,-0.0526064,11.8938,2.24773,43.4,-17.85,162.05,-39.9332,-28.6635,-0.22608,1014.43
672008,-0.191296,13.472,1.49689,45.57,-15.68,169.33,-40.9645,-28.8082,0.156703,1014.43
672014,-1.09995,15.6815,1.0856,45.92,-8.54,180.53,-41.3942,-28.8371,-0.906583,1014.44
672020,-2.76901,17.8336,1.30081,42.98,-6.16,195.65,-41.9384,-26.9561,0.355183,1014.44
672026,-2.61597,19.2396,0.35868,41.09,-8.47,214.27,-43.3135,-25.9143,0.511131,1014.45
672032,-2.40555,20.966,-0.970827,28.63,-0.84,231.49,-44.2302,-26.5799,0.284297,1014.45
672038,-3.25681,20.6361,-2.43902,16.24,-3.29,252.28,-44.7172,-24.612,0.978977,1014.45
672044,-2.62076,22.506,-3.05595,4.34,2.66,273,-45.6911,-22.6731,2.01391,1014.47
672050,-4.51937,24.6437,-4.59589,-14.35,10.64,297.15,-46.2927,-22.6153,1.09239,1014.47
672056,-5.37542,25.318,-3.63941,-27.58,10.22,323.54,-47.4099,-21.776,0.4686,1014.46
672062,-5.03108,26.5088,-2.77379,-36.47,15.54,350.56,-47.7251,-18.6506,1.56024,1014.46
672068,-7.89574,26.6667,-1.01865,-50.05,19.11,379.47,-49.1287,-16.7985,1.39011,1014.41
672074,-9.11525,25.0024,-0.793878,-52.78,12.18,412.72,-50.8475,-16.1908,-0.311143,1014.41
672080,-7.47011,27.3075,0.588235,-59.57,4.83,436.38,-50.8762,-13.3259,0.922268,1014.44
672086,-7.40316,29.0483,0.234338,-76.02,7.35,466.2,-51.7069,-10.0558,0.312651,1014.44
672092,-5.6528,25.4567,-0.526064,-77.56,7.77,495.67,-53.9414,-9.91108,-1.10506,1014.41
672098,-5.59541,22.1999,-2.02296,-81.27,17.99,506.38,-53.569,-5.45449,-0.254434,1014.41
672104,-2.066,14.0794,1.08082,-23.31,-9.87,503.37,-53.97,-2.96575,-0.566332,1014.42
672110,3.1516,26.0306,-3.00813,-7.49,50.26,513.38,-55.5742,-0.853204,-0.793166,1014.42
672116,-3.92635,23.8594,-2.13295,-22.4,53.76,517.02,-55.8607,1.6066,-1.94151,1014.42
672122,-4.16547,17.5418,4.20851,19.04,41.3,512.61,-55.9753,5.48442,-0.12684,1014.44
672128,-1.56863,27.6279,-1.86992,16.17,42.63,503.93,-56.7774,7.13393,-0.864051,1014.44
672134,-0.215208,31.4825,-6.02582,-7.14,76.16,500.85,-56.8347,10.5487,-1.91316,1014.42
672140,-6.75753,25.0789,-6.38929,-10.99,72.1,495.25,-55.5456,13.2979,-1.43114,1014.42
672146,-6.5758,21.1573,-8.13486,-14.42,98.35,465.85,-55.5456,14.7159,-2.22506,1014.41
672152,-10.8991,11.5973,-12.2047,-46.76,127.12,422.66,-56.0612,17.8124,-3.1891,1014.41
672158,-12.1234,1.28168,-11.7169,-80.71,135.94,361.97,-54.6289,19.8671,-4.46505,1014.38
672164,-20.5404,-12.0851,-7.98661,-110.32,110.11,307.23,-53.3684,21.9217,-3.69948,1014.38
672170,3.97896,-27.2166,13.7446,10.5,15.54,141.61,-54.5716,22.6452,-5.00378,1014.41
672176,14.7537,-10.9517,2.20947,18.41,61.32,9.8,-54.8008,22.8767,-5.28732,1014.41
672182,-1.78862,-1.25777,0.93735,37.17,48.93,-105.56,-53.1106,22.6741,-4.08226,1014.39
672188,-7.25968,-1.84601,2.93639,57.12,12.74,-198.38,-53.8841,22.7031,-5.18808,1014.39
672194,-12.4725,5.93496,-1.8747,42,-15.89,-255.29,-55.0872,20.5037,-5.58504,1014.4
672200,-14.3185,10.9278,-3.97896,8.68,-40.46,-287.7,-54.457,19.2593,-5.51415,1014.4
672206,-14.3615,13.0751,-4.14156,-22.68,-54.88,-292.53,-54.6002,16.9732,-4.36581,1014.4
672212,-12.4103,12.1712,-2.96987,-38.57,-61.67,-291.27,-56.1472,15.5552,-5.38656,1014.43
672218,-11.2769,10.5882,-2.59206,-47.46,-66.01,-279.58,-55.9753,14.224,-4.42251,1014.43
672224,-9.5935,6.37016,-2.60163,-45.64,-64.54,-268.38,-55.8607,14.3976,-4.01138,1014.42
672230,-8.27355,2.31946,-2.25729,-26.88,-61.25,-259.28,-56.6914,11.5905,-4.23821,1014.42
672236,-5.50454,0.143472,-3.6968,-7.7,-45.43,-250.53,-56.8633,9.91207,-3.27417,1014.41
672242,-4.40459,-1.78384,-3.34768,19.18,-32.2,-248.85,-55.7461,10.4908,-2.48025,1014.41
672248,-3.75418,-2.94118,-2.56337,53.41,-19.32,-251.86,-56.7201,8.08892,-3.69948,1014.42
672254,-2.06121,-1.9847,-3.08465,79.1,-2.94,-257.67,-57.0925,6.46834,-3.23163,1014.42
672260,-1.6834,-0.999522,-3.01291,101.5,13.37,-269.01,-56.3763,5.74487,-2.21088,1014.43
672266,-2.87422,1.64515,-2.71162,114.87,21.91,-279.02,-55.6029,4.78988,-2.93391,1014.43
672272,-3.55811,3.73027,-2.74988,115.85,29.61,-292.46,-56.405,1.98281,-1.98405,1014.4
672278,-4.35198,4.65806,-2.19512,114.59,32.9,-309.68,-55.2018,0.217535,-1.92734,1014.4
672284,-5.36107,5.90626,-1.21951,108.92,30.38,-324.59,-54.457,-0.563816,-1.79974,1014.4
672290,-5.58106,6.77188,-0.884744,98.91,26.6,-340.41,-55.0299,-3.25514,-2.99062,1014.43
672296,-6.09278,7.61358,-0.263032,90.37,21.84,-355.39,-54.7435,-4.7889,-2.52278,1014.43
672302,-6.52798,7.95313,0.023912,84.28,16.94,-364.49,-53.3971,-6.17796,-2.25341,1014.38
672308,-6.65232,8.15399,0.564323,81.34,10.92,-371.98,-53.4257,-8.63777,-3.51518,1014.38
672314,-6.35103,8.28312,0.71736,81.41,5.18,-377.16,-52.8528,-11.1265,-3.37341,1014.38
672320,-6.04017,8.39789,0.789096,84,1.75,-379.26,-52.2512,-12.0526,-1.60126,1014.38
672326,-5.4902,8.89048,1.05213,92.05,0.21,-380.45,-50.5324,-14.6281,-2.6929,1014.37
672332,-5.28455,10.1913,0.693448,96.25,-2.24,-378.98,-50.3033,-16.7696,-3.13239,1014.37
672338,-4.10808,11.7551,0.612147,101.08,0.49,-375.48,-48.699,-17.8693,-1.8281,1014.36
672344,-3.44811,13.1755,0.425634,103.39,3.78,-373.03,-47.6105,-18.9111,-1.13342,1014.36
672350,-2.41511,14.4476,0.267814,101.78,10.99,-371.42,-47.0375,-22.1812,-1.91316,1014.41
672356,-1.3869,15.8824,0.49737,99.47,18.55,-369.88,-45.1755,-23.9754,-1.31772,1014.41
672362,-1.07126,16.6571,0.769966,93.59,25.76,-367.71,-43.5713,-24.2069,-0.282789,1014.41
672368,-1.23386,18.1109,1.29125,89.18,30.59,-363.16,-43.0557,-26.2326,-1.14759,1014.37
672374,-1.10473,18.9527,1.88427,84.84,36.26,-355.46,-41.1363,-28.7214,-1.3319,1014.37
672380,-1.25299,19.8948,2.70206,82.81,38.22,-343.84,-39.8472,-29.387,-0.0559544,1014.4
672386,-1.18604,20.4208,3.02248,80.85,40.53,-330.68,-39.2743,-30.5735,-1.10506,1014.4
672392,-1.24342,20.6839,3.63462,81.69,39.34,-318.22,-37.4409,-32.8886,-1.09089,1014.4
672398,-1.34385,21.5925,4.27547,83.02,34.37,-306.39,-36.0945,-33.7278,0.255943,1014.4
672404,0.430416,21.3295,3.28073,85.12,35.63,-303.66,-34.4903,-33.4384,0.454423,1014.38
672410,0.674318,21.5878,5.08847,94.71,28.56,-306.67,-33.6596,-36.3034,-0.0276001,1014.38
672416,1.10473,22.4534,4.73936,97.86,25.06,-317.24,-31.6257,-37.0847,0.199234,1014.39
672422,0.865614,22.5586,4.80153,99.96,14.77,-335.72,-31.4251,-36.7953,2.1415,1014.39
672428,1.00909,23.8498,4.50502,97.79,1.75,-355.6,-28.3313,-39.0526,2.07062,1014.41
672434,0.832138,24.8111,4.47633,88.55,-18.55,-377.72,-26.9849,-40.0944,1.74454,1014.41
672440,0.645624,25.6624,4.50502,80.08,-41.58,-393.82,-24.8937,-39.776,2.90707,1014.4
672446,1.00909,26.1071,4.30416,71.4,-63.98,-401.31,-23.3468,-40.76,3.47415,1014.4
672452,2.99856,25.1028,5.33238,66.57,-79.8,-397.04,-21.3415,-42.641,3.55922,1014.4
672458,4.58154,23.5533,7.19273,79.38,-98.07,-381.92,-18.792,-43.0751,3.87111,1014.39
672464,7.85748,25.3037,5.41846,82.46,-106.47,-363.79,-17.7034,-42.641,4.80681,1014.39
672470,13.2425,28.5653,2.70684,70.35,-102.48,-340.69,-15.4976,-44.8403,5.38807,1014.41
672476,15.6719,30.1578,0.621712,46.9,-104.16,-317.66,-13.7788,-44.4063,5.58655,1014.41
672482,21.3008,29.9713,-2.30033,17.01,-95.27,-295.05,-12.4897,-44.3773,5.20376,1014.4
672488,24.572,27.4223,-3.02726,-7.98,-84.77,-268.24,-10.685,-44.8982,5.23212,1014.4
672494,26.571,25.0646,-2.81683,-21.7,-76.93,-233.73,-9.28132,-46.1426,5.65743,1014.45
672500,34.8637,17.9483,-1.18604,-20.44,-51.45,-200.34,-7.73441,-45.1587,5.69997,1014.45
672506,37.2453,14.1129,0.894309,-3.64,-37.66,-154.21,-7.30471,-45.5928,5.4306,1014.45
672512,42.3625,9.56002,4.08417,30.87,-22.68,-106.75,-6.1302,-47.5606,5.31718,1014.45
672518,43.9933,9.38785,4.80153,56,-5.39,-62.51,-5.21351,-46.1715,5.64326,1014.44
672524,42.0421,11.3199,5.59063,79.1,4.69,-14.14,-6.04426,-45.9979,7.33034,1014.44
672530,38.5222,14.0937,5.26064,83.86,14.98,31.92,-5.75779,-46.2294,7.01844,1014.44
672536,33.6777,16.5806,4.76805,113.05,58.59,76.09,-5.64321,-46.5767,7.69894,1014.42
672542,-10.856,127.905,19.1296,-172.48,-122.22,319.34,-7.64847,-45.3902,7.4154,1014.42
672548,45.6145,35.6097,-10.5165,-296.17,-39.83,321.09,-9.25268,-45.5928,5.47313,1014.42
672554,-14.902,-4.31851,-8.20182,-211.82,243.04,340.34,-10.0834,-46.1137,4.15466,1014.42
672560,-54.5002,-14.2468,25.7676,-124.11,-178.22,379.47,-13.2632,-43.8854,3.53086,1014.4
672566,-9.39263,-12.989,28.6801,40.32,-213.36,334.88,-15.0106,-44.0011,5.09035,1014.4
672572,3.13725,17.8527,-6.81014,-3.78,-52.29,368.13,-16.2138,-44.3194,3.88529,1014.43
672578,-7.15447,17.0636,5.71497,-22.68,-143.57,344.75,-18.6774,-43.0172,3.95618,1014.43
672584,2.59206,6.8197,10.1722,20.86,-172.48,310.03,-19.7946,-41.5992,4.79263,1014.4
672590,8.79483,15.3515,5.42324,25.41,-157.92,310.59,-21.1983,-42.0911,4.72174,1014.4
672596,16.858,25.9445,-5.50933,-52.71,-87.78,285.67,-22.4301,-41.4834,5.48731,1014.41
672602,10.6648,19.8709,-6.61884,-107.45,-35.77,265.86,-24.2348,-40.2101,4.94858,1014.41
672608,5.60497,11.1095,4.06504,-71.96,-30.45,243.81,-25.925,-40.6442,4.21137,1014.41
672614,4.36155,13.6824,3.77331,-53.41,-27.58,219.73,-25.8964,-39.805,4.57997,1014.42
672620,7.95791,12.0086,3.41942,-30.73,-80.92,183.89,-28.3313,-38.1844,4.16883,1014.42
672626,17.9866,6.2506,-2.75466,2.03,-8.68,82.88,-28.3886,-38.0108,5.06199,1014.41
672632,5.91583,14.4428,-0.416069,-14.84,-12.6,48.93,-27.8157,-40.2101,4.48073,1014.41
672638,-2.30512,16.4945,-4.59589,-61.95,-11.76,61.6,-29.1334,-37.895,4.42402,1014.43
672644,-1.43472,5.86322,5.45194,-34.02,-15.82,59.99,-28.6751,-36.9111,4.09795,1014.43
672650,0.789096,5.93018,5.74844,-0.56,-15.4,54.67,-29.1907,-38.1265,3.21897,1014.39
672656,1.81253,8.6418,0.942133,-5.95,4.41,48.3,-29.3626,-38.3291,4.23972,1014.39
672662,0.344333,7.57054,2.02296,-0.56,-9.66,39.27,-29.1621,-36.969,4.65086,1014.42
672668,3.63462,9.22525,0.420851,6.72,3.15,28.77,-30.4798,-38.0686,4.65086,1014.42
672674,1.13343,9.55045,0.95648,-3.36,8.96,20.79,-30.5371,-37.9818,3.43162,1014.44
672680,0.741272,8.73744,1.53993,13.09,1.75,14.35,-29.5631,-36.8532,4.09795,1014.44
672686,0.521282,10.8943,-0.540411,-2.52,2.59,11.34,-30.0788,-36.8243,4.21137,1014.44
672692,-0.487805,10.4256,-0.636059,-4.13,-0.42,6.09,-30.1074,-38.2712,4.42402,1014.44
672698,0.454328,9.78479,0.908656,-1.89,8.75,8.4,-30.1933,-37.6346,3.45998,1014.44
672704,-0.540411,10.2343,1.05213,-1.68,3.71,6.23,-29.735,-36.5349,4.53744,1014.41
672710,-0.774749,10.0717,2.00861,-0.84,-0.35,3.92,-29.9069,-37.7214,4.23972,1014.41
672716,-0.435198,9.99043,1.45385,-0.84,4.97,10.78,-30.3366,-37.403,4.11212,1014.4
672722,-1.3869,10.5787,0.93735,-2.1,-0.42,9.31,-31.3965,-36.8243,3.95618,1014.4
672728,-0.215208,10.0622,1.31994,-0.77,6.23,8.68,-31.0814,-37.6924,4.6225,1014.39
672734,-1.47298,10.7556,1.21473,-2.38,0.56,14.98,-30.222,-38.2423,4.29643,1014.39
672740,-0.5978,10.8274,0.640842,-3.43,1.19,13.86,-30.4512,-37.2294,3.84276,1014.42
672746,0.10043,10.7221,0.272597,-7.91,5.11,12.11,-30.9954,-36.1876,4.76427,1014.42
672752,-0.344333,10.1722,0.942133,-8.61,2.87,14.63,-30.3939,-38.1265,3.89947,1014.41
672758,-0.186514,10.2104,0.774749,-11.13,0.63,11.48,-30.5371,-37.1137,4.2539,1014.41
672764,-0.105213,9.58393,1.20995,-9.17,1.26,10.92,-30.8236,-35.9272,3.92782,1014.45
672770,0.095648,9.48828,1.25299,-9.1,-0.28,10.36,-30.136,-37.7793,3.70099,1014.45
672776,0.286944,9.73218,0.879962,-9.17,3.43,7.98,-30.709,-37.5767,4.09795,1014.45
672782,0.176949,9.62219,0.875179,-9.66,4.13,6.44,-30.9954,-37.1426,3.21897,1014.45
672788,-0.196078,9.58871,1.07126,-11.13,2.66,5.95,-30.9668,-36.8821,3.04884,1014.45
672794,-0.124342,9.26351,1.36777,-8.54,1.82,3.99,-31.1673,-37.3452,3.00631,1014.46
672800,-0.435198,9.37829,1.41081,-6.16,-1.68,3.71,-31.2533,-36.3612,2.48175,1014.46
672806,-0.272597,9.87087,0.879962,-7.28,-1.89,3.29,-31.4251,-37.1137,3.74352,1014.41
672812,-0.263032,10.1865,0.545194,-10.57,-2.87,3.5,-30.5371,-38.1265,1.67366,1014.41
672818,-0.554758,10.22,0.588235,-10.15,-4.27,5.18,-30.3652,-37.7214,3.36074,1014.44
672824,-0.688666,10.8704,0.0765184,-17.15,-6.58,4.97,-30.7663,-36.7374,4.22554,1014.44
672830,-0.21999,11.1143,-0.277379,-20.79,-3.78,7.28,-31.2246,-37.6924,3.6301,1014.43
672836,-0.320421,10.7413,-0.0143472,-25.55,-3.08,8.68,-31.7689,-37.5477,3.77187,1014.43
672842,-0.674318,10.5308,0.640842,-27.02,-3.15,11.06,-31.9408,-36.2455,3.64428,1014.42
672848,-0.640842,10.3682,0.798661,-28.49,-3.57,12.95,-31.11,-37.403,2.7653,1014.42
672854,-0.463893,10.263,0.765184,-30.03,-4.06,13.86,-31.3965,-37.6056,1.98555,1014.42
672860,-0.0669536,9.85174,0.97561,-31.01,-3.43,14.35,-31.6543,-36.7664,2.32581,1014.42
672866,0.0334768,9.51219,1.31038,-30.1,-2.73,14.42,-31.5397,-36.2165,2.11315,1014.42
672872,-0.229555,9.25394,1.72166,-29.33,-3.22,14.63,-31.9694,-37.3452,0.582017,1014.45
672878,-0.167384,9.3209,1.6834,-26.74,-2.87,14.63,-31.9408,-36.7085,1.61695,1014.45
672884,-0.325203,9.24916,1.80775,-26.11,-3.64,15.19,-31.3106,-36.4481,1.92885,1014.47
672890,-0.0191296,9.41655,1.6834,-25.62,-3.15,15.05,-31.8548,-36.9979,2.19821,1014.47
672896,0.267814,9.51219,1.4395,-22.33,1.61,15.33,-31.597,-36.7085,1.68783,1014.45
672902,-0.468675,10.66,0.645624,-29.75,-2.59,15.4,-31.8548,-35.8403,1.24834,1014.45
672908,0.468675,10.0335,1.18604,-28.91,3.36,17.92,-32.0267,-36.2455,1.07822,1014.41
672914,-0.310856,9.83261,1.36298,-29.96,2.1,17.36,-32.1127,-36.969,0.426068,1014.41
672920,-0.224773,9.86131,1.40603,-29.96,1.89,19.04,-32.084,-35.8114,1.56024,1014.47
672926,0.0669536,9.89957,1.39646,-30.59,4.76,20.23,-32.4278,-35.9272,0.950623,1014.47
672932,-0.406504,10.483,1.12386,-32.27,1.75,20.72,-32.2559,-37.8082,-0.22608,1014.45
672938,0.162602,10.1196,1.5495,-33.81,6.86,23.8,-32.2845,-35.8982,0.638726,1014.45
672944,-0.129125,9.86131,1.82209,-34.86,4.2,27.37,-32.7715,-35.522,0.213411,1014.45
672950,-0.210426,10.1578,1.94644,-32.97,7.49,26.39,-32.5424,-36.2455,-0.679749,1014.47
672956,-0.143472,10.0335,1.87948,-32.69,5.39,27.37,-32.3705,-36.0719,0.156703,1014.47
672962,0.35868,9.98087,1.55428,-33.32,7.49,27.3,-33.1726,-34.104,0.0999942,1014.46
672968,0.0860832,9.87087,2.04687,-29.61,8.54,28.28,-32.9721,-35.8982,-0.62304,1014.46
672974,-0.382592,10.2535,2.18077,-27.16,9.31,30.87,-34.0033,-36.4481,0.17088,1014.44
672980,-1.04256,10.2869,3.73984,-21.98,4.69,34.65,-33.2012,-34.9432,0.383537,1014.44
672986,-1.89861,11.9799,3.80201,-19.32,1.19,40.11,-34.3757,-36.0429,-1.62962,1014.44
672992,-3.18986,11.913,5.40411,-8.61,-6.16,50.68,-33.8028,-36.3323,-1.68633,1014.44
672998,-1.44907,11.4252,2.97944,-5.95,-7.7,54.46,-34.6909,-35.0879,-0.22608,1014.45
673004,-0.593018,11.8651,2.08034,-3.71,-3.43,60.48,-34.92,-34.9143,-0.708103,1014.45
673010,-2.05643,12.4773,2.7451,-3.85,-10.57,69.23,-34.2898,-34.9143,-1.28937,1014.48
673016,-1.50646,13.0177,2.38642,-2.73,-7.7,76.02,-34.9773,-35.2037,-1.19013,1014.48
673022,-1.5495,12.9077,2.82162,1.19,-6.93,84.21,-35.2351,-33.641,0.185057,1014.48
673028,-1.94165,13.5246,2.93639,1.61,-9.52,93.24,-35.4357,-33.5831,-1.55873,1014.42
673034,-1.65949,13.7637,2.52032,0.42,-9.03,102.06,-36.0372,-34.4513,-2.31012,1014.42
673040,-1.52559,13.0703,2.56815,1.26,-9.59,110.18,-36.9539,-32.7728,-0.367851,1014.42
673046,-1.48733,11.9512,3.92635,6.65,-10.5,117.32,-37.2404,-32.686,-0.764811,1014.42
673052,-1.93687,11.7838,4.86848,13.37,-16.17,124.46,-38.0998,-33.3516,-1.67215,1014.42
673058,-1.70732,11.9225,5.00717,20.3,-19.88,130.69,-39.0451,-32.1072,-0.934937,1014.42
673064,-1.89383,11.9369,5.05978,26.6,-24.36,138.46,-38.7873,-31.0365,-0.5238,1014.43
673070,-1.6834,12.0373,4.6724,36.4,-25.48,146.44,-38.9878,-31.5284,-1.02,1014.43
673076,-0.860832,12.3051,2.58728,42.98,-24.08,153.79,-39.5608,-30.9497,-0.0134229,1014.43
673082,-0.277379,12.7547,1.28168,45.85,-20.93,161.98,-40.5634,-28.7503,0.908091,1014.43
673088,-0.310856,15.0215,1.15734,45.01,-15.05,171.5,-42.9411,-30.313,-0.112663,1014.42
673094,-1.1956,16.4467,1.15734,47.11,-6.02,184.17,-41.6233,-28.5188,0.851383,1014.42
673100,-2.54902,18.1109,0.234338,42.56,-10.22,201.32,-42.9124,-27.1587,1.30505,1014.44
673106,-1.93209,20.4687,-0.382592,33.11,-3.71,218.33,-43.3135,-26.059,1.02151,1014.44
673112,-3.28551,21.363,-0.779531,22.61,-0.63,237.16,-44.8604,-26.522,0.652903,1014.44
673118,-4.21329,22.4199,-1.80296,10.43,-3.08,259.84,-44.3734,-24.641,0.823028,1014.44
673124,-3.39072,23.3764,-3.2329,-5.32,2.17,282.38,-46.0063,-22.2969,1.6453,1014.44
673130,-4.22764,23.8977,-3.82114,-20.09,9.52,305.27,-46.7797,-21.9786,0.978977,1014.41
673136,-5.01674,24.2659,-2.70684,-25.55,8.33,331.73,-48.0688,-20.2423,0.86556,1014.41
673142,-5.11239,26.2936,-2.42946,-36.68,18.76,361.83,-48.8136,-17.8403,1.78707,1014.45
673148,-7.934,25.4232,-0.530846,-42.77,11.27,389.83,-50.1887,-17.4352,-0.0134229,1014.45
673154,-7.79053,25.4519,0.769966,-43.47,8.54,417.34,-50.8475,-16.1329,-0.0843086,1014.42
673160,-7.95791,26.1884,-0.334768,-50.82,9.59,446.95,-51.7356,-12.2551,1.36176,1014.42
673166,-7.69488,25.9445,-0.196078,-53.69,7.07,475.23,-53.0533,-10.9529,1.21999,1014.43
673172,-4.85892,25.5906,-0.693448,-55.65,10.01,507.85,-54.6862,-8.98504,-0.693926,1014.43
673178,-4.39981,22.9316,-1.05213,-49.7,22.4,517.51,-55.1445,-5.19404,0.397714,1014.43
673184,0.636059,16.5615,4.3759,0.91,6.51,505.05,-55.2305,-1.98182,0.582017,1014.43
673190,-0.33955,31.693,-2.85509,-21.56,51.8,516.67,-57.2357,-0.737449,-2.08329,1014.43
673196,-5.72453,24.7441,-1.57341,-36.75,50.89,521.36,-57.0352,2.70628,-1.24683,1014.44
673202,-0.344333,13.7685,5.43281,35.35,40.6,511.77,-56.2617,6.64197,-0.141017,1014.44
673208,-1.56384,25.6193,-2.59206,46.34,53.97,508.27,-56.5769,8.32043,-1.16177,1014.41
673214,-2.89813,31.3773,-6.8484,19.11,86.59,501.97,-57.4076,11.0986,-1.2043,1014.41
673220,-6.25538,24.6437,-6.1693,9.1,87.92,483.35,-55.9753,13.7899,-2.55113,1014.42
673226,-7.60402,23.7685,-8.24008,-12.53,109.62,468.86,-56.2904,16.0471,-2.11164,1014.42
673232,-10.3061,7.02535,-9.53132,-28.14,136.57,426.3,-56.2617,18.3912,-3.85543,1014.38
673238,-10.5691,-2.52032,-11.0665,-56,150.78,358.12,-54.4284,20.4748,-4.19568,1014.38
673244,-14.2802,-15.3898,-2.21903,-72.73,87.29,290.5,-54.3424,22.2979,-3.79872,1014.42
673250,11.6451,-24.5481,12.8455,27.09,43.26,115.64,-54.8008,23.3687,-4.81947,1014.42
673256,10.5882,-4.22764,-1.10952,14,65.66,-7.42,-53.8268,23.3108,-5.54251,1014.43
673262,-3.24725,-1.55906,2.98422,42.28,49.28,-111.93,-53.9127,23.5134,-4.43669,1014.43
673268,-8.43615,-0.506934,2.70684,55.44,7.14,-196.42,-55.5169,22.269,-5.55669,1014.43
673274,-12.0803,7.24055,-2.31946,34.16,-21.14,-242.83,-56.1758,20.9667,-6.20883,1014.41
673280,-12.9555,10.6552,-3.56767,2.52,-39.13,-266.91,-55.2305,19.6645,-3.84125,1014.41
673286,-13.2233,11.8412,-3.08465,-20.58,-56.91,-268.94,-55.8034,18.0728,-4.3091,1014.4
673292,-11.5973,11.0426,-2.37685,-34.09,-62.79,-263.62,-56.5769,16.8863,-5.65593,1014.4
673298,-10.3635,9.28264,-2.4725,-41.51,-69.16,-250.67,-56.4336,15.9892,-2.96227,1014.4
673304,-8.55093,5.5428,-2.56815,-37.17,-71.19,-238.14,-55.8893,14.7449,-2.94809,1014.4
673310,-6.82449,1.5208,-2.19512,-22.82,-64.75,-228.76,-56.8633,13.269,-3.34505,1014.39
673316,-4.54806,-0.626494,-3.53419,-3.85,-52.08,-224.35,-56.7774,12.3719,-2.74961,1014.39
673322,-3.8594,-2.91726,-2.77379,24.43,-40.6,-224.21,-56.2904,11.3301,-2.38101,1014.4
673328,-2.88379,-3.50072,-2.85988,51.94,-28.98,-226.03,-57.8659,10.2883,-2.08329,1014.4
673334,-1.83644,-2.94596,-2.86944,81.2,-11.48,-233.1,-57.3217,8.17573,-2.79214,1014.41
673340,-1.65471,-2.1473,-2.63032,105.07,3.22,-243.18,-57.0352,7.39438,-2.74961,1014.41
673346,-2.61597,0.0621712,-2.4725,120.75,10.43,-253.4,-56.7201,7.01818,-1.99822,1014.4
673352,-3.00335,1.3056,-2.11382,131.95,20.37,-268.73,-57.78,4.96351,-2.33847,1014.4
673358,-3.72071,2.82162,-1.86514,133.49,22.54,-282.59,-57.4935,2.93779,-1.8281,1014.4
673364,-5.24629,4.66762,-0.97561,131.88,18.83,-297.57,-56.1185,1.86705,-2.06911,1014.41
673370,-5.77236,6.088,-0.593018,129.29,16.59,-311.99,-57.0639,-0.911083,-2.72126,1014.41
673376,-6.11191,8.13964,-0.554758,118.37,17.08,-322.28,-56.0612,-2.32909,-2.12582,1014.37
673382,-6.31277,8.71353,-0.0765184,105.84,9.17,-328.93,-55.3451,-2.87893,-1.30354,1014.37
673388,-5.96844,9.31612,0.439981,98.14,5.6,-334.67,-55.918,-5.45449,-3.07569,1014.36
673394,-5.53802,9.63654,0.411286,91.07,-1.61,-337.61,-55.431,-7.79854,-2.52278,1014.36
673400,-4.28503,9.31612,0.674318,87.43,-0.84,-338.66,-53.7695,-8.57989,0.0716399,1014.37
673406,-3.13725,9.31133,0.942133,90.23,-1.26,-340.06,-52.6523,-10.432,-1.10506,1014.37
673412,-2.31946,9.70827,1.06169,96.25,1.96,-339.64,-52.6809,-12.8339,-2.49442,1014.36
673418,-1.06169,10.2535,1.27212,103.74,6.65,-339.92,-51.134,-14.3677,-1.57291,1014.36
673424,-0.382592,10.966,1.16212,111.93,14,-341.81,-51.1913,-15.3516,-0.835697,1014.36
673430,0.301291,11.4969,1.38211,118.86,21.28,-344.12,-50.4178,-18.3323,-0.552154,1014.36
673436,0.884744,12.8264,1.39168,123.69,28.35,-348.04,-48.9282,-19.8082,-0.864051,1014.36
673442,0.884744,14.089,1.74558,125.3,32.69,-352.87,-47.0662,-20.6185,-0.382029,1014.39
673448,0.679101,15.9876,2.0373,124.25,35.7,-358.12,-46.4646,-23.686,-1.72886,1014.39
673454,0.535629,17.9005,1.86035,114.1,38.43,-360.78,-45.7198,-25.8854,-0.708103,1014.39
673460,-0.894309,20.0383,2.16643,98.84,32.55,-358.54,-43.9151,-25.6828,0.241766,1014.39
673466,-0.707795,20.6934,2.09947,83.37,30.73,-353.29,-42.9411,-27.3323,0.993154,1014.39
673472,-0.779531,21.2195,1.87948,65.87,28.84,-344.26,-41.165,-30.0236,-1.06253,1014.39
673478,-0.483022,20.88,2.27642,54.25,25.41,-330.82,-39.7613,-30.6892,0.255943,1014.41
673484,0.516499,20.4113,2.43902,49.84,29.4,-317.66,-38.3576,-30.7182,0.624548,1014.41
673490,1.33907,19.2348,2.70684,48.72,30.59,-306.67,-37.4409,-33.2358,0.085817,1014.39
673496,2.10426,18.3692,2.42468,54.25,36.05,-296.17,-36.5529,-33.6699,0.0999942,1014.39
673502,1.15256,18.6705,4.01722,68.88,33.88,-283.36,-35.407,-33.641,0.936446,1014.38
673508,1.76471,19.5744,3.56289,77.84,33.39,-276.64,-33.9174,-36.1587,1.99973,1014.38
673514,1.51124,19.7513,4.16069,89.11,27.37,-272.86,-31.9981,-37.0847,1.48935,1014.38
673520,1.69297,20.3969,4.62936,95.55,16.8,-277.13,-31.3392,-37.2873,2.38251,1014.4
673526,1.17647,21.2099,4.78718,96.32,0.91,-285.88,-29.5631,-38.358,2.7653,1014.4
673532,1.21951,22.7499,5.01674,93.24,-21.49,-296.17,-27.8443,-39.9497,2.43922,1014.41
673538,0.789096,23.845,4.945,83.44,-46.97,-306.53,-26.5839,-39.1973,4.09795,1014.41
673544,0.942133,24.1702,5.35151,75.95,-75.53,-314.72,-24.8364,-40.3259,4.1263,1014.42
673550,4.03635,23.5581,4.94022,64.96,-96.04,-322.91,-23.5187,-42.1201,3.04884,1014.42
673556,5.59541,20.1961,7.92922,71.4,-111.37,-326.34,-21.7426,-42.4963,4.77845,1014.43
673562,8.80918,18.6801,8.93352,90.16,-135.59,-326.55,-20.167,-42.2069,5.68579,1014.43
673568,13.2807,22.1377,6.2219,87.08,-137.13,-324.94,-18.3623,-43.9143,6.33794,1014.42
673574,15.4185,25.5715,3.90722,63.84,-139.44,-317.59,-16.4716,-45.1297,6.94755,1014.42
673580,19.1918,30.1387,-0.387374,24.85,-137.83,-304.64,-15.8127,-43.7985,7.61388,1014.4
673586,22.506,30.3874,-2.77857,-24.15,-128.59,-285.88,-12.4897,-44.8114,7.64223,1014.4
673592,27.7284,26.198,-4.47633,-64.19,-112.77,-261.52,-11.4012,-45.7953,6.28123,1014.41
673598,29.9235,21.9656,-4.43328,-86.38,-102.9,-230.72,-9.9402,-45.3612,6.33794,1014.41
673604,37.0397,12.1282,-1.5495,-72.66,-66.5,-191.31,-9.05215,-45.5928,6.74907,1014.41
673610,38.3548,7.50837,0.545194,-38.64,-42.77,-142.03,-7.56253,-46.1715,5.07617,1014.44
673616,40.5452,3.95026,2.85031,9.73,-16.66,-92.47,-6.5026,-47.2423,6.04022,1014.44
673622,39.9426,3.98852,4.90674,64.89,7.7,-35.84,-7.53388,-45.5059,6.26705,1014.44
673628,37.3936,7.02056,5.31803,100.24,25.06,17.08,-6.41666,-46.6346,7.06097,1014.44
673634,32.1951,12.6925,5.03587,105.98,36.68,55.58,-6.87501,-45.969,7.69894,1014.46
673640,28.6753,15.3802,4.86848,92.47,42.28,88.13,-8.56516,-44.985,8.39362,1014.46
673646,24.5959,18.4027,3.6968,444.99,455.49,208.67,-8.6511,-45.0429,8.36527,1014.5
673652,5.55237,66.6858,-30.4352,-445.97,-304.22,278.81,-9.82561,-46.2005,7.2311,1014.5
673658,39.5983,-20.7317,-15.5332,-223.09,301.56,283.99,-11.5444,-45.0429,5.77085,1014.38
673664,-64.3376,-7.63271,22.1521,-183.05,-24.15,375.41,-13.8361,-44.6956,5.33136,1014.38
673670,-23.0225,-17.6279,30.2104,122.08,-253.96,337.4,-15.383,-44.5799,4.9344,1014.37
673676,9.61741,15.2415,-5.71975,43.19,-63,347.41,-17.5602,-44.0879,5.64326,1014.37
673682,2.34816,18.5844,0.526064,10.36,-48.93,344.68,-19.4222,-42.7278,5.91262,1014.37
673688,-0.0813008,13.8833,3.81157,19.88,-145.46,315.63,-21.1697,-42.3516,5.71414,1014.43
673694,9.18221,19.7991,-7.38881,-47.18,-88.83,316.68,-22.0577,-42.7857,5.75667,1014.43
673700,9.6461,25.1028,-4.51459,-113.82,-37.1,298.48,-24.5786,-40.6153,7.27363,1014.42
673706,3.84505,15.2941,2.57771,-106.19,-58.59,262.36,-25.8677,-40.8178,5.50149,1014.42
673712,3.16595,12.3434,2.5538,-86.52,-69.72,244.72,-26.7844,-41.1072,4.80681,1014.4
673718,4.25634,12.2621,0.961262,-87.64,-21.42,243.46,-28.1308,-39.8629,5.1187,1014.4
673724,1.56384,9.54567,1.02822,-78.68,-52.22,247.45,-28.9329,-37.6635,5.89845,1014.42
673730,23.3955,3.8307,4.00765,-50.19,-100.87,106.61,-29.6491,-38.7921,5.06199,1014.42
673736,12.6255,13.5007,-3.62506,-69.44,-58.94,79.52,-29.9642,-38.0397,4.60833,1014.45
673742,3.76853,11.406,-0.315638,-93.31,-45.08,72.45,-29.9642,-37.0847,4.11212,1014.45
673748,3.12291,3.92157,9.58871,-53.97,-29.82,53.69,-30.8236,-37.8082,3.54504,1014.42
673754,4.04591,4.06026,5.30368,-3.99,-24.99,39.13,-30.623,-38.1555,3.84276,1014.42
673760,5.27499,8.84266,1.96557,-17.36,7.77,30.73,-30.709,-36.6796,4.42402,1014.42
673766,-0.808226,6.13104,4.52893,8.96,0.56,27.02,-31.2819,-37.0558,4.29643,1014.42
673772,0.789096,8.58441,2.70684,15.82,-5.18,21.07,-31.2819,-37.403,3.40327,1014.42
673778,2.70684,10.0622,-0.253467,6.3,6.93,14.21,-30.8809,-36.9111,3.68681,1014.44
673784,0.726925,9.53132,0.439981,7.21,0.77,8.19,-31.8262,-36.9979,4.49491,1014.44
673790,0.674318,10.067,0.0669536,4.27,7,6.23,-31.597,-37.8661,3.33238,1014.41
673796,0.0573888,9.5648,1.16212,6.79,6.23,4.69,-31.2819,-36.9111,3.72934,1014.41
673802,1.13343,9.4835,1.34385,8.54,10.43,0.07,-31.11,-35.9561,4.66503,1014.4
673808,-0.463893,9.93304,0.999522,11.69,7.63,-0.63,-31.683,-36.9979,3.88529,1014.4
673814,-0.263032,10.3491,0.621712,8.75,6.79,0.42,-31.8835,-37.4899,3.00631,1014.43
673820,-0.793878,10.7126,0.406504,5.53,4.97,1.26,-31.8548,-36.3034,4.21137,1014.43
673826,-0.526064,10.6074,0.306074,3.92,5.39,1.96,-31.7976,-36.5638,2.83618,1014.43
673832,-0.444763,10.4639,0.444763,0.7,5.25,2.52,-31.5684,-37.9239,4.40985,1014.43
673838,-0.5978,10.2774,0.822573,1.82,3.29,3.43,-31.1387,-37.403,4.05542,1014.41
673844,-0.645624,10.5643,0.73649,0.14,4.48,5.6,-31.3679,-36.5059,4.63668,1014.41
673850,-0.301291,10.7078,0.301291,-3.01,5.74,6.23,-30.9382,-37.6924,3.71517,1014.41
673856,-0.392157,10.2104,0.81779,-4.27,4.48,7.42,-31.3106,-37.432,3.85694,1014.44
673862,-0.487805,10.1148,0.688666,-5.18,3.29,6.72,-31.5397,-36.0719,5.37389,1014.44
673868,0.0430416,9.90435,0.650406,-5.25,4.62,6.65,-31.5397,-37.1137,4.2539,1014.48
673874,-0.573888,9.98565,0.93735,-6.09,2.03,6.16,-31.1387,-37.7214,4.49491,1014.48
673880,-0.0621712,9.74175,0.889526,-4.27,3.57,5.6,-31.6543,-36.3323,4.66503,1014.43
673886,-0.554758,10.0478,0.746054,-4.69,0.42,5.67,-31.1387,-37.1715,4.45238,1014.43
673892,-0.483022,9.91392,0.808226,-5.6,-0.07,5.95,-32.084,-37.7503,4.29643,1014.44
673898,-0.569106,9.99522,0.636059,-5.81,-2.73,6.58,-32.2559,-36.8243,3.71517,1014.44
673904,-0.253467,9.95696,0.554758,-7.84,-2.8,5.74,-32.1986,-36.477,4.28225,1014.48
673910,-0.172166,9.76088,0.69823,-8.82,-4.34,5.74,-32.6283,-38.5027,1.91467,1014.48
673916,-0.0143472,9.68436,0.746054,-7.7,-3.29,5.95,-32.5997,-37.2584,3.72934,1014.44
673922,-0.511717,10.043,0.344333,-9.03,-4.83,5.53,-32.4851,-36.0429,4.48073,1014.44
673928,-0.49737,10.2104,0.344333,-10.43,-4.9,7.14,-32.1127,-37.6924,3.60175,1014.44
673934,-0.363462,10.3156,0.124342,-13.86,-5.88,7.77,-31.7403,-37.7214,3.98453,1014.46
673940,-0.0669536,10.0574,0.296509,-15.54,-4.97,7.35,-32.4564,-36.6217,4.49491,1014.46
673946,-0.0430416,10.0239,0.530846,-17.64,-5.46,8.4,-32.3132,-37.1715,3.87111,1014.45
673952,-0.25825,10.33,0.243902,-20.37,-4.62,9.1,-32.2559,-36.8821,2.87871,1014.45
673958,-0.181731,9.92826,0.549976,-20.23,-5.46,8.12,-32.3418,-36.4191,5.77085,1014.45
673964,0.023912,9.77044,0.803443,-21.42,-3.92,9.66,-32.4278,-36.6796,3.80023,1014.45
673970,-0.109995,10.2104,0.57867,-20.79,-2.59,10.5,-32.2845,-37.1715,2.08479,1014.46
673976,0.172166,10.2248,0.172166,-23.03,0,10.22,-31.8262,-36.4191,4.22554,1014.46
673982,-0.200861,10.0526,0.808226,-24.64,0.14,12.32,-32.2559,-35.1169,4.38149,1014.47
673988,-0.162602,10.0526,0.93735,-24.29,1.47,14.21,-31.7976,-36.7374,2.56682,1014.47
673994,-0.296509,10.2152,0.444763,-28,0.07,13.93,-32.8002,-36.6796,2.39669,1014.43
674000,-0.0382592,9.6748,1.17169,-25.55,1.47,16.17,-31.9694,-35.5799,2.62353,1014.43
674006,-0.363462,10,1.23386,-25.27,1.75,16.38,-32.0554,-36.4481,3.04884,1014.48
674012,0.0765184,9.78479,1.06648,-25.69,3.22,16.59,-32.4278,-37.3162,1.88631,1014.48
674018,-0.593018,10.4687,1.15256,-27.3,1.82,19.32,-32.8288,-35.7825,2.52429,1014.48
674024,-0.071736,11.1143,0.45911,-30.73,7.91,21,-32.8861,-35.3484,2.29745,1014.43
674030,-0.296509,10.5882,0.621712,-33.88,7,21.91,-33.459,-36.5059,2.35416,1014.43
674036,-0.33955,10.1243,1.52559,-34.58,5.74,23.24,-32.8002,-36.1587,2.55264,1014.44
674042,-0.143472,9.82305,1.41559,-31.57,6.37,22.47,-33.058,-34.7696,1.1491,1014.44
674048,-0.11956,9.3735,1.75036,-29.89,5.74,24.92,-33.459,-36.014,1.65948,1014.45
674054,0.492587,9.36394,1.62602,-29.12,6.65,24.36,-33.5736,-36.7664,1.92885,1014.45
674060,0.172166,9.60784,1.60689,-29.61,6.09,23.87,-33.3158,-34.4513,2.58099,1014.42
674066,0.210426,9.68914,1.42037,-30.24,4.97,24.43,-33.3731,-35.4641,1.19163,1014.42
674072,0.636059,9.51219,1.1143,-32.97,7,22.75,-33.6882,-36.014,0.695434,1014.44
674078,-0.468675,10.5882,1.37255,-32.41,6.09,25.34,-33.8028,-35.2326,1.44682,1014.44
674084,0.267814,10.7078,0.382592,-33.46,7.56,25.76,-33.2012,-34.5381,1.78707,1014.43
674090,0.655189,10.4687,0.511717,-37.1,13.16,25.34,-33.5736,-36.2744,0.823028,1014.43
674096,-0.095648,10.966,0.69823,-40.11,12.04,28.98,-34.3471,-34.7696,0.0716399,1014.43
674102,0.47824,10.6217,1.1143,-37.59,16.1,30.24,-34.1466,-34.3355,1.06404,1014.46
674108,-5.42802,13.7111,7.59445,-29.26,5.81,44.87,-34.433,-35.4063,-1.10506,1014.46
674114,-5.92539,13.6681,6.69058,-9.03,-14.63,60.2,-33.6023,-35.059,-0.296966,1014.45
674120,-0.707795,12.7307,1.17169,-16.24,-8.26,64.89,-34.4617,-34.104,0.737966,1014.45
674126,-0.755619,11.6451,2.30512,-12.11,-3.15,72.17,-34.7481,-34.5092,1.60277,1014.46
674132,-2.41989,12.4438,3.96461,-6.72,-9.8,80.5,-35.3497,-35.0879,-1.74303,1014.46
674138,-2.00861,12.9699,3.30942,-3.71,-10.01,87.92,-35.3497,-33.5252,0.709611,1014.44
674144,-2.07556,12.5203,3.84983,-0.14,-12.88,96.81,-36.2664,-32.4545,0.185057,1014.44
674150,-2.0373,11.913,4.61502,8.12,-17.15,105.35,-36.8393,-33.7857,-0.608863,1014.45
674156,-1.6308,12.286,4.06504,13.93,-18.97,112.28,-36.7534,-32.9754,0.0149313,1014.45
674162,-1.44907,12.0756,4.01243,18.76,-19.39,119.77,-38.2144,-31.8178,0.993154,1014.45
674168,-1.76471,11.7647,4.55285,27.09,-23.1,127.82,-38.7587,-31.8757,1.23417,1014.45
674174,-1.56863,11.8795,4.74414,34.02,-25.97,133.77,-39.2457,-31.731,0.454423,1014.45
674180,-1.62602,12.7021,4.08417,42.35,-28,142.1,-39.1597,-30.3419,2.12733,1014.47
674186,-1.34385,13.1612,2.81205,49.49,-26.6,152.18,-40.2769,-29.7632,1.56024,1014.47
674192,-0.774749,14.1033,0.640842,47.39,-22.68,161,-41.4228,-30.6603,0.76632,1014.44
674198,1.31994,13.6824,-0.970827,48.86,-9.45,169.96,-41.1363,-28.5767,2.24074,1014.44
674204,-0.526064,15.3945,0.473458,48.09,-4.76,180.74,-42.8265,-27.1587,3.28985,1014.43
674210,-3.30464,17.6805,1.61167,46.48,-4.2,197.75,-43.0843,-28.0847,1.80125,1014.43
674216,-3.1516,18.7709,1.09517,39.69,-6.37,214.2,-43.2848,-26.4931,2.53846,1014.46
674222,-2.67814,18.8427,0.234338,32.41,-2.59,232.68,-44.0583,-24.7857,2.97795,1014.46
674228,-2.76423,17.7379,-0.569106,28.98,-2.87,249.06,-45.3187,-24.7857,2.85036,1014.45
674234,-2.41033,18.8761,-0.526064,26.88,-0.91,263.69,-46.3214,-23.5413,1.61695,1014.45
674240,-4.02678,21.626,-1.84122,15.33,6.65,287.07,-46.6651,-21.4866,3.34656,1014.43
674246,-5.40411,22.2477,-1.25299,6.09,6.23,310.31,-47.8396,-20.6474,2.82201,1014.43
674252,-5.43281,23.6872,0.569106,2.31,1.89,335.37,-49.7303,-19.8082,2.2691,1014.42
674258,-5.79149,24.9737,-0.0430416,-7.63,12.53,364.84,-49.9595,-17.1458,2.85036,1014.42
674264,-8.10139,23.5868,1.23386,-13.65,0.35,386.75,-50.5038,-15.178,2.82201,1014.42
674270,-8.25442,23.9885,1.64515,-17.22,-4.62,416.78,-52.509,-14.3387,2.39669,1014.46
674276,-6.82449,23.2472,1.66428,-17.29,-11.62,443.87,-52.1366,-11.4738,1.1491,1014.46
674282,-5.08847,25.8967,2.62076,-21.91,-10.01,464.59,-53.6835,-8.40626,3.00631,1014.46
674288,-7.71401,27.6566,1.62123,-48.3,-4.62,488.11,-54.6575,-6.38054,2.35416,1014.46
674294,-9.1296,21.999,2.63988,-38.85,-25.69,501.76,-55.6888,-4.35481,3.16226,1014.42
674300,0.784314,15.2606,6.27451,31.78,-27.37,508.69,-56.0612,-0.679571,4.19719,1014.42
674306,-0.913438,24.5385,-2.9077,4.55,10.08,514.22,-56.7487,0.969947,2.85036,1014.4
674312,-3.9407,18.3262,4.73458,7.91,8.26,516.04,-57.2071,4.24004,1.61695,1014.4
674318,-2.42946,16.5328,4.87327,37.94,-5.74,511,-57.1784,6.49728,2.93542,1014.42
674324,-0.655189,28.0727,-1.48733,32.34,4.76,506.17,-56.8347,9.96995,2.70859,1014.42
674330,-1.7121,29.5791,-1.12865,14.7,14.28,501.76,-57.2357,12.0246,3.16226,1014.38
674336,-4.99761,26.8101,-2.49641,8.26,20.86,483.14,-57.0639,14.4265,3.2615,1014.38
674342,-7.64706,23.5868,-3.6681,1.12,22.12,448.14,-55.918,16.8574,3.60175,1014.38
674348,-8.24964,21.2769,-8.54137,-36.4,49.84,430.36,-56.4909,18.8831,2.28327,1014.41
674354,-13.9837,2.33381,-10.2056,-45.85,71.61,393.05,-56.2617,21.8349,1.97138,1014.41
674360,-15.4854,-2.14252,-14.2659,-94.15,65.94,347.06,-54.4857,23.5712,2.56682,1014.44
674366,-4.99283,-16.1645,-1.47776,-38.78,9.73,227.99,-54.5143,25.5101,2.19821,1014.44
674372,17.6901,-8.89526,-0.172166,-9.8,48.51,74.97,-54.7435,26.0889,1.80125,1014.43
674378,6.92492,3.15638,-4.43328,-18.76,65.1,-45.36,-54.0273,25.0182,2.08479,1014.43
674384,-1.12386,-0.205643,2.37207,8.19,49.21,-149.38,-54.1992,25.2497,2.02809,1014.4
674390,-4.80631,3.37637,-0.0765184,6.16,33.95,-220.22,-55.8034,24.3526,1.1491,1014.4
674396,-9.2396,10.0191,-3.97896,-18.97,25.48,-263.76,-55.0586,23.3687,1.03569,1014.43
674402,-9.84218,11.846,-4.63893,-52.5,20.65,-285.81,-54.5716,22.24,0.993154,1014.43
674408,-9.56002,11.6738,-3.54854,-70.91,21.28,-291.76,-55.7175,20.3011,0.511131,1014.41
674414,-9.52176,8.41224,-1.24821,-75.74,16.59,-290.22,-56.4909,18.8542,0.284297,1014.41
674420,-8.59876,8.02487,-2.33859,-80.92,20.86,-285.32,-56.5196,17.5809,0.794674,1014.41
674426,-7.35533,3.51028,-1.99426,-75.53,27.72,-278.81,-57.0352,16.0761,1.09239,1014.38
674432,-6.59493,0.607365,-1.8747,-58.66,30.38,-275.45,-57.5508,13.9346,0.879737,1014.38
674438,-5.978,-1.34385,-1.74079,-37.17,39.2,-278.11,-56.2904,13.0375,1.43265,1014.42
674444,-5.69584,-2.67336,-1.42994,-11.76,41.72,-276.29,-56.319,12.0246,0.440246,1014.42
674450,-5.37064,-2.52989,-1.20038,15.54,45.5,-283.08,-56.892,10.0568,-0.679749,1014.42
674456,-4.92587,-1.77427,-0.970827,41.44,46.13,-291.69,-57.2071,8.95709,-0.849874,1014.42
674462,-5.33238,-0.57867,-1.04735,57.96,44.31,-299.88,-56.7487,7.56802,0.142526,1014.43
674468,-5.59541,1.77905,-1.42037,67.06,40.39,-314.16,-57.379,5.16609,-0.296966,1014.43
674474,-6.06408,3.03204,-1.11908,72.45,35.07,-326.34,-57.0925,2.87991,-1.00582,1014.43
674480,-6.54711,4.23242,-0.932568,72.94,27.16,-336.77,-55.8607,1.83811,-0.339497,1014.43
674486,-6.43711,6.04017,-1.0856,68.04,19.11,-349.93,-56.892,-0.100794,-1.48785,1014.38
674492,-6.32233,6.32712,-0.636059,65.1,12.25,-360.43,-56.1472,-3.02362,-3.43011,1014.38
674498,-6.29364,7.03491,-0.731707,62.02,4.83,-370.3,-54.9154,-4.00755,-2.1967,1014.39
674504,-5.99713,7.05882,-0.73649,60.55,-1.33,-380.8,-54.8008,-5.8307,-1.37443,1014.39
674510,-5.67193,7.10665,-0.774749,62.37,-3.43,-390.04,-54.8581,-8.63777,-0.72228,1014.39
674516,-5.32759,7.52272,-0.774749,66.01,-6.72,-397.95,-53.6549,-10.0558,-1.65797,1014.37
674522,-4.66284,7.98183,-0.784314,72.87,-4.62,-404.81,-52.5377,-11.0686,-0.778989,1014.37
674528,-4.3759,9.82783,-1.18604,77.84,-2.17,-407.05,-51.4778,-14.3677,-0.382029,1014.35
674534,-4.07939,11.6356,-1.66906,78.19,0.98,-407.12,-50.9335,-17.1169,0.255943,1014.35
674540,-3.05595,13.4768,-1.6834,77.49,9.87,-403.83,-49.3293,-17.4641,0.553663,1014.35
674546,-2.57771,14.6246,-1.67862,74.97,17.99,-396.9,-47.7824,-19.2005,1.17746,1014.35
674552,-1.74558,15.7819,-1.79818,70.91,28.07,-390.25,-47.0948,-22.0365,0.341006,1014.37
674558,-0.808226,17.2788,-1.41559,66.57,39.83,-378.35,-45.9203,-23.5124,0.227588,1014.37
674564,-0.851267,18.3453,-0.712578,64.89,48.93,-360.64,-44.2875,-25.3645,0.752143,1014.36
674570,-0.875179,19.8517,0.234338,59.92,52.43,-343.14,-43.4854,-27.9111,0.312651,1014.36
674576,-0.444763,19.4787,1.45863,62.58,56.28,-320.88,-42.1103,-28.7214,-0.750634,1014.36
674582,-0.35868,19.7083,2.31946,67.2,53.76,-303.1,-39.5035,-29.0397,0.837206,1014.36
674588,0.191296,18.8905,3.88331,76.79,48.02,-295.68,-39.7327,-31.4995,0.227588,1014.36
674594,0.841702,18.2975,4.52893,87.64,40.25,-300.65,-37.9566,-32.6571,-0.169371,1014.37
674600,0.186514,18.1062,5.46628,102.2,33.11,-313.74,-36.5242,-32.1651,1.21999,1014.37
674606,-0.0143472,19.5935,5.09804,114.59,18.76,-329.7,-35.5789,-34.6249,1.33341,1014.36
674612,-0.224773,23.7446,4.2946,108.99,7.91,-346.36,-33.6023,-36.6506,0.879737,1014.36
674618,-0.186514,26.5662,3.2616,97.51,-6.58,-357.98,-32.3418,-36.6217,1.78707,1014.37
674624,0.889526,29.3592,2.16164,75.53,-15.4,-364.7,-30.8236,-37.895,2.87871,1014.37
674630,3.46246,29.5887,1.99426,55.86,-24.5,-371.49,-28.761,-40.1233,2.77947,1014.39
674636,4.79197,28.001,1.57819,43.05,-32.34,-381.78,-26.813,-39.7471,3.33238,1014.39
674642,6.44189,23.7733,1.62123,43.05,-40.74,-393.26,-25.0656,-40.3548,3.89947,1014.4
674648,6.93448,22.5108,1.08082,46.76,-51.17,-403.06,-22.8312,-42.2937,3.89947,1014.4
674654,7.61358,22.2429,0.636059,52.71,-57.68,-405.37,-19.5941,-43.2487,3.58757,1014.45
674660,8.59397,22.9746,-0.196078,56.98,-59.99,-397.46,-19.1358,-42.9014,3.91365,1014.45
674666,9.41176,22.1616,1.28647,67.13,-58.31,-376.18,-16.3284,-44.5799,4.7501,1014.45
674672,12.6877,22.2955,2.0373,81.2,-59.29,-348.25,-14.094,-46.0558,4.9344,1014.44
674678,16.901,24.352,0.927786,78.26,-43.96,-321.02,-13.4924,-45.3323,5.9268,1014.44
674684,20.3061,26.4323,0.310856,65.38,-34.02,-292.04,-10.8282,-45.0719,6.05439,1014.46
674690,23.0942,27.0875,-0.549976,40.53,-25.34,-261.31,-9.02351,-46.9818,6.62148,1014.46
674696,26.1263,26.3988,-1.28168,13.93,-13.16,-232.26,-7.27606,-46.7503,5.6149,1014.46
674702,29.6652,23.0607,-1.3869,-8.4,-6.44,-194.25,-6.67448,-45.3902,6.15363,1014.46
674708,33.6394,19.1822,-0.215208,-13.3,8.89,-151.34,-6.07291,-47.7921,5.69997,1014.42
674714,38.814,12.6686,3.3955,2.87,20.02,-111.3,-5.35674,-46.8661,7.25945,1014.42
674720,41.4299,10.5356,4.73458,31.22,35.49,-65.8,-5.58591,-46.2294,6.18199,1014.5
674726,42.6112,10.22,4.88283,54.6,56.63,-21.63,-4.58328,-46.5767,7.58553,1014.5
674732,38.6944,11.999,5.13152,68.67,67.2,15.12,-4.32546,-46.9818,6.18199,1014.42
674738,34.8493,14.0746,4.75849,67.48,74.55,50.12,-4.35411,-45.8243,7.51464,1014.42
674744,24.5768,22.2429,4.09852,171.08,209.37,100.03,-5.32809,-45.7664,7.86907,1014.45
674750,-37.714,147.704,43.0751,-319.69,-184.03,319.76,-6.33072,-46.6056,7.7273,1014.45
674756,50.8034,-15.3898,-5.7054,-314.23,90.44,278.53,-8.42193,-45.6506,5.28883,1014.45
674762,-43.0273,-12.922,10.0335,-292.04,132.16,356.58,-10.6277,-45.1008,5.27465,1014.41
674768,-47.0397,-27.3936,27.5179,42.28,-241.43,371.35,-12.2033,-45.8532,3.82858,1014.41
674774,0.416069,11.2434,7.05404,51.66,-125.79,353.5,-13.9221,-45.5638,4.45238,1014.47
674780,3.03682,12.6303,-5.16499,20.16,-45.64,371.77,-16.1852,-43.8564,5.34554,1014.47
674786,-2.16643,11.0378,9.61262,63.98,-145.25,352.87,-17.9039,-43.567,5.303,1014.4
674792,6.54232,13.7829,3.33333,52.71,-170.94,316.4,-19.1644,-44.3194,5.54402,1014.4
674798,13.3668,17.1162,-1.95122,-4.41,-74.48,317.94,-22.4588,-42.0043,6.36629,1014.41
674804,12.7164,23.5485,-0.23912,-33.11,-29.47,297.92,-23.4614,-40.8468,5.67161,1014.41
674810,6.75753,22.8073,-8.38833,-90.51,-33.6,262.43,-24.6073,-41.9465,5.48731,1014.4
674816,4.1846,10.593,2.23338,-81.27,-31.85,230.58,-25.2948,-40.0944,5.23212,1014.4
674822,3.41463,7.69966,7.03969,-44.1,-25.41,218.68,-27.0136,-39.2262,5.33136,1014.41
674828,4.13199,13.9694,1.6834,-32.41,-36.61,200.69,-27.6438,-39.6313,3.10555,1014.41
674834,19.8996,10.8465,3.59636,-35.42,-82.95,91.63,-28.5318,-39.3709,4.73592,1014.41
674840,16.461,10.813,-3.31899,-21,-9.8,59.99,-29.5058,-37.6056,6.43718,1014.43
674846,-1.67862,13.9455,-3.07987,-44.38,-26.46,59.36,-28.6178,-38.6474,5.75667,1014.43
674852,-2.46294,11.0139,1.70732,-55.58,-31.15,69.3,-29.7923,-39.2551,5.62908,1014.41
674858,1.92252,5.64801,5.07413,-23.1,-37.59,54.39,-30.3366,-37.8371,5.38807,1014.41
674864,4.06026,7.61836,2.33381,-16.87,-18.76,45.78,-29.735,-37.7503,5.54402,1014.45
674870,5.03587,7.31229,2.20469,-11.97,6.44,33.04,-30.0788,-38.8789,4.83516,1014.45
674876,0.272597,7.84314,3.31899,13.3,-10.22,23.24,-30.3079,-38.358,5.33136,1014.44
674882,1.17647,11.0043,-0.61693,-2.38,-7.56,15.26,-30.9954,-36.7664,5.78503,1014.44
674888,1.16691,10.0813,-0.373027,-11.69,-0.28,13.23,-30.136,-38.2712,5.64326,1014.41
674894,0.349115,8.89048,0.879962,1.75,4.34,10.5,-30.7376,-37.9529,4.38149,1014.41
674900,1.25299,9.73697,0.731707,-4.48,-6.58,5.18,-30.3366,-37.2584,5.58655,1014.46
674906,0.870397,9.45481,2.29077,-4.76,6.3,5.18,-30.2793,-38.3291,4.48073,1014.46
674912,-1.43472,9.94261,1.42037,7,2.45,5.81,-30.0788,-37.9529,4.83516,1014.38
674918,-2.29555,11.8604,-0.487805,1.54,0.14,9.1,-30.6803,-37.5767,5.94098,1014.38
674924,-0.626494,11.1765,-0.176949,-7.77,3.15,13.72,-30.6517,-37.4609,5.10453,1014.38
674930,-1.59732,10.5691,0.942133,-6.37,-0.77,15.05,-30.5085,-39.0526,4.63668,1014.41
674936,-0.0621712,9.77044,1.03778,-3.78,4.69,15.96,-30.5371,-36.6217,5.28883,1014.41
674942,-1.72166,10.1052,1.61167,-2.87,-8.26,18.48,-30.9095,-37.403,5.54402,1014.43
674948,0.712578,10.4878,0.908656,-6.86,3.85,17.22,-31.11,-37.5188,4.65086,1014.43
674954,-0.210426,9.96174,0.659971,-4.34,0.77,14.98,-31.4824,-38.387,4.52326,1014.42
674960,0.205643,10.3109,0.61693,-9.45,4.69,16.17,-30.3939,-36.9111,5.38807,1014.42
674966,-0.0047824,9.98087,0.69823,-10.43,1.54,13.86,-31.4824,-37.5477,5.7425,1014.44
674972,0.468675,9.16786,1.41081,-6.72,6.44,11.41,-31.2246,-38.3291,4.16883,1014.44
674978,-0.0334768,9.21568,1.46341,-6.3,3.08,9.94,-32.2272,-36.6506,5.1187,1014.46
674984,0.210426,9.1296,1.42516,-2.45,2.87,7.56,-31.9981,-35.8114,5.13288,1014.46
674990,0.473458,9.5935,0.789096,-3.22,5.25,5.46,-31.2533,-37.7214,3.77187,1014.4
674996,0,9.44046,1.01865,-3.29,3.36,4.13,-31.5684,-36.7374,4.50909,1014.4
675002,-0.0191296,9.58393,1.0043,-1.89,1.89,1.96,-32.2272,-36.1876,4.6225,1014.4
675008,0.143472,9.51219,0.803443,-1.33,2.73,1.26,-31.2819,-38.1555,3.53086,1014.42
675014,-0.248685,10.0191,0.564323,-4.41,0.91,1.54,-31.597,-37.3741,3.80023,1014.42
675020,-0.473458,9.89479,0.674318,-4.27,-0.49,0.98,-31.196,-36.3902,4.60833,1014.44
675026,-0.506934,10.373,0.382592,-7.49,-3.92,2.31,-30.6803,-37.4609,4.65086,1014.44
675032,-0.554758,10.4017,0.23912,-10.85,-4.27,3.15,-31.6543,-37.5477,4.11212,1014.41
675038,-0.693448,10.3156,0.253467,-12.6,-8.26,3.36,-31.5684,-36.5059,5.41642,1014.41
675044,-0.492587,10.1913,0.23912,-15.82,-11.55,4.62,-31.597,-36.6506,4.31061,1014.43
675050,-0.25825,10.1769,0.454328,-18.06,-12.04,5.67,-31.9408,-38.5895,3.6301,1014.43
675056,-0.148254,9.9187,0.659971,-18.97,-11.48,5.11,-31.2246,-37.5188,4.31061,1014.44
675062,-0.0095648,10,0.583453,-19.25,-10.92,6.86,-32.0554,-36.0719,4.46655,1014.44
675068,0.0430416,10.2822,0.47824,-20.58,-6.02,7.35,-31.9121,-37.3741,2.82201,1014.45
675074,-0.181731,10.1769,0.645624,-21.28,-4.83,8.47,-31.5397,-37.7214,3.43162,1014.45
675080,-0.10043,10.1196,0.755619,-23.31,-2.24,9.66,-32.3132,-35.8114,5.31718,1014.45
675086,-0.0573888,9.67958,1.12865,-22.19,-2.52,9.73,-32.3132,-37.0558,3.37491,1014.45
675092,-0.0047824,9.69871,1.23386,-23.03,-2.52,10.5,-31.5397,-37.0847,3.00631,1014.45
675098,0.425634,9.2109,1.65949,-17.5,2.94,10.99,-32.1413,-36.6217,3.78605,1014.44
675104,-1.0043,10.7269,0.540411,-23.31,-3.15,11.62,-32.6283,-36.5928,3.58757,1014.44
675110,0.315638,10.0526,0.353898,-24.01,0.7,11.9,-31.7403,-37.2294,3.02049,1014.43
675116,-0.23912,9.49785,1.6834,-21.28,4.55,13.16,-32.3418,-36.5349,2.83618,1014.43
675122,-0.449546,9.49785,1.58297,-19.46,0.63,12.32,-32.6856,-35.9561,2.87871,1014.46
675128,-0.0095648,10.1626,1.31516,-20.44,3.99,14.28,-31.7689,-37.5767,3.50251,1014.46
675134,-0.521282,10.3969,1.20038,-21.42,4.27,16.03,-32.1413,-36.7085,3.11973,1014.48
675140,-0.411286,10.0909,1.41081,-22.54,3.08,17.29,-32.8575,-35.6957,2.85036,1014.48
675146,-0.416069,10.8178,0.631277,-24.71,3.85,20.37,-32.084,-36.1876,2.46758,1014.44
675152,-0.47824,10.66,0.583453,-27.79,2.87,21.49,-32.6569,-36.8821,2.58099,1014.44
675158,-0.200861,10.5978,0.769966,-30.66,4.06,24.08,-32.1986,-36.3323,1.90049,1014.45
675164,-0.153037,10.2535,1.40124,-32.62,5.04,25.27,-33.0294,-35.985,2.4534,1014.45
675170,-0.291726,9.77523,1.78862,-33.88,2.8,26.74,-33.0294,-36.7664,2.16986,1014.45
675176,-0.846485,10.9087,1.60689,-32.48,2.73,25.97,-32.7142,-35.9561,1.90049,1014.45
675182,-0.162602,10.4639,1.59732,-30.03,8.12,27.93,-33.8315,-35.03,1.81543,1014.45
675188,-0.669536,10.9182,1.42037,-31.36,5.53,31.57,-33.7169,-35.985,1.48935,1014.45
675194,-0.530846,11.1,1.76949,-32.69,5.04,31.71,-32.7715,-36.2165,1.98555,1014.45
675200,-0.153037,10.5165,1.99904,-31.99,7.49,34.16,-34.0893,-35.2037,1.70201,1014.42
675206,-0.554758,10,2.94118,-27.51,5.95,36.54,-34.5476,-35.7825,1.03569,1014.42
675212,-0.741272,10.3013,2.56337,-22.82,4.27,39.62,-34.032,-36.0719,1.99973,1014.44
675218,-3.67767,11.3056,7.43185,-7.56,-2.52,48.93,-34.7768,-34.8564,2.04226,1014.44
675224,-3.28551,11.7934,4.73458,3.15,-16.52,58.38,-34.8054,-35.059,2.24074,1014.42
675230,-0.253467,11.7886,1.31038,-1.54,-11.06,64.68,-35.6075,-36.1587,1.51771,1014.42
675236,-1.4682,12.3099,2.48207,1.89,-11.55,71.4,-35.2065,-34.4223,1.1491,1014.48
675242,-1.7121,13.032,2.69727,6.86,-10.29,79.38,-35.1492,-33.5542,1.80125,1014.48
675248,-1.87948,13.9455,1.76949,4.27,-10.15,90.02,-36.2664,-33.8436,1.41847,1014.48
675254,-1.94644,13.5868,2.7164,3.78,-12.95,98.28,-36.4096,-34.3934,1.26252,1014.44
675260,-1.6308,12.4964,3.6968,9.8,-13.58,106.68,-36.4096,-32.7149,1.33341,1014.44
675266,-1.56384,12.329,3.77331,16.59,-15.47,115.29,-37.269,-32.8018,1.20581,1014.42
675272,-1.66906,12.5251,3.80201,21.42,-16.38,122.64,-37.6701,-32.223,0.794674,1014.42
675278,-2.2812,12.9077,4.34242,26.18,-20.37,131.88,-38.1284,-31.3837,1.71619,1014.42
675284,-2.13773,13.0751,4.3472,35.07,-23.45,141.75,-38.5295,-30.8339,1.82961,1014.42
675290,-1.56384,13.9407,3.11812,42,-21.56,150.92,-39.3603,-31.0944,1.37594,1014.48
675296,-1.34385,13.8546,1.40603,45.43,-19.25,162.54,-39.6181,-30.313,2.12733,1014.48
675302,-0.21999,14.505,-0.25825,43.47,-12.11,171.99,-40.6207,-28.895,3.07719,1014.46
675308,-0.985174,15.1267,0.47824,43.82,-3.85,182.35,-41.652,-29.0686,2.48175,1014.46
675314,-1.74558,15.8632,1.1143,48.3,-0.98,198.03,-42.5114,-28.432,3.06302,1014.47
675320,-3.50072,18.9813,1.75036,39.9,-4.41,213.36,-42.9697,-26.7246,3.4458,1014.47
675326,-3.3429,19.3305,1.5495,35,-6.09,229.74,-44.0583,-27.1297,4.01289,1014.47
675332,-2.52511,19.3639,-0.93735,31.57,-1.82,248.08,-44.6026,-25.7117,3.1339,1014.41
675338,-3.29029,20.2104,-1.42037,23.38,-0.77,267.89,-45.3474,-23.686,4.9344,1014.41
675344,-3.87853,21.7264,-2.10904,12.18,3.08,288.82,-46.837,-21.6603,4.35314,1014.39
675350,-4.27547,23.6777,-2.71162,5.53,9.8,313.6,-47.7824,-22.76,4.33896,1014.39
675356,-5.58584,25.0024,-3.01291,-6.79,11.48,343.49,-48.0688,-19.9239,4.73592,1014.45
675362,-4.79197,26.791,-1.04735,-11.55,13.72,367.92,-49.4152,-17.4641,4.36731,1014.45
675368,-8.1779,24.1798,-0.325203,-18.34,21,400.82,-50.5038,-17.3484,3.04884,1014.46
675374,-9.43568,24.2994,3.75418,-10.29,-3.29,428.68,-52.108,-14.8886,3.20479,1014.46
675380,-5.69584,27.7714,0.774749,-24.29,-0.56,455.56,-52.108,-12.1683,4.46655,1014.43
675386,-5.60497,29.4118,0.392157,-43.33,7.28,482.51,-53.2538,-9.94002,4.6225,1014.43
675392,-9.10091,24.395,-0.449546,-59.92,9.52,505.12,-54.3424,-7.01719,3.36074,1014.41
675398,-5.53802,15.0789,3.40029,-11.41,-18.55,510.3,-54.7435,-4.47057,4.72174,1014.41
675404,0.511717,23.6777,-0.822573,29.4,21.77,523.81,-55.918,-1.72137,3.33238,1014.4
675410,-4.01722,25.2559,-4.39503,2.8,31.85,528.22,-56.9206,0.246473,3.04884,1014.4
675416,-3.92157,18.7948,3.61071,29.89,28.63,533.75,-56.9493,4.15323,3.70099,1014.4
675422,0.636059,17.6423,1.77905,60.48,44.94,524.65,-56.9779,6.69985,3.78605,1014.42
675428,-0.583453,21.7934,-0.45911,72.45,45.15,515.41,-57.9805,9.01496,2.16986,1014.42
675434,-0.545194,28.3022,-3.37159,69.65,70.56,504.7,-57.4076,11.5326,2.83618,1014.44
675440,-4.98326,28.374,-5.39455,39.69,78.12,478.24,-56.4336,14.7449,2.7653,1014.44
675446,-8.18747,24.902,-6.39407,26.81,97.02,455.7,-57.4935,16.0182,2.12733,1014.42
675452,-10.0239,11.8986,-10.1722,-2.45,122.57,415.8,-57.1211,18.8253,1.33341,1014.42
675458,-14.1655,4.59589,-14.3998,-51.73,137.83,362.6,-54.8581,20.851,1.53189,1014.4
675464,-12.8216,-9.4022,-7.04448,-83.02,90.86,319.13,-54.5143,23.1371,1.04986,1014.4
675470,13.1994,-23.0894,10.44,8.4,79.45,167.23,-55.2305,24.642,-1.64379,1014.36
675476,6.27929,-0.0908656,-2.92205,5.74,104.86,32.69,-53.5403,24.4973,-1.37443,1014.36
675482,-0.746054,-1.64993,1.82209,36.82,94.08,-73.43,-53.1966,24.8445,-1.92734,1014.41
675488,-4.71545,-2.96031,2.6638,59.78,67.2,-159.53,-55.5169,24.2079,-3.13239,1014.41
675494,-10.1243,3.14204,-1.06648,48.23,37.8,-225.89,-54.8008,23.1371,-2.65037,1014.41
675500,-12.8264,8.09182,-3.04161,25.13,12.39,-262.22,-54.8581,21.5744,-2.60784,1014.45
675506,-12.769,11.0617,-2.32903,-5.11,-2.94,-276.5,-55.8607,20.388,-2.86303,1014.45
675512,-12.7164,11.3343,-1.53515,-29.82,-21.91,-280.14,-56.2904,18.8542,-3.64277,1014.42
675518,-11.7121,10.0622,-0.798661,-39.97,-34.51,-275.59,-56.319,17.3204,-1.28937,1014.42
675524,-10.4639,6.59493,-0.746054,-38.57,-45.01,-270.34,-55.5456,16.7127,-1.65797,1014.42
675530,-9.08656,4.92109,-1.50646,-38.5,-46.2,-265.51,-57.9805,13.9056,-1.36025,1014.42
675536,-7.26447,2.30033,-1.65471,-32.41,-44.94,-261.94,-56.9779,12.6323,-0.963291,1014.38
675542,-6.20277,1.07126,-1.57341,-19.6,-44.73,-262.08,-56.405,11.7931,-0.736457,1014.38
675548,-4.51937,0.315638,-2.08991,-7.49,-35.91,-263.34,-57.5508,9.99889,-1.04835,1014.39
675554,-3.73505,0.0191296,-1.9034,7.07,-29.26,-265.93,-57.0066,8.95709,-1.61544,1014.39
675560,-3.1516,-0.114778,-1.81731,26.74,-20.44,-274.12,-56.5482,8.43618,0.440246,1014.4
675566,-2.19512,0.286944,-1.91774,39.34,-11.34,-284.9,-57.0925,6.81561,-1.75721,1014.4
675572,-1.93209,0.511717,-1.67862,52.64,-0.98,-299.74,-56.6914,4.18216,-1.74303,1014.4
675578,-2.51554,2.1473,-1.73123,61.74,5.32,-317.66,-56.405,3.37188,-0.240257,1014.45
675584,-3.5055,3.53419,-1.72645,60.34,10.22,-334.32,-55.918,1.40403,-0.452914,1014.45
675590,-3.88809,4.55763,-1.51124,62.09,14.56,-348.46,-56.9779,-1.25835,-0.934937,1014.4
675596,-4.58632,6.03539,-1.41081,61.25,15.12,-361.9,-56.1472,-2.18439,-0.62304,1014.4
675602,-4.88761,6.71449,-0.966045,57.33,14.98,-371.7,-55.1159,-3.77603,-0.62304,1014.39
675608,-4.9737,6.83405,-0.545194,56.56,14.84,-380.24,-55.2018,-6.66993,-0.934937,1014.39
675614,-5.03587,6.96317,-0.645624,55.86,13.65,-388.01,-53.5976,-8.63777,-0.0843086,1014.39
675620,-5.1889,6.89144,-0.109995,60.55,15.4,-392.07,-52.6523,-9.91108,0.737966,1014.39
675626,-5.42324,7.34577,0.095648,67.76,13.44,-393.96,-52.595,-12.7471,0.341006,1014.37
675632,-5.61454,8.39789,0.0621712,75.46,12.11,-393.4,-51.8502,-15.5252,-1.54455,1014.37
675638,-5.45672,9.77523,0.349115,83.86,10.57,-388.43,-50.0454,-16.3355,-0.0701315,1014.37
675644,-5.04065,11.076,-0.0765184,89.67,11.48,-382.41,-49.0428,-17.551,0.454423,1014.37
675650,-4.37111,13.2664,-0.0286944,92.68,11.34,-375.13,-48.2407,-21.4866,0.241766,1014.4
675656,-3.40985,14.8876,0.0286944,93.24,12.67,-364.42,-47.4959,-22.1812,0.4686,1014.4
675662,-2.89335,17.0158,-0.564323,86.94,17.22,-351.82,-46.0349,-23.5992,0.341006,1014.4
675668,-1.71688,18.6753,0.511717,80.08,20.51,-337.89,-45.0609,-26.4931,-0.296966,1014.38
675674,-1.50167,19.9187,0.961262,73.85,18.76,-321.79,-44.0296,-26.4352,0.709611,1014.38
675680,0.884744,20.5978,1.49211,65.66,25.76,-309.4,-42.3108,-26.8982,1.21999,1014.38
675686,1.02343,19.8613,2.41033,64.96,24.85,-303.45,-41.1077,-29.9947,1.70201,1014.38
675692,1.64036,19.4452,2.85031,66.22,25.9,-301.91,-41.0218,-31.2101,1.23417,1014.38
675698,1.50646,19.3161,3.4768,69.16,25.48,-306.18,-38.4722,-30.4577,1.99973,1014.38
675704,1.5495,19.0292,4.27547,74.41,21.84,-314.02,-37.8993,-32.7439,1.68783,1014.4
675710,1.09039,20.3778,4.82066,81.55,18.9,-325.5,-35.6075,-34.6249,1.75872,1014.4
675716,1.38211,22.0899,4.35677,86.52,10.22,-334.46,-33.8315,-34.8854,1.36176,1014.38
675722,2.30512,24.8876,3.3955,79.87,6.58,-341.46,-33.2012,-35.6378,2.31163,1014.38
675728,2.39598,25.6432,3.08465,70.98,-6.44,-352.8,-31.196,-37.6924,2.22657,1014.39
675734,3.13725,25.428,3.04639,61.53,-19.95,-366.52,-29.7063,-38.7053,2.41087,1014.39
675740,3.5055,23.8881,3.51985,58.03,-35.14,-380.31,-27.5292,-37.9239,4.38149,1014.39
675746,3.8594,22.812,3.54376,55.65,-51.94,-390.88,-25.8964,-40.8757,4.15466,1014.4
675752,5.27021,20.2391,5.29412,65.8,-61.46,-389.9,-24.9224,-42.1201,4.2539,1014.4
675758,6.76231,20.4926,5.58584,79.24,-72.38,-381.92,-22.6593,-41.2809,5.75667,1014.43
675764,10.8417,23.1899,4.7824,83.65,-70.14,-365.89,-20.253,-41.9465,4.82098,1014.43
675770,12.7834,24.615,4.61023,81.41,-67.2,-345.52,-18.5055,-45.477,5.88427,1014.44
675776,14.8828,26.0354,4.09373,71.61,-62.72,-325.36,-16.3284,-44.2905,5.303,1014.44
675782,17.604,27.824,1.99426,46.2,-59.71,-301.49,-15.3544,-44.1748,7.61388,1014.45
675788,19.6078,28.1157,0.349115,12.04,-54.04,-275.1,-12.633,-46.2005,7.06097,1014.45
675794,22.4438,26.7862,-1.88427,-18.2,-52.99,-248.64,-12.2033,-45.6217,6.7916,1014.45
675800,26.8197,23.5294,-2.82162,-38.08,-32.83,-214.9,-11.0574,-45.3034,6.74907,1014.45
675806,29.4978,20.5021,-2.99856,-47.53,-14.56,-174.44,-9.05215,-46.3741,6.52224,1014.47
675812,33.4338,14.6628,-1.32472,-37.52,1.33,-134.68,-8.2214,-47.358,7.06097,1014.47
675818,36.6427,10.55,0.746054,-6.79,28,-88.41,-8.33599,-46.2873,6.55059,1014.47
675824,39.3926,6.19321,4.08895,37.38,49.35,-43.96,-7.96358,-45.8243,6.32376,1014.43
675830,39.9856,6.30799,5.1076,73.01,68.25,-10.71,-7.24742,-46.9239,5.65743,1014.43
675836,36.2076,11.3486,4.80631,100.66,94.64,21.49,-7.61982,-46.3452,6.19617,1014.47
675842,-2.38164,94.5337,31.8986,53.2,17.29,234.92,-9.05215,-45.7085,8.06755,1014.47
675848,40.1052,52.3003,-15.7676,-157.22,63.21,265.65,-9.53914,-46.5188,7.16021,1014.47
675854,8.76614,19.2683,22.8312,-263.62,17.43,344.89,-11.659,-46.0558,5.72832,1014.47
675860,-2.75944,-18.2783,11.3869,-110.74,-22.89,337.96,-14.4377,-45.0429,6.18199,1014.43
675866,-13.4577,-3.32855,16.3462,-69.16,-80.43,359.31,-15.0106,-44.7535,4.22554,1014.43
675872,-2.63032,6.6858,4.24677,9.45,-67.34,343.14,-16.7294,-44.6956,4.99111,1014.42
675878,-7.95313,19.3783,1.17647,-3.01,-98.98,334.18,-18.5342,-43.0751,5.77085,1014.42
675884,-0.999522,16.0689,4.20851,-12.53,-132.79,310.03,-21.3702,-42.3805,4.89187,1014.43
675890,3.25681,13.3046,6.99187,-2.38,-129.78,295.05,-22.0577,-42.9883,4.99111,1014.43
675896,12.7116,19.8278,-2.27642,-32.2,-105.84,263.9,-23.0317,-41.6571,4.80681,1014.41
675902,12.1186,18.6848,-3.3142,-71.12,-25.55,264.53,-25.0942,-40.7889,5.82756,1014.41
675908,5.8154,14.725,1.28168,-62.79,-30.59,242.13,-26.2688,-40.9625,4.15466,1014.41
675914,3.53898,13.8498,-0.573888,-76.3,-9.03,224.98,-27.2141,-40.8757,3.84276,1014.39
675920,3.92635,9.17264,5.45672,-28.07,-77.98,203.49,-28.3313,-39.1973,4.16883,1014.39
675926,17.9531,6.31755,-6.13104,19.81,-13.37,89.11,-28.7897,-39.313,4.06959,1014.43
675932,8.57484,16.4419,-2.85031,-39.48,-26.11,47.95,-29.1048,-39.5445,3.54504,1014.43
675938,-1.97513,13.6442,0.516499,-59.22,-10.78,63.35,-29.248,-37.8082,3.70099,1014.42
675944,-2.89335,6.72884,5.01674,-33.25,-21.42,58.94,-29.6204,-38.6474,3.77187,1014.42
675950,-2.15208,7.22142,3.80679,-7.07,-40.81,54.81,-29.3626,-39.1683,4.1263,1014.43
675956,4.21329,10.2774,-2.05165,-26.88,-8.89,50.33,-29.7923,-37.9239,3.20479,1014.43
675962,2.44381,7.50359,1.17169,-21.7,-6.16,37.8,-30.4225,-38.0108,4.90604,1014.43
675968,2.5538,7.00622,3.85461,3.99,-15.12,24.08,-30.222,-39.0526,3.68681,1014.43
675974,2.32425,10.2726,0.368245,-9.17,-7,15.96,-30.1074,-37.8661,2.73694,1014.42
675980,0.368245,10.0287,0.272597,-5.74,-3.64,12.53,-30.7663,-36.8243,4.38149,1014.42
675986,-1.50646,10.7987,-0.167384,-7.21,-16.45,13.93,-30.3366,-38.1265,3.89947,1014.42
675992,1.21951,9.53132,-0.234338,-13.65,-2.45,5.88,-30.5944,-38.5895,3.48833,1014.43
675998,-0.865614,9.38785,1.97991,-11.34,-10.78,8.47,-30.5371,-37.2873,3.09137,1014.43
676004,0.368245,9.4835,2.53945,-3.43,-1.4,10.57,-31.2246,-38.387,4.42402,1014.44
676010,-1.6021,10.3204,1.42994,-3.99,-3.15,10.22,-31.0527,-38.8211,3.47415,1014.44
676016,-1.01865,9.95218,1.35342,-2.31,-2.87,14.35,-30.623,-37.8082,4.42402,1014.43
676022,0.0095648,9.80392,1.14778,-0.63,4.97,14.14,-31.0241,-37.3741,4.40985,1014.43
676028,-0.645624,10.3874,0.746054,-3.64,1.75,12.6,-30.9382,-38.0686,3.40327,1014.42
676034,-0.650406,10.1722,1.07604,-2.38,1.54,15.68,-31.1673,-38.1844,3.98453,1014.42
676040,-0.10043,10.9708,0.0191296,-6.93,-0.28,13.65,-30.623,-37.3741,4.04124,1014.44
676046,-0.0860832,10.3395,0.71736,-9.52,0.14,14.21,-30.9095,-37.6635,3.48833,1014.44
676052,-0.473458,9.86131,0.798661,-7.98,-1.54,14.63,-31.4251,-37.403,3.68681,1014.44
676058,-0.425634,10.0526,1.22429,-7.63,-2.1,10.15,-31.4538,-36.6217,3.84276,1014.44
676064,0.516499,9.2922,1.28647,-5.32,3.08,11.76,-32.2845,-38.6474,3.07719,1014.44
676070,-0.640842,9.74653,1.34385,-5.81,-1.82,9.8,-31.5397,-38.5895,3.77187,1014.42
676076,0.282162,9.5935,1.03778,-3.71,2.8,6.58,-31.5111,-37.2294,4.01289,1014.42
676082,-0.196078,9.5935,1.1956,-4.69,2.24,7.77,-31.0527,-37.0847,4.60833,1014.42
676088,-0.0286944,9.52654,1.13343,-4.41,2.94,6.3,-31.196,-37.5767,3.67263,1014.42
676094,0.023912,9.52176,1.08082,-3.36,2.38,3.92,-31.4824,-38.2133,3.28985,1014.42
676100,-0.272597,9.82305,0.69823,-3.43,1.33,4.97,-31.7116,-36.477,4.29643,1014.42
676106,-0.229555,10.0574,0.526064,-6.23,0.77,4.55,-32.17,-37.3452,3.20479,1014.4
676112,-0.602582,10.5308,0.167384,-10.08,-2.1,5.11,-32.4564,-38.2133,3.48833,1014.4
676118,-0.521282,10.4974,0.234338,-13.37,-3.36,6.65,-31.683,-36.8532,3.64428,1014.43
676124,-0.607365,10.5739,0.263032,-15.96,-5.04,7.49,-31.7976,-36.7374,2.73694,1014.43
676130,-0.162602,10.5165,0.133907,-19.95,-5.18,7.49,-31.8835,-38.5027,2.29745,1014.42
676136,-0.306074,10.4878,0.521282,-19.95,-5.18,10.5,-31.2819,-37.5477,2.70859,1014.42
676142,-0.172166,11.2769,-0.229555,-25.06,0.14,11.69,-31.6543,-36.8243,2.9496,1014.38
676148,-0.0047824,10.5643,0.176949,-29.33,3.29,13.02,-31.9694,-38.4738,1.81543,1014.38
676154,-0.435198,9.43089,1.69775,-25.62,-0.14,13.09,-32.1413,-36.9979,2.46758,1014.38
676160,0.286944,9.7561,1.02343,-24.22,3.64,13.58,-32.7429,-36.3323,1.92885,1014.43
676166,-0.253467,10.5404,0.741272,-28.35,3.29,14.42,-32.3132,-37.0268,1.34758,1014.43
676172,0.157819,9.17264,1.53037,-25.06,3.78,13.58,-32.084,-37.4899,2.46758,1014.46
676178,-0.11956,9.55045,1.37733,-26.39,2.24,12.67,-31.7976,-36.1297,2.65188,1014.46
676184,0.0765184,9.2922,1.53993,-24.5,2.87,13.02,-32.1127,-36.7953,2.32581,1014.41
676190,-0.248685,9.49306,1.6021,-23.73,0.42,11.69,-32.7142,-37.3452,1.06404,1014.41
676196,-0.0430416,9.46915,1.40603,-23.1,0.42,12.25,-32.9434,-37.0268,2.02809,1014.45
676202,-0.334768,9.96174,1.23864,-23.94,0.42,13.86,-32.0554,-35.8114,2.58099,1014.45
676208,-0.373027,10.2439,1.06169,-23.87,1.4,14.21,-32.3418,-37.2005,1.17746,1014.46
676214,-0.368245,10.5882,0.93735,-26.81,2.24,16.73,-32.8002,-37.3162,1.43265,1014.46
676220,-0.186514,10.4543,0.923003,-29.47,3.01,19.25,-31.9694,-35.8403,2.59517,1014.46
676226,-0.396939,11.1143,0.832138,-30.38,5.25,20.23,-32.7429,-36.6217,2.31163,1014.46
676232,-0.286944,10.7126,0.784314,-35.21,4.97,22.26,-32.1986,-37.1426,0.737966,1014.46
676238,-0.325203,10.2248,1.3056,-35.84,4.62,23.24,-33.7455,-35.9561,1.51771,1014.47
676244,-0.0908656,10.3061,1.29125,-34.72,6.58,23.31,-33.2012,-35.7246,0.0999942,1014.47
676250,0.129125,10.153,1.28168,-37.52,7.84,23.94,-33.545,-37.432,-0.580509,1014.48
676256,-0.0430416,9.57915,1.91774,-35.77,6.09,24.36,-33.2299,-35.5799,-0.32532,1014.48
676262,0.425634,9.11047,2.01339,-34.09,7.42,22.96,-34.6622,-36.014,-0.42456,1014.45
676268,0.0765184,9.43089,2.04687,-34.37,5.32,23.17,-33.459,-36.2744,-0.42456,1014.45
676274,0.454328,8.57963,2.49163,-29.12,7.21,22.61,-33.459,-35.8693,-0.197726,1014.47
676280,-0.253467,9.09134,2.3099,-26.39,4.48,24.36,-33.1439,-35.2037,0.298474,1014.47
676286,-0.167384,9.61262,2.86944,-21.14,6.37,26.46,-33.5163,-35.2037,-0.0134229,1014.5
676292,-1.88427,11.0569,3.93592,-15.82,-0.35,32.97,-33.3731,-35.1458,-1.30354,1014.5
676298,-1.54472,10.3395,4.21808,-9.8,-6.09,37.87,-33.9174,-35.4063,0.596194,1014.45
676304,-0.798661,10.6648,2.80249,-7.14,-9.17,41.09,-35.5216,-34.596,-0.0701315,1014.45
676310,-0.545194,10.8991,2.85031,-2.31,-8.96,45.36,-34.5763,-35.7246,-2.05493,1014.48
676316,-1.14299,11.3869,2.85031,-0.77,-11.34,49.49,-34.6622,-34.6538,-0.849874,1014.48
676322,-0.760402,11.5925,2.3099,1.33,-10.5,55.09,-35.407,-34.1329,0.0149313,1014.48
676328,-0.329986,11.5351,2.2812,2.73,-8.33,59.08,-35.2351,-35.4063,-0.12684,1014.46
676334,-1.00909,12.0134,2.19512,2.03,-10.36,64.89,-35.5789,-34.7696,-0.311143,1014.46
676340,-0.989957,12.4008,2.09469,2.66,-9.31,71.89,-35.5216,-32.9465,0.213411,1014.44
676346,-1.41081,12.8599,2.04687,3.78,-9.38,79.73,-35.5789,-34.2776,-0.32532,1014.44
676352,-1.53515,13.5677,2.08991,3.78,-9.24,89.25,-36.4669,-34.2487,-0.353674,1014.46
676358,-1.37255,14.1224,1.61167,2.87,-7.56,99.05,-36.5815,-32.6571,-0.0984858,1014.46
676364,-1.50167,14.065,1.84601,1.54,-6.79,108.64,-37.4982,-33.2648,-0.92076,1014.43
676370,-1.77905,13.912,2.72119,0.21,-7.28,116.9,-37.9852,-32.9754,-1.13342,1014.43
676376,-2.04687,13.3812,3.37159,1.19,-10.15,126.7,-38.243,-32.4834,0.496954,1014.41
676382,-1.84601,12.1999,4.63415,8.54,-13.79,134.4,-38.6154,-31.4995,1.07822,1014.41
676388,-1.72166,11.1,5.51889,17.5,-18.62,140.84,-39.6467,-31.4416,-0.339497,1014.47
676394,-1.57341,11.186,5.20803,28,-22.89,146.72,-39.9905,-30.313,0.86556,1014.47
676400,-0.827355,11.3917,3.36203,38.43,-21.7,154.56,-40.5061,-28.6635,1.65948,1014.47
676406,0.047824,12.1377,1.84122,41.79,-18.48,161.7,-41.3942,-28.7793,0.0574628,1014.44
676412,-0.636059,14.6868,2.29077,43.26,-14.42,169.61,-42.5114,-29.387,1.02151,1014.44
676418,-1.89861,15.3706,2.1186,45.78,-9.31,182.84,-43.027,-27.3323,1.84378,1014.45
676424,-2.989,15.9015,3.05595,47.46,-14.7,196.07,-43.0557,-26.8114,0.978977,1014.45
676430,-2.9077,18.8092,1.64993,43.12,-14.84,213.64,-44.5166,-26.7825,0.426068,1014.44
676436,-3.12769,19.8948,0.846485,36.05,-11.55,232.61,-44.6026,-24.2648,1.44682,1014.44
676442,-4.03156,21.5399,-0.186514,29.26,-14.42,249.55,-46.4073,-23.7728,2.42505,1014.46
676448,-4.61502,22.2238,-1.86514,12.88,-13.16,274.68,-47.2381,-24.1201,1.02151,1014.46
676454,-3.9407,22.5251,-3.45768,-0.21,-9.31,296.38,-47.4959,-22.3259,2.21239,1014.43
676460,-3.5868,22.6781,-5.39933,-9.24,5.04,320.95,-48.1261,-19.9818,1.88631,1014.43
676466,-3.61549,24.4333,-4.35677,-23.38,6.51,343.77,-49.5584,-18.94,1.90049,1014.41
676472,-4.72501,27.8623,-5.55237,-45.99,17.43,374.08,-50.8189,-17.059,1.19163,1014.41
676478,-5.5715,26.9584,-3.18508,-54.32,21.91,401.31,-51.9075,-14.9465,2.42505,1014.41
676484,-8.42659,26.681,0.463893,-61.74,14.49,432.04,-52.4231,-13.3259,1.20581,1014.44
676490,-8.00096,28.0918,-0.0908656,-67.62,11.97,464.8,-53.6549,-12.0236,0.56784,1014.44
676496,-6.901,27.7953,0.683883,-66.29,9.8,490.28,-53.9414,-8.14581,1.00733,1014.43
676502,-5.43759,24.132,-1.83644,-80.92,24.71,511.21,-54.944,-5.71494,0.922268,1014.43
676508,-1.22908,13.6681,2.01817,-20.37,-9.38,509.39,-56.0612,-3.37089,0.4686,1014.44
676514,3.37159,23.8929,-3.46246,8.75,39.69,520.03,-56.7487,-0.158672,0.993154,1014.44
676520,-0.879962,22.9938,-4.62458,-11.69,54.95,524.02,-56.6341,3.11143,0.936446,1014.43
676526,-0.172166,14.4476,1.033,36.82,63.84,511.7,-57.1784,5.60017,0.0291085,1014.43
676532,-0.129125,24.5815,-0.588235,53.06,61.04,505.12,-57.8087,7.71271,-2.36683,1014.41
676538,-0.879962,33.6346,-6.91535,14,80.57,500.08,-56.6914,12.1114,-0.396206,1014.41
676544,-3.78288,32.7403,-8.0966,-26.53,101.92,492.24,-56.9493,13.6162,-1.16177,1014.41
676550,-7.02535,25.5285,-7.3362,-38.99,111.37,472.22,-57.1498,15.5552,-2.3243,1014.41
676556,-8.8857,7.44141,-14.2898,-57.47,133.07,415.17,-56.2904,19.433,-1.98405,1014.38
676562,-6.85318,-0.803443,-13.7877,-85.96,150.15,332.22,-54.9726,20.9378,-2.59366,1014.38
676568,-10.9804,-6.44668,-12.396,-127.33,158.06,286.93,-55.5742,22.0085,-3.33087,1014.38
676574,1.16212,-26.1932,11.516,-37.52,58.73,169.4,-54.9154,23.4265,-3.94049,1014.4
676580,15.868,-16.8914,5.43281,48.58,102.41,22.82,-53.6263,24.1789,-4.90454,1014.4
676586,-1.25299,1.07126,-3.01769,51.38,110.18,-62.16,-54.3711,23.7738,-4.72023,1014.38
676592,-5.95887,-3.03204,3.30942,96.11,81.27,-141.54,-54.457,23.0214,-5.84023,1014.38
676598,-9.90913,1.62602,0.889526,98.21,46.06,-197.96,-54.1132,21.8349,-5.01795,1014.42
676604,-12.4964,9.57915,-3.46724,71.82,26.6,-224.21,-54.0846,20.7931,-6.19466,1014.42
676610,-14.2755,11.6547,-3.17551,42.98,-0.7,-236.46,-55.8893,18.7674,-6.57744,1014.41
676616,-12.9747,11.076,-1.26255,25.41,-20.93,-240.1,-55.0013,18.2175,-5.59922,1014.41
676622,-12.0373,9.82783,-0.994739,15.05,-35.98,-239.4,-55.0013,17.2626,-5.03213,1014.39
676628,-10.7317,7.91965,-1.24821,4.48,-50.82,-237.44,-57.1784,15.4973,-6.2939,1014.39
676634,-9.87566,5.978,-1.16212,0.63,-61.11,-237.09,-56.319,14.3687,-5.62757,1014.41
676640,-9.0483,3.29986,-0.798661,3.71,-69.37,-237.93,-55.1445,13.4426,-4.8053,1014.41
676646,-6.86274,3.27116,-2.20947,5.53,-66.85,-243.32,-56.6055,11.5905,-4.3091,1014.41
676652,-5.41368,1.57819,-2.21425,13.51,-63.63,-249.06,-57.5222,10.1146,-4.87618,1014.41
676658,-4.24199,0.267814,-1.75036,29.19,-59.15,-259.42,-56.806,9.96995,-3.07569,1014.41
676664,-3.30942,0.368245,-2.06121,39.2,-50.47,-271.67,-55.8893,7.04712,-3.35923,1014.42
676670,-2.67336,0.282162,-2.066,52.01,-39.9,-285.25,-57.3217,5.97638,-3.33087,1014.42
676676,-2.60163,1.10952,-1.89861,63.63,-31.99,-301,-57.3217,4.76094,-2.33847,1014.4
676682,-2.85031,2.38642,-1.94165,69.72,-22.75,-313.67,-55.918,3.314,-1.99822,1014.4
676688,-3.61549,3.72071,-1.35342,73.57,-15.26,-324.1,-56.806,1.17252,-4.23821,1014.41
676694,-3.89766,4.62936,-1.29125,77.63,-9.73,-334.18,-55.4023,-0.679571,-2.60784,1014.41
676700,-4.51937,5.00239,-0.607365,79.8,-6.93,-342.37,-55.6888,-2.12652,-1.79974,1014.37
676706,-5.11239,5.77714,-0.468675,80.22,-8.47,-349.44,-56.405,-4.41269,-3.43011,1014.37
676712,-5.04543,6.32712,-0.435198,81.2,-5.53,-357.21,-54.8008,-6.64099,-2.77797,1014.36
676718,-5.42802,6.87709,0.0191296,82.6,-6.86,-362.25,-53.8841,-7.13295,-2.0124,1014.36
676724,-5.53324,7.77618,-0.0334768,81.55,-8.19,-366.45,-53.1106,-10.6924,-1.89898,1014.36
676730,-5.57628,8.46007,0.621712,84.7,-8.54,-368.97,-53.082,-12.6024,-1.71468,1014.39
676736,-5.35151,9.4022,0.511717,86.73,-10.36,-369.46,-51.134,-13.5574,-1.87063,1014.39
676742,-4.76805,10.1243,0.45911,92.4,-9.17,-369.32,-51.1913,-14.6571,0.0999942,1014.39
676748,-3.60115,10.4161,0.942133,97.3,-8.12,-376.32,-50.1027,-17.3484,-1.34607,1014.39
676754,-4.11286,12.4295,0.349115,90.23,-9.17,-374.22,-49.5298,-18.7085,-0.878229,1014.38
676760,-3.07987,14.2372,0.659971,89.18,-1.26,-369.88,-47.2094,-20.2423,0.610371,1014.38
676766,-3.16117,15.7676,0.588235,90.44,-2.94,-369.25,-46.7224,-22.9625,0.624548,1014.38
676772,-1.95122,17.867,0.932568,82.53,3.08,-358.47,-45.8917,-25.7985,-0.254434,1014.38
676778,-1.92731,19.0531,1.33907,74.2,3.5,-342.23,-43.8578,-25.6828,0.9648,1014.43
676784,-1.7934,19.9044,1.83644,70.7,2.24,-332.92,-42.1676,-27.5638,0.596194,1014.43
676790,-0.511717,20.263,2.09469,63.35,5.88,-316.12,-42.3681,-29.9657,-0.410383,1014.4
676796,-0.81779,20.0909,2.57293,62.72,2.8,-301.98,-40.6207,-29.387,0.227588,1014.4
676802,-0.0047824,20.1387,2.67336,64.54,5.11,-295.19,-38.4722,-30.1104,1.39011,1014.4
676808,0.047824,20.0143,3.04161,69.58,4.27,-287.21,-38.5581,-32.8596,1.17746,1014.4
676814,0.593018,20.0909,3.13725,73.64,3.15,-290.43,-36.1232,-33.6699,3.16226,1014.4
676820,1.93209,20.3635,2.54902,76.16,5.88,-302.54,-35.8081,-33.5831,2.22657,1014.37
676826,2.19512,20.4208,3.3142,86.1,2.87,-315.56,-34.9773,-36.1876,1.99973,1014.37
676832,2.879,22.066,1.86992,84,6.65,-332.57,-32.571,-37.5188,2.11315,1014.41
676838,2.13773,22.549,2.08513,84.28,2.94,-347.27,-31.3392,-36.94,2.83618,1014.41
676844,2.42468,23.9981,1.93687,81.13,-0.21,-360.64,-29.5631,-38.7053,3.14808,1014.37
676850,2.02296,23.9742,2.56337,79.73,-9.87,-371.91,-28.4745,-40.5863,3.48833,1014.37
676856,2.10904,23.9311,2.94118,78.61,-21,-377.23,-26.0396,-40.7889,2.93542,1014.41
676862,3.62984,22.812,4.14634,78.75,-26.67,-376.04,-23.7192,-40.4416,3.27567,1014.41
676868,4.54328,22.1043,5.61454,87.64,-36.05,-368.62,-21.3702,-43.104,3.91365,1014.45
676874,8.06313,23.8068,5.74366,95.9,-35.7,-356.02,-20.2816,-42.8436,5.07617,1014.45
676880,3.099,58.3501,9.2396,-16.38,-103.74,-325.71,-18.9925,-43.0751,5.34554,1014.42
676886,21.0665,25.9397,8.59876,6.09,-16.66,-306.95,-17.1591,-44.4063,6.36629,1014.42
676892,11.2817,16.2219,5.69106,88.27,-35.98,-279.86,-15.3258,-45.2455,5.77085,1014.42
676898,24.2037,28.5701,-1.21951,-31.57,-21.7,-275.8,-14.7528,-44.3484,6.57895,1014.41
676904,15.4137,27.7331,2.7977,-14,-48.58,-255.15,-12.1173,-45.6217,5.87009,1014.41
676910,27.494,22.0564,-4.25634,-27.37,-15.82,-248.78,-11.0001,-46.7214,5.65743,1014.44
676916,27.2932,20.9756,-3.16595,-41.02,-9.87,-210.21,-10.6277,-45.4481,6.45135,1014.44
676922,33.362,14.9498,0.25825,-8.26,11.62,-165.69,-9.22403,-45.7374,4.83516,1014.41
676928,37.2214,10.5308,2.5012,19.18,34.72,-120.26,-7.59118,-47.1555,5.62908,1014.41
676934,38.1827,4.4285,7.14969,70.63,32.13,-77.21,-7.50524,-46.2005,6.28123,1014.42
676940,40.2535,3.87374,8.70875,116.2,44.66,-44.59,-7.82035,-46.2005,7.04679,1014.42
676946,31.6834,13.7494,9.24438,152.39,76.44,-5.88,-6.90366,-46.6635,6.93338,1014.44
676952,8.48398,85.6576,27.2166,-3.08,-95.9,138.04,-6.5026,-46.4899,6.77743,1014.44
676958,33.4577,67.7236,-0.21999,-235.2,-18.62,238,-9.36726,-45.2744,6.7916,1014.44
676964,9.88522,10.3969,29.1009,-166.39,-96.53,353.64,-10.5131,-45.2744,5.95515,1014.44
676970,8.22095,-10.2009,6.13104,-86.38,-55.72,340.2,-12.06,-46.2005,5.01946,1014.44
676976,-16.1645,4.32329,13.9311,-111.09,-66.57,388.08,-14.4377,-45.0429,4.99111,1014.44
676982,-7.27881,-0.918221,14.1942,4.06,-156.24,371.91,-17.331,-43.567,4.86351,1014.44
676988,-2.03252,24.1989,2.43424,-9.03,-134.47,358.33,-18.6774,-44.551,4.82098,1014.45
676994,3.51028,14.5433,1.97513,-36.61,-122.71,325.43,-19.68,-42.4384,5.27465,1014.45
677000,2.73553,6.63319,13.7207,14.35,-126.91,299.11,-22.4588,-41.5702,5.6149,1014.4
677006,10.2104,19.6987,4.64371,39.48,-125.72,284.48,-22.8025,-41.8018,6.05439,1014.4
677012,13.7255,28.7757,-11.4586,-58.59,-50.75,275.73,-24.1489,-41.0783,5.00529,1014.41
677018,6.86753,18.6227,-6.0593,-139.79,-6.16,269.22,-26.4406,-39.5445,5.89845,1014.41
677024,3.44811,8.73266,5.47585,-97.3,-15.47,244.09,-26.8417,-39.2262,4.69339,1014.4
677030,2.40555,7.77618,7.08752,-64.82,-25.62,221.97,-28.1594,-39.805,3.942,1014.4
677036,26.9201,10.7317,16.528,-32.9,-152.67,64.61,-28.8183,-38.0397,5.34554,1014.41
677042,20.2774,7.83357,-9.47394,-7.7,5.74,55.37,-29.3912,-38.2712,4.77845,1014.41
677048,-2.76901,15.7915,-1.62602,-62.51,-21,52.08,-29.5345,-38.7632,4.16883,1014.4
677054,-2.77857,8.6131,3.77331,-52.78,-19.18,59.85,-29.6204,-37.6635,4.76427,1014.4
677060,-0.425634,7.09708,5.01674,-10.01,-35.84,53.55,-30.3366,-36.9979,4.52326,1014.4
677066,4.39024,9.81827,0.291726,-17.5,-6.02,45.01,-30.7663,-38.2423,3.91365,1014.42
677072,3.29507,7.44141,1.97991,-10.5,5.74,38.08,-30.6803,-38.2133,4.50909,1014.42
677078,0.0334768,7.55141,2.5012,7.49,-10.64,29.75,-30.5371,-36.94,4.67921,1014.45
677084,1.94165,10.703,-0.970827,-4.48,-4.41,25.55,-32.084,-38.2712,3.37491,1014.45
677090,2.7451,8.66571,1.41559,-3.71,4.69,13.58,-30.9668,-38.1265,3.64428,1014.4
677096,0.329986,8.52702,1.4395,1.68,-1.12,9.8,-31.3965,-37.6635,4.42402,1014.4
677102,-0.167384,10.1913,0.282162,3.78,-2.66,6.16,-30.7376,-37.403,4.45238,1014.43
677108,0.516499,10.4543,0.210426,-8.12,2.94,3.43,-31.5684,-38.7053,4.1263,1014.43
677114,-0.392157,9.31612,1.18604,-2.1,-0.98,2.52,-31.0814,-38.4448,4.77845,1014.44
677120,-0.0669536,10.3491,0.860832,-1.47,4.13,2.8,-31.2533,-36.6217,5.23212,1014.44
677126,-1.13343,10.5213,1.61167,-3.15,2.52,5.18,-30.6803,-37.8082,4.04124,1014.43
677132,-0.884744,10.7365,1.25299,-1.05,2.1,9.31,-30.5371,-38.4159,3.43162,1014.43
677138,-1.28168,10.6695,1.02822,-0.91,3.43,12.39,-31.196,-36.969,6.1111,1014.43
677144,-1.28647,10.1626,1.42994,1.33,1.12,13.79,-30.9668,-37.2294,4.01289,1014.45
677150,0.0860832,10.0478,1.4395,1.75,4.76,14.14,-31.2819,-38.6185,3.91365,1014.45
677156,-0.0813008,10.0574,1.00909,0.91,4.97,12.88,-31.2533,-36.9979,4.46655,1014.45
677162,0.114778,10.3587,0.71736,-0.91,7.91,12.46,-31.5397,-37.3162,5.44478,1014.45
677168,-0.49737,9.85174,0.879962,-1.19,2.73,11.97,-30.9668,-38.5027,4.87769,1014.43
677174,-0.224773,10.4543,0.511717,-1.82,3.01,9.03,-31.7403,-38.5895,4.96275,1014.43
677180,-0.373027,9.99043,0.889526,-4.06,-0.07,10.43,-31.3679,-36.2744,5.7425,1014.45
677186,0.205643,9.47872,1.17169,-2.38,1.33,7.91,-31.3679,-38.0108,4.38149,1014.45
677192,0.272597,9.54567,1.06648,-4.48,2.45,3.71,-31.3392,-38.1265,3.87111,1014.43
677198,0.253467,9.20612,1.29125,-2.59,3.29,5.53,-31.3965,-36.8243,4.02706,1014.43
677204,-0.291726,9.84696,1.05213,-0.77,2.24,2.94,-31.7976,-36.9111,4.57997,1014.46
677210,-0.454328,10.1052,0.664754,-2.17,1.05,1.75,-31.1387,-38.0686,4.67921,1014.46
677216,-0.0526064,9.61262,0.927786,-2.45,0.35,3.99,-30.9382,-37.2584,3.92782,1014.46
677222,-0.37781,10.3874,0.229555,-6.65,-1.4,3.01,-31.1673,-37.1137,4.39567,1014.45
677228,-0.33955,10.3395,0.186514,-8.47,-2.45,3.29,-31.9408,-38.1265,3.95618,1014.45
677234,-0.683883,10.263,0.396939,-10.71,-6.93,4.83,-32.0267,-37.8371,4.67921,1014.46
677240,-0.626494,10.4687,0.191296,-14.77,-10.01,4.83,-31.597,-36.3612,4.72174,1014.46
677246,-0.69823,10.4782,0.129125,-17.22,-13.16,5.53,-31.0241,-37.9818,4.73592,1014.41
677252,-0.114778,10.11,0.492587,-19.81,-14.49,6.44,-31.3679,-37.6346,4.69339,1014.41
677258,0.176949,9.95696,0.636059,-20.79,-11.34,5.11,-31.7976,-35.985,4.56579,1014.41
677264,-0.21999,9.89479,1.1143,-20.51,-11.76,6.79,-31.8262,-36.7953,4.06959,1014.41
677270,-0.157819,10.3635,0.813008,-22.05,-7.21,8.89,-31.6257,-37.9818,3.1339,1014.45
677276,0.13869,9.85174,0.760402,-21,-2.73,10.22,-31.9408,-36.6796,4.23972,1014.45
677282,-0.157819,10.0574,1.09995,-19.04,-2.38,12.74,-32.4564,-36.7085,3.942,1014.43
677288,-0.248685,10.7221,0.726925,-24.29,0.77,12.6,-31.8548,-37.9239,2.79365,1014.43
677294,-0.942133,10.3061,1.18125,-25.69,-2.45,13.58,-32.1986,-36.8243,3.71517,1014.44
677300,0.0382592,9.82783,1.10952,-23.38,3.08,14.98,-32.4278,-36.1297,3.91365,1014.44
677306,-0.712578,10.5308,0.884744,-25.34,0.84,16.66,-32.0554,-37.2584,3.54504,1014.44
677312,-0.47824,10.7987,0.487805,-29.26,-1.61,18.13,-32.2845,-38.2423,3.72934,1014.45
677318,0.215208,11.1,0.306074,-33.11,5.67,20.09,-31.9408,-36.1008,4.1263,1014.45
677324,-0.148254,10.8274,0.200861,-39.9,7.49,20.86,-33.6309,-36.7664,2.42505,1014.43
677330,-0.483022,9.89957,1.40124,-38.22,5.95,22.4,-32.8002,-37.2005,2.52429,1014.43
677336,0.10043,9.58393,1.41559,-38.36,6.44,23.59,-33.0007,-35.4063,3.60175,1014.43
677342,-0.325203,9.70827,1.36777,-36.96,6.23,23.73,-33.0007,-35.4931,3.04884,1014.43
677348,0.143472,10.1004,1.01387,-38.92,7.35,24.57,-33.2872,-37.3741,3.16226,1014.43
677354,-0.023912,9.79914,1.40124,-38.08,8.96,26.39,-33.0866,-36.4481,2.79365,1014.43
677360,-0.540411,10.4495,1.42994,-39.97,6.51,26.53,-33.3731,-35.3773,3.36074,1014.45
677366,-0.368245,10.4974,1.38211,-40.67,8.82,28.77,-32.9721,-36.7374,2.16986,1014.45
677372,0.0143472,10.5404,1.22908,-41.44,10.36,30.1,-33.9747,-36.7953,1.04986,1014.48
677378,0.0430416,10.2822,1.72645,-44.03,12.18,31.99,-33.545,-34.6538,2.49593,1014.48
677384,-0.406504,10.1769,1.82209,-42.77,9.38,32.2,-33.5163,-35.6378,0.638726,1014.48
677390,-0.0334768,9.70349,3.65854,-40.46,9.24,34.72,-34.032,-35.985,0.582017,1014.43
677396,-1.32951,9.30177,4.54806,-25.83,5.53,38.92,-34.7768,-35.0011,0.737966,1014.43
677402,-2.33381,11.3486,4.63893,-19.74,-2.38,47.11,-34.4903,-34.8275,0.922268,1014.44
677408,-2.41033,10.7461,4.71066,-7.98,-10.15,54.81,-34.6336,-36.1008,0.383537,1014.44
677414,-0.392157,10.6408,2.69249,-6.3,-10.57,57.05,-34.8914,-35.0011,-0.141017,1014.44
677420,-0.373027,10.7317,2.83118,-1.68,-7.7,61.39,-34.8627,-34.5381,1.80125,1014.44
677426,-0.942133,11.2721,2.91726,-1.47,-11.13,66.01,-35.3497,-35.4352,0.411891,1014.48
677432,-0.612147,11.3391,2.68293,2.8,-9.31,69.58,-35.4357,-34.7117,0.0432857,1014.48
677438,-1.22908,11.7982,2.71162,3.99,-13.09,76.37,-36.7534,-33.1201,1.40429,1014.43
677444,-0.636059,12.4008,2.40076,5.6,-10.57,83.72,-36.7821,-33.7567,1.41847,1014.43
677450,-0.961262,13.3572,2.01339,6.02,-9.73,88.76,-36.5529,-33.7857,0.695434,1014.46
677456,-1.91296,14.4285,1.66428,2.03,-12.18,99.68,-37.5269,-32.4834,0.355183,1014.46
677462,-1.02822,14.3424,1.37733,0,-5.95,107.03,-38.3576,-32.4834,1.74454,1014.43
677468,-2.5825,14.5146,2.28599,-0.07,-13.72,116.2,-38.7587,-33.4095,-0.240257,1014.43
677474,-1.08082,13.2329,2.90292,1.75,-6.44,126.42,-38.5581,-31.4706,0.341006,1014.43
677480,-2.66858,12.396,4.69632,4.48,-19.25,137.83,-39.4175,-30.7471,2.60935,1014.44
677486,-1.83166,12.1569,5.04543,16.17,-21.28,141.89,-40.2483,-30.7182,1.00733,1014.44
677492,-1.09039,11.3439,4.22764,22.82,-17.85,149.03,-40.9645,-31.4706,0.454423,1014.46
677498,-0.894309,11.4634,2.989,29.12,-21.56,157.64,-40.8212,-29.4159,2.02809,1014.46
677504,0.129125,11.6643,3.0703,41.79,-15.33,161.63,-41.7093,-29.7632,1.461,1014.47
677510,-0.899091,14.242,1.5208,48.09,-13.23,175.49,-42.2249,-28.5477,1.44682,1014.47
677516,-1.36298,16.8675,1.11908,43.26,-7.28,190.61,-43.1702,-27.5638,2.07062,1014.45
677522,-3.17551,18.2209,1.82688,44.17,-7.56,203.42,-43.8578,-26.4641,3.30403,1014.45
677528,-3.32855,19.89,1.56863,39.9,-9.66,223.3,-44.9463,-25.7696,2.79365,1014.41
677534,-4.21329,22.6973,-2.07556,25.2,-14,248.01,-45.2614,-24.7567,2.60935,1014.41
677540,-2.88857,24.022,-3.97417,10.15,0.84,267.89,-46.0349,-22.76,2.68023,1014.44
677546,-3.86896,23.7446,-3.48159,-1.47,2.59,295.12,-46.923,-22.4706,1.99973,1014.44
677552,-4.45241,26.1119,-4.34242,-16.31,10.29,322.91,-47.9829,-21.5156,2.19821,1014.44
677558,-5.68627,27.6614,-3.06552,-27.86,14.42,348.25,-48.5845,-18.4481,2.97795,1014.43
677564,-8.52702,26.1406,-0.951698,-38.64,21.49,383.81,-49.673,-17.9561,2.31163,1014.43
677570,-9.88522,24.6341,1.23386,-34.02,1.96,415.73,-51.5637,-16.4802,1.53189,1014.45
677576,-7.61358,27.8288,0.760402,-43.82,8.12,444.01,-52.1939,-12.6892,2.43922,1014.45
677582,-6.99665,26.6427,0.463893,-47.18,4.9,474.88,-53.1106,-11.387,1.7729,1014.41
677588,-7.15925,26.8245,-0.655189,-50.82,7.7,506.31,-54.6575,-9.21655,1.00733,1014.41
677594,-7.70445,26.021,-0.0526064,-60.34,12.39,526.89,-56.0326,-5.94645,1.84378,1014.41
677600,-3.14682,20.3013,3.18508,-17.64,1.26,536.48,-55.1445,-2.7053,0.86556,1014.41
677606,3.59158,18.5318,-2.93639,24.85,41.23,544.18,-57.4076,-1.02684,0.27012,1014.41
677612,-3.7781,22.8933,-3.64419,9.87,52.36,543.83,-56.892,2.33007,1.06404,1014.41
677618,-2.73075,18.1923,2.61119,43.19,55.23,535.22,-56.4623,5.74487,1.31923,1014.42
677624,-1.31516,27.4797,1.48733,62.86,51.45,535.57,-57.5508,8.05998,0.752143,1014.42
677630,-1.22429,32.7355,-4.945,39.9,82.39,533.4,-57.6081,10.2304,-0.296966,1014.42
677636,-7.56576,27.6853,-7.04448,10.71,95.97,521.5,-55.7747,13.9925,-0.169371,1014.42
677642,-9.59828,21.4682,-8.42659,1.61,109.55,495.53,-56.1472,16.3076,0.0716399,1014.42
677648,-9.19656,13.5198,-11.6882,-34.58,132.3,434.42,-56.6055,19.1436,-2.25341,1014.38
677654,-12.0947,2.02774,-11.5543,-69.16,145.46,366.94,-55.832,20.9089,-1.79974,1014.38
677660,-18.637,-3.01291,-11.6451,-95.69,122.78,333.06,-54.3138,22.8767,-2.15417,1014.38
677666,9.28742,-24.2468,13.3668,-23.03,29.47,189,-55.5742,24.3526,-3.40176,1014.38
677672,14.6724,-8.11095,0.33955,-3.01,75.6,34.58,-54.3138,24.3815,-2.84885,1014.38
677678,-0.129125,-1.37255,2.73075,22.82,52.01,-86.03,-53.3111,24.6709,-3.0048,1014.38
677684,-7.45098,-2.04687,2.80249,36.68,22.47,-175.28,-54.4857,23.6291,-3.47265,1014.42
677690,-11.0234,2.07556,0.530846,29.82,-12.11,-242.41,-56.2904,22.7609,-4.47922,1014.42
677696,-13.0655,9.9187,-3.65854,-1.68,-37.8,-278.46,-55.0299,20.9667,-2.77797,1014.4
677702,-12.8455,10.88,-2.48207,-19.46,-51.24,-289.31,-55.4023,19.404,-2.46607,1014.4
677708,-12.2956,10.6217,-2.29077,-38.15,-64.4,-289.1,-56.4336,18.6227,-2.63619,1014.4
677714,-10.2152,8.2879,-1.78384,-42,-66.99,-284.48,-55.8034,17.2626,-3.06151,1014.4
677720,-9.75131,5.055,-1.66428,-31.92,-69.93,-274.75,-55.7175,15.4105,-1.16177,1014.4
677726,-7.38403,2.9077,-3.06552,-20.93,-64.05,-265.09,-57.6081,13.4137,-1.77139,1014.39
677732,-5.75801,0.157819,-3.00335,-1.47,-53.48,-261.1,-57.5795,12.8928,-2.13999,1014.39
677738,-4.0746,-2.10904,-2.84075,23.52,-44.03,-261.45,-56.1758,11.1854,-1.57291,1014.41
677744,-3.01769,-2.37207,-3.10378,50.82,-25.55,-266,-57.379,10.2593,-1.61544,1014.41
677750,-2.25729,-2.19512,-3.05595,71.82,-12.11,-273.14,-57.8659,8.523,-2.25341,1014.43
677756,-1.51124,-0.645624,-3.30942,89.6,5.67,-281.96,-56.6628,8.03104,-0.566332,1014.43
677762,-2.09947,0.554758,-2.61597,107.31,19.04,-293.3,-56.8347,5.74487,0.326829,1014.4
677768,-3.28073,3.45289,-2.77857,108.36,26.25,-306.74,-57.1784,2.6484,-1.03418,1014.4
677774,-2.95552,3.76853,-1.55428,111.51,37.31,-320.88,-56.4336,2.85097,-0.693926,1014.41
677780,-4.85414,5.60976,-0.894309,107.03,36.54,-337.12,-55.6888,0.796312,-1.16177,1014.41
677786,-5.35151,6.76231,-0.401722,99.33,35.42,-350.07,-56.1758,-2.06864,-2.46607,1014.36
677792,-6.53276,7.99139,-0.224773,88.13,29.82,-360.08,-55.4883,-3.48665,-1.37443,1014.36
677798,-6.49928,8.57484,0.521282,77.63,27.65,-368.27,-54.6862,-4.84677,-2.38101,1014.36
677804,-7.16404,8.39789,1.17647,72.38,17.99,-373.94,-53.7695,-7.30658,-0.991646,1014.38
677810,-6.71449,7.9627,1.86514,71.33,13.51,-377.58,-53.7408,-9.30337,-3.1891,1014.38
677816,-6.83883,8.08226,2.20947,74.13,5.6,-380.03,-52.595,-11.0976,-1.02,1014.36
677822,-6.82449,8.62745,2.08034,78.33,-1.47,-380.45,-52.2226,-13.3259,-1.40278,1014.36
677828,-6.15495,9.46915,2.16643,83.23,-5.46,-379.75,-51.9075,-16.0172,-1.94151,1014.4
677834,-5.66236,10.1722,1.95122,89.04,-8.61,-379.19,-49.7303,-17.6088,0.17088,1014.4
677840,-4.74414,11.6643,1.78384,93.73,-9.8,-378.84,-48.5272,-19.1137,0.298474,1014.37
677846,-4.42372,13.1468,1.32472,94.08,-9.52,-378.07,-48.3553,-21.2551,-0.693926,1014.37
677852,-3.55332,14.6963,1.40603,92.96,-6.3,-376.88,-47.0089,-23.4256,-0.552154,1014.36
677858,-3.10856,15.3419,1.74079,93.94,-5.39,-375.48,-45.1182,-23.7439,0.553663,1014.36
677864,-2.40076,16.6858,1.6308,91.77,-0.35,-372.61,-44.1442,-26.4063,0.426068,1014.33
677870,-2.1186,18.3118,2.15686,91.42,2.45,-366.24,-42.6833,-28.0558,0.582017,1014.33
677876,-1.46341,20.1243,2.05643,84.98,6.58,-355.53,-41.3082,-28.4609,1.17746,1014.33
677882,-0.186514,21.7169,2.84075,83.79,10.85,-344.68,-40.1624,-30.8629,1.461,1014.36
677888,0.253467,23.209,3.12769,78.89,12.32,-332.36,-38.5295,-32.6281,0.582017,1014.36
677894,1.31038,24.5433,3.07987,71.4,17.92,-323.82,-37.2118,-33.2937,1.06404,1014.38
677900,2.96031,24.7059,2.60163,62.44,22.75,-324.94,-35.7508,-33.3805,2.68023,1014.38
677906,3.01291,25.2224,4.49067,55.72,25.55,-332.92,-34.2898,-35.2326,2.15568,1014.4
677912,4.83979,25.1506,3.37159,50.61,31.64,-346.78,-32.4278,-37.0268,2.16986,1014.4
677918,5.05021,24.2516,3.14204,47.39,37.1,-363.93,-30.9095,-36.3323,3.11973,1014.39
677924,4.51459,24.1511,2.9077,42.56,37.87,-383.67,-29.0188,-38.8211,3.23314,1014.39
677930,3.92157,24.5385,2.78814,37.94,34.93,-397.67,-27.2714,-40.0365,3.38909,1014.38
677936,3.29029,25.0933,2.52032,34.3,28.49,-403.76,-26.6985,-40.8757,3.03466,1014.38
677942,2.90292,25.2415,2.72597,32.41,17.5,-402.99,-23.8051,-41.9754,3.2615,1014.39
677948,3.06552,25.3132,2.44381,33.67,2.31,-394.8,-20.9978,-43.8275,3.31821,1014.39
677954,4.49546,24.5146,2.4725,39.69,-10.99,-384.65,-19.6227,-43.3066,4.66503,1014.41
677960,5.84409,23.6777,2.2812,46.76,-25.62,-371.56,-18.1618,-43.4802,4.72174,1014.41
677966,7.81444,20.9134,5.59063,63.14,-29.05,-353.01,-15.2398,-45.2744,5.65743,1014.41
677972,10.5022,16.1263,7.62793,98.91,-41.65,-336.35,-12.8908,-45.7085,3.91365,1014.42
677978,14.6628,19.8613,5.39933,112.7,-45.78,-312.06,-12.1746,-44.6667,5.51566,1014.42
677984,20.5787,26.1597,2.6638,101.29,-38.43,-284.9,-10.0548,-46.432,5.60072,1014.46
677990,23.7877,29.3783,1.25777,74.48,-37.94,-258.51,-8.42193,-46.2294,5.98351,1014.46
677996,30.1769,29.7561,0.10043,33.18,-34.23,-222.04,-7.362,-45.4191,7.82654,1014.45
678002,34.2898,26.6475,0.511717,0.14,-27.44,-179.83,-7.362,-46.5477,6.47971,1014.45
678008,37.2932,22.1951,1.14778,-13.65,-16.38,-136.5,-4.49734,-47.7921,6.2954,1014.45
678014,39.8996,15.2893,3.35724,-8.19,-6.3,-80.22,-4.49734,-46.3162,6.13946,1014.45
678020,40.8704,11.3773,5.16021,16.45,4.69,-23.38,-5.35674,-46.6346,6.97591,1014.45
678026,38.6466,9.0483,6.53276,49.21,12.67,24.36,-4.58328,-47.2423,7.08932,1014.45
678032,34.7824,10.0383,6.07365,70.14,20.65,70.14,-4.44005,-47.0108,7.18856,1014.49
678038,30.7556,11.0378,5.68149,80.5,24.29,103.67,-5.64321,-45.7953,7.06097,1014.49
678044,6.72405,47.6662,7.98661,344.4,292.18,230.79,-6.78907,-46.1715,7.65641,1014.49
678050,-22.0038,116.614,19.627,-404.18,-244.58,292.39,-7.07554,-46.8082,7.71312,1014.38
678056,26.5949,-24.1511,7.61358,-227.5,117.04,296.38,-9.99749,-46.2584,5.38807,1014.38
678062,-43.8642,-14.725,10.7891,-158.83,-49.84,364.42,-12.2892,-45.7374,5.01946,1014.39
678068,-8.24964,-4.66284,21.9369,33.11,-257.04,334.6,-13.034,-45.7374,4.82098,1014.39
678074,3.63462,13.2281,-2.54424,-9.73,-78.82,358.75,-15.1539,-44.6667,5.94098,1014.4
678080,-7.22621,8.51745,6.50885,20.23,-111.02,359.52,-17.8753,-42.9593,5.95515,1014.4
678086,0.329986,10.1435,6.9823,54.11,-189.28,321.02,-18.9639,-43.8275,5.40225,1014.42
678092,8.00574,12.6112,6.55667,36.4,-151.9,304.29,-20.4248,-43.567,6.21034,1014.42
678098,11.9512,16.7193,-0.669536,28.42,-87.57,310.52,-21.8285,-41.4256,7.4154,1014.41
678104,12.0947,26.4323,-2.41989,-24.64,-61.95,285.74,-23.1176,-41.8596,7.47211,1014.41
678110,11.5017,28.5844,-11.473,-113.68,-26.46,253.82,-24.3781,-42.4384,5.75667,1014.38
678116,3.70158,10.88,2.81205,-106.68,4.97,239.75,-26.326,-39.5445,6.04022,1014.38
678122,0.95648,5.07413,9.98087,-45.01,-4.2,222.32,-27.5006,-38.9079,5.00529,1014.38
678128,1.71688,13.2281,5.67193,-10.01,-60.34,223.44,-27.9876,-40.4706,5.04782,1014.41
678134,21.846,10.1004,-4.67719,-33.81,-101.99,79.94,-28.6178,-37.7793,5.38807,1014.41
678140,13.955,14.8972,-1.41081,-54.11,-10.85,61.11,-29.0761,-37.7214,4.87769,1014.39
678146,-2.02296,11.3343,0.282162,-61.32,-10.64,70.84,-29.1334,-39.1394,5.34554,1014.39
678152,-4.61502,9.24916,3.56289,-56.77,-34.02,72.87,-30.3652,-39.0526,4.49491,1014.43
678158,1.79818,6.3319,3.46724,-25.83,-44.24,62.93,-29.4199,-37.2294,4.97693,1014.43
678164,6.09756,8.02487,1.59732,-21.21,-11.13,46.62,-30.6803,-38.3001,5.01946,1014.4
678170,2.23338,6.86753,3.84983,-17.22,0.14,39.48,-29.6204,-38.9079,4.08377,1014.4
678176,1.4395,6.28407,4.40459,7.84,-10.64,28.42,-30.709,-37.6635,4.60833,1014.41
678182,1.68819,9.8374,-2.06121,0.28,-7.28,22.26,-30.1933,-37.4899,5.27465,1014.41
678188,1.21951,10.4017,-0.85605,-12.6,-0.84,16.17,-31.8548,-39.0815,4.22554,1014.42
678194,0.315638,9.62219,0.344333,-9.45,-3.85,14.63,-31.2246,-37.2873,4.7501,1014.42
678200,-0.071736,10.1052,1.26734,-9.17,-6.3,9.24,-30.3652,-36.8821,4.77845,1014.44
678206,2.36251,8.43137,1.96078,-3.85,7.21,5.67,-30.5085,-38.1844,3.89947,1014.44
678212,-0.157819,8.79005,2.40076,6.65,0.7,4.13,-31.2246,-38.4159,4.39567,1014.44
678218,-0.392157,10.5595,1.47776,5.11,7.21,4.83,-31.2533,-36.6796,4.79263,1014.39
678224,-1.31994,10.8991,0.425634,2.31,4.13,7.63,-31.2533,-37.2294,5.00529,1014.39
678230,-0.502152,10.6504,0.612147,-1.61,4.62,9.59,-30.8809,-38.2712,4.09795,1014.45
678236,-0.636059,10.1913,1.12386,-1.4,4.62,11.48,-31.1387,-36.5638,4.80681,1014.45
678242,-1.07126,10.5452,0.707795,-0.63,0.98,14.21,-30.7949,-36.5349,4.9344,1014.41
678248,-0.157819,10.9947,0.129125,-6.09,4.06,15.4,-31.196,-37.9239,5.21794,1014.41
678254,-0.0286944,10.7508,0.411286,-8.19,6.23,14.56,-31.3965,-36.5059,4.69339,1014.41
678260,-0.703013,10.2869,0.932568,-9.87,0.49,14.98,-31.3679,-35.6088,4.9344,1014.41
678266,0.559541,9.7274,0.994739,-10.36,4.76,12.74,-32.0554,-38.0686,3.71517,1014.41
678272,-0.396939,9.06265,1.96557,-5.53,1.89,10.99,-31.2533,-38.0397,4.1263,1014.41
678278,0.0382592,9.19177,1.73601,-2.94,0.14,9.73,-31.4824,-36.6217,4.52326,1014.42
678284,0.334768,9.5935,0.951698,-3.29,1.89,8.19,-31.4538,-37.4899,5.00529,1014.42
678290,0.129125,9.58871,1.10952,-2.31,0.84,6.09,-32.1986,-38.2712,3.60175,1014.42
678296,0.229555,9.57915,0.908656,-3.43,1.26,4.13,-31.3106,-37.432,4.87769,1014.47
678302,0.325203,9.6461,0.851267,-3.57,3.43,2.66,-31.3965,-37.6635,5.54402,1014.47
678308,-0.0908656,9.62219,0.870397,-1.96,2.1,1.33,-31.4538,-38.6474,3.58757,1014.45
678314,-0.0621712,10.1674,0.368245,-5.95,1.12,1.4,-31.5397,-37.6346,4.45238,1014.45
678320,-0.181731,10.0143,0.35868,-6.58,-0.14,1.19,-31.6257,-36.6796,5.31718,1014.41
678326,-0.473458,10.4448,0.373027,-10.78,-2.1,1.96,-32.5424,-38.5606,4.90604,1014.41
678332,-0.153037,10.7174,-0.11956,-14.42,-1.33,2.38,-31.7976,-37.7793,4.16883,1014.43
678338,-0.401722,10.7221,-0.282162,-17.92,-2.1,3.85,-32.5997,-36.7953,3.72934,1014.43
678344,-0.411286,10.6504,0,-20.16,-2.66,6.16,-31.9408,-37.3741,4.32478,1014.42
678350,-0.263032,10.5691,0.0813008,-26.74,-3.08,6.58,-31.9694,-37.9239,3.84276,1014.42
678356,-0.0621712,9.88044,0.832138,-26.11,-2.52,7.49,-32.3132,-36.3902,4.83516,1014.42
678362,0.0191296,9.51698,1.26255,-24.99,-2.31,7.56,-32.5424,-37.3452,3.64428,1014.42
678368,-0.0621712,9.30655,1.51602,-23.52,-2.17,7.28,-32.2559,-38.3291,3.72934,1014.45
678374,-0.124342,9.84218,1.22429,-21.91,-1.33,8.61,-32.0554,-37.2584,3.95618,1014.45
678380,0.0430416,9.78957,0.870397,-21.98,-0.77,8.96,-31.7403,-36.5059,4.42402,1014.45
678386,0.191296,9.34481,1.62123,-20.44,2.03,9.31,-32.5997,-38.1844,3.16226,1014.47
678392,-0.396939,9.78957,1.28647,-21.07,-0.35,9.66,-32.1127,-37.8371,3.21897,1014.47
678398,0.186514,9.61741,1.23386,-19.6,3.08,10.01,-32.0267,-36.5059,3.27567,1014.46
678404,-0.200861,9.66045,1.29125,-20.3,2.87,10.85,-32.571,-37.1715,2.51011,1014.46
678410,-0.186514,9.81827,1.13343,-20.72,2.24,11.13,-31.8262,-37.5767,3.67263,1014.44
678416,0.0908656,10.2009,0.755619,-22.19,3.85,11.27,-32.1127,-36.1876,3.17643,1014.44
678422,-0.0382592,10.0335,1.11908,-23.8,5.39,13.16,-32.8288,-36.8243,2.59517,1014.45
678428,-0.0621712,10.1722,0.884744,-25.27,5.32,14.49,-33.2299,-37.432,2.24074,1014.45
678434,-0.277379,10.33,1.19082,-26.81,6.86,15.89,-32.2272,-36.4191,3.04884,1014.41
678440,-0.368245,10.0383,1.30081,-25.69,6.86,17.71,-33.0007,-36.2165,2.24074,1014.41
678446,-0.506934,10.3587,1.38211,-29.26,4.69,20.16,-32.8288,-37.1426,1.9572,1014.46
678452,-0.095648,10.3348,1.29125,-28.7,7.91,21.49,-33.3731,-36.9111,0.823028,1014.46
678458,-0.526064,10.4543,1.35342,-31.36,5.53,24.43,-32.6569,-36.477,2.25492,1014.46
678464,-1.03778,11.0665,1.22908,-33.95,4.13,26.81,-32.7715,-36.6506,1.13493,1014.45
678470,0.124342,10.2582,1.18125,-34.72,6.44,26.74,-32.9148,-37.2294,1.1491,1014.45
678476,0.181731,9.68914,1.65949,-35.28,7.84,27.3,-33.3158,-36.1008,1.94302,1014.46
678482,0.0621712,9.56002,2.19512,-33.81,6.72,27.37,-34.0033,-36.1008,2.24074,1014.46
678488,-0.215208,10.483,1.45863,-34.93,7.14,27.58,-34.1466,-36.8821,0.56784,1014.47
678494,0.913438,9.12482,2.35772,-32.76,10.29,27.65,-34.2039,-36.014,0.978977,1014.47
678500,0.0813008,10.3204,1.45385,-30.1,8.68,30.38,-34.4617,-35.6088,1.03569,1014.45
678506,-0.215208,11.1047,1.13343,-34.37,10.78,32.55,-34.2039,-36.3902,0.142526,1014.45
678512,-0.349115,10.8752,2.07078,-31.92,10.71,37.1,-34.8914,-36.5928,0.922268,1014.44
678518,-4.33285,13.1181,6.57102,-18.97,1.96,51.66,-34.5476,-35.4641,0.950623,1014.44
678524,-5.52367,12.8551,7.19273,-2.8,-18.41,63.77,-34.1752,-36.1587,0.199234,1014.46
678530,0.401722,11.6834,1.17169,-6.58,-11.27,69.93,-34.92,-35.985,0.326829,1014.46
678536,-1.31516,12.3816,2.08991,-2.1,-9.73,76.58,-35.6648,-35.0879,0.752143,1014.46
678542,-2.15208,13.5246,2.69727,-0.28,-11.13,85.47,-35.894,-34.6249,0.241766,1014.41
678548,-1.75514,13.5007,2.38164,-1.19,-11.55,94.71,-36.2951,-35.6088,-0.240257,1014.41
678554,-1.48733,12.4916,3.13725,1.47,-11.34,103.04,-37.0399,-33.8725,0.284297,1014.43
678560,-1.94644,11.9703,4.64371,8.05,-16.1,110.04,-37.269,-33.149,1.07822,1014.43
678566,-1.95122,12.219,4.85892,13.79,-18.97,117.25,-38.3863,-33.2648,-0.12684,1014.44
678572,-1.50646,11.6499,4.92587,21.63,-22.4,124.74,-38.243,-33.0911,0.893914,1014.44
678578,-1.52559,11.3965,4.7824,30.45,-22.89,132.37,-38.1857,-31.6731,1.51771,1014.44
678584,-1.86992,11.8651,5.1889,36.89,-28.98,139.16,-39.6754,-32.2519,1.16328,1014.44
678590,-1.56863,13.1373,4.44285,44.66,-28.28,147.91,-39.4462,-31.2391,0.66708,1014.43
678596,-1.38211,13.8116,2.8264,50.61,-27.44,158.34,-40.5061,-29.6764,1.44682,1014.43
678602,-0.865614,14.5098,0.286944,49.35,-22.26,168.98,-41.1077,-29.4159,1.81543,1014.45
678608,0.114778,14.3233,-0.71736,51.31,-16.8,179.97,-42.0244,-30.7182,3.48833,1014.45
678614,0.296509,16.5088,-1.68819,43.19,-5.25,191.31,-42.7119,-27.7085,2.85036,1014.42
678620,-1.41081,18.7709,-0.899091,44.66,4.69,208.39,-42.7978,-26.4641,3.71517,1014.42
678626,-3.64897,20.923,-0.172166,34.44,0.07,227.92,-44.4021,-26.7535,2.22657,1014.42
678632,-3.68245,23.0081,-2.30512,18.69,7.91,251.79,-44.488,-25.8275,2.53846,1014.41
678638,-4.28503,23.2664,-2.25251,6.65,8.19,272.23,-45.2328,-22.6153,3.09137,1014.41
678644,-4.53372,23.1803,-2.09947,-3.5,12.18,297.99,-46.4073,-23.0493,2.16986,1014.45
678650,-5.02152,23.5151,-1.55906,-8.4,13.72,324.73,-48.0402,-22.2969,2.25492,1014.45
678656,-5.38976,24.1129,-0.181731,-9.59,16.73,350.35,-48.3553,-19.1715,3.57339,1014.45
678662,-9.27786,26.2649,0.454328,-18.27,13.79,381.71,-48.8709,-18.2744,2.21239,1014.45
678668,-9.2922,25.098,0.11956,-24.85,5.53,411.95,-51.0481,-17.0011,1.50353,1014.46
678674,-6.42276,24.988,0.808226,-25.2,4.27,437.22,-51.3918,-13.731,1.461,1014.46
678680,-5.81062,26.5901,0.349115,-33.46,8.96,462.63,-52.3944,-11.4448,1.84378,1014.44
678686,-7.0636,26.5471,-0.306074,-37.66,10.71,491.61,-54.1992,-9.41912,0.624548,1014.44
678692,-6.81492,26.9727,0.483022,-42.49,15.54,517.65,-54.6862,-7.16189,0.397714,1014.45
678698,-5.34672,22.9125,1.43472,-25.62,3.92,526.12,-55.6602,-3.71816,2.09897,1014.45
678704,-0.234338,20.7174,1.18125,8.68,11.9,531.37,-56.405,-0.766389,1.57442,1014.45
678710,-1.46341,24.5289,-3.31899,-0.56,34.51,536.83,-57.2071,0.912069,0.978977,1014.38
678716,-1.46341,20.2391,2.80727,15.05,40.53,531.3,-57.2071,3.95065,1.91467,1014.38
678722,-0.650406,20.4352,4.84457,44.94,40.39,528.15,-56.9779,7.4812,0.440246,1014.43
678728,-2.30033,23.8116,0.234338,54.6,46.97,523.67,-58.0092,9.39117,0.780497,1014.43
678734,-2.10426,25.2559,-4.49067,55.72,63.42,509.04,-57.0066,12.6613,0.411891,1014.42
678740,-4.16069,22.3721,-7.09708,55.86,91.49,489.09,-55.9466,15.1789,0.241766,1014.42
678746,-7.22142,18.1779,-11.9417,24.92,101.29,441.56,-56.9493,17.6677,-0.906583,1014.38
678752,-8.78527,6.99187,-14.0077,-23.59,151.34,377.65,-56.6628,19.7802,-1.81392,1014.38
678758,-13.869,-4.38068,-15.2319,-84.35,160.44,320.18,-54.0846,21.8349,-3.01898,1014.41
678764,-8.95744,-18.5079,6.15973,-38.5,48.58,222.6,-54.8581,23.0503,-2.72126,1014.41
678770,20.3061,-16.4754,7.96748,25.13,90.79,59.22,-54.8867,23.195,-3.16075,1014.41
678776,3.51506,4.79675,-1.53993,21,108.5,-50.89,-53.8268,23.6002,-3.16075,1014.41
678782,-4.91152,0.71736,3.59158,47.53,80.15,-131.95,-54.3424,23.687,-3.8129,1014.41
678788,-10.7604,3.1516,-0.392157,43.82,49.28,-200.9,-56.1758,21.9507,-5.69846,1014.43
678794,-13.3381,7.19273,-3.24725,16.87,19.88,-238.28,-55.0586,21.6034,-5.04631,1014.43
678800,-13.4385,9.89957,-3.77331,-5.11,5.11,-254.73,-55.6888,20.6773,-4.13897,1014.4
678806,-12.2525,9.78001,-1.89383,-29.61,-10.01,-254.17,-56.319,18.9121,-4.62099,1014.4
678812,-10.9708,7.39359,-0.191296,-34.3,-23.8,-250.39,-55.8607,17.3494,-5.06049,1014.36
678818,-9.28742,4.4285,-0.875179,-21.28,-28.84,-246.68,-55.832,15.9892,-3.92631,1014.36
678824,-8.34051,2.47728,-2.04687,-13.44,-30.1,-239.75,-56.7774,14.3397,-4.63517,1014.38
678830,-7.47011,-0.291726,-1.47776,4.83,-29.89,-239.26,-57.2357,12.9796,-3.60024,1014.38
678836,-6.06887,-2.16643,-1.5495,29.89,-28.77,-240.38,-56.7201,12.4008,-2.55113,1014.42
678842,-5.39455,-1.76471,-1.89383,50.75,-25.69,-242.97,-57.4935,11.1275,-3.06151,1014.42
678848,-4.05548,-0.267814,-2.5012,67.62,-16.87,-249.55,-57.8087,9.7095,-4.42251,1014.4
678854,-3.72071,0.607365,-2.63032,79.66,-12.6,-256.62,-56.9206,8.03104,-4.42251,1014.4
678860,-3.37637,1.90818,-2.61597,86.24,-6.79,-269.15,-56.1472,7.04712,-3.60024,1014.41
678866,-3.37159,2.82162,-2.54902,87.43,-3.15,-284.97,-57.5795,4.8767,-4.28074,1014.41
678872,-3.65854,3.71592,-2.36729,86.31,-0.42,-300.09,-56.4623,3.71914,-3.95467,1014.41
678878,-4.21329,4.80153,-1.76949,82.67,0.28,-317.1,-55.8893,2.85097,-2.29594,1014.42
678884,-4.43807,5.6241,-1.66428,77.7,-0.35,-333.34,-57.1211,0.101778,-3.60024,1014.42
678890,-4.40459,6.39885,-1.4395,72.52,1.4,-346.22,-56.6914,-2.01076,-4.86201,1014.4
678896,-4.5385,6.45146,-0.918221,69.93,2.03,-358.05,-54.6862,-3.28407,-2.89138,1014.4
678902,-4.84457,6.93448,-0.822573,68.67,1.96,-366.8,-54.8867,-5.07829,-2.04075,1014.41
678908,-4.99283,7.18795,-0.511717,70.49,1.61,-372.54,-54.3138,-7.85642,-4.02555,1014.41
678914,-4.84457,7.19751,-0.368245,74.13,1.54,-377.93,-54.0273,-8.84035,-2.84885,1014.33
678920,-4.94978,8.10139,-0.143472,78.96,1.12,-381.92,-52.509,-10.2873,-2.12582,1014.33
678926,-4.7011,9.08656,-0.167384,81.48,1.68,-385.56,-53.2538,-14.4545,-2.99062,1014.37
678932,-3.83548,10.3395,-0.296509,82.67,3.99,-389.62,-51.0481,-15.3227,-2.56531,1014.37
678938,-2.70684,10.7747,-0.267814,83.79,10.01,-395.64,-50.3892,-16.6538,-1.71468,1014.37
678944,-2.18077,11.6691,-0.363462,83.58,16.45,-402.5,-48.8996,-18.5928,-2.5086,1014.37
678950,-1.24342,12.9603,-0.243902,82.53,28.56,-407.4,-48.3266,-21.4288,-1.84227,1014.37
678956,-1.57341,14.0937,0.25825,82.67,36.61,-408.1,-46.6651,-22.76,-1.55873,1014.37
678962,-1.6308,16.0402,0.674318,80.01,45.08,-401.66,-45.7484,-25.2776,-1.81392,1014.37
678968,-2.06121,17.3075,1.42037,80.71,49.91,-387.66,-44.2302,-27.6796,-2.45189,1014.38
678974,-2.17599,18.9048,1.9847,78.82,54.25,-365.54,-42.7405,-28.1137,-0.977469,1014.38
678980,-2.40555,20.3204,2.59206,78.05,53.97,-341.39,-41.2509,-29.2712,-0.693926,1014.41
678986,-1.65949,21.186,2.90292,79.38,55.44,-314.51,-39.8472,-32.5703,-1.44531,1014.41
678992,-0.674318,21.6547,3.73984,83.23,54.53,-293.02,-38.1571,-31.268,-0.807343,1014.4
678998,0.21999,21.6404,4.12721,89.11,53.27,-281.47,-36.5529,-32.2519,-0.42456,1014.4
679004,2.78814,20.4926,2.92205,96.18,54.67,-284.2,-36.2091,-34.6249,-0.679749,1014.39
679010,1.09517,22.0277,5.96365,105.49,45.01,-291.2,-34.2325,-35.6378,-0.367851,1014.39
679016,2.25729,23.1133,5.27977,107.73,41.09,-301.98,-33.2585,-35.9272,0.610371,1014.4
679022,2.09469,25.5332,4.5911,107.24,29.47,-315.7,-31.597,-36.7085,0.950623,1014.4
679028,2.92683,27.3649,4.0746,98.14,20.3,-325.71,-30.7949,-39.2841,0.56784,1014.4
679034,3.65854,28.7709,3.94548,86.87,6.86,-332.36,-29.1334,-38.3291,1.37594,1014.39
679040,4.71066,28.4266,4.14156,80.5,-8.96,-340.69,-27.2141,-40.0944,1.54606,1014.39
679046,5.97322,27.3219,4.32329,76.02,-25.76,-349.72,-25.4953,-42.4095,1.63113,1014.43
679052,7.74271,23.5151,5.0263,76.44,-36.12,-355.74,-23.6619,-42.3516,2.41087,1014.43
679058,8.34051,20.1291,7.42707,91.56,-51.38,-355.39,-22.3155,-41.7728,3.942,1014.43
679064,11.3917,20.2965,7.65184,107.59,-68.32,-348.88,-20.0524,-44.0301,3.03466,1014.43
679070,14.1989,24.462,4.89718,96.53,-69.79,-337.19,-17.1591,-44.1748,3.55922,1014.43
679076,17.1449,28.417,2.34816,71.05,-72.8,-319.13,-17.1305,-43.596,4.82098,1014.43
679082,19.8183,28.9287,0.765184,34.44,-75.25,-295.61,-15.9273,-44.6378,5.31718,1014.4
679088,23.0942,27.0206,-0.411286,8.12,-70.21,-272.79,-13.4351,-45.2455,3.84276,1014.4
679094,27.9436,20.263,-0.291726,-9.73,-60.69,-245,-11.6876,-45.4191,4.52326,1014.41
679100,30.8034,15.2415,1.48254,-5.32,-56.21,-211.26,-10.9142,-45.1587,5.13288,1014.41
679106,35.9206,9.55045,4.58154,19.18,-48.65,-174.37,-9.13809,-46.6056,4.89187,1014.42
679112,38.0583,9.00526,5.47107,46.55,-40.25,-129.01,-7.7917,-46.1426,4.66503,1014.42
679118,38.6227,9.68914,6.36537,68.88,-34.93,-76.58,-8.56516,-45.5059,6.16781,1014.42
679124,36.9345,12.812,6.48015,81.41,-27.72,-23.87,-7.30471,-46.0847,5.67161,1014.46
679130,33.4003,15.4376,6.27451,80.92,-25.2,35.84,-7.93494,-47.2133,5.44478,1014.46
679136,27.6375,17.3888,5.51411,72.31,-23.38,88.13,-8.19275,-46.3162,6.47971,1014.47
679142,24.5959,17.3936,4.82544,54.11,-22.82,120.82,-8.67975,-45.8821,7.1035,1014.47
679148,21.2052,15.9302,3.84505,38.15,-22.61,141.26,-9.25268,-46.4609,7.52882,1014.42
679154,3.28073,46.8867,6.15017,253.68,221.76,269.71,-10.3126,-46.0268,6.89084,1014.42
679160,-35.6911,116.743,18.0727,-467.81,-222.53,240.45,-12.0887,-45.1876,6.70654,1014.4
679166,3.93113,-27.2023,13.2568,-184.24,61.32,250.6,-13.1486,-45.7085,4.96275,1014.4
679172,-46.198,-9.89479,15.1459,-103.67,-162.68,313.18,-14.0367,-45.1587,4.86351,1014.39
679178,-6.88187,2.47728,15.7389,31.08,-237.72,286.65,-16.2424,-44.1458,5.45895,1014.39
679184,0.105213,13.5151,-2.38164,-18.27,-109.97,313.6,-17.2737,-44.2616,5.85591,1014.4
679190,-4.51459,7.80488,10.7987,30.17,-162.12,296.45,-19.68,-44.2326,4.97693,1014.4
679196,2.95074,7.63749,7.99139,48.86,-196.14,273.84,-21.1697,-42.4384,6.32376,1014.4
679202,11.5017,10.2439,5.03587,55.79,-124.11,283.15,-22.115,-42.178,7.52882,1014.41
679208,12.2908,29.8565,-6.59493,-22.12,-59.78,276.92,-23.4041,-42.178,6.76325,1014.41
679214,10.6791,24.5002,-11.0952,-101.36,-38.92,251.16,-24.464,-41.0204,7.65641,1014.42
679220,6.03539,11.999,2.11382,-101.08,-7.7,229.6,-26.6412,-40.5863,6.72072,1014.42
679226,3.07987,8.09182,6.32712,-62.86,19.25,216.65,-26.7271,-41.3098,6.56477,1014.41
679232,-0.798661,8.12052,5.41368,-36.54,-10.01,215.04,-28.5605,-40.3259,5.21794,1014.41
679238,24.2181,7.91009,4.06026,-22.96,-86.87,65.31,-29.3626,-38.0976,6.40882,1014.39
679244,15.0933,8.97178,-6.86753,-14.35,-3.71,61.18,-29.5918,-39.4288,6.423,1014.39
679250,-1.30081,14.1416,-3.099,-48.23,-29.82,50.26,-29.4485,-39.1394,4.89187,1014.42
679256,-2.5538,11.5638,1.41559,-65.17,-39.06,57.75,-29.9642,-37.5767,5.2463,1014.42
679262,-0.373027,7.10665,4.93544,-29.75,-42.21,50.26,-29.5058,-38.1265,5.06199,1014.44
679268,4.43807,7.05882,2.52032,-14.35,-11.06,40.25,-29.9642,-38.6185,4.31061,1014.44
679274,2.32903,6.3845,3.29986,-6.16,-5.32,32.55,-30.3079,-37.9239,5.13288,1014.44
679280,1.09517,7.42229,2.69249,12.81,-7.91,28.07,-30.623,-36.7374,5.28883,1014.41
679286,1.52559,11.0426,-1.21473,2.45,-2.45,21,-29.735,-38.0397,5.09035,1014.41
679292,1.69775,9.25394,0.545194,-0.98,1.33,14.56,-30.1074,-38.6474,4.55162,1014.41
679298,-0.272597,10.0478,0.970827,-3.78,0.21,13.23,-30.2793,-36.9111,5.37389,1014.41
679304,0.329986,9.24916,0.549976,-0.56,0,9.87,-30.3652,-38.1555,5.35971,1014.42
679310,0.726925,9.52654,0.894309,-1.47,4.41,8.4,-30.0788,-38.0108,4.2539,1014.42
679316,0.0765184,9.39742,1.62602,2.8,3.71,7.56,-30.7663,-37.2005,4.72174,1014.44
679322,-0.344333,10.2678,1.06648,4.41,5.11,6.44,-30.7949,-37.2873,5.75667,1014.44
679328,-1.08082,10.6552,0.889526,2.8,3.36,9.24,-30.9095,-38.85,5.44478,1014.43
679334,-0.865614,10.3348,0.813008,1.19,2.8,11.13,-30.8809,-38.0686,4.90604,1014.43
679340,-0.306074,10.4161,0.564323,-1.54,3.5,11.9,-31.196,-36.6796,5.14706,1014.43
679346,-0.822573,9.79436,1.49689,2.31,2.31,13.16,-31.6543,-38.4159,5.18959,1014.43
679352,0.0860832,10.5978,0.196078,-1.19,2.52,13.79,-30.5085,-37.3452,5.2463,1014.43
679358,-0.176949,10.8178,0.0908656,-6.86,2.94,13.09,-31.5684,-36.6506,5.79921,1014.43
679364,-0.593018,10.0956,0.980392,-7.84,-0.21,12.74,-31.3392,-37.9529,4.50909,1014.43
679370,-0.186514,9.71784,1.00909,-5.67,-1.82,11.83,-30.5657,-38.2712,4.72174,1014.4
679376,0.0765184,9.63175,1.18604,-5.74,-0.49,11.34,-30.7663,-36.9111,5.78503,1014.4
679382,-0.124342,9.63175,1.10473,-4.62,-2.59,9.94,-31.1387,-37.5477,5.48731,1014.45
679388,0.0382592,9.62697,0.97561,-3.36,-1.33,8.05,-31.4538,-38.7053,5.21794,1014.45
679394,0.105213,9.66523,0.731707,-3.92,-1.75,7.56,-31.3679,-37.4609,4.80681,1014.43
679400,0.143472,9.65088,0.832138,-4.06,0.28,6.09,-32.0554,-37.2005,6.28123,1014.43
679406,-0.0573888,9.70827,0.679101,-3.92,-0.14,4.69,-31.5397,-38.5317,5.18959,1014.41
679412,-0.11956,9.92348,0.483022,-4.62,0.42,4.97,-31.7116,-37.403,4.40985,1014.41
679418,0.114778,9.76088,0.526064,-5.88,1.05,5.11,-31.9981,-36.4481,5.34554,1014.44
679424,-0.430416,10.1052,0.329986,-8.33,-3.15,4.9,-31.2533,-38.358,5.54402,1014.44
679430,-0.420851,10.3826,0.310856,-9.03,-2.59,5.18,-31.6543,-38.0397,4.53744,1014.44
679436,-0.631277,10.6552,-0.0191296,-12.74,-4.41,6.16,-32.3132,-37.6056,4.40985,1014.44
679442,-0.13869,10.4161,0.095648,-16.87,-3.36,6.37,-31.9981,-37.8082,4.63668,1014.44
679448,-0.301291,10.5165,0.0286944,-17.64,-4.13,6.23,-30.8522,-38.6185,3.64428,1014.42
679454,-0.291726,10.5787,0,-23.03,-3.92,8.19,-31.9121,-36.7953,4.09795,1014.42
679460,-0.047824,10.3874,0.153037,-26.18,-4.41,10.01,-32.3418,-36.94,4.94858,1014.43
679466,-0.11956,10.3491,0.71736,-24.43,-1.75,8.82,-31.9408,-38.0686,4.1263,1014.43
679472,-0.0095648,10.1291,0.559541,-26.74,0.07,10.43,-31.3965,-37.6924,3.95618,1014.42
679478,-0.148254,10.2439,0.741272,-27.02,1.47,11.62,-32.6283,-36.2455,3.84276,1014.42
679484,-0.306074,10.2439,0.731707,-28.91,0.77,11.34,-32.3991,-37.1715,3.61593,1014.46
679490,0.0526064,9.8374,0.899091,-27.93,3.29,13.3,-31.6543,-37.6635,3.24732,1014.46
679496,-0.449546,9.89957,1.17647,-27.86,2.1,13.23,-32.1413,-36.5059,4.22554,1014.45
679502,-0.349115,9.94739,0.841702,-28.07,0.91,14.14,-32.8002,-37.0847,4.46655,1014.45
679508,-0.191296,9.5648,1.1956,-25.97,3.85,15.54,-31.5397,-37.8661,3.55922,1014.43
679514,-0.286944,9.79436,0.942133,-28.14,0.98,14.98,-32.17,-36.1587,3.17643,1014.43
679520,0.181731,9.44524,1.23386,-26.18,3.5,15.82,-32.8575,-36.3323,3.07719,1014.43
679526,-0.277379,9.58871,1.39168,-26.18,2.73,16.24,-33.1153,-36.8243,3.17643,1014.45
679532,-0.095648,9.82783,1.3869,-24.64,4.13,17.01,-32.7142,-36.5638,1.91467,1014.45
679538,-0.487805,11.3343,0.373027,-29.96,6.09,20.02,-33.1153,-36.3612,3.54504,1014.44
679544,-0.0191296,10.1817,0.645624,-32.2,6.09,21.35,-32.8575,-36.8532,2.86454,1014.44
679550,-0.411286,10.2774,1.38211,-33.39,4.27,23.38,-32.5997,-37.4899,2.39669,1014.43
679556,-0.430416,10.2726,1.31994,-34.02,4.55,23.8,-32.1986,-36.3902,2.52429,1014.43
679562,0.526064,9.3209,1.32472,-28.63,9.38,21.91,-32.2845,-36.2455,2.59517,1014.45
679568,-0.267814,9.92826,1.99426,-31.64,7.35,23.03,-32.3418,-36.8821,1.34758,1014.45
679574,-0.430416,10.11,1.49211,-31.01,5.18,23.59,-32.7142,-35.7246,2.58099,1014.48
679580,-0.205643,10.0861,1.53993,-30.1,7.49,24.57,-33.5163,-35.03,2.93542,1014.48
679586,0.349115,9.75131,1.7934,-25.41,9.66,25.69,-33.3731,-36.6506,1.31923,1014.45
679592,-0.69823,10.3156,2.13295,-22.26,5.67,29.26,-33.1726,-36.014,1.54606,1014.45
679598,-2.51554,11.3343,4.40937,-16.1,1.47,36.96,-33.5163,-35.522,1.53189,1014.44
679604,-2.37685,11.4873,4.23242,-8.12,-4.34,43.82,-34.8054,-36.3034,0.9648,1014.44
679610,-0.57867,11.076,1.50646,-10.64,-3.01,46.83,-33.946,-36.4481,1.1491,1014.44
679616,-0.69823,11.1813,1.956,-7.14,-2.24,53.2,-34.2612,-34.596,2.1415,1014.47
679622,-1.48254,12.2669,1.78384,-6.09,-3.99,59.99,-34.8914,-34.8275,1.90049,1014.47
679628,-1.21473,12.6255,1.66906,-12.25,-4.27,64.75,-34.6909,-35.522,1.04986,1014.44
679634,-1.0043,11.0904,3.17073,-4.62,-3.36,71.89,-34.7768,-33.8725,1.63113,1014.44
679640,-1.91774,12.2238,2.97944,0.14,-9.52,78.75,-36.3237,-35.3194,1.94302,1014.45
679646,-1.21473,13.2759,2.08513,-0.77,-6.58,86.52,-35.9227,-34.9143,1.68783,1014.45
679652,-1.4682,13.3812,2.1473,0.42,-6.72,96.11,-36.7821,-34.0751,1.74454,1014.46
679658,-1.80296,13.4242,2.5012,-0.14,-8.47,104.65,-35.7508,-33.0622,1.37594,1014.46
679664,-1.50167,12.8838,3.099,3.29,-9.94,111.79,-37.0399,-33.8436,0.9648,1014.47
679670,-1.59732,11.6308,4.44285,10.92,-11.62,118.79,-37.9566,-33.6699,1.58859,1014.47
679676,-1.83644,11.5351,4.99761,21.14,-17.64,126.56,-37.5555,-31.8468,1.97138,1014.46
679682,-1.65471,12.0086,4.14634,24.64,-20.79,133.28,-38.7587,-31.731,1.75872,1014.46
679688,-1.26255,12.1425,4.32807,31.22,-22.4,139.93,-39.5894,-31.8757,0.355183,1014.46
679694,-0.0382592,11.6499,3.28073,41.65,-22.47,147.84,-39.6754,-30.0236,1.70201,1014.43
679700,0.229555,12.4151,1.38211,45.57,-19.95,154.7,-39.9618,-29.9368,2.93542,1014.43
679706,0.0813008,13.8403,1.6834,48.37,-11.34,162.75,-42.1963,-29.8789,2.85036,1014.41
679712,-1.80296,15.6863,1.16212,48.51,-13.72,174.44,-41.6806,-28.8082,2.75112,1014.41
679718,-1.96078,17.4845,0.774749,41.65,-8.54,188.3,-42.7692,-26.8693,4.32478,1014.42
679724,-2.32903,17.6662,0.602582,41.02,-10.99,204.26,-42.9411,-27.94,3.54504,1014.42
679730,-2.3912,18.9,0.329986,35.56,-9.31,221.97,-43.3994,-26.8693,2.92125,1014.46
679736,-2.73553,19.9952,-0.741272,30.31,-6.09,240.73,-44.5166,-24.6989,3.24732,1014.46
679742,-3.02248,21.5065,-2.66858,17.36,0.56,262.5,-45.376,-24.4095,4.15466,1014.47
679748,-4.00765,22.6925,-2.64945,5.25,3.78,285.95,-46.8084,-24.0622,3.45998,1014.47
679754,-4.94022,23.9263,-2.82162,-3.29,7.7,311.08,-47.1521,-21.2551,2.41087,1014.47
679760,-5.16021,23.5342,-2.25251,-11.76,12.39,337.54,-48.1834,-19.5477,4.72174,1014.47
679766,-5.7054,24.0555,0.47824,-14.35,9.45,361.62,-49.5298,-19.403,2.93542,1014.47
679772,-7.80488,25.4711,0.023912,-25.55,9.66,390.74,-50.6184,-16.0172,3.48833,1014.44
679778,-7.91965,23.7781,0.511717,-25.06,4.69,419.44,-50.9621,-13.2969,3.64428,1014.44
679784,-6.28407,24.2898,1.18125,-21.98,0.98,449.4,-52.6523,-12.7471,2.83618,1014.42
679790,-5.43759,24.0124,0.722142,-17.99,5.46,476.77,-54.1419,-10.6346,2.21239,1014.42
679796,-6.47537,27.7044,0.989957,-28.28,8.54,499.03,-53.7408,-7.16189,4.22554,1014.46
679802,-7.79053,23.6585,1.6834,-33.25,4.41,515.27,-55.3737,-4.70208,2.75112,1014.46
679808,-1.15734,16.4371,7.22621,25.55,-12.46,516.95,-56.5196,-2.06864,2.29745,1014.43
679814,-1.2769,24.2516,-3.82114,15.12,31.85,526.96,-56.0039,0.420107,2.68023,1014.43
679820,-1.78384,20.5595,3.01291,25.76,29.54,521.01,-56.2044,3.77702,3.89947,1014.41
679826,-0.985174,17.7618,4.05069,48.44,32.41,513.03,-57.4363,6.17895,2.29745,1014.41
679832,-1.09995,24.7441,1.31516,64.4,23.45,505.68,-57.0352,9.7095,2.32581,1014.43
679838,-0.267814,31.6021,-3.19943,35.42,59.5,500.15,-56.4909,11.5905,2.48175,1014.43
679844,-6.43711,26.1836,-3.79244,25.62,55.02,494.83,-57.4363,13.8478,1.9572,1014.4
679850,-6.01148,23.0751,-5.38498,18.83,61.18,467.74,-57.1211,16.8863,1.6453,1014.4
679856,-7.37924,9.02439,-10,-5.18,104.09,417.13,-55.2591,19.7224,2.46758,1014.4
679862,-9.88522,0.0143472,-11.2865,-21.21,116.41,351.89,-55.5456,20.9378,0.397714,1014.4
679868,-17.2262,-5.58106,-11.5591,-60.06,110.95,320.74,-55.0586,22.4137,-0.438737,1014.4
679874,7.56576,-22.9316,9.61741,28.07,50.61,169.68,-54.4284,23.1661,0.0291085,1014.41
679880,17.6614,-10.4591,-0.0286944,35.49,93.17,33.88,-53.4257,24.0921,0.114171,1014.41
679886,1.58297,1.18125,-1.8747,43.26,100.59,-73.15,-55.4883,24.0343,-1.41696,1014.41
679892,-3.79244,-0.21999,0.865614,64.68,84.56,-160.86,-55.3737,23.6291,-1.77139,1014.41
679898,-8.35007,4.40459,-2.2286,59.22,61.46,-221.97,-53.8554,22.9056,-1.40278,1014.41
679904,-10.4065,9.02439,-4.69153,29.33,47.67,-256.97,-56.2044,20.7352,-2.83467,1014.41
679910,-11.6308,11.0473,-4.3472,-0.07,36.68,-273.35,-56.892,19.5487,-2.65037,1014.41
679916,-10.8608,10.33,-3.37637,-18.76,29.96,-277.76,-55.3164,17.8703,-2.46607,1014.41
679922,-10.3491,8.95744,-1.67384,-27.23,24.57,-275.8,-56.7487,17.6388,-3.37341,1014.43
679928,-9.6748,6.32712,-2.0373,-33.18,19.88,-273.49,-57.4076,15.0632,-2.76379,1014.43
679934,-8.21616,3.4242,-2.24773,-30.45,21.07,-268.38,-56.1472,14.658,-2.06911,1014.43
679940,-7.011,-0.181731,-2.06121,-16.66,23.45,-269.92,-56.5769,13.1243,-2.29594,1014.4
679946,-6.48493,-1.4682,-1.85079,0.42,25.76,-272.23,-56.7201,11.9089,-3.8129,1014.4
679952,-6.03539,-1.95122,-1.22429,21.91,27.65,-273.07,-56.806,9.99889,-2.6929,1014.41
679958,-5.46628,-1.78862,-1.09039,48.02,28.35,-278.11,-56.806,9.13072,-3.60024,1014.41
679964,-5.35629,-0.827355,-1.3056,68.81,27.93,-284.2,-57.2071,6.81561,-4.39416,1014.42
679970,-5.37064,0.688666,-1.48733,82.74,27.72,-290.29,-57.1211,5.28184,-3.91214,1014.42
679976,-5.95887,1.77905,-1.18604,95.69,22.82,-300.3,-56.2617,4.55837,-3.40176,1014.4
679982,-5.95409,2.52511,-1.00909,103.53,16.66,-313.11,-56.1185,2.70628,-4.42251,1014.4
679988,-6.13582,4.68197,-1.18604,101.64,11.13,-325.78,-56.2904,0.159657,-4.90454,1014.41
679994,-6.63797,5.74844,-0.789096,99.61,3.36,-338.1,-55.3164,-0.997901,-3.14657,1014.41
680000,-7.00622,7.45098,-0.908656,93.17,-5.53,-347.34,-54.8867,-2.64742,-3.07569,1014.38
680006,-6.73362,7.78575,-0.454328,88.62,-11.34,-354.62,-55.7175,-5.28086,-4.20986,1014.38
680012,-6.46581,8.35964,-0.564323,84.7,-17.5,-360.5,-54.2851,-6.95931,-3.38758,1014.38
680018,-6.14538,8.74223,-0.655189,81.34,-21.63,-365.75,-53.2252,-8.31944,-3.84125,1014.38
680024,-5.53324,8.51267,-0.344333,83.02,-22.96,-370.37,-54.0846,-10.5477,-3.08986,1014.38
680030,-5.03587,9.23481,-0.47824,85.68,-24.57,-374.92,-52.5377,-12.805,-3.40176,1014.38
680036,-4.42372,9.96174,-0.636059,88.55,-21.63,-379.26,-51.9647,-14.0204,-2.5086,1014.38
680042,-3.06552,10.9565,-0.779531,90.16,-15.05,-383.74,-50.4465,-15.6989,-2.42354,1014.35
680048,-2.42468,11.6595,-0.726925,92.96,-6.93,-387.73,-49.759,-18.0429,-1.91316,1014.35
680054,-1.61167,12.5921,-0.789096,96.25,4.62,-391.37,-49.1287,-20.2423,-2.22506,1014.36
680060,-0.860832,14.9163,-1.06169,94.5,15.82,-391.79,-47.0375,-21.3998,-0.311143,1014.36
680066,-0.71736,15.8537,-0.521282,94.99,29.4,-388.64,-45.863,-24.8436,-1.2043,1014.34
680072,-0.789096,17.6423,0.0813008,91.7,36.61,-379.89,-43.8864,-25.1619,-0.608863,1014.34
680078,-0.73649,18.6896,1.20038,89.53,44.31,-365.68,-42.9697,-27.2744,-0.155194,1014.37
680084,-1.04256,20.4687,1.92731,89.18,47.53,-345.94,-41.9671,-28.9529,-1.43114,1014.37
680090,-0.769966,21.2626,2.57771,86.52,48.58,-324.8,-41.0504,-30.1683,-0.72228,1014.33
680096,-0.612147,21.9225,2.97944,86.87,48.02,-306.53,-38.3863,-31.4127,-0.0984858,1014.33
680102,-0.430416,22.4534,3.57245,86.66,45.15,-293.3,-37.2977,-32.7439,-0.835697,1014.33
680108,0.196078,22.109,4.13678,89.18,40.88,-290.71,-37.4123,-34.2198,-0.197726,1014.36
680114,0.923003,21.999,4.36155,91.07,35.14,-297.43,-36.3237,-34.567,0.624548,1014.36
680120,1.42516,22.3912,4.1033,91,26.04,-312.9,-34.8914,-34.8854,0.780497,1014.37
680126,1.58297,23.5677,3.39072,88.06,14.42,-332.08,-32.8861,-37.2005,0.808851,1014.37
680132,2.09469,25.9589,2.9077,81.34,4.34,-346.71,-31.3392,-38.0397,1.21999,1014.38
680138,2.13773,27.1832,2.57293,69.09,-10.78,-360.29,-29.4199,-37.8661,1.80125,1014.38
680144,2.78336,27.164,2.5012,60.34,-26.81,-370.02,-27.6724,-40.0654,1.6453,1014.42
680150,3.4768,25.935,2.75944,58.31,-43.33,-377.3,-25.4094,-41.3387,0.652903,1014.42
680156,4.33285,23.8594,3.11812,62.44,-63,-383.04,-24.9797,-41.1651,2.21239,1014.4
680162,5.23673,22.9699,2.91248,69.51,-82.32,-382.41,-22.0577,-43.0172,3.43162,1014.4
680168,6.6571,21.5256,3.57724,79.87,-89.46,-374.57,-19.68,-44.522,3.43162,1014.42
680174,8.4505,18.8857,6.88666,108.22,-104.3,-356.86,-18.1045,-43.6828,4.67921,1014.42
680180,12.2621,21.7886,4.78718,118.79,-109.06,-335.86,-16.2138,-44.059,5.9268,1014.42
680186,17.0158,27.3601,1.22429,104.44,-101.01,-315.7,-14.1799,-45.3612,6.13946,1014.46
680192,19.0579,29.2683,-0.0191296,75.67,-99.05,-291.83,-12.9767,-45.7664,6.02604,1014.46
680198,23.7972,30.1148,-2.19512,32.9,-92.75,-264.81,-11.7449,-45.1876,7.50046,1014.43
680204,28.0823,27.0062,-2.40555,-0.56,-82.67,-238.07,-9.02351,-46.6056,5.96933,1014.43
680210,31.6834,22.6686,-1.44907,-20.79,-72.94,-203.07,-7.73441,-46.432,6.01186,1014.46
680216,38.1109,15.2654,1.70732,-18.41,-54.81,-163.59,-7.59118,-45.8243,6.50806,1014.46
680222,40.2535,12.5921,3.04161,-9.17,-47.95,-117.95,-5.78644,-46.1137,6.9192,1014.48
680228,45.1219,7.62315,6.61406,31.85,-11.13,-72.17,-5.29945,-46.9818,6.1111,1014.48
680234,39.8374,10.1435,6.17408,56.77,-9.24,-15.33,-6.07291,-46.4899,6.36629,1014.46
680240,36.3367,12.4582,5.71497,69.58,6.72,39.48,-6.38802,-46.1715,6.96173,1014.46
680246,28.9096,15.7341,4.63415,70.21,14.42,88.2,-6.38802,-46.895,6.45135,1014.45
680252,24.5911,16.9153,3.90244,53.69,15.26,123.69,-5.75779,-45.3323,6.52224,1014.45
680258,20.9852,17.1784,2.7977,35.07,20.65,146.09,-7.4193,-44.6088,7.57135,1014.48
680264,18.3405,16.2697,2.78814,16.03,21.84,153.65,-7.7917,-46.0558,6.97591,1014.48
680270,-18.0727,17.0397,12.6877,237.09,264.81,251.51,-9.19538,-46.432,7.20274,1014.48
680276,-22.659,84.3281,-21.2673,-498.89,-118.23,233.66,-10.9715,-44.2616,7.37287,1014.44
680282,9.04352,-19.1822,-5.50933,-238.84,63.07,248.43,-12.6043,-45.0719,4.56579,1014.44
680288,-51.8508,-4.32329,21.076,-112.21,-134.54,294.42,-13.4637,-45.6217,4.01289,1014.41
680294,-15.9158,-0.71736,8.98613,-18.9,-192.5,292.39,-15.2112,-43.9722,4.69339,1014.41
680300,-5.66236,6.8484,4.54806,-53.06,-92.33,322.91,-17.417,-43.6828,4.99111,1014.39
680306,-8.43137,1.59254,13.2281,24.29,-159.6,324.73,-18.1045,-44.5799,3.98453,1014.39
680312,1.21473,6.57102,9.59828,40.32,-181.02,309.26,-20.2243,-43.6539,4.70757,1014.45
680318,13.692,14.8159,-1.44907,-16.52,-118.79,303.31,-21.9431,-41.5992,6.09693,1014.45
680324,11.7264,17.1688,0.865614,-50.54,-57.12,294.84,-23.2609,-42.0043,5.78503,1014.42
680330,11.4108,21.9464,-0.95648,-52.29,-49.28,255.99,-24.464,-41.5992,4.29643,1014.42
680336,8.84266,18.2688,-4.03635,-90.51,3.22,232.75,-25.7531,-39.9207,5.51566,1014.42
680342,0.511717,11.693,5.01196,-73.22,4.2,221.48,-27.3287,-40.4995,3.4458,1014.42
680348,-1.9034,9.58393,4.63415,-54.53,-7.98,221.83,-27.5006,-41.0204,3.89947,1014.42
680354,9.06265,17.8575,13.9598,-34.3,-119.98,117.95,-28.5318,-38.3001,4.70757,1014.44
680360,16.7671,9.23003,-5.87757,-11.2,-30.8,80.71,-29.5345,-38.5027,4.38149,1014.44
680366,5.39933,15.8154,-2.34338,-49.42,-33.74,61.67,-29.8209,-39.313,2.60935,1014.4
680372,1.10473,10.2535,1.0856,-72.1,-34.44,59.15,-29.9928,-38.2423,3.50251,1014.4
680378,2.10904,5.30368,6.66188,-30.73,-34.37,40.46,-30.3079,-37.6346,3.6301,1014.39
680384,3.67288,5.76757,5.36585,-7.77,-8.05,37.59,-29.9642,-38.9079,3.82858,1014.39
680390,-0.521282,7.99617,2.16164,-5.32,-0.91,38.01,-30.4798,-38.4159,2.86454,1014.44
680396,-1.12386,7.13534,3.26638,14.07,-25.34,28.49,-30.4798,-37.2005,3.85694,1014.44
680402,5.69106,9.90435,-0.334768,1.26,4.69,20.44,-30.5371,-37.895,4.42402,1014.42
680408,0.731707,8.39789,2.63032,7.49,4.06,15.61,-30.623,-38.1265,2.99213,1014.42
680414,0.205643,8.54615,0.210426,12.88,-0.7,7.98,-30.6803,-37.4899,4.66503,1014.41
680420,0.884744,11.2004,-1.95122,-0.35,6.09,8.61,-30.4512,-37.8661,3.99871,1014.41
680426,-0.521282,10.153,0.674318,-2.87,-0.91,6.65,-31.4538,-38.8211,2.90707,1014.41
680432,1.08082,9.61262,1.38211,1.47,1.96,2.66,-30.5371,-37.2873,3.82858,1014.46
680438,-0.0143472,9.8374,1.54472,0.91,3.15,2.17,-30.5657,-37.6056,4.6225,1014.46
680444,-1.6834,10.6648,1.16212,1.82,3.22,4.83,-30.5371,-38.7053,3.23314,1014.45
680450,-1.36777,10.9421,0.516499,-1.12,-2.45,8.47,-31.3965,-38.5606,3.57339,1014.45
680456,-0.712578,11.4538,0.449546,-8.33,-0.84,10.5,-31.196,-37.0847,4.82098,1014.41
680462,-0.683883,10.1148,1.36777,-4.9,-2.73,12.6,-31.8835,-38.0397,4.1263,1014.41
680468,-0.344333,10.77,0.47824,-10.43,-0.35,12.25,-31.3392,-38.1844,3.64428,1014.4
680474,-0.420851,9.99043,1.17647,-9.1,-0.42,14.07,-31.4538,-37.2005,2.80783,1014.4
680480,-0.487805,10.2343,1.1143,-8.47,-2.38,13.44,-31.0527,-36.6506,3.54504,1014.45
680486,-1.04256,10.3204,1.06169,-12.11,1.26,13.72,-31.6257,-38.6474,2.7653,1014.45
680492,-0.363462,9.23003,1.956,-6.93,-0.35,13.44,-31.5397,-37.2873,3.6301,1014.46
680498,0.023912,9.27786,1.7934,-3.01,1.33,12.18,-31.4824,-35.9561,4.36731,1014.46
680504,-0.0430416,9.3209,1.51124,-0.49,0.42,10.36,-31.9981,-37.9239,2.59517,1014.42
680510,0.37781,9.41655,1.28647,0.7,1.61,9.38,-31.3965,-38.358,2.86454,1014.42
680516,0.191296,9.44046,1.09995,1.26,4.48,7.21,-31.6257,-36.6796,4.18301,1014.42
680522,0.243902,9.70349,0.827355,-1.54,4.76,6.3,-32.084,-37.4899,3.72934,1014.41
680528,0.047824,9.63654,0.865614,-1.47,4.41,6.58,-32.0267,-38.5317,2.65188,1014.41
680534,-0.363462,9.97609,0.765184,-0.98,2.94,4.83,-31.7689,-36.969,3.84276,1014.41
680540,-0.516499,10.4208,0.401722,-5.18,0.49,6.23,-31.7403,-37.1426,4.02706,1014.41
680546,-0.45911,10.3587,0.373027,-6.72,-0.77,7.14,-32.1413,-38.1555,2.08479,1014.43
680552,-0.334768,10.3204,0.368245,-9.8,-2.59,7.35,-31.9121,-37.2005,3.20479,1014.43
680558,-0.674318,10.5165,0.21999,-11.97,-5.67,7.84,-31.3965,-36.8821,4.23972,1014.44
680564,-0.0095648,10.1913,0.33955,-16.03,-5.11,8.89,-33.0007,-38.7921,1.65948,1014.44
680570,-0.176949,10.2439,0.487805,-17.01,-5.74,8.82,-31.9981,-37.9529,2.32581,1014.4
680576,0.0047824,9.87087,0.813008,-17.5,-5.18,8.68,-31.7116,-36.1297,2.96378,1014.4
680582,-0.549976,10.1243,0.779531,-20.37,-8.26,8.75,-32.2559,-37.7503,1.91467,1014.42
680588,0.0430416,9.67001,1.19082,-19.46,-5.04,8.4,-31.8835,-38.6474,2.58099,1014.42
680594,-0.105213,9.69871,1.19082,-18.41,-5.67,8.75,-31.597,-36.94,3.40327,1014.42
680600,0.071736,9.58871,1.1143,-18.62,-5.25,7.77,-32.1413,-36.8532,3.37491,1014.44
680606,-0.0286944,9.87087,1.05691,-20.3,-4.69,8.68,-32.1986,-38.0108,2.2691,1014.44
680612,-0.0334768,9.68914,1.18125,-19.6,-5.81,8.4,-32.3418,-37.2005,3.54504,1014.46
680618,0.282162,9.70349,1.11908,-18.62,-1.82,9.1,-32.084,-36.6506,2.9496,1014.46
680624,-0.0286944,10.1578,0.884744,-20.79,0.14,9.52,-32.7142,-38.4159,1.87214,1014.47
680630,-0.306074,10.1148,1.11908,-22.33,-1.82,10.57,-32.9721,-38.0108,1.00733,1014.47
680636,-0.420851,10.2869,0.989957,-21.84,1.26,12.04,-32.5997,-36.969,2.51011,1014.43
680642,-0.315638,10.2965,0.870397,-24.08,0.49,13.79,-32.8861,-37.9818,2.32581,1014.43
680648,-0.487805,10.3539,0.999522,-24.22,2.17,16.1,-32.7715,-38.0397,2.19821,1014.47
680654,-0.526064,10.2535,1.12386,-25.62,1.33,17.57,-32.8575,-36.5349,2.75112,1014.47
680660,-0.382592,10.3252,1.1956,-26.32,1.75,19.6,-32.6283,-36.6796,2.85036,1014.45
680666,-0.114778,10.2726,1.02822,-27.65,2.45,20.58,-32.084,-37.8661,2.1415,1014.45
680672,0.0813008,10.11,1.48733,-27.79,5.39,21.07,-33.0866,-37.0558,1.82961,1014.45
680678,0.0382592,9.74653,1.75992,-28.49,3.5,22.33,-33.2585,-36.3034,2.90707,1014.45
680684,0.176949,9.49306,1.90818,-25.55,4.9,20.44,-33.545,-37.7214,1.29087,1014.45
680690,0.224773,10.0622,1.42037,-23.03,6.16,21.21,-33.459,-37.2873,1.09239,1014.45
680696,-0.0430416,10.8513,1.0043,-30.17,5.81,22.75,-33.3731,-36.5349,1.40429,1014.45
680702,-0.143472,10.1339,1.59254,-28.21,5.67,23.24,-33.5736,-36.014,1.37594,1014.49
680708,0.167384,9.85653,1.99426,-27.16,7.07,23.45,-33.7742,-37.5188,0.241766,1014.49
680714,-0.521282,10.88,1.66906,-30.17,5.6,26.53,-33.5736,-35.6088,0.837206,1014.47
680720,-0.167384,11.3056,0.81779,-32.62,8.82,28.98,-34.3184,-35.8982,1.1491,1014.47
680726,0.023912,10.8752,0.93735,-33.74,10.01,31.64,-33.058,-36.6217,0.383537,1014.44
680732,-1.14299,11.4634,1.63558,-34.51,8.12,36.19,-33.7455,-35.8982,-1.06253,1014.44
680738,-0.985174,11.4586,2.41989,-31.08,6.51,42.28,-33.8028,-35.2616,0.837206,1014.46
680744,-3.84027,13.3859,5.1076,-21.91,-4.34,55.86,-34.433,-35.3484,0.76632,1014.46
680750,-3.26638,13.2664,4.22286,-11.13,-12.95,68.46,-34.92,-35.4931,-0.282789,1014.45
680756,-0.439981,12.0803,1.26255,-10.71,-5.74,75.32,-35.1206,-34.1908,0.0716399,1014.45
680762,-1.54472,11.889,3.19943,-8.47,-9.87,81.06,-34.9773,-35.03,-0.12684,1014.45
680768,-2.05165,13.3142,3.60115,-4.55,-9.73,92.54,-35.8654,-35.7535,-0.736457,1014.44
680774,-2.00383,13.5677,3.07508,-2.1,-10.92,100.38,-36.3524,-33.641,1.00733,1014.44
680780,-2.05165,12.6303,3.62984,0.98,-10.85,109.41,-35.9227,-33.178,-0.183549,1014.45
680786,-2.46294,12.2621,4.57197,7.98,-16.66,117.39,-36.4956,-34.1619,-0.311143,1014.45
680792,-2.00861,12.9986,4.15591,13.16,-19.88,126.14,-36.4669,-33.2069,0.681257,1014.47
680798,-1.45385,12.109,4.13678,16.1,-20.72,131.95,-38.329,-31.5284,0.511131,1014.47
680804,-2.02296,11.2434,5.40889,26.32,-26.11,138.95,-38.4722,-32.3966,0.128348,1014.46
680810,-0.798661,11.2339,4.76805,40.04,-24.85,146.37,-38.9878,-31.1522,0.482777,1014.46
680816,-1.47776,12.5442,3.53419,41.93,-28.07,154,-40.1624,-30.0526,0.411891,1014.45
680822,0.105213,12.9412,1.34864,45.78,-21.35,161.42,-40.7353,-30.0526,1.60277,1014.45
680828,-0.301291,13.8977,0.894309,50.12,-15.68,172.2,-41.6233,-29.9947,0.76632,1014.48
680834,-1.09517,16.3893,0.636059,49.07,-7.14,184.03,-42.626,-28.2005,2.07062,1014.48
680840,-2.97944,17.2406,1.24821,46.34,-9.87,198.94,-43.027,-27.6796,3.04884,1014.48
680846,-3.44811,18.1636,0.903874,40.25,-8.19,215.81,-43.4567,-27.3612,1.31923,1014.45
680852,-2.70684,19.4787,-0.411286,38.08,-5.81,233.17,-43.8578,-25.8564,2.07062,1014.45
680858,-2.76901,20.3922,-1.58776,26.11,-3.08,253.19,-44.8317,-24.3516,2.1415,1014.45
680864,-4.11286,22.769,-2.33859,11.2,-0.56,277.2,-46.1781,-24.1201,2.04226,1014.45
680870,-4.61023,24.2755,-1.17647,4.62,0.42,298.69,-47.6678,-23.3098,1.70201,1014.45
680876,-6.56145,26.2076,-2.1999,-16.87,12.11,328.58,-47.9829,-19.8661,2.56682,1014.45
680882,-7.13056,23.4242,0.071736,-11.83,2.1,357.42,-47.9256,-19.7503,2.72277,1014.45
680888,-6.75275,23.1229,0.569106,-14.14,6.65,383.25,-49.7876,-18.0719,1.60277,1014.45
680894,-8.21616,25.9971,0.93735,-22.12,-3.36,409.99,-51.0481,-15.5252,2.59517,1014.43
680900,-7.34098,27.3936,0.454328,-35.21,-0.77,441.91,-52.0793,-13.3838,2.53846,1014.43
680906,-6.17408,24.9976,0.215208,-40.39,-3.08,465.08,-53.97,-11.9657,2.22657,1014.45
680912,-4.91631,25.0837,0.487805,-35.7,-0.56,493.64,-53.9987,-9.12973,2.01391,1014.45
680918,-5.15064,25.4137,0.105213,-36.89,12.18,512.89,-54.1132,-5.686,2.39669,1014.42
680924,-4.24677,19.9378,1.99904,-15.12,-5.32,518,-55.2878,-4.21012,1.19163,1014.42
680930,1.58297,20.3204,2.76423,15.19,25.34,524.09,-56.3763,-1.17153,1.21999,1014.42
680936,-3.33812,22.1856,0.148254,0.98,30.94,525.49,-55.9466,2.33007,2.6377,1014.4
680942,-2.52989,17.3505,2.80727,20.37,30.17,519.82,-57.0352,4.67413,1.68783,1014.4
680948,-1.06169,25.1076,1.76471,44.17,26.04,511.63,-57.3503,6.93136,0.496954,1014.43
680954,-0.368245,29.1583,-1.86035,37.17,48.02,511.7,-56.405,11.0986,1.09239,1014.43
680960,-3.65375,28.5222,-5.30368,16.94,65.66,515.55,-56.9206,12.7191,1.12075,1014.41
680966,-6.18364,16.4562,-4.39503,47.39,58.03,489.93,-57.8373,15.9603,-0.537977,1014.41
680972,-1.74079,14.3042,-9.97609,30.66,108.99,430.64,-55.6602,18.3044,-1.53038,1014.4
680978,-8.37877,6.79579,-14.3902,-27.02,139.86,360.08,-53.7981,20.4748,-0.552154,1014.4
680984,-16.4467,-2.85031,-14.8207,-86.24,150.92,305.2,-55.5456,22.0375,-2.66455,1014.43
680990,0.813008,-13.2568,9.55045,-45.99,45.92,193.55,-54.6862,23.2529,-2.87721,1014.43
680996,16.9393,-15.4519,5.4615,26.88,89.18,41.3,-53.7981,23.7738,-2.28177,1014.42
681002,4.05069,1.05213,-3.45768,25.48,94.99,-80.43,-54.5716,23.3397,-3.38758,1014.42
681008,-5.42802,-1.05213,2.15208,53.27,75.39,-173.74,-55.0872,22.4137,-4.26657,1014.42
681014,-9.53132,1.14299,0.703013,56.77,47.46,-235.34,-54.1992,22.1822,-3.17493,1014.4
681020,-13.6538,8.65136,-3.3142,31.36,21.14,-272.58,-54.8867,20.6484,-4.12479,1014.4
681026,-13.9694,10.6265,-3.62506,4.83,7.07,-286.09,-56.7487,19.2593,-4.1815,1014.39
681032,-13.8737,11.2052,-2.67336,-13.3,-8.4,-283.85,-56.405,17.031,-4.22403,1014.39
681038,-12.5012,10.1674,-1.41559,-25.83,-21.35,-274.82,-55.918,16.3076,-3.1891,1014.38
681044,-10.8513,8.48398,-1.62602,-32.41,-26.11,-262.43,-57.5795,15.0921,-4.37998,1014.38
681050,-9.10569,2.89335,-1.13821,-26.74,-30.87,-256.34,-57.3503,12.9796,-3.95467,1014.39
681056,-7.38881,1.18604,-1.99426,-10.08,-27.37,-251.72,-56.1758,12.9507,-3.24581,1014.39
681062,-5.66714,0.205643,-2.39598,-0.21,-19.04,-252.7,-56.6914,11.359,-4.23821,1014.44
681068,-4.77762,-2.37207,-1.31038,30.38,-13.65,-257.6,-57.4363,9.59374,-3.72783,1014.44
681074,-4.49067,-2.12339,-1.53993,52.15,-10.08,-266.63,-56.4336,8.6677,-3.48682,1014.43
681080,-2.85988,-0.373027,-2.12817,69.72,2.17,-276.92,-56.0612,7.19181,-4.42251,1014.43
681086,-3.29029,0.927786,-2.52989,82.74,7.28,-290.29,-57.2357,5.3976,-4.43669,1014.43
681092,-4.12721,2.86944,-1.69297,89.6,15.75,-302.54,-56.1185,3.48763,-2.84885,1014.39
681098,-4.7824,4.70588,-1.64515,89.53,14.35,-315.35,-56.2331,1.2304,-1.92734,1014.39
681104,-5.05978,5.95409,-1.58776,84.42,16.52,-327.6,-56.3477,-0.679571,-3.47265,1014.42
681110,-5.7341,6.86274,-0.85605,79.24,15.12,-335.51,-56.4909,-2.38697,-3.79872,1014.42
681116,-5.86322,7.36968,-0.506934,73.36,11.83,-344.82,-55.0013,-3.34195,-2.46607,1014.36
681122,-5.75801,7.82879,-0.420851,65.31,10.29,-350.21,-55.9466,-5.54131,-3.77037,1014.36
681128,-6.11191,7.97226,-0.0908656,61.88,7.56,-354.34,-54.1705,-7.62491,-3.43011,1014.34
681134,-5.5715,7.74749,0.420851,64.54,7.35,-357.28,-52.8814,-8.52202,-2.83467,1014.34
681140,-5.27977,7.37924,0.645624,69.16,6.02,-359.38,-53.0533,-9.94002,-3.45847,1014.37
681146,-5.0263,7.32185,0.865614,79.17,3.71,-364.35,-52.3372,-13.4416,-3.43011,1014.37
681152,-4.19895,8.2066,0.71736,88.27,5.25,-371.56,-51.3632,-14.8596,-3.11822,1014.35
681158,-4.27547,9.03874,0.765184,95.55,4.97,-376.46,-50.3892,-16.104,-2.8205,1014.35
681164,-3.87853,10.966,0.502152,101.99,6.58,-381.92,-49.5871,-19.0268,-3.79872,1014.38
681170,-3.72549,12.6016,0.181731,103.04,8.61,-386.82,-48.1548,-20.6185,-3.0048,1014.38
681176,-3.48159,13.8737,0.449546,101.64,10.99,-388.01,-47.0662,-21.4866,-1.75721,1014.38
681182,-3.39072,15.9493,0.545194,98.14,13.86,-385.35,-44.8604,-23.686,-2.15417,1014.41
681188,-3.59636,17.5562,0.923003,93.1,13.93,-376.74,-43.8005,-25.6538,-2.12582,1014.41
681194,-3.11334,19.5265,1.45863,87.99,13.51,-364.07,-42.5114,-26.4063,0.114171,1014.39
681200,-2.84553,20.3635,1.93687,80.36,12.81,-346.01,-41.9671,-28.0558,0.0716399,1014.39
681206,-2.5012,20.88,2.82162,76.58,9.03,-326.76,-40.3915,-30.8629,-0.72228,1014.42
681212,-1.98948,21.9034,2.77857,72.38,7.7,-309.4,-39.0738,-31.4995,-0.552154,1014.42
681218,-1.9034,22.2908,3.14204,68.81,1.96,-294.98,-37.2977,-31.9336,-0.155194,1014.39
681224,-0.167384,21.7551,3.72071,69.09,-1.54,-290.85,-37.0112,-33.7278,0.638726,1014.39
681230,1.69775,20.4208,2.54902,71.26,2.45,-299.04,-35.7794,-34.9432,0.837206,1014.42
681236,0.832138,20.9469,4.25634,85.54,-8.33,-310.45,-34.6336,-34.9143,1.39011,1014.42
681242,1.56384,22.8599,3.23768,84.07,-11.41,-328.02,-32.6283,-37.2584,1.78707,1014.42
681248,0.989957,22.9746,3.97417,87.85,-23.03,-347.48,-31.5397,-38.2423,1.75872,1014.42
681254,0.468675,25.0933,3.62028,84.77,-40.39,-367.01,-30.136,-37.3741,2.70859,1014.42
681260,0.526064,26.3032,3.54376,76.51,-61.88,-383.6,-27.3573,-39.1394,3.21897,1014.41
681266,1.0043,27.3745,3.24725,66.92,-83.58,-395.36,-25.438,-40.8757,2.55264,1014.41
681272,2.8264,26.944,3.53419,59.22,-97.65,-397.53,-23.3755,-41.5124,3.98453,1014.42
681278,5.51889,25.0359,5.99713,69.3,-116.2,-389.76,-21.5134,-42.0622,4.69339,1014.42
681284,9.35916,27.0206,4.12721,71.33,-124.6,-377.86,-20.1097,-43.6828,4.22554,1014.46
681290,13.4768,29.1822,2.41033,59.22,-117.04,-360.43,-17.6175,-44.1748,5.47313,1014.46
681296,17.8527,31.4012,0.0621712,36.89,-111.65,-338.59,-15.6982,-43.1619,6.47971,1014.45
681302,21.5017,32.1186,-2.41033,5.81,-99.4,-316.54,-14.2658,-45.1008,5.88427,1014.45
681308,26.308,28.8666,-4.15112,-27.3,-83.09,-289.17,-11.1147,-46.1137,5.04782,1014.42
681314,29.3448,25.098,-4.76805,-47.18,-63.63,-258.23,-10.5704,-45.2744,6.32376,1014.42
681320,31.0665,21.9943,-4.90674,-58.8,-48.65,-222.88,-9.25268,-45.5638,5.33136,1014.42
681326,39.4883,12.2477,-1.17169,-35.14,-7.14,-180.18,-7.7917,-46.8661,5.9268,1014.42
681332,40.9995,8.59876,1.06648,3.78,12.6,-133.49,-7.13283,-45.5059,5.28883,1014.42
681338,44.6772,7.22142,2.96987,41.86,32.62,-90.86,-6.96095,-45.8821,6.70654,1014.44
681344,45.0502,9.03395,3.04161,69.72,60.2,-41.16,-6.30208,-46.7503,5.60072,1014.44
681350,39.7752,11.3917,4.19895,86.52,72.03,5.95,-6.24479,-46.0558,5.69997,1014.44
681356,34.3185,16.9967,3.77331,120.61,129.78,51.24,-6.73178,-45.1587,7.08932,1014.44
681362,-18.6274,126.738,44.7872,-132.58,-126.07,274.33,-7.64847,-46.2005,6.89084,1014.45
681368,40.1961,30.8082,7.71879,-247.66,-2.66,331.66,-8.96621,-45.8532,5.20376,1014.45
681374,16.9297,-13.1133,-1.12865,-193.27,111.23,345.66,-10.7423,-44.059,4.77845,1014.44
681380,-45.1459,-12.3529,35.055,-126.7,-106.19,388.85,-13.1486,-44.522,4.97693,1014.44
681386,-2.01817,-10.7987,15.0215,101.57,-195.79,359.8,-15.87,-45.3323,3.28985,1014.42
681392,5.13152,19.7417,-5.99235,7.7,-35.07,375.13,-16.93,-44.551,4.21137,1014.42
681398,-4.09373,16.1263,3.48637,1.75,-121.59,347.2,-19.5655,-42.9014,6.1111,1014.42
681404,1.94644,12.109,6.44189,12.81,-150.78,314.72,-20.654,-43.567,4.89187,1014.42
681410,8.11573,12.4677,5.25586,14.84,-119.49,309.19,-21.7999,-42.3227,4.39567,1014.4
681416,11.626,20.1339,3.28551,12.18,-79.87,293.09,-23.6906,-40.6442,5.51566,1014.4
681422,10.1339,27.8097,-13.5725,-94.99,-52.99,261.73,-25.2661,-41.0493,5.67161,1014.4
681428,6.91535,15.2893,-1.65471,-117.46,-19.46,253.05,-25.4094,-40.76,3.99871,1014.43
681434,3.87853,8.55571,4.96413,-80.92,-12.67,230.65,-27.5579,-38.8211,4.32478,1014.43
681440,14.1798,11.4443,15.3276,-36.75,-99.61,159.46,-28.274,-38.2423,3.97035,1014.41
681446,23.2855,4.69632,-1.34385,14.56,-22.89,75.67,-28.8183,-39.9497,3.98453,1014.41
681452,5.04543,13.802,-5.57628,-35.07,-13.93,48.79,-29.5058,-38.4448,3.53086,1014.41
681458,-3.69201,14.792,0.899091,-70.77,-14.14,60.13,-29.1907,-38.0397,5.37389,1014.41
681464,-3.27116,6.06408,4.93544,-28.77,-27.23,58.52,-30.1933,-38.7632,4.70757,1014.38
681470,2.94596,7.34577,4.17504,-9.52,-24.36,45.57,-30.8236,-38.3001,4.33896,1014.38
681476,2.1186,7.40316,0.83692,-7.21,-8.61,42.21,-30.2506,-37.5477,4.72174,1014.37
681482,1.15734,7.47489,2.39598,-2.73,-19.04,37.38,-30.9095,-38.1844,4.56579,1014.37
681488,4.022,7.84314,1.50167,6.09,-8.96,21,-31.0814,-39.0236,3.80023,1014.4
681494,1.41559,10.1817,1.25777,-0.91,1.61,13.58,-30.5657,-37.0268,4.60833,1014.4
681500,0.315638,8.51745,1.42516,12.67,-7.14,12.18,-30.9382,-37.8371,4.76427,1014.4
681506,-0.760402,12.4199,-1.13343,-2.24,-12.11,7.35,-31.1387,-38.0397,4.29643,1014.42
681512,0.85605,9.44046,1.20995,-7.07,-2.52,5.04,-30.7376,-37.895,4.19719,1014.42
681518,-0.21999,10.1865,0.109995,-5.32,-9.87,4.55,-31.4251,-36.8821,5.89845,1014.4
681524,0.621712,10.2152,0.97561,-8.75,1.33,0.91,-31.4538,-38.1265,4.26807,1014.4
681530,-0.679101,8.63223,2.96987,5.46,-3.85,-0.21,-31.2246,-38.0108,4.69339,1014.41
681536,-0.923003,10.7747,1.05691,-1.75,-0.77,4.83,-31.1387,-37.3741,5.34554,1014.41
681542,-0.784314,10.263,1.4395,0.77,-0.21,5.67,-31.4251,-38.0976,3.72934,1014.43
681548,-0.712578,10.1626,1.58776,2.38,1.12,7.42,-31.3392,-38.6474,3.02049,1014.43
681554,-0.607365,10.2248,1.45863,0.98,2.03,11.2,-31.0814,-36.7085,3.87111,1014.43
681560,-0.291726,10.7413,0.889526,-0.42,4.83,10.85,-31.196,-36.6796,4.40985,1014.43
681566,-0.526064,10.5595,0.85605,-0.14,3.57,11.55,-31.0241,-38.3001,4.73592,1014.41
681572,0.0860832,10.6504,0.387374,-5.6,5.46,12.04,-31.7403,-36.9979,4.4382,1014.41
681578,-0.0908656,10.22,0.506934,-6.44,6.09,10.71,-32.0267,-36.5638,4.29643,1014.41
681584,-0.291726,9.90913,1.033,-6.37,4.9,10.57,-32.2272,-38.3291,4.72174,1014.45
681590,-0.21999,9.78001,1.12865,-6.58,3.64,10.15,-31.8262,-37.403,3.6301,1014.45
681596,0.10043,9.76566,0.884744,-7.56,4.34,8.68,-31.9981,-36.7953,4.9344,1014.45
681602,0.248685,9.63175,0.85605,-4.76,5.53,7.28,-32.084,-37.8661,3.51669,1014.45
681608,-0.10043,9.81827,0.726925,-10.43,4.69,7.77,-32.2272,-38.1844,3.51669,1014.44
681614,0.215208,9.56002,1.00909,-8.26,4.34,6.02,-31.8548,-36.477,4.16883,1014.44
681620,0.047824,9.61262,1.06169,-7,4.9,4.83,-31.5111,-36.9111,3.74352,1014.43
681626,-0.353898,9.89957,0.889526,-9.66,2.52,4.41,-31.2246,-38.358,3.41745,1014.43
681632,-0.153037,9.85174,0.679101,-9.94,1.47,4.13,-32.2272,-37.0847,3.45998,1014.42
681638,-0.253467,9.9713,0.631277,-12.18,0.63,3.5,-31.5684,-36.6217,4.22554,1014.42
681644,-0.306074,10.0383,0.621712,-13.86,-1.05,4.27,-31.9981,-37.8082,3.27567,1014.44
681650,-0.277379,10.11,0.526064,-15.61,-2.52,3.92,-31.9408,-37.5477,2.87871,1014.44
681656,-0.172166,10.1243,0.49737,-18.41,-2.94,4.13,-31.4251,-36.3902,3.57339,1014.41
681662,-0.196078,9.96652,0.741272,-21.21,-3.99,4.27,-31.2533,-37.6056,2.24074,1014.41
681668,-0.143472,9.68436,1.29603,-19.6,-3.5,4.9,-31.683,-37.4899,1.9572,1014.41
681674,-0.0382592,9.84696,1.20516,-17.99,-0.35,6.37,-32.0267,-36.6506,3.71517,1014.43
681680,-0.0908656,10.0717,0.865614,-20.16,0.84,7.28,-31.9694,-36.9979,2.89289,1014.43
681686,-0.61693,9.82783,1.3056,-21.07,-0.42,8.47,-31.9408,-37.403,2.70859,1014.43
681692,-0.157819,9.70349,1.21951,-19.39,0.91,8.68,-32.3991,-36.1297,3.84276,1014.43
681698,-0.205643,9.65088,1.37733,-18.97,2.03,9.59,-32.0267,-35.7825,2.59517,1014.43
681704,-0.37781,9.98087,1.11908,-19.6,-0.21,10.57,-31.8835,-37.8082,2.70859,1014.43
681710,-0.0143472,10.2296,0.73649,-21.91,1.68,11.9,-32.5997,-36.7374,3.31821,1014.44
681716,-0.463893,10.4017,0.846485,-24.99,2.17,12.95,-32.1986,-35.8982,3.53086,1014.44
681722,-0.291726,10.1435,0.908656,-26.67,1.05,14.63,-32.7715,-37.2584,2.9496,1014.42
681728,-0.0143472,9.82783,1.45385,-25.97,3.22,15.68,-32.5424,-37.2873,0.922268,1014.42
681734,-0.301291,9.86131,1.45863,-26.32,2.87,15.89,-32.4851,-36.5349,3.64428,1014.43
681740,0.0047824,9.57915,1.61645,-25.2,3.5,16.59,-32.2559,-36.4481,2.4534,1014.43
681746,-0.248685,9.78479,1.66428,-25.06,2.87,17.71,-32.3132,-37.8371,2.51011,1014.43
681752,-0.186514,9.93304,1.53993,-25.27,2.24,17.99,-32.3418,-36.7664,2.15568,1014.5
681758,-0.516499,10.7413,1.2769,-26.53,2.38,19.95,-32.7715,-36.1008,1.51771,1014.5
681764,0.0813008,10.66,1.09039,-30.38,6.86,22.19,-32.8575,-36.9979,1.67366,1014.45
681770,0.191296,9.65088,2.24773,-32.34,2.66,18.2,-32.7715,-36.7664,1.54606,1014.45
681776,-0.511717,10.0048,1.54472,-30.03,6.86,24.99,-33.2012,-35.8693,1.87214,1014.46
681782,0.0047824,10.5643,1.65949,-21.77,0.28,19.74,-33.6882,-36.7953,2.09897,1014.46
681788,0.114778,10.1769,1.99904,-33.11,4.06,28.07,-32.8002,-37.4609,-0.0984858,1014.44
681794,-0.0334768,9.78001,1.49211,-28.63,1.47,25.69,-34.3471,-35.8982,0.851383,1014.44
681800,-0.282162,10.6982,1.27212,-29.61,2.59,24.29,-33.6309,-35.4641,0.993154,1014.45
681806,0.803443,10.2296,1.34864,-34.23,10.5,28.07,-33.9174,-37.3162,-1.19013,1014.45
681812,-0.506934,11.5017,0.73649,-41.37,7.63,30.38,-33.9174,-35.8403,0.128348,1014.47
681818,-0.411286,11.4538,2.19512,-38.78,12.18,32.06,-33.946,-35.2037,0.681257,1014.47
681824,-2.21903,11.8938,3.7494,-26.88,5.67,45.78,-33.459,-36.5638,-0.552154,1014.47
681830,-5.53324,12.7403,7.29794,-2.73,-12.6,61.95,-34.0893,-35.6378,-0.0984858,1014.46
681836,-1.74079,13.4625,1.79818,-9.24,-12.6,67.97,-35.3211,-34.4223,1.60277,1014.46
681842,-0.37781,11.9751,1.75992,-11.34,-4.76,75.53,-35.5789,-35.7246,0.511131,1014.47
681848,-1.61645,11.406,3.87853,-1.05,-7.77,81.48,-35.5216,-35.1747,-0.42456,1014.47
681854,-1.57819,12.6925,3.62028,2.17,-8.75,87.99,-36.2951,-34.596,0.312651,1014.43
681860,-2.71162,13.5916,3.78766,0.91,-12.81,98.63,-35.9513,-33.7278,0.780497,1014.43
681866,-1.64036,12.726,3.49593,8.05,-11.13,108.43,-35.7794,-34.3355,0.397714,1014.44
681872,-1.6834,13.1994,2.3912,7.84,-13.23,117.25,-36.5529,-32.9754,-0.0276001,1014.44
681878,-1.15256,12.6734,3.60115,11.06,-11.41,124.11,-37.4696,-32.194,0.539486,1014.46
681884,-2.50598,12.396,5.24629,19.18,-17.15,132.93,-38.3863,-33.2937,-0.169371,1014.46
681890,-2.23338,12.4295,5.44715,25.62,-21.84,141.75,-38.9592,-32.5124,-0.396206,1014.45
681896,-1.93687,12.4055,5.05021,33.88,-24.99,149.87,-40.2197,-31.3548,1.78707,1014.45
681902,-1.12386,12.4199,3.51028,41.09,-22.05,158.34,-40.0478,-31.3837,0.837206,1014.47
681908,-1.0043,12.066,2.30512,46.83,-21.07,168,-40.5634,-30.2551,1.54606,1014.47
681914,0.626494,13.0942,0.813008,51.38,-14.77,172.27,-41.3369,-29.1844,2.87871,1014.47
681920,-0.765184,15.4854,0.999522,50.47,-7,184.24,-42.139,-28.7214,2.66606,1014.46
681926,-3.60115,17.1593,2.27642,54.11,-6.02,202.02,-42.9984,-28.895,0.454423,1014.46
681932,-4.15591,20.77,0.703013,46.83,-10.08,220.36,-43.4281,-27.1008,2.29745,1014.45
681938,-3.70636,22.1712,-1.37733,33.32,-6.86,244.72,-44.2588,-25.4513,2.9496,1014.45
681944,-3.1803,22.8551,-2.90292,18.9,0.35,267.75,-45.0609,-25.1908,2.1415,1014.46
681950,-3.57245,23.6442,-3.41942,3.57,8.33,289.1,-45.8344,-23.9175,3.00631,1014.46
681956,-5.39933,24.175,-2.62076,-4.55,8.4,318.64,-47.0948,-21.6603,2.92125,1014.46
681962,-4.42372,24.9833,-3.14682,-13.3,20.65,347.48,-48.1261,-21.3998,2.52429,1014.46
681968,-6.06408,24.4333,-0.755619,-17.99,20.86,371.91,-48.8136,-19.6056,2.02809,1014.42
681974,-10.7891,26.5567,2.83596,-23.52,13.44,403.48,-50.0454,-17.3773,3.04884,1014.42
681980,-10.8704,26.8245,3.07987,-29.68,-6.58,434.21,-50.9908,-14.9465,2.6377,1014.43
681986,-6.67623,28.1683,1.04735,-36.47,-5.18,460.39,-53.1679,-13.731,2.53846,1014.43
681992,-8.01052,28.4122,0.363462,-52.29,-8.96,487.48,-53.3971,-10.6056,2.93542,1014.43
681998,-6.4132,28.8331,-2.40555,-62.58,7.28,519.47,-53.483,-7.36446,3.17643,1014.44
682004,-6.31277,21.3199,0.49737,-66.64,-3.01,525.28,-55.1445,-6.29372,2.70859,1014.44
682010,-1.86035,18.2257,2.54424,-20.58,-12.39,519.96,-56.0039,-2.27121,2.04226,1014.41
682016,-0.746054,26.4945,-2.34338,-15.75,22.96,534.87,-54.944,0.883129,2.59517,1014.41
682022,-3.11334,19.5074,-0.927786,-11.13,32.06,533.75,-56.4623,3.314,1.31923,1014.42
682028,-2.066,20.0956,2.03252,33.53,16.31,514.85,-57.4649,6.2947,1.51771,1014.42
682034,-2.2812,30.5643,-3.58202,8.96,32.97,508.27,-56.806,9.24647,0.496954,1014.4
682040,-3.75418,32.812,-6.06408,-25.34,56.77,508.97,-56.6055,12.0535,1.33341,1014.4
682046,-7.95313,23.142,-4.36155,-19.95,43.05,494.97,-57.4649,13.9056,1.26252,1014.4
682052,-6.79579,18.3979,-8.46485,-21.56,81.97,463.68,-56.8347,16.9153,-0.197726,1014.4
682058,-8.5605,4.55763,-13.5964,-44.73,103.88,403.48,-55.832,19.3172,0.794674,1014.4
682064,-10.8034,-4.69632,-14.6198,-84.98,139.93,328.51,-55.9753,20.1564,-0.495446,1014.4
682070,-10.7221,-11.7025,1.80775,-78.61,51.94,257.11,-55.0586,22.3558,-0.651394,1014.41
682076,16.5184,-26.0593,10.0622,38.01,44.31,88.9,-54.1419,24.0053,-0.509623,1014.41
682082,9.99043,-1.97513,-5.24629,22.19,77.56,-41.86,-55.3737,23.2529,-2.86303,1014.41
682088,-2.85988,-2.88857,1.83644,57.05,67.9,-143.64,-55.4883,22.1532,-3.0048,1014.41
682094,-8.08704,-0.301291,0.93735,80.78,37.73,-213.29,-55.4023,22.5584,-2.23923,1014.41
682100,-12.0995,7.77618,-4.14156,51.59,10.78,-266.77,-55.7175,20.9667,-2.18253,1014.41
682106,-12.8742,10.4591,-4.8637,24.64,4.55,-287.49,-56.7201,19.6066,-3.11822,1014.41
682112,-12.726,10.7174,-3.59636,2.94,-8.68,-288.05,-55.6315,18.8542,-2.91974,1014.41
682118,-12.1521,10.4113,-2.69727,-10.08,-16.73,-284.34,-56.2904,16.0761,-2.80632,1014.41
682124,-10.6313,8.85701,-1.70732,-12.74,-21.49,-273.49,-57.379,15.0053,-3.9972,1014.39
682130,-9.45481,5.26064,-2.01817,-17.92,-24.64,-261.1,-57.379,13.3847,-2.59366,1014.39
682136,-7.70445,2.07078,-1.51124,1.47,-23.94,-254.03,-56.6914,12.9217,-2.46607,1014.39
682142,-5.87757,1.75036,-3.18508,8.61,-18.62,-249.48,-58.1238,10.896,-1.44531,1014.39
682148,-4.20373,-2.05165,-1.78862,28.98,-8.19,-251.79,-57.8087,9.62268,-2.31012,1014.39
682154,-4.48589,-2.56337,-1.66906,53.9,-3.43,-258.93,-56.6914,8.23361,-2.15417,1014.39
682160,-3.10856,-1.41081,-2.42468,73.57,8.19,-265.37,-57.7227,6.69985,-2.79214,1014.39
682166,-3.09421,0.210426,-2.5825,89.04,14.42,-280.14,-58.2384,5.05033,-2.84885,1014.38
682172,-3.20421,1.46341,-1.95122,101.36,24.01,-292.53,-57.1784,4.44262,-2.83467,1014.38
682178,-4.35677,3.52463,-2.15208,102.76,22.68,-305.83,-56.4909,2.33007,-1.16177,1014.45
682184,-4.61502,4.76327,-1.76471,101.78,24.92,-319.41,-57.1498,0.159657,-1.95569,1014.45
682190,-5.5428,6.58058,-1.49211,94.36,21.98,-330.26,-56.4909,-1.86607,-2.99062,1014.41
682196,-6.00191,7.37446,-1.20995,85.47,18.27,-339.92,-55.4023,-2.50272,-1.60126,1014.41
682202,-5.95887,7.59445,-0.516499,79.59,14.63,-348.95,-56.0612,-4.93359,-2.77797,1014.38
682208,-6.1693,7.83835,-0.401722,73.15,9.8,-355.88,-55.0299,-7.82748,-2.22506,1014.38
682214,-5.40889,7.35533,0.0908656,73.92,9.38,-361.9,-53.8554,-8.52202,-2.26759,1014.33
682220,-5.31803,7.25012,0.243902,75.81,5.67,-367.99,-52.996,-11.0686,-2.59366,1014.33
682226,-5.03587,7.54663,0.406504,81.48,4.41,-371.63,-53.0533,-13.5863,-3.57189,1014.39
682232,-4.59589,8.08704,0.679101,92.12,3.15,-375.62,-51.6783,-14.9754,-2.18253,1014.39
682238,-4.17982,9.44046,0.310856,97.09,3.92,-380.31,-50.5038,-16.5381,-1.43114,1014.39
682244,-3.25203,10.6839,0.368245,103.04,7.28,-385.14,-50.0168,-18.9979,-1.84227,1014.41
682250,-2.9077,11.7121,0.282162,107.8,12.32,-391.09,-48.4412,-20.387,-1.7005,1014.41
682256,-2.55858,13.0799,0.363462,108.92,17.15,-393.82,-46.7224,-21.1683,-1.8281,1014.35
682262,-2.61597,15.3467,0.511717,107.66,21.63,-392.56,-46.0922,-24.2648,-0.367851,1014.35
682268,-2.07078,16.528,0.946915,105.21,27.86,-387.03,-44.488,-26.522,-0.62304,1014.37
682274,-2.51554,19.077,1.47298,102.13,29.19,-375.76,-43.6859,-26.4641,0.284297,1014.37
682280,-2.24773,20.5882,1.94165,96.67,31.92,-358.05,-41.7666,-28.8661,-0.0134229,1014.35
682286,-2.13773,21.4395,2.75944,93.03,30.8,-336.56,-40.1624,-30.4288,-0.750634,1014.35
682292,-1.48733,22.6829,2.84553,86.38,30.38,-316.82,-38.8446,-31.4706,-0.438737,1014.38
682298,-1.15256,22.7355,3.3955,84.91,28.91,-298.62,-37.842,-32.2519,1.1491,1014.38
682304,-0.11956,22.4055,3.96939,85.33,23.1,-290.08,-36.1232,-34.8854,1.24834,1014.39
682310,1.42516,22.2095,3.09421,80.36,25.06,-292.81,-34.8627,-35.4063,1.85796,1014.39
682316,1.48733,22.1616,4.8924,92.33,17.71,-301.63,-33.8315,-34.7985,2.21239,1014.41
682322,2.33859,23.3955,3.97417,91.21,15.33,-318.78,-32.8861,-37.2873,1.43265,1014.41
682328,2.24773,23.7255,3.95504,89.39,9.03,-339.57,-30.4225,-38.5606,2.69441,1014.41
682334,2.26208,24.6628,3.92635,81.06,-3.01,-361.48,-29.7636,-38.7632,3.11973,1014.4
682340,2.03252,25.1267,3.912,74.48,-17.99,-382.55,-26.899,-40.5285,3.2615,1014.4
682346,2.07078,25.8297,3.87853,67.97,-33.95,-395.43,-25.3521,-42.0333,4.36731,1014.39
682352,2.18556,26.4658,3.84027,60.48,-54.67,-401.24,-23.1463,-42.0911,4.29643,1014.39
682358,3.86896,26.6427,3.77331,55.51,-71.96,-396.9,-21.7139,-42.0622,4.11212,1014.4
682364,5.3802,24.8063,5.24629,56.14,-81.41,-384.16,-19.1071,-44.1169,4.90604,1014.4
682370,7.78575,23.3238,6.06887,72.87,-97.44,-366.31,-17.417,-44.7246,5.85591,1014.44
682376,13.9263,27.0014,1.93687,67.06,-95.41,-345.59,-15.8987,-43.9722,5.96933,1014.44
682382,16.9871,28.3453,0.0765184,49.98,-90.3,-325.57,-13.6929,-45.6217,6.35211,1014.45
682388,22.3338,28.1205,-2.06121,26.18,-82.74,-300.23,-11.0288,-45.8821,6.84831,1014.45
682394,26.5184,26.2889,-3.04639,3.85,-69.51,-269.92,-11.2866,-45.5638,6.77743,1014.44
682400,28.5222,23.9168,-2.29555,-9.1,-62.51,-234.08,-9.99749,-46.3452,6.25287,1014.44
682406,37.7762,16.1789,0.793878,2.8,-31.43,-191.1,-8.2214,-47.0108,5.03364,1014.44
682412,40.0048,13.5294,2.15686,18.62,-19.25,-141.26,-7.39065,-46.5767,6.2954,1014.45
682418,43.7781,11.2626,4.34242,41.3,-7.35,-89.18,-6.5599,-46.3452,7.17439,1014.45
682424,43.9885,11.9799,4.8637,62.16,10.64,-29.75,-5.12757,-47.0397,6.97591,1014.45
682430,38.7853,13.4194,5.76757,75.25,16.8,29.33,-5.67185,-47.387,6.94755,1014.45
682436,34.5194,15.1985,5.50454,77.63,21.49,76.65,-7.19012,-46.895,8.11008,1014.41
682442,29.8948,15.911,4.86848,69.86,23.1,114.03,-5.98697,-47.3291,7.81236,1014.41
682448,23.2568,17.4892,3.91679,118.65,81.48,144.83,-6.9323,-46.9529,7.88324,1014.36
682454,-37.5227,148.474,30.2774,-237.16,-105.21,350.14,-9.36726,-45.94,9.31514,1014.36
682460,41.9608,-8.93831,-3.95026,-355.81,-49.77,264.74,-10.5131,-45.477,8.01084,1014.46
682466,-24.1655,-18.9,3.11334,-231.14,88.27,297.78,-11.9455,-46.1426,4.97693,1014.46
682472,-56.7384,-17.3697,34.132,-24.15,-281.26,333.48,-14.008,-44.3484,4.29643,1014.39
682478,-5.98757,13.539,9.66523,39.06,-202.02,324.59,-16.2997,-44.9272,6.09693,1014.39
682484,3.27594,12.8694,-5.46628,1.75,-95.06,349.16,-17.1305,-45.5059,5.04782,1014.39
682490,-6.74797,9.34959,9.72262,15.33,-182.21,322.77,-18.6201,-43.4513,5.57237,1014.41
682496,5.34194,6.67145,8.05356,37.66,-204.68,301.63,-21.5134,-42.178,5.78503,1014.41
682502,15.0598,15.9254,-1.83166,16.59,-110.11,315,-22.0864,-41.9754,5.81338,1014.4
682508,15.0693,22.3864,-4.88283,-51.73,-51.03,294.07,-23.6046,-42.641,5.41642,1014.4
682514,11.5782,25.868,0.205643,-79.03,-50.82,251.3,-25.2948,-40.5574,6.02604,1014.37
682520,7.24055,14.7872,0.109995,-96.95,-3.22,238.98,-26.326,-41.2519,6.46553,1014.37
682526,5.42324,8.42659,4.41894,-68.18,43.96,233.17,-27.6151,-40.9047,4.57997,1014.44
682532,1.22908,12.5299,12.3482,-17.5,-36.68,223.86,-28.6178,-39.0236,5.21794,1014.44
682538,18.8283,6.03061,-3.87853,-2.87,-62.16,92.82,-28.9329,-38.2423,5.75667,1014.42
682544,15.275,13.4433,-5.67193,-30.66,-31.99,57.68,-29.1048,-39.5156,5.06199,1014.42
682550,1.04256,16.4897,-2.19034,-72.1,-30.52,58.1,-29.1907,-39.2841,5.77085,1014.36
682556,0.669536,6.93926,2.18556,-52.22,-17.29,61.11,-29.5058,-37.6056,5.26047,1014.36
682562,-0.181731,5.92539,5.28933,-30.59,-39.55,50.19,-30.0215,-38.4448,4.80681,1014.44
682568,2.39598,9.06743,0.923003,-28.21,-14.49,45.78,-30.9954,-39.1683,5.40225,1014.44
682574,2.52032,7.41272,4.69632,-10.43,-11.13,38.43,-30.7663,-37.3741,6.02604,1014.44
682580,2.25251,8.13008,2.18556,3.92,-6.58,25.69,-30.8809,-37.9239,5.09035,1014.42
682586,1.6308,10.4208,-0.530846,-7.28,-7.7,20.16,-30.8809,-39.3709,4.77845,1014.42
682592,1.17647,10.0574,0.755619,-12.39,2.31,17.22,-31.3679,-37.9239,5.28883,1014.42
682598,-1.42516,9.34959,1.49689,-6.86,-9.94,13.86,-31.0241,-37.8371,4.96275,1014.42
682604,1.44428,9.6461,1.04256,-8.89,-4.76,13.65,-30.9095,-38.0108,4.48073,1014.39
682610,1.26734,9.31612,1.56863,-7.84,1.4,8.75,-31.5111,-37.8082,4.80681,1014.39
682616,0.516499,8.98613,2.16643,-2.38,-0.98,5.88,-31.2533,-38.2423,4.89187,1014.44
682622,0.157819,9.81827,1.59254,0,4.48,5.6,-31.3679,-38.358,4.70757,1014.44
682628,-0.248685,9.87087,1.42037,2.8,5.46,6.37,-31.2533,-38.4159,3.77187,1014.41
682634,-0.865614,10.7413,0.593018,-3.5,2.45,9.31,-31.0241,-37.1426,5.1187,1014.41
682640,-0.703013,10.5882,0.961262,-3.01,2.94,10.85,-30.9668,-37.7503,5.07617,1014.43
682646,-0.621712,10.11,1.46341,-2.03,0.77,11.27,-31.2246,-39.4866,4.65086,1014.43
682652,-0.248685,10.6839,0.487805,-6.02,2.31,11.97,-31.5397,-37.9818,5.06199,1014.43
682658,-0.186514,10.4926,0.473458,-8.54,4.48,13.02,-31.4251,-37.5767,6.01186,1014.44
682664,-0.683883,9.90435,1.20995,-6.79,0.42,12.32,-31.7689,-39.2551,5.48731,1014.44
682670,0.0430416,9.94261,0.894309,-11.2,0.21,13.3,-32.2272,-38.0976,4.94858,1014.37
682676,0.124342,9.12482,1.78384,-8.47,0.28,10.92,-31.9981,-37.9239,6.25287,1014.37
682682,0.0813008,9.2109,1.67862,-4.83,0.35,10.01,-32.084,-38.358,4.29643,1014.48
682688,-0.023912,9.99522,0.83692,-7.35,-1.05,9.03,-31.11,-37.9239,3.41745,1014.48
682694,0.0765184,9.93304,0.865614,-8.61,1.54,8.05,-31.1387,-37.0558,4.87769,1014.45
682700,-0.10043,9.8087,0.793878,-8.89,-1.54,6.86,-31.7689,-37.8082,4.63668,1014.45
682706,0.095648,9.52176,1.12865,-7.49,-1.19,5.74,-31.597,-38.7632,4.59415,1014.4
682712,-0.0047824,9.9187,0.798661,-9.8,-2.73,5.67,-31.4824,-37.9239,4.35314,1014.4
682718,-0.167384,10.0717,0.521282,-12.11,-3.64,5.46,-32.2559,-37.1426,5.37389,1014.43
682724,-0.172166,10.2487,0.521282,-13.3,-4.41,5.6,-30.5657,-37.8082,4.65086,1014.43
682730,-0.0813008,10.44,0.449546,-14.91,-2.45,6.93,-31.9694,-37.6346,4.53744,1014.43
682736,-0.205643,11.3343,-0.296509,-18.9,0.77,8.4,-32.1127,-37.2873,4.32478,1014.42
682742,0.0382592,10.9278,-0.349115,-25.69,2.45,10.57,-32.6283,-38.0108,5.44478,1014.42
682748,-0.420851,9.93304,1.04735,-25.62,0.98,11.06,-32.5424,-38.4448,4.49491,1014.44
682754,-0.10043,10.0383,1.02343,-25.48,0.77,12.18,-31.9694,-36.8821,5.17541,1014.44
682760,-0.114778,10.1961,0.884744,-27.37,2.1,13.02,-32.571,-38.0108,3.43162,1014.43
682766,-0.49737,10.1387,1.45863,-28.49,2.52,14.42,-32.3418,-37.8371,2.6377,1014.43
682772,-0.243902,9.70349,1.29125,-27.02,1.19,15.33,-33.0007,-36.7953,4.52326,1014.46
682778,-0.21999,10.5691,0.822573,-28.56,3.57,17.36,-32.5424,-37.4609,3.50251,1014.46
682784,-0.248685,10.5691,0.908656,-31.57,4.83,18.34,-33.1153,-38.3291,2.35416,1014.46
682790,0.181731,11.1,0.636059,-36.19,8.12,20.09,-32.17,-37.2005,3.7577,1014.46
682796,-0.234338,9.86131,1.41081,-36.82,6.65,20.79,-33.1153,-36.3034,3.2615,1014.43
682802,-0.406504,9.91392,1.31038,-38.36,5.88,21.07,-33.0866,-37.4899,3.21897,1014.43
682808,0.530846,9.48828,1.38211,-37.52,9.73,21,-33.1153,-37.5477,3.1339,1014.46
682814,-0.320421,9.59828,1.48254,-38.57,5.6,20.51,-33.6309,-35.8982,2.92125,1014.46
682820,0.521282,9.18221,1.53037,-36.82,5.88,20.44,-32.8002,-37.0558,2.29745,1014.46
682826,0.425634,9.41655,1.72166,-35.7,7.7,20.37,-33.2012,-37.4899,1.44682,1014.45
682832,-0.172166,9.57915,1.89861,-35.42,6.02,21.14,-33.7169,-36.477,1.80125,1014.45
682838,-0.0334768,10.0622,1.47298,-36.05,6.3,22.61,-33.1153,-36.1587,2.08479,1014.47
682844,-0.21999,10.11,1.55906,-37.52,6.3,23.73,-32.9148,-37.6056,0.553663,1014.47
682850,0.416069,9.3735,2.16643,-36.75,8.19,24.22,-33.459,-36.4191,1.04986,1014.46
682856,-0.167384,9.25873,2.6351,-31.5,6.58,24.29,-33.9174,-35.6667,2.4534,1014.46
682862,0.23912,9.53611,2.19512,-31.78,8.47,26.11,-33.8028,-36.3902,1.03569,1014.42
682868,-0.349115,10.1291,1.84122,-31.43,5.11,25.83,-33.3158,-36.9979,1.461,1014.42
682874,0.5978,10.0622,1.36777,-30.87,10.29,28.42,-34.0033,-35.6088,1.03569,1014.46
682880,-0.808226,10.5308,2.65901,-25.62,5.74,31.78,-33.7169,-35.985,1.75872,1014.46
682886,-1.91774,11.5256,3.70636,-19.81,1.26,39.48,-35.006,-36.6217,0.213411,1014.47
682892,-3.25203,12.8599,4.90196,-13.37,-6.09,49.42,-34.6909,-35.8693,1.26252,1014.47
682898,-1.04735,11.8125,2.30512,-14,-8.33,53.9,-34.7481,-35.6957,0.582017,1014.47
682904,-0.0382592,10.7174,2.60641,-10.22,-4.13,58.73,-35.0919,-36.1008,-0.254434,1014.49
682910,-1.41081,11.3582,3.52941,-7.35,-8.05,64.26,-35.7221,-34.9722,0.950623,1014.49
682916,-1.53037,12.109,3.2329,-4.06,-8.4,71.82,-35.7221,-34.2776,1.30505,1014.46
682922,-1.75992,11.9703,3.74462,-3.57,-8.4,78.75,-35.9799,-35.1169,-0.566332,1014.46
682928,-1.91774,12.1856,3.82114,3.01,-14.56,86.66,-36.5815,-34.7696,-0.693926,1014.46
682934,-1.50167,13.4433,2.36729,3.99,-14.14,96.6,-36.9826,-33.2648,-0.0701315,1014.46
682940,-1.51124,13.8211,2.33859,1.19,-13.3,104.86,-37.2977,-33.7857,-0.509623,1014.46
682946,-1.44428,13.056,2.65423,3.22,-16.1,113.68,-38.4149,-32.8886,-0.594686,1014.46
682952,-1.14778,12.1569,4.36155,7.98,-15.82,120.47,-38.243,-31.6153,1.56024,1014.45
682958,-1.89861,12.0182,5.28455,15.19,-21.42,127.12,-38.3576,-31.3259,1.00733,1014.45
682964,-1.68819,12.0277,4.94978,21.84,-23.59,135.66,-38.7873,-32.5124,0.298474,1014.45
682970,-1.39646,12.3147,4.44285,27.23,-27.65,143.22,-39.79,-31.4995,1.47518,1014.45
682976,-1.27212,12.6351,3.94548,34.23,-28.35,150.5,-40.0191,-30.2841,1.80125,1014.45
682982,-0.755619,12.6064,2.74988,42.35,-25.2,160.86,-41.1363,-29.7632,1.54606,1014.46
682988,-0.0191296,13.8164,1.14778,42.63,-20.93,169.26,-42.1676,-28.8661,2.02809,1014.46
682994,-0.272597,14.8207,0.454328,43.75,-12.25,179.55,-42.7119,-27.94,2.96378,1014.45
683000,-0.970827,16.5136,0.344333,48.72,-7.14,194.81,-43.7432,-28.0268,2.85036,1014.45
683006,-2.70206,19.8087,-0.726925,37.59,-3.5,213.43,-44.0583,-27.5059,2.77947,1014.41
683012,-2.85988,21.6882,-1.23864,24.64,0.98,232.19,-44.8031,-25.7407,2.82201,1014.41
683018,-3.28073,22.6255,-2.08991,11.76,5.11,254.45,-45.1469,-24.7567,3.00631,1014.47
683024,-4.46198,22.9555,-2.1186,-1.26,8.12,279.44,-46.9516,-24.5252,1.56024,1014.47
683030,-4.75849,23.7064,-1.31038,-8.61,8.61,302.82,-47.0089,-22.6153,2.29745,1014.46
683036,-5.4615,25.1267,0.272597,-13.93,6.72,331.52,-48.699,-20.5606,3.50251,1014.46
683042,-7.72836,25.4471,0.143472,-21.63,12.88,361.9,-49.1001,-19.9818,1.65948,1014.45
683048,-8.90483,25.0693,-0.0526064,-29.82,0.7,387.52,-50.1027,-17.8982,2.41087,1014.45
683054,-7.2549,26.2602,0.0621712,-38.99,-0.84,416.71,-51.9361,-15.2648,3.03466,1014.44
683060,-6.94404,26.7193,1.08082,-41.37,-3.15,448.98,-52.7096,-13.6153,1.39011,1014.44
683066,-5.00717,25.3037,0.521282,-34.65,-2.52,477.75,-53.8554,-12.2262,1.21999,1014.44
683072,-4.3472,25.1124,0.0573888,-30.73,10.99,506.87,-54.3424,-8.20369,1.57442,1014.43
683078,-7.02535,24.7681,0.927786,-35.49,9.1,526.4,-55.431,-6.12009,2.55264,1014.43
683084,0.162602,16.8627,6.92013,14.14,-12.18,521.99,-56.2331,-3.97861,1.67366,1014.39
683090,3.52463,23.6729,-0.492587,26.95,41.44,528.85,-56.405,-0.0718545,2.11315,1014.39
683096,-3.49593,21.3869,0.023912,25.13,36.96,519.68,-56.4623,2.70628,2.36834,1014.41
683102,-3.1516,24.0363,4.74892,38.78,37.31,521.99,-57.6081,4.76094,0.525308,1014.41
683108,-1.11908,28.1109,-0.923003,32.06,46.27,529.41,-57.5508,7.16287,1.20581,1014.41
683114,-2.54902,24.6007,-3.98374,27.72,53.97,510.93,-56.5769,11.1854,0.823028,1014.41
683120,-0.813008,21.9895,-3.73027,33.88,69.3,480.34,-57.78,12.5455,0.794674,1014.41
683126,-4.62936,19.9235,-9.45481,15.54,99.47,447.65,-57.8373,16.0182,-0.311143,1014.41
683132,-7.6088,12.1616,-11.4682,-14.14,131.95,395.01,-56.6914,18.1307,0.185057,1014.44
683138,-12.922,-4.81588,-13.1994,-52.71,161.77,330.82,-56.2044,19.9828,-0.693926,1014.44
683144,-21.8412,-12.7594,-9.76566,-61.04,88.13,281.47,-55.8893,21.1114,-1.41696,1014.44
683150,18.3788,-19.7035,8.84266,60.48,56.42,105.63,-55.2018,22.1822,-2.89138,1014.41
683156,9.98565,2.57293,-5.48063,39.13,99.12,-6.93,-54.6862,23.1371,-2.25341,1014.41
683162,-0.798661,1.74079,0.13869,68.53,92.89,-98.14,-54.7148,22.9346,-4.3091,1014.42
683168,-9.42611,1.19082,1.21473,84.7,57.61,-171.64,-55.4596,22.1822,-4.02555,1014.42
683174,-12.4629,5.31325,-1.86514,63.7,28.84,-216.51,-55.6315,20.359,-3.62859,1014.45
683180,-13.4816,10.5213,-4.11765,24.64,7.49,-237.51,-55.8034,19.4619,-4.32327,1014.45
683186,-12.8216,10.263,-2.89813,7.07,-6.51,-246.33,-56.3763,17.8992,-5.00378,1014.42
683192,-11.6404,9.45959,-1.48254,-4.97,-19.46,-245.63,-55.4883,17.6098,-3.60024,1014.42
683198,-10.0335,6.85318,-1.17169,-9.17,-29.96,-240.8,-55.9753,15.6998,-3.95467,1014.38
683204,-8.82831,5.02152,-1.74558,-5.32,-33.04,-235.55,-58.1238,13.9635,-4.56429,1014.38
683210,-6.97274,1.21473,-2.26686,1.4,-31.43,-235.62,-56.2904,12.9796,-3.07569,1014.43
683216,-6.05452,-1.10952,-1.96557,16.59,-30.1,-236.18,-56.6914,12.0825,-3.37341,1014.43
683222,-4.98326,-1.77427,-2.48685,38.92,-25.2,-242.34,-57.5222,10.7802,-3.54353,1014.43
683228,-4.29938,-1.18604,-2.54424,52.99,-17.57,-249.34,-57.9232,8.37831,-3.501,1014.43
683234,-3.73984,-0.444763,-2.42946,69.58,-9.31,-255.92,-56.6341,8.55194,-2.86303,1014.43
683240,-3.03682,0.569106,-2.34338,84.28,-2.8,-267.12,-56.8633,6.9603,-2.56531,1014.45
683246,-3.29986,1.83644,-2.45337,91.49,2.87,-277.76,-57.8946,5.19503,-4.35163,1014.45
683252,-3.95026,3.54854,-2.08991,92.96,6.93,-288.47,-56.2044,3.45869,-3.48682,1014.41
683258,-4.47154,4.56241,-2.00861,91.35,8.54,-301.21,-56.2617,2.6484,-2.90556,1014.41
683264,-4.58154,5.10282,-1.45863,90.37,9.38,-311.85,-57.4076,-0.303365,-4.40834,1014.37
683270,-4.92109,6.09756,-1.15734,84,8.19,-322.49,-56.1758,-1.57668,-2.96227,1014.37
683276,-4.92587,6.21712,-0.5978,81.9,7,-334.04,-55.6602,-2.67636,-1.92734,1014.35
683282,-5.08369,6.59971,-0.329986,80.99,3.92,-342.23,-55.2591,-5.59919,-2.72126,1014.35
683288,-5.15064,6.75275,0,80.71,2.03,-350.07,-54.6289,-8.00111,-3.37341,1014.38
683294,-5.2176,6.90579,0.468675,84.21,-1.89,-358.19,-53.8268,-8.4352,-1.47367,1014.38
683300,-5.24629,7.58967,0.45911,87.85,-4.34,-362.18,-53.3971,-10.8371,-2.09746,1014.4
683306,-5.09326,8.40268,0.392157,91.21,-6.16,-367.29,-52.996,-13.2391,-2.96227,1014.4
683312,-3.87374,9.67958,0.205643,94.36,-4.76,-371.42,-51.8502,-14.686,-1.78557,1014.4
683318,-2.98422,10.483,0.143472,96.95,-0.91,-374.99,-50.1887,-16.2198,-0.977469,1014.38
683324,-1.61167,11.6643,0.430416,100.03,6.51,-380.24,-50.246,-18.3034,-1.79974,1014.38
683330,-0.946915,13.1468,0.0669536,98.84,16.03,-384.09,-48.4985,-19.8371,-0.552154,1014.39
683336,-0.659971,14.0698,0.396939,98.77,25.41,-386.05,-47.4386,-21.5156,-0.991646,1014.39
683342,-0.25825,15.1124,1.18604,100.03,33.74,-388.08,-46.0922,-24.2069,-0.268611,1014.41
683348,-0.0669536,16.7001,1.43472,96.74,42.28,-386.26,-44.6312,-25.6538,-0.736457,1014.41
683354,-0.315638,18.2544,2.18556,95.48,47.18,-382.13,-42.626,-26.1458,1.07822,1014.36
683360,-0.243902,19.7035,2.11382,87.78,52.78,-375.55,-41.1077,-29.6474,-1.41696,1014.36
683366,-0.722142,20.8465,2.62554,77.98,53.69,-367.01,-41.079,-31.1233,-1.62962,1014.41
683372,-0.444763,21.7838,2.69727,67.06,53.76,-359.52,-38.7014,-30.8339,0.355183,1014.41
683378,-0.143472,21.7217,2.91726,57.75,54.53,-351.26,-37.355,-32.5703,0.553663,1014.4
683384,0.248685,20.9708,3.93592,53.62,53.13,-344.19,-35.9513,-35.0879,-1.06253,1014.4
683390,0.640842,20.8034,3.75897,54.53,54.18,-338.52,-34.1752,-35.1169,0.27012,1014.4
683396,0.879962,21.1047,3.76853,56.91,53.27,-332.43,-33.3731,-35.4931,0.114171,1014.41
683402,0.813008,21.7121,3.73027,57.89,51.52,-325.99,-31.11,-39.1973,-1.09089,1014.41
683408,0.760402,22.2047,3.54376,59.92,50.4,-320.46,-29.9355,-39.1683,0.241766,1014.41
683414,0.784314,22.616,3.45768,58.73,46.55,-313.88,-28.1881,-38.85,0.553663,1014.41
683420,1.20516,22.7021,3.54376,60.83,41.23,-311.57,-26.7557,-40.1812,0.86556,1014.42
683426,2.41511,21.956,3.5868,64.68,34.3,-314.79,-24.2921,-41.4545,-0.467091,1014.42
683432,2.95074,21.7886,3.41463,68.39,27.86,-320.32,-23.4327,-40.6731,0.922268,1014.42
683438,3.03204,20.9326,3.23768,70.77,16.8,-325.22,-22.6879,-42.0911,1.91467,1014.42
683444,3.1803,21.7456,3.30942,77.14,4.9,-327.39,-20.2243,-44.3194,1.02151,1014.41
683450,3.59158,21.9751,3.10378,81.13,-9.1,-325.5,-18.4482,-43.3355,1.23417,1014.41
683456,4.24677,22.0134,3.48159,87.08,-27.09,-318.5,-17.6175,-44.3484,3.00631,1014.38
683462,5.72932,21.296,4.06504,93.94,-40.67,-308.98,-13.8648,-45.7374,2.18403,1014.38
683468,6.48015,16.308,10.8847,104.37,-47.95,-287.98,-13.12,-45.7664,3.16226,1014.42
683474,7.04448,14.2181,14.2468,148.68,-95.27,-261.24,-12.3179,-44.8403,4.33896,1014.42
683480,13.8929,21.4969,8.2879,143.5,-108.01,-236.04,-10.3985,-45.8532,6.2387,1014.42
683486,21.5734,30.0717,2.23338,99.47,-107.87,-205.03,-9.25268,-45.9979,5.27465,1014.44
683492,26.2649,30.9613,1.25777,52.29,-113.12,-174.09,-8.30734,-45.6217,6.05439,1014.44
683498,34.7489,25.208,2.00861,11.13,-110.04,-149.94,-7.96358,-45.5349,6.77743,1014.46
683504,38.0631,17.6566,4.90196,-4.27,-104.09,-120.89,-5.90103,-47.2423,5.67161,1014.46
683510,38.7183,9.91392,7.35533,6.93,-101.92,-82.74,-6.5026,-46.7503,5.75667,1014.46
683516,38.3835,10.5835,6.92013,23.17,-96.81,-39.55,-5.84373,-45.6217,5.95515,1014.46
683522,36.858,12.0373,5.59063,40.18,-83.09,17.15,-5.29945,-47.1265,5.37389,1014.43
683528,32.4342,12.7021,4.72979,55.02,-67.62,70.63,-5.78644,-47.2712,6.15363,1014.43
683534,29.3878,11.9943,4.26112,66.57,-55.58,105.21,-6.90366,-45.3034,6.7916,1014.43
683540,-33.032,139.402,34.6198,243.81,116.62,395.08,-6.21614,-46.6635,7.25945,1014.43
683546,31.6212,41.4204,-27.4271,-328.02,-188.37,298.62,-8.30734,-46.432,6.2387,1014.42
683552,21.2291,-24.7728,4.90196,-190.4,165.34,321.23,-10.5418,-44.6667,6.62148,1014.42
683558,-47.5323,-19.9187,25.012,-37.1,-230.3,388.64,-13.4637,-44.7535,5.17541,1014.42
683564,-0.846485,0.545194,23.9646,82.6,-241.99,328.72,-13.9507,-46.2005,4.94858,1014.37
683570,8.04878,14.1559,-6.91057,-4.41,-19.95,365.05,-16.4143,-43.4513,5.81338,1014.37
683576,-2.60641,8.98135,14.4715,63.98,-97.72,342.37,-18.3623,-42.5542,6.01186,1014.43
683582,10.3395,13.2425,6.00191,74.83,-135.73,298.48,-19.3363,-42.7857,6.19617,1014.43
683588,12.7881,21.7264,-2.25729,39.69,-53.9,304.92,-21.141,-42.5831,6.99009,1014.4
683594,9.99043,26.9727,-8.65614,-52.22,-25.76,285.46,-22.7452,-41.5124,7.27363,1014.4
683600,2.92205,18.2496,-4.93544,-110.6,-22.96,265.37,-24.6359,-41.8307,7.31616,1014.39
683606,-0.267814,8.97657,6.80536,-63.63,-51.66,248.36,-24.55,-41.7149,5.95515,1014.39
683612,5.68627,12.0756,1.92252,-42.49,-36.61,226.24,-25.4094,-39.9497,6.38047,1014.39
683618,4.28025,12.7834,0.73649,-51.8,-9.8,219.31,-27.6438,-39.6603,6.05439,1014.39
683624,11.516,19.7131,13.5533,-45.22,-144.2,101.29,-28.1881,-39.6892,4.08377,1014.4
683630,17.9627,13.8498,-4.50502,-26.67,-30.52,70.98,-28.6464,-38.8211,5.79921,1014.4
683636,7.43185,10.7747,-3.40029,-44.17,-1.4,61.81,-29.2194,-38.4159,5.84174,1014.4
683642,-3.06552,8.5318,3.37637,-58.24,-30.52,60.06,-29.3339,-38.7632,4.97693,1014.42
683648,-2.08991,7.5801,3.35246,-28.28,-50.68,58.1,-29.9069,-38.6185,4.92022,1014.42
683654,4.12721,9.58871,0.607365,-32.55,-26.6,49.28,-30.5085,-37.6056,6.74907,1014.39
683660,2.14252,6.43711,3.13725,-22.54,-9.1,46.06,-30.4512,-38.7342,6.15363,1014.39
683666,1.53037,5.95409,4.5911,3.01,-24.85,29.05,-30.8522,-39.342,4.11212,1014.45
683672,4.21329,9.94739,0.148254,2.45,-6.72,17.36,-30.1074,-37.4899,4.9344,1014.45
683678,1.41559,10.1004,0.186514,-2.52,-0.56,15.4,-30.9095,-37.7214,5.77085,1014.43
683684,-0.162602,10.0765,0.157819,-2.52,-7.42,9.94,-30.7949,-38.387,4.22554,1014.43
683690,0.961262,10.2678,-0.191296,-6.16,-1.26,9.1,-30.222,-37.9529,4.55162,1014.45
683696,1.01865,9.2922,1.01387,-2.87,0.14,2.45,-30.1647,-37.6924,5.31718,1014.45
683702,0.0286944,9.23003,1.98948,1.12,-0.98,0.98,-30.136,-38.6474,5.303,1014.45
683708,0.669536,9.81827,1.76471,2.52,6.23,0.91,-30.5944,-38.9079,5.37389,1014.45
683714,-1.08082,10.1148,1.42516,7.42,3.64,2.1,-30.7376,-37.1426,5.14706,1014.44
683720,-0.468675,10.3109,0.908656,5.67,6.16,2.87,-31.0241,-37.6346,5.03364,1014.44
683726,-0.69823,9.87566,0.516499,1.54,2.73,6.72,-30.222,-38.7921,4.4382,1014.44
683732,-0.889526,10.3778,1.0043,2.03,2.31,7.49,-30.8522,-37.9818,6.02604,1014.41
683738,-0.784314,10.5452,0.69823,0.14,0.84,7.84,-30.8809,-37.2873,4.99111,1014.41
683744,-0.392157,10.3587,0.530846,-1.4,1.89,10.15,-30.7949,-37.8661,5.03364,1014.43
683750,-0.248685,10.373,0.554758,-3.22,3.08,9.38,-30.4798,-36.6217,5.65743,1014.43
683756,-0.516499,9.8374,0.961262,-3.22,0.84,9.66,-30.9095,-37.0268,5.07617,1014.44
683762,-0.215208,9.86131,1.01387,-3.01,2.8,10.08,-29.7923,-38.1844,5.21794,1014.44
683768,-0.325203,9.72262,0.932568,-2.24,0.7,7.98,-31.0814,-37.6056,4.39567,1014.42
683774,0.0191296,9.55045,1.18604,-0.42,3.57,7.35,-31.0241,-36.4481,5.6149,1014.42
683780,-0.205643,9.71305,0.755619,-0.42,1.4,6.79,-30.5371,-38.2423,6.05439,1014.42
683786,0.0765184,9.85174,0.396939,-1.68,3.22,5.95,-30.9668,-38.0397,5.48731,1014.42
683792,-0.0095648,9.9187,0.449546,-3.71,3.08,5.32,-30.8522,-37.2584,4.86351,1014.46
683798,-0.157819,9.86609,0.416069,-5.18,3.08,4.62,-30.4512,-37.2584,6.38047,1014.46
683804,-0.047824,9.84696,0.463893,-5.88,3.08,3.64,-31.3965,-38.5895,4.80681,1014.46
683810,-0.301291,10.0526,0.253467,-7.7,2.17,4.55,-31.1387,-37.3452,4.99111,1014.48
683816,-0.401722,10.0287,0.229555,-9.87,0.14,4.69,-30.7663,-36.7664,5.13288,1014.48
683822,-0.846485,10.9039,-0.33955,-15.26,-2.17,4.83,-31.0814,-37.8661,4.73592,1014.43
683828,-0.640842,10.3443,0.129125,-18.48,-3.78,6.58,-31.6543,-38.0976,5.17541,1014.43
683834,-0.454328,10.1865,0.392157,-20.79,-5.39,6.58,-31.4824,-36.7664,6.28123,1014.42
683840,-0.272597,10.0717,0.430416,-21.56,-5.25,6.93,-31.6543,-37.7503,4.90604,1014.42
683846,-0.329986,9.78479,0.923003,-21.63,-3.99,7.63,-31.196,-38.6764,4.29643,1014.46
683852,-0.277379,9.8374,0.813008,-21.7,-3.15,8.54,-31.1673,-36.9979,5.69997,1014.46
683858,-0.0621712,10.2439,0.588235,-21.56,0,9.59,-30.8236,-36.9979,4.48073,1014.42
683864,-0.35868,9.71305,0.899091,-22.33,-0.21,10.15,-31.597,-38.3001,3.50251,1014.42
683870,-0.650406,9.82305,0.870397,-24.71,-1.75,11.62,-30.9954,-37.0558,4.97693,1014.43
683876,-0.0047824,9.64132,0.894309,-22.68,-0.56,11.34,-31.5111,-35.8403,4.82098,1014.43
683882,-0.11956,9.70349,1.18125,-22.05,-0.49,11.97,-31.1387,-37.8371,4.45238,1014.43
683888,-0.387374,10.0478,0.798661,-22.4,-0.98,13.16,-31.11,-37.6056,4.89187,1014.43
683894,-0.0095648,10.4113,0.49737,-24.36,1.12,14.42,-31.8262,-36.6506,5.35971,1014.43
683900,-0.191296,9.9713,0.808226,-26.32,4.34,15.47,-31.2246,-37.432,4.48073,1014.44
683906,-0.645624,9.86131,1.21473,-25.55,1.19,16.31,-31.7116,-37.432,4.16883,1014.44
683912,-0.310856,10.1148,0.85605,-27.86,1.89,17.57,-32.17,-36.6217,4.66503,1014.45
683918,-0.263032,10.1052,1.03778,-27.58,4.62,18.2,-32.084,-36.5349,3.99871,1014.45
683924,-0.373027,9.73218,1.39646,-27.58,3.36,19.74,-32.3132,-38.4159,2.18403,1014.43
683930,-0.23912,10.3013,0.899091,-27.3,2.17,21.28,-31.4251,-36.9111,2.7653,1014.43
683936,-0.162602,10.6026,0.779531,-29.61,5.11,23.38,-32.6569,-36.5928,2.99213,1014.46
683942,-0.789096,10.5165,1.20516,-32.2,3.43,25.2,-32.9148,-37.0268,1.94302,1014.46
683948,0.363462,10.2391,1.23386,-30.59,6.51,25.55,-32.5997,-36.8532,2.70859,1014.46
683954,-0.621712,10.7939,1.50646,-33.11,5.74,25.62,-32.5137,-36.0719,3.36074,1014.46
683960,0.296509,9.68914,1.68819,-32.97,5.74,26.81,-33.2299,-36.7085,3.10555,1014.44
683966,-0.272597,9.70349,2.08991,-29.19,6.02,28.42,-32.5137,-37.3741,1.36176,1014.44
683972,-0.363462,11.0091,0.712578,-35.49,4.48,29.89,-32.9434,-36.3323,2.05644,1014.44
683978,0.645624,10.3013,1.21951,-34.72,8.47,30.8,-32.8861,-36.5349,1.78707,1014.47
683984,0.291726,10.813,1.01865,-39.2,9.59,32.27,-33.7455,-37.3162,0.4686,1014.47
683990,-0.153037,11.8125,0.215208,-42.49,11.69,34.51,-33.5163,-36.0429,0.922268,1014.47
683996,-0.215208,11.9608,0.640842,-48.58,14.7,39.27,-34.1466,-35.7535,2.29745,1014.47
684002,-0.875179,11.3199,1.31516,-46.62,10.43,43.19,-34.3471,-36.5349,1.1491,1014.44
684008,-2.88857,12.2047,5.77714,-33.74,5.88,57.61,-34.0893,-36.5349,0.255943,1014.44
684014,-4.85892,12.5825,6.34146,0.56,-14.14,73.08,-34.1466,-34.7696,1.31923,1014.45
684020,-1.14778,14.3472,0.554758,-15.05,-13.09,79.94,-34.4903,-34.8275,1.04986,1014.45
684026,-0.425634,12.9316,1.4395,-9.73,-2.8,88.76,-35.407,-35.5799,0.908091,1014.44
684032,-2.83118,13.5964,3.33812,-3.29,-10.22,99.61,-35.7794,-34.4513,0.213411,1014.44
684038,-1.73123,14.1368,2.39598,-4.27,-6.72,108.64,-35.7508,-33.7567,0.582017,1014.47
684044,-2.64467,12.9603,4.022,-5.46,-11.48,117.18,-36.868,-34.7407,0.114171,1014.47
684050,-2.20469,11.5686,5.5428,7.84,-14.91,125.16,-37.0685,-33.1201,1.16328,1014.47
684056,-1.96078,11.6547,5.17934,17.22,-18.62,132.09,-37.4123,-31.6153,1.90049,1014.44
684062,-1.94644,12.3099,4.75371,20.44,-22.19,138.67,-37.9852,-32.3387,1.03569,1014.44
684068,-1.65471,11.8412,5.08369,31.22,-24.29,146.02,-39.3889,-32.0783,1.73037,1014.42
684074,-1.9034,12.769,4.24199,38.64,-26.11,154.49,-39.4748,-30.5445,2.59517,1014.42
684080,-1.45385,13.9168,2.42946,44.73,-25.2,165.55,-40.0764,-30.6892,1.81543,1014.44
684086,0.148254,14.792,-0.774749,48.23,-16.38,176.89,-40.4775,-30.7471,1.63113,1014.44
684092,-0.320421,16.791,-1.88905,44.52,-7.56,187.74,-40.5634,-28.4899,3.31821,1014.42
684098,-0.932568,18.6801,-2.30033,38.29,4.27,204.54,-42.626,-28.5767,2.96378,1014.42
684104,-4.33764,21.0521,-0.234338,26.88,2.94,225.4,-43.1416,-28.7793,2.49593,1014.46
684110,-4.61502,22.5012,-0.0334768,15.12,-2.38,245,-43.8005,-26.6956,2.24074,1014.46
684116,-2.84075,22.4103,-3.03204,2.24,5.67,267.54,-44.5453,-24.9014,2.7653,1014.46
684122,-3.55811,22.8647,-3.54854,-11.34,10.85,289.24,-45.9203,-25.0172,2.02809,1014.46
684128,-4.6724,23.2329,-3.40507,-20.37,18.06,313.46,-46.7224,-23.5702,2.1415,1014.46
684134,-6.0593,24.0029,-2.3099,-26.04,21.56,342.02,-47.4672,-20.2133,1.87214,1014.47
684140,-6.8197,25.2559,-0.148254,-33.6,19.39,367.36,-49.5584,-19.895,1.54606,1014.47
684146,-10.0096,26.2123,1.77427,-42.21,18.13,397.25,-50.0741,-18.4191,1.19163,1014.45
684152,-11.0187,25.6576,1.76471,-48.72,3.57,427.35,-50.4465,-15.0911,1.65948,1014.45
684158,-8.06313,26.7719,1.25299,-56.63,-0.63,455.84,-50.5324,-13.0944,1.26252,1014.41
684164,-7.12578,24.9354,1.83644,-55.79,1.4,482.93,-52.7096,-12.2262,0.908091,1014.41
684170,-7.12578,23.8785,0.200861,-51.59,-1.89,514.57,-54.1705,-8.26156,2.15568,1014.46
684176,-6.60449,22.9029,-0.0334768,-57.54,7.77,525.35,-53.569,-5.54131,1.99973,1014.46
684182,-0.0382592,16.4706,8.97657,0.77,-18.13,514.71,-56.0039,-3.39983,0.0716399,1014.45
684188,-3.64897,31.0139,-0.5978,-6.3,30.31,526.96,-56.9779,-1.22941,1.02151,1014.45
684194,-6.59971,23.4959,0.253467,-11.76,14.63,524.23,-55.832,2.99567,1.39011,1014.44
684200,-1.60689,19.8183,4.79675,11.34,11.48,511.91,-56.6914,5.60017,-0.0559544,1014.44
684206,-2.21903,28.7996,-1.81253,-5.39,36.19,505.47,-57.9232,7.42332,0.638726,1014.4
684212,-6.75753,28.4075,-4.04113,-31.57,44.87,501.2,-56.806,10.433,1.37594,1014.4
684218,-7.94835,20.4352,-3.80201,-27.79,28.77,472.5,-57.8946,12.9796,0.922268,1014.4
684224,-6.82927,16.9871,-7.8527,-35.98,54.11,433.65,-57.1498,15.1211,-0.807343,1014.43
684230,-8.99091,7.70445,-13.4099,-82.04,93.52,382.41,-56.2617,17.986,0.355183,1014.43
684236,-14.3855,-6.29364,-15.208,-146.65,135.73,318.36,-54.9726,20.2433,0.284297,1014.39
684242,-19.7896,-21.4873,-7.29316,-115.22,31.71,226.24,-56.1758,21.6323,-1.44531,1014.39
684248,20.1004,-21.9082,8.94309,41.93,36.4,31.64,-55.7175,22.1532,-1.30354,1014.43
684254,12.1186,5.28455,-7.03969,14.77,104.93,-72.66,-54.2851,21.6613,-0.12684,1014.43
684260,-6.34624,-1.04735,3.19943,58.03,98,-158.34,-55.0586,21.1404,-2.40936,1014.42
684266,-10.9039,0.57867,0.946915,67.48,64.75,-220.08,-55.7175,19.7224,-2.66455,1014.42
684272,-13.9885,7.03491,-3.93592,51.59,46.41,-245.49,-55.2018,18.2175,-1.50202,1014.39
684278,-15.1793,11.8412,-4.80153,13.3,26.04,-251.23,-55.8607,17.0889,-2.80632,1014.39
684284,-12.7403,11.296,-3.12769,-10.92,20.3,-247.03,-57.7227,15.4973,-3.501,1014.42
684290,-11.5351,8.39789,-0.841702,-10.64,11.83,-235.62,-56.3763,14.8606,-3.67113,1014.42
684296,-10.5595,6.1693,-1.31994,-12.39,3.5,-224.7,-56.4623,13.7031,-3.1891,1014.42
684302,-9.07221,0.789096,-1.31516,3.36,-0.84,-218.12,-57.3503,12.1114,-3.64277,1014.39
684308,-7.96748,0.726925,-2.5538,18.55,3.08,-212.31,-56.9493,10.896,-3.67113,1014.39
684314,-6.97752,-1.34385,-1.70253,36.19,3.71,-213.29,-56.4909,10.4908,-2.15417,1014.38
684320,-5.61454,-1.83644,-1.87948,55.51,3.5,-220.78,-57.6081,8.46512,-3.33087,1014.38
684326,-4.30894,-1.42994,-2.23816,74.69,10.22,-228.69,-58.267,6.61303,-3.72783,1014.44
684332,-3.5055,-0.286944,-2.43902,87.15,16.45,-245.91,-56.405,6.35258,-2.96227,1014.44
684338,-3.31899,0.363462,-2.10904,97.86,21.91,-265.44,-56.9779,5.22397,-3.03315,1014.42
684344,-3.54376,2.00383,-2.50598,99.47,24.22,-285.81,-57.7227,3.80596,-4.02555,1014.42
684350,-3.89766,3.60593,-2.3099,98.21,28.42,-309.05,-56.5196,1.37509,-3.89796,1014.43
684356,-4.20373,4.62458,-2.17121,94.78,30.17,-330.89,-56.405,-0.013977,-2.96227,1014.43
684362,-4.81588,5.868,-2.02774,89.32,31.5,-348.67,-57.3217,-2.30015,-3.62859,1014.38
684368,-4.93065,6.20756,-1.61645,87.36,32.62,-363.86,-56.1185,-4.1233,-3.40176,1014.38
684374,-5.35151,6.85318,-1.60689,84.28,32.83,-373.73,-55.2018,-5.80176,-4.15315,1014.38
684380,-5.56193,6.94883,-1.09039,85.47,33.18,-379.26,-54.6289,-8.63777,-3.1891,1014.38
684386,-5.65758,7.13534,-0.779531,91.56,32.83,-379.89,-53.7981,-10.3162,-3.71366,1014.38
684392,-5.80583,8.32616,-0.674318,98.28,31.43,-376.25,-52.6523,-11.4738,-2.86303,1014.37
684398,-5.41846,8.95265,-0.396939,104.93,31.5,-372.26,-51.6783,-14.194,-2.79214,1014.37
684404,-4.64849,10.3874,-0.535629,111.51,34.3,-365.33,-51.7356,-15.9304,-3.88378,1014.36
684410,-3.88331,11.0713,-0.33955,119,36.4,-360.29,-50.1314,-17.0301,-3.85543,1014.36
684416,-2.879,11.9369,-0.196078,123.62,40.81,-357,-49.1574,-18.1587,-3.47265,1014.39
684422,-1.84601,13.4816,-0.306074,125.72,44.1,-356.16,-48.3839,-22.4127,-3.501,1014.39
684428,-1.51124,14.3472,0.325203,127.4,48.58,-356.16,-47.1808,-22.5863,-2.77797,1014.4
684434,-1.86514,16.1215,0.793878,128.45,50.05,-353.92,-45.949,-23.4545,-1.99822,1014.4
684440,-1.77427,17.4605,1.04256,126.91,52.57,-348.25,-44.6026,-26.2905,-2.70708,1014.41
684446,-2.15686,19.1344,1.82688,124.39,50.12,-339.5,-42.8551,-28.3162,-2.15417,1014.41
684452,-1.84601,20.2822,2.37207,122.57,48.3,-328.58,-42.4827,-28.3452,-1.98405,1014.39
684458,-1.64993,21.3486,2.88857,119.21,42.21,-315.91,-41.3655,-30.6313,-1.19013,1014.39
684464,-0.621712,22.5347,3.10378,113.33,38.99,-304.36,-39.303,-32.5124,-1.5162,1014.39
684470,-0.765184,23.0225,3.24247,108.43,33.39,-296.1,-37.7847,-31.76,-1.16177,1014.41
684476,0.545194,23.4194,3.0703,101.15,28.56,-291.97,-35.7508,-33.2648,-0.594686,1014.41
684482,0.832138,23.4529,4.22764,98.49,25.2,-291.97,-35.1492,-35.6957,-1.04835,1014.43
684488,1.70732,23.4051,4.19895,99.19,20.79,-296.03,-34.2325,-35.9561,-0.665572,1014.43
684494,2.84553,23.9503,3.61071,97.09,18.97,-304.57,-32.7715,-36.3612,1.34758,1014.44
684500,3.64897,24.1129,3.18986,93.03,16.1,-315,-30.1933,-38.4738,1.51771,1014.44
684506,4.08895,23.9503,3.15638,89.95,11.69,-324.45,-29.1048,-39.8918,0.539486,1014.42
684512,4.49546,23.4481,3.51506,89.95,2.87,-335.58,-27.7297,-40.1522,2.77947,1014.42
684518,4.1033,23.3859,3.68245,86.59,-6.93,-342.16,-25.7818,-41.8596,2.33998,1014.42
684524,4.68197,22.7738,3.96461,89.74,-18.69,-346.92,-23.5187,-42.9304,2.56682,1014.42
684530,5.00717,22.286,4.06982,93.52,-31.29,-349.16,-22.5161,-42.2937,3.36074,1014.42
684536,5.31803,21.6499,4.28981,94.15,-46.69,-346.78,-20.8545,-42.3805,3.34656,1014.42
684542,6.42276,20.0574,6.34624,100.52,-52.29,-337.96,-18.8493,-44.2905,3.31821,1014.42
684548,9.00048,19.7513,7.28838,116.55,-66.43,-325.92,-17.7034,-44.8114,3.41745,1014.47
684554,12.5299,23.099,4.88761,108.36,-66.57,-312.76,-16.2997,-44.8982,5.60072,1014.47
684560,14.4237,25.6815,3.37637,86.31,-68.46,-298.97,-14.6382,-46.3741,5.91262,1014.45
684566,18.0727,27.9053,0.879962,51.1,-71.47,-281.54,-12.2033,-46.9529,5.62908,1014.45
684572,21.3678,27.078,-0.406504,14.63,-66.99,-258.16,-12.0028,-46.2584,5.65743,1014.44
684578,26.241,22.2573,-0.0621712,-3.92,-61.88,-231.91,-9.85426,-46.6924,5.84174,1014.44
684584,29.7083,17.9579,1.24342,-8.75,-60.9,-196.7,-8.2214,-47.85,4.86351,1014.47
684590,35.6719,11.5399,4.80153,12.11,-39.97,-153.65,-7.56253,-47.358,6.21034,1014.47
684596,36.2793,9.67958,6.49928,35.63,-38.5,-110.6,-7.64847,-46.6346,7.50046,1014.42
684602,37.231,8.90483,7.83357,66.01,-26.6,-60.34,-6.30208,-47.7921,5.98351,1014.42
684608,33.5724,11.7025,7.47011,83.16,-21.91,-8.47,-5.81509,-46.9239,6.36629,1014.44
684614,30.1052,14.3329,6.91535,78.82,-19.95,33.74,-7.07554,-45.3612,6.43718,1014.44
684620,25.0598,17.078,6.24103,65.8,-19.6,73.43,-6.01561,-46.0847,7.61388,1014.4
684626,22.1186,17.7331,5.93018,45.43,-23.38,102.9,-6.96095,-47.2712,7.99666,1014.4
684632,19.7561,18.0488,5.16021,17.99,-25.83,116.41,-8.10681,-45.5928,7.61388,1014.4
684638,7.0923,42.1808,5.27499,221.76,172.9,195.44,-8.93757,-46.1426,8.4078,1014.42
684644,-30.1913,128.101,16.2123,-513.03,-235.97,239.68,-9.25268,-46.6635,6.81996,1014.42
684650,24.2037,-27.5658,0.181731,-258.58,138.25,231.21,-11.0861,-45.8243,5.48731,1014.42
684656,-53.2712,2.63988,12.4438,-264.39,-29.4,280.28,-13.2059,-45.0429,5.13288,1014.42
684662,-15.1315,-16.1741,29.5074,6.72,-266.49,289.66,-14.9247,-45.6796,3.28985,1014.39
684668,-1.26255,9.66045,0.669536,-24.22,-110.53,305.76,-16.1279,-44.7246,4.04124,1014.39
684674,-5.868,6.25538,6.50885,19.11,-101.36,321.65,-18.5628,-43.5092,4.59415,1014.41
684680,-0.97561,9.94739,7.94357,36.26,-177.8,299.95,-19.1071,-43.7117,4.63668,1014.41
684686,7.40316,10.5643,2.99378,6.23,-141.82,293.16,-20.7973,-43.4513,4.87769,1014.43
684692,12.6016,16.4706,0.286944,-11.55,-78.47,296.8,-22.3442,-42.1201,4.70757,1014.43
684698,13.2425,21.8173,2.09469,-22.05,-40.04,270.48,-23.6619,-41.6281,4.05542,1014.43
684704,10.7508,26.6714,-9.05787,-92.12,-40.88,222.25,-24.464,-41.7149,3.16226,1014.43
684710,6.36537,8.8044,0.970827,-95.69,14.98,204.82,-25.2948,-40.8178,4.46655,1014.43
684716,-1.85079,6.15973,9.8374,-48.86,7.77,201.18,-27.1282,-39.8629,4.29643,1014.41
684722,-3.53898,10.4687,2.87422,-21.42,-31.99,198.94,-27.386,-40.0944,4.21137,1014.41
684728,2.44381,21.8747,3.11812,-45.99,-140.98,177.1,-28.9042,-39.3709,3.98453,1014.41
684734,14.9307,10.9756,-7.90053,-31.99,-21.14,97.09,-29.7923,-38.6185,3.95618,1014.41
684740,5.55237,12.7834,2.11382,-49.7,-29.33,57.19,-29.2194,-38.9947,3.47415,1014.37
684746,-2.96031,10.9469,-0.172166,-64.61,-31.78,73.36,-29.5345,-39.0236,3.77187,1014.37
684752,-0.411286,5.70062,4.99761,-37.17,-32.48,66.85,-29.9069,-38.1844,3.07719,1014.38
684758,2.19034,6.19321,3.97417,-7.7,-37.87,54.74,-29.735,-38.1844,3.45998,1014.38
684764,6.42755,8.31181,1.5495,-21.21,3.36,39.55,-29.6777,-38.6764,1.7729,1014.43
684770,1.46341,6.92013,4.15112,1.75,0.56,31.01,-30.3652,-37.7214,2.85036,1014.43
684776,0.851267,8.13964,2.96031,10.01,-7.35,22.96,-30.2793,-37.7793,4.92022,1014.41
684782,2.79292,10.5548,-1.18125,-5.95,6.65,19.39,-30.3652,-39.2551,2.79365,1014.41
684788,0.315638,10.1578,0.803443,-7.28,-1.12,18.48,-31.9121,-38.5317,3.53086,1014.41
684794,1.20995,9.18699,1.65471,-0.77,-0.77,10.15,-31.0814,-37.2584,3.98453,1014.44
684800,1.04256,9.38307,1.40603,2.87,3.08,8.19,-30.709,-39.0815,3.47415,1014.44
684806,-0.277379,9.93783,1.20038,1.26,-0.77,7.77,-30.7376,-38.6474,1.68783,1014.42
684812,-0.0430416,10.2869,0.73649,1.19,4.9,6.16,-31.3679,-37.5477,3.16226,1014.42
684818,-0.707795,9.76088,1.4682,2.94,2.73,7.98,-31.3965,-37.7503,3.65846,1014.42
684824,-0.23912,10.1961,0.985174,1.89,4.62,9.31,-31.9408,-38.5606,2.7653,1014.42
684830,-0.908656,10.8274,0.741272,-0.7,3.08,9.45,-31.4538,-37.4609,4.04124,1014.44
684836,-0.894309,10.6839,0.822573,-2.59,2.03,11.9,-31.2246,-37.3741,4.26807,1014.44
684842,-0.535629,10.3778,0.659971,-3.01,1.54,12.67,-30.9668,-38.9368,3.09137,1014.51
684848,-0.263032,10.4304,0.473458,-6.3,1.54,11.97,-31.7403,-38.1844,3.54504,1014.51
684854,-0.143472,10.2009,0.846485,-7.98,2.94,11.83,-31.3106,-36.8243,2.73694,1014.43
684860,-0.13869,9.68914,1.23864,-7.56,0.63,10.43,-31.3392,-38.0686,3.87111,1014.43
684866,0.0765184,9.82783,0.932568,-10.99,4.9,10.29,-31.7116,-37.8661,3.40327,1014.43
684872,0.13869,9.22525,1.45863,-6.86,3.29,8.33,-31.7689,-36.6796,2.72277,1014.43
684878,0.0908656,9.36394,1.25777,-4.69,2.66,6.58,-31.683,-37.7793,3.1339,1014.43
684884,0.401722,9.45481,1.15256,-3.71,3.99,5.11,-32.3991,-38.9079,2.25492,1014.45
684890,0.282162,9.62697,0.942133,-4.69,5.88,3.57,-31.3106,-37.2005,3.21897,1014.45
684896,-0.0334768,9.60306,1.07604,-3.99,4.76,2.24,-31.9408,-37.0847,3.98453,1014.42
684902,-0.023912,9.61262,1.01387,-3.5,4.27,2.03,-31.9981,-38.7342,2.87871,1014.42
684908,-0.387374,10.1148,0.679101,-5.53,3.08,2.45,-31.3392,-37.7214,2.29745,1014.46
684914,-0.425634,10.067,0.545194,-7.84,1.26,2.31,-31.9981,-36.6217,3.41745,1014.46
684920,-0.392157,10.1052,0.631277,-8.54,-0.63,3.5,-31.3965,-38.1265,2.7653,1014.44
684926,-0.516499,10.2678,0.454328,-12.18,-2.24,4.13,-31.5397,-37.895,3.09137,1014.44
684932,-0.502152,10.11,0.750837,-13.79,-4.13,4.83,-32.5424,-36.6796,2.72277,1014.44
684938,-0.263032,9.80392,0.95648,-13.02,-5.88,4.83,-31.6543,-37.0847,3.40327,1014.44
684944,-0.344333,9.89,0.860832,-14.77,-7.07,5.67,-30.9382,-38.5027,2.87871,1014.46
684950,-0.114778,10.0383,0.73649,-16.45,-6.44,6.51,-31.5397,-37.4609,3.21897,1014.46
684956,-0.21999,10.067,0.899091,-17.71,-6.44,6.23,-31.8262,-36.6506,3.58757,1014.46
684962,-0.726925,10.1578,0.932568,-20.44,-8.61,7.84,-31.8548,-37.5767,2.9496,1014.45
684968,0.435198,9.2109,1.4395,-15.19,-4.55,7.35,-32.084,-37.1426,2.52429,1014.45
684974,-0.282162,9.67001,1.31994,-16.8,-7.21,6.86,-32.084,-36.3902,3.47415,1014.47
684980,0.444763,9.55045,1.033,-17.36,-6.02,7.07,-31.3679,-37.6924,2.73694,1014.47
684986,0.0908656,9.35916,1.53037,-14.28,-3.29,7.7,-31.9408,-37.8371,2.21239,1014.45
684992,-0.454328,10.0813,1.13343,-17.64,-5.67,6.79,-31.7116,-36.7664,0.936446,1014.45
684998,0.315638,9.46915,1.39646,-15.26,-1.33,8.33,-32.4851,-37.0268,3.10555,1014.45
685004,-0.449546,9.84696,1.37255,-14.77,-3.57,7.63,-32.3418,-37.2873,2.9496,1014.45
685010,-0.157819,10.33,0.913438,-16.38,-2.8,9.52,-32.0554,-36.8821,3.4458,1014.42
685016,0.0047824,10.153,0.813008,-17.99,0.14,10.57,-33.1726,-36.7085,3.14808,1014.42
685022,-0.148254,9.96652,1.12386,-17.71,-0.63,11.41,-32.6856,-38.1555,2.24074,1014.47
685028,-0.420851,10.593,1.01865,-19.25,0.49,13.09,-32.7429,-37.5767,1.19163,1014.47
685034,-0.23912,10.3109,0.942133,-21.7,0.63,14.07,-32.8575,-36.014,2.52429,1014.47
685040,-0.363462,9.94261,1.66906,-21.63,0.98,13.93,-33.2585,-38.3001,2.31163,1014.45
685046,-0.0382592,9.81827,1.40124,-19.74,2.17,15.89,-32.4851,-37.8661,2.65188,1014.45
685052,-0.454328,10.6217,1.06648,-20.93,2.52,18.06,-33.0007,-35.8693,2.29745,1014.46
685058,-0.47824,10.5739,0.827355,-24.71,2.03,20.23,-32.7429,-36.9111,1.94302,1014.46
685064,-0.205643,10.2774,1.16691,-23.1,3.71,23.17,-33.0294,-37.8082,1.13493,1014.46
685070,0.205643,10.9326,0.879962,-22.96,6.79,24.64,-34.1179,-36.477,1.71619,1014.46
685076,-0.521282,12.6303,0.0095648,-36.26,9.73,27.3,-33.7742,-36.1008,1.78707,1014.43
685082,-0.530846,10.8513,1.37733,-38.85,7.91,30.17,-33.2585,-37.5767,0.780497,1014.43
685088,0.0573888,9.79436,1.37733,-34.44,12.25,30.1,-33.0007,-37.1715,0.525308,1014.47
685094,0.569106,10.373,0.286944,-40.25,14.98,29.05,-33.6023,-35.2616,1.2767,1014.47
685100,0.129125,10.1483,1.91296,-41.09,14.14,29.89,-34.1179,-36.3034,0.454423,1014.41
685106,0.114778,10,1.84122,-36.82,12.95,29.68,-34.2325,-36.9979,0.539486,1014.41
685112,-0.406504,10.3061,2.44859,-32.13,17.22,34.44,-34.5476,-35.551,0.298474,1014.43
685118,-3.80201,12.1664,6.02582,-19.81,1.89,44.31,-34.3471,-35.2326,-0.679749,1014.43
685124,-3.4242,12.6208,4.19416,-9.03,-13.93,56.14,-33.8028,-36.5349,0.156703,1014.43
685130,-0.353898,12.176,1.06648,-11.62,-8.68,63.07,-33.946,-35.2037,0.0574628,1014.45
685136,-0.392157,11.8556,1.82209,-9.52,-5.04,68.32,-35.8081,-34.7117,1.23417,1014.45
685142,-2.15208,12.4342,3.20899,-6.3,-10.78,76.23,-35.2351,-35.6088,-0.495446,1014.45
685148,-1.83644,12.2286,3.45289,-2.8,-10.64,84.98,-35.8081,-34.4802,-0.0417772,1014.45
685154,-2.03252,12.0995,3.84505,4.62,-13.93,92.68,-36.1232,-33.6989,-0.141017,1014.42
685160,-1.86035,13.032,3.27594,8.4,-17.71,102.83,-36.381,-34.3355,-0.82152,1014.42
685166,-1.21951,13.2664,2.77379,12.18,-13.09,112.28,-36.381,-34.0172,-0.268611,1014.46
685172,-1.77427,12.5299,3.45289,13.93,-15.33,118.79,-37.269,-31.9336,-0.155194,1014.46
685178,-2.43902,12.8838,4.60545,18.2,-20.51,127.47,-38.329,-33.0333,0.0999942,1014.48
685184,-2.17599,12.5251,5.13152,24.5,-23.38,135.66,-38.1284,-33.4384,-0.580509,1014.48
685190,-1.96078,11.8412,5.04065,31.64,-27.86,142.24,-39.5894,-31.76,0.4686,1014.46
685196,-1.32472,12.219,3.84983,38.43,-29.05,150.43,-39.9045,-30.5156,1.63113,1014.46
685202,-0.693448,12.5155,2.96987,45.64,-27.09,158.76,-40.4775,-32.2519,0.808851,1014.46
685208,-0.607365,13.1803,1.93209,48.86,-22.19,166.67,-41.0218,-30.1683,1.31923,1014.46
685214,0.382592,12.9077,-0.650406,48.72,-13.44,176.33,-41.7093,-29.5027,2.68023,1014.46
685220,0.329986,14.7202,0.392157,47.88,-10.57,183.96,-43.2275,-28.9239,1.87214,1014.44
685226,-2.36251,16.5997,1.50167,50.68,-1.54,199.15,-43.1416,-28.432,2.24074,1014.44
685232,-3.2329,18.2736,1.25299,44.66,-11.69,214.55,-43.3135,-26.2037,1.75872,1014.42
685238,-2.73075,19.6987,-0.0047824,34.23,-5.11,233.66,-44.4021,-26.0301,2.97795,1014.42
685244,-3.5055,19.56,-0.172166,31.36,-5.74,252.91,-45.6911,-25.8564,2.25492,1014.45
685250,-3.31899,20.55,-1.36777,22.68,-6.16,272.3,-46.2927,-23.4256,3.21897,1014.45
685256,-3.60593,23.4242,-3.27116,8.96,5.88,297.36,-47.0948,-21.313,2.99213,1014.45
685262,-4.83022,24.0603,-2.41511,1.05,10.5,322.77,-48.6131,-21.3709,2.56682,1014.45
685268,-6.21234,24.0459,0.0908656,-2.66,10.36,353.08,-49.3579,-19.2005,1.67366,1014.39
685274,-6.15973,24.8685,0.5978,-3.43,11.69,380.31,-50.647,-17.3773,2.80783,1014.39
685280,-8.46007,25.825,1.24342,-11.55,9.17,409.85,-51.8215,-15.4095,1.91467,1014.39
685286,-7.67097,25.2654,2.33381,-15.61,-1.4,435.89,-51.9075,-14.3098,2.69441,1014.45
685292,-6.48015,25.3945,1.34385,-23.8,-0.35,465.5,-52.9101,-10.2873,2.79365,1014.45
685298,-5.88713,26.9393,2.74988,-27.93,-3.71,489.09,-54.5143,-8.46414,2.93542,1014.41
685304,-7.21664,23.2186,0.679101,-35.28,6.16,510.37,-55.7461,-6.66993,1.99973,1014.41
685310,0.602582,11.7025,8.24486,48.86,-21.49,514.64,-56.0899,-3.05256,3.06302,1014.4
685316,0.707795,23.2329,-1.73601,59.71,14.56,526.61,-55.7461,-0.534877,3.17643,1014.4
685322,-0.492587,22.6638,-3.45768,43.61,31.64,524.23,-57.0639,1.78024,2.99213,1014.41
685328,-0.267814,21.4204,3.55332,64.19,24.36,511.35,-57.4363,4.78988,2.79365,1014.41
685334,-1.67862,26.2219,1.35342,52.43,43.26,512.96,-56.6628,8.03104,2.28327,1014.42
685340,-4.30894,24.9546,0.554758,54.6,31.15,506.03,-57.2644,10.0278,1.90049,1014.42
685346,-2.61597,27.2836,-2.46772,38.57,46.48,493.92,-57.0352,12.777,1.91467,1014.4
685352,-6.72405,26.8436,-4.06504,30.24,56.91,484.12,-56.3477,15.0053,2.05644,1014.4
685358,-9.47394,15.2893,-8.78527,25.13,78.82,461.02,-56.8633,17.7545,0.936446,1014.41
685364,-8.38833,5.35151,-9.62219,-0.28,92.68,393.89,-56.5196,20.0986,-0.0701315,1014.41
685370,-11.4586,-2.58728,-14.1272,-26.6,134.05,349.09,-54.9726,21.4876,0.27012,1014.41
685376,-8.2592,-15.1076,-0.918221,-23.24,50.4,262.43,-54.2278,23.6002,-0.22608,1014.39
685382,18.8235,-9.34481,0.229555,26.18,82.81,88.9,-56.0612,24.2947,-1.43114,1014.39
685388,5.95409,0.827355,-2.49641,30.38,94.5,-15.12,-54.2565,24.5262,-1.94151,1014.41
685394,-1.21473,-1.69297,2.36729,53.69,72.17,-130.69,-54.0846,24.5841,-0.807343,1014.41
685400,-6.59971,0.530846,1.12865,58.94,49.28,-210.35,-55.0586,23.3108,-3.55771,1014.41
685406,-9.35916,6.68101,-2.65423,36.68,30.94,-250.88,-55.5169,22.6741,-2.67873,1014.41
685412,-10.8274,10.5787,-3.44333,5.39,21.7,-279.72,-54.9154,21.2272,-2.55113,1014.42
685418,-10.8082,11.4969,-3.03204,-21.21,9.1,-281.68,-56.7487,19.3172,-1.84227,1014.42
685424,-10.1578,10.3109,-1.88427,-30.17,4.2,-278.46,-57.0352,17.3494,-2.90556,1014.38
685430,-9.10569,8.10617,-1.25299,-36.96,-1.26,-272.16,-56.0899,15.7577,-1.87063,1014.38
685436,-8.22573,5.06456,-0.793878,-26.95,-9.24,-267.61,-56.0612,14.9764,-2.0124,1014.42
685442,-6.69536,3.12291,-1.75992,-26.39,-1.89,-257.39,-57.0639,13.732,-2.74961,1014.42
685448,-5.82496,0.0813008,-1.6834,-12.18,3.29,-253.26,-57.5222,12.2851,-2.65037,1014.42
685454,-5.0263,-0.970827,-2.00383,5.25,6.51,-252.21,-56.2617,11.9957,-1.60126,1014.42
685460,-4.42372,-0.35868,-1.84601,20.44,14.91,-258.51,-57.3503,9.33329,-2.89138,1014.42
685466,-3.77331,-1.28168,-1.03778,44.17,21,-264.74,-58.3529,8.55194,-3.94049,1014.41
685472,-3.50072,-0.583453,-0.989957,59.08,22.89,-274.68,-56.3477,8.05998,-2.89138,1014.41
685478,-3.87374,1.04256,-1.38211,71.68,23.45,-290.71,-57.8946,5.05033,-2.31012,1014.39
685484,-4.64371,2.34816,-1.16212,74.06,21.14,-306.39,-57.8373,3.54551,-4.09644,1014.39
685490,-5.2176,3.56289,-0.349115,73.22,16.03,-322.35,-56.4623,2.21432,-1.62962,1014.36
685496,-6.17408,4.85414,-0.325203,73.29,7.35,-336.14,-55.832,0.738435,-1.62962,1014.36
685502,-6.11669,6.52798,-0.105213,69.16,-1.33,-344.75,-56.405,-1.22941,-3.17493,1014.37
685508,-6.71449,7.45576,0.0143472,56.07,-9.8,-352.59,-55.5742,-3.37089,-2.35265,1014.37
685514,-6.74797,7.934,0.133907,60.06,-16.52,-357.07,-54.7721,-4.58632,-1.79974,1014.37
685520,-6.53754,8.19703,0.277379,55.51,-26.18,-359.52,-54.6289,-6.8725,-2.99062,1014.37
685526,-5.47585,7.89574,0.263032,54.6,-30.03,-362.81,-54.6575,-9.3323,-1.99822,1014.37
685532,-4.39024,7.61358,0.181731,61.88,-29.68,-366.87,-52.7669,-10.2584,-0.296966,1014.37
685538,-4.15112,8.29746,-0.243902,66.15,-30.31,-369.74,-52.3372,-12.2551,-2.33847,1014.37
685544,-2.76423,9.07699,-0.133907,74.06,-23.59,-372.61,-51.3632,-15.0333,-1.95569,1014.38
685550,-2.45815,10.3969,-0.650406,77.91,-19.95,-376.11,-50.0454,-16.2198,-1.71468,1014.38
685556,-1.26255,12.3577,-1.07604,79.24,-11.34,-378.21,-49.5298,-18.014,-1.87063,1014.38
685562,-0.521282,13.4194,-1.0856,77.56,0.63,-380.59,-48.2693,-19.8661,-1.2043,1014.38
685568,-0.215208,14.1559,-0.961262,76.44,10.92,-381.92,-47.1521,-21.7182,-0.254434,1014.37
685574,-0.0382592,15.7437,-0.669536,73.29,21.21,-380.94,-46.2354,-23.3098,0.255943,1014.37
685580,0.047824,16.858,-0.640842,68.25,32.2,-375.2,-45.8344,-26.6667,-1.17595,1014.35
685586,-0.344333,18.4409,0.0334768,62.23,37.1,-365.82,-43.7718,-27.2744,-0.254434,1014.35
685592,0.0573888,18.9431,0.793878,58.45,44.73,-350.77,-42.3681,-27.5928,0.27012,1014.38
685598,0.172166,19.0722,2.0373,61.04,48.09,-335.23,-40.9358,-29.387,-0.495446,1014.38
685604,0.157819,19.1918,2.62076,63.91,47.74,-323.26,-39.2457,-31.6731,-0.183549,1014.39
685610,0.435198,19.0866,3.32855,70.7,47.74,-311.99,-38.2144,-32.223,0.978977,1014.39
685616,0.0526064,19.4787,4.13678,80.15,43.68,-304.64,-37.1831,-33.7278,1.17746,1014.39
685622,0.11956,20.2391,4.31372,87.15,40.04,-304.15,-35.5216,-35.8693,0.0574628,1014.42
685628,0.636059,21.5065,4.83501,94.08,33.95,-309.47,-34.0033,-36.3034,0.66708,1014.42
685634,1.05691,22.8073,4.58632,95.2,22.96,-323.12,-33.1726,-36.7953,2.08479,1014.41
685640,2.02774,24.0268,2.82162,82.53,15.75,-341.67,-31.3679,-38.5606,2.08479,1014.41
685646,0.899091,25.7102,4.59589,78.96,-5.67,-358.4,-29.6491,-38.9079,1.34758,1014.4
685652,1.53993,27.3075,3.71114,64.4,-21.42,-373.59,-27.8443,-39.3709,1.7729,1014.4
685658,1.75992,26.7623,4.13199,54.67,-42.28,-386.26,-25.5239,-41.3387,3.02049,1014.44
685664,2.77857,26.351,4.11765,46.06,-63.28,-394.03,-23.5187,-43.2487,2.33998,1014.44
685670,5.08369,24.7394,4.10808,42.28,-80.01,-395.71,-21.6853,-42.1201,3.47415,1014.42
685676,6.61406,22.3769,6.15973,52.5,-87.29,-386.89,-19.8233,-43.7696,4.40985,1014.42
685682,8.4505,21.9034,6.54232,72.03,-103.25,-371.84,-17.3883,-45.2455,2.89289,1014.42
685688,14.7441,25.9541,2.879,69.86,-96.81,-355.67,-16.2424,-44.8114,3.88529,1014.42
685694,16.8484,27.7475,1.20038,56.56,-93.24,-339.01,-14.8101,-44.5799,4.63668,1014.42
685700,21.1286,29.0292,-1.65949,29.61,-86.66,-318.08,-12.0028,-45.5928,5.07617,1014.39
685706,24.0937,28.2353,-3.16595,-2.87,-78.33,-293.23,-10.4845,-46.432,4.36731,1014.39
685712,27.7762,25.5763,-3.73505,-23.52,-65.17,-264.6,-9.05215,-46.1715,5.17541,1014.41
685718,32.8503,19.957,-2.22382,-31.85,-49.56,-224.98,-8.36463,-46.0847,4.9344,1014.41
685724,34.1846,16.9201,0.449546,-25.62,-47.25,-173.18,-6.18749,-48.2262,4.65086,1014.41
685730,43.3285,10.3491,4.11286,8.19,-16.59,-125.93,-5.41403,-46.432,5.01946,1014.41
685736,43.1086,10.4304,4.51459,31.71,-5.18,-66.08,-6.15885,-46.2873,6.06857,1014.44
685742,41.7982,11.0426,5.50454,57.33,2.24,-3.43,-4.49734,-47.5027,3.51669,1014.44
685748,38.154,13.1803,5.17456,70.28,16.87,44.17,-4.64058,-46.6635,4.50909,1014.44
685754,32.9651,15.275,4.0746,67.62,19.67,92.47,-5.72915,-45.6217,6.56477,1014.44
685760,23.9598,24.6485,1.82209,177.8,160.16,153.72,-5.67185,-46.9529,6.30958,1014.42
685766,-29.5361,141.21,37.0588,-311.29,-191.66,337.33,-7.87764,-46.4899,7.45793,1014.42
685772,31.3199,-19.5313,-8.42659,-224.49,155.68,283.08,-10.5418,-45.2166,5.98351,1014.4
685778,-46.9249,-14.0172,24.4285,-186.97,8.26,345.1,-10.5991,-46.3162,3.45998,1014.4
685784,-24.6772,-20.11,19.933,110.11,-185.43,325.43,-12.0314,-46.3741,3.55922,1014.4
685790,2.19034,24.8111,-6.85318,-36.68,-39.76,340.76,-14.6096,-44.985,3.2615,1014.39
685796,-1.21951,8.45528,1.1143,-25.62,-37.31,334.04,-17.331,-43.567,3.97035,1014.39
685802,-2.61119,3.37159,11.2004,45.22,-121.03,310.45,-17.3883,-44.6088,3.92782,1014.39
685808,7.07317,12.0995,3.19464,48.65,-109.62,297.5,-18.6774,-43.2776,4.65086,1014.39
685814,10.4543,20.6839,-5.1889,-9.94,-42.56,294.56,-21.9718,-42.0043,5.57237,1014.43
685820,4.38068,21.8077,-1.13821,-72.8,-38.29,279.86,-22.3442,-42.4963,3.99871,1014.43
685826,5.93974,14.1559,2.02774,-32.34,-35.07,255.78,-24.2062,-42.1201,3.85694,1014.43
685832,4.27068,17.5275,-4.60545,-79.38,-55.86,213.78,-24.464,-40.7889,4.48073,1014.43
685838,5.47107,11.143,1.956,-76.09,-17.36,208.39,-26.1542,-40.9625,4.48073,1014.36
685844,0.669536,9.21568,4.05069,-57.47,-18.48,197.82,-26.6698,-41.5124,2.46758,1014.36
685850,1.2769,9.70349,2.53945,-43.05,-33.39,200.97,-27.873,-39.0236,3.19061,1014.41
685856,18.2879,13.2042,12.9412,-26.95,-93.8,59.92,-28.9615,-39.1973,3.23314,1014.41
685862,12.3482,11.0856,-2.69727,-18.76,-16.52,55.58,-28.5605,-39.1683,3.28985,1014.41
685868,1.40124,12.6208,0.0908656,-41.93,-7.35,57.82,-29.3339,-38.8789,3.1339,1014.41
685874,-3.56289,10.8274,1.83166,-54.53,-35.56,59.78,-29.7923,-37.5477,2.32581,1014.41
685880,1.55428,7.19751,3.56767,-28.42,-37.31,51.73,-30.6803,-38.7632,2.89289,1014.39
685886,4.24199,7.04448,2.76423,-16.52,-7.21,44.24,-29.9642,-38.9947,4.31061,1014.39
685892,2.03252,6.19799,4.49067,-3.92,-3.08,32.13,-30.0215,-37.403,4.15466,1014.4
685898,1.28168,8.00574,2.48685,12.04,-8.89,21.56,-30.3652,-38.3291,2.99213,1014.4
685904,0.81779,11.6308,-1.05213,-2.94,-0.77,18.83,-30.5371,-38.5606,3.06302,1014.41
685910,0.57867,9.51698,0.707795,0.07,3.36,17.22,-30.6803,-38.1555,3.2615,1014.41
685916,0.454328,9.12482,1.33429,7.84,-0.91,8.89,-30.4225,-37.4899,3.36074,1014.41
685922,0.71736,10.0287,0.373027,1.4,3.64,9.66,-30.3939,-38.8211,2.11315,1014.41
685928,0.669536,9.27307,1.19082,2.66,3.78,5.25,-31.1387,-38.6185,2.28327,1014.44
685934,-1.30081,10.5165,1.20038,6.37,0.98,4.9,-31.3106,-36.5928,2.7653,1014.44
685940,-0.640842,10.7221,0.411286,1.96,-0.35,10.5,-30.8236,-39.0526,2.4534,1014.44
685946,-1.06648,10.3682,1.18604,-2.31,1.4,9.24,-31.3106,-38.4448,1.36176,1014.46
685952,-1.05213,10.5548,0.989957,-1.4,-3.08,11.48,-30.9095,-36.9111,2.87871,1014.46
685958,-0.21999,9.97609,1.09517,-1.89,-0.28,13.86,-31.2533,-38.0686,3.27567,1014.42
685964,-0.779531,10.0574,1.32472,-2.52,-4.13,12.18,-29.9642,-38.3001,1.44682,1014.42
685970,0.554758,10.1435,0.511717,-3.99,2.45,12.67,-31.5684,-37.6924,2.87871,1014.43
685976,-0.0334768,9.85174,0.703013,-3.64,0.42,12.81,-31.7116,-36.94,3.55922,1014.43
685982,0.200861,10.1052,0.793878,-7.28,1.96,9.73,-31.0814,-38.2423,2.92125,1014.43
685988,-0.0860832,9.61741,1.16212,-6.02,0.28,10.01,-31.7116,-37.5188,2.25492,1014.43
685994,-0.176949,9.71305,1.33907,-6.51,-1.61,10.15,-31.1387,-36.6506,2.79365,1014.43
686000,0.267814,9.34481,1.14778,-3.43,1.96,7.07,-31.8548,-37.9818,3.55922,1014.43
686006,0.33955,9.60306,0.923003,-2.94,0.63,6.58,-31.7689,-37.432,1.84378,1014.42
686012,0.21999,9.61262,1.10952,-3.15,3.64,5.6,-31.7976,-36.014,3.78605,1014.42
686018,-0.0143472,9.62697,1.08082,-2.31,2.8,3.71,-31.3965,-37.1426,2.49593,1014.42
686024,-0.25825,9.96174,0.83692,-2.8,3.78,5.32,-31.3106,-37.7214,2.62353,1014.42
686030,-0.382592,10.1817,0.61693,-3.57,0.63,5.18,-31.1387,-36.7085,1.94302,1014.42
686036,-0.306074,10.3539,0.382592,-8.47,0.21,5.11,-31.7116,-36.7953,3.24732,1014.45
686042,-0.526064,10.153,0.612147,-9.94,-2.73,6.3,-31.6543,-38.387,1.94302,1014.45
686048,-0.373027,9.77044,0.884744,-9.45,-4.97,5.6,-31.0527,-37.2873,1.33341,1014.42
686054,-0.162602,10.0622,0.659971,-12.11,-5.53,5.53,-31.8548,-36.8243,1.50353,1014.42
686060,-0.310856,10,0.889526,-12.95,-6.23,5.88,-30.5944,-38.2712,1.88631,1014.44
686066,-0.129125,9.78957,0.932568,-13.09,-7.49,5.6,-31.7116,-38.1555,2.43922,1014.44
686072,0.0191296,9.82783,0.927786,-12.88,-6.51,5.6,-31.7976,-37.1426,1.80125,1014.45
686078,-0.114778,10.0096,0.774749,-15.33,-7.14,6.93,-32.2559,-37.4609,2.58099,1014.45
686084,0.162602,10.0909,0.822573,-14.42,-4.06,5.11,-31.9121,-38.0686,1.80125,1014.41
686090,-0.411286,10.9134,0.224773,-17.78,-0.56,9.17,-31.3679,-37.3452,3.10555,1014.41
686096,-0.143472,10.11,0.750837,-20.16,-1.26,9.52,-32.0554,-36.2744,2.60935,1014.45
686102,-0.0334768,9.27786,1.58776,-16.31,1.19,10.29,-31.1673,-38.1555,1.43265,1014.45
686108,-0.35868,9.78957,1.17647,-17.71,-1.54,9.59,-31.5111,-36.94,1.71619,1014.45
686114,0.157819,9.85653,0.822573,-17.78,-1.12,7.77,-31.8835,-36.3612,2.08479,1014.46
686120,0.0573888,9.3735,1.65949,-14.91,2.87,8.68,-32.0554,-37.1137,1.21999,1014.46
686126,-0.664754,10.1004,1.02343,-16.73,-3.36,9.73,-31.9981,-37.1715,0.752143,1014.43
686132,0.224773,10.373,0.679101,-19.39,1.33,10.15,-32.3418,-35.985,2.31163,1014.43
686138,-0.277379,10.3156,0.808226,-22.54,1.61,12.39,-31.8548,-36.7664,1.90049,1014.46
686144,-0.49737,10.0239,1.20516,-20.93,0.56,12.95,-31.8835,-37.5477,1.44682,1014.46
686150,-0.105213,10.4591,0.894309,-24.64,0.63,14.21,-32.2272,-36.1876,2.28327,1014.43
686156,0.0573888,9.94261,1.15734,-24.15,3.5,15.68,-32.0554,-36.3612,2.24074,1014.43
686162,-0.0813008,10.4591,1.12865,-25.97,2.73,17.5,-32.8002,-37.3741,1.73037,1014.45
686168,-0.153037,10.8082,0.760402,-27.51,6.72,17.99,-32.2272,-36.5059,1.58859,1014.45
686174,-0.210426,9.83261,1.55428,-28.42,6.16,20.09,-32.9721,-35.6667,1.21999,1014.44
686180,-0.0143472,9.58393,2.01817,-27.16,6.02,19.53,-32.7429,-36.477,1.29087,1014.44
686186,-0.253467,10.0096,1.74079,-27.93,4.2,20.23,-32.9721,-36.0719,0.794674,1014.44
686192,-0.21999,10.3061,1.37255,-28.07,7.21,21.56,-32.8575,-35.551,1.54606,1014.43
686198,-0.325203,10.0622,1.41559,-27.09,3.92,21,-32.4278,-35.3194,0.185057,1014.43
686204,0.612147,10.067,1.41081,-28.98,6.79,22.68,-33.2872,-37.1715,0.355183,1014.43
686210,0.095648,10.153,1.37255,-29.96,7.21,24.08,-33.2585,-34.9432,0.993154,1014.43
686216,-0.282162,11.076,1.0856,-30.73,10.01,25.9,-33.8315,-35.2037,0.922268,1014.44
686222,-0.865614,12.1808,0.301291,-41.37,6.23,30.31,-33.6596,-36.5928,-0.0134229,1014.44
686228,0.071736,11.4586,0.0526064,-45.15,12.25,34.65,-33.946,-35.522,-1.10506,1014.42
686234,-0.0286944,10.5978,0.133907,-46.27,11.55,34.93,-34.0606,-35.0879,-0.169371,1014.42
686240,0.0621712,10.6648,1.53515,-46.83,13.93,37.52,-33.8888,-35.8693,-1.16177,1014.42
686246,-2.78814,10.7508,5.8967,-33.88,9.17,46.48,-34.0606,-35.9561,-0.580509,1014.42
686252,-6.26016,13.1659,9.87087,-11.06,-6.16,61.67,-34.1466,-34.5381,-1.68633,1014.45
686258,-2.7451,12.7451,3.90722,-12.81,-12.04,68.95,-34.1752,-34.9432,-2.05493,1014.45
686264,0.0526064,10.2248,2.68293,-7.56,-4.83,73.5,-35.1492,-34.8854,-2.52278,1014.46
686270,-1.6308,11.0617,4.60067,2.38,-7,80.01,-34.6622,-34.2776,-1.26101,1014.46
686276,-2.41511,13.5438,4.01722,8.12,-13.3,88.9,-35.5503,-34.1329,-0.835697,1014.46
686282,-2.17599,13.6059,3.3955,6.02,-13.37,98.28,-35.7221,-35.3484,-1.92734,1014.44
686288,-1.86514,12.0134,4.48589,13.93,-15.61,106.26,-36.1805,-33.5252,-1.17595,1014.44
686294,-1.74079,11.3965,4.40937,23.24,-19.67,114.03,-37.3263,-32.7149,-0.0559544,1014.46
686300,-1.42037,11.9369,4.38546,28.14,-21.7,120.96,-37.6415,-33.2937,-1.03418,1014.46
686306,-1.58297,11.3439,5.28455,32.76,-24.29,125.86,-38.4149,-32.4834,-0.537977,1014.43
686312,-1.8747,11.2865,5.37542,42.98,-31.36,132.58,-39.0165,-30.6024,0.0432857,1014.43
686318,-1.14778,12.7068,3.60115,53.06,-30.38,140.91,-39.7613,-30.776,-0.82152,1014.44
686324,-0.607365,13.5342,1.64515,53.97,-28.56,148.33,-39.2457,-31.4127,0.780497,1014.44
686330,0.396939,14.5911,-0.282162,52.99,-16.24,157.36,-39.79,-29.3291,0.596194,1014.44
686336,-1.10473,16.2841,0.153037,56.91,-7.98,172.62,-41.6233,-28.8371,-0.282789,1014.44
686342,-2.53945,18.1923,0.545194,52.01,-6.3,189.77,-42.6546,-29.0976,-0.0134229,1014.44
686348,-2.81683,19.6365,-0.35868,42,-6.09,207.2,-42.2536,-28.1426,0.638726,1014.44
686354,-3.08943,19.3878,-0.602582,36.82,-2.66,228.13,-43.3708,-25.6538,2.09897,1014.44
686360,-2.62554,19.23,-0.908656,30.52,-0.91,244.51,-44.3734,-25.8564,0.893914,1014.46
686366,-3.44333,21.7408,-1.3869,23.45,2.31,264.67,-45.3474,-24.612,1.44682,1014.46
686372,-4.11765,24.0842,-2.38164,7,4.62,287.84,-46.2927,-22.3259,2.41087,1014.45
686378,-5.07891,24.6389,-4.2946,-11.48,10.64,313.74,-47.3526,-22.1812,2.55264,1014.45
686384,-5.08369,24.3998,-4.1033,-21.07,13.51,340.9,-48.6131,-20.9657,0.908091,1014.44
686390,-5.44715,27.341,-4.17504,-31.57,22.61,369.11,-48.5558,-18.3323,1.33341,1014.44
686396,-7.99139,26.7432,-2.51076,-45.78,27.58,399.56,-50.3892,-17.0879,1.41847,1014.48
686402,-9.23003,25.3898,2.01339,-44.03,18.76,429.31,-52.5663,-17.2037,0.681257,1014.48
686408,-8.36442,27.2549,2.5012,-49.98,13.16,462.21,-52.3944,-13.0365,1.70201,1014.46
686414,-6.7384,25.7437,1.00909,-56.14,10.64,487.48,-53.3111,-9.21655,0.383537,1014.46
686420,-6.76231,25.0502,-0.0621712,-60.55,14.7,510.51,-54.1705,-8.26156,-0.12684,1014.43
686426,-6.34624,21.0665,1.47298,-51.03,9.45,525.63,-55.4023,-5.57025,-0.367851,1014.43
686432,0.109995,14.065,4.07939,10.5,-4.2,523.6,-54.9154,-1.86607,1.06404,1014.43
686438,2.37685,23.869,-1.60689,29.68,41.23,526.19,-55.9753,0.449045,-1.07671,1014.43
686444,-1.07604,23.8881,-3.30942,19.95,61.32,525,-57.6368,3.63232,-0.268611,1014.43
686450,-2.22382,17.5227,1.90818,46.69,57.26,515.48,-56.2617,6.12107,-0.12684,1014.41
686456,-0.325203,28.2449,-0.454328,52.85,61.39,500.57,-56.405,9.13072,-0.254434,1014.41
686462,-7.47489,37.8862,-7.011,-12.53,93.59,513.38,-57.1211,11.2143,-1.98405,1014.42
686468,-11.8508,27.3792,-6.23625,-24.29,83.86,512.89,-56.9493,14.4265,-2.1967,1014.42
686474,-7.99139,20.6743,-4.85414,-11.9,91.49,485.94,-56.1758,17.4072,-1.54455,1014.4
686480,-8.42659,9.12004,-14.3042,-40.88,131.53,422.94,-55.832,19.3751,-2.90556,1014.4
686486,-9.5648,-0.722142,-12.3099,-67.97,133.77,360.36,-55.3737,21.3719,-3.13239,1014.42
686492,-11.9608,-6.02582,-12.2429,-86.17,128.38,320.25,-53.8841,23.4844,-4.01138,1014.42
686498,9.36872,-22.1282,7.85748,-11.55,84.14,162.19,-54.1992,23.5134,-5.40074,1014.38
686504,15.3898,-14.7824,3.41463,27.3,117.6,21.42,-54.6575,24.6709,-4.90454,1014.38
686510,-2.40555,-3.06074,0.803443,42.98,94.85,-94.36,-53.7695,24.6709,-4.72023,1014.39
686516,-5.50454,-3.05595,2.23816,68.88,70.35,-192.92,-53.1106,22.4716,-5.3015,1014.39
686522,-11.6499,6.05452,-1.70253,53.9,38.15,-247.1,-54.6862,21.4298,-6.35061,1014.39
686528,-13.7542,10.8417,-2.86466,20.16,10.85,-273.63,-54.5716,20.5326,-5.93947,1014.4
686534,-14.285,13.6011,-2.67814,-4.83,-10.71,-283.36,-54.9154,19.8381,-5.65593,1014.4
686540,-12.9842,12.0516,-1.71688,-22.68,-23.59,-276.01,-55.431,18.9121,-7.17288,1014.41
686546,-12.7642,10.1243,-1.36298,-32.34,-39.06,-267.26,-55.7747,16.3076,-5.96782,1014.41
686552,-11.5304,6.48493,-1.36298,-32.34,-48.3,-259.42,-55.5456,15.4105,-5.1739,1014.4
686558,-10.4974,2.74988,-0.526064,-21.35,-59.15,-249.97,-56.2617,13.9635,-5.23061,1014.4
686564,-7.36011,1.79818,-2.41033,-8.19,-56.42,-246.61,-57.1211,12.5166,-6.42149,1014.41
686570,-5.54758,-0.124342,-2.33859,9.87,-49.07,-248.57,-56.5196,11.9667,-5.13137,1014.41
686576,-4.91152,-1.18604,-1.62123,31.15,-46.27,-248.22,-56.6055,10.7802,-3.62859,1014.4
686582,-2.85031,-1.12386,-2.49163,49.56,-35.21,-259.49,-56.9493,8.37831,-5.38656,1014.4
686588,-2.50598,-0.966045,-2.12339,71.96,-22.54,-270.9,-56.3477,7.4812,-3.78454,1014.42
686594,-2.86944,0.631277,-2.08991,85.68,-13.51,-278.32,-56.2617,6.17895,-3.33087,1014.42
686600,-3.03204,1.67862,-1.90818,97.16,-3.43,-292.04,-56.5196,3.80596,-3.98302,1014.42
686606,-3.40985,3.14682,-1.34385,109.83,6.44,-305.34,-56.0899,2.50371,-4.13897,1014.45
686612,-4.33285,4.33764,-0.903874,105.7,6.02,-313.74,-54.6289,0.825252,-2.79214,1014.45
686618,-5.03587,5.5428,-0.726925,104.79,10.36,-327.67,-55.3164,-1.40304,-3.33087,1014.4
686624,-5.31325,7.08273,-0.516499,100.17,12.04,-338.94,-55.6029,-3.7471,-4.12479,1014.4
686630,-5.4615,7.13534,0.124342,94.01,11.13,-348.53,-53.9127,-4.26799,-3.82707,1014.34
686636,-4.95457,7.21186,0.37781,89.95,10.78,-363.37,-54.5143,-6.2069,-3.45847,1014.34
686642,-5.38498,7.40316,1.04256,96.46,6.23,-374.5,-53.97,-8.86928,-4.33745,1014.38
686648,-6.2219,7.49402,1.35342,89.18,3.5,-383.53,-52.4517,-10.0558,-3.06151,1014.38
686654,-5.23195,8.41224,1.47298,94.5,1.89,-394.24,-52.0507,-11.7921,-2.62202,1014.36
686660,-5.69584,9.13917,1.53993,100.87,0.14,-399.98,-51.8502,-14.5992,-4.35163,1014.36
686666,-5.34194,11.1813,1.12386,100.87,1.75,-402.64,-50.3892,-16.3934,-3.58606,1014.34
686672,-5.5428,12.2716,1.34864,103.6,1.26,-400.12,-48.3839,-17.7535,-2.22506,1014.34
686678,-4.38546,14.2516,1.2769,104.72,5.88,-395.57,-48.0975,-20.1265,-2.26759,1014.4
686684,-3.99809,15.4663,1.48254,104.93,8.33,-388.64,-47.0662,-22.9047,-2.94809,1014.4
686690,-3.72549,17.2214,1.31516,98.63,10.08,-377.02,-45.7484,-23.4256,-1.53038,1014.4
686696,-2.7977,18.4648,2.42468,97.51,13.44,-364.7,-44.5166,-24.9593,-1.7005,1014.37
686702,-2.78336,20.0526,2.52989,91.28,13.23,-351.05,-42.6833,-27.6796,-1.28937,1014.37
686708,-2.36729,21.1334,3.33333,83.23,9.73,-335.58,-42.0244,-28.8082,-1.47367,1014.34
686714,-1.7934,21.4586,3.64897,75.88,9.45,-321.79,-40.1337,-29.5027,-0.495446,1014.34
686720,-2.0373,22.0086,3.74462,71.19,3.22,-310.38,-39.8186,-31.8757,-1.16177,1014.38
686726,-0.875179,21.4873,4.25634,67.2,-0.42,-305.83,-37.3836,-32.0783,-0.552154,1014.38
686732,-0.229555,21.7312,4.08895,68.46,-2.31,-308.77,-35.8081,-33.3805,0.76632,1014.34
686738,1.20516,21.7599,4.57676,80.01,-2.38,-317.1,-34.92,-35.059,0.511131,1014.34
686744,1.7934,21.1669,4.6198,86.31,-4.83,-340.27,-33.8315,-36.014,0.482777,1014.4
686750,1.5208,21.6308,4.46198,92.82,-13.16,-371.98,-31.7689,-35.6957,1.06404,1014.4
686756,1.24821,23.0942,3.90722,90.02,-21.77,-400.75,-30.0501,-37.5767,1.68783,1014.42
686762,0.47824,24.3329,3.97417,85.12,-38.85,-429.87,-27.2141,-39.5735,1.02151,1014.42
686768,-0.0669536,27.4318,3.17073,74.69,-58.45,-448.35,-25.8391,-40.2391,1.31923,1014.42
686774,0.516499,28.9766,2.42468,61.04,-76.51,-452.83,-23.5473,-40.2101,3.4458,1014.39
686780,3.26638,28.5988,3.4768,50.61,-87.64,-445.55,-21.1124,-42.5252,2.79365,1014.39
686786,5.08369,27.5227,5.15543,58.87,-101.5,-426.23,-19.1358,-43.104,3.60175,1014.4
686792,8.967,28.6848,4.05548,61.81,-103.88,-402.78,-16.5862,-44.2326,3.60175,1014.4
686798,15.0598,29.9043,3.3429,57.96,-96.25,-374.64,-14.7242,-44.9272,4.56579,1014.44
686804,16.8771,31.1478,1.37733,41.23,-95.34,-343.84,-12.4038,-45.6796,3.98453,1014.44
686810,22.2621,32.0612,-3.29029,15.19,-87.43,-316.05,-12.8049,-45.5638,3.14808,1014.45
686816,26.1932,29.3448,-4.13199,-14,-73.08,-283.01,-9.71102,-45.2455,5.45895,1014.45
686822,31.0426,23.5725,-3.07508,-24.57,-59.36,-244.37,-7.44794,-46.0558,4.09795,1014.44
686828,33.2186,20.7174,-2.37685,-25.41,-57.4,-200.27,-6.61719,-45.1587,5.37389,1014.44
686834,39.4452,14.0937,0.779531,0.28,-22.47,-152.11,-6.90366,-45.5928,4.4382,1014.42
686840,39.9856,9.74175,4.33764,28.98,-20.51,-98.28,-5.35674,-46.5767,3.98453,1014.42
686846,42.726,7.97226,6.22669,66.22,-18.13,-56.35,-5.01298,-46.5767,4.57997,1014.42
686852,42.8838,9.89479,6.91057,92.96,-4.41,-14,-4.8984,-45.2455,5.78503,1014.48
686858,39.1918,12.439,6.901,102.69,-7.28,30.52,-4.44005,-46.3162,5.68579,1014.48
686864,35.868,15.6958,5.90626,94.08,-1.54,66.71,-4.95569,-47.4738,5.55819,1014.44
686870,29.3065,20,4.05548,73.22,-1.19,105.77,-6.15885,-46.0847,6.38047,1014.44
686876,-19.8422,104.926,35.7771,150.92,27.65,442.68,-6.44531,-45.7374,7.50046,1014.44
686882,48.044,10.77,-44.1702,-314.72,-99.96,278.81,-7.87764,-45.7374,5.95515,1014.44
686888,-10.33,-11.143,-6.46581,-171.01,256.13,345.45,-10.4272,-45.1297,5.35971,1014.43
686894,-35.3658,-11.4491,24.8159,-26.32,-168.7,377.51,-13.0913,-44.0879,5.6149,1014.43
686900,-1.26255,15.2941,7.67097,11.13,-116.97,350.77,-14.4377,-44.522,4.29643,1014.44
686906,1.11908,14.7728,-5.96844,-46.2,-2.31,366.1,-16.7867,-44.3484,4.72174,1014.44
686912,-6.21712,2.80727,14.4333,50.68,-91.42,347.76,-19.6227,-43.7407,4.80681,1014.39
686918,5.16977,9.98565,7.42707,72.31,-121.03,327.18,-19.279,-43.3066,5.69997,1014.39
686924,8.81396,21.4204,-6.04017,-6.65,-86.31,314.79,-22.0291,-42.2648,5.45895,1014.39
686930,10.6265,20.9947,-5.4902,-59.71,-41.09,301.49,-23.3755,-40.6442,4.90604,1014.39
686936,7.19751,24.7107,-3.84983,-103.39,-58.31,260.96,-24.55,-41.2519,5.41642,1014.39
686942,4.09852,15.2702,1.45863,-101.15,-70.98,235.27,-25.6099,-41.5413,4.56579,1014.38
686948,4.99761,9.22047,4.09373,-71.19,-45.57,220.01,-26.8417,-39.5156,4.77845,1014.38
686954,18.7566,16.3415,19.7896,-36.75,-166.67,139.58,-27.9589,-38.9657,4.48073,1014.37
686960,12.6925,10.1339,-9.18699,-4.83,-49.56,93.8,-28.0162,-39.805,3.80023,1014.37
686966,4.48111,16.6619,-3.78288,-49.35,-31.01,56.35,-28.5318,-39.5445,4.29643,1014.37
686972,-0.946915,14.615,-0.315638,-81.48,-29.89,66.29,-28.5032,-38.1555,4.76427,1014.37
686978,-1.6021,5.20325,2.86466,-41.37,-33.53,57.54,-28.8756,-39.1394,4.60833,1014.4
686984,2.15686,6.27451,6.07365,-6.93,-32.97,47.32,-29.735,-39.5735,4.26807,1014.4
686990,4.17982,7.76184,0.908656,-10.71,-11.48,39.13,-29.0761,-37.432,5.16123,1014.41
686996,2.61119,7.32185,2.20469,-2.45,-9.03,23.52,-29.4199,-38.2712,5.23212,1014.41
687002,0.884744,8.8044,1.84601,2.87,-5.18,20.86,-29.2194,-39.2551,3.942,1014.44
687008,1.16691,9.60306,1.03778,1.47,-2.87,18.13,-29.5918,-38.5606,3.98453,1014.44
687014,1.31516,8.86179,1.45385,10.92,3.22,10.78,-30.3939,-38.8211,4.29643,1014.44
687020,-0.329986,10.3778,-0.10043,5.46,-4.97,6.09,-29.6491,-38.8789,4.02706,1014.39
687026,0.401722,9.81349,0.679101,-0.91,3.43,6.02,-29.735,-38.2133,4.59415,1014.39
687032,-0.368245,10.3635,0.903874,1.05,-2.38,3.43,-30.7663,-37.895,4.76427,1014.44
687038,-0.779531,9.71305,1.11908,1.68,4.27,5.88,-30.1074,-38.7342,5.67161,1014.44
687044,-1.52559,10.9087,0.569106,-1.26,-3.99,7.35,-30.1074,-38.8211,4.55162,1014.4
687050,0.0095648,10.4543,0.13869,-3.22,1.82,6.65,-29.7923,-38.0108,4.60833,1014.4
687056,-0.559541,10.043,1.03778,-2.52,-2.1,7.91,-29.4485,-37.7793,5.89845,1014.44
687062,-0.760402,10.55,0.726925,-6.3,-1.54,9.24,-30.0215,-38.6185,3.72934,1014.44
687068,-1.1143,10.3443,1.1143,-5.18,-3.71,10.5,-29.6491,-37.5188,4.48073,1014.39
687074,-0.21999,10.5548,0.33955,-7,-1.75,11.97,-29.2766,-37.1137,5.81338,1014.39
687080,-0.186514,10.3922,0.593018,-9.59,0.14,11.55,-29.9928,-38.7342,5.14706,1014.43
687086,-0.224773,9.7561,1.24821,-5.46,1.05,10.85,-29.8782,-38.3291,4.76427,1014.43
687092,-0.37781,10.3587,0.559541,-8.05,0,11.48,-30.2793,-37.1426,5.60072,1014.43
687098,0.229555,9.45481,1.13821,-8.05,2.31,9.73,-29.7636,-38.358,4.63668,1014.43
687104,0.0765184,9.51219,1.19082,-6.37,3.5,8.47,-30.3079,-39.1683,4.94858,1014.43
687110,0.215208,9.50741,1.01865,-5.25,3.92,7.07,-29.7636,-37.7503,5.20376,1014.46
687116,0.10043,9.58871,0.932568,-6.02,5.74,5.18,-32.084,-39.2841,4.56579,1014.46
687122,-0.0573888,9.75131,0.789096,-6.79,5.81,4.97,-30.3652,-39.1394,4.80681,1014.44
687128,-0.282162,9.65088,0.884744,-5.53,5.11,4.13,-30.9668,-37.6635,3.92782,1014.44
687134,-0.329986,9.83261,0.789096,-7.14,4.48,3.5,-31.7403,-37.2584,5.13288,1014.4
687140,-0.406504,9.83261,0.712578,-7.91,3.64,3.71,-31.1673,-38.1265,4.56579,1014.4
687146,-0.382592,9.94261,0.655189,-9.94,2.87,3.92,-31.11,-38.1555,4.08377,1014.41
687152,-0.621712,9.91392,0.674318,-7.98,1.33,4.9,-30.8809,-36.9111,4.05542,1014.41
687158,-0.49737,10.0239,0.612147,-9.31,-1.19,5.25,-30.709,-37.5188,4.06959,1014.44
687164,-0.162602,10.0909,0.483022,-12.67,0.84,5.25,-30.0788,-38.5027,4.35314,1014.44
687170,-0.449546,9.99043,0.530846,-13.65,-2.17,6.44,-31.1673,-37.7793,4.72174,1014.43
687176,-0.191296,10.3348,0.425634,-16.45,-0.63,6.23,-30.9954,-37.6056,3.60175,1014.43
687182,-0.387374,10.4017,0.344333,-20.79,-0.28,7,-31.0814,-38.358,3.6301,1014.43
687188,-0.243902,9.87087,0.69823,-21.21,-0.98,8.05,-31.5397,-37.5767,3.72934,1014.41
687194,-0.444763,9.72262,1.10952,-21.28,-1.96,7.35,-30.9668,-37.0847,3.942,1014.41
687200,0.444763,9.33525,0.97561,-21.14,-2.1,6.86,-30.5944,-38.0397,2.70859,1014.47
687206,0.023912,9.25394,1.61645,-17.57,2.17,8.61,-30.8522,-38.2712,3.942,1014.47
687212,-0.669536,9.97609,0.832138,-19.11,-4.83,7.98,-31.0814,-36.969,3.85694,1014.44
687218,0.224773,9.58393,1.07126,-18.97,1.68,8.47,-31.7403,-38.4448,1.92885,1014.44
687224,-0.387374,9.69871,1.39168,-18.69,-1.89,9.8,-30.8522,-37.8661,2.56682,1014.44
687230,-0.071736,10.0622,0.879962,-20.09,1.61,9.87,-31.3392,-36.7085,3.36074,1014.44
687236,-0.21999,9.75131,1.24821,-19.67,2.1,10.36,-31.7116,-36.9979,3.57339,1014.44
687242,-0.425634,10.0096,1.07126,-19.04,2.66,12.04,-31.683,-38.3291,2.01391,1014.44
687248,-0.35868,10.5739,0.516499,-24.01,2.17,12.67,-31.6543,-37.8371,3.03466,1014.42
687254,-0.363462,10.2535,0.970827,-26.11,5.6,14.7,-30.7663,-36.8532,2.92125,1014.42
687260,-0.841702,9.87566,0.985174,-23.1,5.04,16.73,-31.8548,-37.5477,2.31163,1014.42
687266,-0.612147,10.2487,1.09995,-24.92,2.38,15.82,-31.9408,-37.2584,1.97138,1014.44
687272,0.023912,9.7274,1.63558,-23.17,7.98,17.99,-31.5111,-36.969,3.02049,1014.44
687278,-0.535629,9.70349,1.50646,-23.59,4.41,19.11,-31.9981,-37.432,1.80125,1014.44
687284,-0.903874,10.5835,1.22429,-24.5,0.77,20.65,-32.1127,-38.0108,2.28327,1014.44
687290,-0.315638,10.4448,1.07126,-24.85,4.13,22.61,-32.4278,-36.7953,2.33998,1014.46
687296,-0.631277,10.1435,1.57341,-25.48,1.12,23.52,-32.7142,-36.7085,2.55264,1014.46
687302,0.143472,10.1817,1.36298,-25.9,4.55,24.08,-32.3418,-37.9239,0.823028,1014.46
687308,-0.243902,10.4878,1.79818,-27.02,5.81,26.81,-31.9408,-36.3902,2.38251,1014.46
687314,-1.49211,11.4299,-0.133907,-30.03,7.49,30.87,-32.5424,-36.3612,2.80783,1014.43
687320,-0.387374,10.813,1.43472,-34.44,4.48,31.01,-32.5137,-37.0268,2.80783,1014.43
687326,0.373027,10.5548,1.37733,-38.29,11.06,30.8,-32.7142,-36.4191,1.48935,1014.48
687332,-0.679101,10.6361,1.46341,-38.78,7.21,30.03,-33.2299,-35.6957,1.98555,1014.48
687338,-0.105213,10.4352,1.6834,-39.41,8.61,31.71,-32.9721,-36.6217,0.823028,1014.48
687344,-0.210426,10.3682,2.07078,-37.59,9.52,33.18,-32.6569,-37.1137,-0.0417772,1014.43
687350,-1.31038,10.99,3.01291,-32.13,7.91,37.66,-32.8575,-35.9272,0.0291085,1014.43
687356,-3.35724,13.0081,4.88761,-26.6,-0.56,49.7,-33.5736,-35.9561,0.893914,1014.43
687362,-5.24151,12.0134,7.43663,3.92,-13.16,67.83,-34.032,-36.2165,-0.552154,1014.43
687368,-2.5538,14.175,2.05643,-4.69,-15.19,73.22,-33.2299,-35.1458,0.0432857,1014.46
687374,-1.15734,13.4672,1.1956,-7.91,-8.75,83.3,-34.519,-34.7117,0.794674,1014.46
687380,-2.18556,12.4821,3.44811,-0.77,-11.55,93.1,-34.6622,-34.567,-0.0276001,1014.5
687386,-1.94165,12.6016,3.8307,5.39,-10.78,100.59,-35.2351,-34.8854,-0.438737,1014.5
687392,-2.38642,12.5777,3.99809,9.1,-14.7,109.41,-35.3784,-33.2069,0.936446,1014.45
687398,-2.10904,12.7834,4.10808,15.4,-18.34,118.37,-35.8367,-33.7857,0.553663,1014.45
687404,-2.29077,12.4821,4.66284,18.97,-20.58,125.09,-36.8966,-33.6989,0.241766,1014.45
687410,-2.15686,12.4773,4.60545,26.53,-23.94,134.26,-37.4982,-32.1651,0.780497,1014.45
687416,-1.53037,12.8503,3.85461,32.34,-25.13,142.52,-37.4696,-32.2519,1.9572,1014.43
687422,-1.70732,13.5198,3.1803,35.07,-27.09,150.57,-38.3576,-32.4256,1.61695,1014.43
687428,-0.985174,13.3668,1.93687,38.71,-22.96,161.07,-38.6154,-31.0944,2.24074,1014.43
687434,-1.02343,13.8642,0.798661,39.55,-19.25,172.2,-40.1624,-30.5735,2.11315,1014.44
687440,-0.0813008,14.1511,-0.215208,38.36,-12.53,179.2,-40.0764,-30.5156,1.68783,1014.44
687446,-0.607365,15.7532,-0.851267,39.62,-0.49,192.57,-41.1363,-29.0976,1.03569,1014.44
687452,-2.18077,17.1019,0.47824,37.17,1.19,206.15,-41.8525,-28.3162,2.70859,1014.44
687458,-3.87374,19.4165,1.01865,30.66,-3.22,222.04,-42.9411,-27.7375,1.98555,1014.45
687464,-3.08943,19.6604,0.25825,25.34,1.12,241.57,-43.6572,-27.0719,1.51771,1014.45
687470,-3.63462,20.1052,-2.16643,14.63,3.85,260.47,-44.0296,-25.1619,2.1415,1014.44
687476,-3.48159,21.1956,-2.09469,6.23,2.24,278.81,-44.0869,-23.223,3.23314,1014.44
687482,-3.89766,22.9364,-2.23338,-8.54,11.83,300.72,-46.2927,-23.3387,1.29087,1014.46
687488,-6.34146,25.2367,-1.91774,-21.63,9.66,328.44,-46.8084,-21.2841,2.11315,1014.46
687494,-5.36107,25.2845,-2.13773,-27.72,14.14,354.55,-48.298,-18.0429,2.18403,1014.45
687500,-7.91487,24.1607,-0.841702,-32.97,21.56,387.17,-49.3006,-18.9111,1.63113,1014.45
687506,-9.02917,23.5533,1.03778,-30.8,12.95,415.66,-50.7329,-16.7696,2.29745,1014.45
687512,-7.90053,24.9833,2.04208,-33.88,6.16,441.84,-50.8189,-13.4706,2.66606,1014.44
687518,-7.02056,26.9058,1.88905,-47.32,5.95,468.51,-52.5377,-12.6024,2.18403,1014.44
687524,-6.32712,24.6963,1.71688,-46.34,-2.52,494.9,-53.4257,-10.0558,1.1491,1014.44
687530,-5.63367,22.2669,0.545194,-45.71,10.57,515.34,-54.6289,-6.90144,1.53189,1014.44
687536,-2.71162,13.912,3.38116,-5.32,-13.51,510.93,-54.5716,-4.00755,1.80125,1014.44
687542,4.06026,22.5155,-1.27212,32.55,29.05,507.5,-55.8893,-2.21333,1.84378,1014.44
687548,-2.6638,18.7709,-1.20516,19.95,46.06,514.01,-55.2018,1.20146,1.47518,1014.41
687554,-2.18556,12.2095,3.82592,73.29,33.18,502.46,-55.832,5.02139,2.33998,1014.41
687560,-0.325203,29.2444,-1.53037,67.62,43.4,495.95,-57.2071,7.07606,1.47518,1014.41
687566,-2.91248,33.7685,-4.77762,28,68.74,497.42,-57.5508,9.21754,1.1491,1014.41
687572,-7.98183,27.1688,-3.83548,17.43,61.39,504.07,-56.319,12.3429,0.709611,1014.41
687578,-6.67145,23.5007,-6.56624,9.24,74.97,478.24,-56.5196,14.2529,0.341006,1014.41
687584,-6.14538,17.3027,-9.16786,-19.74,98.98,441,-57.0639,18.1597,-1.54455,1014.41
687590,-7.55141,1.32472,-9.73697,-37.8,110.67,373.59,-55.1159,19.5487,-1.48785,1014.41
687596,-9.79436,-2.17121,-10.5882,-76.58,137.83,312.76,-54.8867,21.2272,-1.98405,1014.41
687602,-6.15017,-17.0875,4.06504,-66.36,45.78,246.47,-55.0586,23.0793,-2.73543,1014.36
687608,17.7762,-16.3415,6.1693,11.2,70.84,90.86,-54.4857,22.9635,-2.05493,1014.36
687614,3.12769,1.01387,-2.20947,12.67,85.47,-20.23,-53.7408,23.2529,-2.79214,1014.37
687620,-2.75466,-2.40555,1.84601,45.22,67.06,-102.83,-55.2305,22.8767,-4.77694,1014.37
687626,-5.53324,-0.468675,0.750837,63.56,48.02,-171.08,-55.0013,22.5873,-2.87721,1014.41
687632,-10.0574,5.79627,-3.04639,42.84,22.47,-218.19,-54.6575,21.314,-4.15315,1014.41
687638,-10.3826,8.20182,-3.64897,25.9,9.87,-235.62,-55.431,19.9828,-3.86961,1014.44
687644,-9.71784,8.65614,-2.67814,6.44,0.49,-253.89,-56.1758,18.8831,-3.01898,1014.44
687650,-9.6748,8.16834,-1.70253,-2.73,-7.35,-265.23,-55.2591,18.1018,-3.35923,1014.42
687656,-8.94787,6.87709,-1.04256,-7.84,-14.7,-258.79,-55.3737,16.7416,-4.08226,1014.42
687662,-8.48398,5.15543,-1.51602,-7,-19.74,-263.06,-56.7774,14.7159,-4.22403,1014.45
687668,-8.21616,4.09373,-1.70732,-5.53,-25.13,-265.51,-55.9466,13.6741,-3.6853,1014.45
687674,-6.86274,2.15208,-1.46341,-0.35,-27.37,-265.44,-56.0039,11.9667,-3.13239,1014.45
687680,-6.13104,2.05165,-1.67384,5.46,-26.11,-272.02,-56.5196,10.0278,-3.44429,1014.45
687686,-5.60976,1.89383,-1.42994,14.49,-25.97,-276.99,-55.8607,8.60982,-4.39416,1014.45
687692,-5.01196,2.2286,-1.70732,17.5,-24.78,-280.91,-55.4596,7.97316,-2.53695,1014.43
687698,-4.62458,2.03252,-1.34864,26.04,-21.35,-290.22,-56.4336,6.2947,-3.74201,1014.43
687704,-4.20851,2.48685,-1.30081,32.83,-19.18,-298.76,-56.6341,3.86384,-3.45847,1014.41
687710,-4.16547,2.77379,-1.21473,37.8,-17.36,-307.72,-55.8034,2.90885,-2.06911,1014.41
687716,-4.50502,3.26638,-0.722142,43.12,-17.43,-317.24,-55.7175,2.09856,-2.49442,1014.41
687722,-4.98326,4.40459,-1.12865,45.85,-18.69,-324.1,-56.0899,-0.911083,-2.53695,1014.41
687728,-4.86848,4.5098,-0.746054,51.17,-18.13,-332.01,-55.0299,-1.75031,-3.48682,1014.4
687734,-5.22716,5.2176,-0.588235,53.76,-20.51,-336.14,-54.457,-3.28407,-1.89898,1014.4
687740,-5.19369,5.96365,-0.535629,56.42,-21.35,-340.97,-54.944,-5.71494,-2.06911,1014.37
687746,-4.61502,6.26016,-0.439981,60.69,-20.72,-344.82,-53.6549,-7.16189,-1.3319,1014.37
687752,-4.71545,6.47537,-0.210426,65.03,-22.05,-349.02,-53.0533,-8.37732,-0.963291,1014.37
687758,-3.98374,7.58489,-0.301291,71.05,-21.14,-355.11,-52.6523,-11.4159,-0.282789,1014.38
687764,-3.93592,8.55571,-0.521282,74.69,-19.32,-360.08,-52.3372,-13.0654,-0.0276001,1014.38
687770,-3.65854,9.52654,-0.444763,74.9,-16.66,-363.65,-50.7902,-14.6571,0.298474,1014.36
687776,-3.16117,11.2482,-0.655189,76.02,-11.97,-366.73,-49.272,-16.0751,0.66708,1014.36
687782,-3.20899,12.6542,-0.774749,73.85,-9.8,-365.61,-48.8996,-18.8243,-0.452914,1014.36
687788,-2.41033,14.5385,-0.95648,69.3,-2.52,-361.13,-47.8683,-19.4609,0.17088,1014.36
687794,-2.13295,15.4711,-1.00909,63.98,4.97,-353.43,-46.8943,-21.1683,0.723788,1014.36
687800,-1.96557,15.9397,-0.392157,62.37,10.71,-342.3,-45.6052,-23.6281,0.000754159,1014.36
687806,-1.41559,16.6858,0.439981,61.25,15.47,-327.88,-44.2875,-24.4674,0.582017,1014.39
687812,-1.26255,17.164,0.980392,63.14,17.57,-311.85,-43.1416,-26.2905,1.78707,1014.39
687818,-0.942133,18.154,1.64515,64.05,19.18,-297.78,-42.5973,-28.2005,0.709611,1014.38
687824,-1.05213,18.5175,2.06121,67.06,16.31,-282.8,-41.6806,-29.2133,1.16328,1014.38
687830,-0.210426,19.45,2.36251,68.04,13.23,-273.63,-39.9905,-29.387,1.02151,1014.38
687836,0.832138,18.3883,2.90292,70,9.66,-276.08,-38.8446,-30.5445,2.86454,1014.38
687842,0.789096,19.0674,3.72071,76.65,6.16,-285.74,-38.5009,-32.5703,1.39011,1014.38
687848,1.68819,20.1865,3.10378,85.26,4.55,-301,-36.8393,-33.0911,2.19821,1014.36
687854,1.77427,20.4926,2.95552,87.5,4.48,-316.4,-36.1232,-33.7567,2.99213,1014.36
687860,1.14299,22.726,2.42946,88.62,-2.17,-330.61,-34.6336,-36.6796,3.07719,1014.38
687866,1.62602,25.1076,1.64515,81.41,-6.23,-340.2,-32.6856,-36.3902,2.46758,1014.38
687872,2.07556,26.3702,1.62602,73.85,-11.76,-347.34,-31.1673,-36.1587,3.14808,1014.41
687878,3.15638,26.9632,1.88427,66.5,-20.51,-354.34,-29.5918,-38.2423,4.28225,1014.41
687884,4.25155,26.4515,2.05643,59.92,-29.33,-364.07,-27.9589,-39.805,4.40985,1014.41
687890,5.5428,24.7489,2.16643,55.3,-40.74,-373.66,-26.0969,-39.805,5.62908,1014.41
687896,6.69536,22.9173,2.74032,53.9,-48.72,-380.31,-24.3208,-40.731,4.53744,1014.44
687902,8.26399,20.8895,4.71545,64.47,-56.77,-378.28,-22.115,-42.7567,5.69997,1014.44
687908,10.88,21.8747,4.23242,74.48,-59.36,-371.42,-19.766,-42.5831,6.1111,1014.42
687914,13.4433,24.1176,3.21377,73.43,-53.76,-357.21,-18.3909,-42.7278,6.47971,1014.42
687920,16.8484,27.3888,1.25777,60.48,-47.18,-337.89,-15.87,-45.1008,6.33794,1014.42
687926,19.5026,28.704,-0.420851,37.66,-39.9,-317.38,-14.9534,-44.6667,6.99009,1014.43
687932,23.9168,27.3458,-2.2286,9.38,-28.07,-291.62,-13.8075,-44.522,6.84831,1014.43
687938,27.0301,24.4428,-2.5538,-13.37,-15.75,-263.83,-11.2293,-46.0268,6.53642,1014.43
687944,30.593,20.4543,-2.12339,-18.55,-0.21,-234.36,-9.48185,-46.3452,4.84934,1014.43
687950,34.3807,15.1459,-0.205643,-15.96,7.98,-194.39,-9.42456,-45.3612,5.85591,1014.43
687956,40.2487,9.06743,3.17073,17.36,42.91,-155.61,-8.36463,-45.4191,7.35869,1014.43
687962,40.9565,7.07317,5.70062,41.79,46.13,-114.03,-6.87501,-46.6924,6.26705,1014.45
687968,42.0325,7.25968,7.29316,74.62,55.23,-66.08,-7.16148,-45.6796,7.14603,1014.45
687974,37.3314,12.0134,7.68532,90.09,59.5,-16.1,-7.39065,-45.3902,7.74147,1014.44
687980,32.7164,15.9493,7.07317,87.5,55.3,32.9,-6.9323,-46.5188,7.37287,1014.44
687986,28.747,18.857,5.77714,66.36,52.22,77.7,-7.56253,-46.4899,8.18097,1014.43
687992,-34.6485,153.075,39.6365,-136.43,-74.83,358.19,-8.13546,-45.3612,9.74045,1014.43
687998,43.0081,31.0043,-26.9249,-341.67,-43.68,308.56,-10.1407,-46.2873,6.28123,1014.43
688004,-16.461,-22.0277,-3.56289,-218.19,197.75,310.66,-11.5158,-45.7085,5.98351,1014.41
688010,-53.2855,-5.63845,20.3969,-111.37,-162.05,350,-13.607,-43.9722,5.7425,1014.41
688016,-14.8254,-9.36872,28.2305,30.52,-207.55,315.7,-15.3258,-43.7117,5.31718,1014.38
688022,-4.5098,13.5055,0.726925,8.96,-67.9,353.15,-16.3284,-44.6667,5.51566,1014.38
688028,-4.08417,7.47489,5.6241,71.82,-131.39,340.55,-17.9899,-43.3355,6.76325,1014.44
688034,6.00191,12.3386,3.43855,31.29,-181.72,305.76,-19.7946,-42.2648,6.49389,1014.44
688040,10.9756,14.2133,0.966045,-3.99,-119.98,306.6,-21.3129,-42.7278,6.66401,1014.44
688046,15.8011,19.5552,-1.76471,-19.74,-71.96,286.58,-23.089,-41.4256,7.21692,1014.44
688052,12.7068,26.4706,-9.00526,-76.16,-37.94,250.39,-24.3781,-40.4416,6.84831,1014.44
688058,6.42755,19.034,-4.49067,-102.9,-9.59,234.15,-25.0083,-40.3259,5.81338,1014.44
688064,1.83166,9.72262,5.23195,-74.27,-8.47,215.81,-27.1854,-40.268,4.36731,1014.37
688070,0.559541,9.18699,3.92157,-69.3,-33.6,208.67,-28.274,-38.0976,4.77845,1014.37
688076,22.8981,6.53754,7.2836,-22.82,-88.41,83.72,-28.2454,-38.3291,4.29643,1014.47
688082,12.8264,9.61262,-4.79675,2.03,-14.7,60.41,-28.5605,-40.0944,4.21137,1014.47
688088,3.45289,16.4562,-5.34672,-51.66,-22.26,53.34,-29.2194,-37.9818,5.7425,1014.47
688094,-2.17121,8.81875,2.94118,-58.59,-31.01,52.22,-29.4772,-38.0397,4.90604,1014.4
688100,-0.526064,5.91583,6.11191,-15.96,-36.82,47.6,-29.2194,-38.0976,4.21137,1014.4
688106,4.56241,7.4462,2.24295,-8.54,-1.96,39.41,-29.5918,-37.9818,5.27465,1014.4
688112,0.368245,7.50359,2.78814,-2.17,-3.43,32.55,-29.9355,-36.9111,4.59415,1014.4
688118,0.942133,9.35916,1.28168,11.34,-20.51,25.9,-30.0215,-37.9529,4.31061,1014.37
688124,4.3472,11.2243,-2.38642,-5.81,0.56,19.39,-30.5657,-37.895,4.26807,1014.37
688130,1.47298,8.54137,1.83166,2.52,3.43,14.56,-29.9642,-37.3452,5.35971,1014.43
688136,0.172166,10.1339,-0.296509,4.2,-3.01,11.83,-30.4225,-37.2584,4.79263,1014.43
688142,0.789096,10.7269,-0.789096,-4.9,2.45,8.54,-31.1673,-38.0686,4.63668,1014.42
688148,0.564323,9.49306,1.35342,-2.03,0.63,5.46,-30.1933,-37.6056,5.14706,1014.42
688154,-0.129125,9.86131,1.66906,0.35,2.52,6.51,-30.1933,-37.6346,5.78503,1014.43
688160,-0.679101,10.0526,1.21473,1.47,1.68,5.46,-30.4798,-37.9818,4.50909,1014.43
688166,-0.970827,10.6648,0.827355,-0.42,2.45,8.89,-30.9954,-37.9818,4.92022,1014.43
688172,-0.286944,10.0861,0.85605,-0.35,4.55,10.08,-30.9095,-37.403,4.48073,1014.43
688178,-0.69823,10.1913,0.999522,-2.66,3.08,10.15,-31.3106,-37.895,3.98453,1014.43
688184,-0.569106,9.9713,1.15256,1.19,3.99,12.04,-30.7949,-37.8082,4.32478,1014.42
688190,-0.564323,10.8034,0.210426,-1.75,1.82,12.88,-31.0814,-37.403,5.2463,1014.42
688196,-0.530846,10.7843,0.277379,-6.93,2.03,13.16,-31.8835,-37.8082,4.83516,1014.44
688202,0.143472,10.1148,0.492587,-7.42,3.43,12.95,-31.7116,-38.0686,4.45238,1014.44
688208,-0.463893,9.69871,1.07126,-7.63,0.21,11.97,-31.3679,-36.7374,4.56579,1014.42
688214,-0.186514,9.97609,0.870397,-8.61,-0.28,11.48,-31.4824,-36.7085,4.46655,1014.42
688220,0.143472,9.3735,1.20038,-5.46,1.47,10.15,-31.6543,-38.1555,3.87111,1014.42
688226,-0.11956,9.77044,0.970827,-6.16,-0.42,8.89,-31.7689,-37.4609,3.72934,1014.42
688232,0.205643,9.58871,0.755619,-5.04,0.7,7.91,-31.6543,-36.3902,3.99871,1014.41
688238,-0.0143472,9.91392,0.573888,-6.09,1.54,7.21,-31.5111,-38.2133,3.1339,1014.41
688244,0.0047824,9.81349,0.593018,-7,0.07,6.02,-31.7403,-37.7793,1.9572,1014.41
688250,-0.0095648,9.96652,0.49737,-7.63,1.4,5.74,-31.2246,-35.7825,4.28225,1014.46
688256,-0.105213,10.0813,0.411286,-8.61,1.4,5.53,-30.8809,-36.8243,4.36731,1014.46
688262,-0.315638,10.4495,0.023912,-13.44,-1.26,5.39,-30.7376,-38.0108,4.22554,1014.46
688268,-0.047824,10.4017,0.071736,-13.51,0.63,7.07,-31.6543,-35.8982,3.51669,1014.46
688274,-0.373027,10.5882,-0.047824,-19.32,-1.68,5.18,-31.8835,-36.2455,3.71517,1014.44
688280,-0.157819,10.0861,0.521282,-20.3,-1.61,6.65,-31.1387,-37.6346,3.54504,1014.44
688286,-0.124342,10.1483,0.387374,-21.84,-2.24,6.93,-31.3679,-37.1715,4.38149,1014.44
688292,-0.11956,9.82783,0.659971,-24.08,-2.73,6.79,-31.2246,-36.0719,4.28225,1014.44
688298,-0.0813008,9.62697,1.033,-24.01,-4.55,7,-31.7403,-36.9979,3.40327,1014.44
688304,-0.109995,9.65567,1.04735,-22.61,-4.97,7,-31.4251,-37.4899,3.02049,1014.44
688310,-0.0095648,9.71305,1.01865,-21.63,-4.76,7.35,-31.4538,-36.6506,3.64428,1014.44
688316,-0.0765184,9.88522,0.985174,-21.56,-3.08,7.91,-32.2559,-36.6217,3.6301,1014.44
688322,-0.0669536,9.84218,0.923003,-21.84,-2.03,8.89,-31.7116,-37.5477,2.93542,1014.42
688328,-0.0382592,9.78001,1.17169,-21.77,-0.63,9.66,-32.17,-36.5928,2.86454,1014.42
688334,-0.368245,10.0239,1.22908,-22.33,-0.28,10.99,-31.8835,-36.014,3.87111,1014.42
688340,0.172166,9.66523,1.09517,-21.21,0.42,11.62,-31.3106,-37.5767,3.34656,1014.44
688346,0.157819,9.95696,1.32951,-21.35,3.92,13.16,-33.2012,-37.0847,2.12733,1014.44
688352,-0.851267,10.8321,0.655189,-25.06,0.07,13.44,-32.3991,-35.6667,3.53086,1014.47
688358,0.071736,10.6648,0.49737,-26.39,4.48,17.36,-32.8861,-36.94,2.07062,1014.47
688364,-0.540411,10.2343,1.01865,-29.19,4.76,17.78,-32.3705,-37.0847,1.73037,1014.46
688370,0.0047824,9.70827,1.36777,-29.54,4.06,18.69,-32.4564,-35.9561,2.28327,1014.46
688376,-0.162602,10.1291,1.22429,-29.19,4.83,19.88,-33.5736,-36.94,2.90707,1014.43
688382,-0.277379,10.2296,1.28647,-30.59,5.11,20.09,-32.5137,-37.2294,1.07822,1014.43
688388,-0.253467,9.88522,1.4395,-28.98,5.11,21.56,-32.4564,-36.8243,2.07062,1014.46
688394,0.210426,9.7561,1.62123,-30.24,2.24,20.65,-32.7429,-35.8114,3.23314,1014.46
688400,-0.0813008,10.1196,1.4395,-30.8,6.44,23.45,-33.459,-36.8821,1.80125,1014.43
688406,-0.047824,9.80392,1.72166,-30.8,4.2,25.34,-33.3445,-35.4931,1.67366,1014.43
688412,0.425634,9.54089,1.81253,-28.56,6.3,24.15,-34.032,-35.1169,1.70201,1014.43
688418,-0.0908656,9.63654,2.01817,-29.26,2.24,26.32,-33.545,-36.1876,0.411891,1014.46
688424,0.109995,10.1243,1.28168,-31.08,1.19,26.53,-33.4018,-36.94,0.638726,1014.46
688430,0.411286,9.73697,1.75992,-28.07,5.6,25.62,-33.5163,-35.0011,1.36176,1014.46
688436,0.0669536,10.4304,1.28168,-27.44,6.16,28.7,-33.6882,-35.3194,1.16328,1014.46
688442,-0.114778,10.9995,1.11908,-28.84,6.44,32.83,-34.2898,-36.2744,0.383537,1014.47
688448,-0.129125,10.6313,1.65949,-22.19,7.84,36.05,-34.2325,-36.014,0.383537,1014.47
688454,-5.90148,15.0502,8.29268,-17.5,-3.99,52.29,-34.0893,-34.9143,1.94302,1014.43
688460,-3.65854,12.8503,4.23721,-7.91,-15.54,64.19,-34.519,-35.7535,0.440246,1014.43
688466,0.363462,11.7025,-0.0334768,-10.22,-6.51,67.06,-35.0346,-34.5092,0.000754159,1014.49
688472,-0.784314,11.8795,2.18556,-7.49,-3.01,74.2,-35.407,-33.641,0.76632,1014.49
688478,-1.86992,12.4247,3.30942,-3.64,-6.16,81.55,-35.3211,-35.2326,-0.169371,1014.47
688484,-1.80775,13.1277,2.93161,-2.73,-10.57,87.92,-36.4956,-34.567,0.582017,1014.47
688490,-1.58776,13.0177,3.30942,0.49,-8.75,98.14,-36.4383,-33.1201,0.582017,1014.47
688496,-1.63558,12.3816,3.49115,7.49,-11.27,105.91,-36.7534,-33.0333,-0.750634,1014.41
688502,-1.48254,12.879,2.87422,7.28,-13.09,113.4,-36.8393,-33.9883,-1.10506,1014.41
688508,-1.67384,12.769,3.79244,9.59,-14.35,121.94,-37.5842,-32.0204,0.496954,1014.44
688514,-1.71688,11.6117,4.68675,18.83,-16.73,129.5,-37.9279,-31.731,-0.12684,1014.44
688520,-1.99426,11.5638,5.16499,28.07,-22.05,135.87,-38.6727,-32.1072,-0.438737,1014.44
688526,-1.64515,12.7642,4.02678,32.27,-26.11,143.64,-39.1311,-31.3548,0.582017,1014.44
688532,-1.23864,12.769,3.61549,38.57,-25.06,152.18,-40.0478,-29.9368,1.57442,1014.44
688538,-0.37781,12.7164,1.82209,45.99,-20.3,159.74,-41.1077,-30.6603,0.553663,1014.44
688544,0.306074,13.8164,0.0191296,48.37,-14.91,170.17,-41.566,-30.0526,0.695434,1014.46
688550,-1.31516,16.4849,0.229555,45.15,-9.1,183.12,-41.3369,-28.2873,0.794674,1014.46
688556,-2.52989,17.4988,1.0043,44.31,-6.79,198.03,-41.8811,-27.6796,2.01391,1014.44
688562,-2.9077,18.4648,1.18125,37.52,-9.17,213.01,-42.9697,-27.1587,1.17746,1014.44
688568,-3.51028,19.5696,0.439981,34.16,-6.16,234.71,-43.9724,-25.5092,1.85796,1014.44
688574,-3.36203,20.2296,-0.454328,31.57,-3.99,250.95,-44.4307,-24.178,2.80783,1014.44
688580,-3.69201,22.2047,-2.45337,18.9,-3.5,273.98,-45.5766,-24.5831,2.21239,1014.44
688586,-3.22812,23.8546,-2.78336,8.54,4.76,300.09,-47.2094,-22.4995,2.25492,1014.42
688592,-4.72501,25.5571,-3.9407,-2.59,11.83,326.13,-47.3813,-20.8789,3.19061,1014.42
688598,-6.21712,28.0631,-3.29507,-21.91,16.17,355.11,-48.4412,-19.9529,1.78707,1014.43
688604,-8.31659,27.0923,-1.80775,-36.82,18.48,388.57,-50.1887,-18.1008,2.42505,1014.43
688610,-10.1243,25.3993,3.01769,-30.45,5.81,418.88,-50.5038,-15.4963,1.37594,1014.44
688616,-9.07221,25.9158,3.11812,-28,-1.54,451.43,-51.9361,-13.4416,2.24074,1014.44
688622,-6.52798,26.7193,2.48685,-28.98,-2.31,481.6,-52.996,-11.5606,1.57442,1014.47
688628,-7.92922,27.5658,0.731707,-36.96,7.63,509.95,-53.1966,-8.31944,2.15568,1014.47
688634,-7.90053,27.0636,3.02248,-42.28,-4.69,527.03,-54.4284,-5.1651,2.68023,1014.43
688640,-0.923003,20,6.04974,-2.24,-21.07,520.8,-55.7175,-3.68922,1.41847,1014.43
688646,0.210426,27.5801,-1.956,-2.8,22.26,534.17,-56.0326,-0.824266,2.07062,1014.45
688652,-8.1253,23.3477,1.82209,-30.87,30.38,542.99,-56.1472,2.18538,1.91467,1014.45
688658,-6.87709,18.0536,7.29794,10.78,-7,535.5,-57.1784,5.19503,2.60935,1014.45
688664,-1.3582,25.7724,3.71114,24.64,-2.59,527.8,-57.0066,8.37831,1.40429,1014.43
688670,-2.83596,33.2712,-5.978,-17.78,35.42,520.66,-56.2044,11.1275,1.2767,1014.43
688676,-6.69058,26.3462,-4.16547,-14.77,22.26,503.58,-56.3477,13.2979,1.29087,1014.41
688682,-5.06456,22.5681,-5.70062,-11.83,42.84,473.76,-56.806,15.4394,0.752143,1014.41
688688,-9.08178,12.4677,-12.7451,-49.98,86.73,412.09,-55.3164,18.6227,0.582017,1014.42
688694,-15.7197,-6.40842,-14.7489,-82.74,120.26,330.96,-54.8581,20.4748,0.780497,1014.42
688700,-18.7183,-16.9823,-7.72836,-103.67,57.05,282.1,-55.0299,22.1532,-1.79974,1014.4
688706,13.3046,-33.912,15.1124,34.44,26.6,78.47,-55.1445,22.9346,-0.552154,1014.4
688712,8.0153,2.52989,-6.80057,11.62,74.13,-65.52,-53.5403,23.1082,-0.864051,1014.44
688718,-2.75466,3.05595,-1.18125,27.37,77.98,-155.54,-55.3451,22.6452,-0.878229,1014.44
688724,-11.0043,4.40459,0.621712,44.24,45.5,-230.72,-55.4883,20.851,-1.61544,1014.4
688730,-13.6203,10.3252,-3.05595,16.31,25.9,-270.55,-54.9726,20.2433,-0.382029,1014.4
688736,-14.8685,13.1755,-4.65806,-16.94,13.23,-283.78,-55.7747,18.7384,-1.77139,1014.4
688742,-13.692,12.8025,-3.79244,-43.26,5.6,-284.2,-56.6914,17.6966,-2.55113,1014.41
688748,-12.3051,11.0808,-2.70206,-60.83,0.91,-274.54,-56.1758,15.9892,-1.04835,1014.41
688754,-10.7556,7.16882,-1.80296,-63.35,-3.57,-269.22,-55.832,14.9474,-0.665572,1014.39
688760,-9.17743,4.38068,-1.59254,-55.51,-5.39,-258.65,-57.1498,13.1243,-1.81392,1014.39
688766,-7.54663,0.83692,-1.97991,-36.89,-1.96,-250.88,-56.9779,12.4587,-1.24683,1014.41
688772,-6.52319,-1.10952,-1.83644,-13.72,4.83,-252.14,-56.4336,11.0986,-1.8281,1014.41
688778,-6.01626,-2.24295,-1.55906,11.76,9.66,-251.79,-57.4363,9.27541,-1.99822,1014.38
688784,-4.9737,-2.1999,-1.63558,38.92,15.33,-256.27,-57.6368,7.04712,-1.79974,1014.38
688790,-4.58632,-0.97561,-1.68819,59.29,21.28,-265.51,-56.6055,6.90242,-0.608863,1014.37
688796,-4.50502,1.39168,-2.10426,73.01,25.2,-271.95,-57.379,5.19503,-1.50202,1014.37
688802,-4.85414,2.64945,-1.956,79.66,27.93,-282.73,-57.379,2.93779,-3.28834,1014.39
688808,-5.16977,3.81636,-1.956,80.64,27.65,-296.31,-57.2071,2.53265,-1.30354,1014.39
688814,-5.47585,5.54758,-1.91296,76.65,26.25,-308.7,-56.7774,0.275412,-1.84227,1014.43
688820,-5.27021,5.4902,-0.966045,74.76,25.62,-323.54,-56.7201,-2.15545,-2.31012,1014.43
688826,-5.76279,6.46102,-0.593018,71.89,19.6,-337.05,-55.4883,-2.73423,-2.06911,1014.43
688832,-5.36107,6.66667,-0.545194,68.95,18.2,-352.73,-54.6002,-4.26799,-1.30354,1014.38
688838,-5.09804,6.39407,-0.162602,66.92,14.98,-370.23,-55.9753,-6.75674,-2.52278,1014.38
688844,-4.91152,6.24103,0.0669536,70.28,13.44,-384.23,-54.0273,-9.3323,-2.11164,1014.34
688850,-4.9737,6.63319,-0.0526064,74.41,12.46,-398.3,-52.7669,-10.2873,-2.53695,1014.34
688856,-5.05021,8.05356,-0.205643,77.84,12.6,-409.92,-51.7356,-13.1233,-1.3319,1014.33
688862,-5.07413,9.41655,-0.334768,80.71,13.16,-413.14,-51.9647,-15.4674,-2.18253,1014.33
688868,-4.80631,11.5017,-0.483022,83.44,15.54,-411.88,-50.647,-17.1747,-1.41696,1014.36
688874,-4.77762,12.9507,-0.521282,84.98,17.15,-406.28,-48.6704,-18.5059,-1.13342,1014.36
688880,-3.20421,13.5629,-0.487805,89.39,25.83,-398.37,-48.3553,-21.5735,-1.44531,1014.36
688886,-1.96078,14.9689,-0.722142,89.11,32.48,-389.55,-47.1521,-22.1522,-2.6929,1014.36
688892,-1.5495,15.6241,0.109995,92.33,39.76,-377.3,-45.1182,-24.149,-0.764811,1014.37
688898,-1.31038,16.638,1.50646,98.42,42.77,-364.56,-44.6885,-26.0011,0.0574628,1014.37
688904,-1.21473,17.6471,2.21903,102.9,41.09,-350.7,-42.5687,-28.1715,-0.665572,1014.37
688910,-0.722142,19.01,3.48637,107.38,41.37,-337.68,-42.1963,-27.9979,-0.396206,1014.35
688916,-0.980392,20.2009,4.01243,110.95,36.19,-327.11,-40.0191,-30.2551,0.0432857,1014.35
688922,-1.15256,21.5447,4.46198,111.65,29.75,-317.87,-38.4436,-32.3677,0.709611,1014.34
688928,-0.860832,22.7977,3.90244,107.94,24.43,-314.02,-37.9279,-32.6571,0.482777,1014.34
688934,-1.42516,25.3085,6.24581,102.2,10.5,-312.97,-36.0086,-33.3516,0.893914,1014.37
688940,0.707795,27.5705,5.43281,89.95,0.56,-319.34,-34.5763,-35.551,1.07822,1014.37
688946,1.57819,27.494,5.27499,75.74,-10.08,-332.92,-33.0007,-35.9272,1.85796,1014.36
688952,2.43424,27.8623,4.71066,59.08,-21.28,-349.3,-31.6257,-36.477,2.39669,1014.36
688958,3.23768,28.747,3.68723,40.04,-35.56,-367.92,-29.3339,-38.5027,1.461,1014.41
688964,4.27068,28.527,2.95074,23.38,-50.4,-383.11,-27.4146,-40.3259,1.92885,1014.41
688970,5.98757,26.8006,2.16164,13.86,-61.88,-393.89,-26.7844,-39.7182,3.6301,1014.42
688976,7.09708,25.7532,1.58297,13.51,-74.41,-400.26,-24.4354,-41.0204,3.06302,1014.42
688982,9.52654,23.7207,0.932568,17.57,-79.1,-399.63,-21.227,-43.3645,1.99973,1014.42
688988,11.0904,21.2721,2.3099,32.83,-78.61,-392.49,-20.0524,-42.4095,1.98555,1014.42
688994,13.142,20.1483,2.80249,60.06,-78.33,-379.54,-18.5628,-43.2776,3.84276,1014.42
689000,17.3123,23.4768,0.368245,67.62,-67.76,-362.04,-15.1252,-45.2455,3.81441,1014.41
689006,20.373,24.8924,-0.435198,65.73,-52.78,-344.61,-14.5809,-45.3323,4.19719,1014.41
689012,23.6298,27.0397,-2.40076,48.51,-42.91,-319.41,-13.2346,-44.6667,5.09035,1014.4
689018,27.0206,26.6858,-2.91726,25.2,-30.31,-289.31,-10.4845,-46.0558,4.40985,1014.4
689024,30.5691,24.9689,-3.19464,6.16,-11.76,-255.64,-8.90892,-46.0558,4.86351,1014.41
689030,35.4089,19.6557,-1.29125,0.63,6.16,-212.59,-8.25005,-45.3612,5.82756,1014.41
689036,38.7661,15.0789,1.42994,16.31,24.22,-164.22,-6.81772,-45.7085,5.33136,1014.43
689042,43.2712,10.5308,4.36155,39.83,39.9,-115.64,-5.12757,-47.4738,5.75667,1014.43
689048,44.4715,10.4591,5.27977,69.3,55.23,-59.43,-5.2708,-46.2873,6.49389,1014.41
689054,42.4055,14.4715,4.56241,84,67.9,-1.12,-5.61456,-46.2294,6.30958,1014.41
689060,38.6179,17.0014,3.75418,80.22,80.43,50.4,-5.44268,-46.9529,4.82098,1014.42
689066,33.4051,18.1923,3.17551,64.33,84.77,98.77,-5.67185,-46.5188,6.63566,1014.42
689072,23.3859,23.7685,1.56863,200.13,268.03,141.96,-7.7917,-45.1008,6.21034,1014.42
689078,-50.7126,146.992,44.3568,-449.26,-210.21,320.04,-8.82298,-46.6056,6.43718,1014.42
689084,30.4304,-18.6466,10.1578,-351.54,83.51,289.1,-9.82561,-45.8821,4.29643,1014.42
689090,-47.1353,-25.7389,14.6628,-241.71,26.11,348.67,-12.146,-44.522,2.93542,1014.42
689096,-38.8666,-28.0392,30.7174,112.77,-287.14,346.36,-14.1512,-45.4481,3.23314,1014.42
689102,0.215208,17.1784,0.655189,43.68,-139.58,349.51,-15.7841,-45.3323,3.10555,1014.42
689108,1.10952,12.1043,-4.65328,14.35,-84.28,360.36,-17.5029,-43.7985,3.70099,1014.42
689114,-4.12243,4.54806,9.38307,70.98,-180.32,329.63,-19.6227,-42.8725,4.6225,1014.42
689120,7.98183,10.2774,7.80966,71.96,-200.34,299.11,-21.141,-43.3355,5.14706,1014.42
689126,16.638,19.8135,-2.63032,31.08,-115.71,313.18,-22.7739,-41.9754,5.31718,1014.44
689132,17.0253,27.8144,-1.80775,-25.69,-70.49,287.14,-24.8364,-40.8178,6.39465,1014.44
689138,13.6729,24.462,-7.46533,-78.61,-47.95,251.51,-25.438,-41.6281,6.30958,1014.45
689144,7.15925,11.7791,3.71592,-63.21,-2.66,233.73,-27.1568,-40.0075,5.26047,1014.45
689150,4.92109,12.109,1.8747,-45.92,41.86,221.41,-28.3027,-38.9657,6.66401,1014.45
689156,13.9216,15.2989,12.0708,-23.38,-92.75,150.29,-28.5032,-39.2841,4.97693,1014.41
689162,15.7437,11.0521,-6.45146,1.33,-49.49,69.09,-28.9042,-39.6024,5.00529,1014.41
689168,10.1961,15.8824,-8.15399,-38.85,-21.77,52.99,-29.8209,-38.8789,5.84174,1014.41
689174,-1.81731,10.6504,3.06552,-83.72,-26.25,50.54,-30.136,-37.6924,5.62908,1014.41
689180,-3.01769,5.19369,7.23099,-29.05,-45.64,54.95,-30.7663,-39.6603,4.4382,1014.4
689186,3.86896,6.48493,2.066,-6.79,-28.91,48.37,-30.1647,-38.9368,4.73592,1014.4
689192,3.99809,7.6901,2.01339,-11.2,-1.19,41.37,-30.7376,-37.9818,5.06199,1014.44
689198,2.37685,6.43711,3.08943,16.8,-13.37,24.92,-30.3079,-38.8211,4.79263,1014.44
689204,0.416069,12.1234,-0.846485,6.37,-10.08,22.61,-30.8809,-38.8789,4.80681,1014.45
689210,1.88905,10.966,-2.09469,-4.9,2.31,20.44,-30.9954,-37.2873,6.02604,1014.45
689216,-0.224773,9.34003,0.153037,-5.39,-5.53,14.84,-31.4824,-37.4609,6.12528,1014.41
689222,0.11956,9.55045,1.0043,-8.4,-11.2,14.42,-30.6517,-37.7214,5.03364,1014.41
689228,1.55906,9.01961,1.31994,-9.8,5.67,10.01,-31.5684,-36.7664,5.72832,1014.41
689234,0.0430416,8.84266,2.04687,0,-0.98,7.14,-31.4824,-36.6506,5.55819,1014.41
689240,0.172166,10.5787,1.38211,-1.26,5.81,7.49,-31.3106,-38.387,5.55819,1014.41
689246,-1.3869,10.5261,1.31038,0.21,0.77,9.59,-30.8236,-37.2005,4.96275,1014.41
689252,-0.549976,10.2774,0.97561,-0.63,2.03,11.76,-31.2246,-37.0558,4.7501,1014.41
689258,-0.884744,10.4926,1.31516,-2.24,2.52,12.6,-31.2533,-37.3741,4.32478,1014.42
689264,-0.435198,9.80392,1.17647,1.96,1.75,13.51,-30.9095,-38.0397,5.41642,1014.42
689270,-0.774749,11.3199,-0.0573888,-3.43,-0.28,15.4,-31.0527,-36.3323,4.79263,1014.43
689276,-0.10043,11.2004,-0.320421,-8.19,5.11,16.17,-30.9668,-36.8243,4.96275,1014.43
689282,-0.157819,10.6408,0.109995,-12.88,2.8,14.98,-31.11,-37.1715,5.68579,1014.43
689288,-0.411286,9.60306,1.4682,-10.36,-0.28,14.91,-31.8835,-36.4481,5.6149,1014.43
689294,0.416069,9.65567,1.23386,-9.66,2.87,13.3,-31.0241,-36.3902,5.26047,1014.42
689300,-0.492587,9.90913,1.23386,-9.17,0.63,12.39,-30.9668,-37.895,4.22554,1014.42
689306,0.310856,9.43568,0.980392,-6.02,0.7,11.62,-31.683,-37.1137,4.97693,1014.44
689312,0.396939,9.96174,0.583453,-9.8,3.29,9.17,-31.5684,-36.1008,4.28225,1014.44
689318,0.11956,9.55523,1.09995,-8.82,2.73,7.91,-31.8548,-37.2584,3.98453,1014.44
689324,0.133907,9.5935,0.903874,-8.19,2.52,6.65,-31.683,-37.3452,4.77845,1014.42
689330,0.10043,9.55045,0.822573,-7,3.29,5.46,-32.5424,-36.1587,4.89187,1014.42
689336,-0.368245,10.2965,0.334768,-11.06,0.77,6.02,-31.9408,-37.432,4.56579,1014.43
689342,-0.0430416,10.4208,-0.0143472,-14.98,1.26,6.09,-31.4824,-37.6924,4.79263,1014.43
689348,-0.483022,10.5213,0.0047824,-17.08,0.28,5.67,-32.17,-36.7664,5.31718,1014.43
689354,-0.205643,10.5691,-0.095648,-20.3,0.14,8.4,-32.084,-37.2584,5.303,1014.43
689360,-0.186514,11.1,-0.387374,-26.32,2.45,10.22,-31.5397,-38.1844,3.68681,1014.43
689366,-0.683883,11.0234,0.0286944,-28.14,1.82,12.25,-31.5397,-36.014,4.11212,1014.43
689372,-0.157819,11.0043,-0.291726,-33.6,4.69,14.7,-31.9981,-35.9272,4.52326,1014.42
689378,-0.387374,10.1769,0.712578,-36.61,3.71,15.61,-31.7403,-36.7953,3.38909,1014.42
689384,-0.272597,9.8374,1.41081,-34.79,2.45,16.45,-31.7116,-37.0558,2.9496,1014.44
689390,0.282162,9.78001,1.01387,-35.77,5.95,15.82,-32.5137,-36.2744,4.48073,1014.44
689396,-0.162602,9.19177,1.57819,-34.16,3.71,15.05,-31.8262,-36.969,3.4458,1014.44
689402,0.23912,9.09134,1.72166,-30.45,3.08,14.77,-32.3705,-37.432,3.02049,1014.45
689408,0.186514,9.65567,1.36298,-30.8,4.34,14.14,-32.3705,-36.6506,3.81441,1014.45
689414,0.191296,9.7561,1.21473,-31.99,3.64,14.28,-33.2012,-35.522,3.81441,1014.45
689420,0.310856,10.2343,0.889526,-33.11,6.37,15.82,-32.4564,-36.9111,4.05542,1014.45
689426,0.784314,9.18221,1.10473,-31.71,10.08,15.26,-33.0007,-36.477,2.59517,1014.45
689432,-0.420851,9.53611,1.83644,-31.64,2.17,14,-32.2845,-35.6088,3.06302,1014.45
689438,0.511717,9.31612,1.65471,-30.73,8.54,14.84,-33.4877,-36.5349,1.94302,1014.46
689444,-0.105213,9.69871,1.32472,-30.24,5.6,16.38,-33.2299,-37.3162,1.31923,1014.46
689450,-0.181731,10.153,1.40603,-29.4,6.86,17.64,-33.6309,-35.4931,2.33998,1014.43
689456,-0.349115,10.4639,1.05691,-33.04,5.6,19.67,-32.8575,-36.1008,3.11973,1014.43
689462,-0.253467,10.5835,1.03778,-34.37,7.28,22.4,-33.545,-36.6796,1.71619,1014.46
689468,-0.109995,10.7317,0.588235,-36.33,8.68,24.29,-33.6596,-36.1297,1.73037,1014.46
689474,0.492587,10.0765,0.951698,-38.01,13.44,25.48,-33.3158,-35.4641,1.43265,1014.42
689480,-0.463893,10.153,1.94165,-36.89,10.64,27.93,-33.8028,-36.7085,1.48935,1014.42
689486,-0.0095648,8.79005,2.73075,-29.33,10.5,29.05,-33.8888,-35.551,1.30505,1014.42
689492,-0.860832,9.98087,3.5868,-24.08,6.51,34.02,-34.0033,-35.6957,1.21999,1014.48
689498,-2.69727,11.7504,4.85414,-20.02,-2.59,39.83,-34.2325,-35.4931,0.298474,1014.48
689504,-0.870397,10.2678,3.19943,-13.37,-5.11,41.65,-34.3757,-35.4931,0.737966,1014.45
689510,0.0143472,9.62219,2.99378,-7.77,-2.1,46.13,-34.5763,-34.6828,-0.0843086,1014.45
689516,-0.81779,11.1047,2.75944,-5.32,-8.96,48.65,-35.493,-36.1876,0.752143,1014.46
689522,-0.0621712,10.9613,2.53467,-7,-3.92,53.76,-35.5503,-36.2165,-1.36025,1014.46
689528,-0.645624,10.3539,2.88379,-1.75,-7.07,56.21,-34.5763,-35.0879,0.36936,1014.41
689534,-1.1143,11.7982,2.97944,-1.12,-8.61,62.02,-34.9487,-34.2776,0.950623,1014.41
689540,-1.29603,11.6738,3.14204,3.99,-11.13,66.71,-36.3237,-35.4352,0.624548,1014.43
689546,-0.999522,12.3386,2.33381,4.27,-9.66,74.55,-35.8654,-34.2198,0.553663,1014.43
689552,-1.23864,12.8551,1.90818,3.92,-9.73,80.78,-36.7821,-33.6989,1.60277,1014.42
689558,-1.3056,13.4529,2.25251,3.71,-8.89,89.11,-36.8393,-34.0172,0.0716399,1014.42
689564,-1.81731,13.9359,2.51554,5.88,-9.66,98.91,-36.868,-33.2937,0.156703,1014.42
689570,-1.64515,14.1129,1.84122,4.41,-11.48,109.27,-37.4123,-31.9625,1.91467,1014.44
689576,-0.942133,13.5342,2.19512,4.41,-9.87,119.14,-38.3576,-32.4834,1.36176,1014.44
689582,-1.40124,12.9316,3.43376,7.21,-10.85,127.33,-38.8446,-32.5413,-0.0701315,1014.41
689588,-1.83644,12.1569,4.76805,16.38,-14.63,136.01,-39.217,-30.776,1.19163,1014.41
689594,-2.02296,12.0373,5.2176,22.4,-20.93,143.99,-39.3316,-30.1394,1.73037,1014.47
689600,-1.47776,11.9656,4.84935,29.61,-21.35,150.08,-39.79,-31.1812,1.74454,1014.47
689606,-0.994739,11.6451,3.84983,40.74,-22.12,157.22,-42.053,-28.8371,1.9572,1014.44
689612,-0.860832,12.2716,2.80249,47.32,-24.22,166.11,-41.7666,-28.4609,2.46758,1014.44
689618,-0.301291,15.2941,1.76949,48.37,-19.18,174.44,-42.9124,-29.4159,1.67366,1014.42
689624,-2.01339,15.978,1.52559,49.49,-13.44,189.14,-43.3708,-28.403,1.98555,1014.42
689630,-2.04208,17.078,0.851267,49.84,-13.16,205.17,-43.7718,-25.7407,2.92125,1014.45
689636,-2.4725,18.8953,0.961262,46.62,-12.32,220.85,-44.1729,-26.1458,2.97795,1014.45
689642,-3.40029,21.2147,0.286944,34.93,-8.75,240.87,-45.2614,-25.9432,1.41847,1014.45
689648,-4.04591,23.1133,-1.31516,25.13,-9.31,265.65,-45.8917,-23.1072,3.38909,1014.4
689654,-2.81683,24.0363,-3.81636,11.34,-0.84,288.54,-46.0349,-22.9915,4.52326,1014.4
689660,-4.34242,23.0368,-4.31372,0,12.39,316.54,-47.9542,-22.0075,2.65188,1014.45
689666,-5.33238,23.6872,-2.04687,-1.33,7,341.6,-49.5584,-19.9239,3.43162,1014.45
689672,-5.87757,26.9297,-1.36298,-15.47,12.88,370.44,-49.3579,-17.5799,3.50251,1014.44
689678,-8.55571,25.3037,-0.832138,-20.3,16.8,405.86,-50.9621,-16.1329,2.31163,1014.44
689684,-8.13008,24.8589,1.61645,-18.76,0.14,431.06,-52.2799,-14.3098,2.22657,1014.42
689690,-7.68532,28.4505,0.387374,-36.4,5.04,463.05,-51.5923,-10.895,3.58757,1014.42
689696,-7.34577,28.0488,1.27212,-44.87,-0.7,494.06,-54.0846,-10.1426,3.91365,1014.44
689702,-5.95409,22.8647,1.69297,-43.12,5.53,515.06,-54.5143,-7.01719,2.69441,1014.44
689708,-3.41942,17.3888,3.90722,-6.51,-4.9,523.81,-55.3164,-3.6024,2.33998,1014.44
689714,1.26734,19.1057,3.05595,36.82,9.1,529.9,-55.3451,-0.621694,3.31821,1014.44
689720,-2.92683,27.1353,-1.99904,13.02,31.43,540.75,-56.7774,1.57766,1.94302,1014.42
689726,-2.86466,21.846,2.06121,19.39,30.59,532.42,-56.8633,4.24004,2.59517,1014.42
689732,-2.31946,22.4008,1.20038,35.35,40.04,525.35,-57.0925,7.97316,2.48175,1014.42
689738,-2.54424,27.4988,0.23912,36.61,41.72,526.26,-57.2071,9.91207,2.35416,1014.42
689744,-3.53419,27.5371,-2.83596,33.81,56.21,517.23,-57.4935,13.1822,1.26252,1014.42
689750,-2.35294,20.6552,-3.41942,50.33,63.21,484.47,-55.4023,15.5262,1.19163,1014.41
689756,-4.5385,20.8656,-8.21138,34.37,97.72,445.69,-56.8347,18.8542,1.73037,1014.41
689762,-10.8465,9.78001,-14.4907,-6.51,138.46,379.61,-56.3477,19.8092,-0.736457,1014.45
689768,-15.7484,0.994739,-17.0014,-73.22,162.54,353.5,-55.0586,22.7899,-0.254434,1014.45
689774,0,-27.9436,8.90483,-37.73,72.87,259.49,-54.5429,23.6002,-0.977469,1014.38
689780,19.2444,-20.6791,5.80583,55.44,96.39,72.45,-55.1159,24.5552,-2.94809,1014.38
689786,7.09708,2.20947,-6.19799,35.42,124.46,-32.2,-53.9414,24.4105,-1.41696,1014.43
689792,-4.91631,-2.92683,3.81157,79.03,104.72,-130.2,-53.5976,24.15,-2.23923,1014.43
689798,-8.95744,-0.363462,2.0373,96.95,73.99,-199.71,-55.6315,23.1661,-4.26657,1014.41
689804,-13.3859,8.2879,-3.5868,68.25,47.95,-244.51,-55.2878,22.0085,-3.96885,1014.41
689810,-14.022,10.22,-3.28073,32.27,24.92,-267.12,-54.6575,21.0535,-2.90556,1014.41
689816,-13.4338,10.2152,-1.89861,13.37,9.24,-276.71,-55.8893,19.1436,-3.43011,1014.42
689822,-12.2382,9.02917,-0.468675,0.07,-8.26,-280.14,-57.0639,17.7256,-4.76277,1014.42
689828,-11.6738,7.84792,-0.396939,-9.03,-22.12,-279.72,-56.3477,16.3944,-3.1891,1014.4
689834,-10.5595,5.03587,-0.918221,-10.22,-30.45,-277.69,-55.8034,14.2529,-3.47265,1014.4
689840,-9.26829,2.88379,-1.18604,-2.94,-34.93,-279.79,-57.4649,12.9507,-4.42251,1014.38
689846,-7.32664,0.272597,-1.48733,3.22,-36.96,-283.85,-55.8607,11.9667,-3.58606,1014.38
689852,-6.56624,-0.535629,-1.41081,18.83,-34.93,-290.15,-55.6029,11.1564,-3.13239,1014.42
689858,-5.66714,-0.487805,-1.74079,35.77,-30.8,-299.25,-56.5482,8.84133,-3.47265,1014.42
689864,-4.48589,0.487805,-2.0373,48.86,-25.62,-307.37,-56.9206,6.23683,-3.82707,1014.4
689870,-3.75897,1.44907,-2.30512,56.84,-17.08,-314.16,-56.0326,6.52622,-2.87721,1014.4
689876,-3.78766,2.6351,-2.23816,66.22,-8.89,-323.33,-56.806,3.80596,-3.51518,1014.43
689882,-3.68245,2.82162,-1.74558,76.09,-0.56,-331.59,-56.4336,2.18538,-3.69948,1014.43
689888,-4.05069,3.33333,-1.64515,81.83,3.22,-341.6,-55.4023,0.30435,-2.86303,1014.43
689894,-4.12243,4.42372,-1.61645,86.73,8.4,-352.8,-55.1445,-1.22941,-2.57949,1014.42
689900,-4.30894,5.04543,-1.24342,90.23,13.37,-362.67,-55.6888,-4.00755,-3.8129,1014.42
689906,-5.06456,6.8197,-1.16691,89.46,15.05,-369.95,-55.1732,-5.28086,-2.87721,1014.38
689912,-5.17934,7.79053,-1.01865,86.94,17.85,-375.62,-52.7955,-6.78568,-1.36025,1014.38
689918,-5.12195,8.59876,-0.396939,85.33,19.25,-380.24,-54.1132,-9.10079,-1.55873,1014.36
689924,-5.15543,9.19656,0.023912,84.14,18.9,-382.83,-53.3398,-11.0976,-2.53695,1014.36
689930,-5.01674,9.91392,0.248685,84.35,19.11,-384.09,-51.9361,-12.6892,-1.74303,1014.37
689936,-4.68675,10.8847,0.808226,86.73,19.95,-383.67,-51.7069,-15.2648,-2.45189,1014.37
689942,-4.20373,11.8938,0.827355,85.75,20.86,-382.48,-50.0454,-17.9272,-2.04075,1014.39
689948,-3.78766,13.0655,1.17647,85.89,23.45,-378.35,-48.6704,-18.2744,-0.991646,1014.39
689954,-3.45289,13.9598,1.36777,85.54,25.76,-372.75,-47.3526,-20.4159,-1.8281,1014.37
689960,-3.24725,14.7633,1.78862,85.33,27.51,-364.07,-46.8657,-23.2809,-2.89138,1014.37
689966,-3.05117,16.021,2.36729,85.12,27.02,-354.06,-45.5479,-24.149,-1.7005,1014.36
689972,-2.89813,17.2406,2.54424,81.76,26.04,-341.67,-44.3448,-24.5831,-1.07671,1014.36
689978,-2.72597,18.2831,3.12769,78.68,23.52,-329.14,-43.2848,-27.2165,-1.84227,1014.36
689984,-2.64945,18.8044,3.49115,75.74,21.07,-316.12,-43.2275,-29.9947,-1.8281,1014.32
689990,-2.59206,19.847,3.82114,74.97,15.12,-304.01,-41.2509,-28.8371,0.0149313,1014.32
689996,-1.97513,20.7843,3.40985,70.77,11.48,-295.89,-40.5061,-30.5445,-0.268611,1014.37
690002,-1.14778,20.6887,3.89766,70.28,8.4,-294,-38.0712,-32.8018,-1.34607,1014.37
690008,0.253467,20.66,3.77331,71.19,5.6,-300.86,-37.3836,-32.5992,0.284297,1014.37
690014,1.41559,20.5213,3.76375,72.94,6.65,-314.65,-35.4643,-33.3516,0.709611,1014.37
690020,1.93209,21.7743,3.11812,71.82,8.33,-337.96,-34.4617,-35.4063,-0.552154,1014.35
690026,2.24295,22.3003,3.04161,74.34,5.81,-360.01,-33.0007,-36.5928,-0.282789,1014.35
690032,2.38642,23.6585,2.09947,70.21,7.28,-380.38,-31.0527,-36.94,1.57442,1014.4
690038,1.50167,24.0555,2.63032,67.55,0.21,-400.12,-28.7897,-38.9079,0.893914,1014.4
690044,1.12386,24.6102,2.75466,63.7,-9.8,-413,-26.5266,-41.0783,0.737966,1014.38
690050,0.593018,25.2893,3.27594,63.77,-23.73,-418.74,-25.8391,-40.6731,1.75872,1014.38
690056,0.750837,25.9828,3.1516,62.23,-42.07,-418.53,-23.4327,-42.2937,2.22657,1014.38
690062,2.55858,25.6384,3.60115,61.46,-54.95,-407.75,-20.7686,-43.4802,2.16986,1014.41
690068,4.13199,24.3663,5.30846,70.14,-65.87,-391.58,-19.1358,-42.5831,3.51669,1014.41
690074,6.85318,25.3228,4.74414,78.61,-76.79,-369.18,-17.4456,-43.9432,3.97035,1014.45
690080,12.2621,28.4744,2.33381,68.46,-72.59,-343.77,-14.7528,-46.1137,4.53744,1014.45
690086,15.0789,29.5887,1.12865,53.48,-70.84,-320.11,-13.4637,-45.9111,3.97035,1014.43
690092,19.823,30.4448,-1.3869,23.38,-66.29,-290.29,-12.2319,-44.7535,4.67921,1014.43
690098,24.1033,28.2831,-2.08034,0.35,-54.46,-255.71,-9.16674,-46.1137,4.48073,1014.42
690104,27.934,25.5524,-2.54424,-13.65,-38.78,-220.5,-7.70576,-46.8082,5.21794,1014.42
690110,32.5299,19.7848,-1.15256,-17.36,-22.54,-175.35,-8.45057,-45.4191,6.04022,1014.43
690116,36.4993,14.505,1.88427,4.13,-5.95,-128.87,-6.73178,-46.3452,5.07617,1014.43
690122,41.913,9.45481,5.01196,32.41,5.25,-74.48,-5.44268,-47.0397,5.14706,1014.43
690128,44.1416,8.60354,5.86322,62.09,17.64,-57.05,-6.21614,-46.3452,5.04782,1014.43
690134,42.4008,11.0856,6.24103,79.45,28.28,-22.05,-5.61456,-45.8243,5.51566,1014.43
690140,38.1157,13.9598,6.45146,83.51,30.66,11.41,-4.66922,-47.0397,5.51566,1014.41
690146,32.9173,16.9488,6.13104,74.9,27.51,52.5,-5.87238,-46.3452,5.82756,1014.41
690152,26.1932,20.2869,4.49546,52.29,23.17,90.72,-7.53388,-46.2005,7.75565,1014.46
690158,-12.7929,102.367,19.4787,163.73,147.35,353.78,-6.64584,-47.0397,7.75565,1014.46
690164,41.9512,26.6954,-23.7829,-415.59,-139.93,295.82,-8.70839,-46.4609,5.62908,1014.38
690170,4.12243,-24.8015,1.78384,-260.68,202.86,314.72,-10.3412,-44.9272,4.67921,1014.38
690176,-59.8757,-18.9,17.0827,-120.12,-161.28,369.81,-12.6616,-44.8693,2.59517,1014.34
690182,-3.38594,-4.15112,23.2233,92.61,-282.17,306.67,-14.1226,-45.5349,3.6301,1014.34
690188,7.85748,15.7389,-9.33046,1.82,-59.22,347.62,-16.0706,-44.059,4.72174,1014.38
690194,-3.29986,10.4495,11.0904,66.22,-107.52,340.06,-17.7894,-43.596,4.97693,1014.38
690200,1.18604,14.5385,4.01243,26.81,-176.26,303.38,-18.8493,-43.7407,5.35971,1014.39
690206,10.5213,13.4959,3.45289,18.62,-114.03,313.25,-20.4248,-42.5542,5.06199,1014.39
690212,11.1669,20.5213,-1.60689,-28.35,-54.6,309.33,-23.1463,-40.7021,5.96933,1014.41
690218,11.0043,25.935,-0.535629,-59.99,-50.89,264.88,-24.063,-42.0043,5.37389,1014.41
690224,6.48972,16.2315,-1.70732,-99.05,-20.65,243.04,-24.8937,-41.1362,5.06199,1014.41
690230,3.3142,6.6858,6.48972,-60.55,-0.91,227.5,-25.8391,-38.8211,5.50149,1014.39
690236,0.516499,9.78957,5.8154,-23.94,-0.35,219.1,-27.5579,-39.1973,4.05542,1014.39
690242,3.25203,14.065,0.659971,-8.47,-71.89,216.3,-28.4459,-40.0075,3.33238,1014.41
690248,22.3769,11.0139,-2.05165,-32.62,-47.95,93.87,-29.7063,-38.4738,4.77845,1014.41
690254,9.35916,12.812,-1.51124,-38.22,-14.84,58.38,-30.5371,-38.0976,4.26807,1014.41
690260,-2.08991,13.3381,-1.32472,-65.73,-29.47,67.62,-29.5345,-39.6892,3.78605,1014.41
690266,-2.60641,7.29794,4.06982,-55.02,-43.4,66.5,-29.735,-38.0397,4.36731,1014.4
690272,1.53037,6.22669,4.08895,-24.43,-51.03,55.37,-30.7663,-37.6924,4.31061,1014.4
690278,5.36585,8.00574,1.58297,-21.14,-9.38,44.45,-30.5085,-38.4159,4.45238,1014.43
690284,3.77331,5.48063,4.39503,-4.62,-7.63,27.72,-31.0814,-38.3291,3.68681,1014.43
690290,2.56815,6.93448,3.59636,11.48,-13.16,18.13,-32.0267,-37.2294,3.72934,1014.43
690296,1.69775,11.7217,-1.64993,-7.21,0.77,15.68,-30.709,-37.5188,3.942,1014.43
690302,-0.420851,10.1961,0.0286944,-10.71,-3.99,13.09,-31.3106,-38.3001,2.83618,1014.43
690308,1.26255,8.91439,1.43472,-4.13,-0.35,10.5,-31.3679,-37.2005,4.57997,1014.43
690314,1.69775,9.53132,0.71736,-3.57,0.91,5.53,-31.4251,-37.403,4.7501,1014.43
690320,0.286944,9.49306,2.48207,1.05,2.24,1.61,-31.2819,-39.0526,3.48833,1014.42
690326,0.0621712,10.0861,1.85557,2.94,4.06,2.73,-30.6517,-38.2423,4.6225,1014.42
690332,-0.449546,9.82305,0.961262,5.67,5.25,3.22,-31.3679,-37.0558,3.942,1014.43
690338,-0.61693,10.1052,0.946915,7.14,5.25,3.71,-31.597,-38.7921,3.34656,1014.43
690344,-0.923003,10.9421,0.554758,-0.28,4.48,5.88,-30.9954,-38.1844,3.58757,1014.45
690350,-1.0043,10.0622,1.56384,3.08,5.53,7.98,-31.2246,-37.1137,4.26807,1014.45
690356,-1.48733,11.1382,0.57867,1.75,-0.63,10.71,-31.5111,-38.2423,3.23314,1014.44
690362,-0.253467,10.966,0.11956,-3.78,4.48,12.81,-30.9668,-38.7342,3.54504,1014.44
690368,-0.583453,10.2487,0.83692,-5.88,0.91,11.9,-31.1673,-36.7085,4.56579,1014.41
690374,-0.368245,10.2535,0.822573,-6.86,1.61,11.83,-31.9981,-36.6506,3.72934,1014.41
690380,-0.0621712,9.55045,1.24342,-5.39,-0.35,10.36,-31.4824,-38.5606,2.70859,1014.45
690386,-0.57867,9.78957,1.52559,-4.9,-1.05,9.94,-31.9981,-37.3741,2.35416,1014.45
690392,0.11956,8.88092,1.73123,-0.07,0.07,9.03,-31.2819,-37.3452,3.54504,1014.45
690398,-0.0191296,9.86609,0.779531,-1.47,-0.7,7.7,-31.0527,-38.1555,3.14808,1014.46
690404,0.47824,9.90913,0.392157,-3.43,3.99,6.3,-31.9981,-38.0108,2.46758,1014.46
690410,-0.133907,9.50741,1.02343,-2.31,2.87,5.04,-31.6543,-36.9111,4.82098,1014.43
690416,-0.277379,9.85653,0.798661,-3.15,1.12,4.55,-32.1413,-37.7503,4.7501,1014.43
690422,0.143472,9.99043,0.286944,-5.6,2.31,4.27,-32.1127,-37.895,3.70099,1014.45
690428,-0.349115,10.0096,0.703013,-7.56,1.96,4.55,-31.7976,-36.7085,3.21897,1014.45
690434,-0.483022,10.1004,0.444763,-9.66,-1.26,4.9,-32.3418,-36.9111,2.52429,1014.46
690440,-0.353898,10.1483,0.468675,-11.55,-1.33,5.53,-31.7116,-37.9239,2.79365,1014.46
690446,-0.703013,10.2487,0.373027,-13.51,-4.69,6.58,-31.6543,-36.94,2.77947,1014.44
690452,-0.425634,10.2822,0.306074,-17.43,-6.37,5.74,-31.9121,-36.1587,3.81441,1014.44
690458,-0.373027,9.81349,0.865614,-18.9,-8.33,7.07,-31.5397,-37.6346,3.77187,1014.46
690464,-0.243902,9.94261,0.803443,-19.53,-9.66,7.07,-31.7116,-37.2005,2.79365,1014.46
690470,-0.181731,9.76088,1.05213,-18.69,-9.03,6.58,-32.4564,-36.2744,2.87871,1014.46
690476,0.0143472,9.53611,1.22429,-17.43,-8.19,7.84,-32.0267,-36.8532,3.23314,1014.45
690482,0.215208,10.1769,0.526064,-19.88,-3.92,8.89,-31.7116,-37.432,2.83618,1014.45
690488,0.0669536,10.0574,0.755619,-20.58,-1.4,9.66,-32.0267,-36.94,3.87111,1014.44
690494,-0.200861,9.70827,1.41081,-17.85,-0.84,10.85,-32.7142,-36.9111,4.36731,1014.44
690500,-0.143472,10.3156,0.5978,-21.42,-3.08,11.34,-31.8835,-38.0976,2.33998,1014.47
690506,0.444763,9.71305,1.01387,-20.51,3.78,11.97,-32.8002,-37.2584,3.07719,1014.47
690512,-1.04735,10.5882,0.703013,-25.83,-2.87,13.58,-32.7429,-35.5799,2.92125,1014.44
690518,0.363462,9.89957,0.83692,-23.03,2.38,14.84,-32.1413,-36.7374,1.9572,1014.44
690524,-0.549976,10.6217,0.726925,-27.02,3.57,15.96,-32.0267,-36.477,2.16986,1014.48
690530,-0.353898,10.1674,0.741272,-29.75,1.26,17.64,-32.3991,-36.3612,2.89289,1014.48
690536,0.13869,9.75131,1.36298,-28.98,4.48,17.08,-32.7142,-36.969,2.96378,1014.42
690542,-0.449546,10.0096,1.60689,-29.26,2.45,17.85,-32.5997,-37.4899,1.90049,1014.42
690548,0.291726,9.40698,1.50167,-28.28,3.64,19.04,-33.4018,-36.6506,2.21239,1014.42
690554,-0.35868,9.90913,1.59254,-27.93,2.31,19.74,-32.8575,-36.2744,2.53846,1014.42
690560,-0.425634,10.4543,1.38211,-29.4,3.36,19.6,-33.545,-37.2873,1.17746,1014.42
690566,-0.506934,10.7078,1.13343,-29.4,3.36,22.61,-32.8861,-35.8693,1.23417,1014.44
690572,0.0143472,10.9373,1.10952,-31.15,7.7,24.36,-33.459,-35.6667,1.74454,1014.44
690578,0,10.3874,1.2769,-33.6,7.28,24.99,-32.9721,-37.5188,0.511131,1014.46
690584,-0.229555,10.4639,1.5495,-37.8,6.37,26.46,-33.946,-36.2455,0.794674,1014.46
690590,0.0095648,10.1339,1.9034,-36.68,7,27.23,-33.6596,-35.4063,0.695434,1014.45
690596,0.0143472,9.22525,2.89813,-34.16,5.25,28.21,-33.2012,-35.9561,0.837206,1014.45
690602,0.124342,9.89957,1.80296,-31.85,6.72,28.63,-33.7169,-36.1876,0.156703,1014.43
690608,0.487805,10.8226,1.18125,-34.58,12.11,31.64,-33.5736,-35.1169,1.21999,1014.43
690614,-1.53993,11.6212,2.71162,-34.93,9.52,37.24,-34.3471,-35.4931,0.298474,1014.46
690620,-2.03252,11.5256,2.95074,-27.93,3.5,42.77,-34.0033,-35.8403,0.582017,1014.46
690626,-3.1803,12.4247,5.6528,-21.84,-2.24,54.18,-34.6049,-34.2776,0.652903,1014.47
690632,-3.96461,11.5495,5.2176,-1.4,-16.1,64.4,-34.6909,-34.7696,0.426068,1014.47
690638,-0.0430416,12.879,0.884744,-8.47,-9.45,70.07,-35.6362,-35.2616,-1.00582,1014.47
690644,-1.47298,12.4677,2.34816,-9.31,-8.4,77.56,-35.407,-34.7985,-1.64379,1014.45
690650,-1.84601,12.0899,3.50072,-2.1,-11.48,84.56,-35.7794,-32.8596,1.12075,1014.45
690656,-1.76949,13.1516,3.27116,3.08,-9.73,93.59,-35.6075,-34.0751,-0.0701315,1014.46
690662,-1.9034,13.3525,2.7164,6.3,-11.69,103.74,-36.4956,-34.2198,-1.19013,1014.46
690668,-1.68819,13.9168,2.21903,3.85,-12.39,112.84,-37.269,-32.686,0.752143,1014.46
690674,-1.58776,13.1133,3.16117,6.51,-11.27,121.66,-37.7847,-31.731,1.31923,1014.46
690680,-2.00383,12.7451,3.6968,11.06,-13.72,129.57,-38.1857,-32.8596,1.24834,1014.45
690686,-2.14252,12.3769,4.74892,16.31,-17.92,135.94,-38.1857,-31.2969,0.737966,1014.45
690692,-2.36251,12.2143,5.61454,24.5,-24.78,143.99,-39.5894,-30.4288,1.70201,1014.49
690698,-1.48254,11.9847,4.35198,33.6,-25.97,152.67,-39.5035,-30.9786,0.681257,1014.49
690704,-0.703013,12.109,3.03682,43.12,-21.56,160.93,-40.6493,-30.1683,1.71619,1014.44
690710,-0.0095648,13.5677,0.640842,44.66,-18.69,168.98,-40.3629,-29.1844,1.65948,1014.44
690716,-0.473458,14.8924,0.85605,44.45,-11.34,180.39,-41.3942,-29.3001,0.312651,1014.44
690722,-1.34864,16.0832,0.425634,45.99,-3.15,194.88,-42.626,-28.2294,2.6377,1014.44
690728,-3.2616,18.6609,1.3056,40.74,-6.44,211.75,-43.514,-27.014,2.07062,1014.44
690734,-2.73075,19.6365,0.664754,35.91,-3.64,229.46,-44.4593,-25.1908,2.51011,1014.41
690740,-3.25203,20.5835,-1.18604,27.79,-2.66,248.64,-44.8317,-26.4641,1.68783,1014.41
690746,-3.5868,21.6021,-2.45815,15.19,1.33,270.06,-46.2927,-24.2937,1.98555,1014.45
690752,-3.80679,23.0368,-2.45337,6.58,2.52,291.69,-46.3214,-22.0944,2.12733,1014.45
690758,-5.27021,24.7537,-3.20421,-11.2,14.63,318.92,-48.3839,-22.1522,1.60277,1014.47
690764,-5.55715,26.2267,-1.42516,-16.03,9.1,346.36,-49.2433,-20.387,2.28327,1014.47
690770,-7.83357,25.4376,-1.97991,-28.14,31.71,382.83,-49.8735,-17.7535,2.43922,1014.44
690776,-10.0622,23.3285,2.60641,-22.54,4.13,406,-51.2199,-16.4223,2.15568,1014.44
690782,-7.37924,28.2736,2.11382,-34.86,-2.03,436.17,-53.1106,-15.0043,1.57442,1014.47
690788,-6.94404,26.8388,1.23864,-44.59,0.49,460.81,-52.6236,-11.2712,2.21239,1014.47
690794,-5.61932,26.0402,1.17647,-43.26,2.1,489.16,-53.97,-9.15867,1.20581,1014.47
690800,-7.96748,24.3615,-2.0373,-60.69,8.54,515.62,-55.3164,-7.13295,-0.254434,1014.45
690806,-3.5055,14.3663,2.19512,-7.28,-8.89,522.13,-55.8607,-3.94967,0.709611,1014.45
690812,3.4768,19.1344,-3.71592,50.05,35.21,527.73,-55.431,-0.419122,2.32581,1014.41
690818,-2.64945,23.759,-2.879,42.28,46.27,529.69,-57.0925,1.72236,0.56784,1014.41
690824,-1.50167,22.4055,0.143472,45.85,59.22,526.54,-57.78,4.12429,-0.849874,1014.39
690830,-4.74414,27.934,-0.0047824,37.45,61.25,528.99,-56.5196,7.97316,0.851383,1014.39
690836,-3.73984,27.1545,-0.435198,40.18,50.19,519.26,-57.6368,9.62268,-0.0843086,1014.41
690842,-1.64515,30.1674,-6.52798,20.65,78.61,497.98,-57.4076,12.5744,-1.23266,1014.41
690848,-6.77188,27.2549,-7.70445,7,94.57,486.43,-56.0039,15.6709,-0.0701315,1014.42
690854,-8.97178,16.9153,-12.4008,-5.46,113.54,459.34,-56.0326,17.986,-0.396206,1014.42
690860,-11.3343,7.66619,-14.0363,-40.74,142.94,407.12,-56.892,20.1854,-1.99822,1014.39
690866,-13.0894,-4.61023,-15.4806,-89.53,166.95,345.24,-55.6315,22.1532,-2.39518,1014.39
690872,-8.44572,-24.3233,2.5538,-38.71,79.38,244.51,-54.6289,23.9474,-2.84885,1014.38
690878,15.0072,-23.9263,8.84744,49.21,94.36,74.48,-55.0586,23.9474,-4.02555,1014.38
690884,1.96078,-0.81779,-1.99426,52.15,105.56,-42.7,-54.9154,24.613,-4.64935,1014.38
690890,-4.6724,-2.36251,2.10904,87.36,86.45,-143.22,-54.1419,24.1789,-4.37998,1014.43
690896,-10.4065,-0.0765184,1.18604,93.87,51.45,-218.61,-54.8581,23.6002,-5.42909,1014.43
690902,-14.2659,7.90531,-3.4242,68.18,24.01,-260.68,-55.0013,21.4876,-6.05289,1014.42
690908,-15.6145,11.9273,-4.64371,25.34,-4.9,-277.83,-56.2331,20.7063,-6.18048,1014.42
690914,-13.9407,13.1707,-3.35724,-3.64,-33.88,-281.19,-55.3451,19.4908,-4.81947,1014.39
690920,-12.7977,11.363,-1.78862,-22.12,-33.11,-280.63,-57.2071,17.5519,-5.8544,1014.39
690926,-10.9421,8.40746,-1.65949,-32.34,-44.59,-273.28,-56.0899,15.9892,-4.37998,1014.42
690932,-9.83261,5.2176,-1.69297,-31.92,-49.84,-267.61,-55.4596,15.1789,-4.46505,1014.42
690938,-8.42181,2.30033,-2.08034,-19.74,-48.51,-266.35,-57.2071,13.4137,-4.59264,1014.4
690944,-5.83931,-0.301291,-2.65423,-7.42,-37.94,-267.82,-56.9779,11.5037,-3.38758,1014.4
690950,-5.1889,-2.066,-1.72645,17.22,-36.12,-273,-55.832,11.3011,-4.03973,1014.35
690956,-3.23768,-2.20469,-2.2286,44.03,-24.64,-283.5,-56.8347,8.84133,-3.47265,1014.35
690962,-2.8264,-1.56863,-2.53467,66.29,-13.44,-294.7,-57.2071,6.93136,-4.50758,1014.35
690968,-2.85988,-0.612147,-2.26686,87.01,-4.27,-306.6,-56.6914,6.49728,-2.77797,1014.39
690974,-3.4768,1.57341,-2.29077,100.8,1.33,-322.42,-56.8347,3.92172,-4.1815,1014.39
690980,-4.23242,3.57245,-2.46294,104.3,5.95,-334.95,-57.4935,1.92493,-3.75619,1014.37
690986,-5.20803,5.52367,-1.97035,103.74,7.77,-344.75,-56.4909,0.246473,-4.74859,1014.37
690992,-6.088,6.66188,-1.27212,102.97,4.62,-356.44,-55.5742,-1.46092,-4.05391,1014.4
690998,-6.51841,8.59876,-1.36298,92.26,0.56,-361.34,-56.6341,-3.89179,-4.63517,1014.4
691004,-6.46102,8.89048,-0.779531,87.29,-1.33,-367.57,-55.2878,-5.54131,-3.8129,1014.39
691010,-6.40842,9.27786,-0.5978,82.95,-5.81,-372.82,-54.6289,-6.7278,-4.05391,1014.39
691016,-5.85366,9.20134,-0.105213,82.11,-8.75,-376.39,-53.6263,-9.53488,-3.47265,1014.39
691022,-5.71975,9.42133,0.172166,81.55,-12.81,-381.64,-52.9387,-11.9368,-4.19568,1014.39
691028,-4.82544,9.92826,0.334768,86.03,-13.79,-385.98,-51.4205,-13.0944,-2.33847,1014.37
691034,-4.39981,10.9278,0.210426,89.39,-13.79,-390.81,-50.7616,-14.9754,-1.79974,1014.37
691040,-3.95983,12.0182,0.329986,90.3,-12.74,-394.59,-50.0454,-18.5349,-2.25341,1014.37
691046,-3.30464,13.9742,0.133907,89.6,-8.96,-395.78,-48.9282,-19.2584,-1.94151,1014.37
691052,-2.99856,15.1172,0.224773,87.22,-4.55,-393.33,-48.1261,-21.2262,-1.48785,1014.37
691058,-2.74032,16.7958,0.583453,84.7,-1.12,-386.33,-47.5245,-23.9175,-2.21088,1014.36
691064,-2.46772,17.6614,1.04735,83.09,2.87,-374.85,-44.9463,-25.104,-1.23266,1014.36
691070,-3.01769,20.0622,1.41559,78.54,1.68,-355.18,-43.3708,-25.8275,-0.22608,1014.37
691076,-2.12339,21.0617,1.69775,73.78,4.13,-331.94,-42.8551,-28.1137,0.0149313,1014.37
691082,-2.0373,21.5686,2.13295,72.03,2.87,-308.49,-41.7666,-29.5606,-0.396206,1014.37
691088,-1.69775,23.1373,2.18556,68.25,-1.12,-284.76,-39.6754,-29.9079,0.0432857,1014.37
691094,-0.320421,23.3812,2.3099,67.34,-1.61,-271.11,-38.7873,-31.4995,1.19163,1014.35
691100,2.36251,21.1526,3.19464,69.16,-7.42,-276.78,-37.3836,-33.1201,1.70201,1014.35
691106,4.00765,19.8278,2.95074,74.13,-7.56,-301.28,-37.0112,-33.8146,-0.0417772,1014.37
691112,3.93592,19.2826,4.07939,85.89,-14.14,-334.04,-35.7508,-34.4513,1.74454,1014.37
691118,3.81636,22.7738,2.29555,80.5,-13.58,-355.39,-34.5763,-36.6796,1.99973,1014.37
691124,2.01817,24.6915,2.57771,79.31,-24.71,-365.75,-32.7429,-36.8532,2.46758,1014.37
691130,3.00335,29.8326,0.229555,65.1,-28,-358.96,-30.1074,-38.0976,2.51011,1014.37
691136,4.43807,30.746,0.0143472,48.51,-29.19,-346.01,-28.7897,-39.8339,2.42505,1014.39
691142,6.71927,28.637,0.569106,40.39,-31.71,-334.46,-26.3833,-40.7889,3.31821,1014.39
691148,8.18747,24.7824,1.31994,40.95,-32.34,-332.29,-24.951,-40.9336,3.36074,1014.42
691154,8.80918,20.3969,2.27164,53.9,-39.9,-337.82,-23.4041,-41.4256,3.82858,1014.42
691160,9.6461,15.7293,3.89766,73.99,-44.59,-343.7,-22.1436,-42.7567,4.50909,1014.42
691166,9.95696,14.2276,6.3845,98.56,-47.04,-339.29,-20.5108,-43.104,4.76427,1014.42
691172,11.9943,18.8905,6.47537,122.08,-50.19,-328.65,-18.8206,-43.5092,5.67161,1014.44
691178,13.8116,24.3281,4.33285,110.04,-40.39,-312.83,-16.6435,-45.014,5.98351,1014.44
691184,14.4763,27.8862,3.08465,79.17,-39.2,-294.98,-14.5809,-45.5928,4.49491,1014.46
691190,17.5658,29.7561,1.033,30.52,-37.03,-279.51,-13.8934,-44.8114,6.13946,1014.46
691196,19.8613,28.0105,-0.0908656,-14.35,-36.33,-261.8,-11.8595,-45.3034,5.58655,1014.45
691202,24.4381,22.0038,-0.631277,-35.84,-32.34,-241.08,-9.91155,-45.7085,5.41642,1014.45
691208,28.1588,17.5897,-0.511717,-37.66,-25.27,-216.09,-9.39591,-45.4481,6.09693,1014.45
691214,34.6963,11.3008,0.97561,-18.55,-10.01,-180.74,-8.42193,-46.2873,4.86351,1014.45
691220,38.4888,8.10139,2.66858,15.68,9.73,-138.32,-6.44531,-46.8082,5.78503,1014.45
691226,39.6557,7.19751,4.15591,55.79,31.01,-92.68,-6.07291,-46.7214,5.7425,1014.44
691232,37.4701,9.40698,5.77236,86.73,45.78,-36.12,-6.27343,-45.4191,6.67819,1014.44
691238,33.8594,12.3099,6.62362,100.17,49.56,19.88,-5.52862,-46.7214,6.57895,1014.43
691244,28.3644,16.1789,6.86753,95.62,48.09,62.16,-5.44268,-45.969,7.03262,1014.43
691250,24.6054,18.3596,6.42755,69.79,39.27,98.07,-7.47659,-45.3323,7.42958,1014.44
691256,21.9512,18.3022,6.63319,88.2,117.81,134.61,-7.44794,-46.403,8.39362,1014.44
691262,-29.6604,145.715,24.8159,-315.28,-150.36,311.99,-8.07817,-46.8661,8.15261,1014.37
691268,48.4457,14.6868,-12.6973,-327.32,66.01,264.25,-10.6277,-44.4931,5.47313,1014.37
691274,-42.2142,-2.28599,4.13199,-269.57,136.36,288.47,-12.146,-44.8403,4.45238,1014.37
691280,-50.1674,-21.1717,33.2425,-68.88,-238.35,330.05,-14.0367,-45.0719,2.09897,1014.37
691286,-2.41989,13.2233,2.16643,35.56,-161.14,325.5,-15.5263,-44.3773,3.43162,1014.41
691292,0.396939,18.2449,-2.63032,-18.27,-88.83,339.64,-16.9586,-43.104,4.53744,1014.41
691298,-3.95983,10.9182,6.088,-14.63,-140.98,313.25,-17.9326,-43.8275,3.21897,1014.41
691304,4.1033,8.33094,6.77666,28.77,-180.39,301.35,-20.253,-42.2937,5.00529,1014.38
691310,10.6074,17.451,1.45863,-8.75,-96.53,313.32,-22.3442,-41.7149,5.27465,1014.38
691316,12.176,23.0751,-6.12625,-59.57,-43.05,291.2,-22.5161,-41.9175,5.40225,1014.4
691322,8.23051,20.9373,-1.53037,-89.88,-43.96,247.38,-23.9197,-42.2937,3.43162,1014.4
691328,7.90531,12.7212,-0.755619,-85.19,12.74,222.67,-25.6958,-39.776,4.80681,1014.36
691334,-0.0047824,8.92396,7.08273,-63.91,8.82,221.83,-27.3573,-40.2391,3.61593,1014.36
691340,-2.35772,9.4022,3.00813,-34.58,-38.36,235.83,-28.0162,-40.5285,2.92125,1014.37
691346,19.6413,8.89526,-8.74223,-43.68,-73.92,103.32,-28.3886,-39.1104,4.38149,1014.37
691352,13.2664,12.8168,-4.12243,-61.95,-40.6,79.52,-29.0188,-38.3001,4.66503,1014.37
691358,2.27164,9.4835,1.49689,-75.39,-28.7,76.02,-29.9069,-39.4577,3.7577,1014.37
691364,-0.363462,5.96844,5.48541,-51.24,-24.43,68.32,-29.6491,-39.1104,3.47415,1014.39
691370,0.425634,6.12147,5.09326,-18.69,-37.66,56.56,-30.222,-37.5767,3.71517,1014.39
691376,4.75849,8.07269,1.29125,-17.08,-4.83,47.67,-30.5085,-38.9947,2.86454,1014.39
691382,2.77379,7.07795,3.51985,-5.39,1.33,31.99,-31.4538,-38.6185,3.02049,1014.42
691388,1.31516,8.56528,2.41989,11.9,-3.29,25.06,-30.5944,-36.8532,3.27567,1014.42
691394,0.296509,11.736,-0.411286,0.63,-8.61,20.86,-31.1673,-37.432,3.45998,1014.39
691400,2.96031,10.5978,-0.85605,-5.67,9.52,13.72,-30.8236,-38.9079,2.93542,1014.39
691406,-0.999522,9.25873,1.77905,-4.9,-6.02,11.06,-31.196,-37.3452,3.54504,1014.42
691412,1.87948,9.18699,1.12865,-3.36,5.88,9.66,-31.5111,-36.3612,4.02706,1014.42
691418,0.722142,9.53611,0.951698,2.24,3.64,5.74,-31.5397,-37.895,2.04226,1014.42
691424,-0.210426,9.58871,1.93687,5.18,6.16,5.6,-31.4538,-37.6056,2.86454,1014.42
691430,-0.47824,10.2439,1.28647,5.74,1.05,6.44,-31.683,-36.2744,3.43162,1014.43
691436,-0.306074,10.6648,0.373027,1.47,3.29,8.12,-31.4538,-37.3452,3.50251,1014.43
691442,-0.746054,10.4495,0.808226,0.49,2.45,7.77,-31.4824,-38.5895,2.82201,1014.41
691448,-1.02822,10.7413,0.750837,-1.96,-1.82,9.24,-31.6543,-36.94,2.59517,1014.41
691454,-0.334768,10.4352,0.573888,-2.66,-1.26,9.87,-30.8522,-37.4609,4.23972,1014.41
691460,-0.435198,10.3539,0.511717,-5.67,-2.73,9.8,-31.9408,-37.9239,3.1339,1014.46
691466,-0.224773,10.0861,0.894309,-6.86,-2.45,10.01,-31.8548,-37.1715,2.59517,1014.46
691472,-0.0382592,10.0717,0.913438,-7.28,-0.63,8.75,-31.3392,-36.0719,3.38909,1014.44
691478,-0.310856,9.56958,1.40124,-7.07,-1.61,8.75,-31.3106,-37.6056,2.89289,1014.44
691484,0.0526064,9.70827,1.10473,-5.88,1.54,7.56,-32.1986,-37.2584,2.51011,1014.44
691490,-0.0908656,9.62219,1.16212,-4.9,1.96,6.02,-31.7689,-36.0429,2.99213,1014.44
691496,-0.0095648,9.56958,1.06169,-3.36,1.33,5.67,-31.3392,-37.4609,2.73694,1014.46
691502,-0.0526064,9.94261,0.707795,-5.25,1.26,4.41,-31.7976,-37.8661,1.39011,1014.46
691508,-0.0621712,9.76088,0.846485,-5.6,0.56,3.57,-31.6543,-36.2165,3.47415,1014.43
691514,-0.229555,9.78479,0.81779,-6.65,-1.68,3.22,-31.9981,-36.7953,2.65188,1014.43
691520,-0.129125,9.83261,0.679101,-7.07,-3.36,2.94,-31.8262,-38.7053,2.66606,1014.43
691526,-0.153037,10.0478,0.430416,-10.29,-3.29,2.17,-31.3392,-36.0719,2.89289,1014.43
691532,-0.439981,9.90913,0.73649,-10.36,-4.83,3.15,-31.5684,-36.2455,3.45998,1014.44
691538,-0.492587,10.1674,0.506934,-11.27,-7.42,3.78,-32.084,-37.7503,3.07719,1014.44
691544,-0.286944,10.5261,0.071736,-15.26,-7.21,3.64,-31.8835,-37.1426,2.02809,1014.44
691550,-0.21999,10.1913,0.363462,-18.13,-8.47,4.76,-32.5997,-36.6796,2.86454,1014.45
691556,-0.153037,10.1004,0.569106,-19.95,-8.47,4.83,-32.1986,-37.5767,2.33998,1014.45
691562,-0.109995,10.1148,0.626494,-21.35,-7.7,3.85,-32.7142,-38.5606,2.28327,1014.43
691568,0.071736,9.47872,1.20995,-18.34,-6.72,5.88,-32.7429,-36.9111,2.38251,1014.43
691574,0.153037,10.153,0.463893,-22.33,-2.94,6.86,-32.8288,-37.7503,2.51011,1014.43
691580,-0.181731,10.4017,0.827355,-21.21,-0.7,8.54,-31.7976,-38.3001,1.20581,1014.43
691586,-0.306074,10.3587,0.473458,-26.18,-1.4,9.52,-32.1127,-36.477,2.15568,1014.42
691592,-0.023912,9.58871,1.35342,-23.45,-0.14,9.87,-33.2872,-35.985,1.53189,1014.42
691598,-0.272597,9.8374,1.31038,-23.1,-0.91,10.64,-31.9694,-38.0108,1.7729,1014.46
691604,-0.176949,10.3204,0.750837,-25.13,-0.84,12.11,-32.2559,-37.1426,2.6377,1014.46
691610,-0.105213,10.2343,0.83692,-28.63,1.12,13.23,-31.9121,-36.0429,2.53846,1014.44
691616,-0.492587,10.3204,0.765184,-26.67,1.54,15.33,-32.5137,-36.477,0.752143,1014.44
691622,-0.23912,10.4495,0.913438,-27.79,3.01,17.08,-32.8002,-38.3001,-0.509623,1014.44
691628,-0.33955,11.2052,0.420851,-34.3,5.11,19.81,-32.7142,-37.0558,1.24834,1014.42
691634,-0.296509,10.0622,1.12865,-35.21,6.58,20.44,-32.3132,-36.1587,1.40429,1014.42
691640,-0.215208,9.5935,1.60689,-33.74,4.97,21.14,-33.1726,-37.1137,0.780497,1014.44
691646,-0.124342,9.5648,1.89861,-33.04,5.39,22.47,-32.1127,-36.2744,1.09239,1014.44
691652,-0.33955,9.65567,1.71688,-30.45,5.53,22.68,-33.2012,-35.7535,0.355183,1014.46
691658,-0.13869,9.71784,1.76471,-29.19,7.42,22.96,-32.7142,-37.1137,-1.03418,1014.46
691664,-0.631277,9.89957,2.05643,-30.31,3.15,24.15,-32.9434,-36.3612,-0.410383,1014.43
691670,-0.320421,9.95218,1.75036,-26.88,4.97,27.09,-34.0033,-35.985,0.56784,1014.43
691676,-0.0286944,10.0622,1.51602,-28.28,5.46,26.32,-33.6023,-36.2165,-0.5238,1014.43
691682,0.196078,10.0622,1.55428,-28.21,8.12,28.49,-33.6023,-36.8532,0.185057,1014.43
691688,0.0860832,9.89,2.20469,-26.95,5.95,28.42,-33.7169,-35.2037,-0.509623,1014.42
691694,0.181731,10.0956,1.63558,-27.3,9.17,29.33,-33.4018,-35.9272,-1.17595,1014.42
691700,-0.435198,11.0043,1.65949,-28.42,7.21,31.64,-34.7481,-36.1297,-1.40278,1014.42
691706,0.167384,11.0378,0.999522,-32.48,10.43,35.77,-34.2039,-35.4063,0.185057,1014.45
691712,-0.774749,11.3343,1.82209,-30.59,10.08,39.06,-35.0346,-35.1747,0.511131,1014.45
691718,-4.90196,12.9938,6.59493,-20.02,-0.14,51.03,-34.8914,-35.9561,-2.05493,1014.42
691724,-4.14634,12.3003,5.4902,-5.95,-16.52,61.04,-34.4617,-35.551,-0.764811,1014.42
691730,-0.124342,11.7217,2.07556,-7.49,-7.42,66.57,-35.8081,-34.4223,-0.580509,1014.47
691736,-1.78384,12.3912,2.80727,-2.8,-10.99,74.27,-35.407,-34.7696,-0.537977,1014.47
691742,-1.88905,13.8211,3.07508,-2.17,-9.8,84.42,-35.8081,-34.5092,-1.57291,1014.45
691748,-1.91296,13.3668,2.87422,-1.68,-12.25,92.96,-35.6075,-33.7857,-1.5162,1014.45
691754,-1.84122,12.7786,3.66332,2.52,-12.53,102.69,-37.1831,-33.6989,-1.43114,1014.45
691760,-2.03252,12.1043,4.53372,11.83,-15.75,110.39,-37.269,-34.0172,-1.57291,1014.45
691766,-1.67384,11.9895,4.33764,17.85,-18.34,117.53,-37.756,-32.194,-1.41696,1014.45
691772,-1.94644,12.4151,4.84935,20.65,-22.12,124.11,-38.1857,-31.731,0.142526,1014.45
691778,-2.33381,11.6404,6.03539,30.1,-26.46,133.14,-38.3576,-32.194,-0.878229,1014.46
691784,-1.83644,11.5351,5.53324,44.59,-30.87,141.26,-38.9306,-31.1233,-0.0701315,1014.46
691790,-1.56863,13.7398,3.01769,48.93,-30.24,150.5,-39.3316,-30.0236,0.610371,1014.46
691796,-1.36298,14.2037,1.77427,52.78,-26.18,161.56,-40.8499,-30.3998,0.0149313,1014.46
691802,-0.444763,14.2707,0.234338,52.29,-18.9,170.03,-41.8811,-29.9657,0.582017,1014.46
691808,0.750837,14.8207,-0.535629,52.57,-11.55,179.41,-41.5947,-28.403,1.34758,1014.46
691814,-1.44907,17.2597,0.45911,51.1,-6.37,195.23,-43.8005,-28.5767,1.61695,1014.46
691820,-3.21377,19.6891,0.401722,47.95,-5.74,213.15,-43.5713,-28.6346,1.31923,1014.46
691826,-3.11334,20.2917,-0.286944,38.64,-4.83,232.26,-44.0583,-26.1458,2.77947,1014.46
691832,-3.3955,21.0952,-1.41081,26.95,0.35,252.7,-45.0609,-23.9175,2.21239,1014.46
691838,-3.58202,21.7934,-2.41511,17.08,3.29,272.23,-45.6339,-24.2648,1.61695,1014.46
691844,-4.07939,22.879,-2.62554,2.94,9.1,296.73,-47.4959,-23.3098,1.24834,1014.45
691850,-5.3802,22.9986,-1.31038,-0.14,10.78,324.24,-47.8969,-20.9947,2.02809,1014.45
691856,-5.66236,24.3568,0.631277,-1.47,8.47,347.27,-49.272,-19.9239,1.20581,1014.42
691862,-8.71353,25.9589,0.693448,-13.02,11.34,378.07,-49.7017,-18.3323,1.31923,1014.42
691868,-9.31133,25.868,1.40124,-20.51,-3.36,407.12,-50.6184,-16.596,2.21239,1014.42
691874,-7.37924,25.9541,1.89383,-27.37,-3.5,432.67,-51.7069,-13.8468,1.75872,1014.4
691880,-7.22142,24.2802,1.51124,-30.38,-6.51,462.56,-52.996,-12.3419,1.23417,1014.4
691886,-6.46102,25.1698,1.71688,-28.84,-2.31,488.11,-53.2252,-9.67957,1.58859,1014.45
691892,-7.8814,23.9503,0.85605,-39.76,-3.01,505.61,-54.6289,-6.90144,1.87214,1014.45
691898,-4.51459,16.9297,3.1516,4.13,-18.27,518.56,-55.7747,-4.73102,0.0291085,1014.42
691904,1.1143,19.3065,3.83548,43.54,11.62,528.36,-56.7774,-1.895,1.70201,1014.42
691910,-3.81636,23.7733,-6.24103,8.12,38.71,532.84,-56.6628,2.1275,2.01391,1014.41
691916,-3.96461,16.5662,4.66762,47.46,25.76,528.43,-57.293,3.71914,0.709611,1014.41
691922,-1.5495,26.461,1.41559,56.49,25.06,524.51,-57.78,6.84454,0.539486,1014.42
691928,-1.77427,33.362,-1.18604,36.33,38.92,530.88,-56.6055,9.73843,1.29087,1014.42
691934,-4.43328,25.3515,-3.75418,24.15,64.89,524.37,-57.0639,13.1532,0.823028,1014.44
691940,-6.61884,20.0143,-3.29986,46.9,32.76,496.72,-57.3503,14.8606,-0.949114,1014.44
691946,-2.01339,22.2238,-10.0813,26.53,95.9,468.51,-55.2591,17.3204,-0.410383,1014.4
691952,-10.6695,9.01482,-14.7202,-20.23,138.74,412.23,-54.8008,20.0407,0.156703,1014.4
691958,-13.4003,-4.022,-15.5667,-61.11,163.66,347.13,-55.9466,23.224,-2.59366,1014.4
691964,-10.4448,-22.946,1.51602,-52.36,81.34,272.09,-55.2878,23.6291,-1.77139,1014.4
691970,18.4409,-25.0311,10.8034,59.78,80.43,92.26,-53.9414,24.7288,-1.87063,1014.4
691976,12.2669,-0.530846,-4.33285,49.56,113.47,-34.65,-55.0299,24.613,-3.08986,1014.41
691982,-2.62554,-0.363462,2.09469,84.49,103.39,-126.07,-54.6575,23.7738,-3.64277,1014.41
691988,-8.82353,0.521282,1.47776,99.12,66.29,-205.45,-54.0846,23.658,-4.16733,1014.48
691994,-13.2664,7.71401,-3.95983,75.39,42.35,-249.13,-55.1159,21.8928,-4.11062,1014.48
692000,-14.395,11.2147,-4.94022,36.19,25.06,-272.86,-56.2331,20.1564,-5.27314,1014.42
692006,-12.9747,11.7599,-3.14682,6.65,8.4,-278.6,-55.0586,19.2593,-4.90454,1014.42
692012,-12.3721,10.6313,-1.10473,-5.53,-5.74,-274.4,-56.6055,18.0439,-3.41594,1014.41
692018,-11.8173,8.90005,-0.870397,-12.18,-16.1,-272.44,-57.0639,15.8156,-5.1739,1014.41
692024,-9.77044,6.83883,-2.2286,-18.62,-17.22,-263.06,-57.4649,15.0343,-3.77037,1014.43
692030,-8.7231,3.59158,-1.53515,-10.08,-18.83,-258.09,-56.1758,13.9635,-5.04631,1014.43
692036,-7.36011,0.583453,-1.32472,2.17,-19.95,-259.7,-56.9493,13.1243,-4.23821,1014.43
692042,-6.48493,-0.0669536,-1.55428,17.92,-18.62,-259.7,-57.1211,10.8092,-4.37998,1014.4
692048,-5.5715,-0.640842,-1.42994,38.78,-15.05,-265.23,-56.8633,10.3751,-3.44429,1014.4
692054,-4.68197,-0.45911,-1.09039,59.71,-12.04,-274.33,-56.4909,8.78345,-3.33087,1014.43
692060,-4.24199,0.224773,-0.966045,76.65,-8.61,-285.46,-58.0665,6.46834,-4.02555,1014.43
692066,-4.20851,2.12817,-1.07126,86.59,-5.46,-299.46,-56.7487,5.2529,-4.20986,1014.43
692072,-4.37111,3.44333,-1.01865,91.21,-3.64,-313.53,-56.7487,3.95065,-3.0048,1014.43
692078,-4.85414,5.03587,-0.793878,91.21,-4.06,-329.98,-57.4935,1.92493,-3.9972,1014.4
692084,-5.1076,6.32233,-0.703013,85.26,-5.53,-346.36,-57.1211,-0.0718545,-3.06151,1014.4
692090,-5.06934,7.21664,-0.588235,79.73,-5.46,-360.22,-56.7774,-1.11366,-3.45847,1014.41
692096,-5.33716,7.6901,0.157819,72.94,-7.28,-373.73,-56.7201,-4.47057,-3.67113,1014.41
692102,-5.27021,8.07747,0.282162,69.72,-7.91,-384.86,-55.4883,-7.19083,-3.37341,1014.38
692108,-5.61932,8.30225,0.535629,66.57,-9.94,-392.21,-53.7695,-7.74067,-2.16835,1014.38
692114,-5.32759,8.15399,0.808226,67.76,-9.94,-398.37,-53.8841,-10.3452,-2.99062,1014.38
692120,-5.40889,8.28312,1.05213,73.36,-9.94,-402.78,-52.6523,-12.7471,-3.89796,1014.38
692126,-5.23195,9.46915,1.10473,77.49,-10.01,-404.6,-51.8788,-14.3098,-2.94809,1014.38
692132,-5.14586,10.6887,1.20038,80.71,-7.63,-401.45,-50.3892,-15.8436,-2.09746,1014.37
692138,-4.70588,12.9268,0.93735,82.25,-4.9,-396.55,-49.9022,-19.0558,-2.18253,1014.37
692144,-4.24677,14.0316,1.17647,81.9,-2.59,-389.41,-48.9282,-20.9657,-0.864051,1014.35
692150,-3.57245,15.8919,1.18125,78.4,1.68,-381.01,-47.6964,-20.8211,-0.750634,1014.35
692156,-3.1803,17.0971,1.24342,75.32,5.46,-371.28,-46.8943,-24.4384,-1.07671,1014.37
692162,-2.66858,17.9292,1.57341,67.76,8.75,-361.41,-45.0036,-26.1747,-2.45189,1014.37
692168,-2.6638,18.8092,2.52511,63.07,8.47,-348.11,-43.8005,-26.551,-1.14759,1014.32
692174,-2.02774,20.0909,2.48685,58.73,10.15,-333.27,-42.4541,-28.3452,-0.467091,1014.32
692180,-1.956,21.2721,3.06552,55.37,9.03,-318.71,-41.7379,-30.8918,-1.2043,1014.33
692186,-1.39646,22.0612,3.35246,52.99,7.07,-305.69,-39.6181,-31.268,0.227588,1014.33
692192,-0.0430416,22.1043,3.56289,54.04,7.21,-303.24,-38.9306,-31.4416,-0.169371,1014.32
692198,2.0373,20.3587,3.12769,57.75,10.36,-314.02,-37.0112,-34.567,-1.31772,1014.32
692204,0.989957,20.8752,5.8154,69.02,2.94,-329.21,-36.5242,-35.551,-0.396206,1014.32
692210,1.81731,22.8073,4.09852,70.07,2.66,-346.99,-34.7195,-35.03,0.284297,1014.4
692216,1.21473,23.649,4.27068,73.01,-5.25,-363.44,-33.2299,-37.4899,0.454423,1014.4
692222,1.3582,26.7958,3.18986,67.9,-15.82,-379.68,-31.3392,-38.7921,0.27012,1014.35
692228,1.71688,27.8766,3.25203,59.99,-27.86,-393.26,-28.9329,-38.7632,1.98555,1014.35
692234,1.82209,28.3118,3.18508,51.24,-45.85,-402.92,-28.3313,-40.3838,3.28985,1014.38
692240,3.29507,27.934,2.81683,43.82,-64.75,-411.32,-25.3521,-41.9465,2.04226,1014.38
692246,4.89718,26.4658,3.37637,41.09,-77.91,-412.23,-23.6333,-41.7149,1.44682,1014.41
692252,7.80009,24.8111,4.22286,52.43,-92.82,-405.93,-21.9431,-42.6699,2.62353,1014.41
692258,11.3008,26.5806,2.16164,51.45,-97.51,-392.35,-18.4482,-44.2905,2.69441,1014.39
692264,14.505,27.5801,0.95648,46.2,-94.78,-372.68,-17.3024,-44.5799,2.82201,1014.39
692270,18.8809,28.857,-1.4682,31.64,-89.53,-350,-15.1825,-44.7535,4.82098,1014.4
692276,22.6829,28.0249,-2.65901,14.49,-73.92,-320.81,-12.8908,-45.9111,4.14048,1014.4
692282,27.1879,24.0316,-2.85031,6.51,-59.43,-288.4,-10.4558,-46.3452,3.31821,1014.4
692288,29.8565,21.2482,-3.01291,3.29,-49.28,-253.61,-10.4558,-44.7825,3.71517,1014.39
692294,35.5954,16.3702,-1.40124,12.32,-21.84,-213.43,-8.50787,-45.8821,4.32478,1014.39
692300,37.0445,14.3233,0.291726,23.52,-15.05,-168.35,-6.84636,-47.1555,4.09795,1014.43
692306,40.6121,12.4964,2.17121,45.5,0,-124.46,-6.61719,-46.2294,4.55162,1014.43
692312,43.759,13.0225,3.3142,58.52,15.33,-76.37,-6.61719,-46.3452,4.99111,1014.44
692318,43.8403,13.5772,5.0263,66.64,24.78,-28.28,-5.7005,-46.9529,3.70099,1014.44
692324,40.11,15.2367,6.1406,70.28,31.92,15.68,-6.38802,-47.3291,4.50909,1014.44
692330,35.1746,16.638,5.63845,63.42,34.3,60.34,-6.41666,-46.2873,5.52984,1014.44
692336,29.67,18.4696,3.99809,281.89,262.43,196.21,-6.1302,-47.387,6.01186,1014.43
692342,-0.0191296,95.9015,9.38785,-337.68,-265.44,327.32,-8.6511,-46.8661,5.79921,1014.43
692348,52.5203,-7.16882,-10.373,-205.03,148.47,302.89,-10.4845,-45.4191,4.52326,1014.4
692354,-54.1224,-11.033,16.9393,-174.72,68.32,399.63,-12.6903,-45.4481,3.58757,1014.4
692360,-28.6179,-14.395,25.8728,122.43,-257.39,371.84,-14.4664,-46.0847,3.14808,1014.4
692366,7.50837,21.2386,-6.87709,2.52,-89.32,372.96,-16.7867,-44.6956,4.22554,1014.37
692372,-0.57867,9.24438,1.93687,2.24,-46.27,383.95,-19.279,-43.567,5.10453,1014.37
692378,-5.87757,8.9957,12.4055,65.87,-155.26,351.96,-20.3389,-43.5092,4.06959,1014.41
692384,8.02965,18.9431,-4.25155,9.94,-131.67,337.47,-21.6853,-42.7567,5.41642,1014.41
692390,12.1903,20.3252,-4.03635,-40.04,-49,342.58,-23.7192,-40.6731,5.85591,1014.42
692396,8.51745,25.0454,-6.71449,-87.92,-76.23,301.98,-25.5526,-41.0204,5.04782,1014.42
692402,8.05834,15.8967,-2.44381,-110.32,-33.04,286.93,-26.326,-40.8757,3.74352,1014.37
692408,7.11621,11.1382,5.868,-55.58,-44.94,277.06,-27.7011,-39.1394,4.59415,1014.37
692414,28.8905,3.52463,2.74988,-29.96,-127.96,78.61,-28.4745,-38.6764,5.13288,1014.41
692420,20.6408,9.99043,-7.02056,-24.08,-30.45,56.84,-29.1048,-39.3998,4.70757,1014.41
692426,0.923003,15.2272,-0.879962,-76.79,-34.37,55.72,-29.6204,-37.2584,4.60833,1014.39
692432,-1.35342,10.4687,2.989,-72.87,-33.74,53.55,-30.0501,-38.2712,4.28225,1014.39
692438,3.88809,3.49593,6.45146,-17.71,-30.66,41.51,-30.0788,-38.9657,3.84276,1014.4
692444,3.06074,6.81492,5.79627,-8.05,3.15,39.2,-30.623,-38.3001,4.14048,1014.4
692450,-0.272597,6.37016,3.46724,12.39,-9.66,35.07,-30.9382,-38.2133,4.19719,1014.4
692456,1.07126,10.6361,-1.39646,3.43,-17.15,30.17,-29.9069,-38.8211,4.02706,1014.44
692462,4.08895,9.7561,-0.669536,-5.53,0.91,16.73,-29.8209,-38.3291,3.84276,1014.44
692468,0.755619,8.15877,2.61119,2.59,-6.16,12.88,-30.6803,-37.7503,4.80681,1014.41
692474,1.32472,9.23003,0.832138,6.44,2.24,10.43,-30.6517,-38.2133,5.16123,1014.41
692480,-0.545194,10.5643,0.286944,-16.66,-4.34,6.3,-30.9095,-38.3001,3.04884,1014.43
692486,-0.535629,10.4304,0.416069,-3.92,-10.5,7.28,-31.3965,-38.2133,4.22554,1014.43
692492,1.45863,10.0143,0.406504,-3.22,2.03,2.87,-30.7663,-37.0847,4.97693,1014.39
692498,-1.17169,10.3587,0.549976,-4.97,-4.76,2.52,-30.8809,-38.5606,3.45998,1014.39
692504,-0.559541,10.0765,1.39646,-1.82,-3.43,7.35,-31.6543,-37.2873,3.57339,1014.42
692510,-0.463893,10.1339,0.779531,-4.2,-1.96,6.72,-30.8809,-36.8532,5.38807,1014.42
692516,-1.27212,10.2439,0.946915,-3.57,-5.46,8.54,-31.2246,-37.895,3.54504,1014.42
692522,-0.243902,10.3061,0.918221,-4.69,-2.24,9.73,-30.8236,-38.1555,2.69441,1014.42
692528,-0.789096,9.90435,0.860832,-1.54,1.12,10.85,-31.9694,-37.403,3.78605,1014.42
692534,-1.06169,10.88,0.487805,-4.83,-1.61,11.97,-31.3679,-37.6635,4.50909,1014.44
692540,-0.0286944,10.2678,0.889526,-6.23,1.54,11.97,-31.0527,-39.1394,3.19061,1014.44
692546,-0.310856,9.82783,0.927786,-6.93,-1.12,10.99,-32.0267,-37.9239,3.85694,1014.44
692552,-0.416069,10.0861,0.970827,-6.3,-2.94,11.97,-31.2533,-37.6924,4.67921,1014.44
692558,0.167384,9.65567,1.15256,-5.25,0.91,9.45,-31.7689,-38.5317,3.4458,1014.47
692564,-0.205643,9.66523,1.05691,-4.76,-0.63,8.61,-31.4824,-37.6056,4.56579,1014.47
692570,0.13869,9.45959,1.1143,-2.45,1.12,7.91,-31.9121,-36.8532,4.90604,1014.45
692576,0.205643,9.53611,0.83692,-4.97,2.1,4.76,-32.3705,-38.0976,4.02706,1014.45
692582,0.109995,9.47394,0.908656,-4.62,2.8,3.78,-32.3132,-37.9818,3.74352,1014.44
692588,-0.13869,9.36872,1.14299,-1.61,2.31,3.64,-32.0554,-37.1715,3.99871,1014.44
692594,-0.0813008,9.59828,0.803443,-2.45,1.68,1.4,-31.3965,-37.2873,2.43922,1014.42
692600,-0.21999,9.87087,0.57867,-3.71,2.73,1.47,-32.3418,-38.3291,3.23314,1014.42
692606,-0.224773,10.0191,0.45911,-4.55,2.8,1.61,-31.5397,-37.5477,4.21137,1014.42
692612,-0.430416,9.99043,0.554758,-6.86,1.96,0.91,-31.1673,-37.4609,4.60833,1014.44
692618,-0.49737,9.89,0.683883,-8.12,0.07,2.03,-30.8236,-38.5317,2.82201,1014.44
692624,-0.382592,9.84696,0.750837,-7.84,-1.05,1.96,-31.6543,-38.7921,3.37491,1014.44
692630,-0.21999,10.0096,0.822573,-6.79,-1.96,1.89,-32.084,-37.6635,3.36074,1014.44
692636,-0.392157,9.9713,0.650406,-11.83,-3.43,2.66,-31.0814,-37.6924,3.45998,1014.44
692642,-0.243902,9.96652,0.602582,-10.57,-2.59,2.8,-31.4251,-38.4159,2.96378,1014.44
692648,-0.248685,10.0765,0.683883,-11.62,-2.45,3.85,-32.1986,-37.6056,3.57339,1014.41
692654,-0.894309,10.5404,0.483022,-16.31,-5.67,4.41,-31.9121,-37.9529,3.85694,1014.41
692660,0.129125,10.1387,0.416069,-15.05,-0.98,6.44,-30.9954,-38.2133,2.35416,1014.45
692666,0.023912,10.4161,0.325203,-18.27,3.08,7.42,-31.5397,-37.895,3.38909,1014.45
692672,-0.765184,10.1196,0.554758,-22.75,-2.31,8.19,-31.7976,-36.6506,3.24732,1014.43
692678,-0.306074,10.2439,0.779531,-22.96,1.26,9.59,-31.9694,-37.9529,2.77947,1014.43
692684,-0.162602,9.5648,1.15734,-20.58,1.75,9.94,-31.7116,-37.8371,3.07719,1014.45
692690,-0.234338,9.82305,0.932568,-22.47,1.54,10.78,-32.1413,-36.7085,2.35416,1014.45
692696,-0.253467,10.0909,0.659971,-22.54,2.38,11.41,-32.1986,-37.2005,3.02049,1014.45
692702,-0.263032,10.1148,0.784314,-24.64,4.06,12.18,-31.2246,-37.7503,2.36834,1014.45
692708,-0.21999,9.95218,0.946915,-24.99,4.13,12.74,-31.9981,-36.5349,2.04226,1014.45
692714,-0.229555,9.89,1.24342,-25.2,3.78,14.42,-32.4851,-36.1876,2.82201,1014.44
692720,0.186514,9.53132,1.09995,-22.96,5.11,11.97,-33.2299,-37.403,1.99973,1014.44
692726,0.191296,8.93352,1.99426,-22.05,8.89,12.74,-32.4278,-36.5349,1.67366,1014.49
692732,-1.14778,10,1.75036,-24.01,1.4,12.6,-32.4564,-36.4481,2.05644,1014.49
692738,0.310856,9.9713,0.793878,-21.28,9.31,15.47,-32.6283,-37.5477,0.9648,1014.46
692744,-1.14299,10.5022,1.06648,-24.92,1.12,15.47,-32.7715,-37.5188,2.38251,1014.46
692750,-0.023912,10.2726,1.14299,-27.51,3.71,17.85,-32.9434,-36.2165,2.39669,1014.43
692756,0.0382592,9.71305,1.64515,-23.73,8.61,18.34,-33.2585,-37.2584,1.78707,1014.43
692762,-1.18604,10.8656,1.10952,-27.86,2.87,21.21,-32.4278,-37.2294,0.851383,1014.44
692768,-0.511717,11.1047,0.683883,-32.97,4.2,22.89,-33.1439,-36.4481,0.837206,1014.44
692774,-0.023912,9.89479,1.48733,-31.57,7.98,25.41,-33.2872,-36.969,0.922268,1014.44
692780,-0.373027,10.0956,1.64515,-32.76,4.41,26.67,-33.1439,-36.6217,0.255943,1014.46
692786,-0.267814,11.1095,1.39646,-36.4,8.12,27.37,-33.6309,-35.9272,1.65948,1014.46
692792,-0.593018,10.5739,1.25299,-35.84,8.61,29.54,-33.3158,-36.7085,0.36936,1014.45
692798,-0.473458,11.2339,1.14778,-38.92,9.38,30.94,-33.6309,-36.7374,0.482777,1014.45
692804,-0.45911,11.143,0.722142,-41.72,7.56,32.27,-33.1153,-35.8982,0.794674,1014.44
692810,-0.162602,11.3773,0.908656,-45.85,11.48,33.6,-33.5736,-35.2616,-0.311143,1014.44
692816,-0.0143472,10.7939,0.626494,-49.28,14.56,34.37,-33.8315,-36.5059,-0.183549,1014.42
692822,-0.875179,11.3534,0.593018,-49.56,12.39,39.83,-34.0606,-36.1587,-1.17595,1014.42
692828,-6.89622,14.902,10.4304,-32.06,7.28,59.15,-34.5476,-34.6828,-0.934937,1014.44
692834,-7.19273,13.1133,8.69919,0,-20.93,77.28,-35.2065,-34.7407,-0.438737,1014.44
692840,-1.09039,13.845,0.755619,-9.87,-10.5,84.77,-34.6049,-36.014,-1.36025,1014.44
692846,-1.29125,12.5395,2.43424,-8.26,-4.62,92.26,-35.2065,-34.3066,-0.467091,1014.44
692852,-2.8264,12.176,4.85414,0.28,-14.42,100.24,-36.1232,-33.4384,-0.240257,1014.44
692858,-1.99904,11.7934,4.9737,4.34,-12.67,108.01,-36.1232,-35.2326,-2.23923,1014.44
692864,-2.52511,10.7126,5.95887,15.19,-21.7,113.96,-36.5815,-34.567,-0.594686,1014.44
692870,-1.92252,11.4108,5.6528,26.74,-25.48,120.4,-37.7847,-32.3677,-0.254434,1014.49
692876,-1.66428,12.0134,4.93544,35.28,-26.53,128.17,-38.6441,-32.9465,-0.5238,1014.49
692882,-2.03252,12.9125,3.7781,41.3,-28.7,136.29,-38.6727,-32.5992,0.610371,1014.44
692888,-1.45863,13.8355,2.78814,45.99,-26.46,147.63,-39.303,-31.2391,0.4686,1014.44
692894,-1.57341,14.6198,1.73123,47.04,-24.71,158.06,-39.9045,-31.4416,1.23417,1014.46
692900,-0.822573,14.6628,0.277379,49,-16.94,169.54,-41.1936,-30.6313,1.63113,1014.46
692906,-0.435198,14.7872,-0.927786,46.2,-10.99,180.6,-41.7952,-29.1265,1.31923,1014.43
692912,-0.779531,15.8011,-0.21999,45.22,-4.41,193.83,-42.0244,-29.4448,2.2691,1014.43
692918,-2.24773,18.2449,-0.301291,41.93,3.43,209.79,-43.1129,-28.4609,1.6453,1014.43
692924,-3.43855,19.2539,0.406504,34.93,-0.21,226.59,-44.2875,-26.551,2.69441,1014.43
692930,-3.21856,21.3295,-0.540411,24.36,-0.84,245.14,-44.5453,-25.7407,2.11315,1014.45
692936,-3.02248,21.7647,-1.956,7.63,5.32,262.43,-45.6339,-25.3066,2.52429,1014.45
692942,-3.91679,21.7408,-1.47298,-0.35,4.55,283.01,-46.0349,-24.8436,2.48175,1014.45
692948,-4.78718,22.1043,-2.30512,-9.8,12.6,309.47,-47.2667,-21.7471,1.461,1014.44
692954,-5.68149,23.1325,-0.927786,-12.81,11.27,331.38,-48.9569,-21.4288,0.993154,1014.44
692960,-6.42755,23.9263,0.167384,-16.87,12.74,359.52,-49.2433,-20.0108,0.596194,1014.47
692966,-7.84314,23.6968,0.927786,-21.7,10.01,385.98,-50.2173,-16.8564,1.67366,1014.47
692972,-9.20134,27.3171,1.39168,-38.15,0,409.01,-51.134,-15.2069,1.78707,1014.46
692978,-8.65136,25.9063,0.999522,-54.6,-6.86,440.02,-53.1679,-14.3966,0.723788,1014.46
692984,-6.26016,22.1043,1.29125,-41.02,-6.16,465.5,-53.3111,-10.7792,1.16328,1014.44
692990,-2.41033,24.1942,1.55428,-31.15,1.68,487.9,-53.7981,-7.79854,1.47518,1014.44
692996,-6.84361,23.1899,-3.14204,-46.48,12.11,503.93,-55.7175,-6.09115,1.33341,1014.45
693002,0.97561,14.1894,7.63271,35.7,-21.91,500.01,-56.2331,-4.03648,-0.382029,1014.45
693008,3.8307,22.7212,-2.05165,28.42,36.96,511.28,-56.3763,-0.795328,2.32581,1014.4
693014,-3.02726,18.9431,1.51124,12.46,41.02,508.9,-57.2071,2.1275,1.43265,1014.4
693020,-3.36203,18.0536,4.33764,44.45,33.11,504.28,-58.0378,4.12429,1.07822,1014.4
693026,-2.58728,23.8498,1.55428,61.53,24.92,513.66,-57.0066,7.97316,0.950623,1014.42
693032,0.516499,26.968,-4.58632,57.19,64.26,513.87,-57.2071,10.433,0.86556,1014.42
693038,-2.43902,22.5634,-6.3032,62.72,79.24,496.72,-57.379,12.2272,-0.353674,1014.44
693044,-5.72932,23.1659,-8.5605,64.19,93.94,475.37,-57.9805,15.0921,-0.62304,1014.44
693050,-8.61789,19.8565,-14.792,6.79,141.96,434.98,-56.2617,18.1597,-1.47367,1014.39
693056,-12.2716,10.6217,-13.3955,-51.94,140.63,384.72,-56.3763,20.1854,-3.0048,1014.39
693062,-16.8245,-2.5825,-12.1664,-94.5,144.62,341.39,-56.1185,21.0825,-3.20328,1014.4
693068,-12.6494,-14.1511,3.08943,-55.65,38.08,230.02,-53.9127,23.4555,-2.74961,1014.4
693074,14.9498,-12.1569,3.51028,3.78,72.52,76.3,-54.2851,24.0632,-3.28834,1014.4
693080,3.82592,-3.22334,0.263032,24.57,65.52,-38.99,-56.2904,23.3976,-4.47922,1014.4
693086,-5.05978,-2.81205,2.62554,50.47,35.84,-139.65,-54.6862,23.3397,-3.94049,1014.41
693092,-8.37398,0.0382592,0.664754,55.09,6.65,-214.48,-54.2565,22.9635,-3.6853,1014.41
693098,-11.6165,5.43759,-2.14252,37.45,-17.99,-253.47,-56.5769,21.5744,-4.59264,1014.41
693104,-12.5203,11.3869,-4.09373,4.48,-36.68,-276.15,-56.2331,19.5487,-3.28834,1014.41
693110,-12.3721,12.0516,-3.21377,-22.4,-49.63,-277.62,-56.1472,18.8542,-2.63619,1014.41
693116,-10.966,10.3013,-1.71688,-34.86,-57.96,-272.86,-57.8946,15.9314,-3.35923,1014.42
693122,-9.64132,8.31181,-2.03252,-45.15,-65.17,-264.88,-58.0665,15.5262,-3.71366,1014.42
693128,-8.67049,5.66236,-2.02296,-43.33,-64.4,-257.88,-57.5222,14.8027,-2.72126,1014.39
693134,-6.39885,3.0703,-3.12291,-39.27,-58.94,-255.15,-57.5222,13.3558,-1.89898,1014.39
693140,-5.1363,0.640842,-2.81205,-25.06,-51.03,-255.36,-58.0092,10.5198,-3.21746,1014.41
693146,-3.60593,-0.870397,-2.26208,-8.05,-37.73,-254.94,-57.6081,9.7095,-2.13999,1014.41
693152,-2.72597,-1.84601,-2.29555,15.4,-26.25,-259,-56.9206,9.44905,-1.75721,1014.43
693158,-2.76423,-0.573888,-2.64945,35.77,-16.1,-264.25,-58.2097,7.07606,-2.74961,1014.43
693164,-2.08991,0.392157,-2.63988,54.88,-2.1,-269.57,-57.8373,5.94744,-1.11924,1014.4
693170,-2.74988,1.72166,-2.78336,60.9,0.84,-277.27,-57.293,4.64519,-1.23266,1014.4
693176,-2.55858,2.62554,-2.21903,70.77,14.84,-287,-57.8087,2.87991,-0.963291,1014.37
693182,-3.96939,3.72549,-2.12817,76.37,15.96,-300.72,-57.2644,0.883129,-2.77797,1014.37
693188,-4.28981,5.2989,-1.85079,72.59,15.96,-312.83,-56.5196,-0.274427,-1.06253,1014.37
693194,-4.17982,5.95409,-1.33907,67.9,16.66,-327.04,-57.5795,-1.92394,-1.09089,1014.42
693200,-4.5911,6.1693,-1.07604,65.87,13.44,-341.81,-57.2357,-4.38375,-1.58709,1014.42
693206,-4.60545,6.80536,-1.07126,61.88,10.71,-352.94,-55.0872,-5.04935,-0.878229,1014.4
693212,-4.88761,7.00622,-0.789096,60.13,9.38,-365.82,-54.7148,-7.50915,-0.311143,1014.4
693218,-5.05978,7.13056,-0.430416,62.23,6.51,-374.57,-54.8581,-9.82427,-1.75721,1014.37
693224,-4.88283,7.30751,-0.143472,66.43,5.46,-380.73,-53.3684,-11.5027,-2.13999,1014.37
693230,-4.89718,8.09182,-0.0860832,73.15,2.45,-385.63,-52.7669,-13.1812,-0.197726,1014.35
693236,-4.31851,8.5605,-0.0191296,84.14,4.55,-388.71,-52.0793,-15.2069,-1.48785,1014.35
693242,-4.20373,9.69392,-0.13869,91,5.11,-389.69,-50.6757,-17.985,-1.67215,1014.41
693248,-3.87853,11.6978,-0.363462,96.81,6.51,-389.55,-49.5298,-18.7374,0.255943,1014.41
693254,-3.40029,13.056,-0.37781,100.17,11.2,-386.89,-48.1548,-21.6892,-0.82152,1014.34
693260,-2.879,15.1698,-0.210426,100.94,15.4,-381.85,-47.6105,-24.2648,-0.382029,1014.34
693266,-2.70684,16.8771,-0.353898,96.6,17.43,-372.96,-46.0349,-24.6699,0.0574628,1014.34
693272,-1.97035,17.9053,0.148254,92.82,23.8,-360.92,-45.1182,-26.1747,1.63113,1014.37
693278,-1.956,19.7609,0.564323,88.55,25.2,-347.06,-43.8291,-28.7214,0.723788,1014.37
693284,-1.4682,20.6934,0.923003,83.16,27.3,-328.65,-42.3681,-28.8661,0.794674,1014.36
693290,-0.516499,21.6691,1.32951,80.22,31.01,-310.59,-40.8212,-29.387,1.73037,1014.36
693296,-0.196078,22.3195,1.65471,77.63,32.06,-297.71,-39.0451,-31.5863,0.9648,1014.38
693302,1.23864,21.406,2.30512,77,32.69,-291.97,-37.8133,-32.9175,1.60277,1014.38
693308,1.53037,21.516,3.73505,81.27,34.16,-294.63,-36.7821,-33.178,1.98555,1014.39
693314,2.10904,20.8943,4.39024,94.01,31.92,-303.24,-35.6075,-34.4223,1.99973,1014.39
693320,2.12817,21.9034,4.55763,99.47,27.02,-316.61,-34.2612,-36.8243,1.63113,1014.42
693326,1.92731,23.0512,4.63893,101.85,15.89,-331.87,-32.8288,-37.3452,2.32581,1014.42
693332,1.69297,26.0402,4.08417,94.15,2.52,-344.82,-30.8809,-37.8082,3.28985,1014.37
693338,1.66428,27.1879,4.32807,81.41,-16.03,-355.53,-29.0475,-40.3259,2.65188,1014.37
693344,2.00861,27.6853,4.73936,70.98,-38.57,-362.39,-28.274,-39.5445,4.11212,1014.45
693350,3.2329,27.3888,4.72979,61.04,-60.2,-366.94,-26.4979,-40.6442,3.54504,1014.45
693356,5.15064,25.3993,5.72932,57.54,-73.22,-363.3,-23.8624,-42.149,4.84934,1014.45
693362,7.64706,22.5203,7.84792,70.7,-94.29,-354.76,-22.9744,-43.7117,4.35314,1014.4
693368,11.5017,24.2994,6.02104,72.45,-101.01,-346.43,-21.5707,-42.0622,5.16123,1014.4
693374,15.2559,27.7284,3.25203,53.97,-100.31,-330.05,-19.1644,-44.0301,5.72832,1014.42
693380,17.8288,28.417,1.86992,31.85,-102.2,-312.34,-16.5862,-44.4931,6.22452,1014.42
693386,21.3582,28.7183,-0.688666,0.21,-94.36,-295.05,-15.2398,-44.2905,7.33034,1014.44
693392,25.3706,25.2176,-2.21903,-26.67,-83.37,-272.72,-14.495,-44.3773,6.52224,1014.44
693398,26.5615,22.9555,-2.42468,-45.43,-80.43,-244.02,-12.1746,-46.4609,5.95515,1014.44
693404,34.5241,15.8393,-0.980392,-41.93,-50.05,-210.91,-11.4012,-45.7664,6.76325,1014.44
693410,36.2649,12.2095,0.851267,-23.66,-30.1,-169.54,-10.3985,-45.1297,6.76325,1014.42
693416,38.8235,9.45959,2.80727,9.03,-7.35,-120.96,-9.28132,-45.7085,5.41642,1014.42
693422,42.1186,8.05356,5.055,40.18,16.45,-71.12,-7.96358,-47.0108,6.56477,1014.45
693428,41.296,9.62219,5.62888,67.2,35.56,-19.74,-8.47922,-45.3902,7.45793,1014.45
693434,37.8049,13.6872,5.38976,76.16,54.25,26.81,-8.39328,-45.8821,6.7916,1014.45
693440,33.5246,16.2649,5.20325,70.56,64.82,62.23,-8.27869,-46.3452,7.18856,1014.43
693446,-28.1779,144.462,44.3233,135.52,99.19,367.15,-9.9402,-46.1426,8.84729,1014.43
693452,37.4366,39.0531,-25.1124,-267.54,-31.99,289.59,-11.2006,-46.1426,5.78503,1014.43
693458,37.3171,-4.01722,9.51219,-242.83,166.11,279.58,-12.2319,-47.0686,5.62908,1014.43
693464,-44.2755,-7.97226,19.1057,-206.71,3.71,316.33,-14.8388,-45.8243,5.40225,1014.41
693470,-22.9173,-17.2645,28.9431,28.98,-199.71,307.58,-16.7867,-43.7985,4.59415,1014.41
693476,-0.71736,13.979,-4.1846,-6.3,-52.43,324.17,-17.9899,-45.1008,4.60833,1014.42
693482,-7.39837,9.90435,7.34098,21.98,-92.47,324.03,-19.9665,-43.7696,4.69339,1014.42
693488,-3.48159,8.48876,5.88713,43.05,-158.76,295.75,-21.9145,-42.3805,5.72832,1014.4
693494,7.5275,17.4845,1.21473,30.24,-133.21,290.43,-22.602,-42.5252,6.25287,1014.4
693500,10.7413,22.2477,-4.24199,-41.44,-67.76,285.6,-24.1203,-42.1201,5.303,1014.42
693506,9.08656,17.7618,-3.0703,-70.98,-34.86,261.73,-25.1229,-41.223,6.33794,1014.42
693512,6.84361,16.834,1.57819,-72.59,-39.76,235.41,-26.3547,-40.9915,5.34554,1014.42
693518,4.54328,12.0469,-0.760402,-78.26,-23.1,212.94,-27.4433,-40.9336,4.99111,1014.42
693524,2.29555,9.3209,3.7781,-61.88,6.09,211.4,-28.7897,-39.7471,4.89187,1014.42
693530,1.71688,10.966,6.81014,-19.25,-103.88,177.31,-29.4772,-37.895,4.66503,1014.41
693536,14.9211,11.4252,-8.65614,-19.81,-34.72,96.04,-30.2793,-39.2262,4.35314,1014.41
693542,10.6026,13.0368,-2.00861,-48.58,-20.72,54.46,-30.9382,-39.1394,4.87769,1014.44
693548,-0.884744,10.8704,1.22429,-64.89,-20.51,59.5,-30.6803,-37.2005,3.72934,1014.44
693554,-0.396939,6.55667,6.17886,-35.98,-25.13,56.42,-30.5371,-38.4159,4.31061,1014.43
693560,0.334768,6.64275,4.28503,-9.31,-35.42,44.03,-31.2246,-38.6764,3.58757,1014.43
693566,5.03108,8.59876,0.621712,-17.22,-0.35,37.24,-31.7403,-37.3452,3.61593,1014.45
693572,0.827355,7.00622,3.67767,-2.24,-2.59,29.82,-31.9694,-37.3162,5.71414,1014.45
693578,2.17121,9.07699,1.28647,7.56,-6.37,23.1,-32.0554,-38.0976,4.08377,1014.42
693584,1.72645,11.1,-0.573888,-3.78,-0.77,16.94,-31.7689,-37.1426,3.77187,1014.42
693590,0.37781,10.0143,1.33429,-7.35,-1.05,10.85,-31.7689,-36.6796,5.27465,1014.45
693596,0.879962,8.22095,1.64515,-0.28,-6.23,9.45,-31.8548,-38.0108,3.92782,1014.45
693602,-0.13869,10.1913,0.966045,-0.21,-9.24,4.9,-32.17,-38.358,4.28225,1014.45
693608,0.884744,9.98087,0.903874,-4.27,4.13,4.34,-31.2819,-36.6217,5.23212,1014.42
693614,0.526064,9.16308,1.42994,1.4,8.05,2.66,-32.0554,-38.0976,3.91365,1014.42
693620,-0.999522,10.0909,1.16212,6.93,3.99,1.61,-31.9981,-38.1844,4.55162,1014.48
693626,-0.396939,10.4639,0.93735,3.15,6.51,4.06,-31.9981,-36.9111,4.21137,1014.48
693632,-0.549976,10.2726,0.784314,2.59,3.92,5.46,-31.9981,-36.7664,4.80681,1014.51
693638,-0.487805,10.0717,1.24821,4.06,4.62,4.97,-31.9121,-38.2712,3.84276,1014.51
693644,-0.564323,10.3109,0.999522,3.57,2.17,8.68,-32.3705,-37.6924,3.89947,1014.43
693650,-0.344333,10.7317,0.373027,-1.47,3.01,9.52,-31.6543,-36.6796,4.67921,1014.43
693656,-0.234338,10.7221,0.483022,-4.06,3.64,9.73,-31.9121,-38.358,4.1263,1014.44
693662,-0.363462,10.043,0.865614,-3.29,0.07,9.94,-31.7116,-38.0397,4.6225,1014.44
693668,-0.282162,10.2391,0.894309,-7.07,-0.35,9.66,-32.0554,-35.9561,4.92022,1014.42
693674,0.133907,9.42133,1.15256,-2.66,0.49,8.75,-31.7403,-37.9239,4.46655,1014.42
693680,-0.0813008,9.76566,1.06648,-2.87,0.14,7.49,-32.1127,-38.1555,4.63668,1014.42
693686,0.148254,9.71784,0.846485,-3.92,0.77,6.72,-32.2845,-37.1426,3.7577,1014.43
693692,0.148254,9.5648,1.02822,-1.4,1.12,5.46,-32.7429,-37.3452,5.00529,1014.43
693698,0.0860832,9.70827,0.803443,-3.01,1.19,4.2,-32.3705,-37.895,3.40327,1014.47
693704,0.0334768,9.72262,0.789096,-3.08,1.68,3.5,-32.1413,-37.6924,3.97035,1014.47
693710,-0.267814,9.78001,0.827355,-4.13,-0.28,3.43,-32.1986,-36.3323,4.39567,1014.45
693716,-0.0765184,9.93783,0.526064,-5.32,1.12,4.2,-32.0267,-37.7214,3.7577,1014.45
693722,-0.502152,10.3491,0.215208,-8.75,-2.73,4.06,-32.2559,-37.2873,3.20479,1014.47
693728,-0.296509,10.067,0.435198,-10.29,-3.92,3.85,-32.1986,-36.7374,4.63668,1014.47
693734,-0.286944,10.0478,0.483022,-11.62,-6.58,4.2,-32.1127,-37.6924,3.70099,1014.45
693740,-0.334768,10.1722,0.621712,-14.7,-8.54,4.55,-32.6569,-37.9239,3.57339,1014.45
693746,-0.329986,9.78957,0.865614,-14.35,-9.73,4.55,-32.4278,-36.3612,4.42402,1014.46
693752,-0.143472,9.65567,0.970827,-14.49,-11.06,4.9,-33.8028,-36.7374,5.33136,1014.46
693758,-0.205643,9.90435,0.951698,-15.75,-10.36,5.53,-32.3991,-38.2133,4.35314,1014.46
693764,-0.0526064,9.7274,1.07604,-16.1,-9.45,5.18,-33.0007,-37.0558,4.16883,1014.45
693770,0.0621712,9.58871,1.18125,-14.77,-8.33,6.23,-32.2559,-36.3902,4.15466,1014.45
693776,0.0191296,9.98565,0.889526,-16.31,-6.51,7.35,-32.9721,-37.2005,3.43162,1014.42
693782,0.0334768,10.0096,0.908656,-14.63,-4.69,7.42,-32.6283,-37.7793,3.51669,1014.42
693788,0.0382592,10.0239,0.870397,-16.1,-2.52,8.89,-32.8861,-36.3323,4.28225,1014.44
693794,0.0621712,10.5452,0.33955,-19.53,-0.56,9.87,-33.2872,-38.0686,2.48175,1014.44
693800,-0.200861,10,1.00909,-21.35,-1.54,10.71,-32.8002,-37.3452,3.19061,1014.45
693806,-0.133907,9.72262,1.12386,-18.48,-2.52,11.76,-33.5736,-37.2873,3.21897,1014.45
693812,-0.0095648,10.11,0.899091,-18.97,-1.68,12.18,-33.2872,-36.3612,3.00631,1014.44
693818,-0.176949,10.4926,0.363462,-23.66,-0.84,12.39,-32.9721,-37.895,1.68783,1014.44
693824,-0.229555,10.2296,1.12865,-25.27,0.35,14.63,-32.571,-36.7953,1.98555,1014.46
693830,-0.310856,10.2822,0.942133,-23.94,1.26,14.77,-33.3731,-36.0429,2.60935,1014.46
693836,-0.602582,10.6361,1.10952,-28.28,1.54,16.59,-33.3731,-37.432,2.01391,1014.45
693842,0.0573888,9.6748,1.23386,-26.39,1.75,17.5,-33.2012,-37.0268,1.6453,1014.45
693848,-0.129125,9.45002,1.74079,-23.8,1.33,17.92,-33.3731,-36.1876,2.97795,1014.45
693854,0.430416,9.60306,1.28168,-22.96,3.92,19.11,-33.9174,-36.2744,2.92125,1014.49
693860,-0.483022,10.5691,1.47298,-23.45,3.15,21.63,-32.8861,-36.9979,2.11315,1014.49
693866,-0.396939,10.9565,0.903874,-28.49,3.43,21.91,-33.3731,-35.4352,1.81543,1014.44
693872,0.564323,9.77044,1.48254,-26.39,8.4,22.82,-33.6309,-35.1169,3.38909,1014.44
693878,-0.540411,10.3252,1.62123,-27.51,4.62,24.08,-33.6309,-37.2294,0.922268,1014.46
693884,-0.25825,10.856,0.846485,-29.61,5.46,25.97,-33.8601,-35.6378,1.50353,1014.46
693890,0.0286944,10.8226,0.865614,-32.76,6.16,26.74,-34.0893,-35.6957,3.16226,1014.47
693896,0.0860832,10.4639,1.24821,-35,6.16,26.39,-33.9174,-36.5059,2.15568,1014.47
693902,0.808226,9.86609,1.70732,-33.04,10.99,27.79,-34.0606,-36.3034,1.07822,1014.47
693908,-0.688666,11.5304,1.28168,-35.77,9.52,31.29,-34.519,-35.1169,2.16986,1014.47
693914,0.291726,10.7365,0.832138,-37.1,12.32,32.06,-34.92,-36.2455,-0.32532,1014.44
693920,-0.267814,11.0713,1.13821,-36.61,13.09,37.03,-34.2898,-36.6796,1.24834,1014.44
693926,-3.4768,11.2817,6.03539,-22.54,1.75,48.02,-35.3497,-34.9432,0.383537,1014.44
693932,-3.79244,11.2817,5.91583,-4.27,-10.43,57.82,-35.407,-34.4513,0.27012,1014.43
693938,0.0047824,12.3003,0.81779,-12.46,-5.74,62.3,-35.1206,-35.522,0.539486,1014.43
693944,-0.679101,11.5925,2.40555,-8.68,-2.59,68.81,-35.4357,-33.9593,0.723788,1014.45
693950,-2.08034,12.3529,3.51028,-1.75,-7.28,76.58,-36.1805,-33.9883,2.31163,1014.45
693956,-1.82688,13.1133,3.13247,-1.89,-7.84,86.17,-36.868,-34.9722,1.41847,1014.47
693962,-2.26208,13.2186,3.32855,1.61,-9.87,94.64,-36.868,-33.9304,0.638726,1014.47
693968,-1.86992,12.7642,3.47202,5.53,-12.88,103.74,-36.9826,-32.4256,0.681257,1014.47
693974,-1.39168,12.4151,3.3429,9.24,-14.42,111.79,-37.3836,-32.8596,0.737966,1014.47
693980,-1.02822,11.3773,3.99809,14.28,-13.93,117.32,-38.1857,-33.3805,0.610371,1014.41
693986,-1.65949,11.0091,5.35629,23.31,-18.27,122.71,-38.3863,-32.223,0.681257,1014.41
693992,-1.98948,11.2626,5.68627,30.66,-24.85,130.34,-39.5321,-31.4995,1.12075,1014.47
693998,-1.44907,11.8412,4.88761,39.55,-26.6,136.57,-39.0165,-31.2969,0.652903,1014.47
694004,-0.908656,12.1856,3.68245,48.44,-24.85,144.34,-39.2457,-30.2841,1.43265,1014.44
694010,-0.645624,12.5921,1.033,51.1,-23.1,153.93,-41.7379,-29.9079,1.80125,1014.44
694016,1.16691,12.9603,-0.492587,51.52,-13.72,160.65,-41.6806,-29.7921,2.02809,1014.44
694022,-0.631277,15.0837,0.502152,50.82,-5.88,171.71,-42.3968,-29.358,2.1415,1014.48
694028,-2.41989,16.9249,1.3056,49.7,-5.32,185.92,-43.3421,-27.0429,2.21239,1014.48
694034,-2.68293,17.7666,1.20995,46.83,-4.69,202.58,-43.3135,-26.6667,2.83618,1014.43
694040,-2.73075,18.6944,-0.0047824,42.91,-5.25,220.43,-44.2302,-26.6956,2.65188,1014.43
694046,-2.45337,20.0765,-1.45863,31.78,-4.13,239.19,-44.4593,-24.8725,4.26807,1014.44
694052,-2.78814,21.8651,-2.90292,20.3,3.85,258.58,-45.376,-23.4545,3.24732,1014.44
694058,-3.8307,23.2616,-2.70684,4.34,7.98,281.4,-46.1495,-23.8596,2.29745,1014.44
694064,-5.05021,23.8403,-1.89383,-6.79,10.99,309.4,-47.9829,-21.776,4.32478,1014.44
694070,-5.7341,23.9024,-1.14299,-11.55,9.87,336.63,-48.5558,-20.3002,3.81441,1014.43
694076,-5.53324,23.802,-0.306074,-13.79,14.77,362.81,-50.5038,-19.5188,3.57339,1014.43
694082,-8.69919,24.615,1.52559,-16.17,3.43,391.16,-51.5637,-17.3194,2.31163,1014.42
694088,-8.68484,25.6767,1.18604,-26.81,0,418.81,-51.3059,-14.2519,4.05542,1014.42
694094,-5.71497,24.4715,1.86992,-25.27,-4.48,449.05,-52.8528,-12.9786,2.92125,1014.42
694100,-4.0746,26.4515,0.841702,-25.69,-3.08,474.53,-54.0846,-10.6635,2.4534,1014.46
694106,-6.43711,29.5074,-1.17169,-49.91,13.72,497.63,-54.3138,-7.59597,3.07719,1014.46
694112,-6.4945,19.3735,3.21377,-30.03,-15.68,507.64,-54.8294,-4.93359,2.68023,1014.45
694118,0.454328,19.4692,4.68197,19.95,4.2,521.08,-56.6914,-3.2262,2.22657,1014.45
694124,-2.78814,23.5533,-4.33285,17.36,29.19,533.47,-57.0925,0.912069,2.16986,1014.43
694130,-2.44381,18.1636,0.10043,36.4,33.95,532.98,-56.5482,4.26898,2.29745,1014.43
694136,-0.535629,18.3166,2.33381,61.32,38.78,528.71,-57.6654,6.17895,1.97138,1014.42
694142,-2.32903,25.2511,-1.15256,68.32,49.49,531.3,-57.4363,9.50692,1.41847,1014.42
694148,1.21473,25.5524,-2.97944,68.46,52.29,507.85,-57.3217,11.4458,2.62353,1014.41
694154,-3.70158,32.7929,-9.29699,15.61,84.35,482.51,-58.0378,14.3687,0.76632,1014.41
694160,-7.98661,28.6848,-6.6571,1.12,85.75,467.74,-57.6941,16.3944,0.511131,1014.41
694166,-10.9995,13.5438,-12.8694,-27.65,123.27,442.47,-56.1758,19.8092,0.624548,1014.41
694172,-13.0225,2.89813,-14.0698,-67.76,147.91,385.7,-55.8893,21.5166,0.4686,1014.41
694178,-18.8474,-7.96748,-15.7771,-112.7,127.26,339.85,-55.9753,23.6291,-1.85645,1014.39
694184,8.5318,-33.6394,14.8063,11.41,44.66,171.85,-55.8893,24.1789,-2.53695,1014.39
694190,14.5863,-12.9651,1.3582,34.09,79.38,14.49,-54.2851,25.6259,-1.94151,1014.39
694196,1.4682,-2.40555,0.612147,52.29,84.35,-94.43,-55.3737,24.4683,-2.79214,1014.39
694202,-4.74892,-3.2616,2.81683,84,56.07,-196.56,-56.0326,23.8027,-2.8205,1014.4
694208,-9.56958,1.43472,-0.143472,75.32,26.81,-264.74,-54.9154,23.1371,-3.28834,1014.4
694214,-13.4338,10.1291,-4.67719,42.77,7.28,-298.76,-56.0899,21.6034,-3.45847,1014.43
694220,-13.6968,12.8073,-5.02152,2.66,-7.14,-311.43,-56.5769,19.896,-4.12479,1014.43
694226,-12.0086,12.6686,-3.25681,-27.23,-13.79,-309.68,-55.7461,18.015,-2.76379,1014.42
694232,-12.4438,11.4156,-1.78384,-38.08,-27.16,-305.34,-56.405,16.3944,-3.62859,1014.42
694238,-10.0239,8.02965,-1.70732,-46.27,-33.18,-292.11,-57.6368,14.5134,-4.42251,1014.42
694244,-8.45528,4.71545,-2.09947,-39.13,-31.36,-283.43,-56.7487,13.5584,-3.1891,1014.42
694250,-6.49928,2.23338,-2.67814,-28.14,-24.43,-282.8,-56.8633,12.3719,-2.35265,1014.39
694256,-5.38498,-1.57341,-1.8747,-7.77,-16.52,-281.19,-58.0665,10.1146,-2.67873,1014.39
694262,-4.73458,-2.35294,-1.49689,19.88,-10.64,-284.55,-57.4363,8.98602,-2.56531,1014.39
694268,-3.89287,-1.4682,-1.92252,44.24,-2.52,-289.45,-57.0066,8.49406,-1.68633,1014.39
694274,-3.75897,-0.363462,-2.02296,66.43,4.62,-295.54,-57.6654,5.62911,-2.79214,1014.39
694280,-3.75418,0.980392,-1.94644,80.85,10.22,-304.15,-57.379,4.00853,-2.48025,1014.38
694286,-4.57197,3.48159,-2.02774,86.45,8.33,-310.24,-56.1185,3.22718,-1.24683,1014.38
694292,-4.68197,4.52893,-2.12817,90.3,12.88,-320.25,-56.0326,1.43297,-1.58709,1014.39
694298,-5.83453,6.15973,-1.64993,84,7.84,-332.29,-56.5769,-0.968961,-2.42354,1014.39
694304,-5.60976,7.08273,-1.38211,77.84,4.97,-340.2,-55.0299,-2.58954,-1.99822,1014.42
694310,-5.86322,7.79531,-0.951698,71.19,1.26,-350.7,-55.4883,-4.41269,-1.94151,1014.42
694316,-5.51411,7.88618,-0.631277,65.94,-2.66,-360.15,-55.3164,-7.3934,-2.04075,1014.39
694322,-5.48541,8.24008,-0.889526,62.02,-5.32,-365.54,-53.7695,-8.57989,-3.3167,1014.39
694328,-5.17934,7.72358,-0.205643,63.28,-8.54,-373.38,-53.7408,-9.15867,-0.42456,1014.35
694334,-5.01674,7.83357,0.0191296,68.39,-10.22,-379.4,-53.1106,-11.7632,-1.77139,1014.35
694340,-4.60067,8.70397,0.0095648,74.69,-10.36,-382.69,-52.7955,-14.3387,-1.41696,1014.35
694346,-4.3759,9.68436,-0.071736,79.45,-10.15,-387.17,-51.1054,-15.7278,-0.410383,1014.36
694352,-3.78288,10.5548,-0.0191296,85.4,-6.16,-388.99,-49.5298,-17.3194,-0.197726,1014.36
694358,-3.30942,12.286,-0.114778,89.6,-3.29,-389.48,-49.8449,-20.387,-0.693926,1014.39
694364,-2.86944,13.8068,-0.25825,89.67,3.22,-388.01,-47.8396,-21.4577,-0.0559544,1014.39
694370,-2.63988,15.648,0.0047824,89.53,9.17,-383.25,-46.6938,-23.5124,0.511131,1014.39
694376,-2.37685,16.8388,0.296509,86.87,13.72,-377.23,-46.0063,-25.7407,0.440246,1014.39
694382,-2.05165,18.7901,0.750837,81.48,17.99,-366.59,-44.0869,-26.9272,0.0999942,1014.39
694388,-1.57341,19.6318,1.36777,78.26,22.47,-351.82,-43.3994,-27.6217,0.624548,1014.39
694394,-1.36298,20.4639,1.8747,75.46,24.5,-337.26,-42.1963,-29.7053,0.610371,1014.39
694400,-1.1143,21.7791,2.33859,71.26,25.76,-318.43,-40.2769,-31.6442,0.142526,1014.39
694406,-0.750837,22.3864,2.83596,69.86,26.04,-301.56,-39.1024,-31.7021,1.92885,1014.37
694412,-0.0334768,22.4582,4.12721,70.56,24.99,-293.93,-37.6415,-33.2358,1.26252,1014.37
694418,1.32951,21.5925,4.39981,72.8,25.06,-297.5,-36.1805,-34.8854,0.0716399,1014.37
694424,1.07126,22.2621,5.95409,80.78,19.46,-307.72,-35.2924,-35.03,1.54606,1014.39
694430,1.59732,23.9837,4.79197,78.47,13.16,-321.3,-34.0893,-35.8114,2.83618,1014.39
694436,1.31516,24.7346,4.92587,74.48,2.45,-336.56,-31.683,-38.0397,2.28327,1014.41
694442,1.44907,26.7862,4.42372,65.31,-13.51,-350.56,-30.709,-38.9657,2.96378,1014.41
694448,1.82688,27.2692,4.22286,54.32,-30.8,-362.74,-28.6751,-38.9657,4.02706,1014.35
694454,2.60641,26.8436,4.57197,45.5,-53.34,-372.26,-27.4433,-40.5574,2.68023,1014.35
694460,3.6968,25.8632,4.45241,39.48,-75.04,-377.79,-24.55,-42.4384,3.31821,1014.4
694466,5.61454,23.0177,5.80583,47.18,-88.06,-378.07,-23.7479,-42.3805,4.26807,1014.4
694472,8.57006,21.0521,6.49928,67.76,-109.69,-374.5,-21.4275,-42.4384,5.50149,1014.39
694478,12.4868,23.3094,4.25634,68.11,-111.79,-368.2,-18.8493,-43.7696,5.28883,1014.39
694484,15.0502,26.2697,2.33381,59.5,-115.15,-356.02,-16.6721,-44.059,5.06199,1014.39
694490,17.3266,27.8431,0.483022,39.13,-117.11,-337.54,-14.9247,-43.9432,6.53642,1014.39
694496,20.7795,27.8623,-1.16212,12.32,-107.24,-311.85,-13.6929,-45.6217,6.43718,1014.43
694502,24.9689,24.9689,-2.11382,-5.46,-100.8,-284.69,-11.8022,-45.5928,6.32376,1014.43
694508,28.6322,22.0277,-2.3099,-14.77,-85.19,-248.57,-10.5991,-44.9272,6.63566,1014.43
694514,33.8881,17.0158,-1.32951,-9.66,-62.79,-206.71,-8.88027,-45.9111,6.66401,1014.43
694520,37.3553,13.9024,0.0669536,7.07,-42.14,-167.51,-6.81772,-47.0397,6.02604,1014.43
694526,41.7743,11.516,1.38211,29.61,-19.6,-119.21,-7.44794,-45.7953,6.80578,1014.47
694532,43.209,11.2482,2.17599,51.1,4.69,-68.95,-6.38802,-45.8821,6.64983,1014.47
694538,42.066,12.2956,3.07508,66.5,21.56,-22.54,-5.32809,-47.2712,6.97591,1014.47
694544,37.977,14.8685,3.72071,71.75,36.05,28.35,-5.24215,-45.94,6.47971,1014.47
694550,31.3965,20.1626,3.32855,293.23,260.47,191.73,-7.96358,-45.6217,7.71312,1014.46
694556,28.9144,59.5504,-12.836,-243.11,-199.36,263.97,-7.53388,-45.8532,7.784,1014.46
694562,43.7016,11.7886,15.6289,-185.08,19.11,315.98,-9.39591,-46.432,6.63566,1014.43
694568,-8.95265,-15.538,-6.21234,-108.15,145.81,388.29,-11.7736,-45.1587,6.30958,1014.43
694574,-24.2707,-9.54089,25.758,32.27,-196.63,372.96,-13.9221,-44.6667,5.9268,1014.39
694580,5.82018,13.7685,3.22334,38.22,-58.03,365.75,-16.0419,-44.7825,6.76325,1014.39
694586,-3.90244,13.9311,-1.26734,-29.12,-33.53,363.65,-17.9612,-42.9883,7.08932,1014.39
694592,-5.61454,6.37972,13.4051,41.79,-121.52,338.73,-19.8519,-43.0172,6.12528,1014.38
694598,8.34529,16.8293,2.066,59.85,-139.65,301.49,-22.0004,-42.9883,6.49389,1014.38
694604,11.1,22.6255,-8.6944,-9.52,-82.53,293.58,-22.7452,-41.7149,7.99666,1014.41
694610,9.43568,25.3563,-8.23529,-88.27,-51.87,273.7,-24.9224,-41.1651,7.67059,1014.41
694616,5.055,17.1879,-0.0573888,-100.94,-45.15,251.37,-25.5239,-41.3387,6.19617,1014.41
694622,3.02726,11.6691,2.76423,-81.48,-38.57,231.84,-26.813,-40.6731,6.67819,1014.41
694628,3.24247,9.55523,3.95504,-65.03,-20.93,218.54,-27.8157,-38.9079,6.7916,1014.44
694634,2.99378,9.39263,3.13247,-37.8,-38.57,219.45,-29.248,-39.1394,6.13946,1014.44
694640,18.4314,10.8034,8.65614,-30.38,-62.58,90.37,-29.3626,-39.1104,5.28883,1014.39
694646,15.6384,9.61741,1.39168,-14.7,-8.26,57.96,-30.7949,-37.3452,5.35971,1014.39
694652,2.59684,13.7972,-2.05643,-46.55,-8.89,54.88,-30.0215,-37.895,5.71414,1014.42
694658,-4.90196,11.6451,3.01769,-57.75,-23.38,60.2,-30.5657,-38.6185,5.57237,1014.42
694664,-2.24773,6.44189,3.17551,-20.79,-51.45,54.81,-30.4225,-37.7503,5.64326,1014.42
694670,7.90053,7.57532,1.15734,-23.87,-19.11,38.43,-31.0241,-37.3452,6.89084,1014.42
694676,4.31851,6.29364,3.81636,-6.23,5.88,26.6,-30.6803,-37.6346,5.40225,1014.42
694682,-0.516499,6.64275,4.13678,8.75,-13.02,18.9,-29.9928,-38.5027,4.90604,1014.44
694688,2.41033,10.7269,-0.45911,-1.19,-6.72,13.51,-31.11,-36.3323,5.85591,1014.44
694694,1.29603,10.5069,-0.0860832,-3.71,2.66,11.27,-31.3679,-37.5477,4.28225,1014.4
694700,-0.0813008,9.55523,0.951698,0.07,-5.39,8.19,-31.2819,-37.8371,4.53744,1014.4
694706,0.545194,10.6217,-0.0047824,-2.73,-1.19,5.67,-30.3366,-36.8532,6.16781,1014.41
694712,1.34864,9.59828,0.813008,-1.05,5.32,5.88,-31.2819,-36.4481,5.01946,1014.41
694718,-0.827355,9.4835,1.66428,2.87,-0.7,4.41,-30.8522,-37.6056,4.4382,1014.42
694724,0.334768,10.1674,0.95648,2.24,4.13,6.72,-30.623,-37.2873,5.45895,1014.42
694730,-1.32951,10.1052,0.918221,2.52,-1.96,8.96,-30.9954,-36.477,5.27465,1014.45
694736,-0.631277,10.6934,0.593018,-3.64,-1.75,10.22,-30.7663,-37.6346,4.9344,1014.45
694742,-1.0043,10.5069,0.81779,-2.8,3.29,10.36,-31.1387,-37.5767,4.56579,1014.44
694748,-0.593018,10.2104,0.93735,-1.61,0.63,12.53,-31.4251,-36.477,5.55819,1014.44
694754,-0.21999,10.5882,0.57867,-4.13,3.57,11.27,-31.3679,-37.403,5.1187,1014.44
694760,-0.363462,10.3395,0.822573,-5.04,2.17,12.95,-31.5111,-37.8371,5.2463,1014.41
694766,0.114778,10.3252,0.545194,-7.77,3.92,14.49,-31.7403,-36.1876,5.72832,1014.41
694772,-0.841702,10,1.02343,-8.82,1.54,11.34,-30.9095,-37.1137,5.45895,1014.47
694778,0.368245,9.08178,1.48254,-2.87,3.22,11.41,-31.0241,-37.6924,3.97035,1014.47
694784,0.401722,9.65567,1.15256,-5.18,5.67,11.27,-31.2246,-37.0268,4.11212,1014.42
694790,0.13869,9.36872,0.980392,-2.1,2.87,7.49,-30.9954,-36.5928,5.33136,1014.42
694796,0.45911,9.5648,0.83692,-4.34,6.23,6.44,-31.6543,-38.1555,4.59415,1014.42
694802,0.167384,9.46437,0.980392,-4.41,5.04,5.67,-31.3392,-37.8082,4.7501,1014.42
694808,0.0765184,9.46915,0.980392,-2.8,5.53,3.71,-32.4851,-36.5349,5.35971,1014.44
694814,-0.248685,9.89479,0.621712,-3.99,2.8,3.92,-32.2272,-37.403,4.1263,1014.44
694820,-0.191296,10.0143,0.487805,-6.3,1.96,4.55,-31.6257,-37.895,4.21137,1014.41
694826,-0.583453,10.0622,0.659971,-6.79,-0.91,3.43,-31.6543,-37.6056,4.31061,1014.41
694832,-0.392157,10.0813,0.483022,-8.33,-2.59,4.83,-31.7976,-36.9111,6.04022,1014.41
694838,-0.483022,10.2009,0.473458,-10.85,-4.2,5.46,-31.9121,-37.6924,4.38149,1014.42
694844,-0.35868,10.1148,0.463893,-12.39,-5.95,5.46,-31.7689,-37.2584,4.49491,1014.42
694850,-0.253467,9.95218,0.703013,-13.37,-7.07,6.51,-31.6257,-36.7374,5.09035,1014.43
694856,-0.167384,10.0861,0.674318,-15.33,-7.35,6.79,-31.8548,-37.9239,5.40225,1014.43
694862,-0.267814,10.1052,0.645624,-16.87,-7.56,6.37,-31.3106,-37.2873,4.84934,1014.44
694868,-0.047824,9.84218,0.798661,-17.5,-7.56,6.86,-31.5397,-36.8532,5.34554,1014.44
694874,0.0765184,9.3735,1.20038,-15.26,-7,6.44,-31.2246,-37.432,4.22554,1014.42
694880,0.0334768,9.58871,1.13821,-15.96,-6.37,7.49,-31.683,-37.3162,3.60175,1014.42
694886,0.0430416,9.75131,1.07126,-14.56,-4.55,6.86,-31.3965,-35.9561,4.40985,1014.42
694892,0.114778,9.77523,0.851267,-14.14,-3.85,6.93,-32.5424,-36.1587,4.33896,1014.42
694898,0.196078,9.68436,1.19082,-14,-2.1,7.84,-33.6882,-38.1555,3.88529,1014.44
694904,-0.13869,10.2439,0.607365,-15.4,-1.26,8.96,-31.9981,-36.1297,3.7577,1014.44
694910,-0.0860832,10.2965,0.703013,-16.66,1.19,10.57,-32.4851,-36.5059,4.80681,1014.44
694916,-0.593018,10.5356,0.554758,-18.97,-0.35,11.9,-32.4564,-37.9239,4.16883,1014.45
694922,0.0334768,10.2487,0.549976,-21.98,1.12,12.53,-32.1127,-37.6635,3.55922,1014.45
694928,0.162602,10.0048,0.884744,-23.1,2.38,13.16,-32.3418,-36.1876,4.28225,1014.42
694934,0.334768,9.25873,1.76471,-18.9,3.92,12.39,-32.8288,-37.5477,3.02049,1014.42
694940,-0.153037,10.1387,1.05213,-21.49,3.92,13.79,-32.8002,-37.9529,3.58757,1014.49
694946,-0.0095648,9.67001,1.40124,-21.84,3.85,14.42,-32.8575,-36.5638,3.85694,1014.49
694952,-0.349115,10.1387,1.16212,-21.98,1.89,16.03,-33.0866,-36.2165,3.00631,1014.44
694958,-0.291726,10.2822,1.09039,-21.91,5.32,16.24,-32.8575,-37.6346,2.83618,1014.44
694964,-0.25825,10.1387,1.39646,-24.08,4.41,18.48,-33.0866,-36.4191,2.65188,1014.46
694970,-0.129125,9.9187,1.58776,-21.14,2.17,17.57,-32.17,-35.8982,2.62353,1014.46
694976,0.683883,10.1196,1.3869,-21.91,6.86,19.32,-33.0007,-36.969,1.68783,1014.45
694982,-0.172166,10.0191,1.5495,-24.5,3.57,19.88,-32.8861,-36.3323,2.58099,1014.45
694988,0.703013,9.54567,1.68819,-25.76,3.78,20.37,-33.5163,-35.1458,2.97795,1014.46
694994,0.114778,9.56002,1.84122,-22.96,4.69,19.67,-33.0294,-36.8243,0.908091,1014.46
695000,-0.267814,9.96652,1.6834,-20.37,4.76,19.81,-33.6596,-36.477,1.30505,1014.46
695006,-0.0573888,10.66,1.3869,-24.36,8.54,23.31,-33.6596,-35.7246,2.80783,1014.48
695012,-0.889526,11.5065,0.659971,-29.54,4.69,23.66,-32.8002,-36.014,2.11315,1014.48
695018,-0.0047824,11.1047,0.846485,-34.93,7.42,26.46,-33.0007,-36.2455,2.09897,1014.45
695024,-0.109995,11.3391,0.267814,-37.94,9.94,28.35,-33.2872,-35.4063,0.56784,1014.45
695030,-0.13869,11.3152,0.45911,-38.01,14.21,30.52,-33.9174,-34.567,1.65948,1014.45
695036,-0.401722,11.9512,0.200861,-43.19,13.51,34.72,-34.4903,-35.4641,0.76632,1014.45
695042,-0.329986,12.1521,0.793878,-46.69,15.12,40.11,-34.6049,-35.5799,0.851383,1014.44
695048,-6.45146,12.7977,10.8321,-17.08,1.4,59.5,-34.4617,-34.6249,1.75872,1014.44
695054,-5.12673,12.1951,6.58536,-2.8,-18.62,70.63,-34.433,-35.2616,0.808851,1014.47
695060,0.47824,12.7164,0.664754,-7.84,-6.23,77.84,-34.9487,-35.0011,0.86556,1014.47
695066,-1.69297,12.5108,3.03682,-1.82,-7.21,85.89,-35.7794,-33.7278,1.23417,1014.47
695072,-1.99426,12.7786,3.63462,4.41,-9.17,95.34,-36.4669,-33.7857,1.16328,1014.47
695078,-2.14252,12.9699,3.87853,4.69,-10.99,103.46,-36.0945,-34.4513,0.185057,1014.47
695084,-2.36729,12.329,5.01674,11.9,-16.52,111.44,-36.3237,-33.2648,0.326829,1014.44
695090,-2.15208,11.7982,5.28455,23.1,-19.53,119.35,-36.8966,-32.1651,-0.0276001,1014.44
695096,-1.77905,12.2621,4.60067,26.74,-22.89,125.79,-37.9279,-32.5124,1.36176,1014.46
695102,-1.47776,12.7116,3.60115,34.16,-24.64,135.66,-37.842,-32.5703,1.65948,1014.46
695108,-1.09039,12.6351,2.96987,40.39,-23.59,144.34,-38.9306,-30.1104,2.85036,1014.43
695114,-0.865614,13.3668,2.29077,41.72,-21.35,151.62,-40.2483,-30.313,2.66606,1014.43
695120,-0.286944,13.3955,0.918221,45.92,-16.24,161.28,-40.4202,-31.1812,1.88631,1014.46
695126,0.0334768,14.4046,-0.0430416,42.77,-9.45,170.24,-40.7353,-29.3001,3.80023,1014.46
695132,-1.37255,16.4706,-0.435198,42.84,-1.61,183.54,-41.9098,-28.2584,2.86454,1014.42
695138,-2.41989,17.2358,0.81779,38.71,-1.68,198.87,-42.3395,-29.1265,2.82201,1014.42
695144,-2.99856,18.0775,0.846485,36.12,-3.85,214.06,-42.8838,-26.985,3.57339,1014.45
695150,-2.78336,19.5983,0.530846,33.32,-3.64,232.82,-44.2015,-25.9722,3.40327,1014.45
695156,-2.37207,21.0999,-1.75514,24.78,4.55,255.01,-44.3734,-25.6249,2.80783,1014.43
695162,-3.62028,21.406,-2.6351,14.35,9.87,275.1,-45.8344,-24.4384,3.41745,1014.43
695168,-4.29938,22.7116,-2.00383,7.42,6.86,297.22,-46.7224,-21.6024,4.94858,1014.43
695174,-4.48111,25.0789,-3.80679,-9.24,21.77,325.5,-48.0975,-21.2262,2.72277,1014.43
695180,-5.47585,24.3376,-0.49737,-15.47,18.2,348.04,-49.3579,-19.4609,2.39669,1014.43
695186,-8.35007,25.7006,1.07604,-27.51,16.03,377.3,-50.0454,-18.1876,3.60175,1014.44
695192,-10.0096,22.769,3.40985,-22.61,3.36,408.66,-51.0194,-15.612,3.45998,1014.44
695198,-7.03969,22.5586,3.59636,-17.29,-4.06,436.24,-52.6809,-14.0493,2.49593,1014.49
695204,-4.9737,22.1664,1.58776,-18.83,1.82,456.4,-53.3684,-11.4448,2.75112,1014.49
695210,-4.945,22.9507,0.205643,-14.56,-6.23,480.62,-54.3138,-8.9561,3.33238,1014.44
695216,-4.6198,26.1836,1.72645,-22.75,24.08,504.98,-55.8034,-6.98825,3.23314,1014.44
695222,-5.01196,18.3501,4.30416,-4.55,-18.55,504.84,-56.5482,-4.21012,2.02809,1014.42
695228,2.78336,24.0555,4.75849,24.92,13.72,513.31,-55.832,-1.34517,2.39669,1014.42
695234,-5.65758,26.9488,-3.28073,-23.17,31.43,532.14,-56.5482,1.37509,1.97138,1014.43
695240,-1.84122,10.6839,2.09947,25.27,21.14,521.43,-57.8087,3.74808,1.92885,1014.43
695246,3.43376,19.6748,1.83166,65.8,28.21,504.7,-56.6914,6.78667,2.43922,1014.43
695252,-0.296509,30.8226,-1.80775,38.78,41.93,491.89,-57.7514,10.3751,2.05644,1014.4
695258,-3.4768,29.6413,-1.73123,26.39,46.83,483.7,-57.78,11.0696,1.07822,1014.4
695264,-5.36585,25.3611,-4.85892,21.42,48.23,463.05,-56.806,13.1532,1.74454,1014.42
695270,-7.29794,21.1717,-8.34051,14.07,91.84,445.2,-56.1185,16.6838,1.70201,1014.42
695276,-10.5117,5.5428,-13.6442,-5.11,111.51,401.66,-55.8893,19.404,0.978977,1014.39
695282,-9.84696,-1.51124,-16.3319,-55.86,159.11,339.5,-56.0039,20.7063,-0.864051,1014.39
695288,-14.6868,-9.8374,1.65949,-57.54,98.49,263.83,-54.1705,22.7609,-0.864051,1014.39
695294,16.6858,-24.0507,9.65088,46.41,91.14,100.94,-55.5742,22.9635,-1.58709,1014.39
695300,7.78096,-1.36298,-4.50502,37.66,119.56,-26.74,-55.6315,23.3976,-2.12582,1014.41
695306,-5.71019,0.196078,1.73601,66.01,105.28,-120.61,-54.8867,22.8188,-2.53695,1014.41
695312,-9.6748,1.033,1.20995,78.47,73.08,-187.74,-56.405,21.5455,-3.95467,1014.42
695318,-13.5485,6.91057,-2.42946,58.52,45.64,-236.6,-56.2904,21.2851,-4.62099,1014.42
695324,-14.7202,9.78001,-3.2616,28.07,17.85,-264.46,-56.5196,19.5777,-2.79214,1014.42
695330,-14.5385,11.3199,-2.52989,-0.14,-2.59,-270.34,-56.0039,19.1146,-3.01898,1014.42
695336,-14.0316,10.8656,-1.13821,-21.56,-21.77,-277.48,-57.2357,17.4362,-3.75619,1014.42
695342,-12.7929,9.68436,-0.980392,-35.14,-36.68,-275.52,-56.6628,15.7577,-2.56531,1014.41
695348,-11.0713,6.74318,-0.889526,-37.03,-45.5,-271.11,-56.4623,14.7738,-1.94151,1014.41
695354,-9.94261,4.50502,-1.09517,-39.06,-55.93,-272.44,-57.2357,12.9796,-2.04075,1014.4
695360,-8.79005,2.43424,-0.894309,-30.1,-60.69,-273.28,-57.8087,11.4169,-2.48025,1014.4
695366,-7.26447,1.00909,-1.72166,-15.12,-60.41,-278.25,-57.293,10.8092,-1.67215,1014.39
695372,-6.18364,0.0143472,-1.42516,-0.49,-55.3,-284.2,-57.7514,9.30435,-1.79974,1014.39
695378,-4.85414,0.234338,-1.5208,16.03,-48.51,-289.59,-58.2384,6.93136,-1.19013,1014.34
695384,-4.04591,0.487805,-1.44907,34.79,-40.11,-299.25,-57.2071,5.71593,-1.03418,1014.34
695390,-3.55811,1.69775,-1.65949,49.56,-33.11,-309.4,-56.8633,4.32686,0.709611,1014.39
695396,-3.10378,2.25251,-1.62123,61.81,-22.12,-320.32,-56.8347,2.04069,-1.03418,1014.39
695402,-3.06074,3.00813,-1.44428,70.49,-13.09,-334.32,-57.293,0.449045,-1.19013,1014.37
695408,-3.74462,4.35677,-1.05213,76.23,-8.96,-347.55,-55.5456,-0.534877,0.553663,1014.37
695414,-3.78766,5.31803,-0.961262,78.47,-3.36,-361.13,-55.8607,-3.02362,0.255943,1014.37
695420,-4.15112,6.84361,-0.679101,76.58,1.19,-375.55,-56.2617,-6.09115,0.17088,1014.36
695426,-4.84457,7.65662,-0.25825,72.24,5.46,-386.12,-55.0586,-6.58311,1.12075,1014.36
695432,-5.35629,8.44572,-0.167384,64.89,5.32,-389.55,-54.1992,-8.55095,-0.495446,1014.36
695438,-5.72932,9.32568,0.282162,66.99,3.15,-399.21,-54.457,-11.6185,-0.849874,1014.36
695444,-5.36585,9.48828,0.631277,68.11,7.07,-398.02,-52.3658,-12.7182,0.326829,1014.38
695450,-4.47633,9.99043,0.989957,68.74,10.99,-394.24,-51.3632,-15.4095,0.624548,1014.38
695456,-4.28025,10.5787,1.28647,72.03,12.04,-392.84,-51.134,-17.8982,0.0716399,1014.36
695462,-3.76853,12.1903,1.26734,80.85,15.26,-383.32,-49.1001,-19.1426,0.823028,1014.36
695468,-3.64897,13.4051,1.33907,84.7,16.17,-372.26,-47.6678,-20.358,1.58859,1014.33
695474,-2.95552,14.3711,1.70253,86.66,19.95,-365.75,-47.0375,-23.1072,1.04986,1014.33
695480,-2.61119,15.6911,2.13295,90.09,19.18,-355.25,-45.863,-25.1908,0.823028,1014.35
695486,-2.64467,17.1066,2.32903,87.5,17.92,-345.73,-44.6026,-25.3934,1.51771,1014.35
695492,-2.9077,18.9766,2.57293,81.69,12.81,-336.98,-43.4854,-27.1297,2.52429,1014.35
695498,-2.83596,20.0383,3.14682,77.07,10.01,-323.26,-42.2822,-29.85,1.81543,1014.37
695504,-2.81205,21.2052,3.29986,69.09,0.91,-312.83,-40.8785,-29.7632,2.4534,1014.37
695510,-1.6308,21.9177,3.61071,61.6,-2.87,-305.83,-39.2743,-30.0526,3.14808,1014.39
695516,-1.08082,21.6499,3.90244,58.59,-8.68,-304.22,-38.5868,-32.0783,2.52429,1014.39
695522,0.430416,20.7221,3.37159,55.79,-12.18,-312.06,-37.269,-33.7857,2.87871,1014.37
695528,0.0860832,21.516,5.39933,60.9,-16.73,-321.02,-36.0086,-33.2648,4.11212,1014.37
695534,0.961262,23.3955,4.12243,66.43,-21.42,-331.45,-34.6049,-35.9561,3.51669,1014.34
695540,0.846485,23.979,3.87374,67.97,-28.35,-343.7,-32.9148,-37.403,3.98453,1014.34
695546,0.918221,24.6581,3.69201,66.08,-38.99,-354.76,-31.0241,-37.1137,4.79263,1014.39
695552,1.61167,25.6576,3.40985,63.7,-52.85,-368.55,-29.3053,-38.2133,4.92022,1014.39
695558,1.80775,26.4467,2.93639,57.26,-72.73,-382.13,-26.6125,-41.3677,5.84174,1014.39
695564,3.8594,26.9058,2.24295,46.76,-85.68,-388.99,-25.4953,-40.6442,6.06857,1014.39
695570,5.5428,25.4711,3.56289,46.9,-93.03,-389.34,-23.089,-41.5413,6.35211,1014.39
695576,7.40794,24.6054,2.74032,56.56,-106.82,-384.23,-20.9691,-42.8436,5.81338,1014.42
695582,12.6208,27.0158,1.64515,53.83,-104.23,-373.59,-19.766,-44.3773,7.03262,1014.42
695588,14.4333,30.5739,0.707795,94.78,-71.26,-324.94,-17.8467,-44.0011,7.45793,1014.42
695594,23.4051,25.6289,-5.53802,4.83,-81.48,-321.72,-15.5263,-45.1876,6.2387,1014.42
695600,20.3443,27.2501,-3.13725,-23.66,-88.41,-309.68,-14.2085,-45.5928,7.13186,1014.4
695606,23.4003,38.1875,-3.99809,53.27,-15.61,-250.39,-13.0627,-45.2744,8.05337,1014.4
695612,34.5815,19.4022,-10.9182,-116.55,-62.93,-251.58,-10.5131,-45.0719,6.50806,1014.43
695618,35.098,7.93878,1.47776,-55.02,-41.93,-218.96,-8.82298,-46.4609,5.69997,1014.43
695624,39.9283,10.3682,-2.66858,-26.81,6.23,-185.64,-8.10681,-46.0558,5.40225,1014.43
695630,40.7078,9.86131,-1.12386,3.5,32.06,-140.28,-7.56253,-45.7374,5.79921,1014.43
695636,41.736,9.0483,1.62602,37.17,38.15,-87.71,-6.64584,-46.2294,5.21794,1014.44
695642,33.9981,18.2209,7.85748,206.57,151.62,72.66,-6.47396,-46.7503,6.18199,1014.44
695648,38.5844,44.7489,-28.7661,-60.97,-13.09,89.04,-7.67711,-45.0719,7.48629,1014.42
695654,20.7987,34.7633,20.3156,49.63,196.28,271.39,-7.7917,-46.3452,6.53642,1014.42
695660,21.186,34.132,11.3821,-64.19,-67.97,322.21,-9.05215,-46.5188,7.11768,1014.42
695666,34.1129,3.95983,10.8082,-87.43,0.14,340.27,-12.633,-44.8693,6.77743,1014.39
695672,-9.31612,-3.57724,4.3759,-83.86,122.01,395.5,-14.5523,-45.4481,5.91262,1014.39
695678,-12.0038,-2.7977,12.439,65.1,-99.82,386.33,-15.2971,-45.0429,6.39465,1014.4
695684,2.22382,24.0363,-3.54854,62.09,-47.32,369.67,-17.5888,-44.0879,7.03262,1014.4
695690,2.96509,31.8125,-12.6877,-50.68,-38.57,343.56,-19.7946,-43.0751,7.24527,1014.42
695696,0.535629,13.912,4.17504,-46.83,-72.31,313.95,-22.0004,-43.1329,6.40882,1014.42
695702,2.70206,10.593,8.66093,-13.3,-105,288.89,-22.4874,-42.4095,6.28123,1014.42
695708,9.49785,20.1483,-6.14538,-42.98,-67.83,269.78,-24.2635,-40.2969,6.64983,1014.42
695714,7.71879,20.5595,-5.7341,-118.51,-29.82,249.41,-25.5812,-40.5285,7.31616,1014.39
695720,3.50072,14.0124,2.65423,-88.48,-40.81,240.87,-26.1255,-40.8178,5.87009,1014.39
695726,1.88905,10.0574,3.46246,-89.74,-26.11,215.18,-28.3313,-39.0236,5.20376,1014.42
695732,10.3826,17.2119,14.8446,-56.07,-166.18,115.5,-28.5032,-38.85,5.60072,1014.42
695738,15.3898,10,-6.84361,-1.75,-26.39,92.68,-28.8756,-40.2969,4.97693,1014.42
695744,7.72358,18.0679,0.325203,-71.68,-26.18,46.97,-29.3339,-38.5027,5.20376,1014.42
695750,-3.38116,9.5648,3.30942,-74.34,-14,70.07,-29.8496,-37.5477,5.45895,1014.42
695756,-1.70253,4.88283,7.4988,-21.28,-45.85,59.15,-29.4485,-39.0236,5.06199,1014.4
695762,5.4902,7.7714,2.6638,-10.99,-15.19,36.68,-30.1933,-38.0686,4.52326,1014.4
695768,2.56337,6.83883,3.30942,-14.7,20.16,37.59,-31.4251,-36.7374,6.35211,1014.41
695774,-0.779531,6.6571,4.76805,8.82,-11.06,24.5,-30.1074,-38.5027,5.2463,1014.41
695780,2.56337,10.9278,-0.970827,5.32,9.1,17.71,-30.4798,-38.6185,4.79263,1014.41
695786,-0.157819,9.90913,0.535629,-4.27,4.2,18.97,-31.4251,-36.9979,4.57997,1014.41
695792,-0.0813008,8.88092,2.2286,5.53,-2.73,12.81,-31.2533,-37.6056,4.79263,1014.43
695798,0.942133,10.3013,0.35868,14.35,1.82,8.75,-31.0241,-38.6764,5.47313,1014.43
695804,0.13869,9.99043,-0.124342,-0.07,0.28,9.31,-30.8809,-37.6346,4.76427,1014.41
695810,0.191296,9.98565,0.13869,-7.28,2.03,7.42,-32.0554,-38.2133,5.9268,1014.41
695816,-0.0191296,10.1817,1.51602,4.13,1.4,6.02,-30.7949,-38.5895,4.80681,1014.41
695822,-0.985174,9.95218,1.67384,0.35,2.73,8.4,-31.4538,-38.0108,5.1187,1014.43
695828,-0.731707,10.3922,1.07126,-4.55,2.66,10.36,-31.683,-36.6506,5.71414,1014.43
695834,0.0191296,10.1052,1.06648,-0.56,7.7,11.55,-31.11,-37.895,6.18199,1014.45
695840,-0.793878,10.0191,1.18604,-0.63,3.43,11.97,-30.623,-38.3291,5.1187,1014.45
695846,-0.0621712,10.3635,0.765184,-3.5,5.39,11.41,-31.0814,-36.7953,4.33896,1014.45
695852,-0.153037,10.2487,0.908656,-3.5,7.42,11.69,-31.3392,-37.5767,4.79263,1014.45
695858,-0.0143472,10.2917,0.913438,-5.25,7.56,11.13,-31.3679,-38.5606,3.64428,1014.44
695864,-0.157819,9.85653,2.33859,-5.6,7.07,10.01,-31.2246,-36.969,4.57997,1014.44
695870,-0.186514,9.7561,1.30081,-4.55,6.09,9.59,-32.17,-36.9111,5.44478,1014.45
695876,-0.095648,9.52654,1.69297,-3.29,5.11,9.24,-30.8522,-37.8371,5.04782,1014.45
695882,0.148254,9.46437,1.35342,-1.68,4.34,7.42,-31.4824,-38.2133,4.06959,1014.43
695888,0.0765184,9.48828,1.23864,-0.63,4.9,6.58,-31.2533,-37.1137,4.32478,1014.43
695894,-0.282162,9.7274,1.09517,-1.05,2.45,6.09,-30.7376,-38.1844,3.45998,1014.44
695900,-0.105213,9.80392,0.927786,-0.84,2.59,5.67,-30.8236,-38.2133,4.18301,1014.44
695906,-0.267814,9.87566,0.779531,-2.03,2.31,5.95,-30.136,-36.6796,4.19719,1014.44
695912,-0.373027,9.94739,0.765184,-3.36,0.42,5.95,-32.17,-37.2584,4.6225,1014.46
695918,-0.33955,10.2487,0.526064,-5.88,-0.35,6.3,-31.6257,-38.9079,3.51669,1014.46
695924,-0.640842,10.1483,0.774749,-6.65,-1.61,6.37,-32.7429,-37.6635,4.31061,1014.44
695930,-0.272597,10.2296,0.344333,-10.08,-3.22,6.79,-31.7116,-37.3162,4.70757,1014.44
695936,-0.210426,10.2869,0.444763,-11.76,-2.8,6.51,-31.2819,-37.7503,4.7501,1014.48
695942,-0.229555,10.2822,0.463893,-16.03,-3.5,7.28,-31.7403,-37.8371,3.72934,1014.48
695948,-0.234338,9.92826,0.808226,-15.61,-4.2,8.33,-31.3106,-36.94,5.54402,1014.42
695954,-0.205643,9.85653,0.970827,-15.96,-6.93,7.21,-31.3679,-38.2423,4.2539,1014.42
695960,0.349115,9.78957,0.774749,-21.91,-5.46,6.09,-31.9121,-38.7921,4.4382,1014.47
695966,-0.176949,10.0143,0.918221,-17.01,-4.83,8.89,-32.5137,-36.6217,3.7577,1014.47
695972,0.301291,9.65088,1.033,-16.52,-2.59,7.77,-32.2845,-37.0268,4.60833,1014.45
695978,-0.272597,9.45959,1.70253,-19.95,-5.53,7.98,-31.9408,-38.6474,3.07719,1014.45
695984,0.13869,9.67958,1.14299,-17.57,-4.9,8.68,-32.5137,-36.9979,4.40985,1014.45
695990,0.0860832,9.78957,1.18125,-15.4,-2.45,7.28,-32.4564,-36.2165,4.99111,1014.43
695996,-0.143472,10.5213,0.559541,-20.23,-3.78,10.01,-32.2272,-37.6924,4.40985,1014.43
696002,0.583453,10.0478,0.741272,-24.92,-1.19,9.94,-32.2845,-36.8532,2.89289,1014.43
696008,-0.549976,10.4639,0.884744,-23.94,-2.45,10.5,-32.7142,-36.1297,5.50149,1014.43
696014,0.148254,9.89957,0.870397,-23.59,-1.4,11.34,-32.8002,-37.3741,3.97035,1014.43
696020,0.0430416,10.2678,0.894309,-28.14,0.14,13.16,-33.3731,-36.8532,3.55922,1014.43
696026,-0.153037,9.74175,1.5495,-27.37,-0.07,11.48,-32.5137,-36.6217,4.18301,1014.44
696032,-0.10043,9.36394,1.59254,-24.78,-0.56,13.44,-33.1726,-36.6796,3.92782,1014.44
696038,-0.196078,9.44524,1.92731,-25.55,0.77,12.25,-33.3731,-36.9979,2.41087,1014.46
696044,-0.172166,10.0335,1.11908,-22.47,1.75,10.5,-32.6283,-36.4481,2.89289,1014.46
696050,0.320421,9.21568,2.0373,-17.71,3.08,13.37,-32.17,-35.7825,4.63668,1014.46
696056,-0.334768,9.87087,1.91296,-18.34,2.03,12.67,-32.6283,-37.6635,2.86454,1014.46
696062,-1.64993,11.3439,0.679101,-26.67,-6.93,14.77,-33.5163,-36.5059,2.87871,1014.46
696068,2.45337,9.21568,1.4682,-16.94,12.6,17.01,-33.3731,-35.2616,3.53086,1014.46
696074,-1.22908,10.7747,1.86992,-23.03,3.08,18.27,-33.2585,-36.3034,3.17643,1014.46
696080,-0.320421,10.6361,0.282162,-30.17,4.27,17.5,-33.0294,-36.477,3.4458,1014.44
696086,-0.109995,10.2535,1.13821,-27.79,5.53,19.88,-33.2872,-35.5799,3.06302,1014.44
696092,0.769966,9.33525,2.33859,-20.65,14.98,21.7,-33.6882,-36.94,3.02049,1014.46
696098,-1.64515,11.3678,1.033,-30.94,-2.31,21.35,-33.459,-37.5767,1.9572,1014.46
696104,1.03778,11.2052,0.535629,-34.02,10.15,23.8,-33.1153,-36.3612,2.48175,1014.47
696110,-1.00909,9.81827,2.53945,-31.64,6.72,25.41,-33.8028,-35.985,2.04226,1014.47
696116,0.870397,8.86657,1.88905,-24.29,9.52,28.63,-33.2585,-36.1008,1.74454,1014.47
696122,-0.69823,10.593,1.25299,-24.29,3.57,28.56,-34.0606,-36.8243,1.2767,1014.47
696128,-0.162602,10.8321,2.36729,-21.49,6.23,33.67,-34.5476,-35.3484,1.91467,1014.42
696134,-1.75992,11.2578,3.5055,-17.01,0.49,41.58,-33.4877,-35.4641,1.17746,1014.42
696140,-2.23816,11.8651,3.44811,-14.21,-7.42,48.44,-34.4044,-35.8982,0.66708,1014.43
696146,-1.53515,12.0421,1.97991,-14.35,-10.85,53.69,-34.0033,-34.2487,1.30505,1014.43
696152,-0.516499,11.6978,2.52989,-9.87,-5.67,61.53,-35.2351,-35.0879,2.09897,1014.43
696158,-1.49689,11.6738,3.27116,-5.11,-9.03,65.87,-34.9773,-35.6378,1.56024,1014.47
696164,-1.06169,12.219,2.74988,-5.32,-8.82,73.64,-35.2924,-34.9143,2.07062,1014.47
696170,-1.81731,12.3195,3.46724,-2.59,-12.46,81.83,-35.9513,-34.4223,2.72277,1014.45
696176,-1.14299,11.8412,4.25155,5.81,-8.54,87.99,-36.381,-35.03,1.58859,1014.45
696182,-1.79818,12.0708,3.62028,11.69,-15.47,95.76,-36.1232,-34.2776,1.80125,1014.47
696188,-1.28168,12.7642,3.29029,11.2,-15.75,103.81,-36.6675,-32.3677,3.23314,1014.47
696194,-1.5495,12.8599,3.19464,15.05,-16.59,110.04,-37.4982,-33.612,1.39011,1014.44
696200,-1.41559,11.2147,4.62936,21.21,-16.73,117.95,-37.9566,-32.8596,1.53189,1014.44
696206,-1.65471,11.0234,5.26064,30.73,-24.85,123.48,-38.7014,-31.3837,2.69441,1014.46
696212,-1.36298,12.4677,4.03635,35.7,-25.41,131.6,-38.9592,-31.5284,2.21239,1014.46
696218,-0.932568,12.5873,3.57245,41.09,-24.29,138.39,-39.9045,-31.8468,2.83618,1014.45
696224,-1.09517,12.4868,3.21856,47.88,-24.08,147.56,-40.0764,-30.7182,3.71517,1014.45
696230,0.506934,13.5677,0.0334768,50.75,-17.71,154.35,-40.9645,-30.0236,3.03466,1014.45
696236,-0.167384,14.7154,1.00909,48.51,-13.16,164.36,-42.053,-30.5156,3.78605,1014.47
696242,-1.25299,15.495,1.17647,53.34,-8.26,177.03,-41.3942,-28.7214,3.16226,1014.47
696248,-1.81731,17.1784,0.200861,49.14,-4.97,191.45,-42.4827,-27.477,4.08377,1014.43
696254,-3.19464,18.5748,0.97561,47.11,-3.64,209.23,-43.1416,-27.7375,3.61593,1014.43
696260,-3.24725,20.2487,-0.329986,36.26,-6.58,228.41,-45.1469,-27.3612,3.4458,1014.44
696266,-2.24773,20.8513,0.023912,31.85,-3.85,245.14,-45.6625,-24.8725,3.89947,1014.44
696272,-3.92635,21.846,-0.999522,19.88,0.77,268.03,-45.863,-24.0333,3.77187,1014.44
696278,-4.90674,23.2233,-1.41081,8.47,-1.47,290.92,-47.324,-22.5863,4.29643,1014.44
696284,-4.93065,24.792,-3.93592,-7.63,5.39,318.01,-47.7824,-21.4288,4.33896,1014.44
696290,-4.32329,23.319,-2.86944,-9.1,11.06,345.31,-49.1287,-19.6056,5.06199,1014.44
696296,-4.10808,23.9598,-0.951698,-13.93,25.69,375.13,-50.3319,-18.7953,2.86454,1014.41
696302,-9.53132,23.9885,2.80249,-12.81,16.17,402.22,-51.2199,-17.0301,3.91365,1014.41
696308,-9.50741,26.4036,4.96891,-19.32,-1.33,429.38,-51.6496,-13.2969,4.01289,1014.41
696314,-8.44094,26.4754,2.45815,-32.76,-5.39,462.28,-53.2252,-11.7053,3.88529,1014.41
696320,-5.76279,25.1937,3.18986,-34.72,-16.03,482.37,-54.4857,-9.18761,3.31821,1014.41
696326,-8.14443,22.9412,0.798661,-53.06,4.97,505.68,-54.5716,-6.3516,2.96378,1014.42
696332,-2.52989,10.7556,8.13964,21.28,-33.46,506.1,-54.5143,-3.92073,4.49491,1014.42
696338,2.80727,18.7996,3.71114,46.55,-0.28,512.12,-56.6628,-1.95288,3.55922,1014.43
696344,-2.29555,24.7298,-1.95122,16.66,25.27,517.23,-55.7747,1.83811,3.87111,1014.43
696350,-4.57676,18.4075,5.43759,43.96,6.44,515.2,-56.806,4.81882,3.68681,1014.44
696356,0.430416,20.9756,2.36729,57.61,10.5,502.95,-58.1811,5.74487,2.80783,1014.44
696362,-1.48733,28.9527,-3.03682,33.18,21.07,486.08,-57.9232,8.81239,3.00631,1014.45
696368,-2.23816,33.7542,-2.90292,-21.63,44.1,486.71,-56.4623,12.0535,4.35314,1014.45
696374,-10.0478,24.1272,-1.94644,-24.08,20.51,490.07,-57.4076,13.3269,2.55264,1014.45
696380,-6.43711,13.802,-2.3912,3.43,49.42,459.76,-57.0066,16.6838,2.9496,1014.45
696386,-5.54758,1.4682,-11.9177,-18.62,73.85,384.51,-55.6029,18.7963,2.66606,1014.39
696392,-6.58536,-3.37159,-11.9799,-51.31,100.66,318.57,-55.4596,20.3301,2.48175,1014.39
696398,-8.71832,-12.109,-1.3869,-72.66,63.49,274.75,-56.1758,22.6741,1.82961,1014.39
696404,18.3405,-21.9799,10.813,28.35,56.07,103.88,-55.5456,23.4844,1.80125,1014.43
696410,14.7346,-0.492587,-4.65328,10.29,96.74,-8.26,-55.2305,23.8606,1.94302,1014.43
696416,-1.37255,0.37781,1.50167,32.41,87.92,-102.97,-56.319,23.6002,0.085817,1014.4
696422,-5.03587,-0.760402,2.01817,56.35,62.16,-182.35,-55.5456,22.4426,-0.367851,1014.4
696428,-9.35437,6.52798,-2.95074,36.05,50.33,-227.85,-55.1445,21.1404,0.454423,1014.4
696434,-10.4065,9.00048,-3.72549,8.82,35.91,-254.45,-56.8347,19.6355,-0.438737,1014.4
696440,-11.0378,10.373,-2.53945,-14.7,23.73,-265.09,-57.1498,18.5069,-2.25341,1014.44
696446,-10.3061,10.4782,-1.31994,-29.12,13.93,-263.27,-56.2044,18.1307,-0.0843086,1014.44
696452,-10.1913,9.56002,-0.841702,-37.52,5.39,-259.14,-56.5482,16.3654,-0.240257,1014.4
696458,-9.33046,6.67623,-1.28647,-45.64,-2.24,-250.46,-57.4076,15.4973,-1.81392,1014.4
696464,-8.22573,4.09852,-1.29125,-44.17,-3.29,-246.61,-57.5222,13.9346,-1.48785,1014.42
696470,-7.03013,1.28647,-1.26734,-38.29,-5.74,-243.74,-56.5196,12.9507,0.284297,1014.42
696476,-6.00191,0.0334768,-1.0043,-26.04,-5.81,-246.12,-57.7514,11.4748,-0.509623,1014.42
696482,-5.45194,-0.707795,-1.01865,-9.59,-6.02,-251.37,-57.8087,9.91207,-0.72228,1014.4
696488,-5.14586,-0.846485,-0.765184,6.23,-7.42,-260.12,-56.0039,8.29149,0.17088,1014.4
696494,-4.32807,-0.511717,-0.779531,23.17,-5.88,-268.73,-57.4649,6.00532,-0.296966,1014.43
696500,-4.46198,0.349115,-0.97561,36.12,-7.35,-282.17,-57.3217,4.90564,-1.38861,1014.43
696506,-4.4572,1.12865,-1.03778,44.03,-7.35,-294.28,-56.4909,3.86384,1.34758,1014.43
696512,-4.82544,2.00383,-0.97561,52.5,-7.56,-309.82,-56.1185,2.90885,0.000754159,1014.43
696518,-4.84457,3.64419,-1.42516,55.44,-9.8,-323.26,-56.9493,-0.013977,-1.55873,1014.42
696524,-4.75371,4.68675,-1.4395,54.46,-9.73,-336.63,-55.2878,-0.766389,0.0149313,1014.42
696530,-4.71066,5.7054,-1.36777,56.07,-11.97,-346.78,-55.7175,-2.7053,-0.197726,1014.41
696536,-4.88283,6.60928,-1.5208,51.31,-10.92,-354.76,-55.3737,-4.84677,-1.06253,1014.41
696542,-4.79197,7.05882,-1.30081,50.54,-10.85,-360.92,-55.2878,-6.52523,-0.183549,1014.38
696548,-4.33285,6.93926,-1.20038,53.55,-7.28,-368.97,-54.3424,-7.82748,1.21999,1014.38
696554,-4.54328,7.42229,-1.17647,53.13,-7.91,-374.71,-53.7408,-10.3741,0.978977,1014.38
696560,-3.93113,7.82879,-0.989957,57.4,-2.8,-381.22,-53.2825,-12.2841,1.53189,1014.38
696566,-3.95504,8.5605,-1.15734,62.37,0.98,-387.73,-51.5064,-14.1362,1.67366,1014.38
696572,-3.44811,10.1722,-1.45385,63.56,7.14,-388.22,-51.2199,-15.7567,2.07062,1014.38
696578,-2.7164,10.9708,-1.53993,66.22,16.66,-388.92,-50.3033,-19.403,0.525308,1014.38
696584,-2.47728,12.0995,-1.4682,68.74,26.39,-386.26,-48.4985,-19.9239,1.02151,1014.35
696590,-1.65471,14.0985,-1.5208,68.25,35.91,-379.4,-47.324,-21.5156,1.91467,1014.35
696596,-0.894309,14.9259,-0.951698,70.63,49.7,-369.25,-47.2667,-24.5831,1.41847,1014.35
696602,-0.25825,16.6667,-0.277379,71.54,59.43,-355.04,-45.4906,-25.6249,0.496954,1014.35
696608,0.0765184,17.8336,0.401722,69.09,66.57,-338.1,-43.8291,-25.9143,1.75872,1014.37
696614,0.875179,18.6083,1.86992,72.1,74.06,-321.37,-42.5687,-27.8821,0.326829,1014.37
696620,0.5978,19.4165,2.41033,74.06,76.93,-304.29,-41.652,-30.4866,0.978977,1014.43
696626,0.306074,20.2296,2.86466,74.13,76.86,-290.57,-40.3056,-30.1394,1.56024,1014.43
696632,-0.071736,21.3152,3.47202,73.43,76.23,-280.91,-39.5894,-30.7471,1.60277,1014.36
696638,-0.23912,21.5638,4.13199,71.89,70.63,-279.65,-37.6987,-33.7567,1.53189,1014.36
696644,1.32951,21.2817,5.01674,81.69,66.85,-289.94,-36.5242,-33.3227,1.21999,1014.36
696650,1.81731,22.6255,3.65854,46.41,63.42,-310.1,-35.3784,-34.4513,1.73037,1014.41
696656,1.49689,22.329,3.73984,50.75,52.5,-327.18,-33.1439,-36.4481,1.9572,1014.41
696662,4.39024,22.2142,4.16547,61.04,53.97,-350.42,-32.1986,-37.2584,2.66606,1014.45
696668,2.84075,23.209,3.59158,42.84,45.01,-369.32,-31.1673,-37.4609,2.21239,1014.45
696674,4.21808,21.0617,4.31372,47.18,41.93,-375.83,-29.2766,-39.8629,2.87871,1014.41
696680,2.90292,22.6877,4.54328,60.76,26.32,-391.65,-26.4693,-40.0654,1.88631,1014.41
696686,3.04639,22.0564,4.13199,62.51,11.76,-390.53,-25.0656,-41.1072,2.55264,1014.43
696692,4.06026,22.0086,3.81157,68.04,-3.71,-380.59,-23.576,-41.686,2.51011,1014.43
696698,5.59063,20.0861,5.28455,83.79,-8.82,-377.23,-21.3129,-44.1169,3.45998,1014.43
696704,7.45098,19.0005,8.22095,106.61,-26.6,-356.65,-19.279,-43.4513,3.30403,1014.43
696710,11.1239,21.5782,7.49402,111.58,-24.08,-332.5,-17.2164,-44.3773,3.54504,1014.44
696716,12.9747,24.4333,7.934,111.72,-25.9,-321.3,-15.6122,-45.7374,5.13288,1014.44
696722,13.7542,27.8431,6.11669,84.84,-35.14,-297.01,-14.1512,-45.9111,6.36629,1014.44
696728,16.3032,30.5739,1.93687,35.77,-38.92,-273.21,-12.7762,-44.6667,6.06857,1014.39
696734,21.1095,30.0048,0.612147,-4.97,-43.68,-254.38,-11.4298,-46.5188,5.47313,1014.39
696740,24.6724,27.5658,-0.999522,-40.74,-45.85,-221.62,-9.62508,-46.6056,5.28883,1014.44
696746,30.66,20.3826,-1.58297,-54.95,-34.51,-185.29,-8.62245,-45.3612,6.28123,1014.44
696752,31.9417,14.5289,0.674318,-41.93,-39.48,-144.62,-7.99223,-46.6056,5.85591,1014.47
696758,39.6461,4.71066,4.97848,11.62,-13.93,-101.15,-6.21614,-47.1265,5.87009,1014.47
696764,39.6222,2.45815,6.45624,64.96,-4.06,-59.64,-6.64584,-45.5928,6.15363,1014.44
696770,37.7427,3.1803,7.10665,109.83,-7.7,-22.82,-6.78907,-45.969,5.78503,1014.44
696776,35.801,7.55141,7.66619,140.7,-0.49,12.67,-6.15885,-47.0686,6.56477,1014.43
696782,31.3678,12.6064,7.011,142.1,-9.66,48.02,-5.44268,-46.9239,6.6073,1014.43
696788,27.0636,19.7561,4.87327,121.38,-8.68,78.19,-7.56253,-45.8243,8.53539,1014.42
696794,-2.44859,72.5155,8.10617,415.94,314.23,294,-7.21877,-46.432,10.3075,1014.42
696800,-26.1071,107.284,-54.3807,-410.13,-199.92,259.14,-8.79433,-46.3741,7.50046,1014.38
696806,-0.707795,-25.0646,4.48111,-201.53,204.89,292.11,-10.6564,-45.5638,6.50806,1014.38
696812,-58.2544,-15.9828,25.4232,-53.69,-177.66,376.6,-13.0913,-45.2455,6.28123,1014.38
696818,-6.72884,10.2104,12.9507,73.71,-222.39,326.34,-14.2945,-45.5638,5.51566,1014.38
696824,9.01004,13.7111,-7.08752,-5.74,-55.3,346.36,-16.1852,-43.8275,6.62148,1014.38
696830,-2.3912,3.49593,16.1741,61.53,-82.18,335.3,-18.4196,-42.9593,6.59313,1014.43
696836,4.91631,8.35007,9.09134,99.12,-134.47,307.65,-19.6227,-43.4223,6.59313,1014.43
696842,12.176,21.0043,-5.8154,31.22,-76.79,309.82,-21.0264,-43.0751,6.19617,1014.44
696848,9.70349,21.7791,-5.47107,-74.48,-12.67,306.18,-22.5161,-40.76,8.19514,1014.44
696854,6.28407,20.3204,0.344333,-73.08,-43.82,262.01,-23.8051,-41.2809,6.22452,1014.43
696860,5.49976,13.4959,-0.47824,-101.08,-12.18,240.24,-25.4094,-41.5413,6.59313,1014.43
696866,1.4395,8.35485,6.25538,-54.46,-10.64,226.66,-27.386,-40.0365,6.36629,1014.38
696872,1.24821,9.11047,2.9077,-39.55,-16.31,218.96,-27.5579,-39.3998,6.33794,1014.38
696878,14.6437,18.1588,12.7594,-32.2,-149.24,120.89,-28.4459,-39.4288,6.19617,1014.42
696884,12.6351,12.5442,-11.0952,-18.62,-73.71,73.99,-28.5318,-38.387,7.40122,1014.42
696890,7.43185,14.0363,-4.34242,-62.16,-14.14,44.94,-29.4772,-38.2712,7.18856,1014.42
696896,-3.51506,10.9421,0.999522,-77,-26.95,56.28,-29.248,-38.8789,6.2387,1014.43
696902,-2.27164,4.3472,5.74366,-26.53,-41.72,53.97,-29.6777,-38.387,5.99768,1014.43
696908,0.81779,9.52176,1.23386,-20.51,-43.54,46.69,-29.9355,-37.6346,7.34451,1014.45
696914,3.01291,9.01004,0.808226,-26.18,-23.03,38.36,-29.9928,-38.7342,6.38047,1014.45
696920,3.36681,5.83931,4.31372,0.07,-14.35,25.76,-30.1933,-38.4738,5.45895,1014.39
696926,0.746054,10.3874,0.679101,-4.76,-16.73,16.87,-29.9069,-37.2584,6.2954,1014.39
696932,0.607365,10.2774,0.0908656,-7.98,-10.64,17.01,-30.0501,-37.6056,6.50806,1014.38
696938,0.344333,9.51698,0.679101,-5.32,-10.5,11.41,-30.2793,-38.0108,5.38807,1014.38
696944,0.923003,9.04352,1.16691,-1.82,-5.74,10.01,-30.4798,-37.3162,6.50806,1014.39
696950,0.186514,10.4161,0.0526064,-7.28,-10.01,7.21,-30.709,-36.2744,6.28123,1014.39
696956,0.564323,9.63654,1.17647,-3.71,-1.26,6.65,-31.11,-38.4159,6.16781,1014.42
696962,-0.927786,10.0765,1.53515,-0.49,-4.69,8.12,-29.8209,-37.8371,6.30958,1014.42
696968,-1.01865,10.6648,0.846485,-1.61,-4.76,9.8,-30.2506,-36.7374,6.7916,1014.42
696974,-0.913438,10.3013,0.841702,-2.45,-6.16,12.81,-30.222,-37.8661,6.38047,1014.39
696980,-0.0573888,9.99043,0.712578,-5.74,-2.31,12.39,-30.5085,-37.6056,6.2954,1014.39
696986,-0.530846,9.79436,1.31994,-4.69,-1.89,14,-31.6543,-37.0558,6.2954,1014.4
696992,-0.248685,9.87087,1.15256,-0.07,-1.05,13.58,-31.196,-37.895,6.39465,1014.4
696998,-0.210426,10.22,0.655189,-3.78,-0.14,13.44,-30.9382,-38.3001,6.28123,1014.42
697004,0.0621712,10.0335,0.645624,-4.34,2.03,14,-30.8522,-36.8821,6.70654,1014.42
697010,0.0860832,10.0239,0.703013,-4.9,1.75,12.53,-31.4824,-36.7953,6.1111,1014.41
697016,0.0430416,9.79436,0.899091,-5.39,2.17,10.15,-31.3392,-37.895,6.35211,1014.41
697022,0.234338,9.41176,1.0856,-5.74,1.75,10.15,-30.8522,-36.6796,6.45135,1014.44
697028,0.406504,9.01004,1.40124,-1.68,2.45,6.79,-31.5684,-36.8243,6.2387,1014.44
697034,0.473458,9.23003,1.07604,-1.33,3.15,5.25,-30.8809,-37.9818,5.68579,1014.42
697040,0.626494,9.70827,0.779531,-4.34,7.56,3.01,-31.4538,-38.2133,6.83414,1014.42
697046,-0.416069,9.59828,0.918221,-0.56,3.71,1.54,-31.2246,-36.9111,7.16021,1014.44
697052,0.0908656,9.78001,0.69823,-2.03,5.46,2.1,-31.8835,-37.6635,5.48731,1014.44
697058,-0.11956,9.70827,0.674318,-2.1,4.62,1.75,-31.6543,-38.1844,6.02604,1014.44
697064,-0.35868,10.0335,0.444763,-3.36,2.1,1.26,-30.9954,-36.9111,4.76427,1014.46
697070,-0.320421,10.11,0.435198,-6.3,1.68,3.15,-31.4824,-36.5928,6.81996,1014.46
697076,-0.607365,10.1626,0.473458,-8.12,-1.05,2.66,-31.683,-38.4448,5.38807,1014.48
697082,-0.61693,10.3252,0.310856,-9.87,-3.08,4.2,-31.1673,-37.5767,5.62908,1014.48
697088,-0.463893,10.33,0.23912,-12.39,-2.94,5.53,-31.4538,-37.3452,7.00426,1014.43
697094,-0.363462,10.3348,0.296509,-15.68,-3.5,5.32,-31.597,-37.8371,6.84831,1014.43
697100,-0.176949,9.79436,0.846485,-16.1,-4.2,6.16,-31.1673,-38.0686,5.75667,1014.43
697106,0.0095648,9.62697,1.01387,-14.07,-3.29,7,-32.0267,-36.0719,5.62908,1014.43
697112,-0.349115,10.067,0.81779,-16.87,-3.29,5.81,-32.2272,-37.2873,5.98351,1014.46
697118,-0.253467,9.77523,1.15256,-17.08,-4.2,6.79,-31.4538,-38.2712,4.77845,1014.46
697124,-0.406504,9.82305,1.13821,-14.63,-4.83,7.84,-31.196,-36.9979,5.60072,1014.44
697130,0.387374,9.10569,1.42037,-12.39,-0.77,7.42,-32.2845,-37.1137,5.71414,1014.44
697136,-0.248685,9.94261,0.827355,-13.09,-0.84,8.47,-31.3679,-38.1844,4.97693,1014.44
697142,-0.483022,10,0.93735,-14,-3.08,9.87,-32.0554,-37.1715,6.06857,1014.42
697148,0.023912,9.8374,0.894309,-13.23,-1.61,9.73,-32.2272,-35.8403,6.06857,1014.42
697154,-0.176949,10.4208,0.583453,-16.87,-0.77,11.62,-32.3418,-37.8082,4.96275,1014.43
697160,-0.0860832,10.3109,0.908656,-17.78,1.89,13.37,-32.1413,-38.2712,4.45238,1014.43
697166,-0.439981,10.5308,0.655189,-17.5,2.03,14.28,-32.3991,-37.3162,5.06199,1014.45
697172,-0.0095648,10.5978,0.353898,-21.42,4.41,15.54,-32.5424,-36.969,4.84934,1014.45
697178,-0.153037,9.79914,1.17169,-22.96,5.04,16.1,-32.1127,-38.5027,4.82098,1014.46
697184,-0.392157,9.90913,1.18604,-20.86,4.41,17.08,-32.1986,-37.6056,4.97693,1014.46
697190,-0.0860832,10.5835,0.286944,-25.69,3.78,17.5,-32.7715,-36.9979,5.85591,1014.45
697196,0.349115,9.6461,1.21473,-24.15,8.33,19.04,-32.5137,-38.1265,3.4458,1014.45
697202,-0.425634,9.62219,1.65471,-22.54,4.27,18.97,-33.0294,-37.3452,4.45238,1014.45
697208,-0.430416,10.6217,1.34385,-23.24,4.9,20.3,-32.4564,-36.8532,5.17541,1014.45
697214,-0.0334768,10.7939,1.17169,-25.2,9.8,21.56,-33.1153,-37.1426,4.06959,1014.45
697220,-0.463893,11.2912,0.621712,-31.29,7,25.41,-33.0866,-37.8371,4.09795,1014.45
697226,-0.918221,11.7169,0.593018,-35,9.52,28.21,-33.0007,-36.4191,3.58757,1014.45
697232,-0.516499,10.4735,1.16212,-36.61,7,29.05,-32.8002,-36.3902,3.07719,1014.46
697238,0.0334768,10.1769,1.31038,-37.45,9.24,31.01,-33.5163,-37.8371,3.85694,1014.46
697244,-0.35868,10.2343,1.45385,-35.98,8.75,31.5,-34.0893,-36.0429,3.34656,1014.44
697250,-0.35868,10.7174,1.15734,-37.38,11.69,33.74,-33.8888,-35.551,3.03466,1014.44
697256,-0.526064,11.0473,1.37733,-41.86,6.65,33.95,-33.8028,-37.6056,1.84378,1014.42
697262,0.707795,10.33,1.31516,-42.91,13.79,34.44,-34.0893,-35.9272,2.92125,1014.42
697268,0.483022,10.1291,1.1143,-41.51,15.19,33.81,-33.6023,-35.6088,2.7653,1014.45
697274,-0.229555,11.8508,1.01865,-51.52,15.75,37.66,-34.2612,-36.5928,1.7729,1014.45
697280,0,10.6313,0.83692,-44.03,15.89,42.7,-34.433,-36.5638,1.00733,1014.48
697286,-4.57197,13.4338,7.35055,-24.57,3.43,61.46,-34.8914,-35.4931,1.6453,1014.48
697292,-4.6198,12.9699,5.95409,1.05,-13.23,74.48,-34.8054,-35.2037,1.88631,1014.46
697298,-0.349115,13.6059,-0.396939,-13.02,-8.19,82.46,-35.0919,-35.6667,1.20581,1014.46
697304,-1.16691,12.4295,2.43424,-11.69,-1.12,89.11,-35.8081,-34.7985,1.97138,1014.46
697310,-2.31468,12.1138,4.25155,-2.03,-4.97,96.11,-35.8654,-34.0172,1.54606,1014.44
697316,-2.08034,13.1851,3.55811,-0.91,-7.63,105.63,-36.2951,-34.8275,1.21999,1014.44
697322,-2.09947,12.8981,3.4768,2.31,-10.22,115.29,-36.6961,-34.1329,1.10657,1014.47
697328,-1.80775,12.5873,4.20851,7.77,-12.74,121.87,-36.8393,-32.5413,0.86556,1014.47
697334,-1.75036,11.4921,4.83501,16.38,-14.28,131.04,-38.1571,-33.178,1.43265,1014.41
697340,-1.50646,11.626,4.72023,23.45,-16.59,137.69,-38.7014,-32.8886,0.624548,1014.41
697346,-1.89861,12.1329,4.71545,29.26,-22.19,143.5,-38.5581,-31.2969,3.21897,1014.46
697352,-1.0043,12.2429,3.48159,35.98,-19.18,151.41,-39.0165,-31.0075,2.15568,1014.46
697358,-0.0669536,12.1664,1.56384,41.58,-15.54,159.46,-40.4775,-31.8757,2.04226,1014.45
697364,-0.444763,14.4428,1.4395,42.91,-13.09,167.16,-41.0218,-29.7053,2.25492,1014.45
697370,-1.58297,15.3419,1.1143,44.31,-5.74,181.09,-41.3369,-28.1426,2.1415,1014.39
697376,-2.1999,15.8154,1.63558,43.47,-6.51,193.27,-42.626,-28.9529,2.43922,1014.39
697382,-3.0703,17.7475,1.38211,38.5,-10.29,207.48,-43.5427,-27.8243,2.25492,1014.39
697388,-2.5538,19.0674,0.521282,34.65,-5.6,225.19,-43.9437,-26.1458,3.19061,1014.49
697394,-3.41942,19.6987,-0.994739,24.85,-3.36,245.21,-45.1755,-25.6249,3.55922,1014.49
697400,-2.93639,20.0335,-1.74558,17.15,-4.2,262.71,-46.0063,-25.1908,2.39669,1014.49
697406,-2.45815,21.2099,-4.022,9.24,12.18,285.25,-46.9802,-23.3966,3.95618,1014.49
697412,-4.43807,22.0564,-2.34338,0.63,9.17,307.72,-47.811,-21.3998,3.81441,1014.4
697418,-5.41846,24.792,-2.53467,-14.7,12.46,333.27,-48.6417,-21.9207,3.53086,1014.4
697424,-5.87757,25.6624,-0.215208,-24.15,15.05,359.31,-49.3866,-18.8532,3.4458,1014.42
697430,-8.0966,24.0794,1.23864,-25.06,11.69,391.37,-50.0454,-16.3355,4.09795,1014.42
697436,-8.21138,22.2908,2.84075,-18.76,5.53,416.08,-51.8502,-15.9014,3.4458,1014.44
697442,-7.13534,24.9402,1.91774,-21.28,-0.63,440.79,-53.3111,-13.7021,3.11973,1014.44
697448,-6.70014,27.7092,1.15734,-36.54,1.82,467.04,-53.3398,-10.5477,3.91365,1014.43
697454,-6.19799,27.0588,2.15208,-45.29,-7.07,495.95,-55.0872,-8.60883,3.1339,1014.43
697460,-5.4615,25.2559,0.57867,-55.44,2.31,505.26,-55.8607,-6.58311,2.04226,1014.44
697466,0.483022,17.1306,5.98757,-13.37,-18.62,498.12,-56.3477,-3.0815,3.04884,1014.44
697472,-0.602582,24.3376,1.06648,-8.4,12.18,514.29,-57.1498,0.420107,3.36074,1014.44
697478,-4.57676,16.2984,1.86992,-8.89,22.89,518.42,-57.6368,2.01175,2.89289,1014.42
697484,-1.45863,11.2721,6.3319,48.65,4.13,502.32,-56.9206,5.02139,3.23314,1014.42
697490,0.148254,21.9751,1.97513,58.45,11.06,495.81,-57.4649,8.78345,3.57339,1014.43
697496,-2.48685,29.2922,-3.43855,27.79,35.77,501.06,-58.3243,10.9828,1.75872,1014.43
697502,-1.77427,23.9885,-1.80296,40.6,31.78,493.29,-58.2097,13.0375,1.88631,1014.43
697508,-3.77331,17.8527,-7.24055,41.16,68.39,469.84,-57.293,15.4683,3.02049,1014.43
697514,-5.42802,11.0713,-12.176,3.99,87.08,403.27,-57.3217,18.015,2.29745,1014.4
697520,-8.26877,3.32377,-8.49833,-16.94,117.53,330.96,-56.7774,18.9989,0.553663,1014.4
697526,-17.1401,-2.05643,-11.3725,-66.43,106.19,313.18,-55.0872,21.8928,0.440246,1014.41
697532,-3.42898,-15.4806,5.86322,-0.77,22.4,186.34,-55.4883,23.224,0.9648,1014.41
697538,14.8015,-1.74079,-2.8264,8.75,66.29,33.53,-56.3477,23.6002,-0.141017,1014.43
697544,4.03156,3.48159,-2.85031,-0.07,77.49,-49.35,-54.7148,23.7159,0.752143,1014.43
697550,-4.3472,0.325203,2.78814,23.03,53.06,-143.36,-54.7148,22.6452,0.27012,1014.43
697556,-6.91535,3.02726,0.0860832,23.31,34.3,-208.74,-56.5769,22.269,-1.7005,1014.43
697562,-9.67001,7.79053,-2.93639,-8.54,16.31,-235.13,-56.5769,20.1564,-2.31012,1014.43
697568,-9.79436,8.84744,-2.34338,-23.03,9.38,-256.55,-56.0612,19.8381,-0.750634,1014.44
697574,-9.78957,9.04352,-2.19512,-31.15,2.1,-261.94,-57.293,17.2915,-0.864051,1014.44
697580,-9.3735,7.95313,-1.42037,-39.48,-1.89,-254.73,-57.3503,15.9024,-0.750634,1014.38
697586,-8.82353,6.3032,-1.40124,-34.86,-4.27,-251.93,-56.6055,15.9314,0.213411,1014.38
697592,-8.17312,4.64849,-1.82688,-29.05,-5.6,-244.86,-57.6654,13.732,-0.367851,1014.4
697598,-6.72884,1.80296,-1.76471,-21.49,-3.22,-240.1,-58.4389,12.777,-0.665572,1014.4
697604,-6.13582,0.846485,-2.01339,-6.72,-1.54,-240.03,-57.8659,11.0407,-1.23266,1014.4
697610,-4.77762,-0.224773,-1.88427,9.24,4.76,-239.61,-57.0925,10.0857,-0.977469,1014.4
697616,-4.06026,-0.636059,-1.51602,25.97,9.31,-246.05,-58.0092,9.82525,-1.99822,1014.4
697622,-3.80679,0.0430416,-1.85079,40.53,11.48,-255.5,-58.1524,7.85741,-1.13342,1014.4
697628,-3.46724,0.191296,-1.68819,52.15,16.1,-268.17,-56.6055,6.55515,-0.778989,1014.4
697634,-3.7781,0.602582,-1.53515,60.83,15.61,-285.25,-57.6941,4.90564,-1.5162,1014.43
697640,-4.62936,2.05165,-1.56384,65.38,13.79,-303.24,-58.1524,2.47477,-2.73543,1014.43
697646,-4.69153,3.05117,-1.44907,66.5,12.6,-319.34,-56.5196,2.33007,-0.679749,1014.44
697652,-5.2176,4.04591,-1.22908,66.64,8.54,-336.63,-56.9493,-0.534877,-1.11924,1014.44
697658,-5.33238,4.42372,-1.12865,66.43,3.71,-351.33,-56.6628,-2.79211,-1.78557,1014.42
697664,-5.76757,5.45194,-1.03778,71.68,2.03,-364.98,-56.0612,-3.77603,-0.268611,1014.42
697670,-6.42276,6.4132,-1.20995,63.35,-3.22,-370.02,-55.0872,-6.3516,0.17088,1014.39
697676,-6.06887,6.99187,-1.18604,67.27,-5.39,-376.32,-55.0013,-7.85642,-1.96987,1014.39
697682,-5.8967,7.00622,-0.899091,73.08,-8.47,-381.29,-54.6862,-10.1715,0.440246,1014.39
697688,-5.76279,7.58967,-0.903874,74.41,-9.03,-377.93,-52.9674,-11.2712,-0.0134229,1014.39
697694,-5.24629,8.79483,-0.942133,81.97,-8.96,-378.07,-52.5377,-14.5702,-0.963291,1014.39
697700,-4.79197,9.9187,-1.33907,86.38,-6.65,-377.51,-51.4205,-16.2487,-0.793166,1014.39
697706,-3.92157,10.9182,-1.2769,85.54,-3.01,-372.12,-49.8449,-16.6538,0.0432857,1014.37
697712,-3.28551,12.6781,-1.43472,85.82,1.4,-370.79,-49.5011,-19.2873,0.4686,1014.37
697718,-2.21903,13.4912,-1.53993,84.14,10.29,-369.18,-48.5272,-22.4995,0.4686,1014.37
697724,-1.41559,14.5863,-1.35342,81.34,18.2,-363.79,-47.0948,-23.3966,1.57442,1014.38
697730,-1.12386,15.2032,-0.85605,80.64,25.76,-359.59,-45.4047,-24.178,1.97138,1014.38
697736,-0.913438,16.0689,-0.329986,80.5,32.34,-351.19,-44.6312,-26.9561,1.88631,1014.38
697742,-0.35868,16.9249,0.277379,82.25,37.94,-341.18,-43.4567,-28.4609,1.65948,1014.38
697748,-0.263032,17.7857,0.693448,85.05,43.05,-329.84,-42.139,-28.3162,1.63113,1014.42
697754,0.21999,18.9527,1.33907,88.55,46.06,-316.75,-41.0504,-30.9786,2.07062,1014.42
697760,0.406504,19.7848,1.49689,91.07,49.42,-306.32,-39.6467,-32.3098,1.43265,1014.36
697766,0.487805,20.8369,2.14252,93.66,49.21,-298.62,-38.7587,-32.4834,2.31163,1014.36
697772,1.20516,21.143,2.68293,97.58,50.68,-299.6,-37.4123,-33.4095,2.7653,1014.39
697778,1.75992,21.1573,3.38594,102.76,51.03,-308.49,-36.2664,-35.8403,2.9496,1014.39
697784,2.23816,22.396,3.44811,116.41,46.69,-324.66,-34.2039,-36.3323,3.64428,1014.42
697790,2.88857,24.1368,3.1516,106.19,43.26,-347.34,-32.9434,-36.7374,3.16226,1014.42
697796,1.91774,25.6958,3.97896,87.36,36.75,-353.78,-31.0241,-39.1394,3.70099,1014.42
697802,2.47728,25.8823,3.59636,91.56,22.19,-375.62,-29.1621,-39.8918,2.46758,1014.42
697808,1.96557,25.9206,5.43281,82.25,13.51,-391.09,-27.9303,-39.0236,4.89187,1014.42
697814,2.96509,26.0067,4.00287,65.52,-4.62,-389.48,-25.5526,-41.6571,4.32478,1014.46
697820,4.5911,24.2181,4.65328,74.9,-13.23,-393.68,-22.8885,-42.7567,5.23212,1014.46
697826,6.36059,20.7078,7.53228,89.39,-19.81,-387.31,-21.4561,-41.686,5.67161,1014.44
697832,7.03013,20.7939,8.62267,104.65,-39.2,-369.88,-19.8806,-42.9014,6.59313,1014.44
697838,13.3859,25.165,6.56624,112.49,-27.79,-354.69,-17.417,-44.4063,5.60072,1014.43
697844,13.6107,28.6705,4.9737,96.67,-35.35,-336.63,-16.0992,-44.6667,6.64983,1014.43
697850,16.2028,31.2386,3.00813,62.93,-36.4,-312.83,-14.0653,-44.9272,8.2235,1014.47
697856,20.5117,32.3625,-1.0043,14.63,-38.01,-288.75,-12.8049,-46.7214,7.35869,1014.47
697862,23.9646,29.7944,-2.27164,-26.32,-34.58,-257.18,-10.6277,-45.9111,8.36527,1014.43
697868,29.7274,23.056,-2.09947,-45.5,-25.06,-221.55,-9.62508,-46.0268,7.92578,1014.43
697874,33.1229,17.1879,-0.229555,-41.16,-24.78,-172.76,-8.45057,-46.1137,7.11768,1014.43
697880,39.6509,11.7982,4.51459,-3.99,-2.1,-117.81,-7.44794,-46.6924,7.2311,1014.43
697886,41.5017,5.35629,6.91535,38.92,16.17,-70.07,-6.81772,-45.5059,8.28021,1014.43
697892,39.7226,5.01196,7.91009,87.57,7.49,-19.32,-6.35937,-46.2873,8.15261,1014.43
697898,39.0674,8.15877,8.29268,118.44,18.9,28.35,-5.78644,-46.6924,7.85489,1014.43
697904,34.5098,12.1999,7.15447,122.01,13.86,64.68,-6.96095,-45.5349,7.95413,1014.43
697910,29.7322,17.4558,5.71019,106.33,13.58,97.02,-7.4193,-45.7953,9.79716,1014.43
697916,-33.1468,140.789,26.4419,-31.08,-59.78,395.36,-8.13546,-46.7503,9.52779,1014.39
697922,33.3668,51.1573,-33.5868,-386.4,-136.71,277.55,-9.36726,-46.1137,8.02502,1014.39
697928,2.62554,-19.3209,-7.12099,-208.11,204.33,267.96,-11.9741,-44.7825,7.54299,1014.39
697934,-57.6423,1.29125,7.29316,-165.9,-143.71,327.88,-12.9194,-45.4191,5.40225,1014.39
697940,-6.98709,-0.0621712,20.0717,0,-271.32,315.84,-14.2372,-44.8114,5.69997,1014.41
697946,0.994739,14.5768,-6.60928,-102.62,-72.59,333.9,-16.9013,-43.3645,6.46553,1014.41
697952,-9.29699,2.62076,15.3754,3.78,-162.75,325.22,-18.9925,-43.104,6.63566,1014.37
697958,3.51985,7.4462,7.84792,31.71,-190.82,298.55,-19.766,-43.3934,5.00529,1014.37
697964,10.2343,9.43089,5.27977,16.38,-120.96,297.57,-20.9405,-42.5542,6.15363,1014.37
697970,10.4161,19.8565,0.813008,-19.53,-84,296.24,-23.0603,-41.5702,6.15363,1014.42
697976,11.6786,19.8757,-2.99378,-51.45,-39.13,285.39,-23.576,-41.7728,6.26705,1014.42
697982,7.80966,20.8895,-8.48398,-83.02,-29.4,252.63,-25.9823,-40.8757,4.2539,1014.41
697988,4.69632,14.8063,-0.564323,-96.88,18.83,247.31,-27.1568,-39.2841,5.58655,1014.41
697994,2.07078,7.97226,3.29029,-67.76,9.8,235.97,-28.0735,-40.5863,4.39567,1014.39
698000,27.384,1.23386,8.46485,-34.93,-81.27,71.82,-28.5032,-40.0944,4.97693,1014.39
698006,16.0019,6.68101,-2.53945,-8.75,-2.73,63.35,-29.9069,-38.6185,6.46553,1014.38
698012,-0.73649,15.0167,-2.63032,-47.18,-41.86,56.14,-29.5058,-39.0526,4.45238,1014.38
698018,0.0908656,11.583,-0.129125,-64.75,-24.29,59.78,-29.3626,-39.2841,3.942,1014.38
698024,0.373027,6.77188,5.91105,-24.08,-30.03,48.79,-29.4772,-38.0108,5.84174,1014.38
698030,2.63988,7.67097,2.31946,-11.83,-11.55,45.01,-30.0501,-36.969,4.76427,1014.42
698036,1.89383,7.86705,1.62602,-11.62,-2.87,37.59,-30.5944,-38.2712,4.46655,1014.42
698042,2.33859,7.05404,2.12817,4.48,-12.81,25.97,-30.5657,-37.7503,5.26047,1014.42
698048,2.95074,9.20134,1.92731,1.61,-6.44,17.5,-30.8522,-37.1137,4.72174,1014.44
698054,0.45911,9.38307,1.66906,-0.77,6.09,15.12,-30.6517,-38.1844,3.84276,1014.44
698060,-0.669536,9.4835,1.05691,12.18,-12.39,10.01,-31.11,-38.7053,3.85694,1014.46
698066,1.50167,11.736,-0.655189,-4.83,4.55,9.59,-31.3106,-37.1426,4.96275,1014.46
698072,0.21999,9.59828,1.1143,-0.35,-0.98,8.68,-30.8236,-37.6346,4.67921,1014.41
698078,0.741272,9.43568,1.36298,-2.24,-1.26,3.78,-30.9382,-38.2712,4.19719,1014.41
698084,0.21999,9.85653,1.93687,2.17,6.02,4.2,-31.7976,-37.4899,4.86351,1014.39
698090,-1.47298,10.44,1.4682,2.24,2.31,7.49,-30.8522,-37.5767,4.79263,1014.39
698096,-1.13821,11.143,0.631277,-2.17,-1.61,10.71,-30.8522,-38.0397,4.19719,1014.4
698102,0.0334768,10.0909,1.12386,-1.19,4.69,12.11,-30.1647,-38.0686,4.32478,1014.4
698108,-0.645624,10.1769,1.12386,-3.92,1.68,13.09,-31.4824,-36.9111,4.87769,1014.43
698114,-0.320421,9.82783,1.36298,0.49,0,11.55,-31.0527,-38.3001,4.72174,1014.43
698120,-0.406504,10.5835,0.784314,-2.59,-0.7,13.93,-30.7376,-37.895,3.91365,1014.41
698126,0,10.5643,0.47824,-5.81,1.33,13.37,-31.0814,-37.2005,3.85694,1014.41
698132,0.13869,10.2248,0.722142,-9.03,1.61,11.76,-30.8236,-36.9979,4.29643,1014.41
698138,0.167384,9.61741,1.44428,-7.98,1.61,12.25,-31.0814,-38.5606,3.74352,1014.47
698144,0.301291,9.49306,1.16212,-5.95,2.73,10.78,-31.683,-37.7503,4.55162,1014.47
698150,0.272597,9.2922,1.53993,-3.78,2.45,9.59,-31.7976,-36.8821,3.95618,1014.44
698156,0.301291,9.17743,1.32951,-1.47,0.77,8.4,-31.6543,-38.3291,4.2539,1014.44
698162,0.463893,9.45959,1.07604,-0.91,2.94,6.16,-31.5397,-37.403,4.38149,1014.45
698168,0.272597,9.65088,1.05213,-1.47,3.92,3.99,-30.6517,-36.7374,4.82098,1014.45
698174,0.47824,9.44524,1.28647,1.05,5.11,2.8,-30.9954,-37.7214,3.97035,1014.43
698180,-0.430416,9.94739,0.851267,-0.84,2.03,2.31,-31.6543,-38.358,3.92782,1014.43
698186,-0.0382592,9.91392,0.602582,-0.42,2.24,2.59,-31.4538,-37.0268,3.80023,1014.44
698192,-0.621712,10.4161,0.449546,-4.83,-0.84,3.29,-31.1387,-37.1137,5.17541,1014.44
698198,-0.396939,10.4782,0.248685,-6.51,-2.31,4.06,-32.084,-38.2423,2.66606,1014.45
698204,-0.47824,10.4782,0.296509,-10.08,-5.04,3.85,-31.7403,-37.3741,4.57997,1014.45
698210,-0.310856,10.067,0.688666,-11.9,-5.95,5.18,-31.4251,-36.3902,3.7577,1014.45
698216,-0.349115,10.6648,0.0813008,-14.77,-7.98,6.09,-31.8548,-37.4899,3.14808,1014.42
698222,0.234338,10.3156,0.13869,-18.69,-4.76,6.3,-32.0554,-37.7503,4.1263,1014.42
698228,-0.291726,9.63175,1.3056,-18.2,-8.05,6.23,-31.4251,-36.4481,4.31061,1014.44
698234,-0.0813008,9.52176,1.35342,-15.54,-8.54,5.39,-32.5137,-37.7214,3.85694,1014.44
698240,0.191296,10,0.951698,-16.59,-6.3,6.44,-32.4851,-37.7503,2.59517,1014.44
698246,0.162602,10.1339,0.61693,-18.55,-3.15,7.42,-32.3991,-36.4481,3.89947,1014.44
698252,-0.157819,9.93783,1.01387,-20.58,-6.58,6.86,-32.17,-36.3612,4.09795,1014.43
698258,0.344333,9.65088,1.06169,-19.04,-4.41,6.79,-32.6569,-38.2133,3.04884,1014.43
698264,0.248685,9.74175,1.04735,-18.62,-4.06,7,-32.1413,-36.5349,3.54504,1014.42
698270,-0.0430416,9.90435,0.980392,-20.93,-5.11,6.79,-31.7403,-36.1587,3.34656,1014.42
698276,0.191296,9.65088,1.23864,-19.74,-1.47,7.49,-31.8835,-37.6924,3.07719,1014.46
698282,-0.047824,9.81827,1.24821,-20.3,-3.01,8.05,-31.683,-37.4899,3.41745,1014.46
698288,-0.0191296,10.2391,0.769966,-22.75,-3.08,8.26,-31.9121,-36.3323,3.53086,1014.46
698294,0.0526064,10.2152,0.851267,-22.89,0.14,9.94,-31.9121,-37.5477,2.49593,1014.49
698300,-0.430416,10.1769,1.10952,-23.59,0.28,11.9,-32.6569,-37.9239,2.77947,1014.49
698306,-0.11956,10.1052,1.08082,-24.01,0.21,12.88,-32.2559,-37.3452,2.35416,1014.45
698312,0.10043,9.93783,1.23386,-25.62,2.31,14.07,-32.8002,-37.0847,2.73694,1014.45
698318,-0.521282,10.1148,1.62123,-26.95,0.91,16.87,-32.7429,-37.432,1.99973,1014.43
698324,-0.731707,10.1483,1.45385,-24.5,1.54,16.52,-32.5997,-36.9979,2.6377,1014.43
698330,0.234338,10.2678,1.36298,-25.76,3.36,20.02,-33.9747,-36.3902,2.4534,1014.43
698336,-0.148254,10.4735,1.37733,-28.63,3.85,19.6,-33.7742,-36.5349,1.41847,1014.43
698342,0.215208,9.24916,2.36729,-24.29,4.97,19.95,-32.8861,-36.9979,2.42505,1014.45
698348,0.545194,9.16308,1.93687,-21.49,5.46,19.74,-32.5997,-35.9561,2.56682,1014.45
698354,-0.291726,10.4687,1.40603,-22.89,3.92,19.74,-33.2299,-36.3034,2.36834,1014.44
698360,0.0430416,10.5356,0.841702,-28.98,4.9,21.21,-33.0007,-36.8243,2.15568,1014.44
698366,-0.286944,9.96174,1.54472,-24.29,5.18,21.77,-33.1439,-35.5799,2.1415,1014.47
698372,-0.181731,10.2535,1.45385,-25.9,8.4,22.75,-32.7715,-36.3323,2.32581,1014.47
698378,-0.382592,10.1483,1.9034,-22.61,4.83,24.29,-33.1726,-36.5059,-0.197726,1014.47
698384,-1.84122,11.5065,3.05117,-18.69,0.84,31.36,-34.0033,-35.5799,1.17746,1014.43
698390,-1.95122,11.7504,4.17504,-7.91,-2.45,38.57,-33.8315,-35.9272,1.31923,1014.43
698396,-2.75466,13.2999,2.88857,-11.06,-8.96,49.07,-34.1752,-36.1587,0.86556,1014.44
698402,-0.511717,11.7504,1.13343,-12.46,-6.93,54.25,-33.8315,-36.477,0.298474,1014.44
698408,-1.01865,11.5208,2.81683,-7.42,-5.95,59.92,-34.2612,-34.2776,1.67366,1014.45
698414,-1.58776,11.8986,3.07508,-3.57,-8.12,68.39,-34.5476,-35.3194,1.39011,1014.45
698420,-1.9034,12.7738,2.48685,-3.43,-11.27,75.95,-34.9487,-35.4063,0.66708,1014.43
698426,-1.70732,13.0894,2.49163,0.49,-9.94,83.51,-35.407,-33.7278,2.21239,1014.43
698432,-1.8747,12.9842,2.83118,2.52,-10.78,93.87,-35.6935,-34.0751,1.40429,1014.45
698438,-1.56384,12.8647,2.69727,5.04,-13.58,102.06,-35.4357,-34.104,1.33341,1014.45
698444,-1.3056,12.7977,3.33333,6.58,-11.48,109.13,-35.8081,-32.9465,1.84378,1014.43
698450,-1.9034,12.1186,4.5911,11.76,-14.35,116.83,-36.8393,-32.194,1.21999,1014.43
698456,-1.9847,11.6547,5.05978,19.6,-20.93,123.83,-37.355,-33.8436,-0.0559544,1014.43
698462,-1.56863,11.846,4.73458,26.53,-23.38,130.55,-38.5009,-32.1072,2.29745,1014.46
698468,-1.48254,11.9943,4.2659,35.77,-25.13,138.6,-38.3003,-30.1973,2.66606,1014.46
698474,-0.932568,12.9555,2.96031,42.35,-22.26,147.98,-38.7587,-31.1812,1.60277,1014.46
698480,-1.29125,13.8737,1.95122,41.79,-22.61,156.8,-39.8759,-31.0075,1.92885,1014.46
698486,0.401722,13.3381,-0.095648,44.1,-14.28,166.95,-40.3915,-29.358,4.02706,1014.42
698492,-0.526064,15.2941,0.320421,42.42,-9.1,176.75,-41.566,-29.3001,3.11973,1014.42
698498,-1.1956,15.5141,1.09517,44.03,-4.34,188.86,-42.9697,-29.3291,2.55264,1014.46
698504,-3.23768,17.231,1.14299,40.39,-4.97,206.01,-43.0557,-27.4191,3.00631,1014.46
698510,-2.49163,17.9483,1.29125,41.58,-6.65,222.25,-42.8838,-25.7985,3.81441,1014.42
698516,-3.19943,20.1865,-0.506934,34.09,-2.52,240.8,-45.2614,-26.2326,3.34656,1014.42
698522,-3.29029,21.6547,-1.49689,25.13,-1.82,260.68,-44.9463,-24.6699,4.49491,1014.44
698528,-3.72071,24.3902,-3.3142,4.97,1.12,285.25,-46.2068,-22.4127,4.4382,1014.44
698534,-4.25634,24.4428,-2.72597,-5.32,12.81,310.87,-46.8084,-22.8178,3.34656,1014.44
698540,-5.90626,22.8216,-1.4682,-9.31,8.89,338.1,-48.1834,-22.0944,3.41745,1014.42
698546,-6.46581,25.1841,0.564323,-14.84,12.04,365.4,-48.8136,-18.5638,3.68681,1014.42
698552,-9.14873,25.6002,1.76471,-23.17,5.74,395.08,-49.673,-17.0879,3.85694,1014.44
698558,-7.35055,24.462,2.60641,-20.37,-7.98,423.85,-51.5923,-15.9883,2.85036,1014.44
698564,-5.70062,23.1564,2.15208,-16.52,-2.73,447.3,-52.0507,-13.0365,2.90707,1014.42
698570,-5.79149,25.7197,2.40076,-23.52,-9.87,471.66,-52.1366,-10.8661,3.53086,1014.42
698576,-7.23577,24.7298,1.3869,-38.22,-1.89,497.63,-54.1705,-8.98504,2.15568,1014.4
698582,-5.93496,20.3061,2.93639,-14.35,-13.93,506.73,-54.7721,-5.77282,2.69441,1014.4
698588,0.813008,17.7857,4.70588,35.98,-14.35,514.43,-55.4596,-1.40304,2.87871,1014.43
698594,-0.57867,24.3424,-2.09469,28.07,15.4,513.66,-56.6628,-0.013977,3.4458,1014.43
698600,-3.4768,23.1373,4.84935,23.1,15.4,507.57,-56.6055,1.37509,2.79365,1014.42
698606,-1.97991,24.8828,3.1803,30.66,26.32,504.98,-56.319,5.45548,3.40327,1014.42
698612,-5.89192,27.4079,0.224773,12.53,23.17,507.57,-57.293,8.6677,2.49593,1014.42
698618,-5.22238,27.5849,-1.0043,-3.15,28.98,505.12,-57.4076,11.0986,2.89289,1014.42
698624,-8.43137,23.845,-3.099,-4.06,17.92,492.38,-56.405,13.5294,2.80783,1014.42
698630,-4.80153,20.6934,-4.84935,2.73,43.61,481.04,-56.319,16.2208,4.16883,1014.42
698636,-9.76566,9.71305,-8.75657,-8.54,64.96,435.54,-57.5508,18.9699,3.02049,1014.42
698642,-8.64658,-0.373027,-9.85653,-24.01,74.9,369.67,-56.4909,20.822,0.851383,1014.43
698648,-13.1325,-8.42659,-13.3429,-62.93,96.95,318.01,-55.0872,22.9635,2.52429,1014.43
698654,5.82496,-26.8723,9.26351,39.27,53.97,146.93,-55.1732,23.3687,1.75872,1014.37
698660,12.1138,-4.88761,-2.0373,47.6,85.12,5.6,-55.918,23.5134,-0.0984858,1014.37
698666,2.10904,1.36298,-1.43472,53.48,95.13,-112.35,-54.5143,23.9474,0.582017,1014.43
698672,-7.22142,0.10043,0.803443,62.79,68.39,-200.83,-55.0586,23.2818,0.66708,1014.43
698678,-10.5452,4.94022,-0.45911,58.03,47.81,-252.77,-55.8034,21.0825,-0.849874,1014.42
698684,-12.6255,10.1817,-4.06504,22.96,27.79,-285.11,-56.405,21.3429,-0.679749,1014.42
698690,-12.9555,13.1229,-4.00287,-18.2,19.6,-286.51,-55.5742,18.9989,0.0574628,1014.39
698696,-12.8503,12.0277,-2.63988,-33.46,5.74,-280.21,-57.8373,17.06,-1.84227,1014.39
698702,-10.9134,9.69871,-0.97561,-43.26,-0.07,-268.66,-57.8373,15.6709,-1.09089,1014.39
698708,-9.70827,7.25968,-1.57341,-49.14,-4.48,-254.94,-56.1472,14.3397,-0.778989,1014.43
698714,-7.89574,3.87853,-1.57819,-38.99,-3.92,-250.11,-57.5222,12.9796,-2.15417,1014.43
698720,-6.04495,-0.162602,-1.75514,-26.46,0.28,-251.72,-57.8659,12.0825,-1.58709,1014.42
698726,-4.75849,-2.03252,-1.67384,-9.03,5.25,-258.58,-57.0639,10.7802,-0.339497,1014.42
698732,-3.84983,-2.79292,-1.30081,15.54,11.27,-270.41,-56.6914,9.42011,-1.78557,1014.41
698738,-3.60115,-1.82209,-1.60689,38.71,17.57,-284.76,-57.4363,6.9603,-1.84227,1014.41
698744,-3.43855,-0.93735,-1.6834,52.71,23.31,-298.13,-56.6341,6.2947,-1.16177,1014.4
698750,-3.6968,0.946915,-1.55906,66.5,27.72,-313.81,-56.3763,5.07927,-1.84227,1014.4
698756,-4.90196,2.91726,-1.74558,70.42,28.07,-324.1,-57.5795,2.04069,-2.22506,1014.4
698762,-5.58106,4.69632,-1.37255,72.31,28.49,-331.87,-55.7461,0.912069,-1.95569,1014.4
698768,-6.35103,6.08321,-1.0856,71.47,24.29,-340.55,-55.5742,-0.0718545,-1.19013,1014.43
698774,-6.17408,7.22621,-0.506934,68.81,22.33,-343.56,-55.6315,-2.61848,-1.27519,1014.43
698780,-6.40842,7.70445,-0.334768,68.39,14.91,-346.57,-55.6602,-5.02041,-2.26759,1014.43
698786,-6.19799,8.35007,-0.382592,61.11,10.99,-347.2,-54.3711,-5.62813,-1.11924,1014.35
698792,-5.93974,8.39789,-0.0095648,62.3,4.27,-349.86,-55.0013,-8.57989,-1.88481,1014.35
698798,-5.2989,8.21138,0.105213,63.35,0.98,-352.8,-54.1992,-9.82427,-1.60126,1014.36
698804,-4.38546,8.15877,0.186514,65.17,-1.82,-357.42,-53.5117,-11.2133,-0.665572,1014.36
698810,-3.62506,8.30703,0.0382592,71.96,-1.26,-365.68,-51.8215,-13.268,0.397714,1014.39
698816,-2.85988,8.73266,-0.0382592,79.03,2.24,-372.82,-51.3059,-16.2487,-0.608863,1014.39
698822,-2.67336,9.86609,0.0047824,84.14,4.48,-378.91,-49.8735,-17.5799,-1.11924,1014.39
698828,-1.82688,11.0234,-0.401722,103.46,17.29,-381.85,-48.4126,-18.2744,-0.637217,1014.39
698834,-3.04639,13.3572,-0.267814,96.81,12.46,-382.2,-47.5245,-21.0526,-1.74303,1014.38
698840,-1.58297,14.175,0.148254,108.71,21.7,-384.79,-46.6938,-23.7728,-0.537977,1014.38
698846,-2.72119,16.9727,0.071736,109.06,23.94,-376.88,-44.6885,-23.9465,-0.665572,1014.36
698852,-1.8747,18.3022,-0.0382592,98.84,26.46,-369.11,-44.5453,-25.4513,0.411891,1014.36
698858,-1.5495,18.9766,1.11908,94.71,30.24,-353.85,-42.9984,-28.2584,-1.07671,1014.37
698864,-1.69775,20.7891,1.14299,87.99,24.92,-342.16,-41.1077,-28.9818,-0.339497,1014.37
698870,-0.473458,20.7939,2.15208,81.41,28.07,-333.2,-39.8186,-30.0526,1.23417,1014.37
698876,-0.11956,20.966,2.5825,77,24.5,-322.42,-38.6154,-32.5703,-0.141017,1014.36
698882,0.095648,21.186,2.93639,75.74,23.38,-320.18,-37.1545,-33.4674,0.695434,1014.36
698888,0.47824,21.363,3.5868,76.51,23.38,-320.11,-35.5789,-32.7439,1.90049,1014.35
698894,0.760402,22.0899,3.64897,74.48,21.84,-319.97,-34.433,-35.9561,1.36176,1014.35
698900,1.32472,22.109,4.09373,79.94,21.21,-328.93,-32.571,-36.2744,1.92885,1014.36
698906,1.53993,23.0081,4.06504,81.06,15.82,-342.58,-31.683,-36.2165,2.93542,1014.36
698912,1.56863,23.3381,4.35677,79.17,9.38,-355.04,-30.1074,-38.5317,3.61593,1014.39
698918,1.37255,23.9455,4.4285,77.98,-6.58,-373.52,-27.9876,-40.5863,2.28327,1014.39
698924,0.989957,25.2654,4.83979,71.47,-25.62,-388.08,-26.4979,-39.4577,2.73694,1014.43
698930,1.84122,25.6719,4.85414,68.32,-45.71,-396.34,-24.4067,-40.0944,4.15466,1014.43
698936,4.45241,25.4376,4.92109,60.62,-54.18,-399.7,-21.6853,-42.2648,3.81441,1014.45
698942,5.52367,23.8164,6.49928,68.04,-69.09,-393.47,-19.4795,-42.641,3.91365,1014.45
698948,10.1052,26.1119,4.78718,71.12,-76.37,-383.88,-18.2477,-42.178,4.18301,1014.45
698954,12.8264,28.9957,2.6638,56.14,-75.46,-367.78,-16.2138,-44.9272,5.35971,1014.41
698960,17.1879,30.8513,-0.506934,30.73,-73.5,-346.08,-13.8075,-45.7085,5.51566,1014.41
698966,21.0378,31.2721,-2.7977,-1.26,-64.33,-324.1,-12.3752,-44.8114,6.9192,1014.41
698972,24.4668,28.6896,-3.55332,-29.68,-51.59,-294.14,-10.2553,-46.2005,6.36629,1014.41
698978,29.6222,22.6542,-3.24725,-42.07,-36.61,-257.46,-7.99223,-46.3452,4.52326,1014.4
698984,33.3094,17.891,-1.81253,-35.98,-16.24,-218.47,-8.16411,-45.5059,6.01186,1014.4
698990,38.1253,10.4065,2.94118,-5.18,3.78,-170.52,-6.33072,-45.5059,5.78503,1014.4
698996,40.1004,8.95265,4.15112,27.23,8.47,-114.38,-6.18749,-46.3452,4.96275,1014.4
699002,43.5246,6.81014,7.51793,62.09,28.49,-71.89,-5.2708,-46.1137,6.6073,1014.46
699008,38.9,11.6212,7.31707,79.1,16.94,-16.38,-6.10155,-45.4481,6.2954,1014.46
699014,38.4314,14.2659,7.30273,84.84,25.9,33.32,-5.32809,-46.2294,6.36629,1014.45
699020,31.7695,18.747,5.92061,70.77,22.47,71.4,-4.95569,-46.7214,6.49389,1014.45
699026,28.0201,20.4448,4.30894,40.67,18.55,105.84,-6.70313,-45.8532,6.69237,1014.45
699032,14.0842,32.7116,3.40985,105.77,138.74,135.59,-6.76042,-46.3452,7.07515,1014.42
699038,-27.934,122.587,21.3391,-372.4,-202.44,333.48,-7.70576,-47.2712,7.27363,1014.42
699044,34.5385,-1.26255,-34.6533,-284.9,211.05,295.61,-10.0834,-45.2166,4.76427,1014.42
699050,-56.8627,-19.0531,22.6112,-175.91,-5.6,347.69,-12.2319,-45.1008,5.04782,1014.42
699056,-25.9732,-16.968,22.1856,106.75,-237.65,341.18,-13.6356,-45.1008,4.28225,1014.38
699062,5.055,17.7044,-9.54567,4.34,-68.81,359.38,-15.2685,-44.7246,3.97035,1014.38
699068,-0.363462,10.7221,3.55811,-0.98,-60.9,361.2,-17.7321,-42.7567,4.70757,1014.42
699074,-0.521282,4.80153,10.0622,38.22,-129.92,327.88,-19.2503,-43.3645,5.41642,1014.42
699080,11.7456,11.1669,2.74032,41.23,-106.47,305.06,-20.9118,-43.104,4.38149,1014.47
699086,12.9507,18.7996,-4.75371,-10.64,-15.12,308.42,-22.3155,-41.1362,4.90604,1014.47
699092,8.07747,27.5466,-4.1846,-58.24,-25.41,278.88,-23.6333,-41.223,5.60072,1014.44
699098,5.01674,24.1416,-7.28838,-121.59,-15.61,246.54,-26.1828,-41.7439,3.92782,1014.44
699104,0.071736,9.00526,3.47202,-99.4,-18.13,231,-27.1282,-39.5156,4.01289,1014.4
699110,-0.0765184,6.87709,6.83883,-69.02,-36.89,222.6,-27.9303,-39.1683,4.83516,1014.4
699116,0.746054,8.28312,3.41463,-45.15,-46.83,232.82,-28.6178,-39.0236,3.6301,1014.4
699122,19.4883,5.89192,-6.94883,-28.98,-114.66,88.41,-29.8496,-39.0236,3.19061,1014.43
699128,17.2692,13.1803,-5.83453,-44.17,-53.97,57.47,-29.9069,-37.8082,5.01946,1014.43
699134,1.72166,10,-1.4395,-92.4,-19.25,63.63,-30.8236,-39.0526,3.27567,1014.4
699140,-1.73123,5.05978,7.14012,-51.73,-27.51,57.47,-30.3652,-39.2551,3.10555,1014.4
699146,-1.08082,4.50502,7.03491,-9.94,-49.63,49.84,-30.2793,-37.4899,3.80023,1014.4
699152,4.63893,9.29699,0.506934,-22.96,-26.81,39.62,-30.9668,-38.3001,4.48073,1014.4
699158,4.24199,5.85844,4.0746,-0.56,-2.94,24.99,-30.5657,-38.4738,4.4382,1014.39
699164,0.435198,8.38355,1.84122,14.63,-1.47,22.12,-31.0527,-37.403,4.04124,1014.39
699170,0.946915,10.3778,-0.449546,6.44,-8.96,18.27,-31.0241,-37.5188,4.63668,1014.46
699176,0.822573,9.25394,1.26255,2.59,1.12,10.92,-31.4538,-38.387,3.87111,1014.46
699182,-0.760402,9.51219,1.39646,7.91,-7.07,12.67,-31.5684,-37.6635,3.80023,1014.41
699188,1.17647,10.3539,-0.229555,1.19,1.4,6.3,-31.8835,-36.9111,4.84934,1014.41
699194,-0.224773,9.6461,0.813008,1.89,-5.39,1.89,-31.8262,-37.5188,4.36731,1014.41
699200,0.899091,10.1196,1.17647,0.14,2.03,3.64,-31.0241,-38.4738,2.85036,1014.46
699206,-1.29125,10.7126,1.24342,2.31,-0.35,3.43,-30.8522,-36.9111,4.65086,1014.46
699212,-0.741272,10.9087,0.263032,-1.19,0.35,6.44,-31.4538,-37.0558,4.69339,1014.44
699218,-0.755619,10.7126,0.659971,-3.15,-1.96,11.06,-31.7689,-38.7053,4.76427,1014.44
699224,-0.444763,10.2056,1.02822,-3.43,-0.63,11.48,-31.2533,-37.6635,4.09795,1014.45
699230,-0.267814,10.3491,0.870397,0.63,1.89,11.83,-32.2845,-37.1715,3.97035,1014.45
699236,-0.277379,10.2774,0.889526,-8.54,0.63,13.51,-31.2819,-38.0108,3.89947,1014.43
699242,-0.296509,10.1578,0.731707,-5.88,0.21,13.72,-32.1127,-37.2005,5.07617,1014.43
699248,0.234338,10.2296,0.746054,-5.74,1.4,12.25,-31.9408,-36.2744,3.71517,1014.44
699254,-0.200861,9.84218,1.07126,-8.26,1.82,11.41,-32.3418,-37.895,3.20479,1014.44
699260,-0.0430416,9.5648,1.13821,-6.16,-0.49,10.57,-31.2533,-38.2712,3.77187,1014.42
699266,0.296509,9.69871,0.813008,-7.21,1.89,8.89,-32.084,-36.4481,4.82098,1014.42
699272,0.291726,9.44046,1.17647,-5.32,2.17,7.63,-31.3106,-37.2584,4.39567,1014.42
699278,0.353898,9.46437,0.918221,-4.76,2.59,6.3,-32.6283,-37.9529,4.33896,1014.44
699284,0.406504,9.58393,0.918221,-4.69,4.97,4.55,-32.4278,-36.94,3.7577,1014.44
699290,-0.0669536,9.44524,1.18604,-3.08,2.24,4.2,-31.9408,-36.6217,3.60175,1014.44
699296,-0.0143472,9.79914,0.851267,-4.41,2.03,3.57,-31.6543,-37.1426,3.77187,1014.44
699302,-0.047824,9.80392,0.860832,-5.32,2.38,3.08,-31.9981,-37.1137,3.64428,1014.41
699308,-0.49737,9.93304,1.0043,-3.08,0.84,4.13,-31.8262,-36.5059,4.46655,1014.41
699314,-0.593018,10.2439,0.640842,-5.88,-2.38,4.62,-32.1127,-37.3452,3.74352,1014.42
699320,-0.526064,10.4974,0.215208,-10.43,-4.34,6.02,-30.9668,-37.9818,3.74352,1014.42
699326,-0.071736,10.0526,0.492587,-10.78,-3.43,6.72,-31.8548,-36.3034,3.47415,1014.45
699332,-0.11956,9.98087,0.808226,-10.5,-2.24,6.93,-32.1127,-36.5928,2.89289,1014.45
699338,-0.129125,10.22,0.420851,-12.04,-3.5,7.7,-32.571,-37.9529,2.09897,1014.43
699344,0.0382592,10.4113,0.33955,-16.59,-1.4,8.05,-32.4851,-36.7953,3.65846,1014.43
699350,-0.071736,9.78957,0.97561,-16.73,-1.12,8.33,-32.2845,-36.8821,3.10555,1014.47
699356,0.200861,9.35916,1.47298,-13.65,-0.14,8.68,-32.6856,-37.9239,2.77947,1014.47
699362,0.0143472,9.81827,0.942133,-15.75,-1.05,8.12,-32.5137,-36.8821,2.24074,1014.47
699368,0.0526064,9.61262,1.13821,-17.22,-1.61,8.26,-32.6569,-36.4191,2.48175,1014.47
699374,0.196078,9.32568,1.31038,-14.35,-0.56,7.7,-32.4851,-36.969,1.87214,1014.47
699380,-0.0047824,9.76088,0.966045,-15.05,-1.4,7.14,-31.9981,-37.4899,2.32581,1014.46
699386,-0.176949,9.86609,0.989957,-15.4,-2.31,7.91,-33.0007,-35.9272,2.66606,1014.46
699392,0.023912,9.86609,0.918221,-16.73,-3.36,7.7,-32.4564,-36.3902,3.1339,1014.46
699398,0.0286944,9.90435,0.927786,-17.36,-2.17,8.96,-33.0866,-38.0397,2.55264,1014.46
699404,0.047824,9.98565,0.899091,-17.36,-0.21,9.24,-32.8575,-36.6217,2.65188,1014.43
699410,-0.13869,10.3204,0.95648,-18.9,-0.07,10.71,-31.9408,-36.014,3.11973,1014.43
699416,-0.0526064,10.3156,0.769966,-22.47,0.7,11.97,-32.9434,-37.2294,3.09137,1014.45
699422,-0.234338,9.94739,1.45385,-20.09,3.43,12.39,-32.6856,-36.477,2.70859,1014.45
699428,-0.349115,10.1483,1.18604,-20.3,2.24,14.56,-33.2012,-35.7825,2.83618,1014.44
699434,-0.607365,10.3778,1.03778,-21.63,1.26,15.89,-32.6856,-36.9979,2.39669,1014.44
699440,0.114778,9.85174,1.57819,-19.53,3.08,16.59,-33.1153,-36.5349,-0.0559544,1014.44
699446,0.243902,9.80392,1.72645,-20.09,4.69,17.08,-33.5163,-35.8982,1.31923,1014.45
699452,0.291726,9.78001,1.5208,-20.51,2.8,17.01,-33.5163,-36.5928,1.9572,1014.45
699458,0.0286944,9.90913,1.40124,-19.53,3.36,17.64,-33.1439,-37.2005,1.16328,1014.47
699464,0.181731,10.2535,1.46341,-21.14,4.06,18.83,-32.6569,-35.7825,2.2691,1014.47
699470,-0.406504,10.8034,1.0043,-23.66,1.82,21.77,-33.0294,-35.522,2.16986,1014.44
699476,-0.0191296,11.1573,0.741272,-28.35,5.18,22.19,-33.0007,-37.0268,0.709611,1014.44
699482,0.334768,9.44046,1.73601,-25.27,7.07,22.96,-33.4877,-36.0429,0.4686,1014.44
699488,-0.186514,10.33,1.61167,-27.86,3.92,24.43,-33.6023,-35.3484,1.30505,1014.44
699494,-0.023912,10.856,1.1143,-29.33,6.02,24.57,-33.6309,-36.5349,1.67366,1014.43
699500,0.559541,10.0574,1.30081,-28.49,10.85,24.92,-34.6336,-36.4481,0.0716399,1014.43
699506,-0.540411,11.0617,1.34385,-32.41,6.51,25.41,-34.1752,-35.8114,0.879737,1014.43
699512,0.277379,11.4921,0.468675,-39.27,9.1,29.89,-34.0893,-35.7535,1.73037,1014.43
699518,0.167384,11.5399,0.530846,-42.7,13.09,31.99,-34.433,-36.0429,0.000754159,1014.43
699524,-0.559541,11.1095,0.679101,-44.73,11.9,34.65,-34.2898,-35.1169,0.213411,1014.45
699530,-1.25299,11.8269,2.64945,-39.48,9.73,43.82,-34.6336,-34.9432,0.681257,1014.45
699536,-5.5428,12.1903,7.47011,-9.45,-6.09,62.02,-35.1206,-34.8275,-0.0559544,1014.45
699542,-1.67862,13.0607,2.05643,-12.11,-10.57,66.36,-35.407,-35.1458,-0.5238,1014.45
699548,-0.124342,12.439,1.16691,-15.89,-3.36,71.89,-35.8367,-33.9304,-0.311143,1014.43
699554,-1.78862,11.736,4.15591,-10.01,-7.21,78.75,-35.7221,-34.3934,-0.594686,1014.43
699560,-1.42516,11.8986,3.54854,-1.54,-7.63,85.26,-35.8081,-33.8146,-0.141017,1014.41
699566,-1.66906,12.396,3.33812,-0.84,-8.96,93.03,-37.1545,-33.7857,-0.296966,1014.41
699572,-1.43472,12.0469,3.65854,5.25,-11.2,101.01,-37.1831,-33.4095,-1.44531,1014.47
699578,-1.72645,12.0756,3.85461,9.1,-13.16,106.05,-37.1831,-33.8146,-0.977469,1014.47
699584,-1.40124,11.6404,4.39981,12.6,-17.29,112.28,-37.4696,-31.8757,0.0149313,1014.44
699590,-1.34385,11.0043,4.78718,21,-20.51,118.23,-38.2717,-31.4995,-0.396206,1014.44
699596,-0.927786,11.253,4.72023,27.58,-23.1,122.43,-38.5868,-32.1651,-0.949114,1014.47
699602,-1.07126,11.4778,4.59589,35.77,-25.48,128.94,-39.5894,-30.805,0.0999942,1014.47
699608,-0.602582,12.329,2.42946,40.25,-23.94,136.29,-39.5321,-30.9497,0.241766,1014.47
699614,-0.37781,13.0703,1.09995,41.93,-20.93,144.06,-39.8186,-30.805,0.511131,1014.44
699620,0.0860832,13.4194,0.172166,42,-16.38,151.62,-40.3342,-30.1973,0.0149313,1014.44
699626,0.492587,15.1602,-0.401722,37.45,-8.54,161.14,-41.7952,-28.0847,1.30505,1014.46
699632,-0.631277,15.8824,-0.291726,37.87,-2.73,172.27,-42.7119,-28.0268,2.11315,1014.46
699638,-1.81253,17.5705,-0.296509,33.46,-0.07,189,-43.3994,-27.94,0.922268,1014.47
699644,-2.06121,19.3448,-0.669536,23.59,0.84,205.52,-43.4281,-26.6956,1.99973,1014.47
699650,-2.52511,20.0239,-1.03778,12.6,3.71,220.78,-44.3448,-25.1619,3.33238,1014.45
699656,-3.15638,20.4256,-1.7934,0.42,3.15,240.1,-45.6625,-25.596,0.737966,1014.45
699662,-2.26686,20.5691,-1.4682,-5.53,7.14,259.14,-45.949,-23.8886,1.75872,1014.44
699668,-2.7451,22.2142,-1.45863,-13.44,12.39,278.04,-46.6651,-21.4577,2.05644,1014.44
699674,-4.69153,22.8838,-1.05213,-25.27,14.56,302.68,-48.6131,-21.7182,1.10657,1014.42
699680,-5.47107,23.4242,-1.21951,-31.43,9.31,325.85,-49.9308,-19.9818,1.13493,1014.42
699686,-6.36059,23.0655,-1.10952,-44.17,15.4,349.65,-49.5584,-17.2037,1.94302,1014.42
699692,-7.55141,22.3195,1.78862,-45.43,2.87,375.41,-50.8762,-16.3934,1.26252,1014.44
699698,-5.3802,22.769,1.59732,-40.18,8.33,404.88,-51.9647,-15.3516,-0.0559544,1014.44
699704,-5.88713,21.9321,1.80296,-35.84,1.96,427.14,-52.4517,-12.3419,0.780497,1014.47
699710,-3.29986,23.5629,-0.10043,-33.32,-1.47,448.28,-53.569,-8.92716,1.13493,1014.47
699716,-3.3955,24.6294,-0.430416,-48.65,18.13,471.17,-54.944,-7.68279,0.794674,1014.44
699722,-4.36633,21.0856,1.75514,-39.76,3.92,474.11,-55.4023,-4.61526,1.00733,1014.44
699728,1.07604,20.6934,3.41942,-16.38,5.25,471.59,-55.6315,-2.12652,0.482777,1014.44
699734,0.650406,22.5777,-1.13343,-22.68,33.6,477.96,-57.1498,-0.129732,0.156703,1014.44
699740,-3.88809,16.0354,2.07556,-14.21,26.6,478.52,-56.892,2.21432,-1.47367,1014.46
699746,-1.83644,17.0493,4.14634,30.31,17.22,475.93,-57.0925,5.9185,0.525308,1014.46
699752,0.875179,28.9335,-2.53467,27.09,31.85,485.73,-57.3503,7.04712,-0.0134229,1014.4
699758,-2.45815,26.9871,-5.56671,0.7,51.1,494.06,-58.4102,9.33329,-1.55873,1014.4
699764,-1.59732,21.956,-0.420851,19.11,40.88,493.78,-56.5769,12.9217,-0.495446,1014.4
699770,-0.621712,13.2568,-6.89622,22.89,78.26,455.63,-56.1472,15.9314,0.227588,1014.42
699776,0.35868,5.22716,-8.23529,24.85,93.03,385.42,-57.0066,16.8863,-1.3319,1014.42
699782,-3.62506,2.1186,-12.5729,-20.93,138.88,311.57,-56.7201,18.7963,-1.77139,1014.41
699788,-17.5801,0.0143472,-13.9263,-82.39,142.8,282.38,-54.8867,21.1982,-2.42354,1014.41
699794,-8.97657,-13.4481,5.39455,-12.46,26.6,179.06,-55.5742,22.4716,-3.44429,1014.43
699800,15.9302,-2.86466,1.54472,20.3,75.53,46.69,-55.2591,22.6452,-4.8053,1014.43
699806,1.88905,8.49833,-2.87422,5.81,74.06,-43.05,-54.8294,22.4426,-4.16733,1014.43
699812,-6.28407,3.11812,2.5012,24.36,48.51,-109.34,-54.5143,22.269,-4.01138,1014.43
699818,-9.07221,3.2616,1.34864,16.8,15.4,-167.58,-55.7461,20.6773,-5.24479,1014.42
699824,-11.2865,7.26925,-2.46772,-11.9,-12.88,-200.2,-55.4596,21.2561,-4.37998,1014.42
699830,-11.2721,9.33525,-2.71162,-32.76,-27.93,-212.73,-54.5716,19.9828,-4.02555,1014.43
699836,-10.8513,9.23003,-1.55906,-48.72,-41.23,-215.25,-56.5769,17.8124,-5.57086,1014.43
699842,-9.39742,7.19273,-0.755619,-52.5,-55.44,-213.08,-56.3763,17.5519,-3.62859,1014.42
699848,-7.83357,5.13152,-1.20995,-50.26,-61.53,-212.87,-55.6029,16.3944,-3.69948,1014.42
699854,-6.26016,1.44428,-2.01817,-39.9,-63.63,-214.83,-55.918,14.8027,-3.21746,1014.42
699860,-5.34194,-0.353898,-2.43424,-26.74,-61.67,-220.15,-57.4363,13.7899,-4.47922,1014.42
699866,-4.56719,-1.64515,-2.33381,-9.94,-57.12,-228.83,-56.6914,13.3847,-2.60784,1014.42
699872,-3.39072,-1.8747,-2.67814,10.01,-49.07,-239.54,-56.2904,11.9667,-2.49442,1014.45
699878,-2.58728,-1.24821,-2.98422,25.48,-37.52,-250.67,-57.6368,10.3462,-3.44429,1014.45
699884,-2.07078,-0.411286,-3.26638,39.76,-27.51,-263.48,-57.4649,9.30435,-1.41696,1014.46
699890,-2.25251,0.344333,-3.10378,50.12,-19.95,-276.08,-56.4909,7.85741,-1.61544,1014.46
699896,-2.23338,1.64036,-3.14682,57.89,-5.81,-290.01,-57.0352,5.62911,-2.11164,1014.4
699902,-2.7977,2.56337,-3.12769,61.25,1.19,-306.81,-56.9779,4.12429,-1.79974,1014.4
699908,-2.95074,2.92683,-2.64467,62.16,6.86,-322.7,-56.4623,3.08249,-0.764811,1014.44
699914,-3.72071,4.5385,-2.2812,62.44,11.41,-335.37,-56.9493,1.37509,-2.31012,1014.44
699920,-4.50024,5.53324,-2.17599,54.67,13.37,-346.36,-56.806,-1.63456,-2.87721,1014.39
699926,-4.77762,6.04495,-1.67384,55.23,15.54,-355.81,-54.8294,-2.12652,-2.04075,1014.39
699932,-5.44715,6.11669,-1.1143,56.91,13.16,-360.01,-56.1472,-4.58632,-2.70708,1014.39
699938,-5.59541,6.37494,-0.860832,57.12,11.69,-362.88,-55.0013,-7.27764,-2.06911,1014.36
699944,-5.68627,6.45146,-0.306074,62.58,10.71,-364.91,-53.7408,-8.37732,-2.18253,1014.36
699950,-6.00191,6.68101,0.301291,71.26,4.83,-364.98,-53.3971,-9.44806,-0.679749,1014.36
699956,-5.53802,7.37446,0.444763,76.93,2.17,-365.54,-53.1393,-13.268,-2.05493,1014.36
699962,-5.36585,7.97226,0.750837,88.97,-0.91,-365.68,-51.7929,-14.4834,-2.77797,1014.38
699968,-4.83501,10.1483,0.196078,94.01,-3.78,-366.03,-50.6757,-15.641,-0.679749,1014.38
699974,-4.06504,11.1526,0.25825,96.32,-3.15,-367.78,-50.0454,-18.2165,-1.78557,1014.4
699980,-3.63941,12.286,0.35868,97.79,-3.92,-370.51,-48.6417,-19.1426,-0.509623,1014.4
699986,-2.6351,14.0698,0.368245,95.27,0.49,-372.68,-46.6938,-20.8211,-0.183549,1014.38
699992,-2.46294,15.3993,0.243902,88.83,2.17,-373.52,-45.8344,-22.9336,0.227588,1014.38
699998,-2.00383,17.0349,0.932568,82.18,6.72,-369.67,-45.863,-24.9304,0.511131,1014.39
700004,-1.73601,18.3883,1.033,74.27,9.52,-360.01,-44.6026,-26.522,0.582017,1014.39
700010,-1.59732,19.7226,1.18125,67.48,12.46,-346.36,-42.5114,-27.5928,1.29087,1014.39
700016,-0.549976,20.9373,1.14778,58.1,17.57,-328.09,-40.5921,-29.9368,0.823028,1014.37
700022,0.133907,20.4065,1.83644,56.56,23.87,-310.24,-40.4775,-30.6892,0.624548,1014.37
700028,0.511717,19.9857,2.73075,58.8,25.2,-296.73,-38.5009,-31.0944,2.24074,1014.37
700034,1.08082,20.043,2.96987,63.77,28.91,-286.86,-36.6388,-33.8725,2.9496,1014.37
700040,1.79818,19.6748,3.86418,73.15,31.15,-285.46,-36.2091,-34.2487,1.37594,1014.41
700046,2.99378,19.0435,3.15638,79.1,34.23,-294.56,-35.6075,-34.5092,2.16986,1014.41
700052,1.74558,20.22,5.64323,91.21,27.86,-305.34,-33.0866,-35.522,2.35416,1014.39
700058,2.44381,23.3046,3.79723,89.46,24.15,-317.8,-32.4851,-37.2873,2.7653,1014.39
700064,1.91774,24.3329,3.8594,86.1,16.59,-328.72,-30.7663,-37.1137,2.25492,1014.4
700070,2.23816,26.1167,3.75897,78.82,3.85,-336.56,-28.6464,-37.9529,3.81441,1014.4
700076,2.87422,26.2793,4.05069,70.7,-9.87,-343.14,-27.0995,-40.8178,3.2615,1014.41
700082,3.18508,26.0832,4.28981,66.85,-27.79,-348.25,-25.4667,-41.1072,3.24732,1014.41
700088,4.23721,25.6767,4.47154,65.73,-48.02,-351.96,-24.0916,-40.3259,4.83516,1014.44
700094,5.91105,24.9546,4.11286,63.14,-62.37,-353.5,-21.5421,-42.641,4.73592,1014.44
700100,8.24008,21.9034,6.33668,68.46,-71.4,-350.49,-20.3389,-43.6539,5.71414,1014.44
700106,10.5882,20.6743,6.78623,86.24,-86.59,-344.61,-18.2477,-43.0751,5.85591,1014.44
700112,15.7437,24.7585,3.16595,81.83,-85.19,-335.86,-16.7581,-44.0011,5.69997,1014.44
700118,18.2449,26.8197,1.53515,63.28,-80.71,-324.03,-15.2398,-45.7374,6.53642,1014.39
700124,20.6552,27.9436,0.157819,33.88,-75.67,-306.53,-13.4351,-45.014,6.55059,1014.39
700130,25.8823,27.2597,-1.9847,-2.03,-63.91,-283.36,-12.2319,-44.522,7.42958,1014.47
700136,29.1105,24.4285,-2.17599,-27.86,-53.62,-253.89,-9.82561,-46.6346,6.87667,1014.47
700142,34.4955,18.3692,-0.903874,-39.83,-34.09,-216.51,-9.0808,-46.0558,7.06097,1014.47
700148,38.2353,14.1272,0.841702,-30.38,-4.9,-171.71,-8.36463,-45.1297,6.70654,1014.47
700154,39.8517,11.2386,2.27642,-15.19,9.24,-124.88,-6.9323,-46.8371,5.41642,1014.44
700160,42.3386,8.2879,5.25586,19.11,32.13,-67.13,-5.95832,-47.0976,7.58553,1014.44
700166,40.2535,9.05787,5.96844,48.86,45.43,-8.89,-6.76042,-45.9111,7.24527,1014.45
700172,34.1702,12.1903,6.2219,61.67,52.57,42.07,-6.67448,-46.2294,7.08932,1014.45
700178,29.7035,14.2229,5.77236,62.93,55.79,86.66,-6.44531,-47.0686,7.54299,1014.45
700184,24.2037,16.2362,4.71066,51.59,55.09,117.95,-7.24742,-45.0429,7.45793,1014.41
700190,21.2052,17.4032,3.51506,27.23,51.31,134.19,-8.56516,-45.5059,8.2235,1014.41
700196,-8.8044,73.539,6.00669,143.08,286.44,315.7,-8.85163,-46.3741,8.70552,1014.44
700202,14.1703,10.5452,-53.7924,-390.53,22.68,231.49,-10.2553,-45.9979,6.7916,1014.44
700208,-17.5658,-32.0708,26.4036,-166.53,74.41,248.64,-12.6616,-45.3902,5.54402,1014.35
700214,-42.6112,-0.502152,16.088,-43.61,-160.86,316.33,-13.2346,-45.7664,5.303,1014.35
700220,-8.24008,3.32855,6.18364,-5.88,-153.23,302.68,-14.5237,-45.5059,4.7501,1014.42
700226,-2.36251,4.41416,3.07508,12.25,-86.8,324.38,-17.0446,-44.2326,5.44478,1014.42
700232,-1.72645,10.8321,6.25538,43.33,-171.57,309.47,-18.5342,-44.0301,6.21034,1014.43
700238,7.22621,16.088,-1.61645,-9.03,-149.31,289.03,-20.0811,-44.0011,4.31061,1014.43
700244,10.5978,12.8742,0.722142,-39.97,-62.44,296.38,-21.3415,-42.0333,6.83414,1014.46
700250,6.6858,14.6533,7.84314,-34.37,-69.44,268.45,-23.3468,-41.686,7.04679,1014.46
700256,6.92013,18.5031,-0.210426,-43.82,-35.28,245.21,-23.9197,-42.2069,6.7916,1014.43
700262,5.95887,18.527,-2.94596,-70.56,-23.52,222.18,-25.3807,-41.1072,5.89845,1014.43
700268,3.04161,14.7728,-2.06121,-82.81,15.54,218.68,-27.0136,-39.7182,5.69997,1014.43
700274,-3.07987,7.25012,6.73362,-48.86,-10.99,218.54,-28.0162,-40.8468,5.79921,1014.42
700280,-0.674318,12.3099,4.25634,-23.59,-65.66,224.42,-27.9589,-40.0944,4.50909,1014.42
700286,24.352,6.74797,-7.15447,-29.05,-70.56,81.69,-29.1907,-38.0397,4.89187,1014.4
700292,14.2516,9.6748,-1.63558,-20.37,-11.34,47.11,-29.4772,-38.5606,4.7501,1014.4
700298,-1.97991,14.9785,-1.77905,-56.7,-44.31,49.35,-29.1048,-39.2262,3.51669,1014.44
700304,0.205643,9.02917,2.41033,-62.44,-42.56,47.04,-30.3366,-38.0686,5.79921,1014.44
700310,1.65949,6.46102,5.38976,-19.39,-34.58,38.92,-30.136,-37.7793,4.52326,1014.42
700316,2.40555,8.02487,2.64945,-19.53,-22.47,32.2,-30.0788,-39.0526,4.16883,1014.42
700322,1.97513,6.15017,2.92683,-6.58,-4.48,32.13,-30.3652,-38.387,4.11212,1014.42
700328,1.61167,9.0483,1.12865,5.74,-23.1,24.43,-30.4512,-37.2294,5.52984,1014.42
700334,2.81205,10.1578,0.875179,-2.66,-1.33,18.48,-30.0788,-38.387,4.97693,1014.43
700340,1.70732,9.23481,0.664754,1.68,8.33,16.45,-29.9642,-38.2423,3.92782,1014.43
700346,-0.172166,9.7274,0.0813008,7,-8.96,10.01,-29.7923,-37.4899,4.80681,1014.43
700352,1.07604,11.2339,-0.406504,-8.05,1.05,8.05,-30.4798,-37.6635,5.03364,1014.43
700358,0.329986,8.48398,2.41989,0.77,-1.68,5.39,-30.222,-38.0397,4.01289,1014.43
700364,0.875179,9.41655,1.49211,3.5,2.45,0.49,-30.8522,-37.3452,5.06199,1014.44
700370,-0.0095648,10.11,1.50646,3.99,6.23,4.13,-30.3366,-36.7085,4.29643,1014.44
700376,-1.25299,10.7365,0.899091,5.46,2.87,5.67,-30.3366,-37.5188,3.82858,1014.44
700382,-0.463893,10.703,0.846485,2.31,4.83,6.58,-30.2506,-37.5767,4.72174,1014.44
700388,-0.903874,10.5404,0.942133,2.38,2.66,11.13,-30.7949,-36.6796,6.32376,1014.46
700394,-0.870397,10.7126,0.774749,-0.42,1.19,11.06,-30.5085,-37.7793,5.31718,1014.46
700400,-0.382592,10.55,0.669536,-1.89,2.24,10.15,-30.623,-37.8661,3.84276,1014.41
700406,-0.0765184,10.44,0.334768,-3.5,1.12,12.46,-30.8522,-36.7085,4.21137,1014.41
700412,-0.13869,10.3156,0.808226,-5.32,1.54,10.43,-31.0241,-36.9979,4.55162,1014.45
700418,0.0143472,9.90913,0.985174,-6.37,-1.4,8.68,-30.7949,-38.387,4.90604,1014.45
700424,0.153037,9.57915,1.28647,-4.41,0.98,10.64,-31.1387,-36.8532,4.45238,1014.45
700430,0.272597,9.33046,1.49211,-1.47,0.7,7.42,-31.5684,-37.2005,4.50909,1014.41
700436,0.114778,9.60784,1.29603,-2.1,2.38,5.11,-30.7949,-37.3162,3.92782,1014.41
700442,0.392157,9.39742,1.20516,-0.56,4.13,5.39,-31.9981,-37.5767,3.91365,1014.44
700448,0.11956,9.45002,1.20038,0.28,3.85,2.24,-31.7116,-37.1137,4.94858,1014.44
700454,-0.191296,9.80392,1.04256,-0.28,2.31,2.31,-31.3106,-37.1137,5.09035,1014.46
700460,-0.047824,9.7561,0.899091,0.84,4.06,2.52,-31.6257,-37.7793,3.50251,1014.46
700466,-0.315638,9.97609,0.588235,-0.91,0.98,1.82,-31.7689,-37.2873,4.79263,1014.44
700472,-0.392157,10.1291,0.506934,-3.15,0.7,2.52,-30.9954,-36.8532,4.60833,1014.44
700478,-0.549976,10.1052,0.430416,-5.18,-2.03,2.87,-31.2246,-38.2423,3.60175,1014.45
700484,-0.569106,10.263,0.468675,-8.19,-4.83,2.87,-31.196,-37.5767,3.92782,1014.45
700490,-0.200861,10.1196,0.506934,-10.43,-5.18,2.73,-30.6517,-37.1715,3.72934,1014.45
700496,-0.310856,9.96174,0.674318,-11.34,-6.79,2.59,-30.7376,-37.6635,3.68681,1014.45
700502,-0.272597,9.86609,0.841702,-13.23,-7.28,2.94,-31.1673,-38.0976,3.34656,1014.47
700508,-0.167384,9.5648,1.15734,-12.32,-7.77,3.5,-30.9954,-36.7374,4.01289,1014.47
700514,-0.148254,9.66523,1.11908,-11.83,-7.77,2.87,-30.8809,-37.895,4.11212,1014.47
700520,-0.047824,9.56958,1.32951,-11.34,-6.72,3.15,-30.9954,-38.1265,3.43162,1014.45
700526,-0.133907,9.43089,1.25299,-11.34,-7.98,3.22,-31.4824,-36.3034,4.48073,1014.45
700532,0.396939,9.28264,1.32951,-8.89,-5.46,2.73,-32.0267,-37.4899,4.57997,1014.47
700538,0.0621712,9.54567,1.28647,-7.91,-3.78,3.43,-30.9954,-37.9818,2.90707,1014.47
700544,-0.105213,9.76566,0.966045,-8.89,-5.6,3.5,-31.3392,-36.5928,3.61593,1014.48
700550,-0.133907,10.0909,0.827355,-10.5,-4.55,3.64,-31.7116,-36.7374,4.6225,1014.48
700556,-0.200861,10.0813,0.712578,-11.06,-3.78,4.97,-31.1387,-37.9818,2.72277,1014.46
700562,-0.320421,10.2296,0.607365,-13.3,-4.55,5.95,-31.2533,-37.6635,3.24732,1014.46
700568,-0.267814,10.3635,0.631277,-15.12,-2.38,7.84,-31.9121,-36.7085,3.16226,1014.44
700574,-0.267814,10.3491,0.502152,-17.92,-2.66,8.75,-31.7976,-37.0558,3.58757,1014.44
700580,-0.13869,10.2104,0.784314,-18.48,-0.56,10.92,-31.0814,-37.2584,3.28985,1014.45
700586,-0.210426,10.263,0.674318,-20.72,-0.35,11.62,-31.9408,-36.4191,3.10555,1014.45
700592,-0.210426,9.83261,1.34864,-21,1.26,12.67,-31.7976,-37.4899,3.58757,1014.45
700598,-0.071736,9.58871,1.40124,-18.41,1.12,12.18,-32.1986,-37.6056,2.86454,1014.46
700604,0.0621712,9.78001,1.40124,-20.09,1.54,13.09,-31.4251,-37.0558,3.21897,1014.46
700610,0.0813008,9.51698,1.62602,-19.25,2.52,13.09,-32.084,-37.1137,3.2615,1014.43
700616,-0.659971,9.68914,1.91774,-16.59,0.7,13.3,-31.7403,-38.1555,1.60277,1014.43
700622,0.0143472,9.58393,1.50167,-15.19,0.98,14.14,-31.9408,-37.1715,2.01391,1014.44
700628,-0.468675,10.1339,1.44428,-15.47,-0.56,14.14,-31.6543,-36.6217,3.36074,1014.44
700634,-0.153037,9.98565,1.33429,-16.31,-0.07,14.28,-32.2272,-36.8821,2.08479,1014.45
700640,0.282162,9.32568,1.85557,-13.72,0.91,14.28,-32.4564,-37.2005,1.92885,1014.45
700646,-0.0334768,9.60784,1.74558,-13.51,0.7,14.42,-32.8575,-36.5638,1.54606,1014.44
700652,0.229555,9.67958,1.67862,-12.04,2.17,14.56,-32.9721,-37.1426,2.56682,1014.44
700658,-0.0669536,10.3778,1.34385,-12.46,2.38,14.77,-32.1413,-37.403,2.08479,1014.42
700664,-0.291726,10.9134,1.01387,-15.19,4.13,18.41,-32.4851,-36.5638,2.97795,1014.42
700670,-0.583453,11.3104,0.416069,-19.74,2.38,19.74,-32.1127,-35.9561,2.29745,1014.42
700676,-0.435198,12.3147,0.310856,-23.31,7.42,22.47,-33.7169,-37.403,2.05644,1014.45
700682,-0.109995,11.7599,0.234338,-31.01,8.47,23.94,-32.4851,-36.7953,2.43922,1014.45
700688,-0.310856,11.2912,1.05213,-37.03,7.14,27.86,-32.7715,-35.6088,2.72277,1014.47
700694,-0.851267,11.6786,1.29125,-36.4,10.92,30.8,-32.8002,-36.477,1.40429,1014.47
700700,-0.411286,11.4682,1.10952,-39.2,11.13,33.6,-33.0007,-36.4481,1.12075,1014.47
700706,-0.315638,12.0803,0.559541,-46.69,11.76,36.4,-33.5736,-36.1297,2.19821,1014.47
700712,-0.554758,12.0899,0.47824,-53.34,14.35,40.39,-33.5163,-36.1008,1.31923,1014.4
700718,-0.93735,11.3486,2.02296,-51.45,14.84,43.61,-34.2898,-36.4191,-0.566332,1014.4
700724,-2.7977,11.7169,5.33716,-32.62,8.19,57.89,-33.459,-36.1008,0.596194,1014.45
700730,-7.27403,12.0612,11.2195,4.97,-12.39,75.46,-34.5763,-34.8275,0.681257,1014.45
700736,-0.85605,13.9885,0.396939,-14.84,-14.7,81.2,-35.0346,-36.0719,-0.0134229,1014.45
700742,0.172166,11.3295,2.1186,-10.29,-4.97,87.78,-35.2924,-35.4063,-0.566332,1014.45
700748,-1.92731,10.4352,5.36585,4.48,-12.95,92.19,-35.8081,-33.4963,1.53189,1014.45
700754,-1.50167,11.8843,4.14156,7.56,-14.21,98.21,-36.1805,-34.3066,0.383537,1014.45
700760,-1.74558,12.4199,4.05548,10.85,-15.47,105.28,-36.4669,-34.2776,0.851383,1014.45
700766,-1.78384,12.5968,4.04591,15.75,-18.06,111.16,-36.4383,-32.2519,1.34758,1014.45
700772,-1.46341,13.2281,2.91248,17.57,-19.6,119.7,-37.3263,-33.1201,0.808851,1014.45
700778,-0.492587,13.5007,1.3056,17.99,-16.52,128.87,-38.7014,-32.6281,0.737966,1014.46
700784,-0.25825,13.649,1.06648,17.57,-14.21,135.17,-38.6154,-31.6153,1.44682,1014.46
700790,-0.688666,13.6585,0.961262,16.38,-11.2,143.29,-38.5009,-31.2969,1.80125,1014.47
700796,-0.105213,13.4051,0.444763,18.76,-7.7,152.81,-39.5321,-31.3259,1.6453,1014.47
700802,0.186514,13.6585,0.35868,20.93,-3.36,157.92,-40.4775,-30.5735,1.9572,1014.47
700808,-0.200861,15.8058,-0.143472,15.47,-1.19,166.88,-40.678,-29.0108,1.73037,1014.47
700814,-0.583453,17.5418,-1.26255,8.26,4.48,181.02,-41.652,-28.6635,2.12733,1014.43
700820,0.301291,18.7757,-3.02726,4.83,14.77,193.06,-42.8838,-28.432,1.37594,1014.43
700826,-1.88427,18.8092,-1.47776,-10.08,19.46,208.67,-42.7119,-27.7085,1.37594,1014.45
700832,-3.05117,19.9857,-1.15734,-20.79,13.51,222.74,-44.2302,-26.8693,1.68783,1014.45
700838,-2.52511,20.8608,-1.71688,-32.55,17.15,238.07,-44.6885,-26.6088,1.75872,1014.45
700844,-2.67814,21.4682,-1.56863,-44.1,21.35,257.67,-45.376,-24.0043,0.298474,1014.42
700850,-4.68675,20.1769,0.234338,-48.23,20.37,279.02,-45.863,-22.6731,1.20581,1014.42
700856,-5.64323,20.067,1.16691,-49.77,13.58,297.78,-47.7824,-22.6153,-0.155194,1014.45
700862,-5.79149,21.2243,1.18125,-56.21,7,318.36,-48.0402,-21.1973,-0.254434,1014.45
700868,-5.28455,21.5208,0.640842,-63.7,8.12,340.13,-48.4985,-18.8532,1.40429,1014.44
700874,-5.74844,20.1769,0.282162,-66.43,0.84,360.36,-50.3033,-17.4931,-0.750634,1014.44
700880,-3.73505,17.8527,-0.023912,-61.04,5.6,381.64,-51.4778,-15.612,-0.254434,1014.46
700886,-1.82209,17.7379,0.549976,-44.94,1.4,396.97,-51.7069,-12.7471,0.185057,1014.46
700892,0.0047824,18.7661,-1.62602,-42.07,26.46,414.12,-52.3658,-10.9818,0.255943,1014.42
700898,-1.80775,16.834,0.344333,-24.15,25.27,430.85,-54.1132,-9.44806,-1.16177,1014.42
700904,2.86944,15.9302,2.84075,-0.77,23.66,429.87,-54.1419,-6.52523,-0.22608,1014.42
700910,3.5055,19.5074,1.956,25.34,52.85,431.62,-54.8294,-3.89179,0.0291085,1014.42
700916,-1.87948,22.4582,-1.23386,11.06,51.73,429.73,-55.9753,-2.79211,-2.73543,1014.42
700922,-1.50646,19.4692,1.23864,4.55,41.37,426.23,-56.9779,0.0728402,-1.50202,1014.45
700928,0.263032,21.0521,2.2812,9.17,58.38,424.34,-56.4909,2.35901,-0.949114,1014.45
700934,0.985174,19.8996,2.07556,26.32,63.63,434,-57.8373,4.99245,-2.91974,1014.44
700940,-1.13821,17.7044,-1.6308,36.68,100.59,432.53,-57.8659,6.38152,-2.94809,1014.44
700946,-3.46246,9.83261,-2.66858,56.84,87.43,405.72,-57.1498,8.72557,-2.53695,1014.42
700952,3.67288,6.91057,-5.59063,62.44,118.09,360.64,-57.5508,10.896,-4.22403,1014.42
700958,0.468675,7.24534,-9.33046,17.01,161.63,312.62,-57.3503,12.5166,-4.72023,1014.43
700964,-12.9364,1.0043,-8.11573,-32.34,178.64,273.63,-56.0899,14.4265,-4.56429,1014.43
700970,-18.6753,-5.75323,-2.43424,-43.82,95.97,230.58,-56.0326,15.5262,-4.97542,1014.38
700976,16.021,-8.66093,10.7413,47.11,61.81,105.35,-56.9206,16.3365,-6.30807,1014.38
700982,8.35007,8.8857,-0.396939,27.37,102.2,24.22,-55.9753,15.613,-7.00275,1014.45
700988,-4.94022,7.66141,2.66858,36.4,69.37,-39.27,-55.7175,17.523,-6.73339,1014.45
700994,-9.36394,1.12386,3.53419,40.18,30.03,-99.19,-56.8347,15.7867,-6.42149,1014.42
701000,-11.6691,2.76423,1.06648,25.34,-2.87,-134.96,-56.7201,15.8156,-7.64073,1014.42
701006,-12.0134,7.30751,-0.162602,5.6,-31.99,-154.21,-56.319,14.7738,-6.49238,1014.42
701012,-10.1865,8.42181,0.25825,-7.63,-50.68,-160.44,-55.3164,13.7899,-6.2939,1014.41
701018,-8.7231,8.32138,0.349115,-11.83,-62.58,-158.06,-57.0352,12.4587,-6.06706,1014.41
701024,-6.69536,5.35151,-0.813008,-11.27,-70.35,-157.57,-56.5196,12.1404,-5.23061,1014.39
701030,-5.978,2.1186,-1.20038,-2.03,-76.16,-160.51,-56.3763,11.6195,-6.1663,1014.39
701036,-4.99283,-0.779531,-2.12339,9.17,-74.62,-164.22,-57.8946,10.6934,-4.79112,1014.41
701042,-4.22764,-1.55906,-2.43902,24.15,-71.05,-171.22,-56.4623,9.47798,-5.62757,1014.41
701048,-2.47728,-1.65471,-2.65423,40.74,-60.13,-179.06,-56.2617,9.47798,-3.86961,1014.43
701054,-1.82688,-1.21473,-2.78814,54.88,-48.16,-185.36,-56.405,8.0021,-4.83365,1014.43
701060,-1.65949,-0.879962,-2.6638,69.58,-36.4,-195.3,-56.9779,7.04712,-5.21643,1014.43
701066,-1.47298,-0.37781,-2.20469,82.46,-22.68,-207.06,-56.1758,6.2947,-2.94809,1014.43
701072,-1.77427,0.263032,-2.07556,89.67,-13.44,-219.8,-56.7487,4.24004,-3.82707,1014.45
701078,-2.48685,1.83644,-1.75036,91.07,-4.55,-235.27,-56.1472,3.37188,-4.69188,1014.45
701084,-2.92205,2.93161,-1.49211,90.51,2.17,-250.46,-55.9466,2.6484,-4.39416,1014.45
701090,-3.16117,3.65375,-1.14778,85.26,7,-263.97,-56.0326,0.651617,-2.5086,1014.43
701096,-3.41463,4.11765,-0.564323,80.64,11.55,-279.93,-55.3451,-1.08472,-4.28074,1014.43
701102,-3.4768,4.28503,-0.263032,74.83,13.93,-294.28,-55.5169,-2.84999,-3.79872,1014.39
701108,-3.37159,4.2659,0.215208,77.91,20.23,-306.81,-54.2851,-3.19726,-3.88378,1014.39
701114,-4.08417,4.61502,0.272597,76.51,18.48,-317.17,-54.7148,-6.78568,-4.70606,1014.4
701120,-3.42898,4.49067,0.722142,79.52,22.68,-325.43,-54.3138,-8.20369,-4.47922,1014.4
701126,-3.78766,4.99761,1.0043,86.38,23.73,-330.68,-53.3971,-8.86928,-3.52935,1014.4
701132,-3.71114,5.74366,0.970827,94.43,24.99,-332.29,-52.7096,-11.358,-3.41594,1014.4
701138,-2.989,7.45576,0.693448,98,29.12,-333.83,-52.6809,-13.4127,-4.46505,1014.39
701144,-2.50598,8.60832,0.425634,101.99,34.58,-331.59,-51.4778,-14.3098,-3.86961,1014.39
701150,-1.56384,10.4113,0.143472,101.57,42.42,-329,-49.9308,-15.5542,-2.6929,1014.39
701156,-0.707795,11.406,0.282162,100.52,53.2,-325.71,-49.3006,-18.3034,-3.27417,1014.39
701162,0.205643,12.2382,0.35868,101.29,64.75,-319.97,-48.6131,-20.1265,-3.79872,1014.39
701168,0.923003,14.0507,0.47824,96.11,75.88,-314.65,-47.1808,-20.6474,-3.51518,1014.39
701174,1.43472,14.8111,0.970827,90.58,86.94,-307.23,-46.6938,-22.4127,-3.16075,1014.39
701180,1.44428,15.8824,1.98948,88.62,95.13,-296.38,-45.3474,-24.1201,-4.25239,1014.39
701186,1.33907,16.8532,2.51076,85.05,100.73,-282.87,-44.1442,-25.0461,-3.6853,1014.39
701192,1.31038,17.891,3.13247,80.78,104.86,-267.19,-43.4567,-26.7535,-4.56429,1014.4
701198,1.67384,18.0583,3.64897,78.89,105.98,-254.03,-42.1676,-28.8661,-5.08884,1014.4
701204,2.17599,17.5275,4.34242,80.57,105.42,-247.17,-40.9645,-28.6056,-3.89796,1014.4
701210,2.72597,16.5949,4.29938,84.91,104.65,-248.64,-40.4202,-29.0976,-4.73441,1014.4
701216,1.82688,16.834,5.27021,92.12,101.71,-252.28,-39.1311,-31.3548,-4.08226,1014.41
701222,1.67384,17.8431,4.79675,98,97.58,-258.65,-37.4982,-31.8468,-4.94707,1014.41
701228,1.36298,18.4553,4.88283,101.99,91.84,-267.26,-36.7534,-31.268,-4.55011,1014.42
701234,1.12386,19.0196,4.97848,103.88,84.56,-277.06,-36.3237,-34.2198,-3.74201,1014.42
701240,1.15734,19.9809,4.91631,103.67,75.25,-288.68,-33.946,-35.2905,-4.08226,1014.39
701246,1.16212,20.3395,5.04065,103.18,66.29,-299.81,-32.8861,-36.1008,-3.13239,1014.39
701252,0.73649,20.9852,5.19369,101.64,54.39,-308.77,-31.1673,-37.5477,-3.07569,1014.39
701258,0.483022,21.6595,5.19847,100.24,42.28,-314.79,-29.9355,-38.9947,-2.89138,1014.4
701264,0.329986,22.9938,5.20325,98.21,28.42,-316.19,-28.4745,-38.9947,-2.76379,1014.4
701270,0.286944,23.9359,5.16977,95.06,14,-314.93,-26.813,-38.9368,-1.61544,1014.43
701276,0.483022,24.5433,5.14108,91,-2.66,-311.29,-25.6099,-41.5124,-2.04075,1014.43
701282,1.0043,24.9928,4.91631,85.19,-20.09,-308.07,-24.063,-41.5702,-1.54455,1014.4
701288,1.50167,24.8828,4.57197,79.31,-35.07,-305.48,-22.2582,-41.9175,0.638726,1014.4
701294,2.18556,24.1559,4.00765,71.89,-52.64,-302.26,-20.3103,-43.2487,-0.764811,1014.42
701300,2.8264,23.4768,3.44811,63.28,-68.95,-296.03,-19.5941,-43.9722,-0.665572,1014.42
701306,3.72071,22.3003,3.17073,57.4,-80.78,-287.21,-17.7034,-43.8564,0.383537,1014.38
701312,5.55715,19.0148,3.79723,56.42,-88.62,-271.11,-16.7008,-44.6667,1.85796,1014.38
701318,6.99187,16.6906,5.27977,68.11,-99.19,-247.17,-14.3231,-45.7664,1.81543,1014.42
701324,12.6112,18.4888,2.08991,70.84,-105.63,-225.47,-14.094,-45.7374,1.87214,1014.42
701330,17.5992,19.6318,0.0669536,52.43,-97.51,-198.24,-12.8335,-45.1587,2.77947,1014.42
701336,25.0454,16.1597,0.640842,38.43,-88.69,-170.38,-11.0861,-46.9818,2.65188,1014.41
701342,28.7231,12.1808,3.36203,35.91,-75.46,-141.61,-10.0261,-45.7085,2.75112,1014.41
701348,29.1009,8.68006,6.41798,53.2,-66.08,-101.99,-10.2267,-44.7535,3.4458,1014.45
701354,24.4811,8.52702,8.22095,71.96,-64.33,-53.62,-9.65373,-46.3452,3.45998,1014.45
701360,19.6413,10.4256,7.91009,85.05,-65.31,-5.39,-8.96621,-47.0976,3.40327,1014.47
701366,13.9072,13.6538,6.01626,84.49,-66.29,45.15,-8.96621,-45.2166,5.303,1014.47
701372,10.8847,14.5768,5.15543,71.96,-68.25,84.28,-9.85426,-45.7374,5.16123,1014.44
701378,8.24008,14.242,5.34194,61.46,-77.21,106.61,-9.4532,-46.432,4.72174,1014.44
701384,7.27403,13.2425,4.2659,45.78,-77.84,117.95,-11.7736,-45.6796,6.25287,1014.42
701390,6.70971,11.2482,4.11765,35.77,-82.6,114.87,-12.3179,-44.6667,5.81338,1014.42
701396,7.13056,9.17264,3.73984,30.38,-84.21,100.1,-11.9168,-46.403,5.79921,1014.39
701402,6.88666,8.30703,3.43855,23.1,-84.91,76.58,-12.4325,-45.6796,5.71414,1014.39
701408,6.23625,7.87661,3.3955,17.71,-86.66,50.33,-13.2346,-45.1297,7.01844,1014.44
701414,5.38976,8.62745,3.15638,10.92,-88.27,29.26,-13.6929,-46.0847,5.99768,1014.44
701420,4.97848,9.23003,2.93161,5.18,-88.06,14.07,-13.3205,-45.9979,6.47971,1014.44
701426,4.28981,10.7461,1.93687,-3.29,-86.87,6.93,-13.9507,-44.2905,6.22452,1014.41
701432,3.87853,11.0378,1.6308,-10.22,-82.67,6.44,-12.9194,-44.6088,6.9192,1014.41
701438,3.49115,10.8178,1.13343,-16.1,-80.15,11.69,-13.607,-45.8532,6.19617,1014.41
701444,3.52463,9.9187,1.10473,-17.43,-74.34,19.74,-13.3778,-45.6796,6.40882,1014.41
701450,3.78288,8.69919,1.12865,-12.81,-69.65,26.32,-13.4064,-44.6956,7.03262,1014.42
701456,4.66762,7.34098,0.69823,-6.51,-61.81,31.29,-13.8361,-45.7953,6.63566,1014.42
701462,4.99283,6.61884,0.61693,0.77,-54.18,33.67,-12.8335,-44.9272,6.30958,1014.44
701468,5.44237,6.1406,0.425634,7.77,-46.9,34.65,-14.4377,-44.5799,7.00426,1014.44
701474,5.61932,6.43233,0.191296,13.09,-38.71,34.02,-14.1226,-45.2744,7.5997,1014.46
701480,6.26973,6.92013,0.0430416,16.1,-30.03,31.99,-13.9794,-45.5928,6.66401,1014.46
701486,6.51841,7.05404,0.277379,17.92,-23.03,27.79,-14.8101,-44.1169,7.5997,1014.46
701492,-10.5022,50.6552,0.726925,0.35,83.93,86.8,-14.7815,-44.522,6.94755,1014.46
701498,-22.836,35.1076,-19.8183,-234.71,72.66,107.73,-14.9247,-44.985,5.95515,1014.46
701504,-32.9986,-18.1253,17.2597,-89.74,-40.53,139.72,-15.7841,-43.6539,5.28883,1014.43
701510,-18.3022,3.94548,5.33716,57.82,-97.79,173.74,-17.417,-43.8275,6.01186,1014.43
701516,-8.55571,18.9718,-5.21282,-30.38,-59.36,202.02,-17.8467,-44.1458,4.99111,1014.43
701522,-3.49115,9.60784,0.683883,-10.57,-51.24,208.53,-18.6488,-43.7696,5.54402,1014.43
701528,0.0813008,8.86657,3.65375,3.01,-79.59,205.59,-20.4821,-42.2937,5.34554,1014.44
701534,4.2946,11.473,-0.401722,-21.98,-40.25,207.62,-20.9978,-43.2776,5.96933,1014.44
701540,5.1076,13.0081,-0.722142,-33.6,5.95,204.82,-21.7999,-42.2358,5.54402,1014.48
701546,1.66906,11.8125,2.05165,-43.19,1.05,192.85,-22.7452,-40.9625,5.03364,1014.48
701552,0.243902,17.4653,-3.38594,-53.97,-15.89,177.73,-23.9197,-41.194,4.96275,1014.43
701558,-0.765184,14.9402,0.61693,-67.2,-3.64,172.69,-24.3781,-41.7149,5.35971,1014.43
701564,-1.94165,9.67001,1.48254,-51.94,-15.12,167.86,-25.438,-40.3259,4.76427,1014.48
701570,-0.71736,10.8895,0.688666,-48.72,-23.87,164.64,-26.412,-39.776,5.34554,1014.48
701576,0.124342,12.3912,-0.023912,-61.46,-22.19,163.31,-27.5006,-40.9336,3.33238,1014.48
701582,3.62506,12.6064,4.13678,-57.61,-63.91,136.01,-28.2454,-39.805,4.36731,1014.44
701588,7.4175,12.286,-0.83692,-60.13,-60.13,110.11,-28.9615,-38.2133,5.44478,1014.44
701594,15.3467,6.59971,2.38164,-34.44,-0.84,61.74,-30.3079,-39.1104,4.29643,1014.43
701600,-3.11812,9.30655,2.21903,-25.13,-20.02,52.78,-29.3053,-39.2262,3.61593,1014.43
701606,-1.40603,11.4156,-0.511717,-44.8,-28.35,61.18,-29.2194,-37.5188,5.28883,1014.45
701612,-1.36298,9.51219,1.02343,-51.59,-27.44,59.29,-29.6491,-38.4738,4.1263,1014.45
701618,-0.97561,8.4792,2.08991,-30.24,-50.05,51.8,-29.735,-38.8211,4.36731,1014.45
701624,3.73984,9.04352,1.4682,-36.26,-17.64,46.62,-29.4772,-37.895,4.36731,1014.45
701630,1.58776,6.22669,4.49067,-15.61,-16.73,37.59,-29.9642,-36.9979,4.01289,1014.42
701636,-0.162602,8.68006,1.87948,-8.89,-26.25,33.18,-30.5657,-38.4159,3.33238,1014.42
701642,1.59732,10.3395,-0.105213,-20.93,-20.58,29.26,-30.1647,-38.3001,3.07719,1014.46
701648,1.956,8.23051,2.08991,-13.16,-10.43,24.36,-31.3965,-36.8532,3.55922,1014.46
701654,0.468675,9.00526,1.44428,-6.16,-15.05,19.18,-31.2246,-38.1265,1.97138,1014.45
701660,1.20995,9.5648,0.918221,-6.86,-9.03,15.54,-30.4798,-38.5027,3.06302,1014.45
701666,0.607365,9.26829,1.55906,-4.34,-7.77,13.44,-30.5085,-36.7374,2.7653,1014.45
701672,0.0908656,9.63175,1.41081,-1.54,-6.02,12.25,-30.7376,-37.4609,3.4458,1014.48
701678,-0.0573888,9.73218,1.38211,-1.68,-6.02,11.97,-31.3392,-38.9368,2.72277,1014.48
701684,0.0430416,9.97609,0.860832,-2.87,-6.3,11.06,-30.4798,-36.8532,2.33998,1014.47
701690,0.095648,9.97609,0.803443,-4.83,-4.76,9.94,-31.5111,-36.8821,2.36834,1014.47
701696,-0.0286944,9.78957,0.95648,-6.51,-3.71,9.31,-31.2819,-38.5606,3.06302,1014.43
701702,-0.0191296,9.17743,1.69297,-3.5,-2.66,8.4,-30.8809,-36.8821,3.21897,1014.43
701708,-0.0765184,9.10569,1.83166,0.07,-4.62,7.21,-31.9694,-36.94,4.02706,1014.46
701714,0.444763,9.55045,1.26734,0.91,-1.96,7.63,-31.5684,-37.6924,3.50251,1014.46
701720,0.210426,9.72262,1.17647,2.38,-0.56,6.65,-31.6543,-38.6474,3.04884,1014.44
701726,0.0095648,10.0335,0.81779,1.47,-0.98,5.95,-31.0814,-37.5477,3.74352,1014.44
701732,0.191296,10.0383,0.583453,-1.4,0.77,5.18,-31.9408,-37.2294,3.41745,1014.44
701738,-0.10043,9.8087,0.774749,-1.19,-0.84,4.34,-31.4824,-37.895,3.04884,1014.44
701744,0.186514,9.78479,0.85605,-1.47,-0.98,3.43,-31.597,-37.0558,3.88529,1014.44
701750,0.13869,10.0574,0.674318,-4.62,-0.07,2.59,-31.3679,-36.7664,3.60175,1014.45
701756,-0.0191296,9.96652,0.908656,-4.97,0.91,1.89,-31.8262,-37.8082,2.38251,1014.45
701762,-0.124342,9.86131,1.08082,-5.46,0.84,1.75,-31.8835,-37.7214,2.85036,1014.45
701768,-0.167384,10.0239,1.00909,-5.46,0.98,1.89,-31.2533,-36.7374,4.94858,1014.45
701774,-0.11956,9.8374,1.01865,-5.88,0.77,1.82,-30.9095,-37.3741,3.36074,1014.47
701780,-0.0765184,9.67958,1.29603,-5.25,1.4,2.1,-31.6257,-38.0108,2.51011,1014.47
701786,-0.0860832,9.6461,1.23386,-4.55,0.49,1.47,-31.6543,-36.8821,2.68023,1014.42
701792,0.0430416,9.53611,1.28168,-3.43,1.68,1.26,-31.2819,-37.0847,4.08377,1014.42
701798,0.023912,9.46915,1.24342,-2.59,1.33,0.84,-31.1387,-38.2133,2.18403,1014.4
701804,0.0191296,9.46915,1.28647,-1.33,1.75,0.07,-31.5684,-37.1137,2.28327,1014.4
701810,-0.023912,9.55045,1.20516,-1.33,2.38,-0.42,-31.2246,-36.4191,2.93542,1014.45
701816,-0.0573888,9.69871,1.06648,-2.38,2.31,-0.7,-31.8548,-37.432,2.42505,1014.45
701822,-0.0382592,9.48828,1.29603,-1.12,1.26,-0.77,-31.3965,-38.1555,2.55264,1014.45
701828,-0.109995,9.6461,1.16691,-0.84,1.26,-1.33,-31.196,-36.7953,3.64428,1014.46
701834,-0.215208,9.69392,1.1143,-0.56,0.63,-1.05,-31.9121,-37.1715,2.97795,1014.46
701840,-0.210426,9.84696,0.966045,-0.7,0.91,-0.42,-31.3679,-38.3291,2.66606,1014.45
701846,-0.210426,9.80392,0.970827,-1.26,0.21,-0.42,-31.7403,-36.7085,3.72934,1014.45
701852,-0.186514,9.72262,1.033,-1.96,-0.35,-0.98,-31.4824,-37.1137,3.17643,1014.47
701858,-0.153037,9.71784,1.033,-1.96,-1.12,-0.7,-31.11,-37.9529,2.79365,1014.47
701864,-0.196078,9.68436,1.12386,-2.66,-2.17,-1.4,-32.1986,-36.5638,2.85036,1014.47
701870,0.0143472,9.51698,1.23864,-1.61,-2.24,-1.82,-31.9121,-36.3612,3.23314,1014.47
701876,-0.124342,9.62219,1.22429,-1.05,-1.89,-1.4,-31.7689,-37.6346,3.60175,1014.44
701882,-0.315638,9.71784,1.13821,-0.98,-2.17,-1.19,-31.7116,-36.6796,2.32581,1014.44
701888,-0.272597,9.71305,1.0043,-2.1,-4.2,-1.19,-31.8548,-36.1587,2.53846,1014.46
701894,-0.0669536,9.8374,1.09517,-2.73,-3.92,-0.84,-32.1986,-37.3162,2.79365,1014.46
701900,0.109995,9.77044,1.21473,-2.59,-2.73,-1.33,-31.8262,-38.4159,2.86454,1014.43
701906,-0.157819,9.60784,1.48733,-1.12,-1.89,-1.26,-31.4538,-35.8403,3.27567,1014.43
701912,0.0526064,9.61741,1.31038,-0.42,-2.03,-1.33,-31.7403,-37.0558,2.83618,1014.43
701918,-0.0143472,9.61262,1.29603,-0.91,-1.61,-1.89,-31.683,-37.6635,3.28985,1014.46
701924,-0.11956,9.62697,1.23386,0.14,-3.5,-2.45,-31.8835,-36.477,3.37491,1014.46
701930,-0.129125,9.77523,1.00909,-1.19,-3.22,-2.1,-31.7116,-36.9111,3.33238,1014.45
701936,-0.13869,9.78001,0.832138,-2.17,-5.04,-2.66,-31.9121,-37.5188,2.53846,1014.45
701942,-0.109995,9.57915,1.20038,-2.8,-5.74,-3.15,-31.683,-37.6924,2.73694,1014.47
701948,0.0669536,9.44524,1.28647,-1.82,-4.76,-3.57,-31.7116,-36.3612,3.80023,1014.47
701954,-0.176949,9.6461,1.37255,-0.42,-3.92,-2.94,-31.5684,-37.2584,3.02049,1014.44
701960,-0.368245,9.78001,1.40603,0.07,-3.92,-2.31,-31.3106,-37.0268,3.02049,1014.44
701966,-0.363462,9.81827,1.50167,0.77,-3.71,-1.54,-31.4538,-36.3323,2.75112,1014.43
701972,-0.196078,9.8374,1.34864,2.59,-2.73,-1.05,-32.1986,-36.3612,2.80783,1014.43
701978,-0.564323,10.33,1.09039,0.98,-3.71,0,-30.9954,-37.6346,3.77187,1014.45
701984,-0.793878,10.7078,0.81779,-1.12,-4.48,2.03,-31.7689,-36.7953,4.33896,1014.45
701990,-0.406504,10.2582,0.903874,-2.52,-5.88,2.66,-31.2533,-36.477,4.09795,1014.45
701996,-0.157819,10.0096,1.11908,-2.45,-4.69,3.29,-31.9121,-37.8371,2.38251,1014.44
702002,-0.306074,10.0383,1.02822,-3.15,-5.53,4.62,-31.0814,-37.6346,2.55264,1014.44
702008,-0.401722,10.1148,1.16691,-4.2,-4.9,4.62,-31.4538,-36.1587,3.20479,1014.44
702014,-0.49737,10.2152,1.13821,-5.25,-6.3,6.09,-31.0527,-37.0558,2.77947,1014.44
702020,0.109995,9.66045,1.13821,-3.99,-4.97,6.3,-31.5397,-37.9529,2.90707,1014.47
702026,0.176949,9.49785,1.50167,-3.01,-3.29,4.69,-31.2246,-36.8821,4.01289,1014.47
702032,0.0621712,9.63175,1.31994,-3.36,-3.85,4.83,-31.2533,-37.1137,3.99871,1014.46
702038,0.0765184,9.64132,1.45385,-1.33,-1.05,4.27,-31.3106,-37.8371,2.51011,1014.46
702044,-0.363462,9.89479,1.07126,0.28,1.05,4.76,-31.6257,-36.7374,3.4458,1014.43
702050,0.176949,9.68436,0.808226,-3.01,-0.28,3.71,-31.2246,-36.5349,4.05542,1014.43
702056,0.200861,9.3735,1.32472,-0.35,1.82,3.57,-31.3965,-37.0558,3.65846,1014.46
702062,-0.449546,10.0383,1.24821,-0.21,-1.47,3.64,-32.4278,-37.2005,3.70099,1014.46
702068,0.411286,9.5935,0.879962,-1.26,2.1,2.8,-32.3132,-36.2455,3.54504,1014.46
702074,-1.30081,10.3395,1.36777,-1.89,-1.68,3.78,-32.17,-36.8532,3.31821,1014.45
702080,-0.109995,10.1817,0.57867,-1.82,0.42,3.29,-32.5424,-37.7214,3.82858,1014.45
702086,-0.760402,10.1435,1.3056,-4.13,0.84,6.58,-32.2845,-37.1426,3.91365,1014.46
702092,-0.683883,10.373,1.15256,-5.18,-2.17,7.28,-32.5137,-37.1137,3.38909,1014.46
702098,-0.0573888,10.2009,0.703013,-6.79,-0.14,8.4,-32.0554,-38.3291,3.61593,1014.47
702104,-0.449546,10.2296,1.09995,-7.42,-1.19,10.5,-31.9981,-36.6796,2.31163,1014.47
702110,-0.0860832,10.2822,0.693448,-9.73,-1.19,10.15,-32.0554,-36.7085,3.09137,1014.44
702116,0.181731,9.5648,1.17647,-8.05,2.66,10.64,-32.4278,-37.7503,2.68023,1014.44
702122,-0.5978,10.5643,1.04735,-11.48,-2.24,10.85,-31.6543,-36.7953,2.65188,1014.48
702128,0.176949,10.1339,1.07604,-11.2,2.94,10.78,-32.17,-35.7825,3.65846,1014.48
702134,-0.023912,9.79436,1.19082,-10.99,1.12,9.8,-31.9408,-36.1008,3.31821,1014.44
702140,0.344333,9.99522,1.05213,-11.62,2.45,10.92,-32.3418,-36.9979,1.97138,1014.44
702146,0.047824,10.3922,1.22908,-12.11,5.32,10.78,-32.3705,-35.8114,2.85036,1014.48
702152,0,10.4017,0.669536,-15.96,3.22,10.08,-31.9981,-36.94,2.68023,1014.48
702158,0.229555,10.3204,1.03778,-16.31,9.8,11.27,-32.1413,-37.5477,1.80125,1014.48
702164,-0.554758,10.3252,0.927786,-18.2,3.99,12.32,-32.3991,-36.6217,1.58859,1014.45
702170,0.105213,10.6074,0.913438,-19.46,7.98,13.58,-33.0294,-36.4481,2.16986,1014.45
702176,-0.23912,10.5308,0.793878,-24.36,7,14.07,-32.1413,-37.2294,2.6377,1014.44
702182,0.071736,10.2678,1.44428,-26.25,8.54,15.75,-32.8575,-37.0558,2.18403,1014.44
702188,-0.133907,11.1286,1.20995,-24.64,10.78,14.91,-32.4278,-35.8114,3.20479,1014.47
702194,-0.0573888,11.5065,0.526064,-34.79,14,16.66,-32.2272,-36.8243,2.42505,1014.47
702200,-0.463893,10.6456,2.05165,-34.44,13.37,17.78,-32.571,-37.5188,1.39011,1014.44
702206,-0.0286944,10.5261,1.40124,-37.66,15.12,17.64,-32.8288,-35.8114,3.27567,1014.44
702212,-0.396939,10.6217,1.61167,-41.16,11.97,18.55,-32.9721,-35.9561,1.2767,1014.46
702218,-0.808226,11.3534,1.94165,-42.28,15.4,22.47,-33.4018,-36.9111,0.383537,1014.46
702224,-1.42516,11.6069,2.17599,-45.01,11.48,24.43,-33.1439,-36.1587,-0.254434,1014.44
702230,-2.99856,9.37829,4.36633,-29.19,0.77,35.42,-33.8315,-34.9143,1.16328,1014.44
702236,-3.69201,9.20134,5.74844,5.53,-20.23,44.87,-33.0866,-35.8693,0.36936,1014.44
702242,-2.00383,15.3898,0.774749,-12.6,-16.52,52.5,-33.2872,-35.9561,1.24834,1014.44
702248,-1.78862,13.2951,1.41081,-16.8,-13.44,61.32,-33.946,-34.8854,0.511131,1014.44
702254,-1.22429,11.4443,3.04161,-9.73,-15.26,66.43,-34.7195,-35.3194,0.723788,1014.43
702260,-0.71736,11.7934,2.85988,-5.25,-17.71,70.84,-34.2898,-35.8982,0.383537,1014.43
702266,-0.71736,12.1856,2.51554,-4.41,-14.35,76.3,-34.5763,-35.0011,-0.282789,1014.39
702272,-0.750837,11.956,2.1186,-0.07,-13.72,81.55,-36.3237,-34.7985,-0.679749,1014.39
702278,-0.789096,12.879,1.69297,-1.61,-15.61,87.01,-35.0346,-34.8854,0.411891,1014.42
702284,-0.49737,12.6973,1.75036,-1.05,-12.25,93.8,-36.4383,-34.3355,1.17746,1014.42
702290,-0.411286,12.7403,1.51124,0.28,-11.13,99.61,-36.9539,-32.9465,0.525308,1014.43
702296,-0.530846,13.1899,0.889526,-3.08,-11.97,106.75,-36.8966,-33.7857,-0.353674,1014.43
702302,-0.124342,12.9555,0.946915,-4.06,-3.85,112.84,-38.0998,-32.8307,1.1491,1014.42
702308,-0.765184,12.8886,1.22908,-3.36,-6.93,116.9,-37.8706,-31.4706,0.752143,1014.42
702314,-0.368245,13.3668,1.16691,-4.13,-7,123.62,-37.8993,-31.5574,0.085817,1014.42
702320,-0.196078,13.6394,0.679101,-7.21,1.82,130.76,-38.4436,-31.268,-0.0134229,1014.42
702326,-0.554758,13.2425,1.37733,-7.42,0.84,136.57,-39.4175,-30.0815,1.71619,1014.42
702332,-0.329986,13.1229,1.82209,-5.95,0.21,142.24,-39.8472,-30.0526,1.09239,1014.44
702338,-0.387374,13.7829,1.58297,-6.79,3.29,148.96,-40.7926,-30.7182,-0.410383,1014.44
702344,-1.1956,14.0698,2.066,-6.79,3.78,156.8,-41.6806,-28.5188,0.808851,1014.44
702350,-1.58776,14.5289,2.38164,-6.86,-0.84,164.29,-41.2796,-27.8821,0.411891,1014.44
702356,-0.564323,13.8546,1.98948,-3.43,1.68,172.76,-42.4254,-28.0558,-0.141017,1014.43
702362,-0.157819,12.4295,1.74079,-1.47,6.51,180.18,-43.6286,-27.014,-0.0843086,1014.43
702368,-0.0143472,11.7408,2.29555,5.81,3.99,184.1,-43.6286,-25.1619,0.553663,1014.45
702374,1.72166,11.6069,2.25251,8.89,9.03,186.41,-45.5193,-26.1747,-0.849874,1014.45
702380,2.27164,10.4065,2.1999,19.32,9.73,186.62,-46.1781,-24.4095,0.539486,1014.43
702386,3.24725,8.7231,0.980392,32.41,21.21,184.03,-46.2068,-23.194,1.02151,1014.43
702392,4.35677,6.64275,0.502152,50.96,19.95,176.89,-46.8657,-23.1651,0.511131,1014.43
702398,5.82018,7.91487,1.27212,64.89,31.92,170.66,-47.2667,-22.731,-0.509623,1014.43
702404,3.89287,7.2549,-0.329986,86.52,38.5,167.58,-47.4099,-20.9368,0.426068,1014.43
702410,4.44285,8.38833,-1.86514,82.04,44.94,155.96,-47.0948,-19.8371,0.922268,1014.44
702416,4.92587,11.736,-3.42898,65.03,53.06,133.84,-48.2121,-20.7342,-0.807343,1014.44
702422,4.82544,9.9187,-4.04113,50.96,67.69,112.42,-48.9282,-20.0108,-0.438737,1014.44
702428,2.85031,7.05404,-4.33764,44.52,99.96,86.17,-48.8136,-17.9561,-0.438737,1014.44
702434,-2.23816,5.5715,-5.75323,21.49,118.72,50.4,-49.3866,-19.3741,-0.0417772,1014.46
702440,-3.68245,6.1406,-5.17934,5.67,132.58,27.86,-49.3866,-18.9979,-1.84227,1014.46
702446,-3.62984,10.8943,-3.28073,-16.24,138.11,17.36,-48.4126,-18.3323,-1.98405,1014.43
702452,-3.14204,10.0622,0.444763,-27.16,128.59,5.53,-48.7277,-18.6506,-2.26759,1014.43
702458,-1.63558,4.95457,3.59158,-8.54,120.19,-23.31,-49.2147,-19.0268,-3.01898,1014.46
702464,-7.10665,3.06552,-1.78384,-9.17,119.35,-43.12,-49.186,-18.5928,-3.1891,1014.46
702470,-8.21138,0.353898,-1.00909,-5.6,108.01,-61.46,-48.5558,-18.5349,-3.01898,1014.43
702476,-9.52176,2.04687,0.908656,3.99,93.17,-69.72,-48.8423,-20.0108,-5.07466,1014.43
702482,-9.25394,3.16117,1.09995,12.11,77.98,-69.72,-48.2693,-19.7792,-5.07466,1014.43
702488,-8.57484,2.90292,0.803443,19.39,61.11,-69.37,-47.5532,-18.94,-4.53593,1014.44
702494,-8.07747,2.08991,0.712578,26.6,47.95,-71.05,-47.5532,-20.3291,-5.00378,1014.44
702500,-7.78096,1.61645,0.683883,35.56,32.97,-74.69,-46.8084,-21.1394,-4.94707,1014.47
702506,-6.69058,1.44428,0.45911,43.26,22.61,-80.15,-47.0948,-20.2712,-4.25239,1014.47
702512,-5.92061,1.42037,0.215208,49.07,16.38,-87.92,-46.8943,-19.8082,-5.21643,1014.43
702518,-4.98804,1.58776,0.0095648,55.93,12.25,-96.81,-46.6651,-22.9047,-5.38656,1014.43
702524,-4.38068,1.86514,-0.272597,61.39,10.99,-106.82,-45.8917,-22.0075,-4.8053,1014.44
702530,-3.90244,2.15208,-0.315638,65.38,12.18,-116.97,-46.7224,-22.268,-3.89796,1014.44
702536,-3.36681,3.099,-0.396939,67.06,15.68,-127.47,-46.1781,-23.6281,-5.47162,1014.44
702542,-3.25203,3.76375,-0.329986,66.01,21,-137.69,-45.2042,-24.8146,-3.72783,1014.44
702548,-3.11812,4.84457,-0.109995,64.54,25.06,-146.72,-43.8864,-23.2519,-3.96885,1014.41
702554,-3.11334,5.2989,0.282162,61.32,30.17,-156.45,-44.2015,-26.0879,-4.11062,1014.41
702560,-3.34768,5.94931,0.884744,57.61,32.9,-166.18,-43.514,-27.1297,-5.00378,1014.41
702566,-3.43376,6.54711,1.10473,52.99,35.49,-173.67,-43.1129,-27.2744,-3.34505,1014.43
702572,-3.47202,7.011,1.3869,48.37,37.1,-180.88,-41.652,-26.9272,-3.92631,1014.43
702578,-3.72071,7.55141,1.8747,44.87,37.1,-187.11,-42.053,-30.1394,-6.05289,1014.43
702584,-3.73505,7.79531,2.1999,44.03,34.93,-192.64,-40.4488,-29.0108,-4.53593,1014.43
702590,-3.61549,8.42181,2.62076,42.7,29.89,-198.52,-39.6754,-29.3001,-3.95467,1014.47
702596,-3.5868,9.06743,2.78336,43.26,22.75,-202.37,-38.7587,-31.4127,-3.94049,1014.47
702602,-3.44811,9.77523,2.93639,44.73,14.49,-204.26,-38.2717,-32.1362,-4.16733,1014.43
702608,-3.20421,11.0665,2.97465,44.87,3.22,-203.98,-37.1545,-32.3387,-4.03973,1014.43
702614,-2.68293,11.8508,2.84553,44.59,-7.91,-201.81,-36.0945,-33.1201,-2.77797,1014.42
702620,-1.6834,12.9077,2.46294,45.5,-18.62,-198.94,-35.3497,-34.8564,-3.48682,1014.42
702626,-0.659971,13.4194,2.09947,47.32,-29.47,-196.98,-35.1206,-34.1908,-3.06151,1014.46
702632,1.23386,13.5438,1.85557,50.89,-38.15,-197.75,-33.8315,-35.522,-2.56531,1014.46
702638,2.19512,13.6585,1.72645,55.79,-45.22,-200.13,-33.0294,-37.0847,-2.23923,1014.48
702644,3.07508,14.1942,1.49211,59.5,-51.24,-201.32,-31.6543,-35.9561,-2.02658,1014.48
702650,4.47633,14.9785,1.39168,62.3,-54.04,-198.59,-31.2533,-36.5638,-1.21848,1014.48
702656,5.41846,15.4567,1.69775,64.19,-56.63,-192.64,-29.8496,-38.387,-1.36025,1014.44
702662,7.22142,16.3654,2.42946,66.22,-56.14,-181.44,-29.0188,-38.5317,-0.764811,1014.44
702668,8.28312,17.3027,2.94118,63.98,-55.93,-164.71,-28.9902,-37.3162,0.638726,1014.43
702674,9.56002,17.714,3.73027,61.39,-52.64,-147.7,-27.6438,-39.8629,0.681257,1014.43
702680,10.5022,43.912,6.19799,133.07,-61.18,-79.8,-27.0709,-40.5285,-0.296966,1014.46
702686,20.0909,101.808,-0.932568,-196.21,-57.54,84.63,-27.9876,-39.6892,1.48935,1014.46
702692,34.5959,-17.5131,6.71449,-204.96,94.15,48.72,-28.0735,-39.2841,-0.382029,1014.47
702698,-2.57293,4.05548,15.1076,-88.9,-102.34,100.1,-27.8443,-40.4995,-1.16177,1014.47
702704,43.7111,15.8297,15.2032,-16.8,-140.77,146.09,-28.761,-38.5606,-0.651394,1014.43
702710,41.4395,24.8685,-9.13917,-124.88,13.44,134.05,-29.3912,-38.1555,0.185057,1014.43
702716,25.5428,4.15591,-0.0095648,-134.75,36.75,26.95,-29.9069,-38.7921,-2.40936,1014.42
702722,7.99617,-5.87279,11.2147,-8.75,-31.78,-58.87,-29.5918,-38.7632,-1.8281,1014.42
702728,2.7164,9.74175,3.32377,-4.06,-12.11,-61.88,-28.8756,-38.0397,-1.8281,1014.42
702734,-3.62506,18.3214,-5.64801,-49.21,52.71,-35.14,-28.8469,-39.3709,-2.33847,1014.46
702740,-16.7288,12.812,-0.37781,-74.83,0.77,6.44,-28.8756,-39.1683,-3.44429,1014.46
702746,-11.8317,7.90531,5.35151,-43.12,-40.32,22.96,-29.4772,-38.2133,-2.86303,1014.42
702752,-2.27164,8.66093,4.75849,-23.94,-10.36,30.24,-29.1048,-38.4159,-2.74961,1014.42
702758,-4.31851,7.8814,4.40937,-10.99,-30.94,37.03,-28.9329,-39.2841,-3.96885,1014.43
702764,-0.506934,9.98565,1.53037,-12.39,-26.74,41.79,-29.4772,-38.0976,-2.94809,1014.43
702770,1.59254,9.49785,1.74558,-9.45,-11.62,38.36,-30.0501,-37.7214,-2.02658,1014.45
702776,0.875179,8.80918,2.45337,-6.65,-9.1,31.08,-30.136,-38.8789,-3.88378,1014.45
702782,1.03778,10.4017,0.846485,-0.91,-8.05,29.12,-30.1933,-38.3001,-3.11822,1014.45
702788,3.19943,10.2009,0.506934,-10.57,-3.99,16.8,-30.8809,-37.2005,-2.87721,1014.45
702794,0.215208,8.48398,3.1803,2.24,1.26,13.72,-29.9355,-37.7503,-2.33847,1014.48
702800,-1.26734,9.54567,2.1473,6.65,-2.1,14.42,-29.7923,-38.358,-3.69948,1014.48
702806,-1.13821,10.5882,0.612147,3.29,-2.94,16.66,-30.6517,-37.6346,-1.57291,1014.48
702812,0.191296,11.0139,-0.148254,-7.56,4.48,19.18,-30.5944,-38.5317,-2.23923,1014.47
702818,-0.554758,10.1578,0.789096,-5.67,0.42,17.08,-30.7663,-38.0108,-2.93391,1014.47
702824,0.129125,9.86609,1.14299,-6.23,-3.99,13.79,-30.6803,-37.5477,-3.10404,1014.44
702830,0.659971,10.1769,0.664754,-9.8,1.47,10.5,-30.6517,-37.3162,-3.13239,1014.44
702836,-0.363462,9.07221,2.08513,-4.13,-0.14,9.31,-30.8236,-37.2584,-3.11822,1014.47
702842,-0.549976,9.93304,1.45863,-7.42,-3.08,8.89,-30.6803,-37.5477,-2.57949,1014.47
702848,-0.602582,9.7561,1.21951,-8.12,-2.94,9.17,-31.11,-36.7953,-2.35265,1014.44
702854,0.23912,9.34959,1.56384,-6.79,-1.19,8.4,-30.9668,-37.8082,-4.08226,1014.44
702860,-0.243902,9.57436,1.56384,-7.63,-2.17,6.79,-30.1647,-38.4448,-4.03973,1014.43
702866,-0.143472,9.2396,1.94644,-3.85,-2.17,6.72,-31.0527,-36.7664,-2.55113,1014.43
702872,-0.253467,9.52176,1.61167,-2.73,-2.87,5.04,-31.2819,-37.2584,-3.14657,1014.46
702878,-0.196078,9.89,1.45863,-5.11,0.7,4.69,-30.5371,-38.387,-4.13897,1014.46
702884,-0.176949,9.09613,1.82688,-2.38,-0.28,3.5,-31.1387,-37.2873,-2.80632,1014.47
702890,-0.310856,9.19656,2.18556,-1.05,-1.19,2.1,-32.4851,-37.1137,-1.94151,1014.47
702896,-0.172166,9.54089,1.9034,-0.28,0.21,1.19,-31.0814,-38.2712,-3.79872,1014.47
702902,-0.0573888,8.9957,1.82209,3.15,1.47,0.49,-31.6257,-37.4609,-2.60784,1014.46
702908,-0.224773,9.28264,1.7121,3.64,0.84,-0.28,-31.7403,-36.9111,-1.65797,1014.46
702914,-0.286944,9.46915,1.57819,4.2,-1.12,-0.98,-30.9954,-37.8661,-1.94151,1014.44
702920,-0.353898,9.95218,1.27212,0.98,1.19,-1.33,-30.709,-37.895,-2.57949,1014.44
702926,-0.325203,9.56958,1.58297,4.13,0.63,-1.68,-30.9954,-36.7374,-1.87063,1014.43
702932,-0.463893,9.79914,1.51602,3.99,-0.14,-1.19,-31.5397,-36.7085,-2.63619,1014.43
702938,-0.444763,10.0239,1.24821,2.1,-1.19,-1.26,-30.8522,-38.7053,-3.48682,1014.45
702944,-0.530846,10.0909,1.16212,1.96,-0.14,-0.77,-31.2246,-36.9111,-2.74961,1014.45
702950,-0.57867,10.33,1.14778,-0.14,1.68,0.28,-30.9954,-36.5349,-3.0048,1014.45
702956,-0.932568,10.2152,1.15256,-2.31,-2.38,0.21,-30.6803,-37.2584,-3.74201,1014.45
702962,-0.176949,9.93783,1.22908,-2.24,0.21,0.84,-30.8522,-37.7503,-3.01898,1014.44
702968,-0.401722,9.74653,1.5208,-2.66,0.14,0.49,-30.7663,-36.014,-2.36683,1014.44
702974,-0.310856,9.63175,1.67862,-2.17,-0.84,0.07,-30.9095,-37.7793,-3.40176,1014.44
702980,-0.373027,9.51219,1.81253,-0.07,-0.21,-0.14,-30.7376,-37.5188,-3.45847,1014.43
702986,-0.291726,9.42611,1.75992,0.91,-0.91,-0.63,-31.2246,-36.7953,-2.29594,1014.43
702992,-0.13869,9.49785,1.64515,0.49,0.91,-1.05,-31.2819,-37.5767,-3.03315,1014.47
702998,-0.435198,9.58393,1.66906,1.19,-0.84,-1.47,-30.8809,-38.3001,-2.80632,1014.47
703004,-0.153037,9.45002,1.70253,2.94,0.91,-2.1,-31.196,-37.0558,-2.97645,1014.48
703010,-0.368245,9.56002,1.66906,3.5,0.84,-2.87,-31.6543,-37.0268,-2.12582,1014.48
703016,-0.325203,9.63654,1.55428,4.13,1.05,-2.94,-30.9382,-38.0976,-2.05493,1014.41
703022,-0.373027,9.78001,1.42516,3.43,1.4,-3.29,-30.709,-37.6346,-2.84885,1014.41
703028,-0.511717,9.62697,1.7121,3.71,0.98,-3.01,-31.7116,-36.7953,-1.64379,1014.43
703034,-0.693448,9.61741,1.86514,4.69,-0.56,-2.66,-30.7376,-37.4899,-2.23923,1014.43
703040,-0.521282,10,1.26734,3.99,0.42,-1.96,-30.3652,-38.1555,-2.87721,1014.46
703046,-0.449546,10.0143,1.12865,3.5,1.82,-1.12,-31.11,-36.3323,-2.65037,1014.46
703052,-0.741272,10.4352,0.789096,0.35,-1.05,-0.42,-31.4824,-37.1426,-1.57291,1014.46
703058,-0.310856,10.2678,0.841702,-2.59,-0.91,-0.42,-31.0814,-38.358,-2.89138,1014.44
703064,-0.420851,9.67958,1.55428,-1.54,-0.49,-0.49,-30.709,-37.8371,-2.52278,1014.44
703070,-0.473458,9.69871,1.53037,-1.75,-1.33,-0.49,-31.4538,-36.7664,-2.67873,1014.44
703076,-0.310856,9.58393,1.65471,-0.49,0.28,-0.63,-31.1387,-37.8371,-2.26759,1014.44
703082,-0.487805,9.66045,1.59254,-0.21,-0.84,-0.42,-30.9954,-37.1715,-2.84885,1014.44
703088,-0.315638,9.77523,1.35342,-1.4,-0.42,-0.77,-31.6543,-35.9272,-1.89898,1014.44
703094,-0.349115,9.42133,1.72645,0.21,-0.14,-0.91,-31.8548,-37.5767,-3.20328,1014.47
703100,-0.320421,9.41655,1.78862,1.96,0.35,-1.05,-31.0814,-37.8371,-3.37341,1014.47
703106,-0.468675,9.53132,1.74079,1.61,-0.35,-0.98,-30.4798,-36.6217,-3.04733,1014.43
703112,-0.229555,9.53611,1.62123,2.03,1.61,-1.47,-31.11,-37.2005,-2.89138,1014.43
703118,-0.483022,9.68914,1.59732,1.89,1.61,-1.26,-30.5944,-38.0976,-3.40176,1014.43
703124,-0.683883,9.89,1.39168,2.87,1.75,-0.14,-31.2819,-37.5767,-3.501,1014.43
703130,-0.923003,9.99043,1.39646,1.89,-0.14,0.35,-30.8236,-37.3741,-1.81392,1014.42
703136,-0.45911,10.0383,1.17647,-0.07,-0.42,1.75,-30.8236,-37.9818,-3.06151,1014.42
703142,-0.535629,9.86131,1.45385,0.7,0.07,1.89,-30.5371,-37.7214,-3.34505,1014.42
703148,-0.530846,9.93783,1.33907,-0.84,-0.49,2.38,-31.11,-36.969,-2.60784,1014.46
703154,-0.487805,9.72262,1.53037,-0.35,-1.05,2.45,-31.4251,-37.5188,-3.52935,1014.46
703160,-0.320421,9.70349,1.47776,0.21,-0.63,2.73,-31.597,-38.387,-3.82707,1014.45
703166,-0.315638,9.66523,1.5208,-0.21,0,2.38,-31.0241,-37.4609,-3.40176,1014.45
703172,-0.387374,9.69871,1.52559,-0.21,0.14,2.1,-31.11,-37.2005,-2.23923,1014.41
703178,-0.306074,9.65088,1.47298,0.56,0.21,2.03,-31.7116,-37.9818,-3.13239,1014.41
703184,-0.253467,9.68914,1.42516,0,0.42,1.54,-30.9668,-37.3741,-2.74961,1014.42
703190,-0.267814,9.65088,1.47298,-0.35,0.14,1.12,-31.3965,-36.477,-2.3243,1014.42
703196,-0.272597,9.67958,1.48733,0.07,0.77,0.42,-31.7689,-37.0268,-3.10404,1014.43
703202,-0.286944,9.62697,1.48254,-0.49,-0.14,0.42,-30.9095,-37.2005,-3.14657,1014.43
703208,-0.277379,9.55523,1.6308,0.28,0.63,-0.21,-31.5684,-36.0429,-2.67873,1014.47
703214,-0.329986,9.63175,1.51602,1.4,0.91,-0.28,-31.3965,-37.2005,-2.84885,1014.47
703220,-0.401722,9.67001,1.53037,1.12,1.19,-0.14,-31.5684,-37.7793,-3.04733,1014.47
703226,-0.659971,9.82305,1.4395,0.84,-0.63,-0.14,-31.1673,-37.1426,-2.39518,1014.43
703232,-0.248685,9.81349,1.28168,0.42,1.05,-0.14,-32.1127,-37.4609,-3.34505,1014.43
703238,-0.636059,9.76566,1.5495,0,-0.7,0.14,-31.0527,-37.6924,-2.89138,1014.4
703244,-0.530846,9.95696,1.32951,-0.28,-0.63,0.77,-31.1673,-36.3902,-3.47265,1014.4
703250,-0.540411,9.8374,1.44428,-0.84,-0.84,1.33,-30.9954,-36.3323,-2.42354,1014.46
703256,-0.35868,9.69392,1.52559,-0.77,-1.33,1.19,-30.709,-37.5767,-3.16075,1014.46
703262,-0.306074,9.7274,1.44907,-1.05,0.14,1.33,-31.2819,-37.4899,-3.21746,1014.46
703268,-0.521282,9.73218,1.53037,-1.19,-0.35,1.47,-31.0527,-35.6378,-3.54353,1014.46
703274,-0.396939,9.76088,1.48733,-0.98,0.14,1.4,-32.4851,-37.0558,-2.90556,1014.46
703280,-0.349115,9.63654,1.63558,-0.56,-0.35,1.19,-31.6543,-37.8661,-3.28834,1014.46
703286,-0.224773,9.65088,1.50646,-0.42,0.21,1.19,-32.1986,-36.5928,-3.10404,1014.46
703292,-0.253467,9.63654,1.55428,0,-0.14,0.91,-32.1986,-36.5349,-2.80632,1014.46
703298,-0.301291,9.6461,1.55906,0.49,0.07,0.56,-32.3991,-37.8371,-3.52935,1014.46
703304,-0.253467,9.64132,1.53515,0.07,0.21,0.42,-31.8262,-36.4481,-3.04733,1014.45
703310,-0.272597,9.57436,1.59254,1.12,0.14,-0.07,-31.683,-36.3323,-2.22506,1014.45
703316,-0.23912,9.55523,1.6308,1.75,0.42,-0.42,-31.9694,-37.1715,-3.69948,1014.42
703322,-0.363462,9.66523,1.50646,1.05,0.07,-0.42,-31.3679,-37.2584,-4.33745,1014.42
703328,-0.277379,9.66523,1.44907,0.98,0.49,-0.56,-31.7403,-36.1297,-3.17493,1014.48
703334,-0.47824,9.6748,1.53037,1.12,-0.77,-0.7,-31.9408,-36.9111,-2.18253,1014.48
703340,-0.344333,9.73218,1.44428,0.77,0.14,-0.56,-32.3991,-37.9818,-2.83467,1014.46
703346,-0.506934,9.77044,1.44428,0.28,-0.7,-0.56,-31.7403,-36.7374,-2.52278,1014.46
703352,-0.454328,9.83261,1.42994,0.35,0.42,0.21,-31.3392,-36.969,-3.6853,1014.43
703358,-0.559541,9.84696,1.37255,-0.7,-1.12,0.14,-31.5397,-38.1844,-3.85543,1014.43
703364,-0.272597,9.71784,1.48254,0.14,0.07,0.28,-31.8548,-37.1426,-2.84885,1014.46
703370,-0.430416,9.75131,1.47298,-0.35,-0.56,0.28,-31.1387,-35.8403,-2.80632,1014.46
703376,-0.306074,9.71784,1.48254,-0.84,0.07,0.42,-31.5111,-37.1137,-3.01898,1014.46
703382,-0.425634,9.66523,1.56863,-0.56,-0.91,0.35,-31.3392,-37.2294,-3.3167,1014.46
703388,-0.315638,9.74175,1.43472,-0.28,-0.63,0.49,-31.5111,-36.1587,-2.31012,1014.46
703394,-0.325203,9.68914,1.50646,-0.56,-0.56,0,-31.8548,-37.432,-2.87721,1014.46
703400,-0.363462,9.72262,1.50167,-0.49,-0.91,-0.14,-31.7403,-37.6056,-3.07569,1014.46
703406,-0.243902,9.62219,1.60689,0.56,0.07,-0.07,-31.6257,-36.9979,-2.40936,1014.44
703412,-0.411286,9.75131,1.49211,-0.07,-0.63,-0.14,-31.597,-37.2005,-2.23923,1014.44
703418,-0.277379,9.66045,1.51602,0.42,0.7,-0.14,-32.1127,-37.5188,-3.40176,1014.42
703424,-0.37781,9.70349,1.50167,0.77,0,-0.42,-31.7403,-37.1426,-3.41594,1014.42
703430,-0.301291,9.71784,1.50167,0.7,0.84,-0.63,-32.3132,-36.4481,-2.15417,1014.47
703436,-0.430416,9.67958,1.55428,0.35,0.63,-0.56,-31.5397,-37.7793,-2.56531,1014.47
703442,-0.425634,9.73697,1.45863,0.35,0.21,-0.14,-31.8262,-37.8371,-2.40936,1014.48
703448,-0.487805,9.77523,1.46341,0.63,-0.07,17.5,-31.3106,-36.3323,-2.73543,1014.48
703454,-0.430416,9.78957,1.44907,0.21,-0.42,0.21,-32.084,-37.2294,-3.33087,1014.44
703460,-0.416069,9.79436,1.42516,0.07,0.21,0.56,-31.0241,-37.2294,-2.91974,1014.44
703466,-0.468675,9.85653,1.40603,-0.49,-0.21,0.49,-32.2559,-36.7953,-3.40176,1014.44
703472,-0.420851,9.73218,1.46341,-0.28,-0.07,1.19,-31.6257,-36.6217,-1.48785,1014.48
703478,-0.425634,9.69871,1.53515,-0.56,-0.77,1.54,-31.0814,-38.1265,-3.30252,1014.48
703484,-0.425634,9.70349,1.60689,0,-0.7,1.12,-31.8262,-36.94,-3.40176,1014.45
703490,-0.344333,9.73218,1.49689,-0.21,-0.49,1.33,-31.6543,-36.4481,-1.09089,1014.45
703496,-0.435198,9.74653,1.47298,-0.42,0.07,2.03,-31.7116,-37.432,-4.40834,1014.41
703502,-0.329986,9.68914,1.53515,-0.84,-0.14,1.4,-30.8236,-37.2005,-3.62859,1014.41
703508,-0.291726,9.55523,1.64993,-0.07,0.56,1.19,-31.196,-36.7953,-2.28177,1014.46
703514,-0.282162,9.60784,1.59732,0.63,0.35,1.19,-31.7116,-37.8371,-2.94809,1014.46
703520,-0.301291,9.62697,1.53037,0.56,0.84,0.98,-31.5684,-37.2873,-2.93391,1014.42
703526,-0.334768,9.7274,1.4395,0.77,0.07,1.26,-32.0554,-36.3034,-2.45189,1014.42
703532,-0.282162,9.73697,1.42994,0.63,0.28,0.84,-31.6543,-36.969,-2.31012,1014.41
703538,-0.315638,9.68914,1.47776,0.35,-0.21,0.7,-31.9408,-37.8082,-2.56531,1014.41
703544,-0.334768,9.7274,1.4682,0.98,0.77,0.63,-31.3965,-36.5059,-2.62202,1014.44
703550,-0.430416,9.75131,1.43472,0.49,0.28,0.49,-31.7689,-35.6378,-1.62962,1014.44
703556,-0.420851,9.78001,1.42516,0,-0.14,0.91,-31.9694,-37.9239,-2.26759,1014.44
703562,-0.373027,9.70827,1.48254,0.21,-0.35,1.26,-30.9954,-37.4899,-2.86303,1014.46
703568,-0.325203,9.71305,1.45863,0.49,-0.35,0.84,-31.8548,-36.1876,-1.95569,1014.46
703574,-0.349115,9.71784,1.49211,0,-0.35,1.33,-32.0267,-37.2005,-2.87721,1014.42
703580,-0.329986,9.71305,1.52559,0.56,-0.21,0.98,-31.3679,-37.895,-3.01898,1014.42
703586,-0.277379,9.68914,1.48254,-0.14,0.42,0.35,-32.17,-36.2744,-2.3243,1014.45
703592,-0.286944,9.6748,1.51124,0.07,0.28,0.7,-31.4251,-36.2744,-2.91974,1014.45
703598,-0.301291,9.68914,1.46341,-0.14,0.42,0.07,-31.5684,-37.3452,-4.01138,1014.45
703604,-0.291726,9.68436,1.50646,0.07,0.07,-0.35,-31.9981,-36.3612,-2.65037,1014.45
703610,-0.306074,9.65088,1.50167,0.21,-0.07,-0.07,-31.5111,-35.6957,-2.38101,1014.47
703616,-0.253467,9.63654,1.53993,0.35,-0.28,-0.7,-31.196,-37.1426,-2.63619,1014.47
703622,-0.253467,9.63175,1.56863,0.49,0.35,-0.7,-31.3965,-36.7953,-3.33087,1014.43
703628,-0.272597,9.60784,1.57341,0.35,0.42,-0.77,-31.9981,-36.3323,-2.45189,1014.43
703634,-0.315638,9.66045,1.55906,0.56,0.56,-1.33,-31.597,-36.8821,-2.67873,1014.43
703640,-0.320421,9.67958,1.52559,0.42,0.42,-1.4,-30.9954,-37.7214,-2.53695,1014.45
703646,-0.349115,9.69871,1.51124,1.05,0.84,-1.12,-31.0814,-36.7664,-1.67215,1014.45
703652,-0.344333,9.69871,1.53993,0.49,0.56,-1.33,-31.8548,-36.477,-1.94151,1014.41
703658,-0.420851,9.69392,1.54472,0.98,0.56,-0.98,-31.4824,-37.403,-2.0124,1014.41
703664,-0.463893,9.7561,1.50167,1.05,0.07,-1.26,-31.8548,-36.3612,-2.91974,1014.45
703670,-0.396939,9.7561,1.46341,1.19,0.35,-0.7,-31.3965,-36.7953,-2.3243,1014.45
703676,-0.416069,9.7561,1.47776,0.7,1.26,-0.42,-31.3392,-37.8661,-3.28834,1014.45
703682,-0.382592,9.7274,1.53993,0.63,0.63,-0.77,-31.2533,-37.9239,-2.73543,1014.45
703688,-0.334768,9.66523,1.59254,1.33,0.56,-0.77,-31.7403,-36.1876,-2.55113,1014.45
703694,-0.368245,9.67001,1.6021,1.4,0,-0.7,-30.9954,-37.6635,-2.45189,1014.45
703700,-0.392157,9.77523,1.48254,1.61,0,-0.91,-31.3392,-37.403,-2.23923,1014.44
703706,-0.329986,9.79914,1.39646,1.26,0.21,-0.49,-31.9408,-36.0429,-2.36683,1014.44
703712,-0.33955,9.78479,1.44428,0.63,0.21,-0.77,-32.0554,-36.5059,-2.70708,1014.44
703718,-0.334768,9.74175,1.44907,1.05,-0.07,-1.12,-31.683,-37.9818,-2.73543,1014.45
703724,-0.349115,9.70827,1.51124,0.56,0.21,-0.7,-31.6543,-36.2165,-1.75721,1014.45
703730,-0.325203,9.6748,1.53037,0.35,0,-1.05,-31.3965,-35.2616,-2.43771,1014.49
703736,-0.325203,9.68436,1.53993,1.05,0.21,-1.26,-31.3965,-37.2873,-3.33087,1014.49
703742,-0.310856,9.68436,1.51124,0.84,0.35,-1.26,-31.1387,-36.8821,-2.91974,1014.42
703748,-0.363462,9.64132,1.56863,0.63,0,-1.4,-31.4251,-36.7085,-2.73543,1014.42
703754,-0.363462,9.69392,1.52559,1.33,0.35,-1.33,-31.5397,-37.5188,-2.12582,1014.45
703760,-0.449546,9.70827,1.49689,1.12,0,-1.05,-31.3392,-37.6056,-3.40176,1014.45
703766,-0.401722,9.7561,1.47298,0.56,0.91,-0.91,-31.8548,-36.6506,-2.49442,1014.43
703772,-0.444763,9.76088,1.45863,1.26,0.49,-0.84,-30.8522,-36.3612,-2.67873,1014.43
703778,-0.468675,9.76566,1.47776,0.77,0.42,-1.19,-31.6257,-37.6924,-2.36683,1014.45
703784,-0.406504,9.69871,1.52559,0.49,0.07,-0.7,-31.7976,-37.0268,-2.04075,1014.45
703790,-0.35868,9.69392,1.53993,1.26,0.14,-0.28,-31.7689,-36.2165,-3.08986,1014.41
703796,-0.411286,9.73697,1.46341,0.98,-0.21,-0.91,-31.3392,-37.6635,-3.64277,1014.41
703802,-0.416069,9.70827,1.50646,0.77,0.49,-0.21,-31.4824,-37.2873,-3.10404,1014.41
703808,-0.353898,9.68436,1.55906,1.33,0.21,-0.63,-31.7116,-36.6217,-2.70708,1014.43
703814,-0.315638,9.6748,1.56863,1.33,0.49,-0.7,-31.9694,-36.9979,-2.63619,1014.43
703820,-0.329986,9.68436,1.53515,1.54,0.14,-0.63,-30.7376,-37.6056,-3.14657,1014.46
703826,-0.368245,9.69871,1.50646,1.47,0.84,-1.19,-32.1127,-36.2744,-3.48682,1014.46
703832,-0.35868,9.69392,1.49211,1.4,0.84,-0.91,-31.6257,-36.014,-3.25999,1014.45
703838,-0.349115,9.69392,1.50646,1.19,0.98,-0.56,-31.1387,-36.4191,-3.52935,1014.45
703844,-0.368245,9.6748,1.49689,1.96,0.91,-1.26,-31.2819,-36.0429,-2.53695,1014.46
703850,-0.33955,9.68914,1.49689,1.68,0.91,-1.12,-32.17,-35.8114,-2.65037,1014.46
703856,-0.449546,9.70827,1.49689,1.47,0.91,-0.91,-31.5111,-37.2584,-3.38758,1014.44
703862,-0.521282,9.74175,1.4682,1.4,0.28,-0.77,-31.3106,-37.1715,-2.56531,1014.44
703868,-0.463893,9.78001,1.4395,1.33,0.56,0.07,-31.196,-36.6506,-2.28177,1014.45
703874,-0.406504,9.70349,1.47298,1.19,0.35,-0.35,-31.2246,-37.2584,-2.65037,1014.45
703880,-0.392157,9.7561,1.50646,1.4,0.63,-0.42,-29.4772,-37.5767,-3.44429,1014.45
703886,-0.435198,9.76088,1.45385,1.68,-0.35,-0.56,-31.3392,-36.4481,-2.13999,1014.46
703892,-0.334768,9.7274,1.40603,0.84,0.49,-0.49,-31.4538,-36.7085,-2.08329,1014.46
703898,-0.291726,9.69871,1.47298,1.4,0.28,-0.42,-31.3106,-37.6346,-3.35923,1014.45
703904,-0.286944,9.6748,1.48733,0.84,0.98,-0.77,-30.8522,-37.1426,-2.79214,1014.45
703910,-0.320421,9.6748,1.50646,0.91,0.7,-1.05,-31.5111,-36.3323,-2.42354,1014.44
703916,-0.349115,9.6748,1.51602,1.89,0.63,-0.98,-31.3106,-37.6924,-3.16075,1014.44
703922,-0.353898,9.6748,1.5208,2.24,0.91,-1.47,-31.8548,-37.3741,-2.59366,1014.43
703928,-0.368245,9.6748,1.52559,1.61,0.84,-1.26,-31.597,-36.9979,-2.80632,1014.43
703934,-0.35868,9.7274,1.4395,2.17,0.98,-1.33,-31.4538,-37.3162,-2.76379,1014.44
703940,-0.353898,9.74175,1.40124,1.61,0.56,-1.61,-32.084,-37.5477,-2.53695,1014.44
703946,-0.401722,9.73218,1.43472,1.47,0.28,-1.54,-31.3392,-36.4481,-2.13999,1014.44
703952,-0.387374,9.73697,1.44907,1.4,0.35,-1.54,-31.0814,-38.1265,-2.05493,1014.44
703958,-0.416069,9.70349,1.44428,1.05,0.56,-1.26,-30.9382,-38.0397,-2.87721,1014.44
703964,-0.35868,9.71305,1.44907,1.4,0.63,-1.33,-31.3106,-37.2584,-2.3243,1014.49
703970,-0.373027,9.71784,1.4682,1.12,0.35,-1.75,-30.9095,-36.3612,-2.67873,1014.49
703976,-0.45911,9.72262,1.44428,1.47,0.42,-1.26,-30.9954,-37.6056,-2.63619,1014.44
703982,-0.535629,9.79914,1.45863,0.56,0,-1.12,-31.3679,-37.7214,-3.96885,1014.44
703988,-0.454328,9.7274,1.47776,1.26,0.07,-0.91,-30.9095,-36.6217,-2.93391,1014.41
703994,-0.387374,9.73218,1.49211,0.91,0.21,-0.63,-31.5684,-37.2005,-2.66455,1014.41
704000,-0.373027,9.73697,1.48254,0.77,0.63,-0.84,-30.8236,-37.3162,-2.62202,1014.46
704006,-0.401722,9.73218,1.47776,1.26,0.63,-0.56,-31.3106,-36.9111,-3.21746,1014.46
704012,-0.416069,9.74175,1.45863,1.26,0.42,-0.77,-32.6283,-37.6635,-3.54353,1014.46
704018,-0.396939,9.68914,1.45385,0.42,0.14,-0.91,-31.6257,-38.3001,-2.38101,1014.46
704024,-0.353898,9.70827,1.45385,1.26,0.21,-0.7,-31.5684,-37.7214,-2.43771,1014.46
704030,-0.382592,9.71784,1.47298,0.98,0.14,-0.98,-30.9668,-36.5928,-2.3243,1014.46
704036,-0.396939,9.68914,1.44428,1.05,0.28,-0.98,-30.7949,-38.0108,-3.40176,1014.45
704042,-0.420851,9.71784,1.46341,1.05,0.35,-1.12,-31.1673,-37.4899,-3.38758,1014.45
704048,-0.382592,9.68436,1.48254,0.98,0,-1.19,-31.3392,-36.6506,-1.98405,1014.45
704054,-0.406504,9.66045,1.49211,1.05,0.49,-1.12,-31.3965,-37.2005,-2.59366,1014.47
704060,-0.35868,9.67958,1.48733,1.75,0.56,-1.26,-30.9382,-37.9818,-3.27417,1014.47
704066,-0.368245,9.70349,1.47776,1.54,0.63,-1.19,-31.0814,-36.7085,-2.02658,1014.45
704072,-0.463893,9.7561,1.43472,1.19,0.7,-1.12,-31.6543,-36.2744,-3.23163,1014.45
704078,-0.535629,9.78957,1.44907,1.33,0.35,-0.98,-30.709,-37.9818,-3.23163,1014.41
704084,-0.516499,9.80392,1.39168,0.77,0.42,-0.56,-31.3965,-36.2744,-2.15417,1014.41
704090,-0.473458,9.78957,1.40603,0.21,0.07,-0.28,-31.196,-37.2005,-2.25341,1014.48
704096,-0.506934,9.83261,1.33907,0.35,-0.14,-0.42,-31.2533,-38.1265,-3.20328,1014.48
704102,-0.425634,9.7561,1.38211,0.07,-0.21,-0.28,-30.8236,-37.6924,-2.84885,1014.45
704108,-0.37781,9.71784,1.4682,-0.28,-0.28,0,-31.1673,-36.1876,-2.48025,1014.45
704114,-0.382592,9.69392,1.48254,0.21,0.21,-0.35,-30.5371,-37.3452,-3.52935,1014.45
704120,-0.401722,9.67001,1.5208,0.07,-0.42,-0.56,-31.3392,-38.6185,-3.91214,1014.45
704126,-0.387374,9.6748,1.52559,0.28,0.28,-0.35,-30.3366,-37.3452,-2.53695,1014.45
704132,-0.396939,9.67958,1.5208,1.12,-0.28,-0.56,-31.5111,-37.1715,-2.48025,1014.47
704138,-0.416069,9.68436,1.50646,1.4,0.63,-0.7,-31.3965,-37.8371,-2.86303,1014.47
704144,-0.387374,9.73218,1.44907,0.7,0.49,-0.28,-31.3392,-36.9979,-2.94809,1014.48
704150,-0.430416,9.71305,1.45385,0.91,1.12,-0.63,-31.0814,-36.7374,-2.80632,1014.48
704156,-0.416069,9.73218,1.44428,0.98,0.28,-0.63,-31.0241,-38.2712,-2.09746,1014.51
704162,-0.406504,9.71784,1.47298,0.56,0,-0.7,-30.8522,-37.8082,-2.63619,1014.51
704168,-0.487805,9.73697,1.4682,1.33,-0.35,-0.42,-31.7689,-36.477,-1.60126,1014.48
704174,-0.506934,9.7274,1.39646,1.05,0.21,-0.35,-30.5657,-37.6635,-2.48025,1014.48
704180,-0.588235,9.79436,1.41559,0.28,0.35,-0.21,-30.7663,-38.358,-3.58606,1014.46
704186,-0.549976,9.7561,1.42516,0.42,0.21,0.56,-30.8809,-36.5349,-2.26759,1014.46
704192,-0.449546,9.71305,1.48733,0.63,0.14,0.35,-32.0554,-36.969,-2.25341,1014.45
704198,-0.439981,9.68914,1.5208,0.77,-0.49,0.21,-30.5657,-38.5027,-3.82707,1014.45
704204,-0.411286,9.70349,1.47298,0.77,-0.35,0.91,-31.0527,-37.2294,-3.91214,1014.45
704210,-0.396939,9.73697,1.4395,0.56,-0.42,0.63,-31.0814,-36.6217,-1.64379,1014.46
704216,-0.363462,9.7274,1.42994,0.21,0,0.14,-32.1413,-38.3001,-4.11062,1014.46
704222,-0.373027,9.72262,1.44428,0.49,0.28,0.42,-30.4512,-37.3741,-3.55771,1014.45
704228,-0.387374,9.68436,1.4395,0.42,0.14,-0.07,-30.9954,-36.5059,-3.06151,1014.45
704234,-0.37781,9.73218,1.41081,0.14,-0.28,-0.21,-31.6543,-37.7214,-3.03315,1014.44
704240,-0.353898,9.71784,1.41559,0.42,-0.14,-17.92,-30.9382,-37.9239,-3.91214,1014.44
704246,-0.349115,9.69392,1.42994,0.35,-0.42,-0.63,-30.9668,-37.2005,-2.05493,1014.43
704252,-0.373027,9.73218,1.44428,0.14,-0.14,-0.21,-30.7949,-37.6056,-3.06151,1014.43
704258,-0.396939,9.7274,1.4682,0.07,0.42,-0.84,-31.1387,-37.8371,-2.56531,1014.47
704264,-0.37781,9.71305,1.44907,-0.14,-0.14,-0.63,-30.9382,-37.5767,-2.35265,1014.47
704270,-0.430416,9.70827,1.41559,0.21,-0.07,-0.63,-31.2246,-36.7374,-2.65037,1014.42
704276,-0.454328,9.72262,1.42994,-0.14,-0.28,-1.05,-31.196,-37.9818,-3.48682,1014.42
704282,-0.45911,9.7561,1.44907,0.07,0.21,-0.56,-31.4824,-37.4899,-2.89138,1014.44
704288,-0.526064,9.74653,1.42994,0.21,-0.21,0.07,-31.3965,-36.4481,-2.59366,1014.44
704294,-0.535629,9.76566,1.4395,0.14,-0.91,0.07,-31.683,-37.3741,-2.62202,1014.44
704300,-0.492587,9.7561,1.4395,-0.14,-0.28,0.42,-31.11,-37.9529,-3.11822,1014.44
704306,-0.401722,9.70827,1.48733,0.49,-0.35,0.7,-31.5111,-37.3741,-2.59366,1014.44
704312,-0.35868,9.69392,1.50646,-0.63,-0.49,0.49,-31.4824,-36.7664,-2.31012,1014.46
704318,-0.439981,9.69392,1.5208,0.56,-0.35,0.49,-31.4251,-38.9657,-2.99062,1014.46
704324,-0.487805,9.73218,1.4395,0.35,-0.14,0.21,-31.0814,-37.2584,-1.67215,1014.45
704330,-0.430416,9.74175,1.40603,0,0,0.56,-31.3965,-36.5349,-0.72228,1014.45
704336,-0.35868,9.72262,1.41081,-0.14,-0.35,0.42,-31.2246,-38.1265,-3.23163,1014.41
704342,-0.363462,9.69871,1.42037,0.56,-0.35,0.28,-31.0527,-37.6924,-2.79214,1014.41
