Timestamp,AccX,AccY,AccZ,AngularVelX,AngularVelY,AngularVelZ,MagX,MagY,MagZ,AirPressure
18812,0.0813008,9.81349,1.13343,1.75,-3.08,-0.35,23.4603,-46.6147,-22.9648,1014.81
18818,0.047824,9.76088,1.1956,1.82,-3.08,-0.49,22.24,-45.0419,-23.7332,1014.81
18824,0.0143472,9.75131,1.21473,1.19,-2.94,-0.42,22.7049,-44.8569,-24.3834,1014.81
18830,0.0382592,9.76088,1.21473,1.47,-3.15,-0.35,23.1698,-46.5531,-22.9501,1014.81
18836,0.0573888,9.7274,1.19082,1.89,-2.8,-0.21,23.5766,-45.9671,-24.4129,1014.88
18842,-0.0286944,9.7561,1.22429,1.47,-2.73,0,23.286,-44.5176,-24.0288,1014.88
18848,0.0286944,9.7561,1.20995,1.89,-3.22,-0.07,22.8502,-45.6279,-23.7923,1014.88
18854,0.023912,9.76566,1.20038,2.1,-3.29,17.85,23.6347,-46.8923,-24.4277,1014.83
18860,0.0191296,9.74175,1.18125,1.89,-3.36,0.07,22.9954,-45.3503,-24.5459,1014.83
18866,0.0191296,9.7561,1.20516,2.52,-3.15,0.28,22.8792,-45.2886,-24.0583,1014.84
18872,0.071736,9.78479,1.21473,2.24,-3.43,0.07,23.1698,-46.8923,-23.6002,1014.84
18878,0.0382592,9.77044,1.20516,1.96,-3.15,0.56,22.8502,-45.1036,-24.4573,1014.83
18884,0.0334768,9.76566,1.17647,2.17,-3.15,0.63,23.286,-44.9494,-23.5411,1014.83
18890,0.0765184,9.78957,1.15734,2.1,-3.22,0.28,23.4894,-46.368,-24.5903,1014.82
18896,0.0621712,9.76566,1.15256,2.03,-3.43,0,22.763,-46.5839,-23.1569,1014.82
18902,0.0621712,9.79436,1.15256,1.61,-3.29,0.63,23.809,-45.3811,-23.7184,1014.83
18908,0.129125,9.77044,1.20038,1.89,-3.36,0,23.6056,-45.5045,-24.3686,1014.83
18914,0.0334768,9.80392,1.15256,1.68,-2.87,-0.21,23.6347,-47.0773,-23.0978,1014.83
18920,0.0669536,9.76088,1.1956,1.75,-3.22,-0.21,23.3151,-45.1036,-23.6593,1014.82
18926,0.105213,9.77044,1.16691,1.61,-2.45,-0.28,22.6468,-45.597,-23.9549,1014.82
18932,0.109995,9.78957,1.15734,1.61,-3.15,-0.14,23.9834,-47.0465,-23.0978,1014.83
18938,0.0286944,9.78479,1.20516,1.61,-3.22,-0.07,23.809,-45.8746,-23.9844,1014.83
18944,0.0143472,9.74653,1.20516,2.1,-3.01,-0.28,23.4313,-44.8877,-25.0483,1014.86
18950,0.0669536,9.77523,1.21473,1.61,-2.8,-0.21,23.4894,-46.4605,-23.4377,1014.86
18956,0.0573888,9.74175,1.18604,2.1,-3.15,-0.14,23.8962,-45.1653,-24.6346,1014.83
18962,0,9.79914,1.16212,1.82,-3.15,0,23.3441,-44.0859,-24.1913,1014.83
18968,0.0621712,9.75131,1.15256,2.38,-2.73,-0.21,23.5475,-46.9231,-23.5116,1014.83
18974,0.0334768,9.75131,1.21951,1.75,-2.8,0.49,23.286,-46.6147,-24.605,1014.83
18980,0.023912,9.7274,1.20038,2.31,-3.01,0.77,23.1988,-45.1653,-24.4573,1014.83
18986,0.0286944,9.76566,1.17169,2.45,-3.43,0.42,22.8211,-45.6279,-23.5707,1014.85
18992,0.0526064,9.79436,1.16212,1.96,-3.22,0.56,23.0826,-47.6016,-23.9401,1014.85
18998,0.047824,9.7561,1.17647,1.96,-3.22,0.14,23.3151,-45.3811,-24.2799,1014.84
19004,0.0765184,9.75131,1.20516,2.03,-3.01,0.42,22.6177,-44.6101,-23.8662,1014.84
19010,0.0430416,9.78479,1.16212,2.03,-3.22,0.21,23.4894,-46.7381,-24.871,1014.83
19016,0.0621712,9.7561,1.16212,1.82,-2.94,0.7,23.6637,-47.0773,-23.5559,1014.83
19022,0.0669536,9.82305,1.10952,1.82,-3.08,0.42,22.8792,-44.826,-23.5707,1014.83
19028,0.105213,9.78957,1.16212,1.54,-3.01,-0.21,22.8502,-46.1213,-24.0731,1014.83
19034,0.114778,9.8087,1.19082,1.75,-2.59,0,24.0996,-46.2755,-24.3686,1014.83
19040,0.0526064,9.78479,1.17169,1.47,-2.31,-0.28,22.5886,-44.9494,-23.6593,1014.88
19046,0.071736,9.78479,1.18604,1.19,-2.45,-0.42,23.809,-45.1036,-24.5311,1014.88
19052,0.0430416,9.77044,1.21473,1.54,-3.22,0.14,23.8962,-46.7073,-23.3195,1014.85
19058,0.071736,9.76566,1.20038,1.68,-3.01,-0.28,23.257,-45.7204,-24.4425,1014.85
19064,0.0669536,9.77044,1.18604,1.47,-2.52,0,22.9373,-44.7952,-24.5311,1014.84
19070,0.0191296,9.78957,1.12386,1.68,-2.52,-0.14,23.7509,-47.0465,-22.6693,1014.84
19076,0,9.78479,1.15256,1.54,-3.43,0.07,23.1117,-47.139,-24.1913,1014.83
19082,0.0430416,9.70349,1.25299,1.89,-2.59,-0.14,23.7509,-44.9494,-23.5264,1014.83
19088,0,9.77523,1.20516,1.75,-2.94,0,22.9954,-46.6147,-23.9549,1014.83
19094,0.0765184,9.77044,1.16691,1.75,-2.8,0.14,23.1988,-47.2315,-22.2999,1014.81
19100,0.0334768,9.77044,1.16691,2.31,-2.87,0.35,22.7049,-45.0111,-24.4425,1014.81
19106,0.0095648,9.76088,1.20995,2.1,-3.08,0.14,23.1698,-45.6895,-23.7037,1014.84
19112,0.0526064,9.73697,1.18125,1.82,-3.15,-0.07,23.8381,-46.8306,-24.7085,1014.84
19118,0.0573888,9.79436,1.16691,1.47,-3.08,0.42,23.3441,-45.8437,-23.7923,1014.84
19124,0.0526064,9.78957,1.16691,1.61,-3.08,-0.07,23.1988,-44.7643,-24.7528,1014.84
19130,0.071736,9.80392,1.15256,1.96,-2.52,0.14,22.9664,-47.2932,-24.014,1014.82
19136,0.0526064,9.74653,1.20038,1.47,-2.87,0.14,23.3732,-45.3503,-24.2356,1014.82
19142,0.0669536,9.77523,1.16212,1.68,-3.15,-0.28,23.257,-44.4868,-24.8267,1014.82
19148,0.0908656,9.77523,1.18125,1.4,-2.94,0.07,23.6928,-45.9363,-22.7284,1014.83
19154,0.0621712,9.79436,1.18125,1.47,-3.08,-0.28,23.9543,-46.1521,-23.5116,1014.83
19160,0.071736,9.76088,1.19082,1.82,-2.66,-0.14,22.6468,-45.6279,-23.3343,1014.8
19166,0.0908656,9.78001,1.19082,1.61,-2.66,-0.07,22.5886,-45.5662,-23.7184,1014.8
19172,0.0908656,9.78001,1.19082,1.19,-3.08,-0.63,23.0826,-47.2624,-23.1126,1014.83
19178,0.0813008,9.77523,1.21473,1.68,-3.36,-0.35,23.809,-45.6279,-24.9744,1014.83
19184,0.071736,9.76566,1.21473,1.19,-2.24,0,22.8502,-45.2886,-25.3734,1014.84
19190,0.071736,9.78001,1.17647,1.61,-2.45,-0.84,23.6347,-46.5531,-24.147,1014.84
19196,0.0334768,9.7561,1.20038,1.96,-3.01,-0.49,24.0705,-46.0596,-24.1913,1014.84
19202,0.0143472,9.73218,1.1956,1.89,-3.36,-0.49,22.9373,-44.3326,-23.7332,1014.86
19208,0.0430416,9.74175,1.22908,1.75,-3.01,0,23.1117,-46.6456,-24.4868,1014.86
19214,0.0095648,9.77044,1.17647,1.82,-2.8,-0.07,23.809,-47.2007,-24.3538,1014.87
19220,0.0382592,9.76566,1.20038,1.68,-3.15,-0.42,22.792,-45.2886,-23.5411,1014.87
19226,0.0573888,9.79914,1.18604,1.82,-3.5,-0.07,22.0366,-45.7821,-24.6494,1014.83
19232,0.023912,9.77523,1.21951,1.89,-3.22,-0.21,22.8211,-47.2315,-23.6889,1014.83
19238,0.0382592,9.78001,1.15734,1.54,-2.87,0.21,22.792,-45.1961,-24.3982,1014.82
19244,0.0621712,9.78957,1.18125,1.54,-3.29,-0.07,23.1698,-44.7027,-23.8662,1014.82
19250,0.0621712,9.81827,1.16212,1.82,-3.08,0.14,23.3151,-46.7073,-25.2256,1014.84
19256,0.0573888,9.78957,1.17647,1.75,-2.73,-0.14,23.1988,-45.8129,-24.3686,1014.84
19262,0.0382592,9.77044,1.1956,1.61,-3.36,-0.35,22.9664,-44.5793,-25.3586,1014.84
19268,0.109995,9.76566,1.13821,1.75,-3.01,-0.49,22.8211,-46.5531,-23.5707,1014.83
19274,0.0430416,9.79436,1.15734,1.26,-3.22,-0.56,23.3441,-46.2755,-24.0583,1014.83
19280,0.0286944,9.76088,1.17169,1.26,-3.15,-0.28,22.792,-45.0727,-24.4425,1014.85
19286,0.0334768,9.75131,1.20995,1.19,-2.38,-0.21,22.2981,-45.5045,-25.2404,1014.85
19292,0.105213,9.79914,1.17647,1.47,-2.73,-0.42,23.1988,-46.7073,-24.6198,1014.86
19298,0.109995,9.78957,1.17169,0.98,-3.08,0,22.9083,-45.5662,-25.0335,1014.86
19304,0.0334768,9.77523,1.20038,1.61,-3.01,-0.56,22.7339,-44.9185,-25.3882,1014.84
19310,0.0143472,9.7561,1.25299,0.84,-2.59,-0.84,23.6056,-46.3989,-24.1026,1014.84
19316,0.0143472,9.77044,1.20038,1.4,-3.29,-0.28,23.4313,-46.2138,-23.7923,1014.84
19322,0.0382592,9.77044,1.18125,1.96,-3.29,-0.35,22.4724,-44.4559,-23.1274,1014.81
19328,0.0334768,9.75131,1.18125,1.82,-2.94,-0.21,22.9954,-46.1521,-23.4672,1014.81
19334,0.0191296,9.79436,1.18604,1.47,-2.73,-0.49,23.4313,-46.8615,-23.7184,1014.85
19340,0.047824,9.78001,1.19082,1.4,-2.66,-0.07,23.8671,-45.3503,-24.6346,1014.85
19346,0.0047824,9.76088,1.1956,2.03,-2.52,-0.07,22.792,-46.5531,-24.7085,1014.83
19352,0.0047824,9.75131,1.17169,1.89,-2.94,0.14,23.9253,-47.6324,-23.2456,1014.83
19358,0.0526064,9.79436,1.16691,1.4,-2.59,0.49,23.5766,-45.8129,-24.8562,1014.82
19364,0.0860832,9.80392,1.15256,1.19,-2.87,0,22.9664,-44.3018,-24.2504,1014.82
19370,0.124342,9.81349,1.15734,1.68,-3.08,-0.35,23.1117,-45.8437,-23.3343,1014.8
19376,0.0430416,9.79436,1.15256,1.54,-2.94,-0.77,23.7219,-45.6587,-24.5755,1014.8
19382,0.0382592,9.78001,1.22429,0.91,-2.8,-0.35,22.8502,-44.2092,-23.8514,1014.8
19388,0.0526064,9.79436,1.22429,1.33,-2.94,-0.98,23.6347,-45.5353,-25.137,1014.83
19394,0.071736,9.77044,1.20516,1.4,-3.22,-1.05,23.8962,-46.4605,-23.6298,1014.83
19400,0.0382592,9.78957,1.18604,1.26,-2.59,-0.35,23.0536,-45.4428,-24.9744,1014.86
19406,0.047824,9.78001,1.17647,1.12,-3.01,-0.63,23.0536,-45.1344,-24.4277,1014.86
19412,0.023912,9.7561,1.22429,1.33,-2.73,-0.28,23.5766,-46.5222,-24.2504,1014.82
19418,0,9.78001,1.22908,1.05,-2.59,0,23.5475,-44.9185,-24.7232,1014.82
19424,0.0143472,9.78001,1.20995,1.47,-2.87,-0.28,22.9083,-44.5176,-23.9549,1014.85
19430,0.0382592,9.74653,1.17647,1.4,-3.08,-0.56,23.4603,-46.8306,-23.3638,1014.85
19436,0.0382592,9.77044,1.19082,1.33,-3.36,-0.28,23.3732,-46.4297,-24.738,1014.85
19442,0.0191296,9.76088,1.18604,1.33,-2.8,-0.21,22.8211,-44.0859,-24.6198,1014.83
19448,0,9.73218,1.17647,1.75,-2.87,-0.35,23.0245,-46.9231,-24.5311,1014.83
19454,0.0573888,9.78001,1.22429,1.33,-3.29,-0.35,23.3732,-46.7689,-24.472,1014.82
19460,0.0334768,9.74653,1.22429,1.68,-3.57,-0.07,23.1698,-45.8746,-23.2604,1014.82
19466,0.047824,9.7561,1.21951,1.82,-3.08,-0.14,23.8962,-45.6279,-24.7971,1014.84
19472,0.0813008,9.78001,1.20995,1.26,-2.87,-17.78,24.0996,-46.5222,-24.6937,1014.84
19478,0.109995,9.78001,1.1956,1.61,-2.94,-0.56,23.0826,-45.3503,-23.7184,1014.81
19484,0.0813008,9.78957,1.20038,1.68,-2.8,-0.14,23.8962,-44.5176,-25.3586,1014.81
19490,0.047824,9.80392,1.20038,1.61,-3.29,-0.35,23.0826,-45.9363,-23.9844,1014.81
19496,0.0813008,9.82305,1.15734,1.68,-3.29,-0.35,23.2279,-45.7204,-25.2847,1014.82
19502,0.0286944,9.76088,1.15256,1.05,-2.8,-0.77,23.4894,-44.5176,-25.2847,1014.82
19508,0.0286944,9.75131,1.19082,1.47,-2.59,-0.7,23.7509,-46.4914,-22.9796,1014.84
19514,0.0430416,9.76566,1.23864,1.47,-2.8,-0.63,23.3441,-47.0465,-23.6889,1014.84
19520,-0.0191296,9.77523,1.18604,1.75,-2.66,-0.42,24.0415,-44.9494,-24.9449,1014.84
19526,0.0286944,9.77523,1.20995,1.19,-2.66,-0.56,23.9253,-45.2578,-23.9401,1014.84
19532,0.0191296,9.78001,1.22908,1.33,-3.08,-0.42,23.5185,-46.5839,-24.0583,1014.84
19538,0.0430416,9.75131,1.20995,1.75,-3.01,-0.14,23.6056,-45.1653,-24.5016,1014.84
19544,-0.0143472,9.76566,1.22429,1.61,-2.94,-0.28,23.4313,-45.1344,-23.8514,1014.81
19550,0.0191296,9.77044,1.15256,1.54,-2.59,0.28,23.5475,-47.0465,-23.3934,1014.81
19556,0.0095648,9.76566,1.1956,1.68,-2.8,-0.28,23.4603,-46.2755,-23.8662,1014.81
19562,0,9.87087,1.04735,1.33,-4.13,-0.42,23.6928,-44.3326,-24.0731,1014.83
19568,0.124342,9.59828,1.29125,1.47,-2.66,-0.07,23.1407,-45.8129,-23.8958,1014.83
19574,-0.047824,9.7561,1.28168,1.26,-3.22,0.49,23.3732,-46.2138,-24.6198,1014.82
19580,0.153037,9.70349,1.18125,1.61,-3.15,0,22.8792,-45.412,-24.5311,1014.82
19586,0.124342,9.87087,1.10952,0.98,-2.52,-0.49,23.5766,-45.9363,-24.2356,1014.84
19592,0.133907,9.80392,1.18125,0.84,-2.24,-0.14,23.7219,-46.7998,-23.8071,1014.84
19598,0.11956,9.80392,1.19082,1.19,-2.38,-0.42,23.4022,-46.0288,-24.2947,1014.84
19604,0.0669536,9.79914,1.15256,0.84,-2.8,-1.12,23.4313,-44.9185,-24.9153,1014.84
19610,0.095648,9.80392,1.20516,0.91,-2.94,-0.84,23.4603,-46.4297,-25.5507,1014.84
19616,0.0047824,9.74175,1.23864,1.19,-2.87,-1.12,23.4022,-46.3989,-25.5212,1014.82
19622,1.20995,9.78479,1.24342,1.33,-3.01,-0.42,22.8211,-45.3811,-24.4868,1014.82
19628,0,9.69871,1.29125,1.47,-2.66,-0.56,23.4022,-45.6895,-23.8367,1014.85
19634,0.023912,9.73218,1.26255,1.47,-2.87,-0.42,23.1407,-46.3063,-23.8662,1014.85
19640,0.0143472,9.73218,1.21951,1.26,-3.01,-0.91,23.5766,-45.6895,-24.6494,1014.83
19646,0.0047824,9.76088,1.22429,2.03,-3.15,-0.56,22.8502,-45.0419,-24.3538,1014.83
19652,0.0191296,9.74653,1.22908,1.61,-3.36,-0.07,23.6928,-46.6456,-24.3538,1014.81
19658,-0.023912,9.74653,1.22908,1.89,-3.15,-0.7,23.4313,-45.8437,-23.9696,1014.81
19664,0.0047824,9.72262,1.21473,1.96,-2.8,0.14,23.6928,-45.2578,-24.4573,1014.81
19670,0.0191296,9.76566,1.20995,1.54,-2.8,0.42,23.5185,-47.324,-24.3391,1014.83
19676,0.0526064,9.77523,1.20038,1.4,-2.94,-0.35,24.1868,-46.2447,-25.0335,1014.83
19682,0.0334768,9.80392,1.16212,1.54,-3.08,0.28,23.0826,-45.3503,-24.2652,1014.83
19688,0.095648,9.84218,1.14778,1.54,-2.87,-0.49,23.4603,-46.5222,-25.9645,1014.83
19694,0.143472,9.79436,1.16691,0.84,-2.52,-0.77,23.78,-46.6147,-24.871,1014.83
19700,0.0573888,9.81827,1.21951,1.33,-2.38,-0.91,22.9083,-45.6587,-25.1074,1014.83
19706,0.0765184,9.8087,1.1956,0.63,-2.8,-1.26,23.1117,-45.7512,-24.8119,1014.82
19712,0.0765184,9.78001,1.20995,0.98,-2.66,-1.19,23.3441,-46.5839,-23.4968,1014.82
19718,0.0526064,9.75131,1.25299,0.91,-2.87,-1.26,23.809,-45.9054,-23.8958,1014.8
19724,0.023912,9.75131,1.25299,0.56,-2.45,-0.98,23.0536,-45.0419,-24.4868,1014.8
19730,-0.0047824,9.77523,1.25777,1.12,-2.94,-1.54,23.1407,-46.6147,-24.6346,1014.8
19736,0.0430416,9.74175,1.23386,1.33,-2.59,-0.91,23.5185,-45.0111,-24.9744,1014.85
19742,-0.0334768,9.77044,1.24342,1.19,-2.73,-1.12,22.5596,-44.7643,-25.4177,1014.85
19748,-0.0191296,9.76566,1.20038,0.98,-3.01,-1.12,23.3732,-46.4914,-25.1665,1014.81
19754,-0.0286944,9.7561,1.28647,1.33,-3.22,-0.56,23.5766,-46.5222,-25.2109,1014.81
19760,-0.0143472,9.71784,1.26734,1.61,-2.8,-0.49,22.763,-44.9802,-24.1174,1014.83
19766,-0.0286944,9.7561,1.27212,1.75,-2.73,-0.28,23.7509,-45.7512,-24.6198,1014.83
19772,-0.0191296,9.71784,1.2769,2.17,-3.08,-0.42,23.5475,-46.8923,-23.482,1014.82
19778,0.0095648,9.74653,1.23386,1.89,-3.43,-0.35,22.7049,-45.5045,-23.8071,1014.82
19784,0.0143472,9.76566,1.21951,2.17,-3.43,0.07,22.9664,-44.8877,-24.9892,1014.82
19790,0.0334768,9.79914,1.20038,2.24,-3.15,0.14,24.0124,-46.6456,-24.2504,1014.82
19796,0.0813008,9.82783,1.13343,1.47,-3.08,-1.05,23.8381,-45.8437,-23.9549,1014.82
19802,0.0765184,9.83261,1.13821,1.12,-3.29,-0.63,23.257,-44.7952,-25.5655,1014.83
19808,0.071736,9.81349,1.17647,1.12,-2.94,-0.49,23.7509,-47.139,-25.2109,1014.83
19814,0.0669536,9.87087,1.11908,0.35,-3.22,-1.26,23.1407,-46.3063,-23.9401,1014.82
19820,0.095648,9.86609,1.13343,0.42,-2.87,-1.12,23.6637,-45.2886,-24.7085,1014.82
19826,0.10043,9.78957,1.20516,0.07,-3.15,-1.47,23.1698,-44.9494,-24.2356,1014.84
19832,0.0908656,9.75131,1.3056,0.84,-3.01,-1.82,23.4603,-46.4297,-23.6298,1014.84
19838,-0.0143472,9.78957,1.35342,0.91,-2.94,-1.75,23.6637,-45.4737,-26.0827,1014.84
19844,0.0191296,9.72262,1.28168,1.54,-2.94,-2.03,23.3151,-44.4868,-24.7823,1014.82
19850,0.0191296,9.82783,1.20995,0.91,-3.08,-1.47,23.7509,-46.4297,-23.0978,1014.82
19856,0.0095648,9.77523,1.29603,1.47,-3.22,-1.68,23.5185,-46.5839,-24.0879,1014.82
19862,-0.0191296,9.73218,1.28647,1.47,-2.8,-1.61,22.9083,-45.8437,-24.7232,1014.82
19868,-0.0621712,9.72262,1.28647,1.61,-3.08,-1.47,23.3441,-46.6147,-24.014,1014.82
19874,-0.0526064,9.7274,1.27212,2.38,-3.22,-0.84,23.9253,-47.324,-24.8119,1014.82
19880,-0.0430416,9.71305,1.25299,1.75,-3.01,-0.84,23.1407,-46.1213,-24.9744,1014.82
19886,-0.0573888,9.71305,1.20995,2.31,-3.15,-0.56,23.1988,-45.597,-24.3686,1014.82
19892,-0.0191296,9.73697,1.20038,2.24,-3.22,-0.28,23.5766,-46.8306,-23.5264,1014.85
19898,0,9.76088,1.20038,1.89,-3.22,-0.49,23.3732,-45.412,-23.5855,1014.85
19904,0.0095648,9.77044,1.18604,1.68,-2.8,-0.35,23.0536,-45.6279,-26.2748,1014.85
19910,0.0191296,9.82783,1.20038,1.4,-2.73,-0.28,23.4894,-46.0288,-24.1913,1014.82
19916,0.0669536,9.8087,1.19082,1.75,-3.08,-0.07,23.4603,-46.2755,-23.4525,1014.82
19922,0.0813008,9.88522,1.17169,1.47,-3.15,-0.91,23.7509,-45.1036,-24.9597,1014.81
19928,0.0813008,9.85174,1.19082,0.7,-2.52,-1.26,24.0124,-45.7821,-24.6641,1014.81
19934,-0.023912,9.80392,1.25777,1.05,-2.87,-0.84,23.4894,-45.6895,-22.9501,1014.85
19940,-0.0430416,9.7561,1.26734,0.7,-3.08,-0.56,23.1988,-44.4559,-24.7971,1014.85
19946,-0.0047824,9.76566,1.26734,1.26,-3.01,-1.26,23.8381,-45.1653,-24.472,1014.86
19952,-0.0095648,9.75131,1.3056,1.61,-3.08,-1.33,23.8671,-46.0596,-23.4081,1014.86
19958,-0.0860832,9.73218,1.30081,1.61,-2.87,-0.91,24.0415,-45.0419,-23.7628,1014.86
19964,-0.0573888,9.74175,1.26734,1.61,-2.87,-0.98,23.4313,-44.9494,-24.9006,1014.86
19970,-0.0382592,9.79436,1.20995,1.4,-3.01,0,23.6056,-46.4605,-23.1717,1014.86
19976,-0.071736,9.81349,1.13821,1.26,-3.5,-0.7,23.78,-45.5353,-23.1865,1014.83
19982,-0.047824,9.60306,1.31038,1.47,-2.59,-0.28,22.9083,-45.1344,-24.4573,1014.83
19988,-0.129125,9.74653,1.3056,1.19,-3.64,-0.28,23.6928,-46.1213,-23.9844,1014.86
19994,-0.0095648,9.71305,1.21951,1.61,-3.22,0.35,23.286,-46.8615,-24.9153,1014.86
20000,-0.0621712,9.79436,1.23864,1.05,-3.01,-0.07,22.3852,-45.1036,-24.9892,1014.85
20006,0,9.75131,1.22429,2.03,-3.15,0.14,23.5475,-45.5353,-23.9992,1014.85
20012,0,9.76088,1.23386,1.12,-3.36,0.21,23.6928,-46.6456,-23.3786,1014.85
20018,0.0430416,9.75131,1.25299,1.68,-3.29,0.07,22.792,-45.5045,-24.2356,1014.81
20024,0.0382592,9.81827,1.19082,1.54,-2.45,-0.14,23.286,-45.3195,-23.5559,1014.81
20030,0.0860832,9.8087,1.20038,1.82,-2.8,-0.49,23.4894,-45.6587,-23.3786,1014.85
20036,0.023912,9.85174,1.24342,1.19,-2.66,-0.84,23.1117,-45.6895,-22.6693,1014.85
20042,0.0095648,9.81827,1.25299,0.7,-2.73,-0.77,22.9954,-45.2269,-22.5068,1014.81
20048,-0.0047824,9.78479,1.29603,1.61,-2.73,-0.7,22.9664,-46.0596,-22.8319,1014.81
20054,-0.0573888,9.75131,1.27212,0.98,-2.73,-0.7,23.78,-46.6147,-24.1617,1014.83
20060,-0.0191296,9.7561,1.31516,1.12,-2.87,-0.91,23.257,-44.8877,-23.881,1014.83
20066,-0.0334768,9.72262,1.29125,1.47,-2.87,-0.63,23.9253,-44.9494,-24.2947,1014.82
20072,-0.0860832,9.75131,1.24342,1.96,-2.66,-0.63,24.1868,-46.5839,-24.2652,1014.82
20078,-0.0908656,9.71305,1.30081,1.61,-2.73,-0.49,23.1988,-45.6895,-23.1569,1014.82
20084,-0.0621712,9.72262,1.2769,2.03,-3.01,-0.42,23.5766,-44.7952,-24.3538,1014.82
20090,-0.0573888,9.7561,1.26734,2.1,-3.29,-0.14,23.8381,-46.0288,-24.1174,1014.82
20096,-0.047824,9.74653,1.23386,1.68,-2.94,0.42,24.3611,-45.5045,-23.8219,1014.81
20102,-0.0669536,9.7561,1.20516,1.54,-3.85,0.42,23.3151,-45.1036,-25.5655,1014.81
20108,-0.0334768,9.65088,1.30081,1.82,-2.8,0.56,24.0705,-45.597,-22.3295,1014.81
20114,-0.0860832,9.74653,1.29603,1.68,-2.94,0.56,23.3732,-46.2138,-23.615,1014.81
20120,0.0191296,9.74653,1.21473,2.03,-3.36,0.35,24.3611,-44.7027,-24.1913,1014.83
20126,0.0047824,9.83261,1.14778,1.61,-3.08,0.35,23.4022,-45.412,-24.014,1014.83
20132,0.0430416,9.78957,1.22908,1.54,-2.59,0.28,23.78,-45.7821,-24.0435,1014.83
20138,0.0813008,9.84218,1.23386,1.19,-2.52,-0.07,23.3732,-45.2578,-22.8762,1014.85
20144,0.047824,9.8087,1.22908,1.33,-2.17,-0.28,23.257,-45.6895,-24.5311,1014.85
20150,-0.0430416,9.78001,1.28168,1.54,-2.38,0.07,23.4313,-46.9231,-23.5411,1014.84
20156,-0.0765184,9.77523,1.31516,1.19,-2.38,-0.21,22.9664,-46.183,-23.2308,1014.84
20162,-0.0095648,9.76566,1.31516,1.68,-2.73,-0.28,23.4313,-44.9185,-23.9253,1014.82
20168,-0.0382592,9.76566,1.28647,1.82,-3.01,-0.21,23.3151,-46.5222,-23.9105,1014.82
20174,-0.0526064,9.75131,1.2769,2.03,-2.73,0.14,23.9543,-46.7998,-23.8071,1014.82
20180,-0.0573888,9.75131,1.23386,1.82,-2.52,0.21,23.5766,-44.7027,-23.9401,1014.82
20186,-0.0765184,9.7274,1.30081,1.68,-2.8,0.35,23.9834,-45.9363,-23.5855,1014.82
20192,-0.0573888,9.74175,1.25777,1.61,-2.94,0.21,23.9253,-46.5531,-22.8171,1014.81
20198,-0.0573888,9.76566,1.21473,1.96,-3.43,0.42,23.3732,-45.9054,-23.2013,1014.81
20204,-0.047824,9.73697,1.23386,2.03,-2.66,0.7,22.7339,-45.9671,-24.2356,1014.85
20210,-0.023912,9.73697,1.25777,1.75,-2.8,0.91,23.286,-46.3063,-23.6298,1014.85
20216,-0.0143472,9.74653,1.25299,2.1,-2.94,0.35,23.1988,-46.2447,-23.1865,1014.84
20222,0,9.74653,1.25777,1.82,-3.15,0.42,23.809,-44.641,-24.6198,1014.84
20228,0.0430416,9.78479,1.25299,2.03,-3.5,0.21,23.257,-46.2755,-23.9401,1014.86
20234,0.0382592,9.81349,1.21951,1.82,-2.87,0.63,24.4773,-46.7073,-23.2752,1014.86
20240,0.047824,9.82783,1.20038,1.47,-2.66,0.49,23.4022,-44.6101,-24.4277,1014.82
20246,0.0286944,9.78957,1.24821,1.82,-2.94,0,23.809,-45.9363,-24.147,1014.82
20252,-0.0286944,9.8087,1.2769,1.96,-2.94,-0.28,23.4894,-47.2007,-23.1865,1014.82
20258,0.0143472,9.76566,1.3056,1.61,-2.52,-0.21,23.2279,-45.5045,-23.5559,1014.84
20264,0.0191296,9.76566,1.31038,1.96,-2.45,0,23.286,-45.1036,-24.5311,1014.84
20270,-0.0860832,9.78001,1.25299,1.82,-2.94,-0.14,23.5766,-47.3549,-22.359,1014.83
20276,-0.0382592,9.78479,1.27212,1.75,-2.94,0.14,23.1698,-45.5045,-22.9648,1014.83
20282,-0.0382592,9.73218,1.25299,1.82,-3.01,0,23.4313,-45.0419,-25.2847,1014.81
20288,-0.0334768,9.78479,1.26734,1.96,-3.08,0.56,23.0536,-47.3549,-23.6002,1014.81
20294,0.0191296,9.73697,1.20995,1.54,-2.38,0.35,23.1407,-46.2755,-23.3195,1014.83
20300,-0.0191296,9.76088,1.28168,1.82,-2.8,0.42,22.792,-45.2886,-23.2899,1014.83
20306,-0.0286944,9.75131,1.24342,2.03,-2.31,0.7,22.6177,-46.6764,-24.5459,1014.83
20312,-0.0430416,9.71305,1.26734,1.4,-2.59,0.42,23.4313,-46.9848,-23.3786,1014.79
20318,-0.0191296,9.75131,1.22908,2.17,-3.15,0.56,23.3732,-45.6279,-23.0683,1014.79
20324,-0.0382592,9.7561,1.23386,1.12,-2.87,0.91,23.5185,-44.9185,-24.7085,1014.84
20330,0.0143472,9.68436,1.31516,2.17,-2.73,0.7,23.7509,-46.7381,-23.5559,1014.84
20336,-0.0047824,9.77523,1.26734,1.54,-3.71,0.49,23.7509,-46.2447,-24.4425,1014.84
20342,0.095648,9.79436,1.1956,2.03,-3.22,0.56,23.286,-44.7643,-24.9301,1014.84
20348,0.0860832,9.81349,1.20516,1.68,-2.45,0.63,23.3151,-46.4297,-24.2061,1014.83
20354,0.047824,9.82305,1.21473,1.61,-2.66,-0.14,24.3902,-46.9848,-24.5903,1014.83
20360,-0.0047824,9.81827,1.24342,1.54,-2.59,-0.07,23.0245,-45.1036,-24.6346,1014.81
20366,0.0047824,9.79914,1.28647,1.4,-2.94,0.21,23.0245,-45.597,-24.2652,1014.81
20372,-0.0526064,9.78001,1.31994,1.47,-2.66,0.07,23.7219,-47.5708,-23.4081,1014.81
20378,-0.047824,9.7561,1.31994,1.61,-3.01,0.28,23.6347,-46.183,-25.4768,1014.8
20384,-0.0286944,9.75131,1.2769,1.75,-3.22,0.28,23.78,-45.4737,-23.7923,1014.8
20390,-0.0621712,9.77044,1.30081,1.82,-3.01,-0.07,24.6807,-47.3549,-23.3638,1014.85
20396,0.0095648,9.73697,1.2769,1.61,-2.8,0.28,23.5185,-46.5222,-23.8367,1014.85
20402,-0.0095648,9.74175,1.25777,1.61,-2.73,0.56,23.78,-45.1344,-24.5459,1014.84
20408,0.0047824,9.74653,1.3056,1.96,-2.73,0.91,23.0536,-46.7998,-23.2456,1014.84
20414,-0.0191296,9.76566,1.2769,2.03,-3.08,0.63,23.257,-47.0773,-22.891,1014.8
20420,-0.0095648,9.7561,1.23864,1.75,-2.94,0.28,23.5766,-45.5353,-24.738,1014.8
20426,0.0047824,9.74175,1.24342,2.1,-3.01,0.63,22.7049,-45.3503,-24.3243,1014.8
20432,-0.0095648,9.75131,1.21951,1.75,-3.08,0.77,23.4894,-46.6764,-23.6002,1014.85
20438,0.0191296,9.78957,1.23864,2.03,-3.01,0.49,22.7049,-45.1344,-24.4425,1014.85
20444,0.0430416,9.79436,1.22908,2.03,-3.22,0.77,22.8792,-44.9802,-24.9006,1014.84
20450,0.0573888,9.80392,1.26255,1.89,-3.08,0.07,23.1988,-46.5531,-23.3195,1014.84
20456,0.0382592,9.80392,1.20516,1.54,-2.73,-0.21,23.0826,-45.6587,-23.0535,1014.84
20462,0.0382592,9.79436,1.21473,1.96,-3.01,0.28,22.763,-45.0419,-24.9892,1014.84
20468,0.0430416,9.78957,1.25777,1.89,-2.38,-0.28,23.1698,-46.2138,-24.9006,1014.85
20474,0.0382592,9.78479,1.27212,1.82,-2.66,-0.7,23.3732,-46.9848,-23.6593,1014.85
20480,0.0095648,9.78001,1.23864,1.96,-2.73,-0.35,23.1407,-45.2578,-24.2208,1014.85
20486,-0.0191296,9.77523,1.29125,1.96,-3.15,0.14,23.5185,-46.1213,-25.0779,1014.84
20492,0.0286944,9.76088,1.26255,1.96,-2.59,-0.56,23.4603,-46.5531,-24.147,1014.84
20498,-0.023912,9.7561,1.24342,1.96,-2.94,-0.35,22.4434,-45.0727,-24.9006,1014.81
20504,-0.0286944,9.77523,1.25777,2.03,-2.66,0.28,22.6177,-45.3811,-23.7628,1014.81
20510,0,9.76566,1.24342,1.89,-3.43,-0.14,23.4894,-47.5399,-25.7133,1014.85
20516,-0.023912,9.78479,1.21473,2.17,-3.08,0.42,22.7049,-46.2755,-25.2404,1014.85
20522,-0.0191296,9.7561,1.23864,1.75,-2.8,0.35,22.5305,-44.7643,-23.3047,1014.86
20528,-0.0286944,9.73697,1.26734,1.68,-2.59,0.07,23.3151,-46.9848,-24.8858,1014.86
20534,-0.023912,9.75131,1.25299,2.03,-2.8,0.56,23.6056,-46.183,-24.5607,1014.89
20540,-0.0143472,9.7561,1.25299,1.89,-3.22,0.35,23.5185,-44.7643,-25.3291,1014.89
20546,0.023912,9.77044,1.23386,1.89,-2.8,0,22.8792,-46.2755,-24.5164,1014.89
20552,0.0095648,9.76088,1.26255,1.75,-2.94,0.14,23.5475,-47.324,-24.3834,1014.82
20558,0.0095648,9.78957,1.23864,2.1,-2.73,0.28,23.0245,-45.3503,-24.2208,1014.82
20564,0.0382592,9.77523,1.24821,1.82,-2.94,0.28,23.0536,-46.0905,-24.5903,1014.85
20570,0.0621712,9.78001,1.26255,1.75,-2.52,17.71,24.1868,-47.2932,-24.147,1014.85
20576,0,9.76566,1.23864,1.4,-2.73,-0.14,22.8502,-46.2755,-23.8662,1014.86
20582,-0.0526064,9.74653,1.29603,2.1,-3.01,-0.14,22.5015,-45.412,-25.4473,1014.86
20588,0,9.75131,1.31516,2.03,-3.22,0.28,23.4603,-47.0157,-24.5459,1014.82
20594,-0.0191296,9.75131,1.25299,2.1,-3.01,0.28,23.7219,-46.6764,-24.4573,1014.82
20600,-0.0191296,9.79436,1.22429,1.68,-2.94,0.28,23.5766,-44.8569,-25.6394,1014.82
20606,-0.0095648,9.79914,1.25777,1.75,-2.8,0.42,23.8962,-45.9363,-25.6689,1014.82
20612,-0.0143472,9.77523,1.25777,1.89,-3.15,0.77,23.2279,-46.4605,-24.0288,1014.82
20618,0.0095648,9.7561,1.20516,1.75,-3.01,-0.07,22.8211,-45.5662,-24.2799,1014.83
20624,-0.0047824,9.84696,1.15734,1.89,-3.01,0.21,22.9954,-45.2886,-25.3882,1014.83
20630,0.0143472,9.81349,1.18125,1.33,-3.43,0.35,22.9083,-47.0157,-24.9597,1014.84
20636,-0.0430416,9.61262,1.40124,2.17,-2.8,0.98,22.6758,-45.597,-24.3243,1014.84
20642,-0.0765184,9.77044,1.32472,1.89,-3.5,1.05,23.0245,-44.7952,-23.3195,1014.8
20648,0.071736,9.7561,1.23864,2.45,-3.15,0.84,22.9954,-46.0288,-24.147,1014.8
20654,-0.0191296,9.8087,1.22908,1.89,-3.29,0.42,23.1117,-46.3372,-23.3047,1014.8
20660,0.0573888,9.73218,1.24821,2.59,-3.22,0.7,22.9373,-45.412,-25.1813,1014.83
20666,0.0143472,9.77523,1.29603,2.17,-2.59,0.42,22.792,-45.7821,-25.0779,1014.83
20672,0.0573888,9.77523,1.26734,1.89,-3.22,0.63,22.9954,-46.4605,-24.6937,1014.83
20678,0.0621712,9.79914,1.24342,1.75,-3.01,0.42,23.4894,-45.6587,-23.9844,1014.83
20684,0.0382592,9.78479,1.22429,1.96,-2.87,0.07,22.7049,-44.6718,-24.6641,1014.83
20690,0.0382592,9.80392,1.1956,1.96,-3.01,-0.14,23.257,-46.1213,-23.7628,1014.83
20696,0.0095648,9.8087,1.21473,1.68,-3.22,-0.07,23.1988,-45.4428,-22.5511,1014.85
20702,-0.0191296,9.78479,1.23864,1.89,-2.94,0.49,22.9083,-44.5793,-24.5903,1014.85
20708,0.0095648,9.76088,1.25299,1.54,-3.01,0.07,23.3151,-46.4297,-24.5016,1014.83
20714,0.0047824,9.76088,1.2769,2.03,-3.29,0.49,22.8211,-47.2932,-25.728,1014.83
20720,0.0334768,9.7561,1.28168,2.1,-3.29,-0.07,23.3151,-44.2092,-25.403,1014.83
20726,-0.0095648,9.76088,1.29125,1.4,-3.29,-0.42,23.2279,-45.412,-25.0188,1014.83
20732,-0.0191296,9.77044,1.24821,1.75,-3.08,0.21,23.5475,-46.7689,-23.8367,1014.83
20738,0.0143472,9.79914,1.24821,1.68,-2.8,0.56,23.3732,-45.7204,-23.8071,1014.8
20744,0,9.76088,1.24342,1.47,-3.22,-0.28,23.4022,-45.2886,-24.7528,1014.8
20750,0.0047824,9.76566,1.23386,1.68,-3.29,0.21,23.8962,-46.5531,-24.3686,1014.83
20756,0.023912,9.7274,1.24342,1.96,-3.36,0.49,22.8211,-45.7512,-25.0631,1014.83
20762,0.0573888,9.74653,1.24821,1.75,-3.08,0,23.1988,-44.826,-25.0631,1014.85
20768,0.0669536,9.77523,1.26734,1.54,-3.01,0,23.6347,-47.2315,-24.9006,1014.85
20774,0.0526064,9.77044,1.22908,1.4,-3.5,0.28,23.0826,-46.9848,-24.5016,1014.85
20780,0.0334768,9.76566,1.26734,1.75,-2.8,-0.07,22.9373,-45.0419,-25.27,1014.85
20786,0.0334768,9.79436,1.26255,1.68,-3.01,-0.21,22.7339,-45.8746,-25.004,1014.85
20792,0.0621712,9.80392,1.26255,1.54,-3.01,-0.28,23.5475,-47.5091,-25.1518,1014.85
20798,0.0765184,9.78001,1.26734,1.61,-2.87,-0.21,23.6347,-45.8129,-24.2947,1014.85
20804,0.0191296,9.81827,1.25777,1.4,-2.66,-0.14,23.257,-45.1653,-24.7971,1014.84
20810,-0.0286944,9.78479,1.21951,1.61,-2.8,-0.14,23.4313,-46.3989,-24.7085,1014.84
20816,0.0143472,9.78957,1.24342,1.61,-2.87,-0.21,23.0245,-46.6147,-25.8906,1014.81
20822,0.0573888,9.78957,1.20516,1.61,-3.43,-0.98,23.3151,-45.412,-24.1765,1014.81
20828,0.0430416,9.8087,1.23386,1.12,-2.87,-0.21,23.286,-46.6764,-24.9597,1014.81
20834,-0.0095648,9.74653,1.29603,1.4,-2.73,-0.56,23.3441,-47.0157,-24.5016,1014.82
20840,0.0095648,9.78479,1.25777,1.19,-3.08,-0.77,23.3732,-45.1344,-24.4277,1014.82
20846,-0.0095648,9.76566,1.29125,1.19,-3.29,-0.56,23.5185,-45.9979,-23.6446,1014.83
20852,0.0382592,9.76566,1.22908,0.91,-2.8,-0.14,23.5475,-46.183,-25.0927,1014.83
20858,0.0143472,9.77523,1.22908,1.75,-3.01,-0.14,22.8792,-45.412,-24.2208,1014.84
20864,-0.0191296,9.74653,1.28647,1.68,-3.08,-0.14,22.8502,-44.9494,-24.1765,1014.84
20870,-0.0095648,9.73697,1.28168,1.68,-3.01,0.07,23.0245,-46.7689,-24.472,1014.86
20876,0.0143472,9.77044,1.28168,1.89,-3.08,0,22.6177,-45.9671,-24.9301,1014.86
20882,0.0430416,9.75131,1.24821,2.24,-3.22,-0.49,22.9083,-44.7952,-24.5311,1014.82
20888,0.0621712,9.81349,1.23386,1.96,-3.01,-0.21,23.8962,-46.3063,-24.014,1014.82
20894,0.0430416,9.78957,1.21473,1.68,-3.36,-0.07,22.8502,-46.4914,-23.2899,1014.82
20900,0.0765184,9.85653,1.22908,1.68,-3.08,-0.49,23.4894,-45.2269,-24.4425,1014.85
20906,0.0526064,9.82783,1.18604,1.26,-2.87,-0.7,23.2279,-45.2578,-22.3886,1014.85
20912,0.0191296,9.77044,1.20995,1.19,-3.01,-0.84,24.0124,-46.3372,-23.1717,1014.82
20918,0.0047824,9.78957,1.27212,1.33,-3.01,-1.26,23.4894,-44.9185,-24.3982,1014.82
20924,0.071736,9.81349,1.22908,1.05,-3.08,-1.05,23.5185,-44.9185,-24.3982,1014.86
20930,0.047824,9.80392,1.25777,1.33,-3.01,-1.54,23.1407,-46.8923,-25.3291,1014.86
20936,0,9.76566,1.24342,1.12,-3.01,-1.61,23.1407,-45.7821,-24.871,1014.83
20942,0,9.80392,1.24342,0.7,-3.22,-1.33,22.7339,-45.0111,-25.5212,1014.83
20948,0,9.75131,1.25777,1.12,-3.15,-1.4,22.9373,-46.4914,-25.3586,1014.83
20954,-0.0334768,9.72262,1.31038,1.26,-3.01,-1.05,22.8211,-47.1082,-25.0483,1014.81
20960,-0.0286944,9.72262,1.32951,1.33,-2.52,-0.98,22.5596,-45.9363,-25.5359,1014.81
20966,-0.0095648,9.72262,1.26734,1.82,-3.29,-1.26,23.1117,-46.6147,-24.6198,1014.84
20972,-0.0382592,9.75131,1.26734,1.89,-2.94,-0.91,23.5475,-47.5091,-24.4277,1014.84
20978,-0.0191296,9.76566,1.23864,2.1,-2.66,-0.84,23.4603,-45.4428,-25.3586,1014.86
20984,-0.0573888,9.74175,1.25777,1.47,-2.87,-0.56,23.3441,-45.597,-25.4325,1014.86
20990,-0.0143472,9.78957,1.29603,1.89,-2.94,-0.42,23.5766,-47.3857,-24.6937,1014.82
20996,0.0143472,9.79436,1.21473,1.12,-3.15,-0.49,23.3441,-45.4737,-24.1913,1014.82
21002,0.0621712,9.77523,1.24821,1.82,-3.15,-0.56,22.8792,-45.4737,-25.0779,1014.82
21008,0.0573888,9.76088,1.28647,1.19,-3.01,-1.05,23.5185,-46.5839,-24.6198,1014.83
21014,0.109995,9.92348,1.09995,1.12,-2.94,-1.61,23.809,-46.4605,-25.5064,1014.83
21020,0.10043,9.78479,1.26255,1.05,-3.22,-1.05,22.9083,-45.0419,-25.5359,1014.84
21026,0.0286944,9.8374,1.23864,1.05,-3.08,-1.89,22.8792,-46.3063,-24.5755,1014.84
21032,0.0286944,9.79436,1.2769,0.63,-2.59,-1.68,23.5185,-47.0157,-24.147,1014.82
21038,-0.0765184,9.79914,1.31038,0.42,-2.94,-1.75,23.8962,-45.1036,-24.7528,1014.82
21044,0.0334768,9.78001,1.23864,0.63,-2.66,-1.75,23.4894,-45.7204,-26.1713,1014.85
21050,0.0047824,9.84218,1.22908,0.77,-2.59,-1.89,24.2739,-47.1082,-25.2552,1014.85
21056,-0.0765184,9.77044,1.30081,0.63,-2.66,-2.1,23.1988,-45.5662,-25.3734,1014.84
21062,-0.071736,9.74653,1.31516,1.12,-3.36,-1.89,23.6637,-44.9494,-24.1913,1014.84
21068,-0.0334768,9.71784,1.3056,0.98,-2.45,-1.33,23.9834,-46.368,-23.9696,1014.84
21074,-0.0047824,9.71784,1.28647,1.68,-2.94,-1.4,23.4894,-46.5839,-25.0188,1014.87
21080,-0.0382592,9.72262,1.28647,1.89,-3.01,-1.47,23.5766,-44.5485,-24.4277,1014.87
21086,-0.0573888,9.73218,1.26734,1.54,-3.01,-1.12,23.6056,-45.6895,-24.9153,1014.83
21092,-0.0860832,9.7274,1.31516,1.68,-3.01,-0.84,23.257,-46.5839,-25.4916,1014.83
21098,-0.0573888,9.76088,1.21473,1.89,-3.22,-1.05,23.257,-44.9802,-24.472,1014.84
21104,-0.071736,9.78001,1.26255,1.68,-2.73,-1.12,23.0826,-45.5045,-24.9006,1014.84
21110,0.023912,9.78479,1.21951,1.61,-2.8,-0.42,23.3441,-46.5531,-24.8562,1014.82
21116,0.0669536,9.8087,1.22429,1.54,-2.38,-1.12,22.8502,-46.6147,-24.7085,1014.82
21122,0.0765184,9.84218,1.16212,0.98,-2.17,-1.33,23.0536,-45.2269,-25.6837,1014.82
21128,0.023912,9.84696,1.20516,1.05,-2.1,-1.26,23.2279,-46.3372,-24.1026,1014.82
21134,-0.0047824,9.81827,1.21473,0.56,-2.38,-2.1,24.1577,-46.1521,-25.2847,1014.82
21140,0,9.78001,1.26734,0.49,-2.66,-2.45,23.5185,-44.6101,-23.9549,1014.8
21146,-0.0047824,9.81349,1.21951,0.77,-2.59,-2.17,23.6637,-47.1082,-24.1913,1014.8
21152,-0.0908656,9.78479,1.31038,0.42,-1.96,-2.03,23.6928,-47.2624,-24.0583,1014.85
21158,-0.0860832,9.71305,1.35342,0.56,-2.45,-2.1,23.3441,-46.3989,-24.3538,1014.85
21164,-0.133907,9.69392,1.35342,0.98,-3.15,-2.17,23.6928,-46.1521,-23.9105,1014.84
21170,-0.0908656,9.69871,1.35342,1.26,-2.52,-1.82,24.0124,-46.9231,-23.5411,1014.84
21176,-0.129125,9.7274,1.29125,0.7,-2.31,-0.98,24.1577,-45.7204,-23.6446,1014.84
21182,-0.0908656,9.72262,1.32472,1.4,-2.8,-1.33,23.2279,-45.7204,-25.1074,1014.83
21188,-0.109995,9.70827,1.34385,1.61,-3.01,-0.91,23.8381,-47.2315,-24.5311,1014.83
21194,-0.153037,9.70827,1.34864,1.47,-2.8,-0.7,24.6226,-47.0773,-23.8514,1014.86
21200,-0.114778,9.76566,1.2769,1.96,-3.22,-0.56,23.6056,-45.2269,-23.2308,1014.86
21206,-0.0860832,9.70349,1.31038,1.75,-3.08,-0.49,23.7219,-45.8746,-23.9253,1014.81
21212,-0.11956,9.71784,1.29603,1.61,-3.36,-0.07,23.7509,-47.2624,-23.2013,1014.81
21218,-0.0765184,9.76088,1.26255,1.68,-2.94,-0.21,23.5766,-45.412,-23.2308,1014.84
21224,-0.0095648,9.80392,1.23386,1.4,-2.66,-0.14,23.7219,-45.412,-24.014,1014.84
21230,-0.023912,9.79436,1.19082,1.4,-3.15,-0.63,24.0124,-46.5531,-24.3243,1014.86
21236,-0.0143472,9.83261,1.16212,0.77,-3.22,-0.84,23.3732,-45.1653,-24.6641,1014.86
21242,0.0765184,9.89,1.20995,0.98,-2.87,-1.33,23.5185,-44.9185,-24.7971,1014.86
21248,0.047824,9.81827,1.30081,0.49,-2.94,-1.19,24.1287,-46.3372,-25.1665,1014.85
21254,-0.0047824,9.81349,1.26734,0.56,-2.87,-2.1,24.303,-46.8923,-25.0483,1014.85
21260,-0.023912,9.79914,1.28168,0.42,-3.01,-1.68,23.1407,-45.0419,-25.1222,1014.83
21266,-0.023912,9.81827,1.2769,0.84,-2.59,-1.75,23.5185,-46.5839,-24.1322,1014.83
21272,-0.124342,9.72262,1.38211,0.91,-2.87,-1.47,24.0415,-47.3549,-24.0583,1014.85
21278,-0.186514,9.68436,1.44428,0.91,-2.87,-1.12,23.8962,-44.641,-25.0927,1014.85
21284,-0.0813008,9.70827,1.35342,1.12,-3.43,-1.47,23.6347,-44.826,-23.3786,1014.85
21290,-0.114778,9.72262,1.33429,1.68,-3.36,-0.98,23.5766,-46.6764,-23.7776,1014.85
21296,-0.11956,9.7274,1.32472,1.47,-2.87,-0.63,23.6928,-45.6895,-24.1765,1014.85
21302,-0.186514,9.67001,1.44428,1.68,-3.29,-0.7,23.7219,-45.5662,-24.472,1014.84
21308,-0.114778,9.66045,1.34864,1.82,-2.8,-0.07,23.9834,-46.3063,-24.2061,1014.84
21314,-0.11956,9.76088,1.33907,2.17,-3.29,0,23.6637,-46.0905,-24.1617,1014.81
21320,-0.071736,9.74175,1.25777,2.03,-2.8,-0.42,23.7219,-44.7643,-23.7332,1014.81
21326,-0.0286944,9.80392,1.19082,1.4,-3.01,-17.85,23.4603,-46.0288,-23.8958,1014.82
21332,-0.0334768,9.81349,1.23864,1.33,-3.29,0.28,24.0415,-46.6147,-23.216,1014.82
21338,-0.0382592,9.79914,1.23386,1.33,-2.87,-0.21,23.6637,-45.1344,-24.0731,1014.83
21344,0.0047824,9.82305,1.21951,1.05,-3.08,-1.12,23.8962,-45.0727,-24.738,1014.83
21350,0.0047824,9.79436,1.28168,0.56,-2.94,-0.28,23.78,-47.0157,-24.1617,1014.84
21356,-0.0430416,9.78001,1.3056,0.84,-3.01,-0.63,23.5766,-45.7512,-23.9401,1014.84
21362,-0.0430416,9.77523,1.31038,1.19,-2.87,-1.61,24.2158,-44.7027,-24.8267,1014.84
21368,-0.0286944,9.77523,1.33907,1.19,-2.73,-1.47,24.2739,-46.5531,-24.3391,1014.84
21374,-0.133907,9.77044,1.37255,1.54,-2.45,-0.63,23.4022,-45.9979,-24.3243,1014.84
21380,-0.157819,9.71305,1.35342,1.05,-2.73,-1.19,23.1407,-45.1036,-24.5311,1014.87
21386,-0.196078,9.65088,1.5208,1.68,-3.43,-1.26,23.6928,-46.1521,-23.6593,1014.87
21392,-0.071736,9.73697,1.28168,1.61,-2.24,-0.42,23.9543,-46.1521,-23.8219,1014.84
21398,-0.11956,9.75131,1.32951,1.54,-2.87,-0.49,23.78,-44.7643,-24.6494,1014.84
21404,-0.13869,9.68436,1.34864,1.89,-2.87,-0.21,23.6347,-45.2578,-24.3686,1014.87
21410,-0.157819,9.72262,1.3056,1.82,-3.36,0,23.9253,-46.3063,-23.8514,1014.87
21416,-0.11956,9.74653,1.31516,2.1,-3.5,-0.21,23.2279,-45.1653,-25.5064,1014.87
21422,-0.0860832,9.78001,1.25299,1.75,-2.94,-0.14,23.7219,-44.4868,-25.4473,1014.81
21428,-0.133907,9.74653,1.26255,1.75,-2.94,0.21,24.3902,-45.7512,-25.4177,1014.81
21434,-0.10043,9.78957,1.32951,1.61,-3.22,0.28,24.5645,-45.5045,-24.0879,1014.86
21440,-0.0286944,9.78957,1.2769,1.61,-3.01,0,23.78,-44.5176,-23.7923,1014.86
21446,0,9.82305,1.26255,1.61,-3.01,-0.56,24.2158,-45.7204,-23.6741,1014.82
21452,-0.023912,9.82305,1.29125,1.4,-2.94,-0.35,24.0124,-46.2755,-24.6641,1014.82
21458,-0.023912,9.85174,1.26255,1.33,-2.59,-0.84,24.826,-44.6101,-24.6494,1014.85
21464,-0.047824,9.74653,1.34864,1.26,-2.17,-0.63,23.7219,-45.1036,-24.3982,1014.85
21470,-0.0908656,9.75131,1.37255,1.68,-2.94,-0.84,24.2449,-46.7073,-23.7037,1014.85
21476,-0.0526064,9.74653,1.37733,1.26,-2.59,-1.05,24.0996,-45.0111,-24.5164,1014.84
21482,-0.047824,9.74175,1.34385,1.68,-3.15,-1.05,24.6517,-44.2709,-24.5607,1014.84
21488,-0.109995,9.78479,1.2769,1.4,-2.52,-0.7,24.0124,-45.5045,-24.4129,1014.83
21494,-0.200861,9.6748,1.42994,1.61,-2.8,-0.42,24.4483,-46.3063,-24.3095,1014.83
21500,-0.109995,9.71305,1.31038,1.75,-2.8,-0.63,23.5185,-44.1784,-24.2356,1014.83
21506,-0.153037,9.71305,1.31994,1.89,-2.87,-0.14,24.0124,-45.1961,-25.5359,1014.83
21512,-0.133907,9.72262,1.29603,2.17,-2.87,0,24.9132,-46.0596,-24.0879,1014.8
21518,-0.105213,9.75131,1.32472,1.75,-3.08,0.14,23.6637,-44.7643,-24.4425,1014.8
21524,-0.143472,9.73697,1.29603,1.96,-3.36,0.21,23.4022,-45.8437,-24.3538,1014.83
21530,-0.10043,9.7561,1.2769,1.61,-2.94,0.07,24.4773,-46.1213,-23.9253,1014.83
21536,-0.129125,9.7561,1.22429,1.61,-3.57,-0.21,24.1577,-45.3811,-24.9597,1014.83
21542,-0.109995,9.74653,1.29603,1.89,-2.94,0.7,23.8381,-44.055,-24.4129,1014.84
21548,-0.0430416,9.82305,1.25299,1.12,-3.15,0.7,23.6056,-45.9054,-24.5311,1014.84
21554,-0.047824,9.81349,1.23864,1.05,-3.29,0.07,24.6226,-46.0288,-24.0288,1014.83
21560,-0.0047824,9.81349,1.26255,1.05,-3.22,-0.21,23.7219,-44.4868,-25.2995,1014.83
21566,-0.0143472,9.8087,1.31038,0.91,-2.66,0.21,24.4192,-44.641,-25.1961,1014.84
21572,-0.0765184,9.78479,1.30081,0.98,-2.8,-0.07,24.3902,-45.9979,-23.6002,1014.84
21578,-0.0143472,9.79914,1.36777,1.33,-3.15,-0.98,23.8381,-44.7027,-24.6789,1014.83
21584,-0.0382592,9.76088,1.3869,1.26,-2.87,-0.91,23.8962,-45.2578,-24.2947,1014.83
21590,-0.095648,9.7274,1.40124,1.33,-2.52,-0.35,24.5064,-46.2755,-23.8662,1014.83
21596,-0.105213,9.74653,1.36777,1.89,-3.22,-0.91,22.9664,-45.597,-23.6002,1014.8
21602,-0.11956,9.75131,1.33907,1.75,-2.73,-0.21,23.4894,-44.5485,-23.7628,1014.8
21608,-0.10043,9.76088,1.33429,2.17,-3.01,-0.77,23.8381,-45.9054,-23.9549,1014.85
21614,-0.129125,9.7561,1.31516,1.75,-3.22,-0.63,23.8962,-45.1344,-24.0583,1014.85
21620,-0.148254,9.73697,1.34385,1.96,-2.94,0,23.8962,-44.7027,-23.5264,1014.85
21626,-0.114778,9.75131,1.29603,1.75,-3.36,0,23.7219,-46.5531,-24.4425,1014.85
21632,-0.11956,9.74175,1.3056,1.68,-2.87,-0.63,23.7219,-46.7073,-23.2899,1014.84
21638,-0.10043,9.72262,1.32472,1.61,-3.01,-0.56,23.8962,-45.3503,-25.2995,1014.84
21644,-0.105213,9.76566,1.28168,1.4,-2.94,0.49,23.5185,-45.5353,-24.4129,1014.84
21650,-0.124342,9.76566,1.25777,1.75,-3.29,0.7,24.1868,-46.4605,-24.147,1014.83
21656,-0.0860832,9.7274,1.27212,1.33,-2.52,-0.28,24.1577,-45.7512,-24.5755,1014.83
21662,-0.0573888,9.75131,1.30081,1.19,-2.73,0,23.1117,-44.6718,-24.4425,1014.83
21668,-0.0286944,9.74653,1.29125,1.61,-3.43,0.35,23.6637,-46.5222,-23.2752,1014.83
21674,-0.0669536,9.76566,1.31994,1.4,-2.59,-0.14,23.9834,-45.9363,-24.014,1014.86
21680,-0.0191296,9.77044,1.33907,1.54,-2.8,0,23.6637,-44.055,-24.6198,1014.86
21686,-0.0621712,9.7274,1.32472,1.68,-2.31,-0.28,22.763,-45.9671,-25.004,1014.85
21692,-0.0765184,9.75131,1.3869,1.61,-2.66,-0.63,24.0415,-46.8615,-24.8415,1014.85
21698,-0.0573888,9.74653,1.34864,1.89,-2.94,-0.56,23.7509,-45.7821,-24.7528,1014.84
21704,-0.0765184,9.74175,1.31516,1.82,-2.94,0.07,23.8381,-45.4737,-22.8614,1014.84
21710,-0.0813008,9.77523,1.29603,1.75,-2.45,-0.35,23.7219,-46.9231,-24.6641,1014.84
21716,-0.172166,9.78479,1.3056,1.82,-2.8,-0.77,23.6637,-45.2578,-24.2652,1014.84
21722,-0.133907,9.71305,1.33429,1.89,-3.15,-0.14,23.2279,-44.6101,-24.6641,1014.84
21728,-0.0908656,9.76088,1.29603,1.75,-3.15,0.07,24.0705,-46.4914,-24.1174,1014.84
21734,-0.124342,9.7561,1.30081,1.96,-2.73,0,23.4894,-45.9671,-23.615,1014.84
21740,-0.124342,9.77523,1.2769,1.19,-3.01,0,23.3732,-44.641,-25.3439,1014.84
21746,-0.129125,9.75131,1.30081,1.19,-3.15,0.35,23.5475,-45.8437,-23.615,1014.84
21752,-0.124342,9.73697,1.31994,1.54,-3.29,0,23.8671,-47.0773,-22.758,1014.79
21758,-0.124342,9.74653,1.31994,1.26,-3.08,0.56,23.9543,-44.3634,-24.3834,1014.79
21764,-0.0813008,9.7561,1.3056,0.91,-2.94,0.28,23.5475,-45.8746,-25.1813,1014.79
21770,-0.0334768,9.78957,1.26734,1.05,-3.29,0.21,23.3732,-46.4914,-23.5411,1014.83
21776,-0.0382592,9.80392,1.34864,1.26,-3.08,-0.14,24.1577,-45.8437,-24.6937,1014.83
21782,-0.071736,9.76566,1.33429,1.4,-2.87,-0.07,23.9253,-45.0727,-24.7232,1014.81
21788,-0.023912,9.79436,1.34385,1.26,-2.94,-0.28,23.1698,-46.3989,-23.4377,1014.81
21794,-0.0191296,9.76566,1.36298,1.26,-2.8,-0.42,24.4483,-45.4428,-23.9696,1014.82
21800,-0.0573888,9.76566,1.35342,2.03,-2.66,-0.49,24.5936,-44.1784,-24.3095,1014.82
21806,-0.109995,9.7561,1.3582,1.82,-2.52,-0.49,23.809,-46.3063,-23.9253,1014.82
21812,-0.129125,9.74653,1.33429,1.54,-2.8,-0.35,23.9834,-46.3372,-23.7184,1014.82
21818,-0.13869,9.75131,1.32951,1.61,-2.94,0.07,23.4603,-45.1653,-25.0335,1014.82
21824,-0.095648,9.76566,1.32951,1.82,-3.08,-0.42,23.8962,-46.1213,-24.6346,1014.79
21830,-0.13869,9.76566,1.30081,1.82,-2.8,-0.21,23.6637,-46.954,-24.0879,1014.79
21836,-0.105213,9.78001,1.31038,1.4,-2.94,0,24.0996,-45.5353,-25.1074,1014.81
21842,-0.11956,9.75131,1.29603,1.61,-3.29,-0.35,23.2279,-45.5662,-26.2157,1014.81
21848,-0.129125,9.77523,1.31038,2.1,-2.87,0.42,24.2739,-46.7998,-23.9992,1014.8
21854,-0.11956,9.73697,1.33429,1.47,-3.08,0.35,24.2158,-46.3372,-24.3834,1014.8
21860,-0.10043,9.74653,1.32472,1.61,-3.22,0.07,23.9543,-44.5176,-24.8415,1014.84
21866,-0.0765184,9.74653,1.31038,1.33,-3.57,0.14,24.2449,-45.1344,-24.4425,1014.84
21872,-0.0573888,9.74653,1.33429,1.47,-3.08,0.35,23.5185,-46.4914,-24.0731,1014.84
21878,-0.0191296,9.78479,1.26734,1.61,-3.01,0.35,23.9543,-45.3195,-23.9401,1014.84
21884,0,9.78957,1.31038,1.47,-3.01,-0.28,23.8671,-45.2578,-24.5016,1014.84
21890,-0.0191296,9.78479,1.33907,1.26,-2.73,-1.05,23.78,-47.1698,-23.8662,1014.86
21896,-0.10043,9.78957,1.3582,1.82,-3.15,-0.56,23.9543,-45.9054,-24.9892,1014.86
21902,-0.0526064,9.77523,1.31994,1.61,-2.59,-0.49,23.5185,-44.7952,-24.9597,1014.85
21908,-0.0621712,9.78001,1.34385,1.54,-2.59,-0.56,23.5185,-46.3372,-22.6398,1014.85
21914,-0.109995,9.75131,1.36777,1.96,-3.22,-0.91,23.5766,-45.9054,-25.1961,1014.86
21920,-0.105213,9.73218,1.34385,1.61,-2.87,-0.35,23.2279,-44.9802,-24.0731,1014.86
21926,-0.114778,9.71784,1.3582,2.03,-2.66,-0.42,23.809,-45.7204,-24.5016,1014.85
21932,-0.148254,9.76566,1.32472,1.54,-2.59,-0.63,24.5645,-46.7998,-24.4573,1014.85
21938,-0.11956,9.73697,1.29125,1.47,-3.08,-0.63,24.3611,-45.2269,-24.6346,1014.85
21944,-0.133907,9.77044,1.32951,1.47,-2.59,-17.92,22.6758,-45.9979,-24.147,1014.82
21950,-0.133907,9.7561,1.33429,1.75,-2.87,0.21,23.286,-46.9231,-24.3243,1014.82
21956,-0.124342,9.76088,1.35342,1.61,-2.66,0.35,22.8502,-46.2138,-24.0435,1014.81
21962,-0.0908656,9.72262,1.33907,1.96,-3.22,0,23.4313,-45.2269,-24.8858,1014.81
21968,-0.124342,9.73697,1.32951,1.68,-2.8,0.21,23.286,-46.5839,-24.4573,1014.82
21974,-0.10043,9.76566,1.31516,2.1,-3.01,0.35,23.4022,-46.2138,-24.8858,1014.82
21980,-0.0334768,9.75131,1.29603,1.82,-3.08,0.42,23.286,-44.3943,-24.7971,1014.83
21986,-0.071736,9.76566,1.31994,2.03,-3.43,-0.21,24.0124,-46.368,-24.2208,1014.83
21992,-0.0765184,9.76566,1.32472,1.68,-3.57,0.14,24.2739,-46.6147,-23.024,1014.83
21998,-0.105213,9.75131,1.31994,1.54,-2.94,0.63,23.5185,-44.641,-23.7923,1014.87
22004,-0.0621712,9.75131,1.31038,1.96,-3.08,-0.07,23.4022,-44.3634,-23.3047,1014.87
22010,-0.0286944,9.74653,1.32951,1.61,-2.66,-0.35,24.0415,-46.6456,-24.2652,1014.84
22016,-0.071736,9.78957,1.33429,1.75,-2.59,-0.35,23.257,-44.641,-23.2456,1014.84
22022,-0.0813008,9.77044,1.31038,1.68,-2.66,-0.07,23.4603,-45.0419,-24.3686,1014.81
22028,-0.0573888,9.78001,1.34385,1.82,-2.52,-0.42,23.4313,-45.9054,-24.3686,1014.81
22034,-0.0813008,9.78957,1.35342,1.12,-2.31,-0.63,23.6637,-45.1653,-24.2652,1014.81
22040,-0.095648,9.76088,1.33429,1.54,-2.8,-0.56,23.7509,-44.7335,-24.1617,1014.81
22046,-0.109995,9.77044,1.31038,1.47,-3.36,-0.49,23.1698,-46.4605,-24.8267,1014.85
22052,-0.124342,9.78001,1.3582,2.24,-3.15,-0.28,23.4022,-46.183,-24.605,1014.85
22058,-0.129125,9.73697,1.31994,1.68,-3.36,-0.28,23.4894,-44.4559,-24.0288,1014.85
22064,-0.114778,9.73218,1.34385,1.75,-3.01,-0.42,23.0245,-44.641,-24.5903,1014.81
22070,-0.124342,9.74175,1.33907,1.82,-2.66,-0.07,23.7509,-45.9363,-23.6741,1014.81
22076,-0.124342,9.75131,1.34864,1.12,-2.38,0.56,23.4313,-44.9494,-24.2504,1014.81
22082,-0.0765184,9.72262,1.34385,1.82,-3.36,0.21,23.6347,-44.2401,-25.3143,1014.81
22088,-0.095648,9.74175,1.32472,1.75,-3.01,0.63,23.0826,-46.2447,-24.7528,1014.83
22094,-0.095648,9.71305,1.36777,1.89,-2.59,0.28,23.5766,-45.8129,-24.0583,1014.83
22100,-0.105213,9.76088,1.29125,1.89,-2.59,0.28,23.6056,-44.0859,-25.27,1014.85
22106,-0.10043,9.77044,1.34385,1.75,-3.22,0,23.4022,-45.5662,-23.881,1014.85
22112,-0.0621712,9.76566,1.32472,1.61,-2.8,0.35,23.809,-46.2447,-23.4968,1014.85
22118,-0.095648,9.77523,1.33429,1.61,-2.59,0.42,24.1287,-44.3326,-23.2899,1014.84
22124,-0.0621712,9.77523,1.32472,2.03,-2.59,0,23.5766,-44.5793,-25.3291,1014.84
22130,-0.0143472,9.82783,1.33429,1.61,-2.8,-0.14,23.6347,-46.6456,-23.6593,1014.81
22136,-0.0430416,9.76566,1.31994,1.33,-3.15,0.14,23.9834,-44.8569,-24.0435,1014.81
22142,-0.0526064,9.77044,1.35342,1.54,-2.59,-0.14,24.4192,-44.5793,-25.4473,1014.81
22148,-0.0908656,9.77044,1.36777,1.89,-2.8,0,23.3732,-46.1213,-23.1865,1014.81
22154,-0.11956,9.73218,1.36777,1.47,-3.08,-0.63,23.6637,-46.368,-23.7332,1014.83
22160,-0.114778,9.76088,1.34864,1.61,-2.87,-0.28,23.3441,-44.1784,-24.2504,1014.83
22166,-0.124342,9.74175,1.37733,2.38,-2.87,0,23.7219,-46.0288,-23.9696,1014.8
22172,-0.0813008,9.75131,1.31516,2.03,-2.59,0.07,24.3321,-46.0596,-22.6693,1014.8
22178,-0.133907,9.78001,1.30081,1.75,-2.52,0.28,23.6928,-43.685,-23.6298,1014.8
22184,-0.129125,9.74175,1.32951,2.1,-2.87,0.07,23.809,-45.0111,-24.5607,1014.84
22190,-0.071736,9.71305,1.33429,2.03,-3.15,0.14,23.6056,-46.0288,-23.5855,1014.84
22196,-0.109995,9.73218,1.31516,1.82,-2.94,0.21,23.8962,-45.4737,-23.9253,1014.83
22202,-0.095648,9.76088,1.32472,1.75,-3.01,0.35,23.0536,-44.5485,-23.8662,1014.83
22208,-0.0860832,9.77044,1.28647,1.68,-2.8,0.63,24.2158,-46.3372,-23.8219,1014.82
22214,-0.047824,9.77523,1.32951,1.47,-2.73,0.7,23.7509,-46.0905,-23.6298,1014.82
22220,-0.0765184,9.78479,1.31516,1.19,-2.8,0.56,23.5766,-44.5176,-24.9892,1014.84
22226,-0.0526064,9.76566,1.32951,1.4,-2.8,0.49,23.78,-45.597,-23.1865,1014.84
22232,-0.0430416,9.82305,1.33429,1.68,-3.36,-0.14,24.0124,-46.5839,-24.5311,1014.84
22238,-0.0382592,9.78479,1.32951,1.4,-3.29,0.07,23.1988,-44.826,-24.0435,1014.86
22244,-0.0669536,9.76088,1.32951,1.26,-2.38,0,23.8671,-44.7027,-24.3095,1014.86
22250,-0.071736,9.78479,1.34864,1.68,-3.01,-0.14,24.2449,-45.9363,-24.3982,1014.82
22256,-0.0813008,9.78957,1.29603,1.82,-3.15,-0.35,24.0124,-44.7643,-24.2208,1014.82
22262,-0.095648,9.78479,1.29603,1.68,-2.59,-0.35,23.6056,-44.9802,-23.5707,1014.84
22268,-0.153037,9.7274,1.31994,1.68,-2.66,-0.21,24.7679,-46.0288,-23.8219,1014.84
22274,-0.095648,9.72262,1.35342,1.26,-2.52,-0.28,24.826,-45.1653,-24.014,1014.83
22280,-0.109995,9.74175,1.3582,1.68,-3.29,-0.35,23.7509,-43.87,-24.4277,1014.83
22286,-0.109995,9.7274,1.31516,1.61,-3.01,0.14,24.0705,-45.7821,-23.881,1014.83
22292,-0.114778,9.74653,1.26734,1.68,-3.29,0.21,24.5936,-45.8129,-24.3834,1014.86
22298,-0.114778,9.76088,1.29125,1.61,-3.01,0.42,23.6347,-44.7027,-23.7776,1014.86
22304,-0.105213,9.7274,1.34864,1.68,-3.15,0,22.9373,-45.412,-25.7724,1014.82
22310,-0.114778,9.71784,1.35342,1.82,-3.29,0.56,23.4894,-47.2007,-24.2356,1014.82
22316,-0.129125,9.7561,1.30081,1.82,-3.22,0.49,22.8502,-45.3195,-24.5903,1014.84
22322,-0.095648,9.73697,1.33429,1.61,-3.08,0.49,23.0536,-44.641,-23.8071,1014.84
22328,-0.114778,9.73697,1.32951,1.68,-2.94,0.42,23.4313,-46.0596,-24.3982,1014.81
22334,-0.0621712,9.78479,1.32951,1.75,-3.15,0.35,23.286,-46.4297,-23.8367,1014.81
22340,-0.0191296,9.82305,1.2769,1.68,-2.73,-0.07,23.1407,-44.0859,-24.3095,1014.83
22346,0.0047824,9.83261,1.30081,1.33,-3.01,-0.07,23.286,-46.2138,-24.9153,1014.83
22352,-0.0143472,9.79436,1.28647,1.26,-2.8,-0.84,23.4313,-46.368,-25.5064,1014.83
22358,-0.0430416,9.78957,1.32951,1.54,-2.8,-0.63,23.6637,-44.5793,-23.9696,1014.84
22364,-0.0860832,9.83261,1.29125,1.19,-2.87,-1.26,22.763,-45.0419,-24.2208,1014.84
22370,-0.071736,9.81349,1.31994,1.68,-2.94,-1.19,24.1868,-46.7998,-24.8415,1014.8
22376,-0.023912,9.80392,1.31994,1.26,-2.45,-0.91,23.5185,-44.641,-23.5855,1014.8
22382,-0.11956,9.75131,1.36777,1.75,-2.87,-1.12,24.2739,-45.2269,-24.605,1014.84
22388,-0.148254,9.70827,1.32951,1.4,-2.52,-0.77,23.9834,-46.6147,-24.6789,1014.84
22394,-0.0573888,9.73697,1.31516,1.4,-3.08,-0.7,23.78,-45.8746,-24.2061,1014.81
22400,-0.148254,9.65567,1.41559,1.61,-2.66,-0.21,23.257,-44.2401,-24.7971,1014.81
22406,-0.153037,9.73218,1.35342,1.82,-2.73,0,24.4483,-45.6587,-24.7676,1014.81
22412,-0.148254,9.6748,1.38211,1.89,-2.52,0.28,23.8381,-46.2755,-23.0387,1014.83
22418,-0.162602,9.73218,1.33429,1.89,-3.08,-0.07,23.5185,-44.4868,-24.871,1014.83
22424,-0.114778,9.69871,1.29125,1.68,-3.29,0.14,24.3321,-44.826,-24.1322,1014.8
22430,-0.129125,9.67958,1.36298,2.1,-3.08,0.35,24.6807,-45.6587,-22.9944,1014.8
22436,-0.0765184,9.75131,1.34385,2.03,-2.73,0.7,23.7219,-44.7952,-23.9696,1014.86
22442,-0.071736,9.8087,1.28647,2.03,-2.8,0.42,23.8962,-44.4251,-24.1174,1014.86
22448,-0.0621712,9.79914,1.27212,1.61,-3.08,-0.28,23.7509,-45.6587,-24.7676,1014.82
22454,-0.0430416,9.84218,1.31994,1.4,-2.8,-0.28,24.6226,-45.7204,-24.8858,1014.82
22460,-0.0143472,9.8087,1.31516,1.47,-2.94,0.14,24.2739,-44.2709,-24.1617,1014.82
22466,0.0382592,9.84696,1.34385,1.26,-2.52,-0.28,23.9834,-45.6279,-24.1617,1014.82
22472,-0.0095648,9.8087,1.32951,1.47,-2.38,-1.47,24.2739,-46.6764,-22.1965,1014.82
22478,-0.095648,9.82783,1.31994,1.54,-2.73,-1.19,24.1577,-44.3943,-24.3982,1014.84
22484,-0.10043,9.78957,1.32951,1.68,-2.66,-0.42,23.3151,-44.2709,-24.472,1014.84
22490,-0.0430416,9.87566,1.24821,1.12,-3.01,-1.47,23.9543,-46.0596,-23.6741,1014.81
22496,-0.109995,9.73218,1.33907,1.26,-2.8,-0.98,23.9543,-45.4428,-23.0092,1014.81
22502,-0.167384,9.73218,1.3869,1.12,-2.66,-1.47,23.4313,-44.2401,-24.8119,1014.83
22508,-0.105213,9.70827,1.39168,1.89,-2.8,-1.26,24.1868,-46.5839,-23.3786,1014.83
22514,-0.153037,9.72262,1.34385,1.47,-2.52,-0.84,24.3611,-46.0596,-24.2061,1014.83
22520,-0.109995,9.68436,1.40124,2.38,-3.5,-0.49,23.8962,-44.4868,-24.2504,1014.83
22526,-0.172166,9.70827,1.34385,1.68,-2.87,-0.49,23.7509,-45.412,-24.5164,1014.83
22532,-0.167384,9.70349,1.31516,2.03,-2.73,-0.63,24.7679,-46.0905,-24.4425,1014.83
22538,-0.205643,9.68914,1.34385,2.03,-2.8,-0.21,24.0124,-45.1036,-22.6545,1014.83
22544,-0.191296,9.70827,1.31994,1.89,-2.8,-0.07,24.0705,-44.7643,-24.3391,1014.82
22550,-0.143472,9.70827,1.31516,2.03,-2.87,0.28,24.5936,-45.7821,-24.6346,1014.82
22556,-0.105213,9.70827,1.3056,2.31,-3.29,0.63,24.1577,-45.1961,-24.7823,1014.82
22562,-0.10043,9.77523,1.30081,1.82,-3.01,0.35,23.9543,-43.7466,-24.2061,1014.82
22568,-0.0908656,9.78001,1.30081,1.68,-3.01,0.49,23.6928,-45.597,-24.1322,1014.81
22574,-0.0573888,9.84696,1.26734,1.26,-3.22,0.07,23.7509,-45.2269,-23.6002,1014.81
22580,-0.0095648,9.77523,1.34385,1.82,-3.15,-0.35,23.8381,-44.5176,-23.7923,1014.81
22586,-0.0526064,9.86609,1.25777,1.4,-2.66,-0.42,23.809,-45.8129,-23.7332,1014.84
22592,-0.047824,9.8087,1.31994,1.4,-3.36,-0.91,24.4773,-46.368,-23.3343,1014.84
22598,-0.047824,9.78957,1.37255,1.26,-3.01,-0.77,23.6637,-44.9185,-23.9105,1014.81
22604,-0.0286944,9.82783,1.38211,1.54,-3.22,-0.84,23.3151,-44.7952,-24.8119,1014.81
22610,0.0286944,9.85174,1.3056,1.54,-2.45,-1.12,23.8962,-46.183,-23.6593,1014.84
22616,-0.109995,9.79914,1.33429,1.12,-3.08,-1.33,23.6347,-44.7027,-23.3343,1014.84
22622,-0.186514,9.70827,1.46341,1.75,-3.08,-1.05,23.8671,-44.1784,-24.6346,1014.83
22628,-0.153037,9.69392,1.43472,2.03,-2.8,-0.77,24.0996,-45.4428,-23.1422,1014.83
22634,-0.133907,9.70827,1.35342,2.24,-3.01,-0.49,24.0124,-45.8129,-24.472,1014.83
22640,-0.143472,9.7274,1.3582,2.45,-2.59,-0.77,23.78,-45.1344,-25.2847,1014.83
22646,-0.167384,9.75131,1.29603,2.03,-2.31,-0.49,24.0124,-45.6279,-23.9992,1014.83
22652,-0.167384,9.72262,1.31994,2.45,-3.22,-0.28,24.0705,-45.9363,-23.9401,1014.82
22658,-0.172166,9.74175,1.28168,2.45,-2.94,0,23.9543,-44.9185,-24.5016,1014.82
22664,-0.133907,9.72262,1.26255,2.03,-3.43,0.35,23.7219,-44.6718,-24.8415,1014.82
22670,-0.133907,9.78001,1.28168,2.31,-3.22,0.21,24.3321,-45.9363,-24.871,1014.82
22676,-0.0860832,9.79436,1.25777,2.03,-2.66,-0.28,23.9543,-44.9185,-23.5559,1014.84
22682,-0.0573888,9.78479,1.2769,1.75,-2.8,-0.07,23.9543,-44.2401,-24.1617,1014.84
22688,-0.0765184,9.79914,1.25777,1.54,-2.87,-0.07,23.8962,-45.2578,-24.472,1014.8
22694,-0.10043,9.79436,1.28168,1.33,-3.22,-0.42,23.8962,-45.5662,-23.8071,1014.8
22700,-0.0573888,9.76088,1.31038,1.19,-2.94,-0.84,23.8671,-44.7952,-24.5755,1014.8
22706,-0.129125,9.74653,1.36777,1.75,-2.87,-0.7,23.5185,-45.6587,-25.1665,1014.85
22712,-0.105213,9.70827,1.37255,2.03,-2.8,-0.56,23.5185,-46.3372,-24.2947,1014.85
22718,-0.143472,9.76088,1.39646,2.1,-2.94,-0.56,23.8381,-45.1036,-24.5755,1014.82
22724,-0.13869,9.73218,1.36777,2.24,-3.01,-0.21,23.5185,-45.1961,-25.0779,1014.82
22730,-0.162602,9.70827,1.31516,2.52,-2.59,-0.35,24.2158,-46.2138,-24.2504,1014.83
22736,-0.186514,9.7274,1.33429,2.31,-2.59,0,24.0415,-44.3943,-24.3095,1014.83
22742,-0.148254,9.7274,1.37255,2.59,-3.64,0.28,24.0415,-44.3326,-24.2208,1014.84
22748,-0.129125,9.72262,1.31994,2.38,-2.8,0.49,24.2449,-46.3063,-24.4868,1014.84
22754,-0.181731,9.7274,1.29603,2.31,-3.01,0.28,24.1287,-45.2578,-24.9892,1014.84
22760,-0.176949,9.74175,1.28168,2.1,-3.64,0.49,23.6056,-43.685,-24.6198,1014.82
22766,-0.13869,9.74653,1.28168,2.1,-3.36,1.33,23.8962,-45.9054,-24.1026,1014.82
22772,-0.11956,9.72262,1.29125,2.03,-3.78,0.77,24.0705,-45.7821,-23.6593,1014.8
22778,-0.0908656,9.78479,1.31038,2.03,-3.22,1.12,24.0415,-44.9802,-24.1913,1014.8
22784,0.0143472,9.85653,1.21473,1.61,-3.01,0.35,24.0124,-44.9802,-24.0583,1014.82
22790,-0.0286944,9.83261,1.24342,1.68,-2.87,-0.07,24.0124,-46.7998,-23.6446,1014.82
22796,-0.109995,9.81349,1.27212,1.33,-3.29,0.28,23.6637,-44.4559,-24.7232,1014.86
22802,-0.105213,9.77523,1.31038,1.19,-2.94,0.14,23.8962,-44.5793,-24.5311,1014.86
22808,-0.047824,9.78001,1.3582,1.19,-3.15,-0.56,23.809,-45.8746,-24.2799,1014.86
22814,-0.0334768,9.7561,1.36777,1.4,-3.22,-0.35,24.1868,-46.183,-24.5164,1014.82
22820,-0.0669536,9.78001,1.34864,1.75,-2.8,0.14,23.7219,-43.9317,-25.4768,1014.82
22826,-0.13869,9.74175,1.37733,1.82,-2.8,-0.35,23.6056,-46.0596,-24.9153,1014.82
22832,-0.176949,9.7274,1.34864,1.75,-2.73,-0.49,23.3732,-46.6456,-23.4229,1014.82
22838,-0.153037,9.71784,1.36298,2.24,-3.43,-0.49,23.4313,-44.7335,-24.6937,1014.79
22844,-0.124342,9.78479,1.31994,1.54,-2.87,-0.14,23.4603,-45.0727,-24.5311,1014.79
22850,-0.148254,9.73697,1.31994,1.96,-2.87,0.56,24.2449,-46.9231,-24.7823,1014.82
22856,-0.148254,9.75131,1.30081,1.96,-2.87,0.63,23.1117,-44.8877,-23.9992,1014.82
22862,-0.133907,9.75131,1.29603,1.68,-2.94,0.21,23.7219,-44.2092,-25.2847,1014.85
22868,-0.153037,9.73218,1.28647,1.75,-3.01,0.63,23.3732,-45.9671,-24.8119,1014.85
22874,-0.133907,9.74653,1.30081,1.96,-2.94,1.54,23.4894,-46.0288,-25.1074,1014.85
22880,-0.105213,9.72262,1.30081,1.33,-3.36,0.63,23.6347,-44.5176,-26.1418,1014.87
22886,-0.109995,9.74175,1.32951,1.68,-3.43,0.63,23.1698,-45.2886,-25.004,1014.87
22892,-0.095648,9.74653,1.31516,1.68,-2.66,0.98,24.0124,-46.2447,-25.2404,1014.81
22898,-0.109995,9.79914,1.32472,1.75,-3.08,0.7,23.9253,-44.4868,-24.7676,1014.81
22904,-0.0573888,9.75131,1.3056,1.75,-3.29,0.42,23.6056,-45.2269,-23.7037,1014.81
22910,-0.071736,9.76566,1.31994,1.82,-3.15,0.42,24.2158,-46.5222,-23.5116,1014.81
22916,-0.0286944,9.77523,1.31038,1.26,-3.36,0.35,23.7219,-45.0727,-24.6346,1014.84
22922,-0.0908656,9.77523,1.33429,1.96,-3.36,0.35,24.0415,-44.5485,-24.9744,1014.84
22928,-0.10043,9.81349,1.33429,2.03,-3.08,0.14,24.3321,-45.5662,-24.8267,1014.84
22934,-0.10043,9.78001,1.3056,1.96,-2.8,0.21,24.2739,-45.1961,-23.9401,1014.83
22940,-0.0526064,9.77044,1.32472,2.03,-2.94,0.21,23.3732,-43.7158,-24.6937,1014.83
22946,-0.095648,9.76566,1.32951,1.61,-2.66,0.14,23.3151,-45.5353,-23.0978,1014.81
22952,-0.105213,9.78001,1.28647,1.75,-2.73,-0.07,24.3611,-46.5222,-24.6198,1014.81
22958,-0.109995,9.77523,1.3056,1.96,-3.36,0.14,23.0536,-44.3018,-24.871,1014.82
22964,-0.129125,9.7274,1.32951,2.1,-3.29,0.21,23.809,-45.412,-24.9153,1014.82
22970,-0.124342,9.73218,1.31994,1.61,-3.15,-0.07,24.4483,-46.9231,-24.5311,1014.82
22976,-0.109995,9.73697,1.32951,1.33,-3.01,0,23.8962,-45.6587,-24.5755,1014.82
22982,-0.129125,9.74175,1.31038,1.89,-2.94,0,24.2158,-44.1476,-24.3834,1014.82
22988,-0.143472,9.7274,1.31516,2.03,-3.15,0.84,23.7219,-46.0905,-24.6494,1014.85
22994,-0.124342,9.71305,1.31994,1.96,-3.08,0.84,24.0124,-45.8746,-24.9744,1014.85
23000,-0.129125,9.69392,1.32951,2.17,-2.8,0.7,23.0536,-43.6541,-25.1961,1014.83
23006,-0.10043,9.7561,1.30081,1.68,-2.94,0.98,23.9543,-45.7204,-24.4129,1014.83
23012,-0.0765184,9.73697,1.34385,2.31,-3.29,0.84,24.7388,-46.368,-24.7676,1014.83
23018,-0.13869,9.78001,1.31038,2.52,-3.22,0.63,23.4894,-44.8569,-25.0927,1014.83
23024,-0.0430416,9.78001,1.29603,2.17,-3.08,0.56,23.6637,-44.6101,-23.2456,1014.83
23030,-0.109995,9.79914,1.2769,2.31,-3.29,0.56,23.8671,-46.2755,-22.492,1014.83
23036,-0.071736,9.77044,1.2769,2.17,-2.94,0.84,24.4483,-45.2886,-23.3638,1014.83
23042,-0.105213,9.77044,1.31516,1.54,-2.8,0.98,23.5185,-45.5045,-24.3982,1014.83
23048,-0.047824,9.76088,1.29603,2.03,-2.94,0.63,23.78,-46.2138,-23.0831,1014.83
23054,-0.114778,9.78957,1.31516,2.1,-3.08,0.56,23.809,-45.2578,-24.3834,1014.8
23060,-0.148254,9.73218,1.34385,2.1,-3.29,0.77,23.78,-45.2578,-24.6641,1014.8
23066,-0.0908656,9.74653,1.31994,2.17,-2.87,1.26,23.4603,-45.9054,-23.8958,1014.84
23072,-0.0813008,9.76566,1.33907,2.24,-2.73,0.49,23.9834,-46.183,-23.6593,1014.84
23078,-0.13869,9.72262,1.30081,2.24,-3.22,1.05,23.1698,-44.1167,-23.9844,1014.86
23084,-0.13869,9.73218,1.30081,2.59,-3.15,1.05,23.6347,-44.6718,-24.738,1014.86
23090,-0.105213,9.76088,1.32472,2.73,-3.08,0.77,24.5936,-46.4914,-24.3095,1014.8
23096,-0.105213,9.71784,1.30081,2.59,-2.94,1.12,23.8671,-43.8083,-23.615,1014.8
23102,-0.124342,9.72262,1.33429,2.59,-3.01,1.05,23.4603,-44.1784,-24.8119,1014.8
23108,-0.095648,9.76566,1.33907,2.66,-3.5,0.98,23.6928,-46.368,-24.2652,1014.78
23114,-0.0526064,9.77044,1.28647,2.45,-3.08,1.26,22.9373,-45.8437,-24.4573,1014.78
23120,-0.023912,9.83261,1.25299,2.59,-3.01,0.7,23.257,-44.9185,-24.8562,1014.82
23126,-0.0095648,9.81827,1.25777,2.17,-3.01,0.49,23.4313,-46.1213,-24.871,1014.82
23132,-0.105213,9.78479,1.26734,2.38,-3.29,0.98,23.5766,-46.3372,-23.9844,1014.81
23138,-0.071736,9.78001,1.31516,2.03,-3.36,0.91,24.0705,-44.8569,-24.7971,1014.81
23144,-0.0908656,9.75131,1.31516,1.89,-2.87,0.35,24.0996,-45.7204,-24.6641,1014.81
23150,-0.0860832,9.79436,1.28647,2.1,-3.15,0.63,23.8962,-46.6764,-24.8415,1014.81
23156,-0.095648,9.76566,1.28168,1.89,-3.08,0.84,24.0124,-44.3634,-25.2847,1014.81
23162,-0.0621712,9.75131,1.28168,2.38,-3.22,0.98,23.4022,-44.4251,-23.6446,1014.85
23168,-0.105213,9.7274,1.32472,1.75,-3.15,0.49,23.8962,-46.1521,-23.6298,1014.85
23174,-0.0526064,9.71305,1.31994,2.1,-3.43,0.77,23.4603,-45.5353,-22.7432,1014.83
23180,-0.114778,9.77523,1.31994,2.38,-3.85,0.98,22.9954,-44.3018,-24.3834,1014.83
23186,-0.0908656,9.74175,1.32951,2.31,-3.43,0.91,22.8502,-45.6587,-25.6689,1014.86
23192,-0.0908656,9.72262,1.32472,2.45,-3.29,1.33,23.4022,-45.9363,-25.0779,1014.86
23198,-0.10043,9.77044,1.29603,2.17,-3.71,1.26,23.0826,-43.9625,-24.2799,1014.84
23204,-0.0382592,9.75131,1.31516,2.59,-3.78,1.26,22.8792,-45.7204,-24.9597,1014.84
23210,-0.109995,9.7274,1.32951,2.94,-3.22,1.47,23.3151,-45.9054,-24.472,1014.85
23216,-0.0526064,9.8087,1.31516,2.1,-3.29,1.33,22.8211,-44.641,-24.6494,1014.85
23222,0.0286944,9.79914,1.22429,2.38,-3.5,0.7,22.7339,-45.1036,-24.4129,1014.85
23228,0.0047824,9.83261,1.23864,2.24,-3.5,0.7,23.1117,-45.9671,-25.27,1014.82
23234,0.0334768,9.8374,1.2769,2.24,-3.01,0.56,22.8211,-45.7204,-24.1174,1014.82
23240,0.0526064,9.79914,1.25299,2.03,-2.87,0.35,23.3151,-44.2092,-24.5903,1014.82
23246,-0.0286944,9.77523,1.28647,1.75,-2.94,-0.14,23.0245,-46.4914,-24.5459,1014.82
23252,-0.071736,9.84218,1.23864,1.82,-3.01,0,22.8792,-46.2138,-24.2504,1014.83
23258,-0.047824,9.74653,1.34864,1.75,-3.01,0.14,23.0245,-45.5662,-23.482,1014.83
23264,-0.0286944,9.78479,1.32472,2.59,-2.8,-0.07,23.1698,-45.1036,-25.5212,1014.83
23270,-0.0095648,9.76088,1.31516,2.24,-2.8,-0.07,24.1287,-46.3372,-24.8119,1014.83
23276,-0.0765184,9.75131,1.3056,2.03,-2.94,-0.14,23.3441,-45.5662,-24.9597,1014.83
23282,-0.0669536,9.73218,1.31038,2.03,-2.87,-0.14,22.9664,-44.7027,-25.1665,1014.82
23288,-0.105213,9.74175,1.3582,2.17,-3.43,0.14,23.4603,-46.183,-25.7724,1014.82
23294,-0.0573888,9.71784,1.33907,2.24,-3.15,0.35,22.8502,-45.5353,-24.7528,1014.82
23300,-0.109995,9.74653,1.31994,2.31,-3.57,0.28,23.4313,-44.6718,-25.0927,1014.82
23306,-0.105213,9.71305,1.32472,2.24,-3.01,0.07,23.8381,-45.8437,-24.7971,1014.86
23312,-0.105213,9.76566,1.31516,2.31,-3.43,0.77,24.0996,-46.8923,-24.1617,1014.86
23318,-0.0621712,9.75131,1.31994,2.66,-3.71,0.49,23.1988,-45.1961,-25.1074,1014.83
23324,-0.0621712,9.76088,1.29603,2.45,-3.36,0.28,23.4313,-45.7204,-24.9744,1014.83
23330,-0.023912,9.80392,1.25777,2.24,-3.43,0.07,24.4483,-46.6456,-24.5607,1014.82
23336,0.0095648,9.8087,1.21473,2.03,-3.36,0,23.6347,-45.0419,-25.2109,1014.82
23342,0.0047824,9.79914,1.27212,1.96,-3.08,0.14,23.3151,-44.055,-25.3439,1014.82
23348,0.0047824,9.8087,1.26734,1.68,-3.15,-0.35,23.1988,-45.9054,-24.7971,1014.83
23354,-0.0382592,9.79436,1.29125,1.82,-2.87,-0.21,23.2279,-45.7821,-24.9744,1014.83
23360,0.0286944,9.81349,1.24821,1.89,-2.87,-0.21,22.763,-44.3634,-24.5311,1014.81
23366,-0.0382592,9.81827,1.24821,1.89,-2.66,-0.98,23.0826,-45.9979,-24.3834,1014.81
23372,-0.0526064,9.78001,1.28647,1.33,-2.59,-0.98,24.1577,-46.3372,-25.2404,1014.83
23378,-0.124342,9.78957,1.26734,1.89,-3.43,-0.56,22.6758,-45.5353,-25.137,1014.83
23384,-0.0860832,9.72262,1.3582,1.19,-3.08,-0.21,23.4603,-44.9802,-24.9153,1014.81
23390,-0.0765184,9.7274,1.34385,1.54,-2.87,-0.28,23.8962,-46.1213,-24.6346,1014.81
23396,-0.0765184,9.70349,1.36298,1.61,-3.08,-0.49,23.2279,-44.7643,-24.5903,1014.81
23402,-0.0813008,9.69871,1.33907,2.03,-3.08,-0.56,23.3151,-45.2886,-25.9054,1014.85
23408,-0.109995,9.69392,1.31994,2.38,-3.22,-0.42,23.1988,-46.7998,-25.0927,1014.85
23414,-0.047824,9.72262,1.29125,2.1,-2.8,-0.14,23.6637,-45.8746,-24.9153,1014.84
23420,-0.0908656,9.72262,1.34385,1.96,-2.87,0.56,23.3732,-44.9185,-25.728,1014.84
23426,-0.071736,9.75131,1.29125,2.1,-2.87,0.21,23.8381,-46.0905,-24.9006,1014.8
23432,-0.0573888,9.75131,1.30081,2.24,-2.94,-0.14,24.2158,-46.2138,-24.738,1014.8
23438,0,9.81349,1.26734,1.96,-2.87,0,23.8381,-44.7643,-25.4177,1014.8
23444,-0.023912,9.81349,1.24342,1.89,-3.29,0,24.3321,-45.8746,-25.2404,1014.8
23450,0.0143472,9.81827,1.23864,1.54,-2.52,-0.35,23.3732,-46.2138,-23.5264,1014.8
23456,0.0334768,9.85174,1.26255,1.61,-2.8,-0.84,23.6056,-45.7821,-25.9201,1014.81
23462,0.0334768,9.83261,1.24821,1.82,-2.87,-1.33,23.0245,-45.3503,-24.2947,1014.81
23468,-0.0334768,9.80392,1.23386,1.19,-2.94,-1.54,23.1988,-45.7204,-23.9696,1014.85
23474,-0.0526064,9.7274,1.37255,1.26,-2.87,-1.12,23.4603,-45.2578,-25.0927,1014.85
23480,-0.0526064,9.7561,1.37255,1.68,-2.73,-1.12,23.8381,-44.0242,-25.5212,1014.86
23486,-0.0286944,9.77523,1.27212,1.47,-2.38,-0.98,22.9664,-46.3989,-24.5459,1014.86
23492,-0.11956,9.78957,1.27212,1.47,-2.59,-1.26,23.6056,-46.0596,-24.605,1014.81
23498,-0.11956,9.71784,1.34385,1.75,-2.94,-0.98,23.6928,-44.826,-25.4177,1014.81
23504,-0.11956,9.71784,1.37733,1.96,-3.08,-0.63,23.3441,-45.8129,-24.9153,1014.81
23510,-0.071736,9.7561,1.26255,1.4,-2.8,-0.84,23.1698,-46.183,-25.5212,1014.81
23516,-0.095648,9.74175,1.31994,1.68,-3.08,-0.63,23.3441,-45.0727,-25.1518,1014.81
23522,-0.167384,9.68436,1.37733,2.17,-3.43,-0.7,23.4603,-44.7952,-24.871,1014.82
23528,-0.133907,9.70349,1.33429,2.38,-3.22,0.35,23.8381,-46.4914,-23.6889,1014.82
23534,-0.095648,9.73697,1.28647,2.1,-2.66,-0.21,24.0705,-45.2578,-25.4916,1014.8
23540,-0.071736,9.76566,1.23386,1.89,-3.08,0.07,23.809,-44.5793,-25.6246,1014.8
23546,-0.0573888,9.73697,1.28647,1.75,-3.43,0.49,24.0705,-46.0905,-25.3586,1014.85
23552,-0.0621712,9.78001,1.3056,1.96,-3.22,-0.21,23.4022,-46.368,-24.5607,1014.85
23558,-0.023912,9.78001,1.21951,1.75,-3.01,-0.21,23.0245,-44.2709,-24.4277,1014.82
23564,-0.0143472,9.80392,1.21951,1.33,-3.22,0.07,23.5766,-44.9494,-25.403,1014.82
23570,0,9.79436,1.31038,1.26,-3.08,0,23.8962,-46.4914,-24.8562,1014.82
23576,-0.0191296,9.77523,1.31038,1.47,-2.94,-0.91,23.3441,-44.7335,-25.1518,1014.83
23582,-0.0573888,9.73697,1.33907,1.61,-3.36,-0.7,22.9954,-45.6895,-24.6346,1014.83
23588,-0.047824,9.76088,1.35342,1.54,-3.36,-0.98,23.7219,-46.183,-25.6985,1014.84
23594,0.023912,9.78001,1.33429,1.68,-2.94,-0.84,23.4022,-45.3503,-25.1813,1014.84
23600,0.0382592,9.8087,1.29125,1.68,-2.59,-1.26,23.4022,-44.9494,-24.5903,1014.83
23606,-0.10043,9.82305,1.29603,2.1,-2.87,-0.91,23.0826,-46.1521,-24.4129,1014.83
23612,-0.105213,9.77044,1.28647,1.61,-2.73,-0.49,23.3732,-46.2755,-24.3538,1014.83
23618,-0.143472,9.72262,1.31516,1.61,-2.73,-0.63,24.1577,-44.0859,-25.4621,1014.83
23624,-0.105213,9.74175,1.3056,1.68,-2.87,-0.77,23.0536,-45.2269,-24.0731,1014.83
23630,-0.124342,9.71784,1.32951,2.03,-3.29,-0.7,23.5475,-45.9979,-24.0731,1014.81
23636,-0.114778,9.76566,1.28168,1.96,-2.94,-0.28,23.5185,-45.1961,-24.605,1014.81
23642,-0.162602,9.7274,1.28647,1.89,-3.29,-0.42,23.4313,-45.0727,-25.0779,1014.85
23648,-0.11956,9.77523,1.26734,1.89,-3.22,-0.07,24.4192,-46.3063,-24.6346,1014.85
23654,-0.0813008,9.74653,1.25777,1.82,-3.29,-0.28,23.1407,-45.7512,-24.7676,1014.83
23660,-0.0908656,9.75131,1.26255,1.68,-3.08,-0.07,23.809,-44.9494,-24.1174,1014.83
23666,-0.047824,9.79914,1.26255,1.26,-3.36,-0.35,23.9543,-46.0288,-25.2109,1014.85
23672,-0.0334768,9.8087,1.2769,1.4,-3.5,-0.56,23.78,-46.1521,-24.8119,1014.85
23678,0.0143472,9.82305,1.26255,1.33,-3.15,-1.05,23.9834,-44.0242,-26.1418,1014.84
23684,-0.0286944,9.73697,1.37255,0.91,-3.36,-1.05,23.1407,-47.2007,-25.8758,1014.84
23690,-0.0143472,9.76088,1.32951,1.54,-3.43,-0.56,23.9253,-46.0596,-24.5016,1014.84
23696,0.0526064,9.76088,1.34864,1.54,-2.73,-1.19,23.809,-44.4868,-24.5311,1014.82
23702,0.0191296,9.83261,1.24821,1.89,-2.52,-1.68,23.9543,-45.5662,-24.3982,1014.82
23708,-0.0860832,9.77044,1.31038,1.26,-2.8,-1.61,24.1287,-46.1213,-24.0583,1014.81
23714,-0.071736,9.76088,1.33429,1.33,-3.29,-1.19,24.2158,-44.641,-24.472,1014.81
23720,-0.0430416,9.73218,1.31994,1.96,-2.87,-1.89,23.78,-44.641,-25.6246,1014.83
23726,-0.0669536,9.73697,1.35342,1.68,-2.66,-1.96,23.809,-45.4737,-24.1174,1014.83
23732,-0.0860832,9.77523,1.25299,1.61,-2.87,-1.82,24.2449,-45.8129,-23.6298,1014.82
23738,-0.109995,9.73697,1.3056,1.54,-3.15,-1.61,23.6056,-45.1036,-25.8315,1014.82
23744,-0.157819,9.77044,1.26255,1.47,-2.8,-1.26,24.1287,-45.6279,-23.3195,1014.82
23750,-0.167384,9.68436,1.31516,1.96,-2.8,-1.12,24.4483,-46.9848,-24.0731,1014.85
23756,-0.13869,9.73697,1.29125,1.47,-2.8,-0.77,23.8671,-45.2886,-23.7037,1014.85
23762,-0.157819,9.73697,1.29125,1.68,-2.87,-0.42,22.9373,-44.7952,-23.9844,1014.81
23768,-0.167384,9.69392,1.25299,1.82,-2.87,-0.56,23.5766,-46.183,-23.881,1014.81
23774,-0.124342,9.75131,1.26734,2.1,-3.29,-0.63,23.3151,-45.8129,-24.0879,1014.8
23780,-0.071736,9.75131,1.2769,1.61,-2.73,-0.14,22.763,-44.9185,-25.1518,1014.8
23786,-0.0860832,9.77044,1.25299,1.54,-2.8,-0.42,22.792,-46.2138,-24.605,1014.82
23792,-0.109995,9.79436,1.22429,1.75,-2.94,-0.28,23.9253,-46.0288,-23.3786,1014.82
23798,-0.095648,9.74653,1.29603,1.54,-3.5,-0.42,22.9954,-45.0419,-24.2504,1014.82
23804,-0.0908656,9.7561,1.26734,1.68,-3.01,-0.42,23.8671,-45.9979,-23.3047,1014.84
23810,-0.0143472,9.80392,1.25299,0.7,-2.73,-0.77,24.303,-46.4914,-24.9597,1014.84
23816,-0.10043,9.81349,1.2769,1.47,-2.87,-1.19,23.1698,-45.2886,-25.2256,1014.83
23822,-0.133907,9.77523,1.3056,1.12,-2.8,-0.77,23.4313,-45.4428,-25.1518,1014.83
23828,-0.133907,9.75131,1.3056,1.19,-2.8,-0.77,23.5766,-46.1213,-24.6346,1014.8
23834,-0.157819,9.76566,1.35342,1.47,-2.52,-0.49,23.5766,-44.9802,-25.0631,1014.8
23840,-0.105213,9.72262,1.34864,1.33,-3.08,-0.42,23.5475,-44.0242,-23.9105,1014.84
23846,-0.133907,9.69392,1.36777,1.82,-2.87,-0.07,23.6347,-45.7512,-23.9992,1014.84
23852,-0.191296,9.70349,1.34385,2.1,-3.36,-0.42,23.8671,-46.0288,-23.9105,1014.84
23858,-0.157819,9.69871,1.34385,1.89,-3.15,-0.14,23.1117,-44.4251,-24.738,1014.84
23864,-0.133907,9.7274,1.3056,2.03,-3.08,0.42,23.809,-45.8746,-23.7923,1014.84
23870,-0.124342,9.71784,1.28647,1.47,-2.87,0.21,24.2739,-46.1521,-23.748,1014.84
23876,-0.129125,9.76088,1.27212,1.82,-3.5,0.21,23.2279,-45.3503,-24.1765,1014.84
23882,-0.109995,9.79914,1.22429,1.26,-3.29,0.42,22.6468,-45.0419,-24.3834,1014.83
23888,-0.0143472,9.82305,1.23386,1.19,-3.36,0.07,23.6347,-46.7381,-24.2356,1014.83
23894,-0.0095648,9.81349,1.24821,1.47,-2.8,-0.14,23.3151,-45.7821,-24.7823,1014.83
23900,-0.0191296,9.78001,1.31038,1.12,-2.73,-0.49,23.4894,-44.4251,-24.6198,1014.83
23906,-0.071736,9.76566,1.2769,1.61,-2.94,-0.63,23.3151,-45.9979,-24.7528,1014.81
23912,-0.0860832,9.79436,1.2769,1.33,-2.8,-0.35,23.8671,-46.183,-24.5755,1014.81
23918,-0.105213,9.75131,1.28647,1.47,-2.52,-0.42,23.5475,-44.6101,-24.3095,1014.81
23924,-0.13869,9.68914,1.34385,1.4,-2.45,-0.56,23.4603,-45.6895,-23.9696,1014.82
23930,-0.153037,9.7561,1.31994,1.47,-3.15,-0.7,23.9253,-46.954,-25.004,1014.82
23936,-0.105213,9.70827,1.32472,2.03,-2.94,-0.49,23.78,-44.8569,-24.5016,1014.81
23942,-0.13869,9.75131,1.28647,1.75,-2.8,-0.21,23.4894,-44.9802,-24.147,1014.81
23948,-0.167384,9.76088,1.31994,1.75,-2.8,0.21,23.1117,-46.7381,-23.6298,1014.84
23954,-0.11956,9.73218,1.25777,1.33,-3.01,-0.07,24.0124,-45.6895,-24.8267,1014.84
23960,-0.167384,9.73218,1.29125,1.82,-3.43,-0.21,23.6637,-44.7027,-24.4573,1014.83
23966,-0.157819,9.76566,1.2769,1.54,-2.87,0.28,23.9253,-46.0596,-24.0288,1014.83
23972,-0.148254,9.7274,1.29125,1.19,-2.87,0.77,24.303,-45.9054,-23.349,1014.83
23978,-0.114778,9.74653,1.28168,2.1,-3.22,0.7,23.5185,-44.6101,-24.5311,1014.86
23984,-0.133907,9.7274,1.29125,1.33,-2.87,0.35,23.809,-44.9802,-24.1174,1014.86
23990,-0.13869,9.76088,1.25777,1.75,-2.8,0.98,24.0705,-46.0288,-24.2947,1014.84
23996,-0.0908656,9.78001,1.26734,1.33,-3.43,0.42,23.8381,-45.4737,-24.3982,1014.84
24002,-0.047824,9.81349,1.21951,1.26,-3.36,0.56,23.286,-44.7643,-24.1322,1014.85
24008,-0.047824,9.78001,1.28647,1.26,-2.8,0,24.0124,-46.0905,-23.6889,1014.85
24014,-0.0621712,9.76088,1.30081,1.61,-2.87,0.14,23.809,-46.183,-23.1274,1014.83
24020,-0.0765184,9.77044,1.36777,1.54,-3.15,0.21,22.9664,-44.4251,-24.0288,1014.83
24026,-0.0669536,9.7561,1.31038,1.68,-2.73,0,23.5185,-45.8746,-23.482,1014.8
24032,-0.105213,9.7561,1.31516,1.33,-2.94,-0.28,24.2449,-46.1521,-23.7776,1014.8
24038,-0.0669536,9.77523,1.29125,1.68,-3.01,-0.49,23.809,-43.9317,-25.2109,1014.8
24044,-0.0621712,9.77523,1.25299,1.61,-2.66,0,23.4894,-44.826,-24.5164,1014.83
24050,-0.0908656,9.78957,1.29125,1.54,-2.8,-0.14,24.3611,-45.9671,-23.7923,1014.83
24056,-0.167384,9.78001,1.2769,1.47,-3.22,-0.35,24.303,-45.3195,-24.5164,1014.84
24062,-0.0813008,9.74653,1.22908,1.4,-2.52,0,23.9834,-45.3195,-25.2404,1014.84
24068,-0.13869,9.74653,1.28647,0.91,-2.94,0.42,24.2158,-46.7073,-23.9696,1014.81
24074,-0.157819,9.64132,1.37255,1.61,-2.8,0.07,23.8381,-45.8437,-24.2652,1014.81
24080,-0.172166,9.72262,1.33429,2.03,-3.78,0.21,23.9543,-44.9802,-24.8562,1014.81
24086,-0.105213,9.7274,1.28168,1.96,-2.52,0.42,24.5354,-45.8129,-24.7085,1014.81
24092,-0.205643,9.74653,1.29603,1.33,-3.15,0.7,23.6928,-45.412,-23.3638,1014.81
24098,-0.0860832,9.71784,1.28168,2.17,-2.87,1.05,24.2739,-44.5485,-25.2552,1014.82
24104,-0.0621712,9.77523,1.25299,1.05,-2.8,0.49,23.8671,-45.5045,-24.7676,1014.82
24110,-0.0621712,9.76088,1.31038,1.82,-3.01,0,23.7219,-46.4914,-24.472,1014.84
24116,-0.0621712,9.76566,1.29125,1.75,-2.87,0.49,23.1117,-45.1036,-23.7628,1014.84
24122,-0.0860832,9.76566,1.24821,1.33,-2.73,0.35,24.2739,-45.5045,-24.0288,1014.83
24128,-0.0573888,9.79914,1.2769,1.4,-2.73,-0.14,23.8962,-46.5839,-24.2208,1014.83
24134,-0.095648,9.7561,1.30081,1.68,-2.59,-0.21,24.3321,-45.2269,-24.8562,1014.79
24140,-0.109995,9.7561,1.31994,1.75,-2.66,0.35,23.5766,-44.3943,-23.748,1014.79
24146,-0.133907,9.71784,1.34385,1.47,-2.8,0.14,24.3902,-45.3195,-23.4672,1014.85
24152,-0.0573888,9.74653,1.30081,1.75,-2.59,0.14,24.2449,-45.7821,-24.1913,1014.85
24158,-0.114778,9.7274,1.34385,2.1,-2.59,0.14,23.78,-43.4999,-24.9153,1014.85
24164,-0.124342,9.7274,1.31038,2.1,-2.52,0.14,23.8381,-45.1653,-23.5411,1014.8
24170,-0.11956,9.72262,1.3056,2.17,-2.87,0.56,23.9543,-45.1653,-24.1765,1014.8
24176,-0.129125,9.76088,1.27212,2.1,-3.08,0.49,23.7219,-45.3195,-22.9501,1014.84
24182,-0.11956,9.70827,1.26255,2.31,-3.15,0.14,23.0536,-44.4868,-23.4229,1014.84
24188,-0.105213,9.7561,1.26734,2.31,-2.94,0.63,24.5354,-45.6587,-23.9401,1014.82
24194,-0.133907,9.74653,1.24821,2.17,-3.08,0.42,24.0996,-44.9802,-23.7184,1014.82
24200,-0.10043,9.77044,1.27212,1.68,-3.22,0.49,23.6637,-44.3326,-24.472,1014.81
24206,-0.0430416,9.77523,1.26734,1.89,-3.29,0.77,24.3902,-45.9363,-23.5411,1014.81
24212,-0.0382592,9.79914,1.2769,1.96,-2.94,0.7,23.7219,-45.9979,-23.5855,1014.81
24218,-0.0334768,9.78479,1.26734,1.75,-2.87,0.42,23.3151,-43.8392,-23.9401,1014.8
24224,-0.0430416,9.81349,1.23386,1.54,-2.66,-0.07,23.4894,-44.9185,-23.2308,1014.8
24230,-0.0813008,9.78479,1.26734,1.68,-2.59,0.07,24.797,-45.9363,-23.615,1014.84
24236,-0.0526064,9.78479,1.27212,1.61,-2.38,0.07,24.1287,-44.5793,-24.1322,1014.84
24242,-0.0765184,9.73218,1.32472,1.4,-2.59,-0.56,23.809,-44.3634,-23.8071,1014.82
24248,-0.114778,9.73218,1.31516,1.68,-3.08,-0.35,23.78,-46.183,-23.2604,1014.82
24254,-0.153037,9.7561,1.3056,2.03,-2.8,0.28,23.4894,-45.2886,-23.9844,1014.85
24260,-0.133907,9.71305,1.28168,2.03,-2.66,-0.14,22.8502,-44.1784,-25.2552,1014.85
24266,-0.11956,9.7561,1.31516,1.68,-2.8,-0.21,24.0996,-45.8746,-24.8415,1014.85
24272,-0.114778,9.73697,1.31994,2.17,-2.87,0.07,24.1577,-46.0288,-23.5411,1014.81
24278,-0.109995,9.7561,1.28168,2.1,-3.15,0.35,23.1117,-44.4251,-24.1617,1014.81
24284,-0.143472,9.73218,1.29125,2.03,-2.73,0.42,24.2158,-45.0727,-24.7823,1014.81
24290,-0.133907,9.7561,1.27212,1.89,-3.15,0.35,24.0705,-46.6764,-24.6641,1014.81
24296,-0.0860832,9.74653,1.26734,2.24,-3.15,0.42,24.1577,-44.1167,-24.1765,1014.83
24302,-0.13869,9.72262,1.27212,1.89,-2.94,0.84,23.0536,-44.055,-24.1322,1014.83
24308,-0.114778,9.75131,1.27212,1.89,-2.73,0.63,23.8381,-46.3063,-24.2208,1014.82
24314,-0.109995,9.77523,1.26255,1.89,-3.22,0.35,24.1287,-45.0419,-23.3195,1014.82
24320,-0.023912,9.75131,1.23864,1.4,-3.15,0.63,24.1868,-44.8877,-24.1026,1014.84
24326,-0.071736,9.78001,1.2769,1.68,-2.94,0.42,23.9543,-45.8129,-25.4325,1014.84
24332,-0.0047824,9.77523,1.28647,1.75,-2.52,-0.21,24.4773,-45.8746,-24.871,1014.84
24338,-0.0143472,9.82305,1.23864,1.47,-2.73,-0.21,24.0996,-44.2709,-25.1961,1014.83
24344,-0.0286944,9.76088,1.24342,1.61,-2.94,-0.07,23.5475,-45.0727,-24.2356,1014.83
24350,-0.0334768,9.79436,1.27212,1.47,-2.8,-0.56,24.4773,-45.9054,-23.9401,1014.83
24356,-0.0573888,9.78957,1.2769,1.75,-2.8,-0.56,23.4603,-43.5616,-24.0288,1014.83
24362,-0.0765184,9.76088,1.3056,1.61,-2.87,-0.7,23.4603,-44.0859,-24.9744,1014.83
24368,-0.095648,9.77523,1.31038,1.68,-3.01,-0.56,23.286,-45.5662,-23.4968,1014.83
24374,-0.10043,9.74653,1.27212,1.68,-2.87,-0.77,23.5766,-44.3943,-24.3834,1014.86
24380,-0.10043,9.77523,1.29125,2.1,-2.8,-0.49,23.4603,-44.1784,-25.2109,1014.86
24386,-0.0908656,9.73697,1.31038,1.68,-2.73,-0.21,23.8381,-45.5045,-24.6346,1014.86
24392,-0.114778,9.74653,1.30081,2.1,-3.43,-0.28,23.6056,-45.6587,-23.6593,1014.82
24398,-0.11956,9.73218,1.27212,1.4,-2.8,-0.14,23.6347,-43.9317,-25.0779,1014.82
24404,-0.095648,9.7561,1.29125,1.68,-3.43,-0.28,24.303,-45.3811,-25.1813,1014.8
24410,-0.109995,9.77044,1.20516,1.47,-3.43,0.21,24.0705,-45.5662,-24.9744,1014.8
24416,-0.11956,9.7561,1.23864,1.89,-3.22,-0.07,23.0536,-45.4428,-24.9597,1014.84
24422,-0.0669536,9.77044,1.25777,1.33,-3.29,-0.28,23.8671,-44.4251,-25.728,1014.84
24428,-0.0526064,9.76088,1.21473,1.4,-2.94,-0.14,24.5354,-47.4782,-24.8119,1014.81
24434,-0.0526064,9.77523,1.22908,1.05,-2.87,-0.98,23.3441,-45.5045,-24.2356,1014.81
24440,-0.0526064,9.81349,1.28168,1.33,-3.15,-0.84,23.0245,-43.685,-24.6937,1014.81
24446,0.0047824,9.78479,1.25299,1.19,-2.52,-0.7,24.0124,-45.8746,-24.7823,1014.82
24452,-0.0095648,9.79436,1.28168,1.4,-2.24,-0.91,23.6347,-46.5839,-24.4129,1014.82
24458,-0.0573888,9.77044,1.31994,1.47,-2.8,-1.68,23.6928,-44.3634,-25.4916,1014.83
24464,-0.071736,9.81349,1.28168,1.19,-2.8,-1.75,23.9253,-46.0905,-24.2799,1014.83
24470,-0.114778,9.78957,1.30081,1.47,-2.73,-1.47,24.6226,-46.4605,-24.6198,1014.84
24476,-0.13869,9.73218,1.28647,1.54,-2.52,-1.33,23.3151,-44.3943,-24.1617,1014.84
24482,-0.129125,9.75131,1.26734,1.4,-2.73,-1.68,23.809,-44.3943,-24.5903,1014.83
24488,-0.157819,9.77044,1.27212,1.61,-2.73,-0.98,24.2158,-46.3989,-23.7184,1014.83
24494,-0.153037,9.7274,1.29125,1.26,-2.38,-1.33,23.78,-45.3195,-24.738,1014.78
24500,-0.172166,9.74175,1.31516,1.68,-2.8,-0.91,23.6637,-44.4559,-25.3734,1014.78
24506,-0.13869,9.71305,1.31038,1.47,-2.52,-0.63,23.78,-46.3989,-24.5459,1014.78
24512,-0.129125,9.73697,1.2769,1.54,-2.94,-0.77,23.8381,-45.1344,-24.1174,1014.81
24518,-0.143472,9.75131,1.22429,1.4,-3.29,-0.98,23.8381,-44.1784,-25.4473,1014.81
24524,-0.105213,9.68436,1.34864,1.4,-2.73,-0.63,23.78,-45.0419,-24.3834,1014.84
24530,-0.172166,9.60306,1.40603,2.03,-2.52,0.07,24.1868,-45.6587,-23.2456,1014.84
24536,-0.0908656,9.7274,1.25777,1.89,-3.15,-0.42,23.809,-44.2709,-24.3391,1014.85
24542,-0.071736,9.77044,1.22908,1.61,-2.87,-0.56,23.9834,-44.1476,-24.5459,1014.85
24548,-0.10043,9.77044,1.22908,1.68,-2.73,-0.42,24.7679,-46.1213,-23.1422,1014.82
24554,-0.0908656,9.7274,1.24821,1.19,-3.01,-0.63,24.1577,-45.6895,-23.9992,1014.82
24560,-0.109995,9.76566,1.28647,1.33,-2.52,-0.42,23.8381,-44.1167,-24.8267,1014.82
24566,-0.071736,9.76566,1.23386,1.4,-2.45,-0.49,24.7098,-45.8437,-25.2847,1014.84
24572,-0.0813008,9.77044,1.26255,1.47,-2.87,-1.12,23.9543,-46.183,-24.3982,1014.84
24578,-0.0813008,9.74175,1.32951,1.19,-2.66,-1.4,23.3732,-44.1784,-25.0335,1014.85
24584,-0.167384,9.73218,1.34385,1.4,-2.59,-0.56,23.286,-44.8569,-25.3586,1014.85
24590,-0.105213,9.77044,1.32951,1.4,-2.66,-1.19,24.5936,-46.4914,-25.6246,1014.82
24596,-0.114778,9.71305,1.30081,1.82,-2.31,-1.12,24.3902,-44.3943,-25.3291,1014.82
24602,-0.0813008,9.77523,1.26734,1.12,-2.38,-0.77,23.9543,-44.3634,-24.9449,1014.8
24608,-0.215208,9.7274,1.37255,1.68,-1.96,-0.91,23.6637,-45.9979,-23.748,1014.8
24614,-0.157819,9.70827,1.31994,1.96,-2.24,-1.26,23.809,-44.6718,-24.147,1014.8
24620,-0.234338,9.75131,1.33429,1.82,-2.31,-0.63,23.5185,-44.3326,-24.2208,1014.83
24626,-0.162602,9.67958,1.32472,2.38,-2.8,-0.84,23.3732,-46.6456,-25.2109,1014.83
24632,-0.172166,9.75131,1.3056,2.1,-2.94,-0.07,24.6517,-45.3811,-24.7528,1014.84
24638,-0.153037,9.70827,1.29125,1.75,-3.01,-0.07,23.78,-43.7158,-25.1813,1014.84
24644,-0.153037,9.73697,1.24342,2.1,-2.94,-0.49,24.0996,-45.6895,-24.7823,1014.85
24650,-0.109995,9.76566,1.22908,1.54,-2.94,-0.28,24.6807,-46.6456,-24.2061,1014.85
24656,-0.0860832,9.75131,1.26255,1.75,-2.87,-0.07,24.2449,-44.4559,-24.871,1014.84
24662,-0.0526064,9.76088,1.26255,1.61,-2.87,-0.56,23.5475,-44.7643,-24.0288,1014.84
24668,-0.0908656,9.79914,1.25777,1.82,-3.01,-1.12,24.1577,-46.2138,-25.0335,1014.82
24674,-0.0669536,9.79914,1.26255,1.61,-2.52,-0.63,23.809,-45.2886,-24.7971,1014.82
24680,-0.11956,9.80392,1.25777,0.84,-2.73,-0.98,23.7509,-44.641,-26.0383,1014.82
24686,-0.143472,9.73697,1.3056,1.61,-2.45,-1.19,24.0415,-45.2886,-23.9549,1014.84
24692,-0.157819,9.73697,1.33907,1.4,-2.31,-0.63,24.0124,-45.412,-23.3786,1014.84
24698,-0.153037,9.71784,1.33907,1.4,-2.73,-0.77,23.6637,-44.8569,-25.0927,1014.86
24704,-0.157819,9.71305,1.33429,1.54,-2.52,-0.35,24.0415,-45.8437,-24.3391,1014.86
24710,-0.167384,9.71784,1.35342,2.17,-3.29,-0.49,24.1287,-46.5531,-25.5212,1014.85
24716,-0.167384,9.70349,1.36298,1.82,-3.08,-0.56,24.303,-45.0727,-25.0927,1014.85
24722,-0.172166,9.74653,1.31516,1.68,-2.66,0.07,23.7509,-44.6718,-23.6741,1014.84
24728,-0.210426,9.73697,1.34385,2.1,-3.36,0.7,24.0124,-46.4914,-23.6298,1014.84
24734,-0.176949,9.71784,1.29125,2.03,-3.22,-0.28,23.4022,-44.3943,-24.2652,1014.84
24740,-0.162602,9.74175,1.2769,2.1,-3.08,0,24.1868,-43.7775,-25.1961,1014.79
24746,-0.162602,9.7561,1.23864,1.75,-2.73,0.56,23.7509,-45.8437,-24.2652,1014.79
24752,-0.114778,9.74653,1.26734,1.75,-3.36,0.28,24.1577,-46.2138,-25.1813,1014.82
24758,-0.133907,9.74175,1.26255,2.1,-3.22,-0.21,24.2739,-45.2269,-24.0879,1014.82
24764,-0.0813008,9.73697,1.26255,1.54,-3.08,0,23.9834,-45.5662,-24.6789,1014.82
24770,-0.0526064,9.78001,1.29125,1.96,-3.08,0,24.0415,-47.0465,-23.9844,1014.82
24776,-0.0813008,9.78479,1.2769,1.75,-2.52,0.21,23.7219,-44.641,-24.7085,1014.84
24782,-0.10043,9.77523,1.31994,1.82,-3.15,-0.56,23.809,-44.6718,-25.2847,1014.84
24788,-0.133907,9.76566,1.28168,1.82,-2.59,-0.77,24.1287,-47.2624,-25.0631,1014.84
24794,-0.153037,9.78479,1.3056,1.54,-2.8,-0.21,23.6056,-45.1961,-25.8462,1014.81
24800,-0.13869,9.70349,1.32472,1.54,-3.08,-0.42,23.5766,-45.1653,-25.4768,1014.81
24806,-0.162602,9.73218,1.36777,2.03,-3.43,-0.77,24.3321,-45.7512,-24.7823,1014.85
24812,-0.143472,9.74175,1.33429,1.82,-2.73,-0.28,24.1868,-46.4297,-24.6346,1014.85
24818,-0.196078,9.72262,1.2769,1.96,-2.73,0.14,23.8962,-44.5176,-24.8562,1014.84
24824,-0.186514,9.73218,1.33429,1.61,-3.22,0,24.3321,-45.5045,-24.3982,1014.84
24830,-0.13869,9.74175,1.26255,1.89,-2.94,0.21,24.0415,-46.7689,-24.4868,1014.82
24836,-0.153037,9.76566,1.21473,1.82,-3.64,0.14,23.5475,-45.1344,-25.2847,1014.82
24842,-0.176949,9.71305,1.37733,1.82,-3.15,0.49,23.78,-45.1036,-24.3982,1014.85
24848,-0.224773,9.79436,1.32472,1.68,-3.64,0.63,23.5475,-46.3063,-24.4129,1014.85
24854,-0.0621712,9.74175,1.22908,1.68,-3.29,0.07,23.6347,-45.4428,-25.994,1014.85
24860,-0.095648,9.82783,1.20038,1.12,-3.5,0.07,23.4313,-43.5308,-24.9892,1014.85
24866,-0.0813008,9.74175,1.25299,1.47,-2.52,0.42,23.8962,-45.2578,-24.1617,1014.85
24872,-0.109995,9.76088,1.26734,1.26,-2.45,0.14,24.7388,-46.5839,-25.4621,1014.86
24878,-0.0382592,9.77044,1.33429,1.4,-2.73,0.21,23.8671,-43.5924,-25.1813,1014.86
24884,-0.0669536,9.74175,1.33907,1.19,-2.17,-0.14,24.3611,-45.7204,-25.4325,1014.83
24890,-0.0813008,9.7561,1.29603,1.89,-2.66,-0.35,24.0996,-46.2447,-24.1765,1014.83
24896,-0.129125,9.78479,1.33429,1.33,-2.59,-0.56,24.4773,-44.1784,-24.2947,1014.84
24902,-0.157819,9.71784,1.35342,1.96,-2.66,-0.21,23.4603,-44.6718,-24.9153,1014.84
24908,-0.129125,9.70827,1.33429,2.1,-3.15,-0.56,24.1577,-45.9363,-24.8858,1014.84
24914,-0.153037,9.7561,1.2769,2.1,-2.38,-0.07,23.4894,-45.7821,-24.2208,1014.83
24920,-0.129125,9.73218,1.3056,1.89,-2.59,-0.42,24.0705,-43.9008,-24.4277,1014.83
24926,-0.148254,9.73218,1.3056,1.89,-3.29,-0.28,23.4603,-45.8129,-24.2652,1014.81
24932,-0.133907,9.74175,1.35342,2.03,-3.29,0.21,23.809,-45.3195,-24.5903,1014.81
24938,-0.114778,9.7561,1.29603,2.31,-2.87,-0.21,23.6637,-45.1344,-24.9006,1014.85
24944,-0.143472,9.8087,1.24821,2.03,-3.01,0,23.6637,-45.1961,-25.0779,1014.85
24950,-0.148254,9.73697,1.29603,1.82,-3.22,0.21,23.5475,-45.9671,-24.6789,1014.84
24956,-0.133907,9.73697,1.31038,1.89,-2.87,0.21,24.0705,-43.7775,-24.1322,1014.84
24962,-0.105213,9.78479,1.28647,1.54,-2.8,0.28,23.0536,-43.9317,-25.5507,1014.84
24968,-0.109995,9.8087,1.26255,1.26,-2.94,0.07,23.78,-45.6279,-23.9844,1014.84
24974,-0.129125,9.78957,1.24342,1.12,-2.94,0.07,23.6347,-44.4251,-23.4672,1014.84
24980,-0.114778,9.73697,1.29603,1.54,-3.01,0.42,24.5354,-43.9625,-24.9153,1014.82
24986,-0.133907,9.7561,1.3056,1.33,-3.15,0.35,23.5185,-45.9979,-24.8562,1014.82
24992,-0.071736,9.74653,1.30081,1.47,-2.03,-0.21,24.0705,-45.0419,-23.3786,1014.81
24998,-0.095648,9.78479,1.28168,1.26,-2.8,-0.07,23.6928,-44.3018,-25.2256,1014.81
25004,-0.105213,9.76088,1.33907,1.61,-2.94,-0.14,23.4313,-44.7335,-23.7332,1014.83
25010,-0.071736,9.78001,1.3056,1.47,-2.45,-0.56,23.8381,-45.2886,-24.4129,1014.83
25016,-0.0860832,9.75131,1.33907,1.61,-2.66,-0.35,23.257,-45.3811,-24.1913,1014.81
25022,-0.167384,9.72262,1.3056,1.54,-2.94,-0.07,23.6928,-43.6233,-25.1518,1014.81
25028,-0.176949,9.76088,1.32951,1.68,-3.15,0.21,23.4022,-45.9363,-24.8119,1014.81
25034,-0.133907,9.71784,1.37255,1.89,-3.15,17.29,23.1698,-44.9185,-24.6937,1014.82
25040,-0.13869,9.7274,1.34385,2.03,-3.08,0,23.4022,-44.6101,-25.3586,1014.82
25046,-0.129125,9.74175,1.31516,1.89,-3.22,-0.21,24.1287,-45.0727,-25.3734,1014.86
25052,-0.148254,9.77523,1.2769,1.75,-3.08,-0.35,23.9253,-46.183,-23.5264,1014.86
25058,-0.176949,9.78479,1.31994,2.45,-3.01,-0.07,24.4192,-43.5924,-24.5311,1014.81
25064,-0.13869,9.77523,1.28168,1.33,-2.8,0.07,23.7509,-44.6718,-24.0583,1014.81
25070,-0.157819,9.78001,1.28647,2.1,-3.15,-0.42,23.9543,-45.8129,-23.7923,1014.79
25076,-0.148254,9.76566,1.29603,1.61,-3.22,-0.07,24.0705,-44.3634,-24.8415,1014.79
25082,-0.114778,9.74653,1.28647,1.89,-3.01,0.21,23.6637,-43.87,-24.3538,1014.79
25088,-0.124342,9.75131,1.2769,1.61,-3.01,0,23.9834,-45.8746,-24.9744,1014.81
25094,-0.114778,9.8087,1.29125,1.33,-3.01,-0.35,23.4894,-44.055,-23.7332,1014.81
25100,-0.0430416,9.78479,1.2769,1.68,-2.73,-0.21,23.4894,-43.9008,-25.3291,1014.83
25106,-0.0669536,9.78957,1.28168,1.61,-2.73,-0.56,23.1698,-45.0727,-25.2995,1014.83
25112,-0.0813008,9.76566,1.31516,1.54,-2.8,-0.49,23.8381,-44.826,-24.8119,1014.82
25118,-0.114778,9.78957,1.3056,1.47,-2.8,-0.98,23.257,-43.9317,-24.8415,1014.82
25124,-0.11956,9.74653,1.30081,1.4,-2.52,-0.14,24.0705,-45.3811,-25.0335,1014.81
25130,-0.157819,9.69871,1.36298,1.89,-2.45,-0.77,23.9253,-45.7512,-23.3343,1014.81
25136,-0.11956,9.74175,1.34864,1.54,-2.87,-1.12,24.0415,-44.641,-25.1961,1014.84
25142,-0.124342,9.76088,1.26734,1.61,-2.8,-0.63,23.3151,-44.7952,-24.2504,1014.84
25148,-0.224773,9.74175,1.3056,1.47,-3.29,-0.07,23.2279,-45.8129,-23.7332,1014.84
25154,-0.172166,9.68914,1.36298,1.96,-3.08,-0.42,23.5185,-45.5045,-24.3834,1014.85
25160,-0.191296,9.75131,1.33907,1.47,-2.66,0.07,23.7509,-44.1167,-24.9449,1014.85
25166,-0.157819,9.74175,1.32472,1.96,-2.8,-0.21,24.303,-45.5353,-23.9696,1014.81
25172,-0.172166,9.78001,1.28168,1.82,-2.8,17.71,24.0124,-45.8437,-23.7184,1014.81
25178,-0.200861,9.73218,1.32472,2.17,-2.73,0.21,22.9954,-43.4074,-25.2847,1014.8
25184,-0.143472,9.73697,1.3056,1.75,-2.8,-0.21,24.0415,-44.826,-24.4425,1014.8
25190,-0.157819,9.74175,1.29603,1.96,-3.08,0.35,24.4192,-45.4737,-23.9844,1014.83
25196,-0.143472,9.76566,1.30081,1.26,-3.22,0.35,23.6928,-44.1476,-25.1074,1014.83
25202,-0.109995,9.79914,1.27212,1.61,-3.01,-0.35,23.1698,-44.3634,-24.9597,1014.83
25208,-0.071736,9.78001,1.26734,1.26,-2.94,-0.21,24.2739,-45.8129,-24.2208,1014.83
25214,-0.11956,9.73697,1.31516,1.61,-3.08,0,23.8381,-44.7335,-24.6789,1014.83
25220,-0.143472,9.78957,1.3056,1.12,-2.8,0.07,23.286,-43.5924,-25.4177,1014.81
25226,-0.153037,9.73218,1.37255,1.54,-2.66,-0.07,24.5064,-45.5353,-24.5903,1014.81
25232,-0.124342,9.71784,1.33907,1.54,-3.01,-0.35,24.4483,-45.2578,-24.9301,1014.85
25238,-0.153037,9.69871,1.36777,1.96,-2.87,-0.28,23.6347,-44.2401,-25.2552,1014.85
25244,-0.143472,9.71784,1.36777,2.1,-2.87,-0.42,23.5185,-44.9802,-24.1026,1014.82
25250,-0.176949,9.74175,1.31038,1.89,-2.66,-0.28,24.3321,-46.4297,-24.0879,1014.82
25256,-0.13869,9.72262,1.32951,2.1,-2.87,0.14,23.78,-44.8877,-24.6346,1014.82
25262,-0.162602,9.74175,1.32951,1.96,-2.8,0.07,24.1868,-44.3634,-24.6641,1014.81
25268,-0.186514,9.73697,1.31038,1.75,-2.59,0.28,23.7509,-45.7821,-23.5116,1014.81
25274,-0.157819,9.74175,1.32951,2.1,-2.8,-0.07,23.809,-44.3326,-24.1617,1014.82
25280,-0.167384,9.74653,1.30081,1.61,-3.01,0.07,23.3732,-44.2709,-25.1074,1014.82
25286,-0.172166,9.74175,1.24821,1.82,-3.85,0,23.9543,-45.1344,-23.3343,1014.87
25292,-0.143472,9.74175,1.30081,1.68,-3.29,0.42,23.9253,-45.5045,-24.8562,1014.87
25298,-0.153037,9.7561,1.26255,1.47,-2.73,0.21,24.4773,-44.0242,-25.6394,1014.84
25304,-0.0813008,9.7561,1.24342,1.26,-2.87,-0.28,24.1868,-46.1521,-23.7628,1014.84
25310,-0.109995,9.76566,1.3056,1.19,-3.15,0,24.2158,-45.7821,-23.4377,1014.83
25316,-0.13869,9.7561,1.28647,1.26,-3.15,-0.21,24.1287,-44.9185,-24.5607,1014.83
25322,-0.13869,9.73218,1.38211,1.4,-3.08,0.21,24.303,-44.7952,-26.2009,1014.83
25328,-0.10043,9.77523,1.35342,1.54,-2.66,0.14,23.809,-45.6587,-24.0879,1014.82
25334,-0.0669536,9.75131,1.33429,1.47,-2.45,-0.14,24.6517,-44.5176,-24.3538,1014.82
25340,-0.11956,9.7561,1.34385,1.68,-3.01,-0.21,24.2739,-44.0242,-25.2995,1014.87
25346,-0.143472,9.7561,1.32951,2.24,-2.8,0.21,24.5064,-45.6279,-24.4868,1014.87
25352,-0.133907,9.7561,1.28168,1.68,-2.52,-0.28,24.1287,-45.2578,-23.881,1014.83
25358,-0.162602,9.74175,1.31516,2.1,-3.08,-0.42,24.0124,-44.055,-24.5755,1014.83
25364,-0.13869,9.78479,1.28168,2.1,-3.08,0.07,24.5064,-45.5662,-24.2208,1014.84
25370,-0.148254,9.76088,1.32472,2.03,-3.08,0.14,24.6807,-46.2447,-23.3343,1014.84
25376,-0.162602,9.77044,1.31038,1.89,-3.43,-0.07,24.0996,-45.1653,-24.1617,1014.84
25382,-0.176949,9.72262,1.2769,1.75,-2.8,0,23.8381,-44.7335,-23.0978,1014.85
25388,-0.191296,9.72262,1.33429,1.54,-3.43,0,24.0996,-46.1213,-23.9549,1014.85
25394,-0.176949,9.68914,1.3582,1.54,-2.94,0.84,24.826,-44.9185,-24.4573,1014.82
25400,-0.133907,9.81827,1.26255,1.68,-3.36,0.7,23.6347,-44.4251,-24.7971,1014.82
25406,-0.0382592,9.76566,1.28168,1.54,-2.94,-0.21,24.1577,-45.9979,-23.3195,1014.82
25412,-0.10043,9.84218,1.27212,1.26,-3.43,-0.14,24.1577,-46.0905,-23.482,1014.82
25418,-0.129125,9.72262,1.3869,1.54,-2.31,0.28,23.4022,-44.4559,-24.9892,1014.83
25424,-0.0908656,9.7561,1.32472,1.75,-2.8,-0.21,24.2449,-44.8877,-24.2799,1014.83
25430,-0.109995,9.78001,1.34385,1.19,-3.22,-0.42,24.2449,-45.6587,-23.6593,1014.83
25436,-0.124342,9.8087,1.31038,1.68,-2.45,-0.42,23.6347,-43.9934,-23.3934,1014.82
25442,-0.13869,9.77523,1.34385,2.17,-2.59,-0.42,23.3732,-44.4251,-23.4081,1014.82
25448,-0.148254,9.76088,1.33429,1.75,-2.52,0.14,24.826,-46.2447,-23.4229,1014.83
25454,-0.162602,9.73218,1.31516,1.82,-2.73,-0.49,24.0996,-44.7643,-23.0683,1014.83
25460,-0.157819,9.74175,1.33907,2.17,-3.29,-0.21,23.9253,-44.3018,-23.2013,1014.8
25466,-0.186514,9.73697,1.34864,2.03,-3.01,-0.14,24.0705,-45.7204,-23.5116,1014.8
25472,-0.196078,9.73218,1.3582,1.47,-2.59,0.28,24.2449,-45.3811,-24.605,1014.83
25478,-0.172166,9.74653,1.26734,2.1,-2.87,0.07,23.8381,-44.0859,-24.9006,1014.83
25484,-0.162602,9.73218,1.31516,1.68,-3.36,0,23.9253,-45.2886,-24.3834,1014.84
25490,-0.186514,9.72262,1.32472,1.96,-3.5,0.21,24.1577,-45.6279,-23.9992,1014.84
25496,-0.143472,9.71305,1.29603,1.96,-2.87,0.91,23.6347,-45.3811,-24.4868,1014.84
25502,-0.124342,9.70827,1.36298,1.96,-3.43,0.49,23.3441,-44.2401,-24.147,1014.81
25508,-0.124342,9.70827,1.29603,2.03,-3.29,0.42,24.1868,-46.5531,-23.9253,1014.81
25514,-0.0334768,9.78479,1.22908,1.61,-3.15,0.28,24.2449,-45.2578,-25.2256,1014.85
25520,-0.10043,9.78001,1.29603,1.89,-3.01,0.14,23.6347,-44.5176,-24.4868,1014.85
25526,-0.133907,9.76088,1.28647,1.68,-2.94,0.21,23.8962,-45.5353,-24.2356,1014.85
25532,-0.0669536,9.79436,1.32951,1.68,-3.08,-0.21,24.2449,-45.597,-24.472,1014.85
25538,-0.10043,9.74175,1.32472,1.33,-3.01,0.35,24.4483,-44.5485,-23.9844,1014.83
25544,-0.143472,9.75131,1.32472,1.96,-2.73,-0.56,23.5766,-45.0727,-22.6841,1014.83
25550,-0.148254,9.76088,1.31516,1.68,-3.15,-0.42,24.303,-46.4914,-23.6593,1014.83
25556,-0.167384,9.72262,1.31516,1.68,-2.94,-0.07,24.9713,-45.0419,-24.5755,1014.81
25562,-0.167384,9.7274,1.3582,1.82,-3.22,0.21,23.6347,-45.0727,-25.3586,1014.81
25568,-0.124342,9.73697,1.34864,1.96,-2.8,0,23.5185,-46.5531,-24.8119,1014.82
25574,-0.133907,9.71305,1.33429,1.54,-2.87,0.07,23.8381,-45.3195,-24.014,1014.82
25580,-0.162602,9.76088,1.25777,1.61,-3.22,0.14,23.3732,-44.641,-23.6298,1014.83
25586,-0.124342,9.7561,1.29603,1.89,-2.73,0.42,23.5185,-45.7821,-23.9844,1014.83
25592,-0.095648,9.73697,1.30081,1.75,-3.29,0.77,23.7219,-45.9054,-24.014,1014.8
25598,-0.153037,9.7561,1.31994,1.96,-3.08,0.42,24.0415,-44.5176,-25.6837,1014.8
25604,-0.133907,9.7561,1.28168,1.61,-3.08,0.42,24.0124,-45.7821,-25.2552,1014.8
25610,-0.157819,9.75131,1.28168,1.89,-3.01,0.42,24.3902,-46.0288,-22.8614,1014.82
25616,-0.0621712,9.72262,1.30081,1.61,-3.08,0.07,23.257,-44.9802,-23.6298,1014.82
25622,-0.0860832,9.74653,1.40603,2.03,-3.36,0.28,23.6347,-45.1961,-24.1026,1014.84
25628,-0.047824,9.70827,1.34385,2.1,-2.94,0.14,23.6347,-46.9848,-23.3343,1014.84
25634,-0.0860832,9.89957,1.25777,1.96,-2.8,-0.35,23.5185,-44.3326,-24.9006,1014.84
25640,-0.047824,9.74653,1.33429,2.24,-2.66,-0.56,22.9954,-45.1344,-24.2947,1014.84
25646,-0.114778,9.88044,1.26255,1.47,-2.66,-0.56,23.9253,-46.4914,-24.2208,1014.83
25652,-0.0813008,9.70827,1.36298,1.96,-3.01,-0.28,23.1988,-45.4737,-25.3439,1014.83
25658,-0.229555,9.74175,1.32951,1.75,-2.94,-0.28,22.5596,-44.4868,-24.6641,1014.84
25664,-0.133907,9.72262,1.29125,2.1,-3.5,-0.49,23.9834,-45.1344,-24.7971,1014.84
25670,-0.186514,9.73697,1.33429,1.33,-2.87,-0.56,24.0415,-46.4605,-23.3786,1014.84
25676,-0.148254,9.73218,1.31994,1.61,-3.5,-0.63,23.7509,-43.9934,-22.8614,1014.83
25682,-0.200861,9.74653,1.28647,1.75,-3.22,-0.21,23.8381,-44.4559,-23.9549,1014.83
25688,-0.191296,9.69871,1.28647,1.75,-3.15,0.28,23.4894,-45.9671,-23.0683,1014.82
25694,-0.157819,9.73218,1.30081,1.47,-2.73,0.35,23.6637,-45.0727,-23.6446,1014.82
25700,-0.162602,9.7274,1.3056,1.68,-3.71,0.14,23.4603,-43.9625,-24.5903,1014.86
25706,-0.133907,9.70349,1.3056,1.96,-3.15,0.35,24.0415,-46.2447,-23.216,1014.86
25712,-0.176949,9.76088,1.32951,1.75,-3.01,0.77,23.7509,-45.8129,-23.1126,1014.82
25718,-0.124342,9.76566,1.26734,1.89,-3.01,0.49,23.7219,-43.0682,-24.2356,1014.82
25724,-0.114778,9.7561,1.29125,1.12,-3.29,0.42,23.5185,-44.3634,-24.6494,1014.82
25730,-0.0765184,9.71305,1.28647,1.54,-3.08,0.28,23.8381,-45.597,-23.4377,1014.83
25736,-0.095648,9.7561,1.3582,1.54,-3.43,0.35,23.4313,-44.0242,-23.5411,1014.83
25742,-0.0813008,9.74653,1.3056,2.03,-3.01,-0.14,23.3441,-44.3018,-24.0583,1014.82
25748,-0.105213,9.74653,1.29125,1.96,-2.8,0,24.1577,-46.3063,-23.349,1014.82
25754,-0.0813008,9.79436,1.34864,2.03,-2.8,0.28,23.3441,-45.0111,-24.4868,1014.85
25760,-0.0621712,9.78479,1.3056,2.1,-2.94,-0.49,23.6056,-44.641,-23.6889,1014.85
25766,-0.11956,9.74653,1.32951,1.75,-2.66,-0.28,24.3321,-46.183,-23.3786,1014.84
25772,-0.13869,9.79914,1.29603,1.68,-3.01,0.28,24.0705,-46.0596,-23.3638,1014.84
25778,-0.176949,9.73218,1.31994,2.1,-2.66,-0.35,23.7509,-43.9317,-23.7628,1014.84
25784,-0.153037,9.73218,1.32951,2.03,-3.29,-0.42,23.4603,-44.7952,-22.891,1014.81
25790,-0.13869,9.7561,1.32951,1.96,-2.8,-17.43,24.0996,-45.5045,-23.8662,1014.81
25796,-0.129125,9.74653,1.31038,2.03,-2.94,-0.35,23.8381,-44.6101,-25.6098,1014.86
25802,-0.148254,9.73697,1.31994,1.75,-3.08,0.42,23.4022,-45.0727,-25.2256,1014.86
25808,-0.157819,9.78001,1.28168,1.61,-3.15,0.21,23.6928,-46.0905,-23.8514,1014.86
25814,-0.124342,9.73697,1.31516,1.54,-3.08,0.28,23.6056,-45.4428,-24.6494,1014.86
25820,-0.0908656,9.77044,1.31994,1.75,-3.22,0.14,23.1117,-44.5176,-24.9892,1014.82
25826,-0.11956,9.72262,1.32951,2.1,-2.94,0.49,23.8671,-46.7998,-23.7184,1014.82
25832,-0.11956,9.76088,1.30081,1.75,-2.52,0,24.0415,-46.1521,-24.0879,1014.84
25838,-0.0860832,9.76088,1.31516,1.68,-2.8,0.42,24.0996,-43.7158,-25.1665,1014.84
25844,-0.0860832,9.73697,1.32472,1.75,-3.29,-0.14,24.0124,-44.9802,-24.5459,1014.84
25850,-0.047824,9.76088,1.35342,1.96,-2.8,-0.07,24.797,-45.2886,-24.2947,1014.83
25856,-0.109995,9.76566,1.33907,1.89,-2.87,-0.14,23.9834,-43.8392,-25.5655,1014.83
25862,-0.105213,9.76566,1.3056,1.68,-2.87,-0.77,23.4894,-44.5793,-24.9006,1014.8
25868,-0.0860832,9.76566,1.28647,1.4,-2.94,-0.35,23.9834,-45.6587,-23.3638,1014.8
25874,-0.0813008,9.76566,1.31994,2.1,-2.94,-0.35,23.9543,-44.6101,-24.6789,1014.79
25880,-0.162602,9.77044,1.36777,1.75,-2.87,-0.63,23.4313,-44.8569,-25.4916,1014.79
25886,-0.157819,9.74653,1.32472,2.24,-2.52,-0.42,24.0124,-45.5045,-23.6298,1014.83
25892,-0.13869,9.77523,1.29603,1.61,-2.66,0,24.1287,-45.2269,-24.3243,1014.83
25898,-0.143472,9.71784,1.30081,1.75,-2.66,-0.14,23.8962,-43.7158,-23.1865,1014.83
25904,-0.157819,9.72262,1.33907,1.82,-3.01,0.07,23.3151,-44.9802,-24.4277,1014.82
25910,-0.13869,9.75131,1.32951,1.47,-3.01,0.07,24.2158,-46.0596,-24.6198,1014.82
25916,-0.157819,9.74175,1.27212,1.89,-3.08,0,23.3732,-44.2092,-25.8315,1014.83
25922,-0.148254,9.74175,1.29603,2.38,-3.08,0,23.6347,-44.3943,-24.4573,1014.83
25928,-0.167384,9.75131,1.3056,1.47,-2.94,-0.28,24.5354,-46.368,-23.6741,1014.84
25934,-0.148254,9.76088,1.2769,1.61,-2.8,0.28,23.8671,-44.641,-24.147,1014.84
25940,-0.105213,9.7274,1.32472,1.75,-3.71,0.14,23.6637,-44.7027,-25.1222,1014.82
25946,-0.105213,9.74175,1.29603,1.47,-3.71,0.28,24.5354,-45.597,-23.6446,1014.82
25952,-0.095648,9.77523,1.31516,1.82,-2.94,0.35,23.9834,-45.6279,-24.3686,1014.79
25958,-0.0526064,9.78001,1.33907,1.75,-2.73,-0.21,23.9834,-44.5485,-23.8662,1014.79
25964,-0.0430416,9.78957,1.29125,1.47,-2.66,0.35,23.2279,-45.3811,-25.6542,1014.79
25970,-0.0908656,9.83261,1.31994,1.68,-3.22,-0.21,24.0415,-45.7204,-23.6741,1014.85
25976,-0.13869,9.76566,1.31994,1.82,-3.08,-0.49,23.5766,-43.7158,-24.738,1014.85
25982,-0.148254,9.73697,1.35342,1.61,-2.52,-0.28,23.4894,-44.0242,-24.1617,1014.82
25988,-0.11956,9.74175,1.38211,1.75,-3.36,-0.07,24.2739,-45.5353,-23.615,1014.82
25994,-0.124342,9.74175,1.32951,1.96,-3.5,-0.35,23.6637,-44.5176,-23.6889,1014.85
26000,-0.143472,9.77044,1.32951,1.89,-2.87,-0.07,23.6928,-43.87,-25.0779,1014.85
26006,-0.162602,9.77044,1.32472,2.24,-3.22,-0.63,23.78,-45.9671,-23.7628,1014.82
26012,-0.181731,9.7274,1.33429,1.61,-3.01,-0.07,23.4313,-45.8129,-24.5016,1014.82
26018,-0.148254,9.7274,1.31516,2.03,-3.5,-0.21,23.3151,-44.055,-24.3243,1014.82
26024,-0.157819,9.74175,1.31516,1.61,-2.87,0.21,24.0415,-46.183,-24.7971,1014.86
26030,-0.176949,9.77523,1.28168,2.17,-2.87,0.21,23.9543,-45.7512,-24.3243,1014.86
26036,-0.133907,9.73218,1.3056,1.68,-2.87,0.49,23.6056,-44.055,-25.2109,1014.86
26042,-0.143472,9.73697,1.29125,1.96,-3.08,0.35,23.4022,-45.0111,-24.2061,1014.86
26048,-0.157819,9.73697,1.32951,1.82,-3.22,0.77,24.0705,-46.0905,-23.482,1014.85
26054,-0.124342,9.76566,1.30081,1.82,-3.64,-0.35,22.8502,-44.5176,-23.4968,1014.85
26060,-0.0908656,9.77523,1.2769,1.89,-3.78,-0.07,23.0245,-44.2709,-23.7332,1014.82
26066,-0.105213,9.76566,1.3056,1.68,-3.08,-0.28,23.3151,-46.0905,-23.9401,1014.82
26072,-0.105213,9.77523,1.31516,1.75,-3.36,0,23.6928,-45.7821,-23.9253,1014.82
26078,-0.0382592,9.77044,1.31038,1.82,-3.08,-0.14,23.6928,-44.1784,-24.9597,1014.84
26084,-0.0908656,9.78479,1.31994,1.61,-2.66,-0.84,24.1577,-45.3811,-24.147,1014.84
26090,-0.124342,9.79436,1.29603,1.61,-2.87,-0.49,24.1577,-45.5662,-23.881,1014.82
26096,-0.167384,9.7561,1.31994,1.75,-2.8,-0.14,23.809,-44.4868,-24.738,1014.82
26102,-0.157819,9.73697,1.39168,1.75,-2.94,-0.35,23.2279,-44.5485,-24.4129,1014.85
26108,-0.157819,9.71784,1.38211,1.96,-3.01,-0.7,23.6347,-46.0288,-24.3982,1014.85
26114,-0.148254,9.74175,1.34864,1.89,-3.08,-0.35,23.1407,-45.0111,-25.0631,1014.85
26120,-0.157819,9.7274,1.34864,2.38,-3.29,-0.07,24.1577,-44.3018,-24.7528,1014.85
26126,-0.205643,9.70349,1.34864,2.03,-3.15,0.21,24.303,-46.0905,-23.9401,1014.83
26132,-0.148254,9.7561,1.31038,2.31,-3.57,-0.42,23.8381,-44.9802,-24.9301,1014.83
26138,-0.153037,9.72262,1.3056,2.17,-2.94,0.21,24.4483,-43.87,-24.1617,1014.83
26144,-0.153037,9.72262,1.3056,2.31,-2.94,0.21,23.78,-45.4428,-24.3686,1014.83
26150,-0.143472,9.73218,1.32951,2.03,-2.66,0.49,23.5766,-46.0905,-23.9105,1014.83
26156,-0.148254,9.71784,1.30081,1.68,-3.22,0.28,22.7339,-44.1476,-23.7776,1014.83
26162,-0.114778,9.71305,1.32951,2.1,-3.57,0.14,22.763,-44.5793,-24.4277,1014.83
26168,-0.13869,9.76566,1.28647,2.17,-3.08,0.77,23.0826,-45.9363,-23.1274,1014.83
26174,-0.0860832,9.78479,1.28168,1.47,-3.08,0.56,23.257,-44.6101,-24.8267,1014.83
26180,-0.105213,9.81349,1.3056,1.4,-2.87,0.14,23.3441,-44.4559,-24.6641,1014.83
26186,-0.0526064,9.79436,1.31994,1.96,-2.94,0.21,24.0124,-46.0596,-24.4573,1014.83
26192,-0.109995,9.77523,1.33429,1.61,-2.94,0,24.2158,-46.1521,-24.5903,1014.83
26198,-0.095648,9.8087,1.31994,1.54,-2.38,-0.49,23.2279,-43.87,-24.0879,1014.82
26204,-0.114778,9.75131,1.33907,1.4,-2.59,-0.56,23.6928,-45.3811,-25.4177,1014.82
26210,-0.148254,9.73697,1.31516,1.47,-2.8,-0.28,23.9253,-46.2447,-24.3686,1014.84
26216,-0.167384,9.74175,1.3582,1.61,-3.01,0.21,23.3732,-44.1476,-24.6641,1014.84
26222,-0.13869,9.72262,1.37255,2.03,-3.01,0.21,23.0536,-44.8877,-24.9301,1014.83
26228,-0.133907,9.7274,1.40603,2.24,-3.29,-0.63,23.5185,-45.8746,-23.3786,1014.83
26234,-0.148254,9.72262,1.37733,1.89,-2.94,0.42,23.1407,-44.7335,-25.1518,1014.82
26240,-0.114778,9.73218,1.36298,2.59,-3.15,0.7,23.5766,-43.685,-24.9744,1014.82
26246,-0.153037,9.73697,1.36298,2.31,-3.29,0.14,23.1988,-45.0111,-23.2013,1014.82
26252,-0.11956,9.72262,1.30081,2.52,-3.22,0.14,24.2158,-45.3503,-23.8514,1014.8
26258,-0.0908656,9.76088,1.32472,2.17,-3.22,0.21,23.9253,-43.4691,-24.6346,1014.8
26264,-0.11956,9.76088,1.28647,2.59,-3.57,0.21,24.2739,-45.0419,-23.2899,1014.84
26270,-0.10043,9.77523,1.32472,2.03,-3.01,0.42,24.2739,-45.1653,-24.3834,1014.84
26276,-0.10043,9.7561,1.31516,2.45,-2.8,0.07,23.6347,-43.6541,-23.6298,1014.83
26282,-0.0334768,9.81349,1.26734,1.89,-3.01,-0.49,23.4603,-44.4251,-23.216,1014.83
26288,-0.047824,9.79914,1.26734,1.47,-2.8,-0.28,24.5064,-46.3989,-24.2504,1014.85
26294,-0.153037,9.78001,1.29125,1.68,-3.15,-0.42,23.6928,-44.4251,-23.9401,1014.85
26300,-0.13869,9.7561,1.32472,1.54,-2.94,-0.28,23.257,-44.2401,-23.1865,1014.79
26306,-0.0813008,9.76566,1.37255,2.03,-2.73,-0.7,24.0996,-46.0905,-24.5607,1014.79
26312,-0.124342,9.77044,1.34385,2.03,-2.94,-0.49,23.9834,-45.3811,-23.8514,1014.79
26318,-0.162602,9.74653,1.34385,2.31,-2.73,-0.56,24.4192,-43.9317,-23.8219,1014.85
26324,-0.186514,9.73697,1.34385,1.82,-2.73,-0.7,24.5354,-44.5793,-24.9744,1014.85
26330,-0.129125,9.71305,1.39168,2.24,-3.22,-0.28,24.3611,-46.0288,-24.147,1014.84
26336,-0.129125,9.7274,1.32472,2.1,-2.94,0.21,24.5645,-44.055,-24.8562,1014.84
26342,-0.124342,9.73697,1.30081,2.17,-3.5,-0.21,23.3151,-44.3943,-23.9549,1014.82
26348,-0.143472,9.70349,1.32951,2.1,-3.36,0.21,23.1117,-46.7381,-24.3095,1014.82
26354,-0.153037,9.73218,1.31516,2.45,-2.73,0.35,23.3151,-45.0419,-23.9549,1014.8
26360,-0.157819,9.73218,1.28168,2.1,-3.08,0.07,23.3732,-44.7952,-24.3391,1014.8
26366,-0.148254,9.76088,1.28647,2.45,-3.5,0.21,24.3611,-46.3063,-25.0631,1014.8
26372,-0.129125,9.77044,1.27212,1.96,-2.87,0.14,23.8381,-45.0419,-24.1174,1014.83
26378,-0.0908656,9.76566,1.28168,1.75,-3.15,0.35,24.0415,-43.8083,-23.8514,1014.83
26384,-0.129125,9.75131,1.27212,1.82,-3.5,0,23.7509,-46.183,-24.5311,1014.81
26390,-0.10043,9.78001,1.2769,2.03,-3.01,0.21,23.7509,-45.9363,-24.6494,1014.81
26396,-0.0382592,9.78957,1.29603,1.82,-2.59,0,23.3151,-44.6101,-23.881,1014.81
26402,-0.0669536,9.78479,1.31038,1.68,-2.8,-0.07,23.7219,-44.8877,-24.2356,1014.81
26408,-0.109995,9.80392,1.32472,1.68,-3.01,-0.35,23.8381,-46.7689,-24.7232,1014.82
26414,-0.109995,9.78001,1.31994,1.4,-2.59,-0.35,22.5886,-44.7952,-24.5016,1014.82
26420,-0.124342,9.73697,1.36298,1.96,-3.15,-0.49,22.8792,-43.7775,-25.3439,1014.82
26426,-0.109995,9.71784,1.39168,1.96,-3.08,-0.49,23.1698,-45.7512,-24.6937,1014.8
26432,-0.143472,9.73697,1.35342,2.1,-3.15,-0.42,24.0415,-44.7952,-24.4573,1014.8
26438,-0.172166,9.77044,1.37733,2.24,-3.08,-0.28,23.5185,-43.87,-24.9744,1014.87
26444,-0.181731,9.73218,1.36298,2.31,-2.52,-0.28,23.6347,-45.5662,-23.7923,1014.87
26450,-0.172166,9.7274,1.34864,1.96,-3.08,-0.14,23.5475,-45.3811,-24.0288,1014.81
26456,-0.148254,9.7561,1.33429,2.03,-3.01,0.07,23.3732,-43.5924,-24.8267,1014.81
26462,-0.153037,9.75131,1.31038,2.1,-2.52,-0.42,22.8792,-44.6101,-23.5855,1014.82
26468,-0.148254,9.76088,1.32951,1.96,-3.57,0.56,23.6637,-46.183,-23.0831,1014.82
26474,-0.143472,9.70827,1.31038,1.82,-3.43,0.91,23.8962,-44.3634,-24.4573,1014.85
26480,-0.129125,9.72262,1.30081,2.1,-3.5,0.42,23.6637,-44.1167,-24.8267,1014.85
26486,-0.129125,9.74653,1.3056,2.03,-3.36,0.56,24.1577,-45.3811,-24.0288,1014.85
26492,-0.105213,9.77523,1.26255,2.17,-3.64,0,23.4603,-45.5662,-23.6889,1014.84
26498,-0.0908656,9.78001,1.3056,1.54,-3.36,0.14,23.1117,-44.2401,-24.2652,1014.84
26504,-0.10043,9.76088,1.29603,1.96,-3.57,0.42,23.5475,-45.5662,-24.7823,1014.86
26510,-0.11956,9.76088,1.35342,1.82,-3.01,-0.14,24.0124,-46.183,-23.3786,1014.86
26516,-0.047824,9.74653,1.3582,1.33,-2.94,-0.21,23.5185,-44.7335,-25.3586,1014.83
26522,-0.11956,9.76566,1.34864,1.47,-3.08,-0.14,23.1698,-45.8129,-24.4868,1014.83
26528,-0.109995,9.77044,1.34864,1.54,-2.8,-0.28,23.4022,-46.0596,-24.5164,1014.83
26534,-0.105213,9.7561,1.32951,1.75,-2.66,-0.35,22.9954,-45.2886,-24.5755,1014.83
26540,-0.13869,9.73218,1.34385,1.26,-2.31,0,23.1407,-44.5793,-23.7037,1014.83
26546,-0.0908656,9.73218,1.33907,2.03,-3.01,-0.35,23.0245,-45.9363,-23.4081,1014.83
26552,-0.11956,9.73218,1.3582,2.1,-2.45,0.14,22.6468,-45.5662,-24.4129,1014.83
26558,-0.167384,9.70827,1.32951,2.24,-3.01,-0.07,23.0826,-44.055,-23.0683,1014.82
26564,-0.162602,9.7561,1.30081,2.1,-3.22,-0.28,23.6056,-45.1344,-24.2652,1014.82
26570,-0.148254,9.78957,1.31516,1.75,-3.36,0,23.4894,-45.6587,-23.9992,1014.84
26576,-0.11956,9.72262,1.32472,2.03,-3.15,0.21,23.809,-43.9317,-23.5707,1014.84
26582,-0.105213,9.7561,1.31038,1.96,-3.08,0,23.3732,-44.9494,-25.0631,1014.82
26588,-0.133907,9.77044,1.32472,2.1,-2.8,0.42,23.9543,-45.9054,-23.3786,1014.82
26594,-0.0908656,9.7561,1.31038,1.54,-3.43,0.35,23.6056,-44.6718,-24.2356,1014.82
26600,-0.0908656,9.76088,1.31994,1.96,-3.29,0,23.5766,-44.5793,-23.7776,1014.81
26606,-0.0908656,9.7561,1.34385,1.82,-2.66,0.28,23.7509,-45.9979,-24.7232,1014.81
26612,-0.0908656,9.76566,1.33429,1.75,-2.73,0.07,23.4603,-45.0419,-23.4081,1014.85
26618,-0.0382592,9.78001,1.34385,1.96,-2.87,0,23.8962,-44.1167,-23.615,1014.85
26624,0.0191296,9.77044,1.31516,1.89,-2.66,-0.35,23.3441,-45.8129,-23.8219,1014.85
26630,-0.114778,9.8087,1.30081,1.75,-2.8,-0.7,23.6928,-45.5353,-24.5459,1014.85
26636,-0.148254,9.77044,1.34864,1.61,-3.01,-0.28,23.3441,-43.4999,-25.0631,1014.82
26642,-0.167384,9.73218,1.33429,1.54,-2.87,-0.49,23.4022,-43.8392,-24.2208,1014.82
26648,-0.11956,9.72262,1.36777,1.61,-3.01,-0.35,23.4894,-45.5353,-23.6593,1014.84
26654,-0.153037,9.77523,1.3869,2.17,-3.29,-0.14,23.6928,-45.412,-25.9792,1014.84
26660,-0.162602,9.75131,1.31038,2.1,-3.15,-0.84,23.6928,-44.4868,-25.4473,1014.84
26666,-0.200861,9.74653,1.31038,1.89,-3.15,0.07,23.257,-45.2578,-25.2847,1014.83
26672,-0.133907,9.74653,1.36777,2.03,-3.22,0.49,23.286,-44.9185,-24.2504,1014.83
26678,-0.153037,9.74175,1.29125,2.38,-3.01,0,23.3732,-44.055,-24.6198,1014.81
26684,-0.143472,9.73697,1.3056,1.96,-3.29,0.63,23.1117,-45.7821,-24.5755,1014.81
26690,-0.13869,9.71784,1.32472,1.96,-2.87,-0.14,22.9954,-45.8437,-25.0927,1014.84
26696,-0.148254,9.72262,1.32951,1.75,-3.15,0.07,23.9834,-44.3943,-24.6346,1014.84
26702,-0.105213,9.74175,1.31516,1.89,-3.43,0.42,22.9664,-44.9185,-24.7528,1014.85
26708,-0.114778,9.7561,1.31516,1.89,-3.29,0,23.78,-46.6764,-24.3834,1014.85
26714,-0.0908656,9.78001,1.29125,1.61,-3.08,0.07,23.9543,-45.9054,-24.8858,1014.85
26720,-0.0765184,9.77523,1.32472,1.47,-2.94,0.21,23.3151,-44.2092,-24.605,1014.84
26726,-0.0908656,9.77044,1.33907,1.89,-3.22,0.28,23.809,-46.3063,-24.4573,1014.84
26732,-0.047824,9.77523,1.3582,1.4,-2.73,-0.42,23.257,-45.8129,-24.4425,1014.83
26738,-0.0526064,9.78479,1.3869,2.17,-2.87,-0.77,23.809,-45.0111,-24.7232,1014.83
26744,-0.11956,9.78957,1.3056,1.96,-2.8,-0.07,23.3441,-45.8746,-24.2208,1014.84
26750,-0.11956,9.78479,1.29125,2.31,-2.8,-0.14,23.6928,-46.3063,-24.5607,1014.84
26756,-0.11956,9.73697,1.34385,1.75,-3.15,-0.49,23.3441,-44.7643,-26.659,1014.86
26762,-0.181731,9.75131,1.31994,1.96,-3.22,-0.35,23.3441,-45.1344,-24.4129,1014.86
26768,-0.143472,9.7561,1.31994,1.61,-2.94,-0.7,23.809,-46.3372,-24.3243,1014.82
26774,-0.109995,9.76566,1.34385,1.68,-3.43,-0.63,22.8211,-44.826,-25.3291,1014.82
26780,-0.095648,9.76566,1.33907,2.1,-2.8,-0.56,23.5475,-44.2401,-24.5903,1014.82
26786,-0.148254,9.84218,1.18604,1.33,-3.5,-0.77,24.303,-46.6147,-24.7232,1014.84
26792,-0.10043,9.69871,1.32951,0.98,-2.66,-0.07,23.9253,-45.4737,-24.3982,1014.84
26798,-0.277379,9.78479,1.4395,2.17,-3.15,-0.28,23.4894,-44.1476,-24.2356,1014.83
26804,-0.095648,9.64132,1.34385,2.03,-2.94,-0.14,23.6637,-45.7204,-23.9992,1014.83
26810,-0.167384,9.84218,1.22429,2.03,-3.08,0.21,23.8381,-45.8746,-23.8071,1014.83
26816,-0.143472,9.73218,1.28647,1.82,-3.15,0.14,23.7509,-44.7952,-23.7037,1014.83
26822,-0.11956,9.71784,1.3582,2.24,-2.94,0.7,23.7219,-45.3503,-24.0288,1014.8
26828,-0.162602,9.76088,1.32472,1.68,-3.22,0.21,23.9543,-46.3989,-24.147,1014.8
26834,-0.114778,9.77523,1.29603,1.96,-2.8,-0.07,23.286,-45.1653,-25.5212,1014.8
26840,-0.0813008,9.76088,1.31038,1.68,-3.22,0,23.4313,-44.641,-25.004,1014.82
26846,-0.0382592,9.81349,1.27212,1.47,-3.5,0.07,24.0705,-46.3372,-23.2456,1014.82
26852,-0.095648,9.82305,1.26255,1.61,-3.08,-0.14,22.8792,-44.826,-23.7332,1014.8
26858,-0.10043,9.78479,1.32472,1.61,-2.66,-0.63,23.7509,-45.5353,-26.26,1014.8
26864,-0.0669536,9.77523,1.33429,1.12,-2.66,-1.19,23.6928,-45.1961,-24.3834,1014.86
26870,-0.129125,9.78957,1.31516,1.61,-2.87,-0.98,23.3441,-46.4914,-23.8662,1014.86
26876,-0.0621712,9.78001,1.34385,1.47,-3.64,-1.05,23.1117,-44.7335,-24.1913,1014.86
26882,-0.186514,9.79436,1.31516,1.19,-2.87,-0.56,23.0536,-45.2886,-24.3095,1014.86
26888,-0.13869,9.72262,1.34864,1.68,-3.08,-0.84,24.0705,-45.9054,-24.0879,1014.86
26894,-0.186514,9.76566,1.30081,1.89,-3.71,-0.98,23.9253,-44.826,-23.349,1014.84
26900,-0.105213,9.7274,1.44428,1.82,-3.22,-1.05,23.4022,-44.5176,-25.1222,1014.84
26906,-0.21999,9.7274,1.3869,2.1,-2.94,-0.56,24.0705,-46.3063,-25.27,1014.82
26912,-0.162602,9.70827,1.31994,1.96,-3.22,-0.63,23.5766,-45.3811,-24.4129,1014.82
26918,-0.196078,9.75131,1.26734,1.89,-3.43,-0.56,23.6056,-43.9008,-25.0779,1014.82
26924,-0.162602,9.78001,1.31516,1.96,-3.01,-0.35,24.303,-44.9494,-25.403,1014.82
26930,-0.162602,9.76088,1.29125,1.75,-2.73,0.07,23.8671,-44.7952,-24.738,1014.81
26936,-0.105213,9.73218,1.25299,1.82,-3.22,-0.28,23.3151,-44.055,-24.9153,1014.81
26942,-0.11956,9.74653,1.3056,1.61,-2.94,-0.56,23.3441,-45.0111,-24.0583,1014.82
26948,-0.10043,9.75131,1.28647,1.33,-3.08,-0.07,23.809,-45.7512,-25.9054,1014.82
26954,-0.0813008,9.78001,1.29603,1.4,-3.15,-0.42,23.8962,-44.2401,-24.7823,1014.82
26960,-0.0430416,9.78001,1.29603,1.89,-3.01,-0.49,24.2158,-45.2269,-25.5803,1014.84
26966,-0.0765184,9.79436,1.31038,1.75,-3.22,-0.84,23.9253,-46.1213,-24.0583,1014.84
26972,-0.143472,9.77523,1.30081,1.61,-3.01,-1.47,23.7219,-46.368,-25.0779,1014.84
26978,-0.162602,9.73697,1.33429,1.75,-3.22,-0.84,23.3441,-44.1476,-25.3882,1014.84
26984,-0.143472,9.72262,1.33907,1.54,-3.29,-0.28,23.3732,-45.5662,-24.147,1014.84
26990,-0.129125,9.73697,1.34864,1.96,-3.5,-0.77,23.809,-45.7512,-24.871,1014.84
26996,-0.143472,9.77523,1.28647,1.89,-2.8,-0.98,23.4894,-44.4251,-24.9449,1014.8
27002,-0.23912,9.73697,1.34385,1.82,-2.94,-0.28,23.8381,-44.9802,-23.8958,1014.8
27008,-0.243902,9.62697,1.34385,1.68,-2.8,0.28,24.8551,-45.7512,-25.2404,1014.8
27014,-0.248685,9.75131,1.31038,1.89,-3.36,-0.35,24.1577,-44.826,-25.4473,1014.83
27020,-0.172166,9.70349,1.31994,2.17,-3.01,0.35,23.9834,-44.9802,-24.8562,1014.83
27026,-0.176949,9.76088,1.29125,1.89,-3.22,17.71,23.9253,-45.9054,-24.147,1014.85
27032,-0.167384,9.73218,1.31994,1.75,-2.8,0.28,23.7219,-45.412,-24.4129,1014.85
27038,-0.172166,9.71784,1.28647,1.96,-3.22,0.35,23.3732,-45.1036,-25.403,1014.85
27044,-0.133907,9.74653,1.28647,1.75,-3.43,0.49,23.3441,-45.6587,-24.3538,1014.85
27050,-0.124342,9.7561,1.27212,1.96,-3.22,0.77,24.0415,-46.6764,-25.137,1014.82
27056,-0.109995,9.76088,1.32951,1.96,-3.15,0.14,23.5475,-44.5793,-24.1026,1014.82
27062,-0.0908656,9.75131,1.30081,1.61,-3.43,0.35,22.9083,-44.7952,-23.7923,1014.82
27068,-0.0813008,9.77523,1.29125,1.61,-2.8,-0.07,23.5766,-45.6895,-24.5164,1014.85
27074,-0.0813008,9.78479,1.31038,1.47,-2.8,0.14,23.3732,-44.4868,-24.6198,1014.85
27080,-0.095648,9.78001,1.29125,1.54,-2.94,0.21,23.5185,-44.9494,-23.7923,1014.85
27086,-0.129125,9.78479,1.33907,1.68,-3.22,-0.42,23.6928,-46.0905,-24.6641,1014.85
27092,-0.172166,9.76566,1.34385,1.61,-2.94,-0.63,23.1407,-46.5531,-25.2404,1014.84
27098,-0.181731,9.74653,1.35342,1.75,-2.8,-0.14,23.1117,-44.1167,-24.2061,1014.84
27104,-0.153037,9.74175,1.34385,1.96,-2.59,-0.35,22.8792,-45.7512,-23.7184,1014.81
27110,-0.162602,9.74653,1.33907,2.1,-3.08,0.14,23.3732,-46.0905,-25.1961,1014.81
27116,-0.133907,9.74175,1.36777,2.03,-3.22,0.21,23.6928,-44.5793,-23.1865,1014.82
27122,-0.176949,9.72262,1.32472,1.82,-2.94,-0.07,23.6928,-45.4737,-24.4868,1014.82
27128,-0.148254,9.75131,1.33429,1.96,-3.01,-0.07,23.5475,-46.7073,-24.9301,1014.82
27134,-0.172166,9.76088,1.32951,1.82,-3.36,0.42,22.9373,-44.2401,-23.4968,1014.82
27140,-0.114778,9.74175,1.30081,2.38,-3.15,0.28,22.7049,-44.3018,-24.5755,1014.82
27146,-0.133907,9.7274,1.36777,2.1,-2.8,-0.07,23.4894,-45.5045,-22.9648,1014.82
27152,-0.129125,9.75131,1.35342,1.82,-2.73,0.35,24.2739,-45.3811,-24.5016,1014.82
27158,-0.114778,9.72262,1.36298,2.66,-3.36,0.49,23.1988,-43.9317,-25.137,1014.83
27164,-0.11956,9.77523,1.3056,2.52,-2.87,0.42,23.5475,-45.4428,-24.4277,1014.83
27170,-0.0669536,9.78479,1.25299,1.82,-3.15,-0.21,24.4483,-46.0288,-24.6641,1014.81
27176,-0.0573888,9.81349,1.28647,2.17,-3.01,-0.14,23.1988,-44.7335,-23.5855,1014.81
27182,-0.105213,9.77523,1.29603,1.47,-2.59,0.21,23.2279,-44.3943,-24.6789,1014.81
27188,-0.133907,9.79436,1.3056,2.03,-2.8,-0.07,24.0415,-46.368,-22.5216,1014.83
27194,-0.133907,9.77523,1.29603,1.61,-2.87,-0.35,23.6347,-44.5793,-24.4425,1014.83
27200,-0.114778,9.76566,1.33907,1.47,-3.08,0,23.4022,-44.1784,-25.004,1014.83
27206,-0.133907,9.77044,1.32951,1.54,-2.31,-0.14,23.5766,-45.5045,-24.3686,1014.83
27212,-0.148254,9.77523,1.29603,1.75,-2.66,-0.14,24.0705,-45.0419,-23.7923,1014.82
27218,-0.181731,9.76088,1.33429,1.68,-2.87,-0.21,23.4603,-44.6718,-24.147,1014.82
27224,-0.162602,9.7274,1.32951,1.26,-3.29,0.14,23.3732,-45.5045,-23.8958,1014.85
27230,-0.162602,9.70349,1.31516,1.54,-3.08,0.49,23.809,-45.8746,-24.5164,1014.85
27236,-0.157819,9.73218,1.3056,1.89,-3.15,0.35,23.1698,-44.0859,-24.6789,1014.85
27242,-0.176949,9.70827,1.32472,2.03,-2.8,0.21,23.809,-45.1036,-23.9696,1014.81
27248,-0.162602,9.71784,1.34864,1.75,-2.94,0.77,23.1698,-46.0905,-23.881,1014.81
27254,-0.176949,9.73218,1.31994,1.89,-2.87,0.7,23.2279,-44.826,-23.9696,1014.83
27260,-0.162602,9.73697,1.3056,1.89,-3.15,0.77,23.257,-44.7643,-24.9006,1014.83
27266,-0.210426,9.71784,1.26734,1.4,-3.36,1.12,23.1117,-47.1082,-23.5559,1014.8
27272,-0.0860832,9.7561,1.29603,1.47,-2.8,0.84,22.9954,-44.9802,-23.216,1014.8
27278,-0.0765184,9.79436,1.30081,1.75,-3.57,0.7,22.9373,-44.1476,-24.6494,1014.81
27284,-0.0908656,9.77523,1.29603,1.4,-2.8,0.42,23.286,-45.2578,-23.9105,1014.81
27290,-0.10043,9.77044,1.3056,1.47,-2.73,0.63,23.4894,-45.7204,-23.8071,1014.83
27296,-0.095648,9.74653,1.34385,1.54,-2.94,0.56,22.792,-44.5485,-24.9449,1014.83
27302,-0.0908656,9.74653,1.32951,1.75,-3.29,0.35,23.1988,-45.3195,-23.4229,1014.83
27308,-0.0813008,9.81827,1.25777,1.54,-2.8,0.35,23.4313,-46.6764,-22.8614,1014.8
27314,-0.172166,9.78479,1.3056,1.68,-2.8,0.07,23.286,-44.7335,-23.482,1014.8
27320,-0.124342,9.73218,1.37255,1.54,-2.87,0.14,23.1407,-44.3018,-24.014,1014.82
27326,-0.153037,9.73697,1.37255,1.75,-3.01,0.35,23.3732,-46.1213,-23.0683,1014.82
27332,-0.13869,9.73697,1.35342,1.75,-3.36,0.63,23.3732,-44.9802,-24.9006,1014.81
27338,-0.109995,9.72262,1.29603,1.96,-2.87,0.42,23.8962,-44.6718,-25.403,1014.81
27344,-0.172166,9.71305,1.31994,1.61,-3.15,0.56,23.7509,-46.2447,-24.4573,1014.87
27350,-0.143472,9.67001,1.3582,1.61,-3.36,0.35,24.1577,-46.2138,-23.7923,1014.87
27356,-0.133907,9.68914,1.3582,2.17,-3.64,0.98,22.9664,-44.5176,-23.4525,1014.87
27362,-0.129125,9.7274,1.32951,1.96,-3.29,0.63,23.5185,-44.9802,-24.2799,1014.82
27368,-0.0908656,9.75131,1.31038,1.68,-3.15,0.56,22.792,-46.5222,-24.5903,1014.82
27374,-0.133907,9.74175,1.33907,1.96,-3.22,0.98,22.8502,-45.2269,-23.2308,1014.84
27380,-0.124342,9.76566,1.34385,1.47,-3.36,1.12,23.0536,-44.7952,-25.6985,1014.84
27386,-0.10043,9.76566,1.28168,1.89,-2.87,0.49,23.8671,-46.0288,-23.2604,1014.83
27392,-0.0765184,9.78957,1.30081,1.4,-2.94,0.77,23.5185,-44.7952,-23.7184,1014.83
27398,-0.0860832,9.78001,1.28168,1.68,-3.36,0.28,23.0536,-43.9317,-24.4868,1014.82
27404,-0.047824,9.81349,1.26734,1.54,-3.15,0,23.8671,-45.4428,-23.9844,1014.82
27410,-0.0526064,9.74175,1.32472,1.61,-2.8,0.14,23.78,-45.8437,-23.2013,1014.82
27416,-0.129125,9.74175,1.3869,1.68,-3.01,0.35,23.9253,-44.5176,-25.27,1014.8
27422,-0.0813008,9.73218,1.3056,1.82,-2.94,0.21,23.4022,-45.1036,-24.1026,1014.8
27428,-0.10043,9.73218,1.33907,1.75,-2.73,-0.07,23.9253,-45.9054,-24.3243,1014.87
27434,-0.162602,9.75131,1.31994,1.75,-2.45,-0.28,23.5185,-44.3326,-24.0879,1014.87
27440,-0.148254,9.73218,1.31994,1.82,-2.8,0.42,22.8792,-44.3943,-24.9006,1014.86
27446,-0.162602,9.73697,1.35342,1.68,-3.15,0.56,23.9253,-46.5222,-24.5903,1014.86
27452,-0.124342,9.74653,1.33907,2.03,-3.15,0.35,23.1698,-45.2578,-24.1026,1014.81
27458,-0.124342,9.71305,1.33429,2.1,-2.66,-0.07,23.4894,-43.3457,-24.5311,1014.81
27464,-0.157819,9.70349,1.34864,2.24,-2.59,0.63,23.9253,-45.2886,-24.0879,1014.85
27470,-0.157819,9.72262,1.32951,2.17,-3.22,0.56,24.4192,-45.2269,-23.5116,1014.85
27476,-0.167384,9.7274,1.33429,2.17,-3.29,0.56,23.7509,-43.099,-25.2552,1014.85
27482,-0.167384,9.78479,1.29603,2.31,-3.43,0.84,23.3732,-45.3195,-23.9105,1014.81
27488,-0.10043,9.75131,1.24342,1.82,-3.15,0.84,23.6637,-45.3503,-24.2652,1014.81
27494,-0.10043,9.76566,1.24342,2.03,-3.22,0.7,23.286,-45.0111,-23.8071,1014.84
27500,-0.0286944,9.80392,1.26255,1.89,-3.29,0.84,23.0826,-44.2401,-24.5755,1014.84
27506,-0.105213,9.7561,1.34385,1.47,-3.5,0.49,23.4894,-45.9671,-23.9253,1014.83
27512,-0.047824,9.76566,1.26734,1.54,-2.94,0.35,23.78,-44.9185,-23.5264,1014.83
27518,-0.0669536,9.7561,1.32951,1.61,-3.29,0,23.1988,-44.4251,-24.3391,1014.85
27524,-0.023912,9.79914,1.31994,1.47,-3.15,0.56,23.9253,-45.7204,-24.2799,1014.85
27530,-0.0621712,9.78957,1.32472,1.75,-2.52,0.28,23.4022,-45.597,-23.9253,1014.85
27536,-0.071736,9.7274,1.32951,1.54,-2.8,-0.07,23.8381,-44.2092,-23.2604,1014.81
27542,-0.148254,9.8087,1.32472,1.12,-2.8,0.28,23.8381,-45.4737,-24.1026,1014.81
27548,-0.023912,9.68436,1.36298,2.03,-3.01,0.42,23.8962,-46.0288,-23.8071,1014.85
27554,-0.129125,9.70349,1.33429,1.89,-3.36,0.14,23.1407,-44.7643,-23.4672,1014.85
27560,-0.133907,9.66045,1.39168,2.38,-3.36,0.42,23.0826,-44.1476,-24.1617,1014.83
27566,-0.13869,9.70827,1.33907,1.89,-3.36,0.07,23.78,-45.7512,-23.7184,1014.83
27572,-0.148254,9.71305,1.33429,2.38,-3.29,0.7,23.9253,-44.5793,-24.0879,1014.85
27578,-0.11956,9.75131,1.3056,2.38,-3.08,0.14,23.0245,-44.4868,-24.1765,1014.85
27584,-0.124342,9.76566,1.3056,2.45,-2.59,0.77,23.8962,-45.5353,-23.9992,1014.81
27590,-0.13869,10.9852,1.2769,2.17,-3.01,1.26,23.3732,-45.2269,-23.2456,1014.81
27596,-0.0908656,9.74653,1.28647,2.03,-3.5,0.84,22.8792,-44.3943,-24.8119,1014.81
27602,-0.105213,9.76566,1.29603,2.17,-2.73,0.77,23.6347,-44.7952,-24.9006,1014.85
27608,-0.129125,9.7561,1.28647,1.89,-2.73,1.33,23.6056,-45.8129,-24.738,1014.85
27614,-0.071736,9.73697,1.31994,1.54,-3.08,0.63,23.9253,-44.9185,-24.3686,1014.81
27620,-0.0382592,9.80392,1.25777,1.96,-2.87,0.7,23.4022,-43.9934,-24.1617,1014.81
27626,-0.071736,9.77523,1.31038,1.89,-3.08,0.56,23.2279,-45.7821,-23.8514,1014.85
27632,-0.0813008,9.76566,1.31038,1.75,-2.66,0.28,23.6637,-45.4428,-24.1913,1014.85
27638,-0.114778,9.76088,1.35342,1.68,-3.01,0.49,23.809,-44.3018,-25.728,1014.85
27644,-0.133907,9.70827,1.37733,1.82,-2.66,0.35,23.3732,-45.4428,-24.8267,1014.85
27650,-0.114778,9.75131,1.35342,1.96,-2.59,0.21,23.7219,-45.8129,-23.6298,1014.85
27656,-0.129125,9.74653,1.32472,2.17,-3.15,0.42,23.1698,-44.2092,-25.0188,1014.84
27662,-0.157819,9.70349,1.36298,1.96,-2.8,0.91,22.9083,-45.0111,-24.7823,1014.84
27668,-0.133907,9.71305,1.32472,2.1,-3.15,0.7,23.4022,-46.8306,-24.0879,1014.82
27674,-0.124342,9.7274,1.33907,2.66,-3.43,0.98,23.7219,-44.0859,-24.4573,1014.82
27680,-0.114778,9.72262,1.31516,2.17,-2.73,1.26,23.2279,-44.6718,-25.9349,1014.81
27686,-0.148254,9.74653,1.31516,2.38,-2.66,0.98,23.4313,-46.4297,-23.9549,1014.81
27692,-0.071736,9.73697,1.29125,2.52,-3.15,0.63,22.763,-45.1036,-24.2061,1014.83
27698,-0.0860832,9.79436,1.2769,2.38,-3.29,0.77,23.1117,-43.9008,-23.615,1014.83
27704,-0.071736,9.78957,1.29603,2.17,-3.08,1.33,24.0996,-45.4737,-23.8219,1014.83
27710,-0.023912,9.79436,1.29603,2.03,-3.22,0.77,23.1407,-46.183,-24.2947,1014.84
27716,0.0334768,9.75131,1.2769,2.45,-2.87,0.84,23.0245,-44.2092,-24.4868,1014.84
27722,-0.0765184,9.86131,1.22429,1.89,-2.87,0.42,23.0826,-45.1653,-24.7823,1014.84
27728,-0.0191296,9.85174,1.20516,1.61,-2.94,-0.14,23.6347,-46.4605,-24.014,1014.84
27734,-0.0334768,9.78957,1.3056,1.47,-2.73,0.07,23.6347,-44.5176,-25.3734,1014.84
27740,-0.0573888,9.79914,1.29125,1.75,-3.08,-0.07,24.0705,-43.87,-24.9153,1014.84
27746,-0.129125,9.76088,1.31994,1.4,-3.22,-0.21,24.0415,-45.7821,-24.605,1014.86
27752,-0.109995,9.74175,1.29125,1.75,-2.66,-0.35,23.7509,-45.0111,-23.9549,1014.86
27758,-0.109995,9.74653,1.31516,1.68,-2.94,-0.14,23.286,-43.9625,-24.9744,1014.79
27764,-0.0860832,9.71784,1.33907,1.47,-2.73,0.07,22.9664,-45.5353,-24.6937,1014.79
27770,-0.095648,9.74653,1.30081,2.17,-3.29,-0.28,23.3151,-45.5662,-24.2947,1014.79
27776,-0.0860832,9.73218,1.31038,1.96,-3.01,-0.14,23.4894,-43.9317,-25.6246,1014.85
27782,-0.148254,9.74653,1.28647,1.54,-2.59,0,23.257,-46.5222,-26.1418,1014.85
27788,-0.143472,9.68914,1.33429,2.03,-2.94,0.14,23.2279,-46.2447,-24.4129,1014.85
27794,-0.114778,9.72262,1.2769,1.75,-2.8,0.56,22.792,-44.5793,-24.5164,1014.85
27800,-0.10043,9.70827,1.33429,2.17,-3.15,0.63,23.3732,-44.0859,-25.5507,1014.81
27806,-0.0813008,9.7274,1.30081,2.1,-3.08,0.49,23.5475,-46.1213,-23.9992,1014.81
27812,-0.0621712,9.78479,1.26255,1.47,-3.15,0.63,23.1407,-44.3018,-25.1222,1014.83
27818,-0.0334768,9.75131,1.28168,1.68,-3.29,0.56,22.8792,-44.0242,-25.0188,1014.83
27824,-0.0573888,9.80392,1.27212,1.54,-2.94,0,23.3441,-44.641,-24.9744,1014.83
27830,-0.0526064,9.74653,1.33907,1.61,-3.15,-0.07,23.0245,-45.8437,-24.5607,1014.84
27836,-0.0430416,9.77523,1.29603,1.33,-2.66,0.14,23.6637,-43.4382,-24.5311,1014.84
27842,-0.0813008,9.78001,1.30081,1.82,-2.66,-0.35,23.7219,-44.7952,-24.4868,1014.83
27848,-0.0573888,9.81827,1.26734,1.05,-2.38,-0.14,24.5354,-46.4914,-25.5951,1014.83
27854,-0.0860832,9.76566,1.34385,1.61,-2.52,-0.35,23.9543,-44.2092,-24.5607,1014.84
27860,-0.133907,9.71305,1.36298,1.54,-2.94,0.21,22.9083,-44.1167,-25.3882,1014.84
27866,-0.105213,9.76088,1.31994,1.61,-3.5,-0.21,23.4603,-46.3372,-25.1665,1014.78
27872,-0.0765184,9.78001,1.28168,1.61,-3.22,-0.21,23.9543,-44.8877,-23.7332,1014.78
27878,-0.10043,9.73218,1.32472,1.19,-2.73,0.28,22.7049,-43.9317,-26.5703,1014.78
27884,-0.109995,9.71784,1.33429,1.82,-2.8,0.21,22.4724,-46.2447,-26.0531,1014.84
27890,-0.0813008,9.7561,1.32472,1.61,-2.73,-0.7,23.1698,-45.9979,-24.2061,1014.84
27896,-0.109995,9.73218,1.29603,2.03,-3.22,0.28,23.3441,-44.4251,-24.3982,1014.85
27902,-0.109995,9.75131,1.33429,1.89,-3.43,0.21,23.1698,-44.7643,-25.3291,1014.85
27908,-0.0860832,9.73697,1.29603,1.54,-2.87,0.28,23.809,-46.1521,-24.9301,1014.79
27914,-0.10043,9.7274,1.31994,1.96,-2.38,0.21,22.8792,-44.5793,-24.7085,1014.79
27920,-0.129125,9.73697,1.32951,2.1,-2.59,0.21,23.286,-45.1653,-24.738,1014.8
27926,-0.105213,9.72262,1.3056,2.1,-2.59,0.21,23.257,-46.3063,-24.1617,1014.8
27932,-0.0860832,9.7274,1.31516,2.03,-3.22,0.63,23.1988,-44.3634,-24.7085,1014.82
27938,-0.095648,9.70827,1.31994,2.03,-3.15,0.49,23.9834,-44.6101,-24.4868,1014.82
27944,-0.0860832,9.71305,1.30081,2.1,-2.59,0.42,23.4313,-46.2755,-24.5607,1014.82
27950,-0.0621712,9.71784,1.32951,2.24,-3.08,0.14,23.3441,-45.9979,-24.2504,1014.82
27956,0.0334768,9.73218,1.3582,2.45,-2.8,0.14,22.8792,-44.3634,-26.0088,1014.82
27962,-0.0334768,9.71305,1.34864,2.59,-2.38,0.28,23.4313,-45.8129,-24.472,1014.83
27968,-0.105213,9.67958,1.3869,2.73,-2.1,0.07,23.7509,-45.6587,-24.4277,1014.83
27974,-0.205643,9.65567,1.42516,2.87,-2.87,0.28,23.4313,-44.5485,-24.738,1014.84
27980,-0.157819,9.64132,1.45385,3.71,-3.36,0.98,23.0245,-44.6101,-24.6789,1014.84
27986,-0.0430416,9.70349,1.34385,4.2,-2.38,0.35,23.2279,-47.2007,-26.0974,1014.85
27992,-0.172166,9.78479,1.24821,3.78,-3.57,0.84,24.4192,-44.826,-24.9597,1014.85
27998,-0.11956,9.66523,1.3056,4.13,-2.59,0.77,23.0826,-44.0859,-25.5507,1014.85
28004,-0.167384,9.7274,1.36777,3.78,-3.15,0.63,23.6347,-45.8129,-24.605,1014.86
28010,-0.114778,9.66045,1.36777,4.27,-3.08,1.26,24.5354,-45.7512,-24.2652,1014.86
28016,-0.186514,9.73218,1.29125,4.41,-2.66,1.54,22.9664,-44.5793,-24.5755,1014.81
28022,-0.133907,9.64132,1.33429,4.2,-2.8,1.4,23.3151,-45.3811,-23.7628,1014.81
28028,-0.148254,9.55523,1.46341,4.76,-2.87,1.96,23.8381,-46.3372,-24.7971,1014.81
28034,-0.162602,9.50263,1.49689,5.53,-3.29,2.1,23.2279,-45.1344,-24.2504,1014.81
28040,-0.11956,9.5935,1.44907,6.65,-2.8,2.45,22.9954,-43.7466,-25.2256,1014.84
28046,-0.0813008,9.66523,1.33907,6.86,-2.45,2.52,23.9834,-46.0288,-23.482,1014.84
28052,-0.0908656,9.77044,1.19082,6.3,-2.31,2.87,23.4894,-44.826,-24.0731,1014.84
28058,-0.114778,9.8087,1.17647,6.23,-2.38,3.08,22.9664,-43.9934,-26.0974,1014.85
28064,-0.0908656,9.74653,1.27212,5.95,-2.66,3.08,23.5185,-45.9979,-25.137,1014.85
28070,-0.114778,9.70827,1.31516,6.23,-2.66,3.15,23.6637,-45.7821,-24.605,1014.83
28076,-0.148254,9.69392,1.31516,6.37,-2.8,3.64,22.3852,-44.7952,-24.3982,1014.83
28082,-0.13869,9.65567,1.29603,6.86,-3.01,4.34,22.1818,-45.5045,-24.4277,1014.83
28088,-0.23912,9.64132,1.33429,7.14,-3.43,4.34,23.6347,-46.5839,-24.2061,1014.83
28094,-0.224773,9.61262,1.32951,6.93,-3.08,4.97,23.4894,-44.5793,-24.3538,1014.83
28100,-0.25825,9.64132,1.22908,7.42,-3.22,6.16,23.2279,-44.7027,-24.7823,1014.83
28106,-0.282162,9.69392,1.21951,7.35,-3.78,7.28,22.4724,-45.8437,-24.472,1014.84
28112,-0.176949,9.74175,1.14299,7.14,-3.29,7.42,23.1117,-45.9054,-23.3638,1014.84
28118,-0.157819,9.78001,1.10473,6.02,-3.15,8.19,22.9373,-44.2401,-24.3834,1014.84
28124,-0.0526064,9.85653,0.994739,5.67,-3.36,8.33,22.8792,-45.7204,-24.0435,1014.83
28130,0.0095648,9.90913,0.989957,4.62,-3.36,8.54,23.1988,-46.0596,-24.1765,1014.83
28136,0.0860832,9.94261,1.0043,4.41,-3.01,8.4,22.792,-44.6101,-23.6002,1014.8
28142,0.0860832,9.9187,1.14299,3.29,-2.24,7.77,22.7339,-45.8437,-23.6446,1014.8
28148,0.129125,9.93304,1.13343,3.36,-1.96,7.7,23.0245,-46.3989,-23.7037,1014.83
28154,0.186514,10,1.09995,3.08,-2.45,7.77,22.8211,-46.4297,-24.0583,1014.83
28160,0.186514,10.0191,1.0856,2.45,-1.82,7,22.9373,-45.5045,-24.147,1014.84
28166,0.234338,9.95696,1.16212,2.03,-2.31,6.58,23.2279,-47.0773,-24.2947,1014.84
28172,0.196078,9.88522,1.23386,1.89,-1.54,6.23,22.8502,-45.0727,-23.2456,1014.84
28178,0.200861,9.9187,1.11908,1.89,-0.91,5.6,22.8792,-44.641,-23.2899,1014.79
28184,0.210426,9.97609,1.09995,1.47,-0.49,5.25,22.9083,-45.9363,-23.8958,1014.79
28190,0.114778,9.97609,1.1143,0.98,-0.98,5.11,21.9494,-46.0905,-24.3538,1014.83
28196,0.11956,10.0239,1.06648,-0.07,-0.28,4.76,22.7049,-45.3811,-23.9549,1014.83
28202,0.196078,9.95218,1.1143,-0.28,0.14,4.62,22.5596,-46.2138,-24.1322,1014.85
28208,0.172166,10.0096,1.03778,-0.84,-0.21,5.18,23.2279,-46.5222,-22.6841,1014.85
28214,0.248685,9.98087,1.11908,-0.91,-0.21,3.85,21.8041,-45.8437,-23.4377,1014.84
28220,0.291726,10.0765,0.989957,-1.68,-0.28,2.66,23.3732,-45.0111,-23.4968,1014.84
28226,0.172166,10.0526,1.1143,-2.66,-0.77,2.8,22.5596,-46.7073,-24.0879,1014.84
28232,0.301291,10.0096,1.15256,-2.73,-0.56,1.82,22.4143,-46.0288,-23.9401,1014.82
28238,0.320421,10.1004,1.09039,-3.78,-0.56,0.84,22.0947,-44.9185,-24.5903,1014.82
28244,0.229555,10.0335,1.24342,-4.13,-1.54,-0.21,22.4143,-46.8923,-23.8367,1014.82
28250,0.487805,10.1291,0.908656,-4.34,-2.17,-1.61,22.7049,-47.3549,-23.4377,1014.82
28256,0.621712,10.2487,0.851267,-5.46,-3.08,-3.43,22.6758,-44.9185,-24.3391,1014.84
28262,0.793878,10.6839,0.822573,-6.44,-2.59,-7,22.9954,-45.1344,-24.6641,1014.84
28268,0.755619,10.9852,0.655189,-10.22,-3.43,-10.5,23.2279,-47.2932,-24.3095,1014.82
28274,0.808226,10.7795,0.588235,-12.25,-2.03,-13.09,23.286,-44.6101,-25.1665,1014.82
28280,0.851267,10.4878,0.746054,-13.44,-1.54,-15.68,23.4022,-45.3503,-25.1665,1014.86
28286,0.851267,10.5261,0.966045,-14.14,-1.68,-17.78,23.3151,-46.7073,-24.8267,1014.86
28292,1.17647,10.373,1.1143,-12.25,0.21,-20.79,23.286,-45.8129,-25.1665,1014.86
28298,1.03778,10.4208,1.15734,-14.84,1.33,-24.01,23.6928,-44.4251,-25.137,1014.81
28304,1.49689,10.2774,1.4682,-12.74,5.95,-27.58,24.0415,-45.4737,-25.2847,1014.81
28310,0.789096,10.0526,1.03778,-10.08,8.26,-31.99,24.1868,-45.7512,-25.3586,1014.84
28316,2.65423,13.0607,3.32855,-4.69,10.78,-39.62,23.809,-45.0111,-25.0188,1014.84
28322,2.15208,15.3611,0.980392,-1.96,9.94,-55.16,23.4894,-44.9802,-24.6346,1014.84
28328,1.32951,12.9555,1.3582,18.34,0.14,-72.59,23.78,-46.2138,-23.5411,1014.84
28334,4.56241,18.8857,1.53515,11.83,-6.79,-88.2,23.9543,-44.5176,-24.5755,1014.84
28340,6.7671,18.0823,0.167384,-10.71,6.58,-103.88,24.3611,-43.87,-23.881,1014.84
28346,3.54376,14.9593,1.81731,-14.63,15.12,-115.22,25.5234,-45.1653,-24.2652,1014.84
28352,1.49689,13.2425,0.95648,-7.35,11.62,-124.81,26.1626,-43.9008,-24.4129,1014.84
28358,-0.0047824,12.6447,1.61167,-1.61,5.25,-129.29,26.6275,-42.6364,-25.0927,1014.84
28364,1.27212,14.6581,0.789096,-0.42,5.88,-130.48,27.5574,-43.9317,-25.3586,1014.81
28370,1.62123,14.9785,0.683883,-6.37,6.09,-136.43,27.4121,-44.2092,-24.5459,1014.81
28376,1.22429,13.9072,0.181731,-11.06,7.77,-139.44,28.0513,-41.7421,-24.8267,1014.87
28382,0.669536,12.922,0.35868,-11.2,6.86,-140.49,28.7196,-41.2486,-23.9253,1014.87
28388,0.57867,12.0564,-0.095648,-11.13,4.76,-144.13,29.0683,-42.5747,-24.7528,1014.84
28394,0.310856,11.9895,0.11956,-13.09,0.7,-145.32,29.8528,-41.3411,-24.6494,1014.84
28400,0.243902,10.4256,-0.530846,-13.51,-4.97,-144.13,30.4049,-40.3234,-23.5116,1014.84
28406,-0.286944,9.08178,-0.320421,-7.98,-14.77,-137.97,31.3057,-41.4645,-24.147,1014.84
28412,2.5012,5.83453,-0.765184,0.7,-24.92,-120.61,31.3347,-40.0767,-24.1026,1014.84
28418,4.5385,7.00143,-1.33907,5.04,-27.93,-100.45,30.6955,-39.1207,-23.6889,1014.84
28424,6.50406,8.52702,-1.17647,8.33,-26.11,-84.07,32.2936,-39.3057,-23.5264,1014.84
28430,9.85653,8.18269,-2.60163,3.78,-31.71,-56.84,32.5842,-39.5524,-23.9696,1014.84
28436,11.6021,8.967,-3.09421,-11.76,-24.71,-40.04,31.451,-38.3497,-24.7676,1014.84
28442,10.0526,5.28455,-0.875179,-9.24,-14.35,-19.11,33.1363,-38.5039,-25.1665,1014.82
28448,9.79914,4.39981,-1.64993,-4.13,-17.99,8.54,32.5261,-39.5833,-24.2652,1014.82
28454,11.7886,1.25299,-2.05165,5.95,-13.37,30.24,32.6713,-38.4114,-24.2652,1014.85
28460,11.296,1.59254,-1.80296,19.04,-10.64,47.11,31.7706,-38.6581,-25.1813,1014.85
28466,11.7982,2.03252,-1.52559,30.87,-10.08,57.96,32.5261,-39.9842,-23.5264,1014.85
28472,11.5973,2.52032,-1.44907,40.46,-9.03,67.41,31.6253,-39.83,-24.9892,1014.81
28478,11.3582,3.42898,-1.32951,46.55,-9.31,75.74,31.1023,-38.5039,-24.2799,1014.81
28484,11.2052,4.28981,-1.20995,48.58,-8.96,82.53,31.5381,-40.601,-24.7232,1014.79
28490,10.6313,5.64323,-0.750837,50.26,-10.43,89.11,30.3759,-41.7729,-26.0236,1014.79
28496,10.1817,6.3319,-0.564323,48.58,-12.25,96.39,30.0272,-40.8785,-26.5112,1014.8
28502,9.68436,7.32664,-0.181731,45.85,-13.93,104.51,29.7657,-41.6187,-24.1174,1014.8
28508,9.3735,8.06791,0.0621712,43.82,-14.28,112.56,30.9279,-43.2532,-23.8219,1014.82
28514,8.93831,8.91439,0.349115,39.06,-14.91,119.77,28.6906,-42.3897,-24.1322,1014.82
28520,8.74223,9.41176,0.487805,35.56,-15.26,125.23,28.1385,-42.3897,-24.7528,1014.82
28526,8.31181,9.86131,0.731707,31.57,-14.14,130.13,28.3128,-44.0242,-23.3343,1014.8
28532,7.94357,10.0096,0.942133,29.89,-14.14,134.68,27.5574,-43.5616,-23.8514,1014.8
28538,7.65184,10.4448,1.07604,28.63,-12.11,138.46,26.1045,-42.7598,-23.2899,1014.8
28544,7.32185,10.7365,1.19082,28,-8.61,140.84,26.2207,-45.2269,-24.0288,1014.8
28550,6.48493,11.076,1.34864,28.98,-6.44,144.9,25.349,-45.2269,-23.6741,1014.81
28556,5.55715,11.2817,1.44907,31.92,-3.64,149.17,25.2328,-43.685,-24.7085,1014.81
28562,4.945,11.7073,1.41081,35.98,-2.73,153.93,23.7509,-45.6895,-23.0978,1014.77
28568,4.28025,12.5729,1.22429,38.36,-2.17,159.39,23.4894,-46.4297,-23.7037,1014.77
28574,3.84505,13.0846,1.20995,40.95,-1.61,164.36,23.286,-45.6587,-23.5855,1014.79
28580,3.35246,13.8164,0.994739,42,-0.42,167.09,21.7751,-46.6456,-23.0978,1014.79
28586,2.92683,14.2037,1.04256,41.72,-0.35,168.49,21.6007,-48.8044,-22.1669,1014.79
28592,2.41989,14.6294,0.970827,42.07,1.26,167.93,20.4384,-47.2932,-22.8762,1014.85
28598,2.01817,14.9689,0.942133,41.58,-0.35,164.92,19.683,-47.1698,-22.0487,1014.85
28604,1.21473,14.9163,0.583453,43.68,0.91,159.04,19.0147,-48.681,-22.2113,1014.79
28610,0.798661,15.8632,0.411286,35.77,0.49,157.01,18.4045,-49.0819,-21.6054,1014.79
28616,0.908656,14.8398,0.961262,36.61,3.08,146.02,17.4456,-47.91,-22.6102,1014.83
28622,0.224773,15.5189,0.310856,31.29,2.66,137.62,16.7773,-49.637,-22.625,1014.83
28628,0.492587,14.9928,0.449546,29.33,4.62,130.27,15.9928,-50.6547,-22.6545,1014.83
28634,0.157819,14.2755,1.04735,28.7,6.65,122.64,15.6441,-49.2669,-22.5659,1014.83
28640,-0.540411,14.5433,0.69823,24.92,7.14,109.34,15.2082,-49.5753,-21.502,1014.83
28646,-1.13821,14.4285,0.593018,19.81,10.22,103.11,15.2954,-50.7781,-21.1474,1014.81
28652,-1.84601,14.0507,1.45863,18.13,11.83,103.53,13.8135,-49.7295,-20.4529,1014.81
28658,-2.64945,14.2085,1.22429,15.61,12.6,103.53,13.6682,-49.9763,-21.5315,1014.85
28664,-3.06552,13.362,1.41559,13.51,14.84,104.51,13.0871,-51.0865,-19.98,1014.85
28670,-3.88809,12.922,1.61645,11.97,15.54,113.26,13.2614,-51.7341,-21.7089,1014.82
28676,-4.71066,12.1138,1.72166,10.22,14.35,123.06,11.9829,-50.6239,-21.9748,1014.82
28682,-4.78718,11.693,1.94644,10.43,14.56,132.51,11.518,-51.6108,-21.0587,1014.84
28688,-4.52415,11.5686,1.58297,9.73,14.14,136.85,10.995,-52.906,-20.7484,1014.84
28694,-4.1033,11.6595,1.28168,7.77,13.23,133.84,11.024,-51.3024,-21.5759,1014.84
28700,-3.88331,11.5017,0.985174,4.27,16.17,126.91,9.97801,-51.6108,-20.7484,1014.82
28706,-4.06982,11.3104,0.731707,0.21,16.24,116.83,8.55422,-53.3378,-19.7879,1014.82
28712,-4.38546,10.7939,0.703013,-3.29,16.52,101.78,8.99008,-51.7958,-21.0144,1014.81
28718,-4.99761,9.89957,0.803443,-2.73,16.45,86.38,8.49611,-50.8398,-21.5759,1014.81
28724,-5.45672,9.46915,0.683883,-1.61,15.33,72.59,7.94403,-53.1528,-21.4133,1014.84
28730,-6.04017,8.87613,0.908656,1.82,14.21,58.45,7.56629,-51.9809,-20.6154,1014.84
28736,-6.38929,8.82353,0.908656,4.97,13.93,46.97,7.50818,-51.2099,-20.5267,1014.84
28742,-6.79579,9.09134,1.0856,6.65,13.16,37.8,6.37497,-52.135,-21.8418,1014.84
28748,-6.80536,9.30177,1.09517,5.88,13.44,29.12,6.7527,-52.6593,-20.7927,1014.83
28754,-6.6571,9.50741,1.21473,2.59,15.4,23.52,7.04327,-51.2099,-21.1621,1014.83
28760,-6.6858,9.61262,1.22429,-1.12,17.15,16.17,6.69459,-51.9809,-21.6793,1014.83
28766,-6.79579,9.28264,1.47298,-4.27,20.37,10.99,6.34591,-53.0602,-20.837,1014.81
28772,-6.93926,9.1296,1.4682,-6.09,23.24,8.89,6.43308,-52.1659,-20.0096,1014.81
28778,-7.02056,8.58919,1.4395,-6.51,24.78,7.42,6.9561,-51.4257,-21.8271,1014.84
28784,-6.72884,8.54615,1.20995,-6.3,26.67,5.25,6.43308,-53.7079,-20.2017,1014.84
28790,-6.27451,8.19225,1.47298,-3.92,27.23,2.59,6.78176,-53.0294,-21.1326,1014.84
28796,-6.07843,8.32616,1.04735,-3.15,28.7,-1.47,6.83987,-51.2407,-21.3099,1014.84
28802,-5.82018,8.12052,1.1956,-0.63,28.35,-6.72,6.22968,-51.8883,-21.5906,1014.86
28808,-5.69106,7.95791,1.3056,2.87,27.09,-13.51,7.01422,-53.1528,-19.6993,1014.86
28814,1.12386,12.9412,10.4782,45.01,10.29,-63.28,6.9561,-51.3949,-20.8518,1014.86
28820,-3.00335,20.9421,2.80249,19.04,42.56,-109.76,7.42101,-51.6725,-20.1869,1014.81
28826,-10.7461,6.72884,2.42946,7.49,34.16,-132.86,9.3097,-52.6285,-20.0539,1014.81
28832,-5.54758,3.26638,2.69249,20.58,34.72,-161.14,9.39687,-51.7341,-20.9553,1014.83
28838,-4.20851,9.03874,3.93592,13.79,15.4,-167.86,10.3848,-51.5491,-21.0439,1014.83
28844,4.17982,13.1803,0.860832,16.45,-8.89,-173.53,11.2274,-52.0425,-20.837,1014.85
28850,3.45289,11.6404,-0.186514,25.83,14.77,-164.01,12.5641,-51.179,-20.3494,1014.85
28856,2.56815,13.9024,0.5978,11.9,-3.71,-157.22,13.4648,-51.0865,-21.2065,1014.83
28862,3.59158,10.6217,0.588235,19.11,1.82,-155.47,13.5229,-51.95,-20.8518,1014.83
28868,2.42946,10.7078,0.401722,18.97,11.55,-156.52,14.2203,-52.3818,-19.1673,1014.83
28874,1.17169,10.8321,0.49737,15.61,13.51,-157.85,14.4527,-50.223,-20.379,1014.82
28880,0.0669536,11.5591,0.511717,-0.35,15.19,-160.3,16.5158,-50.5314,-19.1673,1014.82
28886,-0.526064,9.86609,1.85079,5.11,17.78,-154.98,17.678,-51.8267,-19.389,1014.82
28892,-1.78384,12.8838,1.94165,8.33,17.92,-146.02,18.1139,-50.4697,-19.714,1014.82
28898,-2.81683,14.902,-0.61693,0.91,14.49,-132.86,18.5788,-48.8352,-19.9652,1014.83
28904,-2.53945,15.3467,-0.703013,-3.08,11.62,-118.58,19.2471,-50.1921,-18.6649,1014.83
28910,-2.00861,14.5002,-1.76949,-19.46,8.68,-108.99,19.0147,-50.7473,-19.6993,1014.83
28916,-0.722142,11.8795,-0.306074,-22.26,7.28,-103.25,19.5086,-48.0642,-19.1082,1014.83
28922,0.0526064,11.0952,0.0813008,-25.13,8.96,-99.75,20.206,-49.4212,-18.4728,1014.81
28928,1.08082,10.1291,0.382592,-21.7,19.11,-98.21,21.0196,-49.7604,-18.133,1014.81
28934,-3.16595,11.6691,1.88905,-17.85,32.34,-80.99,21.7751,-47.9717,-19.256,1014.81
28940,-6.72405,9.71784,5.91583,-1.19,0.28,-61.88,21.8622,-48.1876,-18.3546,1014.81
28946,-3.50072,9.11525,3.37159,7,-18.27,-56.21,21.3392,-49.3903,-19.4333,1014.81
28952,-0.0191296,9.4022,1.5208,5.46,-17.15,-49.28,21.6588,-48.6502,-19.4185,1014.83
28958,0.779531,9.70827,-1.19082,13.09,4.9,-40.81,22.7049,-47.324,-20.3347,1014.83
28964,-1.49211,11.846,-1.90818,8.05,13.72,-30.94,22.2981,-48.2492,-19.1673,1014.83
28970,-2.81683,11.6356,-0.899091,0.42,4.41,-21.63,22.5886,-48.4343,-18.1625,1014.83
28976,-1.3582,10.7604,-0.425634,-7.07,-0.35,-15.4,22.7339,-47.6016,-19.6697,1014.83
28982,-0.129125,9.77523,0.411286,-7.07,4.34,-12.04,22.7339,-48.1876,-19.7731,1014.83
28988,-0.253467,9.58393,0.593018,-5.6,5.46,-9.59,23.4022,-49.1436,-19.0491,1014.83
28994,-0.918221,9.95218,0.985174,-5.18,5.18,-5.95,22.9083,-47.7558,-19.8766,1014.83
29000,-0.808226,9.72262,1.39168,-2.24,2.03,-2.66,23.0536,-46.6456,-19.8323,1014.83
29006,-0.353898,9.96652,1.24821,1.33,0.42,0,22.8792,-48.5268,-18.7831,1014.79
29012,0.0334768,9.88522,1.0043,2.66,-0.77,0.14,22.792,-48.2801,-19.5958,1014.79
29018,0.186514,10.2487,0.483022,1.54,1.68,1.4,23.1698,-47.7866,-19.3151,1014.8
29024,0.0382592,10.2726,0.25825,-0.42,1.89,1.4,22.4724,-49.5753,-18.724,1014.8
29030,0.0286944,10.4591,0.224773,0.07,0.42,3.22,23.1117,-47.8483,-19.0048,1014.83
29036,-0.0621712,10.0335,0.83692,0.42,-0.98,3.78,22.9664,-47.3549,-19.6106,1014.83
29042,0.23912,9.99522,0.659971,0.07,-0.63,4.06,23.1407,-48.681,-19.0343,1014.83
29048,0.186514,9.92348,1.24342,0.84,-3.36,4.13,23.4894,-49.2669,-18.8718,1014.85
29054,0.310856,9.90435,0.85605,0.84,-2.94,3.92,23.0826,-48.6193,-19.5072,1014.85
29060,0.425634,9.99522,0.808226,1.75,-3.08,2.94,22.7049,-48.2184,-19.5072,1014.87
29066,0.549976,10.2487,0.363462,0.84,-2.8,2.94,23.5475,-50.0379,-18.9604,1014.87
29072,0.215208,10.0574,0.722142,1.05,-5.6,1.96,22.269,-48.5576,-18.1921,1014.85
29078,0.153037,9.69871,1.44907,4.13,-6.3,2.38,22.4434,-48.0334,-19.8027,1014.85
29084,0.49737,10.2917,0.516499,1.96,-5.46,1.89,23.3441,-48.7735,-19.1821,1014.83
29090,0.416069,9.96174,0.712578,2.94,-5.6,1.82,23.3151,-48.9277,-19.1821,1014.83
29096,0.483022,9.85653,0.621712,2.94,-6.51,1.33,22.792,-47.8792,-19.9948,1014.83
29102,0.349115,9.97609,0.463893,1.89,-7.77,1.4,22.8211,-48.8969,-19.98,1014.83
29108,0.392157,9.90435,0.368245,1.54,-7.07,1.75,22.8211,-49.9146,-20.1869,1014.83
29114,0.13869,9.79436,0.626494,0.84,-6.93,1.82,22.6468,-48.681,-20.7779,1014.83
29120,0.234338,9.77044,0.640842,0.77,-6.72,2.31,23.1407,-48.5885,-19.0048,1014.83
29126,0.282162,9.78957,0.607365,0.98,-6.23,4.06,23.9253,-49.8529,-20.0096,1014.87
29132,0.363462,9.80392,0.516499,0.28,-6.23,3.5,23.0826,-47.8175,-19.1525,1014.87
29138,0.153037,10.1961,0.554758,-0.35,-7.56,2.1,23.0245,-47.3549,-20.6745,1014.83
29144,0.425634,10.1291,0.310856,-2.38,-7.14,3.99,23.257,-49.7912,-18.857,1014.83
29150,0.416069,9.70349,0.631277,-1.82,-7.28,3.57,23.4313,-49.8529,-20.4085,1014.82
29156,0.516499,9.85174,0.530846,-2.24,-7.7,3.29,23.286,-47.7866,-19.9652,1014.82
29162,0.363462,9.71784,0.832138,-2.24,-12.25,1.75,22.6758,-49.0511,-19.1821,1014.82
29168,1.26255,10.0765,-0.21999,-4.13,-8.54,1.19,23.5766,-49.0819,-19.256,1014.83
29174,0.679101,9.78957,0.511717,-4.34,-6.86,0.84,23.3732,-47.725,-20.9553,1014.83
29180,0.487805,9.94261,0.502152,-6.02,-6.93,0.63,23.3151,-48.4034,-19.7879,1014.84
29186,0.612147,9.93304,0.492587,-6.51,-7,-0.98,22.8792,-49.3286,-20.379,1014.84
29192,0.85605,9.85653,0.45911,-7.14,-6.44,-2.52,22.7049,-48.3726,-19.6549,1014.83
29198,0.894309,9.70827,0.573888,-8.05,-7.63,-4.48,22.763,-47.5399,-20.7336,1014.83
29204,0.927786,9.8374,0.49737,-8.12,-6.3,-5.32,23.0536,-48.6502,-21.5611,1014.84
29210,0.540411,9.61741,0.784314,-7.56,-6.16,-6.65,22.5305,-49.5137,-20.4529,1014.84
29216,0.439981,9.85653,0.789096,-8.61,-7.56,-7.35,23.4894,-47.4782,-20.6597,1014.84
29222,0.841702,9.89479,0.57867,-9.1,-7.98,-9.03,23.6928,-49.6987,-21.2656,1014.83
29228,0.726925,9.66523,0.573888,-7.49,-8.4,-10.78,23.1407,-49.0202,-19.9209,1014.83
29234,0.875179,9.9713,0.884744,-10.01,-7.42,-12.25,22.763,-46.9231,-20.7632,1014.82
29240,0.516499,9.95218,0.353898,-10.29,-6.58,-11.62,23.2279,-47.7558,-22.1965,1014.82
29246,0.200861,9.44046,0.980392,-9.24,-7.21,-11.41,22.8211,-49.1436,-20.8075,1014.83
29252,0.664754,9.78479,0.554758,-9.1,-7.14,-11.97,23.286,-48.0025,-20.3051,1014.83
29258,0.521282,9.95696,0.693448,-9.73,-8.4,-13.72,23.1698,-47.324,-21.3542,1014.85
29264,0.822573,10.1196,0.526064,-9.8,-8.26,-15.54,22.8211,-48.095,-21.3247,1014.85
29270,0.846485,10.0956,0.396939,-11.62,-6.23,-17.15,23.7509,-48.0334,-21.0144,1014.85
29276,0.693448,10.0717,0.583453,-11.76,-6.86,-18.97,23.2279,-47.3857,-21.7975,1014.85
29282,0.13869,9.82305,1.18125,-11.27,-6.79,-20.65,23.4022,-47.9717,-21.2803,1014.85
29288,0.396939,9.95696,0.793878,-11.34,-7.91,-20.51,24.6807,-48.3726,-20.9257,1014.78
29294,0.205643,9.83261,0.970827,-11.27,-8.4,-21,23.6637,-46.8306,-20.9257,1014.78
29300,0.105213,9.60784,1.45863,-11.2,-15.05,-24.43,23.3441,-46.8306,-21.5315,1014.81
29306,1.33429,9.88044,0.373027,-9.03,-7.7,-24.22,23.78,-48.8969,-20.3051,1014.81
29312,0.645624,10.1674,0.640842,-10.15,-3.5,-24.22,23.9543,-47.4474,-21.0735,1014.87
29318,-0.10043,10.0526,1.29603,-11.2,-8.4,-24.15,23.0826,-46.7381,-22.3738,1014.87
29324,0.49737,9.82783,0.999522,-8.89,-6.58,-26.39,23.9834,-47.91,-20.5267,1014.85
29330,0.559541,10.5069,0.655189,-9.52,-2.87,-28.14,24.2449,-47.5708,-19.9652,1014.85
29336,0.516499,10.5978,0.473458,-13.16,-1.75,-30.38,24.3611,-46.4605,-21.6793,1014.85
29342,0.248685,10.2439,0.463893,-14.28,-1.96,-32.27,24.5936,-46.4605,-21.2508,1014.84
29348,0.368245,10.5835,0.095648,-16.87,-1.82,-33.53,25.2909,-47.4782,-21.5463,1014.84
29354,0.765184,10.4352,-0.0286944,-19.67,-2.03,-36.12,24.5645,-46.2755,-21.8418,1014.83
29360,0.674318,10.856,-0.430416,-24.43,0.7,-38.08,24.9132,-46.6147,-22.2704,1014.83
29366,-0.382592,11.3199,0.0334768,-29.33,-3.01,-40.81,25.0004,-47.4782,-20.7484,1014.83
29372,0.267814,11.9512,-1.1143,-36.75,-3.01,-41.16,25.4362,-46.183,-21.6202,1014.83
29378,0.5978,12.4151,-0.85605,-47.88,-4.62,-45.29,25.2619,-45.1344,-23.0535,1014.82
29384,0.832138,12.7881,-0.0334768,-53.97,-6.16,-49.42,26.5985,-46.2755,-22.5216,1014.82
29390,1.20038,11.913,-0.664754,-59.01,-4.83,-54.32,26.1917,-45.9054,-22.6693,1014.82
29396,0.21999,11.8699,1.64515,-59.01,-12.46,-57.61,26.1626,-44.3634,-23.9401,1014.82
29402,2.94118,14.2611,2.17599,-65.94,-13.79,-66.5,27.354,-44.826,-22.8319,1014.82
29408,3.39072,11.2912,5.7054,-52.85,-6.51,-81.76,27.5283,-45.2269,-22.6989,1014.85
29414,2.13295,10.7652,3.04639,-43.4,0.98,-89.11,27.0053,-43.1607,-23.3343,1014.85
29420,3.38116,12.8647,7.21664,-28.42,3.92,-98.91,26.889,-43.1607,-23.748,1014.86
29426,2.91726,11.8843,6.43233,-4.34,2.66,-118.09,27.5283,-44.7027,-23.3934,1014.86
29432,2.33381,12.922,0.81779,-6.86,11.62,-126.14,29.1845,-42.5439,-24.3686,1014.84
29438,0.559541,12.1664,2.6351,-0.91,6.37,-133.91,29.5913,-41.4337,-23.4525,1014.84
29444,1.65949,14.5433,2.10426,1.4,4.69,-146.79,30.2596,-42.914,-22.6545,1014.84
29450,0.851267,14.8541,1.47776,-2.1,-0.35,-156.87,31.2185,-42.6981,-22.8319,1014.84
29456,1.92252,14.0268,2.26208,2.45,4.41,-165.27,31.5091,-39.9225,-23.0978,1014.84
29462,1.47298,15.1889,1.56863,-0.35,2.03,-178.92,31.6834,-40.8785,-23.482,1014.82
29468,0.813008,15.7006,-0.153037,1.68,-0.56,-189.42,33.1072,-40.7243,-22.9796,1014.82
29474,1.02343,16.6236,-0.396939,-6.44,-3.57,-198.59,33.4268,-39.3366,-23.1422,1014.84
29480,2.40076,17.1927,0.0095648,-13.65,0.07,-211.4,34.0661,-38.3805,-23.349,1014.84
29486,2.32903,17.9101,0.875179,-18.27,1.19,-226.24,34.7053,-38.5656,-22.5807,1014.87
29492,2.60163,16.5758,-0.951698,-20.93,-0.42,-243.67,35.054,-37.4245,-22.8319,1014.87
29498,1.6308,17.0923,-1.83644,-22.4,4.9,-255.78,35.3446,-36.2217,-22.9501,1014.84
29504,2.26686,19.3113,-1.40603,-36.47,-5.25,-273.21,36.7393,-36.5301,-23.2752,1014.84
29510,1.80775,18.8331,-3.62984,-42.63,-0.7,-290.57,37.9597,-35.6358,-22.8171,1014.84
29516,0.71736,21.3917,-2.43424,-48.93,-8.82,-306.25,37.8144,-32.2743,-23.5559,1014.81
29522,3.18986,22.6829,-2.40076,-56.28,-9.31,-330.96,38.8895,-32.4593,-23.1274,1014.81
29528,3.08465,22.3912,-0.798661,-59.85,-15.47,-357.56,41.1559,-30.9481,-23.6002,1014.82
29534,6.99187,20.0909,0.894309,-51.45,-12.11,-381.29,41.1269,-27.3707,-24.3686,1014.82
29540,6.94883,22.8407,0.659971,-54.88,-2.31,-407.33,42.0276,-25.5203,-23.3343,1014.8
29546,3.40985,24.7967,-1.25299,-72.38,6.02,-431.13,43.6257,-24.9652,-23.8662,1014.8
29552,1.51124,21.5973,0.779531,-69.58,-10.92,-450.17,44.6137,-22.0355,-23.3343,1014.79
29558,-2.36251,23.3859,1.25777,-45.43,2.1,-456.61,44.4393,-19.1982,-23.4377,1014.79
29564,-2.44859,28.7757,1.23386,-58.94,-33.53,-463.68,46.2118,-18.1188,-23.7037,1014.79
29570,0.382592,19.4787,-0.396939,-67.34,-14.42,-457.38,46.299,-15.4358,-23.6298,1014.79
29576,-2.28599,17.7188,4.27547,-12.88,-41.02,-464.73,45.8341,-12.0125,-24.014,1014.79
29582,-0.205643,25.3945,-2.7164,-24.29,-55.09,-468.02,46.5605,-10.5631,-23.748,1014.8
29588,1.18604,21.7982,-3.57245,-22.68,-63.49,-465.64,48.1005,-8.43513,-24.0731,1014.8
29594,0.789096,17.2932,-2.77857,-8.47,-70.7,-453.32,45.9793,-5.38199,-24.4573,1014.79
29600,0.0813008,19.8661,-2.13295,-13.09,-91.14,-424.48,46.3571,-2.82229,-25.1813,1014.79
29606,3.53898,15.9206,-3.80679,-30.1,-109.9,-387.31,47.0254,-1.71206,-25.0335,1014.75
29612,3.36681,12.023,-2.4725,-44.66,-118.09,-337.26,45.9503,0.230841,-24.9597,1014.75
29618,10.3682,5.07413,-3.68245,-72.8,-124.81,-287.77,44.788,2.69802,-25.6542,1014.81
29624,21.9656,-2.34338,-5.24629,-83.51,-62.09,-241.43,45.1076,2.97558,-27.7229,1014.81
29630,-5.34194,-3.64419,0.602582,3.15,96.67,-126.35,45.1076,4.88764,-26.0974,1014.81
29636,-13.7637,14.5146,4.09852,-32.83,-20.86,-14.49,43.9744,6.15207,-25.9497,1014.79
29642,13.7446,1.27212,-2.2812,9.66,28,51.94,44.6718,5.68948,-26.8363,1014.79
29648,9.20612,4.28025,-2.98422,18.83,84,98.49,46.2699,4.79512,-26.3043,1014.81
29654,7.84792,6.97752,-2.27642,0.77,72.31,129.08,44.4684,4.20917,-25.728,1014.81
29660,8.83788,4.54806,-2.73075,12.74,101.36,150.57,45.2239,3.68489,-24.7823,1014.81
29666,6.51841,5.25586,-2.02296,19.18,102.41,156.45,47.3741,2.88306,-24.9006,1014.81
29672,6.35103,3.65375,-2.24295,27.44,98.42,152.95,46.5895,1.89619,-23.7332,1014.79
29678,5.88235,2.31468,-2.50598,41.93,97.09,153.44,45.8631,0.940155,-24.7085,1014.79
29684,4.7824,1.58297,-2.88857,50.82,89.32,157.5,47.1416,-0.570992,-22.2408,1014.79
29690,4.60545,1.58297,-3.04639,58.17,82.46,159.25,48.7107,-1.83542,-22.9648,1014.81
29696,3.29029,3.04639,-3.00335,60.27,71.82,163.31,46.9092,-1.5887,-22.3442,1014.81
29702,2.45337,4.1033,-3.02726,58.66,59.64,173.6,48.1295,-2.94565,-22.4625,1014.79
29708,1.24342,5.24151,-2.88857,50.75,45.22,185.85,49.1756,-5.19695,-20.6745,1014.79
29714,0.942133,5.47107,-2.84075,40.95,32.2,202.58,47.4903,-4.64184,-22.6545,1014.77
29720,0.750837,5.14108,-2.34338,33.18,18.06,219.31,47.0544,-6.12215,-21.7532,1014.77
29726,0.73649,4.84457,-2.1473,29.12,4.55,234.78,48.2167,-8.34261,-21.2656,1014.76
29732,0.750837,4.25634,-1.50167,29.4,-9.17,250.53,47.2869,-9.85376,-21.1917,1014.76
29738,0.793878,3.73027,-1.07126,34.72,-21.91,264.6,46.3861,-9.63788,-21.9601,1014.76
29744,1.10952,3.2329,-0.707795,41.93,-33.81,276.29,47.9843,-12.7835,-22.3147,1014.76
29750,1.57341,3.00813,-0.545194,52.15,-43.96,287.21,47.8099,-13.4928,-22.5068,1014.76
29756,2.2812,3.22334,-0.243902,62.3,-51.87,296.94,45.805,-14.6031,-22.1669,1014.79
29762,2.89335,3.5868,0.0334768,72.31,-56.56,303.45,45.6307,-16.2993,-22.4625,1014.79
29768,3.78288,4.52893,0.530846,79.8,-58.03,307.93,46.3571,-19.1057,-22.3295,1014.78
29774,4.36633,5.42802,0.73649,87.08,-56.28,312.41,44.8461,-18.7356,-23.3195,1014.78
29780,5.03108,6.54232,1.14299,90.3,-50.82,314.72,44.4393,-21.357,-23.4081,1014.79
29786,5.5428,7.52272,1.54472,90.51,-42.28,316.75,44.6718,-24.1326,-23.1274,1014.79
29792,5.81062,8.93831,1.84601,90.09,-33.11,318.22,43.3352,-24.7802,-22.9353,1014.74
29798,5.75323,10.3969,2.1999,87.36,-22.75,318.92,41.3012,-26.2913,-23.349,1014.74
29804,5.47585,11.2434,2.31946,83.79,-14.07,320.04,41.8823,-29.3753,-22.9501,1014.74
29810,4.83022,12.1377,2.53945,79.94,-5.46,322.21,40.8654,-29.7454,-22.4033,1014.77
29816,4.11765,12.8073,2.5825,76.23,1.19,324.94,39.3544,-29.5604,-23.3638,1014.77
29822,3.15638,13.6011,2.68771,73.85,3.99,327.74,39.2963,-32.8602,-22.359,1014.77
29828,1.96557,13.7685,4.05069,70.91,11.9,328.3,37.9016,-34.5564,-21.8271,1014.77
29834,1.52559,15.3419,2.80727,67.9,7.21,336,36.2453,-35.0807,-23.024,1014.78
29840,1.20995,15.2032,3.11334,68.39,0.49,336.35,35.4027,-36.3759,-21.0735,1014.78
29846,0.612147,15.8489,2.71162,64.19,-4.34,338.17,35.3736,-39.2132,-20.3347,1014.79
29852,0.492587,16.5567,2.79292,63.63,-6.23,335.16,33.1072,-39.4907,-21.8271,1014.79
29858,-0.0908656,17.8431,2.86466,59.71,-11.62,332.71,31.5091,-39.9534,-22.093,1014.79
29864,-0.114778,18.2592,2.69249,57.47,-14.63,339.22,31.2185,-42.3897,-20.7927,1014.78
29870,-0.272597,18.7661,2.83118,56.49,-17.22,345.31,29.8819,-43.8083,-20.5563,1014.78
29876,-0.253467,19.2587,2.96509,53.9,-20.58,347.62,27.7898,-43.0682,-21.1769,1014.76
29882,-0.353898,19.8996,2.85988,54.11,-20.37,354.9,26.2789,-46.1213,-21.5315,1014.76
29888,-0.416069,20.3109,2.91726,52.78,-21.84,366.24,25.4362,-47.5091,-20.6302,1014.8
29894,-0.521282,21.5017,2.76901,52.64,-24.78,372.61,23.3732,-46.4297,-21.236,1014.8
29900,-0.57867,21.9464,2.74032,53.06,-25.9,380.31,21.4845,-47.91,-20.6006,1014.8
29906,0.813008,22.4821,2.44859,56.21,-24.92,386.82,19.6249,-49.7295,-21.0735,1014.8
29912,-0.932568,23.9598,3.74462,54.04,-26.95,392.21,17.5618,-48.8044,-21.3099,1014.78
29918,0.191296,24.6294,3.0703,54.32,-12.11,394.31,15.8765,-50.1613,-20.9405,1014.78
29924,-0.83692,25.0263,3.58202,56.35,-6.51,397.32,14.3365,-52.3818,-18.9161,1014.78
29930,-0.961262,25.2845,3.51506,56,3.57,395.43,12.4769,-52.1967,-19.3151,1014.78
29936,-2.4725,25.2845,4.72501,61.11,15.47,389.48,10.4139,-51.0248,-19.6845,1014.78
29942,-4.44763,26.198,5.09804,63.49,28.42,384.02,8.52517,-52.8135,-19.4628,1014.78
29948,-7.45576,27.5466,5.42324,65.45,41.09,373.59,5.99723,-52.8135,-19.6845,1014.78
29954,-10.2248,29.2492,4.93544,56.84,48.65,356.16,5.09647,-52.2276,-19.0787,1014.81
29960,-13.8211,31.9273,-0.526064,32.83,54.67,332.92,2.59759,-52.4743,-19.1082,1014.81
29966,-17.8288,33.2138,-5.90148,-9.1,55.72,304.01,1.49343,-54.6639,-18.6945,1014.8
29972,-26.3606,26.6954,-6.22669,-42.07,44.1,268.1,-0.511488,-52.3201,-19.4333,1014.8
29978,-31.999,18.0583,-4.19416,-35.21,26.32,228.13,-1.35414,-51.8575,-19.9652,1014.8
29984,-41.6595,4.8637,-0.492587,15.54,-9.94,184.17,-2.74886,-53.7387,-18.6945,1014.79
29990,-45.4615,-2.34816,1.93209,84.49,-32.13,149.59,-2.80697,-52.5668,-19.5072,1014.79
29996,-46.7623,-0.454328,4.00287,128.17,-52.71,107.94,-3.67868,-51.9192,-18.591,1014.79
30002,-43.2042,3.92635,7.21186,157.99,-50.96,51.52,-4.75378,-52.5668,-17.0986,1014.79
30008,-36.5088,11.5734,10.6934,172.69,-38.22,-2.24,-4.34698,-53.2761,-15.7687,1014.83
30014,-30.0813,19.0483,9.00048,152.6,-15.96,-59.5,-3.56245,-52.7518,-16.3894,1014.83
30020,-21.8651,24.8159,5.12673,94.15,12.39,-116.83,-3.53339,-53.492,-15.4289,1014.84
30026,-18.6083,24.4715,3.5055,43.26,36.47,-153.09,-3.1266,-55.034,-16.345,1014.84
30032,-18.4457,20.043,3.55811,-1.68,54.95,-165.76,-1.47036,-55.0648,-15.6653,1014.84
30038,7.03969,56.088,43.2329,143.64,-150.08,-274.68,-0.714884,-53.8621,-15.9608,1014.87
30044,4.33285,21.363,-23.4433,-272.02,72.73,-236.25,0.5055,-54.8798,-15.2959,1014.87
30050,8.77092,-27.7331,8.6131,45.08,20.93,-205.94,0.825123,-54.7256,-16.2416,1014.82
30056,22.8025,16.6332,-12.6208,-70.98,97.72,-230.3,2.33608,-52.721,-16.8326,1014.82
30062,18.3405,9.36394,-4.13678,-96.6,123.41,-266.91,4.25382,-54.4789,-16.8326,1014.79
30068,16.5901,2.08991,4.1033,-117.53,162.54,-294.42,5.61949,-54.3863,-16.8622,1014.79
30074,10.0335,-0.248685,8.28312,-85.89,230.65,-294.98,7.62441,-52.7518,-17.2907,1014.84
30080,1.5495,-2.98422,12.616,-24.43,237.51,-295.96,9.3097,-53.2453,-17.4089,1014.84
30086,-8.03921,5.01674,12.8168,6.09,196.91,-296.38,11.3146,-53.7079,-17.4385,1014.84
30092,-11.1813,9.3735,12.1521,24.99,158.48,-292.95,13.058,-52.5976,-17.7488,1014.84
30098,-15.1076,14.9593,9.01004,17.22,131.6,-275.94,14.5399,-51.7958,-16.6405,1014.84
30104,-17.8862,16.1406,12.023,9.94,71.89,-262.5,15.7894,-52.906,-15.5175,1014.81
30110,-15.1985,20.2104,8.03921,-9.59,-2.1,-243.53,18.5498,-51.95,-15.2959,1014.81
30116,-10.3874,18.6848,5.79627,-17.5,-45.85,-212.45,19.1309,-50.5005,-16.3746,1014.82
30122,-2.76423,11.0426,4.12243,3.36,-65.52,-199.78,20.2932,-51.3024,-16.5371,1014.82
30128,1.79818,11.9656,-0.349115,11.76,-35.35,-192.36,20.1479,-51.4874,-16.4337,1014.82
30134,2.64467,14.4381,-5.13152,0.77,-6.3,-194.67,21.8041,-49.4828,-17.0986,1014.82
30140,1.55428,14.7441,-7.04448,-3.43,56.91,-191.1,22.5015,-49.1436,-16.877,1014.81
30146,-16.3558,22.8838,-6.89144,-29.68,99.26,-95.2,24.0415,-50.7473,-15.8426,1014.81
30152,-18.0679,14.6772,0.961262,2.17,-11.55,-69.58,23.4894,-49.5445,-16.1825,1014.81
30158,-4.09852,12.9412,0.822573,-68.39,-55.44,-44.59,23.9543,-48.496,-17.0691,1014.83
30164,1.52559,7.58489,4.07939,-27.44,-18.76,-45.01,23.0536,-49.2361,-15.9017,1014.83
30170,0.640842,7.69966,1.90818,-12.95,31.01,-43.4,23.6637,-49.2053,-16.8326,1014.84
30176,-4.16069,10.1913,2.66858,-5.67,16.87,-28.91,24.4483,-47.91,-17.8818,1014.84
30182,-1.83644,8.48398,3.56289,-2.17,-9.94,-22.61,24.0415,-49.2361,-16.3302,1014.82
30188,0.894309,11.3534,-1.94644,0.84,3.36,-19.95,24.3321,-49.3286,-15.5175,1014.82
30194,-0.468675,11.4921,-0.124342,-8.33,-1.54,-16.24,23.8962,-48.5885,-16.2268,1014.83
30200,1.57819,10.0765,-0.93735,-11.13,4.2,-24.36,24.3611,-47.8483,-17.3794,1014.83
30206,0.224773,9.74175,0.248685,-7,6.51,-21.91,25.0585,-49.8221,-16.6997,1014.83
30212,-1.26734,9.72262,1.44907,0.07,-4.34,-18.9,24.7098,-48.1876,-15.4289,1014.81
30218,0.196078,10.4591,0.334768,-9.8,-7.56,-17.64,24.4483,-47.7866,-16.8326,1014.81
30224,-0.37781,9.90435,0.875179,-4.55,-5.39,-17.71,25.4072,-49.5445,-16.4632,1014.84
30230,-0.282162,9.68914,0.860832,-2.24,-5.95,-14.14,25.4653,-48.4651,-15.3846,1014.84
30236,-0.0621712,9.78957,1.56863,-2.03,-6.72,-14,24.7679,-47.2315,-18.1182,1014.84
30242,0.157819,10.1483,1.14299,-2.24,-9.03,-15.05,24.9132,-48.2801,-16.744,1014.84
30248,-0.105213,9.81349,0.970827,2.24,-8.75,-16.24,25.2619,-48.7118,-16.6849,1014.82
30254,0.0382592,10.483,0.234338,0.63,-10.29,-16.52,24.9132,-47.0773,-16.7292,1014.82
30260,0.545194,10.66,-0.487805,-1.75,-11.41,-16.66,25.5234,-47.5708,-17.3941,1014.83
30266,0.334768,10.2391,0.172166,-5.11,-13.44,-16.8,25.32,-48.8969,-16.4337,1014.83
30272,0.401722,10.1435,0.23912,-6.09,-10.29,-18.55,25.6977,-46.954,-16.744,1014.83
30278,0.267814,10.2104,0.502152,-7.98,-7.98,-18.9,25.5234,-46.9848,-17.867,1014.84
30284,0.468675,9.74175,0.942133,-5.74,-4.06,-19.18,25.1166,-48.0642,-16.1973,1014.84
30290,-0.13869,9.90435,1.07126,-6.44,-8.75,-19.32,25.5234,-47.5399,-16.9065,1014.85
30296,0.229555,9.81349,0.722142,-6.23,-8.19,-19.32,24.826,-46.4914,-16.2564,1014.85
30302,0.363462,9.68436,0.549976,-5.67,-4.06,-20.44,25.5234,-47.9717,-16.8031,1014.82
30308,-0.439981,10.1387,0.191296,-7.21,-9.66,-20.02,26.4532,-49.0511,-15.5028,1014.82
30314,-0.215208,10.0287,-0.191296,-9.38,-9.87,-18.48,25.9883,-46.7073,-16.2711,1014.83
30320,-0.133907,10.2917,-0.741272,-15.68,-5.11,-16.59,26.366,-46.7998,-18.1034,1014.83
30326,-0.23912,9.9713,-0.296509,-19.39,-2.59,-15.12,26.5694,-47.8792,-16.1382,1014.83
30332,-0.368245,10.1291,-0.248685,-23.38,-1.19,-14.35,26.337,-47.0773,-16.8326,1014.83
30338,-0.114778,10.0526,-0.506934,-27.23,2.45,-14.49,26.5694,-45.4737,-18.0148,1014.83
30344,-0.769966,10.0478,0.406504,-32.13,-2.52,-15.68,26.366,-47.2932,-17.2021,1014.83
30350,-0.320421,9.74175,0.463893,-31.57,-5.67,-9.45,26.4241,-47.0157,-17.5715,1014.83
30356,0.832138,9.47872,0.401722,-34.3,3.22,-14.42,26.4532,-45.6279,-18.9604,1014.8
30362,-0.822573,10.0143,1.16212,-31.64,0.14,-17.99,27.2958,-46.368,-17.6601,1014.8
30368,-0.253467,10.2152,0.640842,-35.84,-3.22,-18.41,26.8019,-47.6633,-18.2068,1014.81
30374,0.325203,9.74175,0.483022,-34.93,-3.29,-17.36,27.1215,-46.4605,-19.0343,1014.81
30380,-0.425634,10.0909,1.05213,-33.04,-4.48,-19.18,27.2668,-45.7204,-19.0934,1014.81
30386,-0.344333,10.5882,0.573888,-35.7,-11.34,-19.95,27.7607,-46.368,-19.6697,1014.82
30392,0,10.5643,0.502152,-36.26,-10.92,-23.38,27.1215,-45.9671,-19.4628,1014.82
30398,-0.71736,9.88044,1.18125,-35.14,-12.88,-21.49,27.2958,-44.5793,-18.857,1014.81
30404,0.162602,10.5787,0.621712,-36.33,-14.63,-25.62,27.2087,-46.4914,-19.9209,1014.81
30410,-0.396939,10.6313,0.363462,-38.43,-19.11,-27.37,27.4411,-46.5839,-18.6797,1014.81
30416,-0.473458,10.0813,0.473458,-40.81,-18.9,-27.44,27.4411,-44.7643,-20.3051,1014.81
30422,-0.85605,9.87566,2.08513,-36.4,-21.07,-26.74,27.1506,-45.3811,-20.246,1014.81
30428,0.0669536,9.57436,0.387374,-35.21,-17.78,-31.92,27.7317,-46.0905,-19.7731,1014.81
30434,-0.626494,9.3209,1.79818,-34.02,-23.17,-31.85,27.6736,-43.7466,-19.5219,1014.81
30440,-0.502152,8.53658,2.05643,-26.39,-21.28,-31.36,27.9641,-44.0242,-20.7484,1014.81
30446,0.23912,11.0043,1.65949,-29.47,-18.41,-35.77,28.3709,-45.3811,-20.2312,1014.81
30452,0.588235,11.186,3.01291,-22.12,-16.73,-42.49,28.1385,-43.9008,-20.4233,1014.83
30458,1.79818,11.8747,3.6681,-23.87,-17.01,-48.65,28.6615,-42.7598,-21.2656,1014.83
30464,1.5495,10.1243,3.40985,-18.55,-8.61,-54.39,29.1264,-44.4251,-21.6793,1014.85
30470,0.071736,9.93783,3.71592,-14.63,-6.51,-57.26,29.0392,-44.2401,-21.635,1014.85
30476,-0.0573888,10.8321,4.50024,-8.47,-6.02,-64.05,29.3589,-42.4822,-22.5216,1014.85
30482,1.36777,10.4161,2.70684,-4.41,-2.38,-70.56,29.7366,-42.3897,-21.1621,1014.85
30488,0.884744,11.1621,2.63988,-2.73,4.55,-74.55,31.0442,-43.7466,-23.1422,1014.82
30494,0.798661,11.6404,2.33381,-1.26,-1.68,-80.22,30.3468,-42.0196,-21.7236,1014.82
30500,1.50646,11.2769,1.84122,3.78,0.56,-86.38,31.2476,-41.4953,-20.9553,1014.82
30506,0.918221,10.8369,2.49641,7.14,5.81,-94.5,30.5793,-43.4691,-22.0487,1014.84
30512,0.363462,12.8025,1.74558,9.73,4.27,-101.78,31.7125,-41.6187,-21.103,1014.84
30518,0.57867,12.4964,1.44907,10.08,2.87,-108.36,31.0732,-41.0019,-20.97,1014.83
30524,0.97561,12.6925,2.40076,8.96,3.5,-116.2,32.003,-41.7421,-20.6006,1014.83
30530,0.683883,12.3577,3.44333,14,5.95,-124.18,33.3978,-41.0944,-21.1474,1014.85
30536,0.989957,13.1994,2.42946,13.79,10.29,-134.82,32.497,-39.7992,-21.3838,1014.85
30542,0.803443,12.9029,3.00335,17.15,11.27,-144.9,33.3978,-41.2178,-20.837,1014.85
30548,0.607365,13.5868,3.24725,22.68,14.35,-153.23,33.6302,-41.4028,-22.6545,1014.85
30554,1.37255,13.8164,2.79292,24.92,14.07,-164.99,34.2114,-38.288,-20.6302,1014.85
30560,1.13343,14.2707,1.98948,28.77,14.42,-176.68,34.3276,-38.6889,-20.0243,1014.8
30566,0.746054,14.572,0.688666,28.35,14.98,-188.79,37.0299,-39.2132,-19.5072,1014.8
30572,1.14778,15.9541,1.55428,28.7,15.68,-202.37,36.8265,-37.2086,-19.4924,1014.83
30578,1.78384,16.7432,1.37255,31.43,12.88,-217.84,37.3204,-35.6666,-20.2017,1014.83
30584,2.2812,18.9096,0.023912,32.48,16.66,-237.72,39.2672,-37.4862,-20.1573,1014.85
30590,2.42946,20.0143,-0.989957,27.93,10.43,-261.73,38.8023,-35.3582,-18.0148,1014.85
30596,2.44859,22.4725,-2.73075,21.28,6.86,-303.59,39.645,-33.292,-20.0243,1014.8
30602,2.41511,23.6107,-4.33285,3.36,-3.5,-315,41.0687,-33.1378,-18.6354,1014.8
30608,2.55858,24.3089,-4.49546,-7.07,-4.2,-337.89,42.6669,-32.521,-18.724,1014.83
30614,4.66762,23.2759,-0.37781,-12.46,-6.51,-367.36,41.8823,-29.6529,-19.9209,1014.83
30620,6.62841,24.9976,2.60641,-10.57,-1.47,-394.73,43.6839,-27.5249,-18.5319,1014.83
30626,8.79962,24.3185,3.45768,-12.74,8.26,-427.91,45.6888,-26.7848,-17.6453,1014.84
30632,5.48063,24.3615,2.78814,-5.18,23.94,-457.1,46.4443,-24.2559,-17.4089,1014.84
30638,2.93161,25.2845,1.22429,-4.41,14,-488.25,46.3861,-20.9561,-18.8718,1014.81
30644,3.04639,26.2171,-0.966045,-9.31,13.3,-511.35,47.2869,-20.1851,-17.5862,1014.81
30650,3.62984,24.5002,-0.0047824,-9.17,17.15,-519.47,49.0013,-17.1319,-17.3055,1014.83
30656,-2.59684,24.725,5.19847,30.8,1.61,-527.8,47.7809,-13.6162,-17.601,1014.83
30662,0.923003,25.8537,-0.133907,36.89,-21.49,-528.36,49.4371,-12.1976,-17.8965,1014.79
30668,-0.593018,30.0813,1.76949,30.24,-27.79,-522.62,50.1926,-9.7304,-17.3203,1014.79
30674,2.00383,33.8116,0.81779,14.56,-43.82,-522.9,48.9431,-6.12215,-17.2464,1014.79
30680,3.76375,32.1951,-1.26734,-3.78,-51.87,-512.68,49.5824,-3.87085,-19.0787,1014.81
30686,5.63367,24.6246,-3.08465,-11.48,-57.89,-486.78,50.0764,-0.663512,-17.3794,1014.81
30692,4.26112,18.417,-6.70971,-17.64,-65.73,-443.38,49.0013,1.15603,-18.0591,1014.78
30698,7.55619,13.6729,-8.7231,-51.1,-107.94,-386.82,47.7809,3.77741,-19.6549,1014.78
30704,12.3577,5.56193,-10.5787,-66.99,-120.68,-311.64,49.0013,5.782,-19.2855,1014.79
30710,4.33285,-9.3209,-7.48924,-38.99,-63.21,-261.8,48.5363,7.23146,-20.6302,1014.79
30716,-17.9627,7.9627,-8.34529,-28.35,-40.39,-91.98,46.9382,8.34169,-21.2803,1014.78
30722,-5.7054,8.62745,3.79723,-42.63,-193.76,17.01,47.0835,9.29773,-19.9948,1014.78
30728,15.0933,-1.42516,-3.38116,28.35,-99.61,90.37,47.316,8.43421,-20.3494,1014.81
30734,8.03921,5.96365,-1.21951,49.35,-104.16,158.34,46.5314,7.81742,-21.7384,1014.81
30740,11.8364,5.84409,-2.38164,55.44,-85.82,188.93,46.5895,6.67635,-22.6693,1014.81
30746,14.3042,5.8154,-2.23338,72.17,-45.22,206.29,48.2748,5.22688,-22.7875,1014.76
30752,12.1569,7.79531,-1.20516,69.51,-42.07,211.05,47.2869,5.59696,-22.8762,1014.76
30758,13.472,6.96317,-2.35772,70.35,-20.93,213.64,46.5024,4.36337,-22.9205,1014.79
30764,11.8651,6.03539,-1.81253,63.35,-4.13,215.32,47.7518,2.63634,-23.7776,1014.79
30770,11.6308,4.79197,-2.10904,55.79,11.48,220.5,47.8971,1.03267,-22.4329,1014.8
30776,10.0717,4.20851,-1.78862,49.98,24.92,227.92,46.4443,0.631758,-23.7628,1014.8
30782,8.7757,4.09852,-1.36298,42.21,32.55,235.76,48.2748,-2.08214,-23.3638,1014.76
30788,7.36011,4.06982,-1.18604,38.29,38.78,243.88,48.856,-3.96336,-22.3147,1014.76
30794,6.05452,4.07939,-1.13821,35.63,40.25,253.26,47.4903,-4.64184,-22.9353,1014.76
30800,4.68197,3.59158,-1.09995,35.42,39.13,264.04,48.0133,-5.72123,-21.7827,1014.76
30806,3.7781,3.92157,-0.989957,38.22,32.13,276.15,49.0594,-8.65101,-22.3295,1014.76
30812,3.07508,3.13725,-0.789096,42.07,25.76,287.91,47.8971,-8.89772,-21.7236,1014.75
30818,2.66858,3.27116,-0.37781,50.96,17.71,299.95,47.0544,-9.97712,-21.6793,1014.75
30824,1.78862,3.84027,0.329986,58.8,4.69,309.75,48.362,-12.5985,-21.9009,1014.76
30830,1.79818,4.25634,0.516499,66.85,-5.67,319.06,48.3911,-13.4312,-22.1669,1014.76
30836,1.64036,5.11239,1.04735,73.85,-15.61,329.84,46.7929,-15.4049,-23.4081,1014.74
30842,1.69297,5.67671,1.08082,76.51,-25.27,339.57,47.2578,-17.9646,-22.1521,1014.74
30848,2.39598,7.08273,1.49689,78.4,-32.13,345.94,46.9382,-19.3216,-21.9305,1014.74
30854,2.7977,7.84792,1.86992,76.3,-36.19,352.38,44.2069,-21.2953,-22.5216,1014.72
30860,3.17073,8.7757,2.31946,73.78,-38.36,358.82,43.8582,-21.542,-21.9305,1014.72
30866,3.29029,9.4835,2.54902,69.65,-39.48,364.56,45.1948,-25.3661,-20.8962,1014.77
30872,3.49115,10.0143,2.91248,66.5,-39.2,370.58,43.1027,-25.9521,-22.4033,1014.77
30878,3.40029,10.6791,2.96987,61.67,-40.04,373.8,41.3303,-26.9698,-21.502,1014.78
30884,3.24247,11.4108,3.09421,58.94,-39.9,377.51,40.9525,-30.4239,-21.7532,1014.78
30890,2.89335,12.2047,3.14204,55.86,-40.74,380.1,40.168,-31.164,-22.625,1014.77
30896,2.51554,12.7307,3.37637,55.02,-41.79,382.2,38.4827,-31.2257,-22.8614,1014.77
30902,2.05643,13.6107,3.54376,54.53,-44.52,383.6,37.8144,-35.204,-22.492,1014.76
30908,2.5538,15.9971,1.86514,58.17,-42.84,375.2,37.117,-36.8694,-21.3542,1014.76
30914,1.85079,15.4806,3.32377,54.04,-49.07,380.38,34.5019,-36.746,-22.4181,1014.76
30920,1.9847,16.2936,3.67767,57.96,-45.01,393.47,33.0491,-39.3674,-22.9057,1014.79
30926,1.45863,17.9197,3.62506,56.07,-44.03,395.22,31.8287,-41.0327,-21.5611,1014.79
30932,0.784314,19.6604,3.3142,54.18,-50.47,393.12,29.6494,-41.7729,-22.093,1014.76
30938,1.88427,20.373,3.12769,56.98,-36.33,398.44,28.7777,-42.7598,-23.024,1014.76
30944,1.09995,20.6217,3.98374,59.01,-38.22,399.84,27.2377,-46.1213,-22.7137,1014.77
30950,1.10952,22.0086,3.60593,63,-33.39,404.32,25.349,-46.0905,-23.1569,1014.77
30956,0.827355,23.2712,3.24725,65.8,-30.17,409.85,22.3852,-45.7512,-23.3195,1014.77
30962,0.535629,24.5241,3.4768,71.54,-24.29,410.9,20.8743,-48.4034,-21.5759,1014.77
30968,0.047824,25.8106,3.60115,70.56,7.7,420.21,19.3633,-48.6502,-21.4281,1014.77
30974,-2.20469,27.7284,3.81157,78.75,-5.81,427.14,16.8935,-48.2184,-22.4181,1014.78
30980,-1.53037,27.6901,3.33333,76.86,4.55,433.65,15.1792,-48.8352,-22.2113,1014.78
30986,-3.60115,28.8427,3.90244,79.8,16.8,439.74,13.4648,-51.2715,-20.9257,1014.79
30992,-5.15543,29.3018,3.96461,79.66,31.15,437.64,10.9369,-51.0865,-19.8914,1014.79
30998,-8.73744,30.5117,3.04639,75.74,39.97,430.85,8.75762,-50.5931,-20.9109,1014.81
31004,-11.0426,32.5729,2.99856,69.16,49.77,415.66,6.83987,-52.2584,-19.123,1014.81
31010,-15.7389,33.2042,2.93639,52.15,50.89,389.27,5.38704,-52.9986,-20.3642,1014.8
31016,-18.1396,32.6016,2.13295,34.65,50.89,357.42,3.81797,-51.8267,-19.7436,1014.8
31022,-20.7747,33.1612,-5.32281,1.68,52.71,316.54,1.46437,-52.4434,-20.113,1014.8
31028,-28.0679,28.5701,-8.55571,-41.23,46.62,273.14,-0.0756367,-52.906,-19.4776,1014.77
31034,-33.3955,20.1483,-6.31755,-47.46,27.93,228.2,-0.395261,-51.2407,-20.3347,1014.77
31040,-40.8752,5.83931,0.148254,-3.64,1.05,184.17,-2.08055,-50.994,-21.6054,1014.78
31046,-44.2085,0.0573888,1.16212,60.48,-21.98,144.27,-2.7198,-51.7958,-19.3742,1014.78
31052,-46.3462,-0.396939,2.01339,114.1,-38.78,107.31,-2.86509,-50.6856,-20.0391,1014.79
31058,-45.0693,3.87853,2.7977,150.15,-39.34,66.15,-4.14358,-52.0425,-19.8323,1014.79
31064,-43.9216,10.6552,6.04017,175,-34.37,18.83,-4.63755,-53.1219,-16.611,1014.83
31070,-40.6839,17.0971,5.7054,163.87,-27.09,-27.44,-4.2017,-52.5051,-17.2464,1014.83
31076,-31.1812,21.8603,5.7054,141.4,-15.4,-74.62,-3.88207,-52.3818,-18.0591,1014.84
31082,36.9297,118.68,103.175,229.32,-126.49,-406.63,-3.7949,-54.3247,-14.7196,1014.84
31088,-36.5041,17.6853,-6.9297,-280.63,172.9,-309.05,-2.10961,-54.0163,-15.2368,1014.84
31094,-9.27307,-42.0325,22.3721,36.89,-50.96,-280.63,-0.162807,-53.2144,-16.7735,1014.82
31100,22.2525,14.5098,-19.6461,-90.37,61.95,-330.82,1.84211,-53.7696,-16.3007,1014.82
31106,6.83883,15.5954,1.1143,-56.21,134.4,-313.32,2.88815,-54.3863,-14.6901,1014.8
31112,20.483,8.02009,3.57724,-133.91,139.23,-328.3,5.53232,-52.536,-16.7144,1014.8
31118,9.31612,0.573888,5.4615,-46.83,230.79,-333.97,7.47912,-52.9677,-18.1773,1014.81
31124,-3.43855,3.94548,18.5892,2.87,166.81,-345.87,9.04819,-53.307,-17.3941,1014.81
31130,-4.52415,5.54758,9.39263,18.2,139.86,-346.99,12.3025,-53.1836,-16.4632,1014.82
31136,-10.7221,9.33046,8.79483,22.96,149.38,-341.46,13.3486,-51.3949,-16.3302,1014.82
31142,-20.7747,15.2224,11.2673,18.2,82.11,-326.48,15.2663,-52.1659,-17.4089,1014.82
31148,-19.7274,24.4285,5.42324,-5.95,9.38,-282.59,16.7192,-51.5183,-15.4584,1014.86
31154,-13.0225,22.8933,3.3142,-8.47,-31.08,-249.62,18.2301,-50.5931,-16.0347,1014.86
31160,-6.64275,14.2276,4.15591,-6.58,-67.06,-230.65,19.4505,-49.2669,-16.1973,1014.84
31166,0.0573888,10.8991,1.12865,20.09,-58.03,-223.58,20.6128,-50.5314,-15.7244,1014.84
31172,1.15256,11.3534,-0.894309,27.02,-32.83,-216.09,21.4554,-49.2978,-15.1629,1014.81
31178,-0.827355,17.9292,-8.23051,20.37,21.56,-218.4,22.7049,-48.7118,-15.9165,1014.81
31184,-18.0775,31.0952,-19.1344,-14.07,126.14,-80.85,23.257,-49.452,-15.1629,1014.83
31190,-17.6662,20.813,-1.3869,-58.66,25.9,-54.46,23.8381,-49.8221,-16.3598,1014.83
31196,-1.17169,10.9756,0.473458,-92.19,-27.79,-54.88,23.6637,-48.095,-16.8179,1014.83
31202,3.51985,3.80201,4.07939,-46.13,39.41,-46.76,24.6807,-48.5576,-16.4041,1014.83
31208,-3.20899,8.75657,3.71114,-23.1,35.07,-54.81,24.4773,-49.1744,-16.1382,1014.83
31214,-6.28407,7.83357,5.06456,-17.85,5.88,-28.14,24.9422,-48.1259,-17.2612,1014.83
31220,-1.94644,9.24438,1.53993,-7.7,9.31,-23.73,24.6226,-48.6193,-16.345,1014.83
31226,-1.12865,10.8704,-0.0191296,-13.51,3.92,-17.15,25.5234,-49.4828,-15.9165,1014.81
31232,-1.3582,10.1387,0.49737,-11.41,1.61,-10.36,25.2038,-48.2492,-15.3402,1014.81
31238,-0.549976,9.45959,0.301291,-10.43,8.89,-9.59,24.8841,-47.5708,-17.0543,1014.81
31244,-1.70732,10.3395,1.36777,-1.82,-2.66,-7.84,24.9132,-48.5885,-16.6258,1014.81
31250,-0.344333,9.13438,2.54424,3.29,-3.78,-7.07,25.8139,-48.6502,-16.9509,1014.8
31256,-0.143472,9.8374,1.34385,6.37,-3.15,-3.5,25.32,-47.7558,-17.3794,1014.8
31262,0.0573888,11.1095,-0.430416,-0.21,-4.83,-6.51,25.4362,-48.0025,-15.7835,1014.8
31268,0.420851,10.7461,-0.210426,-1.61,-4.41,-7.14,25.4362,-49.1744,-16.478,1014.83
31274,0.243902,9.61741,1.41559,2.24,-6.58,-6.72,25.32,-47.8483,-15.5619,1014.83
31280,0.492587,10.0335,0.793878,3.22,-4.9,-8.75,25.4943,-47.2007,-17.0395,1014.83
31286,0.387374,10.1865,0.559541,4.13,-6.58,-10.08,25.2038,-49.5445,-16.4485,1014.83
31292,0.439981,10.5022,0.167384,1.89,-5.6,-10.71,25.4943,-47.3549,-16.3598,1014.82
31298,0.363462,10.3922,0.0286944,0.35,-5.32,-10.78,24.9422,-47.0465,-16.744,1014.82
31304,-0.286944,10.2104,0.25825,-1.47,-5.6,-11.69,25.4362,-47.91,-17.8374,1014.83
31310,0.148254,10.5213,-0.172166,-3.29,-6.72,-9.31,25.6105,-47.9408,-17.3203,1014.83
31316,0.200861,9.79436,0.420851,-3.43,-6.23,-9.52,25.1747,-46.7689,-16.5076,1014.83
31322,-0.0526064,9.55523,0.640842,-2.87,-6.44,-11.55,25.2038,-47.5399,-16.3746,1014.82
31328,-0.234338,9.37829,0.994739,-2.17,-6.93,-9.31,25.8139,-48.7427,-15.7687,1014.82
31334,-0.0621712,9.19177,0.985174,0.14,-7.98,-7.42,25.8139,-46.4914,-16.9361,1014.83
31340,0.023912,9.47872,0.593018,0.28,-7,-9.17,25.9592,-47.5091,-17.5715,1014.83
31346,0.148254,9.73218,0.277379,-0.42,-4.83,-8.4,25.5815,-49.2978,-16.8031,1014.82
31352,0.157819,9.79436,-0.124342,-0.98,-0.14,-9.17,25.9592,-47.8483,-16.3007,1014.82
31358,-0.71736,10.1339,0.105213,-5.11,-6.58,-7.63,25.1747,-46.8306,-16.0495,1014.86
31364,0.205643,10.2678,-0.746054,-9.73,-4.76,-6.58,25.5234,-49.3903,-17.2464,1014.86
31370,0.564323,10.3539,-0.707795,-14.35,0.35,-8.26,26.6275,-47.6941,-17.8522,1014.86
31376,-0.23912,10.4543,-0.664754,-19.25,-0.84,-9.24,25.7849,-46.4297,-17.8227,1014.79
31382,0.133907,10.7604,-0.832138,-24.99,-1.12,-4.27,26.8019,-47.6016,-18.2216,1014.79
31388,-0.416069,10.3395,-0.0143472,-28.7,-1.96,-10.85,26.0173,-48.3726,-18.3546,1014.8
31394,-0.368245,10.2152,-0.114778,-32.69,-4.76,-11.48,25.6687,-46.6764,-18.1477,1014.8
31400,-0.13869,9.90435,0.492587,-33.88,-6.58,-8.75,25.5815,-47.2932,-18.4876,1014.81
31406,0.0191296,9.2396,0.640842,-29.75,-11.48,-12.04,25.6105,-48.6502,-18.3842,1014.81
31412,0.263032,10.0765,0.023912,-34.09,-3.43,-13.51,26.0755,-47.0773,-18.1477,1014.81
31418,-0.0765184,9.56002,0.803443,-35.77,-6.79,-14.21,26.1917,-46.5222,-18.6354,1014.81
31424,0.047824,9.95696,0.272597,-32.76,-10.78,-15.75,26.2498,-47.9717,-18.1773,1014.81
31430,-0.071736,9.95218,0.683883,-34.58,-11.2,-14.07,26.1045,-47.2624,-19.3446,1014.81
31436,-0.0191296,9.44046,1.14299,-32.41,-11.97,-15.96,26.337,-46.6147,-19.3299,1014.81
31442,0.430416,9.61741,0.918221,-29.33,-10.43,-19.11,26.1336,-47.3857,-18.133,1014.81
31448,0.196078,9.90435,0.908656,-31.5,-13.86,-21.07,26.8019,-47.5708,-18.9457,1014.81
31454,0.172166,9.70349,1.29603,-27.86,-14.98,-21.35,26.8309,-45.5353,-19.5811,1014.78
31460,0.325203,9.70827,1.21473,-28.98,-13.23,-22.61,26.4823,-46.3372,-18.5319,1014.78
31466,0.502152,10.6169,0.860832,-24.99,-13.86,-25.48,26.4241,-48.0025,-20.645,1014.84
31472,0.722142,10.2487,0.669536,-29.05,-13.44,-30.8,26.7147,-46.4605,-19.7288,1014.84
31478,-0.301291,10.703,1.22908,-28.28,-10.71,-30.1,26.6856,-45.4737,-20.113,1014.85
31484,0.45911,10.2726,1.20995,-25.55,-10.99,-34.58,27.0634,-46.368,-20.1278,1014.85
31490,0.0430416,9.18699,0.899091,-29.61,-12.32,-39.34,27.0343,-46.5222,-20.97,1014.85
31496,1.19082,10.7508,0.97561,-26.88,-9.87,-36.54,26.889,-45.1344,-20.4676,1014.83
31502,-0.224773,11.9703,0.688666,-35.56,-12.67,-37.03,27.7898,-45.9363,-19.8175,1014.83
31508,-0.368245,10.1913,1.26734,-36.54,-9.94,-40.04,27.7898,-45.9363,-21.0439,1014.83
31514,0.205643,9.61741,1.22908,-35.07,-7.42,-42.91,27.4992,-43.8083,-21.0144,1014.83
31520,-0.927786,9.8087,0.0191296,-38.36,-3.92,-39.27,27.9932,-44.2401,-21.8862,1014.82
31526,-0.310856,11.3152,1.6834,-41.16,-5.46,-39.13,27.7026,-45.0419,-20.9109,1014.82
31532,-0.0526064,11.0617,1.79818,-43.19,-9.24,-42.49,28.4,-44.1476,-22.0339,1014.86
31538,1.83166,11.4012,2.20947,-41.86,-2.52,-50.61,27.8479,-43.4074,-22.2556,1014.86
31544,0.841702,11.7695,3.48637,-32.83,-4.55,-61.04,29.1555,-44.3326,-21.1769,1014.86
31550,4.60545,14.3137,7.28838,-21.84,-10.15,-76.65,29.7366,-43.6541,-22.1817,1014.84
31556,4.2946,12.8264,5.64801,0.14,4.9,-95.69,29.6204,-42.2972,-22.1669,1014.84
31562,-0.301291,12.066,2.30512,-5.95,7.35,-102.48,29.3589,-43.3766,-21.1326,1014.82
31568,0.483022,13.5916,3.19464,-9.52,0.28,-115.01,29.7947,-44.8569,-22.7432,1014.82
31574,2.43424,12.7355,2.57771,0.28,2.52,-123.41,30.434,-41.8037,-20.9257,1014.82
31580,1.93209,12.3912,3.97896,2.66,7.77,-131.67,31.3928,-41.7729,-21.5463,1014.82
31586,2.41511,12.2143,4.41416,9.8,14.07,-140.91,31.9159,-42.0196,-21.635,1014.81
31592,1.87948,13.3668,3.2616,21.07,16.87,-152.95,32.0321,-40.601,-19.714,1014.81
31598,1.22908,13.8833,2.62554,21.49,16.38,-162.96,32.7585,-40.1075,-20.113,1014.8
31604,1.20038,13.8785,2.37685,25.48,16.03,-174.51,33.9789,-41.6187,-21.103,1014.8
31610,1.09517,14.6437,2.19034,29.68,13.79,-186.9,34.9087,-39.9842,-20.246,1014.8
31616,2.02774,16.5901,1.83166,31.5,14.77,-199.5,34.7053,-38.6581,-21.236,1014.83
31622,1.64993,17.2166,1.07604,33.81,15.05,-215.81,36.7393,-38.4114,-19.5515,1014.83
31628,1.6021,18.3596,-1.25777,28.7,8.47,-235.13,37.1461,-37.9488,-19.8027,1014.82
31634,2.02296,19.8517,-2.49641,21.7,7.07,-253.54,37.3785,-35.7283,-20.2903,1014.82
31640,2.68293,21.7264,-3.21856,4.97,-1.89,-275.24,37.6982,-36.0984,-19.0048,1014.84
31646,2.5825,22.0373,-3.85461,-7.63,-4.69,-297.92,39.3835,-35.1732,-20.1426,1014.84
31652,2.62076,22.4773,-3.41942,-17.5,-11.27,-320.95,40.3133,-32.7985,-19.6106,1014.8
31658,4.33285,22.0421,-2.05165,-22.26,-16.1,-346.57,40.7491,-30.5472,-19.0491,1014.8
31664,6.31755,24.1702,1.47298,-17.71,-3.43,-372.47,42.5506,-31.5958,-18.458,1014.8
31670,7.98183,25.3945,1.80296,-24.15,0.84,-406,43.0737,-28.666,-19.5072,1014.84
31676,7.6088,25.8584,0.325203,-32.83,8.68,-433.02,43.6839,-26.2913,-19.4776,1014.84
31682,6.01626,25.2654,-0.463893,-37.94,15.26,-466.06,45.3982,-24.9344,-20.1426,1014.82
31688,3.099,24.1224,-0.224773,-35.35,9.24,-492.87,46.5024,-23.3924,-19.0196,1014.82
31694,1.2769,26.3271,0.167384,-26.53,-7.77,-516.88,46.6186,-19.4758,-18.9752,1014.81
31700,6.64275,29.933,-2.08991,-42.14,3.64,-526.89,47.1997,-17.4712,-20.1426,1014.81
31706,-3.4768,28.6657,6.64754,-13.37,-1.68,-531.23,49.379,-15.004,-18.2807,1014.81
31712,4.8924,27.4653,-3.25203,-27.79,-26.25,-533.61,48.6526,-11.6425,-19.5958,1014.81
31718,0.0382592,25.1698,2.76423,-29.12,-32.48,-532.35,47.868,-8.8052,-20.0096,1014.81
31724,2.38642,23.8929,2.10426,-8.61,-52.22,-527.24,49.7567,-6.12215,-19.4037,1014.8
31730,8.70397,24.3615,-4.06026,-11.97,-61.46,-526.68,49.3209,-3.40825,-20.0391,1014.8
31736,7.86705,18.7948,-4.52415,0.56,-58.8,-507.15,47.4612,0.909315,-20.3199,1014.77
31742,2.95552,16.2936,-6.77188,9.03,-78.26,-465.71,49.0303,1.83451,-21.0144,1014.77
31748,5.17456,13.2377,-5.93974,-0.7,-118.51,-424.97,48.7107,3.56153,-20.7188,1014.79
31754,11.363,4.08895,-7.99617,-23.87,-138.6,-352.31,46.0084,6.39879,-21.4577,1014.79
31760,17.0014,-13.1181,-10.0813,-20.16,-99.05,-289.66,45.8341,8.43421,-22.8762,1014.79
31766,-14.9928,7.03013,-5.98278,42.56,20.02,-103.46,46.9963,9.29773,-22.1965,1014.79
31772,-14.4811,12.9125,7.9627,12.88,-137.13,24.29,45.8631,10.1304,-23.1274,1014.77
31778,17.9292,1.09039,-3.97417,74.2,-50.19,114.8,45.8341,9.02017,-22.5511,1014.77
31784,14.3233,6.33668,-3.75418,79.52,-0.91,190.12,47.6356,7.53986,-22.758,1014.77
31790,16.7623,7.35055,-3.61549,74.55,8.89,231.35,47.4031,6.42963,-23.6446,1014.8
31796,17.9388,8.8044,-4.59589,76.37,50.89,247.8,45.3401,5.99787,-23.0535,1014.8
31802,13.8546,10.0622,-1.7934,66.15,57.05,251.3,47.6937,4.42505,-23.3195,1014.81
31808,13.5629,8.90483,-2.31946,63.07,69.44,250.11,48.0133,2.57466,-22.4181,1014.81
31814,11.9847,7.4988,-2.80249,56.35,78.96,249.06,47.316,1.31023,-21.5168,1014.78
31820,11.4969,5.3802,-2.63988,52.08,85.19,247.03,47.8099,-0.139236,-22.1078,1014.78
31826,9.60784,5.62888,-2.96987,46.13,86.03,248.36,48.885,-1.98962,-20.379,1014.8
31832,7.88618,5.74844,-2.68771,39.48,79.8,251.86,48.4492,-3.46993,-19.9209,1014.8
31838,5.5428,5.40889,-2.50598,32.13,72.8,259.98,48.3911,-3.77833,-19.3151,1014.8
31844,3.2616,4.9737,-1.76949,29.12,59.08,271.95,48.9722,-6.52306,-18.857,1014.75
31850,2.51554,4.65806,-1.81731,28.77,46.62,284.62,49.4662,-8.52765,-20.4381,1014.75
31856,0.679101,3.912,-0.49737,34.02,27.3,299.46,48.0133,-8.77437,-18.591,1014.73
31862,0.822573,4.39024,-0.545194,35.42,9.24,313.18,48.1005,-11.2107,-19.5219,1014.73
31868,0.277379,4.32807,0.535629,49.21,-8.26,326.76,48.6816,-12.2593,-18.2807,1014.75
31874,0.306074,4.73936,1.00909,58.52,-26.46,338.45,47.345,-14.3564,-20.6597,1014.75
31880,0.688666,5.36585,1.57341,68.88,-43.19,349.37,47.7518,-16.4535,-19.4628,1014.75
31886,1.37255,5.80583,1.80775,78.19,-56.56,357.56,47.5484,-19.1365,-19.3299,1014.75
31892,2.23816,6.8197,2.48685,83.65,-65.87,364.21,46.0375,-20.1851,-20.5711,1014.75
31898,3.01769,7.83835,2.65901,88.34,-67.97,370.65,44.9624,-21.7579,-20.1869,1014.75
31904,3.52941,9.01004,3.33333,89.67,-71.47,374.29,45.6888,-24.4718,-20.512,1014.75
31910,4.12721,9.61741,3.68245,90.16,-67.62,376.95,43.9744,-25.7671,-19.7731,1014.77
31916,4.37111,10.9565,4.1846,88.34,-62.44,378.84,41.6789,-26.8465,-21.2803,1014.77
31922,4.39024,11.7551,4.65328,86.52,-56.91,377.09,41.2431,-30.3313,-20.837,1014.76
31928,4.2946,13.1659,4.6198,83.51,-50.05,376.32,41.0687,-32.1509,-21.2065,1014.76
31934,3.84505,13.979,4.81109,79.59,-43.89,376.6,38.3084,-31.9967,-20.9109,1014.74
31940,3.14682,15.1411,4.8924,75.6,-38.08,376.6,37.7563,-33.5695,-22.4772,1014.74
31946,2.73553,15.8728,4.88761,71.19,-33.46,376.88,37.2333,-36.9002,-21.4872,1014.76
31952,2.14252,16.2697,5.07891,71.82,-28.91,375.27,34.6472,-37.7329,-21.1769,1014.76
31958,2.77379,20.1626,1.32472,59.71,-35.14,381.01,33.8046,-38.0104,-20.4676,1014.76
31964,1.65949,18.2736,4.98804,59.85,-30.73,363.37,33.0491,-41.0636,-19.6845,1014.76
31970,2.17599,19.1009,4.96413,60.41,-15.47,376.95,31.5091,-42.1738,-20.2903,1014.76
31976,0.5978,19.7465,5.09326,48.72,-32.2,377.3,29.417,-41.9271,-21.502,1014.76
31982,0.679101,20.3204,4.24199,65.52,-19.18,395.29,27.6736,-45.1036,-22.8762,1014.76
31988,-0.10043,21.9417,4.34242,55.37,-13.58,394.45,25.9302,-46.368,-20.0096,1014.74
31994,-0.33955,23.1755,3.97417,60.9,-14.42,388.78,23.6056,-46.0905,-20.9405,1014.74
32000,-0.827355,24.285,3.79723,60.76,-13.58,397.67,23.286,-47.5091,-21.768,1014.76
32006,-1.56863,25.4806,3.82592,60.97,-13.58,405.58,20.7871,-49.4828,-20.0982,1014.76
32012,-2.30512,25.8537,3.82114,65.17,-6.3,406,19.2181,-48.4651,-19.6254,1014.76
32018,-2.95074,27.2979,4.022,64.96,-0.77,410.62,16.8935,-48.7427,-20.1278,1014.8
32024,-3.81157,28.0727,4.1846,66.71,7.07,419.86,14.598,-51.4257,-18.2364,1014.8
32030,-7.19751,28.8714,5.49976,66.71,7.42,418.74,13.4067,-51.3024,-19.8323,1014.79
32036,-5.95409,29.0292,3.51506,67.27,27.3,421.19,11.3146,-50.6547,-19.3299,1014.79
32042,-10.0287,30.8226,4.00287,64.05,34.02,414.05,9.83272,-53.1219,-18.4137,1014.83
32048,-12.7499,31.0569,4.17025,56.84,37.66,405.37,7.79875,-53.1836,-18.7979,1014.83
32054,-15.5093,31.9464,1.96557,43.26,54.46,385.56,5.09647,-52.135,-19.5663,1014.79
32060,-18.6083,32.4151,-0.0143472,21.21,54.11,354.83,3.06249,-52.0425,-18.9161,1014.79
32066,-22.2716,34.945,-9.70827,-27.86,58.94,317.94,1.43532,-53.5845,-18.7979,1014.81
32072,-27.6758,30.8656,-9.90913,-73.64,51.38,275.45,0.5055,-51.9192,-18.6058,1014.81
32078,-36.571,17.5849,-5.34672,-84.49,30.59,231.98,-0.511488,-51.7341,-19.714,1014.81
32084,-42.2047,4.84935,1.14299,-32.48,13.51,194.67,-2.02244,-53.2144,-20.2017,1014.81
32090,-51.0282,-4.51459,4.72979,41.51,-17.78,164.36,-3.27188,-52.5976,-20.4676,1014.81
32096,-51.0091,-1.90818,2.52032,85.54,-30.8,123.48,-3.30094,-51.4874,-19.4481,1014.83
32102,-47.7188,4.92109,5.59063,117.95,-38.15,71.89,-4.2017,-52.8444,-19.3003,1014.83
32108,-44.0124,11.7599,5.44715,133,-39.83,3.43,-3.9983,-53.7696,-17.867,1014.85
32114,-35.3324,19.6987,2.33381,104.37,-34.37,-59.78,-4.66661,-52.4743,-17.9409,1014.85
32120,-25.8202,19.2731,3.12769,70.35,-15.96,-113.68,-3.56245,-52.5668,-17.4089,1014.8
32126,-22.3577,20.1722,5.04065,100.52,-70.98,-152.95,-3.82396,-54.1088,-17.5419,1014.8
32132,-1.73601,80.6839,-61.2004,-167.79,79.94,-367.99,-1.78999,-52.8752,-15.4141,1014.8
32138,-25.868,-27.2453,31.5734,-59.15,-71.26,-289.59,-0.0175235,-52.7518,-17.9113,1014.82
32144,30.4687,3.73027,-20.3109,-15.82,-49.14,-300.93,0.767009,-53.492,-16.4632,1014.82
32150,12.1856,12.4486,-6.66667,-23.03,143.5,-316.68,2.42325,-53.3995,-17.1429,1014.81
32156,9.30655,18.8857,5.82496,-107.87,64.26,-324.94,4.07948,-51.9192,-18.6501,1014.81
32162,14.1703,3.09421,3.45289,-107.17,116.83,-338.66,6.0844,-53.1836,-17.3055,1014.77
32168,5.00717,2.73075,9.81349,-27.58,198.38,-329.42,7.79875,-53.307,-18.0443,1014.77
32174,-6.79101,6.99665,10.2056,-4.06,155.12,-333.69,10.6463,-51.7341,-17.9704,1014.79
32180,-9.07221,11.0856,8.24008,-6.16,105.42,-338.94,12.012,-51.7341,-18.0148,1014.79
32186,-9.89479,12.4008,8.28312,-13.86,94.01,-335.79,14.2494,-52.2584,-17.8818,1014.79
32192,-18.7948,22.8647,8.82353,-12.39,61.81,-296.31,16.0218,-50.7473,-17.734,1014.83
32198,-15.275,21.1717,5.055,-8.54,3.43,-249.34,18.0267,-50.1921,-18.8127,1014.83
32204,-9.5648,15.9397,3.70158,-13.16,-49.14,-234.99,18.3464,-51.179,-17.6453,1014.82
32210,-4.87327,11.2386,5.7054,-2.31,-70.49,-228.2,19.3343,-49.8221,-17.4533,1014.82
32216,1.12386,12.8312,-1.4682,15.12,-44.17,-216.44,20.9324,-49.1436,-17.9852,1014.83
32222,2.24773,13.5151,-4.22286,20.58,34.79,-222.25,21.5135,-50.0996,-18.2216,1014.83
32228,-13.7398,24.0172,-16.3845,-35.35,100.66,-100.45,22.792,-49.7912,-17.01,1014.83
32234,-17.5849,20.1769,-3.27594,-68.95,50.05,-59.08,23.3732,-48.0025,-17.7192,1014.83
32240,-1.78862,9.01004,3.98374,-86.31,-3.36,-60.2,23.5185,-48.3109,-17.601,1014.82
32246,2.43424,5.7867,3.59158,-49.91,29.26,-58.94,23.5475,-48.7735,-18.5172,1014.82
32252,-1.76471,7.94835,3.24247,-30.1,44.94,-45.99,23.6928,-48.6502,-17.3794,1014.82
32258,-4.6724,9.35916,3.97417,-19.46,11.06,-41.09,24.3611,-47.1698,-18.9013,1014.82
32264,-1.73123,8.92396,1.74079,-18.55,5.53,-35.07,24.826,-48.1567,-17.4533,1014.82
32270,-0.5978,10.11,-0.827355,-12.81,17.43,-25.83,24.826,-48.0334,-17.9409,1014.84
32276,-1.93209,11.0282,0.282162,-14,7.14,-20.86,23.8381,-46.4297,-19.1082,1014.84
32282,0.989957,10.7891,-1.31994,-22.89,7.63,-20.58,24.8841,-47.6941,-19.0343,1014.82
32288,0.607365,9.66523,0.506934,-14.63,18.13,-20.3,25.349,-47.91,-18.0591,1014.82
32294,-1.54472,9.78957,1.49689,-14,7.7,-18.34,24.9713,-46.7381,-17.734,1014.85
32300,-0.296509,9.83261,0.774749,-12.39,-1.4,-16.94,25.0004,-47.6016,-18,1014.85
32306,0.798661,10.9182,-0.846485,-13.93,4.13,-17.85,25.4653,-48.3109,-17.6897,1014.85
32312,-0.722142,10.2869,0.779531,-12.81,1.19,-17.71,24.4773,-47.0773,-19.2412,1014.83
32318,-0.286944,9.68914,1.24342,-11.48,-0.42,-16.52,25.6396,-46.6147,-18.5763,1014.83
32324,-0.468675,9.50741,1.70732,-7.84,-2.66,-15.4,25.1747,-48.2801,-18.3103,1014.82
32330,-0.210426,10.0239,0.985174,-5.25,-2.31,-14.28,25.0875,-47.6324,-17.5567,1014.82
32336,-0.420851,10.2869,0.71736,-2.94,-4.34,-14.49,25.0294,-45.597,-18.8127,1014.82
32342,-0.109995,10.6695,0.416069,-4.69,-7.56,-15.26,25.1747,-47.2932,-17.2021,1014.82
32348,-0.023912,10.1913,0.430416,-4.62,-7.07,-14.56,26.3079,-48.0334,-17.3941,1014.85
32354,-0.200861,10.2009,0.473458,-5.81,-7.91,-14.77,25.843,-45.1036,-19.123,1014.85
32360,-0.210426,9.85653,0.779531,-6.44,-8.19,-14.77,26.366,-46.5839,-18.8275,1014.85
32366,-0.129125,9.4835,1.12865,-4.06,-7.35,-15.4,25.6396,-47.2932,-18.1773,1014.82
32372,-0.229555,9.84218,0.631277,-6.16,-6.09,-13.09,25.6105,-46.0288,-18.8422,1014.82
32378,-0.186514,9.65088,0.966045,-6.79,-8.19,-13.37,25.1166,-45.9363,-18.8127,1014.82
32384,0.602582,9.6461,0.353898,-6.16,-1.33,-13.65,25.2328,-47.5091,-18.3398,1014.82
32390,-0.640842,10.0574,0.368245,-8.19,-3.99,-15.05,25.9011,-46.3063,-18.7536,1014.8
32396,-0.387374,9.93304,0.248685,-9.87,-7.56,-14.77,25.5815,-44.7952,-19.9061,1014.8
32402,-0.191296,9.85174,0.21999,-12.11,-6.02,-11.69,25.4943,-46.7073,-17.6897,1014.82
32408,-0.181731,9.98087,-0.234338,-15.05,-2.52,-10.71,26.1917,-46.7998,-18.6649,1014.82
32414,-0.473458,9.99522,0.382592,-16.73,-5.04,-12.46,26.1045,-45.0419,-19.6549,1014.82
32420,0.0191296,10.4735,-0.310856,-20.72,-1.61,-12.46,26.2789,-45.9363,-18.857,1014.82
32426,-0.325203,10.1483,-0.0765184,-24.57,-0.77,-11.27,26.6856,-47.2315,-20.4381,1014.82
32432,0.176949,10.8513,-0.765184,-28.35,-0.07,-12.81,26.2207,-45.1653,-18.3842,1014.83
32438,-0.521282,10.4878,0.10043,-31.29,-1.61,-15.47,26.8019,-45.4428,-19.4924,1014.83
32444,0.205643,10.77,0.071736,-33.18,-3.92,-16.31,27.0343,-47.0773,-18.7979,1014.83
32450,-0.11956,10.1626,0.420851,-36.12,-3.22,-17.99,27.1215,-46.6147,-19.3151,1014.83
32456,-0.444763,9.84218,0.83692,-36.19,-4.13,-17.78,26.6856,-44.9494,-20.2164,1014.81
32462,-0.511717,9.78479,0.951698,-32.97,-9.17,-14.21,26.7728,-46.2447,-18.5467,1014.81
32468,-0.502152,8.82831,1.31516,-34.02,-6.16,-18.41,27.1215,-46.183,-19.4037,1014.85
32474,-0.25825,9.81827,0.93735,-35.63,-5.95,-19.95,27.5283,-45.1036,-19.9061,1014.85
32480,-0.679101,9.76566,1.35342,-36.47,-8.96,-18.69,27.0924,-45.1653,-21.103,1014.85
32486,-0.444763,9.39742,1.29603,-35,-7.56,-18.41,27.1215,-47.0157,-21.3838,1014.82
32492,-0.798661,10.6552,1.1143,-32.9,-9.73,-18.48,26.7147,-45.7204,-21.0439,1014.82
32498,-0.449546,10.0717,1.01865,-35.42,-13.51,-22.47,27.7026,-44.055,-20.9257,1014.83
32504,-0.071736,9.75131,0.951698,-33.39,-11.69,-22.33,27.4121,-46.1213,-21.0291,1014.83
32510,-0.363462,9.72262,1.27212,-33.95,-13.51,-24.22,28.1094,-44.2401,-20.3051,1014.81
32516,-0.0526064,9.66045,0.774749,-32.83,-13.3,-24.92,27.1215,-43.3766,-22.0635,1014.81
32522,-0.636059,9.95218,1.09995,-18.62,-14.7,-25.83,27.354,-44.3634,-20.9109,1014.81
32528,-0.234338,8.97178,1.19082,-31.85,-12.88,-26.18,28.1094,-44.7952,-21.1326,1014.81
32534,-0.148254,9.75131,1.5495,-25.27,-12.74,-26.81,28.1385,-42.6364,-22.2113,1014.81
32540,-0.506934,10.7987,1.76949,-26.04,-13.09,-29.61,27.7607,-43.685,-21.8714,1014.83
32546,0.186514,8.59876,0.746054,-28.91,-10.71,-35.84,28.1966,-44.0859,-22.3442,1014.83
32552,0.521282,10.4304,2.78814,-24.78,-12.6,-37.8,28.9521,-42.7289,-21.3247,1014.83
32558,2.16164,11.1908,4.91152,-19.88,-3.15,-42.49,28.3709,-42.7906,-22.1669,1014.83
32564,0.263032,9.18221,5.1889,-7.42,2.38,-48.3,28.9811,-43.685,-21.8418,1014.83
32570,0.774749,10.8704,2.44381,-0.77,6.65,-51.17,28.9521,-43.6541,-22.0783,1014.83
32576,0.0095648,12.3625,3.5055,1.89,8.54,-58.66,28.923,-42.1121,-21.768,1014.81
32582,-0.69823,11.2865,4.20851,-0.35,0.63,-65.03,29.7076,-42.6981,-22.8614,1014.81
32588,1.46341,10.6887,2.69249,3.5,7.77,-75.04,30.0853,-43.5308,-21.2951,1014.82
32594,0.932568,10.8417,3.16117,19.18,11.76,-79.52,29.5913,-42.1121,-23.0092,1014.82
32600,-0.549976,11.8795,2.91726,20.23,5.74,-83.3,30.5502,-41.9888,-21.5611,1014.82
32606,0.0382592,11.9847,2.10904,16.66,9.59,-89.81,31.1894,-42.3897,-20.9996,1014.83
32612,0.602582,12.7642,1.99904,17.71,7.7,-99.4,31.3057,-41.3411,-22.2113,1014.83
32618,0.186514,12.4199,2.64467,19.74,7.84,-103.95,31.2766,-40.1692,-21.8123,1014.85
32624,1.14299,13.4672,1.25299,19.88,9.38,-115.71,31.2766,-41.7729,-21.2212,1014.85
32630,0.535629,13.5246,1.17169,11.13,4.62,-127.96,32.7876,-41.0327,-20.9996,1014.85
32636,0.932568,13.1899,1.033,13.79,7.21,-134.26,32.6132,-39.6141,-21.1917,1014.85
32642,0.425634,12.6255,2.75944,15.12,7.63,-142.38,33.3396,-41.1869,-20.9257,1014.81
32648,0.832138,12.6303,3.45289,14.98,9.52,-153.09,34.7925,-40.3234,-21.3099,1014.81
32654,1.23864,12.7068,3.21377,27.86,13.37,-161.35,34.7053,-37.7329,-21.1474,1014.81
32660,0.301291,13.1803,2.18077,31.71,11.41,-173.18,34.9087,-38.5347,-20.6006,1014.82
32666,0.750837,14.2181,1.09517,35.21,8.05,-184.24,36.1582,-39.0898,-19.1525,1014.82
32672,1.19082,16.2602,1.0043,34.79,4.41,-198.94,36.071,-37.332,-19.6993,1014.84
32678,1.32472,17.4653,0.396939,30.73,5.95,-214.83,36.8555,-36.3759,-20.6006,1014.84
32684,2.35294,19.6318,0.167384,32.69,8.05,-233.73,38.1921,-35.8517,-19.1673,1014.8
32690,3.00813,20.9565,-0.545194,26.46,4.48,-256.06,38.9767,-35.2657,-19.6254,1014.8
32696,2.44381,23.142,-3.61071,14.98,1.12,-281.19,38.0759,-33.7546,-19.4333,1014.82
32702,2.42468,23.0464,-4.63893,-2.45,-8.68,-306.18,40.197,-33.7237,-19.0787,1014.82
32708,2.50598,23.6155,-4.74414,-14.14,-10.5,-331.03,41.4174,-31.3799,-17.8818,1014.82
32714,2.71162,22.9029,-2.91726,-17.08,-17.36,-359.31,42.1729,-29.0052,-18.9309,1014.81
32720,5.21282,26.0258,1.12865,-14.91,-17.71,-386.12,43.4223,-28.0492,-18.3546,1014.81
32726,7.45576,25.0263,1.37255,-17.43,-10.57,-425.81,44.3522,-26.6306,-19.0048,1014.83
32732,5.10282,24.8446,2.78814,-11.2,2.38,-455.98,45.0495,-23.8858,-19.7288,1014.83
32738,3.44811,26.8914,2.31946,-6.86,-1.82,-483.42,44.9333,-21.6962,-19.0048,1014.83
32744,4.54328,29.9665,0.564323,-22.12,-6.51,-513.52,47.2869,-20.0617,-17.8818,1014.83
32750,5.30368,27.4892,-1.13343,-23.17,6.37,-522.48,47.6937,-17.2245,-18.0148,1014.82
32756,-5.25586,28.5748,6.99665,13.79,-10.71,-524.09,47.316,-13.4312,-18.7979,1014.82
32762,1.96557,27.494,-2.35294,1.61,-32.76,-526.68,48.5654,-12.6602,-18.5319,1014.79
32768,-1.03778,28.3262,4.06982,18.41,-32.2,-518.98,48.7688,-9.20612,-17.8818,1014.79
32774,0.35868,32.6542,-1.85079,9.87,-39.2,-515.34,47.9843,-6.06047,-18.6945,1014.79
32780,4.19895,33.472,-6.99187,-26.32,-61.95,-512.47,49.0884,-3.25405,-18.8422,1014.83
32786,8.46963,24.0985,-7.12099,-39.62,-66.01,-492.1,49.1175,-0.694352,-18.2068,1014.83
32792,5.23673,16.2745,-6.93448,-16.59,-67.2,-457.1,48.5654,2.05039,-18.8275,1014.82
32798,5.42802,18.3501,-6.88666,-40.74,-138.25,-420.63,47.5194,4.24001,-19.4628,1014.82
32804,17.4127,5.53802,-10.5356,-56,-129.71,-376.32,48.362,5.87451,-19.9652,1014.79
32810,4.74414,-13.2377,-2.19034,-7.91,-38.43,-330.05,46.9092,8.28002,-20.6597,1014.79
32816,-17.8862,8.84744,-7.95313,-6.65,-19.67,-164.43,45.1658,9.94536,-20.6154,1014.81
32822,-0.373027,5.31803,4.29938,-17.78,-136.36,-40.6,45.805,9.63696,-21.4577,1014.81
32828,14.0459,0.707795,-3.60115,46.06,-32.2,54.81,46.7058,10.5622,-20.645,1014.81
32834,7.76662,8.63223,-0.626494,48.37,-17.64,136.57,45.6016,9.76032,-20.7779,1014.81
32840,13.8833,8.08704,-3.44333,45.15,8.47,182.21,45.6888,8.55757,-21.8714,1014.81
32846,12.1616,10.6217,-2.78814,39.55,41.51,207.97,46.7348,7.66322,-22.2408,1014.82
32852,11.999,10.2343,-2.09469,29.68,50.47,220.15,46.6767,6.42963,-21.369,1014.82
32858,11.6834,8.59397,-2.26686,24.43,69.65,223.02,46.1537,4.76428,-21.3247,1014.79
32864,10.2822,6.9823,-1.8747,19.11,78.89,224.91,48.362,3.25314,-21.3099,1014.79
32870,9.73697,3.81157,-1.956,20.65,89.25,227.01,48.7107,1.21771,-20.9405,1014.83
32876,8.8857,3.15638,-1.92731,25.62,92.61,227.22,47.2578,1.18687,-21.1769,1014.83
32882,6.97752,2.50598,-1.99426,30.66,91.77,231.7,49.0884,-0.200916,-19.7436,1014.83
32888,5.43281,2.50598,-1.57341,35.91,85.96,238.07,49.4371,-1.71206,-19.256,1014.8
32894,4.25155,3.00813,-1.86992,38.78,81.9,246.47,48.5073,-1.65038,-19.6402,1014.8
32900,3.29029,3.5868,-1.65471,42.14,72.31,256.48,48.6235,-4.3026,-19.1673,1014.8
32906,2.08991,4.66284,-1.81731,40.39,61.32,271.25,49.8439,-5.87543,-18.0443,1014.8
32912,1.49689,5.05978,-1.45863,38.85,48.93,287.21,48.6816,-6.92398,-18.2512,1014.77
32918,0.765184,5.66714,-1.23864,36.05,35.21,303.38,48.1005,-8.09589,-18.9752,1014.77
32924,0.549976,5.92061,-0.631277,34.86,20.44,320.04,49.9601,-10.2238,-17.6749,1014.72
32930,0.679101,6.16451,-0.148254,35.21,7.14,334.04,49.379,-13.1536,-17.9704,1014.72
32936,0.554758,6.0593,0.511717,37.94,-9.38,345.17,47.4322,-13.7087,-17.6897,1014.78
32942,1.00909,6.14538,0.927786,42.91,-20.93,353.57,47.868,-15.9909,-18.3398,1014.78
32948,1.60689,6.6571,1.3056,47.04,-30.31,359.24,47.9552,-18.3964,-18.6206,1014.78
32954,1.76949,7.14969,1.58776,50.68,-38.78,364.28,46.0375,-18.9823,-18.9013,1014.77
32960,2.20469,7.88618,1.43472,51.87,-43.82,368.34,46.4443,-21.6345,-18.1921,1014.77
32966,2.29077,8.51267,1.7121,52.57,-48.16,371.49,45.3982,-24.0092,-18.2512,1014.74
32972,2.84075,9.45002,1.76471,50.89,-50.19,373.87,43.5095,-24.8727,-19.0196,1014.74
32978,3.19464,10.1674,1.86992,48.65,-49.91,375.55,43.2771,-26.5381,-19.2412,1014.76
32984,3.32377,11.3439,1.97991,46.27,-48.65,376.04,43.0156,-29.9304,-19.4481,1014.76
32990,3.29986,12.0469,1.92252,44.03,-46.13,376.32,41.0978,-31.164,-18.6797,1014.79
32996,2.74032,13.1373,2.03252,42,-45.15,377.93,39.7031,-31.935,-19.3151,1014.79
33002,2.36251,13.7829,1.91296,40.95,-43.05,380.73,39.2963,-35.1115,-20.5858,1014.79
33008,1.71688,14.6198,2.03252,41.51,-42.21,383.25,38.8023,-35.8208,-19.5663,1014.78
33014,1.78384,17.078,0.755619,42.42,-42.63,388.92,36.2744,-36.0984,-19.7731,1014.78
33020,0.449546,15.935,2.94118,49.21,-45.71,389.9,35.0249,-38.1955,-19.8175,1014.79
33026,0.502152,16.4658,1.96078,52.78,-40.81,394.03,34.5891,-40.6318,-20.4676,1014.79
33032,0.631277,17.1784,2.69249,63.07,-42.98,400.4,32.8457,-40.9711,-20.246,1014.73
33038,-0.0286944,18.9048,2.58728,67.41,-47.53,400.12,30.4921,-41.3411,-20.8666,1014.73
33044,0.215208,20.0096,2.65901,75.18,-44.17,402.64,29.0974,-45.1653,-20.4529,1014.79
33050,0.0334768,21.4156,2.37685,79.8,-43.47,406.56,27.5283,-45.5662,-18.724,1014.79
33056,-0.37781,23.2855,2.24295,84.42,-40.88,410.69,26.3079,-45.0111,-19.5811,1014.79
33062,-0.832138,24.7441,2.80249,86.73,-41.58,414.61,23.7509,-48.0025,-19.4037,1014.75
33068,-1.54472,26.528,2.89335,91.98,-33.18,422.17,21.9203,-48.8352,-19.1673,1014.75
33074,-1.97035,28.4218,2.5538,88.48,-25.13,426.93,19.2471,-48.3109,-19.6549,1014.78
33080,-2.59684,29.7035,3.01769,87.64,-14.56,438.55,17.9396,-49.8529,-18.9752,1014.78
33086,-2.96987,28.9335,3.51985,92.47,28.77,451.99,15.9637,-52.1967,-18.3989,1014.8
33092,-7.02535,29.3161,6.68101,86.52,0.28,449.61,13.6973,-51.7958,-18.458,1014.8
33098,-8.4505,31.1669,4.95935,94.15,14,440.37,11.024,-52.0734,-18.7092,1014.8
33104,-11.2099,32.9603,4.94978,83.37,29.19,436.66,9.42593,-53.677,-16.7735,1014.8
33110,-14.8637,35.6719,3.33812,70.77,47.81,424.41,7.56629,-53.677,-18.1034,1014.8
33116,-17.3314,37.2597,1.55906,41.23,60.83,388.92,4.98024,-51.9192,-17.5271,1014.8
33122,-20.8082,37.9197,-2.56815,-1.89,67.06,348.25,2.51042,-53.7079,-16.4189,1014.8
33128,-23.4146,38.0775,-9.75131,-57.12,75.81,308.14,1.55154,-54.2013,-16.6701,1014.81
33134,-31.8221,30.5069,-13.1707,-131.95,76.02,264.04,0.592669,-52.4743,-18.3694,1014.81
33140,-38.3692,18.3118,-8.08704,-148.96,62.72,219.45,-0.511488,-52.3509,-18.6945,1014.8
33146,-48.2544,-7.13534,8.76614,-62.3,40.39,177.8,-2.19678,-52.8444,-18.5319,1014.8
33152,-51.5447,-11.2243,6.09278,41.51,22.61,147.07,-2.42924,-51.5491,-19.6402,1014.79
33158,-51.1956,-5.14108,4.20373,96.67,2.45,100.31,-2.98131,-50.6856,-19.256,1014.79
33164,-45.9732,0.492587,6.25538,147.56,8.68,41.51,-3.91113,-53.2453,-16.7883,1014.83
33170,-40.0191,11.8077,5.49976,173.18,11.62,-21.28,-3.50434,-52.9369,-17.4089,1014.83
33176,-34.9928,18.8522,2.41033,145.25,12.46,-83.44,-2.95226,-52.3818,-17.9113,1014.83
33182,-28.9192,21.7456,2.70684,109.62,29.4,-131.81,-1.93527,-53.9546,-15.4289,1014.78
33188,-22.0038,20.2535,2.49641,87.15,56.28,-160.86,-2.5164,-54.6022,-15.3993,1014.78
33194,-19.1439,20.7795,7.27881,-16.87,-58.87,-125.58,-0.802056,-52.8135,-15.1629,1014.8
33200,49.9522,121.263,14.395,-197.33,92.12,-318.64,0.912294,-54.5714,-13.9512,1014.8
33206,-1.0856,-54.6437,47.7762,-19.25,13.65,-242.27,1.95834,-55.0648,-15.355,1014.8
33212,39.5361,0.286944,-32.6925,5.46,175.98,-324.31,3.5274,-53.1528,-14.7048,1014.8
33218,10.6648,14.6772,9.2922,-72.59,136.57,-340.83,5.85194,-53.3378,-15.5175,1014.8
33224,9.27786,2.20469,7.03969,-91.63,136.78,-324.1,7.39195,-55.2807,-15.2072,1014.8
33230,6.60928,-2.49641,9.32568,-5.6,186.27,-350.42,8.81573,-53.5845,-15.7687,1014.82
33236,-5.50933,5.52845,11.9417,45.29,188.44,-366.24,11.6924,-52.536,-15.5619,1014.82
33242,-13.845,9.76566,10.2056,41.93,140.28,-343,13.7554,-54.3863,-14.1433,1014.82
33248,-19.2731,18.6083,5.86322,16.31,91.56,-335.23,15.3535,-53.5845,-13.3602,1014.85
33254,-19.3783,25.3945,6.49928,-6.3,24.22,-325.92,17.7652,-51.0248,-14.3354,1014.85
33260,-12.8455,22.5921,1.67384,-20.93,-3.22,-277.41,17.9105,-51.7341,-15.0742,1014.81
33266,-9.16786,14.2324,6.80057,-18.9,-63.91,-249.2,19.683,-51.9809,-13.6409,1014.81
33272,-1.58776,13.2855,0.540411,-5.81,-75.39,-237.02,20.729,-50.8398,-13.0794,1014.85
33278,3.95983,10.5356,-2.0373,-1.4,-34.37,-236.39,21.7169,-49.6987,-15.8131,1014.85
33284,-4.06504,31.1478,-14.7154,7.91,140.42,-219.66,22.9373,-50.6547,-13.4636,1014.81
33290,-11.7551,21.3821,-20.44,-56.49,151.27,-102.48,24.3611,-50.3463,-13.8035,1014.81
33296,-20.4543,18.2162,3.46724,-83.86,21.42,-49.21,24.1868,-49.0819,-14.3354,1014.81
33302,-4.21808,10.2391,3.99809,-106.61,-38.22,-52.71,25.0585,-49.8221,-13.6409,1014.81
33308,3.67288,3.61549,5.22238,-50.33,27.3,-42.35,24.3321,-49.3903,-13.5671,1014.81
33314,-1.46341,7.47967,2.3912,-12.88,49.35,-38.99,25.2038,-47.8792,-14.5866,1014.82
33320,-5.49976,9.20134,4.88283,-33.6,8.4,-26.39,25.843,-47.5399,-14.232,1014.82
33326,-2.20469,5.71019,5.82018,5.32,3.43,-15.89,25.1166,-49.7604,-13.5966,1014.79
33332,-1.19082,10.1578,1.10473,3.29,-4.97,-16.03,25.4072,-48.1259,-14.6753,1014.79
33338,-0.5978,11.1286,-1.18125,0.7,-4.62,-11.83,25.4943,-47.6324,-15.8722,1014.81
33344,0.803443,10.3874,-1.10952,-2.31,3.15,-12.74,26.1045,-49.3903,-14.7639,1014.81
33350,0.325203,10.0383,0.186514,-2.1,0.42,-13.79,25.349,-48.7427,-15.3107,1014.81
33356,-0.373027,10.5069,1.23386,1.68,-1.68,-10.85,25.9011,-47.0773,-14.4684,1014.83
33362,0.71736,10.7078,0.109995,1.33,-4.06,-12.46,26.0755,-48.0025,-14.3798,1014.83
33368,-0.071736,10.8847,-0.69823,-6.37,-0.56,-15.82,27.0343,-49.2361,-13.7148,1014.81
33374,-0.229555,10.3778,0.449546,-7.07,-2.38,-15.68,26.2498,-47.7866,-14.8083,1014.81
33380,-0.521282,10.44,1.53993,-2.31,-8.61,-16.38,26.1336,-47.3857,-16.3155,1014.79
33386,0.0430416,9.94739,0.679101,-5.53,-3.22,-15.19,26.337,-48.7427,-14.4241,1014.79
33392,0.0669536,10.5022,0.0669536,-9.87,-4.48,-16.52,25.7558,-47.0157,-15.7096,1014.8
33398,-0.0526064,9.58393,0.540411,-8.4,-6.93,-18.83,26.0755,-47.4166,-15.2368,1014.8
33404,0.0382592,10.4878,-0.502152,-9.38,-7.28,-16.03,26.8309,-49.1128,-14.365,1014.82
33410,-0.0813008,10.0765,0.492587,-8.68,-10.92,-15.54,26.2789,-48.1567,-14.2172,1014.82
33416,0.401722,9.70827,0.282162,-9.17,-7.7,-16.73,26.4823,-46.7381,-14.8526,1014.82
33422,-0.11956,9.81827,0.521282,-8.26,-7.84,-16.52,27.0343,-47.7558,-14.9265,1014.86
33428,-0.21999,9.77044,0.903874,-8.82,-8.96,-16.45,27.0053,-48.3726,-15.355,1014.86
33434,0.224773,9.63175,0.631277,-8.26,-6.72,-15.61,27.2377,-46.9848,-16.0495,1014.85
33440,-0.253467,9.41176,0.554758,-7.7,-6.37,-14.63,27.0053,-47.91,-15.0447,1014.85
33446,-0.296509,9.84218,0.0621712,-10.64,-5.88,-13.72,26.9181,-48.9894,-14.9265,1014.8
33452,0.0334768,9.75131,0.435198,-9.8,-3.15,-14.56,27.1506,-46.954,-16.0495,1014.8
33458,-0.229555,10.1722,0.0191296,-11.2,-2.52,-13.16,27.0343,-47.6016,-16.2268,1014.83
33464,-0.430416,10.2009,-0.0813008,-15.96,-6.58,-12.81,26.6566,-48.1259,-14.7048,1014.83
33470,-0.191296,9.76088,-0.0143472,-24.15,-8.4,-13.93,26.337,-47.6941,-15.7244,1014.83
33476,0.750837,10.5213,-1.39168,-24.92,-2.66,-12.88,27.354,-46.5839,-15.9904,1014.82
33482,-0.483022,10.1052,0.349115,-29.26,-3.92,-13.79,26.6275,-47.6324,-16.9213,1014.82
33488,-0.0908656,10.3874,-1.17169,-31.15,-4.9,-14.84,26.7728,-48.5268,-16.0938,1014.81
33494,-0.148254,10.55,0.392157,-29.82,-6.72,-16.73,26.8019,-46.0905,-16.744,1014.81
33500,-0.439981,10.0956,0.329986,-34.93,-5.18,-16.45,26.6856,-46.7073,-16.0938,1014.81
33506,-0.25825,9.61741,0.822573,-34.16,-6.93,-16.87,27.5864,-48.3109,-15.9756,1014.81
33512,0.248685,9.91392,0.636059,-32.13,-7.91,-18.83,27.2377,-47.3857,-16.1677,1014.82
33518,-0.396939,9.89957,0.71736,-31.99,-9.94,-17.71,27.0634,-47.4782,-17.1282,1014.82
33524,-0.827355,9.79914,1.78862,-33.04,-12.25,-17.43,27.383,-47.324,-17.335,1014.82
33530,0.593018,10.0622,0.0765184,-33.11,-7.84,-19.95,27.4121,-46.183,-16.5962,1014.81
33536,-0.726925,8.90961,1.42516,-30.8,-9.31,-21.07,27.4992,-45.2578,-17.0247,1014.81
33542,0.0095648,9.63654,0.669536,-29.26,-12.88,-19.53,27.7898,-45.9979,-17.5271,1014.84
33548,-0.454328,10.0526,0.989957,-30.94,-15.12,-23.03,27.906,-46.0596,-18.2955,1014.84
33554,-0.712578,10.1148,1.70253,-27.72,-16.94,-21.77,27.9641,-45.2886,-16.611,1014.83
33560,-0.444763,10.043,0.382592,-31.08,-15.89,-24.43,28.0513,-46.1521,-18.266,1014.83
33566,-0.23912,9.45002,0.420851,-32.34,-16.31,-25.76,28.5743,-46.6456,-18.3103,1014.84
33572,-0.186514,9.35437,0.83692,-34.86,-15.82,-26.18,28.1385,-44.8569,-18.0591,1014.84
33578,-0.483022,8.95744,1.26734,-28.98,-17.99,-26.53,28.4872,-44.9185,-18.8718,1014.85
33584,0.0908656,9.23481,0.903874,-26.04,-16.45,-27.44,28.4291,-46.7073,-18.5763,1014.85
33590,0.688666,9.74653,1.11908,-26.32,-13.79,-30.94,28.7196,-45.5662,-19.389,1014.85
33596,0.109995,10.2248,2.24295,-22.68,-12.53,-31.64,27.9932,-43.685,-20.4085,1014.83
33602,0.468675,9.86131,1.55906,-19.32,-9.38,-34.23,28.9521,-45.0111,-19.4481,1014.83
33608,1.51124,12.0469,4.13678,-17.85,-10.15,-40.46,28.7487,-45.3811,-19.7879,1014.81
33614,0.564323,10.2439,4.95457,-8.4,-9.52,-47.04,28.894,-43.5616,-20.246,1014.81
33620,-0.109995,10.6648,2.98422,-4.97,-2.8,-51.52,28.894,-43.6541,-20.3199,1014.84
33626,0.196078,10.4208,2.95074,-1.05,-0.07,-54.95,30.1725,-45.2886,-18.8422,1014.84
33632,0.210426,11.473,3.84027,5.25,2.1,-59.99,29.5332,-43.0373,-20.3347,1014.82
33638,-0.172166,11.6547,2.65423,8.68,-1.26,-66.36,30.1143,-43.0682,-20.9405,1014.82
33644,1.09039,11.4299,1.4682,7.35,3.29,-74.83,30.7245,-44.8877,-19.714,1014.82
33650,0.851267,12.1664,1.81253,8.4,6.16,-81.97,30.8989,-43.8083,-18.7092,1014.82
33656,0.746054,12.3338,1.72645,12.53,0.21,-90.72,30.986,-42.0196,-19.4924,1014.82
33662,0.655189,12.7164,1.83644,12.32,2.8,-98.28,31.8578,-43.9317,-19.4776,1014.81
33668,0.927786,13.5533,1.25299,10.29,3.64,-107.59,32.3227,-43.9625,-19.4333,1014.81
33674,0.57867,12.176,2.21903,8.61,0.63,-116.76,32.0612,-41.7112,-20.0096,1014.82
33680,1.06648,12.329,1.74558,11.83,6.58,-123.13,33.0491,-42.513,-17.6453,1014.82
33686,0.879962,12.2334,3.11334,14.35,3.99,-130.62,33.5721,-42.9448,-18.9013,1014.83
33692,1.17169,11.8364,2.43424,19.25,11.13,-137.9,34.1823,-40.9094,-18.7092,1014.83
33698,0.607365,13.6011,2.60641,24.85,11.62,-148.12,34.2404,-40.6318,-18.133,1014.83
33704,0.95648,13.6251,2.24295,28.49,9.59,-159.46,35.7804,-41.3411,-17.9852,1014.79
33710,-0.109995,14.1894,-0.416069,30.1,8.82,-171.29,35.6061,-40.1075,-17.335,1014.79
33716,0.45911,14.7728,0.631277,29.96,5.67,-181.51,35.6642,-38.3188,-17.4237,1014.81
33722,0.946915,16.0354,0.602582,27.3,0.56,-195.65,36.4778,-39.0898,-18.1477,1014.81
33728,1.02822,16.461,0.109995,26.39,2.45,-208.74,38.1631,-38.5964,-17.5862,1014.86
33734,1.80775,17.4605,0.784314,23.03,1.19,-224.28,37.8434,-37.2703,-18.8275,1014.86
33740,2.53945,18.3644,0.277379,24.36,2.24,-243.6,38.7733,-36.3759,-17.0838,1014.83
33746,2.58728,21.0713,-1.95122,17.5,0.98,-266.56,40.3133,-36.6535,-16.6553,1014.83
33752,2.2812,22.1043,-3.87853,2.31,-4.06,-290.64,40.4586,-33.8162,-17.01,1014.83
33758,1.26734,21.8556,-5.79149,-15.12,-13.93,-314.58,41.3303,-32.6752,-17.2907,1014.83
33764,2.00383,21.5734,-4.945,-24.29,-16.66,-337.54,43.3061,-32.0275,-16.4189,1014.83
33770,1.56863,21.7934,-1.28168,-18.69,-17.5,-361.2,43.3352,-30.6089,-16.8031,1014.82
33776,4.65806,22.0803,0.521282,-11.27,-19.39,-392.42,43.0737,-27.4633,-17.2759,1014.82
33782,4.97848,22.5777,1.09039,-6.58,-12.18,-422.17,44.8171,-26.9698,-16.5814,1014.83
33788,4.20373,24.1702,2.12339,2.87,-7.21,-452.62,45.6016,-25.1811,-17.0986,1014.83
33794,3.98374,26.4036,0.970827,4.34,-10.64,-480.13,46.2118,-21.357,-16.7588,1014.82
33800,3.78766,28.7135,-0.521282,-7.28,-8.12,-509.74,46.9092,-19.3832,-16.611,1014.82
33806,1.36298,24.4476,-0.0095648,-0.07,-0.49,-516.53,49.4952,-17.7796,-16.8326,1014.84
33812,-4.49546,29.9904,7.26447,31.08,-28.56,-514.29,48.3039,-14.3872,-16.4189,1014.84
33818,3.6968,28.9813,-3.16117,3.43,-22.05,-512.47,48.362,-11.3649,-16.8474,1014.84
33824,-3.79244,25.8106,5.38498,28.14,-36.05,-514.29,50.3669,-9.5762,-16.5962,1014.79
33830,-2.6638,29.7752,0.0526064,33.25,-57.54,-505.75,50.1054,-6.52306,-17.0395,1014.79
33836,2.29077,30.6887,-5.32759,6.79,-69.09,-494.34,48.6526,-3.34657,-17.9852,1014.81
33842,6.13582,24.4907,-5.72453,-4.13,-78.05,-469.14,49.4371,-2.2055,-17.8965,1014.81
33848,4.06982,18.2114,-6.45146,-2.03,-72.8,-432.39,49.4371,1.15603,-16.8031,1014.82
33854,5.36585,18.6561,-5.85844,-23.24,-133.14,-410.06,47.839,3.49985,-17.3498,1014.82
33860,16.6619,7.73314,-9.35916,-46.41,-140.63,-375.06,47.1126,5.68948,-19.3742,1014.77
33866,15.1267,-2.89813,-6.71927,-22.68,-73.64,-353.08,47.868,7.94078,-19.0491,1014.77
33872,-15.605,5.50454,-5.6241,9.94,-9.87,-218.61,45.6307,9.39025,-19.6993,1014.77
33878,-14.8733,12.4151,0.966045,-19.53,-122.29,-90.65,45.7469,9.79116,-19.7288,1014.79
33884,11.6834,0.640842,-1.02822,24.57,-66.85,6.65,46.9382,9.42109,-19.714,1014.79
33890,8.99091,4.95935,-2.05643,44.31,-10.29,92.47,46.9673,9.63696,-20.0243,1014.76
33896,9.52176,7.56097,-0.382592,34.16,-8.75,155.47,45.5144,10.2538,-20.8223,1014.76
33902,12.1186,7.84792,-2.08034,34.58,34.23,184.94,46.3861,8.55757,-21.0439,1014.8
33908,10.0478,10.7365,-1.49211,17.99,44.66,200.06,47.4612,7.20062,-19.6106,1014.8
33914,10.88,8.38833,-1.29603,12.46,65.59,206.92,47.0835,5.56612,-20.7632,1014.76
33920,9.58871,7.59445,-1.28647,4.55,78.19,207.76,46.7929,5.10352,-19.5515,1014.76
33926,8.62267,5.29412,-1.7934,-1.61,86.52,207.2,47.868,2.7597,-20.5563,1014.8
33932,7.7714,4.50024,-1.4395,-3.57,93.17,209.16,48.1005,2.66718,-18.7092,1014.8
33938,6.29364,3.1803,-1.62602,-4.2,94.64,210.56,47.4612,2.51298,-18.5615,1014.8
33944,5.43759,2.7164,-1.58297,-3.5,93.94,212.66,49.1465,0.631758,-18.1921,1014.8
33950,4.08417,2.37685,-1.50646,0,90.86,217.28,48.885,-0.0775563,-16.8031,1014.8
33956,2.94596,2.60641,-1.49689,1.61,82.25,225.12,48.2458,-1.15695,-16.9656,1014.78
33962,2.10426,2.75466,-1.53515,5.74,73.64,234.36,49.6986,-2.11298,-16.0199,1014.78
33968,1.1956,2.93639,-1.23386,8.54,62.3,246.82,49.6696,-4.42596,-16.8179,1014.77
33974,0.506934,3.32855,-1.39646,11.41,49.98,261.17,48.7397,-4.27176,-16.0347,1014.77
33980,-0.0621712,3.66332,-1.20995,13.86,36.75,276.92,49.379,-6.7081,-15.8278,1014.76
33986,-0.25825,3.8594,-0.798661,16.66,22.61,293.86,50.919,-9.48368,-15.5619,1014.76
33992,-0.286944,4.16547,-0.688666,21,9.17,310.17,49.6986,-10.1313,-16.744,1014.76
33998,0.10043,4.5911,-0.468675,25.34,-3.29,324.38,49.1175,-11.149,-15.4289,1014.75
34004,0.420851,4.78718,-0.205643,30.59,-14.14,335.86,49.7858,-14.048,-15.1038,1014.75
34010,0.899091,5.41846,-0.21999,34.23,-24.22,345.59,48.8269,-16.1759,-15.6949,1014.74
34016,1.21951,5.72932,0.133907,38.43,-31.5,351.96,48.3911,-17.5329,-16.3155,1014.74
34022,1.56863,6.39885,0.69823,42.84,-40.32,355.95,48.2748,-19.1982,-17.5419,1014.71
34028,2.73075,7.00143,0.368245,46.06,-39.34,360.29,47.1997,-21.6654,-17.0543,1014.71
34034,2.5538,8.0966,0.688666,46.97,-41.72,361.2,46.3861,-22.4364,-18.2068,1014.8
34040,2.6638,8.5318,0.47824,47.67,-41.58,363.09,46.328,-25.0886,-17.6453,1014.8
34046,2.28599,9.30655,0.573888,46.48,-41.72,365.26,46.1246,-28.08,-16.8031,1014.8
34052,1.69775,10.4448,0.631277,45.85,-42.42,366.17,43.3352,-28.3884,-17.9113,1014.77
34058,1.3582,11.2291,0.741272,45.29,-43.19,366.1,42.4925,-29.2211,-16.7292,1014.77
34064,0.621712,13.9837,0.526064,45.22,-45.01,367.99,42.3763,-32.7985,-17.9261,1014.75
34070,-0.0334768,12.8934,1.08082,47.74,-50.12,366.17,40.4586,-33.8779,-18.591,1014.75
34076,-0.784314,13.6442,1.49689,50.19,-55.16,368.97,39.4416,-34.1246,-17.8522,1014.76
34082,-0.908656,14.505,1.24342,55.02,-55.86,370.65,38.5699,-37.6712,-18.3989,1014.76
34088,-0.554758,15.1985,1.34385,55.79,-58.1,370.3,36.9427,-38.8431,-18.5024,1014.78
34094,-1.0043,16.6236,1.65949,60.9,-59.08,372.26,35.1412,-38.4422,-17.7636,1014.78
34100,-0.329986,16.9297,1.67384,64.05,-60.2,372.89,33.9208,-40.7552,-18.7684,1014.8
34106,-0.23912,17.4271,1.91296,69.51,-58.45,375.76,32.7585,-42.9448,-17.9261,1014.8
34112,-0.382592,18.5366,2.06121,72.45,-56.49,377.16,31.7706,-43.2532,-17.5862,1014.8
34118,-0.535629,19.0866,2.37685,75.81,-54.46,379.54,28.8358,-44.6101,-18.8866,1014.8
34124,-0.554758,20.3156,2.12339,79.59,-50.54,384.16,27.4702,-47.4474,-18.9604,1014.8
34130,-0.784314,21.2817,2.54424,80.71,-50.26,389.9,25.9011,-46.7998,-19.3446,1014.78
34136,-0.741272,22.9364,2.7164,85.82,-45.92,394.52,24.1868,-47.2007,-19.0343,1014.78
34142,-0.674318,24.1607,2.60641,88.9,-38.85,398.02,21.9203,-49.2361,-17.1577,1014.8
34148,-0.95648,25.9636,2.64467,90.09,-30.1,403.13,20.1479,-50.9015,-17.0247,1014.8
34154,0.267814,26.4897,1.66906,93.31,-24.64,404.18,18.3173,-50.9323,-17.1577,1014.81
34160,-2.72597,27.6997,2.65901,88.83,-2.1,408.87,16.5739,-51.765,-16.6701,1014.81
34166,-4.15591,28.2688,3.25681,81.62,12.6,406.49,14.4237,-53.5228,-17.4533,1014.81
34172,-7.68532,28.6753,4.05069,82.39,13.3,405.93,11.9539,-53.0294,-16.0199,1014.81
34178,-11.1239,28.9,4.43328,81.48,24.57,399.63,10.4139,-53.7387,-17.0986,1014.81
34184,-13.9742,30.9565,4.90674,71.47,27.02,386.05,8.26366,-54.6947,-14.1581,1014.82
34190,-17.1545,31.0904,5.22716,60.34,34.65,370.79,6.25874,-54.9415,-15.9165,1014.82
34196,-19.9139,32.1856,3.64897,38.15,38.71,346.5,4.39911,-53.7079,-15.1629,1014.82
34202,-22.5251,36.5614,-6.54711,-4.97,39.48,311.29,2.39419,-55.1882,-14.9265,1014.82
34208,-27.3697,38.6609,-13.6011,-90.37,36.61,275.59,0.650783,-55.034,-15.1629,1014.79
34214,-34.9163,26.1023,-10.8513,-150.5,25.34,237.51,0.156818,-52.7518,-16.345,1014.79
34220,-40.6743,15.7963,-6.8484,-160.37,0.84,196.21,-1.03451,-53.1836,-17.5124,1014.79
34226,-48.9431,-7.10665,6.6858,-87.29,-32.83,157.5,-1.81904,-53.7079,-17.9409,1014.76
34232,-51.7408,-12.1043,7.00622,20.02,-62.02,122.5,-1.87716,-52.3201,-18.0886,1014.76
34238,-49.6604,-5.93018,4.03635,82.53,-83.09,74.62,-3.38811,-52.4434,-18.0886,1014.83
34244,-43.0464,-3.11812,8.07269,148.82,-81.9,14.77,-4.05641,-53.492,-16.7883,1014.83
34250,-33.4003,7.07317,8.42659,181.93,-68.88,-55.65,-3.64962,-53.5845,-16.7588,1014.8
34256,-28.8092,15.4232,4.89718,148.26,-61.04,-112.84,-3.27188,-52.4743,-15.6801,1014.8
34262,-22.9029,20.4161,3.73984,146.02,-34.16,-162.68,-2.19678,-54.1396,-14.0399,1014.82
34268,-20.0191,23.4577,1.43472,82.95,-15.61,-188.02,-2.0515,-55.2499,-14.0695,1014.82
34274,40.0478,124.83,111.569,431.55,-388.43,-284.62,-1.15074,-53.5228,-13.5671,1014.84
34280,41.1286,73.6729,-74.4668,-487.83,26.6,-213.64,0.360215,-54.1088,-14.2024,1014.84
34286,17.3984,-25.7771,-27.3314,123.41,45.08,-205.1,1.46437,-55.3732,-13.5671,1014.84
34292,31.296,22.7834,-16.834,-7.14,169.75,-241.22,3.64363,-53.5537,-14.1286,1014.83
34298,5.57628,15.5045,-0.349115,-99.19,120.05,-253.89,4.48628,-53.9238,-14.8231,1014.83
34304,12.5873,12.1712,1.26255,-165.34,106.4,-312.97,6.05534,-54.9723,-13.7296,1014.83
34310,13.2186,-1.50167,5.72453,-142.66,211.05,-309.75,7.10139,-54.2322,-15.4584,1014.83
34316,-0.0334768,-2.97944,11.7982,-88.41,225.33,-335.65,9.94895,-53.2453,-16.2711,1014.82
34322,-10.3204,4.66762,14.6868,-61.11,170.87,-343.14,11.8086,-53.9238,-15.7244,1014.82
34328,-14.3998,10.2439,16.5901,-42.84,103.88,-328.58,13.6392,-54.1396,-15.6949,1014.82
34334,-17.2262,14.3711,13.7685,-14.21,62.86,-302.4,15.7312,-52.1042,-15.3993,1014.82
34340,-17.8957,22.8503,8.11095,-28.7,4.55,-273.91,17.0969,-52.0117,-15.5323,1014.82
34346,-11.9656,17.9436,4.13678,-34.09,-52.15,-243.74,18.3173,-52.536,-14.8083,1014.83
34352,-3.69201,12.0947,3.81636,-22.12,-79.94,-232.05,19.3052,-50.9015,-16.9509,1014.83
34358,3.27116,8.23051,1.49211,-8.4,-63.63,-241.43,20.4675,-50.408,-15.8722,1014.85
34364,3.66332,11.2865,-2.65423,12.18,-16.38,-219.17,21.6588,-51.179,-16.744,1014.85
34370,-5.76757,31.4251,-14.6915,-20.86,142.73,-155.26,23.2279,-50.4697,-16.079,1014.82
34376,-20.4113,16.8771,-5.56671,-46.41,107.31,-58.45,22.8502,-48.7118,-18,1014.82
34382,-14.9689,21.1478,4.29938,-114.94,-23.24,-56.91,23.809,-50.5005,-16.3894,1014.82
34388,5.30368,3.17073,3.57245,-67.83,-6.02,-72.24,24.0124,-50.0688,-17.3794,1014.82
34394,5.27977,5.87757,1.27212,-35.91,49.56,-46.83,23.5475,-48.5268,-17.9704,1014.82
34400,-4.47633,10.7461,1.22429,-32.83,37.8,-41.65,24.6226,-48.2184,-17.7045,1014.83
34406,-4.70588,8.90961,4.25634,-23.66,13.86,-43.75,24.2158,-49.452,-17.1282,1014.83
34412,-1.50646,8.34529,2.69727,-13.16,16.17,-29.89,24.9422,-47.8792,-17.7488,1014.84
34418,-2.00383,11.2817,-0.200861,-12.18,17.36,-11.13,24.7679,-47.7558,-16.9804,1014.84
34424,0.593018,10.9947,-0.0765184,-21.28,7.7,-20.23,25.2038,-48.9894,-18,1014.84
34430,0.961262,10.3587,-0.693448,-21.07,18.55,-25.06,25.2619,-48.1567,-18.0591,1014.84
34436,-1.69297,10.22,0.712578,-19.25,16.45,-15.4,25.0875,-47.139,-18.0591,1014.83
34442,-1.33429,10.6934,1.09039,-20.65,4.2,-17.29,24.9713,-48.496,-16.0347,1014.83
34448,0.229555,9.97609,0.755619,-16.45,8.89,-10.43,25.1747,-48.2184,-17.01,1014.83
34454,0.023912,9.55523,1.22429,-14.49,6.65,-15.82,25.6977,-47.0157,-18.1034,1014.83
34460,0.353898,10.2104,0.310856,-13.16,3.99,-14.7,25.6977,-47.5399,-16.6997,1014.83
34466,-0.401722,9.62697,1.7934,-11.27,0.77,-13.65,25.7268,-48.0334,-17.468,1014.82
34472,0.196078,9.74653,1.64515,-6.86,0.63,-9.31,25.6396,-47.3549,-18.5763,1014.82
34478,-0.196078,9.16786,1.78862,1.33,-1.4,-12.04,25.9011,-46.5839,-18.0886,1014.82
34484,-0.396939,10.2535,0.750837,2.45,-4.06,-14.07,25.6396,-47.9408,-16.9213,1014.82
34490,0.109995,10.1817,0.363462,1.54,-6.23,-14.35,26.2498,-47.725,-16.9065,1014.84
34496,0.181731,10.3826,0.023912,-1.19,-6.79,-12.53,26.3079,-46.5222,-16.9804,1014.84
34502,0.215208,9.94261,0.387374,-1.96,-4.69,-14.77,25.2038,-48.2184,-17.5124,1014.83
34508,-0.0621712,9.93304,0.516499,-2.94,-5.74,-15.89,26.9472,-48.1567,-17.9409,1014.83
34514,0.0669536,9.80392,0.573888,-3.99,-4.62,-15.05,26.2207,-47.725,-17.0691,1014.83
34520,-0.114778,9.94261,0.363462,-5.39,-4.9,-15.61,26.366,-47.2007,-17.9113,1014.84
34526,-0.296509,9.56958,0.85605,-5.32,-5.74,-14,26.1336,-48.1876,-18.0443,1014.84
34532,-0.191296,9.82783,0.487805,-7.77,-5.67,-13.65,26.7438,-46.6764,-18.0443,1014.8
34538,0.530846,9.42611,0.234338,-7.35,-1.33,-14.56,26.6566,-45.7204,-18.7388,1014.8
34544,0.439981,9.73218,0.0143472,-8.54,4.34,-14.77,27.8479,-47.0773,-17.5419,1014.84
34550,-0.750837,10.4161,-0.071736,-12.74,0.91,-13.79,26.6566,-47.2624,-17.2759,1014.84
34556,-0.827355,10.5691,-0.143472,-19.18,-4.9,-13.65,27.1506,-45.9054,-18.5024,1014.81
34562,0.148254,10.1913,-0.899091,-25.48,6.72,-14.49,26.7728,-47.2315,-17.7045,1014.81
34568,-0.511717,9.55045,0.272597,-26.32,3.29,-13.02,27.3249,-48.3726,-18.2068,1014.83
34574,-0.81779,10.2869,-0.33955,-30.87,2.52,-11.83,27.0924,-46.4605,-18.4876,1014.83
34580,-0.712578,10.3874,0.573888,-35.56,-3.5,-12.6,27.1506,-46.4605,-17.7045,1014.83
34586,-0.449546,10.2152,0.406504,-35.42,-5.81,-14.49,27.3249,-47.2624,-18.2216,1014.78
34592,0.47824,10.6887,0.124342,-35.63,-8.96,-17.29,27.8189,-46.954,-18.0443,1014.78
34598,-0.0669536,9.8374,0.722142,-35.77,-7.84,-17.01,27.1215,-46.7998,-18.8422,1014.82
34604,-0.789096,9.99522,1.53515,-30.8,-13.02,-15.75,27.6155,-47.0157,-18.7831,1014.82
34610,-0.420851,10.1243,0.693448,-32.48,-13.65,-18.55,27.7317,-46.5531,-19.7731,1014.84
34616,-0.196078,9.99043,0.942133,-31.43,-15.12,-18.48,27.383,-45.0111,-19.4185,1014.84
34622,-0.253467,10.0861,0.808226,-29.47,-16.66,-21.21,27.9641,-46.368,-20.0243,1014.85
34628,0.095648,10.1961,1.07126,-28.77,-17.15,-21.07,28.0513,-46.6147,-19.9505,1014.85
34634,-0.0765184,9.68436,0.526064,-30.66,-16.1,-26.81,27.9351,-44.3326,-20.512,1014.85
34640,-0.406504,9.69871,1.23386,-40.46,-20.51,-24.85,27.8479,-45.412,-21.5315,1014.84
34646,0.210426,9.11047,1.17169,-32.76,-0.7,-27.37,28.5162,-47.0773,-21.3099,1014.84
34652,-0.674318,9.09134,2.47728,-27.16,-19.95,-23.45,28.4291,-45.0111,-20.4529,1014.82
34658,0.0573888,10.5261,1.03778,-26.95,-18.69,-25.62,28.0513,-43.9008,-20.6302,1014.82
34664,-0.903874,11.0091,1.22429,-33.53,-20.44,-30.24,28.0223,-45.9671,-20.2903,1014.85
34670,-0.310856,10.33,1.62602,-31.57,-18.83,-35.14,28.5162,-45.3195,-21.0587,1014.85
34676,-0.420851,8.97657,0.49737,-29.68,-18.62,-32.76,28.4291,-43.4999,-21.7532,1014.83
34682,-0.549976,9.78479,0.306074,-32.41,-16.94,-32.62,28.4,-44.9185,-22.5954,1014.83
34688,-0.363462,11.4108,1.37255,-32.2,-18.55,-37.87,28.4581,-44.9802,-21.6202,1014.83
34694,0.186514,11.4012,1.31038,-35.63,-20.16,-42.7,28.2547,-43.4999,-22.4625,1014.82
34700,-0.545194,8.8044,1.97513,-24.99,-15.89,-42.35,28.5743,-43.5924,-21.3838,1014.82
34706,0.750837,11.1143,3.95504,-22.96,-21.07,-49.56,29.7366,-45.0111,-21.4133,1014.84
34712,3.10856,11.296,5.8967,-20.37,-16.94,-65.45,29.5913,-42.7598,-22.3442,1014.84
34718,2.22382,10.2296,2.26208,-9.1,-4.69,-71.68,29.446,-43.0065,-22.1965,1014.84
34724,0.0047824,9.47394,1.91774,-5.74,-5.32,-73.22,30.1725,-44.3943,-21.6941,1014.84
34730,0.396939,12.1999,3.39072,-3.43,-8.26,-72.73,30.434,-43.7466,-21.8862,1014.87
34736,1.24342,11.4204,4.11286,-1.54,-1.4,-79.8,30.3468,-42.0813,-21.6202,1014.87
34742,1.66906,11.7647,2.62076,9.17,7.14,-90.51,30.3177,-42.513,-23.2308,1014.86
34748,-0.167384,12.8503,3.86418,11.27,5.32,-97.44,31.3638,-42.9448,-21.5463,1014.86
34754,0.683883,11.7456,2.86944,6.72,5.81,-108.78,31.6834,-41.0019,-22.1521,1014.86
34760,1.51602,12.1043,2.5538,13.58,11.55,-115.15,31.7125,-41.7112,-21.7236,1014.83
34766,0.607365,11.0665,4.42372,18.97,15.26,-122.99,33.2525,-42.2355,-21.103,1014.83
34772,1.5208,12.023,3.47202,25.48,19.88,-129.71,32.5842,-41.0019,-21.2803,1014.81
34778,0.798661,12.7499,3.37637,29.4,21.98,-139.44,33.2234,-39.9225,-21.6202,1014.81
34784,1.25299,12.836,2.37685,36.33,24.36,-150.78,34.6181,-41.6495,-20.5858,1014.83
34790,0.621712,14.5815,1.97035,37.45,20.65,-162.47,35.1993,-40.1384,-20.6154,1014.83
34796,0.841702,14.022,0.49737,38.15,21.49,-173.81,34.8215,-38.9048,-20.97,1014.87
34802,1.30081,15.7245,1.86035,41.02,20.16,-188.86,36.4778,-38.8431,-20.8075,1014.87
34808,1.62602,16.7623,1.39168,41.3,15.26,-204.68,37.0008,-38.8123,-20.8223,1014.87
34814,1.82688,18.0918,-0.143472,41.79,16.94,-223.86,37.8725,-36.3143,-20.5267,1014.83
34820,1.956,19.6365,-0.181731,34.79,9.73,-242.83,38.0468,-36.1601,-20.5711,1014.83
34826,2.85988,21.5973,-1.97991,26.81,9.03,-264.67,39.9065,-36.3451,-18.7536,1014.85
34832,2.87422,22.4868,-3.17073,11.06,4.83,-290.01,39.3835,-33.477,-20.4529,1014.85
34838,2.32425,22.9507,-3.56767,0.42,-2.1,-316.19,40.2552,-32.1817,-19.3594,1014.85
34844,3.62984,21.3295,-2.40555,0.35,-4.13,-341.88,42.202,-31.8733,-19.8766,1014.85
34850,5.53324,23.4959,0.602582,3.36,1.82,-368.34,42.9284,-29.8379,-19.3742,1014.85
34856,6.48972,27.2023,1.91296,-9.52,8.61,-401.45,42.725,-28.5118,-18.9752,1014.85
34862,7.68053,25.8297,0.626494,-17.5,16.31,-437.43,45.5725,-27.0315,-17.7783,1014.85
34868,3.61071,22.5777,1.64515,-7.98,22.96,-469,46.0084,-25.2736,-18.133,1014.84
34874,2.08991,24.572,0.0382592,5.67,13.02,-495.95,45.5725,-21.2336,-18.2955,1014.84
34880,4.88761,30.9565,-0.502152,-10.15,-6.65,-525.98,47.868,-20.0617,-19.0343,1014.81
34886,4.85892,25.1602,-2.13295,-8.75,28,-531.72,48.856,-17.4095,-18.1034,1014.81
34892,-5.90626,31.076,5.12195,28.7,-18.9,-531.72,48.7107,-13.9246,-18,1014.82
34898,4.01722,26.6906,-3.73984,-4.13,-20.79,-530.74,48.3911,-11.1799,-17.867,1014.82
34904,-2.29077,26.021,3.21856,8.33,-23.38,-524.58,50.9481,-8.77437,-17.2168,1014.8
34910,-0.97561,28.5127,0.0095648,24.01,-38.5,-514.36,50.1345,-5.81375,-17.4828,1014.8
34916,3.55811,29.3065,-5.33716,-5.46,-59.36,-505.82,49.3499,-2.48306,-17.9852,1014.8
34922,5.09804,20.4161,-4.34242,-3.01,-59.78,-470.47,50.2216,-1.28031,-18.7684,1014.8
34928,3.23768,16.4036,-4.99283,19.6,-76.72,-442.47,50.0473,0.662597,-17.5567,1014.8
34934,8.24486,14.2516,-7.47489,5.81,-140.56,-410.41,47.9552,4.11665,-19.714,1014.8
34940,17.2071,0.23912,-11.1143,-0.35,-133.63,-369.53,47.5775,5.782,-20.0391,1014.8
34946,8.54615,-14.9115,-3.04161,55.16,-68.88,-316.68,48.7397,7.78658,-20.0835,1014.79
34952,-19.2826,10.2535,-4.40937,39.9,-57.05,-146.23,46.3861,9.822,-20.645,1014.79
34958,-8.71832,8.8044,4.40937,36.12,-178.01,-27.3,45.6307,9.17437,-21.0882,1014.8
34964,14.7298,1.00909,-4.52893,79.59,-59.99,76.02,46.6477,8.31085,-20.8962,1014.8
34970,7.46533,7.39837,-0.93735,78.19,-48.72,152.6,46.4443,8.09498,-21.5168,1014.78
34976,14.6915,8.18747,-3.0703,69.44,-37.03,192.15,45.5725,7.29314,-22.5954,1014.78
34982,15.6671,9.17264,-2.99378,67.13,4.97,215.88,46.7058,6.18291,-23.9549,1014.78
34988,12.8981,10.6217,-1.66428,50.96,16.59,224,47.6356,5.22688,-21.8566,1014.79
34994,13.0129,9.02439,-1.79818,43.19,37.73,220.57,46.299,4.7026,-23.3786,1014.79
35000,11.2339,7.08273,-1.66906,35.56,50.47,217.14,46.7639,2.51298,-23.2604,1014.81
35006,9.75131,3.92157,-1.78384,31.36,63.21,214.69,49.2046,0.0766422,-21.7384,1014.81
35012,8.67049,3.8307,-1.58297,31.08,71.12,217.91,47.6646,-0.170076,-22.2999,1014.78
35018,6.44668,3.07508,-1.2769,32.76,72.45,223.86,47.8099,-0.756031,-21.3394,1014.78
35024,5.27021,2.9077,-1.34864,34.37,70.84,230.44,48.8269,-2.82229,-21.2212,1014.8
35030,4.14634,3.02248,-1.45863,37.73,70.07,239.61,49.0303,-3.90169,-20.0687,1014.8
35036,3.21377,3.5055,-1.37255,39.83,63.91,252.14,48.5363,-5.16611,-20.6893,1014.8
35042,2.42946,4.06982,-1.33907,41.51,56.35,265.3,49.4371,-7.26322,-20.4529,1014.77
35048,1.88905,4.52893,-1.09517,42.63,46.27,278.88,49.873,-8.74353,-19.9948,1014.77
35054,1.7121,4.93065,-1.04256,44.24,37.17,292.18,47.2288,-10.4706,-21.3542,1014.74
35060,1.22908,5.28933,-0.688666,45.85,25.41,306.67,48.1877,-11.3341,-19.6254,1014.74
35066,0.932568,5.71497,-0.176949,47.46,13.79,318.78,48.9141,-13.462,-19.5072,1014.77
35072,1.13821,5.94452,-0.114778,49.91,3.85,329.91,47.4612,-14.3564,-19.8323,1014.77
35078,1.31038,6.36537,0.0908656,50.75,-5.04,338.03,47.6356,-16.1759,-20.2608,1014.79
35084,1.53037,6.73362,0.301291,52.78,-12.95,344.96,47.9552,-18.9823,-19.3151,1014.79
35090,1.98948,7.25968,0.726925,54.46,-19.53,349.93,46.6477,-20.0309,-19.4185,1014.8
35096,2.15686,7.55141,0.966045,56.49,-23.31,353.78,45.282,-20.9252,-19.9357,1014.8
35102,2.63032,8.29746,1.16691,57.47,-25.13,357.28,45.3692,-23.7008,-19.9061,1014.8
35108,2.75466,8.90961,1.14299,56.77,-26.46,360.08,45.0786,-26.0755,-19.7436,1014.77
35114,2.70206,9.8087,1.23864,56.63,-26.53,362.95,43.3933,-26.5381,-20.7484,1014.77
35120,2.54424,10.4161,1.33907,55.44,-28,365.33,42.3182,-28.3576,-19.4185,1014.79
35126,2.12339,11.5782,1.4682,54.25,-29.54,367.57,41.5046,-31.9659,-19.714,1014.79
35132,1.91774,12.439,1.46341,54.6,-29.82,371.49,40.6038,-32.3976,-20.0391,1014.75
35138,1.25299,13.7877,1.85557,54.39,-31.15,374.22,38.5118,-34.1555,-19.4924,1014.75
35144,0.73649,14.2324,1.38211,53.13,-28.77,381.08,38.9767,-36.1909,-20.0687,1014.83
35150,0.200861,15.6767,2.57293,55.79,-36.4,384.58,37.7272,-37.9796,-20.0835,1014.83
35156,0.573888,17.164,2.42468,57.68,-34.09,385,34.8506,-38.3805,-20.8075,1014.83
35162,0.329986,17.3171,2.26208,52.08,-31.5,394.1,34.2114,-41.557,-20.9553,1014.77
35168,1.16691,18.0823,2.65901,59.01,-27.79,399.49,32.3808,-42.6056,-19.6993,1014.77
35174,0.511717,19.7513,2.7977,54.39,-30.03,400.4,30.4921,-42.0813,-20.2608,1014.77
35180,1.033,20.6265,2.73075,54.32,-27.72,402.5,28.5743,-43.9625,-20.3051,1014.77
35186,0.765184,21.406,3.0703,54.67,-22.61,403.55,27.877,-46.5531,-20.97,1014.78
35192,0.789096,22.6973,2.57771,53.9,-17.22,400.82,25.5524,-46.6764,-19.1673,1014.78
35198,-0.234338,23.6059,3.29507,56.14,-18.27,401.59,23.4022,-46.8923,-20.2903,1014.78
35204,-0.659971,25.3372,2.34816,57.05,-11.27,401.24,21.8041,-49.2978,-19.8175,1014.78
35210,-1.13821,26.4945,2.90292,57.89,-5.18,402.71,19.8573,-50.2538,-19.0787,1014.78
35216,-2.10904,28.7374,1.76471,54.74,3.29,405.09,18.0848,-49.8529,-19.7584,1014.82
35222,-4.57197,28.7757,4.11286,46.76,7.07,391.09,15.7312,-51.6416,-20.512,1014.82
35228,-3.88809,29.3257,1.76949,57.82,42.7,404.95,13.9297,-52.8444,-18.7388,1014.79
35234,-6.71449,29.6604,2.41989,49.35,33.32,415.87,11.9248,-51.6725,-19.9061,1014.79
35240,-9.45481,29.8374,1.93687,49.07,27.09,395.85,10.0071,-52.9369,-19.1969,1014.8
35246,-12.9412,30.9326,2.25729,44.1,27.79,382.48,8.87385,-54.3555,-16.8179,1014.8
35252,-16.7241,30.5452,1.3582,35.07,30.59,385.63,6.49119,-52.8752,-18.857,1014.82
35258,-18.6896,30.2965,0.526064,19.32,36.4,365.05,4.71873,-52.9677,-19.4776,1014.82
35264,-20.9134,30.6887,-4.53372,-5.39,38.92,333.76,3.09155,-53.5228,-19.1082,1014.78
35270,-24.5146,30.6408,-7.93878,-50.96,35.98,293.79,1.40626,-52.721,-19.5219,1014.78
35276,-31.2673,22.0182,-6.088,-74.34,26.18,250.18,0.0115341,-51.95,-19.2116,1014.78
35282,-39.1248,6.19799,2.07556,-43.68,14.28,216.65,-1.6447,-53.5845,-19.4037,1014.81
35288,-44.4046,-2.2286,6.51841,28.7,-3.08,184.31,-2.37112,-52.9677,-19.5958,1014.81
35294,-47.5992,-1.85079,4.15591,71.82,-11.97,142.8,-3.33,-51.2099,-20.0096,1014.82
35300,-46.3606,2.39598,4.97848,103.6,-8.4,98.56,-3.50434,-51.95,-19.5515,1014.82
35306,-42.4199,8.62745,7.57532,130.06,5.04,41.3,-3.70773,-52.7518,-18.4876,1014.81
35312,-37.3936,14.3376,6.71449,131.88,4.76,-27.65,-3.76585,-52.6902,-17.9852,1014.81
35318,-21.7982,35.012,-8.8857,137.41,-23.8,-159.04,-3.50434,-52.5668,-17.6601,1014.83
35324,4.8924,84.2802,15.0024,6.86,21.07,-353.22,-2.57452,-54.9106,-14.6014,1014.83
35330,-23.6251,-10.966,15.4998,-9.1,99.96,-344.68,0.447385,-53.0911,-16.1973,1014.83
35336,-8.24486,-0.899091,-1.04735,18.83,-51.94,-339.08,2.24891,-53.3378,-15.887,1014.82
35342,11.3534,17.8479,-11.6643,-49.49,-80.08,-299.74,3.5274,-54.3247,-16.1529,1014.82
35348,10.1483,17.8623,-4.47154,-89.39,52.92,-281.05,5.18364,-54.0163,-16.5667,1014.82
35354,20.6648,12.2908,-1.55906,-139.86,159.53,-337.54,6.86893,-52.3509,-17.5567,1014.82
35360,5.40889,5.74366,5.33238,-90.16,212.59,-318.5,8.78668,-53.2761,-18.6945,1014.82
35366,-4.17025,9.22047,12.4486,-93.38,135.73,-297.15,10.5301,-53.8621,-18.1921,1014.82
35372,-2.91726,4.39503,12.8264,-59.99,102.48,-328.72,12.1282,-52.8444,-18.4876,1014.83
35378,-6.50885,6.70493,9.70349,-23.31,113.26,-347.48,14.3656,-51.4566,-18.2512,1014.83
35384,-15.3276,17.0971,11.1,-16.17,75.39,-313.88,16.1962,-52.3818,-17.4385,1014.83
35390,-16.7193,15.7006,9.44046,-18.9,15.47,-266,17.7071,-51.2715,-17.6306,1014.82
35396,-14.3281,18.3692,4.945,-5.81,-41.93,-239.54,18.5207,-50.0688,-18.0739,1014.82
35402,-6.48015,13.3668,3.99809,-4.48,-79.31,-212.52,20.0607,-51.1482,-17.7045,1014.83
35408,0.0669536,11.6786,1.93209,6.37,-66.08,-224.14,21.3973,-51.1482,-17.2316,1014.83
35414,0.33955,15.8154,-4.57676,24.08,30.31,-216.72,22.2981,-48.5268,-17.3498,1014.85
35420,-13.7351,17.8192,-11.2386,-31.71,79.73,-89.88,22.792,-48.9586,-17.6306,1014.85
35426,-18.2879,20.33,-1.25299,-70,12.46,-51.73,22.6177,-50.1305,-17.335,1014.81
35432,3.36203,4.23242,3.83548,-87.29,-13.09,-68.04,23.0826,-48.2492,-19.2116,1014.81
35438,5.42324,7.08752,1.78862,-45.43,33.67,-62.37,23.4022,-48.3418,-19.8175,1014.82
35444,-3.06552,8.67527,2.5825,-37.73,51.45,-51.8,23.9834,-49.1744,-17.6601,1014.82
35450,-6.78144,6.87709,6.15973,-18.06,17.15,-31.15,24.1577,-48.2801,-19.5663,1014.82
35456,-2.6351,8.24008,3.52941,-15.82,5.32,-24.71,23.9543,-46.3372,-18.6058,1014.83
35462,-0.0813008,12.5012,-1.29125,-17.01,13.3,-21,24.5354,-48.3418,-19.6402,1014.83
35468,0.320421,11.3247,-0.846485,-18.2,4.13,-17.29,24.4192,-48.2801,-19.123,1014.85
35474,0.329986,8.67049,0.659971,-8.12,9.45,-5.88,24.7098,-47.6324,-19.6845,1014.85
35480,-0.306074,12.7403,-1.18604,-15.96,4.69,-11.2,24.7388,-47.7866,-19.1525,1014.8
35486,0.25825,10.0287,1.51602,-9.52,2.31,-18.83,24.6517,-48.9277,-19.0196,1014.8
35492,1.24342,10.813,0,-8.12,0.42,-14.49,24.9713,-47.1082,-19.8618,1014.81
35498,0.640842,9.63654,1.05213,-0.91,2.73,-12.88,24.6517,-46.4297,-19.2855,1014.81
35504,-0.23912,9.96652,1.29603,-0.56,3.36,-21.07,24.8841,-47.9717,-17.5567,1014.81
35510,0.683883,10.0287,0.506934,-3.99,2.52,-22.61,24.8551,-47.5091,-18.3398,1014.84
35516,-0.229555,9.98087,1.57341,1.4,-4.48,-12.81,24.8551,-46.8306,-19.847,1014.84
35522,0.373027,10.4208,0.57867,-0.56,-3.92,-13.86,25.1166,-47.4166,-18.4876,1014.84
35528,0.621712,10.6839,0.0286944,0.77,-3.85,-21,25.9302,-47.8483,-18.8127,1014.84
35534,-0.253467,10.5022,0.263032,-1.96,-4.62,-16.94,25.5524,-45.9671,-19.0196,1014.83
35540,-0.263032,10.263,0.444763,-6.93,-11.83,-19.67,25.5234,-46.6147,-20.0096,1014.83
35546,0.430416,9.68436,0.353898,-6.02,-5.11,-15.54,25.6977,-48.3726,-18.3398,1014.84
35552,-0.153037,9.62219,0.913438,-4.13,-2.03,-13.44,25.1456,-46.7381,-20.5415,1014.84
35558,-0.406504,9.81827,0.908656,-7.91,-9.73,-16.38,25.1456,-46.8923,-19.7584,1014.84
35564,0.61693,9.64132,0.396939,-8.26,-6.44,-16.87,25.2619,-48.095,-18.9161,1014.84
35570,0.439981,9.61262,0.47824,-6.51,0.49,-14.07,25.4362,-47.3549,-18.3103,1014.84
35576,-0.387374,10.11,0.468675,-8.54,-0.56,-13.86,25.4362,-45.7204,-20.1573,1014.81
35582,-0.124342,9.92348,0.296509,-11.34,-5.11,-14.7,25.2328,-47.3549,-19.389,1014.81
35588,0.124342,10.1674,0.200861,-15.26,-3.43,-14.21,26.0755,-47.6324,-19.5811,1014.81
35594,0.153037,10.067,0.0573888,-16.03,-3.29,-13.79,26.2207,-46.5839,-19.6993,1014.81
35600,0.0908656,10.4926,-0.368245,-20.72,-0.42,-14.7,26.8019,-46.1521,-20.2608,1014.88
35606,-0.286944,10.4208,-0.368245,-24.29,-1.82,-14.35,26.1626,-47.8483,-19.1673,1014.88
35612,-0.21999,10.4639,-0.21999,-29.33,-3.92,-14.77,26.3079,-46.2755,-20.0096,1014.84
35618,0.181731,10.1865,-0.306074,-32.48,-0.35,-14.49,26.3079,-45.6587,-21.4429,1014.84
35624,-0.224773,9.56958,0.511717,-35.21,-0.35,-15.33,26.1336,-47.0773,-20.97,1014.84
35630,0.282162,10.5308,0.559541,-36.33,0,-17.22,27.1215,-46.7073,-20.3938,1014.85
35636,-0.0765184,10.1913,0.942133,-37.73,-2.03,-17.64,26.7147,-45.2886,-20.5711,1014.85
35642,-0.095648,9.85653,1.15734,-36.47,-1.19,-19.95,26.6856,-46.3989,-18.8422,1014.82
35648,0.334768,10.2822,0.148254,-37.45,-2.24,-20.3,26.9472,-45.7512,-21.1917,1014.82
35654,-0.607365,10.3635,1.18604,-37.52,-10.85,-21.84,26.86,-44.4559,-21.502,1014.83
35660,0.511717,9.65567,0.11956,-40.6,-6.79,-21.56,26.0173,-45.1344,-21.7827,1014.83
35666,0.0621712,9.24916,1.41559,-36.54,-4.2,-22.61,26.9472,-46.0288,-20.8075,1014.83
35672,-0.970827,9.74653,1.43472,-33.46,-10.57,-22.33,26.9181,-44.1476,-23.0978,1014.83
35678,-0.573888,9.75131,1.62123,-35.56,-9.87,-20.58,27.0924,-44.4559,-22.1521,1014.83
35684,0.153037,10.5117,1.63558,-33.95,-13.51,-23.94,27.3249,-45.7204,-22.0044,1014.83
35690,-0.612147,9.31612,0.932568,-31.71,-14.84,-24.29,27.8189,-45.1653,-21.2951,1014.83
35696,0.167384,8.94787,1.14778,-26.74,-14.91,-25.69,27.1215,-43.2532,-22.1078,1014.84
35702,-0.234338,9.77044,1.78862,-23.73,-15.19,-30.45,27.8479,-44.9494,-22.0487,1014.84
35708,0.564323,10.923,1.01865,-22.61,-13.65,-31.85,28.5162,-45.1653,-22.6841,1014.82
35714,0.387374,11.3917,2.83118,-24.01,-17.22,-33.74,28.3128,-43.3766,-21.8714,1014.82
35720,0.411286,9.56002,1.41081,-29.26,-13.09,-40.6,27.4702,-43.1607,-22.3295,1014.82
35726,0.224773,8.52224,1.70732,-22.47,-12.46,-42.49,28.5162,-44.4251,-22.9796,1014.82
35732,-0.253467,9.92348,3.24725,-13.58,-11.34,-42.28,27.7898,-43.1298,-23.6889,1014.83
35738,0.583453,10.7269,2.57293,-14.77,-10.22,-47.95,27.6445,-42.6981,-23.3343,1014.83
35744,1.24342,10.2917,2.33381,-10.01,-6.02,-52.57,28.6906,-43.9317,-22.5807,1014.83
35750,0.373027,9.78001,3.26638,-5.53,-6.79,-56.98,28.8649,-43.4074,-23.2308,1014.82
35756,0.903874,9.69392,2.59206,0.91,-2.52,-59.01,28.7487,-41.2178,-23.1865,1014.82
35762,0.382592,10.6839,2.80727,3.99,-1.19,-62.44,28.8068,-43.7775,-22.625,1014.81
35768,0.11956,10.4926,2.70684,8.47,0,-66.29,29.6494,-43.3149,-22.9205,1014.81
35774,0.0382592,10.2678,2.63988,6.72,0.98,-68.18,28.9521,-42.4514,-24.0435,1014.85
35780,0.865614,11.516,1.73123,11.69,5.81,-74.41,30.2015,-42.1738,-22.1226,1014.85
35786,0.420851,11.8651,1.53037,10.5,7.07,-81.27,31.3928,-42.0505,-23.349,1014.84
35792,-0.626494,11.5543,2.00383,7.14,-2.59,-86.59,30.957,-41.0327,-23.6446,1014.84
35798,1.33907,11.7312,0.774749,8.68,2.94,-92.89,31.3638,-40.1692,-22.9944,1014.84
35804,-0.172166,12.6734,2.19512,10.64,3.85,-99.75,32.0902,-42.513,-22.6398,1014.84
35810,0.49737,13.2712,1.42037,7.56,2.03,-108.15,32.0321,-41.4645,-21.8271,1014.84
35816,0.884744,12.1186,2.2286,4.9,2.66,-117.88,31.6253,-39.4291,-22.226,1014.81
35822,1.10952,12.2095,2.41989,9.87,7.14,-125.16,32.7585,-41.0636,-22.359,1014.81
35828,0.396939,11.6691,3.24725,11.83,8.47,-129.85,33.7755,-40.9711,-21.9601,1014.86
35834,0.726925,10.8513,3.89766,21.63,14.7,-135.31,33.9208,-38.9048,-21.5611,1014.86
35840,0.243902,11.9225,3.69201,27.3,14.7,-144.9,33.3978,-39.3982,-22.2999,1014.8
35846,1.24821,13.759,2.29555,35.42,18.9,-153.72,35.1993,-40.4468,-21.2212,1014.8
35852,0.769966,14.9785,1.64515,35.98,16.03,-164.78,35.1412,-37.7946,-21.6645,1014.8
35858,1.26255,15.9589,0.707795,33.46,12.46,-182.49,36.2744,-37.0853,-23.5707,1014.82
35864,1.53037,16.2841,0.808226,35.21,13.44,-197.61,36.8846,-38.7814,-20.6154,1014.82
35870,2.33859,18.2401,1.31994,36.33,11.41,-213.92,37.7272,-36.1292,-20.0835,1014.82
35876,2.81683,20.5452,0.186514,34.02,9.87,-236.32,38.0178,-34.4022,-20.6745,1014.82
35882,1.67384,21.7456,-2.49641,25.76,12.04,-262.57,39.1801,-34.9265,-19.0787,1014.85
35888,1.956,20.4782,-3.08943,9.66,-4.41,-287.42,40.4876,-34.4022,-19.3594,1014.85
35894,2.27642,21.7121,-3.16117,12.04,0.21,-309.05,40.5457,-32.3051,-20.4233,1014.84
35900,1.74558,24.5241,-3.79723,-4.27,-13.86,-336.14,41.9986,-31.935,-21.0735,1014.84
35906,3.21856,23.2281,-3.18508,-5.81,-11.62,-361.76,43.1027,-30.7939,-19.8618,1014.8
35912,4.05548,25.3276,-0.382592,-10.43,-14.42,-391.3,42.4925,-27.8642,-20.645,1014.8
35918,5.84409,22.5873,2.42946,-5.6,-6.16,-426.02,44.265,-26.168,-21.5463,1014.8
35924,4.1033,21.1382,3.81157,17.92,4.41,-451.92,46.2118,-24.6568,-18.8718,1014.8
35930,3.48159,25.3611,2.05165,31.08,-5.32,-482.16,46.4443,-22.4981,-19.9505,1014.8
35936,4.07939,30.0717,0.301291,7,-7.56,-506.87,46.1827,-20.1234,-19.4776,1014.81
35942,0.349115,25.0885,1.88427,20.16,12.11,-507.5,48.1005,-17.5329,-18.9161,1014.81
35948,-4.6198,30.4304,6.15495,33.11,-27.02,-509.81,48.6526,-15.8983,-19.1969,1014.79
35954,5.45194,27.5562,-1.13343,10.22,-26.11,-517.44,47.7518,-11.1799,-19.7879,1014.79
35960,0.0047824,26.1167,2.94118,25.55,-27.37,-513.03,49.0013,-10.3472,-20.5415,1014.81
35966,-1.32472,32.8168,-2.77857,20.93,-37.8,-502.95,49.5533,-8.18841,-19.0196,1014.81
35972,3.30942,32.6208,-6.59015,-21.28,-57.75,-493.15,48.5073,-4.611,-19.6993,1014.81
35978,6.27451,21.6356,-4.64371,-31.78,-59.15,-467.88,49.0884,-1.34199,-18.2364,1014.78
35984,3.50072,14.1511,-3.4242,-5.11,-62.16,-435.33,49.8148,-0.231755,-20.3642,1014.78
35990,7.67575,13.4529,-6.53276,-17.29,-122.85,-406.42,49.0884,3.43817,-19.5811,1014.78
35996,17.5801,3.98374,-11.2243,-46.06,-125.02,-358.82,46.7348,5.90535,-21.4281,1014.78
36002,12.4773,-10.4352,-2.9077,-5.53,-49.21,-317.24,47.345,7.16978,-21.3394,1014.82
36008,-17.6471,13.2425,-5.82975,-8.96,-14.07,-158.97,48.1005,7.60154,-20.3642,1014.82
36014,-6.82927,10.703,3.10378,-31.15,-121.73,-33.67,46.0956,9.63696,-21.6054,1014.8
36020,13.912,3.37159,-3.73505,15.89,-20.65,61.32,46.7929,9.20521,-22.758,1014.8
36026,6.48493,8.25442,-0.33955,12.74,-15.82,135.31,47.9552,7.78658,-21.9009,1014.8
36032,12.3625,8.11573,-2.96509,17.29,1.26,181.79,46.8801,8.61925,-21.768,1014.79
36038,12.8312,9.62697,-3.84027,5.6,24.29,191.03,46.9382,6.49131,-21.3247,1014.79
36044,10.77,9.31133,-2.11382,-1.54,38.36,195.79,48.4492,5.81284,-21.6497,1014.8
36050,9.40698,7.71879,-0.851267,-5.67,40.67,197.61,48.4782,4.08581,-21.5906,1014.8
36056,9.58393,5.00717,-2.47728,-3.92,54.32,196.7,46.8801,4.24001,-20.5563,1014.81
36062,8.05834,3.07987,-1.85079,0.28,57.05,193.83,48.5945,2.48214,-21.6941,1014.81
36068,6.77666,2.20947,-1.39646,4.34,55.3,195.72,49.6405,1.18687,-21.1769,1014.79
36074,6.36537,1.8747,-2.04208,8.89,56.84,200.9,48.6235,1.43359,-19.5811,1014.79
36080,4.82544,1.93209,-1.62602,13.79,54.53,205.38,49.2918,-0.632672,-20.5267,1014.77
36086,3.36203,2.6351,-1.20038,16.24,44.8,216.16,49.902,-1.7429,-19.3003,1014.77
36092,3.35724,3.05595,-2.16643,18.76,44.52,228.76,49.2918,-2.6681,-19.4924,1014.77
36098,2.07078,3.3429,-1.31516,19.67,34.79,243.53,48.5363,-3.9942,-20.1278,1014.79
36104,2.38642,4.15591,-1.7934,17.71,29.26,261.52,50.1054,-5.69039,-18.9752,1014.79
36110,1.69775,5.10282,-1.55906,15.89,22.82,279.37,49.4371,-6.80062,-18.5319,1014.76
36116,1.31516,5.35151,-1.29125,13.09,11.97,294.91,49.0884,-8.31177,-20.0096,1014.76
36122,1.36298,5.77714,-1.57341,11.76,6.3,309.68,50.1926,-10.6556,-20.1278,1014.75
36128,0.851267,6.04017,-1.47776,10.85,-3.5,322.91,48.9431,-11.9817,-20.5415,1014.75
36134,0.946915,5.86322,-1.14778,11.97,-11.69,332.36,48.1005,-12.8144,-20.0982,1014.72
36140,1.17169,6.07365,-1.10473,14.98,-19.04,339.57,48.2458,-15.6825,-20.9109,1014.72
36146,1.31994,6.0593,-0.564323,20.65,-25.48,344.54,48.0424,-17.5329,-19.6549,1014.72
36152,1.41559,6.3032,-0.583453,26.6,-30.31,347.9,46.9963,-18.6739,-20.113,1014.78
36158,1.56384,6.64275,-0.425634,31.99,-34.79,350,46.1537,-20.4318,-20.7632,1014.78
36164,1.75514,7.14969,-0.655189,38.01,-35.84,351.05,46.1537,-22.8064,-19.9652,1014.76
36170,1.75514,8.2066,-0.573888,42.28,-36.47,350.84,45.4854,-24.1017,-20.3642,1014.76
36176,1.66906,9.02439,-0.373027,46.27,-37.59,349.3,43.8582,-25.4587,-22.1374,1014.79
36182,1.83166,10.373,-0.535629,48.23,-35.56,349.37,43.5095,-27.1857,-21.1178,1014.79
36188,1.25777,11.1334,-0.0526064,51.87,-36.61,349.3,42.8993,-30.0538,-21.7975,1014.77
36194,1.09517,12.506,-0.21999,53.48,-34.44,350.98,41.3884,-29.8071,-21.0882,1014.77
36200,1.07604,13.3907,-0.0526064,54.88,-30.52,353.64,40.8654,-32.1201,-22.8614,1014.77
36206,1.34385,14.725,-0.109995,54.53,-24.92,357.77,40.1099,-34.8956,-21.8418,1014.78
36212,1.23864,15.4232,0.0143472,54.32,-21.28,362.25,37.8725,-35.2657,-22.1078,1014.78
36218,1.24821,16.1119,0.095648,54.25,-15.68,367.22,36.1,-36.0367,-21.4429,1014.8
36224,0.81779,16.3462,0.492587,57.19,-10.85,373.1,36.3906,-39.2749,-21.0144,1014.8
36230,0.889526,17.341,0.0526064,57.54,-1.54,377.02,34.2695,-40.6627,-21.5611,1014.78
36236,0.784314,18.1923,0.588235,59.57,1.54,379.33,33.2234,-39.7683,-22.1817,1014.78
36242,0.109995,19.67,0.13869,62.79,6.09,380.94,31.1023,-42.5747,-20.1278,1014.78
36248,-0.392157,20.3109,0.559541,66.15,7.56,382.55,29.9691,-44.055,-21.0735,1014.78
36254,-0.607365,21.3486,0.167384,69.02,12.18,384.93,28.2547,-43.3766,-21.0735,1014.78
36260,-1.37255,22.6686,0.521282,70.7,12.39,387.31,26.5404,-46.1521,-21.0144,1014.78
36266,-1.62123,23.6681,0.11956,71.33,17.57,391.93,25.1166,-48.2184,-19.8175,1014.78
36272,-2.1473,25.7341,0.310856,67.9,22.75,397.81,23.4022,-47.4166,-20.5563,1014.76
36278,-2.6351,26.834,0.200861,65.24,30.8,402.29,21.4554,-49.0202,-18.6649,1014.76
36284,-4.07939,28.6705,-0.808226,57.89,39.55,405.72,19.6539,-50.408,-19.3594,1014.79
36290,-5.51889,29.01,-1.22908,47.88,47.81,409.01,17.5618,-50.4697,-19.5072,1014.79
36296,-9.05308,26.3941,1.37733,41.37,45.36,409.43,16.0799,-49.8837,-19.7584,1014.77
36302,-8.95265,25.0072,0.769966,47.81,56.35,405.86,13.6682,-51.765,-18.3103,1014.77
36308,-14.3185,26.2554,0.966045,51.38,53.2,400.47,11.5761,-53.5228,-17.6749,1014.79
36314,-16.7384,26.198,1.48254,52.01,48.37,389.41,9.86178,-51.7033,-17.6453,1014.79
36320,-19.4309,25.1554,2.49163,53.41,41.3,370.79,8.32177,-53.6154,-18.5319,1014.79
36326,-20.1817,26.0593,-0.277379,46.27,34.3,343.56,6.11346,-54.5405,-16.8326,1014.82
36332,-23.6633,29.1105,-6.55667,13.86,26.88,311.01,5.12553,-53.4612,-17.5862,1014.82
36338,-27.1306,27.3171,-7.74749,-17.57,11.34,272.37,3.81797,-53.492,-18.1034,1014.82
36344,-32.5395,21.1382,-6.98709,-34.23,-4.34,229.53,1.3772,-54.4172,-17.4237,1014.82
36350,-36.9345,15.7676,-5.41368,-30.94,-28.63,188.65,0.854181,-53.3378,-17.4089,1014.84
36356,-43.032,3.24247,1.33429,14.7,-59.08,151.62,0.0115341,-52.1659,-18.1034,1014.84
36362,-46.1741,-1.70253,4.09373,79.1,-84.91,119,-1.15074,-53.492,-17.8818,1014.82
36368,-44.9498,0.301291,4.95935,123.76,-102.76,84.56,-1.73187,-54.448,-16.0199,1014.82
36374,-38.5892,2.88857,9.75131,158.97,-103.11,38.22,-1.32508,-52.6285,-17.5862,1014.82
36380,-33.0273,10.55,8.22095,165.27,-88.55,-18.48,-2.48735,-53.5228,-16.4337,1014.81
36386,-27.3745,19.67,5.98278,145.53,-72.24,-78.4,-2.48735,-54.2322,-14.2911,1014.81
36392,41.2625,118.297,76.5088,293.09,-265.65,-393.96,-1.49942,-54.4789,-12.6066,1014.84
36398,-32.6973,17.2501,-3.11334,-381.43,189.98,-336.63,0.737953,-54.4789,-13.7887,1014.84
36404,-8.61789,-39.1918,17.0493,39.83,3.29,-283.15,2.21985,-55.219,-14.5866,1014.79
36410,16.7001,12.8073,-12.0612,-73.92,32.41,-313.53,3.46929,-55.0957,-14.2911,1014.79
36416,10.8608,17.6566,1.7121,-49.35,107.31,-297.99,5.35798,-53.9238,-15.9461,1014.83
36422,22.6829,3.53898,4.85892,-163.8,142.8,-335.44,7.3629,-54.5714,-15.7835,1014.83
36428,13.0655,-2.36251,7.14969,-73.5,231.42,-365.68,9.65838,-54.3863,-15.0004,1014.82
36434,-7.33142,4.77762,14.5576,-51.31,160.65,-365.4,11.6342,-52.7827,-16.9656,1014.82
36440,-6.00669,7.4462,14.2516,-28.56,133.63,-370.51,14.5109,-52.6285,-16.1677,1014.82
36446,-16.1741,11.186,13.4433,8.26,154.7,-356.72,16.3124,-53.3686,-14.8969,1014.82
36452,-27.3936,15.5715,13.582,12.95,50.47,-324.45,17.7652,-51.3949,-14.5719,1014.82
36458,-21.8221,26.1023,4.05548,-12.74,-29.47,-270.48,19.0147,-50.9323,-14.4684,1014.82
36464,-14.9833,17.2645,6.61406,-14.49,-97.93,-234.85,19.9445,-51.4257,-14.9265,1014.82
36470,-2.27164,14.5002,1.55906,-1.96,-86.87,-205.66,21.4845,-50.5005,-16.2859,1014.83
36476,1.69775,11.7838,-0.243902,15.54,-52.64,-207.9,22.4434,-49.0819,-15.1777,1014.83
36482,-10.8704,32.616,-12.6686,8.82,88.34,-124.67,22.9083,-49.7295,-15.621,1014.82
36488,-14.8541,19.4644,-10.2152,32.48,43.68,-68.53,24.0124,-50.2847,-15.488,1014.82
36494,-7.55619,16.9775,-1.3056,-84.28,-32.2,-46.76,23.8381,-48.496,-16.0643,1014.82
36500,2.37685,10.4304,-0.23912,-69.79,-13.86,-66.22,24.4773,-48.6502,-15.5766,1014.85
36506,4.83501,6.15495,-0.0143472,-46.69,39.2,-50.89,24.0996,-50.0071,-15.9461,1014.85
36512,-4.11286,7.75227,5.17456,-22.96,36.4,-46.06,24.797,-47.91,-15.7392,1014.84
36518,-3.4768,9.34959,2.36729,-19.53,17.92,-46.97,25.0875,-47.6016,-15.621,1014.84
36524,-2.01339,11.0665,0.37781,-21.77,7.77,-31.92,25.7849,-49.2669,-15.7835,1014.86
36530,0.153037,10.5787,-0.946915,-23.59,12.18,-25.55,25.3781,-49.1128,-16.2416,1014.86
36536,0.889526,10.1052,-0.373027,-24.71,16.59,-30.1,25.4072,-47.324,-17.8374,1014.82
36542,1.20038,9.42611,0.755619,-23.38,14.14,-34.93,25.7268,-49.1436,-16.5667,1014.82
36548,0.755619,10.5452,-0.172166,-24.29,17.71,-35.49,25.4943,-48.5885,-15.7687,1014.82
36554,0.25825,11.2291,-1.33429,-33.6,15.68,-37.38,27.0343,-47.8792,-16.9213,1014.79
36560,-0.454328,10.043,-0.444763,-35.42,16.52,-36.68,26.0464,-47.4474,-17.01,1014.79
36566,-1.86514,8.55571,1.91774,-26.25,11.41,-31.78,26.4241,-48.5885,-15.621,1014.84
36572,-1.26734,9.36872,3.1516,-20.37,-1.96,-26.39,26.7147,-47.2932,-16.8917,1014.84
36578,-0.35868,9.05308,2.22382,-13.02,1.33,-25.62,27.383,-47.4166,-16.2859,1014.82
36584,-1.20995,9.55045,2.12817,-9.17,1.75,-23.87,26.9762,-48.3726,-17.0247,1014.82
36590,-1.04256,9.84218,1.26255,-7.21,-0.7,-21.35,26.6275,-47.8175,-16.3598,1014.83
36596,-0.765184,10.0622,0.980392,-8.05,-7.56,-21,26.86,-46.2755,-16.8326,1014.83
36602,-0.167384,9.84218,0.703013,-6.51,-7.42,-19.67,28.0513,-47.6633,-17.4089,1014.85
36608,-0.5978,9.45481,0.980392,-5.11,-2.59,-17.29,27.7898,-47.6016,-16.7735,1014.85
36614,-0.879962,9.76566,1.0856,-2.52,-3.78,-15.61,27.9641,-45.412,-16.4632,1014.85
36620,-0.526064,9.6461,0.851267,-3.36,-6.3,-15.26,27.877,-46.0905,-17.2907,1014.83
36626,-0.196078,10.4161,-0.172166,-6.65,-6.16,-14,27.4992,-48.1259,-16.6405,1014.83
36632,0.263032,10.5548,-0.396939,-11.48,-3.08,-14.77,27.8479,-46.3372,-16.8179,1014.85
36638,0.0526064,10.3922,-0.114778,-11.34,1.47,-14.49,27.9641,-45.7512,-17.2316,1014.85
36644,-0.210426,10.0956,0.205643,-12.95,2.52,-16.17,28.1385,-47.5399,-17.335,1014.82
36650,-0.0286944,10.88,-0.35868,-19.81,3.5,-15.82,27.4121,-47.4166,-16.5223,1014.82
36656,-0.344333,10.8034,-0.191296,-25.2,-1.4,-17.43,27.7607,-45.9054,-16.6405,1014.82
36662,-0.181731,10.4448,-0.0669536,-31.64,2.31,-21,28.3128,-47.2007,-17.468,1014.82
36668,0.109995,10.8847,-0.21999,-31.64,3.85,-16.1,28.3709,-47.9408,-16.6997,1014.82
36674,-0.923003,11.1,0.449546,-33.46,-6.09,-19.46,27.7898,-46.183,-18.3842,1014.83
36680,-0.463893,10.4878,0.023912,-38.78,-8.19,-22.68,28.0804,-46.4297,-17.4237,1014.83
36686,-0.11956,10.4591,0.277379,-37.03,-7.77,-20.23,28.5162,-47.4474,-16.4189,1014.83
36692,-0.449546,10.3969,0.942133,-39.48,-10.01,-21.42,28.9521,-45.4428,-18.7092,1014.83
36698,-0.124342,10.3539,0.5978,-40.88,-10.78,-22.47,29.5913,-44.7952,-18.3694,1014.85
36704,-1.2769,10.4208,1.43472,-42.7,-14,-23.87,28.894,-46.3989,-18.0443,1014.85
36710,0.325203,10.043,0.750837,-42,-11.69,-28,28.6034,-45.7204,-18.2807,1014.86
36716,-0.406504,9.35916,1.03778,-37.24,-12.81,-29.05,29.1555,-44.9185,-18.133,1014.86
36722,-0.674318,9.79914,1.23864,-39.27,-15.47,-27.37,28.7777,-45.3195,-19.4333,1014.82
36728,0.267814,9.77044,0.793878,-38.29,-9.73,-28.91,29.8528,-46.1521,-19.9652,1014.82
36734,-0.105213,9.2922,2.10904,-32.06,-8.12,-34.58,30.2015,-44.2709,-19.3151,1014.82
36740,1.15734,10.2248,3.45768,-22.82,-6.09,-40.95,29.3879,-44.3943,-20.7188,1014.8
36746,0.13869,10.7317,1.15734,-24.85,-4.34,-42.14,29.5913,-45.9979,-19.5219,1014.8
36752,-0.621712,9.82783,1.36298,-22.61,-6.72,-45.71,29.7366,-44.641,-19.3003,1014.84
36758,-0.425634,10.0239,1.36298,-18.06,-9.73,-48.72,29.7076,-43.8392,-20.2903,1014.84
36764,-0.650406,10.3061,1.22908,-18.55,-13.58,-49.98,30.5502,-45.0419,-20.1869,1014.83
36770,-0.664754,10.5978,0.688666,-20.44,-14.28,-52.64,29.8819,-43.9934,-19.9209,1014.83
36776,-0.549976,9.65567,0.894309,-21.56,-16.8,-55.23,29.9981,-43.0373,-20.837,1014.81
36782,-0.894309,9.62219,1.82209,-15.75,-18.48,-58.03,30.7536,-43.7775,-20.0391,1014.81
36788,-0.640842,10.9947,0.487805,-22.47,-19.32,-59.22,31.1313,-44.2709,-20.4085,1014.81
36794,-0.626494,10.5308,0.741272,-26.32,-20.37,-60.62,30.0562,-42.6981,-21.3099,1014.85
36800,-0.37781,9.5648,1.77427,-23.94,-20.16,-64.05,31.7125,-43.0065,-21.0144,1014.85
36806,-0.253467,9.52176,2.66858,-19.81,-17.78,-65.03,32.003,-43.5924,-21.9157,1014.82
36812,-0.105213,10.067,2.34338,-20.02,-14.84,-67.06,32.1483,-41.372,-21.1178,1014.82
36818,0.162602,9.50263,2.77379,-17.29,-12.81,-72.03,31.6834,-41.0636,-22.2851,1014.86
36824,-0.047824,10.3874,3.29507,-12.04,-9.52,-75.46,32.6132,-42.4514,-21.635,1014.86
36830,-0.167384,9.89479,3.53419,-8.82,-6.86,-76.86,32.5261,-41.8346,-21.7384,1014.82
36836,0.023912,10.2056,2.97465,-5.95,0.14,-83.23,32.7876,-39.9534,-21.0735,1014.82
36842,-0.49737,11.2147,2.81205,0.42,-5.88,-88.55,34.008,-40.1075,-21.1621,1014.82
36848,-0.224773,11.6308,2.2286,0.98,-6.93,-94.01,33.8917,-41.1253,-21.2803,1014.84
36854,0.626494,11.8364,1.92252,1.47,-0.21,-101.29,34.008,-39.1824,-21.7384,1014.84
36860,0.071736,11.803,3.2329,5.6,0.63,-106.82,34.3566,-39.4907,-21.3985,1014.82
36866,0.535629,11.8556,2.90292,7.7,1.75,-116.62,35.2574,-40.7552,-20.97,1014.82
36872,0.267814,12.8886,1.89861,12.81,5.74,-124.88,35.1412,-39.3674,-21.0144,1014.82
36878,-0.291726,13.9263,1.44907,13.16,5.18,-132.72,34.6763,-37.8254,-22.3442,1014.82
36884,0.143472,13.7733,1.07604,9.24,3.57,-143.01,36.7102,-38.5347,-20.4972,1014.83
36890,0.69823,13.3525,2.46772,8.68,6.37,-152.25,36.5068,-37.9179,-20.2017,1014.83
36896,0.932568,12.9699,3.11334,14.56,11.34,-161.14,36.594,-37.1778,-20.7779,1014.84
36902,0.707795,13.5246,3.43376,20.58,15.05,-171.64,37.2914,-37.3011,-22.3147,1014.84
36908,1.17647,14.5863,1.81253,24.57,14.49,-184.73,38.2212,-37.3011,-19.5072,1014.84
36914,0.889526,14.8111,0.951698,26.95,13.65,-201.95,38.3665,-34.063,-20.6893,1014.82
36920,0.487805,16.5854,0.674318,29.05,12.53,-215.74,39.4706,-34.3097,-20.7927,1014.82
36926,2.13773,18.1875,1.57819,25.83,10.43,-234.64,40.4004,-34.063,-19.3742,1014.81
36932,2.80727,19.4022,1.59254,25.76,13.72,-255.64,41.3593,-32.3976,-19.9948,1014.81
36938,3.38594,21.4778,0.023912,17.01,13.02,-278.81,41.5627,-30.2388,-21.3542,1014.81
36944,3.72071,22.3434,-0.808226,11.27,15.82,-303.87,42.9284,-31.2257,-19.98,1014.81
36950,2.24295,21.9512,-3.12769,4.34,13.44,-331.03,42.8703,-28.666,-20.3494,1014.82
36956,1.89383,22.7738,-2.39598,-0.56,11.06,-354.9,43.6548,-26.353,-20.4824,1014.82
36962,4.11286,23.9359,-0.989957,-8.33,10.29,-383.39,45.5435,-26.353,-18.8127,1014.82
36968,4.38068,23.7829,0.573888,-6.3,21.77,-416.5,45.8922,-25.1811,-18.6797,1014.82
36974,3.49593,24.5098,3.06552,1.54,27.23,-450.38,46.328,-21.1411,-17.9409,1014.82
36980,3.73027,26.748,4.55763,12.67,26.11,-484.89,47.839,-20,-18.6354,1014.83
36986,5.76279,32.2764,1.23386,-7.07,22.12,-513.45,49.2628,-17.5945,-17.1725,1014.83
36992,6.09278,28.7996,1.70253,-11.69,42.35,-523.95,49.0884,-13.462,-17.1577,1014.81
36998,-4.8924,32.2716,6.92492,11.55,19.95,-528.5,48.7688,-11.6733,-18.5467,1014.81
37004,2.63988,28.5844,0.755619,-6.51,1.82,-544.04,50.3088,-9.63788,-17.2168,1014.81
37010,-1.62602,22.1186,5.73888,26.81,4.9,-538.93,50.5994,-5.87543,-16.5667,1014.81
37016,-0.774749,31.5065,0.894309,42.28,-5.04,-531.3,49.8148,-2.57558,-18.4433,1014.81
37022,-0.569106,36.3893,-1.75514,5.74,-17.99,-517.51,50.2507,-1.12611,-17.4976,1014.81
37028,2.79292,28.5079,-2.12339,-5.74,-36.26,-486.92,50.6284,2.38962,-16.1677,1014.81
37034,5.93974,21.5638,-5.6528,-16.17,-46.48,-455,48.7397,5.011,-17.5715,1014.81
37040,9.3735,15.3898,-6.52798,-31.71,-87.64,-412.23,47.8971,7.90994,-18.3398,1014.81
37046,15.715,6.93926,-11.1143,-44.24,-87.43,-346.01,49.5243,9.02017,-17.3941,1014.76
37052,13.3477,-3.84983,-9.92826,-19.46,-36.82,-305.76,46.9963,11.4873,-17.8522,1014.76
37058,-16.4275,8.16356,-8.79005,3.92,14.56,-129.71,46.8801,12.4434,-18.0591,1014.77
37064,-4.46198,9.89479,3.56289,-16.8,-123.2,3.43,47.4612,12.6284,-17.5715,1014.77
37070,10.1578,3.1803,-3.59636,30.59,-51.17,103.67,47.1126,12.5359,-18.6206,1014.79
37076,5.77236,10.923,-2.69249,26.32,-32.06,190.33,46.5605,12.3509,-19.1821,1014.79
37082,12.0086,9.12482,-2.64945,13.23,-35.91,236.74,47.345,10.0687,-18.3989,1014.79
37088,13.6155,10.9756,-3.29507,19.67,-0.07,255.08,48.3329,8.52673,-18.4137,1014.83
37094,10.7126,10.8321,-1.17647,8.75,-5.81,260.61,46.7058,7.81742,-19.3003,1014.83
37100,11.1956,7.64706,-1.83166,11.76,3.5,259.98,47.4322,6.12123,-21.5168,1014.8
37106,10.1626,6.50406,-2.40076,7.07,8.26,258.16,48.885,4.24001,-18.9161,1014.8
37112,8.85222,3.15638,-1.65471,8.82,7.14,258.3,48.3329,3.34565,-19.5219,1014.8
37118,8.19703,2.02774,-2.1473,13.02,10.08,260.82,48.7688,2.17374,-20.1721,1014.8
37124,6.63797,1.22429,-1.66906,22.19,7.35,265.72,49.9311,0.785956,-19.1378,1014.79
37130,5.66236,1.50167,-1.42037,29.61,2.17,271.6,49.9892,-0.385954,-19.0196,1014.79
37136,4.55763,1.95122,-1.3582,38.15,-2.31,279.37,48.5945,-2.0513,-19.9357,1014.79
37142,3.49593,2.76901,-1.7934,42.49,-7.42,288.96,49.9601,-4.02504,-19.0934,1014.76
37148,2.27164,3.48159,-1.8747,45.36,-13.86,299.74,50.3669,-5.65955,-19.9948,1014.76
37154,2.34338,4.09373,-1.72645,46.83,-22.89,313.53,48.6816,-7.13986,-20.9257,1014.76
37160,2.34338,5.19847,-1.35342,49.7,-29.12,323.61,48.9141,-8.77437,-20.645,1014.76
37166,2.2286,5.54758,-1.16212,51.87,-35.91,332.85,50.1926,-11.0257,-19.8766,1014.75
37172,2.60641,5.71019,-0.985174,56.42,-39.62,343.91,48.6816,-12.4443,-20.2164,1014.75
37178,2.54424,5.73888,-0.569106,60.9,-44.59,354.34,47.5775,-13.647,-20.7779,1014.74
37184,2.60641,5.87279,-0.492587,66.57,-47.81,362.6,48.5654,-16.8235,-20.8666,1014.74
37190,2.44381,6.15017,-0.612147,73.85,-50.61,374.29,48.0424,-17.8413,-21.6793,1014.74
37196,2.73553,6.86753,-0.535629,77.35,-49.77,380.94,45.7469,-19.5991,-22.1965,1014.75
37202,2.60163,7.72358,0.33955,84.49,-50.61,386.26,46.0375,-21.357,-21.369,1014.75
37208,2.84553,8.42181,0.382592,88.41,-52.29,391.3,45.3401,-24.626,-20.837,1014.76
37214,3.05117,9.55045,0.669536,93.45,-50.33,392.49,43.5386,-25.212,-22.8614,1014.76
37220,2.84075,10.6743,0.813008,96.32,-49.42,391.16,41.9986,-28.6043,-22.9205,1014.75
37226,2.49163,12.6208,0.83692,95.34,-49.28,389.34,42.3182,-30.7939,-21.5315,1014.75
37232,1.99904,14.2563,0.626494,92.12,-51.66,386.4,40.197,-32.0275,-21.4429,1014.79
37238,1.09039,16.0545,0.301291,83.72,-54.74,381.57,38.3665,-33.4462,-22.359,1014.79
37244,0.047824,16.6714,0.540411,74.62,-59.64,377.51,38.2212,-36.0059,-21.6645,1014.75
37250,-0.746054,17.1401,0.860832,67.06,-65.73,371.63,36.7393,-37.332,-22.0192,1014.75
37256,-1.32951,18.5031,1.66906,65.03,-71.26,361.55,34.6763,-37.517,-21.502,1014.75
37262,-2.13295,16.8723,2.27164,65.45,-80.01,354.9,34.2695,-39.6141,-22.492,1014.77
37268,-1.39646,16.0354,2.65901,74.97,-82.25,347.48,33.514,-41.9579,-21.7532,1014.77
37274,-0.865614,15.9684,3.65375,82.04,-79.52,336.84,31.3928,-41.5262,-22.5511,1014.76
37280,-1.33429,18.197,3.40029,89.04,-79.45,328.37,29.5042,-43.2532,-23.4672,1014.76
37286,0.124342,19.2396,3.89287,100.8,-74.41,320.81,28.2257,-45.0419,-22.1078,1014.79
37292,0.0095648,20.8895,4.35198,107.17,-67.55,317.87,26.4241,-45.5353,-22.9205,1014.79
37298,-0.0765184,23.1468,4.29938,111.93,-58.52,324.94,24.9132,-46.0905,-22.625,1014.79
37304,-0.97561,25.1124,3.80201,107.87,-44.24,344.4,22.9664,-48.6193,-21.369,1014.79
37310,-0.0286944,26.8723,4.31851,101.15,-27.02,368.69,21.6588,-48.7735,-21.5906,1014.79
37316,-1.00909,27.5323,3.9407,97.86,-8.4,395.36,19.7992,-48.6502,-20.6745,1014.8
37322,-3.59158,27.4558,5.055,128.52,14.35,407.19,18.5207,-50.5931,-20.5858,1014.8
37328,-3.04161,25.2224,3.88809,104.65,21.7,441.49,16.138,-52.0117,-19.389,1014.8
37334,-5.7867,25.495,4.20851,81.2,40.67,445.76,13.3486,-51.4257,-19.6697,1014.8
37340,-9.41176,26.3319,4.75371,85.75,55.09,427.35,10.8207,-51.3641,-19.1969,1014.78
37346,-11.5256,26.8006,5.12195,83.23,53.62,418.88,9.5131,-53.1219,-20.3051,1014.78
37352,-15.3898,28.2257,5.56671,81.06,52.29,411.04,7.94403,-52.8752,-18.591,1014.79
37358,-17.3075,29.7609,4.19416,61.67,49.07,384.79,5.53232,-52.721,-19.6549,1014.79
37364,-19.034,29.7083,1.18125,38.43,49.63,351.54,3.32401,-53.8929,-17.7636,1014.79
37370,-20.0717,31.2243,-4.4285,-3.36,49.14,323.33,1.75494,-53.307,-18.3546,1014.79
37376,-25.5954,29.0579,-7.52272,-51.45,41.09,288.47,0.331158,-53.0602,-19.9652,1014.79
37382,-28.9144,22.5108,-5.96365,-72.73,27.86,240.03,-0.540545,-53.6154,-18.5467,1014.8
37388,-35.5858,9.30655,0.875179,-45.36,7.07,198.17,-1.96433,-53.1836,-19.7731,1014.8
37394,-38.044,1.97513,3.06074,18.62,-11.13,158.83,-2.63263,-51.9809,-19.1821,1014.79
37400,-42.3529,-2.15208,5.6241,85.61,-30.45,124.53,-3.41716,-51.95,-19.1821,1014.79
37406,-40.8895,2.53467,3.79723,117.46,-23.8,89.11,-4.87,-54.1088,-19.256,1014.81
37412,-38.8522,7.43185,7.98661,146.72,-18.9,50.05,-4.66661,-52.6902,-17.6601,1014.81
37418,-35.825,12.2286,8.74701,146.65,-3.92,6.37,-5.21868,-52.3818,-16.9065,1014.83
37424,-29.5552,19.9952,7.56576,117.32,24.57,-38.64,-5.01529,-54.0163,-16.079,1014.83
37430,-25.5571,21.6451,7.51315,77.35,34.86,-83.23,-4.4051,-54.5714,-15.3993,1014.83
37436,-22.4438,22.1903,5.95887,34.72,57.12,-116.27,-3.59151,-52.7518,-17.01,1014.83
37442,-20.77,19.7704,5.868,32.2,111.44,-154.49,-2.2549,-54.2938,-15.0004,1014.83
37448,35.1937,110.311,84.5672,274.75,-298.13,-359.45,-1.78999,-55.219,-14.4536,1014.8
37454,3.099,30.7891,-25.8154,-168.77,12.11,-240.87,-0.308091,-53.492,-16.9804,1014.8
37460,23.1803,-12.4295,-22.0277,49.63,-47.81,-244.65,0.418328,-54.5097,-14.8526,1014.78
37466,31.1956,16.5328,-17.7379,-56.35,106.47,-277.34,1.75494,-54.8489,-15.2368,1014.78
37472,16.1454,16.3032,-2.68293,-155.68,117.6,-321.72,3.67269,-53.4303,-14.6605,1014.82
37478,11.9082,1.47776,6.93448,-151.41,156.73,-368.97,6.40402,-52.7518,-16.6849,1014.82
37484,1.7121,-1.64515,11.6499,-82.32,178.78,-349.65,7.91497,-54.5097,-16.1234,1014.82
37490,-8.19703,3.04639,16.3702,-56.7,140.21,-343.28,9.33876,-53.6462,-16.611,1014.81
37496,-10.9182,5.96844,12.659,-4.83,99.19,-358.12,11.4308,-52.2892,-17.0247,1014.81
37502,-15.0359,20.0526,6.40363,-40.67,91.42,-337.33,12.7384,-52.8444,-15.9756,1014.79
37508,-15.8393,19.8278,10.4065,-37.03,47.25,-294.56,14.9177,-53.2761,-17.1429,1014.79
37514,-12.3864,19.6844,6.40842,-31.29,-10.29,-255.92,16.2833,-51.5799,-17.7192,1014.83
37520,-7.47967,15.1698,4.63415,-14.28,-30.1,-234.36,18.2592,-51.0865,-17.2907,1014.83
37526,0.679101,14.5385,-3.45768,-4.41,-17.5,-230.58,18.5498,-51.8575,-16.6405,1014.86
37532,0.277379,13.7446,-2.18077,-1.75,32.27,-213.08,20.9324,-50.408,-16.2416,1014.86
37538,-0.25825,12.9986,-2.26686,-1.19,49.42,-199.29,21.6879,-49.2361,-17.0247,1014.86
37544,-7.02056,18.5175,-3.27594,-20.86,91.56,-161.21,22.8211,-49.9763,-16.5371,1014.81
37550,-17.934,17.3505,-0.985174,-28.49,52.92,-90.93,23.0245,-49.9146,-15.6949,1014.81
37556,-12.0277,15.0646,3.00335,-49.49,-20.65,-61.39,23.3151,-47.7866,-17.9704,1014.82
37562,0.492587,9.20612,1.64993,-38.57,-27.16,-50.96,23.4894,-49.4828,-17.6453,1014.82
37568,4.56241,8.91439,-1.58297,-20.51,30.8,-55.79,23.5185,-50.1613,-16.2564,1014.81
37574,-2.52511,9.22047,1.42994,-10.08,45.01,-50.96,24.3321,-47.9717,-16.2564,1014.81
37580,-5.1889,12.1569,0.908656,-23.03,13.93,-31.99,24.5064,-48.5268,-17.3203,1014.81
37586,-0.325203,10.4495,-1.71688,-26.81,8.26,-27.51,25.0585,-49.7912,-16.9361,1014.81
37592,-0.526064,11.2052,-0.731707,-34.02,18.62,-24.78,25.3781,-48.7735,-16.478,1014.83
37598,-0.908656,7.83357,4.61502,-17.08,7.07,-19.46,25.0875,-47.4166,-18.1773,1014.83
37604,-0.37781,9.34003,1.9034,-9.45,6.58,-23.17,25.4362,-48.9277,-18.1921,1014.83
37610,-1.42516,9.7561,1.39646,-1.47,-0.98,-19.95,25.7558,-48.8044,-17.9113,1014.82
37616,0.0191296,10.8369,-0.353898,-11.69,1.54,-15.05,25.8721,-47.1082,-18.6058,1014.82
37622,0.827355,10.8274,-0.153037,-10.36,-0.14,-18.62,26.1917,-48.6502,-18,1014.84
37628,0.310856,10.0096,0.511717,-5.11,9.45,-22.82,26.1336,-48.5268,-17.5271,1014.84
37634,-0.865614,10.2439,0.980392,-5.67,6.79,-18.9,26.4241,-46.8615,-17.8522,1014.81
37640,-0.511717,9.1296,1.83644,-1.68,1.54,-15.12,26.366,-47.2007,-18.8718,1014.81
37646,0.11956,9.42133,1.57341,3.57,-0.84,-18.41,25.7849,-48.496,-17.5124,1014.84
37652,0.286944,10.1339,0.73649,5.88,-3.78,-19.95,26.0173,-47.3857,-17.2021,1014.84
37658,0.234338,9.96652,0.69823,7.42,-3.92,-18.62,26.0464,-47.3549,-17.7783,1014.84
37664,-0.267814,9.95218,0.382592,5.81,-6.72,-18.27,26.7728,-48.4651,-17.2168,1014.84
37670,-0.425634,10.44,0.047824,4.13,-10.36,-16.31,26.5113,-47.6016,-17.734,1014.84
37676,0.210426,9.58871,0.234338,2.94,-10.99,-18.27,26.0464,-45.9054,-18.1773,1014.84
37682,-0.0765184,9.66523,0.176949,1.05,-8.82,-18.2,26.0464,-47.3549,-17.335,1014.84
37688,-0.282162,9.86609,0.344333,0.21,-9.38,-16.03,26.6566,-48.0334,-15.9904,1014.82
37694,0.0573888,9.8374,-0.114778,-1.47,-7.77,-15.75,26.1045,-46.7998,-18.7536,1014.82
37700,0.095648,9.89957,0.10043,-3.99,-5.88,-17.64,26.4241,-46.5839,-18.4285,1014.8
37706,0.0286944,10.1578,-0.310856,-7.28,-6.72,-17.5,27.0924,-48.1876,-17.8227,1014.8
37712,-0.11956,10.5643,-0.966045,-13.44,-6.79,-17.64,26.4823,-47.0465,-17.3055,1014.8
37718,-0.124342,10.6982,-1.3056,-21.84,-6.09,-17.5,26.86,-46.8306,-17.734,1014.83
37724,0.793878,11.1765,-2.16164,-31.43,2.45,-17.99,27.1215,-47.2624,-17.468,1014.83
37730,0.095648,9.71784,-0.923003,-35.28,7.14,-19.46,26.337,-47.2624,-17.2612,1014.84
37736,-0.765184,10.1578,-0.0621712,-42.77,7.21,-18.62,26.2789,-46.0288,-18.7979,1014.84
37742,-0.650406,10.6169,-0.545194,-46.9,4.9,-18.48,26.6275,-47.1082,-17.6158,1014.82
37748,-0.0191296,10.7939,-0.181731,-49.28,-1.82,-21.84,27.0343,-48.0025,-19.2855,1014.82
37754,0.45911,10.5356,-0.425634,-56.21,-3.01,-24.85,27.1506,-45.8129,-19.4776,1014.83
37760,-0.0908656,8.51745,1.37733,-46.62,4.27,-21.98,27.1796,-46.2447,-18.2955,1014.83
37766,-1.22908,9.4022,1.4682,-45.57,1.19,-19.32,27.906,-46.4914,-18.5319,1014.81
37772,-0.535629,9.40698,1.23864,-43.19,-5.25,-21.84,27.5864,-45.9054,-18.2216,1014.81
37778,-0.21999,9.52654,1.08082,-33.74,-6.58,-22.89,27.6155,-45.0727,-20.6006,1014.81
37784,-0.559541,9.60306,0.85605,-34.44,-8.89,-23.59,27.4411,-46.1521,-19.256,1014.82
37790,-0.650406,9.36394,0.669536,-35.35,-10.57,-24.08,27.3249,-45.9054,-20.5711,1014.82
37796,-0.143472,9.61262,0.329986,-32.69,-12.18,-26.74,27.7898,-44.1784,-20.2608,1014.81
37802,-0.162602,7.69488,1.19082,-25.62,-13.51,-29.19,27.9641,-46.3063,-20.0391,1014.81
37808,-0.329986,8.73266,1.21473,-15.75,-14.28,-33.32,28.2257,-46.3372,-20.7632,1014.8
37814,1.18125,11.0091,1.38211,-25.9,-16.45,-32.41,27.8189,-44.8877,-21.8123,1014.8
37820,0.85605,10.4304,1.9034,-20.58,-12.11,-32.41,28.2838,-44.7027,-20.8814,1014.86
37826,0.588235,9.08178,2.16164,-19.18,-10.22,-35.84,29.2426,-45.6895,-20.512,1014.86
37832,-0.95648,8.48876,2.62076,-10.99,-8.4,-35.7,28.7196,-43.8392,-21.5611,1014.86
37838,-0.511717,10.2726,2.19034,-6.58,-10.08,-36.89,29.5042,-43.4999,-22.0044,1014.83
37844,0.334768,10.8274,2.05165,-9.31,-6.79,-41.86,29.0683,-44.4559,-20.4972,1014.83
37850,0.851267,9.62219,1.83644,-8.12,-3.22,-46.97,29.5623,-44.7952,-21.2803,1014.84
37856,1.27212,9.76088,1.64993,-2.1,0.63,-49.49,29.417,-43.099,-20.8518,1014.84
37862,0.25825,11.2817,2.56337,1.19,1.96,-51.1,29.9109,-43.4074,-20.5415,1014.81
37868,0.248685,10.99,1.65949,0.98,0.98,-56.98,29.6785,-44.1167,-20.6302,1014.81
37874,0.282162,10.7843,2.95074,4.83,4.97,-59.71,30.0272,-42.328,-20.4824,1014.85
37880,0.516499,11.2673,2.34338,6.79,3.08,-72.45,29.7657,-42.5439,-20.0982,1014.85
37886,1.12865,11.4204,1.33907,12.46,4.62,-78.75,30.3177,-43.5308,-20.113,1014.85
37892,0.373027,12.2956,1.7934,16.17,7.56,-80.64,30.957,-43.284,-20.9553,1014.84
37898,0.210426,12.7212,1.35342,11.55,6.51,-90.09,30.6955,-41.557,-21.4872,1014.84
37904,-0.071736,12.0086,2.73075,18.69,-4.27,-96.81,31.9159,-43.099,-19.7731,1014.84
37910,1.59254,12.6638,1.22429,22.47,6.58,-107.59,32.0321,-42.8831,-20.4824,1014.84
37916,-0.023912,12.286,2.60163,26.39,0.28,-118.65,32.0321,-41.0944,-20.5563,1014.84
37922,0.865614,12.8073,1.04256,26.04,0.7,-127.47,32.8747,-41.8963,-18.8718,1014.84
37928,0.248685,12.5681,2.33859,26.39,-2.1,-134.75,33.6302,-41.6804,-19.1969,1014.81
37934,0.334768,12.4295,2.97465,30.24,2.87,-139.72,33.9208,-40.3543,-20.7632,1014.81
37940,1.15256,12.5921,3.47202,32.9,7.42,-150.29,34.6472,-40.0767,-19.1082,1014.83
37946,1.31516,12.659,3.41942,41.44,10.92,-161.28,34.3857,-41.557,-18.1921,1014.83
37952,0.994739,13.6681,1.88905,43.68,12.39,-171.71,35.6642,-39.5524,-19.5072,1014.83
37958,1.18125,14.4476,2.00861,48.23,10.92,-183.68,36.5068,-37.1778,-18.7979,1014.83
37964,1.40124,15.825,0.444763,46.27,9.1,-199.29,37.1751,-38.9665,-18.0148,1014.83
37970,1.17169,16.0258,0.215208,44.8,9.38,-215.6,37.6982,-37.517,-18.266,1014.86
37976,1.67862,16.2362,0.382592,46.27,3.64,-232.33,38.3955,-35.4816,-18.7831,1014.86
37982,2.51554,17.1401,-0.0047824,45.01,6.3,-249.2,39.1801,-36.1601,-17.0986,1014.82
37988,2.57293,18.4122,0.61693,49.14,7.7,-270.41,41.0106,-35.4199,-17.0691,1014.82
37994,3.10856,19.6078,1.4395,52.43,3.22,-298.2,41.2431,-32.9527,-18.6501,1014.84
38000,1.86035,22.6686,-4.39024,48.72,8.61,-326.2,41.708,-31.5341,-17.8522,1014.84
38006,2.66858,22.2764,-3.29986,34.23,-14.07,-374.01,43.8001,-31.9967,-16.9361,1014.84
38012,5.88713,23.8164,-1.80775,35.28,-1.89,-387.03,43.8001,-29.2828,-16.7883,1014.84
38018,5.47107,27.0397,3.18508,26.04,2.8,-421.19,44.4974,-26.8465,-16.9065,1014.84
38024,6.79101,26.3415,5.08847,34.93,11.06,-455.07,47.4322,-26.168,-16.6258,1014.84
38030,7.20229,31.4156,4.3472,31.5,35.28,-489.79,47.839,-23.8858,-16.1825,1014.84
38036,6.02104,31.7934,4.07939,8.89,38.64,-525.42,47.0835,-20.1234,-16.6849,1014.85
38042,0.277379,21.7073,2.74988,28.84,54.81,-534.8,48.856,-17.9646,-13.8921,1014.85
38048,-3.9933,25.3515,4.58154,61.6,27.3,-546.35,50.2507,-15.9909,-13.6409,1014.83
38054,3.05117,29.4213,0.468675,58.8,12.95,-555.24,49.379,-12.7527,-15.7096,1014.83
38060,0.277379,31.3678,2.95552,48.72,8.96,-550.9,49.7858,-9.79208,-13.9217,1014.82
38066,4.62936,40.0191,-2.63032,39.97,4.97,-552.37,52.2847,-7.41742,-13.1238,1014.82
38072,4.84457,39.0435,-8.49354,-9.45,20.65,-545.51,51.3548,-3.56245,-14.8822,1014.82
38078,1.92731,32.8742,-4.83501,-44.45,-5.6,-524.86,51.1515,-0.971909,-14.8969,1014.78
38084,8.57963,22.5921,-5.27977,-53.41,-15.54,-487.06,51.9069,1.09435,-12.4441,1014.78
38090,7.03491,17.0732,-4.12721,-26.11,-13.65,-460.25,50.7447,4.57924,-13.1829,1014.8
38096,8.71832,10.7269,-3.18508,-10.15,-97.58,-432.32,49.3499,7.66322,-15.6358,1014.8
38102,14.8828,-5.79149,-10.8752,13.37,-96.53,-390.53,49.8439,9.60612,-13.6557,1014.8
38108,4.77762,-8.85222,-11.2339,62.79,-12.18,-306.95,50.2797,10.5005,-13.7739,1014.8
38114,-22.7547,13.0703,-1.95122,31.08,-53.34,-116.76,48.1005,12.135,-14.7787,1014.79
38120,-6.67623,11.1573,1.72645,13.51,-142.17,16.8,48.4492,11.6724,-15.6358,1014.79
38126,11.1573,7.71401,-6.08321,49,-34.58,128.38,49.379,12.0425,-16.611,1014.79
38132,5.99713,12.1712,-0.329986,24.08,-45.15,212.45,48.1295,10.8397,-16.9361,1014.79
38138,13.3142,10.4735,-1.49689,20.86,-35.84,256.06,48.1877,9.57528,-16.6405,1014.79
38144,13.3525,12.7021,-3.29986,6.93,-11.13,277.69,49.8148,8.52673,-15.2811,1014.8
38150,11.8699,12.7881,-2.54424,-21.91,-6.16,285.32,49.408,6.09039,-15.887,1014.8
38156,11.6308,10.8895,-1.3582,-34.44,3.92,283.71,48.4492,5.22688,-16.9361,1014.83
38162,10.5308,7.32664,-0.540411,-44.24,9.66,280.91,50.0182,3.59237,-16.9065,1014.83
38168,9.14395,4.71545,-0.277379,-49.14,14.63,278.81,50.8028,1.06351,-14.8969,1014.79
38174,8.65136,4.12243,-1.1143,-52.5,17.36,278.04,49.6986,1.58779,-16.9213,1014.79
38180,7.37924,2.48207,-0.746054,-51.8,22.68,280.77,50.5122,-0.0775563,-16.8917,1014.79
38186,6.28407,2.12817,-0.172166,-48.3,21.98,284.69,51.8198,-2.32886,-15.0151,1014.77
38192,5.27021,2.57293,-0.162602,-44.8,20.09,289.87,50.3379,-2.94565,-15.887,1014.77
38198,4.35677,2.7451,0.0765184,-38.92,16.24,298.2,49.7567,-4.3026,-15.1777,1014.75
38204,3.60593,3.20899,-0.191296,-32.76,15.54,309.4,51.3839,-7.23238,-15.4289,1014.75
38210,2.70684,3.68245,0.11956,-28.7,9.87,320.88,50.1635,-8.49681,-15.7244,1014.73
38216,2.49641,4.8637,-0.769966,-25.34,6.79,334.32,49.7277,-8.8052,-16.0643,1014.73
38222,1.57819,5.71497,-0.970827,-24.85,-1.33,345.45,50.1345,-11.4883,-14.6901,1014.72
38228,0.530846,5.8967,-0.645624,-23.52,-10.92,355.67,50.1345,-14.3872,-16.0938,1014.72
38234,0.526064,6.28407,-0.444763,-19.18,-18.62,364.7,49.1175,-15.1582,-16.212,1014.78
38240,0.659971,6.56624,-0.0095648,-14.49,-27.02,371.91,48.2748,-17.1936,-16.0347,1014.78
38246,0.860832,6.45624,0.162602,-8.05,-34.79,377.23,49.0884,-20.1542,-15.4289,1014.78
38252,1.27212,6.59493,0.13869,-1.47,-39.48,381.43,47.7518,-20.0309,-16.478,1014.74
38258,1.56863,7.03969,0.148254,4.97,-43.96,384.86,46.0956,-21.8504,-16.1677,1014.74
38264,1.57819,7.93878,0.133907,10.08,-48.65,387.59,46.4733,-24.1634,-16.9065,1014.77
38270,1.5495,8.7231,0.181731,14.28,-52.64,386.68,45.5435,-26.5072,-18.4137,1014.77
38276,1.39168,10.0383,0.205643,18.13,-56.21,386.19,43.8001,-27.1549,-18.7092,1014.74
38282,1.18604,10.9421,0.248685,20.37,-59.85,385.56,42.8993,-29.252,-19.256,1014.74
38288,0.750837,12.2047,0.196078,22.47,-63.49,385,41.5337,-32.6752,-18.7831,1014.75
38294,0.315638,13.0464,0.196078,24.15,-68.39,385.84,40.6038,-33.2611,-18.6649,1014.75
38300,-0.0813008,13.9885,0.11956,26.46,-73.57,386.61,39.7031,-34.7414,-19.4333,1014.75
38306,-0.368245,15.1219,-0.176949,28.07,-77.91,388.78,38.9767,-37.3937,-18.2364,1014.78
38312,-0.73649,14.1989,0.659971,33.6,-82.74,389.48,37.0008,-38.0413,-19.8027,1014.78
38318,-1.15734,17.274,-0.21999,34.44,-82.67,392.35,34.7634,-38.5347,-21.6793,1014.77
38324,-0.903874,17.1784,-0.416069,39.27,-87.29,398.93,33.6012,-41.557,-20.7188,1014.77
38330,-0.894309,17.9483,-0.473458,45.15,-94.43,398.86,31.2185,-42.7598,-20.6893,1014.76
38336,-0.349115,19.077,-0.779531,58.24,-88.83,397.32,29.7657,-42.3588,-21.6793,1014.76
38342,-1.41081,20.0526,0.253467,72.73,-94.22,402.43,28.0804,-44.6101,-22.0339,1014.74
38348,-1.88427,21.3056,0.521282,89.18,-95.2,408.31,26.3079,-46.8923,-20.6597,1014.74
38354,-2.56815,23.0273,1.17169,124.81,-97.02,417.9,23.6637,-46.4914,-21.2803,1014.74
38360,-2.81205,24.6389,1.36298,120.89,-90.16,431.06,22.0366,-48.496,-21.4429,1014.77
38366,-3.19464,26.7145,2.72597,130.55,-86.1,446.18,19.7411,-49.5753,-19.5367,1014.77
38372,-2.89335,26.9584,3.44333,139.02,-71.96,460.18,17.7943,-49.3286,-21.369,1014.81
38378,-3.02248,26.8436,6.66667,144.13,-53.76,466.06,14.1622,-50.8398,-20.4085,1014.81
38384,-3.59636,26.2889,8.82353,154.14,-33.67,464.87,12.7675,-52.135,-19.5811,1014.8
38390,-6.80057,28.8905,10.1578,160.37,-13.79,458.85,9.3097,-53.2761,-19.123,1014.8
38396,-9.24916,34.352,8.10139,142.87,36.05,444.64,7.59535,-52.5668,-18.4876,1014.79
38402,-11.6021,39.9761,4.60067,107.45,30.17,408.59,6.02629,-54.0471,-17.9261,1014.79
38408,-15.2702,43.0033,2.96509,46.97,39.9,379.75,3.7308,-54.2322,-15.9017,1014.79
38414,-18.0296,42.9125,-1.62602,-28.07,55.86,337.61,2.16174,-53.492,-16.6849,1014.79
38420,-20.3826,41.8412,-6.90579,-110.6,68.81,279.23,0.156818,-53.2144,-17.6453,1014.79
38426,-28.2544,38.9287,-18.9574,-226.38,73.01,237.86,-0.656772,-53.9238,-17.8374,1014.84
38432,-39.4644,25.1698,-9.70349,-267.75,66.22,196.84,-1.99338,-52.2892,-18.7979,1014.84
38438,-47.9675,-12.6734,9.99522,-127.68,22.19,176.05,-2.45829,-50.7781,-21.3838,1014.78
38444,-49.7513,-10.703,-4.03156,2.59,8.12,161.42,-3.09754,-51.9192,-21.1621,1014.78
38450,-52.219,-11.2434,2.07078,81.48,-24.99,121.03,-3.35905,-52.3509,-20.4972,1014.81
38456,-41.076,-1.22429,2.75466,143.01,-11.83,68.25,-4.52132,-51.2099,-20.2903,1014.81
38462,-38.2066,4.99761,5.91105,184.73,-6.93,11.13,-4.89906,-52.5051,-19.8027,1014.86
38468,-29.0053,16.4945,2.98422,199.36,14.14,-53.06,-5.04434,-53.1836,-19.4924,1014.86
38474,-25.2559,22.3195,0.942133,161.63,31.57,-124.11,-4.05641,-52.9369,-17.2907,1014.86
38480,34.175,123.089,6.5758,287.28,-102.97,-510.23,-2.48735,-53.1528,-15.5471,1014.81
38486,-35.6337,16.1789,-10.2726,-201.95,214.06,-356.72,-0.540545,-54.448,-17.335,1014.81
38492,12.4008,-1.21951,-17.7953,86.24,-35.07,-327.88,1.81305,-54.263,-17.5271,1014.81
38498,15.758,18.0918,-16.7671,-16.59,100.66,-312.83,2.94627,-53.5537,-16.9065,1014.81
38504,12.6638,23.3046,5.77236,-103.74,71.26,-359.17,5.0093,-54.5405,-15.4141,1014.78
38510,13.8594,9.2396,5.52845,-107.87,165.34,-382.69,7.53724,-53.9238,-15.5175,1014.78
38516,1.99904,7.83835,13.2903,-45.36,186.55,-353.08,10.5301,-52.536,-17.7636,1014.82
38522,-6.91057,8.49354,13.8546,-30.24,129.08,-352.87,11.6633,-53.1836,-16.7588,1014.82
38528,-8.46007,5.23195,15.2559,-7.42,99.26,-385.7,12.9418,-53.7079,-15.7983,1014.82
38534,-14.9259,15.5141,10.2056,9.31,78.12,-368.2,15.7312,-51.8267,-16.8474,1014.79
38540,-20.7126,36.6284,-6.30799,-35.7,66.15,-293.51,16.8935,-51.4566,-16.9065,1014.79
38546,-20.1483,15.7054,13.5103,-34.09,-58.03,-274.12,18.4916,-52.2276,-15.9904,1014.8
38552,-7.32664,19.5505,2.33859,-16.66,-82.39,-248.43,19.8283,-50.2847,-16.478,1014.8
38558,-0.93735,9.9713,3.07508,-11.97,-67.62,-239.89,20.4094,-49.5753,-18.1773,1014.82
38564,1.67862,16.0067,-6.23625,0.7,34.51,-236.74,21.3683,-50.0071,-16.7883,1014.82
38570,-10.6695,36.4754,-18.7087,-53.97,121.66,-92.47,22.8502,-50.223,-17.468,1014.82
38576,-21.3678,18.1923,-0.0765184,-72.66,32.69,-74.97,23.0245,-47.725,-17.9261,1014.82
38582,-1.23386,8.15877,4.75371,-102.13,-21,-65.1,24.2449,-48.681,-18.266,1014.8
38588,4.15591,3.89287,4.39981,-48.65,24.01,-56.07,23.9253,-48.9277,-17.468,1014.8
38594,-2.15686,6.70971,3.22812,-23.45,63.14,-51.73,24.2158,-48.1567,-18.2955,1014.8
38600,-5.978,9.08178,5.12673,-24.43,23.66,-48.23,24.6226,-47.8175,-18.0295,1014.82
38606,-2.51554,8.67527,3.41463,-12.81,0.07,-32.69,24.8841,-48.681,-17.6749,1014.82
38612,0.884744,10.44,-0.793878,-11.83,8.75,-28.28,25.2619,-47.1698,-17.7783,1014.82
38618,-0.961262,12.7021,-1.46341,-13.16,8.68,-33.04,25.4653,-46.954,-17.4089,1014.82
38624,-0.913438,9.4022,1.76949,-14.42,6.23,-34.65,25.4943,-48.095,-17.4533,1014.8
38630,-0.21999,10.5835,0.191296,-19.25,12.39,-29.96,25.1747,-48.6502,-18.5024,1014.8
38636,-2.65423,8.7757,4.13199,-3.71,-1.33,-29.33,25.349,-47.0465,-18.2955,1014.84
38642,0.0382592,10.0956,1.18604,-7.63,-3.71,-20.23,25.7849,-47.324,-18.7979,1014.84
38648,-0.13869,10.6791,-0.157819,-6.3,-2.38,-17.57,26.5404,-48.0025,-16.4632,1014.84
38654,-0.0908656,10.0574,1.33907,-7.77,-5.25,-25.55,26.5113,-46.9848,-17.9852,1014.83
38660,0.210426,10.4065,1.28168,-7.07,-2.87,-25.34,26.5694,-46.954,-17.7636,1014.83
38666,-0.325203,9.94739,0.741272,-5.39,-3.85,-21.42,26.5404,-48.7118,-18.4433,1014.83
38672,-0.133907,10.4448,0.315638,-9.17,-5.32,-23.59,26.2498,-46.7689,-18.2068,1014.83
38678,0.0813008,10.8704,-0.349115,-12.32,-7.14,-22.75,26.3079,-45.9979,-18.7092,1014.82
38684,0.726925,10.5261,-0.0382592,-15.33,-4.9,-25.48,26.5694,-47.0773,-19.0343,1014.82
38690,-0.583453,8.79005,1.72645,-13.58,2.52,-25.2,27.7607,-47.6016,-16.8917,1014.81
38696,-0.889526,10.043,1.23864,-17.64,-1.61,-18.9,26.9762,-44.8877,-18.6945,1014.81
38702,0.181731,9.45481,0.875179,-16.94,-0.91,-21.28,27.0053,-46.8306,-19.7879,1014.81
38708,0.0047824,10.99,0.865614,-16.03,-0.07,-20.23,26.9472,-46.9231,-17.7783,1014.79
38714,-0.157819,9.76088,1.28647,-14.77,-1.96,-19.11,27.6155,-45.597,-19.4333,1014.79
38720,0.674318,9.58871,0.301291,-12.25,4.62,-20.93,27.4992,-45.8746,-18.5319,1014.8
38726,-0.157819,10.4352,0.0669536,-21,-2.17,-24.85,27.3249,-47.1698,-18.5024,1014.8
38732,-0.439981,11.1,-0.392157,-23.38,-5.46,-18.13,27.0053,-46.4297,-19.2708,1014.78
38738,-0.329986,10.2391,-0.0191296,-27.65,-4.9,-13.58,26.7147,-46.368,-19.5811,1014.78
38744,0.224773,10.7461,-0.243902,-29.68,-6.72,-20.37,27.7898,-46.368,-19.4185,1014.83
38750,0.148254,10.2248,0.774749,-30.31,-6.16,-25.06,28.1385,-46.6147,-19.4185,1014.83
38756,0.0382592,11.5256,-0.133907,-29.26,-6.93,-20.37,27.3249,-45.1344,-19.0343,1014.82
38762,-0.344333,11.2052,0.200861,-36.82,-10.22,-27.02,27.7026,-45.8129,-20.3051,1014.82
38768,1.16212,9.45959,1.80296,-34.51,-6.93,-25.76,28.3419,-46.8615,-20.8075,1014.82
38774,0.25825,9.34959,1.48733,-30.52,0.56,-29.4,27.9932,-44.5176,-20.7779,1014.85
38780,-0.162602,9.6748,1.73123,-22.33,0.35,-33.04,27.4702,-45.0111,-22.2408,1014.85
38786,-0.272597,11.0234,1.51602,-23.94,-2.94,-35.14,28.2257,-46.2755,-19.7731,1014.82
38792,0.310856,10,2.09469,-17.15,-4.13,-38.15,28.6325,-45.8437,-20.6597,1014.82
38798,0.961262,9.95696,1.99426,-13.37,-2.31,-42.84,28.5743,-43.6541,-18.5467,1014.82
38804,-0.93735,9.57436,1.72645,-13.93,2.31,-44.8,29.3008,-45.4737,-21.3838,1014.82
38810,-0.879962,8.90005,1.40603,-11.41,-1.33,-43.54,28.4872,-45.0727,-18.9161,1014.81
38816,-0.808226,9.09134,1.53993,-7.56,-3.36,-43.4,29.0102,-43.6541,-20.0243,1014.81
38822,-1.42516,9.36872,1.39646,-7.35,-8.26,-42.35,29.5042,-44.9185,-19.8175,1014.81
38828,-0.803443,9.94261,0.521282,-9.66,-9.17,-43.26,29.7366,-45.2269,-20.113,1014.84
38834,-0.918221,9.90435,0.808226,-11.62,-11.13,-43.12,30.0562,-43.1607,-20.6006,1014.84
38840,-0.918221,9.82305,0.674318,-15.26,-13.93,-45.57,30.3468,-43.9008,-20.2755,1014.85
38846,-0.951698,9.88044,0.645624,-15.4,-15.89,-45.22,30.2887,-45.0111,-19.9061,1014.85
38852,-1.04256,9.56002,0.980392,-16.8,-18.41,-44.52,29.1555,-43.87,-19.4924,1014.83
38858,-0.85605,9.34003,1.56384,-15.61,-18.48,-44.52,30.1143,-43.0065,-20.2312,1014.83
38864,-0.85605,9.67958,1.59732,-16.87,-18.9,-45.36,29.7076,-43.2532,-20.5711,1014.82
38870,-0.124342,9.33525,1.6308,-14.07,-17.22,-46.62,30.0853,-43.099,-20.8814,1014.82
38876,-1.01865,9.28742,2.6638,-12.11,-17.22,-45.99,30.2887,-41.4337,-21.9601,1014.82
38882,-0.406504,9.4022,2.7451,-7.21,-15.47,-46.48,30.5793,-42.6364,-22.2704,1014.82
38888,-0.841702,9.70827,3.49593,-2.24,-14.98,-48.44,30.986,-43.1298,-21.9896,1014.82
38894,-0.181731,10.8465,1.91774,1.05,-12.95,-53.13,31.4219,-41.7729,-22.8466,1014.84
38900,-0.425634,10.5978,2.3099,-2.66,-13.02,-56.56,30.8117,-41.4953,-22.7728,1014.84
38906,-0.167384,11.1573,2.09947,0.35,-9.24,-60.62,32.1483,-43.4691,-21.9601,1014.84
38912,-0.21999,10.66,2.43902,-0.98,-11.27,-64.26,32.4679,-41.3411,-22.1965,1014.84
38918,0.530846,10.8082,2.51076,2.03,-6.23,-72.24,31.6253,-40.5701,-21.9748,1014.86
38924,0.310856,11.1,1.88427,7.35,-2.87,-78.96,32.8747,-42.2355,-22.2999,1014.86
38930,-0.85605,12.6686,1.74079,6.23,-6.58,-81.97,32.9038,-41.4645,-21.4429,1014.85
38936,0.0430416,12.9364,1.51124,4.62,-9.94,-92.19,32.6713,-39.6758,-21.8123,1014.85
38942,0.784314,12.9699,1.49211,6.51,-7.98,-101.29,33.8046,-40.3851,-22.4181,1014.85
38948,0.401722,13.7542,1.26734,2.94,-8.89,-109.41,33.6593,-40.9402,-21.369,1014.82
38954,0.860832,13.3381,1.18604,1.47,-7.07,-116.41,33.9789,-39.5833,-22.7137,1014.82
38960,0.0095648,12.7355,1.56863,0.77,-7.14,-126.07,34.7344,-39.0282,-22.3147,1014.87
38966,0.918221,13.0751,2.53945,1.4,-1.82,-133.84,35.6351,-40.601,-22.1226,1014.87
38972,1.22429,12.8886,3.57245,6.58,3.78,-144.9,35.7804,-38.4114,-21.1621,1014.85
38978,0.985174,12.8599,3.59636,13.44,10.01,-155.33,35.4898,-38.2572,-22.3442,1014.85
38984,0.779531,13.8164,2.48207,18.69,12.88,-165.27,36.9136,-39.0282,-21.8714,1014.86
38990,0.707795,14.2085,1.79818,22.4,11.9,-178.43,37.5238,-37.8254,-21.3542,1014.86
38996,0.631277,15.6767,0.913438,24.36,12.18,-192.78,37.4948,-35.6666,-21.9305,1014.86
39002,1.3869,16.1884,1.35342,21.91,13.51,-206.92,37.7272,-36.9002,-21.8714,1014.84
39008,1.77905,17.6231,1.52559,23.31,15.61,-221.55,39.7612,-35.6666,-19.8618,1014.84
39014,2.72597,18.4218,1.34385,23.24,14.91,-243.95,40.0518,-33.6929,-20.5858,1014.81
39020,2.60641,21.2578,-0.248685,25.83,17.71,-265.65,40.4586,-33.5078,-19.7288,1014.81
39026,3.01291,22.6064,-1.45863,9.03,11.06,-290.29,41.9114,-32.5518,-19.7731,1014.83
39032,2.37207,21.8508,-3.32377,0.56,12.11,-316.19,42.5506,-31.5649,-19.1821,1014.83
39038,1.43472,22.2334,-3.71114,-6.93,7.98,-340.2,42.8703,-28.4501,-18.0591,1014.83
39044,2.62076,24.2755,-2.58728,-14.35,1.12,-367.43,44.0325,-29.0669,-19.6697,1014.83
39050,4.07939,24.6437,-2.02296,-16.8,7.56,-398.44,45.5144,-26.0755,-19.0491,1014.83
39056,3.099,23.6968,0.0382592,-12.39,10.01,-434.35,46.0084,-22.899,-20.1426,1014.81
39062,2.04687,23.6059,2.30512,8.68,5.46,-467.32,46.9092,-21.5729,-19.4185,1014.81
39068,2.92205,30.4926,1.61167,11.41,-0.77,-500.15,48.0714,-19.63,-18.3989,1014.84
39074,5.46628,30.3635,-2.17121,-2.17,3.29,-519.12,48.2458,-16.3609,-18.9457,1014.84
39080,-6.70493,28.3979,4.63893,25.55,-2.73,-517.72,48.6526,-13.8938,-19.1969,1014.83
39086,-1.16691,28.8092,1.79818,11.41,-46.34,-520.31,50.2507,-12.1976,-17.8522,1014.83
39092,3.76375,28.2783,4.48111,13.93,-28,-529.9,49.6986,-9.08276,-18.4433,1014.82
39098,-1.37255,31.1286,2.49641,41.58,-29.4,-524.37,49.3209,-5.59787,-18.1773,1014.82
39104,-1.73601,38.0727,-7.49402,-0.35,-51.45,-511.77,50.0473,-3.65497,-18.3103,1014.84
39110,2.43424,28.8714,-6.61406,-24.29,-63.21,-491.05,50.3088,-0.632672,-19.4628,1014.84
39116,4.36155,20.1578,-4.39024,-22.75,-74.76,-458.57,48.0424,2.20458,-19.2412,1014.84
39122,9.06743,16.4132,-7.27403,-34.16,-103.81,-425.81,47.839,4.7026,-19.9209,1014.77
39128,13.5007,11.8747,-8.96222,-61.74,-119.42,-374.15,48.9722,6.42963,-19.5663,1014.77
39134,16.5615,0.865614,-6.62841,-71.89,-73.22,-338.24,46.9673,9.02017,-20.4676,1014.77
39140,-1.74558,-6.4132,2.75944,-7.84,29.82,-242.2,46.4733,10.3463,-20.9848,1014.77
39146,-13.1564,14.3568,0.722142,-25.34,-45.29,-95.06,46.822,9.88368,-21.3394,1014.8
39152,4.17504,3.28551,1.03778,-0.07,-59.57,7.14,46.0084,11.6107,-20.837,1014.8
39158,7.25012,5.44715,-3.22812,27.44,16.45,96.53,45.2529,11.9191,-20.3199,1014.8
39164,6.09278,8.27355,-0.463893,18.2,8.05,157.01,47.1997,10.3154,-20.113,1014.8
39170,11.8508,8.78527,-2.31468,24.22,36.4,188.16,47.5484,9.91452,-20.6745,1014.8
39176,10.1291,10.373,-1.07604,21.91,49.07,200.48,46.7929,8.34169,-20.9257,1014.8
39182,10.3443,9.48828,-1.16212,19.32,58.52,202.51,47.7228,7.38566,-20.5415,1014.8
39188,9.37829,8.57484,-1.31994,15.96,66.5,201.32,49.1175,6.39879,-19.9357,1014.78
39194,8.70875,6.15495,-2.05643,7.42,68.67,199.99,47.9552,5.87451,-20.0096,1014.78
39200,7.89574,4.13199,-2.03252,6.44,73.64,200.41,47.839,4.36337,-18.8275,1014.82
39206,6.50885,3.84505,-1.90818,2.1,71.47,200.9,50.1054,2.66718,-19.2116,1014.82
39212,5.75801,2.97465,-1.59254,4.34,69.58,202.51,49.1465,2.05039,-18.724,1014.8
39218,4.20851,2.74988,-1.28647,7.14,63.7,206.15,48.8269,1.37191,-18.2068,1014.8
39224,3.44811,2.62076,-1.29125,9.59,56.91,213.22,50.2216,-0.262595,-17.5271,1014.79
39230,2.31946,2.75466,-1.40124,10.43,47.18,224.42,49.9892,-1.7429,-17.3498,1014.79
39236,1.98948,2.92205,-1.3582,13.23,41.72,240.31,49.1175,-2.72977,-17.3941,1014.79
39242,1.12386,3.42898,-1.04735,12.53,33.46,257.74,50.2797,-4.48764,-18.1625,1014.77
39248,0.803443,3.91679,-1.17169,12.04,21.49,281.05,51.1515,-6.36887,-16.877,1014.77
39254,0.73649,4.42372,-1.01865,10.85,12.46,300.79,49.3499,-7.60245,-17.7783,1014.75
39260,0.927786,4.79675,-0.784314,11.48,1.75,318.5,49.9892,-8.62017,-17.6453,1014.75
39266,1.20995,5.10282,-0.659971,12.95,-6.86,332.78,50.8028,-12.0434,-17.6897,1014.74
39272,1.06648,4.52415,-0.023912,17.5,-16.66,343.49,49.5243,-12.9069,-17.9556,1014.74
39278,1.67862,5.35151,-0.899091,20.51,-21.56,353.22,48.3911,-14.0788,-18.0591,1014.76
39284,2.07078,5.47585,-0.109995,24.92,-24.85,357.42,49.5824,-17.317,-17.3646,1014.76
39290,2.26208,6.02582,0.243902,31.64,-31.01,359.45,49.0594,-18.4272,-16.1529,1014.76
39296,2.63988,6.31755,0.35868,39.13,-33.39,360.85,47.3741,-19.1365,-17.1873,1014.75
39302,2.74988,7.14012,0.325203,42.07,-33.6,364.35,46.822,-22.1588,-16.7735,1014.75
39308,2.63988,8.24964,0.444763,45.71,-33.95,366.45,47.6646,-24.6568,-16.9952,1014.78
39314,2.42946,9.1583,0.45911,46.83,-34.72,369.18,45.1076,-24.811,-18.0886,1014.78
39320,2.00383,10.5356,0.473458,46.06,-34.3,371.28,44.3231,-27.1549,-19.0639,1014.76
39326,1.53515,11.6021,0.640842,44.38,-35.14,373.03,44.8171,-30.4855,-17.6749,1014.76
39332,1.06648,12.946,0.559541,42.42,-37.87,375.9,41.5627,-30.6706,-18.133,1014.77
39338,0.535629,13.6681,0.741272,41.3,-40.74,378.49,41.0106,-31.9042,-18.8866,1014.77
39344,-0.0143472,14.2611,0.999522,40.46,-43.89,380.52,40.7201,-35.5741,-18.8718,1014.77
39350,-0.157819,14.5385,1.07126,42.28,-46.69,382.76,39.3835,-36.9311,-18.591,1014.77
39356,-0.502152,15.1937,1.25777,45.08,-51.87,384.23,37.9597,-36.8077,-18.7831,1014.77
39362,0.114778,14.2802,1.6021,45.01,-46.55,389.48,36.2163,-39.2749,-18.5763,1014.79
39368,-0.593018,15.8154,2.25729,54.53,-51.52,387.38,35.2283,-40.2001,-20.0096,1014.79
39374,-0.47824,17.0014,1.59254,55.37,-56.98,386.75,32.6713,-40.9711,-18.3251,1014.78
39380,-0.263032,18.2018,1.58776,62.37,-52.99,389.13,31.3347,-42.914,-20.0835,1014.78
39386,-0.707795,19.0483,1.90818,65.94,-55.44,392.84,30.3759,-45.0727,-18.9161,1014.76
39392,-0.57867,20.4352,1.70732,71.12,-54.46,398.79,28.3128,-45.6587,-20.9257,1014.76
39398,-0.961262,22.2238,1.84601,74.06,-55.37,402.22,26.8019,-46.7998,-20.6893,1014.8
39404,-0.511717,23.4003,1.78862,80.78,-47.39,405.23,24.5936,-48.8352,-18.4433,1014.8
39410,-0.966045,25.9206,1.83166,84.49,-43.4,411.25,22.6758,-49.452,-18.3989,1014.8
39416,-1.31994,27.0684,2.05165,85.12,-34.3,415.24,20.8162,-49.2978,-20.1721,1014.78
39422,-2.61119,28.6561,2.02774,90.79,-18.41,415.38,18.2301,-50.5931,-18.5319,1014.78
39428,-5.01674,30.4782,1.61167,84.63,-5.95,419.65,16.7773,-52.2892,-17.3498,1014.82
39434,-5.30846,29.2779,1.83644,85.33,-8.61,418.6,14.2784,-52.0425,-20.5267,1014.82
39440,-9.00526,29.7131,2.81683,87.99,2.52,416.29,12.0991,-52.2892,-18,1014.83
39446,-13.252,29.6796,3.48637,83.86,17.36,394.8,10.6754,-54.7564,-17.3203,1014.83
39452,-14.9067,29.6557,3.76853,83.44,26.32,397.32,8.17649,-53.9854,-16.8474,1014.83
39458,-18.307,30.4304,2.97944,72.45,34.44,375.97,6.54931,-53.677,-17.6306,1014.83
39464,-19.8757,32.0277,-0.272597,46.76,41.44,340.13,4.19571,-54.7564,-15.4437,1014.83
39470,-24.2802,35.3993,-9.46437,-8.68,43.96,298.97,2.8591,-55.0957,-16.8179,1014.84
39476,-28.9622,31.913,-10.6265,-70.35,40.25,253.82,2.01645,-53.4612,-17.1429,1014.84
39482,-38.1779,17.4605,-4.73458,-87.15,26.18,209.93,0.302101,-53.9238,-17.5862,1014.82
39488,-43.8546,5.94931,0.774749,-49.35,9.31,171.64,-0.772999,-55.034,-17.3941,1014.82
39494,-51.6643,-6.66188,7.84792,34.51,-13.16,138.81,-1.35414,-53.0294,-18.9752,1014.86
39500,-51.5304,-2.83596,2.61119,84.77,-25.41,104.23,-1.49942,-53.3995,-17.9409,1014.86
39506,-47.1353,2.54902,5.88713,125.02,-32.97,49.91,-3.09754,-53.5228,-17.468,1014.81
39512,-41.9847,6.09756,7.76662,157.57,-33.88,-20.02,-2.89414,-54.2013,-15.1777,1014.81
39518,-32.396,15.0646,3.21377,154.14,-19.25,-96.88,-2.02244,-53.9546,-17.01,1014.81
39524,-27.2836,17.1832,2.80727,184.59,-86.52,-145.32,-2.37112,-55.99,-13.8774,1014.79
39530,29.0053,120.626,-20.0383,-149.1,51.66,-413.14,-0.511488,-55.1265,-12.6952,1014.79
39536,-26.1454,-57.9723,48.2544,-38.15,-36.12,-339.99,1.84211,-53.8621,-13.7592,1014.84
39542,21.0713,-0.650406,-28.5031,79.94,-63.56,-322.49,3.7308,-54.5714,-13.242,1014.84
39548,12.9986,18.9957,-5.16499,-43.75,160.23,-301.91,5.64855,-55.6508,-13.9808,1014.76
39554,13.4912,22.989,5.55715,-99.26,163.24,-347.97,8.0312,-53.3995,-13.8035,1014.76
39560,6.80057,2.29077,6.68101,-138.11,205.87,-375.9,9.3097,-53.9238,-14.7787,1014.77
39566,1.75036,6.92013,12.066,-72.52,184.52,-351.4,11.6052,-55.0031,-14.6162,1014.77
39572,-6.76231,4.19895,14.4907,-74.41,143.78,-350.63,13.3195,-53.2453,-14.4093,1014.81
39578,-6.25538,5.57628,15.1363,-34.44,141.89,-379.05,15.9056,-51.7341,-14.7639,1014.81
39584,-21.5256,17.7666,13.1516,-12.53,123.13,-345.94,17.3875,-53.2453,-14.6753,1014.81
39590,-26.1167,23.6585,9.46915,-8.75,18.13,-310.66,19.1599,-52.2276,-13.3159,1014.84
39596,-18.2592,19.0196,6.95839,-12.18,-77.77,-262.01,20.2641,-50.1613,-14.3945,1014.84
39602,-8.39311,15.5954,4.4572,-10.57,-104.23,-232.26,21.3101,-51.6416,-14.8969,1014.84
39608,1.02343,9.73218,1.16212,-4.62,-88.41,-240.52,21.746,-51.2407,-14.5571,1014.84
39614,-3.94548,26.944,-11.6117,-2.45,110.46,-147.35,23.7219,-49.7912,-13.4932,1014.84
39620,-17.6518,19.7944,-9.26351,-36.05,88.55,-70.84,24.6517,-49.1128,-14.9117,1014.84
39626,-10.703,21.846,-5.07891,-106.05,-2.24,-67.34,25.4072,-50.7473,-15.4437,1014.85
39632,5.07413,4.34242,2.08513,-96.95,-4.2,-75.53,25.0875,-49.6062,-15.7244,1014.85
39638,6.41798,4.80631,1.54472,-60.06,59.78,-58.31,25.2328,-48.095,-15.7096,1014.85
39644,-4.06982,7.89574,3.62028,-39.9,55.37,-54.67,25.6396,-49.3903,-15.355,1014.83
39650,-6.84361,9.6461,4.20373,-29.75,18.62,-40.74,26.1336,-49.4828,-15.6358,1014.83
39656,-2.1473,9.09613,1.84601,-18.2,2.45,-30.38,26.366,-47.1698,-16.079,1014.82
39662,-0.267814,11.6021,-1.57819,-23.17,6.93,-25.97,26.1917,-48.2801,-15.9165,1014.82
39668,-0.0143472,9.99043,0.191296,-29.96,6.37,-21.91,25.843,-50.408,-15.1629,1014.77
39674,0.411286,9.65567,0.946915,-22.26,15.89,-21.35,26.9181,-47.5399,-16.1382,1014.77
39680,-0.425634,9.81827,1.6834,-17.64,6.79,-28.21,26.1045,-48.2801,-15.6801,1014.81
39686,0.463893,9.22525,2.08034,-9.03,12.04,-26.46,26.4532,-49.2361,-16.1973,1014.81
39692,-1.45385,11.5447,0.49737,-5.88,17.15,-27.09,26.5404,-47.8792,-16.5962,1014.81
39698,-0.95648,10.7221,1.64515,-9.73,-9.38,-28.77,27.0924,-47.5399,-16.6849,1014.82
39704,0.0334768,9.65088,1.51124,-10.92,-12.67,-22.4,26.889,-48.1259,-16.345,1014.82
39710,-0.0813008,9.7274,1.48254,-4.2,-4.69,-23.1,26.8309,-47.91,-16.4632,1014.82
39716,-0.473458,10.2343,1.48733,-2.59,-7.07,-28,27.0924,-46.6456,-16.478,1014.82
39722,-0.502152,10.3443,0.133907,-3.85,-4.13,-23.17,27.9932,-47.0773,-17.0247,1014.78
39728,-0.172166,10.9565,-1.09039,-9.17,-2.45,-23.87,27.1506,-48.6502,-15.7835,1014.78
39734,-0.234338,10.4304,0.263032,-15.54,-2.73,-20.65,27.9932,-46.8923,-16.4928,1014.83
39740,-0.33955,9.5935,1.12386,-13.51,-2.38,-18.76,27.4121,-47.2932,-16.5076,1014.83
39746,-0.755619,9.45002,1.15734,-11.69,-2.31,-19.25,27.8189,-48.496,-16.6849,1014.84
39752,-1.10952,9.2922,1.5495,-10.5,-6.02,-16.87,27.877,-46.9848,-16.7735,1014.84
39758,-0.296509,9.43568,0.85605,-11.9,-4.76,-14.35,27.9932,-45.9671,-17.5567,1014.84
39764,-0.105213,9.66523,0.69823,-11.41,-2.66,-15.26,27.7607,-48.0334,-16.5223,1014.82
39770,-0.35868,10.0909,0.0191296,-14.49,-0.07,-15.82,27.5283,-47.9717,-15.6062,1014.82
39776,0.0430416,9.98087,0.411286,-14.91,2.24,-15.12,28.4872,-45.8437,-17.4089,1014.82
39782,-0.234338,9.9187,0.879962,-14.91,2.59,-14.42,27.8189,-47.3857,-17.4533,1014.82
39788,-0.942133,9.35916,1.22908,-12.32,-2.59,-13.44,28.5453,-47.8483,-16.7588,1014.82
39794,0.0669536,11.3391,-0.200861,-21.77,-5.53,-16.31,28.3128,-46.368,-17.6158,1014.82
39800,-0.186514,10.6504,-0.172166,-20.86,-5.53,-18.41,28.1966,-45.7204,-16.4632,1014.82
39806,-0.774749,11.4252,-0.439981,-27.23,-11.27,-19.53,28.7777,-47.5399,-17.1725,1014.82
39812,0.0047824,10.5261,-0.559541,-34.44,-13.86,-19.46,28.2547,-46.3989,-16.9804,1014.82
39818,-0.559541,10.2152,0.559541,-34.79,-11.97,-18.06,28.6325,-45.5662,-16.1677,1014.8
39824,-0.21999,10.0861,0.564323,-39.34,-8.33,-21.63,28.7196,-46.0288,-18.2216,1014.8
39830,-0.435198,10.1196,0.320421,-40.18,-8.33,-20.23,28.6615,-46.8923,-16.2268,1014.84
39836,-0.449546,10.4256,1.17169,-41.02,-9.17,-22.89,28.2838,-45.4737,-18.1773,1014.84
39842,-0.712578,10.1578,1.12865,-38.78,-13.79,-24.5,28.0804,-45.5662,-17.0543,1014.84
39848,-0.439981,8.65136,1.31994,-39.48,-11.2,-23.45,29.2717,-46.3372,-17.5862,1014.84
39854,-0.320421,8.69919,1.76471,-32.13,-8.4,-26.11,28.6906,-45.2578,-18.2068,1014.83
39860,1.02822,10.1291,3.39072,-26.53,-5.04,-29.26,29.1845,-44.2092,-18.2512,1014.83
39866,0.416069,10.2774,2.08513,-26.32,-0.42,-32.13,29.0974,-46.0905,-17.5862,1014.83
39872,-0.640842,8.90961,1.95122,-23.8,-1.26,-32.97,28.8358,-44.9802,-19.3003,1014.82
39878,-0.564323,9.34481,1.62123,-19.25,-3.36,-33.81,30.0272,-44.1784,-19.1969,1014.82
39884,-1.20995,10.3156,1.01387,-21.98,-6.65,-31.85,29.446,-44.8877,-19.9209,1014.82
39890,-0.368245,10.0574,0.315638,-25.76,-3.43,-36.96,30.2596,-44.055,-18.8127,1014.82
39896,-0.841702,8.89048,1.64993,-23.24,-5.11,-37.8,29.9691,-44.1784,-19.9505,1014.84
39902,-0.913438,9.01961,1.86514,-18.41,-7.7,-39.41,29.9109,-44.9494,-18.8422,1014.84
39908,-0.148254,10.2439,0.846485,-22.89,-5.39,-38.57,30.6083,-45.1036,-18.8127,1014.82
39914,-1.31516,10.0191,2.45815,-21.14,-10.01,-36.96,30.0272,-43.8392,-20.0835,1014.82
39920,-0.813008,10.4161,1.79818,-22.89,-11.83,-44.38,30.3468,-42.914,-19.3151,1014.83
39926,-0.124342,9.97609,1.59254,-21.7,-10.78,-50.54,30.8989,-44.9802,-19.5367,1014.83
39932,0.13869,10.0287,2.09947,-13.72,-7.07,-54.11,31.451,-43.3149,-19.0787,1014.83
39938,-0.023912,11.1191,2.70206,-14.84,-11.2,-60.76,30.463,-42.2355,-20.1426,1014.82
39944,0.0286944,10.3252,2.64945,-13.02,-9.38,-59.85,30.6664,-43.4382,-20.0096,1014.82
39950,-0.162602,9.02917,3.50072,-9.59,-7.21,-65.38,31.5672,-42.8831,-20.2312,1014.81
39956,1.05213,10.3156,2.99378,-2.38,-0.35,-69.44,30.9279,-41.0327,-19.2264,1014.81
39962,0.0334768,10.4591,3.62506,-1.47,-2.73,-73.78,32.1774,-41.9271,-18.9309,1014.82
39968,0.0813008,10.4878,2.69249,5.46,-1.82,-77.42,32.497,-42.8523,-19.8618,1014.82
39974,-0.344333,11.296,2.27642,8.33,0.35,-84.98,32.6713,-41.3103,-19.714,1014.84
39980,0.153037,12.1521,1.56384,9.59,-0.7,-91.35,32.8166,-40.8785,-20.8666,1014.84
39986,-0.272597,13.3477,1.6834,7.91,-4.34,-97.09,33.2525,-42.2355,-18.7536,1014.84
39992,0.679101,13.7781,1.30081,7.14,-3.85,-108.43,33.6302,-40.0459,-19.2855,1014.83
39998,0.425634,14.3807,1.25777,6.86,-6.3,-118.86,34.3857,-38.9048,-20.5711,1014.83
40004,0.435198,14.1894,0.97561,2.94,-5.88,-130.69,35.2865,-40.2001,-20.6302,1014.83
40010,0.191296,13.6824,1.89861,2.66,-5.25,-138.39,35.1702,-40.2309,-19.4628,1014.83
40016,0.47824,13.1946,2.42946,4.76,-5.39,-148.26,35.4608,-38.1955,-19.5219,1014.82
40022,0.569106,13.0368,2.30512,9.45,-1.89,-157.5,35.3736,-38.7506,-19.7288,1014.82
40028,0.726925,13.7016,3.1803,15.61,2.24,-168.91,37.0589,-38.0104,-19.6254,1014.82
40034,0.923003,15.7245,2.38642,17.43,3.43,-179.97,36.5068,-36.746,-19.3446,1014.82
40040,1.40603,16.2267,1.59254,13.02,3.29,-195.72,37.2042,-35.8517,-19.7879,1014.82
40046,1.20516,15.4232,1.22429,15.4,7.42,-209.93,39.0348,-36.5918,-19.3003,1014.84
40052,0.789096,16.0641,1.26734,18.34,6.23,-224.42,38.7151,-34.1863,-19.6254,1014.84
40058,2.44381,16.7958,2.07556,21.56,4.76,-241.71,39.645,-32.7677,-18.8275,1014.84
40064,3.3429,18.0679,1.61645,21.7,11.41,-262.85,40.2261,-33.1378,-19.4776,1014.84
40070,3.27116,19.8039,1.77427,25.2,10.64,-289.03,41.9114,-32.7368,-17.0986,1014.83
40076,3.75897,21.9464,-0.97561,17.15,11.27,-314.58,41.6208,-30.1155,-18.1921,1014.83
40082,2.97944,22.3577,-1.42037,8.26,10.92,-341.39,43.4223,-29.8379,-18.3398,1014.83
40088,2.99378,22.7834,-0.636059,10.15,8.26,-366.31,44.9624,-28.2651,-18.133,1014.83
40094,5.02152,22.5825,-1.02822,11.2,7.63,-400.75,44.788,-25.9829,-17.4089,1014.82
40100,3.36681,24.3615,1.49689,20.44,20.3,-436.03,45.9793,-23.5774,-17.6601,1014.82
40106,2.89813,25.648,2.96987,33.25,11.41,-471.66,47.6646,-22.8373,-17.2759,1014.82
40112,4.48111,28.747,1.25299,38.08,5.67,-508.27,47.839,-19.1674,-16.5962,1014.84
40118,5.20803,31.4395,-0.23912,21,7.77,-535.29,47.8099,-16.4535,-17.867,1014.84
40124,-2.30033,27.6662,2.31468,40.11,18.13,-539.63,50.1054,-15.189,-16.3894,1014.82
40130,-3.85461,28.1109,4.17504,60.83,-23.52,-546.28,49.902,-11.3032,-15.6358,1014.82
40136,2.16164,29.8326,0.746054,26.67,-35.84,-559.93,49.0594,-7.84917,-15.3107,1014.81
40142,0.0860832,25.6815,3.79244,65.38,-29.96,-546.56,50.3379,-4.88856,-16.2268,1014.81
40148,-3.82114,40.6887,-3.45768,46.13,-41.16,-529.83,50.5994,-2.32886,-15.8278,1014.82
40154,1.39646,35.9397,-3.81157,3.43,-73.57,-517.3,49.5533,-0.170076,-17.2021,1014.82
40160,4.10808,17.8288,-1.97513,20.79,-89.04,-492.31,48.7688,3.09894,-16.8031,1014.82
40166,4.39024,16.2076,-7.70923,33.11,-103.46,-449.05,49.4952,5.07268,-17.2464,1014.81
40172,9.74175,11.7169,-12.9316,0.7,-152.46,-395.64,47.6646,7.44734,-18.4285,1014.81
40178,13.5772,4.38068,-13.8164,-4.27,-138.11,-357.7,46.299,9.60612,-18.7092,1014.8
40184,-2.12817,-6.901,-7.43663,43.19,-75.39,-302.61,46.3861,10.7472,-18.2068,1014.8
40190,-19.6604,11.0952,-7.22621,42.84,-93.66,-142.17,46.4152,11.9499,-18.99,1014.77
40196,-0.640842,6.78623,1.61167,45.92,-184.66,-40.11,44.6137,12.9985,-20.379,1014.77
40202,11.5782,2.36251,-6.20277,97.37,-84.63,64.47,45.3692,12.1967,-20.9553,1014.8
40208,5.978,7.76662,-1.77427,89.88,-79.8,130.62,46.5605,11.4257,-22.0635,1014.8
40214,13.6824,7.34577,-4.43807,86.8,-47.25,171.01,45.1076,11.0248,-22.5954,1014.8
40220,12.2908,9.74175,-2.70684,79.94,-14.63,194.32,45.3401,9.54444,-22.5363,1014.77
40226,11.6165,10.2343,-1.84122,65.24,-0.14,205.31,46.7929,8.06414,-23.1717,1014.77
40232,11.6834,9.03395,-1.4682,57.54,22.89,207.13,46.5605,7.75574,-22.758,1014.79
40238,10.593,7.57532,-1.70732,46.48,40.46,205.45,45.9503,6.15207,-22.6102,1014.79
40244,10.2296,5.58106,-1.50646,36.82,55.23,205.59,47.4322,4.42505,-22.3442,1014.8
40250,8.98135,4.41416,-1.48254,32.9,68.74,207.83,47.4903,3.53069,-22.0044,1014.8
40256,7.78096,4.09852,-1.28168,28.77,76.3,208.39,46.6477,3.37649,-22.093,1014.81
40262,6.31755,3.32855,-0.645624,27.02,82.6,210.84,47.5775,1.61863,-22.7137,1014.81
40268,5.08369,3.36203,-0.559541,27.16,85.33,217.28,48.8269,-0.0775563,-20.6302,1014.79
40274,3.55811,3.18508,-0.176949,27.65,84.56,227.85,47.6356,-1.77374,-21.7532,1014.79
40280,2.85031,3.24247,-0.0908656,29.68,81.76,241.71,48.2458,-2.29802,-18.6206,1014.79
40286,1.85557,3.14682,0.483022,29.96,78.12,259.21,50.396,-4.3026,-19.4776,1014.77
40292,1.1143,3.38116,0.669536,32.9,71.26,282.24,49.2046,-5.32031,-18.3842,1014.77
40298,0.516499,3.98374,0.899091,33.46,64.19,306.46,48.7688,-6.83146,-19.9061,1014.77
40304,0.49737,4.46676,1.16212,36.05,56.77,329,50.1054,-9.2678,-18.2364,1014.77
40310,0.559541,5.24629,1.52559,37.59,48.09,350.98,49.873,-9.97712,-18.591,1014.76
40316,1.01865,5.50933,1.33907,39.83,42.07,369.04,48.362,-12.0125,-19.123,1014.76
40322,1.22429,6.3845,1.7934,40.74,34.72,381.57,48.1877,-14.7881,-17.8522,1014.77
40328,1.72166,7.14969,1.91774,40.74,28.49,390.46,49.0594,-16.8852,-17.8522,1014.77
40334,2.11382,7.91009,2.3099,41.51,22.75,395.85,47.4903,-18.6122,-18.9604,1014.77
40340,2.17121,8.38833,2.26208,41.44,18.62,398.02,46.7058,-20.3084,-17.8522,1014.76
40346,2.04208,9.10091,2.20469,39.97,15.68,398.16,47.0835,-23.084,-17.8818,1014.76
40352,1.93209,9.8374,1.79818,37.87,13.37,397.6,46.2118,-24.4101,-18.1477,1014.79
40358,1.62602,10.9613,1.59732,33.74,11.41,396.9,44.4684,-26.0446,-18.6058,1014.79
40364,0.789096,12.0469,1.30081,29.47,9.8,397.39,43.4514,-29.0669,-19.3299,1014.75
40370,-0.0382592,12.8025,1.02822,25.13,5.67,399.91,43.771,-31.1023,-18.266,1014.75
40376,-1.22429,15.2559,-0.387374,18.27,-5.95,399.49,40.691,-31.4107,-18.2512,1014.78
40382,-2.25251,15.3945,-0.234338,16.24,-8.26,410.69,41.3303,-33.6004,-16.6849,1014.78
40388,-3.08465,14.7728,0.903874,18.41,-13.16,422.94,40.6038,-36.9927,-17.3203,1014.76
40394,-3.21377,14.7107,0.215208,19.6,-21.14,427,37.64,-36.6227,-18.9457,1014.76
40400,-3.63941,14.5576,0.530846,19.81,-32.69,428.89,35.8676,-39.2132,-19.98,1014.76
40406,-2.30033,15.1267,-0.0669536,25.2,-39.2,427.77,36.0129,-41.7729,-18.266,1014.76
40412,-1.86514,17.0158,-0.454328,28.98,-38.85,409.15,33.7464,-42.513,-18.8422,1014.76
40418,-2.3912,17.6327,0.23912,35.28,-44.66,389.41,31.8287,-42.4514,-17.8227,1014.77
40424,-3.31899,19.0435,0.918221,41.93,-59.01,364.07,30.5793,-44.5485,-19.256,1014.77
40430,-3.49115,19.5839,0.85605,51.52,-66.22,338.66,28.6034,-46.4914,-18.3842,1014.77
40436,-3.59636,20.0096,1.32472,64.47,-66.99,322.35,27.1215,-45.3195,-18.7388,1014.77
40442,-4.11286,21.6738,1.91296,71.19,-67.13,314.16,25.5234,-47.5091,-20.2608,1014.77
40448,-3.93592,24.4763,2.15208,72.52,-56.77,315.77,23.0826,-48.7427,-17.468,1014.77
40454,-4.49067,26.7527,2.2812,70.84,-38.71,326.34,22.7049,-48.6193,-18.7536,1014.77
40460,-5.83931,29.0387,1.53515,58.59,-20.79,347.27,21.1649,-49.7912,-20.0243,1014.78
40466,-5.83453,28.7087,0.789096,44.03,-0.21,366.59,18.9565,-51.4257,-18.724,1014.78
40472,-7.50837,25.9158,1.34864,37.59,20.86,384.79,16.7482,-50.7473,-18.5467,1014.83
40478,-8.78049,23.0273,1.96078,39.2,39.48,393.54,14.6271,-51.765,-18.8718,1014.83
40484,-12.2573,21.4586,3.20421,54.95,48.51,392.7,13.1161,-52.6902,-18.1921,1014.8
40490,-14.1942,21.3965,2.88379,66.71,54.04,380.1,11.6633,-53.2453,-18.0886,1014.8
40496,-16.0928,22.7164,2.99856,73.43,54.53,360.08,9.48404,-51.8883,-16.5076,1014.81
40502,-18.3549,24.462,1.21951,65.52,53.27,336.84,8.55422,-53.1219,-17.4089,1014.81
40508,-20.3922,25.1028,0.0573888,48.51,48.09,314.09,6.14251,-54.1088,-16.1529,1014.81
40514,-23.2186,25.0263,-2.28599,20.51,42.14,291.9,5.18364,-53.3378,-16.9804,1014.82
40520,-25.5332,23.1851,-2.94118,-6.93,32.83,269.85,4.25382,-53.1528,-16.079,1014.82
40526,-29.9474,18.9048,-2.97944,-21.56,18.97,246.26,1.5806,-54.6639,-16.9361,1014.81
40532,-32.5155,15.4615,-2.69249,-24.64,2.59,217.84,1.5806,-54.1088,-17.3203,1014.81
40538,-36.9153,8.93352,0.196078,-8.82,-17.78,182.7,0.418328,-52.906,-16.3894,1014.81
40544,-38.3548,5.36107,1.55906,20.3,-37.1,143.15,-1.76093,-53.5228,-17.4385,1014.81
40550,-39.0961,2.41511,4.25155,59.43,-51.03,92.89,-2.40018,-53.9546,-16.4189,1014.81
40556,-38.154,4.76805,4.51937,85.4,-57.82,45.01,-2.22584,-52.4743,-17.7192,1014.81
40562,-33.7159,8.21138,6.36059,102.27,-61.11,-7.28,-2.28395,-53.9238,-16.3302,1014.81
40568,-30.7508,12.2764,5.58106,96.95,-57.89,-55.86,-3.01037,-54.7256,-14.2911,1014.81
40574,-18.1875,28.9048,20.8082,173.81,-162.19,-114.66,-1.87716,-53.3378,-14.6457,1014.81
40580,31.2434,133.329,12.5203,-202.23,-31.64,-341.04,-1.23791,-53.7696,-13.8921,1014.81
40586,-28.8187,-23.2329,5.10282,-50.68,-9.03,-250.67,-0.104693,-55.1265,-15.0299,1014.81
40592,10.6552,-8.22573,-0.746054,-39.48,-23.8,-243.46,1.49343,-54.7873,-14.0399,1014.87
40598,22.2908,16.7862,-10.8608,-47.25,90.3,-273.07,3.84703,-54.0471,-15.5619,1014.87
40604,25.7484,16.0545,1.9847,-131.6,111.44,-290.57,4.39911,-54.7564,-15.8131,1014.83
40610,15.6958,0.143472,2.07078,-85.96,183.82,-335.86,6.2878,-54.7564,-15.355,1014.83
40616,3.68723,11.0473,6.77188,-83.58,192.22,-328.16,9.04819,-52.9986,-17.0838,1014.84
40622,-7.89574,7.50837,13.0129,-53.41,138.25,-336.49,10.5301,-53.7079,-16.9656,1014.84
40628,-7.58967,9.55045,11.4252,-43.33,123.2,-333.2,12.2735,-53.8004,-16.7588,1014.84
40634,-14.7872,10.2965,12.5825,-11.83,95.69,-320.67,14.2784,-52.7518,-16.2859,1014.86
40640,-18.9766,19.3831,9.40698,-15.96,21.7,-291.62,16.5739,-52.2584,-17.0543,1014.86
40646,-14.7824,19.9713,6.57102,-17.78,-38.01,-248.71,16.8935,-52.6902,-16.8622,1014.85
40652,-6.37016,13.1612,4.75371,-8.47,-76.44,-221.76,18.5788,-52.3201,-16.1825,1014.85
40658,-0.803443,12.6877,1.32472,9.66,-63.77,-214.48,19.4215,-50.0996,-17.9556,1014.82
40664,0.674318,13.3285,-2.11382,19.25,-35.7,-220.5,20.0607,-50.9631,-16.6849,1014.82
40670,-0.191296,14.065,-3.29986,-1.75,-27.16,-206.71,21.4264,-50.5005,-15.0299,1014.84
40676,-14.1703,25.2367,-11.5447,-35.91,88.62,-98.14,22.1237,-49.0819,-17.1134,1014.84
40682,-14.6628,17.7044,-4.85414,-46.97,58.17,-54.32,23.286,-49.5753,-15.4437,1014.84
40688,-5.5715,7.8814,5.98757,-80.57,-21.14,-57.82,22.6468,-49.7912,-16.1825,1014.8
40694,2.96509,7.98183,1.07604,-62.86,3.57,-64.54,22.9373,-48.496,-17.5567,1014.8
40700,2.79292,7.50359,-0.760402,-38.01,56.42,-59.22,22.8502,-47.725,-16.9065,1014.81
40706,-4.93544,9.74653,1.47298,-30.8,46.97,-36.47,23.6347,-49.8837,-16.0347,1014.81
40712,-5.34672,9.93783,3.55332,-34.16,4.06,-27.79,24.1868,-49.1436,-16.877,1014.81
40718,-0.344333,9.44524,0.573888,-30.17,9.03,-27.86,24.0415,-47.2007,-16.5962,1014.81
40724,-0.903874,11.0426,-0.607365,-32.06,25.76,-14.49,24.0124,-49.0511,-16.5962,1014.84
40730,-1.49211,9.15351,2.72119,-28.84,10.64,-10.71,24.7679,-48.9894,-17.2464,1014.84
40736,-0.492587,8.93352,2.23338,-19.46,6.86,-14.42,24.7679,-46.7073,-17.9113,1014.86
40742,-0.35868,9.44046,1.64036,-12.32,-0.21,-14.28,24.2449,-47.4782,-18.2807,1014.86
40748,1.67384,10.3491,0.071736,-10.85,1.75,-12.25,24.7388,-48.7118,-17.8818,1014.86
40754,0.942133,10.33,0.554758,0.56,5.53,-19.67,24.5936,-47.4782,-18,1014.82
40760,1.10473,10.5117,-0.564323,-7.42,10.78,-17.71,24.2158,-46.3063,-18.4137,1014.82
40766,-0.521282,9.39742,1.44428,-0.84,5.25,-18.97,24.7388,-48.6502,-18.1182,1014.84
40772,-0.569106,10.1196,1.50167,-4.06,0,-18.34,24.9422,-47.7558,-17.5124,1014.84
40778,0.215208,9.65567,0.511717,2.1,-0.91,-17.71,24.8841,-47.0465,-18.2216,1014.87
40784,0.789096,10.7317,-0.621712,1.4,-1.68,-15.89,25.349,-47.6324,-17.7636,1014.87
40790,-0.554758,10.4495,0.21999,-7.7,-8.19,-14.49,25.4943,-49.2053,-17.7192,1014.82
40796,0.109995,10.4113,-0.023912,-2.94,-9.1,-21.98,25.4943,-45.6895,-17.8818,1014.82
40802,0.162602,10.0909,0.33955,-6.51,-3.5,-15.33,25.9883,-47.2932,-16.5962,1014.82
40808,0.157819,10.2056,0.483022,-4.76,-5.6,-12.67,26.0755,-47.8483,-17.4828,1014.81
40814,-0.109995,9.36394,0.923003,-6.58,-0.84,-17.15,25.7849,-46.6764,-18.3251,1014.81
40820,0.167384,9.72262,0.803443,-5.53,-0.91,-14.42,25.7849,-46.4914,-16.9509,1014.84
40826,-0.406504,9.62219,0.927786,-5.18,-6.58,-19.32,25.7558,-47.8175,-17.1134,1014.84
40832,0.234338,9.62697,0.640842,-5.67,-4.34,-17.99,26.3079,-47.5091,-17.7636,1014.84
40838,0.841702,9.96174,-0.243902,-5.6,2.8,-15.68,25.6396,-46.5222,-17.1134,1014.84
40844,0.153037,10.1913,0.0430416,-9.59,2.94,-17.85,26.4241,-47.0157,-17.2612,1014.83
40850,-0.664754,10.7269,-0.315638,-16.1,-4.76,-18.2,26.5985,-48.2184,-16.6701,1014.83
40856,-0.47824,9.74175,0.588235,-20.44,0.07,-16.1,27.0924,-46.2755,-17.7488,1014.83
40862,0.133907,9.63654,-0.286944,-24.15,14.56,-15.96,26.7728,-46.5839,-18.3842,1014.85
40868,-0.808226,10.4448,-0.0047824,-28.84,11.76,-16.24,26.2789,-47.6633,-18,1014.85
40874,-0.573888,10.7747,-0.334768,-30.87,5.04,-14.91,27.1506,-46.6764,-18.5763,1014.85
40880,-0.277379,9.98087,0.23912,-34.16,7.91,-13.79,26.9762,-46.183,-18.4433,1014.85
40886,-0.23912,10.0048,0.554758,-31.99,6.58,-14.56,26.8019,-47.4166,-18.3989,1014.83
40892,-0.33955,11.2434,0,-34.79,4.2,-16.31,26.889,-46.5222,-17.8522,1014.83
40898,-0.521282,10.5404,0.5978,-37.52,-2.59,-17.71,26.6856,-45.8129,-19.1082,1014.8
40904,-0.133907,10.3539,0.506934,-37.31,-1.82,-19.04,27.5574,-47.139,-17.7783,1014.8
40910,-0.248685,10.6169,0.263032,-41.93,-2.38,-20.02,27.9351,-47.2624,-17.7783,1014.84
40916,0.243902,11.1908,-0.172166,-43.12,-7.07,-19.88,27.7026,-45.3195,-19.5367,1014.84
40922,-0.37781,10.6456,0.25825,-43.89,-10.29,-25.76,27.1215,-45.3195,-20.0539,1014.84
40928,-0.411286,10.8082,0.808226,-48.51,-10.85,-24.5,28.0223,-46.7381,-18.9457,1014.85
40934,-1.27212,10.3539,0.851267,-48.72,-15.54,-23.03,27.2958,-45.2886,-20.9553,1014.85
40940,-0.047824,9.49306,0.516499,-49.91,-12.32,-27.72,27.0924,-44.5793,-19.7731,1014.85
40946,-0.640842,9.36872,0.693448,-47.39,-15.89,-30.31,28.1966,-45.7821,-20.5858,1014.85
40952,-0.0191296,10.7174,0.81779,-45.36,-21.84,-32.83,28.1385,-44.7027,-21.1326,1014.81
40958,1.14299,11.2865,2.05643,-45.01,-21,-40.67,27.4121,-43.9625,-20.113,1014.81
40964,1.033,10.1387,2.68293,-42.56,-15.61,-44.1,27.6445,-44.6101,-21.2508,1014.82
40970,-0.0765184,8.8044,2.0373,-35.91,-16.59,-49.14,28.4291,-44.7643,-20.2164,1014.82
40976,-0.889526,8.97657,2.33859,-30.73,-24.78,-52.99,28.4291,-42.914,-21.6054,1014.82
40982,0.645624,9.52176,1.65949,-29.19,-20.09,-51.45,27.6445,-44.3018,-21.3838,1014.81
40988,0.191296,9.66523,3.0703,-25.48,-18.69,-53.06,29.5913,-44.6718,-22.4772,1014.81
40994,0.621712,8.81875,3.2329,-22.96,-17.36,-56.56,29.3008,-42.8831,-21.7384,1014.83
41000,1.33429,10.0526,3.6681,-14.07,-9.31,-62.02,28.9521,-42.6056,-22.6545,1014.83
41006,0.133907,10.5739,3.92635,-8.54,-6.79,-64.89,29.417,-43.284,-22.2851,1014.86
41012,-0.229555,9.70349,3.71592,-8.12,-3.15,-67.55,29.0974,-42.4205,-22.0044,1014.86
41018,0.57867,9.35916,3.65375,-0.28,0.07,-71.89,29.417,-41.1869,-22.0192,1014.84
41024,0.61693,10.2822,3.33812,0.28,1.4,-78.61,30.0853,-43.0373,-22.1374,1014.84
41030,0.860832,11.1286,1.86992,6.09,5.11,-82.46,30.8698,-42.4205,-21.7384,1014.84
41036,-0.157819,12.1569,2.22382,10.22,3.99,-89.81,31.3928,-40.9402,-22.0635,1014.84
41042,0.172166,12.0325,1.69775,-1.61,3.92,-98.21,31.9449,-41.8654,-22.758,1014.84
41048,0.45911,12.6303,1.31038,4.34,0.91,-103.32,31.1894,-42.3897,-22.7137,1014.79
41054,0.0047824,13.4625,1.97991,3.71,0.49,-111.37,32.3517,-39.8608,-22.1374,1014.79
41060,0.602582,13.5964,1.07126,2.87,3.29,-121.73,32.6423,-39.9225,-21.6941,1014.82
41066,0.0813008,12.0899,2.48685,4.41,-0.42,-132.09,33.2815,-40.1384,-20.9405,1014.82
41072,0.569106,12.6494,2.17599,6.37,3.29,-138.39,33.8046,-39.5833,-21.0291,1014.84
41078,0.760402,11.693,3.36681,8.96,3.43,-147.56,33.2234,-38.288,-21.6645,1014.84
41084,1.48733,11.9608,3.4242,16.94,9.59,-154.63,34.6763,-39.3982,-21.6941,1014.83
41090,0.344333,13.2472,2.989,18.76,14,-161,35.577,-39.0898,-21.502,1014.83
41096,1.18125,13.209,4.03635,20.09,17.64,-172.9,35.8385,-36.5301,-21.3247,1014.83
41102,0.966045,14.3615,2.62554,28.42,17.85,-184.45,36.3034,-36.6843,-20.4085,1014.84
41108,0.793878,15.1459,1.41559,28.49,19.67,-197.54,37.7853,-37.7946,-20.0982,1014.84
41114,1.42516,16.0736,0.908656,26.53,18.69,-211.4,38.0468,-34.4947,-21.1178,1014.83
41120,1.3056,16.6141,0.679101,28.98,16.17,-228.55,37.9597,-33.9704,-20.3199,1014.83
41126,1.75992,18.3357,-0.047824,25.83,14.28,-247.1,38.8604,-34.6181,-20.4676,1014.84
41132,2.36251,19.8374,-0.425634,21.49,10.99,-270.69,40.8654,-32.6752,-19.1082,1014.84
41138,2.91726,21.8077,-1.81253,16.8,8.19,-296.66,39.9065,-32.0275,-19.3742,1014.85
41144,3.12769,22.9938,-1.90818,13.16,3.78,-325.08,42.1148,-31.4416,-19.5811,1014.85
41150,3.41942,24.9833,-2.1186,5.95,2.38,-353.71,42.8703,-30.1463,-18.9161,1014.85
41156,5.53802,24.9785,-0.545194,-1.19,1.61,-386.12,43.2189,-27.1549,-19.6254,1014.84
41162,6.11669,24.9354,-0.765184,-5.6,12.32,-419.72,44.7299,-25.5512,-19.4481,1014.84
41168,4.74892,23.6251,0.0286944,-0.77,14.28,-457.31,46.2699,-24.7802,-18.3103,1014.84
41174,2.1186,24.2707,0.645624,16.94,14.42,-486.85,46.0665,-20.771,-18.1182,1014.84
41180,2.60163,30.5834,-1.37733,8.61,3.78,-516.74,47.1997,-18.3964,-18.5467,1014.82
41186,4.0746,29.7465,1.7934,-6.16,-3.99,-533.12,48.5654,-16.9469,-18.0886,1014.82
41192,-4.72501,32.5968,3.17551,4.41,16.52,-533.05,49.0884,-13.6779,-16.8917,1014.82
41198,-0.325203,29.2731,1.20995,4.34,-30.87,-547.96,48.885,-10.2855,-17.3203,1014.82
41204,-0.889526,19.6413,4.28981,21.07,-17.5,-538.51,50.1054,-8.83604,-18.3989,1014.82
41210,-3.66332,26.9249,4.71545,49.98,-42.35,-523.18,50.2507,-6.61558,-18.6945,1014.78
41216,3.68723,31.3486,-3.04161,34.72,-56.84,-523.81,48.5654,-2.69894,-18.2512,1014.78
41222,5.7867,29.0626,-0.659971,21.21,-81.27,-514.99,48.885,-0.509313,-17.6749,1014.81
41228,5.35151,19.7561,-5.80105,25.2,-55.93,-494.62,49.9892,2.63634,-18.7684,1014.81
41234,4.55763,18.9144,-4.51937,6.79,-110.95,-448.42,47.6356,5.1652,-18.6354,1014.8
41240,9.02917,9.65567,-9.30177,0.84,-116.76,-368.76,46.822,7.32398,-19.6697,1014.8
41246,10.5739,4.14634,-10.4926,-5.11,-114.94,-332.22,47.6937,9.02017,-18.9309,1014.79
41252,-3.20899,-2.41511,-8.15877,28.42,-31.22,-258.51,46.5024,10.778,-20.5711,1014.79
41258,-19.7657,12.1425,-2.06121,13.93,-76.93,-104.3,44.8461,11.7957,-21.8862,1014.78
41264,6.51841,6.93448,1.0043,13.65,-125.51,-8.05,46.0956,11.2098,-21.7384,1014.78
41270,14.1033,3.60593,-4.19895,53.62,-18.13,72.8,46.4152,11.7032,-21.4429,1014.78
41276,5.77714,9.98087,-0.37781,36.19,-28.07,138.95,44.9624,11.6724,-22.2999,1014.78
41282,12.5108,7.94835,-2.60641,33.53,3.22,176.68,45.9212,9.88368,-23.1717,1014.78
41288,11.6021,8.83788,-1.69775,30.17,37.66,199.29,47.1707,8.92765,-21.1178,1014.84
41294,10.1052,8.95265,-0.49737,20.65,46.83,208.88,45.3982,7.94078,-21.7532,1014.84
41300,10.6121,7.29316,-1.01387,19.74,64.26,212.24,45.311,5.93619,-22.5363,1014.81
41306,9.62219,5.84409,-1.02822,15.19,77.49,214.62,47.6646,5.35024,-20.7484,1014.81
41312,8.70397,4.08417,-1.30081,14.77,86.59,216.65,47.5775,4.76428,-20.645,1014.78
41318,7.3362,3.10856,-1.73601,13.37,95.2,220.5,46.9673,3.86993,-20.8814,1014.78
41324,6.01148,3.099,-1.75036,11.2,98,227.99,49.1756,1.95787,-19.5811,1014.78
41330,4.46198,2.86944,-1.41559,11.55,97.37,237.02,49.0594,0.631758,-19.0934,1014.77
41336,3.24725,3.19464,-1.49689,10.43,92.68,249.06,47.9843,-0.355115,-19.4776,1014.77
41342,2.07078,3.55811,-1.5208,10.64,86.52,264.18,48.6526,-2.17466,-17.3203,1014.78
41348,1.44428,3.84027,-1.66428,10.08,79.1,281.68,50.2216,-3.43909,-17.4976,1014.78
41354,0.401722,4.3759,-1.5495,7.35,66.85,301.07,49.5533,-5.93711,-18.0443,1014.78
41360,0.200861,4.69153,-1.75514,6.16,56.49,319.9,48.885,-6.36887,-18,1014.78
41366,-0.506934,5.74844,-1.59732,4.41,41.79,337.19,50.3669,-9.1136,-16.7144,1014.75
41372,-0.435198,5.55237,-1.42037,4.48,28.91,351.68,49.2918,-10.6247,-17.4237,1014.75
41378,-0.827355,5.74844,-1.1143,7.14,14.28,362.81,48.885,-11.3032,-17.335,1014.75
41384,-0.545194,5.82018,-0.903874,10.78,0.14,371.35,48.7397,-14.3872,-16.3894,1014.75
41390,0.320421,5.89192,-0.683883,17.08,-10.5,377.09,49.4662,-16.7002,-17.5862,1014.75
41396,0.420851,6.10713,-0.401722,23.45,-18.83,380.8,47.6937,-17.0703,-18.1182,1014.8
41402,0.803443,6.3032,-0.23912,31.22,-26.04,384.51,47.6937,-19.5991,-17.3203,1014.8
41408,0.918221,6.70014,-0.25825,36.54,-32.34,386.61,46.7348,-22.5597,-17.5567,1014.75
41414,0.612147,7.58489,-0.143472,42.7,-39.34,388.08,45.5435,-23.5774,-17.5862,1014.75
41420,0.35868,8.23529,-0.0813008,47.32,-44.94,391.58,44.9624,-25.6745,-18.5319,1014.8
41426,0.167384,9.47394,0.095648,51.73,-47.74,393.68,44.2069,-27.8642,-17.7636,1014.8
41432,-0.153037,10.5069,0.439981,54.11,-52.15,394.31,42.725,-29.3445,-19.5219,1014.77
41438,-0.35868,11.9034,0.621712,56.07,-54.18,395.92,40.5457,-30.8865,-18.7092,1014.77
41444,-0.626494,12.8073,0.822573,57.96,-57.05,396.55,40.2261,-33.8471,-18.7536,1014.77
41450,-0.798661,13.9646,0.961262,57.61,-57.68,398.44,39.2672,-35.204,-17.8079,1014.8
41456,-0.765184,15.0502,-0.267814,59.36,-56,405.3,37.6691,-35.975,-19.3299,1014.8
41462,-1.2769,15.7341,1.43472,55.37,-56.91,399.49,35.9548,-38.3497,-19.0196,1014.79
41468,0.143472,15.605,1.80296,56.28,-52.64,398.16,35.1412,-40.6935,-18.9309,1014.79
41474,-0.607365,16.9584,1.50167,56.07,-49.7,401.1,33.543,-40.2926,-19.256,1014.78
41480,0.071736,17.2836,1.52559,55.72,-48.86,400.61,31.48,-41.557,-19.6549,1014.78
41486,-0.148254,17.6566,2.12339,60.55,-43.89,392.42,30.3759,-43.9625,-19.847,1014.76
41492,-0.583453,19.0674,1.76949,64.19,-42.35,391.86,27.9351,-45.2886,-19.4628,1014.76
41498,-0.81779,19.6939,1.83166,68.39,-37.87,394.17,25.8721,-44.9185,-19.9948,1014.76
41504,-1.16691,20.6217,2.08034,75.6,-34.58,393.82,24.0124,-47.4782,-19.8618,1014.79
41510,-1.05691,21.4443,1.86992,82.39,-30.59,401.17,22.8211,-48.9277,-18.4137,1014.79
41516,-1.51602,24.0794,1.57341,84.56,-22.4,405.23,21.1939,-48.7118,-18.8275,1014.79
41522,-2.14252,25.7724,1.55906,86.8,-13.86,411.18,18.7241,-50.4389,-18.0739,1014.79
41528,-2.63988,27.4366,1.44428,85.89,-5.04,417.62,17.155,-51.2715,-17.4237,1014.81
41534,-3.93592,28.7661,1.0043,31.92,26.18,423.99,15.1211,-50.5005,-18.2068,1014.81
41540,-6.96796,28.3788,2.89335,85.61,-1.47,410.34,12.3316,-51.2407,-17.468,1014.83
41546,-6.11191,27.1975,2.0373,67.62,21.91,416.08,10.7916,-54.0471,-16.7735,1014.83
41552,-11.4012,28.2544,2.79292,79.24,28.42,413.77,8.37988,-53.8312,-17.0395,1014.83
41558,-13.7542,27.6853,4.23242,74.69,24.43,384.79,7.01422,-52.9369,-16.8031,1014.81
41564,-15.9876,27.3697,4.99761,77.28,34.3,356.72,5.24175,-53.7696,-17.0247,1014.81
41570,-17.5992,28.1636,3.88331,68.88,38.29,329.91,2.8591,-55.034,-15.5766,1014.84
41576,-20.1148,32.4581,-5.2989,36.61,39.55,277.62,2.04551,-54.4789,-15.8131,1014.84
41582,-24.8541,34.3568,-9.79914,-37.66,34.51,239.54,0.331158,-53.8004,-16.0347,1014.81
41588,-31.0713,26.7241,-10.067,-87.01,26.46,190.19,-1.03451,-54.448,-15.6949,1014.81
41594,-38.154,12.9173,-4.92587,-91.42,7.42,143.85,-2.54546,-53.6462,-16.345,1014.81
41600,-42.9555,2.00383,1.42994,-47.18,-15.26,110.11,-2.5164,-52.6902,-17.3794,1014.81
41606,-49.4118,-4.35198,3.6681,29.12,-34.93,86.45,-3.1266,-53.9854,-16.2416,1014.82
41612,-51.1382,-5.81062,5.83931,94.57,-58.45,55.72,-3.47528,-54.3247,-16.5962,1014.82
41618,-43.5581,-0.191296,7.28838,147.21,-71.75,13.72,-3.03943,-52.3818,-16.0938,1014.82
41624,-38.0153,4.27547,8.57006,188.51,-71.12,-31.57,-2.95226,-54.5714,-13.7887,1014.83
41630,-28.7422,13.5007,5.28455,173.53,-56.98,-80.85,-3.50434,-55.0031,-13.8478,1014.83
41636,-23.8068,21.2626,1.69297,154.7,-55.09,-132.93,-3.03943,-54.4172,-13.9808,1014.86
41642,36.5614,125.729,107.255,476.84,-488.88,-300.86,-1.99338,-54.3863,-11.9417,1014.86
41648,35.7724,94.0698,-90.746,-365.12,230.09,-365.75,-0.860169,-55.5891,-11.6166,1014.85
41654,5.12195,-56.4275,15.5571,13.44,15.05,-243.39,0.418328,-53.9238,-13.6114,1014.85
41660,29.7035,14.0698,-24.9307,34.51,118.65,-233.31,2.51042,-54.5097,-13.3602,1014.81
41666,-1.97513,18.4314,0.0526064,-55.58,130.9,-296.38,4.89307,-57.0694,-12.5327,1014.81
41672,5.09326,14.3185,1.03778,-115.5,91,-315.14,5.59043,-54.8181,-12.1042,1014.81
41678,19.3735,8.10617,0.966045,-163.03,148.05,-308.28,6.9561,-52.5668,-13.833,1014.82
41684,7.934,0.741272,5.22238,-107.24,222.18,-318.29,9.04819,-54.5405,-13.4488,1014.82
41690,-5.07891,7.53228,12.2573,-83.23,180.81,-346.29,11.024,-54.6639,-13.2715,1014.84
41696,-9.01961,5.94931,13.6824,-54.81,134.61,-335.3,12.8546,-53.2453,-14.4684,1014.84
41702,-10.5452,9.72262,14.8494,-33.74,111.16,-318.71,15.1792,-52.5976,-14.3502,1014.86
41708,-17.1927,16.7145,14.352,-7.14,73.78,-298.13,16.3705,-53.3686,-12.1485,1014.86
41714,-19.1726,22.9125,6.39885,-15.82,-27.23,-248.15,19.0437,-51.4257,-14.5719,1014.86
41720,-15.1124,18.307,4.4572,-24.22,-100.87,-233.24,19.5086,-51.6108,-15.0447,1014.86
41726,-3.60115,14.1989,1.34864,-22.82,-115.22,-213.99,20.0898,-51.3641,-14.8822,1014.82
41732,2.00861,10.7221,-0.607365,-12.25,-76.51,-210.77,21.1939,-50.8398,-14.0399,1014.82
41738,-6.63319,35.9206,-20.9804,-25.27,113.19,-115.85,22.7339,-49.0819,-15.6062,1014.82
41744,-15.8345,20.1052,-10.5691,-46.9,97.44,-77.63,22.7339,-50.1305,-14.2468,1014.8
41750,-10.4065,20.6313,-1.26255,-115.78,21.7,-45.36,23.5475,-49.6987,-14.4684,1014.8
41756,4.21329,5.52845,2.79292,-118.23,12.74,-61.18,23.2279,-48.4651,-15.1481,1014.83
41762,5.1889,4.82066,1.96078,-73.57,64.26,-65.17,23.5185,-48.681,-16.1677,1014.83
41768,-5.868,7.71401,4.91631,-49.56,57.68,-56.14,23.9834,-49.3595,-15.3993,1014.83
41774,-5.96844,8.90961,5.79149,-39.34,19.46,-34.58,24.7098,-48.2801,-15.621,1014.83
41780,-2.70684,8.66571,2.75466,-20.02,11.48,-25.62,24.7098,-47.7558,-16.7588,1014.83
41786,-1.98948,10.8226,0.129125,-16.24,8.82,-12.6,24.9132,-50.0688,-15.6505,1014.83
41792,-0.583453,10.0574,1.21473,-13.65,-1.19,-11.83,25.1456,-48.2492,-16.7735,1014.83
41798,0.253467,10.3156,-0.234338,-9.38,6.37,-16.45,25.1166,-47.5399,-16.611,1014.83
41804,-0.808226,10.153,1.15734,-7.21,1.26,-10.64,24.5936,-48.0025,-17.1282,1014.83
41810,0.296509,9.65567,0.989957,-5.88,-0.49,-7.14,24.2449,-49.9454,-16.2711,1014.82
41816,0.0191296,10.6504,0.769966,-7.35,0.7,-10.85,24.9422,-47.2624,-17.2021,1014.82
41822,0,9.98087,0.95648,-4.41,-0.7,-13.16,25.32,-48.1567,-17.3794,1014.84
41828,-0.0047824,9.86131,1.11908,-4.34,0.56,-11.55,25.4943,-49.2669,-16.9361,1014.84
41834,-0.325203,10.4065,0.875179,-7.07,-2.45,-11.62,25.1166,-48.4651,-16.4632,1014.81
41840,-0.37781,8.95744,2.22382,-6.09,-5.04,-12.95,25.1747,-47.0157,-17.4089,1014.81
41846,0.889526,9.5935,0.0382592,1.05,-0.91,-14.56,25.6977,-48.7427,-16.5962,1014.81
41852,0.11956,11.0473,-0.109995,-5.39,-2.38,-8.61,25.2328,-48.6193,-18.1477,1014.84
41858,-0.301291,9.89479,0.25825,-5.74,-4.48,-16.17,25.2909,-46.7381,-17.1873,1014.84
41864,-0.13869,10.2056,0.301291,-6.93,-4.97,-13.37,24.8841,-47.91,-16.7588,1014.78
41870,0.373027,9.84218,0.463893,-8.96,-5.39,-8.75,25.6396,-47.91,-16.3746,1014.78
41876,0.315638,9.82783,0.693448,-6.37,-2.66,-12.88,25.7849,-47.0773,-16.478,1014.82
41882,-0.0095648,9.67958,0.841702,-7.98,-0.7,-15.68,25.4362,-47.0157,-17.3941,1014.82
41888,0.0143472,9.86609,0.61693,-8.82,-2.24,-11.9,26.337,-48.1876,-16.4928,1014.83
41894,0.35868,9.82783,0.301291,-6.93,-0.63,-13.02,25.5234,-47.2007,-17.8079,1014.83
41900,0.172166,10.0956,0.229555,-10.5,0.35,-15.61,25.9302,-47.2007,-17.6749,1014.84
41906,0.707795,10.3874,-0.454328,-14.07,4.27,-15.96,25.7268,-47.725,-16.6405,1014.84
41912,0.841702,10.3252,-0.918221,-18.27,13.23,-14.98,26.1917,-47.9717,-17.1577,1014.84
41918,-1.33907,9.91392,0.454328,-22.96,10.43,-15.82,26.3079,-46.1521,-17.2021,1014.8
41924,-0.545194,10.856,-0.722142,-31.36,0.42,-14.35,26.2789,-46.9231,-17.5419,1014.8
41930,0.253467,9.86131,-0.411286,-33.11,8.05,-14.63,26.366,-46.9231,-17.01,1014.83
41936,0.253467,10.0191,-0.071736,-35.49,11.34,-16.31,26.86,-45.7204,-18.2068,1014.83
41942,-1.48254,10.9804,0.401722,-39.76,4.55,-12.11,26.86,-46.183,-17.734,1014.8
41948,-0.703013,10.2343,0.588235,-36.05,-3.08,-13.86,26.889,-47.5708,-17.1577,1014.8
41954,-0.0573888,9.8374,0.353898,-44.87,1.4,-16.03,26.8019,-46.5222,-18.5319,1014.83
41960,0.0621712,9.36394,0.961262,-39.55,1.96,-15.89,27.3249,-45.6587,-17.2168,1014.83
41966,0.0908656,10.1052,0.344333,-37.17,-1.26,-15.54,27.5283,-46.7073,-18.3694,1014.83
41972,-0.612147,10.0717,0.73649,-39.06,-5.67,-18.48,27.1215,-46.8306,-17.468,1014.83
41978,0.0382592,9.34481,1.56384,-35.21,-7,-20.93,26.9181,-45.5353,-18.6649,1014.83
41984,0.449546,9.81349,0.679101,-35.91,-5.88,-19.46,27.7898,-46.8615,-18.7092,1014.8
41990,-0.373027,10.067,1.0043,-39.06,-10.57,-21.7,27.4121,-46.8615,-18.857,1014.8
41996,0.023912,10.1435,0.61693,-36.19,-9.38,-22.68,27.0924,-46.0288,-19.5367,1014.83
42002,-0.612147,10.7891,1.1956,-38.15,-14.28,-25.13,27.3249,-45.2886,-20.1278,1014.83
42008,-0.25825,9.34003,1.72645,-37.17,-17.92,-28.07,28.0223,-45.7821,-18.1182,1014.83
42014,0.999522,9.69871,0.693448,-37.1,-14.21,-29.75,27.7317,-45.8746,-20.4233,1014.83
42020,-0.25825,10.7317,0.153037,-38.71,-17.36,-29.19,26.4823,-45.1961,-20.8962,1014.83
42026,-1.01387,10.263,0.554758,-39.41,-19.81,-30.94,27.6155,-46.2138,-20.0982,1014.81
42032,-0.97561,8.99091,0.703013,-48.72,-20.79,-35.35,27.9351,-45.1653,-19.6254,1014.81
42038,0.368245,9.57915,0.913438,-39.2,-21.84,-34.02,27.5574,-43.3457,-19.9209,1014.84
42044,0.0621712,9.60784,1.25299,-35.84,-24.5,-34.44,28.4,-44.0859,-20.4233,1014.84
42050,-0.884744,8.71832,2.5825,-34.44,-22.12,-35.42,28.894,-45.0419,-20.1278,1014.83
42056,0.0191296,10.1148,3.68723,-29.05,-0.07,-38.85,28.6615,-43.8083,-22.0044,1014.83
42062,2.36251,12.7547,4.75371,-25.83,-17.08,-52.15,28.8649,-43.099,-21.6941,1014.82
42068,2.99856,11.5399,3.12769,-19.6,-5.74,-62.23,28.4,-44.5485,-20.4381,1014.82
42074,0.167384,8.71832,3.35724,-12.11,-2.8,-61.67,28.6325,-43.1298,-22.1521,1014.85
42080,-0.573888,10.5261,4.17982,-6.23,-3.5,-64.12,29.0683,-42.8831,-22.8614,1014.85
42086,0.344333,11.4825,2.72597,-6.23,-3.85,-72.38,29.8238,-43.7466,-21.9453,1014.85
42092,0.769966,10.8704,2.57771,-15.47,-2.45,-80.71,30.463,-42.6672,-21.8862,1014.83
42098,1.44907,9.7561,2.99378,-1.61,4.97,-83.02,30.463,-42.0813,-22.3295,1014.83
42104,0.81779,11.0617,2.98422,6.09,5.39,-87.22,31.0732,-42.8523,-21.6054,1014.83
42110,0.425634,11.9464,2.24773,3.29,5.39,-95.2,31.6253,-42.7906,-21.8862,1014.83
42116,0.430416,13.4242,0.903874,5.18,3.64,-101.92,31.1313,-41.5262,-21.7236,1014.85
42122,0.0382592,11.9321,2.68293,5.95,4.9,-125.23,32.1483,-41.6804,-21.4133,1014.85
42128,0.49737,13.2664,2.47728,5.18,5.88,-119.56,32.7876,-41.8963,-21.2803,1014.83
42134,1.94644,12.8073,2.33859,4.62,6.93,-127.54,32.7876,-40.3851,-21.768,1014.83
42140,1.49211,12.0086,2.46772,12.53,12.46,-137.76,33.3396,-38.7506,-21.2803,1014.83
42146,0.612147,13.056,2.79292,13.3,14.42,-146.37,33.9498,-40.4468,-21.4281,1014.83
42152,0.191296,13.2855,3.1516,23.24,15.89,-155.4,34.2985,-39.4907,-21.4724,1014.83
42158,0.808226,14.0172,2.19512,23.52,14.14,-167.09,35.054,-37.8562,-20.9996,1014.83
42164,1.033,14.4428,1.39646,24.43,15.89,-177.17,35.4317,-38.4114,-21.8418,1014.83
42170,1.45385,16.2936,2.33381,25.06,14.91,-192.5,36.2744,-38.3805,-21.2508,1014.82
42176,2.04687,17.2884,1.94644,25.9,15.47,-207.76,36.9136,-35.9133,-21.2212,1014.82
42182,2.55858,18.0536,0.875179,25.41,18.9,-226.73,38.2212,-35.8517,-19.847,1014.86
42188,2.62554,18.8905,0.483022,25.55,16.87,-247.8,39.5287,-36.0984,-20.6597,1014.86
42194,2.38642,21.3534,-1.46341,22.12,11.41,-272.79,39.3253,-34.1246,-19.9209,1014.86
42200,2.40555,22.8838,-2.07078,13.37,5.18,-300.02,39.7031,-32.7677,-19.1821,1014.84
42206,3.2616,23.1946,-3.38594,0.77,1.68,-327.04,41.3303,-32.6443,-19.1673,1014.84
42212,3.20421,22.2238,-1.25777,5.39,5.95,-351.12,42.3182,-30.7014,-19.3299,1014.83
42218,6.56624,24.3185,3.07508,8.12,-1.05,-382.55,43.1027,-28.08,-20.3051,1014.83
42224,9.0483,25.4806,2.43902,7.49,17.92,-416.78,44.2069,-27.9258,-18.8275,1014.81
42230,7.57532,25.9397,3.00335,6.86,25.41,-452.41,45.1948,-26.0446,-18.5319,1014.81
42236,5.03108,27.2501,2.066,8.47,33.53,-483,45.282,-22.1588,-18.9161,1014.82
42242,3.62984,29.0626,-0.181731,1.89,24.5,-516.18,45.6016,-19.5374,-18.724,1014.82
42248,6.01148,29.1774,0.363462,-11.2,11.76,-531.79,48.362,-18.273,-19.9505,1014.83
42254,-0.951698,27.7092,6.10713,16.94,35.91,-535.5,47.7809,-14.9115,-18.2068,1014.83
42260,-0.612147,25.978,3.35724,23.03,-2.87,-547.4,48.9722,-12.1051,-17.8818,1014.83
42266,3.02248,26.5758,-0.129125,17.99,-14.42,-550.48,49.8148,-8.99024,-17.8522,1014.8
42272,-1.22429,21.7982,3.78288,50.4,-24.78,-541.1,49.902,-7.3249,-17.5862,1014.8
42278,2.74032,32.0421,-2.09947,30.8,-48.23,-535.57,48.4201,-3.53161,-17.9556,1014.85
42284,5.80105,21.7551,-0.272597,26.95,-52.57,-516.6,49.7277,-0.786871,-17.4976,1014.85
42290,6.43233,19.4261,-3.86418,34.16,-56.84,-487.9,49.873,0.29252,-17.3055,1014.8
42296,6.41798,15.1459,-3.82592,24.43,-94.57,-462.84,47.2578,3.93161,-19.4924,1014.8
42302,10.8991,8.72788,-4.52415,24.08,-121.66,-408.8,47.345,6.02871,-19.5811,1014.82
42308,12.9077,-2.29077,-9.55045,23.31,-96.67,-352.45,48.362,8.0333,-19.4037,1014.82
42314,3.47202,-10.5308,-5.64801,67.62,-6.65,-272.02,46.6186,9.17437,-19.714,1014.82
42320,-18.3883,14.8828,1.74558,36.05,-26.32,-96.25,44.8171,10.2846,-20.6302,1014.79
42326,1.5208,8.26877,2.83118,25.62,-90.51,9.73,46.7348,10.593,-18.8127,1014.79
42332,12.946,5.08369,-3.4768,60.69,18.2,110.6,46.822,9.39025,-19.2412,1014.79
42338,8.99091,9.87566,-0.93735,38.78,15.82,169.19,46.3861,9.11269,-20.6154,1014.79
42344,14.6724,8.68484,-3.3142,38.29,48.09,202.16,47.1416,7.94078,-21.0439,1014.81
42350,12.2047,9.51698,-2.34338,29.12,67.83,217.56,47.9843,6.46047,-19.9357,1014.81
42356,10.5691,8.46485,-1.8747,21.7,73.22,217.98,47.6646,5.99787,-19.9061,1014.82
42362,9.60306,6.78623,-1.36298,22.61,80.36,215.04,47.345,5.22688,-20.4824,1014.82
42368,7.66619,4.58632,-1.56863,22.54,78.96,215.32,49.7277,3.09894,-18.6649,1014.82
42374,6.70014,2.42946,-1.73601,25.97,78.68,218.05,49.0884,2.72886,-18.133,1014.77
42380,5.60019,2.7451,-2.08034,28.21,76.51,221.41,48.7688,1.98871,-17.601,1014.77
42386,4.17025,2.88857,-1.72645,28.77,68.39,229.18,49.0303,-0.355115,-16.877,1014.77
42392,2.97465,3.45768,-1.88427,26.6,58.73,240.52,49.6405,-1.71206,-17.5271,1014.77
42398,2.12339,3.81157,-1.60689,24.01,48.3,254.59,48.885,-2.88397,-17.9852,1014.77
42404,1.40124,4.0746,-1.51124,21.63,35.98,269.57,49.7567,-3.96336,-17.3055,1014.77
42410,0.95648,4.11765,-1.01865,20.72,23.24,284.2,51.0062,-6.8623,-15.1777,1014.77
42416,0.760402,4.12243,-0.392157,22.33,9.8,299.18,49.9311,-7.78749,-17.1429,1014.77
42422,0.894309,4.12721,-0.0286944,24.92,-1.47,313.39,49.0303,-10.1313,-17.2907,1014.77
42428,0.875179,4.31851,0.411286,31.36,-12.18,325.15,50.1054,-12.2593,-16.5223,1014.77
42434,1.02343,4.7824,0.645624,36.26,-21.21,335.23,49.6986,-12.3518,-16.5223,1014.77
42440,1.14778,4.945,1.20995,41.58,-29.89,343.14,48.3039,-14.6956,-17.7192,1014.76
42446,1.61167,5.60976,1.70253,46.97,-37.03,349.51,48.856,-17.3478,-17.4237,1014.76
42452,2.02296,6.24581,2.08991,52.29,-40.6,353.85,49.1175,-19.229,-17.1725,1014.76
42458,2.63032,7.25012,2.56337,55.72,-41.3,356.93,46.5895,-20,-18.1921,1014.76
42464,2.81205,7.72358,2.87422,57.68,-40.67,359.31,46.4152,-22.3439,-18.0295,1014.75
42470,3.1803,8.71353,3.12291,57.47,-37.94,362.39,47.1416,-24.6877,-18.0443,1014.75
42476,3.53419,9.51698,3.00813,54.67,-33.11,364.14,44.759,-26.0138,-17.734,1014.77
42482,3.27116,10.6695,3.23768,51.24,-28.21,366.1,43.6548,-27.9567,-18.8127,1014.77
42488,3.19943,11.5065,3.2329,46.13,-23.31,367.57,44.0616,-30.1155,-17.4976,1014.77
42494,2.69249,12.6016,3.35724,41.16,-19.39,368.97,42.1729,-31.1949,-16.8031,1014.8
42500,2.21425,13.2377,3.40507,36.82,-16.45,371.07,40.9816,-31.8117,-18.2216,1014.8
42506,1.40603,14.0316,3.41942,32.69,-14.28,373.87,41.0978,-34.4947,-18.2512,1014.77
42512,0.57867,16.944,4.59589,25.83,-8.12,377.09,39.1219,-35.8825,-17.468,1014.77
42518,0.191296,15.2559,3.75897,26.11,-15.12,378.77,38.2212,-36.7152,-19.0787,1014.78
42524,0.889526,15.2032,3.07508,25.34,-10.08,390.11,36.3325,-39.4907,-18.5319,1014.78
42530,0.0334768,16.6428,2.89335,23.87,-12.6,393.47,35.6061,-40.4776,-17.1577,1014.8
42536,0.396939,16.7288,3.20899,28.28,-13.51,398.65,32.8747,-40.601,-18,1014.8
42542,0.0286944,18.3118,2.9077,29.05,-14.28,400.05,31.2476,-41.7112,-18.266,1014.8
42548,-0.0286944,19.01,2.96509,31.85,-16.87,402.99,30.3759,-44.8569,-18,1014.82
42554,-0.401722,20.4639,2.67814,37.24,-17.36,410.62,28.6615,-44.8877,-18.7979,1014.82
42560,-0.573888,22.2382,2.2286,37.73,-20.58,415.87,27.354,-45.4737,-19.0787,1014.74
42566,-1.21951,23.6872,2.60163,42.56,-24.64,421.4,25.2038,-48.5268,-18.7536,1014.74
42572,-1.19082,25.9063,1.75514,45.99,-21.42,428.47,22.8211,-48.6502,-19.2708,1014.79
42578,-1.67862,27.6375,1.74079,44.8,-16.52,437.57,20.4966,-48.9586,-19.5072,1014.79
42584,-2.60163,29.1679,1.80775,40.81,-10.78,442.96,18.3754,-50.994,-18.9604,1014.83
42590,-3.2616,29.5696,2.66858,45.57,0.35,444.78,16.9807,-52.0425,-18.266,1014.83
42596,-6.83883,30.7939,3.11812,40.32,12.32,444.22,13.7554,-51.2099,-18.6354,1014.8
42602,-7.83835,31.0521,2.48685,47.25,25.55,441.49,12.012,-51.9809,-17.9852,1014.8
42608,-13.0607,32.7403,2.50598,46.34,25.55,428.54,9.68744,-54.3863,-16.7292,1014.8
42614,-17.0349,33.6681,2.33381,41.79,31.78,412.37,8.00214,-52.721,-16.7292,1014.82
42620,-20.263,55.385,2.45815,48.86,43.05,345.03,6.17157,-52.3509,-18.5763,1014.82
42626,-25.2989,26.9297,-5.02152,-27.3,29.54,342.51,3.64363,-53.7696,-17.8227,1014.81
42632,-31.7217,33.0512,-11.6643,-75.39,29.54,308,2.91721,-53.7696,-16.6997,1014.81
42638,-34.6581,26.045,-10.8656,-113.82,9.52,269.92,1.34815,-52.8135,-18.4876,1014.83
42644,-40.0574,11.2578,-2.7451,-97.09,-0.28,218.33,0.127761,-52.6593,-18.5024,1014.83
42650,-46.2793,-0.645624,4.61502,-21.42,-26.39,170.45,-1.35414,-54.0163,-19.0343,1014.82
42656,-51.7312,-5.98757,3.22334,55.86,-38.71,125.51,-0.918284,-51.5799,-19.4628,1014.82
42662,-52.1425,-1.96078,2.08034,94.36,-43.33,75.04,-1.99338,-52.1659,-20.4233,1014.82
42668,-48.1109,5.09326,4.61023,129.92,-42.84,21.14,-2.74886,-53.2144,-18.3694,1014.82
42674,-44.2946,11.0569,3.76375,143.29,-45.15,-53.27,-1.67376,-52.4126,-18.2512,1014.82
42680,22.2142,118.364,91.0999,336.21,-222.11,-375.34,-2.22584,-52.5051,-16.2416,1014.81
42686,-35.2989,8.59397,34.0459,-149.24,77.7,-366.45,-0.220921,-53.492,-15.9608,1014.81
42692,-12.726,-11.516,-12.549,29.68,-14.56,-299.39,0.970406,-52.9677,-15.2663,1014.76
42698,22.2095,-2.96509,-14.1224,97.65,-98.56,-335.3,2.80098,-52.5051,-15.6801,1014.76
42704,18.7566,17.3649,-11.2386,-40.88,78.61,-357.98,5.2127,-53.8621,-15.9904,1014.81
42710,8.53658,18.9574,3.99809,-70.91,82.39,-304.71,6.14251,-54.4172,-15.4732,1014.81
42716,7.19751,6.21712,-0.655189,-46.48,206.08,-325.43,8.81573,-51.8575,-16.9656,1014.83
42722,-4.28025,8.34051,10.3109,-65.59,179.2,-350.91,10.7625,-52.2892,-16.3155,1014.83
42728,-4.27068,4.15591,11.3199,-26.04,115.57,-336.91,12.1573,-52.8752,-15.9608,1014.83
42734,-6.14538,12.616,6.61406,-0.84,121.45,-316.05,14.1912,-52.0425,-15.7687,1014.87
42740,-13.7446,15.055,9.25394,-5.67,97.58,-331.8,17.0097,-50.8089,-15.9461,1014.87
42746,-19.8613,23.4481,6.23625,-4.69,36.33,-276.36,17.9686,-52.2584,-15.1481,1014.84
42752,-18.7087,23.1229,2.96509,-22.61,-31.71,-252.63,19.2471,-51.3024,-15.2516,1014.84
42758,-8.04878,13.1373,5.1889,-28.84,-93.45,-231.98,19.8864,-49.4828,-16.7292,1014.82
42764,-1.45863,10.4878,3.93592,-9.17,-87.43,-210.14,21.5135,-50.6856,-16.8326,1014.82
42770,-3.91679,19.9809,-5.09804,15.33,28.84,-201.6,22.792,-50.3155,-16.6405,1014.83
42776,-13.0464,18.0775,-11.7647,-19.39,57.26,-102.48,22.5015,-48.7735,-15.6653,1014.83
42782,-14.9067,19.737,-4.38068,-63.84,1.33,-40.81,23.286,-48.7118,-15.7835,1014.83
42788,1.83644,12.9699,-2.18077,-98.07,2.31,-60.69,23.3151,-49.637,-15.2663,1014.81
42794,3.46724,4.44763,2.5538,-57.82,43.75,-57.12,23.5185,-47.8792,-16.8474,1014.81
42800,2.12339,7.87183,0.320421,-51.52,80.99,-47.18,23.6347,-47.8792,-15.8426,1014.83
42806,-7.32664,8.68484,6.06887,-38.64,29.05,-41.44,24.0705,-48.7427,-16.7588,1014.83
42812,-4.2659,8.26877,4.31851,-27.65,5.88,-24.36,24.5064,-48.866,-17.3646,1014.83
42818,-2.77379,8.33572,2.04208,-8.96,10.64,-15.47,25.32,-46.7998,-16.9952,1014.83
42824,-1.66906,7.37446,3.7494,-10.57,-4.13,-11.06,24.0124,-47.8175,-16.7292,1014.82
42830,1.62602,8.06313,1.02343,-12.88,-1.68,-11.62,24.7098,-48.496,-17.0395,1014.82
42836,0.85605,10.373,0.430416,-9.66,13.65,-13.72,25.32,-47.7558,-17.3794,1014.82
42842,-0.23912,10.6456,0.530846,-9.1,7.7,-12.39,25.5815,-46.6456,-17.6158,1014.83
42848,-0.196078,9.51698,2.32903,-8.33,0.49,-10.08,25.6105,-48.4651,-16.4928,1014.83
42854,-0.95648,8.79483,3.25203,-3.01,-0.14,-11.06,25.4362,-47.7558,-17.7488,1014.82
42860,-0.167384,8.93352,1.9847,-2.31,-2.59,-15.12,25.32,-46.7381,-17.4976,1014.82
42866,0.0908656,9.93783,1.3056,2.8,-1.4,-13.37,25.1166,-48.0025,-17.867,1014.82
42872,-0.10043,9.70349,1.85557,8.75,-4.69,-13.93,25.32,-48.3109,-16.9952,1014.82
42878,-0.463893,10.1339,1.12386,7.42,-9.94,-15.26,25.0875,-46.954,-17.1873,1014.82
42884,0.10043,10.2822,0.248685,7.91,-5.32,-12.46,25.32,-47.2624,-17.5862,1014.82
42890,-0.526064,11.0904,0.023912,4.13,-12.18,-12.04,25.7558,-48.0642,-18.0886,1014.8
42896,0.0621712,10.4735,0.0430416,0.07,-9.94,-13.93,25.8721,-46.954,-18.5024,1014.8
42902,0.344333,9.80392,0.463893,-0.7,-5.95,-13.86,25.7268,-46.7073,-17.6306,1014.8
42908,-0.263032,9.68914,0.851267,-1.33,-7.14,-12.39,26.337,-47.91,-17.1134,1014.84
42914,0.023912,9.74653,0.626494,-2.73,-5.46,-12.88,25.6977,-47.6016,-17.6158,1014.84
42920,0.286944,9.9187,0.631277,-2.59,-3.22,-14.56,26.1045,-47.1698,-18.0739,1014.8
42926,-0.363462,10.0143,0.841702,-3.36,-5.74,-11.9,26.86,-47.9408,-18.6501,1014.8
42932,-0.047824,9.82783,0.703013,-7.35,-9.17,-12.25,25.6687,-48.496,-17.5271,1014.81
42938,1.02343,9.91392,-0.306074,-10.36,1.75,-14.14,25.7849,-46.5839,-17.9704,1014.81
42944,-0.626494,9.74653,0.760402,-10.01,3.5,-13.72,25.5524,-48.095,-17.7931,1014.81
42950,-0.430416,10.8369,-0.0143472,-18.34,-0.63,-13.79,26.2207,-47.8175,-17.7488,1014.81
42956,0.196078,9.94739,-0.0860832,-19.11,2.66,-13.93,26.1045,-46.9848,-17.9704,1014.81
42962,-0.722142,10.4974,0.296509,-22.61,-4.55,-14.63,25.9592,-46.183,-18.8422,1014.85
42968,0.722142,10.1961,-1.04256,-29.26,6.16,-13.86,25.8721,-46.8615,-18.458,1014.85
42974,-0.435198,9.87566,0.679101,-34.58,-0.77,-15.47,26.0173,-46.8923,-18.5024,1014.8
42980,1.44907,10.6552,-0.779531,-32.62,9.1,-15.82,26.1917,-46.3372,-17.6897,1014.8
42986,-0.870397,9.90435,1.07126,-36.61,2.8,-18.13,26.9181,-46.368,-19.0491,1014.79
42992,0.301291,10.3395,0.23912,-32.9,-3.71,-18.34,27.0924,-46.2447,-18.6501,1014.79
42998,-0.267814,9.83261,0.803443,-31.85,-1.61,-19.53,26.2498,-45.1344,-18.9013,1014.84
43004,-0.291726,10.1913,0.813008,-32.83,-3.85,-19.74,27.354,-46.4297,-18.3398,1014.84
43010,0.0573888,9.4022,1.02822,-33.74,-5.88,-23.31,27.0924,-46.7689,-18.2068,1014.84
43016,-0.11956,9.62219,0.731707,-30.17,-4.2,-22.19,27.0634,-45.0419,-18.3251,1014.79
43022,-0.822573,9.58393,1.76949,-28.98,-13.51,-24.01,26.7728,-45.3195,-19.4037,1014.79
43028,-0.521282,9.39263,1.25299,-25.83,-6.58,-21.28,27.5574,-47.0157,-19.2412,1014.84
43034,-0.985174,10.3922,1.86992,-27.65,-10.5,-22.96,28.2547,-44.5793,-18.1921,1014.84
43040,-0.669536,8.9957,1.20516,-27.93,-13.93,-23.87,27.2087,-44.5485,-19.1082,1014.83
43046,-0.425634,9.39742,1.44907,-25.41,-10.29,-24.15,27.3249,-45.9671,-19.8027,1014.83
43052,-1.48254,8.55571,2.32903,-15.89,-21.42,-19.46,27.0634,-45.1653,-19.3742,1014.85
43058,-0.320421,10.1913,0.463893,-23.52,-14.14,-23.03,27.5864,-43.8392,-20.2608,1014.85
43064,-1.01865,10.1387,1.67384,-21.77,-18.62,-28.14,27.383,-44.7952,-20.3051,1014.81
43070,-0.215208,11.0856,1.48733,-23.1,-18.06,-29.33,28.4581,-45.8437,-19.0048,1014.81
43076,-0.320421,10.4878,2.36729,-19.88,-19.46,-29.82,27.8189,-44.0859,-19.847,1014.81
43082,0.511717,9.71305,2.52511,-22.47,-17.22,-18.41,27.7026,-44.6718,-20.1869,1014.84
43088,1.19082,9.63654,2.62076,-20.86,-15.33,-39.41,28.8068,-45.1653,-19.8323,1014.84
43094,0.487805,9.20612,1.93687,-12.53,-10.71,-40.81,28.3709,-44.7027,-20.2312,1014.83
43100,0.49737,10.1052,1.73123,-10.71,-9.94,-44.38,27.9932,-43.8083,-20.1573,1014.83
43106,0.253467,9.87087,2.41989,-11.48,-9.8,-46.76,28.9811,-44.8877,-19.6106,1014.83
43112,0.879962,9.78001,2.81683,-7.77,-6.37,-50.33,28.5453,-45.1653,-19.9209,1014.83
43118,1.37733,10.0335,2.51554,-4.83,-2.73,-57.19,28.5743,-43.0065,-20.7188,1014.82
43124,0.368245,10.3395,2.72597,0.63,0.21,-60.9,28.8649,-42.4822,-20.246,1014.82
43130,0.659971,9.88522,1.92731,3.85,0.63,-63.35,29.7947,-44.826,-20.7927,1014.82
43136,0.894309,10.8991,2.0373,10.71,5.67,-67.27,29.2717,-42.8831,-20.7484,1014.85
43142,-0.57867,11.7551,2.53467,16.38,2.17,-72.1,29.8528,-42.4205,-21.236,1014.85
43148,-0.45911,11.7217,1.51602,7.7,-3.71,-79.52,30.434,-43.2532,-19.5958,1014.83
43154,1.37255,12.4103,0.33955,8.75,1.33,-87.01,30.0562,-42.8214,-20.3642,1014.83
43160,0.750837,12.3434,1.9034,11.97,-0.98,-93.24,31.0732,-41.7421,-19.4481,1014.84
43166,0.593018,13.1516,1.60689,7.56,-2.52,-105.21,32.2645,-42.8523,-20.4529,1014.84
43172,1.31038,13.429,1.21951,8.82,0.98,-112.21,31.7996,-42.6672,-21.0735,1014.87
43178,0.387374,12.066,2.93161,11.34,1.75,-117.46,31.7996,-40.9094,-21.1474,1014.87
43184,0.73649,13.2855,2.20947,10.57,3.29,-126.84,33.0781,-41.8037,-20.3938,1014.87
43190,0.172166,12.0086,3.29029,14.91,6.86,-132.93,33.514,-42.0505,-19.3742,1014.81
43196,0.521282,11.9895,3.67767,20.37,8.96,-143.64,34.1823,-39.4291,-20.2017,1014.81
43202,0.353898,12.1999,3.099,26.46,11.76,-151.2,34.5891,-39.1515,-20.3347,1014.79
43208,0.822573,14.0459,3.17551,31.71,17.71,-160.23,35.2283,-40.2926,-19.1082,1014.79
43214,0.57867,14.6437,2.51554,35.98,13.58,-173.11,35.7514,-38.6581,-19.1082,1014.81
43220,1.10952,16.3462,0.985174,36.05,12.95,-188.51,35.4317,-37.5478,-19.4481,1014.81
43226,1.87948,16.7384,1.15734,39.2,12.39,-206.99,36.7393,-38.6272,-18.5467,1014.84
43232,2.30033,19.0722,0.425634,37.45,12.25,-226.94,38.0759,-37.4862,-18.2955,1014.84
43238,2.55858,20.6934,-0.674318,34.37,8.61,-248.78,37.4657,-36.7152,-18.458,1014.82
43244,3.07508,21.3869,-1.74079,25.48,4.69,-273.7,38.9767,-35.6358,-17.9704,1014.82
43250,2.92205,22.9842,-2.84075,17.78,5.53,-299.67,40.4004,-34.3405,-18.0591,1014.82
43256,2.89813,22.812,-3.34768,5.81,-9.1,-328.3,40.7491,-32.7985,-17.8818,1014.85
43262,4.51459,23.5438,-3.02726,5.6,-5.6,-357.42,41.7371,-31.0407,-18.6206,1014.85
43268,4.68675,26.1167,-0.315638,-4.2,-8.33,-386.75,43.5967,-30.979,-17.867,1014.83
43274,6.9823,24.5289,3.63462,-2.8,-1.33,-418.39,44.5846,-27.6483,-18.2068,1014.83
43280,6.79101,21.7217,4.95457,15.68,10.43,-457.31,44.9042,-24.9652,-17.468,1014.85
43286,2.989,21.5351,4.26112,46.34,12.6,-490.42,45.805,-24.3484,-18.2068,1014.85
43292,2.88857,30.8321,3.31899,33.95,2.87,-515.62,46.5895,-21.5729,-17.5715,1014.84
43298,4.96413,27.1353,2.36729,17.29,28.14,-524.79,46.5605,-18.2113,-17.335,1014.84
43304,-2.83118,24.4811,7.37446,56.14,15.68,-521.85,48.1295,-16.7002,-15.9165,1014.84
43310,2.97944,37.7953,-2.57771,16.94,-12.32,-535.85,50.2507,-14.4797,-15.7096,1014.81
43316,4.15112,25.978,2.46294,14.84,-4.9,-533.4,48.7688,-10.4706,-16.6849,1014.81
43322,1.16691,26.6475,1.85079,30.87,-12.39,-521.08,49.2337,-7.97253,-16.7588,1014.81
43328,2.35294,33.4433,-2.89335,19.53,-28,-516.39,50.6284,-6.46138,-16.4632,1014.81
43334,6.94883,29.1057,-4.91631,-22.82,-41.02,-511.21,49.408,-2.3597,-16.6405,1014.79
43340,9.51219,17.0923,-1.9034,-4.06,-40.39,-482.37,49.379,1.15603,-16.877,1014.79
43346,5.4615,14.9163,-4.73936,14.63,-56.91,-455.28,48.9141,1.80367,-18,1014.78
43352,8.65614,13.0416,-7.84792,-8.68,-119.7,-413.7,49.4662,5.10352,-17.7931,1014.78
43358,14.6581,-2.879,-10.2248,-8.19,-93.52,-378.63,47.4031,6.98474,-18.5172,1014.78
43364,-0.0573888,-8.49833,-4.36633,45.5,-12.88,-255.08,47.3741,8.37253,-17.8965,1014.76
43370,-19.3065,11.7743,0.951698,-0.49,-102.06,-89.25,47.9552,9.57528,-17.5124,1014.76
43376,9.55045,3.5055,-1.72645,15.05,-111.37,16.38,46.3861,9.63696,-18.8422,1014.78
43382,9.97609,4.3472,-3.22812,45.71,-26.81,110.18,45.9212,9.08185,-19.0343,1014.78
43388,9.81827,8.71353,-1.30081,28.63,-38.71,183.61,47.868,8.31085,-18.6354,1014.8
43394,14.2659,7.63271,-2.97944,31.22,-6.65,218.75,47.5775,6.70719,-19.4776,1014.8
43400,12.1425,10.7508,-3.06552,22.05,12.6,233.03,46.299,6.21375,-19.5367,1014.78
43406,11.1573,9.67958,-1.96078,12.74,18.55,240.1,48.7107,4.39421,-19.3003,1014.78
43412,10.856,6.78623,-1.59732,10.57,28.49,241.57,48.856,2.51298,-19.1969,1014.79
43418,9.75131,4.69153,-1.20516,8.75,34.86,237.44,47.1997,2.11207,-19.6549,1014.79
43424,10.0813,2.68293,-2.16643,9.1,40.95,242.62,48.2748,0.816796,-19.0787,1014.79
43430,7.46533,2.08991,-1.80775,10.64,51.24,246.54,49.9311,-1.09527,-18.1921,1014.79
43436,5.40411,1.74558,0.229555,15.61,25.76,250.32,48.9431,-1.49618,-18.0739,1014.79
43442,7.26447,1.80296,-3.31899,21.7,49.28,252.77,48.1005,-2.48306,-18.6797,1014.76
43448,3.17073,2.72597,0.927786,27.72,34.79,258.72,48.9141,-5.47451,-17.9704,1014.76
43454,4.46198,3.2616,-0.970827,32.13,32.48,272.72,49.2918,-5.59787,-17.2612,1014.79
43460,3.07987,4.20373,-0.315638,30.94,28.35,280,48.1295,-6.67726,-19.0934,1014.79
43466,2.57771,4.60545,0.0191296,31.15,16.45,289.1,49.408,-8.89772,-17.734,1014.81
43472,2.34816,5.34672,-0.157819,30.38,13.72,304.08,49.2628,-10.5014,-17.7783,1014.81
43478,1.33429,5.72932,1.15734,30.94,3.36,319.55,47.868,-11.92,-17.3794,1014.81
43484,2.12339,6.24103,0.545194,30.38,-0.98,330.54,48.885,-13.7704,-19.0491,1014.74
43490,1.47298,6.66667,1.17647,30.73,-4.34,342.65,48.6235,-16.0525,-16.9804,1014.74
43496,1.05691,7.68053,0.774749,25.41,-0.63,356.3,46.9963,-17.4403,-18.0739,1014.76
43502,1.59732,7.25012,1.76471,29.68,-22.12,365.05,47.316,-19.1982,-17.8965,1014.76
43508,1.84122,7.62315,2.34816,32.97,-26.81,367.08,46.7639,-21.4187,-18.5763,1014.71
43514,2.43424,8.3692,1.93209,34.02,-23.94,370.79,45.8341,-22.2822,-19.0934,1014.71
43520,2.43902,8.94309,2.18077,34.23,-28.63,373.94,44.5265,-23.855,-17.3055,1014.78
43526,2.69727,9.8374,1.94644,33.6,-30.17,375.76,44.8171,-26.2605,-18.2512,1014.78
43532,2.51076,10.2822,2.29077,34.3,-30.59,376.95,43.5967,-28.4501,-17.5124,1014.78
43538,1.97035,11.5973,2.13295,34.51,-31.15,377.16,41.7661,-29.0052,-20.1869,1014.77
43544,1.45863,12.6973,1.92252,32.76,-34.16,378.84,41.4465,-30.9173,-18.8127,1014.77
43550,0.879962,13.8642,1.96078,31.5,-34.93,381.08,39.7612,-35.1115,-19.3151,1014.73
43556,0.439981,14.285,1.97035,31.43,-37.94,382.97,38.8604,-34.2172,-19.3594,1014.73
43562,-0.0047824,14.9928,1.99904,31.22,-43.19,387.73,37.5238,-35.6358,-19.4481,1014.75
43568,0.11956,15.6145,1.83166,32.41,-46.06,393.54,36.6231,-38.5964,-20.8518,1014.75
43574,-0.0047824,16.6045,2.02296,35.07,-49.28,398.51,34.7344,-39.645,-19.2412,1014.79
43580,0.286944,17.7762,1.6021,37.24,-49.98,403.41,32.7295,-39.7375,-20.5858,1014.79
43586,-0.0047824,18.7996,2.1999,40.04,-49.84,405.65,32.4098,-42.4205,-20.645,1014.77
43592,0.0143472,19.3065,2.52989,43.82,-49.63,407.89,29.7076,-44.1784,-20.4824,1014.77
43598,0.23912,20.8082,2.31468,49.77,-47.32,410.13,27.9351,-44.3634,-21.3985,1014.77
43604,-0.176949,21.7456,2.29555,54.25,-47.74,412.93,25.9302,-46.183,-19.8766,1014.76
43610,-0.0382592,23.6442,2.37685,60.2,-43.54,415.38,23.9543,-46.9231,-20.3642,1014.76
43616,-0.454328,25.208,2.42468,66.01,-38.85,418.88,22.1528,-46.8615,-19.5515,1014.78
43622,-0.425634,28.3549,1.76471,68.04,-27.02,421.4,21.1067,-48.7735,-19.6697,1014.78
43628,-2.10426,29.3926,2.10426,71.68,-24.99,440.93,18.8694,-51.2099,-19.3594,1014.77
43634,-2.95552,28.0966,4.64371,80.36,-6.3,441.7,16.6901,-50.6547,-19.1525,1014.77
43640,-4.86848,30.1196,4.19416,78.4,1.75,451.08,13.9007,-50.8398,-19.3151,1014.79
43646,-6.8484,30.4352,4.31851,86.66,17.15,440.65,11.4018,-52.2584,-17.5124,1014.79
43652,-11.2386,33.0846,3.75418,78.61,37.03,439.81,8.93196,-54.5097,-18.857,1014.79
43658,-16.1071,34.5194,4.09373,66.15,32.2,434.28,7.53724,-52.4743,-18.591,1014.82
43664,-19.7322,38.5175,-0.430416,35.63,54.46,413.28,6.22968,-52.8752,-17.2907,1014.82
43670,-21.7599,38.2305,-2.46772,-8.47,45.64,378.28,3.78891,-54.6022,-17.0543,1014.82
43676,-24.1607,37.7857,-10.0574,-65.59,59.15,328.93,2.30702,-53.3378,-17.1725,1014.82
43682,-29.6748,34.5433,-13.3046,-142.8,60.06,267.4,-0.133751,-53.0911,-18.7979,1014.78
43688,-38.0823,15.2511,-5.63845,-152.6,52.15,226.59,-0.831112,-53.8621,-19.4776,1014.78
43694,-46.1023,-0.841702,5.61454,-95.69,23.03,187.67,-1.4413,-52.6285,-21.4281,1014.81
43700,-52.3721,-10.1722,5.75323,25.13,4.13,147.07,-2.02244,-50.7164,-21.6793,1014.81
43706,-54.8111,-3.83548,2.69249,75.18,-4.27,111.72,-3.41716,-52.0734,-20.0835,1014.81
43712,-49.1296,4.06504,3.69201,115.57,-11.97,58.24,-4.02736,-52.3509,-19.3299,1014.83
43718,-46.4084,8.50789,5.51411,142.1,-18.55,-14.77,-2.80697,-52.0425,-19.0491,1014.83
43724,-36.2889,17.9531,0.21999,112.28,-16.1,-72.52,-3.15565,-52.8135,-17.1429,1014.83
43730,-29.4835,18.4601,3.00813,210.21,-141.33,-152.04,-3.44622,-53.9546,-17.5567,1014.83
43736,0.105213,87.9914,-60.6169,-239.82,150.5,-376.46,-1.20885,-52.8752,-17.3794,1014.8
43742,-32.0756,-34.2516,43.3716,71.05,-12.04,-291.13,0.563613,-52.7518,-18.5763,1014.8
43748,33.7781,6.4945,-14.1176,5.39,-41.65,-300.79,1.98739,-54.4172,-17.4976,1014.84
43754,15.8871,8.92396,-7.35055,36.82,232.19,-375.13,3.96325,-54.3555,-16.9952,1014.84
43760,5.06456,19.45,6.44668,-42.7,164.99,-332.92,5.41609,-53.8929,-17.6897,1014.84
43766,7.36968,4.2946,3.38594,-45.15,140.77,-308.98,7.74063,-54.078,-16.5814,1014.84
43772,0.473458,8.60832,8.46963,-13.23,163.31,-327.25,9.33876,-54.8798,-16.079,1014.84
43778,-4.92587,9.92348,8.73744,10.57,124.67,-329.56,11.6924,-52.5051,-17.5419,1014.77
43784,-6.9823,8.52224,4.61502,2.94,104.51,-369.81,13.7844,-53.0602,-15.6949,1014.77
43790,-15.5954,16.0928,11.3869,10.85,88.55,-348.67,15.615,-53.4303,-15.0151,1014.79
43796,-20.2726,28.6944,2.18556,6.09,45.15,-278.39,17.7652,-51.8267,-15.754,1014.79
43802,-14.5959,19.5074,3.80201,-4.48,-29.26,-261.03,19.5086,-50.1613,-17.0691,1014.83
43808,-10.2391,16.9249,3.15638,-4.27,-84.28,-242.13,20.7,-51.4874,-16.8622,1014.83
43814,-2.19512,9.5648,3.82114,4.55,-97.79,-222.46,21.5135,-50.2847,-15.7096,1014.84
43820,1.77905,9.94739,0.267814,-2.73,-71.75,-222.39,22.269,-49.3903,-15.8131,1014.84
43826,-12.9842,30.9469,-16.0593,4.83,78.4,-127.89,22.763,-49.8221,-16.1382,1014.84
43832,-15.5619,22.9603,-14.6341,-46.34,86.24,-58.87,23.257,-50.2538,-16.2859,1014.86
43838,-8.16834,14.5576,2.42468,-100.45,8.33,-58.59,23.4022,-48.1876,-16.1973,1014.86
43844,2.04208,8.02009,1.7934,-98.77,5.32,-55.37,23.809,-48.2801,-16.744,1014.78
43850,1.45863,6.35103,1.93209,-46.69,64.26,-53.76,23.6347,-49.6062,-16.6258,1014.78
43856,-4.73936,8.92396,3.2329,-43.89,52.71,-39.62,24.1577,-47.6016,-17.734,1014.81
43862,-5.74366,9.05308,4.51937,-31.71,18.97,-22.82,24.4773,-47.5708,-16.7144,1014.81
43868,-2.34338,8.4505,4.06982,-22.12,6.02,-18.76,24.303,-48.5576,-16.9065,1014.81
43874,-0.229555,10.1435,0.205643,-14.63,10.29,-17.5,24.2739,-47.8175,-18.1182,1014.81
43880,0.0095648,10.1722,0.851267,-17.5,2.52,-15.47,24.7098,-47.0157,-16.9065,1014.81
43886,1.01865,10.1243,-0.5978,-13.93,12.81,-15.89,25.1747,-48.2492,-18.0591,1014.81
43892,-0.200861,10.5117,0.73649,-14.63,9.87,-20.37,25.1747,-48.2184,-17.5419,1014.81
43898,-0.765184,10.4352,1.52559,-11.06,0.35,-17.08,25.2619,-46.4914,-18.3398,1014.8
43904,0.664754,10.1483,1.07604,-9.73,1.89,-17.99,25.2038,-47.5091,-17.2168,1014.8
43910,-1.06169,10.3109,1.1956,-7.42,-12.39,-16.03,25.5234,-48.6502,-17.4237,1014.83
43916,0.83692,9.71784,2.58728,-1.89,1.54,-14.35,25.2038,-46.6764,-17.01,1014.83
43922,-0.325203,10.0526,1.18604,-5.88,-2.52,-14.07,24.9132,-47.5399,-18.0591,1014.82
43928,0.382592,10.2391,0.793878,1.12,-5.18,-15.82,25.2328,-47.4166,-16.0643,1014.82
43934,-0.349115,11.2817,0.707795,2.8,-4.69,-15.96,24.7098,-47.5091,-16.9509,1014.84
43940,-0.382592,10.6313,0.191296,-4.83,-6.65,-14.77,25.32,-46.2755,-16.5962,1014.84
43946,-0.291726,10.1339,0.291726,-5.04,-5.95,-14.56,25.8721,-47.139,-17.3203,1014.84
43952,0.0860832,10.0526,0.607365,-6.79,-5.32,-14.14,26.1045,-47.6016,-16.6553,1014.82
43958,-0.0143472,9.73697,0.85605,-6.44,-6.65,-12.39,26.1336,-46.2138,-16.5814,1014.82
43964,0.124342,9.9713,0.549976,-7.77,-5.74,-13.09,25.9302,-46.7073,-17.4828,1014.8
43970,0.129125,9.45002,1.12865,-5.39,-2.66,-13.16,25.9592,-48.2492,-16.4189,1014.8
43976,-0.0669536,9.95218,0.765184,-4.97,-3.08,-13.51,25.9011,-46.1521,-17.5862,1014.8
43982,0.105213,9.67958,0.760402,-2.94,-1.61,-13.86,26.7147,-45.9363,-17.3941,1014.8
43988,-0.277379,9.91392,0.373027,-5.04,-0.63,-13.09,26.6275,-47.4782,-18.1625,1014.83
43994,-0.789096,9.77044,1.33907,-5.67,-3.99,-12.11,27.4121,-47.7558,-17.335,1014.83
44000,-0.114778,9.55045,0.0860832,-6.93,1.96,-11.83,26.1045,-46.3063,-17.3203,1014.83
44006,-0.942133,9.87087,0.932568,-8.96,-4.13,-11.2,26.3951,-47.5708,-17.3646,1014.82
44012,-0.191296,9.96652,0.0908656,-10.43,-5.04,-8.68,26.6275,-47.7558,-17.2021,1014.82
44018,0.0813008,9.88522,0.124342,-14.77,-0.77,-10.36,26.4241,-45.0111,-17.8965,1014.83
44024,-1.16691,10.2296,0.85605,-16.66,-3.99,-7.42,26.337,-46.9231,-18.5615,1014.83
44030,-0.0430416,10.4161,-0.291726,-21.98,-1.26,-8.68,27.0053,-47.1082,-18.4876,1014.8
44036,-0.373027,9.9187,0.569106,-22.05,-1.33,-9.8,26.4241,-45.8437,-18.7092,1014.8
44042,-0.109995,10.0096,0.37781,-23.59,-0.42,-9.38,26.9762,-45.9054,-17.8522,1014.82
44048,-0.047824,9.82783,0.755619,-27.09,-2.52,-13.09,26.0173,-46.7073,-17.6601,1014.82
44054,0.411286,10.4687,0.047824,-25.9,-2.17,-13.09,26.4241,-46.1521,-17.6306,1014.86
44060,-0.425634,10.1004,0.85605,-25.55,-3.29,-12.67,26.5694,-44.7952,-18.5763,1014.86
44066,-0.320421,10.2439,0.49737,-26.74,-6.09,-14.14,26.86,-46.7073,-19.1673,1014.86
44072,-0.35868,10.2152,0.49737,-29.12,-7.91,-14.91,26.7438,-46.6456,-17.2464,1014.82
44078,0.143472,9.96174,0.401722,-27.51,-8.82,-16.17,27.1506,-45.3811,-18.7536,1014.82
44084,-0.621712,10.0096,0.731707,-30.94,-10.15,-16.03,26.366,-45.4737,-19.6697,1014.84
44090,-0.49737,9.46437,1.41559,-29.05,-12.6,-17.29,27.2668,-46.4605,-17.7636,1014.84
44096,-0.191296,9.91392,0.81779,-27.44,-13.02,-18.06,27.7026,-45.1344,-18.4876,1014.84
44102,-0.602582,10.2439,0.645624,-29.68,-16.45,-18.76,26.9762,-45.2269,-19.3151,1014.84
44108,-0.0669536,9.34481,0.85605,-31.78,-17.99,-21.42,26.9181,-46.3989,-19.7288,1014.8
44114,-0.172166,10.153,1.09039,-30.17,-17.64,-22.61,27.5574,-45.1961,-19.6402,1014.8
44120,-0.387374,9.9187,1.41081,-29.47,-21.28,-23.03,27.6736,-44.3943,-19.7288,1014.8
44126,0.420851,9.94739,0.325203,-34.3,-19.11,-27.3,27.1215,-45.0419,-20.2164,1014.81
44132,-0.25825,9.45002,1.09995,-33.88,-19.39,-27.51,27.8189,-45.6279,-21.0882,1014.81
44138,0.215208,8.83788,1.73601,-29.12,-18.83,-29.68,27.4121,-44.1476,-20.5415,1014.83
44144,0.0669536,9.14395,1.52559,-25.9,-15.89,-29.4,27.0924,-44.5793,-21.0735,1014.83
44150,0.0621712,10.5452,1.28647,-25.69,-14,-28.84,28.1675,-45.7512,-20.3494,1014.83
44156,-0.349115,10.373,1.96078,-26.25,-14.91,-31.85,28.6325,-43.8083,-20.5711,1014.83
44162,0.047824,10.1961,0.860832,-31.36,-13.16,-34.58,29.0683,-42.9756,-20.5267,1014.8
44168,0.0621712,9.46437,1.86514,-24.92,-9.03,-35.63,29.2426,-44.7027,-19.6254,1014.8
44174,0.186514,9.74653,2.4725,-24.22,-4.06,-36.05,28.3709,-43.9317,-20.6893,1014.8
44180,-0.516499,9.77523,4.25634,-17.71,-9.94,-40.25,28.5162,-42.1738,-20.4972,1014.82
44186,4.21808,13.3668,6.82449,-5.18,-0.84,-50.26,28.8068,-43.9934,-20.1869,1014.82
44192,1.59732,11.5399,3.90244,4.48,3.64,-65.31,28.9521,-44.6718,-20.2608,1014.88
44198,-0.200861,11.5495,1.42994,6.51,5.81,-71.75,29.5042,-42.7598,-22.1965,1014.88
44204,-0.267814,12.5777,3.20899,2.52,-0.56,-74.48,29.8238,-42.4514,-20.837,1014.81
44210,1.53993,11.7264,2.76901,7.28,0.35,-86.87,30.986,-44.0242,-20.2608,1014.81
44216,1.46341,13.0177,2.60163,6.58,5.39,-97.65,30.3759,-41.7729,-20.6893,1014.8
44222,0.83692,12.2525,3.72549,13.23,3.78,-102.69,31.3638,-41.4028,-20.0687,1014.8
44228,0.798661,11.7838,3.05595,9.45,7.07,-112.49,31.5381,-42.0505,-20.645,1014.83
44234,1.4682,12.2573,2.15208,17.22,9.87,-120.96,31.5091,-41.7112,-19.714,1014.83
44240,0.803443,12.2477,3.09421,16.73,11.55,-128.31,32.4679,-40.8785,-20.8223,1014.83
44246,1.2769,12.0564,3.55811,22.82,15.61,-134.96,32.991,-40.8169,-20.3199,1014.81
44252,0.961262,13.3238,3.54854,31.01,18.27,-146.3,34.2985,-41.4645,-19.9209,1014.81
44258,1.18604,14.4285,3.10378,34.23,19.46,-157.01,34.2114,-38.874,-19.3151,1014.83
44264,1.31994,15.275,1.97035,33.81,18.34,-171.92,34.2695,-39.6141,-20.2903,1014.83
44270,0.703013,14.835,0.25825,35.49,16.59,-184.52,35.548,-39.7375,-18.0739,1014.84
44276,0.989957,15.4137,1.20038,37.45,13.37,-199.08,36.2453,-37.8254,-19.5072,1014.84
44282,1.73123,16.9584,1.03778,38.85,9.45,-216.16,36.5068,-36.3143,-19.0787,1014.84
44288,2.066,18.924,-0.071736,36.4,9.1,-235.27,38.3955,-37.1469,-17.8818,1014.84
44294,2.31946,20.1674,-1.18125,26.04,6.79,-255.08,38.3665,-36.5918,-18.4728,1014.84
44300,2.65901,20.7891,-2.48207,17.43,10.5,-275.45,38.6861,-34.2172,-18.1921,1014.8
44306,2.56815,20.813,-1.65471,10.08,6.79,-298.9,40.4876,-33.9396,-18.2216,1014.8
44312,3.79244,23.2712,-1.89861,-2.59,2.17,-320.39,41.9986,-33.1994,-18.4433,1014.87
44318,4.58154,23.1851,-1.84122,-10.78,7.77,-350.21,40.9235,-30.3622,-18.4137,1014.87
44324,4.04113,23.5055,1.14778,-8.26,10.29,-375.55,42.4054,-29.4678,-16.744,1014.86
44330,7.03491,23.056,1.61167,-7.77,12.81,-404.6,44.5556,-28.2342,-18.1921,1014.86
44336,5.96365,24.2611,3.62984,-1.75,29.89,-435.4,45.311,-25.397,-17.2316,1014.79
44342,4.3759,27.2979,2.7451,6.58,22.19,-473.55,45.6307,-22.5597,-17.1429,1014.79
44348,3.4242,29.1248,1.13821,-2.31,24.78,-498.75,47.6937,-21.9121,-16.9509,1014.79
44354,5.53802,27.5514,-0.511717,-15.4,16.38,-510.86,48.5363,-18.5814,-16.6997,1014.83
44360,-1.53037,26.4036,3.24725,10.85,33.25,-510.58,47.8971,-16.3918,-16.1825,1014.83
44366,5.21282,27.7475,-1.66428,-11.97,-13.58,-514.85,49.6696,-13.6162,-18.0295,1014.81
44372,7.8527,27.6471,1.64036,-10.85,7.42,-520.66,50.2797,-11.3957,-16.4337,1014.81
44378,-0.693448,32.5442,-1.37255,-7.28,3.36,-514.78,49.0594,-7.50994,-17.5862,1014.8
44384,3.53898,34.3185,-5.63367,-42.21,-19.81,-512.33,49.5533,-4.42596,-16.8326,1014.8
44390,6.94883,22.3482,-2.37685,-35.98,-30.52,-503.3,50.5122,-2.79145,-14.9856,1014.82
44396,8.46007,15.0502,-3.38594,-27.3,-34.23,-479.22,49.8148,0.539239,-17.1577,1014.82
44402,4.80153,15.8011,-3.90722,-27.16,-60.97,-449.96,48.5654,2.9139,-17.2168,1014.79
44408,10.8895,9.47872,-4.74892,-34.23,-94.22,-401.17,49.2046,4.30169,-16.212,1014.79
44414,16.7958,-2.56815,-10.7556,-32.13,-72.52,-349.16,48.5654,6.83055,-17.3941,1014.79
44420,6.71449,-12.3721,-5.60976,16.45,43.26,-247.52,46.8801,9.11269,-18.1477,1014.8
44426,-19.12,13.3812,-0.61693,-10.92,-7.91,-75.25,47.6065,9.69864,-16.8031,1014.8
44432,-1.83644,6.74797,2.63988,-7.56,-63.56,37.45,48.1295,9.32857,-16.1825,1014.81
44438,11.5065,4.022,-4.04591,36.19,27.65,127.82,47.839,8.68093,-16.2564,1014.81
44444,7.22621,9.28264,-0.607365,25.13,11.06,188.16,47.2288,8.40337,-16.8622,1014.8
44450,14.6055,8.02487,-3.72549,30.45,35,213.99,48.9722,6.15207,-15.1925,1014.8
44456,12.6208,9.71784,-3.3955,25.48,49.77,223.58,48.362,5.90535,-16.5814,1014.78
44462,10.5356,8.57006,-1.90818,23.8,47.25,221.9,48.2167,4.88764,-16.1825,1014.78
44468,9.50263,6.69536,-1.61167,28.35,53.13,218.54,49.2046,3.59237,-16.3007,1014.78
44474,8.44572,4.91152,-1.83644,26.53,51.1,216.09,50.0764,2.7597,-15.8722,1014.79
44480,7.55619,2.40555,-1.69297,30.66,52.15,216.09,48.2167,0.970995,-15.3402,1014.79
44486,7.02535,3.33812,-1.63558,31.22,48.58,217.07,49.5533,-0.632672,-14.5275,1014.8
44492,5.34194,3.33812,-1.42994,34.93,43.89,223.09,50.2216,-2.02046,-14.8674,1014.8
44498,4.25155,3.53419,-1.13343,34.51,37.52,231.42,49.4371,-1.98962,-15.0742,1014.79
44504,3.3142,4.03156,-1.20038,33.46,31.22,242.9,49.6696,-4.48764,-15.1038,1014.79
44510,2.7164,4.52893,-1.20516,29.54,24.01,257.04,50.9481,-6.12215,-14.8969,1014.73
44516,2.17121,4.99283,-1.16212,25.55,15.61,272.58,50.1926,-7.38658,-14.9708,1014.73
44522,1.94644,5.00717,-0.679101,23.17,5.39,288.12,49.6114,-8.25009,-15.1629,1014.73
44528,1.70732,4.91631,0.0191296,23.87,-5.6,304.85,50.2216,-10.7173,-14.3502,1014.78
44534,1.37255,4.82066,0.444763,27.23,-14.98,319.62,50.3379,-12.1051,-16.0199,1014.78
44540,1.25777,4.99283,0.793878,31.78,-24.99,333.2,49.2046,-12.9686,-14.9413,1014.75
44546,1.38211,5.27499,0.765184,36.19,-33.32,344.96,49.4371,-15.6516,-15.0742,1014.75
44552,1.77427,5.98757,0.913438,39.9,-40.32,354.2,49.0594,-18.273,-14.5275,1014.77
44558,1.85557,6.32233,1.3582,42.91,-47.39,360.78,48.3039,-19.0748,-15.887,1014.77
44564,2.41989,6.92492,1.66906,46.69,-50.19,365.4,47.7518,-21.2336,-15.1777,1014.79
44570,2.73075,7.55141,1.9847,48.72,-53.13,367.92,47.9552,-23.5466,-16.0938,1014.79
44576,3.35246,8.35964,2.33381,50.54,-51.94,369.53,46.4733,-25.1503,-16.4189,1014.75
44582,3.5868,9.20612,2.33381,49.42,-50.68,369.11,44.0907,-25.8287,-16.6997,1014.75
44588,3.59636,10.4495,2.54902,48.58,-48.16,369.74,44.5846,-28.851,-16.1234,1014.75
44594,3.49115,11.5017,2.5012,45.36,-45.29,370.3,42.8993,-29.437,-17.2612,1014.76
44600,2.95552,13.0225,2.52511,40.6,-43.12,372.12,41.6208,-30.7323,-18.0591,1014.76
44606,2.32425,14.0459,2.64945,35.84,-41.23,374.71,40.5748,-33.1069,-17.7636,1014.76
44612,2.53945,12.0851,4.01243,36.82,-43.26,372.47,39.674,-35.6975,-17.7783,1014.76
44618,0.593018,15.8632,3.52941,29.82,-39.55,375.9,38.8023,-35.6049,-18.9752,1014.76
44624,1.31038,16.1215,2.97465,26.46,-40.25,386.75,36.8265,-38.0104,-17.2759,1014.76
44630,1.56384,17.164,2.77857,25.27,-38.71,389.13,35.8095,-40.2309,-17.3498,1014.78
44636,0.392157,17.6184,3.70636,28.91,-38.08,385.56,34.0951,-41.5879,-18.0443,1014.78
44642,0.516499,18.8522,3.21856,29.96,-37.45,393.12,32.3227,-41.8346,-18.5319,1014.78
44648,0.253467,19.2587,3.39072,34.79,-36.82,401.66,30.6374,-44.1784,-18.3989,1014.8
44654,0.071736,20.6695,3.44811,39.97,-35.63,401.03,30.1143,-44.6718,-18.8866,1014.8
44660,-0.10043,21.8603,3.12769,45.15,-33.6,402.15,27.2087,-45.4737,-18.6206,1014.76
44666,-0.406504,24.0842,3.18986,47.81,-33.95,409.85,25.9883,-47.8792,-19.1082,1014.76
44672,-0.875179,25.2511,3.01291,53.62,-29.96,414.12,23.7219,-48.496,-18.7092,1014.8
44678,-1.95122,27.1879,3.59158,57.54,-24.5,422.17,21.9203,-49.452,-19.98,1014.8
44684,-2.38164,28.6944,2.86944,56.21,-16.73,425.11,19.4505,-50.4697,-17.3203,1014.79
44690,-3.83548,28.9048,4.33285,62.51,-8.26,427.49,17.5328,-52.1659,-18.7831,1014.79
44696,-6.31277,30.5165,3.6968,64.19,-16.45,437.85,16.2252,-51.4257,-18.1625,1014.79
44702,-7.47011,31.3486,3.78288,59.64,-5.39,433.86,13.4648,-51.3024,-18.6206,1014.84
44708,-10.7269,32.616,4.45241,57.12,13.02,422.87,10.9078,-53.0911,-16.9656,1014.84
44714,-14.3998,34.7394,2.54424,42.91,32.41,415.45,9.89083,-53.5845,-17.2021,1014.79
44720,-18.2592,35.5763,1.64515,18.83,39.48,404.11,7.97309,-52.536,-17.2464,1014.79
44726,-21.9895,36.9297,-4.00287,-23.66,40.39,372.4,4.92213,-54.0471,-15.887,1014.79
44732,-24.4046,37.2884,-10.4065,-101.36,44.24,333.34,3.14967,-54.2938,-16.744,1014.79
44738,-32.8407,28.4696,-11.1526,-142.45,32.83,284.27,2.04551,-52.9677,-18.5467,1014.79
44744,-43.1899,6.43711,0.483022,-130.62,16.94,237.58,1.20286,-53.1219,-18.7536,1014.79
44750,-52.4821,-13.2951,13.6059,-2.1,-10.36,208.32,-0.308091,-53.1836,-19.9948,1014.83
44756,-55.2415,-6.63319,1.92252,53.34,-12.04,153.79,-0.802056,-52.536,-19.5811,1014.83
44762,-53.9837,-3.28551,5.35151,105.63,-31.85,98.49,-2.19678,-51.9809,-19.1525,1014.83
44768,-46.6619,8.02965,5.64801,131.46,-20.51,36.47,-3.15565,-53.5228,-17.7488,1014.86
44774,-42.3529,14.7346,5.20325,138.6,-20.23,-34.16,-2.31301,-53.4612,-18.9457,1014.86
44780,26.6332,94.3089,104.347,447.93,-293.3,-273.56,-1.8481,-52.2892,-17.4385,1014.83
44786,-29.3161,65.7102,-52.9029,-207.27,160.58,-371.77,-0.249977,-53.5845,-16.9509,1014.83
44792,-20.33,-21.0569,1.18604,35.35,4.76,-302.75,1.72588,-55.1882,-16.2859,1014.82
44798,24.1033,2.83118,-4.68197,-138.25,40.39,-336.63,4.6025,-53.4303,-16.1825,1014.82
44804,10.3395,16.2267,-10.1196,43.19,100.24,-370.37,5.6776,-52.8444,-16.6258,1014.79
44810,1.87948,21.4586,5.93974,-79.38,80.5,-334.18,7.50818,-53.9854,-16.6258,1014.79
44816,3.70636,11.4491,2.21903,-3.15,129.57,-325.43,9.19347,-53.5228,-15.754,1014.79
44822,-0.416069,13.7398,5.00717,-38.99,116.13,-346.22,11.8958,-52.4126,-16.9952,1014.83
44828,-4.72501,7.68053,7.1736,-1.96,87.78,-352.24,13.4648,-53.0911,-16.5223,1014.83
44834,-7.36011,10.33,9.81349,-9.38,71.26,-342.72,15.4697,-52.3201,-16.4337,1014.82
44840,-11.5734,21.6882,3.18508,-23.45,55.44,-331.66,17.2131,-51.0557,-15.8722,1014.82
44846,-14.7202,25.4567,-1.26255,-42.07,32.55,-296.87,17.8524,-52.1042,-15.9904,1014.84
44852,-10.6456,17.078,4.66284,-13.37,-15.05,-254.66,20.0898,-51.3024,-15.2516,1014.84
44858,-6.61406,15.5285,3.44333,-21.14,-55.51,-225.4,21.252,-50.1613,-15.2072,1014.84
44864,-0.492587,9.66523,2.17121,2.1,-44.94,-229.11,21.9785,-49.452,-16.0495,1014.84
44870,-0.449546,13.0846,-2.1186,4.76,44.03,-203.91,23.286,-49.6987,-15.4437,1014.79
44876,-12.219,20.0622,-10.0574,-30.24,68.39,-119.84,24.2449,-49.2361,-16.9509,1014.79
44882,-10.5882,15.978,-0.196078,-62.16,0.77,-75.25,23.9543,-48.9277,-17.8818,1014.79
44888,0.0669536,11.5495,-1.74558,-76.44,-22.33,-67.97,24.5354,-49.5753,-17.6601,1014.85
44894,4.62458,7.29794,-1.47298,-49.49,39.83,-62.02,24.6517,-48.8352,-16.2564,1014.85
44900,-1.5208,8.99091,0.506934,-35.42,70.42,-55.72,24.5645,-47.3549,-16.3894,1014.82
44906,-8.25442,7.74271,6.04974,-32.41,27.3,-38.57,25.4362,-48.0642,-16.5371,1014.82
44912,-5.92061,8.90005,5.25108,-19.04,-7.28,-16.66,25.843,-47.9408,-16.7588,1014.83
44918,1.68819,8.78049,-0.932568,-5.67,-4.27,-19.04,26.1045,-47.6324,-17.1134,1014.83
44924,1.17647,11.3104,-1.80775,-15.12,12.6,-15.68,25.6396,-47.4474,-17.3203,1014.85
44930,-0.334768,9.74175,0.301291,-15.89,5.88,-14.14,25.2328,-48.3418,-17.1873,1014.85
44936,-0.47824,9.46915,0.884744,-13.16,9.03,-13.16,26.1626,-46.9231,-17.8374,1014.85
44942,-1.34385,10.7747,2.29555,-4.41,-1.61,-6.3,26.1336,-46.9231,-17.5567,1014.84
44948,0.13869,10.3443,1.66428,-4.27,-1.26,-12.32,25.5815,-48.5885,-16.9065,1014.84
44954,0.908656,10.4161,0.521282,-1.19,1.96,-15.26,25.9592,-48.2492,-16.3894,1014.83
44960,0.37781,10.5691,0.463893,-1.12,1.75,-17.29,26.86,-46.8923,-16.4485,1014.83
44966,-0.932568,9.78957,1.67862,-0.42,-2.24,-14.84,26.1917,-47.6324,-17.1429,1014.83
44972,0.291726,10.3682,0.315638,0.14,-2.03,-12.6,26.6566,-48.1259,-16.8326,1014.83
44978,-0.0286944,10.4639,0.813008,1.89,-7,-15.96,26.337,-46.5839,-17.1429,1014.8
44984,0.133907,10.4782,0.191296,1.47,-4.76,-16.24,25.9592,-47.6324,-18.3842,1014.8
44990,-0.569106,10.55,0.420851,-1.89,-6.93,-13.37,27.0634,-47.9717,-16.2711,1014.8
44996,-0.196078,10.1722,0.683883,-2.73,-7.35,-14.14,26.4823,-47.2932,-17.4976,1014.82
45002,-0.0334768,10.0335,0.607365,-2.87,-7.35,-15.82,26.5985,-46.6456,-18.2512,1014.82
45008,-0.569106,9.90435,1.16691,-2.45,-10.57,-14.28,26.7147,-48.3109,-17.7192,1014.8
45014,-0.023912,9.71784,0.750837,-1.96,-8.54,-14.49,27.2087,-47.2624,-17.1873,1014.8
45020,-0.353898,9.75131,0.889526,-0.91,-8.26,-12.67,26.7438,-46.0288,-17.6306,1014.84
45026,-0.301291,9.6748,0.683883,-1.68,-8.12,-11.55,27.1506,-47.324,-16.7292,1014.84
45032,-0.248685,9.58871,0.640842,-0.84,-7.28,-10.99,27.7898,-47.8483,-17.5567,1014.82
45038,-0.277379,9.93304,0.33955,-2.94,-7.42,-10.99,27.5283,-46.6456,-16.6849,1014.82
45044,0,10.0383,0.0669536,-5.53,-5.95,-10.78,27.7607,-47.2932,-17.4237,1014.82
45050,0.253467,9.87087,0.21999,-8.26,-1.89,-10.36,27.8479,-47.6941,-17.867,1014.82
45056,-0.282162,9.94739,0.124342,-10.5,-0.42,-10.08,27.7026,-46.8615,-18.1034,1014.82
45062,-0.205643,9.84696,0.181731,-14.07,-0.07,-10.43,27.8479,-45.7204,-17.6897,1014.81
45068,-0.234338,9.55045,0.296509,-16.8,-0.14,-9.87,28.5162,-47.3549,-17.2612,1014.81
45074,0.153037,9.99522,-0.176949,-19.32,3.43,-10.71,28.1966,-47.2315,-17.3941,1014.83
45080,-0.487805,9.58871,1.00909,-19.67,1.12,-10.22,28.4872,-46.1521,-18.3398,1014.83
45086,-0.564323,10.4256,0.502152,-22.33,-0.49,-9.03,27.383,-47.5091,-18.458,1014.81
45092,-0.454328,9.90435,0.506934,-22.4,0.14,-9.94,27.2377,-47.2932,-17.7783,1014.81
45098,-0.588235,9.82305,0.946915,-22.75,0,-11.48,28.1675,-46.2447,-18.2364,1014.8
45104,-0.047824,10.3491,0.0526064,-27.23,1.4,-11.9,28.2547,-46.183,-19.3594,1014.8
45110,-0.626494,10.4161,0.703013,-30.31,-0.98,-11.76,28.923,-47.2007,-18.3694,1014.8
45116,-0.253467,10.1243,0.879962,-30.38,-1.47,-14.35,28.6034,-46.0596,-17.335,1014.82
45122,-0.722142,9.42133,1.15734,-30.8,-5.53,-14.07,28.0513,-44.826,-19.0343,1014.82
45128,-0.23912,10.5404,0.535629,-30.45,-4.27,-14.91,28.7196,-45.8129,-17.8965,1014.81
45134,-0.61693,10.1196,0.669536,-32.48,-7.98,-16.52,28.7196,-46.4914,-19.3446,1014.81
45140,-0.047824,10.3539,0.392157,-34.23,-6.58,-17.22,27.5574,-43.9317,-18.6797,1014.8
45146,-0.535629,9.93304,0.832138,-38.64,-9.73,-18.97,28.3128,-45.412,-19.1525,1014.8
45152,-0.0334768,9.76566,0.535629,-32.62,-10.36,-19.18,28.5453,-45.9979,-19.2855,1014.84
45158,-0.439981,10.9708,0.363462,-34.86,-13.23,-20.65,28.5743,-45.1344,-18.3842,1014.84
45164,-0.69823,11.2721,0.989957,-34.44,-19.04,-22.75,28.3709,-44.6101,-20.0982,1014.84
45170,-0.329986,10.1291,0.487805,-42.98,-19.25,-25.34,28.4291,-46.0288,-19.6993,1014.82
45176,-0.827355,10.1722,1.60689,-37.52,-18.13,-25.34,28.6615,-44.6718,-19.714,1014.82
45182,-0.0286944,9.32568,1.16212,-37.87,-16.45,-27.65,29.8528,-44.2401,-20.4529,1014.83
45188,-0.49737,8.43615,1.68819,-34.93,-19.25,-29.12,29.3589,-46.0905,-21.2803,1014.83
45194,0.726925,8.89048,1.55428,-27.79,-12.39,-29.33,29.4751,-44.2401,-21.3394,1014.85
45200,-0.793878,10.3252,2.68771,-24.43,-15.61,-25.55,29.6204,-42.9756,-20.9553,1014.85
45206,0.492587,9.3209,0.846485,-28,-12.25,-35.35,29.2136,-44.5793,-20.8223,1014.83
45212,-0.196078,9.4022,2.41033,-24.43,-8.61,-31.64,29.8238,-44.5485,-20.2755,1014.83
45218,1.50646,11.0282,3.63462,-18.55,-8.68,-43.54,28.8068,-42.8214,-20.6154,1014.81
45224,2.84553,11.583,6.17408,-7.84,-5.39,-50.75,29.94,-42.4822,-21.0587,1014.81
45230,0.13869,10.1865,4.2946,-0.56,1.89,-51.1,30.957,-44.1167,-20.6302,1014.81
45236,0.779531,10.0191,1.9847,4.9,9.17,-60.13,30.8698,-42.513,-21.6497,1014.84
45242,0.0334768,11.4634,2.90292,4.06,2.17,-68.6,31.451,-42.0196,-21.9601,1014.84
45248,0.923003,11.4538,1.37255,7.7,0.63,-71.61,31.0151,-43.0682,-20.0982,1014.83
45254,-0.205643,11.076,3.60593,11.76,3.43,-74.62,31.6834,-42.328,-20.1278,1014.83
45260,1.04735,11.9847,1.94644,9.94,6.16,-87.71,31.1023,-41.7729,-20.8962,1014.84
45266,0.703013,13.0177,1.25299,13.09,3.43,-93.24,31.3928,-41.9579,-21.1769,1014.84
45272,0.181731,13.4146,1.02343,6.09,-3.29,-102.34,32.3808,-42.5439,-21.0291,1014.81
45278,1.08082,13.6538,-0.162602,4.69,2.31,-109.62,32.4098,-40.6935,-20.9257,1014.81
45284,0.023912,13.1038,1.74079,2.38,-3.36,-116.55,33.1653,-41.0019,-20.1573,1014.81
45290,0.760402,12.0182,2.52989,6.23,-0.42,-125.44,33.0781,-42.7289,-21.8862,1014.81
45296,0.425634,12.0516,2.989,9.59,0.7,-133.91,34.1823,-39.8608,-19.4924,1014.81
45302,0.191296,12.1425,3.36203,14.7,4.9,-137.41,34.2695,-39.244,-20.8223,1014.84
45308,0.994739,13.0225,3.41463,16.17,8.47,-147.77,34.4729,-40.2309,-21.0439,1014.84
45314,0.454328,13.3668,3.54854,22.89,8.68,-156.03,36.2453,-39.244,-19.8914,1014.84
45320,0.5978,13.7877,1.57341,22.12,8.12,-169.05,35.8385,-37.2703,-20.9996,1014.84
45326,0.875179,15.1506,2.07078,26.74,10.08,-179.62,36.6812,-37.7637,-20.2755,1014.82
45332,1.52559,16.0163,1.42516,26.6,6.72,-193.41,37.0299,-37.2703,-19.9948,1014.82
45338,1.71688,16.9297,0.463893,27.58,8.82,-209.79,37.8144,-36.0984,-18.9752,1014.82
45344,2.55858,19.1966,0.200861,26.18,7.28,-227.64,37.4367,-35.4507,-19.2855,1014.81
45350,2.62076,20.6743,-1.20516,0.14,6.37,-253.47,39.151,-35.2657,-18.3842,1014.81
45356,1.77427,22.879,-3.00335,4.62,1.96,-274.61,40.6038,-33.4462,-19.0491,1014.81
45362,1.81731,22.5825,-4.77284,-12.04,-4.76,-298.27,40.0227,-32.1817,-19.2116,1014.81
45368,1.70732,21.6499,-3.61549,-15.75,-11.48,-323.33,42.2601,-31.6575,-18.4137,1014.83
45374,2.97944,22.7403,-2.1186,-15.26,-12.74,-349.3,43.1608,-29.2828,-19.7879,1014.83
45380,5.40889,25.6719,0.530846,-23.31,-11.06,-379.33,43.1027,-27.3399,-18.9161,1014.84
45386,5.58106,24.7059,0.344333,-18.48,-2.73,-413.49,44.9042,-25.9521,-17.8079,1014.84
45392,4.72979,24.8446,-0.023912,-12.39,-1.47,-444.01,45.2529,-26.353,-19.9948,1014.83
45398,4.47154,26.9775,-1.56384,-19.25,0,-474.39,46.0375,-21.6037,-18.3694,1014.83
45404,2.83596,28.814,-0.83692,-23.87,-9.8,-504.84,47.4031,-18.9206,-18.3398,1014.83
45410,3.21377,30.4065,0.023912,-27.86,-8.96,-510.51,48.6235,-17.3478,-18.6945,1014.82
45416,-3.46724,34.3281,4.06982,-17.43,-3.08,-508.76,48.3329,-13.8938,-18.2364,1014.82
45422,1.6834,31.5256,0.243902,-43.19,-42.14,-524.72,48.0133,-11.4574,-18.1921,1014.82
45428,2.13295,22.8168,1.3056,-28.14,-24.5,-523.32,49.5243,-9.45284,-18.4285,1014.82
45434,0.942133,27.1593,-0.296509,-0.84,-46.55,-513.24,49.873,-6.73894,-18.9752,1014.83
45440,3.54854,28.9957,-4.2946,-13.3,-53.13,-505.54,48.4492,-3.59329,-18.7388,1014.83
45446,5.51889,25.0741,-4.5385,-33.04,-74.55,-481.39,48.885,-1.00275,-19.1525,1014.82
45452,6.78623,19.2109,-5.3802,-35,-77.77,-449.47,49.2046,1.40275,-19.3742,1014.82
45458,7.62793,16.5471,-6.27451,-38.78,-110.46,-407.19,47.839,3.74657,-19.9652,1014.82
45464,13.5533,8.58919,-6.90579,-57.54,-131.18,-360.15,46.7929,6.92307,-20.7927,1014.81
45470,12.1808,-11.8986,-1.99904,-41.09,-76.02,-335.86,48.0133,7.60154,-19.6845,1014.81
45476,-7.64706,1.51602,-8.92874,1.54,23.45,-195.86,46.7058,9.32857,-19.0491,1014.8
45482,-5.77236,4.7824,6.43233,-12.25,-110.6,-57.61,45.7469,9.94536,-20.5711,1014.8
45488,14.1798,-1.74558,-2.14252,51.45,-21.98,20.58,46.328,9.35941,-20.9553,1014.79
45494,6.92013,6.79579,-0.167384,68.53,8.26,96.32,46.299,8.83513,-21.2508,1014.79
45500,10.6887,7.6901,-0.980392,64.89,16.24,138.25,45.4273,8.77345,-20.8814,1014.79
45506,12.9507,9.25394,-2.69249,64.33,58.31,162.89,47.345,7.4165,-21.2212,1014.79
45512,10.66,10.2678,-1.41081,50.75,65.31,179.76,47.4903,6.49131,-21.1178,1014.79
45518,11.2195,9.01961,-2.5012,41.16,83.16,181.65,47.1707,6.05955,-21.5463,1014.81
45524,9.82783,7.91009,-1.85557,31.92,93.24,182.49,46.822,3.96245,-21.5611,1014.81
45530,8.50789,4.72979,-2.2286,25.41,100.59,187.74,48.8269,3.46901,-20.0391,1014.82
45536,7.5801,3.86896,-2.00383,22.68,104.09,191.8,48.4782,2.97558,-19.5515,1014.82
45542,6.02582,3.11812,-1.97513,23.1,103.81,196.28,48.0424,1.89619,-18.2364,1014.77
45548,4.66762,2.95074,-1.85557,23.38,99.19,203.7,49.8439,0.0766422,-18.5024,1014.77
45554,3.22812,2.86944,-1.8747,24.29,91.28,215.25,49.7277,-0.725191,-17.5715,1014.8
45560,2.38164,3.00335,-1.77905,24.5,80.71,227.78,48.5363,-1.68122,-19.1673,1014.8
45566,1.61645,3.099,-1.77905,26.46,70.35,241.85,50.1345,-3.34657,-16.7883,1014.8
45572,0.47824,3.36203,-1.12386,27.09,56.35,256.83,50.6865,-5.72123,-16.9509,1014.8
45578,0.21999,3.43855,-0.712578,30.31,39.41,271.88,49.6405,-5.90627,-16.6553,1014.8
45584,-0.11956,3.57724,-0.133907,35.91,24.57,288.05,49.6696,-7.20154,-16.877,1014.78
45590,-0.35868,3.67767,0.291726,41.16,8.68,303.45,50.8028,-9.97712,-15.8722,1014.78
45596,-0.0430416,4.13678,0.69823,46.97,-5.46,316.68,50.2216,-10.6556,-16.2416,1014.79
45602,0.344333,4.57676,1.06169,51.24,-18.83,328.93,48.856,-12.2593,-17.1725,1014.79
45608,1.16212,5.36585,1.57341,54.39,-28.49,338.59,49.6114,-14.8498,-16.611,1014.77
45614,1.78862,5.96844,1.83166,57.05,-34.65,345.87,49.5243,-16.2376,-17.7783,1014.77
45620,2.60163,6.92492,2.30512,57.75,-39.27,350.35,48.0133,-17.5945,-17.0395,1014.78
45626,2.92683,7.36968,2.73075,56.98,-40.04,353.71,47.3741,-20.0309,-16.212,1014.78
45632,3.61071,8.39789,2.85031,54.81,-38.43,357.98,47.8971,-22.6831,-19.0196,1014.78
45638,3.77331,9.19656,2.7977,50.68,-34.37,362.11,45.6888,-23.4541,-18.8275,1014.78
45644,3.73984,10.0335,2.90292,44.94,-30.8,364.35,45.0495,-25.3353,-19.1525,1014.78
45650,3.57245,10.7508,2.65423,39.55,-26.11,367.78,45.0495,-27.1857,-17.4828,1014.78
45656,2.82162,11.5065,2.66858,34.79,-23.45,372.68,44.0907,-28.8819,-18.7684,1014.78
45662,2.29077,14.3807,2.21903,30.24,-17.22,374.64,41.5337,-29.7762,-19.123,1014.8
45668,1.55428,13.0512,2.61119,30.87,-23.17,380.8,41.6789,-32.521,-18.7092,1014.8
45674,1.00909,13.1325,3.04639,33.32,-22.4,382.83,41.0397,-34.2172,-18.9309,1014.77
45680,0.344333,14.4333,2.54902,37.59,-23.87,386.12,39.0929,-34.9573,-19.9209,1014.77
45686,-0.047824,15.2367,2.23816,40.6,-28,394.94,38.5118,-37.3011,-19.256,1014.77
45692,-0.181731,15.2989,2.86944,46.69,-25.97,396.2,37.2042,-39.3674,-19.2264,1014.74
45698,-1.33429,17.4032,2.80727,51.59,-34.16,403.76,35.054,-39.645,-18.4137,1014.74
45704,-0.784314,18.1396,1.75992,55.51,-36.61,408.66,33.7755,-41.9888,-18.3251,1014.77
45710,-0.980392,20.1578,2.3912,57.26,-33.04,412.09,31.9159,-44.4559,-17.9261,1014.77
45716,-1.26255,21.5017,2.45337,59.01,-39.13,415.45,30.2306,-44.7335,-19.0491,1014.77
45722,-1.3582,22.6925,1.90818,60.76,-41.09,421.19,27.7026,-45.6279,-19.256,1014.77
45728,-1.42516,23.8307,2.02774,63.84,-39.34,424.83,26.2207,-47.6633,-17.8522,1014.78
45734,-1.63558,25.8967,1.92731,64.68,-37.24,430.01,23.9834,-48.4651,-18.3989,1014.78
45740,-1.55906,26.7958,1.86035,64.19,-29.96,434.98,22.4724,-48.866,-18.9309,1014.8
45746,-2.73553,27.4892,2.81683,65.87,-25.97,437.08,20.4384,-50.5005,-19.1082,1014.8
45752,-2.99856,28.8044,2.5012,64.68,-18.9,436.87,18.143,-51.8883,-17.5715,1014.8
45758,-4.47633,28.7327,3.13247,61.81,17.43,432.18,15.2954,-51.7958,-19.1378,1014.8
45764,-7.00143,28.9718,4.33764,65.94,11.69,430.64,12.9418,-52.2584,-18.4285,1014.8
45770,-11.2099,29.9856,5.02152,66.78,18.48,423.43,11.3146,-54.2013,-18.4433,1014.82
45776,-13.9024,30.3922,5.56671,64.96,26.6,405.86,9.04819,-53.4303,-16.345,1014.82
45782,-17.781,31.5495,5.20803,53.34,34.51,385.7,7.10139,-52.2584,-17.1725,1014.81
45788,-20.2678,31.6308,4.21808,34.72,39.97,359.03,5.41609,-54.6947,-16.1529,1014.81
45794,-22.439,33.912,-2.65901,1.61,48.86,318.85,3.55646,-54.448,-16.0643,1014.8
45800,-26.2362,36.9393,-10.6552,-74.97,40.95,271.18,2.6557,-53.5228,-15.6062,1014.8
45806,-32.9077,27.7618,-10.9852,-140.84,35.14,221.48,1.26098,-53.8929,-17.8227,1014.8
45812,-39.1296,16.7575,-5.44715,-150.15,17.57,177.1,-0.0175235,-54.6331,-17.7488,1014.79
45818,-46.7958,-5.93018,8.57963,-70.84,-2.94,138.81,0.273046,-52.536,-18.9604,1014.79
45824,-49.4213,-8.0966,6.37494,13.09,-20.79,99.12,-0.540545,-52.0425,-19.7436,1014.83
45830,-49.7513,-2.96031,4.06504,67.9,-38.71,56.63,-1.70282,-54.078,-18.3694,1014.83
45836,-43.9598,1.51602,6.89144,111.02,-34.65,6.09,-2.19678,-53.4303,-18.2955,1014.84
45842,-36.3845,9.69392,5.26542,124.95,-26.04,-48.72,-1.87716,-52.721,-18.1182,1014.84
45848,-28.6753,17.0206,3.64419,125.65,-20.37,-101.57,-1.78999,-54.2322,-16.877,1014.83
45854,-23.4338,17.977,2.86466,89.11,0,-148.82,-1.23791,-54.263,-16.0052,1014.83
45860,42.6112,117.642,110.072,542.29,-225.12,-312.06,-0.191863,-53.8621,-15.887,1014.83
45866,9.31612,59.3974,-65.0932,-465.5,-79.73,-351.61,1.63871,-55.6508,-16.3746,1014.82
45872,17.7427,-16.8149,-13.2281,125.16,-115.5,-222.46,2.39419,-55.6508,-14.8231,1014.82
45878,29.8613,9.0483,-16.5184,-13.02,136.36,-255.57,4.77684,-54.3863,-16.0199,1014.79
45884,10.1052,20.6121,2.13773,-49.07,162.05,-323.26,6.78176,-54.1396,-17.0247,1014.79
45890,10.6074,7.64706,3.75418,-124.53,123.27,-344.68,7.91497,-55.0648,-17.6306,1014.78
45896,5.44237,3.65375,5.77714,-66.36,180.95,-351.33,10.2105,-53.8004,-17.3203,1014.78
45902,-3.63941,4.15112,13.4529,-30.66,172.83,-331.38,12.1573,-52.3201,-17.8965,1014.82
45908,-9.22525,4.94022,11.6069,-16.59,124.11,-324.8,13.2324,-54.2322,-16.7588,1014.82
45914,-11.4778,10.2726,9.33525,-2.59,91,-328.86,15.615,-53.5228,-18.266,1014.83
45920,-15.2032,18.6753,10.7269,-16.66,60.76,-312.55,16.8935,-52.0734,-17.4828,1014.83
45926,-16.6571,25.4137,7.16882,5.6,20.58,-251.72,18.4045,-51.8267,-17.3498,1014.83
45932,-12.1903,16.7384,6.34624,-23.17,-37.45,-224.28,20.1769,-51.765,-16.2268,1014.84
45938,-4.13678,13.5438,2.42468,-6.09,-58.24,-221.69,20.7,-50.5931,-15.6801,1014.84
45944,0.282162,10.4495,2.20947,4.55,-59.22,-222.04,22.24,-49.3286,-16.1382,1014.83
45950,-1.34864,14.5815,-2.67336,14.14,39.34,-190.68,23.1698,-51.4257,-15.4584,1014.83
45956,-14.0029,18.4696,-11.6834,-16.31,94.99,-88.06,23.3151,-49.9454,-17.01,1014.84
45962,-16.7623,22.6255,-4.06982,-62.79,24.92,-38.78,23.8381,-48.7427,-17.2464,1014.84
45968,1.7934,9.89957,-0.468675,-84.98,-3.43,-64.47,24.7679,-49.2978,-15.6949,1014.8
45974,4.58632,6.34624,1.4682,-56.98,39.13,-66.57,24.8841,-49.8529,-16.8179,1014.8
45980,-2.41511,6.81492,3.98374,-27.58,46.55,-48.72,25.1456,-47.91,-17.5124,1014.8
45986,-6.66667,9.32568,4.66284,-21.14,22.26,-28.91,24.9132,-49.1744,-17.5862,1014.81
45992,-4.30416,7.58489,6.15495,-7.14,-11.48,-23.03,25.5234,-49.7295,-16.8474,1014.81
45998,0.344333,10.2152,-0.425634,5.88,4.13,-16.73,25.0585,-48.7427,-17.4976,1014.82
46004,-0.793878,12.1473,-0.994739,-5.53,2.38,-10.85,25.0294,-48.2492,-16.6405,1014.82
46010,0.61693,10.4782,-0.0621712,-4.76,2.17,-13.09,25.1747,-49.7604,-17.0247,1014.81
46016,0.133907,10.4974,0.396939,-5.88,8.33,-14.63,25.349,-48.6193,-16.2564,1014.81
46022,-0.382592,10.2056,0.683883,-5.32,1.05,-17.99,25.9883,-47.2624,-17.6158,1014.82
46028,1.07126,9.37829,0.636059,-6.72,-0.42,-13.72,26.337,-49.1436,-17.4828,1014.82
46034,0.526064,10.7891,0.0860832,-4.69,1.33,-16.17,26.2789,-48.4343,-16.8474,1014.82
46040,0.25825,10.8656,0.0047824,-7.84,-0.14,-13.72,26.2207,-47.725,-16.611,1014.83
46046,-0.0143472,10.1435,0.473458,-8.19,1.61,-15.05,26.0173,-48.1567,-16.5519,1014.83
46052,-0.846485,9.48828,2.09469,-4.83,-5.04,-15.61,25.9302,-48.4343,-17.0247,1014.81
46058,0.23912,9.47872,1.59254,-2.59,-3.64,-14.28,25.6396,-47.7558,-17.2907,1014.81
46064,-0.133907,10.0383,1.51124,-1.4,-7.77,-13.51,25.6687,-47.2624,-17.601,1014.8
46070,0.559541,10.593,-0.411286,-3.36,-5.95,-15.54,26.4823,-48.4651,-16.3894,1014.8
46076,0.071736,10.0143,0.435198,-3.29,-4.97,-15.12,25.8139,-48.2184,-16.877,1014.81
46082,0.172166,9.96652,0.49737,-4.55,-6.23,-14.56,26.366,-46.9231,-17.8522,1014.81
46088,0.588235,10.2822,-0.0813008,-3.92,-5.95,-16.59,26.6856,-47.6324,-16.0495,1014.83
46094,0.0526064,9.82783,0.61693,-7.07,-5.46,-17.36,26.337,-47.5708,-17.335,1014.83
46100,0.0191296,9.58871,0.81779,-5.88,-3.78,-16.45,26.8019,-46.4297,-18.0295,1014.83
46106,-0.0047824,10.1196,0.387374,-5.95,-3.71,-16.17,26.3951,-47.5399,-17.2612,1014.85
46112,1.05213,9.5935,0.693448,-4.13,-4.9,-14.84,26.9472,-48.3726,-18.4876,1014.85
46118,-0.162602,9.2396,0.602582,-5.95,-3.29,-13.16,27.2668,-46.954,-16.8326,1014.82
46124,0.234338,10.0526,0.11956,-8.47,3.57,-13.72,26.337,-47.1082,-16.7735,1014.82
46130,-0.191296,9.84696,0.444763,-10.64,2.87,-15.05,26.2789,-48.6502,-16.6405,1014.81
46136,-0.387374,10.2917,-0.124342,-15.26,-0.77,-12.67,26.6856,-47.139,-16.6701,1014.81
46142,0.487805,10.6408,-0.659971,-19.67,0.91,-12.95,27.1796,-46.5531,-17.5567,1014.82
46148,-0.133907,10.2009,-0.0860832,-22.82,6.09,-15.61,27.5283,-47.2315,-16.8622,1014.82
46154,-0.425634,10.5213,-0.153037,-28.63,3.36,-15.19,27.383,-47.2007,-17.0986,1014.82
46160,-0.291726,10.1291,0.320421,-30.87,0.7,-14.14,27.5283,-46.0905,-18.6945,1014.81
46166,-0.449546,9.99522,0.353898,-31.78,-0.07,-15.26,27.0343,-46.8306,-17.5124,1014.81
46172,-0.516499,10.1483,0.430416,-33.18,-3.43,-15.4,27.6736,-47.7866,-16.5962,1014.79
46178,-0.181731,10.0287,0.664754,-33.81,-5.39,-17.01,27.5864,-46.1521,-17.9409,1014.79
46184,-0.210426,9.90913,0.970827,-33.11,-5.39,-17.85,27.4411,-45.9671,-17.2464,1014.81
46190,-0.368245,9.84218,0.97561,-33.81,-6.65,-16.73,27.1215,-47.5708,-16.9952,1014.81
46196,0.540411,10.043,0.310856,-32.06,-7.56,-19.32,27.383,-46.3063,-17.9704,1014.84
46202,-1.29603,9.92348,1.16212,-34.79,-11.41,-19.53,27.7607,-45.5353,-18.1182,1014.84
46208,0.167384,9.41655,1.4395,-36.54,-7.49,-18.62,27.7026,-46.5531,-18.8718,1014.85
46214,-0.674318,10.0574,2.16164,-29.96,-10.22,-23.31,27.8189,-46.8923,-17.6601,1014.85
46220,-0.607365,10.8369,0.37781,-36.96,-14.56,-24.71,28.4291,-46.0905,-20.4824,1014.85
46226,-0.153037,10.5404,0.659971,-41.58,-16.45,-25.97,27.4411,-45.4428,-18.8275,1014.83
46232,0.483022,10.7604,0.463893,-39.2,-13.93,-27.37,27.354,-46.3372,-18.99,1014.83
46238,-0.521282,10.7891,0.602582,-45.15,-20.65,-28.98,28.1966,-44.5485,-20.0391,1014.79
46244,0.272597,8.84744,1.85557,-44.03,-19.11,-28.98,27.7898,-43.9625,-18.9604,1014.79
46250,-0.769966,9.20612,1.956,-36.61,-14.98,-33.32,28.1675,-46.5531,-21.0291,1014.82
46256,-0.186514,9.90435,1.50167,-41.37,-18.76,-33.88,28.6906,-45.2578,-20.2164,1014.82
46262,0.406504,8.72788,1.10952,-36.33,-18.13,-32.55,28.6615,-43.4382,-20.8223,1014.86
46268,-0.37781,9.65088,2.09947,-31.29,-15.82,-35.07,28.9521,-44.5176,-21.3099,1014.86
46274,-0.631277,9.1583,1.55906,-37.73,-17.29,-37.87,29.3008,-45.3195,-20.7484,1014.86
46280,0.23912,8.8044,1.86992,-26.53,-14.14,-39.9,29.0974,-42.6672,-20.9848,1014.83
46286,1.1143,9.49306,3.84027,-21.84,-11.06,-42.49,29.1845,-43.5308,-21.3985,1014.83
46292,3.65854,11.5065,5.97322,-13.3,-5.11,-50.54,29.9691,-44.2709,-20.9109,1014.84
46298,1.3582,9.78001,2.75944,-3.43,1.68,-55.3,29.1264,-41.9579,-20.8075,1014.84
46304,-0.0765184,10.1722,2.53945,0.28,12.53,-58.73,29.6785,-42.5439,-21.5759,1014.83
46310,-1.3869,12.5442,3.65375,1.47,-3.43,-64.68,30.5211,-44.2401,-20.2755,1014.83
46316,1.51124,11.7456,1.49689,-2.24,2.66,-71.54,29.5623,-43.284,-22.5807,1014.83
46322,1.0856,12.7499,1.68819,0.56,6.44,-79.45,30.2306,-41.4337,-22.2704,1014.83
46328,0.5978,12.396,2.09947,1.68,0.28,-88.48,31.4219,-42.8214,-21.3247,1014.83
46334,0.191296,12.6303,2.75466,3.71,1.89,-96.11,31.3928,-42.8214,-20.7779,1014.8
46340,0.746054,13.6107,1.52559,1.12,2.73,-105.98,31.6544,-39.83,-20.9257,1014.8
46346,0.301291,13.2951,2.35772,1.19,-1.68,-111.58,32.497,-40.6627,-20.379,1014.8
46352,1.31994,13.4912,2.37685,-0.07,3.01,-122.71,32.4389,-41.8037,-20.4233,1014.8
46358,0.932568,12.6112,3.96939,5.74,7.28,-129.99,33.2815,-40.0767,-21.1769,1014.85
46364,1.35342,13.0512,2.84553,10.36,9.59,-141.33,34.3276,-39.3982,-21.3838,1014.85
46370,0.306074,12.7642,1.57341,10.71,4.13,-153.93,34.3857,-40.5393,-21.3099,1014.83
46376,0.774749,13.649,0.879962,14.14,6.65,-163.45,35.3736,-38.9973,-19.6106,1014.83
46382,0.779531,14.8637,2.73553,18.34,5.81,-174.3,35.1993,-37.0853,-20.4824,1014.82
46388,1.25299,15.3276,2.1186,19.04,6.37,-186.97,36.4197,-37.4245,-20.246,1014.82
46394,0.946915,17.3266,0.61693,16.87,6.44,-201.25,37.117,-38.3188,-20.4676,1014.82
46400,2.1473,18.5175,0.334768,13.16,7.98,-217.63,37.2914,-35.5741,-20.8223,1014.84
46406,2.00383,19.737,0.0573888,7.07,1.61,-236.88,38.4246,-35.2966,-20.4972,1014.84
46412,3.01769,20.3778,-1.64993,2.66,4.27,-259.42,39.0348,-34.9573,-20.1721,1014.8
46418,2.52511,21.9608,-1.97513,-3.15,-0.7,-282.8,39.7612,-33.477,-20.1869,1014.8
46424,3.88331,23.582,-2.48685,-9.31,-3.71,-308.42,40.3133,-31.7808,-19.8175,1014.82
46430,3.70158,27.011,-2.36729,-18.2,0.77,-335.79,41.9695,-31.2257,-20.0539,1014.82
46436,6.03061,27.781,-2.32903,-35,-7.42,-368.62,42.6959,-29.0052,-20.3494,1014.83
46442,6.84361,25.1985,-1.92731,-36.4,4.2,-401.87,43.6257,-26.7231,-20.113,1014.83
46448,5.8154,23.8068,0.989957,-31.43,-0.28,-435.05,44.788,-25.9521,-19.4037,1014.83
46454,6.08321,23.3046,0.774749,-23.03,5.95,-467.39,45.6888,-24.441,-19.8618,1014.81
46460,0.951698,24.9928,2.52989,-7.91,3.78,-487.34,45.4273,-20.586,-20.0096,1014.81
46466,0.349115,27.5418,4.35198,0.7,-12.88,-505.61,46.9382,-18.6122,-20.0539,1014.8
46472,0.463893,33.2329,0.0908656,-22.68,-8.54,-500.43,49.379,-16.9161,-18.591,1014.8
46478,-0.425634,30.2391,3.9407,-39.69,-33.04,-492.52,48.5073,-13.3386,-18.0739,1014.82
46484,3.18986,25.495,2.36729,-20.23,-19.32,-495.11,48.2167,-10.6864,-19.714,1014.82
46490,-0.69823,30.3061,1.41559,-28.77,-37.66,-501.9,49.6986,-9.23696,-20.0096,1014.81
46496,3.17551,23.2138,-2.14252,-25.69,-52.15,-497.84,48.856,-6.36887,-19.4924,1014.81
46502,1.91774,15.7341,-1.64515,1.54,-54.74,-458.92,47.8099,-2.88397,-20.4529,1014.81
46508,0.784314,17.3649,-4.23242,3.5,-76.72,-409.85,49.0884,-0.632672,-20.5711,1014.79
46514,4.18938,13.4481,-1.94165,-3.5,-118.44,-367.92,48.3911,0.909315,-21.1326,1014.79
46520,11.5351,6.32233,-4.05548,-15.4,-124.67,-319.62,47.2288,3.59237,-21.0291,1014.78
46526,12.4438,-9.14873,-3.5055,-1.61,-43.82,-284.41,46.5605,5.1652,-21.6054,1014.78
46532,-8.83309,6.37494,-3.69201,31.29,28.35,-147.14,47.9843,5.3194,-20.8962,1014.8
46538,-0.196078,8.90961,4.06026,8.12,-68.18,-39.2,46.7058,6.18291,-21.5611,1014.8
46544,14.7728,2.91248,-0.966045,39.97,9.38,24.78,46.1827,5.25772,-22.5511,1014.81
46550,8.73744,9.00048,-0.49737,41.3,37.03,82.67,48.0424,5.3194,-22.5954,1014.81
46556,12.0612,6.97752,-0.789096,34.93,49.77,115.22,46.6767,5.25772,-20.9553,1014.82
46562,12.0421,8.32616,-1.58776,34.79,87.78,125.79,46.7929,4.79512,-21.7827,1014.82
46568,9.92348,8.2879,-0.784314,25.41,90.37,127.26,48.1877,3.03726,-19.98,1014.82
46574,9.22525,6.34146,-2.13295,21.77,102.48,128.1,48.2167,2.57466,-19.7879,1014.81
46580,6.97752,4.7011,-2.2812,16.24,103.25,129.36,47.3741,2.69802,-19.8914,1014.81
46586,6.36059,2.03252,-1.93209,16.66,106.33,134.82,48.0424,1.03267,-19.3299,1014.79
46592,4.94978,1.99426,-2.5825,17.85,103.53,140.84,50.4831,-0.0158771,-18.4876,1014.79
46598,3.19464,1.63558,-2.35294,16.17,94.71,149.8,48.7979,-0.478473,-18.1182,1014.8
46604,2.52032,1.41559,-2.21903,17.36,84.56,162.96,48.5654,-1.31115,-18.4728,1014.8
46610,1.6021,1.58297,-2.26208,17.92,72.8,174.79,50.0473,-3.19237,-17.9113,1014.76
46616,1.16212,1.87948,-2.36251,18.97,60.34,186.69,50.0473,-3.09985,-17.2168,1014.76
46622,0.483022,2.01817,-2.02296,21.42,45.92,200.34,48.4492,-4.21008,-18.1034,1014.76
46628,0.0334768,2.1473,-1.76471,23.8,29.26,214.48,50.5703,-6.06047,-16.7292,1014.81
46634,-0.234338,2.31468,-1.56863,27.16,12.6,228.13,50.8318,-6.92398,-17.0838,1014.81
46640,-0.215208,2.41511,-1.31994,31.99,-3.22,241.01,49.8439,-8.55849,-16.079,1014.78
46646,0.0286944,2.46772,-0.994739,37.66,-16.45,255.36,49.6405,-9.54536,-16.744,1014.78
46652,0.172166,2.57771,-0.669536,44.24,-31.71,269.5,50.2216,-11.2415,-15.6358,1014.79
46658,0.793878,2.99378,-0.387374,50.75,-41.16,281.26,49.408,-12.0742,-17.1577,1014.79
46664,1.77905,3.62506,-0.047824,55.93,-49.42,291.97,47.9552,-14.9115,-18.1477,1014.82
46670,2.1999,4.05069,0.387374,61.46,-54.88,299.81,48.5654,-16.3609,-17.0838,1014.82
46676,2.80249,4.83979,0.851267,66.01,-56.21,307.16,47.839,-17.9338,-17.7488,1014.82
46682,3.30464,5.48541,0.970827,67.27,-56.14,312.83,46.6186,-18.6122,-18.266,1014.77
46688,3.95504,6.32712,1.44428,68.95,-51.45,317.94,47.2869,-20.8327,-18.857,1014.77
46694,4.28025,7.07317,1.50646,69.09,-45.29,322.21,47.0544,-23.269,-18.4876,1014.79
46700,4.24199,7.88618,2.10426,67.69,-39.41,326.2,45.4563,-23.4541,-20.0835,1014.79
46706,4.39503,8.5605,2.02774,67.06,-31.43,331.52,44.9914,-26.3839,-19.4037,1014.81
46712,3.82592,9.57915,2.36729,64.68,-23.94,336.63,44.759,-29.1594,-20.113,1014.81
46718,3.64419,10.2391,2.45337,63.42,-17.29,342.51,42.6669,-28.4193,-18.6058,1014.82
46724,3.21377,11.2817,2.83118,63.56,-11.13,347.76,42.2601,-30.1155,-18.9161,1014.82
46730,2.67814,12.0038,2.97944,65.31,-7.42,352.66,41.7661,-33.2611,-19.0196,1014.81
46736,2.30033,12.7594,3.13247,67.9,-3.78,357.91,40.7491,-33.8471,-18.7536,1014.81
46742,2.22382,14.2468,2.73553,68.67,1.96,361.97,38.9185,-34.8031,-20.4085,1014.81
46748,1.07126,15.4472,3.53419,65.87,-2.45,364.7,38.4827,-37.3937,-19.0048,1014.8
46754,1.74558,16.7241,2.80249,66.71,4.27,367.71,37.4948,-39.6758,-18.3842,1014.8
46760,1.00909,17.8097,3.54376,64.82,5.32,369.6,35.4027,-39.4599,-19.6402,1014.78
46766,0.884744,19.2587,3.2329,60.48,6.16,370.72,33.8336,-42.143,-18.6945,1014.78
46772,0.416069,20.2056,2.88857,55.79,7,373.73,33.2525,-43.4382,-17.601,1014.76
46778,0.229555,20.7604,3.03204,49.28,7.91,376.53,31.8578,-43.9317,-17.3941,1014.76
46784,-0.21999,21.8173,2.57771,41.72,5.95,377.44,29.7076,-44.8569,-18.3103,1014.8
46790,-0.349115,22.1951,3.37159,39.83,7.42,381.64,28.0513,-46.9231,-17.5124,1014.8
46796,-0.545194,23.6729,3.10378,38.29,6.16,384.51,27.5283,-47.8483,-17.2168,1014.8
46802,-0.808226,24.7824,3.04161,35.77,8.89,388.43,25.1747,-48.6502,-17.3794,1014.79
46808,-0.310856,26.2171,1.59732,41.16,-30.31,383.39,23.3441,-49.7604,-16.6405,1014.79
46814,-2.72119,26.8627,3.94548,20.58,18.48,390.81,20.9615,-50.8706,-16.5371,1014.83
46820,-1.44428,27.2788,3.01769,29.26,36.19,400.12,19.4796,-50.408,-16.9509,1014.83
46826,-4.71545,28.6657,3.90244,21.56,32.76,391.23,17.9977,-51.7341,-17.8965,1014.82
46832,-6.23625,28.9048,3.95026,14.56,31.01,387.31,15.9637,-53.7696,-15.7983,1014.82
46838,-9.24438,30.0335,3.06074,13.93,36.26,395.22,14.1622,-52.7827,-16.8917,1014.81
46844,-12.2764,30.6456,3.40507,3.5,38.43,388.43,11.8667,-52.3509,-16.7883,1014.81
46850,-17.0349,30.0048,3.69201,-7.21,31.29,374.43,10.0361,-53.6154,-16.7144,1014.81
46856,-18.9861,29.5791,2.1999,-17.92,29.26,366.87,8.11837,-54.1705,-17.01,1014.8
46862,-21.7647,30.483,-3.59636,-45.5,22.68,340.9,6.66553,-51.9192,-16.8622,1014.8
46868,-24.3329,31.9464,-10.4352,-93.17,12.95,312.9,4.6025,-53.9238,-17.1577,1014.81
46874,-31.7025,23.6203,-10.4543,-127.82,-15.75,270.76,3.23684,-53.8004,-19.123,1014.81
46880,-36.901,10.7939,-3.61071,-95.69,-50.61,218.82,1.72588,-52.3509,-19.0639,1014.79
46886,-43.6872,-6.64275,3.92157,6.79,-79.1,171.43,1.63871,-52.5051,-20.1278,1014.79
46892,-48.4935,-5.87279,0.286944,63,-101.71,126.42,0.21493,-53.5537,-19.7436,1014.79
46898,-48.6466,-4.20373,4.71545,121.52,-118.58,88.97,-0.569602,-53.0602,-20.0243,1014.79
46904,-44.4285,2.04687,6.3319,149.24,-107.8,30.94,-0.976396,-52.9986,-17.9261,1014.83
46910,-38.1588,11.8556,9.9187,167.23,-104.93,-28.35,-1.09262,-54.9106,-16.8179,1014.83
46916,-31.2434,19.6796,7.72358,143.57,-84.07,-81.41,-0.453375,-53.8929,-15.9756,1014.83
46922,-23.1803,24.1463,5.28455,98.84,-63.84,-138.67,-0.191863,-53.1528,-17.4089,1014.78
46928,27.7284,101.468,83.7637,113.82,-205.52,-378.49,0.708897,-55.0031,-15.5766,1014.78
46934,-14.5385,5.48541,-10.3061,-232.47,-22.26,-250.88,1.95834,-55.1573,-15.222,1014.83
46940,22.219,2.25729,-26.9393,46.69,-33.32,-248.85,3.90514,-53.9546,-15.7687,1014.83
46946,17.0923,13.5629,-16.9153,-23.17,15.19,-287.07,4.66062,-53.8621,-16.4485,1014.81
46952,7.7714,21.5543,-5.19847,-57.47,46.27,-239.47,5.91006,-55.1573,-16.5814,1014.81
46958,10.0574,18.6227,-2.00861,-126.21,-9.66,-258.3,7.47912,-53.9238,-16.5223,1014.84
46964,15.0406,2.32903,-1.94644,-132.65,138.6,-308.56,9.07725,-53.5537,-17.0395,1014.84
46970,6.10713,4.65806,5.33716,-102.48,176.89,-308.56,10.5882,-54.4789,-17.8818,1014.84
46976,-4.58154,5.20325,9.17743,-86.94,143.08,-290.36,12.4478,-53.0911,-18.5615,1014.85
46982,-4.1846,8.57484,8.75657,-71.75,109.83,-298.41,14.3075,-52.0734,-19.4333,1014.85
46988,-9.53611,8.6944,11.8269,-61.6,88.55,-297.22,15.8184,-52.4743,-18.6649,1014.81
46994,-10.2582,15.5476,12.0756,-26.88,70.98,-273.49,17.5618,-51.6108,-18.1477,1014.81
47000,-15.2559,15.9589,8.09182,-49.21,6.44,-240.45,18.0267,-50.5314,-18.4728,1014.86
47006,-11.4873,14.6628,4.78718,-38.36,-56.84,-208.95,19.7992,-50.0688,-17.9704,1014.86
47012,-2.13773,10.6361,4.33764,-34.86,-71.89,-201.39,20.5256,-50.9631,-18.4285,1014.81
47018,1.81253,9.22047,2.62076,-10.43,-45.29,-209.23,21.0777,-49.7912,-18.1034,1014.81
47024,-15.6145,26.2458,-5.67671,6.65,67.62,-115.57,22.0947,-48.681,-19.8766,1014.81
47030,-14.1416,20.5308,-7.09708,-22.47,26.67,-63.07,22.9664,-49.6062,-17.6601,1014.83
47036,-4.41416,15.1028,-1.93209,-63.28,-6.93,-52.01,22.3852,-49.637,-18.0739,1014.83
47042,4.16069,10.7365,-1.8747,-65.94,26.81,-64.75,22.9083,-48.1876,-19.0491,1014.83
47048,0.47824,10.1913,-0.851267,-48.16,60.62,-47.11,23.78,-49.2978,-19.0048,1014.83
47054,-6.47059,7.41272,6.42755,-35.21,28.07,-37.03,23.7219,-48.7118,-19.5663,1014.81
47060,-2.55858,6.79101,5.79149,-20.93,4.9,-29.12,22.9083,-47.7866,-19.6845,1014.81
47066,-1.30081,8.03443,3.99809,-2.03,5.67,-21.42,24.0996,-48.1259,-19.6549,1014.82
47072,-1.58297,10.2391,0.870397,3.01,6.16,-14.35,23.286,-48.7735,-19.1673,1014.82
47078,0.133907,10.1243,0.0573888,-2.03,-2.1,-12.74,23.8381,-47.5708,-20.0096,1014.84
47084,1.44907,9.61262,0.023912,-2.03,1.96,-12.32,23.7219,-47.139,-19.389,1014.84
47090,0.487805,10.7795,0.0813008,-0.14,4.55,-13.02,24.5064,-48.2492,-18.9752,1014.84
47096,0.11956,10.3491,0.607365,-4.76,3.36,-13.86,25.0875,-47.6633,-19.0639,1014.82
47102,0.181731,11.1765,0.023912,-9.17,6.3,-13.86,24.0996,-47.0773,-18.3989,1014.82
47108,0.229555,9.85653,0.593018,-10.08,6.23,-17.22,24.1868,-49.0202,-19.3594,1014.82
47114,-0.521282,10.153,1.17647,-10.29,5.88,-16.8,23.8671,-48.2184,-17.867,1014.82
47120,-0.353898,10.0813,1.10952,-8.61,2.8,-16.45,25.2619,-46.8615,-19.4481,1014.83
47126,-0.162602,10.043,1.69775,-8.54,0.7,-17.29,24.5645,-46.7689,-18.4433,1014.83
47132,-0.13869,9.78479,1.74558,-5.74,-0.77,-13.58,24.7098,-48.2184,-18.4285,1014.84
47138,0.181731,9.91392,1.10952,-6.44,1.33,-15.75,25.32,-47.1082,-18.8866,1014.84
47144,-0.0286944,9.98565,1.01865,-4.55,0.35,-15.96,24.8551,-46.9848,-17.4237,1014.84
47150,-0.267814,10.2535,0.669536,-5.74,-1.61,-13.09,24.2449,-47.4166,-19.4628,1014.83
47156,-0.105213,10.1243,0.511717,-6.16,-2.59,-13.58,24.8551,-48.0334,-17.9852,1014.83
47162,0.153037,9.94261,0.655189,-5.46,0.07,-13.44,25.0004,-46.1521,-18.7092,1014.87
47168,-0.13869,9.91392,0.918221,-5.88,-2.03,-13.37,24.4192,-47.9408,-19.3742,1014.87
47174,-0.133907,9.96652,0.789096,-5.32,-5.32,-13.65,24.797,-48.5268,-20.0539,1014.88
47180,-0.162602,9.92826,0.789096,-5.95,-7.14,-13.65,25.2909,-46.9231,-20.97,1014.88
47186,-0.196078,9.58871,0.932568,-4.48,-7.56,-13.44,25.2619,-47.324,-20.4676,1014.85
47192,0.109995,9.75131,0.755619,-5.25,-5.04,-12.18,25.5815,-48.1259,-20.5858,1014.85
47198,0.200861,9.86131,0.473458,-5.25,-1.4,-12.95,25.7268,-46.2447,-19.1673,1014.85
47204,-0.392157,10.2009,0.35868,-9.24,-4.27,-11.69,25.2909,-46.3989,-19.3003,1014.83
47210,-0.0573888,10.2965,0.248685,-13.16,-4.2,-10.99,26.2207,-48.0025,-18.857,1014.83
47216,0.234338,9.99522,0.0573888,-14.77,0.07,-10.36,26.0755,-47.2007,-19.9061,1014.8
47222,0.162602,10.2774,-0.0860832,-19.95,2.24,-11.41,25.6396,-46.1521,-20.4381,1014.8
47228,0.0860832,10.2009,0.0047824,-22.82,3.29,-11.69,25.9592,-47.0773,-20.3494,1014.8
47234,0.0286944,9.85174,0.291726,-28.77,6.3,-11.55,26.2498,-47.5091,-19.1378,1014.8
47240,0.191296,10.263,-0.095648,-30.52,7.91,-11.06,26.2789,-45.2269,-20.3347,1014.85
47246,-0.320421,9.77523,0.784314,-32.13,6.37,-10.71,26.0464,-45.6279,-20.0243,1014.85
47252,-0.172166,9.86609,0.827355,-33.88,6.93,-10.78,26.366,-47.2932,-19.847,1014.82
47258,-0.884744,10.1004,1.71688,-33.11,4.76,-8.4,26.2498,-45.2578,-21.0291,1014.82
47264,-0.368245,10.1817,0.73649,-32.55,4.55,-10.5,26.4532,-45.4737,-20.5563,1014.82
47270,-1.44907,10.5978,1.36777,-36.33,-0.84,-12.25,26.366,-46.954,-20.6302,1014.81
47276,0.37781,10.1387,0.296509,-35.63,-1.19,-15.47,26.0464,-46.4914,-21.0291,1014.81
47282,-0.621712,9.81827,1.21473,-37.38,-8.33,-17.43,26.6566,-45.3195,-21.768,1014.85
47288,0.272597,10.2248,0.224773,-36.05,-10.64,-16.17,26.8309,-45.9054,-20.6893,1014.85
47294,-0.382592,10.0526,0.57867,-39.2,-11.69,-18.48,26.6856,-45.8129,-21.2803,1014.84
47300,-0.109995,9.89,1.40603,-37.03,-14.28,-20.58,25.9302,-44.4559,-22.0635,1014.84
47306,-0.870397,10.0861,2.20469,-32.62,-19.04,-19.6,26.4241,-45.8746,-21.103,1014.81
47312,0.0191296,10.4113,1.09517,-36.68,-19.67,-22.61,26.6856,-46.2138,-21.9157,1014.81
47318,-0.109995,10.7078,1.02343,-39.41,-20.86,-25.41,26.8019,-44.3326,-22.7137,1014.81
47324,-0.153037,9.27307,1.50167,-39.55,-20.93,-24.5,26.5113,-44.4251,-22.5659,1014.81
47330,0.200861,8.6418,2.10426,-35,-18.9,-25.9,27.0343,-46.183,-22.9648,1014.81
47336,-0.095648,8.3692,2.41511,-31.71,-1.4,-28.49,27.3249,-45.7204,-23.1865,1014.82
47342,0.47824,9.24916,1.6834,-30.73,-13.51,-25.97,26.5694,-43.9934,-24.3538,1014.82
47348,-0.492587,9.86131,2.25251,-27.44,-11.62,-25.83,27.6445,-44.5176,-23.8071,1014.81
47354,0.229555,9.65567,1.44907,-28.42,-11.27,-31.5,27.5864,-44.9802,-23.8662,1014.81
47360,0.0286944,10.3204,1.28168,-29.61,-7.49,-32.27,27.9641,-43.099,-23.8367,1014.82
47366,0.282162,10.483,1.68819,-30.94,-7.21,-32.62,27.1796,-43.2224,-24.3686,1014.82
47372,-0.329986,10.0287,2.41511,-29.05,-5.32,-33.67,27.9932,-44.1784,-23.1569,1014.82
47378,0.363462,10.3204,3.7494,-25.83,-6.16,-38.08,28.4872,-42.9756,-24.3982,1014.84
47384,1.70732,10.5356,3.61549,-16.59,3.5,-44.38,28.3419,-42.2046,-25.0335,1014.84
47390,3.05117,13.4672,7.17838,-4.97,6.44,-52.85,27.9932,-43.8392,-24.4868,1014.82
47396,1.94644,12.8025,5.35629,-4.83,3.08,-65.31,29.1555,-43.284,-25.6542,1014.82
47402,0.875179,10.1961,1.4682,-4.83,15.26,-74.62,29.0683,-42.1738,-24.605,1014.82
47408,0.750837,10.9134,2.57293,7.07,11.06,-79.8,29.7947,-42.7598,-24.0583,1014.82
47414,1.79818,12.3147,2.00383,7.77,7.91,-88.55,29.2426,-43.0682,-24.1026,1014.79
47420,1.33429,11.6595,3.00813,4.83,10.85,-92.61,29.6204,-41.8037,-23.748,1014.79
47426,1.31516,12.1808,3.22812,13.51,15.33,-102.27,30.5211,-41.6187,-22.9944,1014.8
47432,0.406504,10.7365,3.912,16.1,14,-109.48,31.5672,-42.914,-23.3195,1014.8
47438,0.755619,12.5155,2.80249,21.56,17.36,-116.62,31.2476,-40.601,-24.014,1014.8
47444,0.879962,12.0708,3.69201,22.12,17.22,-124.18,31.8868,-39.7066,-23.6889,1014.83
47450,2.06121,12.2382,3.24725,31.43,22.68,-134.05,32.7876,-41.6495,-23.0831,1014.83
47456,0.889526,14.0603,2.99378,29.75,21.7,-142.03,33.3396,-40.601,-23.0683,1014.82
47462,1.37733,12.7499,1.93209,26.04,22.61,-154.84,33.543,-38.874,-22.7284,1014.82
47468,0.894309,13.1659,1.93687,35.7,22.61,-163.94,34.531,-39.5216,-22.2556,1014.84
47474,0.186514,14.242,1.37255,36.4,15.19,-178.36,35.3736,-39.3366,-21.3542,1014.84
47480,1.1143,14.988,2.38642,37.94,14.77,-189.63,35.6642,-36.4376,-22.2113,1014.84
47486,1.94644,16.4945,0.798661,36.4,12.39,-205.17,36.6812,-35.975,-20.5858,1014.84
47492,1.39168,18.7231,-0.162602,36.96,14.14,-222.32,37.2623,-37.4245,-20.4085,1014.84
47498,1.3056,21.5447,-1.47298,27.86,7.35,-243.32,37.64,-35.5741,-20.7632,1014.85
47504,2.81205,22.7021,-3.76853,10.36,-1.19,-266.56,38.105,-34.6797,-21.4872,1014.85
47510,3.42898,22.0803,-2.95552,-4.13,-1.4,-289.73,39.9355,-33.8471,-20.8666,1014.8
47516,3.74462,21.3534,-0.83692,-7.7,-1.89,-313.81,40.1389,-33.0144,-19.6549,1014.8
47522,4.5911,21.5065,1.76471,-1.68,0.63,-339.01,40.4586,-30.8248,-20.7041,1014.85
47528,6.52798,23.7733,3.03682,2.17,8.4,-365.47,41.9986,-30.1463,-19.9209,1014.85
47534,6.36059,26.1932,1.09995,-6.58,19.25,-391.58,43.3642,-28.9127,-18.6354,1014.82
47540,5.06456,24.9498,-0.832138,-23.8,17.64,-425.46,43.4514,-25.3045,-19.7879,1014.82
47546,2.5012,21.846,-0.325203,-18.62,18.76,-455.84,44.5556,-24.3793,-19.9357,1014.82
47552,0.516499,24.682,2.33381,0.07,6.79,-479.08,46.2409,-23.084,-19.0491,1014.79
47558,4.93544,27.0301,-0.650406,-5.88,-4.9,-500.92,46.3571,-19.7225,-20.6745,1014.79
47564,0.808226,29.957,1.33429,-2.66,11.34,-506.87,46.5314,-16.731,-19.123,1014.78
47570,-0.927786,27.891,0.884744,-12.04,-0.35,-509.18,48.7107,-15.8675,-20.6893,1014.78
47576,2.06121,29.4596,-0.750837,-27.79,-19.18,-520.8,48.856,-11.9509,-19.2116,1014.84
47582,0.286944,21.296,1.6308,-5.67,-16.1,-515.62,48.362,-9.14444,-19.4481,1014.84
47588,-4.11286,23.3812,-0.420851,26.11,-31.5,-500.36,49.1175,-6.98566,-19.1525,1014.82
47594,-1.75036,26.0306,-4.27068,13.93,-58.73,-477.19,49.0303,-5.01192,-19.256,1014.82
47600,5.48541,20.0478,-3.82114,19.88,-79.1,-449.05,48.7688,-1.71206,-19.2855,1014.82
47606,6.69536,18.044,-6.09756,16.94,-89.53,-419.09,48.1877,0.477559,-19.7879,1014.82
47612,11.2339,13.8642,-5.83453,-13.23,-122.36,-398.65,49.0303,1.55695,-19.98,1014.82
47618,14.5815,6.81492,-6.15973,-25.62,-127.54,-356.44,47.1997,4.54841,-20.4676,1014.75
47624,10.9326,-12.8742,-4.10808,6.44,-38.36,-299.88,46.1827,7.04642,-21.7089,1014.75
47630,-16.4132,11.7025,-4.96891,-0.21,7.07,-132.3,47.1997,7.01559,-21.6645,1014.8
47636,-5.30846,7.39837,6.27451,-14.14,-89.88,-18.62,47.1707,7.81742,-21.1178,1014.8
47642,12.989,3.56767,-2.48685,29.89,-0.98,64.89,45.1948,7.50902,-21.635,1014.78
47648,7.82879,8.33094,-0.301291,21.49,12.46,141.05,46.6767,6.42963,-22.4181,1014.78
47654,14.5959,7.6088,-3.04639,19.04,39.41,181.3,47.5775,5.81284,-21.2508,1014.81
47660,12.8407,8.75179,-2.47728,12.18,65.17,191.52,47.0254,5.68948,-20.9553,1014.81
47666,11.3056,8.10617,-2.11382,5.53,74.55,193.55,46.8511,4.27085,-20.5415,1014.81
47672,10.4161,7.15447,-2.04208,2.52,87.57,193.55,49.0303,2.57466,-20.4085,1014.81
47678,7.92444,4.53372,-1.44428,0.49,86.66,187.74,47.5484,1.58779,-20.9109,1014.81
47684,7.24055,2.69727,-1.77905,6.86,88.55,189.7,47.8971,1.27939,-20.8666,1014.79
47690,6.26973,1.52559,-2.13295,10.08,86.87,190.54,49.1465,-0.416794,-18.9309,1014.79
47696,5.08369,1.12386,-1.90818,16.31,81.76,194.67,49.3499,-1.06443,-18.458,1014.84
47702,3.80679,1.45385,-2.00861,20.02,74.13,205.1,48.3329,-1.15695,-18.1773,1014.84
47708,2.80249,1.85557,-1.6308,24.99,63.7,215.95,49.902,-2.82229,-17.8079,1014.78
47714,1.96557,2.67814,-1.7934,27.37,55.02,227.08,50.1345,-4.36428,-16.9213,1014.78
47720,1.40124,3.22812,-1.42037,29.19,42.21,241.22,49.2337,-5.41283,-17.734,1014.78
47726,1.07604,3.51506,-0.860832,31.22,28.84,257.25,49.0013,-7.13986,-17.5419,1014.81
47732,0.841702,3.73984,-0.549976,34.86,16.45,271.74,50.5703,-8.77437,-16.6701,1014.81
47738,0.726925,3.98852,0.0334768,38.99,4.55,287.07,49.379,-9.76124,-18.7684,1014.76
47744,1.01865,4.31372,0.382592,42.77,-6.65,301.07,48.9141,-11.0257,-16.8179,1014.76
47750,1.6021,4.94978,1.09517,47.53,-16.17,314.58,48.4782,-13.8012,-17.7045,1014.8
47756,1.91774,5.31803,1.65471,51.45,-23.73,324.94,49.4952,-15.4974,-17.1134,1014.8
47762,2.43902,6.25538,1.86992,53.48,-28.35,332.92,47.1997,-15.8058,-18.1625,1014.78
47768,2.74032,7.22621,2.25251,52.99,-30.03,339.57,47.6646,-18.088,-17.5567,1014.78
47774,3.04161,7.88618,2.33859,50.89,-31.78,344.54,47.6356,-20.8019,-18.5763,1014.77
47780,3.38116,8.65136,2.75466,47.95,-30.94,349.58,46.0084,-21.6345,-18.7979,1014.77
47786,3.46724,9.16308,2.92683,44.8,-28.63,352.1,45.7469,-23.9475,-17.4089,1014.77
47792,3.48637,9.95218,3.04639,40.74,-26.53,353.36,45.0205,-27.124,-18.2512,1014.78
47798,3.38116,10.373,3.12291,36.54,-24.01,355.25,43.6839,-27.0623,-19.1821,1014.78
47804,2.99856,11.3821,3.06074,33.74,-21.21,357.63,43.0446,-28.481,-18.7092,1014.77
47810,2.46294,11.9369,3.19943,30.03,-21,360.01,42.725,-31.5341,-18.4433,1014.77
47816,1.62123,12.7499,2.989,28.14,-21.84,364.42,41.708,-33.0761,-18.2512,1014.8
47822,1.54472,10.8847,3.89766,33.67,-22.05,372.96,40.2261,-33.2611,-19.6993,1014.8
47828,-0.25825,15.3372,3.20899,24.78,-27.93,374.57,38.7151,-35.1115,-18.1921,1014.81
47834,1.01387,13.9933,2.7977,32.69,-27.37,371.28,37.7272,-36.9311,-18.4876,1014.81
47840,0.0669536,15.2798,3.27116,30.1,-35.35,378.07,35.7804,-37.8871,-19.1525,1014.81
47846,0.454328,16.7432,2.61597,34.51,-37.31,381.01,34.8506,-39.5216,-20.2017,1014.74
47852,0.765184,17.6471,2.80249,37.45,-36.26,377.23,33.8627,-42.6056,-19.5367,1014.74
47858,0.277379,18.5175,2.90292,39.76,-38.99,378.28,32.2064,-41.4953,-20.7632,1014.77
47864,0.133907,20.4926,2.96031,42,-40.46,381.36,30.0562,-42.0813,-20.3642,1014.77
47870,-0.148254,21.4252,3.14204,45.15,-41.37,382.48,28.9521,-45.5662,-18.8422,1014.78
47876,-0.526064,23.3333,2.63032,47.6,-40.67,383.95,26.7728,-46.4297,-20.1721,1014.78
47882,-0.569106,24.3042,2.7977,52.43,-38.64,387.66,24.9713,-46.3372,-19.4037,1014.81
47888,-1.60689,26.9966,2.37685,50.89,-33.6,395.01,23.4603,-47.8792,-18.9752,1014.81
47894,-1.67862,27.1688,3.48159,55.79,-25.41,403.62,22.2981,-49.2361,-20.246,1014.78
47900,-4.34242,29.5265,4.5911,61.46,-37.87,410.9,19.9445,-49.4828,-19.6993,1014.78
47906,-4.15112,27.2501,5.20325,57.33,-17.99,417.41,17.7652,-50.6239,-19.0934,1014.78
47912,-6.44668,28.2688,5.14586,68.53,11.27,415.31,14.7143,-52.1042,-18.0591,1014.78
47918,-10.0048,29.2587,5.8154,73.29,29.89,416.36,13.2033,-52.1042,-19.4776,1014.78
47924,-13.539,30.4687,5.83931,80.29,36.47,407.33,11.024,-51.5183,-18.3398,1014.77
47930,-18.2927,32.6686,4.12243,73.78,44.1,392.49,9.86178,-53.7079,-17.8079,1014.77
47936,-21.406,34.7441,1.65471,51.73,49.56,371.42,7.21761,-53.7696,-17.1577,1014.81
47942,-24.462,37.8431,-6.23625,7.21,54.81,339.78,6.57836,-52.7827,-18.0443,1014.81
47948,-27.3458,38.6848,-13.0273,-64.68,54.53,299.88,4.45722,-53.0911,-17.867,1014.81
47954,-34.0459,27.6231,-12.3338,-137.62,56.42,251.16,3.06249,-54.5405,-18.1921,1014.81
47960,-41.2147,14.3233,-5.38976,-150.43,41.86,211.12,2.21985,-52.2892,-18.6501,1014.81
47966,-50.3874,-13.8498,14.0124,-46.06,16.87,177.45,1.43532,-52.0425,-19.98,1014.81
47972,-51.7312,-9.75131,2.97465,28,11.06,140.35,0.650783,-53.1836,-19.2412,1014.81
47978,-51.0378,-4.3472,3.73984,78.05,-3.43,89.11,-0.0465791,-52.3201,-18.9604,1014.84
47984,-46.3175,1.17169,4.35198,125.37,-5.53,22.82,-0.395261,-51.765,-18.8718,1014.84
47990,-39.3639,11.7169,0.554758,143.85,-14.07,-52.22,-1.26696,-53.9546,-18.0591,1014.82
47996,-32.5108,15.7867,-3.02726,127.26,-14.91,-126.07,-0.191863,-53.8929,-17.7045,1014.82
48002,11.2243,67.3792,65.8919,316.47,-226.03,-291.76,0.5055,-52.8135,-18.0443,1014.78
48008,12.9412,84.3137,-29.1726,-278.32,62.51,-328.02,2.53947,-54.4172,-17.4385,1014.78
48014,-2.3099,-39.6557,31.3152,72.45,34.93,-260.4,4.54439,-54.1088,-17.2316,1014.78
48020,25.6528,8.08226,-17.9292,81.83,92.26,-295.82,5.85194,-53.1836,-15.5766,1014.81
48026,-0.860832,19.45,-3.38594,58.87,115.01,-258.3,6.81082,-53.6462,-17.01,1014.81
48032,15.4424,20.9326,1.8747,-54.81,28.84,-264.11,8.75762,-54.4789,-15.9017,1014.83
48038,17.1736,5.43759,-4.62936,-72.31,154.98,-303.17,10.0942,-53.492,-16.5519,1014.83
48044,2.52511,4.10808,8.24964,-1.54,214.06,-306.46,12.041,-51.95,-14.8526,1014.82
48050,-6.69536,8.14443,10.8608,-13.09,141.05,-297.57,13.8716,-53.1836,-16.611,1014.82
48056,-4.1033,6.69058,9.20134,15.96,102.62,-312.62,13.7554,-53.677,-14.6901,1014.83
48062,-8.7757,15.5285,4.96891,18.62,118.09,-317.38,17.126,-50.8398,-15.3993,1014.83
48068,-20.5595,23.252,5.80105,6.09,67.06,-278.25,18.5788,-51.8267,-15.2959,1014.86
48074,-18.0488,16.0832,6.93926,9.17,-26.32,-245.21,20.0607,-50.994,-14.6162,1014.86
48080,-11.3104,16.7575,3.62028,-2.38,-75.81,-203.91,21.4264,-50.223,-16.1086,1014.86
48086,-3.91679,12.4055,2.92205,18.55,-80.08,-209.79,21.9494,-49.1744,-15.754,1014.85
48092,-14.7728,27.2979,-7.62315,4.62,35.56,-95.27,23.5475,-50.5005,-14.1138,1014.85
48098,-12.1856,18.6609,-10.2487,-4.13,56.84,-41.58,23.4022,-50.0688,-15.1334,1014.79
48104,-2.9077,17.1306,-6.34146,-73.99,18.41,-49.84,24.2158,-48.8969,-15.9756,1014.79
48110,1.30081,13.8785,-2.2812,-84.84,23.03,-48.37,24.5645,-49.8837,-15.621,1014.84
48116,4.35198,8.71353,-0.468675,-61.81,49.7,-49.42,24.2158,-49.8221,-15.3698,1014.84
48122,-1.8747,7.5801,3.60115,-55.16,53.48,-50.47,24.5354,-47.725,-16.2859,1014.82
48128,-6.10713,5.5428,8.73744,-19.81,15.05,-32.9,25.1747,-48.7118,-16.5223,1014.82
48134,-3.36203,7.33142,5.21282,-0.84,4.41,-10.01,25.6977,-49.6987,-15.9608,1014.82
48140,-0.808226,10.0239,1.17647,2.38,2.24,-11.76,25.3781,-48.866,-16.7588,1014.8
48146,-0.435198,10.5739,1.20038,-0.49,-9.24,-19.39,25.5815,-48.4343,-16.9952,1014.8
48152,2.08034,9.87087,-0.564323,5.39,4.48,-12.74,25.4362,-49.4212,-16.4485,1014.82
48158,0.286944,10.3635,-0.306074,1.33,6.93,-19.46,25.1456,-48.7118,-17.3498,1014.82
48164,0.10043,10.5739,-0.741272,-4.27,0.63,-12.32,24.9713,-48.7735,-17.2316,1014.77
48170,1.22429,11.1765,-0.57867,-9.59,6.3,-14.21,25.6687,-49.5445,-15.9017,1014.77
48176,-0.35868,10.5739,1.21951,-8.89,-3.5,-25.06,24.5936,-49.452,-15.4437,1014.79
48182,-0.607365,10,0.884744,-5.81,-3.99,-13.72,25.5815,-47.5708,-15.9165,1014.79
48188,-0.813008,9.25873,2.15686,-3.22,-6.58,-9.03,25.6105,-47.5091,-16.7735,1014.79
48194,0.483022,10.2965,0.760402,-1.19,-4.62,-15.61,25.6105,-49.6062,-16.3598,1014.8
48200,0.205643,10.1435,0.966045,-1.4,-4.83,-14.98,25.5815,-47.4782,-16.7292,1014.8
48206,-0.0765184,10.5022,0.33955,-2.8,-5.95,-10.5,26.1045,-47.5708,-17.1873,1014.86
48212,-0.047824,10.3969,0.406504,-3.15,-6.58,-10.57,25.4362,-49.3595,-16.0495,1014.86
48218,0.10043,10.2774,0.157819,-5.6,-7.7,-13.86,25.7849,-48.1567,-16.212,1014.83
48224,0.401722,10.2917,0.109995,-6.58,-7.49,-11.34,25.7849,-48.0642,-16.8179,1014.83
48230,0.406504,10.0383,0.636059,-5.74,-5.46,-13.37,25.9883,-49.0202,-16.1677,1014.81
48236,0.35868,9.94261,0.521282,-6.02,-5.32,-11.55,26.2789,-49.2053,-16.8326,1014.81
48242,0.353898,9.92826,0.444763,-6.58,-5.32,-11.9,25.5234,-47.725,-17.1282,1014.8
48248,0.296509,10.0096,0.382592,-7.98,-3.92,-13.79,26.4241,-48.095,-16.7735,1014.8
48254,0.411286,10.1004,0.109995,-10.15,-1.19,-13.3,25.8139,-49.3595,-16.3894,1014.8
48260,0.253467,9.73218,0.650406,-10.64,-1.26,-12.46,26.2207,-48.3109,-17.5715,1014.79
48266,0.33955,9.82305,0.487805,-9.94,1.54,-13.51,26.4532,-47.5399,-18.3103,1014.79
48272,0.0908656,9.93304,0.229555,-12.18,0.84,-14,26.6275,-48.5268,-17.6306,1014.84
48278,0.143472,10.1052,0.124342,-14.77,0.07,-13.23,27.0343,-47.7558,-16.0938,1014.84
48284,0.569106,9.89479,-0.0143472,-16.31,5.74,-12.46,26.1336,-46.6764,-18.0443,1014.82
48290,-0.439981,10.3395,0.10043,-18.2,2.45,-13.51,26.6566,-48.1876,-16.345,1014.82
48296,-0.540411,10.3443,0.263032,-23.94,-2.1,-12.46,26.5404,-48.1567,-16.5519,1014.85
48302,0.769966,9.74175,-0.320421,-24.92,0.91,-13.44,27.2377,-45.6587,-17.4976,1014.85
48308,-0.492587,9.86609,0.679101,-25.69,-0.14,-13.44,26.9762,-46.2447,-16.9656,1014.85
48314,-0.229555,9.88044,0.841702,-25.34,-3.22,-12.88,26.6856,-47.9408,-17.3794,1014.82
48320,-0.0621712,10.2487,0.693448,-22.89,-3.36,-11.9,26.9472,-46.9848,-17.01,1014.82
48326,-0.0669536,10.3156,0.253467,-26.39,-2.73,-13.44,27.0634,-46.4914,-17.2759,1014.82
48332,-0.234338,9.55045,0.851267,-30.03,-6.44,-16.1,27.2668,-47.9717,-18.1182,1014.82
48338,0.526064,9.92348,0.210426,-25.69,-7.56,-16.8,27.2377,-47.1698,-18.2512,1014.86
48344,-0.200861,10.55,0.373027,-28.42,-10.43,-17.71,26.86,-45.8129,-17.9556,1014.86
48350,-0.382592,9.59828,1.28647,-30.52,-12.74,-16.24,27.6736,-47.5399,-18.3546,1014.85
48356,-0.0047824,10.3348,0.530846,-30.03,-10.99,-19.18,28.1675,-46.5531,-18.3251,1014.85
48362,-0.267814,8.96222,1.09995,-31.99,-15.47,-22.4,26.8309,-45.8437,-19.2412,1014.85
48368,0.157819,9.62697,1.28647,-29.54,-13.16,-21.42,27.877,-46.6764,-18.6354,1014.85
48374,-0.416069,9.24438,1.64036,-27.93,-16.52,-23.24,27.4702,-46.5531,-18.5024,1014.85
48380,0.406504,9.27307,1.46341,-24.43,-12.53,-20.51,28.1675,-44.9802,-18.0739,1014.85
48386,-0.334768,9.65567,1.78862,-22.61,-13.79,-21.91,27.906,-45.4737,-18.3546,1014.85
48392,-0.454328,9.8087,1.61167,-21.63,-13.02,-21.84,27.1215,-47.3549,-18.5763,1014.85
48398,0.253467,10.0239,0.774749,-23.73,-9.66,-22.54,27.7026,-45.412,-18.8127,1014.85
48404,0.296509,9.3209,1.62123,-20.16,-10.78,-22.26,27.6736,-45.2578,-18.6797,1014.82
48410,-0.176949,9.87087,1.37255,-18.34,-8.68,-23.38,27.7607,-46.0596,-19.4481,1014.82
48416,0.210426,9.62219,1.17647,-17.43,-10.57,-25.76,28.5743,-45.9363,-18.5172,1014.82
48422,0.69823,11.2626,0.181731,-22.82,-10.01,-25.06,27.7898,-44.3018,-20.0243,1014.82
48428,0.774749,10.5261,1.03778,-21.91,-10.22,-29.12,28.1966,-45.597,-18.2364,1014.82
48434,0.430416,9.96652,0.296509,-24.15,-7.91,-28.77,28.6034,-45.3503,-19.0048,1014.81
48440,-0.248685,10.1961,1.04735,-23.94,-10.5,-32.41,28.9811,-44.7952,-19.0196,1014.81
48446,0.392157,12.0708,1.42516,-23.94,-13.51,-38.15,28.3128,-44.7643,-19.1821,1014.83
48452,1.14299,11.583,2.05165,-21.07,-5.04,-43.61,29.5042,-45.5045,-19.5515,1014.83
48458,0.205643,11.4108,4.71545,-10.85,-9.52,-49.56,28.8068,-44.6718,-19.2708,1014.85
48464,2.879,13.5055,4.86848,-12.39,-9.73,-61.67,29.1555,-43.1298,-19.256,1014.85
48470,0.45911,9.96652,3.38594,-4.41,-3.01,-68.04,29.7366,-45.1036,-20.6302,1014.83
48476,0.267814,11.0043,1.31038,0.77,-2.8,-72.45,29.5623,-44.7335,-19.5219,1014.83
48482,0.11956,11.0426,2.86466,-0.63,-8.33,-78.96,29.5913,-42.328,-19.6549,1014.83
48488,1.90818,11.6356,1.73123,-0.56,-3.01,-84.7,30.5793,-43.1607,-19.7879,1014.84
48494,0.999522,10.2296,3.64897,-2.31,-4.27,-92.82,31.1313,-44.0242,-19.4628,1014.84
48500,2.02296,10.6887,2.38642,11.34,3.92,-97.79,30.8698,-42.2355,-20.4824,1014.82
48506,-0.0095648,11.6691,3.29986,12.95,1.75,-103.53,31.48,-42.6364,-19.9505,1014.82
48512,1.40603,12.726,1.42037,14.56,4.13,-111.58,32.5551,-43.2224,-19.7879,1014.83
48518,0.755619,12.4199,2.41511,11.62,2.87,-119.91,32.4389,-42.2663,-19.5811,1014.83
48524,0.659971,12.3864,3.20421,17.85,8.75,-126,32.5261,-40.6935,-18.8718,1014.81
48530,0.554758,12.6686,3.21377,18.9,10.5,-133.49,33.2815,-41.8654,-19.714,1014.81
48536,0.970827,12.0708,3.19464,27.37,12.04,-142.1,34.1242,-41.2486,-18.6797,1014.81
48542,0.894309,13.7351,2.23338,28.91,11.9,-153.65,34.531,-40.0459,-19.1525,1014.8
48548,0.664754,13.5725,1.62602,28.77,11.06,-161.14,34.1823,-40.5085,-19.7879,1014.8
48554,0.664754,13.8929,2.02296,26.11,10.85,-172.83,35.6642,-40.5701,-19.1082,1014.84
48560,0.81779,13.8498,2.61119,32.27,8.33,-183.75,36.9717,-38.2572,-17.2316,1014.84
48566,1.36298,15.5045,1.24342,31.64,13.3,-194.67,36.9136,-37.4553,-19.256,1014.84
48572,1.45863,15.5285,1.08082,30.73,12.74,-212.24,37.611,-38.5347,-18.0591,1014.84
48578,1.033,16.8388,0.683883,34.44,13.72,-226.24,38.8314,-36.746,-18.8422,1014.81
48584,1.73601,18.8235,-1.37255,28.42,7,-244.09,38.6861,-34.834,-17.3055,1014.81
48590,2.19034,18.9048,-2.30033,21.28,9.66,-265.16,40.4586,-36.0984,-17.8374,1014.81
48596,1.08082,20.6743,-3.11812,10.22,3.29,-284.48,42.0567,-33.9088,-16.7883,1014.81
48602,1.39646,20.1817,-3.31899,0.91,-4.13,-305.83,41.6789,-31.8425,-17.5271,1014.81
48608,2.78336,20.7604,-0.11956,0.7,-4.83,-327.6,42.9284,-32.2126,-17.6601,1014.83
48614,4.03156,21.8221,2.75944,4.06,0.35,-350.21,44.2941,-30.7631,-17.0543,1014.83
48620,7.58489,22.769,4.33285,7.35,10.36,-379.12,44.0907,-27.3707,-17.6897,1014.81
48626,6.71927,22.6064,3.76853,11.48,24.85,-412.86,45.3692,-26.168,-16.6405,1014.81
48632,3.90722,22.5347,2.5012,17.64,26.74,-441.98,46.7639,-25.3045,-16.7292,1014.86
48638,2.17121,25.0072,2.61119,25.62,28.42,-470.54,46.8511,-21.4803,-15.7096,1014.86
48644,5.84409,28.5557,2.2812,8.26,17.64,-493.78,47.839,-18.9206,-16.1234,1014.81
48650,3.33812,24.1176,3.68245,33.95,41.51,-500.43,48.4201,-17.3787,-15.3107,1014.81
48656,0.607365,31.2386,4.12721,36.68,-6.65,-512.82,51.2096,-15.0348,-14.6014,1014.81
48662,7.73314,28.2496,-0.588235,-0.49,8.05,-517.93,49.4952,-11.6733,-15.8722,1014.82
48668,6.12625,31.846,3.44333,19.74,30.66,-522.83,50.6575,-9.97712,-14.5571,1014.82
48674,-2.13773,37.3745,-0.545194,-13.65,20.86,-521.43,50.9771,-7.1707,-13.4045,1014.85
48680,3.47202,24.9833,-1.49689,-24.57,2.1,-517.3,50.0182,-3.56245,-15.3993,1014.85
48686,4.88761,20.4161,-0.583453,-28,-9.45,-487.69,50.2216,0.0458026,-14.0399,1014.79
48692,6.23147,14.9067,0.133907,-2.24,-16.59,-464.87,51.442,1.83451,-14.2468,1014.79
48698,8.10617,12.9029,-2.5012,7,-40.39,-444.85,49.4371,3.93161,-15.3107,1014.8
48704,8.02965,0.994739,-3.33333,19.18,-61.04,-375.76,48.3911,6.46047,-15.0004,1014.8
48710,14.0555,-4.99283,-8.88092,-3.85,-69.93,-263.83,48.5073,8.49589,-15.887,1014.8
48716,12.0038,-10.33,-13.7494,52.22,130.97,-136.01,48.9431,9.94536,-13.508,1014.77
48722,-18.7231,17.8384,5.55715,14.14,68.6,29.26,48.0714,9.48277,-15.0742,1014.77
48728,4.1033,11.583,1.74079,6.3,2.31,122.92,49.1756,9.42109,-13.508,1014.85
48734,15.012,8.76614,-3.71592,38.71,98.77,182,50.1345,7.53986,-14.1286,1014.85
48740,10.6791,12.2525,-2.74032,15.26,87.85,227.29,49.4952,7.38566,-13.6557,1014.82
48746,13.5151,8.77092,-4.39981,8.05,96.46,239.68,49.5824,6.27543,-12.9169,1014.82
48752,9.25394,8.70397,-2.97465,9.1,97.3,235.83,51.3548,4.08581,-12.7396,1014.8
48758,5.79627,7.00622,-1.89383,7.98,79.03,233.73,50.8609,2.79054,-11.853,1014.8
48764,4.75849,5.978,-2.13773,12.04,68.18,238.21,50.2797,1.55695,-13.5375,1014.79
48770,2.93161,4.64371,-1.30081,16.24,49.35,235.62,51.7907,0.0766422,-11.1437,1014.79
48776,3.89766,3.40029,-2.44859,12.18,21.84,242.97,51.3258,-1.61954,-11.1142,1014.79
48782,2.7451,3.26638,-2.21425,14,25.27,247.1,51.0643,-1.5887,-10.8925,1014.78
48788,2.30512,3.59636,-1.75036,13.86,10.71,253.89,52.1103,-3.13069,-10.863,1014.78
48794,1.6834,4.945,-1.6021,8.68,-4.27,264.95,52.0813,-6.30719,-10.4936,1014.8
48800,1.09995,5.48063,-1.17169,4.06,-20.58,273.49,51.3839,-6.80062,-11.8973,1014.8
48806,0.803443,5.62888,-0.875179,-0.28,-35.84,280.91,51.3258,-7.57162,-10.4936,1014.77
48812,0.382592,5.23673,-0.45911,-2.24,-51.66,292.95,51.965,-9.76124,-10.863,1014.77
48818,0.114778,4.65328,-0.23912,-2.31,-63.49,306.32,50.8609,-11.2415,-9.79908,1014.76
48824,-0.0095648,4.30416,0,-0.35,-77.49,318.78,50.7737,-12.4751,-11.9269,1014.76
48830,0.463893,3.84027,0.607365,6.72,-90.58,332.5,50.3669,-15.3432,-12.9169,1014.76
48836,0.813008,3.78766,1.18125,16.87,-99.33,344.89,49.7277,-16.731,-13.8626,1014.75
48842,1.55428,3.90722,1.86035,27.58,-105.35,353.99,48.6816,-18.2113,-14.4093,1014.75
48848,2.25729,4.2659,2.1999,39.55,-107.59,363.51,48.362,-21.4187,-15.887,1014.76
48854,3.34768,5.20325,2.89335,49.28,-106.61,369.88,49.1175,-23.5774,-14.2911,1014.76
48860,4.39503,6.55189,3.05117,54.81,-100.45,375.62,46.9092,-25.1194,-16.212,1014.79
48866,4.82544,7.58967,3.48637,56.56,-93.45,381.43,45.9503,-26.353,-15.9313,1014.79
48872,5.58106,9.3735,3.60115,58.87,-82.81,380.52,45.5435,-28.6968,-15.5471,1014.77
48878,5.5428,10.8417,3.61549,53.06,-71.68,375.83,43.742,-30.4547,-16.9361,1014.77
48884,4.83501,12.2382,3.79723,46.55,-63.63,374.78,43.0156,-31.2565,-17.7488,1014.78
48890,4.35198,13.4003,3.5055,38.08,-55.09,371.42,41.7371,-33.7854,-17.8965,1014.78
48896,3.24725,14.9785,3.099,29.19,-47.46,364.14,40.3423,-35.3582,-16.7144,1014.78
48902,1.66428,15.5141,3.17073,21.91,-49,357.7,38.8895,-35.6975,-17.5124,1014.79
48908,0.650406,16.0354,2.54902,17.22,-50.68,357.77,38.9476,-38.1338,-17.7488,1014.79
48914,-0.827355,15.9828,2.52989,16.52,-54.32,352.1,36.7683,-40.1384,-17.9113,1014.78
48920,-2.5538,14.7633,3.61549,23.52,-67.27,354.27,35.4898,-40.015,-18.9604,1014.78
48926,-3.57724,15.5619,3.25203,30.38,-77.14,354.9,33.4268,-41.1253,-18.7831,1014.76
48932,-4.05548,16.8245,3.03682,37.38,-90.51,354.13,32.9038,-43.9317,-18.2512,1014.76
48938,-4.03635,18.3453,2.83118,45.64,-101.08,351.12,31.6834,-44.3018,-19.8766,1014.8
48944,-5.00239,20.0143,3.41942,47.88,-117.11,356.09,28.4,-43.9934,-19.8027,1014.8
48950,-3.78288,20.5404,3.4242,56.63,-123.9,357.14,27.4702,-47.4166,-19.6402,1014.8
48956,-3.58202,21.6738,4.17025,64.82,-122.29,362.74,25.4362,-48.0334,-20.0539,1014.8
48962,-3.35246,22.4582,4.21329,68.88,-115.99,380.38,25.0585,-47.7866,-19.847,1014.8
48968,-2.06121,23.7446,4.8637,72.59,-101.29,400.89,22.4143,-49.1744,-19.0787,1014.77
48974,-1.97035,25.5093,4.55285,71.61,-83.3,414.68,18.9565,-50.994,-19.5958,1014.77
48980,-1.97035,26.9727,4.72023,65.52,-61.53,429.87,17.3294,-50.0379,-20.6006,1014.81
48986,-2.7977,27.3266,4.78718,64.05,-31.64,427.77,15.7312,-50.5622,-19.7584,1014.81
48992,-5.72453,30.2726,3.33333,51.24,-12.32,423.99,13.3195,-53.3995,-19.8027,1014.78
48998,-9.83261,30.703,4.13678,43.47,6.16,412.51,11.1693,-51.9192,-19.0048,1014.78
49004,-13.3764,31.5256,4.022,36.26,15.33,390.88,9.42593,-52.1967,-19.3299,1014.78
49010,-16.3845,31.1143,2.53945,24.36,33.74,365.47,6.66553,-53.3995,-19.4333,1014.8
49016,-19.3257,30.4352,1.40603,8.54,39.2,335.86,4.77684,-54.0471,-18.5763,1014.8
49022,-22.4773,29.6891,-4.46676,-18.06,48.09,300.44,4.07948,-52.2276,-18.4876,1014.81
49028,-27.0684,28.0488,-7.31229,-54.74,49.77,261.66,2.80098,-52.7518,-19.5663,1014.81
49034,-34.2085,17.891,-4.54328,-70.14,42.21,221.48,0.970406,-53.1528,-18.6797,1014.84
49040,-39.7609,7.62793,1.52559,-37.8,34.09,183.19,0.0405907,-52.1042,-19.847,1014.84
49046,-46.9584,-2.3099,4.61023,26.74,29.96,149.94,-0.249977,-52.6902,-20.3199,1014.81
49052,-50.0909,-2.89335,5.26064,72.45,22.26,110.53,-1.23791,-53.8004,-18.6501,1014.81
49058,-46.5614,1.27212,6.53754,102.76,37.03,59.36,-1.29602,-51.95,-18.6206,1014.77
49064,-42.8264,5.77236,8.85701,134.05,44.1,-3.43,-1.35414,-52.1042,-18.9309,1014.77
49070,-31.9225,14.1129,4.71066,129.57,58.66,-80.36,-1.61564,-53.1836,-18.9013,1014.77
49076,-26.638,16.0976,2.48685,110.25,74.13,-146.93,-0.889226,-54.2013,-17.0691,1014.78
49082,28.6418,104.644,44.2468,203.42,-38.64,-410.34,0.854181,-53.1836,-17.2907,1014.78
49088,-18.6944,18.4027,-26.2506,-107.66,95.13,-303.66,2.51042,-53.4612,-16.1086,1014.82
49094,17.2788,1.50646,-20.4543,81.34,-25.34,-273.49,3.58552,-54.3555,-15.3698,1014.82
49100,10.9182,14.3663,-12.176,95.83,82.11,-286.51,5.881,-54.5714,-15.3254,1014.81
49106,9.8087,22.7738,-4.5385,-22.96,114.17,-266.63,6.7527,-53.3995,-15.8278,1014.81
49112,12.5347,15.5715,0.416069,-79.94,125.09,-289.38,8.72856,-54.448,-15.887,1014.79
49118,6.91057,7.18795,3.56767,-72.31,170.1,-297.43,10.0942,-54.0163,-16.1825,1014.79
49124,-1.00909,5.978,9.8087,-41.3,152.53,-304.92,12.041,-51.8883,-15.2368,1014.79
49130,-4.48111,4.04591,11.6547,-31.57,111.79,-318.01,13.8426,-53.492,-15.7096,1014.87
49136,-7.37446,10.1865,9.02439,2.52,104.79,-310.8,15.8475,-52.721,-14.6457,1014.87
49142,-12.8264,15.0789,10.2726,1.75,75.6,-299.67,17.2713,-51.1173,-14.232,1014.81
49148,-16.681,19.1439,8.59397,6.72,6.3,-268.87,18.9565,-51.0248,-15.621,1014.81
49154,-12.922,14.3855,6.34146,1.05,-68.18,-239.19,20.2641,-51.8575,-14.365,1014.84
49160,-4.11286,12.1043,4.13678,0.56,-80.36,-218.33,21.3392,-49.7604,-14.6753,1014.84
49166,-0.181731,12.5968,-0.296509,15.82,-69.3,-219.73,21.6588,-49.7604,-17.01,1014.89
49172,-2.59684,22.3003,-10.3156,13.37,7.84,-221.62,23.4603,-50.1305,-15.0742,1014.89
49178,-15.7245,29.5265,-19.3018,-33.67,97.02,-83.02,23.9543,-49.7295,-14.7935,1014.89
49184,-13.4577,20.8178,-6.24581,-80.92,49.7,-41.93,24.9132,-48.3418,-16.212,1014.83
49190,-4.71066,13.3381,0.83692,-123.83,-0.91,-47.88,24.5936,-50.3155,-15.621,1014.83
49196,4.23721,5.09804,3.14682,-81.06,34.86,-45.22,25.0294,-49.5445,-16.5371,1014.85
49202,0.932568,9.26351,1.56863,-63.07,70.42,-45.64,25.1747,-47.6016,-18.133,1014.85
49208,-4.23242,7.94357,5.89192,-47.88,36.54,-37.1,25.7849,-48.496,-16.611,1014.82
49214,-2.37685,6.77666,6.2506,-28.63,14.98,-30.8,26.0173,-49.452,-16.2859,1014.82
49220,-1.78384,9.35916,1.6308,-10.78,23.87,-27.09,25.7268,-47.8792,-16.4041,1014.81
49226,-1.9847,10.7604,1.3582,-15.54,4.2,-21.28,25.7268,-48.496,-16.4632,1014.81
49232,1.22429,9.80392,-0.69823,-12.25,12.74,-19.95,26.0464,-49.452,-16.0643,1014.81
49238,-0.0191296,10.4543,-0.263032,-14.98,19.46,-23.87,26.4823,-47.9408,-16.0199,1014.81
49244,-1.74558,9.9187,1.70732,-13.16,3.85,-21.21,25.9592,-47.4782,-16.6849,1014.81
49250,-0.45911,9.73218,0.97561,-10.64,5.04,-16.1,26.5694,-47.725,-16.2268,1014.82
49256,-0.463893,9.89479,0.95648,-9.73,-0.28,-15.82,26.4823,-48.4651,-16.5223,1014.82
49262,0.071736,9.71305,0.865614,-3.78,-0.77,-16.66,26.6275,-46.5222,-17.2168,1014.85
49268,-0.363462,10.6265,1.07604,-5.53,-2.17,-23.24,26.9762,-47.4166,-16.7144,1014.85
49274,0.0286944,10.8321,-0.191296,-6.37,-0.77,-18.13,26.8019,-47.8483,-17.6453,1014.81
49280,0.0143472,10.1961,1.44428,-6.3,-3.85,-17.99,27.383,-46.6764,-16.3302,1014.81
49286,-0.879962,10.9708,0.162602,-8.68,-4.2,-20.93,26.7728,-47.2007,-17.5124,1014.8
49292,-0.731707,10.5069,0.21999,-12.88,-6.51,-17.64,27.2668,-49.7295,-18.3398,1014.8
49298,-0.0526064,9.39742,0.899091,-11.69,-4.69,-17.22,26.9762,-48.0334,-16.9213,1014.8
49304,-0.45911,9.8087,1.07126,-10.01,-3.43,-15.68,28.6325,-46.6764,-18.4285,1014.81
49310,-0.430416,9.34481,1.22429,-9.45,-4.55,-15.75,28.0223,-47.6633,-17.3794,1014.81
49316,-0.167384,9.6461,0.93735,-8.4,-2.38,-13.58,27.4992,-47.8792,-16.7588,1014.87
49322,-0.37781,9.68436,0.846485,-7,-2.03,-12.67,27.6155,-45.6279,-16.9804,1014.87
49328,-0.396939,9.83261,1.05213,-7.56,-1.54,-13.02,27.9641,-46.9231,-17.468,1014.79
49334,-0.401722,9.67001,0.932568,-5.53,-0.07,-12.11,27.4411,-47.7866,-17.8227,1014.79
49340,-0.61693,10.0622,0.636059,-11.06,-2.52,-13.93,28.3128,-46.5839,-17.2316,1014.84
49346,0.607365,10.1674,-0.325203,-9.45,4.27,-11.48,28.2257,-45.7512,-17.1577,1014.84
49352,-0.315638,9.91392,0.329986,-10.36,7.14,-11.34,27.906,-47.5399,-16.9656,1014.84
49358,-0.870397,10.55,0.0908656,-13.58,2.52,-10.92,28.0513,-46.1521,-16.7292,1014.8
49364,-0.573888,10.4065,-0.0669536,-20.58,-1.47,-12.46,27.5283,-45.4428,-18.133,1014.8
49370,0.095648,11.186,-0.511717,-20.65,-2.24,-11.62,28.1385,-46.3989,-17.601,1014.82
49376,-0.0573888,11.076,0.234338,-29.4,1.47,-12.95,28.2838,-46.9848,-17.1429,1014.82
49382,-0.253467,10.3204,0.85605,-23.52,-2.45,-16.24,28.3128,-44.7952,-18.5615,1014.83
49388,-0.85605,10.5787,-0.0382592,-29.75,-6.37,-14.14,28.0513,-45.9054,-18.2068,1014.83
49394,0.023912,9.90913,0.722142,-29.68,-4.27,-16.03,28.8649,-46.7689,-17.6306,1014.82
49400,-1.04735,9.60784,-1.20995,-26.95,-6.79,-14.91,28.1966,-44.9185,-17.9409,1014.82
49406,-0.401722,10.2678,0.588235,-33.11,-6.58,-16.1,28.9811,-46.0596,-17.601,1014.83
49412,-0.325203,10.1387,0.961262,-32.83,-6.51,-17.29,28.4581,-46.183,-17.0395,1014.83
49418,-0.57867,10.043,0.97561,-31.71,-9.1,-19.53,28.5453,-45.8746,-17.867,1014.83
49424,-0.549976,9.70349,0.612147,-34.37,-12.74,-21.84,28.1966,-44.641,-19.8175,1014.81
49430,-0.0621712,9.08178,0.406504,-33.32,-11.83,-20.86,28.5162,-46.0288,-19.0196,1014.81
49436,-0.765184,8.967,1.68819,-28.98,-13.02,-20.72,28.3128,-46.7073,-19.123,1014.84
49442,-0.5978,8.83788,1.53515,-25.34,-11.97,-21.14,28.1966,-44.8877,-19.847,1014.84
49448,0.0095648,9.16308,2.15208,-17.22,-11.76,-20.93,28.923,-45.1961,-20.2608,1014.84
49454,0.0526064,10.1769,2.29077,-13.23,-12.39,-25.48,29.0392,-46.0905,-20.0539,1014.84
49460,-0.0860832,10.1291,2.21425,-15.75,-15.61,-29.47,29.1264,-44.055,-20.8666,1014.85
49466,1.06169,10.813,0.95648,-17.64,-11.97,-30.03,29.0392,-44.1784,-20.5415,1014.85
49472,-0.97561,8.7757,1.74079,-16.94,-9.59,-30.38,29.2717,-45.412,-20.246,1014.85
49478,-1.59254,7.80009,2.5825,-8.68,-10.92,-26.46,29.6204,-44.9802,-19.2412,1014.86
49484,-0.980392,8.92874,2.08991,-12.88,-13.44,-30.52,29.5913,-43.4999,-20.7632,1014.86
49490,0.0143472,9.50263,1.03778,-8.61,-7.98,-28.28,28.8649,-44.5485,-20.8223,1014.8
49496,-1.65471,8.68006,2.72119,-10.01,-10.78,-22.33,29.6785,-44.641,-20.0243,1014.8
49502,-0.396939,9.01482,1.71688,-5.95,-7.14,-25.2,29.6494,-43.1607,-19.8618,1014.83
49508,-0.645624,9.47872,2.18556,-11.69,-7.21,-28.63,29.5042,-44.2401,-19.2412,1014.83
49514,0.329986,9.17264,1.45385,-6.86,-5.46,-28.7,30.1434,-44.4251,-19.9505,1014.84
49520,0.105213,9.84696,1.62123,-2.8,-4.83,-29.05,29.7076,-43.1607,-19.4481,1014.84
49526,0.200861,10.2487,1.37255,-3.15,-1.54,-30.03,29.94,-43.2532,-19.5515,1014.84
49532,-0.583453,10.5117,2.61119,-2.24,-3.99,-30.94,30.0853,-44.5793,-19.5367,1014.84
49538,0.655189,11.1717,2.71162,-1.33,-2.66,-38.85,30.6083,-43.6233,-20.4381,1014.84
49544,0.760402,10.1674,1.74079,0.7,2.66,-44.1,30.0272,-42.3897,-20.7927,1014.86
49550,-0.985174,11.7599,2.60163,1.26,-1.54,-46.9,30.3468,-43.0373,-20.1721,1014.86
49556,0.473458,11.1717,1.59254,2.73,-0.56,-52.43,29.7657,-44.0859,-19.3594,1014.81
49562,-0.114778,11.0378,2.38164,6.23,-2.38,-61.81,30.3759,-42.2972,-20.8814,1014.81
49568,0.865614,11.9799,1.33429,5.11,1.26,-67.13,31.3057,-43.6541,-20.6154,1014.8
49574,0.473458,11.3247,1.55906,6.37,-3.08,-69.37,31.7125,-42.8523,-20.7779,1014.8
49580,0.224773,10.5452,2.21903,7.63,1.75,-76.72,31.451,-41.7729,-20.3051,1014.86
49586,-0.0573888,12.1616,2.19034,8.12,3.71,-83.16,31.8287,-41.6495,-20.5267,1014.86
49592,-0.545194,10.44,3.57724,13.02,2.38,-84.28,33.2525,-43.1607,-19.7731,1014.86
49598,0.349115,11.4108,2.41033,14.56,7.63,-93.87,32.3517,-41.9271,-20.0391,1014.85
49604,-0.243902,11.913,3.52941,20.65,9.17,-99.12,33.1072,-40.786,-20.2312,1014.85
49610,0.439981,12.3673,2.61597,21,12.04,-107.31,33.6012,-41.4028,-19.1378,1014.86
49616,-0.0908656,12.9077,3.05595,26.81,12.6,-116.48,33.8917,-41.0019,-18.6945,1014.86
49622,0.253467,13.4194,1.56863,23.31,12.6,-125.79,34.0951,-40.2001,-19.6549,1014.82
49628,-0.143472,13.0942,1.3056,25.9,10.57,-135.24,34.7634,-39.5833,-20.7336,1014.82
49634,0.712578,13.759,2.36729,28.35,11.48,-146.23,35.4898,-40.4776,-19.7879,1014.84
49640,0.688666,14.2659,1.29125,31.5,12.6,-158.55,36.5649,-38.1646,-19.6402,1014.84
49646,0.13869,15.5045,0.49737,30.66,6.51,-170.94,36.8265,-37.5478,-18.9309,1014.84
49652,0.253467,16.1932,-0.263032,31.15,5.39,-185.57,37.7272,-38.1646,-18.7388,1014.84
49658,0.444763,17.6327,-1.37733,27.44,-1.05,-202.37,38.9767,-36.8385,-18.3251,1014.84
49664,0.511717,18.8187,-2.62076,17.85,-5.25,-219.1,38.7151,-35.2966,-17.9261,1014.84
49670,1.12386,19.3878,-2.40555,11.76,-10.29,-240.03,39.3835,-35.1115,-18.8718,1014.84
49676,1.88427,19.7991,0.205643,6.86,-8.89,-260.05,40.2261,-34.7106,-17.7045,1014.8
49682,4.37111,20.6408,2.26208,3.92,-8.47,-282.1,40.2261,-31.5958,-18.6354,1014.8
49688,6.01626,20.9947,3.43376,7.28,6.51,-305.69,41.6208,-31.9042,-17.2316,1014.85
49694,4.85414,22.4677,3.04161,9.17,16.52,-328.51,42.2891,-32.3051,-18.5172,1014.85
49700,4.99761,22.8025,1.09995,-2.38,16.87,-354.55,42.4635,-29.2211,-16.611,1014.85
49706,3.92635,22.286,-0.186514,-4.69,22.05,-377.93,44.1197,-26.9081,-17.7192,1014.82
49712,1.32472,22.3912,0.439981,-7.84,26.95,-405.65,45.5725,-26.3222,-16.1382,1014.82
49718,0.989957,20.1674,-0.191296,3.01,9.8,-434.21,46.2409,-23.7625,-16.5371,1014.83
49724,1.1143,23.6011,0.827355,4.55,-1.96,-452.97,46.9673,-20.5243,-17.0543,1014.83
49730,3.14682,21.1812,-1.23386,8.54,9.24,-461.51,48.9722,-19.5374,-15.4732,1014.8
49736,-4.63893,24.3902,3.84505,33.88,-6.02,-463.61,48.7107,-17.0086,-16.5814,1014.8
49742,-0.521282,27.6136,-1.9034,7.35,-7.56,-459.27,48.4492,-14.233,-17.5862,1014.82
49748,-4.06504,24.2324,3.18986,28.28,-9.8,-457.94,49.6114,-12.0742,-17.5862,1014.82
49754,-4.53372,23.9407,0.769966,17.43,-29.12,-449.68,50.8318,-10.4089,-15.7392,1014.82
49760,-1.47298,22.6973,-1.4682,29.12,-33.88,-433.93,49.4952,-7.60245,-15.9313,1014.82
49766,-0.95648,22.7068,-3.93113,17.92,-44.24,-411.04,49.4371,-5.25863,-16.5962,1014.82
49772,1.80296,20.1578,-3.98374,9.03,-59.85,-393.96,50.2797,-3.56245,-16.9213,1014.78
49778,4.69153,14.2755,-4.23242,2.45,-93.03,-381.92,50.3379,-1.21863,-15.5323,1014.78
49784,8.54137,4.18938,-4.66284,9.59,-96.39,-367.78,48.4782,1.03267,-17.2759,1014.81
49790,8.77092,-0.463893,-5.67193,-4.69,-124.74,-336.28,49.0594,2.42046,-18.2216,1014.81
49796,1.06169,-10.1196,-3.60593,47.11,-55.09,-274.54,48.5363,3.65405,-18.2955,1014.81
49802,-14.6198,10.067,-5.12673,26.53,-66.64,-130.62,47.6356,6.05955,-18.99,1014.81
49808,-0.583453,9.67001,1.85079,25.27,-118.93,-56.98,47.6646,5.3194,-18.0739,1014.79
49814,6.90579,5.99713,1.48254,53.9,-61.67,13.93,49.1756,4.61009,-18.7388,1014.79
49820,7.12099,8.7757,-0.181731,32.13,-57.96,80.36,47.0544,5.19604,-19.5219,1014.79
49826,11.5399,6.22669,-2.26208,22.4,-15.12,130.13,46.8511,4.64092,-20.2903,1014.78
49832,9.87566,8.42181,-1.93687,-0.42,5.95,155.33,48.362,3.62321,-19.98,1014.78
49838,9.38785,8.78049,-2.33859,-21.56,22.75,168.28,48.1295,3.59237,-18.8718,1014.78
49844,8.78527,7.46533,-1.01865,-32.27,39.69,173.6,47.6646,2.01955,-19.8766,1014.78
49850,7.67097,5.15543,-1.06648,-36.54,51.66,173.6,48.3039,1.55695,-20.4972,1014.8
49856,6.79579,3.87374,-1.04256,-39.2,57.19,171.5,49.5824,0.477559,-18.7831,1014.8
49862,6.59015,1.02343,-1.13343,-34.65,66.22,171.71,48.362,1.21771,-18.3842,1014.81
49868,5.46628,0.573888,-0.81779,-27.44,68.46,175.91,48.6526,-0.509313,-18.1182,1014.81
49874,4.68675,0.396939,-1.09039,-0.98,73.29,180.04,49.5243,-1.7429,-17.4828,1014.81
49880,3.73505,0.985174,-1.13343,-10.5,69.79,187.74,49.0884,-2.42138,-17.6601,1014.8
49886,3.08943,1.33907,-1.32951,-1.96,67.27,196.63,49.4662,-3.13069,-17.9704,1014.8
49892,2.46772,1.78862,-1.37255,3.85,62.65,210.21,49.6696,-5.50535,-16.7588,1014.76
49898,1.54472,2.42946,-1.23864,8.61,55.23,227.22,49.1175,-7.23238,-18.2955,1014.76
49904,1.21473,2.99378,-1.48254,9.45,46.62,245,49.379,-7.04734,-17.2168,1014.79
49910,0.401722,3.54376,-1.24821,9.94,36.75,264.39,49.7858,-8.83604,-16.877,1014.79
49916,0.0765184,3.73505,-1.14778,10.43,25.48,281.96,50.4831,-10.008,-16.6258,1014.81
49922,-0.0382592,3.92635,-0.573888,13.51,14.63,297.5,48.885,-10.8406,-16.8326,1014.81
49928,0.0286944,4.17982,-0.396939,16.38,2.8,311.08,49.3499,-13.6779,-16.2564,1014.76
49934,0.23912,4.30416,0.162602,21.42,-9.38,320.74,49.4952,-15.9292,-15.0004,1014.76
49940,0.449546,4.50024,0.25825,28.28,-18.76,330.12,48.7107,-16.3301,-16.4337,1014.76
49946,0.196078,4.98804,0.526064,34.51,-30.24,337.26,48.2748,-17.8413,-16.9065,1014.77
49952,-0.0334768,5.38498,0.640842,40.53,-39.13,343.98,48.0424,-19.9384,-15.9461,1014.77
49958,-0.124342,6.35103,0.573888,45.08,-47.81,349.37,47.4322,-22.4672,-16.5223,1014.82
49964,-0.109995,7.70445,0.569106,48.3,-55.3,355.11,45.5435,-23.5466,-16.6701,1014.82
49970,-0.205643,8.62267,0.526064,50.33,-61.39,360.5,46.1537,-25.6437,-17.1429,1014.77
49976,-0.640842,10.0383,0.368245,49.28,-66.57,365.68,44.8752,-28.6043,-17.734,1014.77
49982,-1.19082,10.8895,0.325203,47.46,-72.24,371.42,43.3352,-28.6352,-17.7488,1014.81
49988,-2.11382,11.9608,0.306074,45.01,-79.8,377.86,41.708,-30.5472,-17.8818,1014.81
49994,-2.52511,12.5921,0.329986,44.24,-86.8,381.36,41.5046,-33.1686,-16.6405,1014.81
50000,-3.03682,15.1124,-0.607365,42.07,-86.73,377.72,39.8484,-34.7723,-19.7731,1014.79
50006,-4.06504,14.0985,0.310856,38.92,-102.62,375.76,38.3374,-35.1732,-18.3103,1014.79
50012,-2.43424,14.3089,0.793878,39.55,-103.46,356.58,36.9717,-37.2086,-19.123,1014.79
50018,-3.77331,15.3993,1.31516,41.51,-104.44,336.07,36.3616,-38.0413,-18.8127,1014.79
50024,-4.82544,14.9307,3.04639,48.65,-110.39,311.92,33.0781,-38.5039,-20.1573,1014.77
50030,-4.72501,14.6772,3.88809,66.57,-106.47,286.23,32.9619,-40.8169,-20.113,1014.77
50036,-4.87805,14.3855,5.28933,82.46,-106.05,261.45,31.5381,-42.3588,-19.1673,1014.83
50042,-4.01243,15.0215,4.13199,96.95,-92.68,251.58,30.1434,-41.9579,-20.4381,1014.83
50048,-3.81636,18.8618,5.53802,105.84,-80.71,250.46,29.0102,-42.5747,-20.3199,1014.83
50054,-3.79723,20.1243,5.52367,107.87,-57.19,251.86,28.2547,-45.1653,-20.3938,1014.8
50060,-4.69632,22.4534,5.2176,98.77,-37.73,262.57,27.4992,-44.7952,-20.5711,1014.8
50066,-4.89718,22.7881,4.94022,83.58,-9.31,280.14,24.9132,-45.597,-19.0491,1014.81
50072,-6.04974,23.7972,4.45241,59.99,18.76,288.61,24.4192,-48.496,-18.8275,1014.81
50078,-7.55619,23.1229,5.41368,42.42,40.53,290.15,23.8381,-48.7427,-19.8618,1014.83
50084,-9.5935,21.7264,6.33668,32.27,60.69,281.96,22.1818,-47.5708,-19.4481,1014.83
50090,-11.9751,20.5308,7.16404,30.59,70,272.51,20.5256,-49.3903,-19.1378,1014.83
50096,-12.2047,18.7518,7.25012,35.63,81.76,265.58,19.5086,-50.2538,-18.7979,1014.83
50102,-13.1516,18.5318,6.99665,36.26,85.33,259.63,19.2471,-49.4828,-18.3546,1014.82
50108,-12.5347,19.1248,5.43281,30.73,88.55,253.19,17.4747,-51.0248,-17.6749,1014.82
50114,-12.3147,21.0473,2.12339,13.65,94.08,245.77,16.8645,-52.3509,-17.8818,1014.82
50120,-14.0698,21.6021,0.903874,-10.43,95.27,237.79,15.2082,-50.994,-16.9952,1014.82
50126,-17.0875,19.4787,-0.253467,-29.12,90.02,228.83,13.9007,-51.6725,-17.9852,1014.82
50132,-18.6274,17.4414,-1.37733,-38.64,84.91,219.1,13.1161,-52.721,-17.8079,1014.85
50138,-21.2004,14.3233,-2.56337,-40.88,70,210.49,12.0701,-52.8135,-17.8818,1014.85
50144,-21.7695,12.0086,-3.40985,-35.84,56,180.81,11.7214,-51.2099,-17.9409,1014.82
50150,-22.8694,8.39311,-3.11334,-17.64,34.79,180.74,11.518,-52.9369,-17.4089,1014.82
50156,-23.4625,6.09756,-2.24295,7.77,14.28,160.23,9.97801,-53.3378,-18.6797,1014.8
50162,-23.9885,3.48159,-0.664754,38.99,-6.58,136.92,9.80367,-52.6593,-18.5319,1014.8
50168,-23.1086,2.23338,0.707795,72.1,-22.89,112.7,9.45498,-52.2892,-17.8522,1014.8
50174,-22.3529,3.13725,2.46772,100.24,-37.73,83.93,8.14743,-54.0471,-17.2907,1014.81
50180,-21.1191,4.39981,3.14204,124.53,-49.28,53.34,8.26366,-52.9986,-16.8326,1014.81
50186,-19.4452,8.4505,2.57293,133,-56.98,24.36,7.71158,-53.7079,-16.212,1014.83
50192,-18.2688,11.1143,1.83644,122.15,-58.52,-2.94,8.2346,-55.4041,-15.9608,1014.83
50198,6.12147,82.9746,21.9369,151.62,-122.22,-185.85,7.65346,-54.6639,-15.7687,1014.83
50204,-20.4974,27.1162,-11.3008,-89.6,14.84,-161.35,8.14743,-53.4612,-15.8278,1014.83
50210,-15.7437,4.58154,4.47633,19.11,19.74,-175.35,9.57121,-54.1705,-16.079,1014.86
50216,-16.1406,8.4505,3.77331,13.51,-137.9,-151.27,10.2105,-54.1088,-15.9461,1014.86
50222,-2.4725,11.956,0.439981,55.58,-181.44,-154.49,11.1984,-52.3509,-16.3598,1014.83
50228,20.7461,16.8006,-8.39311,-46.83,-67.83,-161.7,11.4599,-53.0911,-16.5076,1014.83
50234,18.6992,10.5643,-7.90053,-38.64,84.98,-163.24,11.7505,-55.1265,-15.5914,1014.83
50240,3.48159,10.7556,2.79292,-44.59,59.15,-178.92,13.1161,-52.5051,-15.9608,1014.82
50246,0.793878,11.186,2.97944,-56.35,16.8,-194.81,14.5399,-51.765,-16.7144,1014.82
50252,2.63032,6.37016,4.08895,-42.7,4.13,-193.2,15.2663,-53.0602,-16.4485,1014.85
50258,3.85461,8.26399,3.46246,-26.18,42.14,-199.36,15.8765,-52.2276,-17.3055,1014.85
50264,-3.81157,12.3147,5.28455,-6.09,25.48,-208.32,17.7943,-50.9323,-16.4189,1014.86
50270,-7.03491,14.5863,4.98804,-11.27,-10.29,-195.51,18.2592,-51.4874,-16.2268,1014.86
50276,-4.77284,15.1219,1.33429,-14.98,-39.27,-174.44,18.7241,-51.95,-15.9313,1014.84
50282,-2.31468,11.6691,1.48254,-17.15,-56.49,-168.56,19.4796,-50.0688,-17.0247,1014.84
50288,1.29125,8.84266,2.15208,-11.62,-51.87,-167.72,20.9324,-49.6679,-17.0691,1014.84
50294,2.05165,11.4491,-0.315638,-1.75,21.84,-169.96,22.1818,-50.7781,-16.6553,1014.83
50300,-10.3922,17.6853,-7.90531,-41.3,51.87,-100.73,22.0366,-49.2978,-15.9608,1014.83
50306,-12.2095,18.4935,-7.71879,-52.57,73.08,-43.96,22.5305,-48.7118,-17.7636,1014.82
50312,-0.688666,11.6738,-0.095648,-94.01,40.18,-56.42,22.6177,-50.0996,-17.3646,1014.82
50318,1.29125,10.4065,-0.167384,-67.27,48.79,-56.98,23.286,-49.2978,-16.9656,1014.82
50324,0.588235,9.91392,0.746054,-79.59,47.46,-49.98,23.7509,-47.9717,-18.1773,1014.82
50330,-1.61645,9.14395,2.84553,-53.62,31.5,-38.5,24.9713,-49.3595,-18.2364,1014.82
50336,-0.306074,8.87135,2.69727,-50.68,27.23,-46.9,24.9422,-49.2361,-17.734,1014.82
50342,-1.67384,7.87661,2.45337,-26.39,34.37,-37.52,25.5524,-47.4782,-19.1378,1014.82
50348,-3.39072,9.20612,3.16595,-20.72,19.53,-24.08,25.2619,-47.2624,-18.7536,1014.89
50354,-1.67862,8.81396,2.17121,-14.91,9.8,-20.51,25.2909,-48.2184,-17.7636,1014.89
50360,-0.23912,9.20612,0.416069,-10.01,10.99,-15.33,24.797,-47.3857,-19.0196,1014.82
50366,-0.726925,8.97657,1.24821,-5.6,7.84,-15.12,24.9713,-47.0157,-18.7536,1014.82
50372,-0.980392,9.66523,0.559541,-4.13,8.12,-11.06,25.349,-48.1259,-18.7536,1014.78
50378,-1.02822,10.5356,0.444763,-3.01,1.47,-7.56,25.1747,-48.5268,-18.0148,1014.78
50384,-0.10043,10.5452,-0.0430416,-5.88,1.05,-7,24.7679,-46.6764,-18.6354,1014.85
50390,0.124342,10.3682,-0.153037,-6.79,1.54,-8.68,24.5936,-48.7427,-18.5319,1014.85
50396,-0.0908656,10.0143,0.401722,-7.7,0.42,-8.61,24.9422,-48.7118,-18.1625,1014.83
50402,-0.306074,9.68436,1.05213,-7.14,-1.54,-8.26,25.3781,-46.3372,-18.6058,1014.83
50408,-0.468675,9.49785,1.06169,-3.78,0.63,-7.28,25.3781,-47.6324,-18.6945,1014.83
50414,-0.535629,9.71784,1.09039,-5.67,-1.61,-3.15,25.4362,-49.0819,-18.5467,1014.85
50420,-0.253467,9.89479,0.846485,-3.5,-2.94,-3.99,25.2909,-47.6941,-18.458,1014.85
50426,0.310856,10.0096,0.626494,-0.35,-1.75,-3.85,25.0004,-46.6456,-18.857,1014.84
50432,0.0191296,10.043,0.631277,1.05,-1.68,-6.86,25.2619,-48.8352,-18.4728,1014.84
50438,0.0430416,9.96652,0.530846,1.75,-0.7,-7.49,25.6687,-47.8792,-18.6797,1014.82
50444,-0.0191296,10.0909,0.511717,0,-0.84,-6.02,25.2038,-46.5839,-18.591,1014.82
50450,0.071736,10.2582,0.148254,0.07,-0.77,-6.86,25.5815,-48.7735,-19.4776,1014.81
50456,0.105213,10.2009,0.11956,-2.8,0.49,-8.33,25.2038,-48.7735,-18.7092,1014.81
50462,-0.0765184,10.1196,0.23912,-4.62,1.4,-7.7,24.6807,-46.368,-18.3251,1014.81
50468,-0.148254,9.84696,0.545194,-3.22,-0.28,-7.35,25.4653,-47.4782,-19.6254,1014.84
50474,-0.286944,9.70827,0.463893,-6.51,0,-6.3,25.843,-48.1567,-17.468,1014.84
50480,-0.334768,9.7274,0.659971,-5.25,-0.14,-6.44,26.1917,-47.0773,-18.3103,1014.79
50486,-0.215208,9.7561,0.549976,-5.46,0.14,-6.65,25.6687,-47.1698,-18.0148,1014.79
50492,-0.224773,9.81349,0.47824,-6.16,-0.91,-6.72,26.2789,-47.3857,-18.8866,1014.82
50498,-0.492587,9.65088,1.0043,-5.6,-4.83,-5.74,26.1626,-48.1567,-17.734,1014.82
50504,0.109995,9.5648,0.569106,-4.62,-1.68,-4.48,25.3781,-46.2755,-17.3646,1014.84
50510,-0.363462,9.50263,0.879962,-4.27,-1.68,-4.69,26.337,-46.8615,-18.0148,1014.84
50516,-0.37781,9.37829,1.07126,-3.01,-3.36,-4.27,26.7147,-47.8792,-17.4533,1014.84
50522,-0.25825,9.6748,0.813008,-2.59,-4.76,-3.78,25.8139,-46.183,-18.7831,1014.81
50528,-0.0382592,9.61741,0.798661,-1.54,-4.06,-4.13,26.3079,-46.7381,-20.246,1014.81
50534,0.0430416,9.85174,0.593018,-1.89,-3.71,-4.41,26.1336,-48.3726,-18.3694,1014.8
50540,0.095648,9.95696,0.439981,-2.52,-1.75,-5.18,26.6566,-46.4914,-19.0343,1014.8
50546,-0.0573888,10,0.430416,-3.36,-2.24,-5.74,26.4532,-46.2138,-19.3151,1014.82
50552,-0.224773,10.0813,0.229555,-5.53,-2.17,-5.53,26.3951,-47.6941,-18.133,1014.82
50558,-0.157819,10.0622,0.344333,-7.28,-2.38,-5.95,26.4241,-48.1876,-18.8422,1014.84
50564,0.0908656,10.0287,0.320421,-8.82,-1.05,-6.37,26.7728,-46.7689,-19.5072,1014.84
50570,-0.071736,9.99522,0.33955,-10.78,-0.63,-6.93,26.1045,-47.0465,-19.0048,1014.83
50576,-0.37781,9.74175,0.61693,-10.92,-0.56,-6.79,26.2789,-47.1698,-17.9556,1014.83
50582,-0.382592,9.62219,0.693448,-11.83,-0.49,-5.88,25.6396,-45.7821,-19.9652,1014.83
50588,-0.439981,9.6461,0.83692,-11.13,-0.21,-5.25,26.889,-46.0905,-19.5515,1014.82
50594,-0.325203,9.69871,0.827355,-10.92,-0.7,-5.04,26.4532,-47.6324,-18.99,1014.82
50600,-0.430416,9.6461,0.97561,-9.66,-2.24,-5.67,26.2207,-45.8746,-19.5515,1014.81
50606,-0.396939,10.0956,0.602582,-11.55,-2.66,-5.04,25.8139,-45.9979,-19.847,1014.81
50612,-0.229555,9.68436,0.879962,-10.15,0.56,-3.15,25.7849,-47.2007,-18.3103,1014.82
50618,-0.502152,9.77044,0.808226,-10.29,0.7,-2.31,24.8841,-46.6764,-19.3003,1014.82
50624,-0.607365,9.51219,1.02343,-9.87,-1.33,-1.54,25.6105,-45.9363,-18.9604,1014.83
50630,-0.530846,9.34481,1.18604,-7.28,-0.49,0.07,25.9592,-46.7689,-19.0639,1014.83
50636,-0.569106,9.39742,1.26734,-6.37,-1.4,0.21,26.6566,-47.139,-18.7536,1014.83
50642,-0.406504,9.57436,1.03778,-5.25,-2.24,1.26,26.1045,-45.7204,-18.2807,1014.79
50648,-0.301291,9.65567,1.07126,-3.85,-3.08,1.75,25.5815,-46.3372,-18.857,1014.79
50654,-0.272597,9.71784,0.932568,-3.85,-2.1,2.24,26.6566,-47.1082,-18.266,1014.81
50660,-0.282162,9.67958,1.11908,-3.36,-1.96,1.75,25.843,-45.597,-18.9309,1014.81
50666,0.095648,9.95218,0.703013,-3.43,-1.82,0.77,25.7849,-45.2886,-18.99,1014.83
50672,-0.109995,9.82305,0.875179,-3.64,-1.54,2.45,26.4241,-46.4914,-20.379,1014.83
50678,-0.0621712,9.67001,0.841702,-3.5,-0.07,2.73,26.8019,-46.5222,-18.8127,1014.82
50684,-0.47824,9.41176,1.25777,-2.45,-1.05,2.03,26.7147,-45.5662,-19.0491,1014.82
50690,-0.37781,9.4835,1.01865,-1.47,-1.05,3.36,25.8139,-46.5839,-18.7536,1014.82
50696,-0.334768,9.53611,0.899091,-0.42,0,3.22,26.3951,-47.0465,-18.7536,1014.87
50702,-0.655189,9.59828,1.12386,0.21,-1.05,5.11,25.5815,-46.2447,-19.6845,1014.87
50708,-0.396939,9.62219,1.07604,0.42,-1.68,5.6,26.6275,-46.7073,-19.4481,1014.84
50714,-0.344333,9.56002,1.22908,1.75,-1.47,5.46,25.9302,-47.5091,-19.2412,1014.84
50720,-0.439981,9.58871,1.14299,2.59,-1.96,6.65,25.9302,-46.1213,-19.3003,1014.85
50726,-0.291726,9.71784,1.18125,3.85,-2.52,7.7,25.9883,-45.5353,-19.0196,1014.85
50732,-0.387374,9.72262,1.14778,4.9,-3.43,7.98,26.5113,-46.8615,-18.9161,1014.81
50738,-0.35868,9.78479,0.918221,4.9,-2.59,8.05,25.843,-47.2624,-19.4776,1014.81
50744,-0.35868,9.85174,1.03778,5.81,-3.36,8.96,25.5815,-45.2578,-19.5515,1014.83
50750,-0.0573888,10.067,0.918221,5.25,-4.27,8.19,25.843,-46.6147,-19.6845,1014.83
50756,0.277379,10.4065,0.554758,4.2,-5.11,6.02,25.6105,-46.8615,-18.6206,1014.83
50762,0.530846,10.3395,0.463893,2.17,-3.15,4.34,26.2789,-46.1521,-20.4529,1014.84
50768,0.23912,10.1961,0.923003,1.47,-2.94,2.1,25.9011,-46.3989,-18.6058,1014.84
50774,0.0286944,9.92348,1.20995,2.45,-2.38,1.75,26.0173,-47.4166,-18.7388,1014.8
50780,-0.0908656,10.0335,0.913438,2.45,-3.36,0.98,26.1917,-46.2755,-18.9752,1014.8
50786,-0.215208,9.96652,0.999522,1.26,-5.39,0.28,25.4943,-45.9363,-19.4481,1014.83
50792,0.13869,9.84696,0.731707,2.17,-2.17,0.28,25.9883,-46.7689,-19.4776,1014.83
50798,-0.33955,9.8087,1.02343,2.1,-2.73,0.14,25.6977,-47.0465,-19.3151,1014.82
50804,-0.253467,10.0143,0.659971,0.56,-4.48,0.42,25.0585,-45.412,-18.9309,1014.82
50810,-0.0430416,9.96174,0.37781,-0.56,-2.8,0.63,25.9011,-46.4297,-19.7436,1014.82
50816,-0.368245,9.87087,0.707795,-1.47,-3.64,1.05,25.7268,-47.3549,-19.4333,1014.8
50822,-0.306074,9.72262,0.803443,-2.45,-4.06,1.33,25.1747,-46.8923,-20.5267,1014.8
50828,-0.224773,9.51698,1.1956,-1.89,-2.94,2.03,25.7849,-46.5839,-19.0934,1014.83
50834,-0.224773,9.57915,1.12386,-0.98,-3.64,2.17,25.7849,-47.0465,-18.99,1014.83
50840,-0.263032,9.79914,0.970827,-0.14,-3.36,3.22,25.8139,-46.8923,-18.5467,1014.82
50846,-0.253467,10.0239,0.760402,-1.68,-4.06,3.22,25.6105,-46.0288,-19.1673,1014.82
50852,-0.124342,9.74653,0.774749,-2.73,-3.78,3.29,26.8309,-47.1082,-19.9948,1014.84
50858,-0.23912,9.59828,0.951698,-1.75,-3.92,4.2,25.8721,-47.6633,-19.3299,1014.84
50864,-0.679101,9.43568,1.64515,-1.47,-7.35,3.64,26.0755,-45.5045,-19.8175,1014.84
50870,0.167384,9.46437,0.645624,-0.49,-4.41,4.97,26.1917,-46.8306,-20.3642,1014.79
50876,0.071736,9.69392,1.17647,0.63,-4.27,4.34,26.2498,-47.3857,-18.7388,1014.79
50882,0.45911,10,0.789096,0.49,-4.27,2.31,25.349,-46.3989,-18.8866,1014.82
50888,1.2769,10.1291,0.526064,-0.7,-2.52,-1.89,25.6977,-46.3063,-19.98,1014.82
50894,1.04735,10.4687,0.172166,-3.01,1.12,-3.71,25.4653,-46.9848,-19.8175,1014.84
50900,0.310856,10.1626,0.822573,-4.9,1.89,-5.95,25.2909,-46.7381,-18.4285,1014.84
50906,-0.114778,10.1578,0.989957,-5.67,1.4,-5.25,25.4943,-45.8129,-20.0096,1014.84
50912,-0.229555,9.17264,1.37255,-2.59,0.63,-6.16,25.8139,-47.1082,-19.8618,1014.84
50918,-0.210426,9.87087,0.946915,-3.64,2.38,-6.02,25.9883,-47.6941,-19.1821,1014.81
50924,-0.430416,9.73697,1.27212,-3.01,0.98,-4.69,25.9011,-45.597,-19.847,1014.81
50930,-0.224773,9.79436,0.779531,-3.71,1.47,-4.41,25.349,-47.3549,-20.645,1014.81
50936,-0.492587,9.81827,1.36777,-2.8,0.56,-4.2,26.2207,-47.6633,-19.4481,1014.81
50942,-0.502152,9.7561,0.693448,-4.9,1.4,-3.85,26.0464,-46.2138,-18.9457,1014.81
50948,-0.33955,9.50263,1.14299,-6.23,0.21,-3.01,25.6977,-46.6764,-19.0491,1014.81
50954,-0.191296,9.93304,0.71736,-4.62,1.19,-2.1,26.1626,-47.9408,-19.9061,1014.81
50960,-0.468675,9.67958,1.06648,-4.76,-0.63,-2.03,26.337,-46.7381,-19.9948,1014.83
50966,-0.35868,9.35437,1.42037,-3.64,-0.21,-1.89,26.1336,-47.1082,-19.7288,1014.83
50972,-0.133907,9.97609,0.765184,-5.04,0.21,-1.4,25.9011,-47.2315,-18.7536,1014.81
50978,-0.286944,9.53611,1.21473,-3.71,-1.12,-0.56,25.6105,-46.8923,-17.7045,1014.81
50984,-0.306074,9.46437,1.24342,-2.31,-0.91,-0.21,25.7268,-45.597,-19.8618,1014.81
50990,-0.191296,9.68914,1.04735,-0.28,-1.26,0,26.2789,-46.4914,-19.2412,1014.82
50996,-0.416069,9.63654,1.16212,-1.61,-1.4,0.84,25.5815,-47.4474,-18.99,1014.82
51002,-0.401722,9.40698,1.31994,-0.07,-1.82,1.68,25.7268,-46.3063,-20.0096,1014.83
51008,-0.47824,9.41176,1.24342,1.19,-1.82,2.1,25.5815,-46.0905,-20.4972,1014.83
51014,-0.49737,9.44524,1.29603,1.68,-2.45,3.57,26.5113,-47.1082,-20.7484,1014.83
51020,-0.392157,9.38307,1.44428,2.8,-2.38,4.76,25.1456,-46.5222,-19.4333,1014.83
51026,-0.243902,9.38307,1.4682,5.11,-3.36,5.11,24.6226,-46.3372,-20.645,1014.81
51032,-0.0286944,9.5935,1.25777,5.6,-3.08,4.41,26.1045,-46.3063,-19.4481,1014.81
51038,0.511717,10.1769,0.573888,5.11,-2.45,1.96,25.8721,-47.2624,-18.99,1014.81
51044,0.583453,10.5261,0.234338,1.96,-1.89,-0.07,25.0585,-45.5045,-19.3742,1014.82
51050,0.808226,10.4782,-0.0286944,-0.98,-0.84,-2.45,26.3951,-46.0905,-21.0587,1014.82
51056,-0.0813008,10.2487,0.439981,-3.99,-0.28,-2.94,25.5524,-46.9848,-20.0687,1014.84
51062,-0.0286944,10.1722,1.01387,-4.62,-0.84,-3.43,26.1917,-46.3989,-20.4824,1014.84
51068,-0.329986,9.77044,0.95648,-6.09,-1.12,-3.43,25.7849,-46.2447,-20.4529,1014.84
51074,-0.210426,9.32568,1.31516,-4.41,-1.12,-3.43,26.1336,-47.4166,-19.1969,1014.84
51080,-0.272597,10.1148,0.927786,-5.6,-0.91,-3.78,26.3079,-46.3989,-20.2164,1014.81
51086,-0.425634,9.80392,1.04256,-7,-2.38,-2.73,25.9302,-45.2886,-20.5415,1014.81
51092,-0.396939,9.17264,1.70253,-5.11,-2.24,-2.94,26.1917,-47.3857,-20.7927,1014.83
51098,-0.0143472,10.0717,0.894309,-5.25,-1.54,-2.59,25.6977,-46.954,-20.5563,1014.83
51104,-0.334768,9.66523,1.16691,-5.18,-3.36,-2.1,25.6105,-45.7821,-19.5515,1014.83
51110,-0.133907,9.55523,1.30081,-3.99,-3.01,-1.89,25.4362,-46.5839,-20.8962,1014.83
51116,-0.349115,9.69871,1.13343,-3.5,-3.29,-1.82,25.9302,-46.954,-20.2608,1014.83
51122,-0.215208,9.67958,1.24821,-3.15,-3.15,-0.91,25.9302,-45.0111,-19.7288,1014.81
51128,0.243902,9.8087,0.870397,-3.15,-3.64,-1.05,25.5234,-47.2007,-21.1326,1014.81
51134,-0.45911,9.8087,1.17169,-1.68,-4.41,-1.19,26.1917,-47.4782,-20.6893,1014.83
51140,-0.191296,9.59828,1.31038,-2.17,-3.71,0.28,25.9011,-46.1521,-20.4529,1014.83
51146,-0.353898,9.60306,1.44428,-0.63,-4.06,1.05,26.0464,-46.2755,-21.4429,1014.82
51152,-0.33955,9.61741,1.33907,0,-4.48,1.33,26.0173,-46.8306,-19.8914,1014.82
51158,-0.320421,9.56002,1.39168,0.63,-4.69,1.4,25.4943,-47.2315,-20.1573,1014.82
51164,-0.272597,9.53132,1.36298,1.26,-4.9,3.15,25.7849,-45.0727,-19.98,1014.83
51170,-0.210426,9.57436,1.39646,2.45,-5.11,2.73,26.4823,-46.368,-19.9357,1014.83
51176,-0.162602,9.27307,1.10952,-0.49,-5.11,2.87,25.9302,-47.0773,-19.3742,1014.8
51182,0.353898,9.80392,0.85605,2.38,-4.55,2.73,25.2619,-46.3989,-20.7188,1014.8
51188,-0.191296,9.8087,0.994739,1.54,-5.6,1.82,26.337,-45.2578,-20.4676,1014.87
51194,0,9.81349,1.30081,2.52,-5.46,1.47,25.843,-46.9231,-20.8223,1014.87
51200,0.0095648,9.90913,1.01865,2.52,-5.74,1.4,26.0464,-46.2447,-22.1374,1014.85
51206,-0.133907,9.56002,0.999522,0.98,-5.11,0.42,25.2909,-45.5045,-20.6597,1014.85
51212,0.37781,10.0191,0.703013,0.91,-5.18,-0.21,25.6105,-46.8306,-20.5563,1014.85
51218,-0.196078,9.81827,1.00909,0.56,-6.72,-0.84,26.3079,-46.954,-20.113,1014.82
51224,-0.0573888,9.70827,1.07604,0.14,-5.53,-0.42,26.1045,-44.9494,-20.5563,1014.82
51230,-0.095648,9.84696,1.19082,0.7,-6.09,-0.77,26.0173,-47.2315,-21.236,1014.83
51236,-0.11956,9.65567,1.18604,1.05,-6.37,-1.19,25.7849,-47.2007,-19.4037,1014.83
51242,-0.143472,9.82783,1.0856,0.98,-6.37,-1.33,25.349,-45.8437,-20.4233,1014.84
51248,-0.114778,9.73697,1.17169,0.49,-6.16,-1.61,26.0173,-44.5793,-20.8075,1014.84
51254,0.382592,9.67958,0.659971,1.68,-5.25,-1.47,26.1626,-47.324,-20.3347,1014.8
51260,0.105213,10.0191,0.793878,-2.1,-1.89,-2.45,25.9302,-46.183,-20.3494,1014.8
51266,0,9.32568,0.769966,-2.17,1.05,-1.47,26.3079,-45.6895,-21.1326,1014.82
51272,0.095648,9.45481,1.31994,-1.89,0.7,-1.89,26.0173,-46.7381,-21.0291,1014.82
51278,-0.483022,9.95696,0.913438,0.91,0.42,0.91,25.9592,-47.2624,-19.9061,1014.82
51284,-1.14299,8.57006,2.00861,4.97,-3.43,3.01,25.5234,-45.5045,-22.2408,1014.83
51290,-0.143472,9.84218,1.31038,3.5,-1.75,1.4,26.0464,-46.2138,-20.4381,1014.83
51296,-0.267814,9.63175,1.26734,3.78,-2.73,2.45,26.0464,-48.0334,-21.1769,1014.82
51302,-0.153037,9.52176,1.35342,4.9,-2.59,2.73,25.9883,-46.2447,-19.7879,1014.82
51308,-0.535629,9.49785,1.65471,6.02,-3.22,2.8,25.4362,-45.9979,-20.6302,1014.8
51314,-0.382592,9.82783,1.09995,4.2,-3.78,2.52,25.9592,-47.324,-20.7041,1014.8
51320,-0.10043,9.6748,0.918221,3.78,-2.45,2.59,26.4241,-46.8923,-19.4628,1014.8
51326,-0.45911,9.73697,1.12865,3.43,-3.15,2.31,25.5524,-45.4428,-18.7684,1014.8
51332,-0.320421,9.70827,0.918221,2.24,-2.66,3.92,25.2038,-47.2624,-21.2212,1014.8
51338,-0.368245,9.7561,0.966045,1.68,-3.22,4.34,25.9592,-46.4914,-20.0835,1014.86
51344,-0.282162,9.84218,0.932568,0.84,-4.27,4.06,25.6105,-45.5662,-20.6006,1014.86
51350,-0.11956,9.89479,0.899091,0.07,-3.99,3.43,26.1336,-46.5222,-19.8618,1014.84
51356,-0.129125,9.76088,0.989957,-0.42,-3.71,4.41,26.3951,-46.6764,-20.0391,1014.84
51362,-0.13869,9.72262,1.06169,-0.98,-3.29,4.34,25.4072,-45.1653,-21.2065,1014.84
51368,0.0860832,9.8087,1.03778,-0.07,-2.24,3.57,25.2328,-45.8129,-19.6993,1014.84
51374,-0.267814,9.71784,1.15734,-0.91,-1.47,3.99,25.9302,-47.3549,-19.4481,1014.82
51380,-0.57867,9.02917,1.42516,-0.35,-1.96,4.83,25.2038,-46.1521,-19.7879,1014.82
51386,-0.200861,9.3735,1.07604,0.49,-3.22,7.07,25.7268,-45.9363,-20.6745,1014.82
51392,-0.143472,9.69392,1.1956,0.21,-2.87,7.98,25.32,-46.954,-19.4924,1014.85
51398,0.0430416,9.60784,1.31516,0.63,-2.03,7.42,24.9422,-47.6633,-18.0886,1014.85
51404,0.0669536,9.86131,1.21473,0.28,-2.45,7.14,25.0004,-45.4737,-20.5267,1014.84
51410,0.215208,9.78001,1.37733,0.42,-2.52,6.65,25.4943,-46.183,-20.6302,1014.84
51416,0.229555,9.74175,1.36777,1.68,-1.47,5.81,24.2739,-47.2315,-19.98,1014.83
51422,0.181731,9.77523,1.3869,2.31,-2.03,4.69,25.5524,-46.6764,-19.6697,1014.83
51428,0.114778,9.78957,1.3869,3.08,-3.08,3.99,25.0004,-46.1213,-21.3394,1014.83
51434,0.25825,9.84218,1.17169,3.22,-1.96,3.71,25.5234,-48.1259,-20.113,1014.83
51440,0.0430416,9.88044,1.32951,3.43,-1.82,3.29,25.1747,-47.1698,-19.9357,1014.82
51446,0.0908656,9.82305,1.18604,3.78,-2.31,2.59,25.3781,-46.2138,-20.0835,1014.82
51452,0.0382592,9.89957,1.14778,3.85,-2.17,2.45,25.4072,-46.9231,-20.2164,1014.82
51458,0.0621712,9.88044,1.14299,3.43,-2.66,1.89,25.1166,-47.2007,-19.7584,1014.79
51464,0.0382592,9.89479,1.08082,3.36,-2.73,1.33,25.5524,-46.1213,-20.8075,1014.79
51470,0.0095648,9.81827,1.09995,2.94,-2.24,1.47,25.4362,-47.139,-19.5367,1014.84
51476,0.0191296,9.83261,1.14778,2.73,-2.24,1.33,26.5113,-47.7558,-19.9505,1014.84
51482,-0.0334768,9.78957,1.15256,2.8,-2.52,0.91,25.4943,-45.9054,-19.3446,1014.8
51488,-0.0191296,9.76088,1.1143,2.17,-2.45,1.47,25.2038,-46.5222,-20.0391,1014.8
51494,-0.0286944,9.81349,1.11908,2.8,-2.03,1.4,25.0004,-47.725,-20.4233,1014.81
51500,0.071736,9.85653,1.01865,2.52,-1.33,0.84,25.6396,-47.2007,-20.7779,1014.81
51506,-0.253467,9.69392,1.22908,2.87,-1.19,1.19,25.7849,-46.0596,-20.97,1014.81
51512,-0.172166,9.61741,1.24821,2.73,-1.61,1.89,25.1747,-46.5531,-18.9604,1014.8
51518,-0.023912,9.78957,1.1143,2.59,-1.96,2.03,25.5234,-47.7866,-18.458,1014.8
51524,0.047824,9.79436,1.1143,2.52,-1.68,2.1,25.9592,-45.597,-19.9209,1014.83
51530,0.047824,9.81827,1.12386,2.24,-2.24,1.54,25.6977,-46.9848,-19.4628,1014.83
51536,-0.0095648,9.77044,1.15734,2.03,-2.03,1.4,25.9011,-47.4474,-19.3742,1014.82
51542,-0.0047824,9.74653,1.17647,2.24,-1.61,1.96,25.7849,-45.8746,-19.0196,1014.82
51548,-0.0143472,9.83261,1.16212,1.82,-1.61,1.82,25.9302,-46.183,-19.2116,1014.79
51554,0,9.85653,1.07604,1.4,-2.24,1.33,25.9011,-47.6324,-18.7536,1014.79
51560,0.0669536,9.83261,1.09039,1.54,-2.24,1.12,26.4532,-46.4914,-18.591,1014.81
51566,0.0573888,9.89479,1.06169,1.19,-2.03,1.19,26.0173,-45.6895,-20.837,1014.81
51572,0.0765184,9.87087,1.11908,0.7,-2.24,0.98,25.4072,-46.6147,-20.2903,1014.81
51578,0.0430416,9.87087,1.0856,0.49,-2.17,0.35,25.843,-46.7073,-20.837,1014.82
51584,0.0095648,9.85653,1.12386,0.21,-2.66,0.35,25.7558,-45.8129,-19.0196,1014.82
51590,0.0526064,9.84218,1.07604,-0.07,-2.17,-0.21,24.8551,-47.0773,-19.4628,1014.82
51596,0.0669536,9.85653,1.04735,-0.7,-2.24,0.28,25.2619,-47.1082,-18.3251,1014.82
51602,0.047824,9.88044,0.980392,-0.42,-1.61,-0.35,25.2619,-46.3063,-19.8175,1014.81
51608,-0.243902,9.60784,1.31516,-0.77,-1.54,0.28,25.2038,-45.6587,-20.6597,1014.81
51614,-0.13869,9.54567,1.34385,0.42,-1.96,0.98,25.3781,-48.1259,-20.2608,1014.82
51620,-0.095648,9.70349,1.24821,0.42,-2.1,1.12,25.7849,-46.8923,-19.1378,1014.82
51626,0.0430416,9.68914,1.23864,0.63,-1.61,1.19,25.4072,-45.412,-20.0539,1014.82
51632,-0.0334768,9.76566,1.18125,0.63,-1.33,1.54,25.1166,-47.0465,-19.0639,1014.8
51638,-0.0143472,9.76566,1.20516,0.98,-1.89,1.68,25.6687,-47.1698,-19.4481,1014.8
51644,0.0430416,9.80392,1.16212,0.7,-1.89,1.61,25.4362,-46.0288,-19.4776,1014.82
51650,0.0047824,9.81827,1.17647,0.84,-2.24,1.12,25.9883,-46.8923,-19.5072,1014.82
51656,0.0526064,9.77044,1.20516,0.98,-2.52,0.91,25.5815,-47.3857,-18.0443,1014.81
51662,0.071736,9.86131,1.11908,1.05,-2.1,0.84,25.4943,-46.7998,-18.8275,1014.81
51668,0.0860832,9.89957,1.10952,0.56,-2.31,0.91,25.1456,-46.2755,-20.1721,1014.85
51674,0.0813008,9.91392,1.01387,-0.21,-2.1,1.05,25.8139,-47.0157,-19.2116,1014.85
51680,0,9.85653,1.09995,-0.21,-2.52,0.49,25.6105,-46.8615,-20.1869,1014.85
51686,0.0526064,9.79914,1.10952,-0.49,-2.8,0.56,25.0294,-45.7821,-20.8518,1014.84
51692,0.023912,9.78479,1.12865,-0.63,-2.1,0.84,25.3781,-47.139,-18.591,1014.84
51698,0,9.75131,1.16691,-0.21,-1.96,0.63,24.8551,-47.2007,-19.6549,1014.8
51704,-0.133907,9.65088,1.31516,0.49,-1.68,0.7,25.2038,-46.1521,-19.7288,1014.8
51710,-0.0526064,9.64132,1.32472,0.7,-1.68,1.54,25.2619,-47.1698,-19.6845,1014.84
51716,-0.129125,9.61741,1.28647,1.19,-1.54,1.89,24.826,-48.0642,-18.9457,1014.84
51722,-0.224773,9.44046,1.47776,2.38,-2.24,2.24,25.5524,-46.3989,-21.5463,1014.81
51728,-0.0573888,9.70827,1.25299,2.59,-2.45,2.73,25.9883,-46.7998,-20.379,1014.81
51734,0.0430416,9.68436,1.25777,2.59,-2.24,2.66,24.7098,-47.7558,-20.8962,1014.81
51740,0.0286944,9.71305,1.28647,2.94,-3.01,2.66,24.6517,-46.8306,-20.3494,1014.81
51746,0.143472,9.6748,1.2769,2.8,-2.73,2.66,25.5815,-45.3503,-19.8323,1014.81
51752,0.0860832,9.71305,1.24821,3.36,-2.87,2.1,25.3781,-46.8306,-19.3594,1014.84
51758,0.0813008,9.76566,1.20038,3.64,-2.94,1.96,25.0875,-47.1698,-19.1378,1014.84
51764,0.0334768,9.74175,1.21951,3.64,-3.08,2.1,25.4362,-45.2886,-20.1426,1014.82
51770,0.109995,9.79914,1.15256,3.43,-3.22,1.26,24.8551,-47.0773,-20.3494,1014.82
51776,0.0430416,9.84696,1.14299,3.5,-3.22,1.47,25.4072,-47.1082,-19.9357,1014.84
51782,0.0382592,9.79914,1.14778,2.94,-3.43,1.19,24.5645,-46.368,-18.9309,1014.84
51788,0.0382592,9.84218,1.1143,2.45,-3.08,1.61,25.6977,-46.2447,-20.97,1014.84
51794,0.0382592,9.8374,1.12865,2.52,-3.15,1.61,25.1456,-47.1082,-19.3742,1014.84
51800,0.105213,9.84218,1.09039,2.03,-3.5,1.33,24.826,-47.2007,-19.8323,1014.84
51806,0.143472,9.88044,1.09517,1.47,-3.08,0.49,24.6517,-46.2138,-19.6697,1014.86
51812,0.13869,9.82783,1.10473,2.03,-3.22,0.14,25.6105,-47.725,-20.8075,1014.86
51818,0,9.74653,1.16691,1.4,-3.08,0.63,24.826,-47.2007,-20.246,1014.81
51824,0.0095648,9.7561,1.21473,1.82,-2.87,0.56,25.4943,-45.9671,-21.4133,1014.81
51830,-0.11956,9.6748,1.29125,2.1,-3.22,1.12,25.9592,-46.954,-20.0096,1014.82
51836,-0.071736,9.66523,1.27212,2.31,-2.59,1.33,25.2909,-47.2007,-20.0539,1014.82
51842,-0.023912,9.73697,1.20995,2.31,-3.29,1.68,24.4773,-46.7689,-20.5711,1014.81
51848,-0.0095648,9.68436,1.24342,2.87,-3.01,1.47,24.9422,-46.4914,-20.7632,1014.81
51854,0.095648,9.77523,1.17647,2.8,-3.01,1.75,24.7388,-47.6016,-19.2708,1014.81
51860,0.10043,9.76566,1.16212,2.1,-3.36,1.54,25.2328,-46.3372,-19.9948,1014.8
51866,0.109995,9.77523,1.1956,2.03,-3.22,1.33,25.1747,-46.183,-20.6745,1014.8
51872,0.205643,9.76088,1.15734,2.45,-3.5,0.63,24.9132,-47.4782,-19.4481,1014.8
51878,0.186514,9.78957,1.13343,2.1,-3.15,0.35,25.9592,-47.7866,-20.3347,1014.8
51884,0.162602,9.81827,1.21473,2.24,-2.73,0.07,24.8841,-45.8746,-20.7041,1014.82
51890,0.172166,9.78001,1.1956,2.03,-2.94,0.14,25.7268,-47.2007,-19.8914,1014.82
51896,0.0573888,9.7561,1.18125,2.45,-3.15,-0.84,25.5234,-47.8483,-19.8027,1014.83
51902,0.0143472,9.7561,1.21473,2.73,-3.78,-0.7,25.843,-46.8923,-20.0982,1014.83
51908,0.0573888,9.78001,1.20516,2.52,-3.85,-0.21,24.7388,-46.6764,-19.9948,1014.83
51914,0.0334768,9.82305,1.14299,2.03,-3.5,-0.35,25.5524,-48.1259,-19.7879,1014.83
51920,0.0526064,9.86131,1.12865,1.75,-3.15,-0.84,25.8139,-46.5222,-20.1869,1014.83
51926,0.10043,9.87087,1.07126,1.19,-3.36,-0.42,25.4072,-45.8437,-20.7336,1014.82
51932,0.0143472,9.79436,1.10952,1.05,-2.66,-0.7,25.4653,-46.7689,-19.5515,1014.82
51938,-0.114778,9.74653,1.22908,1.33,-3.15,0.21,25.3781,-47.0465,-19.4481,1014.83
51944,0.0191296,9.7274,1.24342,1.26,-3.78,-0.14,25.0294,-45.9054,-19.1378,1014.83
51950,0.0621712,9.80392,1.16691,1.54,-3.29,0.14,25.349,-46.4297,-19.7731,1014.81
51956,0.0382592,9.76566,1.22908,1.68,-3.22,0.49,25.9592,-47.8483,-18.9604,1014.81
51962,0.047824,9.77044,1.16212,1.68,-3.5,0,24.9713,-46.6456,-20.5267,1014.84
51968,0.0860832,9.78957,1.13821,1.19,-3.08,0.28,25.0294,-46.2138,-21.1178,1014.84
51974,0.105213,9.74175,1.1956,1.68,-3.36,-0.14,24.8841,-47.8483,-19.8027,1014.84
51980,0.124342,9.72262,1.25299,1.33,-3.78,-0.91,24.8551,-46.6764,-21.6054,1014.8
51986,0.11956,9.71784,1.25777,1.33,-3.57,-0.91,25.4072,-45.6895,-21.2212,1014.8
51992,0.0908656,9.77044,1.21951,1.75,-3.5,-0.63,25.349,-46.9231,-19.8766,1014.84
51998,0.0573888,9.75131,1.24342,1.61,-3.64,-1.19,25.7558,-47.5091,-19.7731,1014.84
52004,0.0334768,9.74175,1.26255,1.82,-3.71,-0.63,24.9713,-46.4297,-20.97,1014.83
52010,0.0286944,9.68436,1.2769,2.24,-3.57,-0.84,25.5815,-47.0465,-20.2164,1014.83
52016,0.0286944,9.68914,1.24821,2.59,-3.78,-1.12,25.6396,-48.1567,-19.6845,1014.8
52022,0.047824,9.74653,1.23386,2.59,-3.85,-0.91,25.2909,-46.5222,-19.6697,1014.8
52028,0.0382592,9.77523,1.20516,2.59,-3.99,-0.49,24.7098,-46.1213,-20.9996,1014.8
52034,0.0860832,9.77523,1.17169,2.38,-4.06,-1.12,25.5524,-47.2932,-20.1278,1014.8
52040,0.109995,9.79914,1.17169,2.17,-4.13,-1.19,25.32,-46.5531,-19.4628,1014.8
52046,0.095648,9.86131,1.13821,2.45,-4.2,-0.84,25.2619,-46.2447,-20.8518,1014.79
52052,0.071736,9.85174,1.12386,2.24,-4.41,-1.54,24.7098,-47.7558,-20.837,1014.79
52058,0.109995,9.82783,1.16212,1.96,-4.48,-1.54,25.5815,-47.5708,-19.5367,1014.79
52064,0.0908656,9.8087,1.15256,1.54,-3.99,-1.47,25.5524,-46.2755,-20.1869,1014.79
52070,0.0095648,9.79436,1.16691,1.47,-4.13,-1.68,25.2909,-46.7689,-21.0144,1014.8
52076,0.0047824,9.79436,1.16691,1.96,-3.99,-1.82,25.8139,-47.4474,-20.7041,1014.8
52082,0.0047824,9.79914,1.17169,1.4,-4.34,-1.54,25.349,-46.4297,-20.2164,1014.83
52088,0.0382592,9.75131,1.19082,1.68,-4.2,-1.61,25.4362,-45.9671,-19.7288,1014.83
52094,0.023912,9.77044,1.21951,1.82,-3.85,-1.47,25.4943,-47.6324,-19.1525,1014.83
52100,-0.0286944,9.74175,1.17169,1.61,-4.06,-1.61,25.5524,-47.2932,-18.6206,1014.83
52106,0,9.73218,1.26734,1.89,-4.48,-1.33,25.7558,-46.0596,-20.5858,1014.83
52112,-0.0382592,9.71784,1.28168,2.45,-4.62,-1.12,25.2328,-46.7689,-20.7927,1014.82
52118,0.0191296,9.69392,1.25299,2.59,-4.13,-1.12,25.1747,-47.5399,-19.8914,1014.82
52124,-0.0047824,9.69392,1.26734,3.01,-4.76,-1.05,25.1747,-45.4737,-20.1426,1014.84
52130,-0.0143472,9.70349,1.22429,3.29,-5.04,-0.63,25.2619,-46.1521,-20.0391,1014.84
52136,-0.023912,9.74653,1.28647,3.15,-4.9,-1.12,24.5645,-47.0157,-19.9061,1014.84
52142,0.0191296,9.73218,1.22908,3.43,-4.76,-0.56,25.1166,-46.8306,-21.103,1014.84
52148,0.047824,9.75131,1.17647,3.85,-4.9,-0.56,25.7849,-46.0596,-20.5858,1014.84
52154,0.0047824,9.73218,1.17647,3.5,-4.76,-0.7,25.9011,-48.095,-19.8323,1014.83
52160,0.0095648,9.73697,1.21951,3.85,-4.97,-0.42,24.9422,-47.9717,-20.4381,1014.83
52166,0.0334768,9.75131,1.16691,3.78,-4.55,-0.21,25.0585,-45.7512,-21.2508,1014.8
52172,0.0813008,9.80392,1.13821,4.06,-5.04,-0.7,25.3781,-47.5091,-21.4281,1014.8
52178,0.0765184,9.81827,1.12865,3.36,-5.04,-0.98,25.4653,-48.095,-20.6154,1014.83
52184,0.0621712,9.81349,1.10473,3.22,-4.62,-0.63,26.1626,-45.9671,-21.0587,1014.83
52190,0.0095648,9.83261,1.07604,2.94,-4.27,-0.35,25.8139,-47.2624,-20.5711,1014.81
52196,-0.0047824,9.84218,1.12386,2.59,-3.92,-0.84,25.6105,-47.6016,-19.7288,1014.81
52202,0.0047824,9.82305,1.09039,2.1,-3.99,-0.7,25.1456,-46.4297,-19.8618,1014.81
52208,0.0095648,9.78957,1.14299,1.82,-4.13,-0.77,25.1747,-47.2932,-21.2951,1014.84
52214,0.071736,9.79914,1.13821,2.03,-4.13,-0.98,25.4072,-47.8483,-21.5611,1014.84
52220,0.0669536,9.81349,1.16212,1.61,-3.64,-0.91,25.9302,-47.2315,-20.6302,1014.87
52226,0.129125,9.80392,1.12386,1.4,-3.64,-1.54,25.7268,-45.5045,-20.2755,1014.87
52232,0.10043,9.79436,1.12386,1.33,-3.29,-1.54,25.843,-47.2315,-21.2212,1014.83
52238,0.0382592,9.81349,1.09995,1.19,-3.22,-1.47,25.2619,-47.1082,-21.502,1014.83
52244,-0.0047824,9.82305,1.13343,0.7,-2.94,-1.68,24.797,-45.6895,-21.103,1014.82
52250,0.071736,9.81349,1.11908,0.63,-3.5,-2.1,25.2038,-47.139,-21.8418,1014.82
52256,0.0047824,9.77044,1.21473,0.56,-3.29,-1.61,25.4362,-48.2801,-21.3099,1014.82
52262,-0.0143472,9.69392,1.25777,1.12,-3.29,-1.19,25.6396,-46.9848,-21.4133,1014.82
52268,-0.0860832,9.72262,1.25299,0.98,-3.64,-1.68,25.5815,-46.2138,-21.8123,1014.82
52274,-0.105213,9.72262,1.25299,0.98,-3.15,-0.98,25.6105,-48.3418,-21.3394,1014.81
52280,-0.0860832,9.66045,1.26734,1.61,-2.87,-0.98,25.1166,-47.5091,-20.2608,1014.81
52286,-0.0047824,9.73218,1.22908,1.96,-3.36,-0.77,25.5524,-46.7998,-21.4429,1014.82
52292,0.0430416,9.7274,1.17169,2.38,-3.43,-0.56,25.2328,-47.5091,-20.7041,1014.82
52298,0.0382592,9.76566,1.14778,1.89,-3.36,-0.7,25.4653,-48.3418,-21.2803,1014.82
52304,0.023912,9.82783,1.09039,1.68,-3.36,-1.12,24.797,-46.2447,-21.7384,1014.82
52310,0.0191296,9.82305,1.0856,1.33,-3.08,-1.61,25.2909,-46.6456,-20.7188,1014.81
52316,0,9.83261,1.07126,0.98,-3.08,-0.84,25.6977,-47.6324,-18.9161,1014.81
52322,0.0143472,9.78957,1.09039,0.77,-3.15,-1.33,25.2038,-47.2624,-21.2951,1014.81
52328,0,9.8374,1.17647,0.84,-3.43,-1.68,25.6105,-46.4605,-20.4085,1014.78
52334,0.0047824,9.74653,1.21473,0.7,-2.73,-1.4,25.9883,-47.5091,-19.6254,1014.78
52340,0.0143472,9.79436,1.21473,0.98,-3.15,-1.05,25.0004,-46.8923,-19.8766,1014.81
52346,0.0191296,9.73218,1.18604,1.05,-2.73,-1.33,25.349,-45.2578,-20.5711,1014.81
52352,-0.0191296,9.74175,1.25299,0.7,-3.01,-1.26,25.2328,-46.6147,-20.0835,1014.79
52358,-0.0908656,9.69392,1.25299,1.33,-3.01,-0.91,25.1166,-47.8792,-20.4085,1014.79
52364,-0.047824,9.68436,1.29603,1.82,-2.52,-0.84,25.843,-46.0596,-21.1917,1014.84
52370,-0.0191296,9.69871,1.22908,1.61,-2.8,-0.98,25.6396,-46.7381,-20.4824,1014.84
52376,-0.047824,9.73697,1.20038,1.68,-3.57,-0.91,25.8139,-48.0334,-19.1525,1014.84
52382,0.0143472,9.76566,1.17647,2.03,-3.15,-0.84,25.0585,-46.183,-20.113,1014.82
52388,0.023912,9.82305,1.10952,1.89,-3.29,-1.19,25.0585,-45.8746,-19.5367,1014.82
52394,-0.0047824,9.90435,1.08082,1.4,-3.64,-1.26,25.349,-47.2315,-19.4037,1014.78
52400,0.0095648,9.85174,1.10952,1.05,-2.87,-1.47,24.5936,-47.3857,-21.0882,1014.78
52406,0,9.83261,1.13343,1.12,-2.38,-1.47,25.843,-46.1521,-20.7927,1014.8
52412,-0.0286944,9.84218,1.15734,0.49,-2.59,-1.68,26.1336,-47.3857,-20.6302,1014.8
52418,-0.0526064,9.77044,1.20516,0.28,-2.73,-0.91,25.5815,-47.324,-20.7188,1014.85
52424,-0.0526064,9.73697,1.25299,0.77,-2.87,-0.98,25.8721,-45.7204,-21.7827,1014.85
52430,-0.047824,9.7274,1.26734,0.98,-3.15,-1.26,25.4943,-47.2315,-19.6697,1014.8
52436,-0.0860832,9.71305,1.26734,1.12,-2.52,-0.77,26.0755,-47.4166,-20.6597,1014.8
52442,-0.0813008,9.72262,1.23864,1.4,-3.29,-0.77,25.7268,-47.0157,-20.9553,1014.8
52448,-0.0765184,9.69871,1.24821,1.4,-3.22,-0.91,25.6977,-46.5531,-21.8271,1014.86
52454,-0.0095648,9.74653,1.22908,1.61,-2.94,-0.35,26.0464,-46.6764,-21.9305,1014.86
52460,0.0095648,9.76566,1.17169,1.68,-3.36,-0.7,25.8139,-46.7073,-21.1474,1014.85
52466,-0.0334768,9.74175,1.1956,1.75,-3.71,-0.63,26.2498,-44.6718,-21.1326,1014.85
52472,-0.047824,9.74175,1.20038,1.33,-3.36,-0.56,25.5524,-47.1698,-21.1917,1014.83
52478,-0.0669536,9.76566,1.1956,1.68,-2.8,-0.42,26.2498,-47.4474,-19.8766,1014.83
52484,-0.0526064,9.75131,1.22429,1.68,-2.59,-0.28,25.6687,-45.2578,-20.1573,1014.83
52490,-0.0334768,9.7561,1.23864,1.4,-2.94,-0.56,25.2909,-45.597,-20.645,1014.83
52496,-0.0095648,9.82305,1.18125,1.75,-3.43,-0.28,25.7849,-47.6324,-19.8323,1014.83
52502,-0.0143472,9.83261,1.15734,1.47,-3.08,-0.56,25.6396,-46.2755,-22.0339,1014.83
52508,0.0334768,9.8087,1.18125,1.54,-3.22,-0.56,24.9422,-45.5045,-20.2755,1014.83
52514,0,9.80392,1.17169,1.26,-3.29,-0.63,25.6687,-47.9717,-20.7336,1014.84
52520,0.0047824,9.80392,1.20038,1.47,-3.29,-0.98,25.4943,-47.324,-21.5759,1014.84
52526,-0.0669536,9.76566,1.19082,1.47,-2.94,-0.84,26.337,-45.6895,-20.4972,1014.83
52532,-0.0669536,9.7274,1.23386,1.19,-3.15,-0.49,25.2328,-47.139,-20.4085,1014.83
52538,-0.0573888,9.7561,1.21473,1.26,-3.15,-0.7,25.6687,-46.6147,-20.1721,1014.82
52544,-0.0526064,9.73218,1.22908,1.26,-3.15,-0.28,25.4653,-46.0905,-19.4185,1014.82
52550,-0.105213,9.7274,1.29603,1.12,-3.29,0,25.6687,-46.7381,-22.093,1014.82
52556,-0.0526064,9.71784,1.24821,2.17,-3.57,-0.28,25.7558,-47.5708,-21.4577,1014.84
52562,-0.0765184,9.74175,1.22908,1.68,-3.64,-0.28,24.9422,-47.0773,-21.1178,1014.84
52568,-0.0382592,9.74175,1.22908,2.38,-3.57,0.14,25.2038,-46.3372,-20.7041,1014.82
52574,-0.071736,9.81349,1.24342,2.17,-3.5,0.84,25.6105,-47.4782,-19.6697,1014.82
52580,-0.0286944,9.76566,1.20995,1.96,-3.15,-0.14,25.9011,-47.0465,-19.6402,1014.84
52586,-0.0191296,9.79436,1.18604,2.03,-3.08,-0.07,25.4653,-45.3503,-21.5906,1014.84
52592,-0.0191296,9.77523,1.18125,1.89,-2.87,0.28,25.5815,-47.4782,-20.8223,1014.81
52598,-0.0430416,9.79436,1.22908,2.17,-3.22,0.21,25.5815,-47.324,-20.4824,1014.81
52604,-0.0621712,9.76566,1.22908,1.89,-2.94,-0.28,25.4653,-46.2447,-21.5759,1014.85
52610,-0.071736,9.75131,1.21473,1.89,-3.64,0.28,25.2619,-46.3989,-21.4281,1014.85
52616,-0.0430416,9.76566,1.21473,1.75,-2.94,0.14,25.6977,-47.5708,-21.1917,1014.85
52622,-0.0430416,9.7561,1.20516,1.75,-3.43,0.28,25.843,-46.8306,-21.3838,1014.85
52628,-0.0526064,9.79914,1.20995,1.96,-2.94,0.91,25.2619,-45.8129,-21.5759,1014.85
52634,-0.0430416,9.74653,1.21951,1.4,-2.73,0.42,25.7558,-47.8175,-20.9848,1014.82
52640,-0.0621712,9.7561,1.24342,1.68,-3.29,0.7,25.4362,-46.7998,-21.4872,1014.82
52646,-0.0765184,9.77044,1.28168,2.03,-3.36,0.56,25.7849,-45.2886,-19.5515,1014.82
52652,-0.0382592,9.69392,1.1956,2.17,-3.15,0.91,25.7268,-46.8306,-20.7927,1014.82
52658,-0.0286944,9.7561,1.24821,2.1,-3.29,0.21,25.5815,-47.3549,-20.379,1014.8
52664,-0.023912,9.71784,1.25299,2.38,-3.01,0.84,26.0755,-45.4737,-22.3147,1014.8
52670,0.0191296,9.7561,1.23864,2.24,-3.15,1.33,25.9302,-46.4605,-20.0835,1014.8
52676,-0.023912,9.73697,1.22429,2.1,-2.59,1.05,25.349,-47.5091,-20.379,1014.84
52682,-0.0095648,9.77523,1.21473,2.73,-2.73,1.05,25.5815,-46.368,-21.0882,1014.84
52688,-0.0573888,9.77523,1.22908,2.17,-3.01,0.42,25.5234,-45.7512,-21.1326,1014.81
52694,-0.0334768,9.78957,1.18604,2.1,-2.59,0.28,25.8721,-46.8923,-20.3347,1014.81
52700,-0.0143472,9.79436,1.17169,2.45,-3.29,0.7,25.349,-46.2138,-19.7288,1014.81
52706,-0.0095648,9.82783,1.16212,1.68,-2.87,0.7,25.5524,-46.3063,-20.7632,1014.81
52712,0,9.79914,1.20038,2.03,-3.36,0,25.4072,-47.2932,-20.6154,1014.82
52718,-0.0143472,9.80392,1.18604,1.54,-2.94,0.56,26.1336,-47.8175,-20.1426,1014.82
52724,0.023912,9.86131,1.13343,1.54,-2.87,0.21,25.7268,-46.1213,-20.3199,1014.82
52730,0.0286944,9.8087,1.18125,1.4,-2.73,-0.21,25.6977,-46.5839,-21.8418,1014.84
52736,0.0143472,9.78479,1.21473,1.54,-3.22,-0.07,25.9883,-47.3549,-21.502,1014.84
52742,-0.023912,9.77044,1.21473,1.61,-3.22,-0.14,25.4362,-46.2755,-21.4872,1014.77
52748,-0.0143472,9.78001,1.21951,1.4,-2.8,0.21,25.843,-45.0111,-21.502,1014.77
52754,-0.0143472,9.74653,1.20038,1.26,-3.29,0.07,26.1917,-47.3549,-20.645,1014.81
52760,-0.0382592,9.73697,1.23864,1.75,-3.29,-0.42,25.6105,-46.2138,-21.7384,1014.81
52766,-0.0765184,9.71305,1.22908,2.03,-3.22,0.14,25.6687,-44.6718,-21.7089,1014.84
52772,-0.0573888,9.71305,1.28168,1.96,-3.29,0.42,25.32,-46.0288,-21.2656,1014.84
52778,-0.0526064,9.70349,1.26255,2.38,-3.22,0.56,25.6396,-47.2624,-20.9109,1014.81
52784,-0.0621712,9.71305,1.25777,2.1,-3.01,0.35,25.4943,-45.7204,-20.3199,1014.81
52790,-0.047824,9.73697,1.21473,2.59,-3.15,0.21,26.4241,-45.4737,-20.4529,1014.81
52796,-0.0095648,9.73697,1.22429,2.59,-2.66,0.91,25.2909,-47.324,-19.9652,1014.84
52802,-0.0047824,9.7561,1.20516,2.31,-3.36,0.91,25.4653,-45.9671,-19.7731,1014.84
52808,-0.0430416,9.74653,1.19082,2.45,-3.08,0.7,25.1456,-45.8437,-20.8666,1014.8
52814,-0.0143472,9.79914,1.20038,2.8,-2.8,0.91,26.0755,-46.7689,-19.6254,1014.8
52820,0,9.79914,1.17169,2.45,-3.08,0.77,25.32,-46.4297,-19.7436,1014.81
52826,0.0143472,9.86131,1.15734,2.17,-3.08,0.63,25.9302,-45.4428,-19.4776,1014.81
52832,-0.0047824,9.80392,1.15256,2.38,-3.43,0.49,25.2909,-46.9848,-19.9357,1014.81
52838,0.0191296,9.79436,1.18125,1.68,-3.36,0.63,25.9883,-46.3063,-20.0835,1014.81
52844,-0.0047824,9.74175,1.20038,1.96,-2.8,0.42,25.8721,-45.8437,-18.5763,1014.81
52850,0.0047824,9.78957,1.23864,1.89,-3.29,0.84,25.5524,-46.6764,-20.1573,1014.83
52856,0.0047824,9.80392,1.20038,1.82,-3.5,0.35,25.6105,-47.5708,-19.8027,1014.83
52862,-0.0095648,9.75131,1.20038,1.89,-3.22,0.7,25.2038,-46.6147,-20.6745,1014.83
52868,-0.0143472,9.74175,1.24821,2.1,-3.29,0.35,25.9883,-47.3857,-22.8023,1014.83
52874,-0.023912,9.7561,1.22908,1.61,-3.22,0.35,25.2619,-47.6941,-19.1673,1014.83
52880,-0.0047824,9.75131,1.21951,2.17,-3.15,0.42,25.5234,-47.0157,-20.8814,1014.83
52886,-0.023912,9.7561,1.21951,2.38,-3.15,0.21,25.6977,-46.0905,-20.5563,1014.81
52892,-0.0286944,9.7561,1.21951,1.96,-3.01,1.19,24.8841,-46.954,-21.6497,1014.81
52898,0.023912,9.76088,1.21473,1.96,-3.15,0.42,25.4072,-47.5708,-20.113,1014.8
52904,0.0191296,9.80392,1.1956,2.17,-3.43,0.56,25.6105,-45.7512,-21.6941,1014.8
52910,0.0286944,9.78001,1.20038,2.24,-3.5,0.56,25.349,-46.3372,-21.4281,1014.8
52916,-0.0095648,9.77523,1.18604,2.45,-3.22,0.35,25.8721,-47.725,-20.3051,1014.86
52922,-0.0095648,9.76566,1.17169,2.17,-3.29,0.42,25.0875,-46.2138,-21.3838,1014.86
52928,0,9.78957,1.17647,2.03,-3.29,0.7,24.6517,-46.1521,-20.6597,1014.86
52934,0.0047824,9.79914,1.18125,1.96,-3.08,0.98,25.2909,-47.725,-19.9357,1014.86
52940,0.0143472,9.79914,1.14778,1.82,-2.94,-0.14,25.6687,-47.7866,-20.3199,1014.82
52946,0.0813008,9.79436,1.18604,1.61,-3.29,-0.21,24.8551,-46.0596,-20.5858,1014.82
52952,0.047824,9.77523,1.19082,1.89,-3.36,0.63,25.2328,-47.6016,-20.3199,1014.87
52958,0.0095648,9.7561,1.20995,2.24,-3.01,0.21,25.6977,-47.725,-20.4676,1014.87
52964,-0.0382592,9.74653,1.25299,2.24,-3.01,0.35,25.2328,-46.7998,-21.6202,1014.87
52970,0.0095648,9.73697,1.23864,2.66,-3.29,0.28,25.0585,-46.6764,-20.0096,1014.84
52976,-0.0095648,9.73218,1.18125,1.89,-3.71,-0.28,26.0173,-47.8483,-20.5563,1014.84
52982,0,9.77044,1.19082,2.59,-3.43,0.63,25.4653,-46.3063,-19.9209,1014.86
52988,-0.0143472,9.76566,1.21473,2.1,-3.22,0.21,25.7849,-46.3372,-19.5219,1014.86
52994,-0.047824,9.78001,1.22429,2.17,-2.94,0.35,25.4362,-47.4782,-19.4628,1014.84
53000,0.023912,9.7274,1.22429,2.17,-3.57,-0.07,25.7849,-47.324,-19.714,1014.84
53006,0.0047824,9.7561,1.21951,2.24,-3.01,0.35,25.4653,-46.0905,-19.9652,1014.81
53012,0.047824,9.77523,1.19082,2.45,-3.29,0.49,26.0755,-47.1698,-19.9357,1014.81
53018,0.047824,9.78957,1.1956,2.38,-3.22,-0.21,26.2207,-47.4166,-20.0687,1014.81
53024,0.023912,9.80392,1.18125,2.38,-3.01,-17.78,25.2909,-46.5222,-19.9357,1014.81
53030,0,9.79914,1.13821,1.61,-3.15,0.14,25.1456,-46.7998,-20.2608,1014.81
53036,0.0047824,9.79914,1.14299,2.03,-3.43,0.21,25.0585,-47.9717,-21.0735,1014.82
53042,0.0191296,9.80392,1.17647,1.68,-3.01,0,25.5524,-46.6456,-20.0687,1014.82
53048,0.0047824,9.78479,1.22429,1.68,-3.15,-0.14,25.9883,-46.5222,-20.0243,1014.82
53054,0.0143472,9.78957,1.17647,1.68,-3.01,0.07,25.3781,-48.1876,-19.1969,1014.82
53060,0.023912,9.79436,1.19082,1.61,-2.8,0.21,25.4362,-46.9231,-20.2608,1014.85
53066,0.0382592,9.79914,1.18604,1.61,-3.29,-0.35,25.1456,-45.8746,-20.4381,1014.85
53072,-0.0143472,9.73697,1.20995,2.03,-3.29,-0.49,25.6687,-47.6324,-21.0291,1014.83
53078,-0.023912,9.72262,1.28168,2.03,-2.87,-0.21,25.4362,-47.725,-19.3594,1014.83
53084,-0.0047824,9.71784,1.20995,2.1,-3.01,-0.07,25.4943,-46.3989,-20.4824,1014.83
53090,-0.0286944,9.7561,1.1956,1.61,-3.29,0.84,25.7268,-47.0157,-20.0982,1014.81
53096,0.0573888,9.7561,1.20038,2.31,-2.87,0.14,25.8139,-47.7866,-20.4972,1014.81
53102,0,9.7561,1.20038,2.45,-3.01,0.07,26.0173,-46.2138,-20.0096,1014.86
53108,0.0286944,9.76566,1.20516,2.24,-3.64,-0.56,25.9011,-46.5839,-19.9948,1014.86
53114,0.0573888,9.74653,1.22429,2.52,-3.57,0,26.0173,-48.3726,-20.5415,1014.86
53120,0.071736,9.77523,1.18604,1.82,-3.01,-0.14,25.7849,-46.954,-20.0539,1014.86
53126,0.023912,9.8087,1.15734,2.24,-3.01,-0.14,25.6396,-45.9671,-20.6893,1014.82
53132,0.0526064,9.82783,1.14299,1.75,-2.8,-0.91,26.0755,-46.5839,-20.3051,1014.82
53138,0.0669536,9.78479,1.12865,1.54,-3.08,-0.28,26.0464,-47.7558,-19.5072,1014.82
53144,0.047824,9.8087,1.17647,1.61,-3.15,-0.42,26.2789,-45.4428,-20.2164,1014.84
53150,-0.0095648,9.78001,1.20038,1.68,-2.87,-0.63,26.5694,-45.597,-20.3938,1014.84
53156,-0.0143472,9.73218,1.23864,1.68,-2.59,-0.7,25.6687,-47.725,-20.8075,1014.84
53162,-0.0191296,9.74653,1.22908,1.68,-2.73,-0.77,25.9592,-46.0596,-18.9161,1014.84
53168,-0.0334768,9.7274,1.22429,1.26,-3.15,-0.21,25.349,-46.5222,-19.8618,1014.83
53174,-0.047824,9.73697,1.19082,1.4,-3.29,-0.42,25.2328,-47.91,-20.8075,1014.83
53180,-0.047824,9.78957,1.20516,2.31,-3.36,-0.21,25.6977,-46.1521,-19.2855,1014.82
53186,-0.0191296,9.79914,1.18604,1.47,-2.73,-0.28,25.0585,-45.9671,-19.5663,1014.82
53192,-0.0095648,9.76566,1.17647,1.33,-2.87,0.07,25.2038,-46.7998,-20.6597,1014.82
53198,-0.0143472,9.7561,1.17647,1.47,-2.94,-0.14,25.6105,-47.7866,-19.3299,1014.84
53204,0,9.73218,1.22908,1.47,-2.87,-0.14,25.6396,-45.9979,-19.7879,1014.84
53210,-0.0382592,9.73697,1.23386,1.75,-2.87,0.28,25.1747,-46.0596,-19.8175,1014.82
53216,-0.0191296,9.76566,1.19082,1.47,-3.29,-0.28,24.9713,-47.5708,-19.7584,1014.82
53222,0.0047824,9.80392,1.20995,1.54,-3.43,-0.07,25.0294,-46.3989,-19.8323,1014.84
53228,0.0095648,9.74653,1.22908,1.68,-3.15,0,25.4362,-45.8437,-20.6006,1014.84
53234,0.0382592,9.76566,1.20516,1.47,-3.78,-0.35,25.4943,-47.6324,-19.1969,1014.82
53240,0.0334768,9.78479,1.20995,1.68,-2.73,0.14,24.7098,-47.7866,-20.113,1014.82
53246,-0.0191296,9.77523,1.22908,1.4,-2.8,-0.07,24.6807,-46.3063,-20.5563,1014.84
53252,-0.0095648,9.75131,1.20995,1.89,-2.8,-0.35,24.9422,-47.7558,-19.9061,1014.84
53258,0,9.76566,1.23864,1.47,-3.29,-0.14,25.0875,-48.095,-19.5219,1014.84
53264,-0.0047824,9.73697,1.20995,1.75,-3.5,0.42,24.5645,-45.8129,-19.6254,1014.81
53270,0.0095648,9.74175,1.22429,1.96,-3.43,-0.28,24.9422,-46.6764,-20.9553,1014.81
53276,0.0286944,9.76566,1.22429,2.24,-3.29,-0.35,25.4072,-47.8792,-20.4381,1014.8
53282,-0.0047824,9.74653,1.21473,2.17,-3.36,0.28,24.6517,-47.91,-21.1474,1014.8
53288,-0.0430416,9.78957,1.17169,1.96,-3.08,-0.28,25.4943,-46.8306,-19.9061,1014.81
53294,-0.0334768,9.78479,1.1956,1.89,-2.94,0.14,25.2909,-47.91,-19.5958,1014.81
53300,0,9.7561,1.18604,1.82,-3.01,0.07,25.5234,-47.5708,-20.2312,1014.8
53306,0.0382592,9.76088,1.18604,2.31,-3.43,0.07,26.2789,-45.4737,-21.4281,1014.8
53312,0.0813008,9.78001,1.13821,1.61,-2.87,-0.14,25.7849,-47.1082,-21.5759,1014.8
53318,0.0286944,9.81349,1.17647,1.75,-3.01,-0.7,25.4362,-47.0465,-19.8027,1014.81
53324,0.0095648,9.80392,1.16691,1.54,-3.22,-0.77,25.843,-46.1213,-19.6845,1014.81
53330,0.0047824,9.79436,1.17647,1.26,-2.94,-0.21,25.6396,-45.6587,-21.4724,1014.83
53336,0.0047824,9.70827,1.25299,1.47,-2.87,-0.56,25.4072,-47.6324,-20.0982,1014.83
53342,-0.023912,9.71305,1.28168,1.54,-3.01,-0.49,25.2619,-46.4914,-20.0539,1014.83
53348,-0.0095648,9.73697,1.21951,1.89,-2.87,-0.21,25.4072,-46.183,-19.8766,1014.83
53354,-0.0191296,9.76088,1.1956,1.89,-2.87,0,25.6687,-46.9231,-20.246,1014.82
53360,-0.0430416,9.7274,1.22429,1.61,-3.22,-0.28,25.4943,-47.2624,-19.714,1014.82
53366,-0.0286944,9.71784,1.21951,1.82,-3.57,17.64,25.4362,-45.9979,-21.3247,1014.82
53372,-0.0191296,9.75131,1.22429,1.89,-2.8,0.14,25.0004,-47.2932,-19.0343,1014.8
53378,-0.0047824,9.73697,1.19082,2.03,-3.15,0,25.2909,-47.4474,-19.4776,1014.8
53384,-0.0430416,9.77523,1.21473,1.89,-3.15,0.77,24.1868,-45.5045,-19.4776,1014.81
53390,-0.0191296,9.75131,1.20516,1.96,-3.57,-0.28,25.2328,-45.6587,-19.9061,1014.81
53396,-0.0047824,9.76566,1.1956,1.96,-2.66,0.07,25.5815,-47.2007,-18.8275,1014.82
53402,0,9.79436,1.16691,2.03,-3.36,0.42,24.9713,-46.1213,-20.5711,1014.82
53408,0.0286944,9.76088,1.21951,1.68,-3.08,0.77,24.826,-44.9494,-20.6006,1014.83
53414,-0.0095648,9.76088,1.22429,2.03,-3.36,0.28,25.2909,-46.8923,-21.7975,1014.83
53420,-0.0191296,9.71305,1.21473,2.03,-2.94,0.21,25.2328,-46.8615,-21.5168,1014.83
53426,0.0573888,9.8087,1.22908,1.96,-3.08,0.7,25.6105,-45.4737,-19.9061,1014.83
53432,0.0669536,9.79436,1.23386,1.89,-3.22,-0.07,25.1166,-46.368,-19.8323,1014.83
53438,0.0430416,9.8087,1.19082,2.38,-3.08,-0.07,25.4943,-47.2624,-20.3199,1014.82
53444,-0.0191296,9.78479,1.20038,2.1,-3.5,-0.21,25.0294,-45.9054,-19.6106,1014.82
53450,0,9.77523,1.20038,2.59,-3.15,-0.49,25.2328,-45.8129,-20.4676,1014.8
53456,-0.0191296,9.76088,1.22429,1.96,-3.15,-0.42,25.4362,-47.0157,-21.2803,1014.8
53462,-0.023912,9.7561,1.22908,1.96,-3.57,0.28,24.826,-45.7512,-20.3938,1014.81
53468,-0.0143472,9.78479,1.16212,2.24,-3.29,0.21,24.7388,-45.7512,-20.1278,1014.81
53474,-0.0191296,9.78957,1.20995,1.89,-2.45,0.21,24.3321,-47.91,-20.2017,1014.81
53480,0,9.7561,1.17647,2.1,-3.15,0,25.2619,-47.0157,-20.113,1014.81
53486,-0.0143472,9.73218,1.18604,2.1,-2.94,0.35,25.4653,-45.7204,-21.3099,1014.81
53492,-0.0334768,9.79436,1.1956,1.89,-3.36,0.07,25.3781,-47.2007,-19.6106,1014.84
53498,0.0191296,9.79436,1.17647,1.96,-3.29,-0.21,25.32,-47.2932,-19.4185,1014.84
53504,0.0191296,9.8087,1.17647,1.82,-3.01,-17.85,25.0875,-46.3372,-19.5515,1014.83
53510,0.047824,9.78957,1.18604,1.61,-3.29,-0.21,25.6977,-46.2447,-20.1721,1014.83
53516,0.0430416,9.82783,1.18125,1.75,-3.29,-0.14,24.826,-47.4166,-18.6058,1014.82
53522,0.0095648,9.78479,1.21951,1.68,-2.87,0,24.4483,-46.4914,-20.1278,1014.82
53528,0.0286944,9.75131,1.21951,2.1,-2.66,-0.21,25.5815,-45.7512,-19.98,1014.79
53534,0.0047824,9.75131,1.20995,1.75,-3.22,-0.56,25.4943,-46.8306,-19.8766,1014.79
53540,-0.0286944,9.77523,1.1956,1.89,-3.01,-0.21,25.5234,-46.3989,-20.3347,1014.79
53546,-0.0382592,9.74653,1.20516,1.75,-2.8,-0.35,25.9592,-45.0419,-20.2755,1014.8
53552,-0.0143472,9.76566,1.20516,1.54,-2.94,0.14,24.8841,-46.0905,-20.6597,1014.8
53558,-0.023912,9.71784,1.21951,1.89,-3.08,0.07,25.349,-47.4166,-20.3642,1014.8
53564,0.023912,9.77523,1.21473,1.96,-3.08,-0.21,25.3781,-46.2755,-21.3542,1014.8
53570,0.0526064,9.73697,1.17647,1.75,-2.87,-0.28,25.2909,-45.9671,-19.7584,1014.82
53576,-0.0143472,9.8087,1.21951,1.96,-3.08,-0.49,25.5234,-48.0025,-19.847,1014.82
53582,0.0334768,9.77523,1.14778,1.61,-2.73,-0.28,25.5524,-46.1521,-19.4776,1014.81
53588,-0.0430416,9.8087,1.20516,1.54,-2.94,0.35,25.1166,-45.9979,-21.0882,1014.81
53594,0.0621712,9.77523,1.19082,1.47,-2.24,-0.14,25.5524,-47.5399,-20.4824,1014.85
53600,-0.0047824,9.82305,1.18604,1.33,-2.38,0.14,25.0004,-46.6764,-18.99,1014.85
53606,0.0047824,9.78479,1.17647,1.61,-3.29,0.21,25.4072,-44.7952,-19.7879,1014.85
53612,0.0382592,9.76566,1.21473,1.75,-3.36,-0.21,25.0294,-46.3063,-19.1525,1014.83
53618,0.0143472,9.77044,1.22429,1.75,-3.01,-0.56,25.0294,-47.2624,-19.8323,1014.83
53624,0.0526064,9.78957,1.16691,1.96,-3.29,-0.28,25.5815,-45.6895,-19.9209,1014.8
53630,0.0143472,9.76566,1.22908,1.68,-3.43,0.07,25.1747,-46.368,-19.6402,1014.8
53636,0.0573888,9.74653,1.23864,2.24,-2.94,-0.49,26.2207,-47.6941,-19.5072,1014.83
53642,-0.0143472,9.76088,1.20516,2.03,-2.87,-0.56,24.826,-46.4914,-18.9309,1014.83
53648,-0.0095648,9.71784,1.21951,2.03,-3.15,-0.77,25.7558,-45.4428,-20.1426,1014.82
53654,-0.0382592,9.71305,1.20995,2.03,-3.15,-0.49,24.9713,-46.8923,-20.3494,1014.82
53660,0.071736,9.77044,1.19082,2.03,-2.94,0,25.3781,-47.4166,-20.9996,1014.82
53666,0.0669536,9.78001,1.21473,1.75,-2.8,-0.7,25.1456,-45.9363,-19.7584,1014.8
53672,-0.047824,9.86131,1.15256,1.82,-3.08,-1.05,24.8551,-46.8306,-20.1721,1014.8
53678,-0.023912,9.74653,1.1956,1.33,-3.29,0,25.2619,-47.6016,-19.8766,1014.81
53684,-0.047824,9.78957,1.1956,1.68,-2.87,0.14,25.0585,-45.9363,-21.0144,1014.81
53690,-0.0382592,9.77044,1.20995,1.47,-3.22,-0.56,25.4072,-45.5353,-21.2803,1014.81
53696,0,9.70349,1.22908,1.54,-2.45,-0.49,25.3781,-47.9408,-19.1378,1014.81
53702,-0.0191296,9.81349,1.19082,1.75,-2.8,-0.14,25.6396,-46.7689,-19.9948,1014.83
53708,-0.0430416,9.79914,1.18604,1.54,-2.66,0.35,25.0004,-46.4605,-20.2164,1014.83
53714,0.0191296,9.77044,1.21473,1.47,-3.08,0.63,25.1456,-47.139,-20.8518,1014.83
53720,-0.0143472,9.75131,1.1956,1.68,-2.66,0.35,25.7558,-47.6633,-20.7336,1014.84
53726,-0.0143472,9.75131,1.24342,1.68,-2.94,-0.28,24.7388,-45.4737,-20.0687,1014.84
53732,-0.023912,9.71305,1.25299,2.1,-3.15,0.28,25.6977,-47.3857,-20.2164,1014.82
53738,-0.0047824,9.77523,1.22908,1.68,-3.15,0.42,26.1336,-47.4782,-19.4185,1014.82
53744,-0.0334768,9.74175,1.2769,2.17,-3.29,0,25.5524,-45.9671,-21.0291,1014.84
53750,0.0143472,9.73218,1.22908,1.96,-3.5,0,25.7849,-46.183,-20.4824,1014.84
53756,0.0143472,9.73697,1.22429,2.03,-3.08,0.35,24.8551,-46.8923,-20.9405,1014.84
53762,0.023912,9.78001,1.19082,2.03,-2.66,0.42,25.4072,-46.7381,-19.6845,1014.84
53768,0.023912,9.74653,1.1956,1.96,-2.94,-0.07,25.9883,-45.9979,-20.1869,1014.82
53774,0.0191296,9.79914,1.20516,1.75,-3.57,0.07,25.6396,-47.5091,-21.236,1014.82
53780,0,9.78479,1.15734,1.89,-3.01,0.28,25.3781,-47.1698,-21.6202,1014.82
53786,0.0191296,9.79914,1.18604,1.82,-3.15,0.28,25.4653,-46.368,-21.1326,1014.79
53792,0,9.79436,1.17647,2.24,-3.01,0.14,25.32,-47.6633,-19.7731,1014.79
53798,0.0382592,9.79914,1.16691,1.89,-2.94,-0.07,25.5524,-47.7866,-18.7979,1014.83
53804,0.0334768,9.8087,1.16212,1.61,-3.15,-0.42,24.9713,-46.3063,-19.8766,1014.83
53810,0,9.77044,1.18604,1.47,-2.66,-0.35,25.0294,-45.8746,-19.6993,1014.83
53816,-0.0095648,9.75131,1.21473,1.47,-3.01,-0.42,25.4943,-47.2315,-20.0982,1014.83
53822,-0.0286944,9.71784,1.20038,1.68,-3.29,0.07,24.7388,-46.7073,-20.5711,1014.85
53828,-0.0095648,9.72262,1.25299,1.89,-3.22,0.49,25.7268,-44.641,-21.2951,1014.85
53834,-0.0334768,9.75131,1.22908,1.82,-3.29,0.14,25.5524,-47.2624,-21.4133,1014.85
53840,0,9.7274,1.21473,2.1,-3.15,0.07,25.7268,-46.3372,-20.4085,1014.83
53846,-0.0047824,9.71784,1.20516,2.1,-3.29,0.14,25.4653,-45.2269,-20.2608,1014.83
53852,0.0143472,9.78957,1.22908,2.31,-3.57,0.28,25.32,-46.4914,-21.1917,1014.82
53858,0.0573888,9.75131,1.23864,2.31,-3.15,0.35,25.6687,-46.9848,-19.1082,1014.82
53864,0.0526064,9.74653,1.1956,2.45,-2.94,0.14,24.7679,-45.2578,-20.2017,1014.85
53870,0.0143472,9.79914,1.19082,1.89,-3.29,0.14,25.4072,-45.4428,-20.0982,1014.85
53876,0,9.77523,1.18604,2.1,-3.29,0.35,25.7849,-46.8615,-20.4824,1014.85
53882,-0.0095648,9.78957,1.17647,2.17,-2.73,0,24.9132,-46.1213,-19.3446,1014.85
53888,0.047824,9.82783,1.14299,1.33,-2.8,0.28,24.7679,-45.4737,-21.9601,1014.85
53894,0.0382592,9.78001,1.16212,1.68,-2.94,0.07,25.2619,-47.3549,-19.8914,1014.8
53900,-0.0334768,9.77044,1.21951,1.82,-3.22,-0.56,25.8721,-46.8615,-20.2164,1014.8
53906,0.023912,9.77044,1.20038,1.61,-2.8,0.07,25.3781,-45.2578,-20.7336,1014.81
53912,-0.0047824,9.74175,1.20038,1.61,-3.08,0.56,25.2038,-46.8306,-20.8075,1014.81
53918,-0.047824,9.77044,1.21951,1.82,-3.08,0.07,25.5234,-47.91,-19.98,1014.82
53924,-0.0095648,9.71305,1.23386,1.68,-3.15,0.56,25.2328,-46.0905,-20.3347,1014.82
53930,-0.0286944,9.71305,1.23386,2.1,-3.29,0.49,24.8551,-46.6764,-20.2017,1014.82
53936,-0.0047824,9.76088,1.20995,1.96,-3.01,0.21,24.303,-47.3549,-19.2855,1014.82
53942,-0.0047824,9.75131,1.20516,1.75,-3.08,0.49,25.349,-45.4737,-19.9061,1014.82
53948,0.0047824,9.78479,1.20516,2.38,-3.29,0.42,24.7679,-45.5045,-21.1474,1014.82
53954,0.0334768,9.74175,1.20038,2.45,-2.87,0.77,24.7098,-46.6764,-20.5711,1014.82
53960,-0.0191296,9.78479,1.21951,2.31,-3.22,0.56,25.2619,-46.8306,-18.9457,1014.81
53966,-0.0095648,9.76088,1.20516,2.1,-3.64,0.35,24.9132,-45.3811,-20.4824,1014.81
53972,-0.0286944,9.75131,1.1956,2.45,-3.29,0.21,25.0004,-46.3372,-20.0539,1014.81
53978,0.0095648,9.77523,1.21473,2.24,-3.15,0.56,25.4362,-47.2624,-19.0343,1014.81
53984,0.0334768,9.78001,1.1956,2.17,-3.29,0.77,25.8139,-45.6895,-21.0439,1014.82
53990,0.0143472,9.79914,1.15734,2.1,-2.8,0.35,24.8551,-45.4428,-20.2755,1014.82
53996,0.047824,9.79914,1.16212,2.17,-3.15,0.84,25.7558,-47.2932,-20.5563,1014.8
54002,0.0430416,9.79436,1.17169,2.17,-3.15,-0.07,25.5815,-46.5531,-20.8223,1014.8
54008,0.0143472,9.81827,1.14778,2.03,-3.08,-0.21,25.6105,-45.2578,-20.4972,1014.8
54014,0.0286944,9.78479,1.16691,1.61,-3.29,0.14,25.6396,-46.9848,-20.2164,1014.8
54020,0.0191296,9.80392,1.15734,2.03,-3.22,0.42,25.6687,-46.8923,-19.9652,1014.8
54026,0.0286944,9.77044,1.19082,2.03,-3.01,-0.14,24.6517,-45.4737,-19.6993,1014.83
54032,0.0095648,9.7561,1.18604,1.75,-2.8,-0.21,25.0875,-46.4914,-19.6993,1014.83
54038,0,9.7561,1.24821,2.03,-3.01,0.14,24.9132,-47.7866,-20.0243,1014.82
54044,0.023912,9.75131,1.21473,2.03,-3.22,0.28,25.0004,-46.0905,-20.6893,1014.82
54050,-0.023912,9.75131,1.1956,1.82,-3.22,-0.07,25.1747,-45.9054,-19.7584,1014.83
54056,0.0143472,9.73218,1.20995,2.17,-2.8,0.63,24.9422,-47.7558,-18.7979,1014.83
54062,0,9.74653,1.24342,2.17,-3.57,-0.42,25.4943,-47.1698,-20.1426,1014.83
54068,0.0430416,9.74175,1.20038,2.03,-3.29,0.14,24.4192,-45.8129,-20.6302,1014.82
54074,0.0286944,9.78479,1.20995,2.45,-3.22,0.63,25.0294,-47.4474,-19.6845,1014.82
54080,0.0047824,9.77044,1.19082,2.03,-3.15,-0.35,24.8841,-46.4605,-20.4824,1014.81
54086,0,9.78001,1.15734,2.38,-3.15,-0.21,24.6517,-45.1036,-21.236,1014.81
54092,-0.0143472,9.8087,1.16212,1.96,-3.15,0.21,25.6687,-46.6147,-20.6154,1014.84
54098,0.0191296,9.77523,1.17169,2.52,-3.29,0.28,24.7388,-48.496,-21.7089,1014.84
54104,0.0621712,9.8087,1.16691,1.82,-3.08,-0.07,25.1456,-46.1521,-19.4628,1014.83
54110,0.0382592,9.78479,1.1956,1.54,-2.8,-0.56,24.9422,-46.5222,-18.8422,1014.83
54116,-0.0095648,9.79914,1.19082,2.17,-3.15,-0.21,25.32,-47.7558,-19.7584,1014.84
54122,0.0095648,9.8087,1.1956,1.75,-3.01,-0.42,25.5815,-46.7381,-20.4972,1014.84
54128,-0.0143472,9.74653,1.18604,2.03,-3.36,0.14,25.2909,-46.0288,-20.0982,1014.84
54134,0.0286944,9.75131,1.22429,1.96,-3.36,-0.14,25.6105,-47.3549,-20.246,1014.85
54140,0.0095648,9.76088,1.18125,1.96,-2.8,-0.21,25.4943,-47.2932,-20.4381,1014.85
54146,-0.0047824,9.78957,1.20038,1.89,-2.94,0.14,25.1747,-45.2578,-19.4481,1014.82
54152,-0.0334768,9.77044,1.16212,1.68,-2.73,0.42,25.3781,-46.0596,-20.8075,1014.82
54158,0,9.77044,1.20516,1.47,-3.22,0.14,25.9592,-47.5399,-20.3347,1014.87
54164,0.0095648,9.76566,1.22908,2.31,-3.36,-0.07,25.4362,-45.8437,-21.3542,1014.87
54170,0.0143472,9.74653,1.20038,2.03,-2.94,0,25.1166,-46.0288,-21.2803,1014.84
54176,0.0286944,9.78479,1.19082,1.89,-3.01,0,25.6105,-47.139,-21.1326,1014.84
54182,0.0382592,9.77523,1.19082,1.89,-3.43,0.42,25.6396,-47.2315,-21.8862,1014.84
54188,0.0095648,9.76088,1.20995,2.17,-3.22,-0.07,24.7388,-45.6279,-20.8518,1014.83
54194,0.023912,9.75131,1.22429,2.1,-3.43,0.56,25.4943,-47.5399,-19.6106,1014.83
54200,0.0286944,9.76566,1.17647,2.1,-2.94,0.14,24.2158,-47.7866,-19.7436,1014.82
54206,0.0143472,9.77523,1.17647,1.61,-3.08,0.35,25.8721,-45.9054,-20.6006,1014.82
54212,0.0047824,9.78479,1.1956,1.75,-2.94,0.28,25.5815,-46.2447,-20.4381,1014.82
54218,-0.023912,9.77523,1.19082,2.1,-3.01,0.21,25.4653,-47.6941,-20.0982,1014.82
54224,0,9.76088,1.21951,1.75,-3.15,0.35,25.0294,-46.0288,-20.5858,1014.83
54230,0.0047824,9.77523,1.20516,1.82,-3.29,0.14,25.0294,-45.3195,-19.3003,1014.83
54236,0.0382592,9.7561,1.16212,2.24,-3.08,0.35,25.7558,-47.91,-21.0587,1014.83
54242,0,9.77523,1.20038,1.89,-3.22,0.14,24.9132,-46.4914,-20.9996,1014.85
54248,0.0143472,9.76566,1.20995,2.03,-3.71,-0.07,24.5064,-45.9979,-21.4724,1014.85
54254,-0.023912,9.75131,1.24821,2.17,-3.43,0.91,25.6396,-47.2007,-20.645,1014.8
54260,0.0573888,9.78001,1.23864,2.03,-3.08,0.7,24.5936,-47.3857,-19.6845,1014.8
54266,0,9.7561,1.18125,2.17,-3.36,0.63,25.2328,-45.5045,-19.9505,1014.84
54272,0.0095648,9.77523,1.18125,2.17,-2.87,0.21,25.0585,-45.9054,-22.1669,1014.84
