Timestamp,AccX,AccY,AccZ,AngularVelX,AngularVelY,AngularVelZ,MagX,MagY,MagZ,AirPressure
182462,-4.58632,0.420851,8.62267,0.28,-0.49,0,27.5582,-25.6249,-26.5247,1014.44
182468,-4.62458,0.449546,8.62267,0.7,-0.7,0.28,27.3577,-25.3934,-26.3404,1014.43
182474,-4.62458,0.45911,8.60832,0.98,-0.77,0.07,27.1571,-25.1619,-26.4396,1014.43
182480,-4.5911,0.483022,8.62745,0.35,-0.84,0.21,26.2691,-26.7246,-26.1419,1014.42
182486,-4.54806,0.492587,8.62267,0.21,-0.07,0.21,27.5582,-25.3934,-26.4396,1014.42
182492,-4.51459,0.487805,8.59397,0.35,0.56,-0.28,26.6129,-25.0751,-27.1201,1014.41
182498,-4.60545,0.425634,8.62267,-0.42,0.77,-0.35,27.5582,-25.5381,-27.1201,1014.41
182504,-4.69153,0.411286,8.60832,0.07,0.21,0.35,26.9566,-26.1458,-26.2411,1014.45
182510,-4.65328,0.425634,8.62267,0.77,-0.35,-0.07,26.7274,-25.3645,-26.3687,1014.45
182516,-4.63893,0.435198,8.63223,1.05,-0.63,0.28,27.7874,-25.3645,-26.553,1014.45
182522,-4.63415,0.430416,8.62267,0.91,-1.54,0.56,27.0426,-25.4802,-26.8224,1014.43
182528,-4.64849,0.425634,8.59876,1.33,-1.19,0.14,26.441,-26.2326,-26.6523,1014.43
182534,-4.63415,0.454328,8.61789,1.47,-2.24,0.49,27.329,-25.7696,-27.6021,1014.44
182540,-4.6724,0.439981,8.63223,1.96,-2.73,0.84,27.0426,-25.5381,-27.1059,1014.44
182546,-4.69632,0.439981,8.62745,2.24,-3.57,0.7,26.7274,-25.596,-26.95,1014.43
182552,-4.6724,0.435198,8.65136,2.59,-4.2,1.54,27.8733,-25.3645,-27.0067,1014.43
182558,-4.62936,0.435198,8.60354,2.8,-5.04,1.68,27.3004,-25.4802,-26.3404,1014.44
182564,-4.61023,0.45911,8.62745,3.08,-5.11,1.68,26.8993,-25.3934,-26.5389,1014.44
182570,-4.57197,0.463893,8.66571,2.94,-5.32,1.89,26.7561,-25.596,-26.1135,1014.44
182576,-4.57197,0.49737,8.62745,2.8,-4.83,1.82,26.8993,-26.8693,-27.7723,1014.44
182582,-4.50024,0.559541,8.61789,2.24,-4.48,1.19,25.954,-25.8564,-26.2978,1014.41
182588,-4.49546,0.535629,8.6418,1.54,-3.08,0.84,26.1259,-25.7696,-27.4037,1014.41
182594,-4.40459,0.564323,8.6131,1.05,-2.66,0.7,25.6389,-26.0011,-27.0634,1014.41
182600,-4.52415,0.540411,8.65614,0.56,-1.68,0.49,25.954,-26.1747,-26.1277,1014.42
182606,-4.74892,0.45911,8.6944,1.47,-3.64,1.19,27.3863,-25.8854,-26.709,1014.42
182612,-4.97848,0.659971,8.73744,1.05,-7.84,4.9,27.902,-25.9432,-26.3546,1014.45
182618,-4.99283,1.04256,8.77092,-2.59,-11.76,10.5,27.0712,-25.9143,-26.4396,1014.45
182624,-5.055,1.39646,8.75657,-9.38,-16.03,16.1,27.0139,-26.0301,-27.1485,1014.45
182630,-5.03108,1.13343,8.8044,-16.52,-22.33,15.75,26.2405,-25.6249,-26.2978,1014.45
182636,-5.24629,0.875179,8.90005,-18.69,-31.92,16.52,26.8134,-25.8564,-25.8584,1014.42
182642,-5.68627,0.549976,8.88092,-18.27,-42.63,22.61,26.5269,-25.1619,-27.3611,1014.42
182648,-6.04974,0.664754,9.05308,-20.65,-58.45,26.53,26.4983,-25.8564,-26.5672,1014.43
182654,-6.31755,0.755619,9.12482,-23.38,-74.27,29.4,26.0113,-26.2326,-27.0776,1014.43
182660,-6.47059,0.731707,9.43089,-27.16,-90.86,30.45,25.5816,-25.0751,-27.6589,1014.46
182666,-6.39407,0.420851,9.98087,-30.03,-100.1,29.4,24.7222,-24.6989,-28.0133,1014.46
182672,-5.73888,0.0573888,10.3348,-32.62,-98.7,24.85,24.5217,-24.612,-28.5804,1014.39
182678,-5.16021,-0.282162,10.88,-30.52,-87.29,19.18,24.0633,-25.3645,-28.9348,1014.39
182684,-4.06982,-1.04735,10.9087,-17.99,-76.23,21.35,24.092,-25.1329,-28.552,1014.39
182690,-3.27116,-1.31994,10.6026,-5.95,-65.1,24.5,23.8341,-25.3355,-28.7363,1014.51
182696,-2.7164,-1.40124,10.6887,1.12,-52.22,23.94,23.3471,-24.641,-29.3318,1014.51
182702,-2.66858,-1.22908,10.8417,-0.07,-41.23,22.96,23.605,-24.641,-29.6295,1014.52
182708,-2.76423,-0.961262,10.966,-7.63,-34.23,24.15,22.3732,-24.641,-29.913,1014.52
182714,-2.91726,-0.774749,11.1478,-21.56,-30.1,26.39,22.6883,-25.3355,-29.7854,1014.52
182720,-3.02726,-0.722142,11.2912,-38.78,-30.8,27.93,23.519,-25.4223,-29.828,1014.52
182726,-3.93592,-0.411286,11.6165,-55.79,-38.57,30.38,22.5164,-25.0172,-30.1682,1014.46
182732,-4.09373,-0.35868,11.6547,-74.48,-49.21,32.13,22.7169,-25.0461,-31.189,1014.46
182738,-3.88331,-0.0382592,11.3391,-89.88,-58.59,33.32,22.3159,-25.596,-30.4517,1014.51
182744,-3.70636,0.0621712,11.253,-101.64,-66.85,30.87,20.9122,-24.0333,-30.8487,1014.51
182750,-3.69201,0.196078,11.2434,-108.92,-74.34,30.87,20.9122,-24.149,-31.2457,1014.5
182756,-3.91679,0.712578,11.4586,-111.02,-79.94,35.35,21.1414,-23.6571,-32.6776,1014.5
182762,-4.03635,0.841702,11.5399,-108.43,-82.46,41.79,20.7403,-23.2519,-33.6132,1014.5
182768,-4.16547,1.00909,11.3773,-101.78,-82.88,51.17,20.3679,-23.3098,-32.9895,1014.51
182774,-3.9407,0.722142,11.2291,-91,-79.17,58.73,20.8262,-22.731,-33.6132,1014.51
182780,-3.71114,0.253467,11.2673,-79.24,-76.65,60.48,19.8809,-22.4127,-34.0953,1014.49
182786,-3.43855,-0.401722,11.296,-67.34,-75.18,57.82,18.5345,-21.7471,-34.5915,1014.49
182792,-3.19464,-0.755619,11.2386,-59.99,-75.95,51.03,18.1048,-22.3548,-34.2512,1014.53
182798,-2.99856,-1.07604,11.2243,-60.83,-78.26,42.77,18.1621,-21.4866,-34.7758,1014.53
182804,-2.89813,-1.35342,11.2626,-65.1,-82.74,31.64,17.3887,-20.9368,-36.0375,1014.49
182810,-2.85988,-1.45863,11.2386,-72.66,-89.11,21.98,16.7298,-21.1394,-35.1727,1014.49
182816,-2.71162,-1.56863,11.143,-81.34,-92.96,14.21,16.959,-20.5895,-35.0451,1014.5
182822,-2.5538,-1.48733,10.9326,-90.58,-95.69,8.33,16.472,-20.0397,-35.5839,1014.5
182828,-2.57771,-0.951698,10.6695,-102.48,-96.25,5.88,15.9277,-19.2873,-36.8315,1014.52
182834,-2.23816,-0.741272,10.5022,-111.86,-92.89,5.53,15.6412,-19.0558,-36.1368,1014.52
182840,-2.11382,-0.234338,10.2582,-120.33,-88.06,8.05,15.5553,-18.2455,-37.3277,1014.5
182846,-2.02774,0.0334768,10.3491,-126.63,-83.51,11.9,15.011,-17.6378,-37.6254,1014.5
182852,-1.8747,0.325203,10.1865,-134.4,-80.5,14.63,14.7532,-17.5799,-38.3626,1014.5
182858,-1.72645,0.401722,10.0574,-139.72,-79.8,16.31,14.0657,-16.8854,-38.1074,1014.51
182864,-1.86514,0.124342,10.2296,-139.37,-81.83,13.44,14.0943,-16.9143,-39.1707,1014.51
182870,-2.22382,-0.320421,10.3204,-135.31,-88.13,7.91,13.1203,-15.7857,-39.0714,1014.52
182876,-2.18556,-0.588235,10.1387,-128.66,-94.78,-1.61,13.149,-15.1201,-39.4968,1014.52
182882,-2.23338,-0.707795,9.69392,-122.08,-100.1,-8.26,12.6047,-14.0783,-40.5317,1014.5
182888,-2.29555,-0.913438,9.35437,-119.91,-101.43,-11.41,11.9458,-13.9047,-39.9221,1014.5
182894,-1.99904,-1.40124,8.78527,-117.67,-96.18,-12.95,12.3182,-13.4416,-40.5459,1014.52
182900,-1.77905,-1.85079,8.55093,-117.88,-87.92,-15.61,11.6593,-12.5445,-40.4892,1014.52
182906,-1.56384,-2.08513,8.36442,-120.26,-79.45,-17.22,10.5708,-11.5895,-41.0846,1014.47
182912,-1.67384,-2.09947,8.31181,-121.1,-70.84,-20.09,10.6281,-11.5895,-42.0061,1014.47
182918,-1.67384,-2.00383,8.20182,-122.08,-65.66,-23.8,10.7426,-10.3741,-42.6299,1014.53
182924,-1.6834,-1.95122,8.19225,-125.44,-59.99,-23.66,10.4562,-10.0268,-42.5165,1014.53
182930,-1.70732,-1.82209,8.00096,-127.96,-53.13,-22.68,9.45355,-9.10079,-40.9995,1014.53
182936,-1.68819,-1.71688,7.90053,-128.03,-45.29,-19.32,10.1411,-8.57989,-41.5241,1014.5
182942,-2.28599,-1.2769,7.50359,-127.89,-36.61,-11.62,9.36761,-7.19083,-42.1479,1014.5
182948,-2.3099,-1.91296,7.70923,-126.14,-27.79,-3.43,8.96655,-6.52523,-42.559,1014.46
182954,-1.52559,-3.38116,7.84314,-124.53,-18.34,-2.24,9.36761,-6.26478,-42.8709,1014.46
182960,-2.19034,-3.89287,8.24486,-123.83,-15.47,0.77,8.59415,-5.80176,-42.9418,1014.53
182966,-2.68293,-4.12721,8.19225,-134.61,-21.21,0.21,8.30768,-4.87571,-43.2962,1014.53
182972,-1.64036,-4.28503,7.42229,-152.53,-25.76,-2.59,8.68009,-4.84677,-44.0051,1014.5
182978,-1.09517,-4.17504,7.69488,-172.27,-27.86,-4.2,9.65408,-3.6024,-42.9418,1014.5
182984,-0.401722,-4.24677,7.57532,-192.43,-29.05,-6.93,8.90926,-2.96575,-44.0618,1014.51
182990,-0.205643,-4.27068,7.51315,-206.71,-27.65,-9.17,8.25039,-1.72137,-43.7074,1014.51
182996,-0.487805,-4.14634,7.56576,-215.88,-30.1,-13.16,8.50821,-0.216549,-43.8633,1014.51
183002,-0.970827,-4.04113,7.81922,-224.28,-38.99,-18.27,8.22175,0.622678,-44.3028,1014.51
183008,-0.970827,-4.05548,8.02009,-226.24,-47.95,-22.68,8.36498,1.2304,-43.7783,1014.49
183014,-0.927786,-4.23242,7.79531,-225.05,-55.16,-24.78,7.67746,2.73522,-44.6289,1014.49
183020,-0.602582,-4.56719,7.75705,-222.67,-60.41,-28.91,7.44829,4.09535,-44.3453,1014.49
183026,-0.636059,-4.72501,7.4175,-220.5,-62.44,-28.98,5.93002,4.41368,-45.1818,1014.49
183032,-0.205643,-4.88761,7.21186,-213.99,-57.75,-29.61,7.27641,6.35258,-43.7357,1014.49
183038,-0.301291,-4.64371,7.12578,-211.26,-57.54,-25.55,6.44566,8.20467,-43.5089,1014.46
183044,-0.153037,-4.65806,6.84361,-207.06,-54.74,-19.6,5.55761,8.98602,-43.7783,1014.46
183050,-0.11956,-4.43807,6.58536,-206.29,-52.99,-14,5.93002,9.88313,-43.5373,1014.52
183056,-0.0047824,-4.66762,6.29842,-207.34,-53.2,-10.43,5.58626,11.822,-43.041,1014.52
183062,0.023912,-4.98804,6.088,-204.68,-52.78,-9.59,5.55761,12.9507,-43.4947,1014.49
183068,0.401722,-5.37542,5.75801,-203.63,-52.29,-11.9,4.69821,13.6162,-42.8426,1014.49
183074,0.248685,-5.93974,6.10713,-199.92,-50.33,-11.06,5.04197,14.3976,-43.8066,1014.51
183080,0.416069,-6.54232,6.19321,-197.61,-50.54,-5.95,4.92739,15.5841,-43.6507,1014.51
183086,0.296509,-6.82449,6.23147,-195.93,-52.5,4.2,4.26851,16.3365,-42.7433,1014.51
183092,0.10043,-7.02535,6.28886,-199.71,-55.79,18.69,4.4404,18.2175,-43.5089,1014.51
183098,0.37781,-7.09708,6.21234,-204.61,-63.77,33.67,3.72423,18.6516,-42.7575,1014.51
183104,0.234338,-6.84361,6.24103,-208.53,-66.85,50.05,3.06536,19.3462,-42.8284,1014.46
183110,0.363462,-6.96317,6.26494,-212.1,-74.76,64.75,3.38047,20.6195,-42.4173,1014.46
183116,0.932568,-7.43663,5.5715,-222.6,-77.14,73.5,2.43513,21.7481,-41.8502,1014.49
183122,0.71736,-7.25012,5.11717,-219.03,-79.87,75.95,2.20596,22.4716,-40.9854,1014.49
183128,0.81779,-7.77618,5.18412,-220.08,-81.76,75.46,2.49243,23.658,-41.2264,1014.49
183134,0.841702,-7.71879,4.65328,-223.3,-73.5,77.63,2.23461,24.2368,-39.8795,1014.49
183140,0.506934,-7.72358,4.23721,-215.53,-75.32,68.04,2.14867,25.3365,-40.0639,1014.49
183146,0.21999,-7.99617,4.03156,-210.35,-70.35,66.36,1.83355,26.1179,-38.5752,1014.49
183152,0.200861,-8.49833,3.79244,-208.46,-56.35,69.51,2.14867,27.0728,-38.3909,1014.51
183158,-0.0286944,-9.20134,3.65375,-188.79,-53.62,57.61,1.31792,28.1725,-38.2066,1014.51
183164,-0.13869,-9.4022,3.44333,-181.09,-35.42,64.47,1.54709,28.7224,-37.4411,1014.54
183170,-0.5978,-9.26829,3.14204,-177.59,-34.58,86.17,1.89085,30.0246,-36.9591,1014.54
183176,-0.602582,-9.53611,2.69249,-162.54,-28.91,78.61,1.8622,30.1982,-37.2851,1014.52
183182,-0.774749,-9.56002,2.64467,-166.32,-29.61,93.94,2.32055,31.6452,-37.0583,1014.52
183188,-0.946915,-9.68914,2.48685,-168.21,-30.94,112.77,2.80754,31.9346,-36.4345,1014.52
183194,-1.14299,-9.70827,2.1473,-165.76,-29.19,109.27,2.34919,32.0793,-36.0942,1014.49
183200,-1.24342,-9.90435,2.02774,-169.26,-30.8,125.93,2.77889,33.4973,-35.031,1014.49
183206,-1.29603,-10.22,2.22382,-171.36,-28.91,136.15,2.97942,33.6999,-34.8892,1014.49
183212,-1.56863,-10.2056,2.00861,-167.65,-31.5,135.59,3.46641,33.7577,-33.5707,1014.49
183218,-2.01339,-10.1291,1.74558,-163.38,-28.7,156.03,2.86483,34.0761,-34.3788,1014.53
183224,-2.16164,-10.1913,1.82688,-163.31,-29.61,173.53,4.55498,34.9732,-33.996,1014.53
183230,-2.3099,-9.6461,1.16212,-164.22,-32.2,184.17,4.52633,36.478,-32.394,1014.51
183236,-2.23816,-9.31133,0.961262,-170.94,-31.57,204.4,5.09927,36.5069,-31.9971,1014.51
183242,-1.65949,-9.30655,0.918221,-181.44,-32.41,221.06,6.24513,36.5359,-31.9829,1014.53
183248,-1.3582,-9.35916,0.884744,-185.78,-32.13,232.61,6.50295,37.3462,-31.2031,1014.53
183254,-1.32472,-9.31133,0.774749,-192.64,-34.02,248.5,7.44829,37.5198,-29.431,1014.47
183260,1.64515,-8.91918,2.11382,-193.06,-38.78,247.8,8.1931,37.6934,-28.8639,1014.47
183266,8.2592,-7.35533,4.12243,-170.03,-18.41,210.07,9.0525,38.2722,-29.3176,1014.47
183272,1.956,-7.56097,4.13678,-148.75,-26.53,190.19,10.0265,39.1404,-27.9707,1014.5
183278,0.822573,-7.22621,3.70636,-134.68,-41.72,181.16,10.1411,39.1404,-27.5171,1014.5
183284,0.13869,-6.92013,3.17073,-121.66,-48.93,168.21,10.5135,38.9378,-27.0492,1014.5
183290,-1.48254,-6.56145,1.6021,-112.07,-58.52,165.2,11.0578,38.5037,-27.9424,1014.5
183296,-2.97465,-6.88666,2.27642,-91.63,-66.36,167.79,12.089,38.4169,-26.5814,1014.53
183302,-4.8924,-7.34577,2.52032,-59.99,-61.25,174.16,12.4614,38.9089,-26.9642,1014.53
183308,-4.17982,-7.89096,0.932568,-37.24,-49.35,181.65,12.6906,39.2851,-27.0776,1014.49
183314,-4.84457,-7.53228,-1.34385,-50.4,-47.39,181.23,13.4641,38.9378,-26.9075,1014.49
183320,-4.72023,-7.40794,-0.822573,-54.25,-42.98,194.32,12.7479,37.8381,-27.914,1014.5
183326,-5.35151,-7.02535,0.0621712,-52.22,-33.39,224.42,14.4381,38.7931,-25.7875,1014.5
183332,-5.95409,-7.34098,0.10043,-59.57,-36.4,255.01,15.1542,38.2722,-26.0994,1014.5
183338,-6.29842,-7.71401,0.296509,-57.33,-39.27,280.56,16.386,37.0857,-26.4538,1014.5
183344,-6.07843,-7.72358,0.162602,-47.88,-38.99,309.89,16.8444,36.478,-26.3404,1014.52
183350,-6.17886,-7.45098,0.176949,-45.29,-33.88,332.85,18.1621,36.2175,-25.4047,1014.52
183356,-6.5758,-7.08752,0.133907,-46.06,-30.8,353.43,19.709,35.1757,-25.4047,1014.52
183362,-6.59971,-6.86274,-0.071736,-46.2,-28.14,370.51,21.2273,34.8863,-24.8801,1014.49
183368,-6.89144,-6.56145,-0.353898,-44.59,-22.89,384.51,22.4305,34.0182,-25.8725,1014.49
183374,-6.96317,-6.13582,-0.889526,-44.31,-14.98,390.74,23.3758,32.8317,-25.6741,1014.48
183380,-6.87231,-6.49928,-0.148254,-33.81,-12.74,388.99,24.7222,32.2818,-25.4756,1014.48
183386,-6.28407,-6.69536,-1.15256,-25.34,-8.82,373.03,25.1805,31.0375,-24.4548,1014.49
183392,-6.54232,-6.30799,-0.903874,-22.12,-3.71,357.77,26.928,29.7352,-25.2204,1014.49
183398,-6.83405,-6.65232,-0.755619,-13.72,0.84,340.83,28.3889,28.9828,-24.951,1014.53
183404,-7.02535,-7.16882,-0.334768,0.28,-0.63,323.68,29.4775,27.3333,-25.4472,1014.53
183410,-7.40794,-7.3362,0.545194,21.35,-9.31,308.56,30.5947,26.6966,-24.9368,1014.5
183416,-8.28312,-7.33142,1.20995,62.16,-11.62,299.74,30.8812,25.3654,-25.5606,1014.5
183422,-9.42611,-5.89192,0.97561,78.33,-32.97,294.98,31.6547,24.613,-25.8442,1014.49
183428,-9.46437,-5.12195,0.506934,84.28,-57.82,301.07,32.0271,22.9635,-25.9009,1014.49
183434,-8.24008,-5.48063,0.564323,89.81,-68.74,315.56,32.5427,20.9957,-26.5247,1014.49
183440,-8.19225,-4.80153,0.0430416,91,-73.57,346.15,33.5167,19.404,-26.3262,1014.51
183446,-8.98135,-4.48589,1.02822,94.01,-91.98,382.83,33.4021,18.1018,-28.07,1014.51
183452,-9.52654,-4.39981,0.918221,95.9,-120.05,426.16,33.7459,15.7867,-27.3044,1014.51
183458,-10.043,-4.95935,0.435198,103.32,-138.46,463.33,34.1183,13.6452,-27.4037,1014.51
183464,-10.2152,-5.80583,-0.0286944,117.46,-139.51,479.57,34.4907,11.6195,-29.431,1014.5
183470,-9.8374,-6.46581,0.114778,142.24,-134.68,466.69,34.1183,9.76737,-30.7353,1014.5
183476,-10.8895,-5.22238,0.918221,168.21,-143.43,446.11,35.0636,7.10499,-30.8771,1014.49
183482,-10.6361,-4.30416,1.54472,191.45,-154.98,433.58,34.6053,5.19503,-31.8128,1014.49
183488,-10.1004,-2.98422,2.08034,215.18,-162.4,428.05,33.9177,2.56159,-32.0679,1014.5
183494,-9.52176,-1.20516,1.49689,205.38,-162.26,417.76,33.9177,0.593742,-33.6132,1014.5
183500,-8.97657,-0.21999,1.69297,198.94,-156.8,416.78,32.4854,-2.21333,-33.996,1014.51
183506,-8.81875,0.530846,1.50167,192.36,-139.51,418.25,32.4281,-4.41269,-33.9251,1014.51
183512,-9.08656,1.27212,1.52559,181.09,-133.21,408.31,31.8265,-6.17796,-33.8117,1014.56
183518,-8.57006,1.96557,1.11908,159.81,-121.24,385.77,30.4515,-8.78247,-33.8259,1014.56
183524,-8.93831,2.58728,1.40603,132.02,-104.86,360.22,29.8786,-9.73745,-33.8543,1014.56
183530,-9.1296,3.33333,3.54376,104.51,-82.95,333.62,28.6181,-11.7921,-34.4639,1014.52
183536,-9.22047,3.6968,3.11334,75.74,-65.1,303.45,28.7041,-12.5156,-33.8401,1014.52
183542,-9.35916,3.72549,3.38594,48.51,-49.14,280.07,27.6155,-14.8018,-33.9393,1014.54
183548,-9.86609,3.48159,3.86418,31.01,-38.99,257.95,27.0139,-15.0043,-34.3646,1014.54
183554,-10.6934,4.3472,3.56767,13.51,-42.56,255.57,26.7847,-16.2487,-34.4072,1014.57
183560,-10.44,4.25155,3.61549,8.47,-52.15,263.06,26.1259,-16.6538,-33.911,1014.57
183566,-10.6839,4.13199,3.38594,2.03,-66.99,286.09,25.3238,-17.2905,-34.6624,1014.47
183572,-10.7652,4.00765,3.37637,3.5,-85.89,318.43,23.605,-18.1876,-34.9884,1014.47
183578,-9.93783,3.33812,3.87374,20.65,-103.18,342.65,22.6596,-18.5638,-33.9819,1014.49
183584,-9.41655,3.099,3.69201,45.99,-119.49,354.69,22.2872,-19.8082,-35.4421,1014.49
183590,-9.42611,2.59206,3.45289,70.63,-129.15,355.95,21.5138,-21.3709,-35.1302,1014.53
183596,-8.35007,1.06648,3.06074,112.98,-127.05,335.16,19.1075,-21.8629,-35.3996,1014.53
183602,-7.47967,0.267814,2.39598,147.28,-112.84,291.83,17.9902,-22.5284,-35.5272,1014.53
183608,-7.15447,1.50167,2.00861,155.54,-100.17,251.23,16.2141,-24.2069,-35.1444,1014.53
183614,-7.11143,3.24725,2.33859,141.82,-84.42,215.6,15.5266,-24.7857,-34.6198,1014.53
183620,-6.04974,5.52845,1.97991,113.89,-59.29,194.39,15.4407,-25.104,-33.9535,1014.58
183626,-5.38498,6.48015,2.16164,84.21,-40.32,179.2,14.0084,-26.3194,-33.7976,1014.58
183632,-5.19369,7.43663,2.54902,55.86,-24.85,169.26,13.1776,-26.7246,-34.0102,1014.61
183638,-5.05021,7.66619,2.80249,38.15,-13.86,167.23,13.0057,-28.1426,-34.7474,1014.61
183644,-4.80631,7.30273,3.93592,33.11,-8.26,155.61,12.7479,-27.4191,-33.6558,1014.59
183650,-4.93065,7.76184,4.47154,30.45,-3.43,137.55,12.2323,-27.8243,-33.7125,1014.59
183656,-5.36585,8.20182,4.7011,24.64,2.59,119.84,12.1177,-28.1137,-35.1869,1014.56
183662,-5.16499,8.44572,4.5098,13.79,16.94,105.49,11.688,-28.432,-33.7125,1014.56
183668,-5.34672,8.2879,4.51937,24.08,46.69,99.96,11.3442,-28.1715,-33.8826,1014.52
183674,-4.73936,8.08704,4.06026,24.08,64.47,80.43,10.8859,-29.3001,-34.3221,1014.52
183680,-4.28981,9.87087,3.22334,-3.99,65.73,63,10.9432,-28.7503,-33.5424,1014.51
183686,-3.68723,10.2535,3.37637,-34.16,81.76,62.44,10.7999,-29.6764,-32.55,1014.51
183692,-3.45289,9.34959,3.82592,-46.34,109.13,67.41,11.7453,-29.2712,-33.4148,1014.51
183698,-4.28025,8.93831,4.31372,-56.7,117.11,65.31,11.8026,-28.3452,-33.1596,1014.49
183704,-4.93544,8.02009,5.12673,-69.44,108.43,61.95,11.3442,-28.2005,-33.6416,1014.49
183710,-5.33716,8.28312,4.63415,-85.05,94.22,65.8,11.7166,-28.1715,-32.5641,1014.55
183716,-5.43759,7.90531,3.63941,-91.91,93.24,74.27,12.1177,-27.2455,-33.1738,1014.55
183722,-5.83453,7.34098,3.06074,-90.65,93.24,84.21,12.2609,-28.2584,-34.0386,1014.5
183728,-6.15495,7.36011,2.9077,-89.04,86.03,91.98,12.089,-27.7085,-33.3297,1014.5
183734,-6.61406,8.05834,2.05165,-89.88,81.27,102.9,11.7453,-28.8661,-35.7256,1014.54
183740,-6.6571,8.17312,2.05643,-90.3,77.21,118.86,12.1463,-27.7085,-33.7125,1014.54
183746,-6.67623,7.76184,2.7977,-86.1,70.7,128.17,11.2869,-27.2165,-34.0811,1014.51
183752,-6.83405,7.54184,4.02678,-82.95,63.14,129.29,11.3156,-26.6378,-34.4213,1014.51
183758,-6.98709,7.58967,4.36155,-81.62,60.2,124.53,11.7739,-26.8114,-34.9034,1014.49
183764,-7.16404,7.87183,4.33764,-81.97,60.13,117.88,12.089,-26.0011,-34.9317,1014.49
183770,-7.12099,7.95791,4.31851,-82.39,59.57,112.14,11.602,-26.4352,-35.1018,1014.49
183776,-7.16882,8.22095,4.34242,-81.34,57.19,108.78,11.4302,-26.4063,-34.6056,1014.49
183782,-7.12099,8.43615,4.25634,-83.58,48.65,109.41,11.0864,-25.9722,-35.5839,1014.49
183788,-6.7671,8.40268,4.40459,-78.47,40.53,114.03,11.0291,-25.8564,-35.6548,1014.51
183794,-6.2506,7.67575,4.79675,-62.93,30.1,120.75,10.6567,-26.1458,-35.4563,1014.51
183800,-5.75323,6.8197,5.15064,-44.38,9.94,112.7,10.3989,-25.3066,-35.1444,1014.49
183806,-4.7011,5.87757,3.12291,-33.95,-24.5,100.59,10.9718,-25.8275,-36.2218,1014.49
183812,-5.7054,5.53324,1.85079,-28.91,-45.22,108.36,9.94054,-25.6828,-35.3145,1014.5
183818,-5.50933,4.68197,3.33812,-6.37,-36.33,111.37,8.93791,-25.7696,-35.995,1014.5
183824,-3.6681,5.46628,4.07939,11.62,-22.19,104.16,9.16708,-25.104,-35.8107,1014.5
183830,-2.78336,5.69584,4.31372,29.4,-15.61,90.93,9.45355,-25.7407,-36.4203,1014.5
183836,-1.93209,6.44668,3.45768,51.8,-18.76,94.22,8.93791,-26.0011,-36.0801,1014.49
183842,6.28886,8.68962,-0.0813008,128.1,-40.32,185.01,7.79205,-27.1876,-34.9601,1014.49
183848,-4.10808,7.85748,6.10234,115.01,-61.6,164.43,7.16182,-27.7375,-35.7115,1014.51
183854,-1.90818,8.13964,5.28455,61.95,-31.36,131.18,6.58889,-27.8243,-34.2087,1014.51
183860,-2.63032,10.4782,2.07078,11.55,-11.83,154.98,5.70084,-27.7953,-34.5915,1014.51
183866,-4.52893,8.49354,-6.22669,-57.75,36.75,155.12,6.1019,-28.4609,-34.7616,1014.47
183872,-5.60976,9.53611,2.57293,-74.48,17.85,145.81,5.09927,-28.4899,-35.8391,1014.47
183878,-6.91535,10.6074,1.06648,-80.01,16.52,153.44,5.21385,-27.7953,-35.2011,1014.49
183884,-7.73314,9.9187,1.01865,-95.55,17.29,158.27,4.61227,-26.9272,-35.2862,1014.49
183890,-7.83357,9.29699,3.62028,-92.54,-2.94,154.91,4.3831,-26.4641,-35.6264,1014.54
183896,-5.37064,9.44524,5.33238,-84.56,-14.84,154.7,2.97942,-26.6378,-35.8674,1014.54
183902,-2.94596,9.16308,4.39024,-86.38,-2.8,148.61,1.80491,-26.4063,-36.718,1014.52
183908,-3.0703,8.13964,4.3759,-80.08,8.82,143.22,2.46378,-25.567,-36.7606,1014.52
183914,-3.08943,7.34577,5.23195,-65.73,6.79,135.1,1.46115,-25.4802,-36.1651,1014.48
183920,1.56384,4.92587,1.7934,-51.03,23.17,136.99,0.830924,-24.9593,-36.8031,1014.48
183926,1.84122,4.60067,2.51554,-21,36.96,159.74,1.28927,-25.0461,-37.512,1014.5
183932,-8.15399,7.57054,7.92444,7.49,6.93,194.18,0.114759,-25.3645,-37.6537,1014.5
183938,-6.7671,9.49306,4.03156,35,-7.63,233.73,0.429872,-24.8725,-36.7322,1014.5
183944,-4.61023,9.24438,4.21329,47.39,9.66,262.64,-0.601406,-25.0172,-36.3069,1014.5
183950,-1.26734,7.41272,5.00239,70.21,26.11,269.99,-1.17434,-25.4513,-36.1368,1014.5
183956,-0.894309,6.70014,4.50502,93.03,40.46,266.91,-2.52073,-26.0301,-35.4988,1014.48
183962,-1.83166,6.62841,4.5098,111.72,49.98,269.85,-3.06501,-25.5381,-35.2153,1014.48
183968,-3.15638,7.34098,4.7824,127.19,55.65,283.57,-2.52073,-26.8403,-35.4279,1014.51
183974,-2.94596,9.07221,5.68627,105.07,38.15,325.22,-4.21088,-27.8532,-34.4922,1014.51
183980,-1.57819,9.35437,3.19943,71.89,30.24,372.26,-4.95569,-27.3902,-34.9034,1014.53
183986,-0.927786,9.36872,3.19464,51.17,22.54,408.03,-5.75779,-27.5638,-34.4781,1014.53
183992,0.779531,7.9627,3.98374,48.79,17.64,426.65,-6.81772,-27.5638,-33.911,1014.54
183998,1.1956,7.69966,3.99809,58.87,7.56,418.6,-9.10945,-27.5928,-35.4279,1014.54
184004,0.621712,9.06265,4.08417,80.71,3.5,423.15,-10.3412,-27.1587,-34.5489,1014.49
184010,1.53515,10.1961,3.27116,94.15,-4.27,418.81,-11.9741,-26.4641,-33.8684,1014.49
184016,1.40603,11.1669,2.68293,86.31,-20.09,417.76,-13.4637,-26.8982,-33.4289,1014.5
184022,2.39598,10.0765,2.81683,81.48,-32.06,411.39,-14.7815,-26.1747,-32.5783,1014.5
184028,2.72119,9.76566,3.07508,90.86,-39.27,405.65,-15.3544,-26.2037,-32.5641,1014.5
184034,2.89813,10.2535,2.70684,93.38,-40.39,407.4,-17.0159,-25.7407,-31.4725,1014.47
184040,2.73553,10.8274,2.57771,86.73,-45.99,416.57,-18.1331,-25.2487,-32.2806,1014.47
184046,2.89813,10.483,2.91248,84.49,-50.54,428.82,-20.4535,-25.4513,-31.6284,1014.5
184052,3.00813,9.76088,3.3429,92.61,-55.79,447.58,-21.7999,-24.4095,-31.4725,1014.5
184058,3.16595,9.23481,3.27594,100.8,-59.57,467.25,-23.6906,-23.223,-31.7986,1014.49
184064,2.96987,9.1296,3.35246,102.97,-64.26,494.41,-25.2375,-22.9047,-30.4376,1014.49
184070,3.44333,8.32616,3.2616,104.79,-64.89,514.5,-27.2714,-21.4288,-30.4376,1014.53
184076,3.90244,6.94883,3.19464,112.63,-60.83,523.95,-28.6178,-20.2133,-30.8487,1014.53
184082,3.39072,6.80057,1.82209,105.35,-77.63,535.57,-30.4512,-19.4899,-29.4593,1014.52
184088,5.64801,4.40459,1.34864,59.92,-79.31,514.5,-31.8262,-17.9561,-28.4386,1014.52
184094,6.68101,2.23816,1.84601,74.69,-79.59,491.75,-32.8575,-16.1908,-28.9206,1014.49
184100,6.1693,3.52941,0.148254,71.12,-67.13,469.35,-34.6049,-15.7857,-28.2685,1014.49
184106,7.2836,4.02678,-1.16212,34.16,-61.39,421.75,-36.7248,-13.8757,-27.7864,1014.49
184112,8.71832,3.912,0.932568,31.64,-40.25,361.9,-37.0972,-12.3998,-27.7439,1014.5
184118,8.44572,5.15064,1.64993,39.83,-35.28,288.54,-37.9566,-11.3291,-27.4462,1014.5
184124,7.43185,5.5715,2.14252,45.15,-38.08,236.32,-38.243,-11.1265,-26.8082,1014.49
184130,6.52319,5.27021,2.28599,61.32,-56.49,214.41,-38.9019,-9.65063,-27.2477,1014.49
184136,6.77188,5.03587,1.25299,67.76,-62.02,213.08,-38.9878,-9.10079,-25.9292,1014.47
184142,7.4988,3.65375,1.35342,64.26,-52.57,259.56,-39.6467,-8.84035,-26.468,1014.47
184148,8.57963,2.50598,1.22429,59.71,-37.66,303.17,-40.7926,-7.01719,-25.9718,1014.53
184154,10.0717,2.42468,0.564323,54.39,-26.74,325.43,-41.5374,-6.49629,-26.3546,1014.53
184160,10.5117,1.84601,0.0860832,53.06,-23.17,331.52,-41.3942,-5.10723,-26.5814,1014.42
184166,10.7461,0.813008,-0.679101,47.6,-19.39,323.82,-42.0817,-3.7471,-26.2553,1014.42
184172,10.813,0.483022,-1.02822,34.86,-18.41,306.04,-43.3135,-2.90787,-25.9009,1014.4
184178,11.0521,0.224773,-1.11908,22.54,-19.95,284.76,-43.3994,-1.66349,-25.8584,1014.4
184184,10.966,-0.0573888,-0.798661,9.52,-21.98,264.39,-42.9411,-0.361244,-25.6599,1014.4
184190,10.8704,-0.162602,-0.607365,1.12,-21.21,239.75,-43.7432,0.825252,-25.6173,1014.4
184196,10.4208,0.124342,-0.186514,1.19,-19.53,215.25,-44.2875,1.92493,-24.9652,1014.4
184202,10.1435,0.473458,-0.0334768,4.27,-16.45,193.06,-43.5999,2.38795,-24.5541,1014.37
184208,9.6461,0.860832,0.196078,6.44,-11.76,171.5,-43.4854,3.57445,-24.8518,1014.37
184214,9.24438,1.01387,0.526064,9.03,-7.21,156.24,-44.2875,3.45869,-25.83,1014.39
184220,9.03395,1.20516,0.545194,11.27,-0.56,141.89,-44.3161,4.67413,-24.9652,1014.39
184226,9.34959,1.15256,0.368245,11.97,11.97,132.86,-43.7718,4.78988,-25.107,1014.39
184232,9.51219,1.01387,0.416069,13.02,25.97,127.26,-43.3421,5.36866,-25.8016,1014.39
184238,9.88522,1.09039,0.650406,11.69,37.1,120.68,-43.9724,6.20789,-25.1778,1014.42
184244,10.0096,1.24821,0.808226,7.7,39.13,115.85,-44.1156,5.83168,-26.6523,1014.42
184250,10.3109,1.22429,0.851267,2.45,34.3,114.17,-43.4567,7.45226,-25.1637,1014.4
184256,9.33046,2.42946,1.82688,6.72,25.83,133.35,-43.6286,7.39438,-25.4189,1014.4
184262,9.35916,1.74558,3.73027,33.53,11.41,154.28,-43.4854,7.91528,-25.3622,1014.41
184268,9.86131,3.73505,2.00861,30.8,-1.82,171.15,-43.4281,8.75451,-25.6032,1014.41
184274,10.263,3.37637,1.69297,12.67,-16.94,187.6,-43.4281,8.63876,-25.9009,1014.41
184280,9.89957,1.52559,3.61549,22.61,-25.69,210,-43.7145,9.76737,-25.3196,1014.37
184286,9.30655,0.463893,4.1033,56.56,-37.59,221.13,-44.0583,10.6355,-24.8943,1014.37
184292,10.3156,0.196078,2.65423,82.53,-40.81,222.74,-43.7432,11.4458,-25.107,1014.46
184298,11.6499,-1.45863,-0.191296,82.88,-36.68,202.02,-43.9724,11.5616,-24.6108,1014.46
184304,10.5308,-1.88905,-0.420851,73.92,-30.59,198.66,-43.9151,12.8638,-26.468,1014.47
184310,9.22525,-3.72071,2.17121,107.03,-14.84,212.8,-43.0557,13.0085,-25.107,1014.47
184316,9.5935,-3.95026,1.73123,134.54,-5.88,217.77,-43.4854,14.0214,-25.2346,1014.47
184322,10.4113,-2.78814,-0.267814,134.4,1.4,208.81,-43.4854,13.5005,-25.4897,1014.47
184328,11.0043,-2.85509,-1.42037,115.78,-0.49,193.2,-42.6546,14.0214,-26.2411,1014.44
184334,10.5165,-3.10378,-1.62602,67.06,-8.4,172.27,-43.4854,15.0632,-24.71,1014.44
184340,10.1865,-2.94118,-0.884744,30.87,-4.48,157.5,-42.8838,15.613,-25.0644,1014.43
184346,9.61262,-2.76423,0.133907,9.66,4.27,151.06,-43.3135,15.7288,-25.7875,1014.43
184352,9.13438,-2.38642,0.97561,-3.15,10.08,146.37,-42.0817,15.9024,-25.2204,1014.43
184358,7.94835,-9.09134,2.22382,11.9,-7.28,63.63,-42.139,16.4233,-25.0928,1014.46
184364,7.84792,-14.7011,0.267814,-14.49,-19.18,-145.67,-42.3681,16.6838,-25.1778,1014.46
184370,7.91965,-4.95935,-6.13582,-42.84,39.34,-207.83,-42.8265,15.9024,-26.071,1014.47
184376,7.75227,-0.186514,-5.6528,-56.56,85.82,-180.6,-42.9124,14.7449,-25.8867,1014.47
184382,7.45576,-2.4725,0.688666,-40.88,83.93,-140.21,-42.5973,15.0632,-25.8442,1014.44
184388,6.13582,-2.08034,3.3142,-32.97,53.06,-86.94,-42.9697,14.9474,-26.2837,1014.44
184394,6.5758,-2.52511,4.57676,-36.68,38.57,-46.13,-43.2848,14.5134,-25.7449,1014.45
184400,8.46963,-2.07556,3.3429,-30.24,37.73,-19.39,-42.3681,14.0793,-25.7591,1014.45
184406,8.21138,-2.15208,2.16643,-4.13,34.93,-34.16,-42.5973,14.2818,-26.5956,1014.48
184412,8.71832,0.0765184,-0.167384,-10.99,34.09,-40.74,-42.1103,13.5873,-26.6523,1014.48
184418,9.45002,-1.24821,1.06169,-2.94,49.07,-38.99,-42.4827,14.0214,-26.3829,1014.46
184424,9.35437,-0.526064,1.61645,-5.95,47.74,-32.13,-41.3082,13.9346,-27.191,1014.46
184430,9.7561,0.746054,1.39168,-23.94,48.09,0.49,-41.9384,14.1371,-27.5596,1014.48
184436,11.0043,0.133907,2.26686,-38.57,53.69,39.97,-41.6233,13.8767,-28.0558,1014.48
184442,11.143,-0.731707,3.48159,-41.58,48.16,64.61,-41.4801,14.6291,-28.1125,1014.48
184448,10.7413,-0.167384,3.1803,-44.31,35.21,75.46,-41.9671,14.6002,-27.914,1014.49
184454,9.46437,-1.27212,6.26494,-26.18,-1.12,76.58,-41.079,15.7577,-28.0416,1014.49
184460,9.3735,-1.80296,4.98804,-20.3,-21.98,72.45,-41.9098,13.8478,-29.7145,1014.48
184466,10.44,-0.554758,2.13773,-24.92,-28.49,70,-40.7639,15.4683,-28.2543,1014.48
184472,10.4926,-0.0286944,0.0669536,-28.07,-30.31,73.15,-41.079,16.6548,-27.9282,1014.46
184478,9.70827,-1.50646,1.74558,-23.52,-36.05,86.38,-41.1936,16.9732,-26.5389,1014.46
184484,9.82783,-2.86466,2.76423,-18.34,-36.96,101.99,-41.2796,16.8285,-26.95,1014.47
184490,10.0813,-3.09421,1.80775,-16.73,-33.67,116.06,-40.9072,17.6677,-27.7439,1014.47
184496,9.6461,-2.59206,0.492587,-20.51,-35.28,128.24,-41.3369,18.5937,-27.1343,1014.48
184502,9.44524,-2.31468,0.454328,-23.45,-36.89,140.35,-40.1337,19.3172,-26.7515,1014.48
184508,8.62745,-3.06552,1.27212,-15.82,-31.36,161.77,-40.9072,19.3462,-26.4538,1014.48
184514,8.6944,-3.51028,2.53945,6.58,-17.5,177.59,-40.6493,20.1564,-26.6239,1014.48
184520,9.21568,-1.12865,1.26255,12.74,-28.63,172.48,-40.7353,20.6773,-26.3971,1014.48
184526,9.08178,-0.143472,0.769966,14.84,-49.35,158.13,-40.9072,20.7352,-26.7373,1014.48
184532,9.76088,-1.44907,0.674318,25.48,-55.65,134.26,-40.9931,21.4008,-25.5039,1014.48
184538,10.5595,-3.21377,0.545194,25.62,-51.38,110.46,-39.5035,22.4426,-25.7024,1014.49
184544,10.8417,-3.76375,0.712578,4.13,-43.19,113.75,-40.3056,22.5005,-26.0427,1014.49
184550,10.4113,-3.61071,0.832138,-35.7,-39.34,146.16,-40.5061,21.777,-27.3895,1014.49
184556,9.93783,-2.26686,1.54472,-68.53,-37.8,207.27,-39.2743,23.4265,-25.5323,1014.49
184562,9.73218,-3.36681,2.27164,-75.25,-42.84,282.8,-39.7613,25.4233,-25.4897,1014.5
184568,9.89479,-7.58489,2.80249,-61.32,-65.66,299.39,-39.2457,26.2336,-24.4832,1014.5
184574,10.9182,-8.37877,0.865614,-55.09,-76.72,273.98,-38.3003,27.015,-23.5617,1014.5
184580,10.813,-8.95744,-0.535629,-50.4,-75.74,223.58,-38.1284,28.7224,-24.3414,1014.5
184586,8.11573,-7.09708,-1.88905,-35.91,-57.68,193.13,-37.842,29.2433,-23.6325,1014.47
184592,7.23577,-6.31755,-2.29555,-27.58,-37.66,179.06,-37.8133,29.388,-23.7034,1014.47
184598,6.901,-5.87757,-2.03252,-31.22,-29.33,168.14,-37.5842,30.6613,-24.1855,1014.47
184604,6.80536,-6.02582,-1.04256,-37.45,-31.15,163.94,-37.0972,31.0953,-23.2639,1014.47
184610,6.91057,-6.35581,-0.23912,-33.53,-29.4,163.66,-37.0972,32.0214,-23.0796,1014.47
184616,6.80057,-6.26973,-0.559541,-34.44,-29.89,163.1,-36.4956,32.658,-22.7252,1014.49
184622,7.2549,-6.03061,-1.10473,-42.35,-28.14,159.6,-36.2091,33.613,-22.626,1014.49
184628,7.80966,-6.67145,-1.24342,-39.69,-24.85,143.71,-35.6075,33.3526,-22.5976,1014.46
184634,7.34577,-6.32233,-1.27212,-35.42,-23.94,125.09,-35.0919,34.5101,-22.9804,1014.46
184640,7.67097,-5.92061,-0.999522,-33.18,-20.79,108.71,-35.0346,33.9314,-21.9455,1014.44
184646,7.32185,-5.60019,-1.06648,-35.35,-19.67,98.84,-35.1492,34.6548,-23.1789,1014.44
184652,7.18795,-6.07365,-0.875179,-38.22,-17.5,92.26,-34.1466,35.523,-21.6761,1014.45
184658,7.03969,-7.17838,-0.229555,-31.01,-14.63,86.38,-33.8315,35.8703,-21.0807,1014.45
184664,6.86753,-7.35533,-0.329986,-20.44,-12.81,83.86,-34.433,36.0439,-21.7612,1014.49
184670,6.81014,-7.5801,-0.502152,-8.47,-12.04,81.13,-33.6309,36.5937,-21.6052,1014.49
184676,6.78144,-7.58489,-0.746054,-0.91,-12.39,77.07,-33.6596,36.5937,-20.5986,1014.47
184682,7.05882,-7.4462,-0.980392,6.79,-10.5,70.07,-33.1439,36.6227,-21.3642,1014.47
184688,7.30751,-6.85796,-1.31038,10.15,-6.79,64.89,-32.9148,37.2015,-21.1799,1014.47
184694,7.12099,-6.29364,-1.33429,2.45,-10.01,60.83,-32.9148,37.6066,-22.47,1014.49
184700,6.50885,-6.43711,-0.879962,-6.51,-15.33,58.17,-32.571,37.3172,-22.1439,1014.49
184706,6.3032,-7.11621,-0.966045,-16.45,-15.82,50.54,-32.571,37.3172,-21.8037,1014.46
184712,5.38498,-7.77618,-0.803443,-24.08,-12.88,39.97,-32.3705,37.7224,-21.1232,1014.46
184718,5.12195,-7.90053,-0.583453,-21.42,-9.24,30.52,-32.5137,38.2433,-21.6619,1014.49
184724,5.25108,-7.9627,-0.253467,-10.15,-9.94,17.5,-32.7142,37.9828,-21.5769,1014.49
184730,5.6241,-7.51315,-0.133907,6.3,-10.64,6.79,-32.9434,37.6066,-20.7262,1014.48
184736,5.82018,-6.92013,-0.506934,21.77,-5.6,4.41,-33.4877,37.6934,-20.6412,1014.48
184742,6.24103,-7.03969,-0.0526064,45.36,3.08,6.86,-32.3132,37.7513,-21.0665,1014.47
184748,6.93448,-7.42229,0.0047824,69.37,6.37,-0.28,-32.5424,37.9539,-21.7186,1014.47
184754,8.33572,-7.15447,-1.29125,77.28,9.87,-3.64,-33.3445,36.6806,-22.3282,1014.44
184760,7.16882,-6.43233,-0.430416,78.12,4.41,-5.25,-32.8575,37.7802,-21.8037,1014.44
184766,7.54663,-6.52798,0.10043,85.47,-5.74,-9.59,-32.7142,37.6934,-22.1156,1014.45
184772,11.8747,-3.48159,2.07078,81.06,13.86,-10.29,-33.5163,36.449,-21.4493,1014.45
184778,9.89957,-3.70636,1.76949,43.19,58.03,8.96,-32.6569,36.4201,-23.0938,1014.45
184784,6.94883,-4.91152,1.6834,-4.76,52.99,44.66,-31.9121,36.9989,-23.7318,1014.49
184790,7.72836,-6.14538,1.14778,-32.41,50.61,80.22,-32.2272,36.6227,-23.6042,1014.49
184796,8.27833,-7.30751,0.526064,-53.76,61.04,101.15,-31.7976,36.9121,-23.6184,1014.46
184802,7.82401,-7.64706,-0.368245,-72.8,62.23,104.09,-29.9928,37.9249,-23.5617,1014.46
184808,7.14491,-7.2836,-0.73649,-89.39,60.69,110.88,-30.0501,37.7802,-23.1789,1014.48
184814,6.15017,-7.9627,0.0813008,-100.73,52.01,112.84,-29.8496,38.9667,-22.3991,1014.48
184820,5.27021,-7.79531,0.573888,-97.51,40.04,115.99,-28.6178,38.9089,-22.1298,1014.48
184826,2.00861,-4.40937,0.454328,-80.22,31.22,142.38,-28.0448,39.6034,-21.832,1014.48
184832,6.0593,-9.3209,-2.37685,-69.37,40.6,122.36,-27.3,39.7481,-21.7895,1014.44
184838,6.15973,-9.86131,-3.00813,-21.7,74.2,114.94,-27.3,39.9507,-21.2933,1014.44
184844,5.40889,-6.95361,-1.71688,29.54,82.25,124.18,-25.925,40.1243,-22.0447,1014.49
184850,5.79149,-6.48972,-1.09995,58.24,86.87,131.11,-25.6099,40.7609,-22.385,1014.49
184856,4.17504,-6.15973,-0.0813008,57.75,86.94,134.26,-25.2661,40.9056,-23.2498,1014.49
184862,2.84553,-6.29842,0.463893,45.43,78.75,133.56,-25.3234,40.2111,-24.6108,1014.45
184868,2.41511,-6.62841,0.923003,25.9,72.1,136.78,-23.8051,40.8188,-24.0295,1014.45
184874,1.87948,-7.64706,1.09517,11.27,59.36,154.7,-22.4588,40.7899,-23.8594,1014.46
184880,3.51506,-7.93878,0.927786,5.25,60.13,172.62,-23.0317,40.5873,-24.9368,1014.46
184886,5.28455,-8.48876,0.248685,6.3,76.44,195.65,-21.4561,41.5712,-24.228,1014.49
184892,5.6241,-8.84266,-0.129125,14.28,91.98,213.85,-20.3389,42.2658,-24.1713,1014.49
184898,6.16451,-8.9957,-0.827355,16.59,101.78,234.15,-18.6488,41.6002,-25.2204,1014.44
184904,6.40842,-9.24438,-0.746054,15.82,120.19,263.76,-17.1305,42.3236,-25.0644,1014.44
184910,6.04974,-9.5648,-0.0286944,12.95,145.67,303.03,-16.0133,42.2368,-24.2989,1014.47
184916,5.12673,-9.79436,0.650406,16.94,151.48,334.74,-14.2372,42.4105,-24.7951,1014.47
184922,5.15064,-9.69392,0.640842,26.95,160.65,360.29,-13.034,42.9892,-25.5465,1014.44
184928,4.81588,-9.56958,0.33955,43.26,171.29,374.71,-9.62508,42.9314,-25.7733,1014.44
184934,4.21329,-8.94787,0.0047824,58.31,178.22,380.94,-7.67711,42.6998,-25.9859,1014.33
184940,3.82592,-8.31659,-0.0860832,70.49,183.61,382.41,-5.52862,41.2818,-26.6523,1014.33
184946,3.27116,-7.64706,0.0430416,78.26,184.52,378.21,-2.89313,41.8317,-27.0351,1014.33
184952,2.70206,-7.31707,0.363462,78.68,181.58,369.18,-1.26028,41.2818,-27.4462,1014.35
184958,1.47298,-6.89622,0.650406,68.46,173.04,358.75,0.343931,40.0664,-29.0057,1014.35
184964,0.181731,-6.66667,1.15256,51.03,159.6,354.76,2.37784,40.7031,-27.8857,1014.35
184970,-1.44428,-6.27929,1.6308,24.71,145.46,365.4,4.21122,40.4426,-26.794,1014.35
184976,-3.83548,-6.61406,2.56337,11.27,133.35,372.61,7.30506,39.4008,-27.6163,1014.37
184982,-1.77905,-5.68627,1.81731,-56.7,114.38,319.06,8.13581,39.3429,-27.7297,1014.37
184988,0.387374,-5.2176,1.19082,-84.07,91.98,246.68,9.79731,38.5037,-27.7723,1014.41
184994,2.27164,-12.6734,3.14682,2.8,116.06,173.11,11.4302,38.7642,-27.0634,1014.41
185000,-0.463893,-12.7164,1.4395,50.33,108.71,134.61,11.8312,38.0696,-27.1201,1014.37
185006,-3.07987,-11.0617,0.215208,66.99,90.58,142.59,13.3495,36.9989,-26.9642,1014.37
185012,-2.83596,-9.6461,-0.640842,46.83,92.96,174.37,13.55,37.0568,-27.8006,1014.38
185018,-1.9847,-8.66093,0.57867,26.25,117.39,205.66,14.9537,36.6806,-27.1059,1014.38
185024,-2.23816,-8.67049,0.865614,9.1,125.16,218.05,15.899,35.8703,-26.5956,1014.38
185030,-3.13247,-8.40268,0.774749,-15.05,119.35,227.85,17.2454,35.2626,-26.5814,1014.39
185036,-3.11334,-8.16834,0.640842,-47.39,109.27,234.29,18.735,34.8285,-25.8725,1014.39
185042,-3.2616,-8.43615,1.15734,-75.25,99.33,230.23,19.4512,35.0021,-26.3262,1014.39
185048,-3.88331,-8.60832,1.09517,-107.73,87.36,229.95,20.5684,34.3365,-24.5966,1014.39
185054,-4.08895,-9.21568,1.05213,-128.1,81.06,234.85,20.9408,33.4394,-25.0219,1014.43
185060,-3.912,-10.7126,0.879962,-127.12,83.79,237.37,23.2326,33.642,-23.9161,1014.43
185066,-3.72071,-11.8077,1.2769,-98.77,93.24,238.91,23.1466,33.15,-23.1505,1014.41
185072,-3.67767,-12.0086,0.970827,-64.89,102.9,235.76,24.8941,32.5712,-22.7819,1014.41
185078,-3.57245,-11.2434,1.23386,-38.43,109.97,226.38,26.0399,31.5005,-22.2432,1014.43
185084,-3.45289,-10.5643,1.49211,-18.06,115.01,212.03,27.4723,31.1822,-22.2148,1014.43
185090,-4.27068,-9.84218,1.66906,-6.3,109.83,200.41,27.415,31.0085,-21.9313,1014.4
185096,-4.19416,-9.12482,0.999522,-1.82,105.28,194.18,28.79,30.2272,-21.0948,1014.4
185102,-4.57676,-7.71401,0.707795,-14.63,96.32,188.93,29.1624,28.8671,-21.5201,1014.42
185108,-4.66762,-7.98661,0.320421,-23.03,87.5,179.55,30.7666,28.5487,-21.3926,1014.42
185114,-4.79675,-7.66141,0.095648,-30.03,78.82,173.74,31.2536,27.5359,-20.2584,1014.42
185120,-5.02152,-8.01052,0.267814,-26.39,71.89,171.5,31.8265,27.7095,-19.1384,1014.44
185126,-5.19847,-8.58919,0.320421,-12.53,73.71,175.21,32.9724,26.9281,-18.8123,1014.44
185132,-6.75275,-7.39837,-0.21999,-10.92,71.19,190.47,33.9177,25.8863,-19.507,1014.45
185138,-7.55619,-7.07795,-0.186514,-15.68,68.11,217.35,34.462,24.9024,-18.5004,1014.45
185144,-7.97704,-6.8484,-0.291726,-28.21,63.77,243.67,35.3501,23.9764,-18.8123,1014.49
185150,-8.4792,-6.901,-0.196078,-39.76,54.18,264.6,36.41,23.2818,-18.2027,1014.49
185156,-8.10139,-7.03013,-0.282162,-52.92,45.85,279.58,36.897,21.9796,-18.5571,1014.48
185162,-7.91965,-7.08273,-0.492587,-62.72,34.44,283.22,37.1262,21.8638,-17.905,1014.48
185168,-7.54184,-7.86227,-0.406504,-60.13,27.3,279.37,38.1574,20.6195,-17.8908,1014.47
185174,-6.69058,-8.60354,-0.176949,-51.59,18.9,261.8,39.3892,19.0568,-16.9551,1014.47
185180,-6.56624,-8.27833,-0.0813008,-53.9,6.44,234.78,39.7903,18.3622,-17.4088,1014.48
185186,-6.92492,-7.43185,-0.454328,-65.87,-13.51,215.95,40.22,17.0889,-17.3662,1014.48
185192,-8.07269,-5.61454,-1.07126,-91.07,-14.77,202.44,40.2486,15.8735,-17.2245,1014.48
185198,-8.85222,-4.60067,-1.00909,-111.86,-27.51,211.4,40.2486,15.3815,-17.8624,1014.49
185204,-9.30177,-6.03061,-3.4242,-92.61,-19.04,232.05,41.3945,14.6291,-16.9551,1014.49
185210,-8.73744,-5.8154,-0.999522,-74.2,-16.8,240.94,41.9961,14.1082,-17.7774,1014.52
185216,-10.0765,-6.13104,2.44381,-32.13,-21.56,237.79,41.6523,13.0953,-16.8842,1014.52
185222,-7.92444,-8.57006,2.67336,34.3,-15.19,209.51,42.1966,12.5455,-17.5647,1014.51
185228,-8.27833,-7.51793,2.18556,71.89,-7,182.28,42.168,10.6645,-18.1318,1014.51
185234,-8.60832,-5.71975,1.18604,78.12,0.35,157.29,42.3112,9.53586,-17.8908,1014.56
185240,-8.89526,-4.62458,0.645624,69.79,-4.34,137.48,42.7982,8.60982,-17.0685,1014.56
185246,-6.99187,-4.03156,-0.444763,51.87,7.98,109.69,42.8268,7.33651,-17.6781,1014.56
185252,-8.19225,-4.6724,-0.181731,46.62,8.82,95.97,42.4544,7.85741,-17.9333,1014.56
185258,-8.1779,-5.04543,-0.33955,48.3,10.85,76.72,43.1706,6.90242,-17.2245,1014.51
185264,-8.83309,-5.15064,-0.263032,53.2,14.77,56.28,43.3998,5.97638,-16.9409,1014.51
185270,-9.50741,-5.12673,-0.0860832,50.4,14.84,32.06,43.543,6.58409,-17.3662,1014.53
185276,-10.6504,-7.58967,3.56289,60.27,3.57,2.66,42.9987,5.97638,-16.7566,1014.53
185282,-9.60306,-5.2989,0.186514,62.72,6.93,-27.65,42.7122,6.41046,-16.8842,1014.53
185288,-9.24438,-5.14108,-0.439981,55.3,7.49,-66.71,43.5144,6.75773,-18.5713,1014.54
185294,-8.95265,-3.9933,-0.722142,30.17,14.98,-104.3,43.9727,6.67091,-17.2103,1014.54
185300,-9.01004,-4.84935,-0.176949,29.19,19.32,-150.57,43.3425,6.67091,-15.9627,1014.51
185306,-9.5648,-6.17886,0.325203,27.79,10.64,-188.37,42.4544,8.03104,-16.7141,1014.51
185312,-10.1387,-6.70014,0.636059,34.72,-4.27,-205.73,43.2279,8.89921,-16.4164,1014.53
185318,-11.0378,-6.89622,0.559541,60.62,-21.56,-214.69,42.569,10.0857,-16.8984,1014.53
185324,-11.4969,-6.30799,-0.0047824,61.88,-34.79,-208.95,42.082,10.6066,-17.5647,1014.5
185330,-10.5978,-6.18364,-0.746054,61.32,-39.83,-206.64,42.082,12.0535,-17.3521,1014.5
185336,-9.89957,-6.23625,-0.664754,40.81,-44.38,-211.47,42.3112,12.5455,-17.664,1014.54
185342,-9.06743,-6.69058,-0.229555,26.74,-53.62,-222.81,40.8216,13.2979,-17.6498,1014.54
185348,-7.37446,-7.23577,0.224773,30.31,-58.59,-243.39,40.4778,14.8606,-18.4295,1014.5
185354,-6.59493,-7.48924,0.105213,38.71,-60.13,-268.59,40.2773,15.6709,-19.2376,1014.5
185360,-5.56671,-7.84314,0.0573888,50.75,-54.81,-304.15,39.5325,16.6838,-19.2518,1014.5
185366,-4.74892,-8.79005,0.392157,60.97,-52.43,-348.18,38.2147,18.5359,-19.0533,1014.48
185372,-4.77284,-9.53611,0.683883,66.08,-59.36,-385.49,37.5559,19.6934,-19.5353,1014.48
185378,-5.44715,-9.96652,0.47824,70.49,-70.49,-413.84,36.2381,21.314,-20.0741,1014.45
185384,-6.25538,-10.3061,0.707795,74.9,-79.31,-443.24,35.4074,22.9635,-20.6837,1014.45
185390,-7.9627,-10.6217,0.985174,76.02,-86.38,-452.2,34.3474,25.0182,-21.6903,1014.47
185396,-8.02487,-11.186,0.970827,71.68,-101.29,-457.24,32.5141,25.8574,-21.7328,1014.47
185402,-7.90531,-11.6069,2.1999,77.91,-115.15,-481.81,30.8812,27.449,-22.626,1014.44
185408,-6.91057,-12.3434,3.32855,79.03,-142.87,-524.3,29.2483,28.3462,-23.3348,1014.44
185414,-7.97226,-11.8125,3.72071,86.17,-175,-576.38,27.4723,29.7352,-23.3632,1014.44
185420,-8.41224,-11.0187,3.51028,101.08,-201.25,-636.3,23.605,31.8478,-24.7951,1014.44
185426,-8.7757,-9.93304,2.52989,114.24,-230.3,-678.58,21.3992,33.9603,-24.8943,1014.41
185432,-8.09182,-9.46915,1.02343,113.05,-250.6,-704.97,18.1621,35.0889,-26.1561,1014.41
185438,-9.97609,-5.6241,-0.860832,88.2,-261.03,-681.24,15.1829,36.2754,-27.1059,1014.37
185444,-8.71832,-5.38498,-1.36777,45.92,-255.01,-627.2,11.5448,37.5777,-27.7156,1014.37
185450,-6.1406,-4.93544,-0.363462,4.13,-249.62,-558.11,8.36498,38.9378,-27.8857,1014.37
185456,-3.67767,-5.94931,0.21999,-26.95,-244.02,-495.95,5.55761,39.4008,-28.3677,1014.36
185462,-0.47824,-7.11621,1.3582,-52.57,-238.21,-440.44,3.46641,40.7031,-27.9707,1014.36
185468,1.39168,-9.41176,1.86514,-59.01,-238.63,-427.42,0.286638,40.5005,-27.8432,1014.36
185474,2.55858,-10.5548,2.47728,-47.32,-240.73,-439.46,-3.35148,40.3269,-27.0067,1014.36
185480,3.16117,-9.89479,1.43472,-28.42,-239.82,-457.45,-4.52599,41.8317,-27.673,1014.36
185486,3.70158,-9.94739,1.53993,-1.33,-235.76,-479.29,-8.27869,41.7449,-27.1627,1014.36
185492,3.25681,-8.5318,0.755619,18.41,-231.84,-480.34,-10.4558,41.1371,-27.1059,1014.33
185498,2.69727,-7.16404,0.320421,31.64,-221.97,-456.4,-13.521,41.1082,-27.0918,1014.33
185504,2.88379,-6.57102,-0.277379,36.33,-204.26,-412.44,-15.469,41.7159,-26.7799,1014.35
185510,3.77331,-6.88187,-0.650406,46.13,-177.03,-364.77,-17.7607,40.3269,-26.2411,1014.35
185516,3.18986,-6.0593,-0.506934,46.27,-154.35,-300.16,-19.9092,40.0375,-26.8224,1014.37
185522,5.40411,-9.41176,1.65949,60.48,-143.29,-272.58,-20.4821,40.1243,-27.2902,1014.37
185528,5.70062,-9.88044,2.10904,67.34,-149.17,-277.83,-23.2895,38.5905,-27.0776,1014.37
185534,6.0593,-8.95744,1.11908,77.49,-160.72,-294,-24.3781,37.9539,-26.3687,1014.38
185540,6.61406,-8.55093,-0.153037,97.79,-154.35,-316.89,-25.3521,37.1725,-26.0427,1014.38
185546,5.62888,-7.53706,0.253467,85.47,-153.58,-313.81,-27.4719,36.5069,-26.0568,1014.36
185552,7.16404,-7.73792,-0.703013,101.29,-136.15,-296.87,-28.9329,35.3783,-26.0994,1014.36
185558,4.85414,-4.62458,-1.23386,98.35,-114.52,-231.63,-30.4225,34.3076,-26.1277,1014.46
185564,6.03539,-3.40029,-1.4395,63.77,-83.51,-173.39,-30.5944,34.4233,-26.4963,1014.46
185570,8.06791,-3.89287,-0.483022,32.62,-53.9,-129.99,-31.597,33.6999,-25.192,1014.44
185576,8.44094,-4.49067,-0.320421,2.94,-39.13,-102.41,-33.5736,32.5423,-26.5956,1014.44
185582,8.93352,-6.03061,1.00909,-8.68,-37.03,-108.78,-32.2272,32.4555,-26.1986,1014.46
185588,7.16882,-5.41846,0.636059,-31.85,-52.71,-97.02,-32.8575,32.8317,-26.0001,1014.46
185594,8.34051,-6.69058,0.650406,20.79,-33.81,-114.45,-33.6023,32.0503,-26.6665,1014.46
185600,8.48398,-6.56624,0.277379,9.87,-53.48,-127.12,-34.2039,31.9635,-25.4189,1014.46
185606,8.44094,-5.42802,-0.483022,5.11,-43.54,-126.49,-34.6049,31.8478,-26.0852,1014.48
185612,7.93878,-5.19847,0.0765184,24.36,-38.15,-136.71,-35.6362,31.4137,-25.5606,1014.48
185618,8.1779,-5.94452,0.153037,28.28,-36.33,-132.72,-35.3211,29.851,-26.2128,1014.48
185624,3.93592,-2.31468,-3.29029,26.67,-7.14,-103.25,-35.9799,29.388,-25.3905,1014.46
185630,5.82496,0.105213,-3.07508,51.31,33.04,-83.93,-36.0945,29.0117,-25.5465,1014.46
185636,8.58919,-3.35724,-1.84601,67.06,17.15,-83.44,-36.5815,29.359,-26.5672,1014.45
185642,7.96748,-4.55285,-1.36298,44.59,-3.99,-89.53,-37.0972,28.3172,-26.1986,1014.45
185648,8.57006,-5.055,0.439981,15.47,-22.33,-107.87,-37.7847,28.433,-25.4614,1014.48
185654,7.86227,-4.69153,1.42037,-6.44,-29.75,-100.59,-37.4409,28.2015,-26.5247,1014.48
185660,7.82879,-3.70158,1.27212,-5.81,-31.5,-81.76,-38.5581,28.6934,-26.8366,1014.48
185666,8.02487,-2.96509,-0.363462,17.29,-5.95,-31.78,-37.756,27.5069,-26.2411,1014.48
185672,9.67001,-7.65184,0.215208,33.6,3.92,-44.03,-37.4982,27.7963,-27.2194,1014.47
185678,5.83453,-5.868,0.454328,39.2,10.29,-66.08,-37.9852,26.6966,-26.227,1014.47
185684,6.0593,-0.420851,0.726925,13.44,17.99,-23.31,-38.0712,26.1757,-26.1561,1014.45
185690,9.25873,-5.38498,1.74079,-0.42,17.15,-43.75,-37.7274,26.9281,-25.83,1014.45
185696,6.06887,-5.63367,1.68819,-3.99,9.1,-26.25,-37.6128,27.8253,-26.553,1014.45
185702,7.64706,-6.48972,2.49163,2.8,15.4,-39.06,-37.269,26.0889,-26.3687,1014.47
185708,5.96365,-4.28503,2.31946,6.37,10.22,-15.47,-38.2717,27.2175,-25.3196,1014.47
185714,7.60402,-4.56241,1.47776,-7.98,17.57,-6.09,-38.4436,26.6098,-25.9292,1014.45
185720,8.32616,-6.18843,1.41559,-7.98,26.18,-15.54,-37.9566,26.4651,-25.433,1014.45
185726,7.14969,-5.978,0.626494,-3.08,26.25,-19.11,-38.3003,26.4362,-26.2553,1014.47
185732,8.24486,-5.47585,-0.444763,5.95,37.1,-23.66,-37.7847,25.7417,-26.6239,1014.47
185738,10.0383,-5.44237,-0.0286944,14.07,32.69,-43.61,-37.9279,26.4072,-25.8158,1014.48
185744,9.47394,-4.50502,0.793878,12.32,27.72,-49.21,-37.1258,25.5391,-25.8016,1014.48
185750,9.69871,-4.33285,0.554758,15.96,31.36,-42.91,-38.0712,25.7417,-27.0209,1014.48
185756,10.1435,-4.17504,0.640842,12.67,39.76,-36.75,-37.6128,25.4523,-26.6665,1014.48
185762,11.1047,-5.16499,0.492587,-3.43,41.44,-39.48,-38.6154,25.6548,-26.9075,1014.46
185768,10.3635,-4.04113,0.0047824,-31.71,43.12,-32.13,-36.4383,25.1339,-26.8508,1014.46
185774,10.2774,-3.55332,0.0860832,-47.6,57.61,-20.44,-37.7847,25.4523,-27.3611,1014.47
185780,10.4113,-4.01243,0.549976,-71.75,63.21,-14.49,-38.1571,24.8445,-27.829,1014.47
185786,9.9713,-4.40459,1.06648,-88.62,64.82,-9.45,-36.9539,25.8863,-27.3895,1014.47
185792,9.8087,-4.40937,1.21473,-72.31,67.34,-0.49,-36.5242,26.7256,-27.3044,1014.47
185798,9.8087,-5.5428,0.875179,-64.19,84.7,19.88,-36.7248,26.3783,-27.7723,1014.47
185804,9.86609,-5.22716,0.243902,-37.66,109.97,38.78,-35.894,26.0021,-27.9282,1014.46
185810,8.13486,-4.25155,0.13869,-17.36,128.87,46.13,-35.9513,26.3783,-28.0983,1014.46
185816,7.84314,-4.16547,-0.215208,4.83,138.25,37.73,-35.3784,26.3204,-28.3961,1014.43
185822,8.52224,-3.9933,-0.114778,38.43,147.42,25.69,-34.4617,25.4812,-29.1616,1014.43
185828,8.47441,-3.60115,0.779531,75.53,142.66,21.14,-34.0606,26.5809,-29.6153,1014.42
185834,8.34529,-2.8264,1.75036,92.33,118.72,3.78,-33.8028,25.568,-29.3176,1014.42
185840,7.7714,-2.68771,2.78814,91,83.79,-15.68,-33.2585,25.6838,-30.8771,1014.43
185846,7.27881,-4.03635,3.71592,82.04,45.5,-41.23,-33.2012,25.0471,-29.9272,1014.43
185852,4.58154,-7.23577,6.28886,90.37,4.83,-65.38,-32.7142,24.642,-31.6852,1014.45
185858,3.87374,-6.59493,7.27881,96.88,-42.14,-86.87,-32.5137,24.1211,-30.9196,1014.45
185864,5.47585,-5.49498,5.82018,94.36,-61.32,-91.07,-34.5476,23.5423,-31.3024,1014.45
185870,7.45576,-3.79723,2.46294,81.55,-58.45,-69.37,-34.1752,23.1661,-30.2391,1014.44
185876,8.1779,-3.46724,2.05165,69.09,-43.4,-31.5,-34.6909,23.658,-31.0188,1014.44
185882,8.84744,-4.16547,2.67814,60.48,-34.58,-11.83,-34.6622,22.9346,-31.8553,1014.44
185888,8.27833,-4.11765,2.48685,52.85,-38.29,-7.14,-34.5476,22.5584,-31.0897,1014.44
185894,7.86227,-3.97896,1.47776,52.85,-40.18,-4.06,-34.3757,22.24,-31.3307,1014.48
185900,9.19656,-4.72979,1.98948,60.76,-33.04,-12.04,-34.9773,21.8928,-30.9479,1014.48
185906,8.24486,-4.71066,2.75466,84.35,-28.7,-3.5,-35.6362,21.806,-32.3373,1014.46
185912,8.22573,-4.32329,2.73075,95.69,-23.45,6.16,-34.9773,21.5455,-31.8269,1014.46
185918,7.47011,-3.84505,2.53467,95.83,-22.47,19.6,-35.2065,20.9957,-31.1606,1014.45
185924,8.25442,-4.14634,2.64945,99.33,-19.67,20.44,-34.8627,20.7931,-30.5085,1014.45
185930,6.99187,-4.61502,4.31372,110.25,-46.27,10.64,-35.8081,20.9378,-31.4016,1014.45
185936,10.6934,-6.51841,4.84457,112,-70.42,-58.03,-35.6075,20.2722,-31.9262,1014.45
185942,10.5308,-7.94357,2.36729,107.1,-107.45,-138.6,-36.1518,18.9989,-30.7636,1014.47
185948,9.34959,-7.98661,1.23864,102.97,-145.53,-229.81,-37.2404,18.5648,-30.1824,1014.47
185954,5.76279,-6.12625,0.0621712,85.4,-151.34,-284.9,-37.5269,17.4362,-30.395,1014.47
185960,5.56193,-3.8594,-1.37733,70.63,-140.98,-296.24,-38.0712,15.3815,-30.0973,1014.5
185966,5.7054,-0.554758,-0.746054,57.61,-124.39,-274.54,-39.7327,15.0053,-29.8705,1014.5
185972,6.79101,0.196078,0.683883,51.59,-117.53,-249.41,-40.3342,13.4716,-29.5869,1014.47
185978,8.2879,-0.176949,1.91774,73.22,-105.84,-239.75,-40.8785,12.2561,-28.9348,1014.47
185984,8.73266,-0.105213,2.04208,101.43,-104.23,-241.22,-42.0817,10.9539,-29.7287,1014.49
185990,8.06791,-0.234338,1.24821,116.41,-115.29,-239.47,-41.5087,10.0857,-28.0133,1014.49
185996,7.8814,-1.48254,0.382592,132.02,-126.7,-243.81,-41.6233,9.53586,-27.7156,1014.47
186002,8.14921,-1.85557,0.0813008,149.87,-131.88,-257.32,-42.8265,7.27863,-26.794,1014.47
186008,7.87661,-1.02343,0,159.88,-129.15,-264.67,-41.8239,5.97638,-27.3186,1014.47
186014,7.15447,-1.2769,-0.25825,161.28,-102.62,-277.27,-42.7405,4.3558,-27.673,1014.47
186020,6.59015,-1.84601,0.0430416,144.55,-86.45,-302.75,-43.6572,2.24326,-26.794,1014.49
186026,6.89622,-1.54472,1.68819,122.57,-96.6,-331.45,-43.4281,1.0857,-25.8016,1014.49
186032,7.19751,-1.32472,1.66906,102.27,-112.42,-361.62,-43.8005,-0.679571,-26.0143,1014.49
186038,7.70923,-0.693448,1.09039,92.33,-118.3,-384.23,-43.7145,-2.44484,-24.2138,1014.49
186044,8.00574,0.463893,0.640842,77.07,-121.52,-395.92,-43.5713,-4.52845,-23.7885,1014.49
186050,10.8034,-1.32472,0.841702,106.4,-119.56,-442.33,-43.2848,-6.23584,-23.3065,1014.46
186056,7.15447,2.77379,0.430416,100.8,-126.49,-452.97,-42.8265,-9.01398,-22.7677,1014.46
186062,7.56576,3.43855,-0.229555,68.39,-136.99,-441,-43.3421,-9.96896,-22.4558,1014.47
186068,8.41702,3.75418,-0.798661,84.56,-125.23,-426.09,-42.139,-11.5606,-22.1581,1014.47
186074,8.81396,2.74988,0.310856,108.43,-127.68,-446.95,-41.2796,-14.4545,-21.4634,1014.53
186080,7.46054,3.3429,0.894309,118.44,-138.25,-447.79,-41.1936,-17.4352,-19.3936,1014.53
186086,7.63271,3.46246,-0.210426,151.83,-145.81,-442.05,-40.5061,-19.432,-18.4437,1014.48
186092,6.94404,4.22286,-0.368245,183.4,-148.4,-435.82,-40.0764,-21.6603,-18.9824,1014.48
186098,7.2549,5.26064,-1.06648,182.35,-153.16,-412.65,-38.329,-23.0204,-17.267,1014.49
186104,7.19273,5.82496,-0.923003,174.09,-165.62,-410.2,-37.7274,-24.6699,-15.4665,1014.49
186110,7.26447,5.95887,-0.683883,159.46,-160.86,-406.56,-37.0685,-26.6088,-14.6726,1014.46
186116,6.73362,6.02104,-1.1143,123.62,-151.06,-379.4,-35.4643,-28.6056,-13.907,1014.46
186122,6.93926,6.75275,-1.93687,52.5,-137.55,-356.58,-34.4903,-29.5895,-12.5744,1014.46
186128,8.29268,9.25873,-2.59684,4.06,-110.39,-351.89,-33.0294,-30.7471,-12.702,1014.5
186134,9.31612,9.57915,-2.33859,-52.01,-98.98,-361.76,-32.5997,-31.7889,-12.6736,1014.5
186140,9.33525,7.75705,-1.85557,-88.97,-96.74,-380.52,-30.4798,-32.6281,-12.4326,1014.52
186146,8.71353,7.42707,-1.72645,-109.48,-96.04,-385.84,-29.8496,-34.0751,-13.4817,1014.52
186152,7.79531,7.53228,-1.63558,-121.31,-99.54,-384.16,-27.9876,-35.4352,-13.2974,1014.48
186158,7.43185,7.39359,-1.20038,-122.57,-105.14,-378,-26.5266,-35.1747,-12.4042,1014.48
186164,7.45098,7.76662,-1.3056,-116.9,-105,-366.1,-25.2375,-36.6217,-14.0346,1014.52
186170,7.55619,8.25442,-1.79818,-121.45,-108.36,-357.98,-23.1463,-36.8821,-14.3182,1014.52
186176,6.96317,8.73744,-2.21425,-114.8,-109.69,-340.13,-22.5161,-37.5477,-15.1971,1014.52
186182,6.21712,9.7274,-2.44381,-107.94,-113.19,-318.29,-20.6254,-38.5895,-15.2255,1014.52
186188,6.0593,9.91392,-2.7977,-99.12,-113.61,-301.91,-19.5941,-39.4577,-14.8144,1014.49
186194,5.60976,10.1196,-2.86944,-81.62,-111.86,-282.1,-17.5602,-39.9497,-15.0837,1014.49
186200,4.60067,10.593,-2.91726,-63.91,-107.73,-261.87,-17.3883,-39.776,-15.5799,1014.49
186206,3.99809,10.6265,-2.76901,-47.74,-101.01,-245.7,-16.2424,-39.3998,-15.5516,1014.49
186212,3.52463,10.2774,-2.61597,-31.36,-95.55,-232.89,-14.8388,-40.4995,-16.3171,1014.49
186218,2.85988,10.3013,-2.51076,-22.54,-86.38,-222.32,-14.7815,-41.4256,-15.7642,1014.48
186224,2.47728,9.90913,-2.2286,-22.96,-72.31,-216.58,-13.4924,-41.5124,-15.6933,1014.48
186230,1.89383,8.84266,-1.1956,-29.19,-60.2,-221.9,-12.8908,-41.5702,-16.0619,1014.53
186236,1.81253,8.41224,-0.172166,-61.04,-56.21,-224.42,-11.7163,-42.0043,-15.424,1014.53
186242,4.67719,7.82401,6.44189,-236.46,-20.3,-215.39,-10.2267,-42.1201,-16.0194,1014.53
186248,1.43472,4.4572,-4.97848,-308.98,-78.61,-239.89,-9.02351,-41.4545,-18.0751,1014.53
186254,0.884744,3.19464,-1.97991,-284.62,-64.96,-304.36,-7.70576,-40.8468,-19.748,1014.48
186260,2.08513,3.51985,-6.51841,-191.17,3.85,-344.82,-6.44531,-40.2391,-20.0174,1014.48
186266,-1.56863,8.9957,3.54376,-154.63,-39.55,-288.26,-4.92704,-39.7471,-20.5986,1014.52
186272,-0.167384,10.6887,-0.387374,-116.83,-37.52,-263.76,-3.20825,-40.4416,-20.5136,1014.52
186278,1.30081,13.9742,-1.73123,-145.53,-30.73,-260.4,-1.74727,-40.0944,-22.3991,1014.49
186284,2.57771,14.5289,-1.04256,-177.31,-27.09,-258.51,-1.26028,-39.805,-21.8746,1014.49
186290,2.05643,13.0225,-1.07126,-161.98,-11.76,-242.41,-0.544113,-38.7921,-22.4558,1014.49
186296,1.14299,13.0655,-0.846485,-146.65,-6.79,-203.98,0.000171967,-38.9657,-23.9303,1014.46
186302,0.985174,13.6155,-1.20516,-136.92,0.14,-168.21,0.974157,-38.5317,-23.3915,1014.46
186308,0.966045,13.0081,-1.26255,-122.99,16.66,-126.07,1.51844,-38.1844,-25.4897,1014.48
186314,1.05213,11.0617,-0.913438,-102.06,33.6,-91.56,1.66167,-36.7953,-25.0361,1014.48
186320,-0.047824,11.2099,-0.071736,-76.16,36.33,-86.24,3.12265,-37.4609,-25.8158,1014.53
186326,-3.76375,12.6303,2.28599,-54.95,0.49,-88.2,2.77889,-37.3162,-25.7024,1014.53
186332,-2.45337,10.4256,0.200861,-29.05,-14.35,-92.54,3.46641,-36.9111,-26.2553,1014.53
186338,-1.66428,8.35485,-0.430416,-4.62,-10.5,-115.57,4.41175,-36.9111,-25.8016,1014.53
186344,-3.05117,7.73792,1.48254,17.85,-17.29,-139.65,5.2425,-36.8532,-25.8158,1014.53
186350,-3.04161,8.37877,1.85557,30.24,-31.5,-155.05,5.32844,-36.4481,-26.0285,1014.53
186356,-3.11812,9.95696,1.71688,25.06,-36.33,-159.04,5.15656,-37.3741,-25.4897,1014.53
186362,-2.60641,10.5022,1.9847,3.85,-24.43,-152.67,5.87273,-36.7664,-26.0001,1014.53
186368,-1.75514,10.4926,1.58297,-33.81,-12.46,-149.1,6.61754,-36.7664,-25.8016,1014.53
186374,-0.832138,10.3252,1.50167,-69.02,-5.88,-149.87,6.73212,-36.6796,-26.3829,1014.52
186380,-0.573888,10.4639,1.16212,-85.89,-6.58,-149.73,7.70611,-35.9561,-27.4037,1014.52
186386,-0.449546,10.7269,0.0191296,-73.92,-4.9,-137.06,7.73475,-35.0879,-26.6948,1014.49
186392,-0.0813008,11.6069,-0.731707,-47.74,0.77,-112.21,9.33896,-35.3194,-27.7581,1014.49
186398,-0.636059,12.8455,-0.841702,-17.29,3.57,-71.19,9.59678,-35.2037,-27.6021,1014.5
186404,-1.75514,12.9794,-0.0813008,9.59,7.56,-28.42,9.68272,-34.0461,-25.9151,1014.5
186410,-1.95122,12.6638,0.0669536,23.59,24.64,11.55,9.68272,-34.9722,-26.6097,1014.52
186416,-1.86035,10.9708,0.291726,34.16,44.45,25.34,9.33896,-34.9432,-28.0558,1014.52
186422,-2.83596,9.48828,0.153037,48.3,47.74,14.7,9.02385,-35.6957,-26.2695,1014.51
186428,-4.50502,10.0191,1.50167,43.33,35.14,-0.56,9.10979,-35.3773,-26.071,1014.51
186434,-4.39024,10.043,1.25777,49.42,27.72,-8.26,8.85197,-35.6088,-26.6948,1014.54
186440,-3.61071,9.34959,0.487805,40.32,27.02,-25.9,9.96919,-35.0879,-26.9783,1014.54
186446,-2.91248,8.24008,1.39646,25.41,22.82,-51.52,10.5135,-35.985,-25.4047,1014.54
186452,-2.59206,7.67097,1.89383,-0.14,17.08,-73.01,10.0551,-35.551,-26.1986,1014.53
186458,-2.15686,7.91009,1.57819,-21.98,13.79,-90.37,10.5708,-35.0879,-26.1277,1014.53
186464,-1.88905,8.14921,0.961262,-38.71,11.76,-102.27,11.0005,-35.3484,-25.7308,1014.55
186470,-1.61645,8.64658,0.559541,-42.42,15.05,-102.83,11.4588,-35.522,-25.9859,1014.55
186476,-1.45385,9.00048,0.23912,-49.35,17.22,-104.72,11.3442,-35.7535,-26.6665,1014.52
186482,-1.49689,9.68436,-0.157819,-55.58,25.97,-106.26,12.089,-34.6249,-26.1135,1014.52
186488,-1.34864,9.89,-0.502152,-82.04,44.38,-109.76,13.0344,-33.8725,-27.0918,1014.52
186494,-1.48254,10.8704,-0.0621712,-115.36,65.73,-106.12,13.8365,-34.2198,-27.1343,1014.52
186500,-2.2286,11.8843,-0.425634,-163.52,89.6,-96.46,14.6099,-34.0461,-27.7723,1014.54
186506,-3.55332,11.7886,0.851267,-198.52,104.51,-89.67,15.3261,-32.7728,-27.5029,1014.54
186512,-4.49067,10.8847,1.94165,-204.05,113.05,-80.36,16.5579,-31.9625,-29.2325,1014.5
186518,-5.37064,8.9957,2.54902,-191.24,112.28,-76.02,16.6152,-31.3837,-29.0199,1014.5
186524,-6.0593,8.60832,3.08465,-176.33,89.53,-75.95,16.959,-30.2841,-29.4735,1014.47
186530,-6.25538,8.07269,2.56815,-164.29,64.61,-71.47,17.8184,-29.1265,-29.9981,1014.47
186536,-5.92061,8.0966,2.38164,-155.05,43.47,-62.58,17.6751,-30.0526,-29.7287,1014.47
186542,-5.12673,7.89096,2.2286,-145.81,29.12,-53.55,17.2454,-27.94,-30.6219,1014.51
186548,-4.46676,7.90053,2.01817,-136.99,26.6,-51.38,18.9069,-28.4609,-30.9338,1014.51
186554,-3.50072,7.75227,1.73601,-131.6,28.56,-56.7,19.1934,-27.477,-31.756,1014.5
186560,-2.01339,6.72884,1.44907,-125.44,35.84,-72.1,18.1048,-27.6217,-32.5358,1014.5
186566,-2.05643,6.23625,1.20038,-122.78,43.68,-81.9,19.0788,-26.3484,-31.7986,1014.52
186572,-2.80249,5.07891,1.84122,-112.07,52.64,-83.86,19.4226,-25.0172,-31.9545,1014.52
186578,-3.74462,4.74892,2.38642,-95.2,52.36,-82.46,20.282,-24.9014,-32.4649,1014.45
186584,-3.36203,5.055,2.17121,-83.44,55.93,-86.73,21.1127,-24.612,-32.2948,1014.45
186590,-2.83596,6.59971,3.17073,-72.17,71.68,-108.29,21.7429,-23.9754,-32.1105,1014.51
186596,-3.07987,7.38881,4.41416,-52.85,84.77,-124.46,21.7429,-23.6571,-32.1246,1014.51
186602,-4.62458,7.96748,5.92061,-19.67,77.98,-128.17,23.0034,-23.2809,-32.635,1014.52
186608,-6.36059,9.29699,6.40363,16.66,57.4,-102.69,23.118,-22.5284,-32.55,1014.52
186614,-8.11573,11.3486,6.19321,38.36,31.01,-54.6,23.9201,-22.6442,-30.4517,1014.52
186620,-9.01482,12.2573,5.21282,44.17,11.48,-6.93,23.4617,-22.8757,-31.9687,1014.5
186626,-9.11047,12.176,4.40937,45.57,-4.13,37.03,23.5477,-23.0493,-31.3591,1014.5
186632,-8.58441,10.9613,2.99856,47.6,-8.4,69.44,23.4044,-23.686,-30.6644,1014.47
186638,-8.21616,10.0096,1.69775,45.01,-5.39,84.84,23.7482,-23.6281,-31.8128,1014.47
186644,-7.12578,8.25442,0.961262,40.95,0.98,83.86,24.1206,-24.149,-32.3231,1014.52
186650,-5.52845,6.901,0.593018,44.31,7.98,70.63,23.032,-24.4095,-31.5292,1014.52
186656,-4.69153,6.3032,0.765184,47.88,18.83,48.37,22.8888,-25.0461,-30.31,1014.5
186662,-2.78814,5.93018,0.526064,56,50.4,23.73,22.8888,-24.641,-31.1039,1014.5
186668,-2.69727,7.61358,1.47298,54.74,70.14,14.84,23.3185,-25.6828,-30.7495,1014.47
186674,-3.82114,9.22047,3.27116,49.07,49.14,25.97,22.6596,-26.1747,-30.31,1014.47
186680,-4.25155,9.4022,4.10808,43.19,10.85,51.66,23.4617,-25.9722,-30.0973,1014.53
186686,-4.70588,9.64132,5.0263,45.15,-12.81,71.89,23.5477,-26.1169,-29.3176,1014.53
186692,-4.57676,9.26829,4.25634,51.73,-27.44,85.61,23.0034,-26.551,-29.5302,1014.52
186698,-4.21808,8.94309,4.08895,60.13,-34.86,89.04,22.9174,-26.4931,-29.4168,1014.52
186704,-3.61549,7.8527,3.71592,76.72,-37.17,80.22,21.1987,-26.8403,-29.7287,1014.52
186710,-3.41463,7.89096,3.65375,95.48,-39.83,67.62,21.2846,-27.8532,-29.1474,1014.48
186716,-2.83596,8.5605,3.52463,114.52,-51.52,54.46,20.9981,-28.403,-29.5161,1014.48
186722,-2.41511,8.31659,2.7977,131.32,-60.41,33.6,21.1127,-28.8371,-29.672,1014.49
186728,-2.67814,8.00096,2.15208,147.21,-61.74,15.75,21.0268,-29.1265,-29.7004,1014.49
186734,-3.2616,6.52798,1.9034,165.9,-57.47,1.26,20.8262,-29.3291,-29.034,1014.51
186740,-3.70636,5.52845,1.67384,180.53,-51.87,-6.3,20.9122,-30.5445,-28.4102,1014.51
186746,-3.50072,4.39503,1.4682,191.87,-51.24,-14.07,20.3106,-30.6892,-28.0133,1014.48
186752,-3.20421,4.19895,1.48254,198.1,-56.91,-21.14,19.795,-31.4127,-26.6523,1014.48
186758,-2.91248,4.1846,1.0856,202.02,-62.79,-32.69,20.5398,-31.3259,-26.312,1014.51
186764,-2.58728,4.82544,0.746054,199.22,-65.94,-46.06,20.3393,-32.3677,-25.5606,1014.51
186770,-2.33381,5.53324,0.23912,188.65,-63.77,-58.66,19.0502,-33.0043,-25.6741,1014.5
186776,-2.37685,6.81014,-0.224773,174.23,-59.99,-66.01,20.0528,-32.9175,-25.1353,1014.5
186782,-2.67814,7.42229,-0.401722,164.15,-56.7,-68.46,19.709,-33.149,-24.228,1014.5
186788,-3.06074,8.0153,-0.215208,158.97,-52.64,-70.84,19.6517,-33.612,-24.4123,1014.48
186794,-3.37159,8.26877,-0.176949,161.63,-46.9,-74.9,19.9096,-34.7696,-24.4406,1014.48
186800,-3.9407,8.43615,-0.267814,168.35,-44.1,-80.85,20.8835,-34.6249,-23.3206,1014.51
186806,-4.28025,8.59397,-0.607365,171.22,-38.36,-88.55,20.8835,-35.2616,-22.7394,1014.51
186812,-4.66284,8.74701,-0.631277,173.32,-36.96,-95.27,21.5997,-34.8854,-22.0022,1014.5
186818,-5.39455,9.19656,-0.71736,179.06,-39.9,-100.73,21.4278,-35.7535,-21.6194,1014.5
186824,-5.53802,9.50263,-0.750837,185.85,-44.17,-104.58,21.8002,-36.3902,-21.1515,1014.53
186830,-6.62841,9.54567,-0.97561,195.58,-52.71,-102.97,21.5424,-36.1587,-19.3227,1014.53
186836,-7.1736,9.76566,-1.34385,202.3,-54.95,-96.04,21.8862,-36.4191,-18.4721,1014.53
186842,-7.13534,10.1052,-1.84601,202.23,-51.8,-77.14,22.5164,-36.6217,-18.387,1014.53
186848,-6.69058,8.8044,-1.69775,194.74,-61.39,-66.01,22.8029,-37.6635,-18.4154,1014.57
186854,-3.4242,4.39981,-0.449546,181.16,-83.72,-88.41,22.4305,-36.9979,-17.4513,1014.57
186860,-2.8264,3.62506,-1.15734,147,-45.78,-91.07,22.7169,-37.4609,-17.0969,1014.58
186866,-4.81588,5.67671,-1.01387,147.14,-21.84,-83.09,22.2872,-37.6635,-16.9268,1014.58
186872,-5.43281,7.56097,-2.46294,134.75,-22.47,-95.9,23.1753,-37.8661,-16.2604,1014.58
186878,-6.48015,8.32616,-2.96509,121.73,-25.13,-120.89,23.8628,-38.7053,-16.0761,1014.55
186884,-6.64275,6.88187,-2.34338,109.83,-23.52,-146.86,24.7795,-37.8661,-14.5875,1014.55
186890,-4.91152,5.55715,-0.33955,118.65,-19.53,-179.76,24.1206,-37.7503,-16.1328,1014.58
186896,-4.36155,7.011,0.334768,142.52,-26.18,-221.13,25.5243,-37.2294,-15.4949,1014.58
186902,-5.99235,9.94739,-0.884744,150.01,-48.86,-234.85,27.5582,-37.6924,-14.786,1014.57
186908,-5.73888,10.6217,-3.1803,133.7,-56.77,-246.54,26.4983,-36.7664,-13.8503,1014.57
186914,-7.12099,9.78479,-4.25155,100.66,-49.49,-262.29,27.4723,-36.2455,-13.9637,1014.61
186920,-8.2066,9.2109,-4.2659,68.11,-33.67,-256.83,29.0478,-35.9272,-13.8361,1014.61
186926,-9.06743,8.46007,-3.9933,47.81,-22.54,-231.21,30.1937,-35.0011,-13.5526,1014.57
186932,-10.703,6.54232,-2.53467,37.45,-25.13,-192.5,30.4515,-34.4802,-13.7369,1014.57
186938,-10.2104,6.20756,-2.74032,22.82,-26.81,-150.43,31.7692,-34.3645,-13.0847,1014.59
186944,-9.4835,5.27499,-3.07987,14.14,-30.94,-127.12,32.2849,-33.4384,-13.6093,1014.59
186950,-7.58967,5.51411,-3.40985,8.82,-37.52,-119,31.9411,-33.2648,-13.8928,1014.59
186956,-7.28838,6.07365,-4.37111,1.47,-52.36,-124.53,32.4281,-32.9754,-14.3323,1014.56
186962,-7.30273,7.96748,-4.85414,-10.43,-60.97,-136.08,32.6,-32.4834,-14.7009,1014.56
186968,-7.78096,7.54663,-4.65328,-26.04,-61.6,-138.88,32.3422,-31.7021,-14.6868,1014.61
186974,-9.25394,7.69966,-1.89861,-25.2,-60.9,-127.61,33.001,-32.0783,-14.6301,1014.61
186980,-8.62745,7.27881,-0.85605,-33.95,-54.6,-113.96,34.3188,-31.3837,-14.8994,1014.59
186986,-8.65136,6.94404,0.205643,-42.91,-48.16,-107.94,33.975,-31.0944,-14.9561,1014.59
186992,-8.97657,5.93496,1.09517,-46.06,-46.55,-116.97,34.4334,-31.0075,-14.9703,1014.59
186998,-9.91392,6.28886,0.93735,-50.47,-61.25,-140.28,34.7198,-29.387,-15.7784,1014.59
187004,-10.2104,5.71019,0.827355,-56.84,-72.73,-171.36,34.5766,-28.6635,-15.3389,1014.55
187010,-10.3539,5.43759,1.21951,-64.12,-78.82,-198.59,35.6652,-27.8532,-17.8341,1014.55
187016,-9.54567,4.90196,1.83166,-71.61,-88.62,-221.27,35.7511,-27.1587,-16.303,1014.58
187022,-8.85222,4.41416,2.10904,-66.43,-102.34,-234.22,36.3527,-25.8564,-17.5647,1014.58
187028,-8.06791,4.28503,1.0856,-52.15,-114.87,-235.97,36.7538,-24.612,-17.9333,1014.61
187034,-8.00096,2.92683,-0.870397,-41.02,-120.75,-232.68,36.8111,-24.8725,-18.5288,1014.61
187040,-7.8527,4.022,-2.18556,-32.34,-116.2,-211.96,37.4413,-23.3966,-19.8472,1014.61
187046,-8.25442,3.51506,-2.28599,-21.42,-103.46,-193.13,37.6418,-22.3838,-19.5212,1014.57
187052,-9.32568,2.29555,-2.01817,-16.03,-95.62,-186.83,36.9256,-21.5156,-19.3652,1014.57
187058,-10.0909,2.11382,-1.75036,-12.25,-87.71,-185.99,37.5272,-20.6185,-19.8047,1014.61
187064,-9.90913,1.75992,-1.20038,2.45,-75.88,-182.63,37.8996,-20.0686,-20.9105,1014.61
187070,-10.1626,1.42516,-0.808226,26.18,-71.96,-176.61,37.9856,-19.4899,-19.8614,1014.6
187076,-9.87566,1.45385,0.0334768,56.49,-76.09,-175.14,38.7304,-18.6506,-21.1799,1014.6
187082,-9.2109,1.17169,0.224773,81.62,-84.56,-187.74,37.8423,-17.8114,-21.8179,1014.58
187088,-8.95265,1.1956,0.071736,96.46,-88.55,-203.91,38.0715,-17.5799,-21.4493,1014.58
187094,-9.23481,1.46341,-0.726925,102.41,-90.3,-213.5,38.3007,-16.3645,-22.1439,1014.59
187100,-9.74653,1.66428,-0.832138,104.65,-85.61,-213.5,38.2147,-16.3355,-21.9738,1014.59
187106,-10.8608,1.7121,-0.81779,103.6,-78.89,-205.73,38.4439,-15.3227,-21.9596,1014.52
187112,-11.2195,1.59254,-0.49737,102.13,-73.5,-192.22,39.8189,-15.3805,-21.8746,1014.52
187118,-11.2339,1.83644,-0.669536,98.14,-71.05,-170.31,39.8189,-14.4545,-21.747,1014.52
187124,-10.8704,2.57771,-1.04735,89.81,-70.07,-150.5,39.4752,-13.6153,-22.1156,1014.53
187130,-10.6408,1.70253,-0.559541,91.84,-67.55,-118.72,39.6757,-14.1651,-22.5693,1014.53
187136,-10.067,2.17599,0.023912,73.15,-71.68,-109.76,38.9309,-13.9336,-23.6325,1014.51
187142,-9.93304,3.47202,-0.47824,36.54,-75.53,-127.61,39.0168,-13.5863,-23.8736,1014.51
187148,-8.90005,4.40937,-0.540411,-6.16,-75.18,-143.29,39.246,-13.0944,-23.2639,1014.53
187154,-8.32138,3.03682,-0.573888,-37.8,-63.42,-148.96,38.7877,-11.9079,-24.3698,1014.53
187160,-8.03921,2.49163,-1.033,-62.58,-42.77,-140.63,38.5871,-11.85,-24.1855,1014.58
187166,-8.22573,1.89861,-0.349115,-86.94,-10.22,-126.56,39.2747,-10.403,-23.9728,1014.58
187172,-8.75179,1.01865,-0.176949,-94.5,21.98,-115.15,38.6158,-9.88214,-24.228,1014.57
187178,-9.20612,-1.20516,0.196078,-95.69,37.38,-108.08,39.3033,-8.86928,-23.8594,1014.57
187184,-8.62745,-1.72645,-0.813008,-99.89,25.13,-133.07,39.1028,-8.55095,-24.1146,1014.57
187190,-9.60306,-1.6308,-1.20516,-104.51,-1.26,-168.63,38.9595,-7.33552,-24.5966,1014.57
187196,-10.1769,-1.1143,-1.20995,-111.79,-16.24,-204.82,39.8762,-6.14902,-23.3915,1014.58
187202,-10.6456,-3.12291,1.29125,-105.98,-12.39,-224.56,39.7043,-5.02041,-24.4973,1014.58
187208,-11.3104,-2.81683,1.20038,-97.93,-2.03,-212.8,38.9882,-3.7471,-24.8801,1014.58
187214,-11.4299,-2.5825,0.966045,-92.47,-2.73,-187.11,39.6757,-2.58954,-23.2072,1014.56
187220,-10.8369,-2.50598,0.435198,-80.85,-0.07,-153.51,39.7903,-1.92394,-24.1855,1014.56
187226,-10.3395,-2.80727,0.224773,-58.87,8.12,-120.68,39.6471,-0.332304,-23.3632,1014.54
187232,-9.92826,-3.28551,0.923003,-39.06,8.82,-95.55,40.2486,0.246473,-24.5824,1014.54
187238,-9.92826,-2.99378,0.85605,-18.55,-2.17,-83.44,39.4179,0.188595,-25.6882,1014.56
187244,-11.0617,-2.06121,0.722142,-30.1,10.08,-108.57,39.6757,1.05676,-24.0295,1014.56
187250,-10.3348,-1.42994,0.124342,-32.76,3.29,-120.89,39.4752,0.883129,-23.8877,1014.54
187256,-9.71305,-2.93639,0.999522,-17.99,17.85,-134.54,39.9049,1.57766,-24.0295,1014.54
187262,-9.13917,-3.41463,0.368245,-9.59,17.5,-145.81,39.9908,2.21432,-24.8801,1014.54
187268,-9.55523,-4.1846,0.162602,-2.45,25.83,-161,40.0195,2.76416,-24.4548,1014.54
187274,-9.6748,-3.87374,-0.023912,-10.29,23.38,-185.64,40.3346,3.60339,-23.4908,1014.52
187280,-10.5261,-4.93065,0.25825,-10.08,27.44,-208.95,40.707,4.84776,-23.6893,1014.52
187286,-10.2869,-4.14156,-1.64515,-18.34,35.84,-220.22,39.9622,5.65805,-22.7677,1014.52
187292,-10.5117,-3.89287,0.0047824,-15.68,30.73,-218.54,39.4465,6.90242,-23.3348,1014.54
187298,-9.7561,-3.6968,-0.344333,-6.72,32.27,-214.9,39.1028,7.82847,-23.9161,1014.54
187304,-8.93831,-3.65854,-0.573888,1.89,32.83,-212.87,39.3033,8.87027,-23.987,1014.54
187310,-5.86322,-8.86179,-2.76901,19.18,52.29,-242.41,38.6444,9.27541,-23.2781,1014.54
187316,-8.53658,-4.05548,-2.17121,24.29,51.17,-250.32,38.4439,10.7224,-22.6685,1014.53
187322,-6.97752,-3.51985,-3.29986,30.1,68.74,-251.51,38.4439,11.8799,-23.0796,1014.53
187328,-8.66093,-1.59732,-0.148254,30.38,54.32,-233.17,38.7877,13.0085,-22.8528,1014.52
187334,-8.11573,-2.58728,-0.0669536,36.05,49.56,-217.42,38.1574,14.0793,-22.4275,1014.52
187340,-9.42611,-2.84553,0.167384,44.45,42.21,-206.78,37.1835,14.224,-23.3206,1014.52
187346,-9.70827,-3.0703,0.583453,50.47,34.3,-205.24,37.9283,14.5134,-21.2224,1014.52
187352,-10,-3.48637,0.47824,48.51,21.14,-206.08,37.3267,15.3815,-22.711,1014.53
187358,-9.92826,-3.81636,0.674318,45.71,13.51,-207.62,37.4413,16.6259,-22.1156,1014.53
187364,-8.95265,-5.27977,0.25825,33.6,4.62,-220.43,37.0402,16.7127,-23.4766,1014.54
187370,-9.55045,-6.1406,0.659971,22.4,-7.91,-243.88,36.6965,18.1886,-23.0513,1014.54
187376,-9.08178,-6.0593,0.272597,15.54,-14.56,-258.3,35.4933,19.3172,-23.6042,1014.54
187382,-8.21616,-5.71019,0.71736,19.53,-16.38,-268.59,35.7225,19.9539,-23.2072,1014.54
187388,-8.59876,-5.51889,0.793878,26.11,-32.13,-280.28,34.6912,21.2851,-22.3708,1014.54
187394,-8.55571,-7.20229,-0.0286944,34.86,-45.29,-300.02,33.4307,21.7191,-23.1363,1014.53
187400,-8.42181,-6.17886,-0.172166,39.69,-55.65,-308.21,33.2016,23.3976,-22.8812,1014.53
187406,-7.62793,-5.91105,0.49737,36.4,-77.84,-297.57,32.3995,23.9764,-23.9161,1014.49
187412,-7.39837,-6.15973,0.85605,30.8,-87.85,-281.82,30.8526,24.3815,-24.6958,1014.49
187418,-8.40746,-6.43711,0.73649,27.44,-108.57,-262.43,29.9359,25.9732,-25.0503,1014.49
187424,-8.69919,-5.79627,1.17647,17.64,-117.25,-239.26,28.7614,27.2465,-25.4472,1014.49
187430,-8.51745,-5.81062,1.62602,6.58,-116.62,-221.41,28.4749,27.478,-25.4614,1014.49
187436,-8.27355,-5.77236,1.9034,-2.24,-113.26,-200.06,26.842,28.4908,-26.3829,1014.49
187442,-8.19225,-6.02104,1.64993,-8.75,-111.09,-176.12,25.5816,28.896,-25.7733,1014.47
187448,-7.44141,-6.05452,1.45863,-13.23,-102.27,-158.76,24.9514,29.7931,-26.4821,1014.47
187454,-6.50885,-6.94404,2.56337,-20.3,-71.96,-134.96,24.2638,30.0825,-26.3404,1014.47
187460,-6.02104,-7.66141,2.44859,-29.89,-47.6,-113.96,23.2899,30.6034,-26.6239,1014.48
187466,-5.42802,-7.40794,1.81253,-37.17,-37.59,-96.53,22.6023,31.5584,-25.5039,1014.48
187472,-4.69153,-7.72836,1.49211,-42.77,-24.01,-82.11,22.7742,31.9346,-27.6872,1014.51
187478,-4.49067,-8.2879,1.83166,-101.78,-35.7,-102.83,22.6883,32.6002,-25.6457,1014.51
187484,-5.33716,-7.50837,-0.0191296,-124.67,-43.89,-161.91,22.4305,33.2658,-25.3905,1014.4
187490,-4.13678,-7.14969,-1.18125,-183.96,-27.44,-163.94,20.6257,33.9892,-25.9009,1014.4
187496,-5.50454,-8.02965,0.559541,-171.71,-26.74,-138.74,20.1674,34.568,-24.2705,1014.51
187502,-4.6198,-8.1779,0.129125,-152.53,-17.85,-123.48,19.5371,35.523,-23.2639,1014.51
187508,-5.45194,-8.84266,0.726925,-105.14,-3.43,-101.01,19.2793,36.7963,-23.0087,1014.49
187514,-6.18364,-9.69871,0.985174,-54.32,6.09,-88.83,19.0788,37.6066,-23.9019,1014.49
187520,-5.93018,-9.6461,1.26734,-21.63,2.87,-86.31,18.0762,36.5359,-23.0371,1014.5
187526,-5.71019,-8.08226,0.760402,-6.02,-12.04,-76.23,17.9329,37.1146,-22.9379,1014.5
187532,-5.42802,-7.3362,0.741272,-0.98,-26.6,-69.44,18.2481,36.5648,-23.7176,1014.51
187538,-4.51459,-6.75275,0.215208,-11.55,-30.38,-71.33,17.8756,37.896,-23.6609,1014.51
187544,-4.12721,-6.06408,-0.109995,-29.4,-27.79,-62.37,16.7871,37.7513,-23.2923,1014.51
187550,-4.33764,-5.64801,0.124342,-56.42,-21.63,-56.14,17.4746,38.3301,-23.2072,1014.53
187556,-4.41894,-7.00143,-1.01865,-68.53,-17.5,-68.46,16.5006,38.1275,-22.8103,1014.53
187562,-3.65854,-8.87613,-0.0143472,-77.77,-15.19,-82.11,16.5865,39.4008,-23.1931,1014.48
187568,-4.02678,-8.44094,-1.03778,-82.95,-10.78,-95.76,15.3834,39.0246,-22.8953,1014.48
187574,-4.09852,-7.40316,-1.36777,-103.81,-9.45,-100.87,15.3261,39.8638,-21.6194,1014.48
187580,-4.90674,-8.21138,0.148254,-114.94,-18.2,-100.17,15.2688,40.0953,-21.3784,1014.48
187586,-5.36585,-9.19177,0.798661,-96.18,-28.84,-105.07,14.8964,41.0503,-21.109,1014.54
187592,-4.97848,-9.56958,0.205643,-72.24,-35,-114.24,14.2948,41.2529,-20.6979,1014.54
187598,-4.46676,-8.35964,-0.626494,-65.1,-41.09,-110.53,13.5214,40.7899,-20.7688,1014.53
187604,-4.41894,-8.19225,-0.200861,-61.39,-41.3,-89.18,13.0057,42.613,-20.4569,1014.53
187610,-3.62984,-9.36872,0.320421,-43.19,-31.57,-69.3,12.2896,42.3236,-20.1733,1014.47
187616,-3.22334,-9.69871,-0.468675,-27.72,-16.8,-50.61,11.688,42.9024,-19.9323,1014.47
187622,-2.7164,-9.89,-0.186514,-21.28,-3.08,-41.51,12.2036,43.0471,-19.9607,1014.47
187628,-2.37207,-10.6026,-0.320421,-12.32,8.4,-40.88,11.5448,43.2786,-20.3293,1014.52
187634,-2.86466,-11.1765,-0.353898,3.5,11.83,-52.85,11.9172,43.0182,-20.9247,1014.52
187640,-3.00813,-9.9187,-1.20516,7.07,18.34,-69.79,10.9145,43.568,-20.0315,1014.49
187646,-3.1803,-8.71832,-1.39168,12.95,20.44,-81.55,11.3729,42.8156,-19.6204,1014.49
187652,-3.10856,-8.76136,-0.750837,23.73,22.89,-87.78,10.7426,43.3654,-20.0457,1014.5
187658,-3.45289,-9.06743,-0.248685,32.97,23.66,-88.62,10.8286,42.9024,-20.6553,1014.5
187664,-3.72071,-9.82305,0.0813008,44.03,22.54,-85.82,9.4249,43.568,-21.1941,1014.51
187670,-3.12769,-9.82783,0.234338,50.89,20.93,-79.17,9.68272,42.8735,-20.627,1014.51
187676,-2.76901,-9.53132,0.272597,51.03,19.39,-71.12,9.59678,43.5101,-21.4493,1014.49
187682,-2.91726,-8.60354,-0.162602,44.59,17.85,-58.87,9.94054,43.7706,-21.3075,1014.49
187688,-3.12291,-8.1779,-0.291726,30.24,13.93,-49.42,9.25302,43.8863,-21.5769,1014.5
187694,-3.43376,-8.87135,-0.248685,22.19,7,-51.59,8.70874,43.4233,-20.6837,1014.5
187700,-2.53945,-15.4806,2.03252,26.25,-16.8,-90.93,9.0525,42.7577,-21.4918,1014.5
187706,-1.47298,-17.0445,2.19034,42.49,-30.66,-143.43,7.19047,43.2497,-21.7328,1014.49
187712,-2.58728,-10.7078,1.24821,38.78,-28.49,-148.89,7.64881,43.6548,-21.6903,1014.49
187718,-2.63032,-6.58536,-0.0621712,25.27,-22.75,-128.17,6.76077,43.3076,-22.3282,1014.48
187724,-3.04639,-5.19369,-1.39168,-11.34,-21.91,-113.96,5.87273,44.3783,-22.3282,1014.48
187730,-4.63893,-4.24199,-2.01817,-22.54,-33.11,-95.34,5.12791,44.4072,-20.8538,1014.49
187736,-3.37159,-4.59589,-1.47776,-43.75,-31.43,-78.89,5.04197,45.015,-21.591,1014.49
187742,-2.32903,-6.66667,-1.23386,-57.12,-28.7,-61.39,4.89874,44.6966,-21.8037,1014.5
187748,-1.36777,-8.61789,-1.49689,-68.53,-20.93,-56.63,3.66694,45.015,-21.4634,1014.5
187754,-0.683883,-10.1483,-1.13343,-85.12,-13.44,-65.1,4.03934,45.2175,-22.3708,1014.52
187760,-0.808226,-9.90435,-1.39646,-101.36,-5.39,-72.38,3.35182,45.3044,-21.0098,1014.52
187766,-0.540411,-9.54567,-1.91296,-114.03,3.64,-72.66,3.06536,46.2304,-21.3642,1014.47
187772,-0.731707,-8.2879,-2.87422,-126.84,15.54,-67.27,2.97942,46.2015,-20.0032,1014.47
187778,-0.741272,-7.60402,-2.73553,-130.9,24.71,-49.7,2.89348,46.5777,-19.266,1014.49
187784,-1.18125,-9.67001,-0.703013,-119.63,21,-48.58,2.43513,46.3751,-19.4503,1014.49
187790,0.679101,-10.7365,-3.19943,-99.26,44.24,-36.47,2.97942,47.5037,-19.5495,1014.49
187796,-0.961262,-10.44,-0.186514,-78.19,42.49,-14.42,2.46378,47.6773,-18.0893,1014.5
187802,-0.483022,-10.4687,-0.373027,-60.2,48.16,15.82,1.8622,47.6773,-17.1111,1014.5
187808,-2.21903,-10.2009,0.49737,-21.84,34.3,0.7,1.71897,47.7063,-16.9835,1014.51
187814,-2.29077,-8.94787,1.20995,8.61,17.99,8.96,2.54972,47.3011,-17.0543,1014.51
187820,-0.25825,-9.79436,-0.0143472,-7.07,22.19,10.36,1.91949,48.0246,-16.6007,1014.49
187826,-0.923003,-10.0383,-1.69775,-24.64,32.13,14.07,1.66167,47.7352,-19.7055,1014.49
187832,-1.33429,-9.6748,-1.64036,-19.39,32.27,12.11,2.63566,47.6773,-17.1961,1014.5
187838,-1.1143,-9.40698,-0.966045,-22.47,22.89,17.78,3.581,46.8381,-16.9693,1014.5
187844,-1.17647,-9.60784,-1.15734,-23.24,20.02,-4.34,3.23724,47.9957,-16.0336,1014.51
187850,-0.913438,-9.61262,-1.24821,-37.24,20.51,-8.47,2.66431,48.2851,-17.0969,1014.51
187856,-0.884744,-9.38785,-1.08082,-35.28,21.28,-12.53,3.1513,47.9957,-15.7217,1014.5
187862,-0.784314,-9.58393,-1.02343,-40.11,16.24,-10.71,2.95077,48.1693,-16.3313,1014.5
187868,-0.612147,-9.82305,-1.73123,-51.45,15.19,-7.91,2.37784,48.0535,-16.2888,1014.5
187874,-0.454328,-9.4835,-1.68819,-58.1,18.9,-3.22,2.7216,47.7352,-15.1971,1014.51
187880,-1.07126,-8.80918,-2.51554,-46.27,31.99,13.51,2.97942,47.6773,-15.0412,1014.51
187886,-0.310856,-10.2582,-1.6308,-44.94,34.44,23.1,2.75025,48.8928,-15.2538,1014.53
187892,-1.1143,-10.3013,-2.61119,-38.08,39.83,30.87,3.581,48.806,-14.3323,1014.53
187898,-1.75514,-8.67049,-1.5208,-37.38,40.46,39.9,3.81017,48.5166,-15.3673,1014.47
187904,-1.51124,-9.21568,-1.70732,-35.63,41.93,46.83,4.0107,48.2851,-15.2397,1014.47
187910,-1.31038,-9.4835,-1.74079,-35.49,39.34,52.15,4.09664,48.6323,-14.4032,1014.5
187916,-1.10473,-9.90435,-1.75992,-28.84,40.53,55.16,5.55761,48.2851,-14.063,1014.5
187922,-1.14299,-9.86131,-1.60689,-21.14,38.57,58.17,4.78415,48.5744,-13.8645,1014.51
187928,-0.980392,-9.98565,-1.87948,-13.09,39.55,58.8,5.41438,48.6902,-14.7435,1014.51
187934,-0.999522,-9.87087,-1.96557,-4.55,39.9,59.36,4.89874,48.4298,-13.3541,1014.5
187940,-1.31038,-9.46437,-2.48685,1.47,45.64,58.52,5.84408,48.806,-12.9997,1014.5
187946,-2.10426,-9.56002,-2.13295,6.51,42.77,54.46,5.70084,47.4169,-12.8437,1014.45
187952,-2.13295,-9.79914,-1.83644,7.14,35.7,41.09,6.61754,48.1693,-13.7794,1014.45
187958,-1.94644,-9.50741,-2.21425,9.03,30.73,31.01,6.67483,47.5905,-13.2265,1014.45
187964,-1.3582,-9.52654,-2.80727,7.21,27.3,23.52,6.61754,47.2433,-12.4042,1014.48
187970,-1.46341,-9.67001,-3.53419,0.77,22.54,16.17,6.58889,48.0825,-13.6235,1014.48
187976,-1.41081,-9.54567,-3.38116,-18.83,14.98,10.08,6.41701,48.1114,-13.8928,1014.49
187982,-1.13821,-9.31612,-3.76375,-43.54,11.27,7.56,7.59152,47.851,-13.2265,1014.49
187988,-1.47298,-9.68914,-1.37255,-103.18,-14.07,-6.16,6.4743,47.8799,-12.6169,1014.5
187994,-1.59254,-9.39263,-2.18556,-160.58,-19.88,-18.41,6.84671,48.3429,-11.667,1014.5
188000,-4.08895,-8.52702,-3.73505,-183.26,-15.61,-24.57,7.36235,48.2561,-11.5394,1014.51
188006,-2.43424,-9.4835,-3.54376,-178.85,-5.88,-27.02,7.3337,48.8928,-9.90907,1014.51
188012,-1.6021,-8.89048,-0.526064,-174.72,-27.51,-25.2,7.01859,48.9796,-9.85236,1014.52
188018,-1.65949,-7.32185,-1.65949,-172.62,-41.93,-8.68,6.58889,49.0375,-8.40629,1014.52
188024,-1.18125,-7.28838,-3.25681,-161.56,-43.54,7.42,7.50558,49.6741,-8.37794,1014.53
188030,-0.93735,-7.65184,-4.94978,-164.71,-35.28,9.24,6.76077,48.777,-7.49895,1014.53
188036,-0.822573,-9.68914,-5.83453,-168.21,-16.45,-6.09,7.10453,49.9056,-6.98858,1014.53
188042,-0.703013,-10.0622,-5.83453,-176.19,-3.22,-30.31,6.58889,50.3397,-6.43567,1014.51
188048,-0.798661,-9.5935,-5.69106,-186.2,0.84,-50.26,5.87273,50.7159,-5.58504,1014.51
188054,-0.942133,-9.26829,-5.69584,-195.16,3.29,-60.2,6.27378,50.7449,-4.25239,1014.49
188060,-1.09039,-9.56002,-5.20325,-198.73,6.16,-61.95,5.6722,51.1211,-2.89138,1014.49
188066,-1.29125,-9.95696,-4.65806,-205.66,5.32,-59.99,4.84145,50.9764,-2.08329,1014.47
188072,-1.36777,-9.98087,-4.24677,-206.78,2.31,-55.51,4.95603,50.8896,-0.537977,1014.47
188078,-1.35342,-9.7274,-4.52415,-207.9,2.24,-47.11,4.3831,51.5262,-0.112663,1014.49
188084,-1.13343,-9.34959,-4.6198,-201.53,2.52,-36.19,4.09664,51.9024,0.553663,1014.49
188090,-1.22908,-8.82831,-4.79197,-194.39,5.81,-23.38,4.35446,51.0632,1.7729,1014.47
188096,-1.41559,-8.36442,-4.93544,-190.19,12.04,-13.02,4.21122,51.2658,3.14808,1014.47
188102,-1.34385,-7.88618,-5.50454,-196.21,14.35,-3.92,4.15393,51.1211,4.66503,1014.51
188108,-1.66428,-7.98661,-5.47107,-197.61,15.05,-5.95,4.41175,51.1211,4.65086,1014.51
188114,-1.67384,-7.34577,-5.5428,-212.45,8.4,-13.72,4.69821,51.1789,7.17439,1014.52
188120,-1.43472,-7.26925,-6.01148,-240.03,1.54,-20.3,4.55498,50.8027,6.59313,1014.52
188126,-0.760402,-6.97274,-6.4945,-265.86,1.12,-20.51,4.66957,50.6002,7.16021,1014.52
188132,-1.17647,-6.94404,-6.81014,-297.5,-0.21,-17.78,3.92476,50.8896,8.50704,1014.49
188138,-1.67384,-6.60449,-7.90053,-329.77,-3.36,-5.95,3.86746,50.4844,12.4625,1014.49
188144,-0.932568,-7.63749,-7.60402,-340.13,3.29,-0.35,4.15393,49.2111,12.9303,1014.5
188150,-1.3056,-7.02056,-7.47967,-358.47,4.55,9.73,4.29716,49.3558,14.6032,1014.5
188156,-1.67384,-7.27403,-7.7714,-366.31,7,17.22,4.12528,49.1532,16.1627,1014.52
188162,-1.76949,-6.37016,-8.31181,-376.67,0.91,22.61,4.18258,48.2561,17.2969,1014.52
188168,-1.23864,-5.50454,-9.58871,-384.58,-1.33,26.46,4.69821,47.5326,19.9055,1014.53
188174,-0.253467,-5.80105,-8.89526,-384.79,7.28,31.64,5.04197,47.388,22.0462,1014.53
188180,-0.81779,-4.30894,-9.22525,-387.38,19.74,44.87,4.21122,45.7674,23.393,1014.48
188186,-1.58776,-4.03635,-9.28264,-390.25,22.96,53.06,4.95603,45.3912,25.2928,1014.48
188192,-1.77905,-4.55285,-8.86657,-392.49,27.09,57.96,5.27114,44.1757,27.0366,1014.52
188198,-1.55906,-4.51937,-9.3735,-389.76,28.77,53.83,4.78415,42.4973,28.8654,1014.52
188204,-2.33859,-4.40459,-9.35437,-403.55,27.58,58.73,5.18521,42.3815,29.9287,1014.52
188210,-3.10378,-3.6681,-9.37829,-413.91,25.48,75.39,5.64355,40.4716,32.2679,1014.48
188216,-2.62554,-4.17025,-10.0239,-425.11,30.38,88.2,5.72949,39.0535,34.1677,1014.48
188222,-1.25777,-4.41894,-9.60784,-435.96,26.46,82.32,5.27114,37.4908,36.9889,1014.51
188228,-1.69775,-2.7451,-10.2391,-451.36,26.6,83.51,6.93265,35.4362,36.4218,1014.51
188234,-1.51602,-1.93209,-11.7982,-461.23,33.32,82.18,6.64618,33.7577,38.5484,1014.49
188240,-1.32951,-1.89861,-12.3912,-483.56,36.82,74.41,6.58889,31.3847,39.8385,1014.49
188246,-1.42037,-1.13343,-12.7547,-508.41,42.21,76.79,6.93265,30.1693,41.2137,1014.5
188252,-1.37733,-0.0095648,-12.6399,-535.78,46.97,75.6,7.10453,26.986,42.8015,1014.5
188258,-1.46341,-0.545194,-11.2243,-545.93,45.99,79.38,7.21911,25.1339,45.4527,1014.51
188264,-2.5538,0.282162,-9.12004,-539.77,32.62,87.71,6.41701,22.7899,45.5519,1014.51
188270,-1.83166,0.703013,-8.44094,-515.97,18.83,94.08,7.36235,19.1146,47.3382,1014.52
188276,-0.502152,1.89861,-9.09134,-493.01,12.95,90.44,7.19047,17.0889,47.1539,1014.52
188282,-0.13869,2.85988,-9.27786,-472.43,10.22,83.86,7.30506,14.2818,48.6425,1014.54
188288,-0.143472,2.5825,-8.91918,-457.94,12.39,82.39,6.98994,12.2272,49.0395,1014.54
188294,-0.693448,3.13247,-9.14395,-443.24,11.34,84.84,7.07588,10.1725,49.7625,1014.54
188300,-0.411286,4.022,-9.36872,-434,21.77,83.3,7.3337,7.45226,50.5848,1014.5
188306,-0.392157,4.30416,-9.83261,-437.29,23.03,82.46,6.87536,5.07927,49.7483,1014.5
188312,-0.57867,5.38976,-9.56002,-450.59,26.32,78.19,7.50558,2.90885,49.9894,1014.5
188318,-0.540411,5.69584,-9.03874,-468.3,21.98,70.14,7.07588,0.217535,49.3372,1014.5
188324,-0.703013,5.14108,-7.86227,-470.68,10.08,64.61,7.01859,-1.92394,49.564,1014.46
188330,-1.05691,3.9933,-8.12052,-460.6,2.1,55.02,6.58889,-4.7889,48.444,1014.46
188336,-0.779531,3.48159,-7.70445,-434.07,-3.29,47.18,6.98994,-7.65385,49.1387,1014.51
188342,-0.234338,4.2946,-7.55619,-411.6,-1.19,38.22,6.76077,-9.50594,48.0896,1014.51
188348,0.291726,4.57197,-6.54711,-391.3,4.69,30.31,6.93265,-10.9529,48.5433,1014.52
188354,0.401722,4.69632,-5.60976,-350.63,7.07,20.72,6.73212,-12.6024,48.2739,1014.52
188360,1.24821,5.68149,-5.38976,-324.17,17.22,14.28,7.7634,-14.8307,46.842,1014.5
188366,0.985174,6.8197,-4.07939,-297.85,17.71,10.15,6.81806,-16.0172,46.8562,1014.5
188372,1.29603,8.60832,-4.78718,-282.73,25.2,4.83,7.19047,-17.6088,45.9914,1014.5
188378,1.12865,9.54567,-5.75801,-267.75,34.02,7.63,6.27378,-19.2294,46.0056,1014.48
188384,1.55428,9.65088,-6.54711,-252,44.38,6.79,6.5316,-19.4899,45.8496,1014.48
188390,2.50598,8.46963,-6.82927,-233.8,49.07,-2.87,6.50295,-20.8789,44.4177,1014.52
188396,2.20947,7.28838,-6.20756,-217.14,44.8,-13.65,5.64355,-21.805,44.3185,1014.52
188402,2.52989,5.14108,-5.05978,-195.23,43.26,-38.15,5.6149,-23.0204,44.0633,1014.52
188408,2.16164,5.03587,-3.73984,-174.93,32.83,-59.71,5.27114,-23.0493,43.0567,1014.52
188414,1.20995,5.23195,-3.55332,-164.29,21,-68.6,6.24513,-24.178,42.4329,1014.51
188420,-0.487805,6.2219,-4.21808,-158.41,14,-73.64,6.01596,-25.2487,41.5256,1014.51
188426,-0.899091,7.67575,-6.48972,-175.42,19.46,-72.73,6.30242,-26.059,41.9793,1014.5
188432,-1.57341,9.59828,-7.70445,-204.68,24.22,-59.36,6.73212,-26.4063,41.5398,1014.5
188438,-1.88427,9.87087,-8.22095,-241.57,29.12,-38.15,6.35972,-27.5638,38.9312,1014.5
188444,-2.12817,9.74653,-8.19703,-271.39,43.26,-17.36,6.58889,-28.895,38.8461,1014.5
188450,-1.77427,10.0143,-8.68006,-293.16,68.95,-5.32,5.38573,-29.9657,39.2856,1014.51
188456,-2.09947,10.6361,-7.92922,-328.44,87.57,1.19,5.58626,-31.2391,38.5342,1014.51
188462,-1.68819,11.1286,-6.39407,-367.43,94.15,11.69,4.92739,-32.4256,36.1525,1014.51
188468,-1.7934,11.0043,-4.82066,-402.64,92.89,17.01,5.2425,-33.4384,34.7773,1014.52
188474,-0.798661,9.0483,-2.56337,-413.63,92.96,19.6,4.46904,-34.4223,33.5864,1014.52
188480,-0.951698,8.5605,-0.569106,-400.47,88.34,23.73,3.66694,-36.0719,31.9419,1014.5
188486,-1.21473,8.26877,0.85605,-379.19,81.76,28.28,3.66694,-37.5767,31.0345,1014.5
188492,-1.45863,8.70397,1.84122,-345.66,76.79,33.88,3.1513,-38.4448,29.9003,1014.5
188498,-0.875179,8.42659,2.38164,-310.94,73.29,27.16,3.66694,-38.7342,27.8021,1014.5
188504,2.07556,8.79962,2.71162,-286.02,76.72,8.4,3.00807,-40.0075,27.8163,1014.5
188510,3.51028,8.96222,2.14252,-270.2,79.59,-20.93,2.26325,-40.8757,26.6254,1014.5
188516,3.46246,8.91439,1.42037,-261.1,84.49,-58.66,2.54972,-41.4834,24.4563,1014.47
188522,2.34338,9.41176,1.86035,-253.54,87.85,-85.47,2.69295,-41.1072,22.826,1014.47
188528,0.913438,10.4878,2.22382,-247.31,89.95,-97.86,2.89348,-42.7857,21.7343,1014.5
188534,-1.70253,11.3965,2.65423,-246.33,83.44,-98.35,2.20596,-42.5831,21.1956,1014.5
188540,-2.96987,11.3104,3.55811,-251.3,68.81,-94.5,2.89348,-42.8146,20.6001,1014.5
188546,-6.59015,9.44524,5.54758,-238.42,36.47,-64.61,4.0107,-43.6539,19.2817,1014.5
188552,-8.16356,7.95313,7.34098,-186.13,-22.68,-15.75,3.89611,-43.9722,17.6796,1014.5
188558,-6.54711,6.06887,5.82975,-141.82,-50.33,4.55,4.35446,-43.8854,17.0842,1014.51
188564,-2.23338,4.7011,4.60067,-113.19,-56.98,0.49,4.8128,-44.6088,16.0635,1014.51
188570,0.133907,4.78718,3.64419,-97.37,-51.31,-13.02,4.12528,-44.7535,15.5247,1014.49
188576,-0.932568,6.77188,2.23338,-96.32,-46.97,-21.42,4.35446,-45.0719,14.8726,1014.49
188582,-2.17121,8.26877,2.20947,-99.19,-52.64,-15.47,5.15656,-45.0719,13.9511,1014.46
188588,-0.932568,8.50311,2.34816,-103.74,-51.17,-14,5.64355,-45.7374,13.5116,1014.46
188594,0.483022,7.51793,2.05165,-105.56,-41.79,-22.75,5.6149,-45.4191,13.9369,1014.5
188600,0.559541,6.6571,2.60641,-105.49,-36.68,-43.4,5.50032,-45.6506,13.3414,1014.5
188606,0.124342,7.13056,1.70253,-110.67,-31.43,-54.39,5.58626,-46.4609,12.7602,1014.49
188612,-0.487805,8.82353,2.67336,-140.07,-37.24,-67.13,6.44566,-45.969,12.2782,1014.49
188618,-0.865614,11.3199,1.77427,-174.16,-25.76,-75.67,6.1019,-46.1715,10.6903,1014.49
188624,-1.45863,11.583,2.46294,-219.38,-28.77,-76.44,6.56024,-45.7085,10.1091,1014.49
188630,-0.908656,10.7078,3.14204,-246.82,-36.19,-73.01,7.44829,-45.7374,9.91058,1014.49
188636,-2.31468,9.71784,-6.65232,-282.87,24.5,-64.89,8.02122,-46.2005,8.43615,1014.49
188642,1.07604,9.59828,-4.87805,-345.38,34.44,-63.77,7.87799,-46.1426,5.62908,1014.49
188648,-1.033,5.80105,8.56528,-308.63,18.55,-53.06,7.56287,-46.5767,4.06959,1014.44
188654,-3.15638,4.24199,9.16308,-235.48,15.26,-50.47,8.13581,-47.2712,4.05542,1014.44
188660,-3.33333,4.41416,7.35055,-184.17,11.9,-49.98,8.02122,-47.0108,2.87871,1014.49
188666,-3.73984,7.07317,7.19273,-155.54,16.8,-37.59,8.76603,-46.8661,2.4534,1014.49
188672,-4.83501,8.26877,7.18317,-137.48,1.26,-15.68,9.28167,-46.2005,1.50353,1014.51
188678,-4.7824,9.04352,5.2989,-151.2,-12.95,6.51,9.25302,-45.9979,1.20581,1014.51
188684,-4.19416,9.04352,5.27499,-173.81,-21.91,19.04,9.16708,-46.432,-0.963291,1014.48
188690,-2.41989,7.64706,6.24581,-185.08,-20.65,25.69,8.13581,-46.4899,-0.5238,1014.48
188696,1.68819,4.97848,6.61884,-150.78,18.55,17.22,8.68009,-46.1426,-2.0124,1014.48
188702,2.49641,4.6198,6.79579,-115.64,19.18,-17.15,7.93528,-46.1715,-3.30252,1014.48
188708,0.645624,8.17312,5.13152,-129.71,23.17,-29.26,8.56551,-46.0847,-3.0048,1014.48
188714,-0.57867,8.51745,5.77236,-154.35,30.66,-18.9,8.59415,-45.969,-4.50758,1014.48
188720,-1.12865,8.00096,5.4902,-162.61,31.85,-13.44,8.07851,-45.7953,-4.33745,1014.48
188726,-1.47776,7.25012,6.94883,-162.4,20.93,-10.36,9.36761,-45.5928,-5.44327,1014.48
188732,-1.64515,6.87709,6.9297,-158.2,15.33,-1.68,8.88062,-44.8982,-5.4858,1014.48
188738,-1.34385,6.55189,6.87709,-156.87,7.07,-0.84,9.79731,-45.2744,-7.03111,1014.49
188744,-1.32472,6.82927,6.9297,-155.75,3.57,5.39,8.88062,-45.3612,-8.16528,1014.49
188750,-1.39168,8.03921,7.23099,-156.87,-1.47,18.97,9.10979,-44.8982,-8.23617,1014.51
188756,-0.473458,8.00574,7.71879,-147.35,-8.33,15.33,9.0525,-44.3194,-8.22199,1014.51
188762,-1.3056,7.14012,9.78001,-103.11,-14.28,31.57,8.39363,-44.7246,-9.15768,1014.52
188768,-0.540411,7.9627,8.62267,-73.36,-18.97,40.88,8.90926,-44.1169,-10.0225,1014.52
188774,-0.267814,8.42181,7.78096,-65.45,-17.29,45.57,8.9952,-44.8982,-9.71059,1014.46
188780,-0.913438,7.23577,7.95313,-58.66,-15.89,50.33,7.67746,-44.5799,-11.2701,1014.46
188786,-1.35342,5.93496,7.77618,-46.76,-8.54,44.8,7.84934,-44.9272,-11.3551,1014.5
188792,-1.92252,5.08369,7.16404,-46.27,-7.07,33.11,8.16445,-44.4352,-11.4118,1014.5
188798,-1.98948,4.58632,7.21664,-45.71,-3.01,24.5,7.90663,-44.3484,-11.0432,1014.5
188804,-0.707795,4.04113,7.22142,-33.39,6.02,7.84,6.93265,-45.014,-11.3126,1014.49
188810,-0.511717,4.2659,6.58536,-22.82,16.31,1.47,7.59152,-44.2326,-11.3977,1014.49
188816,-0.047824,4.40459,7.01578,-15.96,17.22,-8.26,8.13581,-44.3194,-10.9582,1014.48
188822,1.03778,3.73505,10.0574,-21.42,-13.02,-26.6,7.62017,-44.0301,-11.9364,1014.48
188828,-1.89861,5.47107,12.4916,-73.57,-81.41,-51.17,7.21911,-44.0011,-11.5394,1014.52
188834,-3.78766,8.6131,7.92444,-104.44,-105.7,-28,7.7634,-43.8564,-13.8361,1014.52
188840,-1.69297,7.02056,5.62888,-85.12,-73.15,-2.52,7.56287,-43.7696,-12.7729,1014.51
188846,-0.989957,7.011,7.36011,-93.52,-63.7,-0.21,7.01859,-43.4223,-13.7794,1014.51
188852,-0.755619,7.31229,7.75227,-88.55,-42.49,-4.69,7.47693,-43.3355,-14.2473,1014.48
188858,-0.143472,5.74844,9.06265,-73.85,-36.05,-21.21,7.16182,-43.1619,-13.9779,1014.48
188864,0.334768,6.51841,9.45481,-59.64,-34.93,-11.69,7.01859,-43.1619,-14.9561,1014.51
188870,0.602582,4.72501,8.92396,-58.66,-32.06,-9.52,7.59152,-43.0751,-15.5374,1014.51
188876,0.602582,2.77379,7.76184,-61.04,-21.77,-30.59,7.44829,-43.1908,-15.4807,1014.51
188882,0.205643,1.96557,7.78096,-59.57,-9.87,-53.06,6.84671,-42.9014,-15.4382,1014.47
188888,0.0669536,3.35724,7.28838,-71.89,5.39,-64.47,7.99257,-43.4223,-15.5516,1014.47
188894,-1.55906,6.81492,7.74749,-73.71,11.69,-55.93,8.36498,-42.9304,-16.5865,1014.48
188900,-2.12339,7.04926,8.07747,-34.79,15.61,-58.52,8.53686,-42.0911,-15.7359,1014.48
188906,0.253467,4.46198,9.66523,-5.32,-1.33,-59.43,9.51084,-42.149,-16.2463,1014.49
188912,0.559541,4.27547,8.87613,-12.25,-24.08,-48.02,9.19573,-42.0911,-16.1187,1014.49
188918,0.23912,4.32807,8.23051,-20.44,-34.51,-38.92,9.8546,-41.8018,-16.2321,1014.48
188924,-0.272597,4.25634,8.14921,-23.94,-44.03,-32.34,9.53949,-42.5542,-16.147,1014.48
188930,-0.282162,4.14156,8.24008,-37.17,-48.51,-25.83,9.4249,-41.7149,-17.1111,1014.51
188936,-1.12865,4.47633,7.84792,-54.6,-53.76,-20.44,9.56814,-41.8307,-17.1252,1014.51
188942,-2.04208,5.0263,7.66619,-69.37,-57.19,-12.67,9.91189,-41.686,-18.5713,1014.48
188948,-2.63988,5.38498,7.5275,-77.98,-63.98,-5.25,8.9952,-41.3966,-18.5429,1014.48
188954,-2.7451,5.42802,6.99187,-82.81,-61.39,-2.59,8.85197,-41.8018,-17.1536,1014.5
188960,-2.77857,5.29412,6.82927,-82.18,-55.44,0.35,8.90926,-40.9915,-18.4437,1014.5
188966,-2.25729,4.79675,6.80536,-86.87,-44.94,3.57,8.42227,-40.5285,-19.507,1014.5
188972,-1.92252,5.05978,6.7384,-101.08,-33.95,4.9,9.22438,-40.8178,-20.3151,1014.52
188978,-1.62123,4.72979,7.67575,-116.97,-26.74,7.98,8.90926,-40.4127,-20.6837,1014.52
188984,-1.43472,4.55763,8.51745,-132.37,-23.1,10.01,8.96655,-39.6892,-21.7045,1014.46
188990,-1.1143,4.86848,8.73266,-142.73,-24.85,9.17,8.73738,-39.7182,-21.591,1014.46
188996,-0.559541,4.11286,9.88522,-146.3,-25.9,7.63,9.22438,-39.6892,-22.2715,1014.48
189002,-0.49737,4.43328,9.46915,-144.76,-21.07,4.83,8.50821,-38.6474,-22.9379,1014.48
189008,-0.153037,3.99809,9.88044,-133.63,-20.93,-4.83,8.36498,-38.9079,-23.7176,1014.46
189014,-0.439981,4.61023,9.72262,-122.71,-22.12,-8.19,8.79468,-38.0397,-24.5682,1014.46
189020,-0.416069,5.08369,9.23003,-116.9,-19.32,-3.29,8.27904,-37.4899,-24.9368,1014.53
189026,-0.0573888,4.16547,9.21568,-111.09,-23.45,-2.38,8.50821,-37.1426,-24.3981,1014.53
189032,-0.181731,3.81157,9.35437,-95.13,-30.31,5.74,8.50821,-36.7085,-25.4614,1014.48
189038,-0.631277,3.56289,9.48828,-88.55,-48.93,14,8.47956,-36.1587,-25.2062,1014.48
189044,-0.793878,3.38116,9.24916,-94.78,-59.71,17.01,7.24776,-36.3902,-26.709,1014.48
189050,-1.26734,3.70158,8.57484,-104.23,-66.99,28.35,7.90663,-36.1008,-27.5313,1014.45
189056,-1.48733,3.73984,7.94357,-126,-63.07,33.25,7.3337,-35.7535,-27.1627,1014.45
189062,-1.67384,3.56289,8.00096,-146.51,-56.84,31.99,7.56287,-34.9722,-27.7156,1014.47
189068,-1.59732,2.50598,8.79483,-154.84,-44.38,22.96,6.78942,-35.1169,-28.0133,1014.47
189074,-1.64036,3.45768,8.44572,-156.31,-40.39,17.78,6.76077,-33.641,-29.2609,1014.48
189080,-1.5495,3.70158,9.01482,-160.23,-35.07,27.09,5.84408,-34.104,-30.4376,1014.48
189086,-0.296509,3.46724,8.95265,-138.39,-31.78,20.72,5.35709,-33.0333,-30.3525,1014.47
189092,-0.640842,3.48159,9.77523,-99.33,-30.38,15.96,5.98731,-32.5413,-30.8629,1014.47
189098,-0.49737,3.60115,9.72262,-71.47,-30.31,14.35,6.18784,-32.3966,-30.0406,1014.45
189104,-0.832138,4.25634,9.8374,-51.87,-26.67,13.93,5.84408,-31.5863,-31.2457,1014.45
189110,-0.569106,3.59158,9.01004,-42.35,-15.19,9.73,5.35709,-31.5574,-32.1814,1014.48
189116,-0.918221,3.38594,9.26829,-34.86,-4.83,13.16,5.09927,-31.9625,-31.5009,1014.48
189122,-0.875179,3.099,9.24916,-38.08,5.25,12.39,4.92739,-30.805,-32.153,1014.45
189128,-0.396939,2.62076,9.36394,-35.07,7.77,9.17,5.07062,-31.4416,-31.4867,1014.45
189134,0.286944,2.16643,9.63175,-28.07,7.42,7.28,5.72949,-31.268,-32.309,1014.45
189140,-0.143472,1.97513,9.19177,-31.85,0.98,9.73,6.0446,-31.731,-32.55,1014.47
189146,0.454328,1.13821,9.12482,-41.86,-7.7,8.47,4.92739,-30.7471,-32.6776,1014.47
189152,0.363462,1.1143,9.39742,-47.74,-16.45,9.31,4.75551,-30.9207,-32.6634,1014.51
189158,0.985174,0.913438,9.68436,-58.1,-24.78,7.98,4.84145,-30.3998,-32.7484,1014.51
189164,0.669536,1.37733,9.96174,-65.52,-28.91,10.29,4.41175,-30.2551,-32.2522,1014.53
189170,0.47824,2.12817,10.2869,-67.55,-29.26,10.08,3.1513,-31.1522,-33.9251,1014.53
189176,-0.463893,3.10856,11.1382,-68.18,-28.07,9.8,3.9534,-29.4738,-32.8902,1014.51
189182,-0.769966,2.24295,10.8513,-55.23,-23.1,11.48,3.9534,-29.4738,-33.67,1014.51
189188,-0.157819,2.29077,9.94261,-43.54,-16.31,11.69,3.92476,-29.6474,-34.3646,1014.48
189194,-0.722142,3.4242,10.0956,-38.36,-12.11,12.32,4.12528,-29.1844,-33.4573,1014.48
189200,-1.10473,3.12291,10.3874,-34.86,-5.95,13.51,3.83882,-29.8211,-34.6482,1014.48
189206,-0.779531,2.48685,10.1913,-28.49,3.5,14.14,3.60964,-29.6764,-33.032,1014.48
189212,-0.267814,2.10904,10.067,-18.55,17.57,13.86,3.75288,-29.9368,-34.3079,1014.48
189218,0.0430416,1.56384,10.6982,-6.58,27.16,11.83,3.78152,-29.358,-34.6056,1014.48
189224,0.167384,1.86992,10.77,2.73,28.49,8.33,4.21122,-29.0976,-35.031,1014.48
189230,0.329986,1.43472,10.6982,10.99,26.18,6.79,3.5237,-29.9368,-34.5631,1014.5
189236,0.516499,1.22429,10.33,16.31,10.78,10.64,4.41175,-29.5895,-33.3439,1014.5
189242,0.468675,1.22429,10.6504,15.19,-1.68,6.51,4.09664,-29.3291,-34.0102,1014.48
189248,0.57867,-0.229555,8.29746,-0.21,17.43,4.69,4.8128,-29.4159,-33.1596,1014.48
189254,-0.0621712,1.5208,9.54567,-10.43,-5.6,16.94,4.52633,-29.5027,-33.5282,1014.49
189260,0.0382592,1.36298,9.53132,-19.32,-12.6,26.04,3.81017,-29.5606,-34.2229,1014.49
189266,0.483022,1.16691,10.1626,-16.52,-29.47,24.36,3.66694,-29.3291,-34.1803,1014.5
189272,0.85605,1.47298,10.55,-12.04,-29.47,21.98,3.81017,-29.0397,-34.4639,1014.5
189278,0.722142,1.47298,10.8608,-7.91,-29.12,16.59,3.43776,-29.3291,-33.6132,1014.53
189284,0.540411,1.21951,11.2721,-0.42,-21.56,9.31,3.32318,-28.7214,-33.6841,1014.53
189290,0.511717,1.36298,10.9613,-0.56,-15.47,0.77,3.32318,-28.895,-34.4213,1014.5
189296,0.516499,1.07126,10.9517,0.77,-17.57,-3.08,3.69558,-29.4159,-33.8826,1014.5
189302,0.765184,1.20995,10.9708,3.08,-20.02,-7.84,2.43513,-29.6185,-34.4072,1014.5
189308,0.449546,1.48254,10,2.1,-17.36,-10.01,3.03671,-28.3162,-34.4639,1014.48
189314,0.243902,1.49211,10.153,0.35,-16.1,-9.24,3.55235,-29.2712,-34.1803,1014.48
189320,0.162602,1.4682,10.3826,3.43,-19.32,-8.47,2.69295,-29.4448,-33.3155,1014.48
189326,0.301291,1.20038,10.0574,17.64,-20.79,-9.73,2.69295,-28.9818,-34.4639,1014.48
189332,-5.21282,1.81253,4.76327,-48.65,-7.77,33.6,2.7216,-28.6346,-34.1662,1014.47
189338,1.9847,-4.52415,5.00239,-118.86,10.57,32.27,1.89085,-28.6635,-34.7474,1014.47
189344,1.20038,-0.35868,18.0918,-5.46,-57.05,5.32,1.8622,-28.3162,-34.875,1014.47
189350,4.43328,-0.0621712,13.3285,0.21,-100.38,-1.4,1.91949,-27.7664,-35.1018,1014.47
189356,2.46294,-0.71736,6.07365,-42,-142.73,45.5,1.4898,-27.94,-35.4988,1014.48
189362,1.22429,-0.650406,10.6887,-51.52,-137.83,40.04,-0.74464,-28.5477,-35.513,1014.48
189368,4.50502,1.33907,9.89479,-61.18,-91.84,23.87,-0.48682,-27.6217,-35.2011,1014.5
189374,3.78766,2.5012,8.09182,-47.6,-71.68,5.39,-0.801932,-26.9272,-36.0234,1014.5
189380,1.73601,3.1516,7.51793,-33.25,-79.45,-10.78,-1.0311,-26.6088,-35.3287,1014.5
189386,-0.439981,4.09852,7.56576,-24.43,-76.16,-10.22,-1.26028,-27.2165,-34.8608,1014.47
189392,-1.73601,4.57197,7.28838,-26.67,-97.44,-13.16,-1.31757,-27.0429,-34.9743,1014.47
189398,0.13869,2.72597,8.4792,-22.75,-99.47,-28.35,-1.86186,-26.3484,-35.9808,1014.53
189404,0.435198,4.83501,7.15447,-54.39,-91,-27.72,-2.23426,-26.3484,-36.0375,1014.53
189410,0.989957,4.28981,8.07747,-100.73,-73.85,-45.29,-1.91915,-26.2905,-35.9383,1014.53
189416,0.607365,5.80105,8.08226,-160.51,-62.72,-50.68,-2.09103,-26.1169,-36.5054,1014.53
189422,2.31468,5.12673,9.30655,-225.26,-49.91,-50.61,-1.97644,-24.0333,-37.597,1014.51
189428,4.43807,4.23721,9.33046,-300.09,-29.54,-55.16,-2.57802,-23.4834,-37.3844,1014.51
189434,4.28503,3.96461,9.49306,-377.79,-21.91,-54.46,-2.43479,-21.9497,-38.6603,1014.53
189440,3.06074,3.0703,10.1626,-468.65,-22.19,-55.58,-2.40614,-20.7053,-39.1282,1014.53
189446,1.80296,1.94644,12.1043,-560.7,-41.3,-56.56,-2.80719,-17.5799,-41.0279,1014.47
189452,1.53037,1.32472,12.6638,-650.86,-55.72,-66.78,-2.52073,-14.4256,-41.9494,1014.47
189458,2.00861,-2.75944,10.6791,-721.42,-39.69,-86.94,-2.86449,-10.1426,-42.4598,1014.5
189464,2.0373,-6.62841,9.08178,-733.67,-19.53,-112.91,-3.32283,-6.69887,-43.3246,1014.5
189470,0.832138,-10.0335,6.63797,-680.89,1.61,-120.4,-4.44005,-4.81783,-45.6922,1014.5
189476,0.908656,-8.66093,5.63845,-540.19,18.48,-78.96,-2.60667,-0.419122,-44.6431,1014.53
189482,2.33381,-9.19177,2.92205,-353.71,28.28,9.1,-2.97907,2.1275,-44.2886,1014.53
189488,3.38116,-12.9842,1.17647,-125.09,9.45,125.72,-3.03637,4.18216,-44.7423,1014.5
189494,6.78623,-13.7494,-1.54472,110.6,63.28,171.29,-2.60667,3.6902,-43.2395,1014.5
189500,4.30416,-7.18795,5.69584,175.98,106.33,176.4,-1.71862,2.59053,-44.955,1014.49
189506,1.56384,-3.5868,9.30177,133.7,72.03,153.93,-1.4608,0.941009,-44.5155,1014.49
189512,1.94644,-3.03204,10.3491,59.01,74.48,114.1,-0.715993,0.738435,-45.3377,1014.52
189518,1.46341,-4.04591,9.82305,39.27,63.91,92.61,-0.0571209,0.564802,-44.317,1014.52
189524,1.37255,-6.01626,8.68962,41.86,53.2,80.71,-0.257647,-0.129732,-44.6147,1014.5
189530,2.09947,-5.72453,8.63223,21.14,40.6,66.92,0.172052,0.0728402,-45.9899,1014.5
189536,2.53467,-5.39455,9.7561,-3.01,41.37,60.41,-0.200354,-0.332304,-45.0542,1014.49
189542,2.46772,-4.25155,9.77044,-29.4,29.4,66.78,0.143405,-0.0429167,-45.0117,1014.49
189548,2.77379,-4.59589,9.5648,-62.44,28.49,70.77,-0.200354,-0.216549,-44.9691,1014.49
189554,-13.2472,-4.96891,4.68675,-94.71,-12.11,63.56,0.974157,0.420107,-45.4512,1014.5
189560,0.454328,-3.37637,5.53324,-88.9,31.36,11.2,0.487164,1.78024,-45.4086,1014.5
189566,8.98135,-0.741272,4.91631,-78.19,51.59,9.38,0.716337,1.54872,-44.5296,1014.52
189572,-5.09804,-5.41368,15.2176,-67.55,4.13,-29.54,-0.343586,0.651617,-45.8198,1014.52
189578,-3.48637,-6.92492,9.8087,-99.4,-33.39,-55.86,-0.200354,2.50371,-44.558,1014.51
189584,-1.24821,-0.286944,7.50837,-165.76,-54.11,-27.86,0.630398,3.66126,-45.0684,1014.51
189590,3.68245,-4.49546,4.92109,-202.09,-11.41,1.61,-0.0284745,3.95065,-44.9266,1014.49
189596,2.60641,-5.10282,8.19703,-219.94,2.73,37.03,0.401224,5.54229,-45.5646,1014.49
189602,1.50167,-4.93544,7.934,-243.6,15.26,72.8,0.200699,6.87348,-45.437,1014.48
189608,0.607365,-4.96891,7.80966,-267.61,28.35,88.34,0.200699,7.45226,-45.0967,1014.48
189614,0.879962,-6.21712,8.07269,-272.65,30.17,98.35,0.429872,9.44905,-44.955,1014.52
189620,1.67862,-7.0636,7.3362,-282.52,33.46,102.48,0.573104,10.1725,-44.7848,1014.52
189626,2.22382,-7.30273,7.65662,-287.35,31.71,113.89,0.630398,12.0825,-43.4522,1014.52
189632,2.41989,-8.78527,6.60449,-269.99,37.31,112.49,0.974157,13.24,-43.4238,1014.52
189638,1.43472,-9.15351,7.29316,-254.31,32.83,105,1.91949,14.4265,-43.2962,1014.52
189644,0.0095648,-8.29746,6.88666,-251.23,24.85,107.73,2.14867,15.2079,-42.6299,1014.47
189650,-0.181731,-8.10139,6.63797,-248.36,17.92,108.5,1.94814,16.4233,-43.1119,1014.47
189656,-0.726925,-7.81444,6.68101,-244.3,11.2,104.44,2.37784,17.8703,-43.3104,1014.51
189662,-0.779531,-7.64228,5.76279,-245.7,7.07,98.42,2.66431,19.7802,-42.4456,1014.51
189668,-1.13821,-7.1736,5.2989,-249.27,8.19,100.45,3.094,20.5326,-40.8578,1014.46
189674,-1.51602,-7.10186,4.75849,-253.89,12.32,111.23,3.75288,21.2851,-40.7585,1014.46
189680,-0.755619,-8.40268,4.2659,-273.21,26.25,113.61,3.26588,21.7481,-41.5524,1014.49
189686,-1.23386,-9.65088,5.44715,-261.52,32.48,120.12,3.83882,23.4265,-39.0856,1014.49
189692,-1.06648,-9.53132,5.09326,-251.44,35.77,126.98,4.61227,24.6709,-39.7661,1014.5
189698,-1.22908,-9.98565,5.08847,-244.09,29.82,137.69,5.38573,25.568,-38.9155,1014.5
189704,-1.02822,-10.0956,5.14586,-234.22,23.17,149.45,5.64355,26.6677,-37.2284,1014.53
189710,-0.320421,-9.5648,4.11286,-243.32,26.46,151.13,5.58626,27.478,-36.477,1014.53
189716,-1.13821,-9.26351,3.53419,-264.11,27.51,151.69,6.33107,28.3751,-37.3985,1014.53
189722,-0.784314,-9.41655,3.01291,-281.47,30.73,145.67,6.27378,29.7063,-35.0593,1014.53
189728,-2.04208,-9.60306,3.82114,-285.25,21.49,139.79,8.02122,30.314,-34.0953,1014.53
189734,-2.15686,-9.34481,3.50072,-283.29,12.95,139.37,7.82069,31.1532,-34.4213,1014.47
189740,-1.99426,-9.42133,3.33333,-281.4,4.9,140.21,8.07851,31.6741,-34.4922,1014.47
189746,-1.70732,-9.76566,2.86944,-283.36,3.64,136.99,8.85197,32.6291,-32.4365,1014.48
189752,-1.75992,-10.7604,3.09421,-284.69,1.96,131.88,9.48219,33.7867,-31.43,1014.48
189758,-1.71688,-11.6834,2.0373,-283.36,1.75,122.08,10.1124,34.8285,-30.792,1014.5
189764,-2.41511,-11.5925,1.49689,-285.18,4.62,107.66,10.0551,35.7256,-30.5226,1014.5
189770,-3.14204,-11.1382,0.334768,-290.22,12.11,92.26,11.5161,36.6227,-29.2892,1014.5
189776,-3.68245,-10.5595,-0.0191296,-296.59,19.53,77.56,11.3156,37.6645,-26.9216,1014.5
189782,-4.02678,-10.3395,-0.0573888,-297.36,27.37,64.89,11.2296,38.3301,-27.4887,1014.49
189788,-3.62028,-10.1626,-1.14778,-301.07,36.47,59.78,12.3182,38.5905,-24.8376,1014.49
189794,-3.40985,-9.66045,-1.20995,-304.5,40.81,68.18,12.1463,39.6323,-24.2563,1014.5
189800,-2.76423,-8.04878,-0.966045,-302.4,40.32,89.46,12.2609,40.1532,-22.6543,1014.5
189806,-2.63032,-7.64706,-0.349115,-294.21,32.34,116.34,12.662,40.9056,-21.1657,1014.5
189812,-2.3912,-7.2836,-0.526064,-287.28,25.27,136.5,13.55,42.179,-20.5136,1014.48
189818,-2.69249,-6.67145,-0.722142,-273.84,17.64,152.25,15.2975,41.9474,-19.11,1014.48
189824,-2.879,-6.55189,-0.645624,-260.61,7.42,161.42,15.7558,42.3815,-18.2452,1014.46
189830,-2.93161,-5.32281,-1.99426,-252.7,9.03,165.41,16.2714,42.1211,-16.3455,1014.46
189836,-3.31899,-4.9737,-0.81779,-244.16,2.24,173.04,17.1022,42.8735,-15.2113,1014.51
189842,-2.8264,-6.73362,-1.55428,-233.03,3.36,165.2,17.1308,43.4812,-14.8569,1014.51
189848,-3.49593,-8.52702,-1.81731,-214.55,6.09,147,18.3626,42.613,-13.7794,1014.51
189854,-4.74892,-9.44524,-2.43902,-190.82,7.91,126,18.7923,43.1339,-11.6387,1014.51
189860,-5.16021,-9.34481,-2.93161,-176.89,9.24,107.24,20.0528,43.0471,-12.2199,1014.5
189866,-4.33285,-9.17264,-2.69727,-171.36,12.74,89.25,20.7976,43.3076,-11.1283,1014.5
189872,-4.03635,-8.94787,-1.21951,-160.58,9.59,70.77,20.683,43.0471,-10.5612,1014.49
189878,-5.64323,-6.72405,4.20851,-145.81,-24.71,58.1,20.5398,43.5101,-9.69641,1014.49
189884,0.114778,-9.24438,-6.74318,-143.36,17.29,29.12,20.1101,43.5101,-9.11515,1014.49
189890,-3.89766,-10.5452,-2.70684,-104.37,16.31,9.59,20.9408,43.2497,-9.12933,1014.47
189896,-4.64849,-9.34003,-2.6351,-77.84,16.24,2.8,20.1101,42.8156,-9.17186,1014.47
189902,-3.77331,-9.46437,-2.96987,-65.45,18.69,-0.63,20.282,43.0182,-7.95262,1014.49
189908,-3.73984,-9.2109,-2.34816,-69.37,10.15,0.63,20.7976,42.8735,-8.17946,1014.49
189914,-4.02678,-8.62745,-2.57771,-82.46,0.07,10.92,21.6284,43.2786,-6.49238,1014.53
189920,-4.2946,-8.1253,-2.94118,-99.4,-5.67,22.33,21.4851,43.2497,-7.24376,1014.53
189926,-4.58154,-8.11095,-3.4242,-119.98,-9.24,38.5,21.1987,43.7417,-6.83263,1014.51
189932,-4.99283,-7.74271,-3.45289,-136.57,-13.86,45.15,21.5711,43.1339,-5.57086,1014.51
189938,-4.82066,-7.15925,-3.86896,-140.77,-11.97,48.3,22.0294,43.105,-6.12377,1014.49
189944,-5.30368,-6.56145,-4.09373,-135.17,-15.54,44.87,21.5997,43.1339,-5.24479,1014.49
189950,-5.4902,-6.27451,-4.68197,-122.5,-11.9,32.9,22.4305,43.3365,-3.84125,1014.49
189956,-5.6241,-6.70493,-4.56719,-100.45,-7.28,20.58,21.9435,43.6259,-2.74961,1014.49
189962,-5.49976,-6.48493,-4.98804,-79.66,-3.78,8.19,22.2586,43.7417,-2.80632,1014.52
189968,-6.23147,-4.87327,-4.30416,-73.22,-8.19,6.16,22.9174,43.597,-2.83467,1014.52
189974,-5.79627,-7.0923,-4.63415,-57.12,-5.32,-4.69,21.9721,43.1918,-3.17493,1014.52
189980,-5.05021,-7.96748,-4.36155,-32.69,4.27,-22.05,21.0554,42.5552,-3.20328,1014.48
189986,-3.71592,-8.82831,-4.3472,-19.88,8.82,-34.65,21.6856,43.3944,-2.59366,1014.48
189992,-3.19943,-9.39263,-3.57724,-15.12,17.99,-44.59,21.9721,43.7706,-2.79214,1014.5
189998,-2.86466,-9.25394,-3.62984,-12.6,25.06,-51.52,21.6284,44.2336,-2.87721,1014.5
190004,-4.46198,-9.20612,-3.06074,-11.13,17.01,-49.21,21.2846,44.0889,-1.54455,1014.51
190010,-3.23768,-8.70397,-4.33764,-21.91,12.88,-45.15,20.5111,44.0021,-2.90556,1014.51
190016,-4.41894,-9.2922,-3.67767,-28.77,5.18,-31.43,21.3419,44.6677,-2.39518,1014.52
190022,-3.24247,-9.01482,-4.43328,-44.03,3.71,-27.65,21.5424,44.4651,-1.92734,1014.52
190028,-3.81157,-9.11047,-4.28025,-51.38,1.75,-21.28,21.4565,43.8863,-1.10506,1014.53
190034,-3.90244,-8.82831,-4.09852,-55.72,-0.91,-18.69,20.5111,44.6677,-1.75721,1014.53
190040,-3.62984,-8.67049,-4.08417,-51.31,0.07,-16.45,20.5971,44.7835,-1.43114,1014.51
190046,-3.30464,-8.14443,-4.1846,-48.72,-3.01,-15.54,20.5398,45.3622,-2.22506,1014.51
190052,-3.60115,-8.39789,-5.16977,-48.72,-0.91,-15.82,21.2273,44.9571,-0.580509,1014.51
190058,-5.77236,-8.35007,-5.6528,-55.3,2.03,-19.11,21.2559,45.1886,-0.42456,1014.52
190064,-6.00669,-7.43185,-5.69584,-68.11,2.94,-30.24,20.4538,45.449,0.525308,1014.52
190070,-9.07221,-5.94452,-2.64945,-42.14,-9.31,-5.46,20.1387,45.6227,0.66708,1014.49
190076,-2.07556,-5.63845,-5.44237,-23.03,-31.29,-27.3,20.3679,44.2915,1.03569,1014.49
190082,-3.40507,-4.39981,-9.02917,-23.24,18.48,-19.95,20.0814,45.7963,1.2767,1014.46
190088,-4.16069,-7.04448,-5.42802,-23.24,59.08,-14.28,19.1647,43.7706,-1.00582,1014.46
190094,-4.32807,-8.02965,-4.72501,-10.78,67.48,-16.38,20.1387,44.523,0.525308,1014.47
190100,-4.28981,-8.1779,-4.49546,8.26,70.42,-9.8,20.1387,45.449,1.67366,1014.47
190106,-3.9933,-6.58058,-4.75849,15.47,69.51,-1.12,19.7663,45.3333,1.06404,1014.52
190112,-3.29029,-6.2506,-5.44237,7.84,71.4,-1.61,19.4226,44.2336,1.71619,1014.52
190118,-2.6638,-6.99665,-6.26494,-7.98,78.54,-11.9,20.1674,44.4941,1.67366,1014.47
190124,-2.73553,-6.68101,-6.80057,-37.52,99.33,-15.05,19.5944,45.3622,1.61695,1014.47
190130,-2.99856,-6.02582,-7.26447,-77.63,118.93,-13.72,19.3653,44.8703,1.16328,1014.48
190136,-1.94165,-6.2219,-7.70923,-106.12,123.69,-17.64,19.2507,45.5937,3.41745,1014.48
190142,-1.53037,-6.43711,-7.70923,-135.38,125.09,-20.37,18.821,45.3622,4.18301,1014.48
190148,-1.97513,-6.94883,-6.54711,-155.96,128.8,-18.27,18.1621,45.8542,5.20376,1014.49
190154,-2.36729,-7.16404,-6.34146,-172.55,130.69,-19.95,19.8236,45.3044,5.41642,1014.49
190160,-2.41511,-6.80057,-6.85318,-191.45,131.6,-12.95,19.308,45.6516,6.83414,1014.52
190166,-2.56337,-6.67145,-6.72884,-199.43,126.77,4.83,18.821,45.5937,8.15261,1014.52
190172,-2.27164,-6.50885,-6.7671,-210.91,118.79,22.96,19.1934,45.9989,9.81134,1014.51
190178,-2.31468,-5.86322,-6.87709,-227.01,103.32,36.96,19.1075,45.7384,10.024,1014.51
190184,-1.92731,-5.38498,-7.43663,-256.41,95.2,45.78,18.3053,45.3333,11.6969,1014.48
190190,-2.86466,-5.67671,-7.53706,-291.69,105.84,46.69,18.9642,44.4362,12.8594,1014.48
190196,-2.72119,-5.17934,-7.72358,-326.55,123.27,50.75,19.4226,43.8285,15.2695,1014.47
190202,-2.2286,-4.44285,-7.49402,-354.83,139.86,57.61,19.1647,42.8156,16.6164,1014.47
190208,-2.02296,-4.03635,-7.53228,-376.04,148.19,55.16,19.4512,43.2207,19.0407,1014.48
190214,-1.83644,-5.15064,-7.27403,-382.2,158.27,39.2,19.1361,42.0921,20.5009,1014.48
190220,-2.64945,-5.44715,-7.66141,-370.93,161.77,15.12,19.4799,40.5294,21.7627,1014.48
190226,-2.69249,-5.99713,-7.9627,-353.99,167.23,-14,18.2767,40.2111,24.0877,1014.49
190232,-1.97035,-6.75275,-8.76614,-330.33,173.46,-42.91,18.0189,39.4008,26.1718,1014.49
190238,-2.21425,-6.51363,-8.26877,-305.2,172.69,-58.66,17.4173,39.4008,27.5186,1014.46
190244,-2.42946,-6.41798,-8.05834,-279.58,158.69,-75.32,16.2141,38.2143,28.6386,1014.46
190250,-3.6681,-5.67671,-7.7714,-248.71,135.87,-79.94,16.386,37.9539,30.4958,1014.49
190256,-3.29986,-5.57628,-8.00096,-216.44,113.26,-86.03,14.8678,37.5487,31.2755,1014.49
190262,-2.70206,-5.23195,-8.62267,-191.45,97.16,-88.34,14.2948,36.3044,32.75,1014.52
190268,-2.46294,-4.51459,-9.23481,-172.41,82.39,-78.96,13.8078,35.7256,32.9768,1014.52
190274,-2.16164,-4.06504,-9.47394,-159.25,65.1,-69.09,12.9771,36.2754,33.9267,1014.48
190280,-2.26686,-3.80679,-9.52176,-148.82,46.62,-58.45,12.7766,35.6098,33.8558,1014.48
190286,-2.15208,-3.22334,-9.96174,-143.78,29.61,-45.36,12.3755,35.6677,35.1459,1014.51
190292,-2.11382,-2.80249,-9.96652,-138.6,17.64,-30.59,13.063,34.6838,35.6563,1014.51
190298,-1.76471,-2.95552,-9.96174,-134.96,10.71,-21.56,12.6333,33.642,35.9682,1014.48
190304,-1.57341,-2.77379,-9.99043,-131.18,5.53,-12.32,11.9172,33.9314,36.6203,1014.48
190310,-0.980392,-2.74032,-10.5643,-134.05,5.74,-5.81,11.7166,33.8445,36.3651,1014.48
190316,-0.559541,-2.85988,-10.2917,-133.98,12.81,-2.59,12.0604,33.179,37.2866,1014.53
190322,-0.329986,-2.30512,-10.1483,-134.19,23.87,-3.29,11.9458,32.5134,38.0664,1014.53
190328,-0.37781,-2.0373,-9.83261,-136.5,33.25,-6.3,11.201,31.5005,38.4208,1014.47
190334,-0.674318,-1.99904,-9.59828,-141.68,36.33,-11.83,11.4875,30.6902,38.435,1014.47
190340,-0.760402,-1.91774,-9.53132,-145.6,39.55,-21.91,11.3729,30.4298,38.6193,1014.48
190346,-0.822573,-1.8747,-9.69871,-151.41,44.03,-32.55,10.9145,29.851,39.9236,1014.48
190352,-1.13821,-1.57341,-9.5935,-155.68,44.87,-35.7,10.5421,29.0117,38.8887,1014.49
190358,-1.28168,-1.45385,-9.7274,-165.97,45.5,-31.85,10.8859,28.2015,40.4198,1014.49
190364,-1.37255,-1.3056,-9.9187,-179.97,44.1,-28.77,9.88325,28.1725,40.675,1014.48
190370,-1.38211,-1.12386,-9.78479,-188.65,40.95,-23.59,9.56814,27.941,41.1286,1014.48
190376,-1.02822,-0.961262,-10.0574,-196.07,39.27,-18.48,9.8546,26.986,42.1352,1014.46
190382,-0.69823,-0.593018,-10.2296,-201.67,38.15,-13.51,8.59415,26.0021,42.4046,1014.46
190388,-0.45911,-0.124342,-10.2535,-200.27,37.17,-8.05,8.65144,25.5391,43.1985,1014.46
190394,-0.23912,0.569106,-10.0622,-186.62,35.91,-2.66,8.73738,24.15,44.1058,1014.52
190400,-0.13869,0.712578,-10.1291,-169.68,34.3,3.22,8.56551,23.3687,44.2618,1014.52
190406,0.487805,0.392157,-10.263,-144.97,38.71,7.07,8.82332,22.9346,45.0415,1014.51
190412,0.645624,0.401722,-10.5739,-119.98,44.59,13.51,8.25039,22.3847,43.7939,1014.51
190418,0.33955,0.234338,-10.7891,-97.79,50.19,17.15,8.73738,22.2979,44.517,1014.5
190424,-0.0669536,0.373027,-10.8752,-82.18,54.25,18.69,8.53686,21.0825,43.7231,1014.5
190430,-0.430416,0.396939,-10.7795,-71.75,58.03,16.59,7.84934,20.822,45.1266,1014.47
190436,-3.17551,2.30033,-10.1435,-64.54,67.41,4.9,7.96393,20.8799,45.637,1014.47
190442,-4.2946,6.54711,-6.46102,-89.95,49.35,7.21,6.87536,20.4458,46.119,1014.51
190448,1.47298,-2.18556,-10.483,-78.4,50.61,18.62,6.76077,20.1564,44.5737,1014.51
190454,1.40603,-1.60689,-10.5595,-66.01,40.74,13.79,7.24776,19.5777,46.6436,1014.51
190460,-0.263032,0.664754,-10.5835,-66.78,35.14,6.93,6.76077,19.4619,46.2041,1014.51
190466,-1.02822,3.23768,-9.15351,-68.81,24.22,9.73,6.78942,19.433,46.5443,1014.5
190472,-0.368245,3.35246,-8.24964,-57.19,12.18,11.06,6.93265,17.8124,46.7003,1014.5
190478,0.540411,2.38164,-8.94309,-42.63,14.14,5.11,6.70347,18.5359,45.9489,1014.5
190484,0.726925,1.46341,-10.1387,-37.94,39.13,-9.94,6.87536,18.478,47.239,1014.5
190490,-1.20516,0.712578,-9.88522,-41.09,65.31,-31.29,5.04197,17.2626,47.4658,1014.5
190496,-1.16691,-0.789096,-9.70349,-41.93,77.91,-52.71,6.18784,18.1018,46.4592,1014.49
190502,-1.58776,-0.655189,-9.87566,-44.38,81.69,-70.77,4.84145,18.6806,46.9696,1014.49
190508,-1.82209,0.535629,-9.44046,-47.11,75.25,-78.89,4.66957,17.8124,47.3949,1014.51
190514,-1.60689,1.45385,-9.07699,-70.14,60.41,-78.47,5.07062,18.1597,46.5868,1014.51
190520,20.0287,5.20325,-5.41368,-132.79,122.57,-61.39,3.9534,16.9442,47.3808,1014.49
190526,4.99283,12.1234,-6.34624,-232.05,213.57,-61.74,3.06536,15.7867,47.8344,1014.49
190532,-2.18077,7.23099,-10.9995,-314.09,217.07,-9.03,1.69032,15.3526,47.9053,1014.48
190538,-2.75944,4.81109,-10.7939,-374.01,174.16,29.61,0.888217,13.1243,48.359,1014.48
190544,-0.157819,3.55332,-10.33,-437.57,143.99,31.99,-0.114415,10.8671,49.1387,1014.52
190550,1.3056,1.89383,-12.0612,-463.05,137.2,8.12,-1.20298,9.01496,49.479,1014.52
190556,-0.0526064,3.57724,-10.9852,-490.35,124.46,14.91,-0.544113,6.67091,50.0319,1014.52
190562,-3.35246,5.14108,-3.37159,-470.61,66.85,32.9,-1.83321,4.67413,49.7767,1014.5
190568,2.89813,5.05021,-14.3759,-446.11,87.57,9.8,-2.3202,1.63554,49.6066,1014.5
190574,1.62602,4.84935,-12.2382,-436.38,87.85,-16.45,-2.83584,-0.853204,49.8759,1014.5
190580,0.530846,5.82975,-8.17312,-405.58,57.19,-18.9,-3.20825,-2.32909,50.1737,1014.5
190586,0.310856,6.16451,-7.47489,-377.51,33.32,-19.53,-3.15095,-5.59919,49.7058,1014.51
190592,0.416069,5.68149,-5.24629,-344.54,9.59,-19.11,-4.66922,-8.34838,48.9261,1014.51
190598,1.06169,5.85844,-4.73458,-316.19,-2.94,-25.55,-3.66659,-8.78247,49.6916,1014.52
190604,1.45863,5.87279,-5.89192,-299.95,-5.39,-40.53,-3.12231,-10.2005,48.8127,1014.52
190610,0.889526,6.27451,-5.71497,-295.05,-17.57,-42.91,-3.06501,-11.4448,48.8835,1014.47
190616,-0.0334768,5.92539,-5.28455,-287.42,-34.51,-31.99,-2.66396,-13.4706,47.7777,1014.47
190622,-0.176949,5.31325,-4.64849,-254.73,-46.27,-23.03,-2.7499,-15.1201,47.3949,1014.49
190628,0.143472,5.53324,-5.10282,-237.37,-62.02,-3.15,-3.09366,-16.3355,47.2957,1014.49
190634,0.0765184,6.34146,-7.3362,-224.84,-64.12,22.75,-2.03374,-16.596,46.1899,1014.5
190640,0.306074,8.68962,-7.87183,-221.06,-58.73,46.13,-0.945166,-17.9272,46.0056,1014.5
190646,0.516499,9.34003,-8.55093,-244.86,-45.99,75.6,-1.86186,-18.7664,46.2466,1014.5
190652,0.683883,9.07699,-7.51793,-269.15,-31.29,92.82,-1.0884,-20.4448,44.4744,1014.48
190658,0.353898,8.54137,-6.14538,-283.64,-28.91,99.05,-1.97644,-21.6892,44.8289,1014.48
190664,0.951698,7.80009,-4.83501,-287.35,-25.76,98.98,-2.23426,-22.6442,44.0633,1014.5
190670,1.36298,7.73314,-3.84983,-288.33,-26.81,93.8,-2.23426,-23.3966,42.8299,1014.5
190676,1.56863,7.78575,-3.02248,-280.14,-38.78,84.84,-2.06238,-25.6828,41.8233,1014.46
190682,2.68293,9.10091,-2.76901,-265.37,-54.53,79.73,-1.71862,-26.6667,41.1428,1014.46
190688,2.88379,9.22525,-2.03252,-247.52,-65.59,79.94,-1.97644,-28.0558,40.9585,1014.52
190694,3.34768,9.58871,-2.15208,-230.02,-74.83,84.07,-1.8905,-29.1265,40.6466,1014.52
190700,3.16595,9.10569,-2.5825,-209.37,-80.5,91.98,-1.74727,-29.6764,39.8811,1014.47
190706,3.36203,8.82831,-2.64467,-194.32,-79.8,93.17,-2.20562,-30.3709,39.6259,1014.47
190712,3.67767,8.86179,-2.97465,-176.4,-73.5,90.79,-2.63531,-30.7471,38.435,1014.49
190718,3.56289,9.03874,-3.48637,-168.21,-67.83,80.22,-1.91915,-31.8468,37.1732,1014.49
190724,3.76375,9.21568,-3.4768,-159.25,-58.17,68.39,-2.46343,-32.4256,37.5844,1014.49
190730,3.51506,9.74653,-3.1516,-150.64,-49.42,57.89,-1.68998,-33.0333,36.3651,1014.48
190736,3.18986,10.0478,-3.01769,-149.38,-40.25,46.83,-2.3202,-33.9014,36.195,1014.48
190742,2.78814,10.0048,-2.24773,-156.52,-39.27,48.51,-2.03374,-34.0172,35.5003,1014.5
190748,2.52989,9.37829,-1.86035,-160.86,-49,55.93,-2.20562,-34.7696,36.2234,1014.5
190754,1.51602,8.0153,-1.91296,-158.34,-59.99,63.35,-1.86186,-36.0429,34.6497,1014.49
190760,1.47298,6.96317,-1.73123,-148.26,-70.35,63.91,-2.43479,-35.985,34.1677,1014.49
190766,3.70158,7.50837,-2.51076,-137.76,-70.14,52.71,-1.4608,-36.3323,32.0836,1014.51
190772,6.42276,8.46485,-3.61071,-138.53,-37.73,25.06,-1.9478,-36.1297,32.3672,1014.51
190778,6.82927,8.91918,-4.36633,-150.85,-4.83,-6.86,-1.71862,-37.1137,30.8644,1014.48
190784,5.24151,10.7269,-5.00239,-171.71,21.14,-25.9,-2.34885,-38.3001,32.2821,1014.48
190790,3.43376,11.7073,-4.25155,-212.73,28.91,-23.31,-1.97644,-38.0108,30.1272,1014.48
190796,1.6308,13.3716,-3.48637,-264.04,23.59,2.73,-2.97907,-39.4577,29.8153,1014.48
190802,1.89383,12.9555,-3.31899,-300.79,14.7,25.83,-2.17697,-39.9497,28.2274,1014.51
190808,3.55332,11.1956,-3.07508,-331.31,17.99,35.49,-2.26291,-40.7021,26.5687,1014.51
190814,4.49546,9.79436,-2.07078,-356.44,29.05,24.85,-2.17697,-42.1201,24.7824,1014.51
190820,5.00239,9.34959,-1.13343,-366.73,45.29,9.94,-2.52073,-41.8307,22.8827,1014.51
190826,4.77762,10.0478,-1.35342,-371,73.5,-1.75,-2.52073,-43.0751,21.9753,1014.51
190832,3.33812,9.62219,-1.14299,-371.56,104.37,-8.75,-2.92178,-44.0301,20.7277,1014.51
190838,1.5208,8.2066,0.425634,-369.74,123.06,-11.48,-3.12231,-44.6667,18.7288,1014.51
190844,1.16691,7.74749,1.57819,-362.11,126.42,-10.78,-3.06501,-45.1876,17.9348,1014.53
190850,1.20516,6.80536,2.17121,-341.39,118.86,-11.97,-2.97907,-45.5928,15.6523,1014.53
190856,1.92252,5.69584,3.37159,-319.55,113.96,-19.25,-3.1796,-45.7085,14.0503,1014.48
190862,1.23386,5.13152,4.68675,-279.37,92.4,-27.16,-3.6093,-46.5767,12.5759,1014.48
190868,0.167384,5.18412,5.47107,-247.24,64.47,-27.86,-3.32283,-46.2005,11.385,1014.5
190874,0.229555,6.47059,5.45672,-224.42,39.27,-24.01,-3.43742,-46.895,9.81134,1014.5
190880,1.42037,8.00574,5.39455,-214.97,30.94,-27.58,-2.89313,-47.3001,8.70552,1014.53
190886,1.6834,8.90483,6.16451,-212.94,35.7,-33.04,-2.72125,-47.1844,7.47211,1014.53
190892,1.72166,9.8087,6.53754,-218.19,42.56,-36.82,-3.12231,-47.8789,5.44478,1014.53
190898,2.1999,10.2487,7.68532,-221.13,54.67,-43.96,-3.86712,-48.7471,4.26807,1014.49
190904,0.746054,10.1148,7.97704,-216.79,46.13,-42.07,-2.46343,-47.5027,4.14048,1014.49
190910,0.851267,9.09613,6.61406,-207.76,38.64,-40.67,-1.5181,-47.5895,2.86454,1014.51
190916,1.89861,8.2592,5.50454,-198.73,36.82,-41.58,-1.91915,-48.1394,2.1415,1014.51
190922,2.36729,7.5801,4.33285,-175,31.64,-29.33,-2.00509,-46.9529,0.56784,1014.49
190928,1.17169,5.37064,1.69775,-147.98,21.07,-24.22,-1.97644,-47.7921,0.596194,1014.49
190934,2.3099,5.10282,-0.49737,-146.16,39.9,-22.89,-1.0311,-46.7214,-0.254434,1014.49
190940,3.62506,6.74318,3.81157,-146.16,31.64,-18.9,-1.54674,-47.7632,-1.34607,1014.49
190946,2.88857,7.03491,4.41416,-143.15,30.66,-12.81,-1.66133,-47.0686,-2.49442,1014.5
190952,1.56384,6.83883,4.75371,-147.91,41.72,-13.23,-0.830579,-47.358,-3.20328,1014.5
190958,1.56384,7.32185,5.20803,-153.44,52.64,-14.07,-0.429527,-47.2423,-3.54353,1014.49
190964,1.60689,7.2549,5.52845,-158.2,60.97,-15.12,-1.0311,-46.8371,-5.4858,1014.49
190970,1.01387,7.04926,6.75275,-155.54,62.86,-17.71,-0.343586,-47.1844,-5.65593,1014.51
190976,0.961262,7.05882,7.39359,-142.59,63.49,-20.37,-0.630053,-46.7214,-6.59162,1014.51
190982,1.20995,7.2836,7.68053,-131.11,63.42,-20.65,-0.286293,-47.5895,-6.76174,1014.51
190988,1.28647,7.59445,7.76184,-129.43,58.52,-19.39,-0.114415,-46.5767,-7.72579,1014.48
190994,1.4682,7.57054,7.44141,-127.47,53.27,-20.37,0.630398,-46.4899,-7.76832,1014.48
191000,1.7121,7.45098,7.52272,-119.21,47.81,-19.04,0.257992,-45.94,-8.2787,1014.5
191006,1.76471,7.75227,7.27881,-106.12,44.24,-16.03,0.343931,-46.2873,-8.1511,1014.5
191012,1.96557,7.40794,6.92492,-98.21,48.02,-14,0.68769,-46.0847,-8.80325,1014.48
191018,1.93209,7.63271,6.78144,-96.39,52.64,-11.97,1.11739,-46.0847,-10.221,1014.48
191024,1.21951,7.12578,7.14969,-95.34,54.39,-10.15,0.487164,-46.0847,-10.4478,1014.51
191030,1.12386,6.60928,7.46054,-90.58,56.77,-11.13,1.34656,-46.2873,-10.7881,1014.51
191036,1.4395,6.48972,7.24055,-83.86,63.28,-13.23,0.802277,-45.969,-11.1708,1014.49
191042,1.86992,5.80105,6.81492,-70.7,75.6,-19.39,0.830924,-45.5638,-10.9582,1014.49
191048,1.3869,6.0593,6.8197,-63,81.27,-22.26,1.20333,-45.3902,-12.1774,1014.5
191054,-0.176949,7.07317,6.58536,-65.87,79.17,-19.11,1.77626,-45.3034,-12.1916,1014.5
191060,1.28168,6.80536,7.90531,-72.87,82.32,-22.33,1.91949,-44.4063,-12.1774,1014.5
191066,1.4682,6.47059,10.1196,-56.56,86.1,-27.58,2.40649,-45.3323,-11.7805,1014.51
191072,0.569106,7.32185,8.56528,-53.41,92.89,-32.48,2.43513,-44.6956,-12.461,1014.51
191078,0.416069,7.34098,8.13486,-68.25,98.91,-36.05,2.49243,-44.2905,-13.028,1014.51
191084,0.114778,5.99235,8.58441,-48.72,97.51,-42.28,2.89348,-44.5799,-13.0847,1014.51
191090,0.215208,7.43663,7.37924,-75.32,106.4,-45.5,3.20859,-44.6378,-12.9004,1014.51
191096,-0.248685,5.77236,7.94835,-79.03,106.4,-48.16,3.81017,-45.1008,-14.063,1014.51
191102,-0.549976,5.64801,8.0966,-80.43,96.04,-46.9,3.78152,-44.6667,-13.5809,1014.5
191108,-0.731707,4.8924,7.55141,-65.8,82.95,-45.85,3.66694,-45.6217,-15.2538,1014.5
191114,-0.583453,5.01674,6.73362,-54.53,71.61,-40.95,5.58626,-43.3645,-12.5177,1014.51
191120,-0.669536,5.51411,6.71449,-53.62,60.41,-34.09,4.75551,-44.3484,-15.4098,1014.51
191126,-0.650406,5.94931,6.97274,-51.38,50.61,-27.09,5.64355,-43.9143,-14.8427,1014.49
191132,-0.879962,6.11191,7.48924,-49.21,35.56,-15.89,6.67483,-44.2616,-14.2331,1014.49
191138,-0.741272,5.75323,7.97226,-43.4,20.37,-9.52,6.44566,-43.7407,-15.0979,1014.5
191144,-0.387374,6.12147,7.97226,-45.5,14.14,-5.39,5.87273,-43.104,-16.0336,1014.5
191150,-0.162602,6.23147,7.79053,-53.69,12.74,-4.27,6.07325,-43.0751,-15.1971,1014.5
191156,-0.105213,5.87279,7.72358,-54.46,16.59,-4.48,5.81543,-43.1908,-15.1404,1014.49
191162,-0.769966,5.5428,7.33142,-57.4,16.1,-1.54,6.27378,-43.0751,-16.4731,1014.49
191168,-1.75036,5.47585,7.29316,-62.44,5.67,4.2,6.07325,-43.2487,-16.2463,1014.51
191174,-1.06648,4.51459,7.23577,-63.98,3.43,2.8,6.41701,-43.7696,-15.6933,1014.51
191180,-0.707795,3.90722,7.3649,-60.55,6.16,-3.57,5.52897,-43.6539,-16.9976,1014.5
191186,-1.09039,4.09852,7.83835,-52.57,7.28,-7.91,6.35972,-43.7117,-17.4513,1014.5
191192,-1.15734,4.83022,8.01052,-45.29,5.04,-7.49,6.13054,-42.8436,-17.3095,1014.51
191198,-1.10952,5.44237,8.17312,-41.44,3.5,-4.41,6.78942,-42.9883,-17.5931,1014.51
191204,-0.5978,5.30846,8.2592,-42.56,3.57,-2.38,6.44566,-42.2648,-18.0751,1014.52
191210,-0.511717,5.26064,8.69919,-41.51,-17.71,-0.56,5.6722,-42.2069,-18.4721,1014.52
191216,-0.621712,4.94978,8.33094,-37.73,-4.34,2.03,6.73212,-42.5252,-18.6989,1014.48
191222,-0.674318,4.80631,7.99617,-35.98,-7.56,3.29,5.98731,-41.7439,-18.2452,1014.48
191228,-0.5978,4.60545,7.76184,-34.37,-9.1,4.13,6.35972,-41.6571,-18.4579,1014.48
191234,-0.502152,4.48111,7.6901,-30.03,-8.61,3.36,5.70084,-41.3387,-18.0751,1014.46
191240,-0.35868,4.77762,7.99139,-25.41,-8.96,2.87,5.87273,-41.8596,-19.6488,1014.46
191246,-0.416069,4.85892,8.50311,-20.16,-9.24,2.38,5.58626,-42.4674,-19.4786,1014.46
191252,-0.439981,5.13152,8.60354,-19.67,-10.43,3.15,6.0446,-41.5992,-19.025,1014.46
191258,-0.382592,5.32759,8.36442,-19.67,-11.97,5.88,6.58889,-42.1201,-19.4219,1014.48
191264,-0.196078,5.25586,8.34529,-18.76,-13.79,7.98,5.84408,-41.8596,-19.3085,1014.48
191270,-0.114778,4.51459,8.77092,-8.54,-10.78,9.17,5.38573,-42.0333,-18.7556,1014.48
191276,-0.349115,4.8924,8.27355,-6.72,-13.65,8.19,5.55761,-41.9175,-19.4503,1014.48
191282,-0.401722,4.88761,8.14443,-6.51,-13.3,8.68,5.47167,-41.7149,-19.6913,1014.47
191288,-0.593018,5.12195,8.29268,-9.73,-16.45,6.16,5.81543,-41.8596,-19.1951,1014.47
191294,-0.741272,5.17934,8.22573,-14.77,-20.79,6.86,5.70084,-42.178,-19.3085,1014.48
191300,-0.688666,4.71545,9.06743,-10.78,-27.37,7.21,5.29979,-42.4963,-19.1526,1014.48
191306,-0.071736,5.03587,8.63701,-5.11,-29.26,6.86,5.55761,-41.5992,-19.1242,1014.49
191312,1.06648,6.03061,8.02965,-10.64,-21.84,6.37,5.64355,-42.0043,-19.9465,1014.49
191318,1.14299,6.21712,8.08704,-20.93,-8.33,6.93,5.58626,-40.9336,-19.8756,1014.49
191324,0.999522,6.3319,8.38833,-34.23,8.54,7.07,4.58363,-41.3098,-19.2518,1014.47
191330,0.769966,5.74366,8.84744,-44.94,20.86,3.15,4.89874,-41.5124,-19.1667,1014.47
191336,0.588235,5.27499,9.01004,-50.54,25.83,-1.33,5.6722,-41.7149,-20.0032,1014.51
191342,0.224773,5.05021,8.84744,-55.72,28.7,-4.48,5.75814,-41.5702,-20.7262,1014.51
191348,-0.023912,4.8924,8.54615,-60.34,31.78,-6.65,5.50032,-40.731,-20.5986,1014.47
191354,-0.143472,4.5098,8.4505,-62.44,33.39,-7.7,5.93002,-40.8757,-21.1232,1014.47
191360,-0.640842,4.5385,8.44572,-63.63,32.2,-8.12,5.09927,-41.686,-21.8746,1014.44
191366,-0.999522,4.41894,8.39311,-61.46,29.68,-6.44,5.47167,-41.0204,-21.3784,1014.44
191372,-0.559541,4.17025,8.35964,-58.38,23.8,-4.83,6.0446,-41.3677,-21.6194,1014.5
191378,-0.45911,4.28503,8.68484,-52.64,14.91,-1.68,5.98731,-40.3259,-21.6619,1014.5
191384,-0.569106,4.64849,8.66093,-45.08,5.25,4.97,5.21385,-40.0365,-21.9738,1014.53
191390,-0.411286,4.72979,8.71832,-37.31,-3.85,11.41,6.50295,-39.6024,-22.2007,1014.53
191396,-0.35868,4.75371,8.58919,-32.27,-13.09,17.29,5.6722,-39.5156,-22.2432,1014.53
191402,-0.511717,4.73936,8.63701,-30.1,-17.71,22.19,6.67483,-40.1522,-22.8812,1014.51
191408,-0.33955,4.64371,8.66571,-25.34,-21.7,24.85,5.6722,-39.8629,-22.8953,1014.51
191414,-0.37781,4.71066,8.8044,-22.82,-25.97,25.83,5.70084,-39.9497,-22.6969,1014.5
191420,-0.263032,4.8637,9.2396,-22.82,-25.9,27.23,5.41438,-41.1072,-23.1505,1014.5
191426,-0.196078,4.81109,9.48828,-23.94,-23.45,27.44,4.75551,-39.8629,-23.3348,1014.49
191432,-0.0191296,4.58154,9.31133,-25.97,-20.3,26.18,5.2425,-39.8918,-23.4908,1014.49
191438,0.176949,4.28025,9.30655,-24.99,-18.27,23.59,5.01333,-39.9207,-24.1855,1014.48
191444,0.200861,4.11765,9.01482,-24.36,-16.38,21.21,4.55498,-39.8339,-23.5617,1014.48
191450,0.210426,4.1033,9.07699,-21.49,-13.65,18.97,4.52633,-38.9079,-22.8103,1014.49
191456,0.13869,3.9933,8.87613,-20.65,-8.96,16.24,4.15393,-39.5445,-23.5758,1014.49
191462,-0.023912,4.04113,8.94309,-21.7,-5.04,13.44,4.87009,-39.1394,-23.7318,1014.52
191468,-0.0813008,3.93113,9.24916,-22.19,-1.89,10.64,4.26851,-39.2841,-23.7318,1014.52
191474,-0.282162,4.00765,8.86179,-27.51,4.9,8.82,4.89874,-37.9818,-23.9444,1014.47
191480,-0.35868,4.21329,9.20134,-29.61,7.28,8.96,4.87009,-38.387,-23.2498,1014.47
191486,-0.325203,4.0746,9.15351,-29.61,7.28,9.94,3.92476,-38.1555,-24.7951,1014.47
191492,-0.425634,4.08895,9.10091,-28.7,4.83,11.55,3.49506,-38.3001,-23.9303,1014.5
191498,-0.406504,4.03156,9.09134,-27.23,0.98,12.74,5.2425,-37.9818,-24.8943,1014.5
191504,-0.516499,3.72549,8.66571,-24.71,-1.61,12.39,3.89611,-38.4738,-24.1287,1014.52
191510,-0.884744,3.80201,8.93831,-22.33,-7.56,11.34,4.12528,-37.9529,-24.6391,1014.52
191516,-0.659971,3.88331,9.0483,-21.49,-12.81,11.55,4.0107,-38.5027,-24.1571,1014.5
191522,-0.636059,3.95983,8.96222,-21.84,-15.54,11.13,3.72423,-38.9079,-24.4265,1014.5
191528,-0.435198,3.62984,8.94309,-20.58,-14.21,8.89,3.43776,-38.3001,-24.7951,1014.47
191534,-0.535629,3.73027,9.03395,-16.59,-11.97,6.16,3.92476,-38.5317,-24.1713,1014.47
191540,-0.526064,3.83548,8.85701,-12.25,-9.59,3.92,4.23987,-38.1265,-24.313,1014.49
191546,-0.559541,3.80679,8.90005,-8.54,-6.37,1.05,3.63829,-38.0686,-25.6457,1014.49
191552,-0.554758,3.8594,8.92874,-3.71,-5.32,-1.47,3.75288,-38.387,-25.3196,1014.51
191558,-0.535629,3.89287,9.11525,4.41,-5.04,-4.2,3.60964,-38.9657,-24.6391,1014.51
191564,-0.602582,4.11765,9.26829,11.55,-6.65,-5.04,3.63829,-38.0976,-25.0503,1014.51
191570,-0.664754,4.3472,9.29699,16.24,-9.8,-3.08,3.29453,-38.4738,-24.5824,1014.49
191576,-0.200861,4.21808,9.09134,22.68,-13.37,-2.87,3.98205,-38.7921,-25.3338,1014.49
191582,-0.0526064,3.96939,8.95744,30.87,-16.1,-4.06,4.03934,-38.7921,-24.2705,1014.5
191588,-0.023912,3.78766,8.79962,39.2,-18.62,-4.97,3.55235,-37.895,-24.6391,1014.5
191594,0.0286944,3.76853,8.71353,49.98,-18.76,-6.44,3.1513,-39.3709,-24.313,1014.49
191600,-0.707795,1.58297,10.6982,75.04,-24.85,-12.67,3.00807,-38.9368,-23.3065,1014.49
191606,-1.0043,3.72549,9.08178,87.64,-26.25,-14.56,2.69295,-39.1104,-23.7318,1014.52
191612,-0.803443,4.28025,8.53658,90.86,-19.32,-11.62,3.1513,-39.6603,-22.8386,1014.52
191618,-0.0095648,3.67288,8.97178,99.05,-7.35,-11.9,3.20859,-39.8918,-23.2072,1014.52
191624,0.0813008,3.56767,9.22047,109.55,-0.56,-17.43,2.17731,-40.0365,-21.7328,1014.52
191630,-0.114778,3.16117,9.55045,128.8,-0.35,-23.38,3.03671,-40.4995,-21.747,1014.49
191636,-0.47824,3.46724,9.52654,148.82,-8.75,-28.7,3.581,-40.5863,-21.4209,1014.49
191642,-0.37781,3.70158,9.13917,161.28,-18.48,-31.92,3.9534,-41.223,-21.3217,1014.49
191648,-0.368245,4.32807,8.26399,173.6,-30.03,-33.11,3.49506,-41.0783,-19.6771,1014.52
191654,-0.521282,4.38068,8.1779,192.57,-38.92,-32.41,3.1513,-41.686,-18.6138,1014.52
191660,-0.502152,5.12195,7.90053,203.28,-44.66,-31.85,2.95077,-42.0333,-18.5997,1014.48
191666,-0.387374,5.57628,7.95791,209.72,-48.09,-29.26,3.581,-42.4095,-17.8483,1014.48
191672,-0.181731,5.93018,8.35485,215.81,-48.3,-27.3,4.23987,-43.0751,-16.5298,1014.5
191678,0.291726,5.8967,8.24486,221.41,-46.62,-28.28,4.52633,-44.0301,-14.9987,1014.5
191684,0.664754,6.15495,7.98183,224.77,-42.14,-27.44,4.21122,-42.9014,-14.3323,1014.46
191690,1.77905,8.21616,6.96317,214.76,-36.96,-21.7,4.49769,-44.2326,-12.6311,1014.46
191696,2.13295,7.94835,7.25012,212.59,-36.26,-14.77,4.26851,-44.4931,-11.6245,1014.49
191702,2.59206,6.10713,7.79053,232.47,-27.93,-26.25,4.41175,-44.7535,-10.3202,1014.49
191708,2.53945,6.65232,7.02056,244.72,-15.89,-31.22,4.95603,-45.1587,-10.1359,1014.5
191714,1.58297,7.3362,7.73792,261.59,-18.34,-24.99,4.75551,-45.3612,-8.32123,1014.5
191720,0.980392,7.3649,9.25394,291.48,-39.55,-20.44,4.26851,-45.4481,-7.64073,1014.48
191726,0.516499,7.36968,9.31612,327.39,-65.24,-16.59,4.69821,-46.0847,-6.57744,1014.48
191732,-0.172166,6.64754,7.68532,360.85,-86.52,-3.99,4.41175,-47.358,-3.82707,1014.48
191738,0.353898,6.2506,7.2549,395.78,-102.41,5.53,4.55498,-46.895,-2.0124,1014.49
191744,0.353898,6.3845,6.92492,425.25,-117.11,13.72,4.78415,-48.2841,-1.30354,1014.49
191750,0.234338,6.24581,6.29842,452.48,-121.66,8.54,3.81017,-47.2712,1.80125,1014.48
191756,0.722142,7.59923,5.14586,479.85,-119.28,7.42,3.81017,-47.0108,3.38909,1014.48
191762,1.32472,7.03491,4.2659,513.1,-113.4,16.31,3.98205,-47.9079,6.01186,1014.52
191768,0.970827,6.44189,3.70636,520.52,-103.32,3.85,3.43776,-46.895,8.4078,1014.52
191774,1.61167,6.91057,2.94596,578.9,-90.16,23.31,4.23987,-45.8821,11.4559,1014.53
191780,2.22382,7.62315,2.67814,608.72,-83.16,29.05,3.69558,-46.1715,14.263,1014.53
191786,2.68293,8.94787,1.45385,623.49,-76.02,18.13,3.9534,-44.522,16.6305,1014.5
191792,3.13247,8.6131,1.15734,554.33,-40.04,3.5,4.15393,-44.8403,19.3526,1014.5
191798,2.45815,8.35485,0.989957,586.11,-34.65,-10.85,3.46641,-44.1458,21.8903,1014.47
191804,1.75036,9.43089,0.841702,588.49,-40.67,-21.98,4.06799,-42.612,24.6264,1014.47
191810,1.23386,10.4591,1.40124,599.41,-46.2,-17.43,4.3831,-40.6153,26.7105,1014.47
191816,1.12865,10.263,2.07556,613.34,-52.36,-13.79,4.87009,-39.0815,29.3474,1014.51
191822,1.04256,10.2774,1.26255,615.37,-57.12,-16.73,4.06799,-36.8821,31.8993,1014.51
191828,0.851267,9.84696,-0.0621712,607.46,-62.51,-24.64,4.92739,-35.2905,35.3585,1014.49
191834,0.449546,8.08704,-2.46772,617.4,-55.02,-36.26,5.09927,-33.0043,37.1874,1014.49
191840,-0.0526064,6.7384,-3.17551,637.63,-45.36,-45.36,5.55761,-30.2841,38.7185,1014.49
191846,0.0860832,7.0636,-5.6528,635.6,-20.86,-44.87,6.15919,-27.969,40.9727,1014.49
191852,-0.33955,6.72405,-5.57628,616.63,-4.9,-47.88,6.24513,-24.9593,42.1069,1014.48
191858,0.095648,6.93448,-5.67671,598.08,7.42,-56.77,6.0446,-22.731,43.7656,1014.48
191864,-0.191296,6.81014,-4.77762,587.72,5.67,-54.81,5.44303,-19.8661,45.2542,1014.5
191870,0.10043,6.65232,-4.51459,581.56,5.88,-56.84,6.0446,-16.7696,47.0689,1014.5
191876,0.0573888,6.57102,-5.82496,581,10.78,-56.28,5.38573,-14.2809,47.6643,1014.52
191882,-0.205643,6.3032,-7.11143,579.32,19.67,-45.71,6.24513,-11.1555,47.9478,1014.52
191888,-0.664754,5.59541,-7.03491,576.8,17.99,-43.33,6.84671,-8.29051,48.8127,1014.51
191894,-0.593018,4.66762,-7.26925,570.71,10.78,-52.29,5.64355,-4.73102,48.5433,1014.51
191900,-0.755619,4.35677,-7.47011,567,-5.32,-59.64,5.81543,-2.73423,49.5073,1014.51
191906,-0.951698,5.23195,-8.23051,561.54,2.66,-56.7,5.93002,0.449045,49.8618,1014.5
191912,-1.12386,5.28933,-8.76614,554.19,6.44,-43.61,5.2425,3.60339,49.6066,1014.5
191918,-1.34864,4.47633,-9.12482,539.63,-3.64,-31.99,5.64355,6.41046,50.0744,1014.51
191924,-1.15256,3.62028,-9.02439,519.05,-21.91,-31.64,5.81543,8.46512,49.479,1014.51
191930,-1.21473,3.02726,-9.30177,501.41,-40.32,-33.11,5.93002,12.0246,48.5433,1014.51
191936,-1.38211,1.95122,-10.1674,478.52,-56.91,-36.26,6.67483,13.8478,48.8268,1014.51
191942,-0.860832,2.16643,-10.3539,444.43,-59.57,-40.11,7.01859,16.2208,46.7995,1014.48
191948,-0.841702,1.82209,-10.3635,417.69,-62.37,-32.2,7.19047,18.8542,46.1899,1014.48
191954,-0.320421,0.951698,-10.6408,392.28,-58.59,-32.41,6.78942,20.7063,45.8922,1014.48
191960,-0.200861,-0.277379,-10.3539,374.78,-53.27,-51.38,7.24776,22.8478,44.4886,1014.48
191966,-0.392157,-2.00383,-10.5308,369.46,-47.39,-70.07,6.84671,24.7867,43.8932,1014.52
191972,-0.769966,-1.62602,-10.7843,373.1,-43.12,-82.53,7.21911,25.7417,43.638,1014.52
191978,-1.09995,-1.20516,-11.1956,380.03,-35.91,-83.16,7.7634,28.2304,42.4755,1014.52
191984,-0.640842,-1.16212,-11.1095,383.74,-35.84,-79.8,7.13317,29.5326,42.2628,1014.5
191990,-0.899091,-1.83644,-10.2774,392.28,-48.79,-81.2,6.4743,31.2111,40.0228,1014.5
191996,-1.033,-2.23816,-9.55523,401.03,-66.08,-83.51,7.04723,33.613,39.3565,1014.51
192002,-0.946915,-3.0703,-9.00048,408.31,-83.23,-80.92,6.33107,34.3944,38.0097,1014.51
192008,-0.827355,-3.84505,-9.02917,416.85,-98.77,-85.54,6.78942,36.015,36.1099,1014.48
192014,-0.200861,-4.44763,-9.78957,417.9,-105.49,-98.28,7.01859,37.6645,34.6639,1014.48
192020,-0.0860832,-4.80153,-11.1621,409.08,-102.9,-108.57,6.9613,38.7931,32.4664,1014.51
192026,0.0621712,-4.67719,-12.1282,390.81,-89.6,-119.07,6.27378,40.269,30.6234,1014.51
192032,0.69823,-4.46676,-13.5438,356.72,-66.22,-121.17,6.0446,41.8606,28.511,1014.49
192038,0.779531,-3.44333,-13.6585,309.82,-38.78,-112,4.95603,41.4265,27.3343,1014.49
192044,0.0526064,-3.22812,-12.4103,262.85,-26.25,-100.52,5.95866,43.3654,26.2143,1014.48
192050,-2.65423,-0.11956,-9.38307,213.29,-40.95,-81.83,5.41438,44.2915,26.0725,1014.48
192056,-4.21329,1.93687,-6.63797,179.62,-54.95,-57.4,5.21385,44.523,25.0801,1014.5
192062,0.35868,-4.91631,-7.6088,198.94,-27.79,-41.02,4.61227,45.6227,25.4629,1014.5
192068,-0.124342,-6.31277,-6.86753,210.56,-37.38,-44.38,4.95603,46.5487,23.4639,1014.5
192074,-0.750837,-5.6241,-7.05882,215.67,-36.19,-41.23,5.50032,46.6645,21.9328,1014.5
192080,-0.722142,-4.75849,-8.79005,230.09,-12.39,-31.29,4.52633,46.9249,21.309,1014.5
192086,-0.21999,-5.90626,-8.90483,256.13,17.99,-28.7,4.8128,47.8799,19.7353,1014.51
192092,-0.0621712,-6.77666,-7.80966,281.19,32.27,-28.28,3.9534,48.0535,18.6862,1014.51
192098,-0.196078,-7.8527,-6.85318,313.46,34.02,-26.95,4.0107,48.4298,17.2543,1014.49
192104,-1.75992,-9.19177,-5.35151,346.5,24.15,-29.68,3.86746,48.9796,15.3688,1014.49
192110,-1.85079,-9.88522,-5.36107,378,11.69,-32.97,3.83882,48.8638,14.4614,1014.51
192116,-1.6834,-9.01961,-6.4945,403.48,15.82,-27.09,3.72423,50.2818,12.2923,1014.51
192122,-0.774749,-9.69871,-12.3912,366.1,45.92,-31.22,4.09664,50.8896,10.3926,1014.5
192128,-0.73649,-9.37829,-10.6887,330.12,36.4,-41.44,3.23724,50.5712,8.19514,1014.5
192134,-1.09039,-8.91439,-7.13534,320.67,11.2,-44.94,2.89348,51.0343,6.40882,1014.47
192140,-0.688666,-8.85222,-6.44668,330.68,-5.18,-48.02,2.63566,50.687,5.85591,1014.47
192146,-0.602582,-8.82353,-6.15973,339.92,-8.54,-50.82,1.83355,51.5262,3.09137,1014.47
192152,-0.23912,-9.60784,-5.52367,357.42,-5.95,-57.96,1.94814,51.2658,2.05644,1014.52
192158,0.047824,-9.61741,-4.91631,381.22,2.03,-63.98,1.94814,51.1211,-1.21848,1014.52
192164,-0.0573888,-9.08178,-4.93065,398.02,8.47,-64.47,0.487164,51.4973,-3.40176,1014.51
192170,0.071736,-9.42133,-4.63893,412.3,11.83,-69.86,0.257992,50.5134,-4.33745,1014.51
192176,-0.153037,-9.13917,-4.48589,421.96,16.45,-69.58,0.286638,50.9185,-6.56326,1014.47
192182,0.530846,-9.46915,-4.24199,425.6,19.6,-70.42,0.229345,50.1371,-8.20781,1014.47
192188,0.344333,-9.60306,-3.97896,431.48,22.19,-70.35,-0.200354,50.6002,-10.1501,1014.48
192194,0.425634,-10.0622,-3.01769,443.87,21.49,-71.75,0.401224,49.5584,-12.9713,1014.48
192200,-0.023912,-10.043,-2.82162,451.5,22.19,-71.96,-0.859225,48.1982,-14.9987,1014.5
192206,0.263032,-9.81349,-3.1516,457.66,27.51,-74.13,-0.887872,47.5037,-16.4164,1014.5
192212,0.071736,-9.51698,-3.20421,453.6,33.74,-74.62,-0.887872,46.3751,-18.5288,1014.47
192218,-0.21999,-9.05787,-3.14682,441.49,33.11,-71.82,-1.26028,45.478,-20.1024,1014.47
192224,-0.789096,-9.78957,-1.05213,437.43,18.55,-69.16,-0.945166,44.6677,-22.7819,1014.46
192230,-0.549976,-10.3682,-0.162602,446.74,-0.28,-67.34,-1.60404,43.6259,-25.2629,1014.46
192236,-0.669536,-10.6504,1.61645,469.35,-25.9,-64.61,-2.97907,42.1211,-26.3971,1014.46
192242,-0.439981,-10.4352,2.07556,497.21,-46.9,-60.69,-2.95043,40.1532,-27.4037,1014.49
192248,-0.215208,-10.0813,2.38642,508.34,-60.13,-58.24,-3.26554,38.822,-30.6219,1014.49
192254,0.49737,-8.93831,1.92252,494.62,-62.51,-57.68,-3.35148,36.7384,-32.5925,1014.47
192260,1.53993,-7.51315,2.08034,448,-61.81,-62.44,-3.89576,35.0889,-33.5282,1014.47
192266,1.50167,-6.43233,3.80679,361.41,-75.32,-68.95,-3.89576,33.4394,-34.6907,1014.46
192272,4.18938,-5.0263,0.942133,275.59,-46.69,-50.4,-4.35411,32.9474,-35.6689,1014.46
192278,4.3759,-6.7384,-0.396939,203.63,9.66,-25.13,-4.49734,31.1532,-36.8598,1014.49
192284,3.21856,-7.72836,1.44428,149.03,42.56,-7.56,-4.75516,30.0246,-36.7606,1014.49
192290,2.59206,-6.90579,2.85031,130.69,58.17,13.44,-4.55464,29.7063,-37.4836,1014.46
192296,2.33859,-6.85318,3.75897,138.39,77.98,28.77,-4.32546,29.0407,-36.718,1014.46
192302,1.82688,-7.99139,4.43328,153.09,68.88,29.19,-3.49471,28.5777,-38.6603,1014.48
192308,1.42994,-8.03443,3.85461,164.99,44.94,28.42,-3.46607,27.5648,-39.4542,1014.48
192314,1.77427,-8.59876,2.55858,176.26,32.55,24.01,-2.29156,27.015,-39.355,1014.48
192320,0.980392,-9.56002,2.879,193.69,22.75,14.91,-2.37749,25.9153,-38.7879,1014.49
192326,0.234338,-10.4782,5.2989,210.63,10.57,4.48,-3.09366,25.0471,-40.2623,1014.49
192332,0.124342,-10.5548,6.11191,219.87,-1.33,-13.79,-3.03637,23.8896,-40.3474,1014.51
192338,-0.669536,-8.044,5.81062,203.98,-4.27,-19.04,-2.86449,22.5584,-41.68,1014.51
192344,0.0430416,-6.73362,6.30799,172.55,-2.03,-18.55,-2.40614,22.0664,-41.595,1014.5
192350,0.985174,-5.97322,6.4945,137.62,0.56,-4.48,-3.12231,21.314,-41.3681,1014.5
192356,1.0043,-6.56145,6.7671,119.98,2.24,3.92,-2.80719,21.4008,-41.2831,1014.49
192362,1.18125,-7.19273,5.86322,110.04,5.74,10.01,-2.86449,20.0407,-41.68,1014.49
192368,1.10473,-8.35007,5.42802,109.48,17.5,12.39,-2.63531,19.7224,-42.3038,1014.5
192374,1.02343,-8.46963,5.54758,115.5,31.36,10.36,-2.06238,19.2883,-41.3965,1014.5
192380,1.3582,-9.12004,5.70062,121.87,42.77,7.14,-2.72125,18.0439,-42.3605,1014.48
192386,1.14299,-8.67049,6.01626,132.58,51.66,5.32,-3.03637,17.9281,-42.8851,1014.48
192392,1.67862,-8.66093,6.12147,146.93,56.98,5.32,-1.37486,17.4362,-43.1119,1014.49
192398,1.78862,-8.68484,6.77666,166.67,59.01,5.04,-0.859225,15.8735,-43.8917,1014.49
192404,1.66428,-8.98135,6.68101,192.71,65.59,3.99,-0.973812,15.6709,-42.7575,1014.49
192410,1.13343,-9.12482,6.85318,224.77,78.47,2.45,-0.945166,14.1371,-43.7641,1014.5
192416,0.722142,-8.94787,6.63797,249.34,89.25,-2.31,-0.0857674,12.3429,-43.9909,1014.5
192422,-0.200861,-8.22573,5.1889,268.66,115.36,-11.62,0.229345,11.5905,-44.6998,1014.48
192428,0.109995,-7.57532,7.011,288.61,118.93,-25.62,1.0601,10.3462,-44.6289,1014.48
192434,0.210426,-6.90579,7.56097,296.1,112.56,-35.91,0.429872,7.24969,-46.0041,1014.53
192440,0.435198,-6.3032,6.55189,289.8,116.97,-46.9,2.14867,7.88635,-44.9266,1014.53
192446,0.243902,-5.10282,6.18364,262.43,121.94,-53.69,2.17731,5.13715,-44.3595,1014.52
192452,-2.52511,0.296509,6.09756,182,74.9,-76.02,3.32318,4.2111,-44.9266,1014.52
192458,-2.14252,-0.114778,6.5758,84.49,23.66,-75.53,3.1513,4.3558,-45.8907,1014.51
192464,-1.47776,1.47298,6.15495,-2.17,0.07,-30.03,3.98205,3.22718,-44.7423,1014.51
192470,-1.42994,1.9034,6.66188,-55.79,-2.87,14.28,3.06536,3.34294,-44.1894,1014.51
192476,-0.540411,-1.81253,8.6418,-46.13,13.72,44.1,3.60964,4.00853,-44.955,1014.51
192482,-1.58776,-4.96413,8.85222,-13.86,32.55,47.74,3.78152,4.84776,-44.7707,1014.51
192488,-2.51076,-6.26973,7.80009,2.17,41.65,46.55,4.09664,4.03747,-45.0684,1014.52
192494,-0.860832,-5.66236,6.71449,1.19,45.71,36.54,4.23987,4.26898,-45.2527,1014.52
192500,-0.33955,-4.28503,6.92013,-6.44,19.32,42.91,4.32581,3.89278,-44.8699,1014.51
192506,0.688666,-3.40985,6.82927,-12.95,-4.34,37.59,4.87009,3.74808,-44.5722,1014.51
192512,-0.095648,-4.33764,7.41272,-21.98,-21,37.24,4.75551,3.97959,-44.6431,1014.51
192518,-0.784314,-5.38976,6.15973,-29.05,-18.55,32.48,4.03934,4.38474,-45.3945,1014.51
192524,-0.894309,-5.57628,5.39933,-22.61,-2.59,28.35,3.55235,4.70307,-44.2745,1014.48
192530,-1.14778,-4.91631,7.83357,-6.58,4.9,35.35,4.35446,4.90564,-44.0334,1014.48
192536,-0.827355,-4.49067,7.97704,7.98,16.94,47.32,4.64092,4.64519,-44.3028,1014.52
192542,-0.095648,-3.80201,8.19703,16.31,18.55,58.52,5.21385,3.92172,-45.0684,1014.52
192548,0.124342,-4.94978,8.1779,31.71,21.98,67.69,4.98468,3.89278,-45.0542,1014.51
192554,0.153037,-5.18412,6.93926,36.61,24.57,68.95,4.58363,4.38474,-44.4162,1014.51
192560,0.913438,-6.55189,8.27833,49.7,21.91,64.26,4.8128,3.6902,-44.1185,1014.51
192566,-0.205643,-6.44668,8.38355,50.26,7.35,55.37,5.04197,3.34294,-44.6572,1014.51
192572,0.483022,-7.3649,8.91918,61.81,3.57,55.16,5.72949,2.90885,-45.0684,1014.51
192578,0.755619,-6.9823,9.1296,69.79,1.19,52.78,5.12791,2.2722,-45.5079,1014.52
192584,0.908656,-6.04974,9.60306,78.4,2.59,51.87,5.47167,2.35901,-45.04,1014.52
192590,0.114778,-5.77714,9.46915,85.47,11.06,62.72,5.6149,2.18538,-44.2178,1014.55
192596,-0.0860832,-4.89718,9.20612,78.82,14.91,68.04,4.72686,0.709497,-44.0193,1014.55
192602,-0.11956,-4.98804,8.97178,73.43,20.58,74.13,5.50032,0.825252,-44.2603,1014.5
192608,-0.267814,-5.09804,7.78096,65.8,29.75,73.71,5.70084,0.420107,-43.4097,1014.5
192614,-0.659971,-5.02152,8.7757,64.89,28.14,72.17,5.44303,-0.0718545,-44.1752,1014.49
192620,-1.05691,-5.32759,8.90961,75.04,22.4,74.55,6.0446,-0.129732,-44.3595,1014.49
192626,-0.5978,-4.92587,9.10091,93.73,8.33,65.94,5.32844,-1.98182,-45.0684,1014.5
192632,-1.69297,-5.40411,9.88522,124.32,-10.85,70,5.64355,-2.06864,-44.1043,1014.5
192638,-0.516499,-5.01674,8.46485,157.01,-28.91,60.69,4.72686,-3.34195,-44.6572,1014.53
192644,-0.688666,-4.98326,7.63271,180.95,-39.83,53.13,5.35709,-3.77603,-44.7423,1014.53
192650,-1.09517,-4.96413,7.57054,189.14,-47.25,42.07,5.12791,-4.21012,-44.6431,1014.53
192656,-1.22429,-3.1803,7.97226,134.75,-35.35,31.92,5.27114,-5.13616,-43.3813,1014.48
192662,-2.0373,-2.02296,8.07269,30.45,3.43,39.2,4.87009,-5.8307,-45.2952,1014.48
192668,-1.51602,-4.54806,9.18221,-23.94,32.83,48.51,5.38573,-5.10723,-44.2603,1014.49
192674,-0.784314,-5.02152,9.85653,-30.87,33.53,38.85,5.90137,-5.07829,-44.4021,1014.49
192680,-0.970827,-5.08847,10.0765,-11.13,10.22,33.18,5.6149,-5.8307,-44.4021,1014.5
192686,-1.38211,-5.20803,10.1769,2.73,-20.23,17.92,4.92739,-5.39661,-43.4947,1014.5
192692,-2.14252,-3.6681,9.80392,0.49,-45.29,12.32,4.87009,-6.23584,-44.0476,1014.51
192698,-2.08991,-2.41989,8.41224,-18.48,-61.32,14.49,4.72686,-4.87571,-44.4729,1014.51
192704,-1.39646,-3.35246,8.42181,-40.46,-71.61,7.56,3.69558,-4.70208,-43.6507,1014.5
192710,0.49737,-4.51459,8.45528,-49.07,-71.26,-4.55,3.83882,-5.42555,-44.0618,1014.5
192716,2.18556,-5.08369,9.09613,-35.84,-31.57,-20.93,3.60964,-4.35481,-43.6648,1014.49
192722,3.86896,-4.28025,9.72262,-27.09,9.24,-47.04,3.60964,-5.04935,-45.04,1014.49
192728,1.66906,-3.71592,11.6691,-3.99,34.09,-60.83,3.00807,-4.18118,-44.9833,1014.49
192734,0.870397,-4.69632,11.5256,19.04,13.37,-75.39,4.12528,-4.21012,-44.6998,1014.49
192740,0.387374,-4.75371,9.9187,35.77,-2.73,-86.52,3.92476,-4.84677,-45.0117,1014.49
192746,-0.688666,-4.2946,9.00048,28,-28.21,-80.99,3.92476,-4.93359,-44.3737,1014.49
192752,-0.774749,-4.2946,8.46485,10.85,-32.62,-65.03,3.1513,-4.75996,-45.2385,1014.49
192758,-1.09039,-4.41894,6.60928,-8.05,-14.84,-47.95,3.23724,-5.02041,-44.5722,1014.49
192764,-0.0621712,-5.91583,8.76614,-7.14,-12.81,-45.36,3.38047,-4.58632,-44.5155,1014.49
192770,0.0860832,-3.67767,9.45002,-3.85,-14.7,-56,3.094,-5.02041,-43.8633,1014.5
192776,-0.0573888,-3.10856,9.73697,-21.7,-18.13,-74.34,3.81017,-4.09436,-44.3312,1014.5
192782,-0.870397,-4.41416,9.46915,-24.85,-25.83,-89.18,3.06536,-4.35481,-44.6005,1014.46
192788,-0.779531,-4.17504,9.33525,-21.49,-43.47,-66.01,3.9534,-4.41269,-44.6005,1014.46
192794,0.286944,-4.22286,9.24916,-28.84,-33.04,-40.88,2.95077,-3.13938,-44.7423,1014.52
192800,1.09039,-5.51889,7.18317,-17.78,-0.91,-27.37,2.52107,-3.92073,-44.955,1014.52
192806,0.640842,-3.98374,8.43615,-3.5,20.09,-1.82,2.80754,-3.83391,-43.7357,1014.49
192812,-1.55428,-1.09517,11.0473,-14.7,39.76,-2.59,2.37784,-3.39983,-45.2102,1014.49
192818,-2.57771,-2.38642,11.3343,-29.89,42.14,-8.4,3.78152,-3.2262,-44.6005,1014.49
192824,-1.61167,-4.18938,11.0569,-31.29,26.46,-6.23,2.66431,-3.71816,-44.6289,1014.53
192830,0.506934,-5.08847,8.94309,-14.14,27.72,-4.62,3.1513,-3.05256,-44.8557,1014.53
192836,1.66906,-5.89192,7.58489,13.09,42.98,-16.24,4.09664,-3.42877,-44.5296,1014.51
192842,1.20995,-4.43328,8.61789,39.62,51.73,-30.03,4.12528,-3.28407,-45.5079,1014.51
192848,0.344333,-3.47202,9.20134,56.84,51.38,-37.52,4.23987,-3.66028,-45.3236,1014.52
192854,-0.282162,-3.29029,9.02917,68.32,43.96,-39.55,4.8128,-4.15224,-44.4588,1014.52
192860,-0.540411,-3.5055,9.24438,87.57,34.51,-34.16,5.2425,-4.35481,-45.4653,1014.52
192866,-0.71736,-2.7164,9.26829,109.27,28.14,-25.41,5.09927,-4.67314,-44.8132,1014.52
192872,-0.765184,-1.95122,9.41655,136.5,25.69,-14.56,5.32844,-5.10723,-43.0836,1014.49
192878,-0.382592,-2.20947,9.2922,162.33,27.79,-11.34,4.75551,-6.66993,-44.714,1014.49
192884,0.176949,-2.41989,9.04352,198.52,35.07,-13.58,5.50032,-7.48021,-43.7783,1014.5
192890,0.0908656,-1.69775,8.71353,243.53,56.21,-16.38,5.64355,-8.29051,-43.0552,1014.5
192896,-0.511717,-1.00909,8.61789,285.74,72.73,-21.84,6.4743,-10.0558,-42.6866,1014.51
192902,-2.20469,-1.70732,8.98613,336.7,81.97,-23.66,6.87536,-10.7503,-42.1904,1014.51
192908,-2.99378,-2.34816,9.33046,382.55,80.36,-24.29,6.904,-13.1812,-42.1904,1014.51
192914,-3.02248,-2.5012,9.36872,419.09,76.23,-25.06,7.56287,-15.9014,-40.7444,1014.47
192920,-2.65423,-2.69727,9.45481,450.87,77.28,-25.27,7.90663,-16.8564,-39.9646,1014.47
192926,-1.94644,-2.83118,9.39742,467.18,77.21,-27.58,8.13581,-20.2423,-38.2917,1014.48
192932,-2.29555,-2.60163,10.0717,465.99,73.08,-24.64,8.13581,-21.1683,-39.0147,1014.48
192938,-2.17121,-2.56337,10.1387,442.89,68.18,-16.45,8.70874,-23.3677,-37.271,1014.51
192944,-1.94165,-1.21473,10.4639,392.84,71.26,-4.69,9.53949,-24.6989,-34.8183,1014.51
192950,-1.94644,-0.373027,10.7126,337.61,75.18,4.76,9.96919,-26.985,-34.6624,1014.52
192956,-1.81253,0.325203,10.9134,267.75,85.33,7.63,10.0265,-27.4481,-33.514,1014.52
192962,-1.64515,0.463893,10.7174,197.82,94.36,11.9,10.3416,-28.6924,-33.9393,1014.51
192968,-1.80775,0.841702,10.33,132.23,83.16,30.8,10.8572,-29.5606,-33.0603,1014.51
192974,-0.655189,1.25299,10.043,84.28,55.16,40.11,11.0864,-30.2551,-32.5925,1014.53
192980,0.0430416,0.411286,10.4974,72.94,30.94,36.4,10.9718,-30.6892,-31.8695,1014.53
192986,0.798661,-0.0621712,10.813,85.33,15.75,26.25,10.5708,-30.805,-32.3231,1014.53
192992,0,1.53037,10.5978,94.71,-2.31,23.73,11.0291,-31.0654,-31.0755,1014.52
192998,-1.13821,1.85079,10.1148,102.83,-16.03,33.39,10.1697,-31.0075,-31.8553,1014.52
193004,-1.15256,-0.588235,9.87087,122.71,-38.85,67.27,10.4562,-31.7021,-31.274,1014.51
193010,-1.85079,-0.181731,10.2152,130.13,-75.25,74.48,10.4275,-32.1651,-29.9839,1014.51
193016,-2.90292,1.30081,10.9852,126.63,-101.15,62.51,9.45355,-32.9754,-30.7636,1014.51
193022,-2.36251,1.03778,10.9708,112.42,-136.85,57.75,9.13844,-33.178,-29.672,1014.51
193028,-1.59732,0.0143472,10.7413,98.56,-146.44,56.07,8.53686,-33.7567,-29.6011,1014.53
193034,-1.22429,3.04161,10.4352,76.79,-130.62,20.37,7.13317,-34.1619,-28.8072,1014.53
193040,-1.41081,3.18508,9.79914,71.82,-123.55,3.92,7.19047,-34.596,-29.7004,1014.5
193046,-1.16691,1.76949,8.47441,77.14,-100.8,3.99,6.33107,-34.5092,-29.7145,1014.5
193052,-1.01865,1.63558,7.92444,82.67,-76.23,6.16,6.13054,-34.9722,-28.4386,1014.51
193058,-0.951698,2.05643,7.45098,86.17,-61.6,5.25,6.70347,-34.8564,-29.8705,1014.51
193064,-0.789096,2.24295,7.32185,90.93,-44.24,7.14,5.81543,-35.2905,-27.7297,1014.54
193070,0.172166,2.49641,7.18317,98.28,-31.29,6.93,5.75814,-35.5799,-27.7864,1014.54
193076,0.157819,2.72119,7.57054,108.22,-22.61,10.78,5.27114,-35.9561,-26.794,1014.54
193082,0.320421,2.54424,7.97226,124.88,-19.6,13.3,5.84408,-36.1008,-28.0416,1014.53
193088,-0.0765184,3.26638,7.8814,133.77,-17.78,17.5,5.6149,-36.6506,-27.1768,1014.53
193094,-0.023912,3.38116,7.80966,135.52,-17.01,19.88,5.29979,-37.1137,-26.3687,1014.49
193100,0.396939,3.1516,8.54615,123.13,-25.27,20.44,5.12791,-37.2873,-26.5956,1014.49
193106,0.707795,3.28551,9.03395,103.32,-30.1,16.94,4.52633,-37.6056,-25.9576,1014.48
193112,1.0043,3.33812,9.14873,87.71,-34.65,11.83,4.32581,-37.6346,-25.4472,1014.48
193118,0.0143472,3.15638,9.12482,71.96,-40.18,6.72,4.58363,-37.6924,-25.6032,1014.47
193124,-0.243902,2.93161,9.38785,60.69,-43.4,3.15,4.26851,-38.4159,-24.6108,1014.47
193130,-1.42037,1.86992,10.6839,67.06,-49.56,9.1,4.29716,-38.5317,-23.7601,1014.49
193136,-1.63558,1.88905,10.2582,76.02,-62.16,13.16,4.61227,-38.7632,-24.0579,1014.49
193142,-1.78862,3.02726,8.21138,65.03,-82.32,13.79,4.32581,-40.0075,-24.0153,1014.49
193148,-2.17121,4.28981,6.82927,34.51,-95.69,13.23,3.38047,-38.7342,-24.3556,1014.49
193154,-2.46294,5.2989,6.61406,0.63,-103.11,18.62,2.80754,-39.313,-24.2705,1014.49
193160,-2.08034,6.96317,7.80009,-37.73,-107.1,31.85,2.92213,-39.342,-23.7743,1014.5
193166,-0.0573888,6.44668,7.6901,-73.22,-92.19,28.91,2.17731,-38.5606,-23.6467,1014.5
193172,2.98422,5.31325,7.46054,-97.51,-51.38,13.93,2.06273,-38.387,-24.4406,1014.5
193178,3.23768,4.46676,8.41702,-100.73,-11.97,-5.53,1.69032,-38.3001,-24.71,1014.5
193184,2.79292,3.61071,9.24438,-89.53,10.01,-27.86,1.26062,-38.0397,-25.348,1014.53
193190,2.17121,2.75944,9.71305,-72.45,28.91,-49.49,2.09137,-37.4609,-25.8867,1014.53
193196,1.6834,2.85031,9.52654,-63.14,41.65,-62.3,2.46378,-37.5767,-25.9859,1014.51
193202,0.774749,3.77331,8.73744,-69.65,47.04,-63.91,2.63566,-37.3741,-25.3338,1014.51
193208,0.291726,3.82592,8.52702,-81.41,44.8,-57.82,3.60964,-36.8532,-26.3546,1014.47
193214,-0.210426,2.88857,8.90005,-89.39,37.73,-50.54,3.86746,-37.2294,-26.95,1014.47
193220,-1.0043,2.86944,8.90483,-91.49,28.14,-39.27,3.60964,-36.8243,-27.1627,1014.48
193226,-1.03778,2.90292,8.59876,-90.23,26.18,-21.07,4.03934,-35.522,-27.0067,1014.48
193232,-0.703013,3.58202,8.39311,-85.89,33.39,-9.24,4.95603,-36.1008,-28.2118,1014.5
193238,-0.83692,3.73984,9.10569,-75.67,36.05,-2.38,4.55498,-35.6088,-27.9849,1014.5
193244,-1.86035,4.18938,9.44046,-63.77,32.55,8.54,4.09664,-35.2616,-27.0776,1014.5
193250,-2.03252,4.26112,9.32568,-51.66,26.32,24.99,5.01333,-35.1458,-27.6589,1014.44
193256,-2.0373,4.54328,9.1583,-44.45,18.55,46.69,4.41175,-34.9432,-28.1834,1014.44
193262,-1.94165,4.23242,9.02439,-42.07,4.69,70.91,3.69558,-35.7246,-28.9348,1014.48
193268,-1.73123,3.76375,8.70875,-45.43,-14.07,94.01,3.63829,-34.4513,-28.9773,1014.48
193274,-1.65471,3.76375,9.14395,-52.36,-31.15,116.83,2.86483,-35.0011,-29.9981,1014.49
193280,-1.1143,3.58202,9.43568,-60.06,-45.78,135.66,2.2919,-34.5092,-28.9773,1014.49
193286,-0.545194,2.69727,9.48828,-68.04,-50.89,142.59,1.23198,-34.4513,-29.5728,1014.5
193292,0.0382592,2.36251,9.64132,-74.76,-53.27,139.44,1.11739,-34.4223,-29.7429,1014.5
193298,0.731707,2.4725,9.86609,-75.81,-48.86,124.04,0.114759,-34.1619,-29.7004,1014.52
193304,1.6834,2.63032,10.6743,-64.96,-39.27,101.36,0.172052,-34.1329,-31.5434,1014.52
193310,1.60689,2.83118,11.4299,-46.97,-28.07,82.39,-0.6587,-33.2648,-31.033,1014.49
193316,1.73123,3.24725,12.066,-22.05,-12.74,71.61,-1.0884,-33.4095,-31.4158,1014.49
193322,1.5208,3.38116,12.0947,8.33,-9.31,74.2,-1.68998,-33.3516,-31.1181,1014.49
193328,1.0856,3.02248,11.803,37.52,-19.39,86.8,-0.945166,-34.104,-31.3733,1014.5
193334,0.483022,2.32903,11.3965,63.21,-29.26,103.25,-2.43479,-33.4963,-30.636,1014.5
193340,0.277379,2.23816,10.6982,75.32,-36.33,114.94,-2.37749,-33.0043,-31.033,1014.49
193346,0.832138,2.65901,9.8374,73.85,-37.24,119.14,-3.52336,-33.5252,-29.0766,1014.49
193352,1.06169,3.08465,9.3735,64.96,-38.92,122.43,-3.38013,-34.3355,-30.4517,1014.47
193358,0.779531,3.29507,9.50263,59.01,-46.06,134.26,-4.58328,-34.0461,-29.9839,1014.47
193364,0.669536,3.38594,10.0096,59.29,-51.66,150.99,-5.12757,-34.4802,-29.9414,1014.47
193370,0.726925,3.58202,10.1865,57.89,-51.73,167.3,-6.33072,-34.5092,-28.9773,1014.47
193376,1.16691,4.1033,10.1722,57.4,-46.48,177.87,-7.30471,-35.1458,-30.154,1014.48
193382,0.980392,4.19416,10,57.05,-46.69,187.88,-8.36463,-35.522,-29.431,1014.48
193388,1.10952,3.6681,8.90483,50.05,-36.89,195.58,-8.42193,-35.03,-27.7297,1014.48
193394,0.669536,3.86896,8.32616,40.67,-27.23,205.17,-9.02351,-34.1908,-27.9849,1014.48
193400,0.200861,3.70636,8.46007,34.86,-33.25,211.19,-10.2553,-34.3355,-28.1125,1014.49
193406,1.00909,3.16117,8.13964,29.47,-34.37,205.66,-12.2606,-33.9883,-27.2761,1014.49
193412,1.60689,2.70684,7.76662,18.9,-28.56,188.93,-10.8282,-33.641,-27.0067,1014.49
193418,2.62554,2.23338,6.82449,6.51,-14.63,166.74,-13.1773,-33.9883,-27.2194,1014.5
193424,2.97944,2.19034,7.08752,-8.47,-1.82,138.18,-14.4664,-33.641,-27.1627,1014.5
193430,2.97944,2.9077,8.72788,-17.29,3.92,121.24,-14.8961,-32.8307,-27.8715,1014.5
193436,2.21425,2.93161,9.14873,-19.25,6.79,112.77,-15.469,-32.8307,-27.1343,1014.5
193442,1.97991,1.22908,8.37398,-5.11,19.46,93.38,-15.4976,-32.3677,-27.9707,1014.48
193448,0.396939,2.24295,6.40842,13.44,77.63,94.92,-15.2112,-32.223,-27.4178,1014.48
193454,2.2812,2.96031,2.23338,-31.57,104.65,94.85,-15.0393,-32.8018,-28.3535,1014.51
193460,3.36203,0.851267,10.2009,-37.03,72.8,84.07,-15.7555,-32.7439,-29.19,1014.51
193466,2.45815,1.78862,12.8073,-31.22,58.87,95.41,-16.5862,-32.1651,-28.8781,1014.49
193472,1.45385,2.70684,12.0516,-23.87,44.59,113.75,-16.3857,-31.5284,-29.7996,1014.49
193478,-0.124342,2.63988,11.296,-1.12,24.08,127.89,-16.5003,-31.9336,-29.5161,1014.47
193484,-0.722142,3.58202,10.7556,12.88,4.06,138.39,-16.9873,-31.3259,-27.9424,1014.47
193490,-1.52559,3.87374,11.7121,26.6,-21.07,146.37,-17.6748,-31.268,-28.3394,1014.47
193496,-1.43472,3.88809,10.8274,39.13,-40.39,160.44,-18.6488,-31.0075,-27.914,1014.5
193502,-0.93735,3.1803,9.68436,48.37,-54.18,170.8,-19.0212,-30.4866,-28.6371,1014.5
193508,-0.454328,3.15638,8.82831,49.63,-60.48,180.11,-20.3389,-30.9207,-27.0776,1014.48
193514,-0.176949,3.12291,8.47441,41.65,-64.54,191.31,-20.7113,-30.5156,-28.2118,1014.48
193520,0.023912,3.32377,8.62267,26.74,-76.44,201.81,-21.2556,-29.9947,-27.4604,1014.51
193526,0.693448,3.24247,8.67049,7.28,-84.49,209.93,-22.8598,-30.1104,-26.0143,1014.51
193532,2.83118,1.75514,8.78049,-9.31,-84.91,219.59,-23.8338,-29.1555,-27.347,1014.48
193538,4.68675,0.420851,8.77092,-18.48,-73.57,215.39,-23.8911,-28.1426,-26.9358,1014.48
193544,5.89192,-0.114778,8.32138,-33.6,-59.43,199.43,-25.0656,-28.2005,-27.3328,1014.47
193550,6.95361,-0.659971,7.86705,-57.89,-39.97,172.55,-27.0422,-27.0719,-26.3829,1014.47
193556,7.43185,-1.04735,7.83835,-78.33,-15.96,139.02,-27.3573,-26.6667,-26.6381,1014.5
193562,6.3845,-0.0669536,8.27833,-94.36,6.37,112.77,-27.3,-25.9143,-27.0351,1014.5
193568,5.27021,1.70732,8.37877,-112.84,20.3,97.44,-27.3287,-25.4802,-28.7221,1014.52
193574,3.49115,4.16547,8.5605,-130.83,32.55,96.04,-27.787,-25.104,-27.7297,1014.52
193580,2.68293,4.41416,8.62267,-141.96,40.39,99.19,-27.5579,-23.8018,-28.2118,1014.52
193586,1.99426,3.81636,8.76136,-142.94,45.36,102.06,-28.0162,-23.9175,-29.9414,1014.52
193592,1.11908,2.41511,10.0813,-130.2,36.19,105.49,-28.4745,-22.0654,-29.2183,1014.52
193598,1.27212,1.69775,11.2626,-104.58,14.7,111.65,-27.7584,-21.6892,-29.7429,1014.52
193604,2.04208,0.707795,12.2286,-72.1,-5.88,115.92,-29.248,-20.8211,-29.19,1014.52
193610,1.26734,0.506934,13.1181,-34.93,-23.66,111.86,-29.248,-19.8371,-29.6153,1014.52
193616,0.253467,2.67814,12.616,4.9,-48.58,117.18,-30.222,-19.8661,-30.2533,1014.52
193622,0.61693,2.99856,13.3142,36.75,-70.28,129.99,-30.2793,-19.9818,-29.9272,1014.52
193628,1.57341,2.62076,11.889,63.98,-77.21,150.15,-30.8809,-19.6346,-29.8421,1014.52
193634,1.67384,1.70253,7.75705,75.46,-76.93,161.98,-31.0814,-19.7792,-29.8421,1014.49
193640,3.07508,0.540411,6.66188,66.01,-71.19,155.82,-32.3132,-18.5349,-29.1474,1014.49
193646,4.25634,-0.11956,6.61884,50.12,-51.03,142.24,-32.6569,-18.7664,-28.9915,1014.48
193652,3.91679,0.234338,7.14491,38.22,-42.84,138.25,-32.7142,-18.3323,-28.4528,1014.48
193658,4.2946,0.11956,7.81922,23.03,-38.64,140.7,-33.3445,-17.7535,-28.6371,1014.48
193664,5.52367,-0.71736,8.68484,11.13,-34.44,134.54,-34.4044,-17.6378,-28.3535,1014.48
193670,5.16499,-1.09039,9.33046,6.51,-34.58,125.16,-35.3784,-17.059,-28.0558,1014.48
193676,4.72501,-0.683883,8.18269,3.22,-26.88,117.81,-34.5476,-17.3773,-27.4887,1014.51
193682,4.54806,-0.693448,8.6131,6.44,-21.7,109.13,-34.92,-16.1619,-26.95,1014.51
193688,5.27021,-0.640842,8.90483,12.95,-16.03,101.92,-35.2065,-16.4513,-27.9424,1014.47
193694,5.75323,-0.0334768,9.44524,8.68,-21.77,93.24,-36.1805,-15.5542,-26.8508,1014.47
193700,4.50502,1.30081,9.62697,11.83,-14.63,98.49,-36.6961,-15.4095,-27.9849,1014.48
193706,4.94022,1.38211,10.9469,17.78,-30.87,121.24,-38.1571,-14.8018,-27.0918,1014.48
193712,4.63415,-1.09039,11.8221,40.81,-33.32,128.87,-36.9253,-13.731,-27.4037,1014.5
193718,3.71592,-1.09039,11.2004,63.49,-72.73,125.93,-37.3263,-14.3966,-27.5454,1014.5
193724,3.95983,-1.19082,11.143,82.32,-80.92,126.14,-38.3003,-14.194,-27.8573,1014.5
193730,4.48111,0.549976,10.0239,109.2,-142.52,104.09,-38.1857,-13.4995,-26.3687,1014.5
193736,4.12721,-0.688666,1.91296,38.71,-38.08,-67.2,-38.243,-13.4706,-26.4963,1014.51
193742,5.64323,6.34624,-0.985174,-15.05,1.33,6.09,-38.5581,-13.9625,-26.5105,1014.51
193748,-2.80727,-6.34624,7.57054,-29.47,-1.26,49.84,-38.2144,-14.0493,-26.5247,1014.51
193754,0.521282,-0.942133,8.57963,-37.94,-43.96,68.25,-39.0451,-14.5413,-26.3829,1014.51
193760,3.83548,1.61167,9.6748,-59.71,-36.26,50.4,-39.303,-13.9625,-26.7657,1014.51
193766,5.77236,1.3056,10.2248,-65.87,-37.38,32.55,-39.79,-14.1072,-27.9424,1014.5
193772,6.02582,0.0334768,10.3969,-48.09,-33.88,7.63,-38.9592,-12.8339,-26.7657,1014.5
193778,4.24677,-0.712578,11.3439,-22.75,-39.2,-4.83,-39.303,-12.8629,-26.0285,1014.48
193784,4.53372,-0.363462,9.56002,3.64,-26.6,-23.17,-39.9618,-12.0526,-25.4614,1014.48
193790,6.43233,-0.865614,7.77618,23.8,-16.94,-19.46,-39.0451,-12.6603,-25.8158,1014.47
193796,5.94452,-1.92731,7.4988,12.32,1.19,-23.73,-38.9019,-12.7182,-24.6958,1014.47
193802,5.15064,-1.64993,8.64658,14.07,5.88,-23.52,-40.5921,-13.5284,-25.2204,1014.46
193808,5.63367,-0.588235,7.08273,-4.9,21.07,-23.1,-39.4748,-13.1522,-25.9292,1014.46
193814,4.95457,-0.215208,7.47967,-22.19,30.87,-24.29,-39.9045,-13.5863,-26.227,1014.49
193820,4.25634,0.57867,9.22047,-26.95,35.28,-25.06,-38.9878,-13.1812,-26.071,1014.49
193826,3.84505,1.31516,9.6748,-23.73,30.52,-26.53,-39.1311,-13.3838,-25.4756,1014.49
193832,2.879,1.99426,9.52176,-18.76,33.74,-27.51,-38.5295,-12.9207,-26.3262,1014.49
193838,2.89813,2.14252,9.5648,-2.73,28.77,-14.28,-38.3003,-13.1233,-26.0001,1014.49
193844,3.14682,1.85079,9.78957,10.15,24.43,3.08,-38.73,-13.76,-26.9783,1014.5
193850,3.11812,6.42276,7.19751,2.94,28.42,40.11,-38.4722,-12.9207,-26.7373,1014.5
193856,1.98948,5.25108,6.8197,-31.78,25.83,86.94,-38.1284,-13.2101,-27.0492,1014.47
193862,2.10904,2.30512,7.39359,-66.5,21.7,113.33,-38.73,-12.4577,-27.1485,1014.47
193868,2.989,-0.559541,6.68101,-48.51,26.81,124.67,-39.7327,-12.0526,-27.1343,1014.5
193874,3.84027,-0.612147,7.81922,-54.88,32.13,140.28,-38.9306,-11.1265,-26.5814,1014.5
193880,5.43281,-1.13343,7.14969,-37.31,57.33,149.59,-38.9306,-10.6924,-28.0983,1014.49
193886,5.12195,-0.683883,7.97704,-22.19,69.86,166.39,-39.5894,-9.76639,-27.6872,1014.49
193892,5.15543,0.196078,8.6131,-10.01,80.71,198.52,-39.5035,-8.9561,-28.1834,1014.53
193898,4.6724,0.636059,8.1779,-25.06,88.69,242.13,-39.1311,-8.00111,-28.708,1014.53
193904,4.62936,-1.31994,9.07221,-35.63,79.24,256.13,-39.1311,-7.07507,-27.8432,1014.48
193910,3.3955,-4.50024,9.95696,-34.09,82.53,244.23,-39.6754,-6.09115,-29.2467,1014.48
193916,3.27116,-5.17456,8.69919,-9.73,86.59,249.62,-38.8446,-5.39661,-30.2674,1014.48
193922,3.80679,-4.52893,8.20182,27.09,120.82,249.69,-38.7873,-4.52845,-30.0973,1014.52
193928,3.38116,-4.12721,8.75657,68.67,166.53,257.81,-38.5581,-3.54452,-29.9272,1014.52
193934,2.40555,-4.58154,9.94261,102.97,208.39,265.79,-38.9306,-3.48665,-31.3449,1014.48
193940,0.923003,-3.49115,10.0526,129.92,237.16,269.15,-38.1857,-2.84999,-32.5641,1014.48
193946,2.81205,-1.86992,9.79436,138.32,266.42,276.43,-36.5815,-2.09758,-32.4791,1014.48
193952,3.41463,-0.0813008,9.46915,130.34,287.28,294.91,-36.2378,-1.05578,-33.7267,1014.48
193958,2.96031,0.253467,9.32568,118.79,300.86,303.38,-34.9773,-0.737449,-34.4072,1014.51
193964,2.60641,0.21999,9.32568,106.47,306.18,308.49,-34.2612,-0.824266,-35.2153,1014.51
193970,1.75514,0.224773,9.45959,93.52,295.89,306.67,-34.5763,-0.476999,-36.0234,1014.51
193976,0.621712,-0.0095648,9.88522,87.08,273.42,297.22,-31.9694,0.275412,-36.236,1014.51
193982,-0.741272,-0.0669536,10.5787,84.07,239.19,287.07,-31.4538,0.0149627,-37.3418,1014.45
193988,-1.15734,-0.095648,10.7747,82.53,206.36,280.07,-29.5918,1.14358,-37.1575,1014.45
193994,-1.12386,-0.296509,10.6982,82.32,183.75,276.92,-29.3339,1.28827,-37.7672,1014.45
194000,-1.09995,-0.267814,10.5356,80.64,170.59,281.26,-28.6751,1.49085,-38.0649,1014.51
194006,-1.01387,-0.444763,10.4208,75.53,165.76,288.33,-27.6438,1.46191,-39.6952,1014.51
194012,-1.01865,-0.932568,9.79436,67.55,168.84,292.88,-27.1282,2.56159,-39.9504,1014.48
194018,-1.3582,-1.0043,8.89526,48.09,173.53,297.71,-26.2688,2.6484,-38.7028,1014.48
194024,-2.72597,-0.420851,8.47441,18.48,164.99,303.59,-26.5552,3.71914,-40.2056,1014.49
194030,-3.98374,-0.10043,9.13438,-5.53,133.21,307.79,-25.3807,3.54551,-40.9003,1014.49
194036,-5.51889,0.669536,9.57915,-35,73.85,314.93,-25.2088,4.70307,-41.5099,1014.48
194042,-5.73888,1.6021,9.68436,-59.5,0.28,327.39,-25.2948,5.62911,-40.7585,1014.48
194048,-5.91105,2.28599,9.1296,-78.26,-63.56,339.85,-24.7791,6.72879,-40.5317,1014.5
194054,-5.60019,1.83166,9.18221,-81.76,-134.33,349.79,-25.4094,7.91528,-40.2056,1014.5
194060,-4.87327,1.46341,10.263,-75.67,-212.66,351.47,-26.2115,9.10178,-40.3332,1014.5
194066,-3.11334,1.55428,10.263,-54.11,-272.09,339.08,-26.7557,9.73843,-40.7869,1014.5
194072,-2.23816,1.67862,9.46437,-21.84,-326.48,317.87,-29.1048,10.2883,-39.6244,1014.51
194078,-2.26686,1.17647,9.77044,-3.15,-378.98,294.91,-29.3912,12.3719,-37.994,1014.51
194084,-0.473458,-0.334768,10.3395,5.95,-427.35,276.22,-31.3106,12.8638,-36.9307,1014.51
194090,2.24773,-0.961262,10.5213,21.07,-463.12,256.55,-33.2012,14.4265,-36.3778,1014.52
194096,4.7824,-0.798661,9.9713,23.52,-476.07,248.36,-34.7481,14.8027,-35.0168,1014.52
194102,4.84935,-0.5978,9.28264,21.98,-465.22,258.23,-36.0372,15.6998,-33.2305,1014.53
194108,6.31277,-1.5495,7.35533,31.36,-421.54,266.77,-37.8133,16.5101,-31.671,1014.53
194114,9.20134,-1.8747,5.53324,34.65,-322.49,260.61,-38.5009,18.2754,-30.9338,1014.55
194120,9.18699,-1.45863,5.62888,32.41,-216.86,255.64,-39.1024,18.1018,-29.5728,1014.55
194126,4.58632,-0.71736,7.38403,36.54,-113.05,264.67,-38.7873,19.896,-28.2826,1014.55
194132,4.945,-0.750837,7.57054,17.78,-34.79,234.64,-39.6754,20.6195,-28.552,1014.55
194138,3.97417,0.884744,9.2922,-5.39,9.52,190.33,-38.9019,21.3429,-29.0907,1014.53
194144,4.83979,1.65949,9.65088,-24.15,24.64,153.44,-38.1284,21.806,-28.6938,1014.53
194150,5.64801,1.10473,10.22,-24.22,-7.21,129.64,-38.1571,22.732,-27.7723,1014.55
194156,2.6638,-0.310856,10.6456,-7.7,-13.23,131.11,-38.8733,22.8188,-28.3961,1014.55
194162,3.22334,-0.506934,9.77044,5.53,0.98,128.1,-38.4722,23.3976,-28.0275,1014.55
194168,3.56289,0.540411,9.46915,15.47,22.54,127.54,-37.4696,24.642,-28.6796,1014.52
194174,3.5055,1.3582,9.15351,6.37,22.33,123.27,-37.7847,24.2368,-28.8356,1014.52
194180,5.1363,0.0334768,10.3826,15.89,21.63,106.61,-37.2977,25.1339,-29.1474,1014.51
194186,5.05021,0.191296,10.6552,34.16,9.59,87.15,-37.0972,25.0182,-28.7505,1014.51
194192,4.13678,0.153037,10.9469,55.86,-11.9,75.18,-36.9253,25.7995,-28.07,1014.54
194198,3.099,-0.47824,10.9708,82.18,-34.58,65.8,-36.5242,24.613,-28.5945,1014.54
194204,3.54854,-1.22429,10.9278,110.25,-41.3,52.08,-36.0086,25.1629,-28.7505,1014.53
194210,3.24247,0.35868,9.68914,115.43,-38.85,49.07,-36.6675,25.1918,-28.793,1014.53
194216,3.69201,0.932568,9.31133,106.19,-26.88,55.58,-36.9539,24.7577,-29.1049,1014.56
194222,4.1846,1.10952,9.23481,91.14,-9.24,61.81,-36.4383,24.0921,-28.5945,1014.56
194228,4.7011,1.25777,8.81875,72.59,14.21,64.96,-35.8654,24.4394,-28.4669,1014.54
194234,4.54806,1.6834,8.3692,44.59,46.06,70.28,-37.269,24.1789,-29.8421,1014.54
194240,3.88331,1.1143,8.93352,18.83,63.98,80.01,-36.1518,24.7867,-29.6011,1014.56
194246,3.19464,0.492587,9.15351,7.84,71.54,92.75,-35.3497,23.9185,-30.5793,1014.56
194252,2.05165,-0.789096,9.33525,9.1,72.8,106.4,-35.6075,25.2208,-30.0548,1014.56
194258,1.43472,-1.1956,9.16786,21.77,58.1,123.9,-34.433,24.613,-30.6928,1014.56
194264,1.76471,-1.83644,8.98613,33.95,35.63,132.65,-33.946,25.6259,-30.7778,1014.56
194270,1.04735,-2.34816,7.02056,41.23,26.39,141.05,-33.9747,25.4812,-30.6786,1014.55
194276,0.215208,-3.41463,5.62888,28.7,39.41,143.22,-33.4877,25.8863,-31.7419,1014.55
194282,1.5208,-4.47633,5.72453,13.37,63.14,137.13,-32.2559,25.4233,-32.0821,1014.55
194288,2.12339,-3.05117,7.23099,2.8,79.24,141.05,-32.3991,26.3494,-31.9545,1014.55
194294,1.52559,-0.573888,8.81875,-4.55,78.96,174.37,-31.4251,26.523,-32.0254,1014.56
194300,1.31994,-0.679101,8.99091,-17.92,81.2,207.34,-30.3652,27.1018,-32.5074,1014.56
194306,1.53515,-1.95122,9.76088,-19.74,87.5,223.44,-30.222,27.5648,-32.3657,1014.58
194312,1.86992,-2.1999,10.0526,-12.6,86.94,223.09,-28.7897,28.433,-33.0036,1014.58
194318,2.38164,-1.80296,9.9713,-0.91,87.5,215.39,-27.6724,28.6066,-33.4573,1014.56
194324,2.74032,-0.569106,9.23481,11.48,94.99,209.44,-26.9563,30.1404,-33.6983,1014.56
194330,3.04161,-0.516499,9.73697,29.12,101.71,203.28,-25.5812,29.7931,-33.9393,1014.56
194336,3.60593,-0.69823,9.64132,46.76,100.66,198.38,-24.8364,29.5905,-33.9535,1014.5
194342,2.8264,0.0573888,9.03395,59.5,92.96,201.81,-23.9484,29.6195,-34.6056,1014.5
194348,2.48685,-0.243902,9.14873,75.18,85.12,203.91,-22.5733,29.7931,-33.67,1014.57
194354,2.21425,0.49737,9.06743,93.17,80.29,207.34,-22.3728,30.2561,-34.7332,1014.57
194360,3.01769,0.023912,8.60832,115.15,93.59,199.5,-22.0577,30.2561,-34.7758,1014.51
194366,2.4725,0.760402,7.23099,117.53,108.78,182.35,-20.3676,30.6034,-36.7606,1014.51
194372,1.58776,1.39646,8.31659,114.8,113.82,173.88,-19.5941,30.4876,-35.9241,1014.52
194378,0.923003,1.04256,9.02917,98.84,116.06,176.54,-17.6461,29.7063,-36.6472,1014.52
194384,0.0286944,0.387374,9.70349,81.83,123.06,194.95,-17.8467,29.0696,-38.1358,1014.5
194390,-0.0573888,1.19082,9.63654,58.03,140.14,228.9,-16.7581,28.9828,-36.2077,1014.5
194396,1.63558,1.14299,9.74175,35.49,159.39,246.12,-14.8674,29.6484,-37.5545,1014.53
194402,0.334768,0.913438,9.97609,6.37,173.46,259.42,-13.607,29.1564,-38.7312,1014.53
194408,-0.746054,0.73649,9.64132,14.63,191.59,287,-12.2892,29.1564,-37.9373,1014.53
194414,-0.803443,0.942133,9.93783,22.47,225.68,316.82,-10.4845,28.6934,-37.8239,1014.51
194420,0.114778,-1.35342,12.616,136.36,316.96,357.28,-7.7917,28.6934,-38.3626,1014.51
194426,1.37733,-1.82209,11.9703,245.77,375.48,350.21,-5.32809,27.7963,-38.7595,1014.51
194432,0.860832,0.712578,10.4448,275.38,376.18,312.2,-1.83321,26.4072,-39.6669,1014.51
194438,-2.10904,4.15112,8.42181,184.45,302.61,280.77,-0.687346,25.105,-40.7444,1014.52
194444,-0.521282,-0.153037,10.3395,83.44,253.96,243.32,1.80491,24.5552,-40.5317,1014.52
194450,-0.908656,-1.33907,11.9799,13.93,211.12,215.46,3.43776,23.8896,-40.2198,1014.5
194456,-2.65901,-0.363462,11.9417,-46.9,169.19,211.19,3.86746,22.9056,-40.9712,1014.5
194462,-2.01817,-1.16691,12.0373,-68.74,151.48,207.2,5.6722,23.5423,-39.0714,1014.5
194468,-2.36251,0.234338,10.8608,-70,139.72,199.15,6.18784,24.0053,-40.1914,1014.5
194474,-2.89813,1.17169,9.66045,-72.8,120.61,192.36,7.36235,24.1211,-39.5818,1014.5
194480,-2.90292,1.25299,8.89526,-62.79,108.22,181.3,7.79205,24.7867,-38.5469,1014.5
194486,-3.06074,1.58297,8.57006,-44.59,98.77,167.44,9.19573,24.1789,-38.717,1014.5
194492,-3.14204,1.75992,8.93352,-25.34,87.64,152.81,10.0265,23.7738,-38.0507,1014.5
194498,-3.37159,1.18125,9.45002,-0.91,80.57,135.59,10.8572,24.1789,-38.5752,1014.5
194504,-3.70636,1.70253,9.39742,8.75,72.03,121.17,11.0005,23.7738,-38.632,1014.53
194510,-3.53419,1.53515,9.78001,10.29,67.97,112.91,12.7766,23.1661,-37.8522,1014.53
194516,-3.27594,1.31994,9.8087,-5.67,68.67,117.74,12.7766,22.5294,-38.2208,1014.51
194522,-2.63032,1.20516,10.0143,-27.51,81.76,135.73,13.4354,22.2111,-38.5611,1014.51
194528,-2.35294,0.248685,10.8178,-36.4,91.84,150.57,13.8365,22.6741,-38.9013,1014.51
194534,-2.42468,-0.573888,10.3395,-44.03,89.39,147,14.2375,22.7031,-38.0932,1014.51
194540,-2.53467,-0.95648,9.82783,-44.87,78.33,136.64,15.8704,22.0375,-37.7104,1014.46
194546,-2.45337,-0.33955,9.28742,-41.09,70.63,127.33,15.985,22.1243,-37.7813,1014.46
194552,-2.59206,0.640842,8.6418,-31.92,66.22,122.29,16.7011,21.6613,-37.4411,1014.5
194558,-3.12769,1.69297,8.07269,-17.43,64.12,118.02,17.3314,21.314,-37.3418,1014.5
194564,-3.54854,1.99426,8.14921,-3.85,61.46,113.05,18.1335,21.4008,-36.8315,1014.52
194570,-4.50502,2.33859,8.67049,3.57,53.13,98,18.0475,21.4876,-37.1575,1014.52
194576,-5.53802,2.35294,8.80918,-1.4,31.71,64.68,18.7923,21.2561,-36.2927,1014.52
194582,-6.3319,2.46772,9.60784,-13.37,10.5,31.22,18.6205,20.6773,-37.4411,1014.49
194588,-5.6528,2.66858,10.0335,-27.51,-0.07,14.42,18.8783,20.9957,-37.753,1014.49
194594,-5.22716,2.79292,9.54089,-41.23,2.73,10.29,18.7064,21.1114,-37.6963,1014.47
194600,-5.055,3.4242,8.81875,-48.79,4.69,12.6,19.4226,21.1982,-37.0583,1014.47
194606,-4.62936,3.18508,8.35485,-45.08,5.88,19.39,19.1934,20.4748,-36.0659,1014.47
194612,-3.3142,3.05117,7.95313,-34.79,8.82,34.3,18.7064,20.7642,-36.7747,1014.47
194618,-0.966045,1.99904,9.13438,-29.33,-15.82,47.39,19.1361,21.1404,-36.7039,1014.5
194624,-1.07126,-0.325203,4.84935,-41.44,-11.06,83.65,19.2793,21.4008,-35.995,1014.5
194630,-2.08991,2.1473,6.10234,-43.12,22.54,136.08,19.6517,21.0825,-36.8173,1014.49
194636,-0.176949,2.989,9.52654,-27.3,45.08,159.18,19.308,21.3429,-35.8249,1014.49
194642,-2.87422,2.35772,9.73218,-22.82,72.59,160.86,20.5684,20.5905,-35.8532,1014.49
194648,-4.24677,1.91774,10.1722,-57.75,79.31,162.61,20.9122,21.0535,-36.0801,1014.49
194654,-4.84935,0.143472,9.5648,-71.19,81.41,136.36,22.8029,20.4169,-35.8674,1014.46
194660,-5.41368,0.181731,11.4921,-81.27,62.86,104.72,22.0581,20.4169,-34.3646,1014.46
194666,-5.23195,0.023912,11.9417,-83.72,37.38,72.24,23.0607,20.3011,-34.6056,1014.46
194672,-4.55285,-0.329986,10.703,-87.64,14.28,52.22,23.5477,20.2722,-34.7049,1014.49
194678,-4.1033,-0.23912,10,-94.71,-8.26,41.86,23.4617,20.5326,-33.9535,1014.49
194684,-3.98852,0.224773,9.51219,-99.96,-22.82,42,23.5763,21.1404,-34.4072,1014.49
194690,-4.08417,0.516499,9.11047,-116.13,-31.36,44.38,23.9487,21.1114,-33.5424,1014.49
194696,-3.95026,0.569106,8.68962,-144.83,-40.74,44.03,23.3758,21.6323,-33.7408,1014.52
194702,-3.91679,0.683883,8.61789,-177.31,-51.1,41.79,23.2899,22.0953,-33.4998,1014.52
194708,-5.79149,-3.86896,8.36442,-109.97,-107.38,44.8,22.6596,22.8188,-32.8902,1014.52
194714,1.61645,6.39885,4.73936,-85.33,-91.28,15.96,23.3471,22.6452,-32.6776,1014.52
194720,-3.35246,1.41559,9.26351,-79.24,-65.87,29.33,23.2039,23.0793,-32.9895,1014.51
194726,-5.30846,-0.93735,11.3582,-64.82,-63.07,29.33,21.8862,23.4265,-33.0178,1014.51
194732,-4.54806,-1.99426,11.4299,-40.18,-62.79,14.77,22.5737,24.0632,-33.5424,1014.52
194738,-4.28981,-1.53037,10.6839,-21.14,-63.7,-2.8,21.8289,24.0632,-33.3297,1014.52
194744,-5.52367,1.3869,8.58919,-26.81,-71.19,2.66,22.0294,24.1789,-33.4573,1014.52
194750,-4.72501,0.923003,8.90005,-19.6,-67.83,8.82,21.657,23.687,-34.2938,1014.52
194756,-4.98804,0.664754,9.41176,-9.87,-71.47,24.36,21.4565,23.8027,-34.4922,1014.52
194762,-6.16451,-0.923003,9.35437,10.92,-110.46,54.67,21.3992,24.7288,-34.9743,1014.51
194768,-5.14108,-1.42516,9.86131,29.89,-138.81,73.43,20.4538,23.8896,-34.8325,1014.51
194774,-3.12291,0.401722,8.38833,31.71,-148.26,85.82,20.1387,23.224,-34.8608,1014.52
194780,-1.49211,-0.148254,8.39789,30.59,-143.5,80.15,19.3939,22.5873,-35.0168,1014.52
194786,-0.669536,-1.21951,9.70827,42.28,-141.47,77.35,19.6231,22.732,-35.6264,1014.52
194792,-0.626494,-1.80775,9.5935,69.44,-133.84,79.66,18.0762,21.8928,-36.3353,1014.52
194798,-0.0860832,-1.40603,9.26351,86.94,-111.86,82.74,18.7637,21.8349,-36.3211,1014.51
194804,2.68293,-1.42994,8.9957,112.21,-71.19,83.79,18.3053,21.0246,-36.0517,1014.51
194810,2.75466,-0.889526,8.49354,130.69,-31.85,89.32,18.5632,20.0117,-37.4553,1014.48
194816,1.32951,-0.688666,8.99091,142.94,-5.81,97.09,19.4799,18.9699,-38.3768,1014.48
194822,-0.25825,-0.463893,9.75131,155.82,1.75,113.47,19.2793,18.478,-37.0867,1014.51
194828,-1.69775,0.0669536,8.71353,170.59,3.71,127.12,19.4799,16.3654,-37.7104,1014.51
194834,-2.44381,0.932568,8.65136,184.1,14.98,138.88,19.308,15.9603,-38.5611,1014.51
194840,-3.02726,1.58776,8.90961,186.34,14,149.52,19.9382,14.2529,-39.1565,1014.49
194846,-3.9407,1.82209,8.31181,181.44,2.87,153.44,20.1101,13.4137,-38.6603,1014.49
194852,-4.80631,2.49641,8.40746,175.7,-14.14,157.85,20.3106,12.6034,-38.6178,1014.49
194858,-4.64371,3.9407,7.84792,159.67,-33.6,156.38,20.5398,11.1564,-38.6036,1014.49
194864,-4.33285,4.68675,7.94835,133.91,-52.71,152.81,20.3106,10.3462,-38.8021,1014.5
194870,-4.24199,5.26542,8.50311,108.85,-68.67,157.22,20.3393,10.0857,-40.1347,1014.5
194876,-3.26638,5.60976,9.06743,80.99,-78.82,171.08,19.9669,8.95709,-39.2983,1014.51
194882,-1.93209,5.5715,8.85222,55.37,-74.83,186.13,20.1674,8.49406,-40.5317,1014.51
194888,-0.793878,5.03108,9.13917,31.43,-68.11,196.98,19.9382,8.1468,-40.6026,1014.51
194894,-0.69823,3.79723,10.0287,7.7,-68.32,194.95,19.3939,7.4812,-41.2547,1014.51
194900,-1.71688,2.67814,10.5595,-16.31,-79.59,187.46,19.1361,7.36544,-40.8861,1014.47
194906,-2.25729,2.59206,10.7508,-37.1,-98.91,179.76,19.3366,6.64197,-40.2056,1014.47
194912,-3.26638,2.06121,10.923,-44.03,-128.03,188.79,18.8783,6.49728,-41.3681,1014.47
194918,-3.32377,3.099,10.11,-45.29,-145.6,221.13,18.4199,6.64197,-41.0421,1014.48
194924,-4.20373,4.14156,10.0622,-31.36,-153.23,268.52,17.5892,6.23683,-41.4107,1014.48
194930,0.229555,3.78288,8.85701,1.19,-139.93,311.78,16.5865,5.2529,-41.0279,1014.51
194936,2.79292,1.96557,6.09756,15.82,-100.52,303.17,16.7011,4.67413,-42.1054,1014.51
194942,4.05548,3.88809,6.93926,13.86,-74.48,301.77,15.5266,4.61625,-42.7008,1014.5
194948,3.39072,4.3759,7.87183,9.73,-49,310.17,15.3261,3.45869,-42.715,1014.5
194954,3.48159,4.00287,7.0636,6.02,-17.15,314.65,15.7844,3.40081,-42.0486,1014.48
194960,2.67336,3.51985,7.14012,1.75,10.64,318.78,15.985,3.11143,-42.077,1014.48
194966,2.27642,3.11334,7.80488,-3.43,31.43,324.31,16.6438,1.89599,-42.0628,1014.51
194972,2.08991,1.96557,8.70875,-7.77,44.24,324.66,16.5006,1.02782,-42.5023,1014.51
194978,0.841702,2.19512,9.07221,-15.75,48.72,328.44,17.0735,1.2304,-41.5808,1014.52
194984,0.832138,1.51602,9.51219,-15.4,51.1,329.14,16.7298,0.30435,-40.9003,1014.52
194990,1.25777,0.927786,9.9713,-10.78,48.3,319.06,16.7298,-0.476999,-42.1479,1014.45
194996,1.3056,1.25299,9.89,-18.76,38.99,308.28,17.1022,-0.940021,-41.4674,1014.45
195002,1.22429,1.64036,9.2922,-31.71,26.95,299.95,17.4173,-1.57668,-41.3965,1014.45
195008,1.31038,1.82688,8.49833,-46.69,22.61,294.7,16.7298,-2.32909,-41.0279,1014.5
195014,1.23864,2.03252,8.21616,-55.65,25.55,296.1,18.3626,-1.92394,-41.2689,1014.5
195020,1.66906,1.90818,7.8527,-63.84,38.85,298.62,17.2168,-2.21333,-41.4107,1014.49
195026,1.90818,1.97991,7.4988,-76.65,59.78,302.68,17.4173,-3.02362,-40.6309,1014.49
195032,2.33859,1.47298,6.8484,-85.89,89.81,301.84,18.1335,-3.7471,-41.0421,1014.49
195038,2.49641,1.12386,6.23147,-92.68,136.36,291.9,17.9902,-3.37089,-41.2406,1014.49
195044,4.28981,0.291726,6.03539,-86.8,183.89,258.58,18.9069,-2.90787,-41.2831,1014.5
195050,3.48637,0.741272,6.32712,-82.88,233.45,244.65,19.795,-3.92073,-40.3332,1014.5
195056,-0.994739,-1.33429,14.8733,-111.93,116.69,184.59,20.7403,-4.15224,-40.3474,1014.46
195062,1.94644,-2.91248,10.11,-108.99,120.96,126.28,21.0841,-3.89179,-41.0562,1014.46
195068,4.28981,-2.51554,6.89144,-96.81,159.88,82.39,21.6284,-3.71816,-39.6811,1014.47
195074,2.05165,-2.77857,7.04926,-93.94,232.61,45.22,22.8888,-3.42877,-39.1423,1014.47
195080,3.75897,-0.961262,7.56576,-103.18,258.65,41.93,23.1466,-3.31301,-38.5752,1014.47
195086,-1.6021,-2.19512,12.5155,-82.74,220.15,48.44,24.3784,-2.21333,-37.2284,1014.49
195092,-1.95122,-2.68771,12.0612,-72.87,174.65,45.99,25.0086,-2.58954,-37.3277,1014.49
195098,-7.56097,-4.46198,2.64945,-57.26,225.05,66.85,26.5269,-2.24227,-36.5054,1014.49
195104,-0.832138,4.17982,16.5806,-50.75,107.45,124.81,26.9853,-2.84999,-36.8173,1014.49
195110,1.14778,2.47728,12.616,-30.52,43.61,142.73,27.3577,-2.90787,-37.9656,1014.48
195116,0.133907,1.92252,9.93304,-14,34.86,145.25,27.2717,-3.34195,-35.4421,1014.48
195122,-1.33429,2.21903,9.98087,-18.34,38.85,157.85,27.5868,-3.31301,-36.5763,1014.49
195128,-1.89861,2.38164,10.1674,-37.03,34.16,186.13,27.7301,-4.15224,-37.0299,1014.49
195134,-1.9847,1.78862,11.0234,-46.76,28.98,216.51,27.6155,-4.90465,-36.7606,1014.49
195140,-1.26734,1.04735,11.1478,-50.26,18.97,231.7,26.8993,-5.42555,-35.8958,1014.49
195146,-0.248685,0.109995,10.9804,-51.8,0.84,236.04,26.842,-5.39661,-37.4411,1014.46
195152,0.612147,0.636059,10.043,-64.68,-11.48,235.69,26.9566,-5.686,-34.9034,1014.46
195158,0.942133,0.526064,10.0813,-69.79,-17.29,227.92,27.2431,-5.91751,-35.8249,1014.53
195164,0.0047824,0.612147,9.81349,-81.2,-21.77,214.55,26.9566,-6.49629,-37.2993,1014.53
195170,-0.545194,0.023912,9.25394,-81.55,-22.05,188.93,26.0972,-6.64099,-36.0801,1014.53
195176,-0.5978,-0.449546,9.17264,-85.47,-20.86,162.4,25.954,-8.00111,-35.6831,1014.49
195182,1.62123,0.879962,11.6738,-122.43,-25.48,168.56,26.5269,-7.59597,-37.7104,1014.49
195188,-0.932568,-1.20038,8.8044,-117.81,-7,162.05,25.8108,-7.10401,-37.271,1014.43
195194,-0.870397,-2.1473,9.74653,-101.78,0.49,155.96,24.9227,-6.93037,-36.2502,1014.43
195200,-0.951698,-2.76901,9.74175,-75.67,5.95,154.28,25.0946,-7.88536,-37.115,1014.51
195206,-1.59732,-2.81205,9.55523,-51.17,6.58,154.14,24.98,-7.68279,-36.4487,1014.51
195212,-1.77427,-2.34816,9.32568,-30.94,6.51,154.42,25.0659,-7.65385,-36.6046,1014.48
195218,-1.97035,-0.95648,8.98135,-24.22,7.98,165.69,25.3238,-7.48021,-37.6679,1014.48
195224,-1.64993,-0.798661,8.97657,-27.09,11.2,174.44,24.9514,-8.14581,-36.6613,1014.44
195230,-1.41081,-0.392157,9.35437,-31.5,18.13,178.57,25.0659,-8.31944,-36.9023,1014.44
195236,-1.20995,-0.468675,10.1626,-31.57,27.51,183.54,24.8941,-9.07186,-37.4978,1014.48
195242,-0.870397,-0.793878,10.593,-28.07,34.79,180.46,24.8654,-8.9561,-37.6537,1014.48
195248,-0.420851,-0.932568,11.1717,-29.61,34.3,176.4,23.8914,-10.2873,-36.1368,1014.48
195254,-0.0573888,-1.30081,11.4491,-28.56,25.06,163.8,24.7508,-9.44806,-36.9307,1014.47
195260,0.263032,-1.09995,11.5638,-27.37,10.92,148.05,24.4357,-9.94002,-37.1859,1014.47
195266,-0.0095648,-0.588235,11.6069,-25.9,-2.8,139.09,23.6623,-10.2873,-37.0299,1014.47
195272,-0.286944,-0.435198,11.5208,-26.95,-19.74,134.54,23.6909,-9.76639,-37.356,1014.47
195278,-0.573888,-0.85605,11.3199,-25.13,-35.28,126.35,23.8055,-11.4738,-36.9449,1014.49
195284,-0.664754,-1.12865,11.0139,-19.25,-47.53,117.88,23.8914,-10.9529,-37.1717,1014.49
195290,-0.602582,-1.20516,10.6121,-12.74,-55.86,109.34,23.2039,-11.5027,-37.2426,1014.49
195296,-0.549976,-1.10952,10.2487,-9.73,-53.41,104.79,23.519,-11.7632,-37.1575,1014.49
195302,-0.5978,-1.14778,9.83261,-11.06,-46.48,104.3,22.8602,-11.6474,-38.0082,1014.5
195308,-0.870397,-1.44907,9.30655,-15.61,-38.22,103.74,20.9122,-13.4127,-38.3768,1014.5
195314,-1.13821,-1.66906,9.26351,-13.86,-30.38,107.1,21.5711,-12.1973,-38.2775,1014.43
195320,-1.06648,-1.69775,9.04352,-16.17,-24.08,108.08,21.4278,-12.3709,-38.6603,1014.43
195326,-1.00909,-1.57341,9.11047,-22.05,-18.97,108.29,20.769,-12.8629,-37.8097,1014.46
195332,-0.454328,-1.40603,8.89526,-27.79,-8.82,108.22,21.2559,-12.9207,-37.8664,1014.46
195338,-0.449546,-1.22429,9.22047,-30.45,1.82,106.05,20.7117,-12.8629,-39.2699,1014.46
195344,-0.554758,-0.884744,9.4022,-33.88,14.28,103.67,20.2247,-13.5574,-38.4902,1014.5
195350,-0.822573,-1.33429,9.94739,-35.49,25.55,101.85,20.8549,-13.4127,-37.597,1014.5
195356,-1.07126,-1.84122,10,-35.56,32.48,98.14,21.3419,-13.268,-39.3266,1014.47
195362,-0.913438,-2.33381,10.0287,-37.24,34.37,88.83,21.5424,-13.731,-38.5611,1014.47
195368,-0.83692,-2.52989,10.33,-35.35,29.4,77.35,20.5111,-13.0944,-37.597,1014.48
195374,-0.483022,-2.02774,10.4304,-27.3,18.76,71.19,20.9122,-12.8918,-37.3702,1014.48
195380,6.82449,6.83883,8.0153,-27.16,10.36,58.03,21.0554,-13.3548,-38.9439,1014.46
195386,4.19416,6.45146,9.34481,-38.71,7.07,24.08,21.4565,-13.7021,-37.9515,1014.46
195392,-1.49689,0.37781,7.66141,-47.18,31.85,20.37,20.5398,-13.0365,-37.8806,1014.52
195398,-1.53037,-0.396939,8.02487,-63.77,43.33,38.57,20.9981,-12.6313,-38.0932,1014.52
195404,-2.99856,-0.368245,9.93783,-64.05,29.19,68.67,21.3419,-12.0236,-38.1783,1014.44
195410,-3.37637,-1.7121,10.4878,-48.79,11.83,85.26,21.7143,-13.1233,-37.5403,1014.44
195416,-3.54376,-1.76949,10.8513,-25.9,-13.02,93.87,20.9695,-12.7182,-38.5185,1014.44
195422,-3.33812,-0.755619,10.2391,-11.27,-36.75,105.07,20.9981,-12.4288,-38.3768,1014.47
195428,-2.89813,-0.693448,9.68914,-8.47,-52.64,119,20.0241,-12.8918,-38.2634,1014.47
195434,-2.27642,-0.483022,9.14873,-4.62,-66.43,137.34,19.8809,-13.2969,-39.4684,1014.47
195440,-1.58776,-0.57867,8.91439,-10.15,-82.74,155.4,20.1101,-13.731,-39.199,1014.47
195446,-1.31038,-0.21999,8.95265,-24.99,-106.82,165.97,18.4772,-13.8757,-38.8588,1014.45
195452,-1.44907,-0.726925,8.91918,-37.45,-134.26,174.09,17.8184,-14.4256,-39.2416,1014.45
195458,-1.16212,-1.07126,8.92874,-50.61,-149.73,170.52,17.2454,-14.3387,-39.7661,1014.46
195464,0.0765184,-0.0191296,9.44046,-60.62,-134.4,153.79,16.386,-13.7021,-40.1914,1014.46
195470,0.492587,0.0669536,10.1339,-47.88,-105.98,132.3,15.3261,-14.1651,-40.7444,1014.5
195476,-1.06169,-1.09039,10.2391,-24.57,-85.75,115.29,15.2688,-14.5413,-40.716,1014.5
195482,0.248685,-2.52032,9.6748,-19.81,-79.1,105.21,14.2089,-13.7021,-41.5666,1014.5
195488,0.71736,-3.22334,9.6748,-5.95,-66.64,92.61,13.2922,-13.9625,-41.2689,1014.5
195494,0.746054,-2.56815,9.24916,4.34,-48.16,87.5,13.063,-13.5863,-39.3975,1014.47
195500,0.526064,-2.30512,9.34959,16.38,-30.59,85.68,13.2922,-13.8468,-40.475,1014.47
195506,-0.105213,-1.88905,9.40698,31.15,-14.07,82.53,12.8625,-14.4545,-40.5317,1014.47
195512,-0.483022,-1.52559,9.16308,41.44,-2.24,78.19,11.7166,-15.3516,-40.0922,1014.51
195518,-0.554758,-1.49211,8.95744,51.8,9.8,75.81,12.175,-14.9754,-41.3823,1014.51
195524,-0.483022,-1.06648,8.89526,62.51,13.51,79.52,12.089,-15.0043,-40.5317,1014.48
195530,-0.315638,-1.18604,8.74223,66.29,10.15,85.05,12.5474,-15.9883,-40.3899,1014.48
195536,0.0430416,-1.97991,8.83309,69.16,3.71,90.3,11.7453,-16.6538,-39.2416,1014.47
195542,0.205643,-2.16164,9.19177,70.56,-6.65,94.36,11.7453,-16.596,-40.4041,1014.47
195548,0.45911,-2.20947,9.60306,69.51,-18.06,92.68,12.0031,-17.1169,-40.234,1014.48
195554,0.784314,-1.76471,9.7274,67.55,-26.6,88.2,11.2869,-17.522,-40.5317,1014.48
195560,0.999522,-1.58776,9.19177,62.3,-32.69,79.87,11.602,-17.8693,-39.5535,1014.46
195566,0.516499,-1.0856,8.46007,52.08,-35,73.92,10.6567,-18.7374,-39.596,1014.46
195572,-0.530846,-0.382592,8.27355,39.69,-35.77,76.23,10.1984,-18.2455,-39.6811,1014.51
195578,-2.19034,0.731707,8.63701,27.51,-39.41,89.74,10.3702,-19.4609,-40.3757,1014.51
195584,-2.989,0.693448,9.31133,20.93,-44.87,106.75,9.59678,-18.9979,-39.114,1014.51
195590,-3.35724,0.813008,9.46915,19.74,-49.7,122.78,9.36761,-19.6056,-40.3757,1014.43
195596,-3.56289,1.34864,8.79483,13.72,-53.62,140.21,8.59415,-19.403,-40.5317,1014.43
195602,-3.35246,0.989957,8.46963,8.33,-54.81,155.61,8.16445,-19.8661,-40.1347,1014.46
195608,-3.11334,0.755619,8.33572,2.66,-53.76,171.36,6.35972,-21.313,-40.9287,1014.46
195614,-2.5538,0.291726,8.58919,-4.34,-54.6,189.42,6.78942,-20.358,-39.6527,1014.45
195620,-1.94644,-0.310856,8.85701,-8.47,-62.86,206.57,5.81543,-19.8661,-39.8228,1014.45
195626,-1.50646,-0.157819,9.13917,-14.7,-78.19,221.76,5.47167,-20.4448,-40.0497,1014.49
195632,-0.894309,-0.473458,9.49306,-23.24,-93.45,232.89,4.95603,-20.6474,-40.8152,1014.49
195638,0.224773,-0.81779,10.1722,-34.79,-98.63,240.38,3.38047,-19.8371,-40.7444,1014.48
195644,0.726925,-0.860832,10.5213,-45.78,-99.89,241.71,2.80754,-20.3002,-40.319,1014.48
195650,1.25777,-1.35342,10.7652,-55.37,-96.6,237.3,0.60175,-19.3452,-41.7368,1014.47
195656,1.21951,-1.86992,10.8226,-45.36,-84.28,224.35,0.257992,-19.7214,-41.3256,1014.47
195662,1.17647,-1.17647,10.1913,-39.34,-70.07,215.39,-0.801932,-18.7085,-40.8719,1014.49
195668,0.784314,1.1143,9.08656,-37.94,-49.98,223.3,-1.05975,-18.8243,-40.9428,1014.49
195674,1.033,0.234338,9.71784,-25.83,-36.75,229.46,-1.43216,-18.7085,-40.9145,1014.49
195680,0.61693,-1.17647,10.9613,-17.78,-41.09,232.47,-3.00772,-18.2165,-41.9919,1014.48
195686,0.688666,-2.23816,11.6021,-9.52,-53.69,230.02,-3.43742,-18.3902,-39.9363,1014.48
195692,1.16691,-2.51554,11.7695,-6.02,-71.12,223.86,-3.9817,-18.014,-41.7793,1014.47
195698,2.08991,-2.53945,11.1478,-2.87,-77.56,219.8,-5.18486,-17.8693,-41.113,1014.47
195704,2.1186,-2.16643,10.7461,-4.83,-78.54,215.39,-6.27343,-17.7535,-40.8011,1014.52
195710,1.72645,-1.24821,10.2582,-3.36,-76.86,211.12,-8.07817,-18.7953,-41.0988,1014.52
195716,1.74558,-1.20516,9.87087,7.35,-71.75,207.69,-7.33336,-17.4641,-41.7509,1014.48
195722,1.35342,-1.00909,9.45481,18.06,-62.37,205.52,-8.02087,-17.0011,-41.8502,1014.48
195728,0.870397,-0.798661,9.45959,21.63,-47.95,209.16,-9.30997,-18.0429,-41.439,1014.47
195734,0.789096,-0.841702,9.41655,15.75,-35.14,214.06,-9.28132,-16.9722,-41.0562,1014.47
195740,1.07126,-0.196078,9.2922,-0.49,-21.98,219.03,-10.1694,-17.4063,-40.9712,1014.51
195746,1.3869,0.224773,9.06265,-24.78,-9.73,227.01,-10.6564,-16.4223,-41.8643,1014.51
195752,1.17169,0.167384,9.56958,-46.9,-6.16,235.97,-11.172,-16.1329,-40.9995,1014.51
195758,0.865614,-1.53037,10.0909,-69.3,-16.17,234.22,-12.4897,-16.0751,-41.7368,1014.5
195764,0.502152,-3.67288,10.1626,-75.18,-29.05,211.54,-12.7189,-15.7857,-42.1904,1014.5
195770,2.15208,-6.81014,8.66093,-65.45,-28,174.86,-13.6929,-15.0911,-41.2689,1014.51
195776,3.50072,-7.62793,7.78096,-49.42,-12.46,131.25,-13.6929,-14.1072,-42.1621,1014.51
195782,2.91248,-4.39024,8.37877,-39.41,-0.21,115.43,-13.8075,-13.5284,-41.5666,1014.48
195788,1.20038,-1.64515,9.77523,-44.59,-10.92,126.28,-14.1226,-13.268,-41.68,1014.48
195794,-0.61693,-0.10043,10.9039,-53.48,-38.15,147.63,-14.6096,-13.0075,-41.4674,1014.49
195800,-0.722142,-0.353898,10.6169,-57.54,-58.66,162.4,-14.6669,-11.7053,-41.0137,1014.49
195806,-0.473458,-0.683883,10.2822,-61.04,-66.29,169.33,-15.2398,-11.2423,-42.1762,1014.48
195812,1.16212,-2.16643,9.55045,-61.6,-54.67,166.6,-15.5836,-11.1844,-41.3256,1014.48
195818,2.12339,-2.80727,9.01482,-61.88,-32.97,156.45,-16.7008,-10.5477,-40.9003,1014.47
195824,2.26208,-3.62028,9.2922,-62.51,-18.27,146.79,-16.9013,-9.85321,-41.1413,1014.47
195830,2.32903,-4.25634,9.34481,-59.71,-9.94,136.64,-17.5888,-9.39018,-41.2689,1014.53
195836,2.15208,-4.39981,9.51698,-52.92,-11.76,132.86,-17.7034,-9.3323,-41.6942,1014.53
195842,2.1186,-4.44763,9.92348,-47.04,-16.73,134.89,-18.1904,-8.20369,-41.8218,1014.53
195848,2.27642,-4.40937,9.80392,-43.12,-20.23,134.47,-18.2764,-8.03005,-41.4249,1014.51
195854,2.41033,-3.92635,9.8374,-44.45,-18.48,129.43,-18.4482,-8.46414,-42.1195,1014.51
195860,2.53467,-3.39072,9.60306,-49.28,-11.27,121.38,-18.6488,-6.81462,-41.9494,1014.5
195866,2.68293,-3.43855,9.19656,-55.09,1.19,109.06,-18.8206,-6.66993,-42.2471,1014.5
195872,2.61597,-3.76853,9.07699,-54.88,16.24,92.26,-18.6201,-6.00433,-42.8993,1014.47
195878,2.56337,-4.15112,9.1583,-52.5,30.17,77.98,-18.7347,-6.40947,-42.077,1014.47
195884,2.06121,-4.21808,9.41655,-51.59,38.92,65.38,-19.0212,-5.36768,-41.5808,1014.49
195890,1.59732,-4.24677,9.87566,-51.03,34.02,56.77,-18.8206,-4.58632,-42.3038,1014.49
195896,1.3056,-4.38546,9.92348,-48.23,23.31,52.22,-18.5055,-4.41269,-42.1621,1014.53
195902,1.4682,-4.70588,9.78479,-41.16,15.33,46.55,-18.5628,-4.67314,-43.1403,1014.53
195908,1.59254,-4.56719,9.62219,-34.79,15.82,39.2,-18.8779,-4.35481,-43.4664,1014.49
195914,1.34864,-3.72549,9.27786,-33.18,20.23,31.43,-19.7946,-3.94967,-44.3453,1014.49
195920,0.918221,-3.29507,9.36394,-35.63,20.72,23.38,-18.8206,-4.23906,-43.2821,1014.49
195926,0.483022,-3.01291,9.53611,-36.96,21.77,19.88,-19.1644,-4.32587,-43.594,1014.5
195932,0.569106,-3.06074,9.52176,-34.93,26.67,17.01,-18.6201,-3.2262,-43.041,1014.5
195938,0.765184,-3.12291,9.27307,-32.97,38.08,11.34,-17.8753,-3.28407,-42.474,1014.5
195944,0.899091,-3.11334,9.19656,-30.8,52.5,3.01,-17.9899,-2.82105,-42.5874,1014.5
195950,0.693448,-3.62028,7.61358,-32.55,91.42,-10.92,-18.0185,-2.18439,-42.9276,1014.53
195956,1.00909,-3.25203,5.17934,-55.23,139.72,-32.83,-17.0732,-2.73423,-42.9702,1014.53
195962,1.04256,-2.69249,7.75705,-77.49,135.38,-36.12,-15.8414,-3.02362,-44.3453,1014.51
195968,0.047824,-4.51937,10.1769,-76.86,118.23,-31.64,-14.9534,-2.09758,-43.6365,1014.51
195974,-2.64945,-6.12147,10.5356,-61.6,102.41,-27.93,-14.4664,-1.92394,-43.8775,1014.51
195980,0.124342,-6.00191,8.09182,-56.56,91.07,-50.12,-13.6929,-2.35803,-43.4522,1014.51
195986,3.01291,-6.80057,10.0574,-47.67,76.93,-74.41,-14.3518,-2.27121,-43.8633,1014.51
195992,2.53945,-6.07843,10.2726,-23.66,78.19,-78.26,-13.4924,-2.73423,-43.8208,1014.51
195998,0.93735,-4.48111,10.2056,15.96,75.04,-69.09,-12.6043,-1.60562,-44.6856,1014.49
196004,-0.0526064,-4.24199,9.75131,12.81,65.8,-65.17,-11.8882,-1.66349,-44.2178,1014.49
196010,-0.985174,-3.78766,8.98135,19.04,58.38,-63.28,-12.2606,-2.87893,-45.2527,1014.49
196016,-1.24821,-3.35724,8.6944,20.37,54.04,-60.69,-11.9741,-2.47378,-44.7423,1014.48
196022,-1.16691,-3.08943,8.44094,16.38,51.94,-60.13,-11.659,-1.57668,-45.0258,1014.48
196028,-1.3869,-2.80727,8.44572,9.31,52.64,-58.94,-10.6564,-2.21333,-45.281,1014.5
196034,-1.48733,-2.39598,8.39789,1.96,54.32,-52.85,-10.5704,-3.13938,-44.7848,1014.5
196040,-1.57341,-2.20469,8.89526,-3.15,52.99,-48.72,-10.5704,-2.5606,-44.8699,1014.49
196046,-1.43472,-2.31468,9.02439,-7.21,52.78,-45.01,-9.68238,-3.66028,-45.281,1014.49
196052,-1.06648,-2.68293,8.98613,-11.13,60.27,-42.56,-9.65373,-2.79211,-45.4228,1014.48
196058,-0.688666,-2.95552,8.93831,-16.52,71.82,-43.33,-9.36726,-2.64742,-45.1393,1014.48
196064,-0.401722,-2.85988,8.88092,-24.08,86.31,-49.98,-8.70839,-2.64742,-44.8983,1014.48
196070,-0.306074,-2.57771,8.69919,-53.48,104.23,-57.33,-7.59118,-3.02362,-45.0542,1014.48
196076,-0.416069,-2.45337,8.54615,-48.58,124.39,-62.09,-7.30471,-3.34195,-45.0684,1014.52
196082,-0.511717,-3.02726,8.55571,-55.79,150.29,-68.04,-7.04689,-2.84999,-44.6147,1014.52
196088,-2.58728,-3.21856,9.01004,-61.32,160.37,-60.69,-5.67185,-2.58954,-45.196,1014.52
196094,-2.77857,-3.27116,7.75227,-73.36,155.82,-54.25,-5.67185,-1.98182,-45.7064,1014.5
196100,-3.06552,-3.60593,10.8369,-60.2,133.7,-51.31,-4.66922,-1.48986,-45.5504,1014.5
196106,-3.17073,-3.68245,10.5022,-56,80.43,-44.03,-3.40877,-1.83713,-45.8339,1014.5
196112,-1.40124,-3.7781,4.69153,-88.69,6.58,-40.25,-3.06501,-1.31623,-45.0258,1014.5
196118,-1.40603,-4.86848,3.22812,-117.67,-36.33,-9.52,-3.15095,-0.824266,-45.919,1014.55
196124,-0.444763,-6.70971,5.88713,-122.22,-8.12,4.34,-5.24215,-0.882144,-46.6988,1014.55
196130,1.04735,-3.81636,6.88666,-148.68,33.39,-3.78,-3.58065,0.275412,-45.437,1014.49
196136,-0.0047824,-2.78814,6.48972,-194.74,64.26,-5.39,-3.49471,0.535862,-45.6355,1014.49
196142,-1.64036,-3.51506,6.70493,-228.97,80.64,7.49,-2.43479,2.82204,-46.2309,1014.5
196148,0.746054,-3.46724,6.8197,-258.65,99.89,12.81,-2.26291,4.09535,-45.0117,1014.5
196154,-0.640842,-3.18508,6.93448,-277.97,119.7,31.99,-1.68998,4.50049,-44.8557,1014.49
196160,-1.14299,-4.28025,6.51363,-285.88,148.05,57.82,-0.687346,7.07606,-44.6714,1014.49
196166,-1.5495,-4.93544,6.58536,-297.29,170.8,62.86,0.458518,7.88635,-45.0542,1014.53
196172,-1.92252,-6.24103,9.01482,-286.16,174.51,51.52,0.744983,9.62268,-45.0258,1014.53
196178,-2.52989,-6.47537,10.1913,-258.16,160.44,32.13,1.97679,10.8671,-44.7848,1014.53
196184,-2.31468,-6.36059,10.1674,-224.07,141.33,4.97,2.40649,12.1982,-44.161,1014.49
196190,-2.52989,-6.89144,10.3491,-175.35,116.48,-18.06,3.29453,13.0085,-43.9767,1014.49
196196,-3.10856,-7.76184,9.92348,-127.61,95.06,-34.09,3.78152,14.0503,-44.2603,1014.55
196202,-3.20899,-8.77092,9.33046,-72.66,76.65,-39.83,3.581,14.3976,-43.5373,1014.55
196208,-3.00813,-9.51219,8.54137,-34.72,64.26,-32.27,3.92476,15.2658,-43.5089,1014.53
196214,-2.98422,-11.0091,8.26877,-16.31,54.32,-25.83,5.09927,14.224,-43.4238,1014.53
196220,-2.64467,-10.9039,7.44141,-20.09,49.77,-30.17,4.78415,14.3397,-43.4805,1014.51
196226,-2.08034,-10.7461,7.21186,-6.72,56.84,-32.13,4.72686,14.6291,-44.1185,1014.51
196232,-2.30033,-9.58871,6.99665,16.24,57.61,-31.5,4.58363,14.7159,-44.8699,1014.53
196238,-1.4395,-8.69919,6.39407,36.33,64.82,-28.21,6.35972,13.9346,-44.9124,1014.53
196244,-0.387374,-6.90579,6.06887,36.19,80.85,-19.18,4.87009,14.5712,-44.7423,1014.52
196250,-0.444763,-6.38929,6.24103,12.04,93.1,-10.01,6.01596,14.0793,-43.7499,1014.52
196256,-1.46341,-6.74318,6.19321,-28.14,103.6,-6.65,6.01596,14.0214,-43.8491,1014.52
196262,-2.93161,-7.23577,6.78144,-72.45,99.19,-1.4,6.9613,14.2529,-43.1828,1014.47
196268,-3.57245,-7.70445,7.11621,-109.97,87.78,1.82,7.10453,15.5841,-43.92,1014.47
196274,-3.38116,-8.24008,7.36968,-140.49,77.56,8.61,7.36235,15.0343,-43.3671,1014.5
196280,-2.61119,-8.77092,7.43663,-161.49,71.82,21.28,7.53423,16.1339,-43.6365,1014.5
196286,-2.15208,-8.23051,6.89622,-181.09,71.05,41.16,9.08114,17.031,-43.5656,1014.49
196292,-2.29077,-7.72836,6.35581,-206.08,72.24,62.93,8.85197,18.0439,-41.9636,1014.49
196298,-2.51076,-7.10186,4.72979,-242.55,74.13,79.73,9.96919,18.8542,-41.8785,1014.47
196304,-2.32903,-6.64754,3.11334,-259.49,90.44,92.4,9.91189,19.6355,-41.9069,1014.47
196310,-2.31468,-6.82449,4.34242,-255.5,98.84,98.98,11.0578,20.3301,-39.7378,1014.48
196316,-2.90292,-7.4462,4.94022,-248.01,100.1,98.91,11.688,21.6613,-40.0071,1014.48
196322,-3.42898,-7.90053,5.59541,-230.51,92.12,88.97,12.0317,22.3847,-39.2699,1014.48
196328,-4.63415,-8.11573,5.99713,-228.2,80.85,82.32,12.4041,23.6002,-38.7312,1014.48
196334,-6.901,-7.16404,4.70588,-224.98,66.99,64.33,12.9484,23.9764,-38.5752,1014.5
196340,-14.0937,1.82688,1.31038,-146.86,94.71,37.87,13.4354,25.105,-38.9722,1014.5
196346,-6.14538,-10.2582,2.94596,-166.74,53.48,29.33,13.8078,25.7127,-37.838,1014.5
196352,-5.40889,-8.50789,0.344333,-208.95,60.2,17.5,14.2662,26.7256,-36.7039,1014.49
196358,-6.32712,-8.50789,1.93687,-206.5,70.56,37.1,15.3261,27.015,-36.9023,1014.49
196364,-6.83405,-8.74223,1.61645,-203,68.67,49.07,14.6099,28.2015,-36.2218,1014.51
196370,-6.76231,-8.2879,1.17647,-211.05,60.76,49.77,15.011,28.5487,-35.1869,1014.51
196376,-6.3032,-8.14921,1.13821,-233.38,57.26,50.33,15.5266,29.4169,-33.67,1014.5
196382,-5.77714,-8.23051,1.14299,-259.56,53.34,50.47,16.5865,29.9089,-33.8401,1014.5
196388,-5.19369,-8.31659,1.15256,-291.34,45.57,50.61,16.0709,30.5455,-31.912,1014.52
196394,-4.86848,-8.44094,1.28647,-328.23,36.05,53.83,17.2168,32.9764,-30.395,1014.52
196400,-4.08895,-8.35485,1.00909,-379.05,33.04,55.79,16.9017,33.179,-29.5019,1014.5
196406,-3.29986,-8.63701,0.310856,-427.35,33.6,54.74,17.7897,34.1339,-27.7864,1014.5
196412,-2.62554,-8.78049,-0.210426,-461.09,33.11,47.67,17.0449,36.5648,-26.468,1014.48
196418,-3.32855,-8.99091,-0.573888,-480.55,27.37,34.72,17.8756,37.2593,-24.8234,1014.48
196424,-3.82592,-9.27307,-0.645624,-479.99,20.3,18.55,17.9902,38.6773,-22.8528,1014.48
196430,-3.60115,-8.87613,-0.688666,-469.91,22.05,1.19,18.3053,39.2561,-20.7404,1014.52
196436,-3.37159,-8.35485,-0.95648,-442.89,32.13,-16.59,18.4199,41.3687,-19.1242,1014.52
196442,-4.27068,-8.41224,-1.73601,-407.75,37.87,-24.99,18.4486,41.8027,-18.387,1014.49
196448,-4.5098,-8.79005,-2.05643,-365.33,53.41,-33.04,18.0762,42.5552,-15.8068,1014.49
196454,-5.74366,-8.40746,-2.35294,-321.44,53.27,-35.07,18.2194,43.2207,-14.0063,1014.5
196460,-6.21234,-7.90531,-3.07987,-286.09,50.19,-27.16,18.3626,43.7417,-12.5035,1014.5
196466,-5.21282,-8.00574,-3.64897,-265.79,53.76,-22.12,17.5319,44.8703,-12.305,1014.5
196472,-3.37159,-8.89526,-3.45768,-258.37,63.21,-38.71,18.3626,44.9571,-10.306,1014.5
196478,-3.15638,-8.73744,-2.99856,-271.95,65.45,-60.41,18.0475,44.9571,-8.39211,1014.52
196484,-3.57245,-8.18747,-2.97944,-303.38,54.88,-71.47,17.0449,45.7384,-7.21541,1014.52
196490,-4.03635,-8.13964,-3.53898,-332.01,35.28,-73.43,16.4147,45.7674,-5.8544,1014.53
196496,-3.62506,-8.4792,-4.35677,-352.45,21,-71.12,17.1595,46.1436,-3.501,1014.53
196502,-2.74032,-9.45002,-4.73458,-346.22,25.48,-71.26,16.9876,46.2304,-2.29594,1014.49
196508,-2.27642,-10.1626,-4.38068,-287.77,41.37,-66.99,16.5579,47.4458,-1.53038,1014.49
196514,-1.31516,-8.99091,-3.90722,-181.23,76.44,-50.26,16.4147,47.0696,1.23417,1014.49
196520,-1.08082,-7.89096,-2.88857,-122.5,120.47,-51.38,16.2714,47.6773,1.40429,1014.51
196526,-2.0373,-6.83883,-2.15686,-104.86,154.84,-67.34,15.0396,47.9378,2.43922,1014.51
196532,-4.8924,-6.81014,-1.89861,-96.88,147.91,-77.28,15.2975,47.2722,2.83618,1014.51
196538,-2.96509,-6.35103,-4.10808,-97.3,144.69,-80.15,15.1256,48.314,3.19061,1014.51
196544,-1.81253,-6.45146,-5.39455,-106.33,148.68,-84.56,15.3261,48.1114,4.49491,1014.52
196550,-2.71162,-6.70014,-5.03587,-117.81,145.11,-92.26,13.2635,49.0375,5.47313,1014.52
196556,-3.26638,-6.90579,-3.86896,-126.7,129.5,-92.96,13.3781,48.6034,4.83516,1014.52
196562,-3.10856,-6.79579,-2.7164,-119.21,104.09,-85.54,12.8625,48.6323,6.05439,1014.52
196568,-2.89335,-6.7671,-3.72071,-114.73,81.69,-73.71,12.662,49.0375,8.18097,1014.51
196574,-2.7451,-6.17408,-5.01196,-131.32,63.7,-68.81,12.0317,49.2111,8.29438,1014.51
196580,-2.57293,-6.54711,-5.50454,-140,46.06,-64.4,11.8026,49.1243,8.56375,1014.51
196586,-2.53467,-7.47489,-6.07843,-142.03,30.66,-64.05,11.1437,48.806,9.79716,1014.51
196592,-1.73601,-8.3692,-5.89192,-140.42,22.47,-79.45,11.1151,49.5005,11.2858,1014.51
196598,-0.688666,-7.97704,-6.72884,-126.49,15.47,-94.85,10.4275,49.3558,10.6761,1014.48
196604,1.20038,-6.77188,-8.08226,-111.79,19.25,-110.18,9.94054,48.6902,11.8528,1014.48
196610,1.05213,-3.84983,-8.24486,-123.34,20.44,-96.11,9.10979,48.4298,12.5192,1014.49
196616,-1.10952,-4.71545,-7.48446,-132.44,23.59,-80.99,8.56551,48.8928,11.9663,1014.49
196622,-3.06552,-3.10856,-7.90053,-139.58,27.09,-40.18,8.59415,49.269,14.107,1014.5
196628,-3.65375,-2.30033,-8.96222,-144.2,40.04,10.64,8.47956,48.9217,14.2063,1014.5
196634,-0.492587,-5.23195,-9.12004,-127.61,55.3,28,8.47956,48.806,15.0711,1014.49
196640,-0.889526,-5.46628,-8.63701,-127.4,54.67,28.84,8.22175,48.5166,14.8584,1014.49
196646,-2.13773,-5.92539,-5.66236,-133.7,43.12,35.28,8.45092,48.3429,16.2903,1014.5
196652,-1.44907,-6.25538,-5.16021,-145.25,24.22,40.95,8.90926,48.1114,15.709,1014.5
196658,-1.86035,-5.59541,-5.34672,-150.01,0.14,52.92,8.88062,47.4169,17.6796,1014.52
196664,-10.1961,-5.93974,-4.59589,-139.65,-2.17,108.78,9.59678,46.2883,17.864,1014.52
196670,-0.894309,-6.32233,-8.97178,-140.77,41.51,102.76,9.96919,46.433,18.8422,1014.5
196676,-2.20947,-5.85366,-7.10186,-116.13,53.55,117.53,10.0838,45.9121,20.0756,1014.5
196682,-0.999522,-7.76662,-6.32712,-81.76,61.88,122.78,10.7713,45.7674,20.1323,1014.5
196688,-1.25777,-7.37924,-6.08321,-62.16,89.11,126.77,10.6567,45.3912,19.6928,1014.49
196694,-1.53037,-6.05452,-5.84409,-56.91,117.32,129.57,11.4302,44.6388,20.6285,1014.49
196700,-1.65949,-4.2946,-6.69536,-81.97,131.95,121.45,11.7453,45.6516,21.153,1014.52
196706,-2.80727,-4.4572,-8.01052,-125.93,123.69,98.35,11.7453,44.0021,21.7768,1014.52
196712,-3.68245,-4.86848,-9.30655,-197.75,100.17,55.86,11.0291,43.9442,22.911,1014.51
196718,-3.54854,-3.87853,-9.61741,-252.63,84.21,28.42,12.1177,43.5391,23.9885,1014.51
196724,-2.24295,-2.80727,-9.53132,-280.35,92.96,10.22,11.602,42.4683,24.6973,1014.52
196730,-1.36298,-2.15208,-9.20612,-283.01,110.04,3.43,11.0005,41.8317,25.6614,1014.52
196736,-1.40603,-2.69249,-9.26351,-284.34,125.58,2.52,10.5708,40.9925,27.5328,1014.51
196742,-1.43472,-3.05117,-9.31133,-280.28,141.96,-3.99,10.714,39.6902,29.1773,1014.51
196748,-2.15208,-4.15591,-9.53132,-282.8,156.94,-7.77,10.4562,39.6613,31.1054,1014.49
196754,-1.86035,-4.65328,-9.10569,-295.33,149.87,-11.55,9.4249,38.388,32.7641,1014.49
196760,-1.37255,-4.43807,-9.29699,-306.11,140,-14.42,9.39626,37.8381,34.1677,1014.49
196766,-1.05213,-4.55763,-9.80392,-326.55,127.26,-6.65,8.04986,36.3333,34.3803,1014.49
196772,0.286944,-4.46198,-10.1243,-341.88,121.1,-0.77,8.10716,35.8124,35.7271,1014.49
196778,-0.21999,-3.39072,-10.8417,-347.9,108.71,5.95,7.99257,34.6259,38.1089,1014.48
196784,0.71736,-2.16643,-11.0856,-338.66,101.08,4.69,7.07588,34.3654,38.0806,1014.48
196790,-0.382592,-2.1999,-10.66,-305.69,96.32,6.79,7.59152,32.7738,39.7109,1014.49
196796,-6.94404,2.88379,-7.37446,-242.69,83.86,10.92,6.15919,32.0503,40.3205,1014.49
196802,0.11956,-4.06504,-10.153,-186.62,83.23,-26.81,6.15919,30.9796,40.9585,1014.5
196808,0.13869,-2.29077,-9.03874,-136.29,77,-35.7,5.21385,29.9667,40.1221,1014.5
196814,0.535629,-0.923003,-9.8374,-86.31,67.69,-30.45,5.6149,29.9667,41.4264,1014.49
196820,0.205643,0.124342,-10.3826,-41.93,66.57,-37.1,4.87009,28.9249,41.0861,1014.49
196826,0.703013,-0.999522,-9.96652,1.12,75.18,-55.02,4.29716,29.4169,41.5681,1014.5
196832,0.545194,-1.14778,-10.2152,25.34,87.5,-68.88,3.55235,29.7352,41.0719,1014.5
196838,0.97561,-0.860832,-9.52654,38.22,93.87,-80.85,3.094,28.9539,41.9651,1014.51
196844,1.33429,-0.411286,-9.91392,36.4,93.1,-89.67,3.06536,30.0535,40.9727,1014.51
196850,1.77905,-0.253467,-9.79436,35,89.88,-94.99,1.46115,30.3719,42.5889,1014.51
196856,2.04208,-0.0908656,-10.3013,32.27,85.68,-98.49,1.51844,29.9667,41.7524,1014.49
196862,2.69249,-0.961262,-10.0909,36.96,81.9,-107.17,0.830924,30.3429,41.1712,1014.49
196868,2.64945,-1.06648,-10.7843,41.3,75.46,-121.24,-0.171707,30.314,40.1646,1014.51
196874,2.82162,-1.43472,-10.77,41.51,64.47,-131.18,-0.916519,31.6452,40.5332,1014.51
196880,2.95552,-2.25251,-10.5978,45.15,51.03,-141.33,-1.37486,31.2111,41.3271,1014.48
196886,2.87422,-2.10426,-11.1717,47.53,38.15,-153.16,-1.83321,31.5584,41.0152,1014.48
196892,2.7164,-3.68245,-10.3826,59.99,24.92,-177.1,-3.23689,31.0664,40.9302,1014.5
196898,2.78814,-3.67288,-10.4974,62.93,17.57,-206.57,-3.75253,31.732,41.3555,1014.5
196904,2.12339,-3.16595,-9.73218,63.56,11.9,-231.35,-3.89576,31.5873,40.5048,1014.49
196910,1.28647,-2.15208,-8.8857,61.88,3.99,-238.98,-4.8411,31.8767,40.1788,1014.49
196916,0.602582,-0.750837,-8.59876,49.56,-12.11,-234.57,-5.87238,32.8317,40.1646,1014.52
196922,0.545194,-0.45911,-9.01961,35.07,-32.9,-225.12,-6.47396,32.8317,39.9378,1014.52
196928,0.45911,-0.363462,-9.76088,24.92,-50.33,-213.78,-7.21877,33.6999,40.4056,1014.52
196934,0.196078,-0.93735,-9.68436,27.23,-62.16,-207.69,-7.30471,32.9764,40.6041,1014.49
196940,-1.12386,-1.37255,-8.56528,43.4,-86.38,-213.57,-8.88027,32.6002,40.9018,1014.49
196946,-0.712578,-3.03204,-6.35103,72.17,-107.17,-225.05,-7.61982,31.7609,39.3281,1014.51
196952,-0.526064,-3.13725,-5.5715,119.98,-127.75,-235.62,-7.7917,32.8896,40.76,1014.51
196958,-0.487805,-3.63941,-5.07413,178.15,-170.17,-254.45,-7.93494,33.3526,40.037,1014.5
196964,-0.0813008,-4.4572,-4.19895,230.79,-219.94,-278.11,-7.84899,34.9732,39.1722,1014.5
196970,-0.25825,-2.21903,-6.77188,253.54,-233.73,-270.97,-8.42193,35.1179,38.7611,1014.51
196976,-0.779531,0.325203,-10.6504,232.68,-200.13,-218.75,-8.76569,36.6806,38.4208,1014.51
196982,-0.798661,0.540411,-12.2286,178.08,-148.96,-153.58,-8.36463,36.6516,36.6912,1014.51
196988,-0.999522,-0.047824,-12.1473,120.68,-100.59,-106.05,-8.93757,37.2304,36.8046,1014.51
196994,-0.85605,-0.918221,-10.5308,71.05,-64.68,-80.71,-7.70576,37.8671,36.195,1014.54
197000,-1.24821,-1.66428,-9.10091,51.66,-57.4,-78.12,-8.70839,37.8381,36.3084,1014.54
197006,-1.34864,-1.97035,-7.81444,59.57,-68.81,-82.46,-8.33599,37.6066,36.7054,1014.47
197012,-1.80296,-1.76949,-7.80488,80.15,-87.29,-70.49,-8.79433,37.9249,35.5287,1014.47
197018,-1.68819,-1.40124,-8.66571,98.35,-96.6,-45.71,-8.67975,38.359,35.8831,1014.47
197024,-1.41081,-0.659971,-9.64132,102.2,-89.46,-28.7,-8.53651,38.3301,34.6639,1014.52
197030,-1.3056,-0.674318,-10.5308,84.21,-74.06,-17.08,-8.45057,38.2433,35.6988,1014.52
197036,-2.25729,-0.186514,-9.40698,67.13,-56.14,-5.74,-7.76305,38.6484,33.8699,1014.5
197042,-2.43902,-0.277379,-9.25394,47.46,-43.82,1.4,-7.24742,38.7352,33.7991,1014.5
197048,-2.3099,-0.71736,-9.66045,26.25,-25.13,9.03,-7.04689,39.0535,34.111,1014.49
197054,-2.67814,-1.01865,-10.11,15.89,-12.25,17.57,-7.39065,39.4298,34.2811,1014.49
197060,-2.75944,-1.40603,-11.1956,6.02,-7.84,22.47,-7.13283,39.4876,33.8132,1014.51
197066,-2.30033,-1.95122,-11.6021,-2.17,-7.56,24.57,-7.24742,39.2561,35.0183,1014.51
197072,-2.29077,-2.49163,-11.3678,-2.73,-10.22,25.97,-6.47396,39.6902,33.8841,1014.5
197078,-2.33381,-2.13773,-11.5686,-10.5,-9.59,27.37,-7.362,39.0825,34.196,1014.5
197084,-1.61645,-1.87948,-11.7886,-30.31,-6.23,29.33,-7.27606,39.6613,34.3236,1014.5
197090,-0.296509,-2.74032,-10.8608,-40.04,-0.14,27.02,-6.76042,38.851,33.4872,1014.5
197096,0.320421,-4.26112,-10.5643,-41.58,2.17,17.43,-5.64321,39.0535,34.678,1014.5
197102,0.502152,-4.72979,-10.2152,-37.66,1.12,4.06,-6.76042,38.822,35.1317,1014.52
197108,0.789096,-4.58632,-10.1196,-29.82,-0.63,-7.56,-6.53125,38.9957,33.9125,1014.52
197114,0.989957,-3.84983,-10.7174,-26.18,-0.21,-16.38,-5.61456,38.822,35.9256,1014.5
197120,0.205643,-2.87422,-11.1526,-24.64,5.18,-21.14,-6.5599,38.822,34.9049,1014.5
197126,-0.516499,-2.53945,-11.3582,-29.82,10.01,-23.52,-6.47396,38.6773,35.5854,1014.47
197132,-0.985174,-2.18077,-11.296,-38.36,13.65,-21.56,-7.01824,39.1114,35.4011,1014.47
197138,-1.44428,-1.41081,-11.0713,-47.11,19.11,-13.86,-7.10418,38.359,35.8264,1014.5
197144,-1.36777,-1.41559,-10.5787,-49.42,29.89,-1.68,-6.84636,38.8799,35.8122,1014.5
197150,-0.320421,-1.92731,-9.68436,-51.03,46.76,10.29,-6.70313,37.433,35.4436,1014.52
197156,0.760402,-2.47728,-8.89048,-49.07,69.72,21.91,-6.9896,38.7063,35.1317,1014.52
197162,0.970827,-3.00813,-8.39311,-42.35,85.68,31.22,-7.10418,37.896,35.1317,1014.5
197168,0.813008,-2.83596,-9.06743,-36.26,88.97,33.18,-7.27606,37.7513,35.6421,1014.5
197174,2.48685,-4.22764,-10.7174,-15.4,97.72,32.06,-7.50524,37.8381,35.2026,1014.48
197180,-0.10043,-1.39646,-11.1908,-22.12,82.25,40.39,-8.36463,37.5777,35.8264,1014.48
197186,0,-1.38211,-11.5686,-33.04,75.88,43.82,-8.02087,37.4908,37.2158,1014.48
197192,0.315638,-2.07078,-10.5882,-49.42,68.6,45.22,-8.70839,37.7224,37.6836,1014.52
197198,0.392157,-2.5538,-9.33046,-48.79,58.94,48.3,-8.56516,37.1436,36.9606,1014.52
197204,-0.0382592,-2.45337,-8.62267,-40.88,48.93,53.69,-8.73704,37.8092,37.2725,1014.5
197210,-1.42037,-4.27068,-5.11717,-11.62,25.2,57.96,-8.30734,36.7963,37.5276,1014.5
197216,-2.26686,-6.74797,-0.45911,52.5,16.94,69.58,-8.39328,37.5487,37.315,1014.51
197222,1.84601,0.157819,-9.01004,52.01,62.86,90.79,-8.07817,37.6645,36.4077,1014.51
197228,0.406504,0.626494,-10.5739,11.62,103.25,121.73,-8.10681,37.2015,35.4861,1014.52
197234,-0.793878,-1.34385,-8.05356,-8.05,111.93,139.65,-7.90629,38.0986,35.798,1014.52
197240,-1.05691,-1.57819,-7.19273,-3.71,102.13,149.45,-7.61982,38.0407,36.7479,1014.51
197246,-1.0856,-0.81779,-8.20182,0,90.72,163.59,-7.59118,37.6645,36.3226,1014.51
197252,-0.81779,-0.71736,-9.62219,-1.26,84.91,178.5,-7.07554,38.2433,35.5712,1014.51
197258,-0.21999,-1.16212,-10.2009,-10.08,76.16,183.05,-7.44794,38.2143,36.0958,1014.51
197264,-0.789096,-1.60689,-10.1435,-16.87,59.36,186.34,-6.87501,38.3301,36.0107,1014.51
197270,-1.63558,-1.64515,-10.5069,-21.14,41.72,187.53,-5.41403,37.9249,36.2234,1014.5
197276,-2.14252,-1.62123,-10.8321,-27.58,21.28,183.47,-5.81509,37.9539,35.954,1014.5
197282,-1.83644,-1.09517,-11.8221,-38.22,-0.14,179.76,-5.2708,37.5487,36.2942,1014.49
197288,-1.46341,-0.406504,-12.3912,-54.88,-14.49,180.81,-3.92441,38.2143,36.5211,1014.49
197294,0.0095648,-1.64515,-11.516,-61.11,-8.4,187.39,-2.80719,37.2883,36.9039,1014.5
197300,0.463893,-2.1473,-11.0043,-69.3,-1.68,200.9,-2.63531,37.0568,36.7904,1014.5
197306,0.650406,-1.91774,-10.9182,-78.75,5.04,209.23,-2.06238,36.5069,37.2158,1014.51
197312,0.946915,-1.77905,-10.44,-80.43,1.75,214.48,-1.80456,36.1307,38.0664,1014.51
197318,1.25299,-2.03252,-10.5643,-76.51,-2.45,217.7,-0.801932,35.7834,37.7261,1014.48
197324,0.095648,-2.16164,-10.5882,-68.67,-8.05,214.48,0.0288194,34.9153,38.2365,1014.48
197330,-1.14778,-0.989957,-8.84266,-50.12,-20.37,221.2,1.34656,34.597,38.676,1014.5
197336,-0.865614,-0.879962,-8.26877,-20.44,-34.02,235.48,1.4898,35.031,38.4775,1014.5
197342,-0.951698,-1.42994,-8.6944,10.43,-46.48,246.75,3.06536,34.4812,37.5418,1014.53
197348,-1.96557,-2.24295,-9.19656,40.6,-56.35,255.29,3.26588,34.2497,38.0664,1014.53
197354,-1.99426,-3.65375,-9.09613,75.25,-60.76,256.55,4.8128,34.3944,37.5135,1014.53
197360,-1.31038,-2.9077,-10.4639,82.95,-47.46,247.8,6.76077,34.0761,38.4208,1014.52
197366,-0.822573,-2.70206,-10.9039,86.03,-33.67,242.06,6.87536,33.9024,36.3793,1014.52
197372,-0.899091,-2.81683,-10.4352,84.07,-19.6,235.13,8.45092,34.1629,36.3793,1014.49
197378,-0.712578,-2.97465,-9.86609,78.33,-10.5,224.42,9.10979,34.3944,35.9256,1014.49
197384,0.291726,-3.48637,-8.78049,75.74,-10.15,214.06,9.76866,34.0471,36.918,1014.48
197390,1.09517,-2.61119,-8.68006,68.95,-20.16,210.14,10.6854,34.1918,36.7904,1014.48
197396,1.53037,-1.29603,-8.97657,66.15,-34.65,217.77,12.3182,34.6838,35.5996,1014.5
197402,1.59732,-1.81253,-9.1583,74.76,-43.12,219.52,12.8052,33.2079,36.0107,1014.5
197408,0.71736,-1.91774,-9.41655,79.94,-47.74,221.34,13.2635,33.3815,36.0958,1014.53
197414,-0.153037,-1.33429,-9.37829,45.36,-59.71,226.24,13.9511,33.0053,35.5996,1014.53
197420,-1.17169,0.57867,-9.86609,14,-68.6,250.25,15.9563,32.7449,35.2168,1014.49
197426,-1.82688,0.879962,-9.9187,-11.41,-79.73,282.66,16.6725,32.3397,34.1677,1014.49
197432,-1.26734,-0.0621712,-9.46915,-21.56,-93.45,302.47,17.9616,31.8188,34.2953,1014.49
197438,-1.99426,-2.32903,-9.09613,-10.71,-108.57,292.53,19.5371,31.2979,34.0968,1014.5
197444,-1.92731,-3.88809,-10.3156,3.78,-120.82,271.67,20.9408,30.0825,33.558,1014.5
197450,-1.66906,-4.80631,-11.3439,14.77,-108.5,255.08,22.144,30.0246,33.3737,1014.49
197456,-1.20516,-6.05452,-10.77,25.2,-97.16,236.74,23.2612,29.5326,33.5722,1014.49
197462,-1.23386,-5.89192,-9.84696,37.73,-94.78,211.05,23.9201,28.6645,31.3889,1014.5
197468,-1.18125,-4.34242,-8.62267,51.59,-99.82,193.83,24.9514,27.6806,32.3105,1014.5
197474,-1.26255,-2.72597,-8.24964,62.72,-107.31,194.53,25.9253,27.7384,32.594,1014.56
197480,-1.31038,-0.129125,-8.6944,64.68,-108.01,206.5,27.2144,26.8992,32.3246,1014.56
197486,-1.85557,0.291726,-8.41702,62.3,-106.05,225.4,27.415,26.1179,30.1272,1014.54
197492,-2.30512,0.172166,-8.10139,55.86,-105.7,239.75,29.764,25.597,31.0487,1014.54
197498,-2.1473,-0.47824,-8.43615,45.08,-101.36,245.84,30.1937,24.15,29.9996,1014.51
197504,-2.00383,-1.18125,-8.12052,34.44,-95.13,244.44,30.9385,23.7738,30.6092,1014.51
197510,-1.94165,-1.37733,-7.72358,20.09,-92.61,240.24,31.9125,23.6291,29.2907,1014.51
197516,-1.93687,-1.32472,-7.74271,4.76,-91.63,235.69,32.7719,22.3558,29.3474,1014.51
197522,-2.07078,-1.18125,-7.47967,-11.27,-94.08,230.72,33.6026,20.7642,28.8229,1014.51
197528,-2.76901,-0.899091,-7.22142,-23.03,-98.98,225.89,34.4907,20.0117,28.4117,1014.47
197534,-3.22334,-0.755619,-7.02056,-31.64,-110.6,219.66,35.3214,19.5198,27.7454,1014.47
197540,-3.70636,-0.703013,-6.70971,-36.89,-125.51,211.05,36.1808,19.6355,27.9014,1014.49
197546,-4.28981,-0.879962,-6.55667,-32.34,-141.68,202.16,37.1262,18.1307,27.2209,1014.49
197552,-5.33238,-1.45863,-6.58536,-20.16,-159.39,193.06,37.0402,16.2497,26.0725,1014.54
197558,-6.14538,-2.02296,-6.71927,-2.31,-179.69,186.48,38.0142,15.642,25.8457,1014.54
197564,-7.72358,-1.29603,-7.48924,18.69,-184.87,185.08,38.3866,14.5134,25.4629,1014.53
197570,-8.33094,-0.277379,-9.78479,53.27,-164.15,182.56,38.9595,13.3847,25.2786,1014.53
197576,-8.56528,-0.411286,-9.03395,99.33,-144.69,176.75,41.194,13.1243,24.6548,1014.5
197582,-8.58919,-1.8747,-7.2836,143.29,-143.78,167.51,40.9648,12.1982,23.9885,1014.5
197588,-8.32138,-2.47728,-6.88187,185.5,-152.18,156.94,41.7096,12.1982,22.1029,1014.49
197594,-7.55141,-2.97944,-7.28838,225.26,-161,143.36,42.2253,11.9089,21.5358,1014.49
197600,-6.92492,-2.83596,-7.72836,258.51,-161.84,130.34,42.6263,11.5037,20.1465,1014.49
197606,-6.57102,-2.41511,-8.15399,295.12,-154.07,120.82,42.7122,11.6195,19.1399,1014.5
197612,-6.43711,-2.1186,-8.21616,328.58,-145.32,117.46,43.543,12.4008,17.9065,1014.5
197618,-6.50885,-2.20469,-8.04878,365.47,-139.86,117.25,44.3451,11.7352,16.2336,1014.49
197624,-6.58058,-3.22334,-6.87709,408.1,-144.97,113.68,44.8894,12.0825,16.8007,1014.49
197630,-6.59015,-3.84983,-6.35103,464.59,-151.41,110.67,44.2878,12.4298,14.0787,1014.52
197636,-7.16404,-4.19416,-5.13152,481.25,-169.47,112.49,45.3477,11.4169,12.4058,1014.52
197642,-7.58489,-3.88331,-5.61454,503.02,-183.47,115.64,46.0066,12.4298,11.8245,1014.55
197648,-7.69966,-3.73505,-7.2836,514.71,-182.07,118.86,46.2071,11.7931,9.95311,1014.55
197654,-7.75705,-3.18986,-8.35485,515.13,-169.12,123.97,46.0353,11.7352,8.57792,1014.56
197660,-7.48924,-2.77857,-8.70875,507.85,-150.71,140.77,46.8087,11.0117,6.99009,1014.56
197666,-7.68053,-2.70684,-8.49354,493.01,-132.09,167.58,47.84,10.5198,5.52984,1014.58
197672,-7.76184,-2.63988,-7.99617,472.29,-109.2,192.57,47.3816,9.44905,4.14048,1014.58
197678,-7.73314,-3.16117,-7.29794,443.66,-86.45,216.93,47.4962,8.89921,3.64428,1014.53
197684,-7.71879,-3.78288,-5.7341,411.25,-68.74,229.53,47.353,7.71271,2.12733,1014.53
197690,-7.95313,-3.94548,-5.16977,371.35,-57.33,233.1,47.8113,6.38152,2.29745,1014.53
197696,-7.91487,-3.82592,-5.6241,324.87,-35.56,229.25,48.0978,5.48442,2.29745,1014.61
197702,-7.45098,-3.45289,-6.03061,277.76,-4.06,217.63,47.9546,3.45869,2.19821,1014.61
197708,-6.82927,-3.18508,-6.37972,222.32,27.09,206.71,48.2697,3.11143,1.47518,1014.58
197714,-6.46102,-2.96031,-6.13582,168.28,56.49,194.04,48.2983,1.7513,1.03569,1014.58
197720,-6.24103,-2.96031,-5.86322,122.29,76.23,182.98,49.215,0.738435,0.4686,1014.56
197726,-6.64754,-1.71688,-4.91152,80.22,86.1,180.88,48.9572,-0.245489,1.58859,1014.56
197732,-7.30273,-0.439981,-4.6724,49,89.88,202.44,48.728,-1.1426,2.19821,1014.56
197738,-8.11095,0.416069,-3.59158,32.06,80.92,241.78,48.5848,-2.21333,3.47415,1014.56
197744,-9.38307,-0.315638,-1.98948,29.68,65.45,273,49.5015,-3.83391,2.9496,1014.59
197750,-10.1626,-1.20038,-1.63558,43.05,44.38,296.31,48.3843,-4.00755,3.65846,1014.59
197756,-10.8608,-3.04639,-2.40555,58.59,18.34,299.32,49.3583,-6.2069,4.28225,1014.61
197762,-10.7795,-3.89287,-3.07508,73.5,35.42,288.75,47.9832,-8.52202,3.72934,1014.61
197768,-9.59828,-2.53467,-4.61023,78.05,50.96,281.89,48.5848,-9.10079,4.19719,1014.61
197774,-8.07269,-2.066,-5.79149,61.95,76.44,274.82,48.2124,-11.6185,4.80681,1014.59
197780,-8.2879,0.105213,-5.92061,32.55,91.28,278.81,48.1837,-11.85,5.13288,1014.59
197786,-7.70445,0.267814,-6.35103,10.78,106.26,292.25,48.241,-13.4995,5.88427,1014.59
197792,-8.22095,-0.430416,-6.03539,-2.87,103.11,303.8,47.4389,-15.2069,5.9268,1014.59
197798,-8.7757,-1.92252,-5.48063,-6.72,94.22,306.88,47.0952,-16.7117,5.03364,1014.58
197804,-8.62267,-2.80249,-5.43281,5.88,89.81,311.01,46.1212,-17.8403,6.66401,1014.58
197810,-8.44094,-2.64467,-5.99235,10.71,99.4,321.51,45.2331,-18.8532,7.18856,1014.6
197816,-7.99139,-1.59254,-6.91057,17.08,114.31,328.72,45.1186,-20.8789,7.82654,1014.6
197822,-8.01052,-0.860832,-6.901,29.47,127.75,341.6,44.1446,-22.5574,7.95413,1014.61
197828,-7.81444,1.47298,-7.34098,38.5,148.26,364.14,43.9727,-23.686,8.77641,1014.61
197834,-7.3362,2.32425,-7.76662,31.15,170.8,387.24,42.569,-25.1908,10.747,1014.58
197840,-9.52176,-0.167384,-6.80536,35.35,182,392.42,41.681,-27.1008,10.8321,1014.58
197846,-11.6021,-0.545194,-5.08847,29.82,164.5,354.55,40.2486,-28.3162,11.0447,1014.52
197852,-9.9713,0.344333,-4.60067,8.26,136.01,297.85,38.9309,-29.1265,12.7035,1014.52
197858,-7.16404,1.42994,-4.17982,7.35,118.37,252.84,37.871,-30.6313,13.7668,1014.52
197864,-5.59541,1.4682,-4.88283,-3.15,119.77,232.12,36.6678,-31.4127,14.3906,1014.54
197870,-4.46676,2.05165,-6.93448,-3.29,129.36,236.11,35.8944,-32.9465,12.5475,1014.54
197876,-5.06934,2.22382,-7.04448,-10.22,128.31,238.49,35.3501,-32.8018,14.3055,1014.57
197882,-5.95887,2.49641,-6.70971,-22.96,118.72,231.07,33.975,-34.2776,14.2488,1014.57
197888,-6.48972,2.94596,-5.21282,-29.96,95.83,215.81,33.3448,-35.1458,14.9009,1014.55
197894,-5.27499,2.96987,-4.95457,-19.6,75.6,175.07,32.1989,-35.4641,15.0711,1014.55
197900,-6.09756,4.51937,-5.52367,-17.99,71.96,143.29,31.7406,-36.2744,15.5105,1014.49
197906,-6.5758,4.87327,-5.56671,-4.76,63.84,134.96,30.3369,-36.4191,14.83,1014.49
197912,-6.24581,5.52367,-5.75801,1.33,46.27,114.59,30.3942,-36.6796,15.7657,1014.45
197918,-5.82018,6.0593,-6.69058,-1.89,43.12,97.09,28.8759,-37.403,15.865,1014.45
197924,-6.56624,5.74844,-6.67145,5.46,45.01,96.74,29.5635,-36.9111,16.8432,1014.52
197930,-7.1736,3.82592,-5.66236,21.98,34.44,96.04,27.9593,-36.8532,15.7657,1014.52
197936,-6.76231,3.65854,-6.09756,36.68,32.2,119.49,27.7014,-37.0558,17.0417,1014.52
197942,-3.84983,5.80105,-9.82305,1.26,76.09,134.68,27.2431,-37.6635,17.0275,1014.49
197948,-4.52415,3.53898,-8.3692,-10.15,105.35,118.09,26.8707,-38.387,17.6655,1014.49
197954,-5.85844,1.75992,-5.63845,-14.7,99.96,106.19,26.7561,-38.2133,18.19,1014.54
197960,-6.901,2.00383,-5.59063,-25.62,88.27,78.12,26.1259,-38.0108,17.4953,1014.54
197966,-6.82449,3.9407,-6.97752,-30.1,78.19,80.92,24.7508,-38.5895,17.6655,1014.49
197972,-6.74797,3.67767,-6.53754,-21.84,79.17,71.68,24.8368,-38.7632,17.7789,1014.49
197978,-7.35055,4.01722,-7.4988,4.76,73.78,95.06,24.3211,-38.5317,17.9207,1014.49
197984,-6.45624,3.78288,-7.40316,22.19,58.1,100.38,24.0347,-38.6764,18.7996,1014.49
197990,-6.19799,5.71975,-7.69488,17.78,43.19,109.55,23.4904,-39.1104,19.6928,1014.5
197996,-4.57676,1.49689,-7.98661,14.84,37.45,84.35,22.8602,-39.0526,18.8422,1014.5
198002,-4.79675,2.91248,-6.43233,11.9,24.71,61.39,22.4591,-39.2551,19.1115,1014.48
198008,-4.28981,2.2286,-6.15973,13.79,13.65,43.33,22.0581,-39.7182,18.7996,1014.48
198014,-4.29938,2.29555,-6.51841,13.79,8.4,21.07,22.0581,-39.9207,18.5586,1014.51
198020,-5.48063,1.49689,-6.07365,17.22,-3.22,3.64,22.2013,-40.4127,19.2391,1014.51
198026,-7.00622,0.918221,-6.73362,18.41,-8.75,7.42,22.8315,-39.342,19.8062,1014.51
198032,-7.23577,1.75036,-8.05834,-3.08,-11.62,12.6,22.7742,-39.2262,19.31,1014.48
198038,-6.86274,3.34768,-8.72788,-18.62,-4.69,32.48,22.4591,-39.6892,19.4943,1014.48
198044,-5.54758,3.82592,-8.75179,-21.14,5.95,49.63,22.6023,-39.9497,19.3951,1014.5
198050,-5.69106,3.55811,-8.37398,-11.9,7.28,57.89,22.5737,-40.0654,19.6503,1014.5
198056,-5.26542,3.95026,-7.35533,-7.49,5.11,55.79,21.1987,-39.776,19.3809,1014.48
198062,-5.81062,4.42372,-6.73362,-8.68,3.64,51.45,21.1127,-40.6153,18.6437,1014.48
198068,-6.25538,3.86896,-6.58536,-1.26,-1.4,46.06,21.6856,-39.9207,19.8629,1014.53
198074,-6.26973,3.40507,-6.42276,15.89,-5.88,51.52,21.0554,-40.731,19.4234,1014.53
198080,-6.52798,3.65375,-6.06887,35.21,-19.39,61.67,21.1127,-40.4416,18.7004,1014.53
198086,-5.53324,3.97417,-6.50406,47.39,-33.74,61.39,20.3679,-40.8757,18.828,1014.53
198092,-4.69153,4.58632,-6.91535,48.3,-34.02,54.67,20.769,-40.76,19.4801,1014.49
198098,-4.07939,3.96939,-7.07317,53.27,-31.08,49.49,19.9955,-40.4706,18.1475,1014.49
198104,-3.20421,4.54806,-7.70445,57.82,-23.66,42.49,19.795,-40.0654,20.3733,1014.49
198110,-2.40555,3.4768,-8.05356,49.98,-15.33,19.74,20.5111,-40.0365,18.4169,1014.51
198116,-3.27594,3.66332,-8.40268,37.94,-6.51,3.08,19.5944,-39.9786,20.1181,1014.51
198122,-4.23721,3.98852,-8.02009,27.72,0.21,-4.2,19.9382,-40.0075,19.9905,1014.53
198128,-5.39455,3.73505,-7.47489,20.86,-1.12,-4.97,19.5658,-40.1522,19.5085,1014.53
198134,-6.15017,3.82592,-7.03013,19.53,-9.1,-2.31,19.5371,-40.4127,20.2174,1014.5
198140,-7.08752,4.33285,-6.59971,22.19,-20.86,6.51,19.0502,-40.2969,20.5293,1014.5
198146,-8.24486,5.80105,-6.42755,29.05,-25.9,27.58,19.7663,-40.6442,20.3875,1014.52
198152,-12.4438,8.55571,-6.83883,36.75,-38.92,108.92,19.0788,-40.0654,20.3733,1014.52
198158,-12.5347,8.80918,-7.51793,27.09,-65.73,200.27,18.821,-40.2101,18.9698,1014.5
198164,-5.40889,4.1033,-7.90053,-5.74,-77.07,188.37,17.5605,-40.7889,19.8488,1014.5
198170,-2.48685,2.51554,-6.84361,-7.14,-73.36,151.83,17.1881,-40.7889,21.153,1014.53
198176,-1.97035,5.33238,-6.72405,23.59,-32.69,130.55,16.0136,-41.3098,20.1323,1014.53
198182,-3.05117,3.71592,-6.64275,53.27,2.59,101.85,16.7298,-41.4256,20.2174,1014.51
198188,-3.31899,3.84027,-7.05404,76.09,20.93,76.79,15.5553,-41.7149,19.4801,1014.51
198194,-3.11812,7.78096,-7.62793,72.94,37.73,100.73,15.2402,-41.7149,21.1389,1014.51
198200,-3.40985,4.31851,-7.02056,76.79,50.82,88.76,15.0969,-41.7149,21.5642,1014.48
198206,-4.02678,3.8307,-7.66619,81.27,64.12,71.26,14.4953,-41.8018,22.0462,1014.48
198212,-4.81109,4.945,-7.4462,83.86,71.96,66.01,14.0943,-41.8018,22.0179,1014.5
198218,-4.64849,4.61502,-7.08752,88.62,77.56,58.52,13.063,-41.5124,21.4366,1014.5
198224,-4.47633,4.75371,-7.41272,89.18,80.43,52.78,13.5214,-41.2809,22.4715,1014.47
198230,-4.25155,4.31372,-7.71879,83.79,88.9,52.71,12.3182,-41.1651,23.4781,1014.47
198236,-4.19895,4.13199,-7.66619,73.57,82.88,54.11,12.3469,-41.2809,23.7049,1014.49
198242,-4.24677,5.24151,-7.03969,65.17,66.92,57.96,12.1177,-41.1651,23.9459,1014.49
198248,-3.92157,4.57197,-6.53276,61.81,45.43,56.63,12.1177,-40.5863,25.4771,1014.53
198254,-4.55763,4.3759,-6.48015,63.14,24.78,61.46,11.4302,-39.9786,24.9951,1014.53
198260,-5.18412,3.41463,-7.0636,78.89,16.8,63.91,10.4275,-40.0075,24.7682,1014.5
198266,-5.06456,7.02535,-6.31277,76.02,2.45,86.94,10.7999,-40.0944,25.2361,1014.5
198272,-2.95074,3.51028,-6.23147,86.03,-1.19,85.75,10.0265,-40.76,24.513,1014.5
198278,-2.12817,3.3142,-6.77666,96.18,6.58,83.79,9.79731,-39.0815,26.6396,1014.53
198284,-2.19512,3.16595,-7.18795,105.84,21.77,82.46,9.48219,-39.3709,26.5262,1014.53
198290,-2.97944,4.49067,-7.39837,99.05,29.96,85.75,8.9952,-39.5445,26.5971,1014.51
198296,-3.10856,6.11669,-6.81014,72.87,27.44,104.09,9.02385,-38.7053,27.9297,1014.51
198302,-1.88905,4.36155,-7.48446,34.09,33.39,112.77,7.44829,-39.4288,27.3485,1014.47
198308,-1.39646,4.02678,-8.76614,-2.94,54.6,108.08,7.10453,-39.4288,27.6745,1014.47
198314,-1.71688,3.8594,-9.64132,-16.38,82.95,106.82,6.81806,-39.2551,27.1358,1014.51
198320,-2.45337,4.05548,-10.3922,-16.94,105.77,103.18,6.07325,-40.0075,27.0649,1014.51
198326,-2.04687,3.70636,-10.6887,0,107.03,91.28,4.84145,-39.0236,28.2133,1014.49
198332,-2.19512,3.19464,-10.8991,38.92,105.84,88.34,4.66957,-39.6892,27.5469,1014.49
198338,-2.05643,2.67336,-11.1813,89.74,104.86,76.44,4.21122,-39.313,28.8371,1014.49
198344,-1.66428,2.24295,-11.4873,134.47,112.63,65.1,3.32318,-39.1104,29.149,1014.49
198350,-1.82688,2.78336,-11.6069,159.67,125.51,59.99,2.66431,-38.5606,28.7378,1014.48
198356,-1.99426,3.10856,-10.3682,177.24,136.71,53.27,2.00543,-37.8082,31.0912,1014.48
198362,-2.34816,3.35724,-9.8087,179.62,144.06,49.7,1.34656,-37.5188,30.6234,1014.48
198368,-2.52989,3.12291,-8.23529,179.97,135.59,46.27,1.17468,-36.3902,31.7717,1014.5
198374,-2.01817,3.77331,-6.99187,178.22,119,44.59,0.372579,-35.6667,32.1403,1014.5
198380,-2.50598,2.23816,-6.7384,132.86,96.53,-10.99,-0.57276,-35.2037,32.7783,1014.53
198386,-3.60593,4.08895,-7.45576,107.45,113.33,-2.03,-0.630053,-34.8275,33.5864,1014.53
198392,-3.94548,6.51363,-7.12578,105.35,99.05,47.32,-1.20298,-34.596,34.593,1014.54
198398,-0.769966,5.16977,-7.55141,115.64,61.88,105.21,-1.71862,-34.3355,34.0542,1014.54
198404,2.04208,1.2769,-9.46915,108.78,21,101.08,-2.29156,-33.5831,34.2527,1014.51
198410,1.64515,0.765184,-11.3821,106.19,8.61,101.29,-2.52073,-32.8307,35.1175,1014.51
198416,0.607365,1.29603,-12.0612,106.75,14.84,113.4,-4.26817,-32.4256,35.557,1014.48
198422,0.554758,1.35342,-11.803,106.96,25.34,115.08,-4.12494,-32.8886,35.1034,1014.48
198428,0.549976,1.72166,-11.516,109.41,47.39,110.39,-3.86712,-31.5574,36.9322,1014.49
198434,-0.0573888,1.64036,-10.966,111.58,69.72,100.03,-4.72652,-31.4416,36.2659,1014.49
198440,-0.703013,1.27212,-10.8847,102.55,90.23,95.69,-5.75779,-30.5156,36.7337,1014.49
198446,-1.38211,1.74079,-11.1239,92.68,104.37,91.14,-6.70313,-30.4866,37.6552,1014.47
198452,-1.63558,1.9034,-10.8895,77.56,111.23,81.83,-8.13546,-30.0236,38.038,1014.47
198458,-2.02774,1.93687,-10.44,61.25,105.28,76.02,-8.10681,-29.5027,37.7119,1014.54
198464,-2.14252,1.65471,-9.6748,54.6,90.23,73.01,-8.30734,-29.6764,38.2932,1014.54
198470,-1.91774,1.67384,-9.41655,51.38,70.77,71.68,-8.99486,-28.895,37.4001,1014.52
198476,-1.69775,1.58297,-8.93831,50.61,52.71,72.31,-10.9428,-29.5895,35.9682,1014.52
198482,-1.23386,1.71688,-8.82831,51.24,38.57,74.41,-10.7137,-27.5059,37.4568,1014.54
198488,-0.35868,1.72166,-9.34959,49,29.82,76.72,-10.3699,-27.9979,37.9671,1014.54
198494,-0.153037,1.17647,-9.71305,37.38,22.82,81.13,-11.7163,-27.9111,38.52,1014.48
198500,-0.712578,1.61645,-8.39311,10.71,4.97,89.25,-11.7449,-27.5349,38.4775,1014.48
198506,-0.0095648,2.72119,-8.25442,-14,-0.14,103.53,-12.2892,-27.2455,38.7043,1014.51
198512,0.129125,1.81731,-8.967,-35.35,3.36,117.53,-12.146,-27.3323,38.6618,1014.51
198518,-0.129125,1.16691,-8.52702,-50.89,4.76,120.12,-12.6043,-27.1008,38.7611,1014.5
198524,-0.521282,1.23386,-7.87183,-53.48,8.61,123.34,-12.1746,-27.3323,37.8395,1014.5
198530,-0.655189,1.21951,-7.81922,-43.12,12.11,130.9,-12.9194,-27.4191,37.4568,1014.5
198536,-1.31516,0.81779,-7.78096,-13.44,7.98,135.31,-13.9794,-26.8403,37.8537,1014.47
198542,-1.34385,0.25825,-8.12052,25.48,0.98,130.83,-14.4377,-26.9272,37.2299,1014.47
198548,-1.52559,2.74988,-9.13917,55.51,-10.22,130.34,-14.4091,-26.4641,37.2158,1014.49
198554,-2.40555,-0.511717,-9.01482,95.06,-26.32,117.32,-15.4117,-26.2326,37.8537,1014.49
198560,-2.37685,0.023912,-10.2869,129.64,-38.29,116.69,-15.3258,-24.9593,38.8745,1014.49
198566,-1.57341,1.5495,-10.5308,140.63,-48.3,118.23,-15.6695,-25.104,39.3707,1014.49
198572,-0.679101,1.68819,-10.9087,139.09,-48.02,108.99,-15.87,-24.0333,38.9879,1014.48
198578,3.19943,2.57771,-12.109,134.05,-26.95,94.71,-16.7581,-23.7149,39.3707,1014.48
198584,3.85461,1.55428,-10.7126,122.29,-7.98,84,-15.7555,-22.0654,40.2213,1014.49
198590,1.1143,1.02822,-10.4208,112.14,-21.07,94.64,-15.956,-21.6892,40.5474,1014.49
198596,0.95648,0.683883,-9.87087,103.18,-31.5,117.04,-16.5576,-21.6892,39.796,1014.49
198602,1.41559,1.1956,-9.5648,90.16,-25.48,128.59,-16.443,-20.0976,41.554,1014.49
198608,1.29603,1.97513,-9.5935,75.04,-10.43,132.93,-17.4456,-20.3291,41.6674,1014.49
198614,1.09995,1.85079,-9.46437,59.01,3.36,131.04,-16.9873,-19.8082,41.3838,1014.47
198620,0.10043,1.5208,-8.57963,48.23,5.25,134.82,-17.9326,-19.1426,42.2061,1014.47
198626,-0.420851,1.34385,-8.21138,42.91,4.2,141.96,-17.8467,-18.8821,40.7175,1014.49
198632,-0.439981,1.20995,-8.95265,31.15,5.46,144.9,-18.4769,-17.6088,41.7808,1014.49
198638,-0.282162,0.966045,-9.53132,18.41,14,141.4,-18.5342,-17.2037,42.4471,1014.48
198644,-0.334768,0.707795,-9.98087,10.36,23.8,132.65,-19.2217,-16.9722,41.3555,1014.48
198650,-0.25825,0.5978,-10.1913,3.22,31.57,125.65,-20.253,-17.0011,41.3271,1014.5
198656,0.0813008,0.645624,-10.1913,-4.62,33.53,120.19,-20.2816,-17.0301,41.8091,1014.5
198662,0.612147,0.57867,-9.94261,-13.79,32.41,115.85,-20.253,-16.3645,42.036,1014.5
198668,0.731707,0.846485,-10.0765,-24.5,30.03,117.32,-20.1957,-16.567,41.3271,1014.5
198674,0.401722,1.47298,-9.88522,-37.87,25.97,126.84,-20.5967,-16.3645,40.9302,1014.49
198680,0.932568,1.02822,-9.6461,-50.75,22.96,135.66,-21.8858,-15.8436,41.2562,1014.49
198686,1.25299,0.784314,-10.1578,-59.15,29.54,142.45,-21.5994,-16.3645,41.5823,1014.51
198692,0.966045,0.243902,-10,-61.11,37.31,147.84,-22.8312,-16.7407,40.6183,1014.51
198698,1.0856,-0.0813008,-10.593,-64.96,50.75,152.46,-22.8025,-15.9304,41.4122,1014.51
198704,0.420851,0.0143472,-11.626,-76.02,66.15,155.47,-23.1749,-15.7567,40.8167,1014.53
198710,0.37781,-0.205643,-12.0564,-87.43,82.04,155.33,-23.8051,-15.9014,40.9869,1014.53
198716,0.306074,-0.970827,-11.7121,-84.49,101.22,150.43,-24.0343,-15.8725,40.3205,1014.5
198722,1.16212,-0.966045,-11.4156,-66.29,126.84,145.39,-25.5239,-15.5542,39.5124,1014.5
198728,1.5208,-0.712578,-11.0808,-38.01,143.71,148.54,-26.0969,-16.0172,39.399,1014.48
198734,1.65949,0.483022,-10.7987,-1.68,149.73,162.19,-26.9849,-15.2069,37.7261,1014.48
198740,2.26208,0.334768,-9.70349,35.35,137.41,178.43,-28.1308,-14.2519,37.6836,1014.51
198746,0.554758,-1.05691,-7.97704,71.47,112.84,179.9,-28.9902,-13.5284,38.5768,1014.51
198752,0.167384,-0.889526,-8.34051,85.61,92.75,157.08,-31.0527,-12.4577,38.8036,1014.51
198758,0.0286944,-0.162602,-8.5605,71.33,72.52,140.84,-30.7663,-12.5735,39.0446,1014.51
198764,0.095648,1.76471,-8.90961,36.05,50.82,146.16,-32.1413,-11.1555,38.1089,1014.52
198770,0.97561,1.3582,-7.2836,14.35,36.05,134.26,-31.196,-10.2294,37.9813,1014.52
198776,0.741272,1.53037,-6.14538,-3.01,28.21,121.03,-31.8835,-10.6346,37.2725,1014.52
198782,1.12865,2.67336,-6.93448,-38.92,23.31,141.05,-32.17,-10.1426,36.8755,1014.51
198788,2.65423,1.3056,-6.32233,-63.35,21.98,127.61,-32.7429,-9.91108,37.074,1014.51
198794,2.50598,0.473458,-5.48541,-61.53,17.29,144.2,-33.2012,-9.56382,37.2725,1014.45
198800,3.80201,0.832138,-6.19799,-71.96,32.2,149.17,-33.2585,-9.07186,37.8537,1014.45
198806,2.69727,0.10043,-6.57102,-63.98,44.24,150.64,-33.2012,-9.3323,36.2659,1014.51
198812,2.35294,0.746054,-6.95361,-27.51,48.16,155.47,-33.8601,-7.9143,37.0314,1014.51
198818,2.85509,0.435198,-9.13917,-3.71,52.5,150.78,-34.8627,-8.66671,36.4077,1014.48
198824,0.789096,0.315638,-9.49785,28.77,45.22,161.49,-34.2039,-8.00111,36.5778,1014.48
198830,0.989957,0.731707,-10.1865,56.07,48.79,147,-35.3211,-6.84356,36.2942,1014.46
198836,0.11956,1.51124,-10.22,73.22,52.78,133.42,-35.7508,-6.29372,35.6563,1014.46
198842,-0.803443,2.32903,-10.043,86.87,56.63,122.71,-35.8654,-5.04935,35.4011,1014.48
198848,-1.7934,2.10904,-9.64132,113.19,87.29,157.22,-36.868,-4.47057,35.6137,1014.48
198854,0.153037,3.01769,-11.2099,117.53,117.46,183.05,-37.0399,-3.89179,35.3869,1014.52
198860,0.401722,1.98948,-10.3635,141.47,149.59,209.93,-37.8133,-2.12652,35.6704,1014.52
198866,1.52559,0.832138,-11.0234,172.34,180.74,228.9,-38.6154,-0.968961,36.0249,1014.52
198872,1.40603,1.1143,-10.7174,213.5,216.51,250.6,-38.6727,1.05676,34.9899,1014.49
198878,3.06552,1.92731,-12.5012,227.29,248.57,273.56,-40.8785,2.50371,33.2887,1014.49
198884,3.13247,1.16212,-12.1664,231.21,264.25,287,-42.2249,4.32686,32.7925,1014.52
198890,2.2286,0.315638,-10.5787,246.61,281.61,301.7,-42.4541,6.49728,30.5808,1014.52
198896,2.77379,-0.368245,-9.55523,263.13,278.18,295.75,-43.8005,8.29149,28.9647,1014.47
198902,3.19464,-1.4395,-8.87613,268.66,273.49,266.42,-43.4567,11.0986,28.752,1014.47
198908,3.88809,-2.1473,-8.91918,227.36,237.79,225.75,-44.2875,13.1243,28.0148,1014.51
198914,3.91679,-2.30512,-9.02439,158.27,205.1,186.76,-44.5453,14.1661,26.6963,1014.51
198920,3.17073,-1.81253,-10.8369,92.33,191.1,191.8,-44.8031,15.4973,25.6897,1014.47
198926,0.693448,-1.19082,-9.25873,56.49,181.72,205.17,-45.2042,16.2208,25.0943,1014.47
198932,0.229555,-2.16643,-7.89096,54.88,167.16,208.32,-46.0063,16.7995,24.4705,1014.5
198938,2.05643,-3.06074,-6.94404,75.74,145.81,192.08,-45.6625,18.3333,23.9459,1014.5
198944,3.29029,-2.53945,-7.19751,93.31,131.81,173.95,-45.6625,18.7963,23.1237,1014.5
198950,4.50502,-1.83644,-9.63654,93.59,110.74,158.2,-46.0636,20.1564,22.7834,1014.5
198956,5.14108,-1.73123,-11.4969,80.29,106.75,149.8,-46.3787,21.6323,21.947,1014.5
198962,5.26542,-1.78862,-12.6064,58.66,116.34,150.78,-46.1495,22.7031,21.2523,1014.48
198968,5.20325,-2.30512,-12.4629,33.67,130.97,154.28,-46.2068,22.3847,21.0538,1014.48
198974,5.38976,-2.89335,-10.8847,13.79,151.06,154.14,-46.7511,23.9185,20.1748,1014.49
198980,3.54376,-4.35677,-9.24916,2.59,161.84,169.96,-45.6625,24.4394,18.672,1014.49
198992,3.54854,-4.69632,-7.30273,15.19,193.13,195.37,-46.2641,26.523,18.2042,1014.48
198998,4.77284,-4.5911,-6.94883,21.07,200.48,190.05,-45.9776,27.0728,16.9141,1014.52
199004,4.80631,-4.74414,-7.2836,17.57,201.11,183.61,-45.8917,27.6516,15.4822,1014.52
199010,4.16547,-4.7824,-7.02056,5.53,194.53,182.63,-45.6339,27.6806,14.3906,1014.52
199016,3.90722,-5.0263,-5.98278,-11.06,181.86,180.81,-45.9776,29.7931,14.8159,1014.52
199022,3.72071,-6.31755,-3.95983,-24.15,157.36,178.64,-45.7771,30.1404,13.6392,1014.49
199028,3.90244,-7.934,-3.04161,-19.32,124.74,180.6,-45.2614,30.6902,13.2706,1014.49
199034,4.72023,-8.967,-2.71162,0.91,105.91,183.05,-44.6885,31.0085,12.8736,1014.49
199040,6.89144,-9.12004,-3.37159,27.23,99.26,179.27,-44.0869,32.7738,12.6751,1014.51
199046,7.5275,-8.49354,-4.27068,45.43,100.59,175.49,-44.2875,32.4555,11.0447,1014.51
199052,6.80536,-7.41272,-5.68149,55.37,103.32,181.51,-43.3421,33.7577,10.662,1014.51
199058,5.97322,-7.011,-6.69058,61.04,106.54,193.41,-42.8265,34.597,9.35767,1014.51
199064,5.64801,-6.92013,-7.20708,65.03,111.65,199.01,-42.7692,35.1468,9.82551,1014.54
199070,5.94452,-7.11143,-7.66619,63.7,118.44,194.46,-41.652,36.3044,8.13843,1014.54
199076,5.56671,-7.62793,-7.43185,54.46,123.62,181.58,-42.4827,37.2304,7.61388,1014.52
199082,5.33238,-8.13964,-6.60449,42.35,129.92,162.82,-41.2796,38.0696,6.19617,1014.52
199088,5.2176,-8.08704,-5.93496,31.15,136.36,141.96,-40.6493,38.359,6.63566,1014.53
199094,5.28933,-8.02965,-5.53324,21.21,144.69,109.13,-41.079,38.7063,5.9268,1014.53
199100,5.19847,-7.03013,-4.99283,7.35,153.02,75.88,-40.5348,38.8799,5.10453,1014.47
199106,4.42372,-6.00669,-4.14156,-8.82,149.87,61.11,-40.3629,39.5166,4.46655,1014.47
199112,2.94596,-6.70493,-4.01722,-20.65,138.46,61.32,-40.5921,39.3429,4.96275,1014.47
199118,3.14682,-7.74749,-4.2659,-19.6,126.98,67.76,-39.3889,39.6034,4.50909,1014.55
199124,4.89718,-8.24964,-4.22286,-9.31,123.97,68.18,-39.217,40.4137,3.87111,1014.55
199130,5.82975,-7.934,-4.19895,5.81,129.01,63.91,-39.79,40.2111,3.82858,1014.48
199136,6.04017,-7.48924,-4.35198,16.03,137.62,60.83,-38.9592,40.6452,2.07062,1014.48
199142,5.09326,-7.55141,-4.27547,17.71,144.2,65.45,-38.6441,40.5873,2.32581,1014.52
199148,4.31851,-8.56528,-4.022,11.13,143.43,84.42,-38.4149,40.5005,2.1415,1014.52
199154,4.93065,-9.09613,-3.43376,6.51,136.36,92.61,-38.4722,41.4555,1.1491,1014.49
199160,5.39455,-7.64228,-3.75897,7.28,126.77,86.31,-37.0685,41.4265,1.12075,1014.49
199166,5.63845,-6.60449,-4.49067,19.74,119.28,76.72,-38.2144,41.8317,-0.12684,1014.52
199172,5.4902,-6.61406,-5.84409,14.28,119.42,82.25,-37.4982,41.3397,-0.778989,1014.52
199178,6.22669,-6.83405,-6.92492,-5.95,138.74,93.31,-36.5242,41.8606,0.0716399,1014.48
199184,7.49402,-6.05452,-6.52798,-29.89,170.8,94.57,-36.868,42.8156,-1.54455,1014.48
199190,5.87757,-5.84888,-5.83931,-56.7,193.27,100.24,-36.4956,42.4683,-2.62202,1014.51
199196,2.24295,-6.96796,-4.90196,-79.73,194.67,107.03,-36.3237,42.9314,-3.13239,1014.51
199202,1.82688,-7.82401,-4.08895,-99.33,175.42,101.01,-34.92,43.4812,-2.25341,1014.51
199208,2.73553,-8.03921,-3.42898,-113.68,149.66,80.5,-34.519,43.4523,-2.23923,1014.5
199214,4.27068,-7.33142,-3.82592,-132.72,136.08,60.9,-34.3757,44.06,-2.65037,1014.5
199220,5.16021,-6.85318,-4.3472,-160.65,130.13,44.03,-34.1752,43.7127,-2.28177,1014.52
199226,5.83931,-6.39885,-4.81109,-183.96,128.31,34.16,-33.5736,44.2336,-2.87721,1014.52
199232,5.82975,-6.81014,-4.68197,-201.18,124.88,33.88,-33.6882,45.1597,-2.40936,1014.48
199238,5.17934,-8.38355,-3.81157,-198.59,108.15,39.9,-33.058,44.3783,-0.509623,1014.48
199244,4.2659,-9.06743,-3.97896,-185.15,88.9,62.23,-33.4877,44.986,0.0716399,1014.49
199250,4.04113,-9.3735,-4.80153,-162.33,77.28,90.44,-32.9721,45.015,-0.864051,1014.49
199256,5.43281,-8.62267,-5.55715,-135.59,74.27,116.06,-32.5424,45.6516,0.823028,1014.51
199262,6.49928,-7.51793,-5.90626,-118.58,81.13,128.94,-32.6856,45.3622,0.454423,1014.51
199268,6.20756,-6.26494,-5.83453,-105.42,92.75,137.83,-31.8262,46.2304,-0.268611,1014.49
199274,5.7054,-6.5758,-5.39933,-93.52,98.56,146.02,-31.0527,46.0568,0.213411,1014.49
199280,4.90196,-7.07317,-4.945,-81.83,90.72,153.16,-30.136,46.896,0.86556,1014.49
199286,4.28981,-8.40268,-5.1889,-70.21,73.92,157.64,-29.1907,47.4748,-0.311143,1014.47
199292,3.92635,-8.91918,-5.69106,-62.3,52.57,160.3,-29.2194,47.9089,1.19163,1014.47
199298,4.65806,-8.4505,-6.38929,-57.12,37.8,156.73,-28.0448,47.1275,1.73037,1014.52
199304,4.74414,-7.56576,-6.14538,-49.21,35.91,155.05,-27.787,48.1982,2.05644,1014.52
199310,3.33812,-7.23099,-2.21903,-2.59,50.05,162.47,-26.9849,47.9378,2.21239,1014.46
199316,3.64419,-6.94883,-1.70253,35.63,56.7,160.02,-26.0396,48.9217,1.24834,1014.46
199322,4.39503,-7.43185,-1.99904,63.28,62.02,143.71,-25.1802,49.0664,0.341006,1014.48
199328,4.62458,-7.45576,-4.80153,43.61,56,121.1,-24.8078,49.5584,0.723788,1014.48
199334,4.33764,-7.4462,-6.38929,10.22,50.96,107.59,-24.1776,49.4426,-1.10506,1014.5
199340,4.0746,-7.45098,-7.14491,-37.52,54.18,105.07,-23.576,49.7899,0.227588,1014.5
199346,2.59684,-7.01578,-7.32185,-81.76,47.74,126.35,-23.7479,50.4555,0.681257,1014.49
199352,3.17073,-7.46054,-6.24581,-94.78,50.19,142.73,-22.4588,50.0214,1.50353,1014.49
199358,4.46198,-5.7867,-4.75849,-101.71,53.83,133.14,-20.8545,50.4265,1.13493,1014.51
199364,5.88713,-3.29986,-2.98422,-75.88,56.7,87.78,-20.3962,50.7738,2.01391,1014.51
199370,3.2329,-2.78814,-1.4682,-30.66,2.73,53.2,-20.9691,50.224,2.16986,1014.51
199376,2.97944,-5.26064,-4.8637,-18.13,-15.75,49.98,-20.3103,50.9474,2.51011,1014.5
199382,6.46102,-6.78144,-8.5318,-45.29,-17.01,51.52,-20.5108,51.4683,2.72277,1014.5
199388,7.70445,-6.7671,-7.45576,-63.35,-2.31,45.36,-19.68,50.7449,1.21999,1014.45
199394,6.78144,-6.67623,-6.10234,-67.13,8.26,42.14,-19.4509,51.3526,2.62353,1014.45
199400,5.40889,-6.45624,-6.40363,-70,25.83,46.76,-18.9925,51.1789,3.07719,1014.48
199406,4.71545,-5.56193,-6.69058,-80.22,43.12,67.48,-19.9951,52.0182,2.80783,1014.48
199412,4.81109,-5.94931,-5.84409,-95.2,60.76,83.09,-19.1358,50.6291,3.30403,1014.44
199418,4.56719,-7.16882,-5.28455,-100.73,75.67,88.34,-18.7633,51.7577,3.85694,1014.44
199424,3.97896,-8.41224,-4.91152,-99.89,85.26,84,-18.7633,50.8896,5.27465,1014.49
199430,3.4242,-9.47872,-5.30368,-100.87,86.17,72.31,-17.6748,51.2658,4.6225,1014.49
199436,3.56767,-9.71305,-5.04543,-93.45,84.84,62.79,-17.0732,51.3236,4.56579,1014.46
199442,3.60115,-9.2396,-4.91152,-78.33,87.22,62.44,-16.844,51.2368,5.10453,1014.46
199448,3.74462,-8.76614,-4.98326,-58.24,92.12,66.78,-16.8727,51.7577,4.52326,1014.46
199454,3.80679,-8.35964,-4.80153,-38.57,95.62,73.85,-16.6721,51.3526,5.07617,1014.51
199460,3.71592,-8.57006,-4.7011,-22.19,99.89,84.14,-15.87,51.5552,6.22452,1014.51
199466,4.04591,-8.82831,-4.43807,-3.5,108.22,93.24,-15.3258,51.6709,5.91262,1014.49
199472,4.28981,-9.30177,-3.76375,17.64,117.25,107.24,-15.3544,52.2208,6.43718,1014.49
199478,4.28025,-10.1961,-3.66332,35.56,120.05,118.09,-14.6955,52.1918,4.87769,1014.46
199484,3.46246,-10.5787,-4.32807,56.7,109.2,122.64,-14.5809,51.9314,4.23972,1014.46
199490,2.76423,-10.5452,-4.35677,89.46,92.68,132.23,-12.8908,52.597,4.67921,1014.37
199496,2.29077,-10.1722,-4.14634,128.1,69.93,142.52,-12.5757,51.8156,3.54504,1014.37
199502,1.96078,-9.80392,-3.48637,164.78,38.08,145.25,-11.7736,52.9153,2.19821,1014.43
199508,1.75992,-9.67001,-3.29029,196.07,3.57,148.05,-10.6564,52.5101,2.29745,1014.43
199514,1.91296,-9.30177,-4.37111,217.7,-17.78,146.09,-10.7423,52.3944,0.780497,1014.43
199520,2.33859,-8.56528,-5.71975,222.88,-31.71,139.93,-9.25268,52.8285,-0.155194,1014.43
199526,3.14204,-7.23099,-6.32712,214.13,-34.65,129.08,-9.19538,52.3944,-2.04075,1014.5
199532,4.09852,-6.1406,-6.59971,199.78,-28.21,123.41,-8.88027,51.613,-3.6853,1014.5
199538,5.13152,-5.27499,-7.1736,175.42,-9.31,124.04,-7.84899,52.5101,-3.54353,1014.5
199544,5.95887,-3.9407,-6.50885,151.48,12.6,143.78,-6.84636,51.7867,-4.60682,1014.51
199550,5.65758,-4.72979,-5.72932,148.82,33.88,172.83,-5.95832,52.8574,-4.4934,1014.51
199556,3.65375,-6.19321,-1.82209,165.48,33.74,221.55,-5.09892,52.105,-5.982,1014.5
199562,4.23721,-9.8087,-3.56289,212.8,60.27,248.78,-3.66659,51.7867,-6.74756,1014.5
199568,3.87374,-12.9986,-4.58632,257.95,98.56,247.87,-2.00509,50.9474,-8.63312,1014.47
199574,1.44907,-13.9503,-3.91679,296.52,119.77,240.52,-0.515466,50.7159,-10.1075,1014.47
199580,-0.167384,-13.2377,-2.64467,317.38,114.03,233.45,0.000171967,50.6291,-11.5253,1014.49
199586,-2.89335,-11.8125,0.703013,328.16,81.83,227.92,1.66167,50.3976,-11.8939,1014.49
199592,-3.28551,-11.2339,2.06121,332.22,37.03,219.94,2.46378,48.8928,-14.2047,1014.43
199598,-1.69775,-10.88,1.57341,339.64,-0.07,221.27,4.61227,48.3429,-16.3171,1014.43
199604,-0.0286944,-10.0574,-0.315638,361.34,-12.39,230.65,5.44303,47.5037,-16.2888,1014.46
199610,0.927786,-9.68914,-1.64993,365.89,-3.15,238.91,7.04723,46.5198,-19.351,1014.46
199616,1.23864,-9.02917,-2.90292,357.77,17.57,243.53,7.39099,45.0439,-20.4994,1014.46
199622,0.899091,-8.83788,-2.25729,353.92,28.28,246.26,8.59415,43.1339,-22.2148,1014.4
199628,1.06169,-8.35964,-1.20038,330.82,34.02,235.76,9.99783,42.642,-22.5125,1014.4
199634,1.16212,-7.62315,-1.24821,286.09,43.12,214.76,10.8286,40.732,-25.0219,1014.5
199640,1.31994,-6.63797,-2.36251,238.28,51.94,192.15,12.0317,40.4716,-25.1211,1014.5
199646,1.07126,-6.16451,-3.24247,164.85,59.01,154.21,13.636,39.3429,-25.8867,1014.49
199652,0.97561,-5.99713,-3.04161,95.97,69.51,121.38,13.8078,38.5616,-27.3044,1014.49
199658,0.023912,-6.59971,-0.320421,46.06,59.43,95.69,14.4953,37.5777,-27.0492,1014.48
199664,-1.21473,-7.52272,2.52989,16.1,22.61,69.93,14.2948,37.7802,-26.6806,1014.48
199670,-1.36298,-7.64228,3.5868,-8.05,-24.99,58.8,14.9823,38.0407,-26.7232,1014.5
199676,-1.10952,-8.14921,4.38068,-33.67,-60.34,64.12,14.8964,37.6934,-26.9216,1014.5
199682,-0.693448,-8.46007,3.72071,-52.36,-93.45,69.16,15.3834,37.433,-26.2978,1014.51
199688,-4.21808,-4.68197,2.30033,-41.65,-112.49,73.43,15.4693,37.6355,-26.4396,1014.51
199694,-3.70636,-7.72836,1.2769,-38.85,-134.26,70.91,14.9251,37.6355,-27.1627,1014.48
199700,-2.31946,-10.5452,0.612147,-50.33,-143.57,80.08,15.0969,37.4908,-26.8649,1014.48
199706,-3.30942,-10.1004,-0.272597,-44.31,-138.67,95.55,14.524,36.8831,-26.227,1014.48
199712,-4.022,-9.67958,-0.0430416,-33.46,-132.09,104.72,14.5813,36.8831,-27.2619,1014.49
199718,-3.60115,-9.10569,1.04735,-0.21,-115.57,115.78,15.2975,37.2883,-26.5672,1014.49
199724,-3.84027,-8.23051,1.74558,20.02,-106.54,140.14,15.6412,36.9989,-27.4745,1014.5
199730,-3.20899,-8.14921,3.4242,41.79,-105.84,171.01,14.6959,36.5359,-27.1768,1014.5
199736,-3.06552,-9.54567,4.12721,80.15,-103.74,195.51,15.6412,36.5648,-27.8573,1014.5
199742,-6.32712,-8.78527,6.44668,126.42,-109.76,235.06,15.7272,35.4941,-28.4244,1014.5
199748,-5.66714,-10.0526,5.91583,182.7,-108.22,288.54,15.9277,34.5101,-28.793,1014.49
199754,-3.27116,-12.2095,5.5715,219.52,-109.13,302.68,17.4173,33.0632,-31.5717,1014.49
199760,0.559541,-13.3333,3.52463,234.64,-107.73,264.53,17.847,31.6162,-30.9763,1014.49
199766,2.17599,-12.9125,2.27642,229.88,-112.07,204.26,18.8496,30.3429,-32.153,1014.49
199772,2.08513,-11.253,1.56863,197.19,-121.24,140.49,18.9929,29.4458,-33.7267,1014.51
199778,1.4682,-10.0574,1.5495,156.38,-126.63,83.72,18.9069,27.5069,-33.4006,1014.51
199784,-0.483022,-8.57484,2.22382,129.78,-135.03,49.35,17.7611,27.0728,-34.6056,1014.51
199790,-2.17599,-6.11191,3.07508,113.68,-139.02,29.4,18.0762,26.5519,-34.634,1014.5
199796,-2.44859,-5.91583,4.03156,119.63,-143.01,17.22,17.5032,25.6548,-35.5697,1014.5
199802,-2.51076,-6.77666,5.30846,144.76,-143.71,6.37,16.6152,25.8285,-35.031,1014.51
199808,-2.7451,-7.66619,5.59541,186.55,-149.66,1.54,15.6985,24.7867,-36.0801,1014.51
199814,-3.2616,-8.63701,4.84457,223.51,-152.25,-3.78,15.9277,24.4394,-37.2568,1014.52
199820,-3.912,-8.46007,4.67719,246.47,-152.67,-9.03,15.2402,23.5134,-36.9591,1014.52
199826,-4.54328,-7.82879,4.58154,251.86,-153.23,-5.39,12.9771,22.0664,-38.7595,1014.46
199832,-4.18938,-8.03443,2.62554,242.83,-146.3,-9.38,12.9484,20.7352,-40.0639,1014.46
199838,-4.44285,-8.23051,3.35246,239.75,-148.12,-27.23,12.0031,20.1275,-40.5033,1014.46
199844,-5.33238,-9.46437,5.31325,284.9,-178.5,-75.53,12.2323,18.9699,-40.0355,1014.46
199850,-2.76423,-7.03013,5.76279,333.48,-186.9,-93.31,10.227,18.2754,-41.2689,1014.51
199856,-0.961262,-4.71066,5.87757,353.64,-201.88,-83.79,10.0551,16.5391,-42.4456,1014.51
199862,-0.396939,-4.11765,5.48063,403.62,-195.16,-72.66,8.36498,14.8027,-42.956,1014.47
199868,-1.45863,-5.05021,4.76805,409.15,-197.12,-84.42,7.47693,12.9796,-44.161,1014.47
199874,-3.00335,-6.48972,4.12721,388.92,-203.7,-96.81,6.44566,11.9957,-45.0826,1014.47
199880,-3.28073,-6.70971,4.4285,388.85,-204.54,-111.86,5.64355,9.27541,-45.0258,1014.47
199886,-2.38642,-5.86322,4.52415,374.08,-196.91,-124.32,3.92476,7.4812,-45.3236,1014.47
199892,-1.6834,-4.68197,3.96939,342.58,-179.13,-118.16,2.40649,5.22397,-44.1752,1014.5
199898,-1.16691,-3.81157,4.56719,311.99,-152.53,-95.55,1.4325,3.86384,-45.0258,1014.5
199904,-0.516499,-3.04639,5.00717,267.4,-119,-73.57,1.0601,3.25612,-46.316,1014.47
199910,-0.803443,-3.80679,6.02582,216.09,-99.12,-61.39,0.974157,1.40403,-45.8481,1014.47
199916,-1.62602,-5.23673,7.2836,176.05,-85.68,-61.04,-0.372234,0.101778,-44.4162,1014.51
199922,-1.97035,-5.44715,7.55141,153.16,-77.98,-59.08,0.172052,0.246473,-44.1043,1014.51
199928,-2.13295,-4.76805,8.24964,145.11,-69.3,-42.07,-0.945166,-0.419122,-45.2527,1014.48
199934,-3.89287,-3.02248,9.39742,149.1,-65.73,-14.56,-0.773286,-1.86607,-44.2745,1014.48
199940,-3.16117,-4.40459,8.31181,160.93,-56.28,1.96,-0.801932,-2.15545,-45.196,1014.47
199946,-1.94165,-5.42802,8.78049,174.51,-53.48,13.02,-1.31757,-3.16832,-45.1251,1014.47
199952,-0.569106,-5.25108,8.6944,178.57,-52.99,2.87,-1.60404,-3.92073,-44.7565,1014.47
199958,0.329986,-4.60067,8.90961,172.34,-60.13,-12.04,-2.20562,-4.55739,-44.9266,1014.48
199964,0.157819,-3.74462,9.54089,175,-65.8,-18.13,-2.80719,-5.59919,-44.1894,1014.48
199970,-0.33955,-3.20899,9.96652,192.5,-83.16,-25.62,-2.86449,-6.29372,-44.7565,1014.51
199976,0.181731,-3.24725,9.57436,223.58,-94.64,-37.94,-3.6093,-6.98825,-43.5514,1014.51
199982,-0.167384,-2.54424,9.42611,250.18,-105.21,-45.5,-3.89576,-8.86928,-44.3028,1014.5
199988,-0.33955,-1.67384,8.3692,275.38,-111.37,-51.31,-4.4114,-10.0268,-43.7074,1014.5
199994,-0.282162,-1.74558,7.36011,290.71,-108.5,-56.35,-5.01298,-11.7921,-44.3312,1014.49
200000,-1.13821,-2.43902,7.934,276.99,-107.66,-65.45,-5.84373,-12.6024,-41.0421,1014.49
200006,-1.69297,-4.41894,9.83261,250.81,-107.59,-73.29,-5.07027,-13.731,-42.0061,1014.5
200012,-2.066,-4.64849,10.7604,222.39,-99.96,-66.78,-6.33072,-15.612,-42.559,1014.5
200018,-1.44907,-4.48111,11.3152,203.35,-86.59,-50.19,-5.95832,-16.104,-41.6233,1014.5
200024,-1.55428,-3.67288,11.7217,190.47,-67.9,-21.91,-6.53125,-17.6378,-40.9003,1014.5
200030,-0.5978,-3.03204,10.6839,179.76,-45.22,5.04,-7.90629,-18.477,-39.4826,1014.52
200036,-0.35868,-2.59206,10.2152,173.39,-26.88,24.64,-7.24742,-19.0268,-40.2765,1014.52
200042,-0.109995,-2.38164,9.95696,166.74,-14,34.86,-7.19012,-19.8082,-39.7661,1014.52
200048,0.0813008,-1.83166,9.12482,150.29,-11.13,35.91,-7.99223,-20.0108,-39.596,1014.52
200054,0.71736,-1.30081,8.46963,130.13,-4.13,31.92,-8.42193,-19.9529,-38.5469,1014.52
200060,0.875179,-0.186514,8.54137,108.36,4.2,29.75,-7.33336,-21.1394,-38.3484,1014.5
200066,0.37781,-0.095648,9.30655,104.37,10.85,32.34,-7.64847,-21.6313,-37.9089,1014.5
200072,-0.23912,-0.148254,9.51219,113.26,10.57,39.27,-8.04952,-21.4577,-37.8097,1014.55
200078,-0.789096,0.45911,10.3252,135.73,3.22,50.33,-7.76305,-22.4995,-38.2917,1014.55
200084,-0.406504,-0.0860832,10.0956,168.42,-5.74,51.03,-7.59118,-23.223,-37.7104,1014.48
200090,0.640842,-0.593018,8.18269,191.45,-14.63,41.72,-8.2214,-23.194,-36.4345,1014.48
200096,-0.0286944,0.0382592,7.86705,207.55,-30.59,29.05,-8.07817,-25.1619,-35.3429,1014.55
200102,0.11956,2.20469,6.29842,189.77,-40.74,3.99,-7.93494,-26.0011,-34.8608,1014.55
200108,0.564323,1.3582,6.26973,150.29,-39.62,-14.49,-8.10681,-27.5638,-35.4137,1014.51
200114,0.989957,0.425634,6.80536,114.24,-20.37,-19.53,-9.22403,-27.3323,-35.4705,1014.51
200120,-0.502152,0.769966,9.00526,97.58,-0.07,-8.19,-8.30734,-27.2455,-34.1378,1014.51
200126,-0.726925,0.918221,10.0239,93.1,17.43,0.21,-8.79433,-27.8532,-34.8892,1014.52
200132,-0.095648,1.26255,10.373,89.53,29.96,2.52,-8.16411,-27.3612,-34.1378,1014.52
200138,0.401722,1.80775,10.22,79.87,38.43,3.85,-8.39328,-28.2584,-33.7408,1014.51
200144,0.789096,2.2286,10.2296,72.8,43.54,8.26,-8.85163,-28.6056,-33.7125,1014.51
200150,0.95648,2.52989,10.7891,69.3,49,12.81,-9.13809,-29.2712,-33.273,1014.54
200156,1.01865,2.49163,10.8656,68.81,50.19,16.87,-7.70576,-29.2423,-34.0102,1014.54
200162,1.31994,2.41511,10.6791,69.09,50.33,19.81,-7.16148,-30.4577,-33.3014,1014.53
200168,1.18125,2.3912,10.5882,67.83,46.69,21.28,-8.27869,-30.6603,-32.8335,1014.53
200174,1.11908,2.52989,10.2104,67.13,42.42,18.48,-7.44794,-30.8339,-31.9971,1014.51
200180,0.129125,3.67767,10.9039,61.39,25.13,23.52,-7.4193,-30.5735,-32.394,1014.51
200186,0.554758,1.91774,10.4591,74.9,17.85,14.21,-7.21877,-30.6892,-32.4933,1014.53
200192,0.989957,1.05213,9.65088,79.45,16.38,2.8,-7.99223,-30.9497,-30.9054,1014.53
200198,0.0860832,1.71688,10.0191,63.63,14.63,1.61,-7.61982,-31.1522,-31.4867,1014.49
200204,0.631277,1.34385,10.2487,46.41,15.96,-4.62,-7.70576,-31.0944,-31.2882,1014.49
200210,-0.205643,1.38211,11.0282,37.17,22.26,1.47,-7.70576,-30.9497,-31.9545,1014.49
200216,0.473458,1.59732,10.6408,21.7,26.46,3.64,-7.82035,-31.2101,-30.7069,1014.51
200222,0.263032,1.73601,11.1191,10.64,28.91,6.65,-7.33336,-31.2391,-32.4082,1014.51
200228,0.143472,2.2812,10.6648,-0.28,28.49,11.48,-7.7917,-31.2101,-31.0755,1014.52
200234,0.83692,3.17073,10.923,-7,25.06,12.32,-7.07554,-31.3837,-30.6928,1014.52
200240,1.13821,2.85031,11.076,-5.6,18.76,8.82,-6.9896,-32.2809,-31.1464,1014.5
200246,1.44907,2.36251,10.8847,0,15.19,2.1,-7.16148,-32.4545,-32.309,1014.5
200252,0.69823,3.20899,10.6313,2.87,11.27,-0.14,-6.81772,-31.2101,-31.6852,1014.52
200258,0.779531,3.54854,10.1148,5.04,6.51,-1.4,-7.53388,-31.5863,-31.8269,1014.52
200264,0.789096,3.35246,10.1722,8.33,2.03,-2.17,-7.13283,-31.8178,-31.274,1014.52
200270,0.827355,2.82162,10.2391,9.66,-3.57,-7.14,-7.13283,-31.6153,-30.9054,1014.52
200276,0.554758,2.44381,10.2343,11.41,-6.02,-9.45,-7.16148,-32.0204,-31.7986,1014.51
200282,0.449546,2.48207,10.0765,11.9,-6.02,-9.38,-7.27606,-31.7889,-32.2806,1014.51
200288,0.349115,2.67814,9.88044,11.69,-3.5,-7.35,-7.01824,-31.9625,-31.7419,1014.51
200294,0.320421,2.95074,9.65088,10.15,1.89,-1.05,-6.9896,-31.8178,-30.9196,1014.52
200300,0.286944,2.89335,9.52176,8.33,7.28,5.95,-6.81772,-32.0493,-31.0614,1014.52
200306,0.200861,2.879,9.2396,7.14,10.78,11.41,-7.16148,-31.9625,-29.913,1014.54
200312,-0.13869,3.62984,9.54089,2.87,7,20.09,-7.07554,-31.6442,-31.4016,1014.54
200318,0.545194,2.2812,8.46963,7.42,14.07,16.45,-6.87501,-32.194,-30.9621,1014.53
200324,0.49737,2.52989,8.7231,4.83,14.98,16.1,-7.96358,-32.9754,-32.0963,1014.53
200330,0.315638,2.74988,8.98613,5.46,16.03,19.18,-7.30471,-32.6281,-31.6993,1014.52
200336,0.526064,2.5825,9.17743,8.19,17.01,19.74,-6.38802,-31.6442,-30.9338,1014.52
200342,0.73649,2.63032,9.10091,10.36,17.15,18.62,-6.41666,-32.5703,-31.033,1014.49
200348,0.722142,2.51076,9.16786,12.53,14.77,15.75,-6.84636,-32.0204,-31.1322,1014.49
200354,0.454328,2.60163,9.42611,14.35,8.33,14.56,-7.59118,-31.9336,-30.5935,1014.52
200360,0.492587,2.62076,9.40698,17.01,5.04,15.68,-7.24742,-32.2809,-31.033,1014.52
200366,0.564323,2.75944,9.36394,20.23,3.78,18.41,-6.9896,-31.9915,-31.2031,1014.53
200372,0.554758,2.81683,9.44524,21.07,3.64,20.3,-7.82035,-32.4834,-30.9196,1014.53
200378,0.607365,2.75466,9.56002,20.58,3.85,20.51,-7.59118,-32.3677,-30.7353,1014.53
200384,0.430416,2.70684,9.55045,21,3.22,19.95,-7.4193,-32.6571,-29.7429,1014.5
200390,0.181731,2.55858,9.57436,25.69,1.05,22.68,-7.07554,-32.4834,-30.2533,1014.5
200396,0.296509,2.63032,9.36872,25.83,3.22,21.14,-7.24742,-32.8596,-29.4735,1014.49
200402,0.210426,2.7977,9.25873,19.6,4.13,17.01,-6.61719,-32.4545,-31.1181,1014.49
200408,0.0334768,2.66858,9.11525,15.54,5.04,15.05,-6.47396,-32.5703,-29.8705,1014.51
200414,-0.0430416,2.57771,8.98613,14.21,7.14,15.19,-7.67711,-33.2069,-30.7495,1014.51
200420,-0.272597,2.62076,8.90005,14.07,9.59,16.87,-7.21877,-32.9754,-29.9697,1014.48
200426,-0.286944,2.57293,8.8857,15.05,11.41,18.2,-8.88027,-33.149,-30.1257,1014.48
200432,-0.444763,2.38164,8.967,16.52,11.34,17.85,-7.67711,-33.1201,-29.7004,1014.54
200438,-0.463893,2.04687,9.11047,17.01,10.5,17.5,-7.84899,-32.5992,-30.2533,1014.54
200444,-0.315638,2.08991,9.20134,16.24,13.37,16.66,-7.61982,-33.3805,-29.7287,1014.49
200450,-0.153037,2.30512,9.16308,12.53,16.8,16.52,-8.25005,-32.8596,-30.1682,1014.49
200456,-0.148254,2.38164,9.12482,6.44,20.51,18.06,-8.02087,-33.149,-29.7712,1014.49
200462,-0.172166,2.32903,9.2396,1.75,21.49,18.27,-7.56253,-32.8886,-29.5869,1014.53
200468,-0.153037,2.16164,9.45959,-1.19,20.3,17.92,-7.61982,-32.7728,-29.7429,1014.53
200474,-0.286944,2.21903,9.61262,-2.73,16.1,19.11,-7.7917,-32.686,-30.0123,1014.55
200480,-0.253467,2.44381,9.72262,-0.98,13.02,21.91,-7.53388,-32.6571,-29.8705,1014.55
200486,-0.234338,2.52989,9.81827,0.63,10.85,23.38,-6.76042,-32.9465,-29.8563,1014.53
200492,-0.196078,2.62076,9.8374,4.97,8.68,25.97,-7.50524,-32.8886,-29.5586,1014.53
200498,-0.248685,2.6351,9.88044,9.8,7.42,28.63,-7.96358,-32.1362,-29.034,1014.5
200504,-0.286944,2.61597,9.73697,10.92,7.07,30.17,-7.99223,-32.9465,-29.7429,1014.5
200510,0.0908656,3.51028,8.24008,-2.1,16.73,33.6,-7.90629,-32.7149,-29.4452,1014.5
200516,0.047824,3.28551,8.70875,-15.82,19.67,32.97,-8.04952,-32.3098,-28.8497,1014.5
200522,-0.334768,2.44859,9.98087,-17.08,17.36,32.62,-7.59118,-32.8307,-29.0907,1014.53
200528,-0.387374,1.97035,10.3826,-6.65,13.58,31.29,-8.56516,-32.2809,-29.5444,1014.53
200534,-0.143472,1.82209,10.4208,3.29,12.32,26.25,-8.30734,-33.0622,-29.9272,1014.51
200540,-0.0526064,2.44859,9.50741,3.5,14.98,22.75,-8.45057,-32.3387,-29.2609,1014.51
200546,-0.105213,2.61119,9.02917,-1.54,20.23,21.42,-8.10681,-32.8886,-29.7712,1014.51
200552,-0.492587,2.45815,8.97657,-5.67,24.57,22.12,-8.36463,-32.7439,-29.3318,1014.54
200558,-0.655189,2.26686,9.11525,-9.8,28.56,23.87,-8.04952,-33.0622,-30.1257,1014.54
200564,-0.765184,2.05165,9.21568,-14.21,31.22,26.18,-7.99223,-32.9175,-30.2816,1014.55
200570,-0.655189,1.99426,9.14395,-22.33,35.21,27.65,-8.67975,-32.4834,-30.2391,1014.55
200576,-0.650406,2.05643,9.08178,-30.31,37.1,29.61,-9.13809,-32.7439,-31.033,1014.54
200582,-0.664754,2.29077,9.27786,-35.98,37.8,36.05,-7.96358,-32.2519,-30.2391,1014.54
200588,-0.61693,2.40555,9.56958,-36.05,35.91,43.96,-8.27869,-32.9465,-31.2031,1014.5
200594,-0.306074,2.25251,9.86609,-33.39,32.83,49.42,-8.2214,-31.9625,-30.5226,1014.5
200600,-0.157819,2.15208,10.0096,-28.35,27.86,52.15,-8.33599,-32.3098,-30.8629,1014.51
200606,-0.0047824,1.98948,10.067,-24.71,23.24,49.35,-7.93494,-32.194,-31.0472,1014.51
200612,0.148254,2.36251,9.34481,-32.2,23.45,45.15,-8.59381,-31.1522,-31.4016,1014.5
200618,0.148254,2.52989,9.23481,-43.54,21.7,37.66,-8.62245,-31.1812,-30.3242,1014.5
200624,-0.286944,2.20947,9.71305,-48.79,17.92,32.34,-9.05215,-31.5863,-31.8695,1014.5
200630,-0.468675,1.95122,9.88044,-46.69,15.12,29.75,-9.53914,-30.6892,-31.8695,1014.54
200636,-0.487805,1.67384,9.9713,-41.23,14.49,27.93,-9.13809,-31.0075,-31.43,1014.54
200642,-0.363462,1.65949,9.78479,-37.73,16.31,25.69,-9.0808,-29.7342,-31.5859,1014.54
200648,-0.368245,1.77427,9.32568,-39.41,21.63,25.97,-9.10945,-30.6892,-32.0396,1014.54
200654,-0.607365,2.01817,8.81396,-45.29,29.75,28.49,-9.48185,-30.5156,-32.3657,1014.53
200660,-0.703013,2.12339,8.60832,-51.31,38.01,32.55,-9.05215,-30.6313,-32.6776,1014.53
200666,-0.406504,2.13773,8.40268,-56,47.25,38.22,-9.48185,-29.5317,-32.5641,1014.51
200672,-0.0765184,2.27164,8.40746,-61.88,55.23,44.66,-8.93757,-29.4159,-32.9327,1014.51
200678,0.0286944,2.39598,8.65136,-67.55,58.17,52.43,-9.05215,-29.0397,-32.7484,1014.55
200684,0.129125,2.20469,9.18699,-68.39,56.77,58.52,-8.93757,-28.0268,-33.6132,1014.55
200690,0.291726,1.8747,9.5648,-65.87,50.4,59.78,-8.85163,-28.3452,-32.7768,1014.52
200696,0.468675,1.39646,9.89479,-61.88,40.88,54.88,-8.99486,-27.94,-33.4289,1014.52
200702,0.502152,1.11908,9.90913,-56,31.92,48.3,-8.76569,-28.2873,-33.9819,1014.54
200708,0.210426,1.02343,9.89479,-49.28,21,39.62,-9.62508,-27.9979,-33.5849,1014.54
200714,0.143472,1.10952,9.73697,-44.52,10.71,31.15,-8.67975,-27.9979,-35.0026,1014.54
200720,-0.0765184,1.24342,9.56002,-41.58,3.57,24.92,-9.73967,-28.2294,-34.9459,1014.52
200726,-0.492587,1.61645,9.30177,-40.18,-2.1,18.83,-9.91155,-27.7953,-34.1094,1014.52
200732,-0.81779,1.69775,9.14873,-38.43,-4.9,13.02,-9.65373,-27.1008,-34.4355,1014.53
200738,-1.28647,1.50646,8.87135,-36.68,-4.55,8.61,-9.02351,-26.8403,-34.1662,1014.53
200744,-1.55428,1.43472,8.75657,-35.35,-1.12,4.2,-9.10945,-26.6667,-35.3854,1014.53
200750,-1.63558,1.33907,8.58919,-34.16,5.25,1.96,-8.96621,-26.5799,-35.9808,1014.53
200756,-1.5495,1.36298,8.34051,-35.35,13.44,1.96,-9.4532,-26.5799,-35.3429,1014.55
200762,-1.36298,1.38211,8.34051,-40.32,23.1,4.13,-8.82298,-26.6088,-34.6624,1014.55
200768,-1.12865,1.34864,8.70397,-44.8,30.03,7,-9.30997,-25.8564,-35.6548,1014.52
200774,-1.25299,1.50646,9.01004,-50.26,33.6,10.22,-9.25268,-25.9722,-35.9808,1014.52
200780,-1.42037,1.53515,9.08656,-49.91,38.57,14.42,-9.0808,-25.7985,-35.1444,1014.5
200786,-1.22908,1.53037,9.22525,-45.29,43.61,19.6,-8.36463,-25.0461,-36.0942,1014.5
200792,-1.09995,1.46341,9.98565,-36.96,48.93,24.22,-8.33599,-25.9722,-34.5348,1014.5
200798,-1.14778,1.03778,10.88,-23.45,53.2,30.52,-8.82298,-25.0461,-35.5555,1014.51
200804,-1.16212,0.961262,10.7461,-11.69,54.88,34.79,-8.70839,-25.567,-36.0375,1014.51
200810,-1.2769,0.980392,10.2391,-10.43,51.45,35,-8.39328,-25.1619,-36.8173,1014.53
200816,-1.16212,1.0043,9.79436,-16.87,44.87,31.85,-8.42193,-25.2487,-35.8532,1014.53
200822,-1.01865,1.24342,9.31612,-31.57,16.94,25.41,-8.76569,-25.1329,-35.3429,1014.55
200828,-0.114778,0.822573,8.90483,-5.11,11.69,4.69,-8.2214,-24.9883,-36.9165,1014.55
200834,-0.49737,1.47298,9.66045,0.56,3.99,-8.47,-8.59381,-24.8146,-35.9383,1014.52
200840,-1.26734,2.09469,9.87566,7.98,0.98,-7.28,-8.16411,-24.9304,-35.9241,1014.52
200846,-1.38211,1.45863,10.8847,27.23,-4.13,-10.29,-7.76305,-25.5092,-35.9383,1014.5
200852,-1.50167,1.48254,10.1052,40.25,1.05,-13.02,-8.16411,-25.0751,-35.754,1014.5
200858,-1.59254,1.04735,10.1004,46.41,-7.63,-19.46,-8.02087,-24.9593,-35.598,1014.49
200864,-1.48733,1.17647,9.71305,50.33,-7.91,-27.09,-7.64847,-25.7407,-36.5337,1014.49
200870,-1.42516,1.0856,10.4256,62.79,-7.28,-28.84,-8.19275,-26.0011,-36.0517,1014.51
200876,-1.10473,1.51602,9.70827,67.55,-9.24,-31.01,-7.64847,-26.2037,-36.151,1014.51
200882,-0.832138,1.18604,9.99522,68.95,-3.92,-35.63,-7.16148,-26.4063,-36.3494,1014.51
200888,-0.593018,1.39168,10.5595,81.62,14.14,-34.86,-7.56253,-26.551,-35.6406,1014.5
200894,-0.97561,1.67862,10.3874,79.17,20.86,-27.02,-7.99223,-26.6378,-34.5631,1014.5
200900,-1.29125,2.24773,10.0191,63.7,16.03,-26.18,-7.16148,-26.522,-34.0953,1014.54
200906,-0.526064,1.81731,9.71305,51.03,32.62,-25.06,-6.9896,-26.8982,-35.6689,1014.54
200912,-0.636059,2.3912,10.3874,44.66,57.4,-12.74,-6.87501,-27.6506,-34.393,1014.51
200918,-0.97561,2.84075,10.2822,31.64,69.86,0.77,-6.1302,-27.7664,-33.755,1014.51
200924,-1.46341,2.52511,10.4352,10.15,69.16,13.23,-6.24479,-27.3034,-34.5631,1014.48
200930,-1.36298,1.45863,11.0952,-6.58,65.66,10.08,-6.5599,-28.7214,-34.7191,1014.48
200936,-1.23386,0.879962,11.1143,-17.78,61.95,2.24,-5.49997,-27.3323,-34.6198,1014.51
200942,-1.56863,0.827355,10.8369,-21.35,52.71,-4.2,-5.38539,-27.5059,-34.9175,1014.51
200948,-1.61167,0.444763,10.9278,-16.94,44.31,-11.13,-5.44268,-27.3034,-35.1018,1014.51
200954,-2.1186,0.382592,10.5452,-10.57,49.21,-14.28,-4.55464,-27.6506,-34.8892,1014.51
200960,-2.7977,0.908656,10.7987,-2.24,52.08,-5.32,-4.8411,-28.0847,-34.6765,1014.51
200966,-3.33333,1.46341,11.1334,3.36,43.05,10.22,-5.35674,-27.3612,-34.2796,1014.51
200972,-3.39072,1.25299,11.1717,10.5,30.17,19.74,-4.75516,-28.3741,-35.0877,1014.51
200978,-3.13725,0.918221,10.9326,23.03,18.83,27.02,-4.09629,-27.94,-34.5206,1014.54
200984,-2.61597,0.813008,10.2391,34.51,13.16,31.29,-4.039,-27.8243,-35.5839,1014.54
200990,-2.30512,0.779531,9.78479,43.33,10.08,32.76,-4.09629,-28.432,-35.5272,1014.51
200996,-1.92252,0.870397,9.07221,47.95,10.64,32.27,-4.4114,-28.432,-35.1444,1014.51
201002,-1.51124,0.808226,8.90961,52.92,15.61,29.54,-4.4114,-28.4899,-35.4846,1014.53
201008,-1.23386,0.722142,8.80918,60.34,25.48,25.69,-4.75516,-29.3291,-33.6132,1014.53
201014,-0.875179,0.85605,8.78049,70.35,37.45,21.98,-5.2708,-28.8082,-33.6132,1014.53
201020,-0.927786,1.04735,8.73266,76.44,47.11,20.09,-4.52599,-29.5895,-33.5849,1014.53
201026,-0.798661,1.42516,8.79962,88.62,54.25,17.92,-4.61193,-29.3291,-33.3864,1014.51
201032,-0.846485,1.47298,8.49354,94.01,64.96,17.43,-4.29682,-30.0236,-33.5565,1014.51
201038,-0.669536,1.42994,8.54615,100.03,74.41,17.29,-4.01035,-29.9947,-32.309,1014.54
201044,-0.693448,1.82209,8.51745,109.41,84.21,19.81,-4.21088,-30.1973,-32.4649,1014.54
201050,-0.5978,2.09469,8.35485,114.66,92.19,25.2,-3.40877,-31.1522,-31.6852,1014.54
201056,-0.640842,2.46772,7.91965,116.06,100.31,33.18,-3.40877,-31.1522,-31.7702,1014.52
201062,-1.34385,1.97035,8.62267,114.94,142.52,37.94,-3.40877,-32.0783,-30.7778,1014.52
201068,-2.0373,2.27642,10.856,110.81,152.6,39.34,-2.29156,-31.731,-31.5717,1014.5
201074,-4.30894,3.09421,9.08178,99.12,134.47,35.98,-2.26291,-33.4384,-30.7353,1014.5
201080,-7.58967,4.35677,10.9708,84,103.18,30.87,-2.29156,-33.3227,-31.4441,1014.51
201086,-7.13056,5.055,10.3252,64.12,55.23,20.58,-1.91915,-33.149,-29.2325,1014.51
201092,-6.04974,4.9737,9.95218,56.84,33.04,17.78,-2.11968,-33.9883,-29.3176,1014.55
201098,-3.8307,4.40937,9.01482,53.06,20.23,15.89,-2.29156,-33.4384,-29.4026,1014.55
201104,-3.3429,4.01722,8.57484,45.22,14.91,11.97,-2.60667,-34.596,-28.6796,1014.55
201110,-3.16595,3.6968,8.67527,35.7,14.14,10.15,-1.71862,-34.6249,-29.2183,1014.55
201116,-2.52989,3.51506,7.19273,30.73,8.68,8.96,-1.74727,-33.9883,-29.1474,1014.51
201122,-2.77379,3.01769,7.6901,33.18,8.96,7.91,-1.63268,-34.8275,-28.7363,1014.51
201128,-2.32903,2.59206,7.73792,37.38,13.58,8.96,-2.00509,-34.567,-29.2609,1014.51
201134,-2.81205,2.98422,8.26399,50.47,20.72,9.87,-1.4608,-34.6538,-28.4102,1014.53
201140,-1.84122,2.15686,8.90483,65.1,30.31,5.46,-1.37486,-35.0879,-30.2958,1014.53
201146,-2.0373,3.25203,9.34481,64.26,30.59,8.26,-1.71862,-34.5381,-28.4811,1014.49
201152,-2.22382,3.56289,9.23003,59.15,36.26,8.89,-1.5181,-34.4223,-27.347,1014.49
201158,-2.43424,3.57724,8.87613,54.11,31.78,13.23,-1.28892,-35.4931,-27.9566,1014.51
201164,-3.08943,3.74462,8.28312,56.84,41.58,16.87,-1.83321,-36.2744,-27.829,1014.51
201170,-3.06074,3.64897,8.83309,59.36,45.08,16.31,-1.31757,-35.8114,-26.2695,1014.5
201176,-3.63462,3.94548,8.14921,61.32,52.78,19.88,-0.859225,-36.3034,-27.432,1014.5
201182,-3.68723,4.30894,8.38355,63.91,51.87,21.91,-0.945166,-36.4191,-26.9642,1014.51
201188,-3.32855,3.69201,8.70875,63.21,45.78,15.89,-1.00246,-36.7085,-26.553,1014.51
201194,-3.71592,3.92635,8.42659,59.78,38.5,8.54,-1.05975,-36.1587,-27.0351,1014.53
201200,-4.13199,4.15591,8.22573,62.93,33.67,5.74,-1.4608,-37.2005,-25.9434,1014.53
201206,-4.53372,4.40937,8.08226,56.7,20.44,5.32,-0.6587,-36.94,-25.7308,1014.52
201212,-4.945,4.66284,7.93878,51.38,5.74,5.11,-1.00246,-37.4609,-25.2346,1014.52
201218,-4.91631,4.71066,7.9627,48.23,-7.77,1.96,-0.257647,-36.94,-25.1495,1014.52
201224,-4.52893,4.63415,8.21138,44.8,-19.6,-3.08,-0.40088,-36.7085,-24.6533,1014.56
201230,-4.08417,4.6198,7.98183,38.71,-29.12,-3.22,-1.8905,-37.5188,-25.3338,1014.56
201236,-3.64897,4.62936,7.91009,38.01,-29.12,3.08,-0.916519,-37.0268,-24.6391,1014.53
201242,-3.16595,4.43807,8.10139,39.27,-27.37,10.22,-0.973812,-37.432,-23.7743,1014.53
201248,-2.96031,4.28025,8.34529,42.56,-22.68,15.82,-2.17697,-37.5188,-23.0796,1014.54
201254,-2.70684,4.25634,8.13008,43.4,-16.52,20.58,-0.57276,-37.3162,-23.8736,1014.54
201260,-2.74988,4.38546,8.06313,46.13,-10.71,25.55,-1.86186,-38.2712,-24.1146,1014.51
201266,-2.989,4.53372,8.26399,42.42,-8.96,31.29,-1.77592,-37.9529,-23.6751,1014.51
201272,-3.16117,4.7824,7.91009,42.28,-7.63,33.95,-1.11705,-38.6764,-23.1222,1014.54
201278,-3.10856,4.84457,7.82401,40.67,-6.37,33.18,-1.9478,-37.6924,-22.5976,1014.54
