Timestamp,AccX,AccY,AccZ,AngularVelX,AngularVelY,AngularVelZ,MagX,MagY,MagZ,AirPressure
376682,0.368245,9.7274,0.942133,1.68,-3.78,0.49,-23.5826,-45.7512,12.1734,1014.85
376688,0.382592,9.76566,0.942133,2.1,-3.36,0,-23.8731,-47.0157,10.4889,1014.85
376694,0.382592,9.77044,0.932568,1.75,-3.43,-0.14,-23.7569,-47.4166,11.4789,1014.82
376700,0.363462,9.76088,0.942133,2.24,-3.01,0.42,-24.1346,-46.4605,12.7497,1014.82
376706,0.416069,9.78957,0.927786,1.96,-3.08,0.56,-23.6116,-46.0596,12.794,1014.82
376712,0.401722,9.78957,0.903874,2.17,-3.29,0.14,-24.9192,-48.0025,12.2621,1014.86
376718,0.406504,9.79914,0.946915,2.31,-3.36,0.07,-23.8731,-46.3063,13.1635,1014.86
376724,0.392157,9.76566,0.913438,2.1,-3.15,0.35,-23.5535,-46.5839,11.3607,1014.83
376730,0.416069,9.81349,0.913438,2.03,-3.29,0.14,-24.4252,-47.725,11.7301,1014.83
376736,0.392157,9.81827,0.889526,1.82,-3.22,0,-23.9022,-47.3857,10.9322,1014.83
376742,0.382592,9.79914,0.908656,1.68,-3.29,0.07,-24.1056,-46.183,12.2769,1014.83
376748,0.37781,9.8087,0.93735,1.89,-3.71,0,-23.6116,-46.8615,12.07,1014.8
376754,0.382592,9.78001,0.927786,1.75,-3.01,0.07,-24.3671,-48.2184,10.7845,1014.8
376760,0.411286,9.78957,0.966045,1.96,-3.57,0.07,-23.7569,-45.5045,11.9222,1014.83
376766,0.396939,9.78479,0.913438,1.75,-3.08,0.28,-23.786,-46.6764,11.1243,1014.83
376772,0.349115,9.78479,0.932568,2.17,-3.01,0.21,-24.7448,-47.7558,11.7006,1014.83
376778,0.396939,9.78479,0.927786,1.68,-3.43,-0.14,-23.8441,-46.368,11.4937,1014.83
376784,0.396939,9.76566,0.946915,1.96,-3.43,0.07,-24.7158,-46.183,12.5872,1014.83
376790,0.406504,9.75131,0.923003,1.82,-2.66,0.7,-24.2799,-47.2624,10.8288,1014.83
376796,0.387374,9.7561,0.932568,2.1,-3.15,0.21,-23.815,-47.5708,11.9813,1014.83
376802,0.411286,9.79436,0.93735,2.17,-3.15,-0.35,-23.6988,-46.8615,11.937,1014.82
376808,0.373027,9.79436,0.951698,2.31,-3.64,0.7,-23.7569,-47.6016,11.4789,1014.82
376814,0.382592,9.79914,0.95648,2.31,-3.5,0.77,-24.0765,-48.3726,11.7745,1014.83
376820,0.420851,9.79914,0.918221,2.17,-3.36,0.7,-23.7569,-46.0905,12.2325,1014.83
376826,0.401722,9.78957,0.908656,1.75,-3.22,0.49,-23.786,-46.5531,11.0209,1014.83
376832,0.392157,9.79436,0.932568,2.24,-3.57,0.42,-23.9894,-47.6941,12.1439,1014.86
376838,0.401722,9.77523,0.942133,2.03,-3.36,0.63,-24.3671,-46.3372,11.0948,1014.86
376844,0.392157,9.77044,0.946915,2.03,-3.29,0.77,-23.8731,-45.597,11.346,1014.8
376850,0.425634,9.81349,0.932568,1.61,-3.29,0.63,-23.6116,-47.0465,11.1539,1014.8
376856,0.396939,9.79436,0.927786,2.24,-3.43,0.35,-24.4833,-46.9848,11.3164,1014.82
376862,0.430416,9.7561,0.908656,2.1,-3.85,0.28,-23.6988,-45.0419,12.6906,1014.82
376868,0.425634,9.78957,0.913438,2.1,-3.22,0.63,-24.5705,-46.8615,12.2325,1014.82
376874,0.401722,9.76566,0.932568,1.96,-3.57,0.77,-24.0184,-47.725,12.1882,1014.82
376880,0.37781,9.75131,0.95648,2.1,-2.87,0.7,-24.1346,-46.4914,12.5281,1014.82
376886,0.396939,9.7561,0.93735,2.24,-3.43,0.84,-23.6988,-46.1213,11.5972,1014.83
376892,0.396939,9.76088,0.946915,2.38,-2.94,0.28,-24.4833,-48.1259,11.804,1014.83
376898,0.425634,9.78957,0.951698,2.03,-3.43,0.21,-23.2048,-46.8306,12.4985,1014.86
376904,0.425634,9.78957,0.923003,2.03,-3.57,0.84,-24.1637,-45.7204,12.6463,1014.86
376910,0.406504,9.81827,0.951698,2.38,-3.99,0.21,-23.7278,-46.3989,11.5972,1014.84
376916,0.416069,9.80392,0.932568,2.38,-3.36,0.56,-24.4833,-47.139,13.0452,1014.84
376922,0.45911,9.76088,0.908656,1.96,-3.43,0.42,-23.9022,-46.4605,11.5972,1014.79
376928,0.411286,9.78001,0.899091,2.24,-3.57,0.21,-24.1637,-47.2007,11.7006,1014.79
376934,0.430416,9.78479,0.913438,2.31,-3.08,0.14,-24.1056,-47.8175,11.1539,1014.82
376940,0.430416,9.79436,0.927786,1.75,-3.29,0,-23.9022,-46.4605,13.3408,1014.82
376946,0.435198,9.79436,0.946915,1.75,-3.29,0.07,-24.1637,-46.2447,11.6119,1014.82
376952,0.37781,9.77523,0.946915,2.17,-3.5,0.49,-24.6286,-48.1567,11.6267,1014.83
376958,0.416069,9.78479,0.932568,1.89,-3.43,0.28,-24.0475,-46.6764,12.3951,1014.83
376964,0.416069,9.78479,0.918221,1.61,-2.8,0.21,-24.2218,-46.0905,13.3555,1014.8
376970,0.435198,9.81827,0.93735,1.82,-2.73,-0.07,-24.4543,-47.5708,12.336,1014.8
376976,0.396939,9.80392,0.923003,1.47,-2.94,0.42,-24.1928,-47.2007,12.1143,1014.82
376982,0.396939,9.79914,0.923003,1.54,-3.29,0.77,-24.2218,-45.4737,12.5133,1014.82
376988,0.430416,9.78479,0.961262,1.82,-3.36,0.35,-23.5826,-46.1213,11.3755,1014.82
376994,0.435198,9.76088,0.966045,1.54,-3.36,-0.07,-24.1056,-47.139,11.5233,1014.82
377000,0.45911,9.80392,0.923003,1.54,-3.36,0.49,-24.1346,-46.0288,12.6167,1014.82
377006,0.439981,9.79914,0.942133,1.82,-3.29,0.35,-23.815,-46.3372,12.4985,1014.81
377012,0.406504,9.79436,0.927786,1.89,-3.36,-0.14,-24.309,-46.8306,10.1491,1014.81
377018,0.406504,9.78957,0.942133,1.96,-3.15,-0.21,-24.1928,-46.3989,11.9666,1014.82
377024,0.435198,9.76088,0.93735,1.61,-3.01,0.14,-23.4373,-45.412,13.1782,1014.82
377030,0.449546,9.79436,0.923003,1.4,-3.29,-0.42,-23.3792,-46.6456,11.3312,1014.83
377036,0.37781,9.79914,0.923003,1.96,-2.94,0,-23.815,-46.7689,13.3408,1014.83
377042,0.353898,9.78957,0.927786,1.68,-3.22,0,-23.9022,-45.1344,12.7054,1014.8
377048,0.387374,9.78479,0.942133,1.89,-2.8,0.14,-24.4252,-46.3372,13.2964,1014.8
377054,0.435198,9.79914,0.903874,1.75,-3.43,0.14,-24.1056,-47.0465,12.9861,1014.85
377060,0.439981,9.79436,0.942133,1.89,-3.5,0.07,-23.4954,-46.3372,12.2178,1014.85
377066,0.449546,9.79914,0.913438,1.61,-3.15,-0.14,-24.3671,-46.7073,10.1195,1014.85
377072,0.425634,9.79914,0.913438,1.61,-2.94,0,-23.9022,-46.8923,9.89787,1014.84
377078,0.406504,9.7561,0.951698,1.68,-3.01,0,-23.9894,-46.4297,12.9861,1014.84
377084,0.401722,9.79436,0.932568,1.47,-2.94,-0.07,-24.1637,-45.5045,11.4198,1014.84
377090,0.444763,9.77523,0.923003,1.61,-2.94,-0.14,-24.0765,-47.0157,10.9765,1014.84
377096,0.425634,9.78479,0.927786,1.54,-3.29,-0.14,-24.1637,-46.6456,12.4985,1014.81
377102,0.430416,9.78957,0.946915,1.82,-3.29,-0.07,-23.4082,-45.6895,12.4837,1014.81
377108,0.416069,9.79914,0.889526,1.61,-2.87,-0.35,-23.9894,-46.5222,11.804,1014.81
377114,0.420851,9.79436,0.951698,1.54,-3.08,-0.28,-24.2218,-47.0465,11.0061,1014.81
377120,0.392157,9.78479,0.927786,1.82,-3.08,-0.28,-24.7158,-45.6279,13.3112,1014.81
377126,0.382592,9.77044,0.970827,1.54,-2.87,-0.28,-24.338,-46.0596,13.2226,1014.84
377132,0.411286,9.77044,0.951698,1.54,-3.15,0.21,-23.9603,-47.4166,11.2277,1014.84
377138,0.420851,9.79436,0.927786,1.68,-3.36,0.21,-23.8731,-46.3989,11.9813,1014.81
377144,0.368245,9.78957,0.932568,1.61,-2.87,-0.21,-23.815,-45.8129,14.5968,1014.81
377150,0.425634,9.79914,0.951698,1.82,-2.66,0,-24.0475,-46.7381,12.3803,1014.81
377156,0.396939,9.80392,0.927786,1.54,-3.15,0.14,-23.815,-47.2932,11.7597,1014.81
377162,0.425634,9.78001,0.918221,1.68,-3.08,0,-23.7278,-45.9671,12.8236,1014.81
377168,0.416069,9.78001,0.918221,1.54,-3.15,0.28,-24.2218,-46.6764,12.203,1014.81
377174,0.425634,9.78001,0.93735,1.96,-3.15,0.14,-23.7569,-47.2007,11.8631,1014.81
377180,0.439981,9.78479,0.918221,1.75,-2.94,-0.07,-24.8029,-45.6895,12.7349,1014.81
377186,0.425634,9.78479,0.899091,1.82,-3.29,0.07,-24.0184,-45.6279,12.7054,1014.81
377192,0.387374,9.77523,0.95648,2.03,-3.92,-0.49,-23.5244,-47.3857,12.5872,1014.83
377198,0.406504,9.79914,0.95648,1.75,-2.94,0.35,-24.0184,-46.1521,12.5281,1014.83
377204,0.411286,9.78957,0.966045,1.61,-2.94,-0.07,-23.6697,-46.2138,12.4099,1014.83
377210,0.382592,9.78479,0.927786,1.96,-2.94,-0.21,-23.7278,-47.0773,12.8236,1014.83
377216,0.439981,9.79914,0.961262,1.82,-3.29,-0.07,-23.9894,-47.0465,12.8975,1014.81
377222,0.425634,9.79436,0.932568,1.75,-3.22,0.07,-23.6116,-45.8437,13.0305,1014.81
377228,0.420851,9.76088,0.951698,1.96,-3.43,17.85,-23.9312,-46.2447,12.6463,1014.82
377234,0.406504,9.79436,0.903874,1.47,-3.01,0.14,-23.5535,-47.2315,11.1095,1014.82
377240,0.420851,9.82783,0.923003,1.61,-3.43,0.42,-23.6988,-45.7204,11.8484,1014.82
377246,0.454328,9.8087,0.93735,1.82,-3.22,0.14,-23.4082,-46.1521,11.7597,1014.84
377252,0.454328,9.79436,0.923003,2.17,-3.01,-0.07,-23.1177,-47.4782,11.7154,1014.84
377258,0.435198,9.78957,0.951698,1.68,-3.15,-0.35,-23.815,-46.6147,12.0552,1014.82
377264,0.382592,9.78479,0.908656,1.68,-3.43,-0.14,-23.4663,-46.3063,11.8188,1014.82
377270,0.373027,9.78479,0.932568,1.61,-3.78,-0.07,-24.5414,-47.725,9.9422,1014.8
377276,0.435198,9.78479,0.908656,1.82,-3.08,-0.28,-23.4082,-46.5222,10.9027,1014.8
377282,0.382592,9.78479,0.93735,1.54,-2.87,-0.21,-23.5535,-45.7821,12.2916,1014.8
377288,0.435198,9.74175,0.932568,2.17,-3.01,0,-24.0475,-46.5222,11.7449,1014.8
377294,0.387374,9.78001,0.932568,1.68,-3.36,0.07,-23.9312,-47.1698,11.4642,1014.8
377300,0.396939,9.76088,0.923003,1.61,-3.08,0.35,-23.6697,-46.2447,12.1734,1014.85
377306,0.416069,9.7561,0.93735,1.68,-2.94,0.14,-23.6407,-46.3063,12.7793,1014.85
377312,0.449546,9.78001,0.946915,1.47,-3.15,-0.35,-24.1056,-47.0157,10.5185,1014.8
377318,0.468675,9.78001,0.903874,1.75,-2.87,-0.21,-23.4373,-46.5531,12.2621,1014.8
377324,0.420851,9.74653,0.946915,1.68,-3.01,0.07,-23.9022,-46.368,12.5428,1014.82
377330,0.420851,9.76088,0.942133,1.75,-2.87,0,-23.4373,-47.2932,11.1391,1014.82
377336,0.416069,9.78957,0.927786,1.96,-3.01,-0.91,-23.9894,-47.4474,11.2425,1014.82
377342,0.396939,9.7561,0.946915,1.89,-3.15,0.14,-23.6697,-46.2755,11.9961,1014.82
377348,0.416069,9.77523,0.93735,1.68,-3.01,0.07,-24.338,-47.4474,11.4494,1014.82
377354,0.396939,9.78957,0.946915,1.47,-2.8,-0.21,-23.815,-47.9717,11.2573,1014.82
377360,0.401722,9.80392,0.966045,1.4,-3.22,-0.14,-23.6697,-47.3549,12.2473,1014.82
377366,0.425634,9.82783,0.932568,1.68,-3.15,-0.42,-24.0184,-46.4914,12.7793,1014.82
377372,0.449546,9.78957,0.884744,1.54,-3.5,-0.7,-23.7278,-47.6941,11.0652,1014.82
377378,0.420851,9.82783,0.946915,1.33,-3.22,-0.07,-24.3671,-47.4166,12.0848,1014.82
377384,0.439981,9.77523,0.946915,1.68,-3.08,-0.35,-23.0595,-46.368,11.9813,1014.82
377390,0.47824,9.79436,0.932568,1.61,-3.01,-0.49,-24.4252,-48.1567,12.1734,1014.81
377396,0.430416,9.77044,0.95648,1.75,-3.15,-0.42,-24.5124,-47.7866,12.602,1014.81
377402,0.473458,9.78479,0.951698,1.47,-3.08,-0.42,-23.4082,-46.2755,12.8236,1014.81
377408,0.416069,9.78957,0.932568,1.68,-2.94,-0.42,-23.5535,-46.7998,12.2473,1014.81
377414,0.401722,9.78479,0.918221,1.54,-3.01,-0.7,-24.1346,-46.8615,10.947,1014.81
377420,0.387374,9.80392,0.913438,1.68,-3.57,-0.77,-23.9603,-46.7381,12.6167,1014.84
377426,0.435198,9.78001,0.93735,1.33,-3.43,-0.21,-23.4082,-46.0596,11.9075,1014.84
377432,0.425634,9.79914,0.951698,1.4,-3.22,-0.77,-24.338,-46.8923,11.3164,1014.84
377438,0.435198,9.78001,0.951698,1.68,-2.87,-0.49,-24.1928,-46.6764,12.9123,1014.84
377444,0.392157,9.82305,0.908656,1.47,-3.15,-0.63,-23.6988,-45.9979,12.4394,1014.81
377450,0.387374,9.79436,0.942133,1.05,-3.01,-0.63,-24.3961,-46.9231,12.2178,1014.81
377456,0.420851,9.76088,0.951698,1.05,-2.94,-0.7,-23.2048,-46.7689,12.6167,1014.82
377462,0.392157,9.76088,0.93735,1.33,-2.87,-0.63,-23.2048,-45.9054,11.7449,1014.82
377468,0.425634,9.7561,0.966045,1.61,-3.01,-0.28,-23.786,-46.3989,11.1391,1014.82
377474,0.37781,9.78001,0.942133,1.33,-2.66,0,-24.2799,-47.725,11.8779,1014.83
377480,0.401722,9.7274,1.0043,1.54,-2.94,-0.56,-23.8731,-45.9979,10.7992,1014.83
377486,0.392157,9.74653,0.946915,1.68,-3.22,-0.49,-23.2339,-46.3063,11.9222,1014.83
377492,0.353898,9.76088,0.970827,1.96,-3.08,0,-23.8731,-46.8306,11.213,1014.83
377498,0.411286,9.77523,0.942133,1.96,-3.01,-0.35,-23.4663,-46.2755,12.1439,1014.82
377504,0.387374,9.78479,0.946915,1.75,-2.8,-0.14,-23.2629,-45.5353,12.0848,1014.82
377510,0.416069,9.8087,0.942133,1.54,-3.01,0,-23.4373,-46.7998,11.6563,1014.82
377516,0.420851,9.79436,0.946915,1.89,-3.15,-0.63,-23.4082,-46.2447,11.9518,1014.82
377522,0.47824,9.79436,0.923003,1.4,-2.59,-0.14,-23.9022,-45.0419,13.4147,1014.82
377528,0.430416,9.80392,0.913438,1.54,-2.73,-0.28,-23.8441,-46.6147,11.7301,1014.83
377534,0.387374,9.81349,0.951698,1.89,-2.94,-0.35,-23.5826,-47.2315,11.7449,1014.83
377540,0.392157,9.80392,0.980392,1.33,-2.73,-0.49,-23.6407,-45.8746,13.0748,1014.79
377546,0.401722,9.76088,0.970827,1.47,-3.08,-0.56,-23.1177,-45.7204,12.3655,1014.79
377552,0.406504,9.78001,0.961262,2.1,-3.64,-0.49,-24.0475,-47.5708,11.2869,1014.8
377558,0.425634,9.76566,0.985174,1.82,-3.15,-0.63,-23.292,-46.954,12.5281,1014.8
377564,0.396939,9.78957,0.946915,1.82,-2.87,-0.42,-23.5535,-46.3989,13.3112,1014.8
377570,0.387374,9.78957,0.942133,1.82,-3.08,-0.56,-23.7278,-47.5399,11.6119,1014.8
377576,0.37781,9.76088,0.932568,1.89,-3.36,-0.49,-24.2509,-46.8923,12.1587,1014.82
377582,0.401722,9.77044,0.932568,1.82,-3.15,-0.28,-23.1758,-45.6587,12.1291,1014.82
377588,0.411286,9.75131,0.95648,1.82,-2.8,-0.21,-23.6697,-46.3063,12.6906,1014.82
377594,0.387374,9.78957,0.942133,1.54,-3.01,0.07,-22.9724,-46.7998,10.814,1014.83
377600,0.396939,9.81349,0.942133,1.54,-3.78,-0.14,-23.6407,-45.597,13.0157,1014.83
377606,0.435198,9.80392,0.946915,1.19,-3.15,-0.63,-22.9433,-46.0905,12.8975,1014.79
377612,0.425634,9.83261,0.875179,1.82,-3.22,-0.42,-23.815,-46.7689,11.7449,1014.79
377618,0.37781,9.82305,0.93735,1.61,-3.22,-0.42,-22.9433,-46.2138,12.4542,1014.83
377624,0.37781,9.79914,0.97561,1.26,-3.22,-0.35,-22.5075,-46.2755,12.1734,1014.83
377630,0.373027,9.77523,0.970827,1.54,-2.94,-0.28,-23.3211,-46.7381,11.5528,1014.81
377636,0.406504,9.77523,0.961262,1.47,-3.01,-0.14,-23.1177,-46.8923,11.5676,1014.81
377642,0.468675,9.78001,0.95648,1.54,-3.29,-0.35,-23.8731,-45.6895,12.5576,1014.81
377648,0.416069,9.77523,0.980392,1.75,-3.15,-0.42,-23.3501,-46.7381,10.8583,1014.82
377654,0.430416,9.78479,0.985174,1.89,-3.64,-0.84,-23.5826,-47.2007,11.8927,1014.82
377660,0.406504,9.78479,0.961262,1.54,-3.01,-0.49,-23.4373,-46.0905,11.8927,1014.8
377666,0.425634,9.77523,0.961262,2.17,-3.01,-0.49,-23.3501,-46.4297,12.1882,1014.8
377672,0.387374,9.77044,0.970827,1.75,-3.57,-0.98,-23.292,-47.324,11.8631,1014.82
377678,0.368245,9.77523,0.966045,1.61,-3.36,-0.49,-24.1346,-47.9717,10.2082,1014.82
377684,0.406504,9.78957,0.961262,1.82,-3.5,-0.49,-23.5535,-45.3503,12.5872,1014.82
377690,0.382592,9.74653,0.97561,1.96,-3.43,-0.77,-23.6407,-47.0773,12.1291,1014.82
377696,0.411286,9.76566,0.966045,1.96,-2.8,-0.42,-23.9603,-46.8306,11.6563,1014.82
377702,0.37781,9.78957,0.93735,1.68,-3.01,-0.21,-23.9603,-45.8437,11.7301,1014.8
377708,0.387374,9.78001,0.970827,1.47,-2.94,-0.42,-23.786,-47.2007,12.4985,1014.8
377714,0.392157,9.8087,0.932568,1.75,-2.94,-0.42,-23.6116,-47.0773,11.804,1014.82
377720,0.353898,9.78479,0.95648,1.47,-3.22,-0.28,-23.1177,-46.3372,12.2325,1014.82
377726,0.396939,9.79914,0.97561,1.47,-3.29,-0.28,-23.4954,-46.2447,12.2916,1014.81
377732,0.387374,9.76566,0.980392,1.4,-2.73,-0.63,-23.4663,-47.1082,11.7154,1014.81
377738,0.420851,9.76566,0.999522,1.96,-3.64,-0.28,-23.9894,-45.8129,12.7793,1014.82
377744,0.37781,9.76566,0.961262,1.54,-3.08,-0.07,-23.0305,-45.7204,12.927,1014.82
377750,0.387374,9.78001,0.985174,2.31,-3.36,-0.28,-23.2339,-46.7073,11.5972,1014.8
377756,0.392157,9.78479,0.985174,2.17,-3.08,-0.49,-23.8731,-46.8306,11.8188,1014.8
377762,0.387374,9.78001,0.966045,1.75,-2.66,-0.07,-23.815,-46.3372,12.0404,1014.8
377768,0.439981,9.78957,0.980392,2.1,-3.29,-0.14,-24.1346,-46.3989,12.5872,1014.86
377774,0.416069,9.80392,0.951698,1.82,-2.8,-0.7,-23.2339,-47.0157,11.1391,1014.86
377780,0.37781,9.79436,1.0043,2.17,-3.43,-0.56,-23.292,-46.0596,12.1882,1014.84
377786,0.416069,9.79436,0.95648,2.52,-3.36,-0.28,-23.0305,-46.3372,11.8188,1014.84
377792,0.420851,9.78957,0.95648,1.68,-3.08,-0.49,-24.2799,-47.6016,12.5428,1014.85
377798,0.430416,9.81349,0.93735,1.89,-2.66,-0.77,-23.5826,-46.1521,12.5724,1014.85
377804,0.411286,9.80392,0.932568,1.47,-2.8,-0.63,-23.2629,-46.2138,13.3851,1014.85
377810,0.37781,9.79914,0.946915,1.4,-2.94,-0.42,-23.3792,-47.5708,13.5181,1014.85
377816,0.368245,9.8087,0.932568,1.47,-3.01,-0.07,-24.1056,-47.2932,12.4246,1014.85
377822,0.382592,9.78479,0.913438,1.19,-3.08,-0.84,-23.292,-46.1213,12.2621,1014.87
377828,0.401722,9.77044,0.966045,1.33,-2.87,-0.63,-23.4663,-46.9231,12.1734,1014.87
377834,0.401722,9.77044,0.994739,1.68,-3.29,-0.35,-23.786,-47.2932,12.4837,1014.83
377840,0.368245,9.78957,0.970827,1.33,-3.01,-0.35,-23.8441,-45.9054,12.9566,1014.83
377846,0.396939,9.79436,0.951698,1.82,-2.87,-0.35,-23.4663,-46.4605,12.4837,1014.82
377852,0.344333,9.78479,0.97561,1.89,-2.59,-0.35,-23.786,-47.5708,12.336,1014.82
377858,0.406504,9.77044,0.942133,1.61,-2.8,-0.21,-23.7569,-45.9979,11.9813,1014.82
377864,0.396939,9.79436,0.961262,1.82,-3.15,-0.56,-23.4954,-46.1521,11.346,1014.82
377870,0.392157,9.79914,0.946915,1.89,-3.22,-0.35,-22.769,-47.0465,11.0948,1014.82
377876,0.382592,9.78957,0.95648,1.54,-2.73,-0.56,-23.4373,-47.4474,11.937,1014.85
377882,0.430416,9.79914,0.95648,1.12,-3.29,-0.77,-24.2799,-46.3063,10.2525,1014.85
377888,0.416069,9.79914,0.97561,1.89,-3.36,-0.21,-23.4373,-46.368,11.2573,1014.82
377894,0.37781,9.77044,0.994739,1.4,-3.15,-0.56,-23.292,-46.3989,12.0996,1014.82
377900,0.363462,9.78479,0.999522,1.47,-3.43,-0.77,-23.2339,-46.2138,12.602,1014.78
377906,0.406504,9.74175,0.961262,1.12,-3.36,0.14,-22.9143,-46.954,12.0404,1014.78
377912,0.430416,9.76088,0.95648,2.31,-3.36,-0.35,-22.9143,-47.4474,11.3755,1014.81
377918,0.392157,9.77523,0.980392,1.75,-3.15,0,-23.6116,-46.0905,11.8336,1014.81
377924,0.387374,9.77523,0.970827,1.89,-2.73,-0.21,-23.1177,-45.597,12.7202,1014.85
377930,0.387374,9.79436,0.946915,1.26,-2.66,-0.63,-23.292,-46.0288,12.9418,1014.85
377936,0.401722,9.78001,0.961262,1.47,-3.22,-0.56,-23.0305,-46.8615,10.9322,1014.85
377942,0.420851,9.77523,0.980392,1.96,-3.29,-0.14,-22.9724,-45.8746,12.9418,1014.85
377948,0.353898,9.77044,0.927786,1.54,-3.22,-0.7,-23.4954,-46.9848,11.4051,1014.85
377954,0.387374,9.78957,0.966045,1.54,-3.15,-0.91,-23.4373,-47.3857,10.4741,1014.82
377960,0.392157,9.75131,1.0043,1.61,-3.29,-0.35,-22.6237,-45.6895,12.1587,1014.82
377966,0.382592,9.78001,0.942133,1.47,-3.01,-0.07,-24.0765,-45.9979,11.9961,1014.82
377972,0.363462,9.79914,0.951698,1.82,-3.08,-0.35,-23.9022,-46.4297,11.3312,1014.82
377978,0.411286,9.78479,0.93735,1.47,-3.22,-0.7,-24.5705,-46.6764,13.1191,1014.82
377984,0.411286,9.78479,0.961262,1.47,-3.36,-0.42,-23.5244,-45.5045,11.9075,1014.82
377990,0.439981,9.79436,0.93735,1.61,-3.08,-0.91,-24.309,-47.3857,12.0996,1014.82
377996,0.411286,9.79436,0.93735,1.26,-2.73,-0.63,-24.4833,-46.8306,11.1686,1014.85
378002,0.334768,9.79914,0.93735,1.68,-2.94,-0.63,-22.9724,-46.1213,13.4885,1014.85
378008,0.37781,9.78001,0.951698,1.96,-3.71,-1.05,-23.1177,-46.8923,12.1291,1014.82
378014,0.373027,9.78001,1.0043,1.12,-3.08,-0.98,-23.6116,-47.139,10.5924,1014.82
378020,0.37781,9.77523,0.985174,1.47,-2.45,-0.35,-23.7278,-45.4428,12.6315,1014.81
378026,0.353898,9.76088,0.980392,1.47,-3.22,-0.84,-23.6988,-45.5353,12.0257,1014.81
378032,0.368245,9.75131,0.994739,1.61,-3.43,-1.12,-23.4954,-47.3549,11.2573,1014.82
378038,0.35868,9.7274,1.01865,1.96,-3.01,-0.77,-23.3792,-46.6147,12.4394,1014.82
378044,0.349115,9.77523,1.01387,1.82,-2.59,-0.14,-23.4663,-45.9363,12.336,1014.82
378050,0.33955,9.78001,0.980392,1.82,-3.15,-0.98,-23.6407,-46.5531,11.7154,1014.84
378056,0.396939,9.78479,0.942133,2.03,-3.29,-0.77,-23.3211,-46.7073,12.3508,1014.84
378062,0.37781,9.77523,0.913438,1.96,-3.15,-0.63,-23.5535,-45.6587,13.7397,1014.81
378068,0.382592,9.79436,0.942133,1.68,-2.94,-0.56,-23.4663,-46.9231,12.5872,1014.81
378074,0.334768,9.79914,0.97561,1.75,-3.08,-0.14,-23.786,-46.5839,11.0652,1014.84
378080,0.368245,9.78001,0.951698,1.89,-3.36,-0.77,-23.5244,-46.1213,11.671,1014.84
378086,0.382592,9.79914,0.93735,1.75,-3.08,-0.77,-23.2048,-45.412,11.3607,1014.79
378092,0.401722,9.81827,0.927786,1.33,-2.8,-0.56,-23.6116,-46.5839,11.4198,1014.79
378098,0.37781,9.81827,0.918221,1.12,-3.08,-0.91,-23.7569,-47.1082,12.5281,1014.82
378104,0.334768,9.80392,0.932568,1.54,-3.15,-1.12,-23.6988,-45.5045,12.9123,1014.82
378110,0.35868,9.74653,0.989957,1.68,-3.15,-0.7,-23.3792,-47.2932,11.937,1014.82
378116,0.392157,9.78479,0.961262,1.05,-2.94,-1.12,-23.8441,-46.7073,11.8336,1014.84
378122,0.430416,9.8087,0.927786,1.19,-2.94,-0.91,-22.6237,-45.6895,12.3212,1014.84
378128,0.363462,9.80392,0.951698,0.49,-3.01,-1.4,-23.815,-46.7381,11.8631,1014.83
378134,0.387374,11.0139,0.985174,1.61,-3.29,-1.19,-23.5244,-47.5399,11.2721,1014.83
378140,0.406504,9.78957,0.966045,0.77,-2.38,-0.98,-22.7109,-45.9054,11.7597,1014.8
378146,0.363462,9.84696,0.961262,1.26,-2.8,-1.61,-23.3792,-45.6895,12.9714,1014.8
378152,0.320421,9.82783,0.932568,0.91,-3.22,-1.12,-24.1637,-47.2315,11.3607,1014.83
378158,0.334768,9.75131,0.966045,0.98,-3.22,-0.98,-23.4954,-46.5839,11.7745,1014.83
378164,0.301291,9.77044,1.01865,0.7,-3.01,-1.26,-23.2339,-45.8746,13.2373,1014.83
378170,0.310856,9.77523,0.985174,0.84,-2.73,-1.19,-23.8441,-47.5708,12.0848,1014.83
378176,0.363462,9.79914,0.985174,1.33,-3.43,-1.05,-23.4373,-46.6764,10.9765,1014.83
378182,0.344333,9.78001,0.946915,1.19,-3.43,-1.05,-23.3792,-46.0596,12.5872,1014.84
378188,0.349115,9.81349,0.980392,0.84,-3.22,-0.7,-23.0886,-46.5531,11.6858,1014.84
378194,0.325203,9.78479,0.95648,0.84,-3.36,-1.12,-23.4954,-47.6941,11.6119,1014.83
378200,0.373027,9.76088,0.961262,0.63,-3.22,-0.63,-23.0595,-45.7821,12.2916,1014.83
378206,0.382592,9.77523,1.0043,0.77,-3.36,-0.91,-23.4663,-46.368,12.7497,1014.86
378212,0.349115,9.77523,1.00909,0.77,-3.01,-0.98,-23.6116,-47.3549,11.3607,1014.86
378218,0.349115,9.78001,0.999522,0.77,-2.66,-0.84,-22.798,-46.6147,12.5576,1014.86
378224,0.310856,9.76088,0.994739,0.7,-3.08,-0.63,-23.4663,-45.4737,11.8631,1014.85
378230,0.286944,9.79914,0.985174,1.05,-2.87,-0.63,-23.3792,-47.4474,11.0357,1014.85
378236,0.344333,9.73697,1.01865,0.63,-3.08,-0.56,-23.3211,-48.1259,11.5233,1014.83
378242,0.315638,9.79436,1.04735,1.26,-3.5,-0.7,-23.4082,-45.6895,13.193,1014.83
378248,0.310856,9.74175,1.04256,0.91,-3.29,-0.35,-23.8731,-46.6764,12.4542,1014.81
378254,0.329986,9.78001,0.989957,1.26,-3.43,-0.63,-23.4954,-46.7381,12.7497,1014.81
378260,0.306074,9.76566,1.0043,1.05,-3.43,-0.35,-23.4373,-46.4914,13.0748,1014.82
378266,0.334768,9.78479,0.999522,1.61,-3.08,-0.28,-22.8271,-46.2138,11.3903,1014.82
378272,0.35868,9.75131,0.999522,1.26,-3.15,-0.07,-23.4373,-47.6324,9.70578,1014.79
378278,0.353898,9.77523,1.04735,1.61,-3.5,-0.49,-23.9312,-46.7381,10.947,1014.79
378284,0.35868,9.78479,0.999522,1.61,-2.94,-0.42,-23.0305,-46.0905,12.1734,1014.79
378290,0.349115,9.7561,1.0043,1.75,-3.29,-0.35,-23.2629,-46.8923,9.95698,1014.83
378296,0.325203,9.78957,1.02343,2.03,-2.94,-0.21,-23.6116,-47.2624,10.9027,1014.83
378302,0.315638,9.81827,1.0043,1.82,-3.15,-0.14,-23.2048,-46.2447,12.6463,1014.82
378308,0.353898,9.7561,1.01387,2.17,-2.8,-0.21,-23.4373,-46.8615,11.6563,1014.82
378314,0.387374,9.77523,1.00909,1.96,-3.01,-0.21,-23.4082,-47.6324,11.5528,1014.84
378320,0.334768,9.81349,0.980392,2.24,-3.29,-0.14,-23.7278,-46.0905,13.193,1014.84
378326,0.33955,9.79914,0.961262,1.96,-3.29,-0.14,-23.292,-46.5839,13.0157,1014.84
378332,0.320421,9.81349,1.033,1.75,-2.94,0.21,-23.6407,-47.4166,10.9913,1014.84
378338,0.373027,9.78957,1.01387,1.89,-2.87,-0.77,-23.9022,-46.6147,11.1982,1014.84
378344,0.329986,9.76566,1.02343,1.61,-3.01,-0.28,-23.7278,-45.7821,11.8927,1014.79
378350,0.320421,9.78957,0.985174,2.24,-3.5,-0.07,-23.4954,-47.0157,12.3951,1014.79
378356,0.382592,9.78957,0.980392,2.24,-2.94,-0.63,-23.0305,-47.6633,11.213,1014.83
378362,0.439981,9.80392,0.999522,2.03,-3.01,-0.77,-23.7278,-45.9363,12.3803,1014.83
378368,0.430416,9.79436,0.97561,1.75,-3.08,-0.98,-23.9894,-46.7998,12.1439,1014.84
378374,0.363462,9.8374,0.985174,1.68,-3.08,-0.49,-24.2509,-47.8483,11.8779,1014.84
378380,0.315638,9.8374,0.946915,1.4,-2.73,-1.19,-23.5826,-46.2447,11.2721,1014.83
378386,0.282162,9.78001,1.0043,1.12,-2.94,-0.84,-23.2629,-45.8129,13.7693,1014.83
378392,0.37781,9.78479,1.00909,1.89,-3.01,-0.98,-23.9312,-47.5399,11.3164,1014.83
378398,0.325203,9.8087,0.93735,1.33,-3.01,-0.7,-23.5826,-46.2138,10.7697,1014.82
378404,0.315638,9.76566,0.989957,1.68,-2.94,-0.77,-23.9603,-46.1213,12.9861,1014.82
378410,0.282162,9.75131,1.02343,1.33,-2.73,-1.33,-23.7569,-48.0025,10.0456,1014.85
378416,0.282162,9.71305,1.07126,1.54,-3.08,-0.98,-23.4954,-46.7998,10.947,1014.85
378422,0.291726,9.7274,1.03778,1.89,-3.08,0.14,-23.4954,-46.368,11.2869,1014.85
378428,0.296509,9.77044,1.00909,2.24,-3.29,-0.14,-23.6988,-46.954,12.8679,1014.85
378434,0.282162,9.77523,1.01865,2.03,-3.15,-0.49,-24.1346,-47.7866,11.6415,1014.83
378440,0.349115,9.77523,0.970827,1.75,-3.57,0.14,-23.815,-46.4297,12.6463,1014.83
378446,0.416069,9.78001,0.966045,1.89,-3.01,-0.14,-23.6988,-46.3989,11.2277,1014.82
378452,0.411286,9.82305,0.942133,1.89,-2.59,-0.91,-24.309,-47.4166,11.4494,1014.82
378458,0.420851,9.8087,0.927786,1.26,-2.38,-0.56,-24.5124,-46.9848,12.4542,1014.82
378464,0.382592,9.82783,0.966045,1.54,-3.15,-0.91,-23.4082,-45.7204,13.1339,1014.85
378470,0.425634,9.82305,0.93735,0.84,-2.66,-0.84,-22.9433,-47.0773,11.4789,1014.85
378476,0.420851,9.79914,1.03778,0.98,-2.73,-1.19,-23.4954,-48.3109,11.804,1014.83
378482,0.382592,9.84218,0.97561,0.91,-2.24,-1.61,-23.292,-46.954,11.5233,1014.83
378488,0.363462,9.83261,1.0043,0.49,-2.66,-1.96,-23.3501,-46.954,12.6315,1014.82
378494,0.272597,9.83261,1.01387,0.98,-2.94,-1.82,-23.1177,-47.4782,10.814,1014.82
378500,0.315638,9.76566,1.04735,0.63,-2.66,-2.24,-23.2629,-45.7821,11.5381,1014.88
378506,0.277379,9.78957,1.04256,1.26,-3.15,-1.68,-23.7278,-47.1698,12.4985,1014.88
378512,0.248685,9.84218,1.02343,0.98,-2.94,-1.19,-23.8441,-48.4343,12.7793,1014.88
378518,0.263032,9.78001,1.033,1.12,-2.87,-1.47,-23.3211,-47.0157,10.2377,1014.83
378524,0.282162,9.78001,1.03778,1.61,-3.29,-1.33,-23.4373,-45.597,13.0157,1014.83
378530,0.267814,9.78957,0.989957,1.19,-3.5,-0.98,-22.7399,-47.5399,12.0848,1014.82
378536,0.277379,9.76566,1.00909,1.05,-3.64,-0.63,-23.5826,-47.2624,10.223,1014.82
378542,0.267814,9.75131,1.01865,1.19,-3.08,-0.28,-23.4663,-46.8306,11.9518,1014.8
378548,0.263032,9.7561,1.02343,1.47,-3.29,-0.91,-23.6697,-47.4166,11.1834,1014.8
378554,0.315638,9.77044,1.02822,1.4,-3.43,-0.91,-23.6407,-47.2624,10.7992,1014.82
378560,0.344333,9.75131,1.02343,1.26,-3.92,-0.35,-22.798,-46.5222,13.2373,1014.82
378566,0.329986,9.75131,0.999522,1.54,-3.85,-0.35,-23.4663,-46.6764,11.6415,1014.82
378572,0.33955,9.78001,1.01865,1.89,-2.73,-0.56,-23.786,-48.095,12.0257,1014.82
378578,0.315638,9.77523,1.02343,1.33,-3.08,-0.42,-24.0765,-46.4914,12.3655,1014.82
378584,0.320421,9.77044,1.033,1.75,-3.64,-0.35,-23.0886,-46.1521,13.4147,1014.81
378590,0.444763,9.83261,0.994739,1.61,-3.15,-0.7,-23.3501,-47.2932,12.4246,1014.81
378596,0.521282,9.88522,0.913438,1.12,-3.15,-1.96,-23.9603,-47.4474,11.4789,1014.82
378602,0.430416,9.84696,0.93735,1.4,-3.15,-2.17,-23.0886,-46.4914,12.3655,1014.82
378608,0.25825,9.81827,1.04735,0.98,-3.22,-1.96,-23.4082,-46.3372,11.2425,1014.85
378614,0.248685,9.73218,1.11908,1.19,-3.08,-1.75,-23.2629,-47.4474,10.8879,1014.85
378620,0.25825,9.71305,1.1143,1.75,-3.5,-1.54,-23.5535,-46.2138,11.937,1014.85
378626,0.301291,9.76566,1.04256,1.82,-3.15,-1.54,-22.8561,-45.8129,11.0209,1014.85
378632,0.310856,9.80392,0.970827,1.89,-3.57,-1.96,-23.4663,-47.6941,11.5085,1014.85
378638,0.272597,9.78479,1.0043,2.1,-3.29,-1.33,-23.0014,-46.8615,11.7892,1014.82
378644,0.23912,9.7274,1.0856,1.82,-3.5,-1.47,-23.3211,-46.7381,11.7745,1014.82
378650,0.272597,9.70349,1.0856,1.68,-3.5,-1.19,-22.769,-47.8792,11.213,1014.84
378656,0.243902,9.70349,1.09039,2.1,-3.57,-0.77,-23.292,-47.3549,10.4298,1014.84
378662,0.272597,9.68914,1.04735,3.08,-3.5,-0.84,-22.9143,-45.9054,11.3312,1014.83
378668,0.310856,9.77044,1.03778,2.73,-3.15,-0.28,-23.5535,-47.3549,9.92742,1014.83
378674,0.329986,9.78479,0.951698,2.87,-3.15,-0.84,-23.7278,-47.4782,11.1539,1014.83
378680,0.430416,9.84218,0.95648,2.31,-2.8,-0.84,-22.8561,-46.5531,11.5972,1014.83
378686,0.396939,9.90913,0.870397,1.75,-2.59,-1.12,-22.7109,-46.7381,11.8779,1014.83
378692,0.334768,9.87566,0.923003,1.4,-2.45,-1.19,-23.786,-47.1082,8.98173,1014.81
378698,0.23912,9.82305,0.985174,1.54,-2.45,-1.33,-23.5826,-46.5531,11.8779,1014.81
378704,0.224773,9.81349,1.01387,1.26,-2.59,-1.82,-23.8731,-47.2624,9.97175,1014.82
378710,0.286944,9.74653,1.06648,1.61,-2.45,-1.12,-22.8561,-47.6016,9.83876,1014.82
378716,0.234338,9.78001,1.07126,1.54,-2.66,-1.19,-23.5535,-46.8923,10.3264,1014.82
378722,0.263032,9.76088,1.07604,1.68,-3.22,-1.47,-22.8271,-46.2755,11.4051,1014.82
378728,0.291726,9.76088,1.02822,1.89,-2.87,-0.56,-23.5244,-47.139,10.2968,1014.81
378734,0.291726,9.73218,1.09517,2.17,-2.8,-0.91,-23.9603,-47.7866,11.2721,1014.81
378740,0.253467,9.75131,1.07126,2.31,-2.8,-0.77,-23.3792,-46.9231,10.4003,1014.81
378746,0.229555,9.77044,1.0043,2.45,-2.52,-0.77,-23.2339,-46.4914,11.937,1014.81
378752,0.263032,9.76566,1.02822,2.17,-2.59,-0.63,-23.6988,-48.3109,11.1686,1014.81
378758,0.248685,9.75131,0.999522,2.03,-3.08,-0.49,-23.8441,-47.2007,11.7597,1014.82
378764,0.243902,9.76566,0.989957,2.59,-3.15,-0.42,-23.0595,-46.7998,11.0504,1014.82
378770,0.234338,9.78957,0.999522,2.17,-2.66,-0.07,-22.8561,-47.9717,10.7549,1014.84
378776,0.224773,9.76088,1.04256,2.31,-3.5,0,-23.6697,-48.0025,10.7845,1014.84
378782,0.286944,9.76088,0.970827,1.89,-3.15,0.28,-23.2048,-46.3063,11.4051,1014.81
378788,0.272597,9.78957,1.01865,2.45,-3.01,0.35,-23.2629,-46.9848,11.6119,1014.81
378794,0.325203,9.8087,0.994739,2.24,-3.01,-0.07,-24.338,-48.3109,10.8436,1014.82
378800,0.382592,9.8087,0.961262,2.45,-3.5,-0.77,-23.3211,-46.8615,10.9174,1014.82
378806,0.353898,9.85174,0.951698,1.75,-2.94,-0.63,-22.9724,-47.1698,11.6858,1014.82
378812,0.353898,9.84218,0.961262,1.96,-3.01,-0.77,-23.8731,-47.9408,10.5185,1014.83
378818,0.325203,9.83261,0.985174,1.54,-3.01,-1.26,-23.6697,-47.3549,12.0257,1014.83
378824,0.320421,9.85653,0.946915,1.26,-3.08,-1.61,-23.7278,-47.3549,11.3016,1014.82
378830,0.25825,9.81827,0.989957,1.47,-2.87,-1.82,-22.8561,-47.7558,11.5233,1014.82
378836,0.23912,9.77523,1.10952,1.75,-3.01,-1.54,-23.4663,-47.4782,11.2425,1014.81
378842,0.248685,9.74653,1.06648,2.03,-3.22,-1.4,-23.3501,-46.1521,12.4837,1014.81
378848,0.25825,9.75131,1.07126,2.03,-3.5,-1.26,-23.3501,-47.139,11.5085,1014.82
378854,0.224773,9.8087,1.02822,1.89,-3.29,-0.84,-23.4663,-48.3418,10.3412,1014.82
378860,0.263032,9.78479,0.989957,2.31,-3.43,-0.63,-23.2339,-47.3549,10.6662,1014.82
378866,0.301291,9.83261,0.97561,1.82,-3.29,-1.33,-22.7399,-47.5708,12.4985,1014.82
378872,0.263032,9.81349,0.97561,1.96,-3.43,-1.12,-22.9724,-48.0025,11.1982,1014.82
378878,0.263032,9.7561,1.03778,1.89,-3.43,-0.91,-22.6527,-47.5708,10.814,1014.83
378884,0.282162,9.74175,1.01865,2.17,-4.27,-1.12,-22.9724,-46.9848,12.0109,1014.83
378890,0.306074,9.78479,0.985174,2.17,-3.43,-1.12,-23.0014,-47.4782,10.9913,1014.81
378896,0.277379,9.77523,0.970827,2.1,-3.36,-1.26,-23.292,-48.0334,11.7892,1014.81
378902,0.263032,9.77523,1.02822,2.03,-3.43,-0.98,-23.0886,-46.2755,11.1539,1014.84
378908,0.25825,9.77523,1.06648,2.24,-3.78,-1.05,-23.4373,-46.7381,11.7745,1014.84
378914,0.286944,9.78479,1.01387,2.31,-3.5,-1.4,-22.9433,-47.6324,11.4789,1014.84
378920,0.368245,9.90435,0.923003,1.82,-3.64,-1.47,-23.0305,-46.7689,11.4789,1014.78
378926,0.387374,9.89,0.889526,1.4,-3.15,-1.96,-22.3622,-47.6941,11.6415,1014.78
378932,0.329986,9.86609,0.894309,1.19,-3.36,-2.73,-22.9143,-47.4166,10.8288,1014.8
378938,0.35868,9.8087,0.985174,0.49,-3.29,-2.73,-23.4663,-46.6764,11.5381,1014.8
378944,0.291726,9.77523,1.01387,1.05,-3.36,-3.15,-22.5365,-46.3063,12.203,1014.83
378950,0.282162,9.76088,1.05691,0.98,-3.01,-2.66,-22.8561,-47.3549,10.8879,1014.83
378956,0.210426,9.8087,1.02822,0.91,-3.22,-2.52,-23.4663,-48.5268,11.213,1014.84
378962,0.200861,9.78479,1.05691,0.91,-3.01,-2.59,-22.7109,-46.7073,10.9765,1014.84
378968,0.21999,9.78957,1.02822,1.12,-3.22,-2.8,-23.6116,-47.4166,11.8927,1014.82
378974,0.263032,9.85174,0.946915,1.12,-3.15,-2.45,-23.3211,-48.3109,11.4494,1014.82
378980,0.253467,9.79436,0.961262,1.12,-3.08,-2.8,-23.7278,-47.0465,11.0357,1014.82
378986,0.21999,9.77523,1.033,1.05,-3.15,-3.01,-23.2339,-47.1698,11.0652,1014.84
378992,0.205643,9.77523,1.05691,0.7,-3.22,-2.8,-22.9724,-48.2492,10.814,1014.84
378998,0.23912,9.74175,1.05213,1.47,-3.71,-2.24,-23.0014,-48.0334,11.0357,1014.83
379004,0.25825,9.73697,1.03778,1.19,-3.08,-2.03,-23.3792,-46.5222,11.8927,1014.83
379010,0.210426,9.85174,0.951698,1.12,-2.8,-2.52,-23.786,-47.9717,11.1391,1014.8
379016,0.224773,9.78957,1.02822,0.84,-3.29,-2.24,-22.5946,-48.095,11.1539,1014.8
379022,0.234338,9.78957,1.02822,0.63,-3.43,-2.52,-22.5946,-46.5839,11.8779,1014.81
379028,0.263032,9.8374,0.989957,0.56,-2.87,-2.59,-22.1878,-47.5091,11.2277,1014.81
379034,0.286944,9.79914,0.961262,0.42,-2.73,-2.17,-22.5075,-48.1567,11.1834,1014.81
379040,0.248685,9.82783,1.033,0.63,-3.08,-2.73,-22.9433,-47.0773,11.6119,1014.82
379046,0.267814,9.76088,1.0856,0.49,-2.87,-3.36,-23.2048,-46.7998,10.9322,1014.82
379052,0.200861,9.81349,1.07126,1.26,-2.8,-2.73,-23.6988,-48.3418,10.7697,1014.83
379058,0.200861,9.81827,1.06169,0.63,-3.01,-2.52,-23.3792,-46.7689,10.7401,1014.83
379064,0.186514,9.8374,1.03778,0.84,-3.08,-3.01,-23.3792,-46.3989,11.2573,1014.81
379070,0.21999,9.82783,0.989957,1.05,-2.8,-2.87,-22.6237,-47.3857,10.415,1014.81
379076,0.153037,9.81349,1.0043,0.49,-2.59,-2.24,-22.3041,-47.91,9.70578,1014.86
379082,0.148254,9.82783,1.02822,0.35,-2.52,-2.03,-22.7399,-46.5531,10.7992,1014.86
379088,0.105213,9.77523,1.03778,0.21,-2.66,-1.82,-22.0426,-48.1567,10.8583,1014.86
379094,0.129125,9.78957,1.02822,0.42,-3.22,-2.24,-22.7109,-48.5268,10.1343,1014.85
379100,0.109995,9.74653,1.0856,0.91,-3.29,-2.03,-23.1177,-47.1082,11.8336,1014.85
379106,0.109995,9.74175,1.06648,0.63,-3.22,-1.19,-22.5656,-46.3372,11.5233,1014.81
379112,0.148254,9.68436,1.12865,0.77,-2.66,-0.7,-23.5826,-49.2361,12.1291,1014.81
379118,0.148254,9.67958,1.18125,1.4,-3.36,-1.26,-23.0014,-47.1698,10.3116,1014.81
379124,0.186514,9.74653,1.14299,1.47,-3.36,-1.33,-22.8561,-47.139,12.4837,1014.81
379130,0.21999,9.74653,1.06169,1.68,-3.29,-0.56,-22.8852,-48.5576,10.6662,1014.84
379136,0.196078,9.78957,0.985174,1.68,-2.94,-1.05,-23.2339,-48.8969,11.08,1014.84
379142,0.263032,9.8374,0.980392,1.68,-3.43,-1.68,-22.4784,-46.8306,12.0257,1014.83
379148,0.291726,9.86131,1.00909,1.61,-2.73,-1.96,-21.9263,-47.5399,10.0604,1014.83
379154,0.253467,9.86131,0.942133,0.98,-2.31,-2.66,-22.6818,-49.1744,11.5085,1014.83
379160,0.114778,9.83261,1.00909,0.91,-2.73,-1.75,-22.8561,-46.9848,11.4937,1014.83
379166,0.11956,9.78957,1.04256,0.63,-2.8,-1.47,-22.6527,-47.7558,10.5037,1014.83
379172,0.191296,9.78957,1.05213,0.98,-3.15,-1.54,-22.7109,-49.0511,10.7697,1014.84
379178,0.157819,9.80392,1.04256,0.42,-2.73,-1.82,-22.4493,-48.1876,10.814,1014.84
379184,0.143472,9.77044,1.05213,0.63,-2.8,-1.33,-22.5946,-47.5091,11.5824,1014.84
379190,0.109995,9.70349,1.09995,1.19,-3.01,-0.91,-22.2169,-48.5268,10.0161,1014.84
379196,0.10043,9.69871,1.13343,1.33,-3.22,-1.12,-22.246,-48.4034,10.9027,1014.79
379202,0.0860832,9.70349,1.09517,1.47,-3.36,-0.98,-22.3041,-46.5222,11.6415,1014.79
379208,0.10043,9.7561,1.04256,1.68,-3.15,-0.21,-22.8271,-48.1876,12.07,1014.79
379214,0.13869,9.77044,1.07126,1.4,-3.64,-0.63,-22.5365,-49.0511,9.48413,1014.82
379220,0.162602,9.76088,1.07126,1.68,-3.36,-0.14,-22.5946,-47.2007,11.5528,1014.82
379226,0.181731,9.78957,1.04735,1.96,-3.01,-0.77,-22.0135,-48.0334,10.1786,1014.77
379232,0.248685,9.77044,1.033,1.96,-3.57,-0.42,-23.0014,-49.0819,10.5333,1014.77
379238,0.210426,9.78479,1.06169,1.61,-3.5,0,-22.3912,-46.7998,12.4837,1014.81
379244,0.200861,9.81349,1.0043,2.03,-3.15,-0.91,-22.9433,-46.5222,11.8484,1014.81
379250,0.224773,9.81827,0.994739,1.61,-2.94,-1.54,-22.7399,-47.6324,10.7253,1014.84
379256,0.215208,9.83261,0.970827,1.4,-2.87,-0.77,-22.6527,-48.1567,10.5185,1014.84
379262,0.105213,9.83261,1.00909,1.19,-2.66,-0.56,-22.275,-47.0773,11.0061,1014.85
379268,0.10043,9.80392,1.033,1.05,-2.87,-1.33,-22.6237,-48.095,10.2082,1014.85
379274,0.109995,9.79436,1.07126,0.98,-3.01,-0.98,-22.798,-48.7427,10.4446,1014.85
379280,0.129125,9.78957,1.02343,1.05,-3.08,-0.35,-22.6527,-47.6016,11.3755,1014.8
379286,0.153037,9.81349,1.02343,0.7,-2.52,-1.05,-22.4784,-46.7073,10.8583,1014.8
379292,0.11956,9.78001,1.04256,0.98,-2.87,-0.28,-23.3211,-49.0202,10.5628,1014.86
379298,0.10043,9.7561,1.04735,1.05,-3.01,-0.21,-22.7399,-47.9408,11.3903,1014.86
379304,0.095648,9.75131,1.06169,0.77,-2.8,-0.49,-22.6237,-47.2932,11.5528,1014.81
379310,0.105213,9.74653,1.08082,1.12,-3.71,-0.07,-22.9143,-48.1259,11.0061,1014.81
379316,0.105213,9.75131,1.10473,1.26,-3.08,0.35,-23.292,-48.4343,9.55801,1014.85
379322,0.133907,9.71784,1.08082,1.75,-2.73,0.35,-22.7109,-47.0465,11.1686,1014.85
379328,0.124342,9.73218,1.10473,1.4,-3.15,0.21,-22.4493,-48.3418,10.1786,1014.85
379334,0.172166,9.7561,1.0856,1.61,-2.94,0.42,-22.9433,-48.2492,9.33637,1014.83
379340,0.229555,9.78479,1.07604,1.96,-3.01,0.14,-22.6527,-47.2007,13.1487,1014.83
379346,0.243902,9.86131,0.994739,1.4,-2.94,-0.14,-22.798,-47.4166,11.9075,1014.82
379352,0.229555,9.87566,0.942133,1.68,-3.08,-0.63,-22.5656,-48.1876,11.2277,1014.82
379358,0.181731,9.86131,1.03778,1.61,-2.87,-0.49,-22.8561,-48.0334,10.9765,1014.86
379364,0.153037,9.85653,1.02343,1.26,-3.22,-0.77,-22.3041,-47.0157,11.5233,1014.86
379370,0.153037,9.79436,1.07604,0.63,-2.94,-0.35,-22.9433,-48.2801,11.0209,1014.81
379376,0.13869,9.79436,1.04735,0.63,-2.87,-0.77,-22.8852,-47.4782,11.6267,1014.81
379382,0.0908656,9.78957,1.06648,0.98,-3.08,-0.49,-22.2169,-47.3857,11.9075,1014.81
379388,0.11956,9.77044,1.07126,0.7,-2.59,-0.28,-22.8271,-47.3857,11.0948,1014.84
379394,0.148254,9.78001,1.07126,0.91,-2.66,-0.28,-22.1588,-48.3418,10.4594,1014.84
379400,0.095648,9.76088,1.10473,0.63,-3.08,0.14,-22.5365,-46.5222,11.4937,1014.82
379406,0.0908656,9.74653,1.07604,1.4,-3.36,0.28,-21.781,-47.2624,11.9222,1014.82
379412,0.105213,9.75131,1.0856,1.05,-3.08,0.07,-22.4784,-48.0334,11.8336,1014.83
379418,0.105213,9.7561,1.06169,1.4,-2.87,0.28,-22.1297,-47.9408,9.75011,1014.83
379424,0.143472,9.67958,1.13343,1.68,-2.66,0.14,-22.6237,-46.7689,12.0109,1014.8
379430,0.109995,9.72262,1.11908,1.89,-3.22,0.91,-22.6818,-47.6016,12.203,1014.8
379436,0.21999,9.8087,1.09517,1.82,-3.36,0.77,-22.8561,-47.3857,10.0604,1014.82
379442,0.248685,9.78001,1.033,1.96,-2.87,0,-22.4784,-45.9363,11.9961,1014.82
379448,0.243902,9.85174,0.970827,1.54,-3.15,-0.7,-22.3331,-47.0773,10.7106,1014.82
379454,0.172166,9.8087,1.03778,1.47,-3.08,-0.07,-22.5946,-48.2801,10.5924,1014.85
379460,0.153037,9.83261,1.08082,1.4,-2.94,0,-22.8561,-46.7689,11.3903,1014.85
379466,0.215208,9.86131,1.04256,1.33,-2.94,-0.77,-22.6818,-47.2932,11.4789,1014.8
379472,0.11956,9.82305,1.05691,1.12,-2.94,-0.63,-22.6527,-48.8044,10.1047,1014.8
379478,0.129125,9.82305,1.03778,1.19,-3.22,-0.56,-22.246,-47.5399,10.415,1014.82
379484,0.11956,9.7561,1.08082,1.19,-3.08,-0.42,-22.0135,-46.5531,10.8436,1014.82
379490,0.109995,9.7274,1.15734,1.05,-3.01,17.64,-22.5946,-47.9408,10.415,1014.85
379496,0.162602,9.71784,1.12865,1.54,-3.01,-0.28,-22.8852,-47.91,9.76488,1014.85
379502,0.133907,9.73697,1.09517,1.4,-2.8,-0.28,-22.5656,-46.2755,10.9913,1014.85
379508,0.095648,9.73697,1.12865,1.75,-3.01,0.28,-22.5365,-47.5091,10.947,1014.84
379514,0.095648,9.76566,1.09039,1.82,-3.15,0.63,-23.3211,-47.8483,11.1095,1014.84
379520,0.133907,9.7274,1.0856,2.31,-3.01,0.42,-23.0014,-47.91,9.48413,1014.83
379526,0.143472,9.7561,1.07126,2.1,-2.94,0.7,-23.1467,-47.5399,10.681,1014.83
379532,0.133907,9.76566,1.05213,2.1,-3.43,0.14,-23.292,-48.5268,10.2673,1014.83
379538,0.191296,9.79914,1.05691,1.96,-3.01,0.77,-23.3501,-47.6016,12.3803,1014.83
379544,0.224773,9.82305,1.04735,1.89,-3.36,0.35,-22.798,-46.8615,11.4642,1014.84
379550,0.263032,9.89479,0.970827,1.4,-3.22,-0.49,-23.4373,-48.4034,11.3903,1014.84
379556,0.253467,9.87087,0.989957,1.26,-3.15,-0.35,-22.7109,-48.095,10.5628,1014.84
379562,0.191296,9.83261,1.04256,0.91,-2.59,-0.7,-23.0305,-46.9848,11.4789,1014.81
379568,0.153037,9.85174,1.07604,0.35,-2.87,-0.49,-23.1758,-47.9408,10.9027,1014.81
379574,0.157819,9.81349,1.09517,0.56,-2.87,-0.28,-22.798,-47.6324,9.08517,1014.83
379580,0.200861,9.81827,1.07604,1.05,-3.29,-0.91,-22.6527,-46.9848,10.3559,1014.83
379586,0.11956,9.79914,1.10473,0.49,-2.73,-0.56,-22.8561,-46.7381,11.4346,1014.8
379592,0.124342,9.76566,1.09995,0.63,-2.8,0,-23.0305,-48.2184,9.36592,1014.8
379598,0.11956,9.78479,1.12386,0.77,-3.08,0.07,-22.5656,-46.7381,11.2573,1014.82
379604,0.129125,9.78001,1.09995,1.05,-3.29,-0.35,-22.6237,-46.7073,10.947,1014.82
379610,0.124342,9.7561,1.0856,1.4,-3.29,-0.07,-22.769,-47.8175,10.8731,1014.81
379616,0.114778,9.71305,1.14778,0.98,-3.01,0.14,-22.9143,-47.5091,10.0309,1014.81
379622,0.105213,9.75131,1.15734,1.61,-2.66,0.07,-22.8561,-46.3063,11.1095,1014.81
379628,0.105213,9.73697,1.11908,1.4,-2.87,0.49,-22.769,-47.2315,9.46935,1014.85
379634,0.191296,9.76088,1.12865,1.4,-2.8,0.28,-22.9724,-47.6941,10.3707,1014.85
379640,0.157819,9.81827,1.033,1.26,-2.73,0.35,-22.4784,-46.7073,12.0257,1014.83
379646,0.172166,9.79436,1.06648,1.12,-3.22,0.63,-22.4493,-46.4914,11.7006,1014.83
379652,0.162602,9.82305,1.03778,1.47,-3.71,0.14,-22.3041,-47.7558,9.61712,1014.83
379658,0.181731,9.85653,1.01387,0.98,-3.08,0,-22.3331,-47.0773,10.3855,1014.83
379664,0.291726,9.83261,1.06648,0.84,-2.8,-0.14,-23.0014,-46.8306,10.415,1014.82
379670,0.248685,9.8374,1.0043,0.42,-2.66,-0.63,-22.5946,-47.5091,10.0604,1014.82
379676,0.129125,9.87087,1.03778,0.49,-2.87,-0.7,-23.1177,-47.2007,10.3559,1014.82
379682,0.071736,9.8374,1.05213,-0.21,-2.8,-0.63,-22.0716,-46.0288,12.2178,1014.84
379688,0.172166,9.75131,1.13343,0.07,-3.08,-0.35,-23.0014,-47.725,11.3755,1014.84
379694,0.153037,9.77523,1.17647,0.14,-2.31,-0.56,-22.798,-48.5576,10.6367,1014.82
379700,0.157819,9.73218,1.14778,0.63,-3.36,0.07,-22.4784,-47.2932,12.1734,1014.82
379706,0.124342,9.78479,1.16212,0.63,-2.59,-0.21,-22.3041,-46.5222,11.2869,1014.83
379712,0.133907,9.70349,1.15734,0.77,-3.08,-0.42,-22.6527,-47.8792,11.3016,1014.83
379718,0.105213,9.71305,1.15256,0.63,-3.43,0.42,-23.0305,-47.3857,11.08,1014.85
379724,0.109995,9.76088,1.10952,1.33,-3.43,0.35,-22.3912,-46.8615,10.1343,1014.85
379730,0.11956,9.75131,1.16691,1.26,-2.87,0.14,-23.0305,-47.7866,11.1834,1014.85
379736,0.124342,9.7561,1.13821,1.47,-3.22,0.35,-23.0014,-48.2801,11.7449,1014.81
379742,0.13869,9.75131,1.09039,1.61,-3.36,0.49,-22.0716,-46.0905,11.5972,1014.81
379748,0.176949,9.74175,1.12386,1.61,-3.15,0.56,-22.9724,-47.2315,11.2277,1014.82
379754,0.162602,9.78479,1.09039,1.26,-2.59,0.49,-23.4082,-47.2315,9.9422,1014.82
379760,0.133907,9.73697,1.11908,1.12,-3.22,0.42,-22.3041,-46.9231,12.0109,1014.84
379766,0.200861,9.77523,1.13821,1.4,-2.59,0.56,-22.1588,-47.6016,11.6119,1014.84
379772,0.210426,9.77523,1.1143,1.4,-2.87,0.07,-22.3331,-48.1876,9.98653,1014.82
379778,0.148254,9.79914,1.11908,1.68,-2.94,0.28,-22.6818,-46.7073,10.7549,1014.82
379784,0.162602,9.83261,1.07126,1.33,-2.94,0.35,-22.9724,-46.7381,11.7154,1014.81
379790,0.148254,9.8087,1.10952,1.19,-3.36,-0.14,-23.2048,-48.2184,11.0652,1014.81
379796,0.167384,9.79436,1.0856,1.33,-2.94,0,-23.4663,-47.5091,9.88309,1014.81
379802,0.200861,9.80392,1.09039,0.91,-2.52,0.35,-22.9433,-46.7073,10.8436,1014.85
379808,0.200861,9.83261,1.07604,0.91,-3.15,-0.28,-23.2339,-47.2932,11.3607,1014.85
379814,0.157819,9.8087,1.04735,0.56,-3.15,-0.14,-22.4784,-47.8175,10.6219,1014.84
379820,0.11956,9.76566,1.09517,0.56,-2.8,-0.14,-22.4784,-46.3372,11.804,1014.84
379826,0.129125,9.74653,1.15734,0.7,-3.08,0.14,-22.9433,-46.9848,10.7106,1014.82
379832,0.186514,9.77523,1.10952,0.42,-3.22,0.21,-22.4493,-48.0334,11.1539,1014.82
379838,0.13869,9.77044,1.13821,0.56,-3.22,0.21,-22.8271,-47.0465,10.5185,1014.83
379844,0.133907,9.75131,1.1143,0.91,-3.15,0.35,-23.3792,-46.2138,10.6958,1014.83
379850,0.10043,9.77044,1.14299,1.33,-3.64,-0.56,-23.6116,-47.5399,10.3264,1014.83
379856,0.167384,9.7561,1.16212,1.12,-2.94,-0.14,-22.0426,-47.6324,11.2721,1014.86
379862,0.124342,9.7274,1.18604,1.75,-3.43,0.28,-22.6527,-46.1213,10.3855,1014.86
379868,0.10043,9.68914,1.22429,1.96,-3.5,0.07,-22.2169,-47.5399,10.8583,1014.79
379874,0.210426,9.77523,1.13343,1.68,-3.29,-0.28,-22.0135,-48.5576,11.213,1014.79
379880,0.315638,9.82783,1.0043,1.75,-2.38,-0.42,-22.3622,-47.2624,11.0209,1014.82
379886,0.13869,9.8087,1.14299,0.91,-2.24,-0.49,-22.1297,-46.3989,9.83876,1014.82
379892,0.071736,9.81349,1.06169,0.77,-2.45,-0.14,-22.798,-48.1876,10.1786,1014.81
379898,0.200861,9.82783,1.10473,0.28,-2.38,-0.63,-22.5365,-47.2007,11.0948,1014.81
379904,0.267814,9.91392,0.865614,-0.28,-1.26,-0.49,-21.8682,-47.2007,11.7006,1014.81
379910,0.11956,9.79436,0.994739,-2.94,-0.42,-1.19,-22.1297,-47.7558,10.09,1014.84
379916,0.172166,9.82783,0.989957,-1.82,-0.42,-0.56,-22.4493,-48.1259,9.58757,1014.84
379922,0.13869,9.7274,1.18125,-1.4,-0.63,-0.56,-21.4324,-46.1213,10.548,1014.85
379928,0.047824,9.71305,1.23864,-1.54,-0.28,0,-22.0716,-46.954,9.1886,1014.85
379934,0,9.76088,1.1143,-1.54,-1.05,0.35,-22.7109,-48.095,9.35114,1014.86
379940,0.153037,9.73697,1.10473,-1.47,0.21,0.63,-22.5656,-46.7998,11.1391,1014.86
379946,0.0191296,9.72262,1.20995,-1.33,-0.21,0.49,-22.6237,-46.4297,10.2082,1014.82
379952,0.153037,9.67001,1.25777,-0.98,-0.63,0.84,-22.6818,-48.4651,9.73533,1014.82
379958,0.129125,9.67001,1.24821,-0.42,-1.05,1.33,-22.1878,-47.3857,9.09995,1014.81
379964,0.148254,9.70349,1.25299,-0.28,-1.05,1.05,-22.6237,-46.183,10.1195,1014.81
379970,0.23912,9.7274,1.23386,0.14,-1.61,0.84,-22.4493,-47.8175,10.1491,1014.81
379976,0.263032,9.78479,1.16691,0.56,-1.19,0.07,-22.8271,-47.9717,10.4889,1014.83
379982,0.277379,9.80392,1.10952,0.28,-1.68,0.14,-22.3912,-46.8615,10.3412,1014.83
379988,0.253467,9.89479,1.11908,0.21,-1.26,0,-22.7399,-47.324,9.35114,1014.83
379994,0.310856,9.85653,1.18604,0.14,-1.96,-1.19,-23.5535,-48.5576,9.98653,1014.83
380000,0.325203,9.90913,1.09039,-0.07,-1.68,-1.47,-23.1177,-47.1082,10.1195,1014.81
380006,0.215208,9.9187,1.05213,-0.35,-1.82,-1.12,-22.3041,-46.4914,10.8583,1014.81
380012,0.153037,9.77044,1.20995,-0.56,-1.68,-1.47,-23.3792,-48.4034,9.76488,1014.84
380018,0.153037,9.80392,1.21951,0,-2.31,-1.82,-22.6237,-47.4782,10.2821,1014.84
380024,0.253467,9.78479,1.1956,-0.14,-2.94,-2.31,-22.6527,-47.139,11.5676,1014.84
380030,0.200861,9.77044,1.24342,0.49,-3.15,-2.1,-22.4203,-48.7118,9.3807,1014.84
380036,0.176949,9.73218,1.19082,0.49,-3.08,-2.1,-22.5656,-48.2801,8.90785,1014.84
380042,0.133907,9.71305,1.29125,0.77,-2.94,-2.52,-22.8561,-46.6456,11.1243,1014.84
380048,0.162602,9.6748,1.35342,1.82,-3.78,-2.31,-22.8271,-47.1698,9.30681,1014.84
380054,0.13869,9.7274,1.26734,2.1,-3.92,-2.03,-22.5656,-47.6324,9.73533,1014.82
380060,0.0765184,9.76088,1.20038,2.8,-4.06,-2.45,-22.9724,-47.6941,10.3707,1014.82
380066,0.0334768,9.75131,1.19082,2.66,-4.13,-2.17,-22.0426,-46.7073,10.0752,1014.81
380072,0.047824,9.74175,1.1956,2.31,-4.55,-1.61,-22.769,-48.2492,8.03604,1014.81
380078,-0.0047824,9.7561,1.19082,3.08,-4.48,-0.7,-22.1878,-47.324,10.223,1014.81
380084,0.047824,9.76088,1.12386,2.31,-4.41,-0.56,-22.7109,-46.5531,10.9027,1014.83
380090,0.0430416,9.71784,1.15256,2.45,-4.55,-1.12,-22.5656,-47.6324,10.4446,1014.83
380096,0.0286944,9.72262,1.22429,2.52,-4.97,-0.42,-22.7109,-48.1259,10.09,1014.83
380102,0.0621712,9.76566,1.15256,2.66,-4.34,0.21,-22.4784,-46.4914,10.7549,1014.83
380108,0.0143472,9.70349,1.24821,2.8,-4.2,0.7,-22.5946,-47.6633,10.4446,1014.83
380114,0.047824,9.7561,1.17647,2.8,-4.2,0.91,-23.0595,-48.5268,10.0604,1014.83
380120,0.0382592,9.7561,1.18604,2.66,-4.34,0.56,-22.9433,-47.2315,9.97175,1014.82
380126,0.114778,9.74175,1.17647,2.59,-4.55,0.84,-21.8101,-46.4605,10.0013,1014.82
380132,0.162602,9.77044,1.12386,2.66,-4.13,0.98,-22.7109,-48.3109,10.681,1014.82
380138,0.129125,9.75131,1.19082,2.87,-3.71,1.12,-22.4493,-47.324,9.70578,1014.82
380144,0.11956,9.73697,1.18125,2.59,-4.41,0.84,-22.769,-47.7558,10.7401,1014.82
380150,0.234338,9.78479,1.14299,2.52,-4.34,0.35,-22.798,-47.8792,10.2673,1014.84
380156,0.234338,9.82305,1.15734,2.38,-4.13,0.28,-23.4373,-47.8483,8.84875,1014.84
380162,0.200861,9.86609,1.07604,2.31,-3.57,0.56,-22.9433,-46.3063,11.213,1014.8
380168,0.186514,9.84218,1.09995,1.82,-3.57,0,-22.6527,-46.8306,10.9765,1014.8
380174,0.210426,9.84696,1.15734,1.75,-3.01,-0.49,-22.7109,-47.7866,9.60234,1014.84
380180,0.191296,9.81349,1.15734,1.75,-3.15,-0.35,-22.3622,-46.8923,9.51368,1014.84
380186,0.200861,9.79914,1.17647,1.68,-3.01,-0.84,-21.781,-46.7381,9.89787,1014.82
380192,0.095648,9.79914,1.21951,1.47,-3.22,-0.49,-22.769,-47.9717,9.45458,1014.82
380198,0.095648,9.7274,1.22429,1.68,-3.64,-0.35,-22.769,-47.0465,9.77966,1014.82
380204,0.0860832,9.7274,1.21473,1.82,-3.64,-0.28,-22.3912,-46.7689,11.7745,1014.83
380210,0.11956,9.74175,1.18604,2.31,-3.01,-0.28,-23.0014,-48.2801,10.9027,1014.83
380216,0.114778,9.77044,1.17169,1.89,-2.8,0.14,-23.2339,-47.4474,10.9027,1014.81
380222,0.124342,9.78001,1.15734,2.17,-3.15,-0.14,-22.9724,-46.8615,12.1734,1014.81
380228,0.124342,9.77523,1.14778,2.03,-2.94,0,-22.6818,-47.2932,10.3412,1014.84
380234,0.071736,9.71784,1.20038,2.24,-3.08,0.56,-23.5826,-47.8792,9.14427,1014.84
380240,0.124342,9.74175,1.16212,1.61,-3.36,0.56,-22.5656,-45.9054,10.7845,1014.84
380246,0.114778,9.7561,1.1956,2.1,-3.22,0.28,-23.0305,-46.6147,10.6367,1014.84
380252,0.167384,9.81827,1.17647,1.96,-3.15,0.7,-23.4663,-47.7866,9.36592,1014.84
380258,0.153037,9.77523,1.16212,2.31,-2.52,1.12,-22.8561,-48.2184,10.2082,1014.82
380264,0.13869,9.79914,1.11908,1.96,-2.87,0.14,-22.5946,-46.7689,11.5824,1014.82
380270,0.176949,9.78001,1.18604,1.61,-3.43,0.21,-22.7399,-47.91,10.3116,1014.84
380276,0.205643,9.78001,1.14778,2.24,-3.43,0.35,-22.5946,-47.8792,8.92263,1014.84
380282,0.191296,9.81827,1.13821,1.89,-2.73,-0.35,-22.6237,-46.4914,11.1686,1014.83
380288,0.181731,9.80392,1.13821,1.68,-2.87,-0.14,-22.5365,-47.324,9.27726,1014.83
380294,0.095648,9.79436,1.18604,1.4,-3.29,0.14,-23.3501,-48.3109,9.4398,1014.8
380300,0.095648,9.76088,1.17169,1.05,-3.29,0.07,-22.9724,-46.6764,10.7845,1014.8
380306,0.109995,9.71784,1.21951,1.4,-3.15,-0.07,-22.9433,-46.6764,10.681,1014.83
380312,0.148254,9.76088,1.22908,1.47,-3.43,0.42,-22.769,-48.2801,10.6071,1014.83
380318,0.143472,9.73697,1.24342,1.96,-3.57,-0.21,-22.6237,-47.9717,10.1786,1014.83
380324,0.105213,9.73697,1.21473,2.31,-3.64,0.7,-22.6237,-46.6456,9.57279,1014.81
380330,0.114778,9.70827,1.22429,2.24,-3.64,0.56,-22.8561,-47.6941,9.77966,1014.81
380336,0.114778,9.75131,1.20038,2.31,-3.36,0.7,-23.5535,-47.2624,9.89787,1014.82
380342,0.129125,9.76088,1.17169,2.17,-2.59,1.05,-23.5826,-47.0773,9.35114,1014.82
380348,0.11956,9.76088,1.1956,2.52,-3.01,1.33,-23.1467,-47.324,11.0061,1014.82
380354,0.124342,9.77523,1.17169,2.66,-3.08,0.77,-23.2339,-48.496,9.36592,1014.82
380360,0.172166,9.77044,1.1956,2.17,-3.29,0.91,-23.0595,-46.7998,10.7549,1014.83
380366,0.181731,9.79436,1.13821,2.24,-3.08,1.19,-22.1297,-47.5708,11.08,1014.83
380372,0.148254,9.80392,1.12865,2.17,-2.73,0.77,-23.0886,-48.3418,9.76488,1014.83
380378,0.167384,9.78001,1.16691,1.75,-2.73,0.7,-23.1758,-47.0157,10.9027,1014.83
380384,0.167384,9.80392,1.1956,2.24,-2.94,0.28,-23.0305,-46.7381,11.3607,1014.83
380390,0.200861,9.84218,1.15734,2.1,-3.22,0.35,-22.769,-47.8792,10.6515,1014.83
380396,0.21999,9.8087,1.12386,1.96,-2.66,0.56,-23.4954,-48.3109,9.51368,1014.83
380402,0.13869,9.79914,1.15734,1.89,-2.8,0.21,-22.9143,-46.7998,11.5381,1014.81
380408,0.148254,9.77523,1.20516,2.31,-2.94,0.35,-22.8561,-47.2932,9.41025,1014.81
380414,0.162602,9.78001,1.1956,1.82,-2.87,0.21,-23.0014,-48.2184,11.7745,1014.85
380420,0.153037,9.77523,1.21951,2.31,-2.73,0.7,-23.1758,-47.1082,12.2325,1014.85
380426,0.162602,9.75131,1.19082,2.03,-2.73,0.77,-22.4203,-46.7998,11.8484,1014.85
380432,0.162602,9.74653,1.18604,2.24,-3.57,0.21,-23.6988,-48.1567,10.4889,1014.81
380438,0.129125,9.77523,1.21473,1.89,-3.36,0.35,-22.9724,-47.139,10.4003,1014.81
380444,0.162602,9.73697,1.18125,2.66,-3.01,0.91,-22.8271,-47.6016,9.60234,1014.84
380450,0.124342,9.74653,1.18125,2.24,-3.22,0.56,-22.6818,-48.4034,9.55801,1014.84
380456,0.167384,9.74653,1.19082,2.52,-2.8,0.98,-22.798,-48.7735,10.947,1014.83
380462,0.153037,9.78001,1.16691,1.89,-2.8,0.91,-22.6527,-47.1698,10.6958,1014.83
380468,0.200861,9.78001,1.13821,2.45,-2.94,1.05,-22.3041,-47.6941,10.9765,1014.84
380474,0.229555,9.77523,1.15256,2.59,-3.01,0.63,-23.4373,-48.2184,9.95698,1014.84
380480,0.176949,9.82305,1.14299,1.68,-2.66,0.56,-22.6527,-46.4914,11.0061,1014.84
380486,0.176949,9.80392,1.14299,2.24,-2.94,0.7,-22.798,-46.8923,10.4889,1014.84
380492,0.172166,9.77523,1.16691,1.4,-2.73,0.63,-22.7109,-48.0025,11.1982,1014.84
380498,0.167384,9.78001,1.13343,1.68,-3.08,0.35,-22.9724,-47.324,11.1243,1014.82
380504,0.157819,9.80392,1.16691,1.89,-3.15,0.21,-23.1177,-46.368,10.6367,1014.82
380510,0.133907,9.76088,1.17169,1.54,-2.87,0.63,-22.8852,-47.2007,10.3116,1014.82
380516,0.13869,9.78001,1.18125,1.75,-3.36,0.7,-22.6527,-47.9717,10.5628,1014.82
380522,0.148254,9.75131,1.19082,1.61,-2.94,0.84,-23.0305,-46.3989,11.8336,1014.84
380528,0.162602,9.71784,1.23386,1.96,-2.73,0.56,-23.9894,-47.4166,11.3755,1014.84
380534,0.172166,9.74653,1.20516,1.89,-3.36,0.98,-23.4082,-47.3549,10.09,1014.82
380540,0.162602,9.7561,1.19082,2.17,-2.94,1.05,-23.3211,-46.8306,10.223,1014.82
380546,0.13869,9.75131,1.20038,1.96,-2.52,1.05,-23.3792,-47.0465,10.8436,1014.82
380552,0.124342,9.7561,1.21473,2.24,-3.43,1.33,-23.2048,-48.8969,10.2968,1014.82
380558,0.148254,9.71784,1.19082,2.8,-3.5,1.05,-23.6697,-48.1259,10.1491,1014.82
380564,0.133907,9.73218,1.20516,2.87,-3.15,1.26,-23.1177,-46.4914,12.2325,1014.81
380570,0.210426,9.78479,1.17647,2.73,-3.36,1.47,-23.6407,-47.8792,9.26248,1014.81
380576,0.272597,9.86131,1.05691,2.59,-2.87,1.19,-22.9724,-47.4474,10.4446,1014.83
380582,0.291726,9.84218,1.09517,2.24,-2.66,0.77,-22.8561,-45.6279,10.9027,1014.83
380588,0.176949,9.79914,1.13343,1.89,-3.01,0.91,-23.0014,-47.4166,11.2721,1014.8
380594,0.196078,9.81349,1.13343,1.96,-3.08,0.56,-23.8731,-48.496,9.61712,1014.8
380600,0.263032,9.82783,1.13343,1.89,-2.87,0.35,-23.9312,-46.954,9.97175,1014.8
380606,0.172166,9.82783,1.07604,1.54,-2.66,0.42,-23.4663,-46.3372,10.4741,1014.85
380612,0.148254,9.7561,1.12865,1.68,-3.15,0.77,-23.815,-47.7866,9.14427,1014.85
380618,0.10043,9.7274,1.18604,1.75,-3.15,0.07,-23.7278,-47.0773,9.73533,1014.82
380624,0.143472,9.73697,1.18604,1.75,-2.94,0.49,-23.6407,-46.5531,10.5628,1014.82
380630,0.157819,9.71305,1.20038,2.31,-3.64,0.77,-23.2339,-47.2007,11.1834,1014.81
380636,0.148254,9.71305,1.21473,1.96,-3.43,0.98,-23.1467,-47.5399,9.77966,1014.81
380642,0.191296,9.73697,1.20516,2.38,-3.15,0.7,-22.5075,-46.4297,11.1243,1014.82
380648,0.143472,9.74175,1.18125,2.66,-2.94,0.98,-23.9894,-48.5268,8.64188,1014.82
380654,0.162602,9.74653,1.17647,2.24,-3.01,1.61,-22.5946,-47.6633,9.17383,1014.81
380660,0.167384,9.74175,1.16212,2.17,-3.22,1.68,-22.9143,-47.2932,10.9174,1014.81
380666,0.21999,9.79436,1.15256,2.73,-3.57,1.68,-22.5656,-46.9231,11.0504,1014.81
380672,0.23912,9.79914,1.09039,2.24,-3.08,1.05,-22.9724,-48.2184,11.8484,1014.81
380678,0.229555,9.83261,1.08082,2.24,-3.36,0.98,-23.2048,-47.2007,12.0996,1014.81
380684,0.320421,9.85653,1.07604,1.61,-3.29,0.63,-22.8852,-45.8437,10.681,1014.79
380690,0.310856,9.86609,1.04735,1.89,-2.8,0.56,-23.1758,-48.0025,10.7549,1014.79
380696,0.224773,9.8374,1.09517,1.26,-2.94,0.14,-23.0595,-48.2184,9.83876,1014.81
380702,0.157819,9.79914,1.14778,1.47,-3.22,0.07,-22.3912,-46.5839,10.5333,1014.81
380708,0.205643,9.78001,1.15256,1.26,-2.94,0.56,-22.9724,-47.4166,10.1934,1014.82
380714,0.23912,9.77523,1.15256,1.54,-2.8,-0.07,-23.0014,-48.3418,10.4594,1014.82
380720,0.162602,9.77523,1.15256,1.4,-3.5,-0.07,-22.5656,-47.2624,10.3264,1014.82
380726,0.21999,9.77044,1.17169,1.26,-3.01,-0.07,-22.6818,-46.2447,11.1391,1014.81
380732,0.148254,9.75131,1.1956,1.75,-3.57,0.21,-23.3211,-47.8792,11.4346,1014.81
380738,0.143472,9.69871,1.18125,1.75,-3.29,0.91,-23.2048,-46.8923,11.0061,1014.79
380744,0.172166,9.72262,1.18125,1.89,-3.22,0.28,-22.7399,-46.5839,11.7892,1014.79
380750,0.172166,9.70827,1.20038,1.75,-3.15,0.35,-23.0886,-47.4782,10.415,1014.84
380756,0.21999,9.72262,1.18125,1.96,-3.36,0.91,-22.6818,-47.5399,9.66145,1014.84
380762,0.191296,9.75131,1.13343,2.03,-3.29,0.77,-22.8561,-46.0905,11.4789,1014.82
380768,0.229555,9.78001,1.13821,2.38,-3.29,0.35,-23.5244,-47.2624,10.3559,1014.82
380774,0.234338,9.76088,1.10473,1.82,-3.01,0.28,-23.3211,-47.4166,9.92742,1014.82
380780,0.253467,9.8374,1.13343,1.75,-2.59,0.77,-22.769,-47.4166,9.80921,1014.82
380786,0.296509,9.83261,1.09517,1.82,-2.59,-0.42,-22.9724,-46.9848,11.4494,1014.82
380792,0.215208,9.82783,1.12386,1.68,-3.5,17.64,-23.1177,-48.3109,10.6367,1014.82
380798,0.210426,9.79914,1.13343,2.1,-3.22,-0.42,-22.6237,-47.1082,10.8436,1014.82
380804,0.229555,9.79436,1.12386,1.54,-3.08,-0.63,-23.2048,-46.5839,12.3803,1014.77
380810,0.215208,9.79436,1.11908,1.47,-3.15,0.21,-22.798,-47.2624,11.3164,1014.77
380816,0.200861,9.78957,1.14778,0.7,-2.66,0.14,-22.7109,-47.6016,9.55801,1014.79
380822,0.129125,9.76566,1.17169,1.54,-2.94,-0.42,-22.3912,-46.1213,11.5972,1014.79
380828,0.143472,9.76088,1.18125,1.05,-2.94,0,-22.8561,-46.7689,10.4446,1014.81
380834,0.143472,9.7561,1.21951,1.61,-3.08,0.14,-23.1177,-48.7118,10.3116,1014.81
380840,0.172166,9.73697,1.14778,1.54,-2.73,0.21,-22.6818,-46.7073,10.1195,1014.81
380846,0.172166,9.73697,1.18125,1.19,-3.15,0.35,-23.4663,-47.0773,10.9765,1014.82
380852,0.196078,9.73218,1.16212,2.17,-3.64,0.42,-23.3792,-48.2801,10.548,1014.82
380858,0.176949,9.7274,1.16212,1.61,-2.87,0.77,-22.8852,-47.4166,11.4789,1014.81
380864,0.181731,9.74653,1.16212,1.89,-3.43,0.63,-22.5075,-45.8437,10.6367,1014.81
380870,0.186514,9.73218,1.12865,2.03,-3.5,0.91,-22.3912,-47.139,10.8731,1014.83
380876,0.21999,9.76088,1.18125,2.03,-3.36,0.42,-22.798,-47.7866,9.35114,1014.83
380882,0.25825,9.78957,1.13343,2.45,-3.08,0.42,-22.6237,-46.1521,11.4937,1014.8
380888,0.248685,9.79914,1.15734,1.89,-3.15,0.63,-23.4663,-46.8923,11.6415,1014.8
380894,0.23912,9.78957,1.12865,1.89,-3.29,0.7,-23.0305,-47.1698,11.2869,1014.8
380900,0.23912,9.79436,1.15734,2.03,-2.94,-0.07,-22.5656,-46.3372,10.6219,1014.81
380906,0.286944,9.81827,1.13343,1.47,-3.01,0,-22.4493,-46.1213,11.213,1014.81
380912,0.296509,9.80392,1.10952,1.26,-2.87,0.35,-23.292,-47.5399,9.79444,1014.84
380918,0.234338,9.80392,1.16691,2.03,-3.29,-0.14,-22.5365,-46.7998,10.5185,1014.84
380924,0.205643,9.79914,1.15256,1.82,-2.94,-0.07,-23.1467,-45.9979,11.4494,1014.84
380930,0.25825,9.82305,1.13821,1.47,-2.94,-0.7,-22.4203,-47.3857,11.3164,1014.84
380936,0.272597,9.81349,1.13821,1.61,-2.73,-0.42,-23.2629,-47.4782,10.5185,1014.8
380942,0.205643,9.78479,1.13343,1.05,-2.52,-0.42,-23.0014,-46.6764,10.1343,1014.8
380948,0.124342,9.74653,1.16212,1.68,-3.22,-0.49,-23.3501,-47.6633,11.3312,1014.8
380954,0.167384,9.73218,1.17647,1.68,-2.73,-0.21,-23.292,-47.3549,10.4594,1014.82
380960,0.205643,9.76088,1.20516,1.4,-2.8,-0.49,-23.2629,-46.8615,10.7106,1014.82
380966,0.181731,9.73697,1.17647,1.75,-3.36,-0.21,-22.2169,-47.0773,9.91265,1014.82
380972,0.210426,9.7561,1.18125,2.03,-3.29,-0.14,-23.2048,-47.9408,9.76488,1014.82
380978,0.133907,9.73218,1.20995,1.68,-3.22,-0.14,-22.798,-47.6016,11.6858,1014.83
380984,0.200861,9.72262,1.15256,1.68,-2.94,-0.07,-22.9724,-46.8615,11.5528,1014.83
380990,0.181731,9.75131,1.15734,1.82,-3.36,0,-22.8271,-48.095,10.7106,1014.82
380996,0.191296,9.7274,1.17647,1.75,-3.5,0.56,-23.0886,-47.6633,10.1934,1014.82
381002,0.196078,9.76566,1.16691,2.1,-2.87,0.28,-22.5946,-47.5399,11.1982,1014.84
381008,0.234338,9.76088,1.16212,1.82,-2.8,0.28,-22.769,-47.2315,11.1539,1014.84
381014,0.186514,9.78957,1.12865,1.75,-3.29,0.35,-23.2048,-47.9408,9.82399,1014.84
381020,0.253467,9.76566,1.18604,1.75,-3.29,0.14,-22.769,-47.1082,11.2721,1014.82
381026,0.253467,9.78957,1.15734,2.38,-3.08,0.07,-22.7109,-46.7381,11.5824,1014.82
381032,0.200861,9.76566,1.13343,1.4,-3.22,0.14,-23.6988,-48.3418,11.4494,1014.83
381038,0.234338,9.76566,1.19082,1.96,-3.36,0.21,-22.3041,-47.2007,11.4937,1014.83
381044,0.229555,9.78001,1.15734,2.03,-3.29,0.07,-22.6818,-46.2447,12.6758,1014.85
381050,0.253467,9.79436,1.15256,1.68,-3.01,-0.14,-22.6527,-47.8792,10.4003,1014.85
381056,0.229555,9.7561,1.17169,1.82,-3.22,-0.07,-22.5365,-47.725,10.0604,1014.81
381062,0.172166,9.75131,1.17647,2.24,-2.8,0.28,-21.9263,-47.1082,12.2178,1014.81
381068,0.157819,9.75131,1.18125,1.96,-3.15,0.14,-22.9433,-47.0157,9.77966,1014.81
381074,0.196078,9.7561,1.15256,2.17,-3.22,0.42,-23.2048,-47.4782,10.0752,1014.83
381080,0.234338,9.77044,1.15256,2.17,-3.22,0.35,-22.3912,-46.7998,11.5381,1014.83
381086,0.234338,9.77044,1.13821,1.89,-3.36,0.07,-22.8271,-46.7998,11.3755,1014.79
381092,0.162602,9.76566,1.12386,2.03,-3.22,0.42,-23.0014,-48.3109,10.1491,1014.79
381098,0.191296,9.79436,1.12386,1.61,-3.15,0.28,-22.769,-46.8615,10.9765,1014.81
381104,0.215208,9.78957,1.17647,1.96,-3.15,0.35,-22.4493,-46.5531,10.3559,1014.81
381110,0.224773,9.77044,1.17647,1.4,-2.94,0.42,-23.815,-48.6193,9.79444,1014.84
381116,0.21999,9.78001,1.14778,2.38,-2.8,0.63,-23.2339,-47.8792,9.83876,1014.84
381122,0.229555,9.78957,1.16691,1.75,-3.08,0.14,-22.5946,-46.3989,11.4198,1014.84
381128,0.277379,9.83261,1.10952,1.4,-3.64,-0.21,-23.3792,-47.139,10.2821,1014.81
381134,0.263032,9.80392,1.14299,1.75,-2.8,-0.14,-23.1758,-47.7866,8.81919,1014.81
381140,0.263032,9.77523,1.16691,1.89,-3.29,0.14,-22.8852,-46.6147,11.0061,1014.8
381146,0.253467,9.79436,1.15734,1.75,-3.08,-0.63,-22.9724,-46.6456,11.213,1014.8
381152,0.263032,9.79914,1.15734,1.89,-2.94,-0.77,-22.9433,-47.2007,10.5628,1014.83
381158,0.215208,9.76088,1.1956,1.33,-2.87,-0.7,-22.769,-46.2447,10.6515,1014.83
381164,0.191296,9.78001,1.16212,1.61,-2.73,-0.56,-22.9433,-46.4297,10.3855,1014.83
381170,0.186514,9.7561,1.16212,1.96,-3.57,-0.56,-23.6988,-47.7558,11.1095,1014.83
381176,0.200861,9.74653,1.17647,2.03,-3.29,-0.7,-23.5535,-47.6324,10.3855,1014.8
381182,0.205643,9.7561,1.17647,1.61,-3.01,-0.42,-23.0305,-45.7512,10.9913,1014.8
381188,0.162602,9.7274,1.15734,2.45,-3.29,0,-22.8561,-47.1698,9.95698,1014.8
381194,0.167384,9.74175,1.18604,1.68,-3.15,0.14,-22.769,-48.0334,8.99651,1014.82
381200,0.157819,9.77044,1.15256,2.03,-3.29,-0.7,-22.8271,-46.7689,10.7845,1014.82
381206,0.200861,9.75131,1.18125,1.47,-3.15,-0.42,-22.769,-47.0157,10.5924,1014.82
381212,0.172166,9.75131,1.18125,1.54,-2.94,-0.21,-23.2048,-47.2007,10.1343,1014.82
381218,0.205643,9.77044,1.15734,2.59,-2.59,0.56,-23.4082,-47.6633,11.5972,1014.81
381224,0.200861,9.75131,1.15256,1.54,-3.15,0.42,-23.5244,-46.0288,10.9027,1014.81
381230,0.248685,9.78001,1.16691,1.75,-3.22,0,-23.3501,-47.6016,10.223,1014.81
381236,0.248685,9.81349,1.13343,1.75,-3.22,0.42,-22.798,-47.6016,9.66145,1014.81
381242,0.277379,9.78957,1.13343,1.82,-3.08,0.21,-22.8271,-46.1521,10.1491,1014.81
381248,0.267814,9.78957,1.15734,1.75,-2.8,-0.63,-22.7109,-46.4914,10.1786,1014.84
381254,0.23912,9.81827,1.14778,1.61,-2.8,-0.91,-23.5535,-48.5576,10.1638,1014.84
381260,0.215208,9.8087,1.12865,1.68,-3.08,-0.77,-22.9143,-46.5531,10.0752,1014.83
381266,0.200861,9.80392,1.14299,1.05,-2.31,-0.07,-23.0014,-46.7381,10.5924,1014.83
381272,0.191296,9.74653,1.20038,1.89,-2.87,-0.77,-23.6116,-48.681,10.0013,1014.82
381278,0.181731,9.75131,1.18604,1.68,-3.15,-0.28,-23.0595,-47.324,11.1539,1014.82
381284,0.196078,9.76566,1.18125,1.82,-3.22,-0.98,-23.0305,-46.3372,12.6167,1014.83
381290,0.181731,9.74653,1.17169,1.75,-3.5,-0.63,-22.769,-47.0465,11.0504,1014.83
381296,0.200861,9.75131,1.18125,1.54,-3.15,0.28,-23.0014,-47.3549,10.3855,1014.83
381302,0.176949,9.74175,1.1956,1.89,-3.36,0,-22.4784,-46.5531,11.3607,1014.82
381308,0.162602,9.7561,1.20038,1.96,-3.22,0,-22.769,-47.2932,11.6267,1014.82
381314,0.215208,9.78479,1.16691,2.03,-3.15,0,-22.9724,-48.4034,11.4789,1014.8
381320,0.181731,9.73697,1.16212,1.68,-3.29,0.77,-22.798,-46.7073,10.5776,1014.8
381326,0.205643,9.76088,1.12386,1.96,-3.01,0.07,-23.0886,-46.9848,11.3016,1014.78
381332,0.215208,9.7561,1.13821,2.03,-3.22,0.28,-23.4082,-48.0334,10.2821,1014.78
381338,0.224773,9.74653,1.15734,1.61,-3.29,0.35,-23.8731,-47.4782,11.1243,1014.84
381344,0.243902,9.78001,1.18125,1.82,-2.94,0.21,-23.4082,-46.4297,10.1047,1014.84
381350,0.21999,9.79436,1.15734,1.61,-3.08,0.07,-23.1177,-47.4474,9.85354,1014.82
381356,0.243902,9.76088,1.17169,1.33,-3.29,0.14,-22.8561,-48.2801,12.0552,1014.82
381362,0.21999,9.77044,1.14299,1.89,-2.8,0.07,-22.9724,-46.5531,12.5133,1014.82
381368,0.25825,9.81349,1.16212,1.96,-3.64,-0.14,-22.3622,-47.4166,11.9075,1014.8
381374,0.286944,9.79914,1.15256,1.82,-3.57,-0.35,-23.0886,-47.9408,10.3412,1014.8
381380,0.253467,9.80392,1.1956,1.61,-3.15,-0.77,-22.5365,-47.1698,10.8583,1014.84
381386,0.196078,9.80392,1.16691,1.68,-2.45,-0.56,-22.9143,-47.0157,11.2573,1014.84
381392,0.129125,9.77044,1.16212,1.47,-3.22,-0.42,-23.3792,-48.2184,9.04084,1014.85
381398,0.196078,9.78479,1.20995,1.82,-3.57,-0.35,-22.769,-47.7558,10.9174,1014.85
381404,0.191296,9.73697,1.17647,2.03,-3.71,-0.21,-22.275,-46.3063,11.5381,1014.82
381410,0.215208,9.76088,1.14778,1.82,-3.01,-0.42,-22.5075,-47.5399,10.1343,1014.82
381416,0.200861,9.78957,1.1956,2.03,-3.43,0.35,-22.1297,-47.6324,10.3116,1014.82
381422,0.176949,9.77044,1.19082,1.82,-3.01,-0.14,-22.0135,-46.3063,10.3559,1014.84
381428,0.200861,9.75131,1.20038,2.03,-3.29,-0.28,-23.0014,-47.0773,10.7992,1014.84
381434,0.196078,9.77044,1.18604,2.31,-3.29,0,-23.0595,-47.8792,10.7549,1014.81
381440,0.200861,9.75131,1.14778,1.96,-3.29,0.14,-23.3211,-46.1213,9.89787,1014.81
381446,0.210426,9.78001,1.14299,1.89,-3.36,-0.07,-23.0886,-46.5531,11.08,1014.82
381452,0.21999,9.75131,1.18125,2.31,-3.43,-0.35,-23.2048,-47.5708,9.30681,1014.82
381458,0.215208,9.76566,1.16691,2.24,-2.94,0,-23.6407,-46.8306,10.09,1014.84
381464,0.229555,9.77523,1.14299,1.96,-3.43,-0.14,-22.4493,-46.4297,10.9913,1014.84
381470,0.282162,9.77044,1.11908,1.96,-3.57,0.07,-22.9143,-47.9408,10.4003,1014.84
381476,0.25825,9.78479,1.17169,2.24,-3.29,-0.77,-22.6527,-47.5708,10.0161,1014.81
381482,0.248685,9.80392,1.14778,1.82,-3.01,-0.91,-22.3041,-46.4297,10.9765,1014.81
381488,0.282162,9.78001,1.14778,1.82,-3.15,-0.91,-22.4203,-46.8923,11.1391,1014.82
381494,0.25825,9.82783,1.14778,1.54,-3.01,-0.49,-22.4203,-47.2624,10.5185,1014.82
381500,0.21999,9.81827,1.17169,1.4,-3.36,-1.19,-22.7109,-46.5222,10.0604,1014.81
381506,0.205643,9.79436,1.18125,1.4,-3.29,-0.98,-22.5656,-47.0773,11.1391,1014.81
381512,0.186514,9.78001,1.1956,1.75,-3.15,-0.28,-23.0886,-48.0334,9.04084,1014.81
381518,0.191296,9.77044,1.17169,1.68,-3.64,-0.63,-23.1758,-46.5839,11.0652,1014.81
381524,0.196078,9.72262,1.1956,1.75,-3.01,-0.56,-22.9724,-46.4605,10.7401,1014.83
381530,0.176949,9.73218,1.21473,1.89,-3.15,-0.28,-22.4784,-47.3549,9.57279,1014.83
381536,0.167384,9.7561,1.17169,1.47,-3.5,-0.28,-23.5826,-47.6633,9.91265,1014.83
381542,0.162602,9.70349,1.18125,1.82,-2.94,-0.28,-22.3622,-45.8437,11.9075,1014.83
381548,0.133907,9.72262,1.22908,2.1,-3.08,0,-22.6237,-47.1082,10.2377,1014.83
381554,0.124342,9.7274,1.16212,2.31,-2.94,0.28,-23.2048,-47.4474,10.1786,1014.8
381560,0.186514,9.73218,1.14299,2.66,-2.94,0.35,-22.798,-45.9671,9.691,1014.8
381566,0.200861,9.77523,1.13821,1.89,-3.08,0.14,-22.5946,-46.4297,11.5824,1014.84
381572,0.205643,9.78957,1.14778,1.96,-3.08,0.49,-23.2629,-47.8175,10.2082,1014.84
381578,0.23912,9.8087,1.10952,1.82,-3.01,-0.42,-22.9433,-47.1698,10.7697,1014.8
381584,0.272597,9.81349,1.17169,1.61,-3.01,-0.42,-22.5946,-46.5531,10.0161,1014.8
381590,0.272597,9.84218,1.13821,1.33,-3.08,-0.49,-22.769,-47.2007,11.2277,1014.8
381596,0.296509,9.78001,1.12386,1.75,-3.15,-0.7,-22.798,-47.1082,9.1295,1014.85
381602,0.23912,9.78479,1.17647,1.54,-3.29,-0.98,-23.1177,-46.7381,10.3559,1014.85
381608,0.205643,9.78957,1.1956,1.47,-2.87,-0.91,-22.7399,-46.7073,10.5333,1014.82
381614,0.21999,9.78001,1.1956,1.54,-3.01,-1.19,-22.7399,-47.139,8.67143,1014.82
381620,0.181731,9.77044,1.18604,1.19,-3.01,-0.49,-22.8852,-46.9231,10.6515,1014.86
381626,0.200861,9.79436,1.17169,1.68,-2.94,-0.98,-22.3041,-46.1213,10.7106,1014.86
381632,0.186514,9.81349,1.15256,1.54,-3.01,-0.91,-22.9143,-47.8175,9.86832,1014.82
381638,0.21999,9.80392,1.11908,1.33,-3.71,-0.63,-23.1758,-46.9848,9.9422,1014.82
381644,0.11956,9.77044,1.24342,1.47,-3.71,-0.77,-22.9724,-46.368,10.3559,1014.82
381650,0.13869,9.68914,1.22429,1.68,-2.94,-0.77,-23.2048,-47.0773,9.41025,1014.86
381656,0.124342,9.69871,1.20516,1.89,-3.15,0.07,-22.6237,-47.4782,8.76009,1014.86
381662,0.172166,9.70827,1.18125,1.82,-3.08,0.28,-22.5365,-45.8746,10.4003,1014.83
381668,0.157819,9.74653,1.16691,2.17,-3.78,-0.28,-22.4203,-46.7381,10.6662,1014.83
381674,0.210426,9.74175,1.16212,1.82,-3.5,-0.7,-22.4784,-47.6016,9.02606,1014.85
381680,0.243902,9.78957,1.14778,1.75,-3.71,0.28,-22.5365,-46.0288,9.9422,1014.85
381686,0.248685,9.81827,1.1143,1.61,-3.64,-0.49,-22.769,-45.7821,11.1982,1014.83
381692,0.267814,9.80392,1.0856,1.26,-3.22,0.14,-22.7399,-47.5399,10.4003,1014.83
381698,0.282162,9.78479,1.17169,1.89,-2.94,-0.14,-23.1467,-47.3857,9.95698,1014.81
381704,0.229555,9.79436,1.19082,1.12,-3.01,-0.84,-22.7399,-45.8437,11.3903,1014.81
381710,0.267814,9.79914,1.18604,1.33,-3.22,-0.91,-23.0014,-46.3063,10.6515,1014.81
381716,0.253467,9.81827,1.12865,1.54,-3.29,-0.84,-23.1758,-47.3857,10.2821,1014.82
381722,0.167384,9.78001,1.18125,1.61,-3.01,-1.12,-23.1177,-45.9979,11.5676,1014.82
381728,0.167384,9.78479,1.20516,1.19,-3.43,-1.68,-23.2048,-47.3857,11.0652,1014.79
381734,0.200861,9.76088,1.15734,1.4,-3.78,-0.91,-22.9143,-47.4782,10.223,1014.79
381740,0.234338,9.80392,1.15256,1.47,-3.43,-0.91,-22.8852,-46.1521,10.9027,1014.8
381746,0.176949,9.8087,1.14778,1.26,-2.87,-1.4,-22.7109,-46.9231,10.8436,1014.8
381752,0.167384,9.77523,1.16691,1.12,-3.29,-1.19,-22.4784,-47.2624,9.95698,1014.82
381758,0.133907,9.70349,1.24821,1.47,-3.43,-1.26,-22.4493,-46.6147,11.5085,1014.82
381764,0.157819,9.70827,1.23386,1.61,-2.94,-1.19,-23.0014,-45.8129,11.5824,1014.82
381770,0.176949,9.74653,1.16691,2.38,-3.5,-0.7,-22.8852,-46.9848,9.30681,1014.84
381776,0.181731,9.7561,1.14299,1.68,-3.5,-0.63,-23.0014,-47.6016,8.89307,1014.84
381782,0.176949,9.77523,1.14778,1.61,-3.5,-0.56,-23.3211,-45.6895,10.8731,1014.79
381788,0.157819,9.76566,1.20516,1.68,-3.36,-0.49,-22.4493,-47.6633,9.63189,1014.79
381794,0.263032,9.8087,1.13821,1.47,-2.8,-0.42,-23.5826,-47.6016,10.7106,1014.83
381800,0.267814,9.8374,1.09039,1.68,-3.01,-1.12,-22.5075,-46.1521,10.2821,1014.83
381806,0.23912,9.80392,1.09039,1.33,-3.08,-1.33,-22.0716,-46.3063,11.4346,1014.83
381812,0.148254,9.79436,1.17169,0.98,-3.5,-1.4,-22.8271,-47.725,10.6071,1014.83
381818,0.243902,9.76566,1.20516,0.98,-3.22,-1.4,-22.5365,-47.2624,10.9027,1014.8
381824,0.243902,9.8087,1.15734,0.56,-3.5,-1.82,-23.2629,-46.3989,9.3807,1014.8
381830,0.224773,9.82305,1.0856,0.77,-3.15,-2.03,-22.8271,-47.9717,11.0504,1014.8
381836,0.133907,9.8087,1.13343,0.35,-3.01,-2.38,-22.8852,-48.0025,9.15905,1014.84
381842,0.071736,9.77044,1.21473,0.42,-3.5,-1.68,-22.798,-45.9363,10.7106,1014.84
381848,0.153037,9.69871,1.24821,0.77,-3.01,-1.96,-22.6818,-47.9717,9.67622,1014.83
381854,0.133907,9.71305,1.23864,0.77,-3.29,-1.47,-23.0595,-48.1876,9.64667,1014.83
381860,0.095648,9.72262,1.26734,1.19,-3.36,-0.98,-22.6818,-47.0157,10.3116,1014.86
381866,0.157819,9.74175,1.1956,1.54,-3.92,-1.05,-22.5365,-46.6147,10.3855,1014.86
381872,0.0669536,9.73218,1.18604,0.91,-3.43,-0.56,-23.815,-48.5576,9.9422,1014.85
381878,0.105213,9.7274,1.21473,1.19,-4.2,-0.63,-23.0886,-47.3549,10.1195,1014.85
381884,0.129125,9.73218,1.20038,1.47,-3.64,-0.7,-22.769,-46.2138,11.0504,1014.85
381890,0.162602,9.73218,1.1956,1.54,-3.15,-0.77,-23.1177,-47.2315,8.65665,1014.82
381896,0.181731,9.77044,1.15256,1.68,-3.36,-0.84,-22.6818,-48.4034,9.04084,1014.82
381902,0.196078,9.78479,1.18125,1.75,-3.22,-0.63,-22.3912,-46.3989,9.79444,1014.81
381908,0.200861,9.76566,1.18125,1.75,-3.64,-0.35,-22.5656,-47.2624,11.4494,1014.81
381914,0.23912,9.78479,1.16691,1.75,-3.01,-0.7,-22.3912,-48.0334,10.6515,1014.81
381920,0.243902,9.78001,1.16212,1.75,-3.01,-1.26,-22.4784,-47.6016,10.5185,1014.81
381926,0.21999,9.85174,1.15256,1.47,-2.8,-1.12,-22.246,-47.3857,10.6071,1014.79
381932,0.234338,9.89479,1.15256,0.98,-3.22,-1.54,-23.4373,-48.3109,9.36592,1014.79
381938,0.205643,9.80392,1.12386,1.05,-2.94,-1.4,-23.0305,-47.5091,10.2821,1014.79
381944,0.133907,9.77044,1.20038,1.12,-3.01,-2.17,-22.0716,-46.6456,11.2721,1014.86
381950,0.0860832,9.80392,1.17647,0.35,-3.08,-1.47,-22.1588,-47.8792,9.48413,1014.86
381956,0.157819,9.73218,1.16691,1.05,-3.08,-1.33,-21.9844,-47.6941,9.02606,1014.85
381962,0.0765184,9.75131,1.26734,1.33,-3.29,-0.98,-22.1007,-45.5662,11.7449,1014.85
381968,0.10043,9.71305,1.22429,0.84,-3.01,-1.12,-23.0886,-47.4474,10.0309,1014.83
381974,0.10043,9.70349,1.20516,1.4,-3.15,-0.56,-22.0426,-47.4474,10.223,1014.83
381980,0.071736,9.73697,1.24821,1.54,-2.73,-0.77,-23.5244,-47.3857,8.58277,1014.82
381986,0.0621712,9.68436,1.23386,1.33,-3.22,-0.56,-22.1007,-47.0157,10.814,1014.82
381992,0.071736,9.69871,1.26255,1.82,-3.08,0.35,-23.2048,-48.2801,9.64667,1014.85
381998,0.133907,9.71305,1.21473,1.47,-3.29,0.49,-22.6237,-46.7998,10.6367,1014.85
382004,0.167384,9.76566,1.1956,1.96,-3.22,-0.07,-22.246,-46.183,10.1934,1014.85
382010,0.148254,9.77523,1.17169,2.17,-2.73,0.14,-22.4493,-47.91,10.3412,1014.81
382016,0.157819,9.78479,1.15734,1.89,-3.15,0.28,-22.1007,-47.6941,9.9422,1014.81
382022,0.176949,9.78479,1.15734,1.75,-3.22,-0.07,-21.9554,-46.2138,10.9618,1014.81
382028,0.205643,9.8087,1.16691,1.61,-3.08,-0.07,-22.4203,-47.6324,10.2673,1014.81
382034,0.172166,9.79914,1.15256,1.96,-3.15,-0.56,-23.1467,-47.6324,9.92742,1014.82
382040,0.176949,9.77523,1.20038,1.68,-3.01,-0.63,-21.8101,-46.7998,9.46935,1014.82
382046,0.13869,9.7561,1.22908,1.89,-3.29,-0.14,-22.275,-46.6764,10.1343,1014.83
382052,0.143472,9.75131,1.21951,1.75,-3.29,-0.49,-22.275,-48.0025,9.86832,1014.83
382058,0.10043,9.76566,1.1956,2.03,-3.08,-0.28,-22.4493,-47.3857,11.3607,1014.83
382064,0.133907,9.7561,1.18125,1.61,-2.94,-0.14,-21.781,-47.0157,10.7253,1014.83
382070,0.105213,9.72262,1.23864,1.82,-3.22,0.49,-22.8271,-48.095,10.6662,1014.83
382076,0.11956,9.74653,1.22908,2.24,-3.29,0.07,-22.5946,-48.8352,10.814,1014.83
382082,0.114778,9.7274,1.18604,2.24,-2.94,0.42,-22.5946,-47.3857,10.1195,1014.83
382088,0.148254,9.75131,1.20516,1.82,-2.8,0.14,-22.3041,-47.6324,10.3707,1014.85
382094,0.114778,9.73218,1.16691,1.89,-3.36,0.84,-22.769,-48.1876,10.947,1014.85
382100,0.124342,9.71784,1.24821,2.03,-3.08,0.42,-22.3622,-47.2624,10.947,1014.82
382106,0.172166,9.75131,1.18125,2.17,-2.87,0.63,-22.3912,-47.4166,11.1686,1014.82
382112,0.224773,9.78001,1.18604,2.59,-3.15,0.77,-22.3622,-47.8483,9.73533,1014.82
382118,0.248685,9.84696,1.1143,1.96,-2.87,0.42,-22.0716,-47.5708,10.4446,1014.82
382124,0.243902,9.85174,1.14299,1.96,-3.01,-0.35,-22.1297,-46.5839,9.02606,1014.82
382130,0.191296,9.8374,1.16691,1.96,-3.22,-0.14,-22.5365,-47.8483,8.81919,1014.82
382136,0.176949,9.78957,1.1956,1.96,-2.8,-0.07,-22.1007,-48.3418,9.41025,1014.82
382142,0.129125,9.80392,1.19082,1.61,-3.01,-0.35,-21.8682,-46.3989,10.2821,1014.81
382148,0.153037,9.79914,1.17647,1.96,-3.08,-0.49,-22.6818,-47.6633,10.0161,1014.81
382154,0.157819,9.7561,1.21951,1.96,-3.08,-0.35,-22.4493,-47.9408,8.9374,1014.85
382160,0.11956,9.74653,1.23386,2.17,-3.36,-0.35,-22.5656,-47.1698,9.691,1014.85
382166,0.148254,9.74653,1.14778,1.75,-3.01,0,-23.0305,-47.0773,10.4594,1014.83
382172,0.11956,9.78001,1.20516,1.82,-3.08,-0.21,-23.4082,-47.7558,8.80442,1014.83
382178,0.143472,9.77044,1.17647,2.17,-3.08,0.49,-22.5365,-48.0025,10.3855,1014.83
382184,0.148254,9.80392,1.17647,2.17,-3.29,0.28,-22.5365,-46.7073,10.8731,1014.81
382190,0.129125,9.7274,1.20516,2.17,-3.29,0.49,-22.0135,-47.6941,9.04084,1014.81
382196,0.11956,9.72262,1.20516,2.03,-3.36,0.77,-22.7399,-47.5708,9.67622,1014.85
382202,0.129125,9.74653,1.1956,2.24,-3.22,0.91,-22.1007,-46.4297,10.3264,1014.85
382208,0.143472,9.74175,1.16691,2.17,-3.5,0.84,-22.769,-47.6016,8.96696,1014.82
382214,0.148254,9.76566,1.17169,2.45,-3.22,0.63,-22.798,-48.1876,7.88828,1014.82
382220,0.272597,9.81349,1.12386,2.66,-2.87,0.42,-21.8682,-47.324,9.70578,1014.79
382226,0.200861,9.79914,1.19082,2.17,-2.94,0.21,-22.275,-46.4605,10.09,1014.79
382232,0.186514,9.80392,1.18604,2.1,-2.73,17.78,-22.9724,-47.324,10.0456,1014.79
382238,0.162602,9.78001,1.20995,2.24,-3.43,0.14,-22.1878,-47.2932,10.1491,1014.85
382244,0.157819,9.79914,1.1956,2.17,-3.57,-0.28,-23.2048,-47.2932,10.3412,1014.85
382250,0.176949,9.7274,1.20516,2.03,-3.22,0.07,-22.1297,-47.6633,9.29204,1014.82
382256,0.13869,9.74653,1.24342,2.38,-2.66,0.49,-22.5946,-47.1698,8.70098,1014.82
382262,0.11956,9.78001,1.1956,2.1,-3.36,-0.28,-22.7399,-46.5531,9.86832,1014.83
382268,0.143472,9.74653,1.18125,2.03,-3.08,0.07,-23.2048,-47.0157,11.5381,1014.83
382274,0.124342,9.77044,1.21473,2.17,-2.66,0.35,-23.1467,-48.5576,9.15905,1014.82
382280,0.124342,9.78001,1.19082,2.17,-2.87,0.56,-22.7109,-47.1082,9.21815,1014.82
382286,0.124342,9.78001,1.15734,2.03,-3.57,0.21,-22.4784,-46.4605,9.49891,1014.82
382292,0.162602,9.78001,1.16691,1.89,-3.29,0.35,-23.2048,-47.5708,8.64188,1014.86
382298,0.133907,9.78001,1.16691,2.38,-3.29,1.26,-22.2169,-46.9848,9.73533,1014.86
382304,0.162602,9.76088,1.20038,2.17,-3.01,0.98,-22.5946,-46.0288,9.79444,1014.86
382310,0.148254,9.71305,1.23386,2.24,-2.73,1.26,-22.4784,-47.4166,9.49891,1014.86
382316,0.148254,9.73218,1.23864,2.31,-3.29,0.14,-22.7399,-47.7558,11.0209,1014.8
382322,0.153037,9.76088,1.17647,2.38,-2.94,0.7,-21.9263,-46.4605,9.72055,1014.8
382328,0.267814,9.78957,1.14299,2.66,-3.01,0.84,-22.5656,-47.3857,10.0161,1014.84
382334,0.143472,9.78001,1.1956,2.45,-3.43,0.63,-23.1467,-48.5268,9.14427,1014.84
382340,0.210426,9.77523,1.19082,2.59,-3.15,0.63,-22.6818,-46.6764,11.1243,1014.83
382346,0.210426,9.81827,1.21951,2.52,-3.08,0.42,-22.1588,-46.3372,10.6071,1014.83
382352,0.210426,9.76566,1.1956,2.31,-2.8,0.42,-22.769,-47.725,8.81919,1014.83
382358,0.181731,9.77523,1.1956,2.66,-3.08,0.21,-22.5946,-47.1698,9.36592,1014.82
382364,0.148254,9.79914,1.1956,2.73,-3.15,0.35,-21.6358,-46.0288,11.1539,1014.82
382370,0.162602,9.78001,1.14778,2.52,-3.01,0.21,-21.8682,-48.1876,9.08517,1014.83
382376,0.143472,9.7561,1.19082,2.31,-2.87,0.49,-22.0716,-47.4474,10.2082,1014.83
382382,0.11956,9.78957,1.20995,2.17,-2.87,0.63,-22.5075,-47.139,10.5185,1014.83
382388,0.133907,9.77523,1.18125,2.38,-2.87,0.28,-22.4203,-46.5222,10.1638,1014.83
382394,0.148254,9.75131,1.23386,2.31,-3.5,0.49,-22.1297,-48.4343,10.1195,1014.84
382400,0.172166,9.77523,1.16212,2.59,-3.36,0.77,-22.5946,-46.3989,9.82399,1014.84
382406,0.114778,9.75131,1.18604,2.52,-2.8,1.4,-22.7399,-46.7998,10.3116,1014.84
382412,0.191296,9.76088,1.17169,2.66,-2.87,1.05,-22.7399,-48.1876,9.80921,1014.81
382418,0.167384,9.73697,1.20038,3.01,-2.73,0.56,-22.1297,-47.8792,9.64667,1014.81
382424,0.162602,9.76088,1.15734,2.24,-2.94,1.33,-22.4784,-46.2138,11.1982,1014.83
382430,0.196078,9.78001,1.17169,2.52,-3.22,0.91,-22.0716,-47.6941,10.7106,1014.83
382436,0.200861,9.78001,1.16691,2.87,-3.22,0.7,-22.6237,-48.095,9.24771,1014.83
382442,0.253467,9.80392,1.14299,2.17,-3.15,0.49,-22.1878,-46.7073,10.7845,1014.83
382448,0.224773,9.80392,1.10952,2.8,-2.73,0.63,-22.3331,-47.8483,10.223,1014.84
382454,0.205643,9.81349,1.13821,2.31,-3.15,0.35,-22.3622,-48.1567,8.84875,1014.84
382460,0.215208,9.81349,1.17169,2.03,-3.36,0.42,-22.5075,-46.954,11.8188,1014.84
382466,0.224773,9.79914,1.17169,1.96,-2.73,0.14,-22.769,-46.7073,11.3164,1014.81
382472,0.210426,9.80392,1.13343,2.03,-3.01,0.14,-22.6818,-48.3726,9.92742,1014.81
382478,0.143472,9.79436,1.13821,2.31,-3.08,-0.07,-22.4203,-48.0642,10.7106,1014.81
382484,0.157819,9.76088,1.17647,1.82,-2.87,0.14,-22.4784,-47.139,11.1391,1014.81
382490,0.157819,9.76088,1.19082,1.68,-3.15,0.35,-22.7399,-48.0642,10.6367,1014.82
382496,0.162602,9.75131,1.15734,2.24,-3.85,0.14,-23.0305,-47.4166,9.02606,1014.82
382502,0.181731,9.75131,1.17647,1.96,-3.08,0.63,-22.1878,-46.2138,10.1934,1014.83
382508,0.191296,9.78479,1.15256,2.38,-3.5,0.63,-21.7229,-47.4782,10.0309,1014.83
382514,0.157819,9.74175,1.1956,2.38,-3.64,0.84,-22.6237,-48.1567,9.79444,1014.85
382520,0.172166,9.73697,1.18604,2.1,-3.22,0.56,-22.8852,-47.725,10.5628,1014.85
382526,0.200861,9.75131,1.17647,2.24,-2.94,0.35,-22.5365,-46.368,11.5381,1014.85
382532,0.205643,9.76566,1.15734,1.96,-3.08,0.07,-22.0716,-48.3726,9.67622,1014.8
382538,0.176949,9.77523,1.14778,3.15,-3.43,0.56,-22.3041,-47.4782,11.0209,1014.8
382544,0.181731,9.80392,1.15256,2.38,-3.15,0.63,-22.1007,-46.4605,10.3559,1014.87
382550,0.215208,9.82305,1.15256,2.1,-3.08,0.07,-22.9143,-48.0642,9.86832,1014.87
382556,0.229555,9.8087,1.13343,2.1,-3.36,-0.14,-21.6067,-47.6941,10.1195,1014.82
382562,0.229555,9.78479,1.17169,2.52,-3.29,0.35,-22.0135,-46.1213,11.08,1014.82
382568,0.253467,9.80392,1.13821,1.47,-2.94,-0.07,-21.9263,-46.9848,9.66145,1014.79
382574,0.248685,9.78957,1.14778,2.03,-2.73,-0.28,-21.8682,-48.2184,9.07039,1014.79
382580,0.176949,9.79436,1.13343,1.89,-3.29,-0.35,-21.781,-46.7073,10.2377,1014.79
382586,0.148254,9.80392,1.18125,2.03,-3.08,-0.77,-21.8392,-45.9979,9.63189,1014.82
382592,0.176949,9.79436,1.14299,2.1,-2.73,-0.35,-23.1758,-48.3109,8.1247,1014.82
382598,0.210426,9.78001,1.12865,1.54,-2.8,-0.49,-22.8852,-46.5531,11.213,1014.79
382604,0.153037,9.78001,1.15256,1.89,-3.36,-0.77,-22.5365,-46.5222,11.0061,1014.79
382610,0.181731,9.76088,1.1956,1.96,-3.15,-0.7,-21.7229,-46.954,10.9913,1014.81
382616,0.13869,9.77044,1.22429,1.75,-2.94,-0.07,-22.6818,-48.0642,10.3116,1014.81
382622,0.191296,9.72262,1.20516,1.96,-3.29,0.07,-22.8561,-45.9979,10.5185,1014.81
382628,0.181731,9.7561,1.17169,2.17,-3.71,-0.42,-22.7109,-47.2315,10.1491,1014.81
382634,0.200861,9.77044,1.19082,2.31,-3.08,-0.42,-22.275,-48.0334,10.1638,1014.81
382640,0.21999,9.77044,1.19082,2.31,-3.01,-0.28,-22.3331,-47.2932,11.4789,1014.82
382646,0.172166,9.79436,1.14778,2.1,-2.73,-0.49,-22.6237,-46.2755,10.7845,1014.82
382652,0.25825,9.82783,1.11908,1.96,-3.15,-0.49,-23.0595,-48.0334,10.1195,1014.84
382658,0.263032,9.81349,1.12386,1.82,-2.94,-0.77,-22.6237,-46.7073,10.9618,1014.84
382664,0.234338,9.81827,1.15734,1.96,-3.29,-1.05,-22.3041,-46.4297,11.3903,1014.82
382670,0.196078,9.81349,1.11908,1.54,-2.8,-0.98,-22.8561,-48.095,9.01129,1014.82
382676,0.186514,9.79914,1.11908,1.61,-3.15,-1.33,-23.0305,-48.1259,9.57279,1014.84
382682,0.162602,9.79436,1.11908,1.89,-3.36,-1.05,-22.3622,-46.6147,10.4446,1014.84
382688,0.205643,9.76088,1.13821,1.75,-3.5,-1.05,-22.2169,-46.5222,10.1195,1014.84
382694,0.162602,9.79914,1.17647,1.4,-3.43,-0.98,-23.0886,-47.9408,9.61712,1014.84
382700,0.114778,9.75131,1.16212,1.61,-2.94,-0.63,-23.2048,-46.7689,12.1439,1014.84
382706,0.11956,9.77044,1.17647,1.4,-3.29,-0.7,-23.0305,-46.2755,10.1343,1014.83
382712,0.133907,9.70827,1.20995,2.17,-3.08,-0.28,-22.5946,-47.3549,9.72055,1014.83
382718,0.148254,9.72262,1.18125,1.68,-3.22,-0.42,-21.9844,-47.2315,9.49891,1014.83
382724,0.133907,9.74653,1.16691,2.03,-3.43,-0.21,-22.5656,-46.7381,10.7401,1014.83
382730,0.105213,9.76566,1.13821,1.96,-3.22,0.07,-22.1878,-47.6941,10.2673,1014.81
382736,0.162602,9.78957,1.11908,2.03,-3.5,0.28,-22.9724,-47.7866,10.6958,1014.81
382742,0.176949,9.78957,1.11908,1.68,-2.94,-0.14,-22.3041,-46.6456,11.2721,1014.81
382748,0.181731,9.78957,1.14778,1.89,-3.08,-0.21,-22.1297,-46.5839,11.5676,1014.81
382754,0.172166,9.79436,1.14299,1.54,-3.22,-0.35,-23.3792,-48.5268,10.9174,1014.81
382760,0.205643,9.75131,1.15734,1.4,-3.15,-0.28,-22.7109,-46.1213,11.2721,1014.86
382766,0.248685,9.77523,1.14778,1.75,-3.36,-0.28,-23.4663,-45.9363,10.947,1014.86
382772,0.229555,9.79436,1.15256,1.33,-3.08,-0.98,-22.769,-47.139,11.1095,1014.82
382778,0.153037,9.8087,1.13821,1.47,-2.66,-1.12,-22.9143,-47.1082,12.6611,1014.82
382784,0.124342,9.76088,1.17169,1.96,-3.08,-0.77,-22.769,-45.7821,11.5381,1014.85
382790,0.162602,9.73218,1.1956,1.89,-3.08,-0.77,-22.6818,-46.9231,10.7106,1014.85
382796,0.200861,9.75131,1.1956,1.61,-3.29,-0.28,-22.5946,-46.954,9.85354,1014.84
382802,0.148254,9.78957,1.14778,1.82,-2.8,0.21,-22.3622,-46.3372,10.6367,1014.84
382808,0.13869,9.76566,1.15734,1.89,-2.94,-0.21,-22.769,-47.0465,10.9027,1014.84
382814,0.109995,9.73697,1.17169,1.54,-3.29,-0.56,-22.5946,-46.9848,9.05562,1014.82
382820,0.114778,9.77044,1.22908,1.68,-3.36,0.14,-22.246,-46.7998,11.5824,1014.82
382826,0.143472,9.75131,1.16691,2.38,-3.57,0.49,-22.4784,-46.5839,9.691,1014.81
382832,0.11956,9.78001,1.13821,1.96,-3.57,-0.49,-23.1758,-47.5091,10.2082,1014.81
382838,0.176949,9.76088,1.16691,1.89,-3.15,-0.35,-22.1588,-46.8615,9.79444,1014.79
382844,0.162602,9.76566,1.13343,1.96,-3.57,0.21,-22.7399,-47.3549,11.3755,1014.79
382850,0.210426,9.78957,1.1143,1.33,-3.36,-0.28,-21.4324,-48.0025,11.2573,1014.86
382856,0.215208,9.80392,1.13343,1.75,-3.08,-0.07,-23.2339,-47.6633,11.2573,1014.86
382862,0.205643,9.83261,1.10473,1.89,-2.94,-0.56,-21.5776,-46.4297,12.3212,1014.84
382868,0.243902,9.81349,1.12386,1.4,-3.36,-0.63,-22.7109,-47.1082,11.5233,1014.84
382874,0.157819,9.81349,1.16691,1.05,-3.08,-0.84,-22.5946,-47.324,10.8879,1014.84
382880,0.205643,9.77523,1.17169,1.61,-3.43,-0.56,-22.1878,-46.6764,11.2721,1014.81
382886,0.196078,9.81349,1.20038,1.4,-3.22,-0.63,-22.1878,-46.3989,11.5972,1014.81
382892,0.167384,9.79914,1.18604,1.26,-3.64,-1.05,-21.6648,-47.7866,10.4594,1014.82
382898,0.133907,9.78001,1.19082,1.19,-2.73,-0.7,-22.7109,-47.0773,10.1491,1014.82
382904,0.114778,9.78001,1.1956,1.33,-3.01,-0.56,-22.1588,-46.4914,11.804,1014.84
382910,0.114778,9.73697,1.20516,1.54,-3.71,-0.49,-22.3331,-48.2492,10.814,1014.84
382916,0.148254,9.75131,1.20516,1.68,-3.57,-0.49,-22.6818,-48.0025,8.84875,1014.82
382922,0.124342,9.74653,1.20038,1.75,-3.57,0,-22.2169,-47.0157,11.1243,1014.82
382928,0.129125,9.71305,1.17169,2.03,-3.36,0.07,-21.8101,-47.8792,10.3707,1014.82
382934,0.124342,9.74653,1.17169,1.75,-3.5,0.14,-22.798,-48.095,10.1491,1014.86
382940,0.133907,9.74653,1.16691,1.75,-3.36,0.28,-22.6237,-47.3549,10.8583,1014.86
382946,0.167384,9.73218,1.15734,1.96,-3.43,-0.14,-22.6527,-46.5839,11.4937,1014.84
382952,0.200861,9.74653,1.14778,2.03,-2.87,-0.21,-23.1758,-48.866,9.63189,1014.84
382958,0.210426,9.79436,1.13343,2.24,-3.57,0.35,-22.7109,-47.6633,11.0948,1014.82
382964,0.267814,9.80392,1.09039,1.82,-3.29,-0.07,-22.5075,-47.0773,11.2721,1014.82
382970,0.200861,9.79914,1.15256,2.31,-3.57,-0.84,-22.2169,-47.8792,10.6219,1014.84
382976,0.196078,9.8087,1.13821,1.75,-3.01,-0.49,-23.1177,-48.1567,9.75011,1014.84
382982,0.186514,9.82783,1.16212,1.54,-3.08,-0.28,-23.0595,-46.7381,10.9765,1014.84
382988,0.162602,9.79436,1.15734,1.33,-2.94,-0.7,-23.3792,-47.2624,10.9027,1014.8
382994,0.133907,9.78001,1.16691,1.82,-3.36,0.07,-22.9143,-48.4034,9.76488,1014.8
383000,0.0908656,9.76566,1.21473,1.82,-3.08,-0.42,-22.798,-47.5091,11.1539,1014.82
383006,0.124342,9.76088,1.16691,1.68,-3.29,-0.77,-21.8101,-46.5222,11.4051,1014.82
383012,0.133907,9.76088,1.17169,1.96,-3.5,0.42,-23.3792,-48.2184,9.51368,1014.84
383018,0.13869,9.74653,1.20516,2.1,-3.15,0.28,-22.5365,-47.5708,10.6071,1014.84
383024,0.148254,9.73697,1.21951,2.24,-3.22,-0.07,-22.275,-46.7381,11.0061,1014.82
383030,0.143472,9.74653,1.17647,1.96,-3.43,0.35,-22.7399,-47.5708,11.7154,1014.82
383036,0.129125,9.7274,1.18125,2.24,-3.57,0.42,-22.275,-47.6324,10.5628,1014.86
383042,0.176949,9.7561,1.16691,2.17,-3.15,0.49,-22.9724,-46.8306,11.3607,1014.86
383048,0.143472,9.77044,1.16691,2.38,-2.94,0.35,-23.292,-47.9408,11.7745,1014.86
383054,0.196078,9.76088,1.13343,2.24,-3.15,0.28,-22.9724,-47.9408,10.4594,1014.83
383060,0.176949,9.78957,1.10952,2.31,-3.15,0.49,-22.8561,-47.0465,10.4741,1014.83
383066,0.191296,9.79436,1.10952,2.24,-3.43,-0.21,-22.7399,-47.0773,11.804,1014.81
383072,0.229555,9.81827,1.10952,1.96,-3.57,0.21,-22.3912,-48.866,9.91265,1014.81
383078,0.224773,9.77523,1.09517,1.89,-2.94,-0.21,-22.4493,-47.7558,10.6958,1014.81
383084,0.129125,9.80392,1.17169,1.82,-3.29,-0.07,-22.5365,-47.3857,10.6219,1014.81
383090,0.196078,9.77523,1.14778,1.75,-2.66,0.21,-22.798,-47.6633,11.5381,1014.82
383096,0.114778,9.78957,1.14778,1.89,-3.01,-0.21,-22.3912,-47.8792,10.9618,1014.82
383102,0.13869,9.77523,1.18125,1.75,-3.29,-0.28,-22.5075,-45.8746,9.82399,1014.82
383108,0.172166,9.77044,1.17647,1.68,-3.36,0.42,-22.7109,-47.0157,10.947,1014.82
383114,0.13869,9.77044,1.20038,2.17,-3.15,0.14,-22.1878,-48.3109,9.51368,1014.82
383120,0.11956,9.7561,1.18125,1.89,-2.8,0.14,-22.3331,-46.7689,10.9174,1014.81
383126,0.143472,9.76088,1.18125,2.38,-2.66,0.21,-22.2169,-46.8306,11.3016,1014.81
383132,0.162602,9.74653,1.14299,2.24,-3.22,-0.21,-21.4324,-47.9717,10.5333,1014.85
383138,0.167384,9.74175,1.15734,2.03,-3.22,0.21,-22.2169,-47.725,10.4298,1014.85
383144,0.167384,9.75131,1.16212,2.17,-2.94,0.84,-22.0426,-45.8129,10.09,1014.79
383150,0.143472,9.74175,1.16691,2.1,-2.94,0.49,-22.275,-46.6764,10.0013,1014.79
383156,0.148254,9.78479,1.14299,1.68,-2.94,0.63,-22.2169,-47.725,10.5628,1014.79
383162,0.172166,9.76088,1.12386,2.31,-3.5,0.49,-22.1297,-46.183,10.2377,1014.83
383168,0.191296,9.78479,1.16212,2.03,-3.36,0.49,-22.6818,-46.6764,10.5037,1014.83
383174,0.263032,9.78479,1.1143,2.17,-3.15,0.07,-22.8271,-47.9717,10.548,1014.81
383180,0.167384,9.85653,1.13343,2.1,-3.57,-0.42,-22.5946,-47.4166,10.548,1014.81
383186,0.191296,9.8087,1.18604,1.54,-3.01,0.42,-22.8271,-45.6279,12.203,1014.82
383192,0.167384,9.78479,1.17169,2.03,-2.94,-0.07,-22.1588,-48.1567,9.4398,1014.82
383198,0.186514,9.78001,1.20995,2.1,-3.01,0.35,-22.1007,-47.4782,9.15905,1014.78
383204,0.148254,9.7561,1.18125,2.31,-2.73,-0.35,-23.0305,-46.2755,9.76488,1014.78
383210,0.129125,9.78479,1.14778,2.17,-3.29,-0.35,-21.9263,-47.6941,9.89787,1014.81
383216,0.13869,9.74175,1.1956,2.24,-3.08,0.35,-22.275,-47.324,9.1886,1014.81
383222,0.143472,9.71784,1.22908,2.31,-3.22,0,-21.752,-45.9363,11.7154,1014.81
383228,0.11956,9.7274,1.1956,2.59,-3.01,0,-22.4203,-47.5399,9.9422,1014.83
383234,0.153037,9.74653,1.14299,2.94,-3.08,0.35,-22.7399,-47.8792,10.8288,1014.83
383240,0.13869,9.7561,1.13821,2.45,-3.22,0.7,-22.0716,-47.0773,10.1786,1014.81
383246,0.109995,9.76088,1.16691,2.8,-3.36,0.21,-21.6067,-46.5531,11.0948,1014.81
383252,0.196078,9.71305,1.14299,2.52,-3.57,0.63,-22.6237,-47.9408,8.64188,1014.86
383258,0.153037,9.73697,1.13821,2.8,-3.08,1.19,-22.8852,-48.0642,10.9027,1014.86
383264,0.25825,9.77523,1.13821,2.73,-3.43,0.77,-22.6237,-46.4297,10.1195,1014.83
383270,0.224773,9.78957,1.12386,2.45,-2.31,0.42,-22.1297,-46.7689,11.3903,1014.83
383276,0.23912,9.82783,1.09995,2.31,-2.94,0.14,-22.3331,-47.1698,10.0309,1014.83
383282,0.23912,9.8374,1.09517,2.1,-3.15,0,-22.1297,-46.368,10.6071,1014.82
383288,0.191296,9.78957,1.12865,2.59,-2.73,0.28,-22.5946,-47.2932,11.4789,1014.82
383294,0.143472,9.80392,1.14299,1.68,-2.8,-0.14,-22.3331,-47.4474,9.67622,1014.84
383300,0.153037,9.78001,1.14778,1.89,-3.15,0.07,-22.246,-46.8615,11.1686,1014.84
383306,0.172166,9.77523,1.16691,2.59,-2.87,0,-22.8271,-47.0773,12.6463,1014.83
383312,0.200861,9.71784,1.15734,2.31,-3.01,-0.07,-22.1588,-47.7866,11.3016,1014.83
383318,0.148254,9.75131,1.16691,2.1,-3.15,-0.07,-22.3622,-47.139,10.9322,1014.82
383324,0.13869,9.76088,1.16691,2.59,-3.22,-0.07,-22.8271,-47.2932,9.64667,1014.82
383330,0.129125,9.75131,1.16691,2.03,-3.08,0.42,-22.1588,-48.4651,10.5628,1014.82
383336,0.148254,9.70827,1.17647,2.24,-3.15,0.35,-22.7109,-46.7381,9.1886,1014.82
383342,0.176949,9.71305,1.15256,2.38,-2.45,0.42,-22.1878,-46.0596,9.92742,1014.82
383348,0.191296,9.71784,1.17169,2.52,-3.08,0.56,-22.0716,-46.2138,10.0309,1014.82
383354,0.148254,9.7561,1.16212,3.01,-3.36,0.56,-22.5075,-48.095,10.3559,1014.82
383360,0.181731,9.74175,1.15734,3.08,-3.57,0.56,-22.3622,-46.7381,9.61712,1014.83
383366,0.21999,9.78957,1.13821,2.52,-2.8,0.91,-22.275,-45.8129,10.9027,1014.83
383372,0.200861,9.7561,1.15734,3.36,-3.15,0.49,-22.4493,-47.6016,10.681,1014.83
383378,0.200861,9.80392,1.12386,3.29,-3.01,0.56,-22.7399,-47.4782,10.4298,1014.83
383384,0.196078,9.7561,1.16212,3.36,-3.01,0.77,-22.798,-45.7821,11.671,1014.84
383390,0.263032,9.80392,1.11908,2.87,-3.29,0.42,-22.6237,-47.8483,10.4003,1014.84
383396,0.234338,9.82783,1.08082,3.22,-3.29,17.78,-22.9724,-47.725,9.75011,1014.84
383402,0.205643,9.79436,1.14778,3.01,-3.15,-0.28,-22.246,-46.6456,9.63189,1014.82
383408,0.148254,9.78957,1.17169,3.15,-3.57,-0.07,-22.9724,-47.6633,10.1047,1014.82
383414,0.153037,9.83261,1.10952,2.66,-3.36,0.28,-23.0886,-47.9717,9.23293,1014.82
383420,0.23912,9.84696,1.06169,2.73,-3.64,-0.21,-22.6527,-46.6456,11.1539,1014.82
383426,0.200861,9.84218,1.02343,2.24,-3.5,-0.49,-22.4784,-46.4605,9.60234,1014.82
383432,0.153037,9.82305,1.08082,2.1,-3.36,-0.35,-22.6818,-48.0642,9.73533,1014.82
383438,0.124342,9.78479,1.1143,1.89,-2.94,0.42,-23.4082,-46.9231,9.4398,1014.84
383444,0.133907,9.76088,1.09517,1.61,-2.94,-0.21,-22.7399,-45.7512,10.6071,1014.84
383450,0.148254,9.68914,1.22908,2.59,-3.64,-0.07,-22.8852,-47.5091,9.51368,1014.84
383456,0.157819,9.67001,1.24342,2.31,-3.15,0.35,-22.6527,-47.139,10.5185,1014.81
383462,0.153037,9.61741,1.24342,3.01,-3.15,0.7,-22.1878,-46.0905,10.4446,1014.81
383468,0.124342,9.66523,1.25299,3.71,-3.36,0.84,-22.6527,-46.6764,9.45458,1014.82
383474,0.153037,9.66045,1.26734,4.2,-3.43,0.98,-23.0886,-47.2007,8.21336,1014.82
383480,0.167384,9.70827,1.17647,4.27,-3.36,0.98,-22.8561,-46.4297,10.3855,1014.82
383486,0.172166,9.77523,1.11908,4.48,-3.43,0.7,-22.3331,-46.368,10.2525,1014.82
383492,0.23912,9.8087,1.05691,4.27,-3.29,1.05,-22.0426,-48.0334,9.15905,1014.84
383498,0.23912,9.87566,1.033,4.06,-3.43,0.56,-22.3041,-47.6941,8.9374,1014.84
383504,0.25825,9.84218,1.01387,3.78,-2.73,0.35,-22.2169,-46.3989,10.2377,1014.84
383510,0.263032,9.9187,0.999522,3.22,-3.22,-0.07,-22.1588,-47.4474,10.1786,1014.83
383516,0.243902,9.86609,1.033,2.8,-2.87,0.21,-22.6527,-47.4782,9.88309,1014.83
383522,0.224773,9.89479,0.97561,2.31,-3.15,0.42,-22.5946,-46.4605,9.05562,1014.82
383528,0.200861,9.87087,0.994739,1.89,-3.29,-0.63,-22.9433,-46.7998,9.08517,1014.82
383534,0.13869,9.80392,1.07126,1.47,-2.94,-0.28,-22.5656,-48.1567,9.89787,1014.81
383540,0.129125,9.7561,1.1143,1.47,-3.15,-0.28,-23.3211,-46.954,9.98653,1014.81
383546,0.148254,9.70349,1.18125,2.24,-3.5,-0.21,-23.2629,-46.8923,10.4298,1014.85
383552,0.191296,9.72262,1.19082,2.94,-3.43,0.14,-22.6237,-47.5708,10.415,1014.85
383558,0.13869,9.7274,1.16212,2.73,-3.15,0.49,-22.8271,-46.5531,10.1786,1014.8
383564,0.157819,9.71784,1.15734,2.8,-3.01,0,-22.3622,-46.4914,11.3755,1014.8
383570,0.176949,9.73697,1.09517,3.08,-3.15,0.42,-21.9554,-46.6456,10.2968,1014.8
383576,0.196078,9.77044,1.12386,2.8,-2.94,0.91,-23.0595,-47.2932,10.7697,1014.83
383582,0.205643,9.77523,1.0856,2.66,-2.94,0.42,-22.2169,-46.0288,10.681,1014.83
383588,0.200861,9.79914,1.09995,2.94,-3.29,0.35,-22.0716,-46.6456,9.88309,1014.81
383594,0.215208,9.79436,1.07604,3.08,-3.29,0.77,-22.0716,-48.1567,10.223,1014.81
383600,0.23912,9.84218,1.03778,2.87,-3.64,0.7,-23.4373,-46.3063,10.0013,1014.82
383606,0.23912,9.84696,1.02822,2.38,-3.08,0.49,-22.6527,-46.183,9.91265,1014.82
383612,0.205643,9.84218,1.02343,1.89,-2.52,0.56,-22.9724,-47.8175,9.36592,1014.84
383618,0.263032,9.82305,1.04735,2.17,-2.52,-0.14,-22.6237,-47.2932,9.60234,1014.84
383624,0.229555,9.85653,1.05691,2.24,-2.52,-0.21,-22.3041,-46.2755,11.4642,1014.84
383630,0.23912,9.87566,1.0043,1.47,-2.52,-0.28,-23.0595,-47.6941,11.5381,1014.83
383636,0.196078,9.85653,1.01865,1.33,-2.8,0.07,-22.275,-47.5091,11.5676,1014.83
383642,0.181731,9.81827,1.06169,1.19,-3.15,-0.42,-22.5946,-46.7689,11.5824,1014.8
383648,0.229555,9.78957,1.09995,0.98,-2.94,-0.28,-23.0014,-46.7998,11.1095,1014.8
383654,0.210426,9.81349,1.06648,1.19,-3.01,-0.28,-22.5946,-47.725,10.0456,1014.81
383660,0.162602,9.79436,1.13821,1.26,-3.22,-0.35,-23.0595,-46.2447,9.86832,1014.81
383666,0.143472,9.79436,1.0856,1.61,-2.87,0,-22.6527,-46.8615,11.0652,1014.82
383672,0.186514,9.7561,1.15256,1.68,-3.5,0.07,-22.9143,-47.6633,9.86832,1014.82
383678,0.157819,9.77523,1.11908,1.05,-2.73,0.77,-22.1588,-47.2932,10.9618,1014.82
383684,0.181731,9.73218,1.06648,1.4,-3.15,-0.49,-22.6237,-46.183,11.0061,1014.83
383690,0.162602,9.78479,1.0856,1.47,-3.15,-0.14,-22.7109,-47.7866,10.1343,1014.83
383696,0.205643,9.78001,1.03778,0.98,-2.66,0.98,-22.0426,-48.1567,9.66145,1014.81
383702,0.205643,9.82305,1.02343,1.19,-2.94,-0.21,-22.8561,-46.2755,10.8879,1014.81
383708,0.186514,9.8087,1.04735,0.7,-3.01,-0.28,-22.3622,-47.4474,10.8288,1014.85
383714,0.196078,9.8087,1.06169,0.63,-2.94,0,-22.798,-47.6633,9.46935,1014.85
383720,0.229555,9.80392,1.09995,0.56,-2.87,0.28,-23.0014,-46.9848,11.804,1014.86
383726,0.248685,9.8087,1.13821,0.49,-2.73,-0.49,-22.8852,-46.7073,11.1095,1014.86
383732,0.243902,9.79914,1.09517,0.7,-2.87,-0.35,-23.3501,-47.2624,9.35114,1014.85
383738,0.234338,9.81827,1.06648,0.42,-2.73,-0.35,-22.9433,-46.4914,11.3164,1014.85
383744,0.234338,9.82783,1.1143,0.63,-2.73,-0.7,-22.246,-46.2447,10.2377,1014.85
383750,0.181731,9.78001,1.16212,0.35,-2.38,-0.35,-22.798,-47.9408,9.73533,1014.83
383756,0.157819,9.72262,1.18125,0.63,-2.66,-0.7,-23.7278,-48.0334,9.32159,1014.83
383762,0.148254,9.73218,1.18125,0.7,-3.15,-0.56,-22.9724,-46.7998,10.4594,1014.82
383768,0.162602,9.76566,1.13821,1.05,-3.29,-0.21,-22.7109,-46.7073,10.6958,1014.82
383774,0.167384,9.7561,1.13343,0.98,-3.01,-0.49,-22.6818,-48.2801,8.98173,1014.83
383780,0.191296,9.78001,1.09995,0.91,-3.08,-0.42,-23.2048,-46.5531,9.63189,1014.83
383786,0.153037,9.73218,1.12386,1.05,-3.43,0.35,-22.9724,-46.368,10.0752,1014.86
383792,0.186514,9.77044,1.11908,0.84,-3.29,0.14,-22.9433,-48.1259,9.27726,1014.86
383798,0.181731,9.75131,1.09517,1.12,-3.01,-0.42,-23.3211,-47.0773,9.75011,1014.86
383804,0.215208,9.7561,1.12386,1.12,-3.36,0.07,-22.6818,-45.5662,11.2573,1014.82
383810,0.205643,9.7561,1.1143,1.12,-2.94,-0.28,-22.8852,-47.2624,9.88309,1014.82
383816,0.186514,9.74653,1.13821,1.19,-2.87,0.21,-21.8973,-47.8792,10.0309,1014.8
383822,0.210426,9.77044,1.12865,1.19,-3.36,0.49,-23.2629,-46.1521,9.24771,1014.8
383828,0.229555,9.77044,1.09517,0.98,-3.08,-0.42,-23.0595,-46.1213,9.57279,1014.82
383834,0.23912,9.77523,1.1143,1.12,-3.29,-0.49,-23.2629,-47.9717,9.45458,1014.82
383840,0.21999,9.82783,1.09039,0.91,-2.8,0.63,-22.798,-45.8746,11.213,1014.83
383846,0.23912,9.78957,1.07126,0.7,-2.52,-0.77,-22.3912,-45.9363,10.6958,1014.83
383852,0.210426,9.77523,1.09995,0.63,-2.94,-0.84,-22.6527,-47.6941,9.79444,1014.83
383858,0.210426,9.78479,1.13343,0.7,-3.08,-0.21,-22.5946,-46.3989,10.0013,1014.82
383864,0.210426,9.76566,1.15734,0.91,-2.24,-0.35,-22.4493,-45.4428,9.72055,1014.82
383870,0.224773,9.77523,1.13343,1.19,-3.08,-0.91,-22.3041,-47.324,9.91265,1014.81
383876,0.167384,9.7561,1.15256,0.77,-2.73,-0.63,-22.1588,-47.725,10.0013,1014.81
383882,0.172166,9.78001,1.17169,1.12,-3.08,-0.77,-22.3622,-46.0905,10.0604,1014.82
383888,0.172166,9.74653,1.17647,1.12,-2.94,-0.21,-22.6237,-46.4914,10.1195,1014.82
383894,0.172166,9.76088,1.14299,1.33,-3.15,0.21,-23.1758,-47.2315,9.3807,1014.83
383900,0.172166,9.7561,1.13821,1.12,-2.87,-0.21,-21.752,-46.4297,10.7401,1014.83
383906,0.176949,9.74653,1.12386,1.33,-2.94,-0.42,-23.0595,-46.1521,9.4398,1014.81
383912,0.148254,9.75131,1.12865,1.54,-3.43,0.21,-23.0886,-47.6633,9.32159,1014.81
383918,0.13869,9.7561,1.13821,1.33,-3.01,0.14,-22.9433,-46.7689,8.8783,1014.81
383924,0.181731,9.74653,1.09995,1.4,-2.87,-0.21,-23.4373,-46.7381,9.02606,1014.82
383930,0.200861,9.75131,1.14778,1.47,-2.8,-0.14,-22.6818,-47.8792,9.09995,1014.82
383936,0.176949,9.7561,1.11908,1.54,-3.01,0.21,-22.6237,-47.2315,9.05562,1014.83
383942,0.210426,9.82783,1.10952,1.12,-2.94,0.14,-23.0886,-46.1213,11.3164,1014.83
383948,0.196078,9.8087,1.13821,1.61,-2.73,0.07,-21.8973,-47.2932,10.4446,1014.81
383954,0.253467,9.76566,1.10473,1.4,-3.22,-0.21,-23.3792,-48.4034,9.24771,1014.81
383960,0.215208,9.78479,1.15734,1.12,-2.73,-0.56,-22.3912,-46.368,9.92742,1014.83
383966,0.23912,9.76088,1.10952,1.4,-2.66,-0.28,-21.8101,-46.5222,10.4594,1014.83
383972,0.143472,9.81349,1.12386,1.05,-2.8,-0.7,-22.9143,-47.139,10.09,1014.83
383978,0.157819,9.78957,1.07126,0.98,-3.01,-0.21,-22.7399,-46.8306,9.23293,1014.83
383984,0.176949,9.74653,1.15256,0.98,-2.94,-0.63,-22.5365,-46.3372,10.0752,1014.83
383990,0.157819,9.7561,1.16212,1.26,-3.5,-0.42,-22.5075,-47.2932,9.92742,1014.83
383996,0.200861,9.72262,1.13343,1.12,-3.22,-0.28,-22.9143,-47.4474,9.45458,1014.83
384002,0.167384,9.76566,1.17169,1.54,-2.66,-0.49,-22.9724,-46.5531,9.70578,1014.82
384008,0.124342,9.7561,1.18125,1.4,-3.01,0.07,-22.5365,-47.2624,10.681,1014.82
384014,0.148254,9.74653,1.16212,0.77,-2.8,0,-22.6527,-47.5399,10.5776,1014.8
384020,0.157819,9.73218,1.17647,1.12,-3.22,0.07,-22.2169,-46.7381,9.26248,1014.8
384026,0.162602,9.75131,1.18125,1.4,-3.71,-0.14,-23.0305,-47.2315,10.1047,1014.8
384032,0.191296,9.77044,1.13821,1.61,-3.29,0.21,-22.9143,-48.1567,9.08517,1014.82
384038,0.186514,9.78001,1.12865,1.33,-3.01,0.42,-22.5075,-46.9231,10.5333,1014.82
384044,0.229555,9.76088,1.12386,1.12,-3.01,0,-22.1007,-46.183,10.223,1014.8
384050,0.200861,9.76566,1.13821,1.05,-3.29,0.14,-22.5656,-46.9848,9.26248,1014.8
384056,0.200861,9.74653,1.16212,1.61,-3.36,-0.07,-22.6527,-48.0334,10.548,1014.85
384062,0.215208,9.78957,1.17169,1.47,-2.8,-0.14,-21.8973,-46.2447,10.8288,1014.85
384068,0.253467,9.78479,1.13821,1.19,-2.66,-0.21,-22.3331,-46.7073,10.1934,1014.84
384074,0.229555,9.81827,1.0856,1.33,-2.8,-0.07,-22.8561,-47.6324,8.98173,1014.84
384080,0.186514,9.8087,1.10952,1.33,-3.08,0,-22.5946,-46.5222,9.4398,1014.84
384086,0.200861,9.77044,1.12865,1.4,-2.66,-0.07,-22.6527,-46.5222,10.9027,1014.84
384092,0.186514,9.73218,1.13821,1.12,-2.8,0.07,-22.5946,-47.6324,10.6958,1014.84
384098,0.191296,9.81349,1.13343,1.12,-3.36,-0.28,-21.9554,-47.2624,9.75011,1014.85
384104,0.210426,9.79914,1.16212,1.54,-3.01,-0.56,-22.1588,-46.3372,10.3116,1014.85
384110,0.176949,9.81349,1.12386,0.91,-2.73,-0.21,-23.1177,-46.5531,10.9765,1014.82
384116,0.105213,9.74653,1.17169,0.91,-3.5,-0.28,-23.0305,-47.6324,9.85354,1014.82
384122,0.167384,9.76566,1.17647,1.05,-3.15,-0.14,-22.1007,-45.8437,9.30681,1014.83
384128,0.157819,9.7274,1.17647,1.12,-3.29,-0.14,-22.5946,-46.8923,9.33637,1014.83
384134,0.167384,9.73218,1.19082,1.75,-3.01,0.21,-22.6237,-48.496,9.55801,1014.81
384140,0.172166,9.7561,1.16691,0.91,-2.94,0.14,-23.2629,-46.7998,10.4298,1014.81
384146,0.176949,9.74653,1.13821,1.68,-3.5,0.21,-21.8973,-47.0465,9.97175,1014.81
384152,0.200861,9.76088,1.16212,1.47,-3.5,0.07,-22.6527,-48.3726,9.97175,1014.83
384158,0.215208,9.79436,1.14299,1.61,-2.66,-0.14,-22.8852,-47.6324,10.1491,1014.83
384164,0.205643,9.74653,1.16212,1.4,-3.01,0.35,-22.4784,-46.183,11.0948,1014.84
384170,0.191296,9.74175,1.15734,1.89,-3.15,-0.14,-22.4203,-47.6324,10.5628,1014.84
384176,0.176949,9.76088,1.15734,1.47,-3.29,0.21,-23.1177,-48.0334,9.72055,1014.83
384182,0.243902,9.8087,1.17169,1.75,-3.08,-0.07,-23.1177,-46.2447,11.1834,1014.83
384188,0.181731,9.78479,1.18125,1.33,-3.15,0.14,-22.798,-46.5531,10.4446,1014.82
384194,0.224773,9.78957,1.12865,1.54,-3.15,0,-22.8561,-48.1567,9.42502,1014.82
384200,0.186514,9.77523,1.18125,1.75,-3.08,-0.21,-22.9143,-46.8923,10.5037,1014.82
384206,0.124342,9.74653,1.16212,1.4,-3.01,-0.56,-23.5535,-46.6456,10.1047,1014.82
384212,0.181731,9.77044,1.12865,1.19,-3.15,0.7,-23.1177,-47.9408,10.1343,1014.82
384218,0.186514,9.7561,1.16691,1.75,-3.01,0.42,-22.9143,-47.6016,9.66145,1014.84
384224,0.172166,9.75131,1.18604,1.4,-3.5,0.21,-22.8271,-46.4605,9.80921,1014.84
384230,0.186514,9.73697,1.18604,1.47,-2.73,0.49,-22.769,-46.7381,9.63189,1014.85
384236,0.167384,9.73218,1.19082,1.82,-3.22,-0.63,-23.3501,-48.2184,10.548,1014.85
384242,0.176949,9.7561,1.17169,1.61,-3.29,0.49,-23.0014,-46.0288,9.48413,1014.78
384248,0.186514,9.79914,1.16691,1.82,-3.22,0.7,-22.4493,-47.139,9.89787,1014.78
384254,0.200861,9.74653,1.13343,2.03,-3.08,0.35,-22.8271,-46.954,9.15905,1014.82
384260,0.296509,9.8087,1.1143,1.54,-3.01,-0.56,-22.8271,-46.2447,10.0604,1014.82
384266,0.234338,9.83261,1.13821,1.82,-3.29,0.42,-22.3912,-45.9363,10.4446,1014.82
384272,0.21999,9.82305,1.12865,1.47,-2.52,0.07,-22.8852,-47.5708,10.0456,1014.82
384278,0.253467,9.81349,1.09517,1.54,-3.01,-0.84,-23.1758,-47.2624,10.09,1014.82
384284,0.234338,9.83261,1.12865,0.98,-2.45,-0.63,-23.292,-46.1521,11.7745,1014.84
384290,0.196078,9.79436,1.13343,1.89,-2.66,-1.19,-22.4493,-47.2932,10.3264,1014.84
384296,0.153037,9.78001,1.13343,1.54,-2.87,-0.35,-23.1758,-47.0773,10.0752,1014.82
384302,0.143472,9.78957,1.15256,1.19,-2.73,-0.7,-22.3331,-46.183,11.1834,1014.82
384308,0.162602,9.73218,1.1956,1.05,-3.01,-1.05,-22.3912,-47.2315,9.95698,1014.81
384314,0.162602,9.76566,1.16212,1.12,-3.15,-0.42,-22.5365,-48.1567,9.75011,1014.81
384320,0.153037,9.76088,1.18604,0.91,-3.22,-0.14,-22.6527,-46.8923,8.70098,1014.81
384326,0.148254,9.75131,1.15734,1.05,-2.31,-0.21,-22.5656,-46.8306,9.64667,1014.83
384332,0.148254,9.75131,1.21473,0.98,-3.01,-0.49,-23.0305,-47.6941,9.04084,1014.83
384338,0.157819,9.73697,1.20038,1.47,-3.71,0.28,-23.1467,-47.4166,9.11472,1014.85
384344,0.157819,9.73697,1.18604,1.54,-3.43,0.21,-22.6237,-46.1213,9.4398,1014.85
384350,0.133907,9.73697,1.16212,1.47,-3.08,0,-23.3501,-48.0025,10.3412,1014.83
384356,0.176949,9.75131,1.20516,1.61,-2.87,0.28,-23.0014,-48.095,9.41025,1014.83
384362,0.181731,9.75131,1.20516,1.75,-2.87,0.07,-23.1467,-46.5839,9.4398,1014.82
384368,0.157819,9.7274,1.16691,1.54,-2.87,0.21,-22.9433,-47.324,9.89787,1014.82
384374,0.13869,9.68914,1.20038,1.61,-3.08,0.28,-23.0014,-48.6193,8.98173,1014.82
384380,0.229555,9.77523,1.09039,1.96,-2.87,0.98,-22.5075,-47.0465,10.0752,1014.82
384386,0.205643,9.75131,1.18604,2.03,-2.94,0.28,-22.0716,-46.7998,9.9422,1014.82
384392,0.196078,9.82783,1.14299,1.54,-2.66,0.42,-22.4203,-47.3549,9.88309,1014.84
384398,0.267814,9.81827,1.13821,1.54,-2.52,0.28,-22.246,-47.0773,9.63189,1014.84
384404,0.215208,9.85174,1.13343,1.4,-2.73,-0.28,-22.1878,-46.6456,10.3116,1014.81
384410,0.210426,9.80392,1.10952,1.12,-2.94,-0.21,-22.5656,-46.7998,9.58757,1014.81
384416,0.196078,9.78957,1.20995,0.98,-3.01,-0.21,-23.2629,-47.8483,9.35114,1014.85
384422,0.172166,9.77523,1.16212,1.12,-2.8,-0.49,-22.8271,-46.3989,10.1491,1014.85
384428,0.148254,9.79436,1.19082,1.4,-3.08,-0.28,-23.2629,-47.139,9.51368,1014.84
384434,0.13869,9.74653,1.15734,1.61,-3.29,-0.07,-22.6527,-47.2624,9.52846,1014.84
384440,0.181731,9.75131,1.20516,1.68,-3.15,-0.28,-22.3912,-46.6147,10.0161,1014.84
384446,0.181731,9.73697,1.22908,1.61,-2.8,0.28,-23.0014,-46.4297,10.2082,1014.81
384452,0.143472,9.7561,1.20995,1.4,-3.01,0.7,-23.3792,-48.4651,8.96696,1014.81
384458,0.167384,9.7561,1.1956,1.47,-3.5,0.21,-23.1758,-47.3857,9.35114,1014.85
384464,0.205643,9.77523,1.15256,1.75,-3.36,0.14,-23.292,-46.7073,10.4741,1014.85
384470,0.176949,9.77044,1.16691,1.82,-2.87,0.77,-23.5535,-48.1567,9.67622,1014.83
384476,0.196078,9.8087,1.12386,1.47,-2.66,0.49,-22.1588,-47.0773,8.68621,1014.83
384482,0.186514,9.77523,1.13343,1.82,-3.29,-0.21,-23.2339,-46.183,10.1638,1014.88
384488,0.21999,9.77044,1.17169,1.47,-3.08,0.63,-22.7109,-46.7381,9.61712,1014.88
384494,0.210426,9.77044,1.17169,1.47,-3.29,0.14,-23.2048,-47.5091,8.92263,1014.88
384500,0.224773,9.81349,1.17169,1.54,-3.01,0.84,-22.6237,-46.6456,9.52846,1014.82
384506,0.243902,9.76566,1.16212,1.33,-2.87,0.28,-22.798,-46.1213,8.98173,1014.82
384512,0.210426,9.78957,1.14299,1.61,-3.36,-0.14,-22.275,-47.5091,8.84875,1014.81
384518,0.162602,9.8087,1.18604,1.61,-3.22,0.21,-22.5946,-47.3857,10.0161,1014.81
384524,0.215208,9.81349,1.1956,1.19,-3.08,0,-23.1467,-46.4297,9.92742,1014.83
384530,0.21999,9.81349,1.1956,1.4,-2.87,-0.35,-22.9143,-47.5708,9.39547,1014.83
384536,0.25825,9.79436,1.17647,1.75,-2.73,-0.35,-23.292,-48.0334,9.04084,1014.82
384542,0.248685,9.77523,1.16212,0.98,-3.43,-0.21,-22.5656,-46.3989,10.9913,1014.82
384548,0.200861,9.82783,1.1956,1.26,-3.36,-0.98,-22.1878,-47.8483,9.60234,1014.84
384554,0.200861,9.78479,1.17169,1.4,-3.08,-0.14,-23.2339,-48.2492,8.83397,1014.84
384560,0.172166,9.80392,1.14778,1.47,-2.52,-0.42,-23.2629,-46.7381,10.2821,1014.84
384566,0.21999,9.76566,1.17169,1.54,-3.57,-0.77,-23.3501,-47.0157,10.0161,1014.79
384572,0.176949,9.77044,1.16691,1.05,-2.8,-0.07,-22.6237,-47.139,10.2377,1014.79
384578,0.153037,9.74175,1.18604,1.54,-2.94,-0.49,-22.5946,-47.3549,10.0604,1014.81
384584,0.176949,9.74175,1.20995,1.75,-3.36,0,-22.7109,-46.1521,10.6515,1014.81
384590,0.172166,9.77523,1.16691,1.82,-3.29,-0.49,-23.2339,-48.0025,9.05562,1014.81
384596,0.176949,9.77044,1.18125,1.19,-2.87,0.35,-22.9724,-48.0025,10.5924,1014.81
384602,0.210426,9.76088,1.1956,1.4,-2.8,0.07,-22.8852,-47.1698,11.7597,1014.84
384608,0.191296,9.80392,1.17169,1.19,-2.8,0.28,-22.7399,-47.0157,10.1786,1014.84
384614,0.205643,9.77044,1.18125,1.61,-2.87,0.21,-22.6527,-48.095,8.55322,1014.84
384620,0.229555,9.81827,1.13821,1.12,-3.01,-0.07,-22.4203,-46.3063,9.79444,1014.83
384626,0.210426,9.81827,1.12386,1.54,-3.08,-0.42,-22.8561,-46.2138,9.4398,1014.83
384632,0.224773,9.75131,1.20038,0.91,-2.8,-0.42,-22.3622,-47.1082,8.71576,1014.81
384638,0.224773,9.73218,1.22429,1.61,-3.29,-0.42,-23.5826,-47.1082,10.0456,1014.81
384644,0.21999,9.75131,1.18604,1.05,-3.01,-0.21,-22.9724,-46.2138,10.3116,1014.82
384650,0.186514,9.79436,1.16691,1.4,-3.08,-0.49,-22.0426,-47.5399,9.46935,1014.82
384656,0.186514,9.7274,1.20038,1.26,-3.01,-0.28,-23.1758,-47.8175,9.85354,1014.8
384662,0.143472,9.70827,1.28168,1.33,-3.08,-0.35,-23.2629,-46.8306,11.1834,1014.8
384668,0.186514,9.69392,1.23386,1.54,-3.15,-0.28,-22.3041,-47.0773,10.6071,1014.8
384674,0.148254,9.71305,1.20995,1.75,-2.87,-0.14,-22.0716,-48.3109,9.86832,1014.83
384680,0.176949,9.74653,1.16212,1.68,-3.36,0.14,-22.5075,-46.4605,10.4003,1014.83
384686,0.162602,9.74653,1.15256,1.82,-2.87,-0.28,-22.3912,-46.5839,11.1982,1014.81
384692,0.157819,9.73697,1.1956,1.26,-2.8,0.35,-22.3331,-47.8175,9.79444,1014.81
384698,0.176949,9.73218,1.20995,1.75,-3.22,0.56,-23.3211,-46.368,9.07039,1014.86
384704,0.172166,9.73697,1.1956,1.54,-3.08,0.49,-22.6237,-46.1521,9.61712,1014.86
384710,0.205643,9.74653,1.16212,2.03,-2.94,0.49,-22.9724,-47.6324,10.8731,1014.83
384716,0.148254,9.77523,1.19082,1.61,-2.59,0.84,-22.769,-47.5399,9.9422,1014.83
384722,0.229555,9.77044,1.18604,1.33,-3.01,0.91,-22.1007,-46.6456,9.80921,1014.86
384728,0.21999,9.82305,1.17647,1.75,-3.43,0.21,-22.8561,-46.7998,11.0209,1014.86
384734,0.25825,9.8087,1.14299,1.47,-2.8,0,-22.8271,-47.6324,11.1982,1014.86
384740,0.263032,9.80392,1.14299,1.33,-2.94,0.07,-22.3041,-47.1698,10.8583,1014.85
384746,0.215208,9.77523,1.18604,1.4,-3.36,-0.42,-22.3912,-46.4914,10.814,1014.85
384752,0.191296,9.7561,1.21951,1.82,-3.15,-0.28,-22.3622,-48.1259,10.6662,1014.85
384758,0.157819,9.77044,1.21951,2.03,-3.08,0.21,-22.6818,-47.6324,10.814,1014.85
384764,0.157819,9.76566,1.23386,1.68,-3.22,0.14,-22.8561,-47.1082,10.8731,1014.82
384770,0.124342,9.72262,1.20038,2.1,-3.22,0.21,-22.3912,-47.8792,9.42502,1014.82
384776,0.200861,9.7561,1.16691,1.68,-3.08,0.21,-22.6818,-46.9231,10.2082,1014.82
384782,0.13869,9.73218,1.21473,2.03,-2.87,0.28,-22.6527,-46.5839,10.8731,1014.82
384788,0.196078,9.76088,1.19082,1.61,-3.08,0.77,-23.3501,-47.2007,9.85354,1014.82
384794,0.153037,9.7561,1.16691,1.61,-3.08,0.28,-22.9143,-47.6941,9.14427,1014.81
384800,0.186514,9.73218,1.19082,1.61,-3.22,0.42,-23.1758,-47.3857,10.2968,1014.81
384806,0.215208,9.78479,1.17169,1.54,-2.59,0.77,-23.1177,-45.9979,10.8731,1014.84
384812,0.191296,9.75131,1.15256,1.61,-3.29,0.98,-23.0305,-47.9717,9.48413,1014.84
384818,0.234338,9.74175,1.17647,1.89,-3.22,0.42,-22.6818,-47.139,9.70578,1014.81
384824,0.172166,9.74653,1.22908,1.82,-3.15,0.63,-22.769,-46.7689,9.55801,1014.81
384830,0.21999,9.72262,1.22908,1.68,-2.94,0.7,-22.5656,-47.3549,10.7992,1014.82
384836,0.196078,9.74653,1.1956,1.68,-3.36,0.98,-22.3041,-47.8483,9.73533,1014.82
384842,0.248685,9.73218,1.25777,1.96,-3.29,0.49,-22.6818,-47.0773,10.7549,1014.82
384848,0.229555,9.74653,1.22429,2.73,-3.29,0.28,-22.8271,-48.0334,8.22814,1014.81
384854,0.21999,9.72262,1.18604,2.03,-3.01,-0.07,-23.3792,-48.2801,9.75011,1014.81
384860,0.229555,9.79436,1.18125,1.89,-2.45,0.28,-23.0014,-46.7689,9.98653,1014.84
384866,0.205643,9.78479,1.17647,2.24,-3.36,0.56,-22.3041,-46.368,10.0604,1014.84
384872,0.229555,9.81827,1.15256,1.75,-3.29,-0.28,-22.7109,-47.6324,9.95698,1014.81
384878,0.200861,9.81827,1.16691,2.1,-2.94,-0.07,-23.0305,-47.4474,10.1047,1014.81
384884,0.210426,9.79436,1.15734,1.54,-2.8,0.7,-23.292,-46.3372,10.223,1014.82
384890,0.210426,9.81349,1.15256,1.4,-3.57,0.35,-23.0595,-47.725,10.681,1014.82
384896,0.210426,9.78001,1.18125,1.61,-3.36,-0.42,-23.4082,-47.6016,9.85354,1014.8
384902,0.181731,9.77044,1.17169,1.33,-3.01,0.14,-22.0135,-46.1521,10.6662,1014.8
384908,0.205643,9.70827,1.19082,0.91,-3.01,0,-22.0716,-47.1698,10.2673,1014.8
384914,0.167384,9.71784,1.21951,1.33,-3.22,0.42,-23.1758,-48.6193,9.83876,1014.84
384920,0.200861,9.77523,1.20038,1.33,-3.5,0.84,-22.5365,-46.8923,10.548,1014.84
384926,0.196078,9.74653,1.17169,1.54,-3.08,0.07,-22.4203,-46.954,10.5628,1014.83
384932,0.210426,9.74653,1.16691,1.26,-2.94,0.35,-22.4493,-48.1876,9.79444,1014.83
384938,0.253467,9.73697,1.23386,1.75,-3.29,0.49,-22.6237,-48.1567,9.49891,1014.83
384944,0.267814,9.76566,1.19082,1.82,-3.36,-0.14,-22.5656,-46.6147,10.681,1014.83
384950,0.253467,9.77044,1.20516,1.4,-3.78,-0.28,-22.5656,-48.095,8.71576,1014.81
384956,0.23912,9.81827,1.17647,1.47,-3.01,-0.14,-22.6237,-48.1259,11.0652,1014.81
384962,0.181731,9.79436,1.15256,1.33,-3.5,0.14,-22.5365,-46.7689,9.91265,1014.81
384968,0.277379,9.79914,1.13821,1.26,-2.8,-0.98,-22.3331,-47.2315,11.1686,1014.83
384974,0.253467,9.79436,1.17647,1.33,-3.15,-0.35,-22.5075,-48.1567,10.9765,1014.83
384980,0.162602,9.80392,1.14778,1.12,-2.94,-1.05,-21.6648,-47.0157,9.91265,1014.81
384986,0.114778,9.79914,1.18604,0.91,-3.22,-0.84,-22.4784,-47.6324,9.51368,1014.81
384992,0.167384,9.7274,1.20038,1.05,-3.64,-0.49,-22.798,-48.0025,11.2869,1014.85
384998,0.191296,9.77044,1.18604,0.91,-3.08,-0.21,-22.1878,-47.5399,9.89787,1014.85
385004,0.176949,9.74653,1.17647,1.05,-3.01,-0.56,-22.6237,-46.0905,11.1095,1014.81
385010,0.186514,9.74175,1.20038,0.98,-3.08,-0.14,-22.5656,-47.2624,9.9422,1014.81
385016,0.176949,9.72262,1.24342,0.91,-3.08,0.07,-23.0305,-47.5708,8.86352,1014.81
385022,0.191296,9.75131,1.24342,1.54,-3.36,0,-22.5365,-46.3372,10.223,1014.82
385028,0.167384,9.7274,1.24342,1.05,-2.87,0,-22.5365,-46.6147,9.54324,1014.82
385034,0.215208,9.76566,1.20995,1.54,-3.15,0.77,-22.5946,-47.7866,9.08517,1014.82
385040,0.215208,9.73697,1.23386,1.54,-3.36,0.35,-22.1878,-47.0157,9.92742,1014.82
385046,0.229555,9.77044,1.21951,1.47,-3.36,0.91,-22.1878,-46.4605,12.3212,1014.82
385052,0.205643,9.75131,1.20038,2.03,-3.71,-0.14,-22.7109,-48.6502,8.90785,1014.82
385058,0.157819,9.78001,1.20038,1.89,-3.5,0.07,-22.0426,-47.6941,10.1934,1014.82
385064,0.205643,9.7561,1.20038,1.75,-3.01,0.35,-21.9554,-45.6895,10.7992,1014.82
385070,0.263032,9.77044,1.18604,1.4,-3.08,-0.07,-22.275,-47.4166,10.8879,1014.85
385076,0.234338,9.77523,1.17169,1.47,-3.43,-0.14,-21.9263,-47.6633,9.45458,1014.85
385082,0.277379,9.86131,1.14299,1.54,-3.43,-0.42,-21.8392,-47.1082,10.3559,1014.85
385088,0.272597,9.85653,1.12865,1.26,-3.15,-0.77,-22.3912,-46.6764,9.76488,1014.84
385094,0.263032,9.84696,1.15256,1.12,-3.01,-0.98,-22.769,-48.2492,9.24771,1014.84
385100,0.224773,9.85653,1.12865,0.56,-3.64,-0.91,-22.7109,-47.139,11.7006,1014.81
385106,0.148254,9.79914,1.21473,0.77,-2.87,-0.98,-22.0426,-46.8306,11.9666,1014.81
385112,0.162602,9.74175,1.24342,0.56,-2.73,-0.63,-22.0716,-47.3857,10.0456,1014.83
385118,0.157819,9.7561,1.20995,0.84,-3.43,-0.7,-21.4033,-47.725,9.63189,1014.83
385124,0.196078,9.7561,1.17169,0.49,-3.29,-0.35,-22.769,-47.0773,11.1095,1014.79
385130,0.167384,9.78479,1.1956,0.63,-3.01,-0.77,-22.246,-48.3726,10.2525,1014.79
385136,0.210426,9.73218,1.21951,0.56,-3.5,-0.77,-21.8682,-48.496,10.4889,1014.79
385142,0.181731,9.7561,1.24821,1.05,-3.5,-0.63,-22.275,-46.6456,11.0061,1014.82
385148,0.162602,9.74175,1.21473,0.28,-3.22,-0.28,-22.3041,-46.9848,11.2425,1014.82
385154,0.148254,9.73218,1.26734,0.77,-3.08,-0.07,-21.781,-49.452,8.67143,1014.83
385160,0.157819,9.68914,1.26255,1.05,-4.13,-0.21,-22.6237,-47.4166,10.7106,1014.83
385166,-0.143472,9.62219,1.6308,0.91,-6.23,0.07,-21.9844,-47.0465,11.0209,1014.82
385172,0.344333,9.7561,1.16691,1.12,-2.31,0.28,-22.5365,-48.1259,11.346,1014.82
385178,0.10043,9.76088,1.28647,1.12,-3.71,-0.35,-22.5656,-48.2801,10.7253,1014.84
385184,0.186514,9.74175,1.28647,1.26,-3.15,0,-22.1878,-46.3063,11.7449,1014.84
385190,0.181731,9.74175,1.21473,1.54,-3.08,0.28,-21.8101,-47.6324,10.8288,1014.84
385196,0.272597,9.80392,1.25777,1.4,-3.08,-0.14,-22.6818,-48.1567,11.0357,1014.81
385202,0.267814,9.80392,1.18125,0.91,-3.01,-0.56,-21.781,-47.0773,11.0652,1014.81
385208,0.200861,9.8374,1.18604,0.84,-3.01,-0.7,-23.0886,-46.7998,9.26248,1014.84
385214,0.157819,9.82305,1.17647,1.26,-2.87,-0.63,-22.798,-47.2315,11.08,1014.84
385220,0.109995,9.76566,1.23386,0.91,-3.36,-0.56,-22.9724,-47.0157,10.5185,1014.82
385226,0.191296,9.78479,1.23386,0.63,-3.5,-0.14,-23.0014,-45.9671,9.88309,1014.82
385232,0.191296,9.8087,1.21951,0.91,-3.36,-0.49,-22.798,-48.1567,9.79444,1014.81
385238,0.205643,9.78957,1.19082,0.7,-3.36,-0.77,-22.3041,-47.0157,10.3412,1014.81
385244,0.13869,9.78479,1.23864,0.63,-3.57,-0.49,-22.6818,-46.3372,10.415,1014.83
385250,0.167384,9.71784,1.24821,0.49,-3.64,-0.35,-23.4663,-47.8792,9.83876,1014.83
385256,0.167384,9.76566,1.3056,1.26,-3.64,-0.35,-23.1758,-48.5885,9.95698,1014.83
385262,0.277379,8.6131,1.20995,1.12,-4.41,-0.14,-22.3331,-46.368,9.57279,1014.81
385268,0.215208,9.73218,1.3056,1.47,-3.15,-0.14,-22.5075,-46.9848,9.83876,1014.81
385274,0.148254,9.7561,1.1956,1.26,-3.57,0.28,-22.3912,-47.4166,10.0013,1014.82
385280,0.157819,9.66045,1.30081,1.61,-3.15,0.49,-21.8392,-46.7381,10.1491,1014.82
385286,0.124342,9.66523,1.31516,1.82,-2.87,0.42,-22.275,-45.9979,9.29204,1014.83
385292,0.105213,9.64132,1.32472,1.68,-3.22,0.63,-23.0595,-48.2801,10.2673,1014.83
385298,0.109995,9.66523,1.33907,2.8,-3.5,1.68,-22.7399,-47.1698,9.89787,1014.83
385304,0.0191296,9.69871,1.37733,2.73,-3.36,2.24,-22.246,-47.2007,10.8879,1014.83
385310,0.109995,9.62697,1.33907,3.01,-2.73,1.96,-23.0305,-47.5399,9.86832,1014.83
385316,0.109995,9.63654,1.32951,3.15,-2.94,2.66,-22.4203,-48.095,8.43501,1014.81
385322,0.114778,9.65567,1.31994,3.71,-3.01,2.59,-22.5075,-47.6633,10.8288,1014.81
385328,0.124342,9.69871,1.26255,3.99,-2.94,3.71,-22.3041,-47.725,9.17383,1014.81
385334,0.095648,9.67958,1.3056,4.62,-2.87,3.71,-22.798,-48.2184,8.21336,1014.81
385340,0.0765184,9.68914,1.29603,4.34,-2.45,4.2,-22.3041,-46.5531,9.67622,1014.83
385346,0.176949,9.63175,1.32951,4.55,-3.01,4.41,-22.3041,-46.2447,10.7697,1014.83
385352,0.234338,9.65567,1.35342,5.18,-2.66,4.48,-22.6527,-47.2624,8.86352,1014.83
385358,0.382592,9.7274,1.23386,4.9,-2.66,4.2,-23.0014,-47.9408,8.55322,1014.83
385364,0.473458,9.8374,1.18604,4.97,-2.66,3.43,-23.1177,-46.1213,10.7401,1014.83
385370,0.47824,10.0239,0.966045,4.48,-2.45,2.38,-22.246,-48.0025,9.82399,1014.86
385376,0.406504,9.99522,0.95648,3.64,-1.82,1.82,-22.4203,-47.3549,9.67622,1014.86
385382,0.282162,10.0239,0.994739,2.87,-2.1,0.77,-22.0716,-46.4605,10.0604,1014.84
385388,0.243902,9.98565,1.01387,1.54,-2.17,0.98,-22.5075,-46.954,10.5333,1014.84
385394,0.23912,9.83261,1.12865,1.47,-2.24,0.98,-23.4082,-48.2184,10.2968,1014.82
385400,0.234338,9.88044,1.17169,1.19,-1.89,1.68,-22.3041,-47.5091,10.5628,1014.82
385406,0.186514,9.85653,1.15734,0.98,-1.75,1.75,-23.1467,-46.3989,9.98653,1014.8
385412,0.23912,9.8374,1.19082,0.77,-1.75,1.26,-22.798,-48.0334,9.48413,1014.8
385418,0.21999,9.81349,1.21951,0,-1.4,2.45,-23.0886,-47.2315,9.88309,1014.82
385424,0.205643,9.79436,1.22429,0.49,-1.4,2.31,-22.6527,-46.3063,12.1291,1014.82
385430,0.224773,9.85174,1.21473,0.7,-2.1,1.89,-22.4784,-46.9848,9.82399,1014.82
385436,0.282162,9.91392,1.12865,-0.07,-2.03,1.68,-22.246,-48.0334,10.1934,1014.87
385442,0.325203,9.93304,1.13343,0.21,-1.89,1.89,-22.8852,-46.2755,10.8288,1014.87
385448,0.37781,9.98565,1.11908,-0.49,-1.96,1.54,-22.3622,-46.9848,10.9174,1014.82
385454,0.425634,10.0909,0.927786,-1.75,-1.33,1.05,-22.798,-47.324,9.33637,1014.82
385460,0.392157,10.1626,0.985174,-1.96,-1.47,0.07,-23.4082,-47.139,9.35114,1014.81
385466,0.731707,10.2917,0.942133,-3.99,-1.19,-1.19,-22.6818,-46.2447,10.09,1014.81
385472,0.81779,10.5261,0.664754,-5.95,-1.4,-2.52,-23.2629,-48.0334,10.1934,1014.83
385478,0.583453,10.5882,1.03778,-6.23,-2.17,-5.11,-23.3501,-47.9408,10.09,1014.83
385484,0.703013,10.55,0.320421,-10.92,-3.01,-6.93,-22.3331,-46.8306,9.9422,1014.83
385490,0.841702,10.7987,0.344333,-13.23,-3.57,-7.49,-22.798,-48.0334,9.09995,1014.82
385496,0.688666,10.9995,0.760402,-15.19,-3.36,-10.01,-22.8271,-47.6324,9.39547,1014.82
385502,0.521282,11.7073,0.707795,-18.9,-5.81,-13.02,-22.3622,-47.1698,9.52846,1014.83
385508,0.93735,11.999,0.248685,-22.47,-9.31,-17.29,-23.1467,-47.4474,9.41025,1014.83
385514,0.899091,11.7982,0.320421,-27.02,-10.15,-20.37,-22.4784,-47.6016,10.1638,1014.84
385520,1.06648,12.6542,-0.234338,-34.16,-12.81,-25.2,-22.3912,-46.9231,9.57279,1014.84
385526,2.29077,12.6351,0.282162,-38.78,-9.17,-31.71,-21.5195,-46.5531,10.5333,1014.8
385532,1.59732,12.023,1.47298,-39.48,-7.14,-39.97,-21.9844,-48.8044,8.56799,1014.8
385538,1.47776,12.1569,0.559541,-42.49,-8.61,-45.29,-21.6067,-48.5885,8.68621,1014.8
385544,1.67384,11.6021,2.08513,-39.34,-4.9,-52.15,-21.4324,-47.725,9.60234,1014.83
385550,2.76901,9.87566,3.51506,-24.22,-0.14,-63.07,-21.6939,-48.8044,8.81919,1014.83
385556,1.53037,10.7939,1.41559,-16.1,1.19,-70.77,-21.0256,-49.1744,9.27726,1014.84
385562,1.3056,11.2817,1.79818,-15.12,-0.98,-72.73,-21.752,-49.3903,7.50409,1014.84
385568,1.37255,10.7987,2.59684,-12.81,0.49,-77.84,-20.6188,-49.0202,9.1886,1014.84
385574,0.994739,11.2099,1.93209,-4.83,2.45,-82.53,-20.0958,-49.7295,9.46935,1014.84
385580,-0.25825,11.1,1.96557,-0.77,-0.21,-85.26,-19.8633,-49.1744,10.9322,1014.83
385586,-0.631277,10.7556,1.37733,5.6,-2.73,-86.73,-18.5848,-49.452,8.42023,1014.83
385592,-0.750837,11.3199,0.879962,12.39,-7.07,-88.48,-18.6429,-50.1921,7.93261,1014.85
385598,-0.526064,13.1994,0.516499,15.47,-13.23,-87.57,-18.2071,-49.8837,8.00649,1014.85
385604,0.664754,15.0359,-0.506934,3.85,-18.34,-87.01,-17.7131,-49.4828,9.61712,1014.85
385610,2.38164,15.1172,-0.25825,-8.96,-15.82,-92.05,-17.5097,-50.9015,8.33157,1014.83
385616,2.51076,13.9311,0.0047824,-16.73,-12.04,-96.18,-17.5097,-51.3024,8.59755,1014.83
385622,1.47298,13.4385,-0.129125,-22.26,-12.18,-97.23,-16.5218,-50.0071,9.21815,1014.81
385628,1.69775,12.659,0.0765184,-26.53,-14.63,-97.72,-16.115,-51.0557,8.76009,1014.81
385634,2.73075,10.1817,-0.21999,-25.13,-18.34,-91.7,-15.0399,-51.7033,7.69619,1014.85
385640,4.20851,9.56002,-0.210426,-23.8,-21.49,-81.2,-15.5048,-51.8267,9.61712,1014.85
385646,7.72836,5.53324,-1.08082,-13.93,-18.41,-67.06,-14.6331,-51.4874,8.76009,1014.8
385652,6.93448,8.0153,-0.712578,-8.61,-15.89,-51.17,-14.2263,-53.0602,8.76009,1014.8
385658,9.45481,7.0636,-1.36298,-7.07,-11.13,-39.06,-14.3425,-52.4126,8.80442,1014.8
385664,8.03921,6.21234,-0.349115,2.24,-9.24,-21,-13.2674,-51.7958,9.41025,1014.84
385670,9.54567,5.20803,-1.91774,6.37,-8.12,-3.29,-14.4587,-52.5976,8.03604,1014.84
385676,10.0383,4.87327,-1.64515,11.9,-4.62,8.96,-13.9067,-52.6285,8.05082,1014.82
385682,9.9187,5.09804,-1.53515,15.96,-4.76,17.08,-13.4127,-51.6108,8.76009,1014.82
385688,9.84696,4.43328,-1.50646,21.28,-5.46,23.1,-13.7614,-51.2715,8.19858,1014.81
385694,9.47872,4.31372,-1.31994,26.32,-6.93,30.31,-14.6621,-52.9369,8.70098,1014.81
385700,9.03395,4.57197,-0.966045,30.87,-9.59,38.08,-14.1682,-51.0248,8.86352,1014.8
385706,8.94787,5.055,-0.769966,34.37,-13.23,45.85,-14.4587,-50.9323,9.64667,1014.8
385712,8.97178,5.88713,-0.430416,36.82,-15.82,54.11,-15.6791,-51.4874,8.30202,1014.8
385718,8.93352,6.52798,-0.25825,37.45,-18.27,62.72,-15.3886,-52.3509,10.1786,1014.78
385724,8.74701,7.31707,0.25825,35.84,-20.16,71.68,-14.9818,-50.3772,11.08,1014.78
385730,8.68006,7.90531,0.506934,35,-21.28,80.29,-15.2142,-51.3024,9.85354,1014.8
385736,8.66571,8.4505,0.688666,31.78,-21.49,87.08,-15.7663,-51.5491,10.415,1014.8
385742,8.48398,8.60354,0.95648,29.89,-20.37,92.68,-16.8414,-49.8221,11.0061,1014.81
385748,7.99617,8.66093,1.09517,27.86,-18.62,98.56,-16.5799,-50.3463,9.86832,1014.81
385754,7.54663,8.67527,1.21473,28.14,-17.5,104.02,-17.684,-50.4697,10.9027,1014.77
385760,7.09708,8.99091,1.26734,28.28,-16.66,108.57,-17.8293,-49.4212,12.0109,1014.77
385766,6.78144,9.24916,1.26734,29.68,-16.17,112.98,-18.5848,-48.6193,10.8731,1014.77
385772,6.41798,9.67958,1.18125,29.75,-15.19,115.36,-19.718,-50.6239,9.07039,1014.77
385778,6.1693,9.99522,1.19082,30.24,-13.86,116.69,-19.2531,-49.2978,10.3264,1014.77
385784,5.80105,10.4735,1.17647,29.75,-12.74,115.85,-20.4735,-48.0642,12.3803,1014.81
385790,5.53324,10.6934,1.18125,29.61,-11.9,112.07,-21.1999,-48.0642,12.2769,1014.81
385796,5.26064,11.0043,1.0856,29.75,-10.78,89.88,-21.8392,-48.6502,12.0848,1014.8
385802,4.98804,11.2817,1.09517,29.61,-8.61,100.38,-22.0426,-47.0773,12.0996,1014.8
385808,4.61502,11.4825,1.06169,28.63,-7.28,93.03,-22.1588,-47.0773,12.2178,1014.79
385814,4.28503,11.6499,1.02822,28.98,-5.25,84.14,-23.4373,-48.3109,11.9813,1014.79
385820,3.96461,11.6069,1.10473,30.59,-2.87,75.32,-23.3792,-47.8175,12.8827,1014.8
385826,3.50072,11.7504,1.13343,32.2,-1.54,66.43,-23.1177,-45.6279,13.8136,1014.8
385832,3.16117,12.0134,1.17647,33.74,0.42,58.31,-24.2509,-46.7381,12.6167,1014.8
385838,2.96987,11.5638,1.5208,38.5,3.5,50.4,-23.9603,-46.8306,13.2817,1014.8
385844,1.86035,12.7594,0.899091,36.82,5.18,48.3,-24.2218,-44.4868,13.2817,1014.8
385850,0.932568,12.6542,1.31516,36.89,8.4,49.77,-24.1346,-46.1213,13.0305,1014.83
385856,0.200861,12.8742,1.4395,39.48,9.73,57.12,-24.5705,-46.2447,13.2521,1014.83
385862,-0.803443,13.582,1.24342,39.9,9.45,69.02,-24.5995,-44.7027,13.6215,1014.78
385868,-0.61693,13.2616,1.30081,40.32,11.13,83.23,-25.0645,-44.9185,13.7841,1014.78
385874,-1.15734,13.2855,1.59732,39.97,10.85,96.81,-26.895,-46.2447,12.4542,1014.82
385880,-0.846485,13.1229,0.95648,37.31,13.09,107.66,-26.372,-43.284,14.5229,1014.82
385886,-0.779531,13.5055,1.49689,33.32,13.3,116.41,-26.6045,-43.284,14.5377,1014.82
385892,-0.344333,13.3381,1.20038,29.89,17.01,120.82,-27.7958,-43.8392,12.8236,1014.82
385898,-0.148254,12.9412,1.22908,27.93,18.9,119.77,-28.435,-42.7289,12.4246,1014.82
385904,-0.0813008,12.5347,1.17647,25.97,21.7,116.34,-27.9411,-41.557,13.4442,1014.79
385910,-0.282162,12.4199,1.11908,22.82,24.78,111.44,-28.9871,-42.2972,12.8827,1014.79
385916,-0.387374,12.4438,1.04256,21.49,29.12,104.93,-29.452,-42.8831,12.6611,1014.8
385922,-1.37733,11.9656,1.3869,22.47,30.59,99.68,-29.2196,-40.9094,13.9171,1014.8
385928,-1.64515,11.6882,1.06648,22.82,33.74,97.02,-31.1083,-40.9094,13.0748,1014.8
385934,-2.21425,11.3965,1.01387,23.24,34.79,97.09,-31.2535,-41.0636,13.5033,1014.8
385940,-2.34816,11.1286,0.95648,25.06,37.38,97.09,-31.6894,-40.3851,13.459,1014.81
385946,-2.99856,10.9804,1.15734,26.18,39.62,99.68,-32.0381,-39.244,12.2325,1014.81
385952,-3.96461,10.7939,1.42994,26.46,40.67,105,-32.7064,-40.1692,12.2621,1014.81
385958,-4.53372,10.5978,1.41559,28.84,41.23,110.81,-32.3868,-38.9973,12.5872,1014.82
385964,-5.48541,10.33,1.33907,29.19,38.78,119.21,-32.9388,-37.8871,12.7497,1014.82
385970,-5.58106,10.2296,1.30081,30.03,36.12,127.4,-33.7815,-38.3497,13.1339,1014.81
385976,-5.43281,10.6791,0.970827,27.02,33.95,132.51,-34.8566,-37.2703,12.9418,1014.81
385982,-5.2989,10.8704,0.927786,23.1,31.29,132.65,-35.2053,-35.9442,13.459,1014.8
385988,-5.31803,10.4591,0.942133,18.83,29.68,126.35,-35.554,-35.5433,12.6906,1014.8
385994,-5.52367,10.067,1.0043,16.66,27.51,116.62,-36.077,-37.332,13.0452,1014.81
386000,-5.82018,9.4022,1.13821,16.38,25.34,104.02,-35.7573,-34.9573,12.6758,1014.81
386006,-6.15495,9.11525,1.16691,16.24,21.7,86.38,-35.9026,-33.9088,14.2274,1014.81
386012,-6.65232,8.61789,1.12386,18.83,20.02,70.28,-37.2102,-35.204,12.7349,1014.81
386018,-7.20229,8.43615,1.20516,20.3,16.17,53.69,-36.7162,-33.9704,13.0452,1014.81
386024,-7.60402,8.08704,1.27212,23.24,13.23,39.76,-37.4136,-32.8602,14.4933,1014.84
386030,-7.93878,8.21138,1.45385,25.2,11.9,28.49,-36.5128,-33.7854,13.3112,1014.84
386036,-8.2066,8.79005,1.46341,25.34,10.5,19.95,-37.2974,-33.4462,13.2817,1014.79
386042,-8.38833,9.28264,1.47776,22.4,8.26,12.6,-37.2392,-32.3359,13.6806,1014.79
386048,-7.94357,9.66045,1.14299,17.43,10.15,7.14,-37.3555,-33.4153,13.6954,1014.84
386054,-7.89096,9.62219,1.44428,12.6,10.5,3.15,-38.2272,-33.8162,11.9961,1014.84
386060,-7.31707,9.09613,1.83166,9.87,13.44,-1.96,-38.5177,-33.2303,13.1635,1014.84
386066,-6.79101,9.03874,1.65471,6.58,16.87,-8.47,-38.14,-32.4901,13.6215,1014.85
386072,-6.09278,8.58919,1.82209,7.77,20.65,-16.45,-37.6751,-33.9704,12.9861,1014.85
386078,-5.71019,8.70397,1.47298,6.37,25.97,-24.15,-38.2853,-33.477,12.3064,1014.82
386084,-5.59063,8.32138,1.77905,8.75,28.56,-31.57,-37.4136,-32.9219,13.7988,1014.82
386090,10.4256,29.6078,25.385,94.99,-29.54,-105.77,-38.0819,-34.1863,12.8088,1014.84
386096,-8.52702,26.0545,-14.3998,-40.32,26.67,-121.94,-37.8785,-35.204,11.0504,1014.84
386102,6.15973,-4.17504,3.99809,2.17,-29.26,-122.85,-36.6,-33.5078,13.1782,1014.84
386108,10.3635,8.79962,-3.62028,35,-11.13,-129.85,-36.1932,-35.5433,12.8975,1014.84
386114,9.48828,15.1698,2.2812,9.8,-36.47,-137.97,-35.9898,-36.6535,12.3803,1014.85
386120,16.461,8.044,-4.33285,-12.11,5.11,-153.51,-34.9438,-36.1909,13.5181,1014.85
386126,7.35533,8.77092,-0.454328,18.41,58.94,-160.37,-34.4207,-36.8385,13.4738,1014.85
386132,0.483022,10.8608,1.99904,-2.73,21.35,-168.98,-34.3917,-37.9488,12.5724,1014.85
386138,2.74032,7.75705,0.923003,-7.63,6.09,-172.41,-34.1011,-38.5039,12.1291,1014.85
386144,1.64515,8.67049,1.05691,0.63,31.08,-172.13,-32.7936,-38.473,11.671,1014.84
386150,-2.23338,8.96222,3.96939,4.2,23.59,-166.18,-32.8226,-39.2749,12.7793,1014.84
386156,-2.89335,10.9373,3.52463,13.3,13.09,-154.21,-32.0671,-40.8477,11.4937,1014.84
386162,-3.55811,15.7676,0.999522,17.78,5.04,-137.97,-30.8468,-40.3543,12.9861,1014.84
386168,-3.60593,13.9024,1.45863,4.69,-12.32,-126.42,-30.4109,-41.2486,12.3951,1014.81
386174,-0.483022,11.0713,1.66428,0.28,-14,-121.03,-30.0041,-42.8831,11.8336,1014.81
386180,0.693448,11.2721,2.066,3.43,-5.32,-117.53,-29.0743,-42.143,11.8779,1014.81
386186,-0.0573888,10.0335,1.54472,9.1,-9.03,-114.24,-28.8709,-42.4205,13.1782,1014.84
386192,0.535629,11.0808,-0.109995,10.85,0.14,-109.27,-28.7837,-44.3326,11.6415,1014.84
386198,-0.664754,12.329,-0.334768,5.81,-0.42,-102.9,-28.5222,-43.9317,10.9765,1014.82
386204,-0.45911,11.4347,-0.301291,1.89,-2.03,-98.56,-27.7958,-42.6364,11.7301,1014.82
386210,0.0382592,10.99,-0.10043,1.05,1.4,-93.31,-26.4011,-43.7158,11.3164,1014.84
386216,-0.449546,10.4113,0.502152,-0.14,1.26,-91.49,-26.8369,-44.5793,12.3064,1014.84
386222,-3.60593,12.2573,0.669536,-0.21,17.92,-76.86,-26.0524,-43.5616,11.8927,1014.84
386228,-6.50406,12.9699,-0.210426,-8.12,14.14,-42,-25.9943,-44.5793,12.7645,1014.84
386234,-3.80201,12.2525,-0.683883,-14.14,2.24,-26.46,-26.1396,-45.3811,12.3655,1014.84
386240,0.0860832,11.4156,-1.07126,-18.34,-3.57,-24.29,-26.6335,-44.641,12.8088,1014.85
386246,1.08082,10.2104,-0.903874,-15.05,10.57,-20.02,-25.5294,-44.8877,12.6463,1014.85
386252,-0.664754,10.2439,0.526064,-13.16,15.4,-16.87,-25.7328,-45.7204,11.4937,1014.83
386258,-1.32472,9.84696,1.31994,-12.39,7.28,-12.39,-26.1396,-46.2447,11.7449,1014.83
386264,-0.454328,9.90435,0.640842,-10.78,3.57,-8.12,-26.2848,-44.1476,12.2325,1014.8
386270,0.124342,9.92826,0.401722,-8.47,5.32,-6.09,-25.9652,-45.6279,11.9518,1014.8
386276,0,10.1387,0.540411,-7.77,3.36,-4.06,-26.372,-45.9363,11.1982,1014.82
386282,0.143472,9.8087,0.83692,-5.39,1.54,-3.5,-26.4011,-44.641,11.3755,1014.82
386288,0.349115,9.95696,0.401722,-4.13,1.05,-1.33,-25.878,-45.2269,12.2473,1014.83
386294,0.21999,10.1243,0.382592,-3.78,1.19,-1.12,-25.9943,-46.4605,10.8879,1014.83
386300,0.301291,10.1674,0.406504,-3.29,-0.98,-1.19,-26.2558,-45.2578,10.3559,1014.83
386306,0.473458,10.1865,0.406504,-3.15,-1.12,-0.7,-25.7618,-44.8877,11.8631,1014.84
386312,0.483022,10.3682,0.267814,-3.57,-1.96,0.56,-25.2097,-46.1521,10.9174,1014.84
386318,0.473458,10.1769,0.315638,-4.48,-1.75,-0.84,-26.1105,-45.6895,10.0456,1014.85
386324,0.564323,10.1148,0.483022,-4.83,-1.89,-1.05,-26.2848,-44.0859,10.1491,1014.85
386330,0.535629,9.89,0.650406,-4.9,-2.59,-0.7,-26.6335,-45.597,10.7845,1014.82
386336,0.540411,9.99043,0.664754,-3.99,-3.22,-0.49,-25.849,-45.9054,9.60234,1014.82
386342,0.492587,9.91392,0.760402,-3.64,-3.08,-1.19,-25.9362,-44.7643,11.2573,1014.8
386348,0.430416,10.0956,0.650406,-3.57,-4.76,-1.05,-25.355,-44.7952,11.4642,1014.8
386354,0.540411,9.83261,0.779531,-3.01,-5.32,-1.96,-26.343,-46.1213,10.6071,1014.8
386360,0.439981,9.78001,1.033,-1.54,-6.09,-1.61,-25.6165,-45.1036,10.2525,1014.81
386366,0.349115,9.78957,0.769966,-1.4,-6.37,-1.89,-24.9773,-43.5616,10.7697,1014.81
386372,0.468675,9.92826,0.645624,-1.68,-7.42,-2.24,-25.9071,-45.9363,8.59755,1014.88
386378,0.712578,9.82305,0.420851,-1.75,-4.27,-2.8,-26.5464,-45.0111,10.1786,1014.88
386384,0.172166,10.0191,0.61693,-3.29,-9.03,-3.57,-25.849,-43.9625,11.2573,1014.85
386390,0.746054,9.95218,0.325203,-3.78,-8.89,-3.43,-25.4713,-45.9363,10.3855,1014.85
386396,0.626494,9.77044,0.521282,-3.22,-7.21,-3.57,-25.7328,-46.0596,9.46935,1014.85
386402,0.521282,10.0048,0.411286,-5.25,-9.03,-4.62,-26.4301,-44.6718,11.346,1014.85
386408,0.650406,9.66045,0.645624,-4.9,-8.47,-4.83,-26.6045,-44.7335,9.45458,1014.85
386414,0.607365,9.83261,0.392157,-6.16,-5.81,-5.81,-25.9943,-46.7073,9.9422,1014.86
386420,0.516499,9.92348,0.463893,-6.23,-6.58,-5.46,-25.7037,-44.9802,11.1095,1014.86
386426,0.45911,9.85653,0.49737,-7.07,-6.65,-5.32,-25.5003,-44.641,10.7106,1014.84
386432,0.320421,9.88522,0.521282,-6.79,-6.93,-7.77,-25.6456,-46.0288,10.5776,1014.84
386438,0.353898,9.89,0.368245,-7.84,-6.79,-5.46,-25.5294,-45.7204,10.0309,1014.82
386444,0.564323,9.67958,0.621712,-8.33,-6.58,-6.09,-24.832,-44.4868,11.4642,1014.82
386450,-0.0908656,9.79436,0.932568,-8.19,-10.99,-5.81,-25.7037,-45.7821,9.55801,1014.8
386456,0.755619,9.47394,0.679101,-7.56,-8.05,-5.6,-25.6456,-45.8746,9.42502,1014.8
386462,0.468675,9.74653,0.808226,-6.02,-8.05,-6.16,-25.4422,-45.0727,10.2525,1014.85
386468,0.35868,9.52176,1.16691,-5.25,-12.81,-8.19,-25.8199,-45.6587,9.52846,1014.85
386474,0.980392,9.73697,0.296509,-5.25,-11.27,-6.65,-25.7037,-46.2447,9.07039,1014.85
386480,0.57867,9.41655,0.865614,-2.73,-10.22,-6.93,-25.0354,-45.1036,10.9174,1014.82
386486,0.569106,10,0.215208,-5.39,-11.13,-7.98,-24.309,-45.3503,10.3412,1014.82
386492,0.406504,9.67958,0.779531,-3.85,-9.8,-6.72,-24.4543,-46.7381,8.76009,1014.81
386498,0.167384,9.84218,0.726925,-4.69,-11.9,-7.21,-24.8029,-46.3063,9.24771,1014.81
386504,0.502152,9.87566,0.368245,-7,-12.6,-7.7,-24.3671,-44.9494,10.1638,1014.81
386510,0.540411,9.8087,0.286944,-8.54,-10.92,-7.98,-24.338,-46.2447,9.72055,1014.81
386516,0.765184,10.1004,0.0813008,-11.62,-8.33,-8.4,-25.5003,-46.6764,9.691,1014.82
386522,0.865614,10,0.162602,-13.37,-7.42,-10.85,-25.6165,-45.9363,10.8436,1014.82
386528,0.779531,10.0574,0.23912,-15.89,-5.53,-11.27,-25.2388,-45.1961,9.92742,1014.82
386534,0.683883,9.8374,0.33955,-16.73,-3.71,-11.69,-25.0063,-46.4914,10.6071,1014.81
386540,0.703013,10.0526,0.172166,-18.69,-2.1,-13.58,-24.0184,-45.5045,9.55801,1014.81
386546,0.368245,9.74175,0.894309,-19.81,-1.4,-13.23,-25.2097,-45.2269,10.8288,1014.81
386552,0.186514,9.89479,1.38211,-19.32,-1.47,-13.44,-24.9482,-46.9848,9.91265,1014.81
386558,0.621712,9.82783,0.85605,-18.83,0.49,-13.93,-24.9773,-46.4914,9.36592,1014.8
386564,0.468675,10.3635,0.703013,-19.67,-0.7,-14.35,-24.5705,-45.8129,10.1786,1014.8
386570,0.707795,9.9187,0.846485,-21.91,0,-18.55,-25.0645,-47.1082,9.88309,1014.82
386576,0.97561,10,0.593018,-20.44,1.89,-19.25,-24.2799,-46.8923,10.4594,1014.82
386582,0.832138,10.1004,0.679101,-20.86,1.26,-20.23,-24.2509,-45.8129,8.59755,1014.79
386588,0.827355,10.2248,0.655189,-20.86,2.45,-22.96,-23.4663,-46.4605,9.61712,1014.79
386594,0.0813008,9.65567,1.22429,-21.56,3.36,-23.73,-23.7278,-46.8615,8.64188,1014.79
386600,0.210426,9.62697,1.3869,-21.21,4.34,-25.41,-23.8441,-46.6764,9.01129,1014.82
386606,0.607365,9.65567,0.69823,-22.12,5.67,-25.2,-23.3792,-46.368,8.83397,1014.82
386612,-0.133907,9.89957,1.7121,-21.63,4.97,-26.39,-23.8441,-47.6324,7.79962,1014.84
386618,0.535629,10.0956,0.884744,-22.54,7.21,-27.86,-24.2509,-47.6016,7.51887,1014.84
386624,0.35868,10.2296,1.02343,-23.24,7.77,-28.77,-23.0886,-46.2447,8.3759,1014.8
386630,0.392157,10.3156,1.11908,-25.2,9.17,-30.59,-23.6407,-47.5708,7.57797,1014.8
386636,0.363462,10.0096,1.06648,-25.2,11.2,-31.78,-22.5946,-48.095,7.59275,1014.86
386642,0.626494,11.1191,0.263032,-28.56,8.75,-35.98,-21.9263,-46.8615,6.83915,1014.86
386648,0.363462,10.9947,0.416069,-33.18,8.05,-38.57,-22.2169,-47.7558,9.04084,1014.86
386654,0.0813008,11.0473,0.999522,-34.58,5.6,-41.72,-22.1007,-49.3595,7.82917,1014.81
386660,-0.047824,12.4247,1.77427,-36.68,1.68,-43.4,-22.8852,-47.91,6.02645,1014.81
386666,1.05213,12.8264,0.535629,-38.64,-1.47,-48.58,-21.9554,-47.4782,7.29722,1014.82
386672,0.95648,12.549,1.02343,-44.66,-6.02,-54.32,-21.9844,-48.9894,6.41064,1014.82
386678,1.96078,14.175,2.67336,-46.69,-5.39,-60.34,-21.6358,-48.6502,6.21855,1014.8
386684,4.49546,15.4424,4.81109,-53.41,-2.66,-76.44,-21.1418,-48.0334,6.04123,1014.8
386690,2.95074,7.10665,5.7341,-16.66,15.54,-93.87,-20.6478,-49.637,5.70137,1014.83
386696,1.78384,11.7551,3.88809,1.26,12.88,-103.25,-20.241,-50.4389,5.00688,1014.83
386702,2.53467,13.4864,0.645624,-9.24,16.73,-110.18,-19.6308,-49.6987,5.80481,1014.83
386708,1.13821,13.2568,3.12291,-7.28,11.69,-119.14,-19.7761,-49.6679,5.84914,1014.82
386714,1.7934,11.583,3.02248,2.66,16.17,-127.96,-19.0497,-51.7341,4.63747,1014.82
386720,1.24821,13.0273,2.53467,2.59,14.21,-138.81,-18.6429,-50.2847,6.18899,1014.81
386726,2.15686,14.9067,0.923003,6.51,15.68,-146.86,-17.2482,-50.5314,6.18899,1014.81
386732,1.05213,15.1219,1.39168,0.42,12.95,-157.08,-16.6961,-52.1042,5.98212,1014.82
386738,1.18125,14.8254,1.25777,1.75,10.64,-168.63,-15.9116,-51.9192,6.41064,1014.82
386744,1.00909,14.4094,0.530846,1.61,9.73,-177.87,-15.3595,-50.7473,5.73092,1014.84
386750,1.45863,14.5624,1.17169,8.05,8.05,-189.07,-14.2844,-51.95,6.32198,1014.84
386756,1.97513,16.0976,0.392157,5.67,7.49,-202.16,-12.6282,-53.2453,6.11511,1014.81
386762,1.89383,17.2501,-0.181731,-3.01,6.09,-217,-12.2795,-51.7958,5.33196,1014.81
386768,3.49115,16.901,-0.636059,-8.33,4.62,-230.16,-10.7104,-52.906,5.21375,1014.81
386774,1.74079,16.5232,-0.989957,-12.81,4.9,-241.92,-9.80966,-54.263,5.77525,1014.79
386780,1.48254,16.2554,-1.07604,-16.59,1.82,-254.52,-8.18248,-53.677,5.90824,1014.79
386786,1.85079,17.6184,-1.44907,-23.8,1.96,-270.34,-6.81681,-53.4303,6.46974,1014.81
386792,1.80296,19.6939,-3.33333,-40.74,-7.14,-285.32,-5.85793,-54.8798,5.6866,1014.81
386798,2.31946,19.4787,-2.13295,-47.53,-6.02,-302.96,-4.14358,-55.1573,5.33196,1014.8
386804,4.06026,19.9665,-0.267814,-47.18,-5.95,-324.73,-2.5164,-54.7256,5.28763,1014.8
386810,4.86848,20.8752,1.93209,-48.93,-6.72,-347.76,-0.337147,-55.7125,5.16942,1014.79
386816,7.75705,20.373,3.13725,-43.61,3.71,-374.36,1.69683,-55.5274,5.98212,1014.79
386822,5.94931,23.3477,0.961262,-52.08,14.7,-398.51,3.35306,-55.1573,5.84914,1014.79
386828,2.6351,24.3185,-0.5978,-88.55,16.52,-425.11,5.79383,-55.5583,5.19897,1014.79
386834,0.860832,22.2334,2.91726,-67.13,12.88,-438.76,7.68252,-56.4218,4.40105,1014.79
386840,0.827355,21.2626,3.34768,-43.89,0.77,-455.56,10.4139,-55.1882,5.00688,1014.77
386846,3.95983,24.6724,0.0382592,-49.63,4.76,-464.94,12.1863,-54.3247,5.03643,1014.77
386852,1.38211,22.946,3.12291,-47.95,11.9,-468.65,15.4116,-54.5714,4.32717,1014.79
386858,-2.02296,23.362,5.27977,-30.8,-18.83,-472.99,18.172,-54.1705,3.89865,1014.79
386864,4.57197,18.4935,2.51554,-30.17,-21.91,-482.3,19.5377,-52.3509,5.00688,1014.74
386870,3.37637,20.1339,1.49211,-13.23,-16.17,-493.99,22.8792,-51.765,3.94298,1014.74
386876,1.64515,20.9278,-1.06169,-0.35,-32.62,-486.08,25.7558,-50.9631,3.20416,1014.74
386882,1.80775,21.363,-1.01865,5.25,-34.02,-463.89,27.4121,-48.8352,4.50448,1014.76
386888,1.15734,22.5155,0.253467,-5.53,-50.96,-437.08,29.3008,-47.7558,4.26806,1014.76
386894,6.7671,19.957,-3.03682,-43.12,-63.49,-409.01,31.6834,-48.0025,1.2389,1014.75
386900,7.91965,13.0703,-3.92157,-75.11,-53.9,-365.89,33.02,-46.1213,4.74091,1014.75
386906,11.8077,4.27547,-3.92635,-100.38,-59.01,-288.61,33.3978,-44.826,2.62788,1014.76
386912,21.3391,-8.90961,-7.42229,-87.99,34.65,-227.78,35.9257,-44.1784,2.16981,1014.76
386918,-14.3137,4.1033,1.67862,-20.44,144.2,-86.59,36.6521,-43.284,3.38148,1014.74
386924,-12.2238,12.3577,4.77762,-57.05,24.5,28.56,35.2574,-42.8523,3.82477,1014.74
386930,11.956,1.3582,-3.04161,-4.48,78.68,107.52,36.071,-43.7158,1.99249,1014.74
386936,9.47394,6.64754,-4.2659,-2.66,110.46,165.76,35.7223,-43.9625,2.53922,1014.74
386942,8.48398,6.45146,-3.53898,-7.14,102.13,196.28,34.1823,-44.0242,4.10552,1014.74
386948,7.12099,6.54232,-4.21808,0.91,111.58,203.56,32.9619,-45.3811,5.22853,1014.75
386954,3.64419,6.06887,-2.66858,3.71,93.38,203.49,33.3978,-47.0465,3.3667,1014.75
386960,3.52463,4.04591,-2.88857,13.09,74.83,202.58,31.6834,-46.1213,3.82477,1014.73
386966,2.89813,2.34816,-2.97465,26.32,53.34,196.91,30.434,-47.0773,4.38627,1014.73
386972,2.48207,1.31038,-2.68771,38.71,32.2,196.77,30.4921,-48.0334,5.11032,1014.75
386978,2.16643,1.37255,-3.18508,45.64,16.66,198.17,29.3879,-48.3418,4.96255,1014.75
386984,1.49689,2.16643,-2.71162,49.07,-4.9,200.9,27.6445,-48.496,6.41064,1014.76
386990,1.26255,3.36203,-2.33859,49.21,-24.5,207.2,26.6856,-49.4212,5.81958,1014.76
386996,1.13821,3.94548,-1.84601,47.25,-41.65,213.92,25.6396,-50.3772,4.59314,1014.76
387002,1.42994,4.27068,-1.26734,44.52,-56.07,221.13,25.0875,-50.4697,5.61271,1014.71
387008,1.40603,4.14634,-0.631277,42.84,-70.35,230.65,23.8381,-52.1042,5.71615,1014.71
387014,1.8747,3.78766,-0.0430416,44.45,-80.08,242.41,23.8962,-52.3201,4.66702,1014.69
387020,2.13773,3.52463,0.516499,46.76,-87.15,255.5,22.3271,-52.3818,5.2433,1014.69
387026,2.7977,3.36203,1.30081,53.13,-90.02,268.8,20.8743,-52.2276,7.0017,1014.71
387032,3.16595,3.39072,1.72166,59.99,-90.51,282.45,20.1188,-53.307,4.46015,1014.71
387038,3.84027,3.7494,2.27164,66.57,-87.5,294.7,17.9396,-53.5845,5.21375,1014.71
387044,4.76805,5.51411,2.65901,72.45,-79.94,305.55,15.9928,-52.7518,5.28763,1014.71
387050,4.98326,5.1889,3.29986,77.49,-75.46,314.58,14.7143,-55.3115,5.27286,1014.71
387056,5.85844,6.35103,3.55811,81.06,-61.95,320.74,13.1743,-56.0825,5.80481,1014.67
387062,5.78192,7.4175,3.4768,81.97,-48.37,329.56,10.7335,-54.1396,7.94739,1014.67
387068,5.33716,8.44094,3.68723,81.27,-38.99,335.93,9.5131,-55.4041,7.29722,1014.72
387074,5.13152,9.07699,3.48159,78.05,-29.26,342.23,8.40894,-56.0209,7.25289,1014.72
387080,4.35677,10.1196,3.43855,75.04,-22.61,347.97,6.40402,-54.7256,7.71096,1014.72
387086,3.73027,10.7317,3.29507,71.61,-18.76,352.38,3.99231,-54.7564,9.23293,1014.72
387092,2.45337,11.6691,3.36203,68.95,-17.71,355.6,2.94627,-56.3601,8.25769,1014.72
387098,1.81253,12.3721,2.94118,65.52,-20.09,357.49,0.767009,-55.4657,8.77486,1014.72
387104,0.5978,13.2855,2.41989,61.6,-26.53,358.4,-1.70282,-54.1705,8.86352,1014.75
387110,0.0334768,13.9072,2.31946,55.51,-38.36,355.88,-3.24282,-54.2322,8.71576,1014.75
387116,0.612147,16.0163,0.315638,50.19,-37.24,348.95,-4.81189,-54.7564,8.49411,1014.75
387122,-1.3056,15.1411,2.40555,53.06,-54.6,351.61,-6.96209,-53.5537,10.0456,1014.74
387128,-1.2769,15.6911,1.88427,46.62,-66.85,337.05,-8.2987,-53.307,10.0161,1014.74
387134,-0.569106,15.1267,2.11382,55.44,-73.71,324.38,-10.0421,-53.7387,10.2082,1014.76
387140,-1.12386,16.0593,2.37207,57.47,-77.56,320.88,-12.1342,-52.3201,10.1638,1014.76
387146,-1.0043,15.9732,2.84075,63.84,-78.4,314.86,-13.4127,-51.3641,11.1686,1014.76
387152,-0.889526,16.3988,3.96461,72.73,-77.63,306.95,-15.4757,-51.4257,9.77966,1014.76
387158,0.301291,16.6858,3.96461,82.32,-70.14,306.67,-16.5218,-50.8398,10.415,1014.77
387164,0.0286944,18.5127,4.23721,87.08,-65.17,312.13,-17.6259,-49.2978,12.3655,1014.77
387170,1.06648,20.2343,5.39933,92.68,-49.56,312.97,-19.689,-48.8969,11.5233,1014.77
387176,1.48254,23.0033,4.97848,95.83,-33.88,318.43,-20.4154,-48.2184,12.1734,1014.76
387182,1.98948,24.1368,4.99283,91.35,-18.55,325.22,-22.275,-46.7073,13.4885,1014.76
387188,1.85557,25.428,4.88761,85.12,4.69,337.12,-23.6697,-45.7821,14.05,1014.79
387194,1.0856,25.6863,4.69632,76.51,27.51,351.54,-25.2097,-45.597,12.7793,1014.79
387200,-0.143472,25.3324,4.95457,69.72,48.23,363.44,-27.0113,-42.914,14.2421,1014.78
387206,-2.17121,24.3902,5.24151,69.51,65.03,371.14,-28.5803,-41.5879,14.2274,1014.78
387212,-4.21808,25.0024,4.49067,69.02,78.82,376.74,-30.1494,-41.4953,14.6263,1014.79
387218,-8.2066,26.9871,3.81636,64.82,81.9,378.56,-32.0671,-39.4291,13.4147,1014.79
387224,-10.043,28.3644,2.77857,56.14,84.49,376.81,-33.7815,-37.0236,14.2717,1014.79
387230,-14.0746,30.7747,1.36298,37.38,80.22,374.85,-34.8275,-35.1732,14.7889,1014.78
387236,-15.8393,31.5351,-0.621712,9.87,69.16,366.94,-35.9026,-35.3582,13.3555,1014.78
387242,-18.0823,31.4778,-6.30799,-32.48,56.42,350.35,-36.4547,-31.8425,13.5476,1014.81
387248,-21.0713,28.9574,-8.07269,-70.49,38.64,328.16,-38.6921,-31.2874,14.4933,1014.81
387254,-25.935,19.823,-6.49928,-79.1,16.45,297.57,-40.3774,-30.7323,12.6315,1014.79
387260,-31.0234,13.6107,-4.39981,-55.44,-19.95,258.44,-41.0457,-29.0361,13.2817,1014.79
387266,-36.2936,3.12769,-0.951698,-2.94,-55.93,212.52,-40.9295,-27.1857,13.3408,1014.78
387272,-39.2013,-1.73601,1.63558,62.58,-87.78,164.64,-41.5687,-27.2782,12.4394,1014.78
387278,-39.7991,-0.573888,3.49593,113.05,-105.63,118.86,-41.8593,-26.6306,13.7545,1014.81
387284,-38.4888,3.81157,4.96413,137.13,-104.44,63.91,-41.5978,-25.0577,15.0696,1014.81
387290,-33.6633,13.3859,5.69584,129.99,-94.5,18.62,-41.714,-25.0269,14.6559,1014.81
387296,-30.2009,18.3453,7.79531,100.94,-77.91,-32.69,-42.0046,-25.5512,15.4242,1014.84
387302,-22.2429,22.506,6.32233,60.48,-56.91,-84.91,-41.1038,-24.9344,14.9218,1014.84
387308,-19.2061,22.9316,4.17504,4.55,-38.64,-117.67,-41.0747,-25.7979,17.4782,1014.81
387314,-15.8584,19.2587,6.66667,47.32,-83.44,-147.49,-41.1038,-26.9081,16.104,1014.81
387320,-1.49689,66.9106,-35.8823,-228.06,90.58,-303.59,-40.2612,-26.8156,16.1187,1014.83
387326,-19.1487,-23.5103,12.506,-76.51,-27.16,-226.73,-38.9826,-28.3268,16.1335,1014.83
387332,20.9182,5.44237,-2.9077,-56.28,-154,-244.65,-38.6049,-30.3313,16.0744,1014.84
387338,27.1593,14.1798,-12.9029,-116.97,51.38,-265.93,-37.5298,-31.6883,15.4242,1014.84
387344,15.3659,5.5715,5.09804,-69.02,109.48,-266.56,-36.1932,-31.5033,15.439,1014.84
387350,19.2874,1.43472,2.42946,-91.14,186.34,-285.39,-35.6992,-34.0321,13.7988,1014.83
387356,0.37781,4.3759,10.703,9.03,226.38,-284.69,-35.8445,-34.8031,13.3851,1014.83
387362,-6.23625,11.5782,8.41224,-7.63,164.5,-283.57,-34.7113,-35.9442,12.6167,1014.83
387368,-7.40794,8.13486,8.97178,-3.85,120.68,-271.95,-34.3336,-37.1161,12.7497,1014.83
387374,-8.11095,9.41655,9.03874,0.42,115.57,-279.86,-33.2585,-39.1824,11.1982,1014.86
387380,-15.1698,17.7236,11.8508,3.43,70.98,-260.19,-32.1834,-39.7066,12.8827,1014.86
387386,-15.5332,17.3553,8.24008,-6.37,-1.82,-235.55,-31.1373,-39.6141,12.794,1014.83
387392,-9.19177,18.6227,2.07078,-4.9,-38.01,-211.75,-30.8758,-41.8346,11.0061,1014.83
387398,-4.36633,13.1851,3.86896,-3.85,-61.74,-197.54,-29.0452,-42.4822,11.1539,1014.83
387404,2.19512,10.9756,-0.10043,10.36,-48.02,-193.13,-28.6675,-42.2046,12.5576,1014.81
387410,3.2329,12.9364,-3.28551,14.49,-1.82,-191.94,-27.6796,-43.7158,11.4198,1014.81
387416,-0.224773,16.5901,-6.43233,-7.98,27.51,-199.92,-27.6796,-44.6101,10.9174,1014.84
387422,-17.0875,30.5452,-12.6351,-35.98,83.65,-85.26,-26.2558,-43.5308,12.2178,1014.84
387428,-17.2023,18.2927,1.55428,-20.65,18.27,-46.76,-26.1977,-44.9802,11.5676,1014.84
387434,-4.08895,11.8604,-0.0621712,-68.88,-36.26,-40.18,-26.1105,-46.3063,10.3559,1014.84
387440,2.72597,7.74749,3.28551,-47.74,-4.9,-59.22,-25.1807,-44.6101,11.2277,1014.86
387446,1.4395,8.07269,2.02774,-21.7,25.41,-39.76,-25.2388,-44.1784,10.8436,1014.86
387452,-2.97944,9.87087,1.99904,-13.72,20.65,-40.11,-24.832,-46.4605,9.51368,1014.85
387458,-2.96509,9.90435,2.21903,-16.87,3.29,-24.5,-24.9773,-45.9363,9.36592,1014.85
387464,-0.884744,9.46437,1.48733,-9.59,3.36,-12.11,-25.2097,-44.3018,10.8583,1014.85
387470,-0.167384,9.54089,0.879962,-4.34,5.95,-16.73,-25.0063,-45.8746,9.39547,1014.84
387476,-0.420851,9.98087,0.540411,-6.51,3.5,-13.93,-25.3841,-46.3372,10.0604,1014.84
387482,-0.0430416,10.0813,0.726925,-3.5,-2.03,-8.12,-23.9894,-45.5353,11.4642,1014.84
387488,0.33955,10.3969,0.143472,-1.96,-1.33,-7.35,-25.0354,-45.3195,11.0357,1014.84
387494,-0.315638,10.2774,0.899091,-2.24,-0.49,-8.75,-24.5705,-47.2624,9.58757,1014.83
387500,0.607365,10.6313,0.21999,-3.08,-1.54,-7.77,-23.9894,-46.1521,9.3807,1014.83
387506,0.463893,10.2056,0.722142,-5.46,-2.94,-6.86,-24.2799,-44.8877,10.5333,1014.8
387512,0.545194,10.4304,0.588235,-4.27,-1.33,-8.61,-24.5124,-46.3989,9.77966,1014.8
387518,-0.153037,9.66045,1.73123,-2.59,-6.51,-10.15,-24.5124,-46.0596,10.5037,1014.8
387524,0.47824,10.043,1.10952,-0.28,-4.2,-12.32,-23.9894,-45.5662,9.83876,1014.83
387530,0.569106,10.2582,0.602582,-4.48,-3.15,-12.74,-24.4833,-46.183,9.1295,1014.83
387536,0.124342,9.74175,1.28168,-1.47,-7.56,-8.4,-24.4252,-45.9671,8.50889,1014.83
387542,0.129125,10.1961,0.583453,-1.19,-8.75,-9.24,-24.2509,-45.2886,10.1786,1014.83
387548,0.047824,9.85653,0.932568,-1.26,-9.03,-11.55,-23.8441,-45.6279,9.27726,1014.83
387554,0.148254,9.88522,0.81779,-1.89,-11.34,-9.66,-23.9894,-46.7073,8.05082,1014.83
387560,0.167384,9.73218,0.951698,-2.66,-14.07,-9.73,-24.1928,-45.2578,9.70578,1014.81
387566,1.08082,9.52654,0.511717,-0.56,-9.24,-10.92,-24.1928,-45.1344,9.55801,1014.81
387572,0.659971,9.5648,0.659971,0.84,-4.62,-11.97,-23.8441,-47.0157,9.67622,1014.81
387578,-0.10043,10.1148,0.674318,-2.45,-11.06,-11.13,-24.2799,-46.7381,9.41025,1014.83
387584,0.502152,9.95218,0.272597,-4.55,-8.05,-12.11,-23.1177,-44.9185,10.9765,1014.83
387590,0.325203,10.1052,0.234338,-6.51,-8.05,-12.04,-23.8441,-46.2138,10.9027,1014.86
387596,0.439981,10.1674,-0.133907,-9.87,-6.86,-12.88,-23.9312,-47.0157,9.54324,1014.86
387602,0.296509,10.3061,-0.0382592,-13.51,-5.25,-13.65,-23.7278,-45.0419,11.5085,1014.81
387608,0.0430416,10.1913,0.0047824,-16.59,-3.85,-12.39,-23.1177,-46.0596,10.6071,1014.81
387614,0.392157,10.1674,-0.162602,-19.67,-0.91,-11.69,-23.786,-47.8175,9.23293,1014.83
387620,0.0334768,9.69392,0.626494,-22.33,0.7,-13.16,-23.7278,-46.2755,9.76488,1014.83
387626,-0.181731,10,0.573888,-24.15,0.28,-11.69,-23.786,-45.0419,10.6367,1014.83
387632,0.196078,10.043,0.83692,-24.36,-3.57,-10.64,-23.1467,-45.597,8.52366,1014.83
387638,0.530846,9.06265,0.870397,-21.21,0.21,-11.13,-23.4082,-47.0157,9.54324,1014.83
387644,-0.511717,10.1052,1.00909,-23.52,-0.84,-14.21,-22.6237,-45.9671,8.99651,1014.8
387650,-0.994739,10.1913,1.27212,-26.18,-7,-13.23,-23.0595,-47.0773,8.58277,1014.8
387656,0.401722,9.0483,1.37255,-25.13,-0.98,-14.07,-22.9143,-46.8306,8.03604,1014.81
387662,-0.588235,8.95265,1.62123,-19.25,-4.97,-13.51,-23.6988,-45.8746,9.02606,1014.81
387668,-0.0430416,10.4782,0.420851,-23.94,-5.32,-11.62,-23.2339,-46.368,8.49411,1014.82
387674,0.0334768,9.69871,1.02343,-23.8,-5.39,-12.95,-22.9433,-48.4651,8.05082,1014.82
387680,0.45911,10.3443,0.334768,-23.8,-5.25,-14.28,-23.0014,-47.3857,8.30202,1014.81
387686,0.0334768,10.3682,0.301291,-27.51,-5.39,-15.26,-22.6237,-47.3549,8.39068,1014.81
387692,0.392157,10.11,0.774749,-25.9,-8.33,-16.17,-22.5075,-48.4651,7.37111,1014.81
387698,-0.0143472,10.0813,1.07126,-28.28,-7.35,-16.8,-22.5946,-47.725,7.13468,1014.79
387704,0.0860832,10.22,0.526064,-36.54,-10.15,-22.61,-22.769,-47.8175,7.71096,1014.79
387710,0.602582,10.3922,0.37781,-35.35,-10.78,-24.78,-23.292,-48.866,8.3759,1014.81
387716,0.827355,10.9708,0.35868,-36.68,-9.94,-27.02,-22.6527,-48.8969,7.60753,1014.81
387722,0.420851,10.4448,0.468675,-38.92,-10.57,-28.84,-22.0426,-47.91,8.19858,1014.82
387728,0.707795,9.86609,1.36777,-35.91,-10.64,-31.01,-22.6237,-47.8175,9.1886,1014.82
387734,0.449546,10.0574,1.81253,-32.69,-11.34,-32.41,-21.7229,-48.9586,6.64706,1014.81
387740,0.291726,10.3204,1.09039,-35.7,-9.38,-34.09,-22.0716,-48.7427,7.51887,1014.81
387746,0.387374,10.5595,1.55428,-35.28,-8.05,-34.16,-22.0135,-47.9408,7.28245,1014.81
387752,0.803443,11.0569,0.870397,-40.81,-8.61,-37.24,-21.3742,-49.7295,6.17422,1014.82
387758,0.109995,9.70827,1.50646,-41.3,-7.77,-40.39,-21.3452,-48.8044,4.96255,1014.82
387764,0.349115,10.0717,1.5495,-44.1,-8.96,-41.65,-20.9965,-48.6193,7.57797,1014.81
387770,0.13869,10.0765,1.75036,-46.83,-8.61,-44.03,-20.7641,-50.0688,5.55361,1014.81
387776,0.306074,9.90435,1.78384,-38.92,-10.01,-47.67,-21.1418,-49.5753,4.82956,1014.83
387782,4.25155,12.5777,8.14443,-28.14,-2.45,-59.64,-20.3863,-48.5885,4.56359,1014.83
387788,6.3032,12.0134,5.59541,-7.07,15.82,-77.56,-20.5607,-49.452,6.04123,1014.84
387794,-2.06121,10.0096,2.41511,-5.11,7,-81.13,-20.0958,-50.6239,4.07597,1014.84
387800,0.942133,10.4304,1.67384,-3.5,6.72,-87.08,-19.1078,-49.6062,5.58316,1014.84
387806,1.34864,11.9751,3.62984,8.4,6.51,-94.01,-19.1078,-49.6679,6.02645,1014.84
387812,1.6308,13.4338,2.7451,1.33,7.07,-102.41,-18.4976,-50.9323,4.60792,1014.84
387818,1.47776,12.2477,3.11334,6.23,10.57,-108.01,-17.684,-51.3641,6.11511,1014.81
387824,0.999522,12.5251,2.76423,11.27,12.25,-119.98,-16.7833,-50.4389,5.83436,1014.81
387830,1.12386,12.3003,2.05165,8.89,10.78,-129.5,-16.0278,-52.1659,5.86391,1014.78
387836,1.32951,12.1234,2.30512,12.88,13.51,-134.26,-16.2021,-52.2276,6.10033,1014.78
387842,1.04256,12.4247,3.46246,17.29,12.88,-143.36,-15.3886,-51.9192,5.90824,1014.79
387848,1.09995,12.5921,3.46724,21.56,15.19,-152.67,-14.6331,-52.4434,6.2481,1014.79
387854,1.54472,12.9603,2.85031,28.14,15.54,-163.38,-14.3425,-52.5051,5.05121,1014.79
387860,1.04735,14.0077,2.36729,31.01,12.46,-175.7,-13.3255,-52.3818,5.58316,1014.79
387866,0.851267,15.1793,1.22429,32.06,14.84,-185.08,-12.4248,-52.5976,7.01647,1014.79
387872,1.42516,16.0641,1.30081,29.89,6.37,-199.85,-11.0882,-53.677,6.94259,1014.78
387878,2.29555,17.4558,0.023912,28,10.99,-214.55,-9.984,-53.8621,5.30241,1014.78
387884,2.18077,18.9479,-0.813008,19.88,2.87,-230.72,-9.28663,-52.906,6.73572,1014.82
387890,3.33333,21.1286,-1.00909,13.02,8.54,-251.44,-7.71757,-54.8798,6.29243,1014.82
387896,2.94118,23.7351,-3.53898,-2.24,7.49,-278.95,-5.71265,-55.7125,6.72094,1014.82
387902,2.95552,22.2525,-5.43759,-25.13,-9.45,-302.75,-5.30586,-54.9723,6.89826,1014.82
387908,2.32425,21.4252,-4.87327,-30.87,-11.9,-325.43,-3.21377,-55.034,6.8096,1014.8
387914,2.58728,22.6494,-3.96461,-33.39,-18.83,-351.26,-1.26696,-56.761,6.82438,1014.8
387920,5.27977,27.2166,0.143472,-38.57,-21.77,-377.79,0.883237,-55.4966,4.88867,1014.8
387926,10.2726,25.868,1.16212,-48.02,-10.22,-412.51,2.4523,-55.219,6.94259,1014.78
387932,7.80009,26.5758,1.81253,-54.32,5.67,-447.65,5.18364,-57.1619,6.45497,1014.78
387938,5.60497,25.9589,-1.07604,-63,17.36,-474.18,8.00214,-56.0825,5.92302,1014.79
387944,2.32425,23.5246,-0.650406,-49.63,5.6,-502.88,9.97801,-53.9854,6.7505,1014.79
387950,1.18604,25.7006,-0.636059,-43.82,-10.5,-525.77,13.2905,-54.6022,5.90824,1014.78
387956,2.62554,30.1387,-3.98374,-71.54,-6.3,-516.32,16.3705,-54.6639,4.62269,1014.78
387962,-2.59684,26.4275,4.68675,-40.6,-17.99,-520.8,17.3003,-53.4612,5.42062,1014.77
387968,3.89287,24.395,-2.00383,-50.68,-47.32,-526.96,21.3683,-52.906,5.13987,1014.77
387974,1.06648,18.8857,0.607365,-12.39,-35.84,-522.69,24.3611,-51.5799,5.09554,1014.75
387980,-0.023912,26.5662,-5.26064,-5.46,-56,-509.67,25.8139,-49.6679,5.09554,1014.75
387986,3.38116,25.1363,-5.14108,-22.12,-75.81,-490.84,27.6736,-48.3418,5.30241,1014.75
387992,0.564323,16.6093,-2.35772,14.63,-77.77,-439.81,30.986,-47.8792,3.69178,1014.76
387998,-1.56384,17.9962,-6.28886,7.14,-124.67,-397.39,32.8166,-45.3503,3.47014,1014.76
388004,4.80153,9.00526,-4.54806,-8.4,-161.84,-342.93,32.6423,-45.1344,5.03643,1014.76
388010,19.7178,-3.63462,-12.4247,-33.32,-150.15,-282.8,35.3446,-44.2092,2.96774,1014.76
388016,8.55571,-14.7107,-5.64801,29.68,33.81,-196,37.4367,-43.099,2.81997,1014.73
388022,-17.7666,17.3553,0.731707,6.37,-16.66,-42.7,36.4778,-41.8037,3.17461,1014.73
388028,3.16117,7.42229,3.60115,9.59,-77.98,36.54,36.2163,-42.6056,3.48491,1014.74
388034,14.3233,7.20229,-3.48637,48.51,28.14,97.51,37.088,-42.7289,2.24369,1014.74
388040,9.1583,12.1282,-1.90818,21.14,29.82,135.45,36.6812,-42.4514,3.45536,1014.74
388046,12.6734,8.03443,-3.76853,14.98,58.45,152.11,35.6351,-44.0859,2.76087,1014.76
388052,9.5648,7.54663,-2.42468,9.24,78.68,163.52,35.4898,-44.7643,4.03164,1014.76
388058,7.96748,5.84888,-2.01339,6.02,81.62,167.44,35.1121,-44.9494,4.25328,1014.76
388064,7.5801,4.22286,-1.86514,13.79,89.46,166.04,32.6423,-45.3503,5.06599,1014.76
388070,6.7671,2.16643,-1.83166,25.06,91.49,165.48,33.4268,-45.8129,4.84434,1014.75
388076,6.45146,1.30081,-2.06121,33.67,91.84,163.73,32.8457,-47.3857,4.3715,1014.75
388082,5.41368,0.918221,-2.38642,39.41,88.69,165.48,30.4049,-46.6764,5.77525,1014.75
388088,5.13152,1.1956,-2.6638,45.22,87.29,170.45,29.6785,-47.4474,6.10033,1014.75
388094,3.31899,1.70253,-1.80296,48.3,80.71,176.26,29.6204,-48.1876,6.10033,1014.75
388100,2.49163,2.2812,-1.86035,49.28,72.17,185.22,28.2838,-47.7866,5.58316,1014.73
388106,1.3056,2.75466,-1.50167,48.3,62.3,199.15,27.2087,-48.8044,6.35153,1014.73
388112,0.368245,2.69727,-0.894309,46.27,48.37,218.19,27.0053,-50.223,7.57797,1014.68
388118,0.129125,2.60641,-0.71736,46.41,37.8,238.28,25.7268,-50.6239,7.69619,1014.68
388124,0.071736,2.65423,-0.11956,46.48,26.39,260.54,23.4022,-49.2978,8.53844,1014.7
388130,0.373027,2.53467,0.989957,49.42,12.04,283.64,23.9253,-51.1482,7.19379,1014.7
388136,0.951698,2.61119,1.36298,55.3,3.78,302.33,21.3973,-52.8135,8.19858,1014.7
388142,1.55906,2.94118,2.16643,60.76,-5.11,319.34,19.3343,-51.6108,8.76009,1014.7
388148,2.26686,3.08465,2.73075,66.01,-11.13,330.26,18.0558,-52.6902,8.8783,1014.71
388154,2.75944,4.02678,2.38164,68.39,-12.6,340.62,17.1841,-52.9677,8.36112,1014.71
388160,3.71114,5.17456,2.8264,66.99,-10.36,348.46,15.586,-52.8752,8.76009,1014.71
388166,3.49115,5.868,3.68245,66.85,-11.06,353.29,12.2444,-53.6154,9.32159,1014.69
388172,4.01243,6.62362,3.57245,63.56,-10.29,357.07,12.0701,-54.1705,9.35114,1014.69
388178,4.43807,7.3649,3.43855,62.09,-2.59,360.78,10.0071,-54.9415,8.86352,1014.7
388184,3.95504,9.14395,3.56767,54.6,0.7,364.21,7.1595,-53.9238,9.42502,1014.7
388190,3.71592,9.99522,3.3429,47.46,5.18,365.75,6.0844,-54.3247,9.75011,1014.76
388196,2.83118,11.2912,3.13247,38.36,8.54,368.97,3.64363,-55.3115,10.5037,1014.76
388202,2.06121,11.803,3.17073,31.57,8.54,370.58,1.29003,-53.6462,10.6958,1014.74
388208,0.942133,12.4629,3.04639,26.67,6.86,373.52,-0.162807,-54.1088,10.9027,1014.74
388214,0.234338,12.922,2.92205,22.54,1.54,376.39,-1.35414,-54.8798,8.65665,1014.74
388220,-0.588235,13.3955,2.67814,21,-4.13,375.55,-4.37604,-53.8621,10.5333,1014.74
388226,-0.942133,14.1655,2.54424,21.28,-17.71,373.8,-7.51417,-52.9369,11.0948,1014.74
388232,-1.6308,14.8637,2.65423,21.49,-23.31,369.95,-7.25266,-53.1836,10.1786,1014.77
388238,-1.22429,15.7867,1.93209,20.72,-24.36,356.3,-10.1583,-52.5051,10.9027,1014.77
388244,-2.30033,16.4897,2.45337,22.75,-33.46,347.83,-12.0761,-51.2715,10.6367,1014.78
388250,-1.86514,16.944,1.99426,23.8,-38.5,345.38,-13.4708,-51.4566,11.2573,1014.78
388256,-1.20995,17.2597,2.43424,31.85,-41.58,338.66,-15.0689,-51.9809,10.5924,1014.78
388262,-1.29603,18.8761,1.89861,34.93,-42.42,327.39,-16.6671,-49.2669,10.5333,1014.78
388268,-1.27212,19.0483,2.84553,43.05,-44.52,325.92,-18.3233,-48.3109,11.1243,1014.78
388274,-1.18604,20.0239,2.84075,48.58,-40.67,324.94,-19.3693,-49.2053,11.937,1014.75
388280,0.444763,21.7217,2.91726,59.08,-42.7,329.35,-20.8222,-47.5399,13.0157,1014.75
388286,-0.918221,24.0316,3.099,60.2,-40.39,344.19,-22.4784,-45.7512,12.7349,1014.77
388292,-0.095648,24.8541,3.08943,61.81,-9.52,350.28,-23.8441,-45.9979,13.0009,1014.77
388298,-0.631277,26.8675,2.61597,59.57,11.34,363.37,-26.1396,-45.412,12.336,1014.79
388304,-0.980392,27.9627,2.31946,52.29,26.88,382.55,-27.3309,-42.2046,14.3603,1014.79
388310,-1.95122,29.2061,1.05213,43.61,47.95,388.78,-28.8709,-41.5879,13.8727,1014.81
388316,-4.05548,29.5361,0.875179,33.81,63.49,386.33,-30.963,-41.0944,13.3703,1014.81
388322,-6.63319,27.2358,1.19082,27.44,72.45,383.95,-32.6483,-38.0413,13.8875,1014.76
388328,-8.86179,26.0402,1.56384,31.78,80.99,373.66,-34.6241,-37.5787,11.5233,1014.76
388334,-13.759,25.9828,0.61693,32.27,78.96,355.46,-36.7453,-36.4685,12.1143,1014.76
388340,-16.3032,26.2123,-0.631277,27.51,71.19,335.72,-37.4426,-33.8162,12.9714,1014.77
388346,-20.1578,26.1741,-3.12769,15.12,57.89,311.85,-37.7332,-31.935,12.4837,1014.77
388352,-22.9507,24.4763,-4.21329,1.82,40.95,285.6,-39.651,-31.6883,11.3016,1014.79
388358,-27.6758,20.1387,-5.39455,-2.87,20.02,253.96,-40.2612,-29.6529,12.0109,1014.79
388364,-31.5351,15.3132,-4.46676,9.38,-4.27,218.12,-40.4064,-28.2959,12.8827,1014.84
388370,-37.5753,7.12099,-1.50646,36.19,-30.59,181.79,-41.3653,-27.1549,12.8088,1014.84
388376,-41.473,2.88379,0.798661,76.65,-52.92,146.3,-43.0506,-27.7408,11.7597,1014.8
388382,-44.2515,2.73553,2.92205,110.25,-67.55,107.1,-41.8593,-26.1371,13.725,1014.8
388388,-43.5772,4.88283,5.72932,128.45,-77.98,61.04,-42.5276,-24.6568,13.0748,1014.8
388394,-36.7288,11.5925,7.16882,131.95,-76.86,12.95,-42.6147,-26.1988,13.6215,1014.82
388400,-30.9804,15.605,7.47967,114.31,-71.89,-43.19,-41.4525,-25.3045,15.3208,1014.82
388406,-23.209,20.4304,4.92109,70.77,-51.17,-97.51,-41.22,-25.0886,14.9071,1014.84
388412,6.89144,65.6767,21.5447,177.66,-198.73,-307.65,-41.3944,-26.3222,16.2222,1014.84
388418,-12.5729,43.6824,-9.65088,-291.9,74.62,-298.9,-40.5227,-28.851,15.5572,1014.86
388424,1.55428,-10.5548,-9.85174,-35.35,-53.69,-254.8,-38.634,-28.3268,14.4194,1014.86
388430,11.9273,3.66332,-3.08943,-98.77,-93.73,-262.99,-38.1691,-30.5781,15.9119,1014.83
388436,17.1497,16.6141,-2.88379,-61.32,82.95,-271.74,-37.0068,-31.8425,14.4342,1014.83
388442,10.2009,5.57628,5.87279,-55.58,80.15,-278.6,-36.1932,-32.5518,15.4538,1014.83
388448,11.3104,6.0593,2.06121,-65.45,142.24,-282.87,-36.0189,-34.6489,13.8727,1014.84
388454,-1.01865,6.53276,8.42659,-15.12,151.2,-279.86,-36.106,-37.0236,12.7645,1014.84
388460,-3.67288,9.44046,9.35916,-20.58,105.91,-293.93,-33.4619,-37.0853,12.3064,1014.82
388466,-3.91679,5.60019,10.3682,-8.54,87.99,-299.95,-32.9388,-37.7329,13.3555,1014.82
388472,-9.34003,11.3821,10.2869,9.17,63.91,-302.96,-32.0381,-40.3851,10.947,1014.84
388478,-12.3242,21.6021,8.54137,1.61,21.21,-276.29,-31.6022,-41.2486,11.4051,1014.84
388484,-13.362,19.8039,5.56671,-4.34,-30.03,-239.47,-29.7135,-40.786,13.592,1014.81
388490,-8.86179,14.4189,4.59589,0.56,-78.33,-224.42,-28.406,-42.328,12.6611,1014.81
388496,-0.454328,12.812,0.25825,0.84,-74.48,-219.59,-28.8418,-43.2532,12.7349,1014.83
388502,2.38642,12.4486,-2.17121,2.87,-38.85,-214.41,-26.5173,-43.87,12.602,1014.83
388508,-7.20708,29.6509,-8.79005,-3.57,93.94,-182.42,-25.5003,-44.0859,12.9566,1014.83
388514,-11.5256,18.4266,-16.2649,-37.38,97.58,-83.86,-26.1105,-46.2755,12.5133,1014.8
388520,-11.7121,17.0062,-1.53037,-79.38,34.86,-51.52,-25.5294,-44.9185,12.203,1014.8
388526,-1.5208,13.2903,0.750837,-110.67,-3.99,-60.9,-24.7739,-44.826,11.2277,1014.82
388532,3.96461,2.69249,5.70062,-51.66,37.38,-56.14,-26.3139,-46.2447,9.1886,1014.82
388538,0.148254,8.35485,0.703013,-38.78,61.46,-40.6,-25.0063,-45.9979,11.3312,1014.81
388544,-8.32616,6.89144,9.58393,-17.64,3.5,-22.19,-24.8901,-45.1653,10.6367,1014.81
388550,2.09469,8.08704,0.679101,-1.54,-0.49,-13.23,-25.326,-46.2447,10.1786,1014.83
388556,-0.0669536,12.0995,-1.59254,-10.64,10.29,-15.61,-25.0935,-46.8615,9.20338,1014.83
388562,0.0382592,9.77044,0.908656,-13.44,2.1,-18.62,-24.6286,-46.0905,8.95218,1014.83
388568,0.325203,9.06743,1.22908,-4.97,8.75,-12.6,-24.7739,-46.3063,9.39547,1014.81
388574,-0.21999,10.9565,0.186514,-4.69,4.2,-13.16,-24.309,-46.6456,9.9422,1014.81
388580,0.349115,10.6169,-0.267814,-12.46,3.01,-17.64,-24.6577,-45.7821,8.9374,1014.82
388586,0.396939,10.0383,0.248685,-9.45,0.77,-15.4,-24.7448,-46.2755,9.33637,1014.82
388592,-0.860832,10.1052,1.13821,-8.54,2.8,-12.46,-24.8901,-47.2007,8.81919,1014.82
388598,-0.45911,10.4448,1.16212,-6.09,-0.42,-10.92,-24.1346,-46.6456,9.21815,1014.82
388604,-0.291726,9.02917,2.066,0.7,-4.27,-14.21,-23.9603,-46.1521,9.09995,1014.81
388610,0.191296,10.0956,1.13821,-1.75,-3.5,-15.47,-25.0645,-46.7073,9.61712,1014.81
388616,-0.162602,10.2678,1.01865,1.68,-6.02,-15.96,-24.1346,-47.3857,8.9374,1014.81
388622,-0.669536,10.1148,0.755619,4.06,-8.05,-13.51,-23.815,-46.8306,9.48413,1014.81
388628,0.124342,10.5213,-0.0430416,-2.1,-5.04,-12.67,-23.5826,-47.1698,10.3855,1014.81
388634,0.234338,9.7274,0.951698,1.75,-9.31,-14.91,-25.1516,-48.8969,7.66663,1014.81
388640,0.526064,10.1052,0.277379,0.84,-6.93,-14.42,-24.6577,-46.4605,9.24771,1014.81
388646,0.0191296,9.88522,0.631277,0.28,-10.78,-15.89,-23.5826,-46.0596,9.91265,1014.83
388652,0.286944,10.1674,0.35868,-1.75,-8.96,-15.75,-24.309,-48.3109,9.57279,1014.83
388658,0.124342,9.93783,0.37781,-1.54,-6.72,-16.31,-23.815,-48.1259,9.60234,1014.82
388664,0,9.93304,0.234338,-4.41,-6.09,-15.54,-23.7278,-46.4914,9.02606,1014.82
388670,0.133907,9.90913,0.133907,-6.44,-6.23,-14.91,-23.1758,-47.5091,8.98173,1014.83
388676,0.11956,9.9713,0.243902,-8.54,-4.06,-14.77,-23.4663,-47.9717,8.90785,1014.83
388682,0.0573888,9.49785,-0.0047824,-14.07,-1.89,-15.68,-24.1637,-47.139,9.61712,1014.83
388688,0.401722,10.1961,-0.875179,-16.73,6.79,-13.93,-23.4373,-47.139,9.42502,1014.84
388694,-0.559541,10.1052,-0.0095648,-23.94,5.74,-14.91,-23.5535,-48.3726,9.24771,1014.84
388700,0.167384,10.6408,-0.329986,-23.38,4.34,-16.52,-22.9433,-47.324,9.9422,1014.85
388706,-0.521282,10.0861,-0.0765184,-30.03,2.1,-10.43,-22.5656,-46.6764,10.3412,1014.85
388712,-0.114778,10.1339,0.186514,-31.78,4.97,-11.2,-22.4784,-48.6193,9.52846,1014.85
388718,-0.23912,10.0765,0.889526,-31.01,2.31,-16.94,-22.5656,-47.6633,8.52366,1014.85
388724,0.267814,10.5213,0.0573888,-28.7,-2.45,-17.15,-23.1177,-47.6324,9.1295,1014.83
388730,-0.129125,10.4878,0.11956,-33.11,-4.55,-15.19,-23.0014,-47.9717,9.70578,1014.83
388736,0.320421,10.153,0.894309,-32.83,-5.46,-18.48,-22.4203,-48.6502,7.14946,1014.83
388742,-0.439981,9.99043,0.813008,-29.75,-6.16,-20.65,-22.1878,-47.3857,9.04084,1014.79
388748,-0.549976,10.2056,0.731707,-33.53,-5.18,-20.65,-22.798,-48.3109,8.81919,1014.79
388754,-0.483022,9.22525,1.21951,-34.79,-5.81,-18.69,-22.6527,-49.2669,7.48932,1014.78
388760,-0.267814,10.0622,1.0856,-31.08,-6.93,-17.99,-22.4784,-48.3726,8.33157,1014.78
388766,-0.569106,9.93783,1.36298,-32.48,-10.15,-20.37,-21.8682,-47.91,6.5584,1014.78
388772,-0.463893,9.74175,1.61645,-30.66,-9.45,-20.86,-22.4203,-49.1436,6.12989,1014.78
388778,0.0669536,10.8082,0.841702,-31.64,-10.71,-23.03,-22.6818,-49.5753,7.5632,1014.81
388784,-0.33955,9.87566,1.20995,-32.27,-11.83,-25.06,-21.8973,-48.3109,6.69139,1014.81
388790,-0.286944,9.39263,1.63558,-30.24,-12.81,-27.51,-21.5195,-49.9146,6.88348,1014.81
388796,0.306074,9.33046,0.664754,-25.13,-12.39,-30.66,-21.3452,-50.223,6.41064,1014.82
388802,-0.516499,10.77,2.10904,-24.57,-16.8,-31.57,-21.2871,-48.681,7.11991,1014.82
388808,0.97561,9.35437,1.60689,-23.8,-14.07,-35.14,-20.8222,-48.9586,6.66184,1014.81
388814,-0.516499,9.70827,1.72166,-19.74,-13.23,-36.05,-20.7641,-50.1921,5.37629,1014.81
388820,-0.502152,9.16308,2.35294,-15.75,-13.44,-34.65,-20.4444,-49.1744,6.45497,1014.82
388826,-0.0669536,10.5835,1.92252,-15.96,-11.06,-40.6,-20.1248,-49.2361,6.17422,1014.82
388832,-0.559541,9.50263,2.53467,-15.26,-11.69,-38.71,-20.1248,-50.408,5.42062,1014.81
388838,0.454328,10.3204,1.94165,-14.7,-5.81,-44.66,-20.2991,-50.9631,4.69658,1014.81
388844,0.545194,10.1435,2.29555,-10.01,-10.01,-49.42,-19.7471,-49.2978,6.01168,1014.82
388850,0.153037,9.33046,2.95074,-8.75,-9.1,-53.97,-19.8924,-50.0688,6.78005,1014.82
388856,0.989957,10.66,2.16164,-4.69,-4.2,-56.56,-19.3984,-51.0865,5.90824,1014.82
388862,-0.272597,10.7891,3.4768,-0.91,-5.46,-59.5,-18.5848,-50.0379,6.10033,1014.81
388868,0.521282,11.5734,1.6834,3.01,-2.17,-65.31,-18.3523,-49.8837,5.61271,1014.81
388874,-0.659971,11.9943,2.27642,3.64,-8.61,-68.95,-18.7591,-51.3949,5.36151,1014.78
388880,0.487805,12.2382,0.832138,0.49,-4.69,-76.44,-17.8584,-50.9015,5.80481,1014.78
388886,0.329986,11.5591,1.92252,0.49,-6.23,-83.02,-17.7131,-51.2099,6.18899,1014.78
388892,0.406504,11.7073,1.53515,3.5,-7.98,-89.32,-16.9867,-51.6108,6.5584,1014.78
388898,0.650406,12.1664,1.49689,2.94,-8.54,-96.81,-15.9116,-52.4434,5.7457,1014.82
388904,1.0043,12.7594,1.0043,2.73,-5.53,-104.58,-15.9406,-50.5931,7.07558,1014.82
388910,0.186514,12.8981,1.3869,-1.61,-10.5,-112.84,-15.7372,-51.6108,7.34155,1014.82
388916,0.832138,12.5347,1.55906,0.21,-5.53,-118.79,-14.7202,-52.6902,6.58796,1014.82
388922,0.57867,12.2429,2.56815,-0.7,-3.71,-126.56,-14.3716,-51.5799,6.54363,1014.82
388928,0.722142,11.9847,2.60163,3.08,1.05,-133.35,-13.8485,-51.8267,6.60273,1014.81
388934,0.540411,12.0803,2.989,7.28,3.71,-140.35,-12.9768,-53.3995,6.88348,1014.81
388940,0.506934,12.6734,2.70206,11.13,4.97,-148.75,-12.7153,-52.9986,6.23332,1014.83
388946,0.994739,13.4625,2.879,14.56,10.43,-158.27,-11.524,-53.3378,6.98692,1014.83
388952,0.535629,14.0507,2.41989,16.59,7.7,-171.01,-11.4368,-54.4789,6.58796,1014.81
388958,0.985174,14.3137,1.29125,15.96,7.56,-181.16,-10.0421,-53.8929,6.57318,1014.81
388964,0.707795,14.8015,1.05691,17.29,9.66,-192.08,-9.02512,-53.3995,6.78005,1014.8
388970,1.25299,16.3367,0.822573,15.54,9.17,-205.73,-8.53116,-55.0031,7.72574,1014.8
388976,1.60689,17.231,0.35868,12.11,8.89,-221.27,-6.70058,-55.1573,7.09035,1014.8
388982,2.2286,17.6518,-0.33955,7,9.52,-238.63,-5.59642,-54.0163,7.8144,1014.76
388988,2.13295,19.2348,0.286944,2.17,13.37,-256.9,-4.46321,-55.5891,7.51887,1014.76
388994,2.18077,20.7652,0.114778,-1.19,7.91,-278.46,-2.60358,-56.6993,7.22334,1014.77
389000,2.21903,21.4252,-3.78766,-10.71,8.54,-302.33,-1.52848,-55.3732,6.57318,1014.77
389006,0.870397,22.2286,-4.58632,-20.79,-1.4,-323.89,0.331158,-55.5274,7.17901,1014.83
389012,1.64993,22.5442,-5.84888,-33.11,-7.98,-348.6,1.81305,-56.5451,5.9969,1014.83
389018,0.846485,21.913,-3.80201,-33.95,-10.64,-376.39,4.02137,-56.4835,6.17422,1014.78
389024,2.38642,20.6265,1.45863,-22.33,-24.85,-407.61,5.27081,-54.6331,7.51887,1014.78
389030,4.66284,22.3242,2.09469,-7.63,-15.82,-436.45,8.52517,-55.6199,6.21855,1014.78
389036,4.35677,25.318,2.26208,-2.38,-4.69,-464.87,10.8788,-56.5451,6.46974,1014.79
389042,1.8747,29.7609,3.04161,-14.63,-21.56,-490.21,12.7093,-54.2322,6.11511,1014.79
389048,-1.67862,25.4041,0.0430416,-21,18.13,-479.78,14.9758,-54.7256,6.21855,1014.78
389054,-6.35581,29.1679,6.66667,2.52,-40.88,-490.63,18.6079,-53.9546,5.77525,1014.78
389060,4.022,24.0411,-2.46772,-21.21,-36.05,-499.17,21.0196,-52.9369,6.8096,1014.79
389066,0.860832,18.4505,3.29029,5.25,-38.15,-497.07,22.5596,-51.1173,8.15425,1014.79
389072,0.731707,20.9613,1.27212,36.89,-55.09,-497.91,26.3079,-51.6416,7.26767,1014.81
389078,0.0047824,25.3611,-1.39646,47.88,-64.19,-492.17,28.1966,-49.5137,6.61751,1014.81
389084,2.60163,25.7915,-1.49689,42.28,-98.91,-485.03,30.4921,-47.4166,8.16903,1014.81
389090,4.35677,19.5791,-4.6198,36.19,-96.67,-441.14,32.4389,-46.4605,6.17422,1014.77
389096,4.83501,20.1052,-8.27355,18.27,-112.77,-395.15,35.1121,-45.7204,6.94259,1014.77
389102,13.8929,16.4132,-6.04495,-28,-148.19,-363.23,35.6351,-42.7906,5.45017,1014.75
389108,18.6131,7.79053,-10.4208,-63.56,-107.31,-330.61,36.7393,-41.8654,6.26287,1014.75
389114,-9.54567,-2.2812,1.15734,-11.83,10.99,-227.08,39.4125,-41.6187,5.56838,1014.75
389120,-15.6911,16.2889,0.583453,-45.78,-85.75,-81.2,38.8604,-40.9711,5.55361,1014.75
389126,11.9895,1.74558,1.23386,-25.55,-73.29,12.6,38.5699,-40.2001,5.47973,1014.76
389132,10.8943,3.82592,-2.04208,11.41,9.38,99.68,39.4997,-40.2309,5.08076,1014.76
389138,9.43568,6.89622,-0.688666,1.19,4.62,163.03,39.3253,-41.1253,4.75568,1014.74
389144,13.0368,6.50885,-2.74988,12.04,46.27,197.26,37.5819,-41.1561,4.28284,1014.74
389150,10.3109,8.07747,-1.07126,9.1,61.6,216.37,37.5238,-43.0373,4.97733,1014.74
389156,9.98565,7.39837,-0.879962,12.74,89.11,226.38,36.8846,-43.9317,5.83436,1014.76
389162,9.37829,5.45672,-1.25777,15.75,84.84,232.12,34.5891,-44.0859,7.09035,1014.76
389168,8.967,4.16547,-1.70732,16.66,90.3,237.86,33.6302,-45.412,6.10033,1014.78
389174,8.14443,3.26638,-1.87948,20.51,94.78,242.69,33.8917,-46.9231,6.15944,1014.78
389180,7.22142,3.00813,-2.08991,22.19,94.64,247.03,32.2355,-47.139,7.20856,1014.76
389186,5.27021,2.73553,-1.64993,24.36,92.19,254.59,30.6955,-47.2932,7.78484,1014.76
389192,4.25155,2.95074,-1.67384,25.69,85.05,264.88,30.2015,-48.1876,6.5584,1014.75
389198,2.989,3.73505,-1.75036,25.06,75.04,275.24,28.8358,-49.9146,7.88828,1014.75
389204,2.56815,4.13199,-2.01339,24.29,67.83,287.49,25.9883,-48.7735,8.77486,1014.75
389210,1.42994,5.03587,-2.51076,16.73,55.3,299.18,25.6105,-50.5005,7.59275,1014.68
389216,0.435198,5.08369,-2.29077,13.16,42.42,311.71,24.6226,-51.6108,8.76009,1014.68
389222,-0.153037,5.20325,-1.39646,11.06,26.25,322.91,22.4724,-51.1173,9.32159,1014.67
389228,-0.071736,5.11717,-1.21473,13.86,11.69,331.38,20.729,-52.0734,9.27726,1014.67
389234,-0.387374,5.11717,-0.396939,18.2,-2.45,339.71,19.5958,-53.6154,7.91783,1014.69
389240,0.329986,4.92109,-0.143472,25.76,-14.28,344.75,17.155,-53.7387,8.34635,1014.69
389246,0.430416,5.12195,0.253467,33.53,-23.52,347.34,15.7894,-53.9546,9.61712,1014.66
389252,0.640842,5.55715,0.296509,42.35,-30.24,350,14.1912,-55.034,9.24771,1014.66
389258,0.798661,5.96844,0.707795,48.09,-38.29,352.45,12.9418,-55.0957,8.18381,1014.66
389264,1.21951,6.75753,0.765184,54.32,-41.23,355.88,9.3097,-54.6331,9.11472,1014.67
389270,0.985174,7.49402,1.29125,59.29,-45.36,357,7.88592,-54.3863,9.35114,1014.67
389276,1.15256,8.86179,1.48254,61.95,-46.27,358.12,6.72365,-56.1442,9.79444,1014.73
389282,1.16691,9.63175,1.53515,64.26,-45.92,360.01,4.37005,-55.3424,9.48413,1014.73
389288,0.57867,11.2578,1.77427,64.68,-46.69,360.85,2.71381,-55.0031,10.1786,1014.72
389294,0.253467,12.0851,1.82209,64.82,-47.67,362.74,1.14475,-56.0825,9.35114,1014.72
389300,-0.396939,13.4864,1.81731,62.02,-47.88,365.54,-1.09262,-54.7256,11.1686,1014.74
389306,-0.779531,14.3329,1.72645,57.82,-48.23,367.29,-2.83603,-54.078,10.5037,1014.74
389312,-0.894309,15.2941,1.63558,53.83,-49.14,368.62,-4.95717,-54.5405,9.92742,1014.78
389318,-1.06648,15.2989,2.48207,49.28,-52.01,370.44,-6.61341,-55.1573,9.86832,1014.78
389324,-0.463893,16.7336,1.84601,45.57,-52.64,358.75,-8.82172,-51.6725,10.3707,1014.78
389330,-0.774749,16.7862,1.96078,48.16,-49,352.38,-9.49003,-53.0294,12.4394,1014.77
389336,-1.5208,16.9871,1.93687,45.99,-50.96,352.66,-11.7274,-52.721,12.7349,1014.77
389342,-1.12386,17.7523,1.57341,47.32,-45.92,343.7,-13.2674,-50.9323,13.1191,1014.77
389348,-2.1186,17.5562,2.37685,51.8,-51.17,333.27,-14.8074,-50.0071,12.5281,1014.77
389354,-1.94165,18.1779,1.75036,57.89,-48.44,334.18,-17.5388,-51.0557,12.1734,1014.73
389360,-2.56337,18.594,2.86944,66.92,-49.35,336.07,-18.5557,-49.3286,12.794,1014.73
389366,-2.65423,19.3592,2.93639,74.13,-46.76,338.59,-19.4565,-46.6456,14.0944,1014.71
389372,-2.43902,20.6074,2.43902,78.33,-42.84,346.99,-21.6939,-47.8792,14.1683,1014.71
389378,-2.00383,22.1999,3.93113,80.57,-29.61,351.68,-23.292,-46.8615,13.8727,1014.71
389384,-1.35342,24.1129,2.92683,81.97,-23.66,363.86,-24.338,-44.1476,15.3504,1014.76
389390,-1.28647,24.395,2.54424,76.09,-10.29,376.46,-26.1105,-43.7158,15.971,1014.76
389396,-1.56863,25.5045,2.50598,70.91,8.75,382.2,-27.0984,-43.4999,15.1287,1014.79
389402,-3.29029,26.8627,1.79818,58.38,21.91,384.09,-29.1324,-40.2926,15.705,1014.79
389408,-4.49067,26.1932,1.83644,47.53,37.66,384.86,-30.4109,-39.3366,16.2222,1014.78
389414,-7.0923,23.9598,3.71592,43.75,44.31,378.14,-32.4449,-38.8431,15.838,1014.78
389420,-8.73744,23.6729,3.29986,48.23,54.88,365.05,-33.7815,-36.3759,15.5425,1014.8
389426,-12.946,25.825,2.34338,42.35,53.83,350.49,-34.6532,-33.9396,16.5768,1014.8
389432,-14.4476,26.6906,0.712578,28.14,51.66,328.23,-36.9196,-33.9396,16.5177,1014.8
389438,-17.8575,27.4271,-2.5825,2.73,48.16,303.1,-37.0068,-32.5518,15.7789,1014.76
389444,-20.7126,25.9876,-3.61549,-20.86,37.8,275.17,-38.1109,-29.437,15.8675,1014.76
389450,-24.7728,21.4538,-3.44333,-35.91,26.53,241.36,-39.2732,-29.3445,15.5277,1014.77
389456,-27.7236,17.1019,-2.37685,-32.27,11.76,205.59,-40.8713,-29.0052,15.173,1014.77
389462,-33.1133,10.44,0.224773,-9.59,-6.93,168.21,-39.8253,-26.8773,15.3799,1014.84
389468,-36.1741,6.37972,2.24295,25.76,-24.29,131.04,-41.1329,-26.6614,15.6754,1014.84
389474,-39.2922,4.15112,3.53898,63.21,-32.55,98.91,-41.714,-26.6923,15.4538,1014.82
389480,-39.627,5.1363,4.77284,86.38,-42.14,65.73,-40.7551,-25.2736,15.2322,1014.82
389486,-35.2319,8.73266,5.99235,100.1,-35.21,28.91,-40.8132,-24.8727,16.0449,1014.81
389492,-32.0899,12.0564,7.47489,100.45,-26.32,-16.38,-42.0917,-25.4587,16.3404,1014.81
389498,-25.5093,17.6231,6.86274,88.69,-20.86,-66.15,-41.4815,-24.8727,16.828,1014.81
389504,17.2692,91.8747,27.7188,-58.66,64.96,-306.46,-40.2612,-25.0269,18.3795,1014.84
389510,-33.0225,11.0856,13.3333,-139.51,155.68,-301.77,-40.4355,-27.8642,16.2369,1014.84
389516,6.04017,-0.35868,0.85605,-7.7,-78.26,-291.83,-39.8253,-28.8202,15.9414,1014.82
389522,15.1459,3.57245,-9.96174,-59.15,-4.06,-315.14,-37.5589,-30.4547,15.306,1014.82
389528,15.9493,20.9708,1.97035,-34.79,94.43,-305.76,-37.5589,-31.6575,16.0892,1014.84
389534,11.9034,5.50454,6.92013,-98.14,60.06,-301.84,-36.8034,-33.9088,15.3651,1014.84
389540,5.80105,7.73792,8.55571,-51.17,157.15,-290.08,-35.7283,-34.4639,14.0057,1014.82
389546,-3.60593,8.57006,17.5992,17.08,133.35,-289.94,-34.7113,-35.1423,13.8875,1014.82
389552,-3.12769,9.16308,7.32185,13.3,134.61,-305.34,-34.6822,-37.8871,12.3951,1014.82
389558,-4.60067,11.1095,3.63941,17.15,136.99,-304.57,-33.9268,-38.874,13.3408,1014.86
389564,-17.054,22.4438,2.88857,-33.6,79.03,-289.24,-32.6192,-38.2572,11.4937,1014.86
389570,-15.0406,14.6915,10.4591,-25.76,12.88,-259.63,-31.2245,-41.1869,11.2425,1014.8
389576,-8.92874,19.737,3.9933,-4.34,6.37,-221.13,-30.4981,-42.3897,10.7549,1014.8
389582,-8.84744,15.0502,4.60067,-5.04,-40.11,-207.83,-29.2486,-41.5879,11.0504,1014.81
389588,-0.13869,11.9608,1.3869,4.27,-53.27,-200.48,-27.8539,-42.914,11.3607,1014.81
389594,1.93209,10.5261,-0.0286944,13.65,-26.25,-199.57,-27.9411,-44.2401,11.7745,1014.79
389600,0.349115,12.7642,-2.60163,16.66,7.07,-208.04,-26.4882,-44.1167,12.6758,1014.79
389606,-12.946,26.6762,-9.78957,-12.88,93.1,-108.5,-25.5875,-43.7158,12.336,1014.79
389612,-13.8546,18.4457,-4.71066,-47.39,37.94,-49.63,-25.5003,-44.826,11.3312,1014.79
389618,-5.81062,13.8355,-0.750837,-77.49,10.29,-55.23,-25.3841,-45.597,10.2968,1014.79
389624,4.4285,6.40363,2.51076,-62.09,27.65,-51.73,-25.1516,-44.4868,12.1439,1014.8
389630,1.20516,8.23051,1.36298,-35.14,46.27,-50.89,-24.9482,-46.5531,12.5281,1014.8
389636,-5.44715,7.84792,4.58632,-27.72,26.95,-34.86,-24.6867,-47.324,10.6071,1014.83
389642,-5.8967,9.49306,3.89287,-19.46,-1.12,-24.71,-25.0354,-46.0596,10.6515,1014.83
389648,0.172166,8.63701,0.808226,-12.74,2.87,-18.06,-24.5705,-45.7512,9.42502,1014.84
389654,-0.884744,10.7317,-0.047824,-10.43,11.62,-10.64,-24.9773,-46.8923,8.19858,1014.84
389660,-0.980392,9.76566,1.70253,-9.17,-1.19,-12.04,-25.5875,-47.139,9.05562,1014.82
389666,0.61693,9.82783,0.669536,-2.94,7.98,-13.02,-24.7448,-45.6587,9.24771,1014.82
389672,-1.14778,10.4591,1.99904,-4.62,-0.35,-10.36,-24.6867,-46.3989,9.14427,1014.82
389678,1.08082,9.73218,0.755619,-3.29,-3.99,-10.22,-25.1516,-46.1521,8.33157,1014.82
389684,0.95648,10.0909,0.659971,0.63,2.94,-13.86,-23.7569,-44.6718,9.45458,1014.82
389690,-0.0908656,10.5165,1.59254,-0.56,2.24,-16.1,-24.5995,-47.0157,8.3759,1014.85
389696,-0.0813008,10.22,1.03778,0.42,1.89,-12.25,-24.1346,-46.5222,8.53844,1014.85
389702,0.530846,10.1052,0.774749,4.62,-6.72,-12.39,-24.1928,-45.6895,9.04084,1014.8
389708,-0.215208,9.79436,1.4682,6.16,-5.46,-12.25,-23.6116,-46.0288,9.4398,1014.8
389714,0.35868,10.373,0.631277,3.85,-5.39,-14.21,-23.8441,-47.2007,8.0656,1014.83
389720,0.49737,10.4113,0.248685,4.27,-6.23,-15.82,-25.2388,-45.9979,8.13948,1014.83
389726,-0.0813008,10.263,0.502152,2.24,-8.82,-14.63,-24.0765,-45.412,10.5924,1014.83
389732,-0.0095648,10.4448,0.129125,0.56,-9.03,-12.81,-23.5535,-47.2007,9.42502,1014.84
389738,0.176949,9.71305,0.726925,0.84,-8.75,-14.77,-24.4833,-46.8615,10.1638,1014.84
389744,0.33955,10.0622,0.320421,-1.19,-7.07,-15.68,-23.9312,-46.7998,9.67622,1014.84
389750,0.224773,9.95696,0.334768,-1.61,-7.56,-14.77,-23.7278,-47.1082,9.33637,1014.84
389756,0.0813008,9.86131,0.545194,-2.03,-6.23,-14.35,-23.6116,-48.3726,9.54324,1014.85
389762,0.176949,9.70349,0.530846,-2.59,-6.23,-15.54,-23.0595,-46.6456,9.32159,1014.85
389768,0.153037,9.96174,0.0908656,-4.48,-2.94,-15.05,-22.9143,-47.2007,8.61232,1014.83
389774,-0.181731,10.1769,0.0095648,-8.33,-4.2,-14.28,-23.6116,-47.9408,8.24291,1014.83
389780,-0.0908656,9.71784,0.267814,-10.5,-4.48,-13.37,-23.2048,-46.1213,9.67622,1014.83
389786,0.57867,10.2582,-0.707795,-10.08,2.45,-13.44,-23.2048,-46.1213,9.39547,1014.83
389792,-0.841702,10.7078,-0.13869,-19.81,0,-9.17,-22.3041,-47.2624,8.78964,1014.83
389798,0.286944,9.95218,-0.047824,-22.54,0,-13.79,-23.292,-47.725,8.30202,1014.82
389804,0.153037,10.2774,-0.430416,-21.84,2.73,-14.42,-22.7109,-46.7689,9.07039,1014.82
389810,-0.229555,9.95696,0.353898,-27.58,5.25,-12.46,-22.5365,-47.4166,9.11472,1014.83
389816,-0.248685,9.78479,0.822573,-27.72,3.57,-11.48,-22.8561,-47.7866,8.22814,1014.83
389822,-0.999522,9.82305,1.97035,-26.04,-0.84,-12.74,-23.2048,-47.4474,8.77486,1014.83
389828,-0.306074,9.73697,0.779531,-28,1.33,-13.44,-22.5946,-47.0773,7.75529,1014.83
389834,-0.444763,9.86131,1.09517,-26.95,-2.31,-11.97,-22.6237,-48.1567,6.45497,1014.82
389840,-0.602582,10.3395,1.21951,-24.78,-3.92,-12.6,-22.1588,-47.7866,7.41543,1014.82
389846,0.095648,10.6408,0.023912,-29.05,-2.52,-13.79,-22.9433,-46.3372,7.90306,1014.82
389852,-0.224773,10.0287,0.970827,-30.73,-6.65,-16.03,-22.3331,-47.7558,6.54363,1014.81
389858,-0.674318,9.60784,1.87948,-28.35,-7.84,-13.58,-21.5195,-48.0334,7.40066,1014.81
389864,-0.0908656,10.1674,0.707795,-28.77,-7.21,-15.75,-21.8101,-47.1698,7.40066,1014.81
389870,-0.554758,9.94261,1.60689,-31.01,-11.76,-17.36,-22.2169,-48.6193,8.52366,1014.81
389876,0.071736,10.3635,1.10473,-26.88,-10.15,-17.57,-22.6527,-48.866,7.16424,1014.81
389882,-0.47824,10.55,0.985174,-30.03,-10.92,-19.67,-22.0135,-47.8483,7.07558,1014.81
389888,-0.176949,10.0574,1.05691,-34.09,-10.64,-21.14,-21.6648,-48.1259,7.6223,1014.76
389894,0.602582,9.82783,0.636059,-29.54,-9.31,-22.75,-21.7229,-50.1921,5.7457,1014.76
389900,-0.69823,10.2678,1.33429,-34.16,-14.14,-23.17,-21.7229,-49.2361,5.64227,1014.76
389906,-0.344333,10.0956,1.32951,-31.78,-13.23,-24.99,-21.6648,-48.5885,7.54842,1014.79
389912,0.0191296,10.4495,1.28647,-32.41,-12.11,-26.39,-21.8101,-49.6062,5.21375,1014.79
389918,-1.0856,9.88044,0.640842,-32.48,-13.79,-28.84,-21.4614,-49.1744,5.4945,1014.81
389924,-0.401722,8.74223,1.98948,-30.66,-12.25,-28.98,-20.735,-48.3109,6.39586,1014.81
389930,-0.961262,9.93783,2.73553,-30.45,-12.53,-27.3,-20.9675,-49.5137,6.39586,1014.83
389936,0.272597,9.06743,1.72645,-28.7,-8.96,-30.1,-20.735,-50.0071,5.71615,1014.83
389942,-0.349115,9.78479,2.34338,-24.5,-8.61,-33.32,-20.9965,-48.9894,6.39586,1014.81
389948,0.659971,10.0191,1.42516,-24.36,-5.67,-34.02,-19.8342,-48.7735,5.98212,1014.81
389954,0.0286944,11.4443,2.01339,-22.68,-5.11,-36.4,-19.8052,-50.3772,5.00688,1014.81
389960,1.15256,12.396,4.61023,-17.15,-6.65,-47.18,-20.5607,-49.5137,5.08076,1014.81
389966,3.69201,12.4582,3.65375,-9.59,4.9,-59.36,-20.0667,-49.3286,4.1203,1014.81
389972,0.722142,11.7073,1.85079,-11.62,10.22,-67.06,-18.672,-50.5931,4.41582,1014.83
389978,0.693448,10.067,1.99904,-3.64,1.26,-72.24,-19.2531,-50.8398,5.02166,1014.83
389984,1.07604,11.3247,3.08465,3.15,5.74,-81.34,-18.7882,-49.0819,5.22853,1014.79
389990,1.02822,11.2817,2.67814,-2.03,5.04,-89.25,-18.9625,-50.9323,4.87389,1014.79
389996,1.76471,11.5208,1.5495,7.63,9.03,-93.8,-17.2191,-51.4257,5.83436,1014.79
390002,0.468675,12.0182,2.91248,8.26,5.95,-103.04,-18.0037,-50.408,5.84914,1014.79
390008,0.439981,11.9177,3.19464,13.09,7.07,-109.48,-17.2772,-50.8706,6.07078,1014.81
390014,0.664754,12.659,2.25729,15.12,8.47,-116.83,-17.0157,-52.0117,5.84914,1014.81
390020,0.765184,12.5873,2.46294,15.05,9.38,-124.74,-16.2603,-52.4126,5.89347,1014.81
390026,1.15256,12.3051,2.61119,20.37,11.41,-131.88,-15.5629,-51.9809,6.52885,1014.82
390032,1.21473,14.1224,2.19512,18.9,11.55,-141.33,-14.6621,-52.9986,6.5584,1014.82
390038,1.38211,13.9072,2.43424,17.99,13.65,-150.99,-13.6451,-53.0911,5.58316,1014.81
390044,0.918221,13.4338,2.91248,24.64,15.47,-160.86,-12.5991,-52.0425,6.70617,1014.81
390062,0.564323,16.241,-0.253467,24.71,4.76,-200.34,-10.6523,-53.6154,7.17901,1014.82
390068,2.16643,16.7575,0.463893,22.33,3.78,-217.77,-9.69343,-54.263,6.51407,1014.82
390074,1.67384,19.3257,0.224773,24.99,4.97,-236.39,-7.16549,-55.7125,6.26287,1014.82
390080,3.07508,21.3056,-2.54902,13.51,-5.04,-258.72,-6.43907,-55.219,7.19379,1014.76
390086,3.30942,21.9464,-2.74988,2.94,-4.55,-281.33,-4.75378,-54.7564,7.09035,1014.76
390092,3.14204,23.5629,-3.14682,-9.31,-8.19,-306.32,-3.24282,-55.8358,6.94259,1014.81
390098,3.52941,23.4911,-2.67814,-21.07,-13.58,-332.01,-1.26696,-56.0209,7.04602,1014.81
390104,5.50933,22.1999,1.31038,-24.5,-10.92,-359.45,-0.0756367,-55.1882,7.28245,1014.78
390110,5.94931,24.1033,3.3142,-14.77,-3.08,-386.4,1.46437,-55.5583,4.59314,1014.78
390116,8.95265,24.6867,1.09517,-20.16,8.05,-419.79,4.63156,-56.5143,6.23332,1014.75
390122,5.32759,25.5093,1.55906,-27.58,19.46,-450.59,6.17157,-55.1265,6.89826,1014.75
390128,3.60593,24.2755,0.865614,-23.38,17.78,-476.63,7.85686,-55.3732,7.11991,1014.75
390134,2.6638,25.9828,0,-19.18,8.12,-505.96,12.012,-55.5274,4.71135,1014.78
390140,4.945,27.0493,-1.68819,-28,-1.47,-523.11,13.6101,-55.0031,6.29243,1014.78
390146,0.162602,26.021,1.53993,-8.54,10.22,-521.29,16.3705,-53.677,6.63228,1014.76
390152,-0.0526064,29.2587,0.989957,-10.64,-17.64,-522.62,19.7411,-53.4612,5.76048,1014.76
390158,3.84027,29.1487,-1.05213,-17.92,-18.34,-529.34,21.6879,-52.4434,7.23812,1014.79
390164,-0.879962,20.1004,2.72597,9.31,-28.14,-524.44,24.3611,-50.4389,6.41064,1014.79
390170,-0.25825,26.681,-1.22429,16.52,-47.25,-510.44,25.843,-50.9323,5.52406,1014.76
390176,6.21234,26.4706,-6.18364,-11.2,-61.95,-489.37,30.0562,-48.3109,4.78523,1014.76
390182,6.78144,20.0813,-4.77762,-2.59,-54.53,-449.54,31.1313,-46.1521,6.54363,1014.75
390188,5.41368,15.9397,-4.59589,-4.41,-116.69,-436.45,32.7585,-45.1961,6.54363,1014.75
390194,12.8168,9.02439,-7.83357,-17.01,-130.48,-372.19,36.071,-44.3943,5.4354,1014.75
390200,14.0411,-5.03587,-12.2047,-22.96,-92.96,-319.34,36.3325,-42.5747,5.80481,1014.76
390206,-8.98613,-4.29938,-2.45815,28.98,8.47,-205.8,36.8846,-41.3411,6.45497,1014.76
390212,-16.2171,13.6298,0.13869,5.18,-70.91,-57.4,38.3084,-41.0636,5.19897,1014.71
390218,11.1047,3.89287,0.315638,30.73,-73.92,34.44,39.0638,-41.8654,5.42062,1014.71
390224,12.2429,6.10234,-2.20469,57.33,1.61,101.64,37.3785,-41.4953,5.11032,1014.79
390230,12.0516,9.26351,-2.06121,40.18,5.67,152.39,38.0178,-41.9271,6.14466,1014.79
390236,14.2707,8.93831,-3.82592,33.67,44.17,182.42,37.8725,-43.1298,4.77046,1014.77
390242,10.5356,9.45002,-1.49211,20.3,56.98,194.18,35.9257,-42.9756,6.38109,1014.77
390248,10.9182,8.50789,-1.80775,9.94,69.79,192.57,34.8215,-43.4691,5.96735,1014.77
390254,9.28264,6.51363,-1.54472,6.93,81.06,192.36,34.8506,-45.9671,5.42062,1014.76
390260,8.35485,4.47154,-1.58776,5.67,86.03,191.31,33.0491,-45.2578,5.79003,1014.76
390266,7.4462,2.7977,-2.27164,10.29,91.98,195.02,32.2936,-45.5353,6.94259,1014.76
390272,6.26016,1.99904,-1.75514,13.02,90.09,196.35,31.7125,-46.8923,6.94259,1014.76
390278,4.49067,1.84601,-2.01339,18.9,85.19,200.06,31.3638,-47.725,6.91304,1014.76
390284,3.45289,2.05643,-1.90818,21.98,77.56,209.44,28.9811,-47.1698,7.8144,1014.76
390290,2.15208,2.38642,-1.50167,26.6,68.81,223.02,28.3709,-48.4034,6.66184,1014.75
390296,1.34385,2.6638,-1.28647,29.33,58.8,237.86,27.6445,-49.2053,7.54842,1014.75
390302,0.320421,3.30942,-0.989957,31.92,44.1,255.99,25.8721,-49.6679,8.25769,1014.75
390308,0.0621712,3.66332,-0.73649,32.55,30.87,277.06,24.5064,-50.7473,8.9374,1014.67
390314,-0.0669536,4.20373,-0.11956,32.9,19.39,296.94,23.6347,-51.1482,7.93261,1014.67
390320,0.0669536,4.53372,0.133907,34.44,5.6,314.93,22.0656,-51.8883,9.14427,1014.68
390326,0.420851,4.77762,0.540411,37.73,-6.79,333.27,19.7701,-51.9809,9.73533,1014.68
390332,0.454328,4.8637,1.08082,41.86,-18.76,347.55,19.683,-52.6902,8.77486,1014.65
390338,0.85605,5.75801,0.875179,42.21,-26.6,359.52,17.2131,-54.0163,8.99651,1014.65
390344,1.55428,5.77236,1.73601,46.55,-37.52,366.1,14.9467,-53.6154,10.4889,1014.68
390350,1.98948,5.75801,2.46772,52.43,-42.7,371.49,13.2324,-54.2322,9.82399,1014.68
390356,2.10904,6.58536,2.77379,56.91,-45.43,375.76,12.5931,-55.3424,8.89307,1014.73
390362,2.15686,7.09708,3.02248,59.78,-48.79,378.98,9.54215,-55.0031,10.1638,1014.73
390368,2.26686,8.01052,3.07508,60.76,-49.14,382.34,7.97309,-54.5405,9.77966,1014.73
390374,2.27642,8.90961,3.10856,61.25,-49.07,384.58,5.73572,-57.4086,8.77486,1014.71
390380,2.08513,10.7939,3.11334,59.99,-48.51,385.07,3.87608,-54.9106,11.9222,1014.71
390386,1.75036,12.176,3.05117,56.56,-48.09,384.58,1.66777,-55.1573,10.9913,1014.74
390392,0.83692,13.7829,2.9077,52.57,-49.77,384.23,0.854181,-55.4349,11.0504,1014.74
390398,0.0573888,14.5337,2.68771,45.78,-52.43,384.79,-1.38319,-55.4657,11.1243,1014.73
390404,-1.50167,15.2415,2.76423,41.51,-59.78,386.75,-4.05641,-54.1705,11.0357,1014.73
390410,-2.34338,17.604,2.37685,38.78,-57.68,388.57,-5.82888,-54.5097,11.5085,1014.75
390416,-3.37159,15.7724,2.88857,43.68,-76.86,392.7,-6.75869,-54.6639,11.0061,1014.75
390422,-3.02248,15.385,3.03204,46.83,-79.24,391.3,-9.86777,-52.6902,12.1882,1014.75
390428,-4.05548,17.9914,2.72119,48.3,-87.01,392,-11.3206,-51.5183,12.8532,1014.74
390434,-2.9077,17.9436,2.80249,51.24,-95.62,389.41,-13.6451,-52.3509,12.8827,1014.74
390440,-1.90818,18.8618,2.23338,55.79,-93.73,385,-14.8655,-50.408,14.449,1014.75
390446,-1.18604,19.0626,2.44381,59.5,-92.12,380.1,-17.1901,-49.7604,14.6115,1014.75
390452,-0.439981,20.7461,2.08991,63.63,-81.55,376.6,-19.0207,-48.3726,14.6854,1014.78
390458,-1.24821,21.9082,2.74988,64.05,-86.45,369.04,-19.3403,-48.2801,14.316,1014.78
390464,0.765184,22.7594,1.31038,72.24,-66.71,367.15,-20.6478,-46.368,14.6263,1014.78
390470,-0.961262,24.1224,2.08513,73.92,-59.78,369.74,-22.5075,-45.5045,14.7445,1014.78
390476,-0.688666,25.3037,1.40124,77.14,-42.98,371.56,-24.7158,-45.0727,15.6902,1014.78
390482,-2.01339,26.968,1.09995,74.48,-26.18,376.74,-26.7207,-42.6981,16.9462,1014.79
390488,-2.51554,27.0062,0.774749,70.84,-7.7,384.3,-27.8249,-41.5262,16.104,1014.79
390494,-3.75897,27.1353,0.506934,70.98,14.35,388.99,-29.3358,-40.2617,16.6655,1014.78
390500,-5.10282,27.1736,0.487805,69.02,32.27,386.82,-30.6143,-38.103,17.8919,1014.78
390506,-6.00191,26.4323,1.01387,72.24,56,380.03,-32.0381,-35.9442,18.2465,1014.77
390512,-8.46963,24.4428,3.62506,77.07,73.01,370.23,-33.7815,-35.1115,16.1631,1014.77
390518,-7.56576,16.4802,12.3673,98.35,89.88,348.74,-35.1762,-33.8779,17.552,1014.79
390524,-9.89479,17.867,10.6791,130.27,121.38,319.27,-37.094,-30.6089,17.6407,1014.79
390530,-17.7666,30.5117,2.3099,108.92,134.47,289.17,-38.3434,-30.8556,17.0053,1014.83
390536,-22.7355,36.0402,-2.5538,41.09,129.43,258.3,-39.5638,-28.7894,16.0596,1014.83
390542,-28.9909,35.6384,-7.50359,-42.56,127.89,223.44,-39.6219,-26.939,16.2074,1014.83
390548,-35.0311,29.8709,-7.64228,-96.74,114.38,188.65,-40.3774,-26.9698,15.6754,1014.77
390554,-44.9067,16.088,-4.69153,-122.5,81.69,152.88,-41.5687,-25.8596,15.3504,1014.77
390560,-51.2052,3.13247,1.98948,-78.12,43.19,109.76,-41.6268,-24.626,13.9023,1014.86
390566,-53.6537,-2.31468,0.899091,-12.32,8.82,75.74,-41.6849,-25.0886,13.2669,1014.86
390572,-52.6112,-3.8594,5.22238,50.4,-43.33,22.54,-43.1378,-25.1811,11.7006,1014.81
390578,-38.1779,1.27212,6.19799,100.17,-56.98,-46.69,-43.1959,-25.3661,14.4047,1014.81
390584,-31.1095,7.03969,5.91105,128.1,-68.04,-100.87,-40.9004,-24.7185,16.3404,1014.84
390590,-24.2181,13.9359,5.15064,127.33,-56,-137.76,-40.8713,-26.0446,15.8528,1014.84
390596,-6.29842,40.7174,33.1277,444.22,-449.26,-328.23,-42.0627,-26.4147,16.0449,1014.84
390602,6.42276,41.693,-59.4691,-348.81,128.38,-282.24,-39.5347,-27.2165,16.1187,1014.83
390608,18.9,-16.6045,-3.11812,54.81,3.99,-246.47,-38.2272,-28.481,16.6359,1014.83
390614,21.8843,9.31612,-14.1416,-37.24,100.73,-269.43,-39.1279,-30.4547,16.2517,1014.84
390620,7.40316,16.2362,2.04208,-53.76,53.69,-260.96,-38.1691,-30.7323,15.5425,1014.84
390626,18.4266,8.47441,4.08417,-121.1,47.88,-298.34,-36.7162,-31.9659,15.1139,1014.85
390632,8.00096,0.530846,5.94931,-34.86,152.81,-305.27,-36.1932,-35.1115,13.9762,1014.85
390638,-0.908656,5.01196,10.3013,-13.79,172.2,-302.19,-36.2223,-35.0807,13.1487,1014.83
390644,-9.34959,11.2291,5.66714,3.99,124.46,-298.55,-34.7694,-35.3582,13.1191,1014.83
390650,-8.96222,11.6165,6.28407,-19.46,77.77,-299.67,-34.0721,-38.0104,12.9714,1014.83
390656,-10.6552,14.0746,10.2248,-7.84,62.93,-290.5,-32.8807,-39.6758,11.7892,1014.87
390662,-13.1803,18.1396,8.08704,-12.04,24.01,-255.99,-30.7015,-39.83,11.9961,1014.87
390668,-8.97657,17.2166,6.1693,3.57,-22.68,-226.31,-30.8468,-40.8477,12.1439,1014.82
390674,-6.36059,16.1071,1.62123,0.56,-36.89,-202.37,-30.1203,-42.914,11.6858,1014.82
390680,-1.41081,11.2434,2.55858,11.69,-51.31,-198.24,-28.929,-41.8346,11.5085,1014.84
390686,1.64515,10.9565,-0.612147,15.54,-27.79,-198.24,-27.9411,-43.0682,12.4246,1014.84
390692,1.64993,13.6729,-4.81588,16.8,8.26,-191.52,-27.1565,-44.3018,11.9813,1014.85
390698,-8.95744,28.1827,-10.703,-22.05,109.62,-115.57,-27.3018,-45.2886,13.0748,1014.85
390704,-14.6772,17.714,-5.17456,-45.36,50.89,-62.23,-26.7207,-43.9008,12.5133,1014.79
390710,-8.41224,13.9598,1.69775,-65.03,11.34,-47.6,-26.5173,-44.826,11.5381,1014.79
390716,3.24725,7.46533,2.55858,-61.32,12.25,-47.95,-25.9071,-45.9363,10.9765,1014.79
390722,1.34385,7.98183,2.03252,-31.71,40.81,-45.64,-26.343,-45.1653,11.2277,1014.83
390728,-3.18508,7.22621,3.47202,-24.15,39.69,-42,-25.7037,-44.7952,9.30681,1014.83
390734,-4.06026,10.0048,3.4242,-21.28,8.05,-29.47,-25.7618,-46.9231,9.95698,1014.83
390740,-1.18604,9.78001,1.11908,-11.34,5.32,-24.22,-25.5875,-45.7821,10.6071,1014.83
390746,-1.10473,10.3348,0.884744,-11.06,6.02,-13.51,-25.2969,-45.2886,9.3807,1014.79
390752,-0.420851,10.2917,1.01865,-9.59,2.31,-11.55,-25.7909,-46.5839,10.5037,1014.79
390758,1.18604,10.0956,-0.13869,-10.43,1.05,-16.73,-25.6456,-46.2138,9.41025,1014.82
390764,0.243902,10.2582,0.703013,-6.09,2.1,-14.28,-25.1807,-45.0727,10.8583,1014.82
390770,0.631277,9.72262,1.09039,-2.24,1.12,-14.7,-25.6747,-46.4297,10.4298,1014.82
390776,0.583453,9.71305,0.808226,-1.96,4.06,-13.09,-25.6165,-46.8923,10.5333,1014.83
390782,-0.860832,10.0717,1.58776,-5.88,-5.18,-13.37,-24.7158,-45.6895,9.33637,1014.83
390788,0.526064,9.96174,1.25777,-3.85,0.98,-16.87,-24.832,-45.7512,9.75011,1014.87
390794,-0.832138,9.70827,1.91296,-1.54,-13.3,-14.14,-24.9773,-47.5708,8.09515,1014.87
390800,1.36298,9.45002,0.774749,5.39,0.77,-17.01,-25.1807,-46.1521,9.42502,1014.83
390806,-0.401722,10.8943,1.01865,4.2,-6.44,-12.81,-24.2799,-45.6587,11.2425,1014.83
390812,0.329986,10.4065,0.095648,1.89,-7.14,-13.44,-24.4252,-46.5531,9.48413,1014.84
390818,-0.114778,10.0478,0.659971,1.61,-9.73,-15.75,-24.6286,-47.6016,10.415,1014.84
390824,0.023912,10.1243,0.535629,-1.75,-9.66,-13.86,-24.5414,-46.0596,10.3116,1014.84
390830,0.640842,9.70349,0.683883,-1.68,-8.26,-14.07,-24.6286,-47.2932,10.1638,1014.86
390836,0.607365,9.59828,0.813008,1.54,-5.67,-15.47,-24.6867,-46.9848,9.39547,1014.86
390842,0.186514,9.78479,0.774749,-0.63,-8.54,-17.64,-25.0645,-46.1521,10.1047,1014.86
390848,0.444763,9.89479,0.449546,-0.98,-8.26,-16.8,-24.0765,-46.4605,9.35114,1014.86
390854,0.272597,9.99043,0.10043,-1.96,-5.81,-17.15,-24.1928,-48.095,9.61712,1014.83
390860,0.621712,9.6748,-0.196078,-6.02,-4.2,-19.81,-23.6697,-46.7998,9.54324,1014.83
390866,-0.85605,10.263,0.124342,-7.91,-3.85,-14.77,-23.786,-46.4914,9.48413,1014.83
390872,-0.387374,9.69871,0.731707,-10.64,-8.05,-16.94,-24.1637,-48.1876,9.26248,1014.83
390878,0.353898,10.1435,-0.435198,-13.86,0.63,-13.02,-23.3211,-47.725,9.73533,1014.84
390884,-0.153037,9.62219,0.248685,-16.1,0.42,-13.51,-24.1928,-46.5531,9.52846,1014.84
390890,-0.215208,10.0813,-0.0143472,-23.66,2.52,-15.54,-23.8441,-48.1567,8.81919,1014.84
390896,0.0095648,10.1674,0.392157,-22.26,3.43,-14.21,-23.4373,-47.8175,8.34635,1014.84
390902,0.0047824,9.70827,0.535629,-23.94,4.83,-12.74,-23.1177,-47.4474,8.02127,1014.84
390908,-0.679101,9.6461,1.35342,-21,2.94,-13.37,-23.4954,-46.7998,8.33157,1014.82
390914,0.363462,10.1769,0.114778,-25.27,6.23,-14.56,-23.5826,-48.2801,7.72574,1014.82
390920,0.095648,11.0282,0.344333,-24.71,-0.14,-11.9,-22.8271,-47.6016,9.48413,1014.81
390926,0.095648,9.27307,1.3056,-27.79,1.61,-13.37,-23.0886,-46.4297,9.55801,1014.81
390932,-0.989957,9.61262,1.48254,-23.38,-0.07,-16.38,-22.9724,-48.2184,8.19858,1014.82
390938,-0.49737,10.1291,1.6308,-28.07,-7.35,-16.94,-23.4954,-48.2492,8.64188,1014.82
390944,0.439981,10.0765,0.248685,-23.66,-3.08,-16.87,-23.0305,-46.8306,9.30681,1014.82
390950,-0.463893,9.41176,1.05213,-24.22,-8.05,-15.96,-22.6818,-48.6502,8.73053,1014.82
390956,0.234338,10.4926,0.291726,-22.4,-6.3,-16.8,-22.9433,-48.7735,8.15425,1014.82
390962,-0.769966,9.44524,1.3869,-25.62,-14.42,-17.57,-22.6527,-47.5399,8.52366,1014.79
390968,-0.0908656,10.3061,0.755619,-25.83,-10.22,-20.65,-22.5946,-47.139,8.78964,1014.79
390974,-0.607365,10.0287,1.28647,-26.53,-11.06,-19.6,-22.3041,-49.1128,7.50409,1014.8
390980,-0.320421,10.0861,1.50167,-23.1,-12.11,-19.32,-21.8392,-47.9408,7.32678,1014.8
390986,-0.344333,9.80392,0.683883,-25.41,-12.25,-22.4,-21.8973,-47.3857,9.04084,1014.81
390992,-0.411286,10.3109,1.23864,-28.84,-14,-23.52,-22.6527,-48.7118,7.22334,1014.81
390998,0.468675,10.1291,0.502152,-30.73,-12.95,-23.73,-22.0135,-48.6502,7.59275,1014.81
391004,0.23912,10.4161,0.980392,-28.56,-15.12,-25.27,-22.2169,-46.5222,7.8144,1014.81
391010,0.21999,10.813,0.693448,-31.08,-13.72,-28.56,-21.6067,-48.9586,7.99171,1014.81
391016,0.105213,10.3635,0.13869,-37.45,-14.42,-30.59,-21.5486,-49.7604,6.36631,1014.84
391022,0.731707,8.77092,1.1956,-34.86,-11.34,-32.83,-20.735,-48.4343,7.41543,1014.84
391028,-0.253467,9.99043,1.49211,-29.19,-13.93,-29.54,-21.0256,-49.4828,7.59275,1014.82
391034,0.607365,10.2152,0.406504,-35.42,-14.56,-39.9,-21.3452,-49.5137,5.89347,1014.82
391040,0.157819,9.80392,1.59254,-32.97,-13.72,-45.78,-20.2701,-50.0996,6.23332,1014.83
391046,3.03204,12.6208,6.97274,-18.2,-9.45,-46.48,-20.4154,-49.0202,6.38109,1014.83
391052,2.89813,11.5734,5.1363,-16.03,-4.41,-61.67,-19.6599,-50.0688,5.84914,1014.82
391058,1.033,10.0909,1.17647,-3.99,2.66,-67.13,-19.4274,-49.9454,5.36151,1014.82
391064,0.731707,10.2009,1.36777,-1.89,2.73,-72.73,-19.9214,-49.7295,6.36631,1014.82
391070,0.650406,12.4916,2.41511,-0.7,-5.67,-75.67,-19.1369,-50.0379,6.12989,1014.82
391076,0.669536,11.5351,3.21856,4.34,-1.89,-84.56,-19.195,-51.0865,6.04123,1014.82
391082,0.61693,10.8895,3.10856,7.35,5.46,-89.25,-18.4976,-50.7164,6.32198,1014.83
391088,0.784314,12.3912,2.02296,7.14,2.38,-99.75,-18.2361,-50.7473,6.17422,1014.83
391094,0.196078,12.4008,2.52989,6.58,-0.14,-105.42,-18.9044,-51.8575,5.65704,1014.81
391100,1.49689,12.6973,1.75514,6.51,4.41,-112.84,-17.0448,-51.6416,6.51407,1014.81
391106,0.980392,12.4151,2.89813,8.47,5.39,-121.38,-16.0278,-50.5314,7.28245,1014.8
391112,1.16212,11.9656,2.74988,15.4,9.31,-131.18,-15.9697,-51.9809,5.09554,1014.8
391118,0.83692,12.1951,3.14204,17.08,10.36,-138.6,-15.8535,-52.1659,6.21855,1014.8
391124,0.927786,12.4534,2.83596,23.59,12.04,-143.85,-15.0399,-51.765,6.42542,1014.78
391130,0.573888,14.2037,2.3912,23.73,12.53,-158.48,-13.6742,-52.3818,7.37111,1014.78
391136,0.994739,13.6729,2.51554,25.76,12.25,-169.96,-13.4127,-53.4303,5.36151,1014.78
391142,1.14778,14.682,1.75036,30.24,11.83,-195.65,-12.4248,-53.0911,6.63228,1014.78
391148,1.13821,14.3807,1.10952,30.8,11.13,-192.36,-11.5821,-53.1836,6.83915,1014.85
391154,1.88427,17.2214,1.5208,31.99,11.48,-207.34,-9.75154,-54.7256,6.52885,1014.85
391160,1.96557,19.4405,-0.071736,26.18,10.43,-228.13,-8.99606,-53.8929,6.73572,1014.82
391166,2.54902,19.1344,-0.0047824,18.2,6.51,-248.22,-8.15342,-54.0471,8.08037,1014.82
391172,2.41989,19.4787,-2.46772,11.83,7.98,-269.01,-6.06133,-55.3732,6.02645,1014.82
391178,1.17169,21.0091,-3.5055,4.69,1.61,-289.17,-4.37604,-55.8667,6.97214,1014.8
391184,2.12339,21.3965,-4.24199,-4.13,-6.58,-314.65,-3.70773,-55.4966,8.09515,1014.8
391190,2.55858,21.3104,-3.04161,-9.17,-13.86,-339.15,-2.2549,-55.4349,7.17901,1014.77
391196,3.2329,26.791,1.23864,-4.9,-12.6,-360.64,0.418328,-56.1751,8.0656,1014.77
391202,7.7714,25.8632,1.67862,-16.24,-8.19,-396.76,1.75494,-54.6639,8.09515,1014.8
391208,7.59923,23.9455,2.28599,-15.68,4.76,-428.61,4.31194,-54.5714,7.84395,1014.8
391214,5.40411,23.3668,1.46341,-11.41,16.52,-461.72,6.9561,-56.2676,7.88828,1014.79
391220,3.07987,24.6054,-0.157819,-8.19,3.43,-486.08,8.96102,-55.5891,8.28724,1014.79
391226,1.88427,28.0536,-0.349115,-10.57,6.09,-506.31,11.8958,-54.6022,8.33157,1014.78
391232,5.44715,27.0588,-0.93735,-20.02,0.21,-519.68,15.3826,-55.6508,7.94739,1014.78
391238,-2.92205,28.9335,5.03108,0.35,-2.38,-514.57,17.9105,-54.4789,8.25769,1014.78
391244,4.34242,29.957,-1.86035,-8.05,-24.08,-523.46,19.5377,-52.5976,8.92263,1014.75
391250,2.33381,25.1028,1.47298,-8.89,-20.58,-520.73,22.5015,-52.1967,8.58277,1014.75
391256,-0.420851,28.6322,0.526064,-1.82,-36.05,-511.21,25.1456,-51.4566,7.63708,1014.75
391262,4.00287,29.8852,-5.26542,-28.49,-42.07,-509.95,27.2958,-48.7735,8.36112,1014.75
391268,9.14873,19.3113,0.353898,-32.48,-70.21,-509.25,29.3589,-47.8175,8.13948,1014.74
391274,8.39311,8.82353,-2.18077,35.49,-46.06,-479.01,32.5261,-47.139,6.17422,1014.74
391280,4.76805,16.901,-6.25538,19.81,-103.18,-426.02,33.2234,-45.3811,7.54842,1014.73
391286,12.8264,10.9995,-8.21616,-9.17,-112.63,-377.09,34.6472,-43.1607,8.09515,1014.73
391292,15.8489,-1.85079,-8.86657,-24.22,-78.68,-331.03,37.9597,-42.0505,6.79483,1014.73
391298,-12.8216,2.12817,-4.28503,21.35,32.76,-191.45,38.7442,-41.1561,7.29722,1014.76
391304,-12.8934,15.4089,1.6308,-33.81,-74.34,-42,37.9306,-40.1692,7.57797,1014.76
391310,13.2951,2.62554,-2.55858,0.21,-21.28,64.12,39.0638,-40.6627,6.52885,1014.73
391316,8.59397,7.47967,-1.82209,9.31,26.39,153.86,39.4997,-41.557,5.87869,1014.73
391322,12.6351,7.81922,-2.56337,-5.18,28.7,210.77,36.8846,-41.1561,6.5584,1014.74
391328,13.4672,7.76184,-2.92683,-0.35,65.59,240.03,36.594,-42.513,7.41543,1014.74
391334,10.3061,8.00574,-1.13343,-6.44,66.08,253.54,35.9257,-44.6101,5.40584,1014.7
391340,11.0187,6.58058,-1.83166,-7.77,77.98,254.45,34.2695,-44.8569,7.91783,1014.7
391346,9.2396,4.7011,-1.63558,6.3,80.99,251.3,31.8287,-44.7027,7.22334,1014.7
391352,8.22095,2.44859,-1.27212,8.4,77.77,250.11,31.9449,-46.6456,7.91783,1014.75
391358,7.46054,2.17121,-1.85557,17.36,78.68,247.66,31.5091,-47.2315,7.38588,1014.75
391364,6.09278,1.94644,-1.76949,25.34,71.12,247.87,29.1264,-46.7381,8.95218,1014.69
391370,4.83501,2.37685,-2.1473,30.38,64.33,250.95,28.1675,-47.8792,8.02127,1014.69
391376,3.86896,2.94596,-1.86992,32.2,54.95,258.02,28.4872,-49.1744,7.84395,1014.64
391382,2.89813,4.0746,-2.02296,32.55,45.08,268.8,25.8139,-49.3903,9.17383,1014.64
391388,1.88427,4.84457,-1.74558,30.59,34.3,282.31,24.8551,-49.6062,9.98653,1014.67
391394,1.05691,5.60497,-1.38211,27.02,21.56,297.01,24.0415,-52.4434,10.1934,1014.67
391400,0.774749,5.82975,-1.17647,23.1,9.38,313.67,21.8332,-51.8575,9.21815,1014.66
391406,0.368245,5.94931,-0.559541,20.58,-3.5,328.72,19.0437,-52.4126,10.2968,1014.66
391412,0.57867,5.85366,-0.392157,22.05,-15.61,342.23,18.3754,-53.5228,9.45458,1014.66
391418,0.602582,5.60976,0.420851,25.06,-27.93,354.34,17.649,-53.7387,9.45458,1014.67
391424,0.985174,5.95409,0.860832,32.41,-39.06,361.62,14.7143,-53.8621,10.6662,1014.67
391430,1.83166,5.96365,1.47776,38.85,-46.69,365.05,12.7675,-54.4789,9.64667,1014.7
391436,2.52511,6.40363,1.956,45.57,-48.93,366.73,12.1573,-55.7125,10.6367,1014.7
391442,3.05595,6.94883,2.15208,50.33,-50.19,368.55,9.22253,-55.1882,11.8188,1014.69
391448,3.54854,8.14921,2.33381,53.69,-51.24,366.66,7.88592,-55.1265,10.4889,1014.69
391454,3.61071,9.10091,2.46772,53.62,-48.44,363.44,5.59043,-56.4218,9.77966,1014.73
391460,3.11334,10.6887,2.81205,53.41,-47.32,361.97,4.02137,-55.9592,9.88309,1014.73
391466,2.74988,11.846,2.72119,49.91,-44.59,362.18,1.90022,-54.7873,11.7745,1014.73
391472,2.16164,13.4099,2.60163,44.17,-41.86,360.85,-0.511488,-55.805,9.73533,1014.72
391478,1.42516,14.0842,2.9077,39.9,-41.44,362.04,-1.99338,-55.6508,10.9913,1014.72
391484,0.803443,14.8398,2.75466,35.28,-40.88,366.87,-3.82396,-53.9238,10.9913,1014.77
391490,0.286944,15.2367,3.02248,32.13,-43.75,370.16,-5.45114,-55.0957,9.79444,1014.77
391496,0.411286,17.0827,0.93735,29.26,-39.06,382.06,-7.60134,-54.9106,10.548,1014.75
391502,-0.320421,15.9589,3.73027,34.09,-50.61,372.61,-9.7806,-53.5228,11.1982,1014.75
391508,-0.0765184,16.2362,3.03204,38.29,-48.65,378.07,-11.524,-52.536,11.0061,1014.75
391514,-0.583453,17.7379,2.59206,44.66,-50.96,388.64,-13.0059,-52.721,11.0652,1014.75
391520,0.0621712,17.9005,3.05117,44.87,-49.56,384.16,-15.7663,-51.4874,11.4937,1014.75
391526,-0.320421,18.6753,3.20421,52.36,-50.68,382.83,-16.3474,-49.8221,13.1487,1014.75
391532,0.157819,19.823,3.099,57.05,-46.2,389.41,-19.3403,-50.5314,12.8236,1014.75
391538,0.0908656,20.7174,3.10856,60.76,-44.66,389.83,-20.6478,-49.2361,12.469,1014.77
391544,-0.114778,22.7307,2.5538,62.02,-44.17,386.68,-22.8852,-46.3989,14.3899,1014.77
391550,-0.11956,23.8881,2.40076,65.1,-37.87,389.83,-24.7158,-46.0596,14.2421,1014.76
391556,-0.253467,25.9636,3.14682,68.32,-26.53,391.58,-26.4301,-46.0596,14.2865,1014.76
391562,-1.16212,27.3888,2.96031,67.13,-17.5,397.11,-28.2026,-43.1607,15.0992,1014.78
391568,-2.15686,27.4175,3.8307,70.21,-4.2,402.01,-28.8128,-41.9271,14.848,1014.78
391574,-5.36585,26.7814,5.39455,70.56,3.22,406.42,-31.4279,-41.4645,14.7445,1014.77
391580,-5.70062,27.4749,4.73936,79.03,26.32,409.36,-32.4739,-39.8608,15.2322,1014.77
391586,-10.6934,29.3878,6.07843,78.89,35.91,415.1,-34.2464,-36.6843,16.3404,1014.77
391592,-13.2329,30.6695,6.15973,73.78,42.77,415.87,-35.9898,-35.6358,14.6263,1014.82
391598,-16.8054,33.1229,4.36633,57.4,55.72,406.56,-38.0238,-33.7546,13.9909,1014.82
391604,-18.967,34.5146,1.97991,28.35,63.63,385.14,-37.617,-31.1023,15.705,1014.78
391610,-21.253,37.5323,-7.8814,-24.71,68.88,349.02,-39.68,-30.3622,15.8084,1014.78
391616,-25.4519,37.2023,-13.0512,-105.07,70,302.12,-40.9585,-29.5912,14.3751,1014.78
391622,-34.1846,22.5347,-8.41702,-147.14,55.65,242.48,-41.1038,-27.5558,12.8975,1014.78
391628,-40.6026,9.00048,-1.01387,-114.24,33.04,187.18,-42.1498,-26.168,13.5772,1014.79
391634,-50.66,-11.0904,9.14873,15.47,3.36,146.23,-42.9344,-26.5689,12.794,1014.79
391640,-53.5677,-3.96461,-0.382592,60.06,-16.03,107.17,-43.4865,-25.5512,14.4342,1014.79
391646,-51.8843,-0.444763,4.39981,115.99,-37.8,63.77,-42.5857,-24.2251,13.4738,1014.82
391652,-46.4132,6.30799,4.58154,143.01,-37.8,3.36,-43.3993,-25.7671,13.9171,1014.82
391658,-37.0971,14.6963,4.31372,147,-37.8,-57.82,-43.2249,-24.9036,14.05,1014.84
391664,25.3802,114.089,67.7714,178.36,-62.3,-374.5,-41.7721,-24.8727,17.0792,1014.84
391670,-41.626,7.60402,20.2965,-106.05,99.4,-332.92,-41.5687,-27.0932,14.9514,1014.81
391676,-7.64228,-15.8537,-2.52989,31.5,-79.31,-322.56,-41.5978,-29.2828,15.0696,1014.81
391682,24.7298,3.49115,-15.7963,-48.79,-27.72,-364.07,-39.3894,-28.8202,15.2617,1014.82
391688,12.5347,16.944,-6.96796,75.95,120.19,-323.33,-38.7211,-31.1023,14.3751,1014.82
391694,4.64371,12.726,4.3759,-89.53,98.84,-318.01,-38.6049,-33.0144,13.6511,1014.82
391700,7.48924,10.4639,3.13247,-20.51,114.87,-342.51,-37.5879,-34.8956,12.9714,1014.85
391706,-1.4682,6.57102,11.253,-13.86,95.55,-353.57,-35.7864,-36.1601,14.4194,1014.85
391712,-3.93113,7.5801,6.18843,3.64,78.26,-333.06,-35.0019,-38.4114,12.0552,1014.83
391718,-6.93926,12.1616,1.8747,1.82,98.28,-332.85,-33.9558,-39.2749,11.6415,1014.83
391724,-13.1803,23.0033,5.60976,-42.28,57.75,-333.2,-32.2705,-38.4422,13.1191,1014.84
391730,-12.7594,24.4668,5.95887,-30.17,37.94,-281.75,-31.2245,-41.9271,11.9222,1014.84
391736,-11.1095,15.275,5.64323,-29.4,-3.15,-243.53,-30.7596,-43.4074,11.0061,1014.8
391742,-7.32664,12.8168,4.4285,-8.82,-43.47,-232.47,-29.452,-43.099,13.5772,1014.8
391748,-2.16164,11.1095,2.39598,-4.62,-46.55,-229.04,-28.8418,-43.3149,12.0996,1014.83
391754,0.73649,11.1143,-0.0908656,5.32,-21.35,-233.8,-27.0403,-44.6718,12.3212,1014.83
391760,-13.0033,23.1181,-13.3572,-32.76,81.13,-116.48,-26.0233,-45.4737,13.8284,1014.83
391766,-20.2152,20.9373,-5.93974,-49.7,47.81,-50.19,-25.6456,-44.7335,12.5724,1014.82
391772,-3.78288,11.1717,2.07556,-82.88,-16.8,-54.04,-25.8199,-46.3372,11.5824,1014.82
391778,4.52415,7.64706,1.89383,-63.35,16.94,-57.12,-25.2969,-46.8923,9.32159,1014.8
391784,-0.0526064,6.33668,3.61549,-26.81,61.32,-49.7,-24.9482,-45.9979,9.89787,1014.8
391790,-4.8924,8.29746,4.69632,-22.82,29.47,-37.38,-25.2097,-45.9054,10.8436,1014.83
391796,-3.68723,9.39263,3.7781,-16.31,0.42,-28.07,-25.4713,-47.2315,8.47934,1014.83
391802,-0.71736,8.14921,2.20947,-2.66,6.02,-24.08,-25.1807,-45.9671,8.8783,1014.81
391808,-1.64993,10.8274,0.406504,-3.71,5.25,-16.59,-24.7158,-46.2755,8.92263,1014.81
391814,-0.679101,10.0287,1.06648,-5.88,-0.07,-15.26,-24.6577,-47.6324,9.33637,1014.81
391820,0.583453,10.2678,-0.210426,-1.75,9.66,-16.1,-24.2218,-45.6895,9.72055,1014.84
391826,-1.18604,10.8082,0.851267,-6.51,2.45,-14.98,-24.309,-46.2755,10.3855,1014.84
391832,-0.420851,9.33525,0.846485,-7.42,-2.73,-16.52,-24.7739,-46.6764,9.27726,1014.83
391838,0.789096,9.95696,1.13343,0,8.05,-20.44,-24.6867,-47.2315,8.55322,1014.83
391844,1.07604,10.043,0.248685,-6.23,-0.7,-15.05,-24.309,-45.6587,9.26248,1014.81
391850,0.23912,11.5399,0.243902,3.64,2.8,-16.03,-23.9312,-47.139,9.15905,1014.81
391856,-0.970827,9.42133,1.92252,3.22,-0.63,-19.81,-24.5705,-47.91,9.11472,1014.84
391862,-0.545194,10.067,1.10952,-0.14,-3.43,-13.51,-23.8441,-46.0905,9.92742,1014.84
391868,-0.344333,10.1961,0.860832,1.75,-7.77,-13.37,-23.9603,-46.954,8.96696,1014.84
391874,-0.191296,10.3682,0.229555,-3.08,-4.48,-18.48,-24.6577,-48.095,7.85873,1014.83
391880,-0.406504,10.2009,0.564323,-3.36,-8.4,-17.99,-24.2218,-47.6941,9.57279,1014.83
391886,0.095648,9.78479,0.645624,-4.83,-7.14,-13.58,-23.4373,-46.6764,10.1786,1014.83
391892,-0.0860832,10.0717,0.549976,-4.97,-7.21,-15.47,-23.0014,-47.7558,9.76488,1014.83
391898,-0.215208,10.0239,0.569106,-3.92,-9.52,-13.58,-23.3792,-47.725,9.39547,1014.85
391904,-0.109995,10.1243,0.468675,-5.81,-10.78,-16.03,-23.4954,-46.954,9.55801,1014.85
391910,0.707795,10.2009,-0.0813008,-7.35,-7.84,-18.62,-22.6237,-46.8923,9.33637,1014.84
391916,0.420851,9.89957,0.277379,-7.91,-4.06,-18.76,-23.292,-47.9408,8.28724,1014.84
391922,-0.382592,10.4687,0.411286,-11.69,-7.98,-16.94,-23.2629,-47.7558,9.20338,1014.83
391928,-0.167384,9.5648,0.731707,-11.34,-6.44,-17.29,-23.0014,-47.4782,10.2821,1014.83
391934,-0.133907,10.2726,0.234338,-15.82,-2.52,-16.66,-22.6237,-48.5885,8.50889,1014.83
391940,-0.0286944,9.81827,0.349115,-17.64,0.63,-15.68,-23.4373,-47.7558,10.6662,1014.81
391946,-0.554758,10.5739,0.774749,-17.99,0.21,-14,-22.5656,-47.5091,9.11472,1014.81
391952,-0.291726,10.2678,-0.205643,-22.47,2.8,-15.75,-23.1467,-47.8175,8.73053,1014.83
391958,0.11956,11.2195,-0.368245,-24.78,-0.14,-15.75,-22.9433,-48.095,8.9374,1014.83
391964,-0.124342,10.2917,-0.153037,-27.02,1.47,-35.84,-22.769,-47.3549,9.33637,1014.83
391970,0.0860832,10.8274,-0.114778,-28.77,-2.66,-19.67,-22.9143,-48.8044,8.36112,1014.83
391976,-0.306074,9.95218,0.875179,-29.54,-4.69,-19.81,-22.5075,-49.7912,7.44499,1014.84
391982,0.191296,10.373,0.320421,-32.13,-2.73,-22.05,-21.8973,-47.8792,8.6271,1014.84
391988,-0.879962,9.87087,1.92731,-31.5,-2.94,-20.86,-21.8101,-49.2669,8.47934,1014.84
391994,-1.03778,10.067,1.12386,-34.02,1.47,-17.71,-22.4493,-49.8221,7.37111,1014.78
392000,-0.186514,9.78001,1.20995,-29.05,0.42,-23.03,-22.1007,-48.9277,8.36112,1014.78
392006,-1.05691,9.64132,1.62123,-29.89,-1.61,-20.86,-21.6067,-48.6193,7.37111,1014.82
392012,-0.473458,10.2391,1.00909,-25.9,-8.68,-18.48,-21.0256,-49.8837,7.07558,1014.82
392018,-0.0286944,10.8513,0.674318,-31.36,-8.75,-25.2,-21.781,-49.637,6.83915,1014.83
392024,-0.961262,8.78049,1.17169,-34.02,-9.66,-23.45,-21.2871,-48.8969,6.83915,1014.83
392030,0.0382592,10.1722,1.09039,-27.51,-7.42,-23.03,-21.2871,-49.6062,6.97214,1014.83
392036,-0.516499,9.76566,1.20516,-29.47,-11.06,-25.55,-20.2991,-49.9146,6.38109,1014.83
392042,-1.6021,9.36872,2.13295,-20.86,-11.9,-26.39,-21.1999,-49.2053,8.24291,1014.83
392048,0.344333,10.4687,1.72645,-20.79,-10.22,-31.64,-21.7229,-48.9277,7.79962,1014.79
392054,-0.181731,10.3539,3.61549,-15.68,-12.6,-31.99,-21.0256,-50.5622,6.20377,1014.79
392060,0.11956,10.5213,0.93735,-18.69,-3.71,-37.8,-21.4905,-48.3726,6.63228,1014.82
392066,-1.22908,9.79436,1.65949,-22.12,-9.73,-40.39,-21.1999,-50.0688,6.83915,1014.82
392072,0.439981,8.87613,1.33907,-15.54,-8.54,-40.32,-20.8803,-50.8398,5.77525,1014.8
392078,-0.803443,9.20612,2.92205,-8.75,-8.89,-39.9,-19.9214,-50.5314,5.30241,1014.8
392084,-0.769966,9.33046,2.96509,-9.45,-6.93,-37.24,-20.5897,-49.7912,6.57318,1014.83
392090,0.282162,9.34959,2.1186,-8.19,-1.75,-41.65,-19.7471,-50.4389,7.20856,1014.83
392096,0.21999,8.97657,3.02248,-2.38,1.19,-42,-19.7761,-51.6725,5.36151,1014.83
392102,-0.0047824,9.93304,2.52989,-0.56,-0.56,-45.64,-18.9625,-50.5005,6.14466,1014.83
392108,0.93735,10.483,1.97035,-2.1,6.02,-51.52,-19.3112,-49.7912,6.18899,1014.83
392114,0.726925,10.1578,1.90818,6.23,10.15,-53.55,-18.9335,-51.1482,5.50928,1014.84
392120,-0.0908656,10.8417,2.19034,8.47,5.74,-58.52,-18.9916,-50.4389,6.12989,1014.84
392126,1.15256,10.043,1.52559,11.27,4.41,-62.16,-18.4105,-50.6547,6.79483,1014.8
392132,0.277379,10.3443,1.96557,15.82,11.62,-70.77,-17.5097,-52.0734,6.72094,1014.8
392138,0.071736,12.176,1.86514,21.21,7,-75.25,-17.2482,-52.4126,5.70137,1014.82
392144,-0.176949,11.3534,1.10952,19.67,2.59,-82.25,-17.3354,-50.6856,6.27765,1014.82
392150,0.492587,13.1181,0.526064,21.42,3.92,-89.39,-17.5678,-52.6285,6.5584,1014.82
392156,0.0191296,12.836,1.33907,16.73,0.63,-97.44,-16.3474,-52.3201,6.72094,1014.82
392162,0.363462,11.9512,1.46341,22.26,0.35,-103.88,-16.0569,-51.4257,6.72094,1014.82
392168,0.109995,12.4773,1.81253,20.86,-0.77,-111.65,-15.9116,-52.135,5.90824,1014.82
392174,0.114778,13.2472,2.08034,21.28,0.56,-119.28,-14.2553,-53.5228,5.2433,1014.82
392180,0.516499,13.7398,1.4395,19.81,1.47,-128.38,-13.9938,-53.6154,7.28245,1014.82
392186,0.37781,12.3338,1.77427,21.07,1.68,-138.88,-13.2093,-52.2584,6.67661,1014.82
392192,1.16691,12.7834,2.39598,20.72,8.54,-145.81,-13.1221,-54.4172,6.95737,1014.8
392198,0.396939,12.6829,3.98852,31.43,9.94,-152.88,-12.4538,-54.0163,6.29243,1014.8
392204,0.870397,13.1755,3.04161,34.23,10.01,-164.99,-11.9308,-53.2144,7.66663,1014.85
392210,0.961262,13.8642,1.93209,38.99,12.67,-177.73,-11.0591,-54.3247,7.11991,1014.85
392216,0.382592,14.3855,1.47298,40.95,9.17,-188.65,-9.05418,-54.9723,6.73572,1014.83
392222,0.35868,16.0163,0.0908656,38.57,9.45,-202.09,-8.76361,-54.078,8.89307,1014.83
392228,0.793878,14.9354,1.20038,39.62,4.13,-217.98,-7.92096,-53.8312,7.85873,1014.83
392234,1.73601,17.0684,0.879962,43.33,9.45,-233.24,-6.03227,-55.7741,7.20856,1014.79
392240,1.73601,18.8283,0.196078,37.59,3.57,-256.2,-5.30586,-56.0517,7.44499,1014.79
392246,1.38211,20.5069,-1.93209,31.92,2.24,-278.74,-4.14358,-54.8489,7.96216,1014.81
392252,2.28599,20.8226,-3.14682,23.52,-7.84,-302.68,-1.96433,-56.3293,8.46456,1014.81
392258,3.07987,21.5447,-2.68771,16.59,-8.12,-328.23,-0.279033,-55.99,9.45458,1014.79
392264,3.99809,22.5921,0.21999,9.45,-11.13,-352.87,1.46437,-55.7125,9.76488,1014.79
392270,5.06934,24.3137,2.92683,12.6,1.05,-378.49,3.81797,-56.0209,9.49891,1014.78
392276,7.15925,26.3367,3.58202,7.07,13.02,-414.75,6.02629,-56.2059,10.223,1014.78
392282,4.6198,26.2745,2.17121,6.72,19.74,-453.46,7.27573,-54.6947,9.70578,1014.78
392288,3.4768,26.5423,1.15256,-0.14,17.85,-479.22,9.36781,-55.1265,11.0357,1014.78
392294,3.62506,29.5074,1.25777,-6.02,22.26,-494.76,13.029,-55.6508,10.0013,1014.78
392300,-1.05691,23.2472,1.6308,10.22,29.61,-518.21,14.4527,-54.3555,9.17383,1014.82
392306,-1.81731,26.0402,1.77427,38.78,-0.07,-524.58,17.0388,-52.8135,10.223,1014.82
392312,-0.277379,32.0851,1.15256,20.93,-2.38,-522.97,20.7871,-53.0294,9.46935,1014.74
392318,1.90818,30.7604,2.41989,10.29,-10.5,-531.93,23.3732,-51.4566,9.80921,1014.74
392324,0.454328,32.2142,-1.78862,14.14,-9.45,-522.48,24.3321,-49.2361,11.5233,1014.77
392330,4.7824,35.4902,-6.25538,-23.52,-25.06,-519.12,27.8189,-48.6193,10.5628,1014.77
392336,5.19847,28.4601,-4.73936,-44.1,-20.09,-493.43,30.6955,-47.6941,10.6219,1014.77
392342,5.4615,23.2664,-2.38642,-44.59,-37.66,-472.71,31.9449,-45.1344,11.0504,1014.76
392348,9.2109,13.5485,-3.72549,-36.61,-82.25,-451.57,33.2234,-43.9008,9.76488,1014.76
392354,13.3381,2.57771,-7.78575,-31.01,-93.1,-394.94,37.1751,-42.8214,9.3807,1014.74
392360,14.2324,-11.5495,-11.7934,-17.43,-79.87,-347.97,37.5529,-41.4645,10.223,1014.74
392366,2.21903,-10.2104,-11.5686,32.41,43.89,-219.66,37.7853,-40.2617,10.3116,1014.73
392372,-20.8369,13.6968,4.30416,-0.28,-46.13,-46.76,39.5287,-40.2309,9.691,1014.73
392378,0.57867,8.97657,2.03252,10.92,-60.48,72.87,39.674,-39.7375,9.23293,1014.72
392384,8.19703,8.02009,-1.41559,41.02,10.57,176.54,38.3955,-40.1075,10.09,1014.72
392390,10.6504,11.4156,-2.60163,12.32,-1.75,244.86,38.2212,-41.1253,10.5924,1014.74
392396,14.3568,12.7786,-5.33238,-3.64,36.12,273.91,37.4076,-42.7598,9.95698,1014.74
392402,10.4591,14.1081,-2.72119,-31.01,37.59,282.24,35.3155,-43.284,9.29204,1014.74
392408,10.3682,11.9895,-2.13295,-44.8,45.5,288.12,33.4268,-44.2401,9.95698,1014.75
392414,8.67049,8.27355,-0.669536,-55.51,48.79,286.02,35.054,-46.0596,9.24771,1014.75
392420,8.12052,6.02582,-1.21951,-56.84,44.45,278.81,31.3638,-46.4914,9.4398,1014.74
392426,7.65662,3.05117,-1.5495,-54.39,47.25,274.89,30.2015,-47.5399,9.97175,1014.74
392432,6.05452,1.31994,-0.851267,-45.01,42.56,276.01,29.8819,-48.4034,8.78964,1014.72
392438,5.4615,0.573888,-1.30081,-35.98,41.09,275.03,28.7777,-49.1744,10.223,1014.72
392444,4.21329,0.765184,-0.626494,-24.85,32.62,276.36,26.2207,-48.9277,9.02606,1014.71
392450,3.6681,1.70253,-1.0043,-11.97,27.16,284.27,25.5524,-50.7164,8.56799,1014.71
392456,2.7451,2.49641,-0.741272,-3.78,19.74,294.35,24.7098,-52.1042,8.19858,1014.71
392462,2.07556,3.7494,-0.655189,-0.14,11.62,308.49,22.5596,-52.135,10.2673,1014.69
392468,2.12339,5.0263,-1.11908,1.61,4.34,324.52,20.5837,-52.6593,10.0309,1014.69
392474,1.74558,5.82018,-1.01387,-1.54,-3.64,338.45,20.0026,-53.7387,8.22814,1014.65
392480,1.24342,6.58536,-1.19082,-5.46,-10.99,353.01,17.5909,-53.7696,8.70098,1014.65
392486,0.655189,6.94404,-0.93735,-5.67,-20.37,365.54,15.9056,-54.0471,8.8783,1014.61
392492,0.57867,6.60449,-0.306074,-2.94,-31.36,372.82,14.3075,-55.2499,7.53365,1014.61
392498,0.808226,6.40363,0.33955,3.43,-39.62,378.63,12.7965,-55.3424,7.35633,1014.65
392504,1.4682,6.1693,0.373027,12.04,-45.43,383.18,9.86178,-55.034,8.15425,1014.65
392510,1.99904,6.56624,0.822573,20.79,-51.59,387.31,7.18856,-56.2367,8.44978,1014.65
392516,2.70206,6.88666,0.784314,29.05,-51.24,388.15,6.63648,-56.8227,6.32198,1014.66
392522,3.08465,8.37877,0.961262,36.05,-52.22,387.94,3.87608,-55.0031,6.4993,1014.66
392528,3.17551,10.8465,1.2769,40.74,-52.92,386.26,2.24891,-55.3732,7.63708,1014.71
392534,3.37159,11.4921,1.14778,41.3,-50.12,384.93,0.650783,-56.1442,7.59275,1014.71
392540,2.5825,13.3477,1.42994,41.02,-50.26,384.86,-2.66169,-54.9723,8.25769,1014.75
392546,2.066,14.0746,1.58776,42.7,-44.31,386.68,-4.17264,-54.4172,8.56799,1014.75
392552,1.62602,15.3945,1.56384,38.08,-45.08,388.85,-5.88699,-55.3115,9.29204,1014.76
392558,1.31516,15.978,1.53993,35.42,-44.17,392.91,-8.41493,-54.5405,8.24291,1014.76
392564,1.1143,16.7623,1.78384,33.74,-42.49,396.48,-10.3036,-52.7518,9.52846,1014.78
392570,1.21473,15.7963,2.48685,34.93,-41.51,397.95,-11.4659,-52.8444,8.67143,1014.78
392576,0.631277,18.9909,1.9034,33.18,-36.82,401.8,-13.7033,-53.3378,8.95218,1014.78
392582,0.545194,18.9813,1.62123,28.49,-34.79,398.86,-15.7082,-50.9631,9.691,1014.75
392588,1.01387,20.3491,2.09947,40.53,-22.33,403.13,-17.7131,-49.8837,11.3164,1014.75
392594,-0.703013,21.846,2.99856,47.46,-17.85,402.01,-19.6599,-50.5622,9.73533,1014.75
392600,-1.22908,23.7924,2.6351,49.28,-9.87,403.06,-22.2169,-48.095,10.6071,1014.75
392606,-1.53037,24.3711,3.24247,56.49,-1.54,401.24,-23.5244,-46.5839,10.6958,1014.75
392612,-3.80201,26.4132,2.14252,56.7,7.28,407.47,-25.4713,-46.6147,10.9913,1014.75
392618,-3.56289,28.2401,3.62028,56.77,20.51,412.93,-27.1275,-44.641,11.2721,1014.75
392624,-6.87709,30.5882,3.18508,54.95,26.11,417.97,-28.8128,-41.9579,11.5381,1014.75
392630,-8.37877,31.3582,3.19464,48.37,25.48,422.59,-30.7305,-41.4028,11.2425,1014.75
392636,-12.3912,31.9321,3.28073,39.06,32.27,434.35,-33.6362,-40.2309,10.09,1014.77
392642,-14.2516,31.9608,3.03682,30.73,28.21,437.64,-34.6241,-37.7637,10.681,1014.77
392648,-16.5567,31.0521,3.3429,21.77,35.35,432.18,-35.583,-36.0059,11.0652,1014.79
392654,-18.7327,30.8034,3.25681,10.64,35.84,413.63,-38.0528,-35.6666,10.223,1014.79
392660,-20.7365,29.6891,2.70206,-2.59,38.36,383.11,-38.6049,-32.5826,10.8288,1014.79
392666,-23.0751,29.9474,-1.41081,-20.93,39.48,341.95,-40.3483,-30.2697,9.85354,1014.79
392672,-24.5959,30.77,-6.92492,-59.29,31.57,289.45,-41.3362,-29.9304,10.6662,1014.78
392678,-29.8852,27.121,-13.1516,-111.58,21,236.11,-41.6849,-28.851,10.4446,1014.78
392684,-34.8685,17.3123,-8.98135,-131.46,1.12,187.67,-42.4695,-26.4147,10.1934,1014.78
392690,-42.1425,-3.62984,5.98757,-65.94,-30.03,141.47,-43.6608,-26.9081,10.0752,1014.78
392696,-44.0794,-5.07891,2.51554,20.23,-49,108.36,-43.748,-26.7231,7.59275,1014.78
392702,-45.6289,-1.65471,2.52511,75.11,-77.98,79.59,-42.9053,-25.3661,9.11472,1014.83
392708,-40.9134,2.3099,3.05117,115.57,-73.08,43.68,-43.0506,-24.7802,9.26248,1014.83
392714,-38.9192,10.3252,4.32329,132.86,-75.25,5.81,-43.8642,-25.7054,10.1047,1014.83
392720,-35.2367,14.8063,3.35246,126.49,-67.76,-36.05,-43.8351,-24.4101,10.8879,1014.83
392726,-27.4749,18.5892,2.42946,96.46,-54.39,-74.2,-43.1087,-24.8419,12.5576,1014.84
392732,-25.0167,20.0861,3.2616,76.93,-47.81,-109.06,-42.76,-25.397,11.5824,1014.84
392738,-22.0086,19.2635,3.43855,12.25,18.83,-147.35,-42.6147,-25.397,12.0404,1014.85
392744,21.4682,99.2683,76.4514,159.67,-186.2,-325.85,-41.6559,-26.4764,14.2274,1014.85
392750,-6.06887,-13.7064,13.4194,-155.96,-19.32,-240.73,-40.8423,-28.7277,13.1339,1014.85
392756,22.1425,-11.7264,-20.5165,51.87,-71.96,-244.93,-40.5517,-29.4678,12.8236,1014.82
392762,21.3199,12.5681,-9.42611,-26.25,45.08,-281.68,-39.7091,-30.0538,13.2669,1014.82
392768,18.0057,17.2884,-2.54424,-91.14,64.19,-294.07,-38.8374,-31.8733,13.2817,1014.8
392774,12.396,2.88379,-0.927786,-94.43,125.86,-330.19,-37.8494,-34.2172,11.8336,1014.8
392780,7.83835,4.16547,4.39981,-51.45,168.21,-345.73,-37.3264,-35.4816,11.2573,1014.84
392786,-3.25681,8.93352,7.5801,-51.59,156.1,-337.89,-36.3966,-36.1909,11.6119,1014.84
392792,-7.21664,4.00765,11.6069,-20.02,117.39,-335.86,-34.8566,-38.3188,10.2673,1014.83
392798,-12.7881,12.8407,10.7461,5.81,86.8,-311.36,-33.6071,-39.2132,9.60234,1014.83
392804,-21.0808,19.187,7.74271,-15.75,48.51,-264.04,-31.486,-39.4599,9.88309,1014.83
392810,-15.9541,21.3773,4.13199,-17.92,-16.24,-231.84,-31.6313,-40.7552,10.0752,1014.84
392816,-4.74892,13.0655,3.84983,-21.98,-64.68,-208.88,-30.6434,-43.0065,9.17383,1014.84
392822,-0.430416,11.2339,2.1186,1.4,-63.21,-197.82,-30.1785,-41.8654,10.0161,1014.82
392828,4.4572,10.9852,-2.05165,1.19,-16.31,-211.54,-28.5513,-43.1298,9.85354,1014.82
392834,-1.53037,16.968,-5.76279,8.61,84.21,-182.49,-27.7958,-44.3634,9.70578,1014.81
392840,-16.8627,17.0875,-5.33716,-23.17,85.05,-78.89,-28.2026,-44.7027,9.15905,1014.81
392846,-14.4859,16.8484,0.473458,-63.98,12.18,-51.45,-27.7377,-43.4999,8.52366,1014.8
392852,2.08513,7.39837,3.49115,-59.43,-29.05,-54.53,-26.5754,-45.597,7.34155,1014.8
392858,5.42324,7.45098,0.97561,-33.18,27.3,-53.06,-26.9531,-45.1344,7.03125,1014.8
392864,-2.61119,9.06265,2.83596,-14,39.34,-44.52,-26.6626,-44.3634,7.63708,1014.83
392870,-6.70014,9.2922,5.05021,-9.24,4.2,-26.81,-27.5924,-44.9185,8.86352,1014.83
392876,-1.31994,8.60354,2.7977,-2.94,-4.97,-19.11,-26.9531,-46.4297,6.92781,1014.84
392882,-0.21999,9.33046,0.540411,3.71,0.28,-16.45,-26.6626,-44.8877,7.16424,1014.84
392888,1.12386,11.7264,-1.8747,-10.85,-2.73,-16.94,-26.372,-45.1036,7.57797,1014.85
392894,1.90818,10.2009,-1.033,-10.43,9.03,-17.57,-26.6626,-47.1082,7.45976,1014.85
392900,-1.04735,10.0526,2.2286,-7.21,2.94,-18.27,-26.4301,-45.8129,7.13468,1014.81
392906,-1.16212,10.153,2.01817,-6.16,-5.11,-16.45,-27.0694,-45.2578,8.56799,1014.81
392912,0.593018,9.6748,0.535629,-7.07,-1.61,-14.56,-26.4592,-46.4914,7.57797,1014.79
392918,1.09995,11.1047,-0.282162,-7.14,1.47,-19.95,-26.2267,-46.6764,7.34155,1014.79
392924,-0.0047824,10.4974,1.26734,-6.72,-0.98,-35.07,-26.1686,-45.7512,8.19858,1014.79
392930,-0.0908656,10.3348,1.15256,-7.98,-1.12,-18.48,-26.4011,-46.183,7.10513,1014.81
392936,0.0860832,10.0813,1.31994,-6.65,-3.08,-15.61,-26.3139,-46.5839,7.22334,1014.81
392942,0.353898,10.33,0.626494,-4.9,-1.96,-14.84,-26.0524,-45.2886,8.44978,1014.84
392948,0,10.263,0.707795,-5.6,-3.15,-18.48,-25.7328,-46.6764,7.01647,1014.84
392954,0.0334768,10.3395,0.483022,-6.37,-3.71,-17.5,-26.1686,-48.4343,6.73572,1014.8
392960,0.0621712,10.0096,0.93735,-5.81,-4.76,-15.12,-26.1686,-46.6456,7.57797,1014.8
392966,0.21999,9.54089,1.17169,-3.92,-3.29,-16.8,-25.1516,-45.8746,7.07558,1014.82
392972,-0.124342,9.48828,1.5208,-0.98,-5.32,-16.38,-25.2679,-47.2315,6.41064,1014.82
392978,0.315638,9.44046,1.18125,1.96,-6.65,-15.19,-24.8901,-47.1698,6.08556,1014.82
392984,-0.0191296,9.60306,1.31994,1.96,-5.6,-17.85,-24.7448,-45.7204,7.312,1014.84
392990,-0.0286944,9.86131,0.693448,2.17,-4.76,-16.52,-25.4713,-47.139,7.04602,1014.84
392996,-0.095648,9.88044,0.569106,1.68,-5.18,-17.01,-25.1226,-47.6016,6.33676,1014.83
393002,-0.13869,10.1817,0.234338,-2.03,-4.41,-14.7,-25.5294,-46.2755,7.53365,1014.83
393008,0.0191296,10.2009,-0.023912,-6.37,-2.87,-14.21,-25.878,-45.7821,8.16903,1014.85
393032,0.0286944,10.4543,-0.899091,-22.96,4.76,-13.58,-24.3671,-46.9848,7.03125,1014.81
393038,-0.650406,10.3587,0.0860832,-26.81,-0.21,-13.37,-25.5294,-48.6502,5.00688,1014.86
393044,0,10.1387,0.114778,-28.21,0.7,-13.72,-24.309,-46.183,7.0017,1014.86
393050,-0.344333,10.2487,0.291726,-29.96,-1.96,-13.79,-24.0184,-47.139,5.7457,1014.83
393056,-0.224773,9.61741,0.688666,-32.27,-3.15,-14.56,-24.8029,-47.8792,6.2481,1014.83
393062,-0.0669536,10.4782,0.329986,-34.16,-1.33,-15.75,-24.3671,-47.5708,6.32198,1014.83
393068,-0.387374,10.1674,1.0043,-36.12,-5.25,-16.66,-24.7448,-47.324,6.11511,1014.83
393074,-0.071736,10.0526,0.946915,-36.19,-4.48,-17.29,-24.2509,-48.3109,4.90345,1014.83
393080,-0.176949,10.0383,0.913438,-37.8,-6.79,-17.99,-23.5535,-47.725,4.29761,1014.83
393086,-0.851267,9.36394,1.53037,-38.36,-9.66,-17.78,-24.2799,-47.2007,5.96735,1014.84
393092,-0.267814,9.42611,1.04256,-36.05,-8.82,-22.47,-24.7739,-48.2184,3.89865,1014.84
393098,-0.516499,9.45481,1.45385,-36.75,-10.64,-16.52,-24.832,-48.7735,3.98731,1014.84
393104,-0.411286,9.85653,1.09517,-39.69,-13.37,-17.29,-24.2218,-46.954,4.54881,1014.83
393110,-0.35868,9.19177,1.23386,-36.75,-14.42,-21.91,-23.7278,-49.0511,4.65225,1014.83
393116,-0.454328,9.78957,1.74558,-34.02,-16.45,-21.98,-23.0305,-48.6502,3.42581,1014.82
393122,-0.0621712,9.63654,1.04256,-33.32,-16.8,-21,-23.8731,-47.139,3.79522,1014.82
393128,-0.0143472,9.30655,1.05213,-32.83,-17.78,-22.96,-23.8731,-48.095,4.3715,1014.82
393134,-0.860832,9.14873,1.9847,-29.47,-20.44,-22.54,-23.2048,-48.9586,3.91343,1014.82
393140,0.626494,9.54567,0.966045,-28.84,-18.48,-25.06,-23.4663,-48.7735,4.41582,1014.84
393146,-0.659971,9.20612,2.5012,-25.48,-18.9,-25.41,-23.1758,-47.9408,3.70656,1014.84
393152,-0.133907,8.98135,1.74079,-25.97,-15.4,-27.09,-22.8852,-50.0688,3.6179,1014.84
393158,0.11956,10.0813,1.48733,-26.39,-16.66,-29.82,-23.0595,-49.4212,3.6179,1014.81
393164,0.621712,10.1052,1.89861,-25.27,-15.61,-33.95,-23.0886,-48.7427,3.88387,1014.81
393170,0.726925,9.68436,2.00383,-21.21,-13.3,-32.97,-23.0595,-49.2053,4.01686,1014.83
393176,0.21999,11.0713,3.01291,-20.86,-9.66,-37.31,-22.0426,-49.8529,3.52924,1014.83
393182,1.28647,11.7838,4.26112,-13.23,-5.67,-45.08,-21.6358,-48.5576,3.89865,1014.84
393188,1.29125,10.9039,4.45241,-6.09,-3.43,-52.08,-21.5776,-48.9894,4.31239,1014.84
393194,-0.109995,10.8513,3.92157,-1.19,-1.82,-55.3,-20.8803,-49.9146,2.99729,1014.83
393200,-0.879962,10.4017,4.45241,3.99,-1.75,-58.38,-20.4444,-50.2538,4.32717,1014.83
393206,1.03778,11.1143,1.53993,7.77,2.45,-65.31,-20.5316,-49.3286,3.72133,1014.83
393212,0.5978,11.7982,2.68771,-1.82,-0.91,-75.74,-19.7471,-50.8398,3.21894,1014.83
393218,1.53515,10.9326,2.3099,10.15,7,-79.94,-20.241,-50.2847,3.677,1014.83
393224,1.00909,11.3582,2.43902,13.58,5.88,-86.03,-19.5727,-49.0202,3.85432,1014.85
393230,1.12865,12.3577,1.53037,13.3,5.25,-93.87,-19.4565,-50.0688,3.76566,1014.85
393236,1.06169,13.0225,1.7934,9.59,7.84,-102.62,-18.7591,-52.4743,2.92341,1014.82
393242,1.97991,12.6638,1.82688,12.46,10.29,-109.34,-17.6259,-49.9763,3.76566,1014.82
393248,0.841702,12.6208,2.74988,9.59,10.92,-119.35,-18.0908,-50.6239,4.59314,1014.82
393254,1.75992,12.5586,2.54424,14.42,15.54,-127.05,-16.6089,-52.6902,2.8643,1014.82
393260,0.741272,12.396,3.50072,20.3,16.1,-134.68,-15.9987,-51.6108,5.45017,1014.82
393266,1.64993,13.2138,2.4725,25.34,19.95,-161.07,-15.7372,-51.8267,4.82956,1014.82
393272,0.989957,14.3663,2.41033,27.09,17.01,-157.64,-14.4878,-52.8444,4.29761,1014.82
393278,0.999522,14.9211,1.23864,31.29,17.01,-170.24,-13.9648,-53.2453,4.20896,1014.83
393284,0.679101,15.495,1.29125,29.19,12.04,-184.52,-13.7614,-51.8267,4.94778,1014.83
393290,1.29125,16.5088,0.569106,30.03,10.08,-198.38,-12.3957,-53.3995,3.94298,1014.82
393296,1.88905,17.1879,0.81779,30.8,9.59,-216.93,-10.7976,-54.4172,4.20896,1014.82
393302,1.78384,20.3204,0.0334768,28.42,5.88,-234.99,-10.1874,-53.1528,5.03643,1014.81
393308,3.13725,20.1578,-1.0856,18.2,2.03,-258.16,-9.02512,-54.2322,5.1842,1014.81
393314,2.57293,19.4118,-2.30033,14.42,5.04,-279.02,-7.45606,-55.219,5.05121,1014.81
393320,1.76949,20.2248,-2.19034,9.03,-3.22,-301.28,-5.53831,-54.3555,5.67182,1014.81
393326,3.36681,23.7877,-2.73075,0.63,-5.32,-324.8,-4.75378,-54.448,5.83436,1014.81
393332,4.33764,25.5906,-1.88427,-11.97,-7.28,-353.43,-2.45829,-56.6685,5.1842,1014.79
393338,5.17456,26.3462,0.626494,-20.37,-1.26,-386.89,-0.831112,-56.761,5.86391,1014.79
393344,6.63319,22.3529,4.61502,-9.31,-2.59,-420.7,1.3772,-55.9592,5.73092,1014.76
393350,6.28886,20.3922,5.31803,15.89,12.39,-449.89,4.10854,-56.1751,5.47973,1014.76
393356,3.43855,26.3749,2.96987,25.34,17.15,-477.54,6.69459,-56.0517,4.44538,1014.77
393362,3.099,29.0961,-0.0669536,12.74,6.02,-505.26,8.78668,-54.9415,5.50928,1014.77
393368,6.12625,27.231,-0.176949,-5.74,2.59,-521.57,11.9248,-54.6639,5.84914,1014.77
393374,-0.344333,25.7054,3.7494,23.87,22.19,-520.45,15.7894,-55.7125,5.05121,1014.77
393380,2.45815,28.8427,-0.263032,15.19,-26.25,-521.29,18.0267,-53.8004,5.36151,1014.77
393386,5.23195,25.5141,0.870397,16.59,-13.09,-528.08,19.7411,-51.5491,5.77525,1014.76
393392,-1.34385,27.3171,1.18604,20.02,-25.76,-513.45,23.1407,-52.2892,6.91304,1014.76
393398,0.69823,30.3539,-3.07987,5.67,-39.97,-504.63,25.349,-51.2407,6.01168,1014.75
393404,6.70493,24.0507,-4.24677,-9.17,-57.4,-487.2,27.1506,-49.1744,7.04602,1014.75
393410,6.35581,20.1769,-4.5911,-7.84,-52.22,-460.18,30.2596,-47.725,7.03125,1014.75
393416,5.20803,15.3898,-2.39598,-8.33,-94.22,-437.99,31.6253,-47.2932,6.60273,1014.75
393422,11.5447,7.3362,-3.76375,-2.8,-117.67,-391.09,33.6593,-44.641,7.25289,1014.78
393428,13.2281,-5.50454,-10.6695,-6.16,-88.76,-344.61,35.1412,-43.9934,7.03125,1014.78
393434,-3.54854,-9.35916,-6.25538,38.22,16.03,-212.8,37.1461,-43.1298,5.62749,1014.74
393440,-16.2267,12.1186,2.63988,-6.09,-90.02,-53.55,36.4197,-41.8346,6.82438,1014.74
393446,6.50885,4.32807,0.454328,15.82,-71.19,45.36,35.8385,-41.6495,6.92781,1014.74
393452,8.74223,6.67145,-1.57341,45.92,-2.59,127.82,36.8265,-42.328,5.22853,1014.78
393458,7.47011,9.62697,-0.406504,28.77,-16.73,180.67,36.4487,-42.914,6.83915,1014.78
393464,13.8833,8.03443,-3.30464,30.17,21,202.51,34.7634,-43.5308,6.41064,1014.72
393470,11.1286,8.97178,-1.84122,21.56,25.9,210.7,34.7053,-44.7335,6.15944,1014.72
393476,10.5739,7.22142,-1.58776,18.76,38.08,208.32,34.2985,-45.5662,6.18899,1014.75
393482,9.74175,6.10713,-1.23864,19.53,43.12,201.53,32.497,-45.6279,7.77007,1014.75
393488,7.934,4.22764,-1.83644,15.96,42.84,196.42,30.5793,-46.4297,6.39586,1014.79
393494,7.06839,2.52511,-1.76949,21.21,48.3,195.02,32.497,-47.5091,7.17901,1014.79
393500,6.088,2.33859,-1.78384,21.14,46.2,196.21,29.4751,-48.496,8.13948,1014.79
393506,4.76805,1.956,-1.64993,24.22,43.26,198.73,27.5574,-47.91,7.8144,1014.78
393512,3.98374,2.21425,-1.68819,27.44,39.55,203.91,28.0513,-49.5137,7.19379,1014.78
393518,2.80249,2.88379,-1.24342,28.56,31.15,211.68,26.6856,-50.3463,6.15944,1014.71
393524,2.41511,3.00813,-1.60689,31.22,25.34,223.02,25.3781,-49.6679,8.52366,1014.71
393530,1.3056,3.43376,-1.15256,32.34,17.43,236.18,24.9713,-50.5314,6.85393,1014.7
393536,0.913438,3.57245,-1.04735,33.04,7.77,251.79,23.9253,-51.6416,6.85393,1014.7
393542,0.784314,3.56289,-0.85605,36.33,-1.4,271.32,22.5015,-51.4566,8.27247,1014.7
393548,0.789096,3.73984,-0.545194,41.58,-11.48,288.33,20.9324,-51.6416,6.94259,1014.7
393554,1.09517,3.84983,-0.0143472,46.9,-22.4,303.87,20.7871,-53.1528,7.82917,1014.7
393560,1.48254,3.89287,0.13869,53.97,-28.28,318.64,17.5328,-53.5228,8.68621,1014.69
393566,2.01817,4.59589,0.588235,60.2,-33.46,329.35,15.615,-53.5537,9.30681,1014.69
393572,2.17599,4.94978,1.16691,67.55,-36.89,338.59,15.1211,-55.1882,8.64188,1014.7
393578,2.47728,5.93496,1.5208,71.75,-39.55,347.76,12.6803,-55.8358,8.61232,1014.7
393584,2.93639,6.60449,1.6834,75.25,-39.2,355.25,10.4429,-54.4789,9.80921,1014.7
393590,3.41942,8.0153,2.07078,75.11,-37.52,359.73,9.36781,-54.9106,10.09,1014.7
393596,3.62506,8.59876,2.09469,77.42,-31.99,366.03,7.71158,-56.0209,8.80442,1014.74
393602,3.20899,9.94739,2.16643,67.9,-31.57,369.74,5.82289,-54.9415,10.1047,1014.74
393608,2.89813,10.5835,2.44381,66.78,-30.73,374.15,3.70174,-54.6022,10.8879,1014.73
393614,2.51554,11.7408,2.53945,62.44,-24.29,375.83,2.01645,-55.8358,10.1638,1014.73
393620,2.01817,12.8168,2.65901,59.78,-26.04,376.6,-0.0175235,-54.9415,10.8583,1014.73
393626,1.02343,14.065,2.73075,57.89,-25.34,379.4,-2.31301,-53.5537,11.5676,1014.72
393632,-0.114778,14.878,3.11334,56,-27.72,379.54,-4.23076,-55.0957,11.213,1014.72
393638,-0.444763,15.495,3.03204,55.09,-30.73,378.77,-6.41001,-54.7873,11.2573,1014.72
393644,-0.45911,15.1459,3.51985,62.09,-31.36,376.18,-8.82172,-53.0911,12.469,1014.72
393650,-1.07126,16.7719,2.93161,49.49,-36.12,386.12,-10.3327,-53.0602,13.0157,1014.77
393656,-0.741272,17.714,3.01769,49.28,-38.64,381.29,-11.9599,-52.9369,12.4542,1014.77
393662,-0.21999,18.1875,3.0703,47.95,-34.65,378.28,-13.9067,-50.9323,13.06,1014.79
393668,-0.463893,19.1248,3.13247,46.97,-35.98,378.49,-15.592,-49.5753,12.9714,1014.79
393674,-0.884744,19.6126,3.01769,49.42,-34.86,380.1,-16.9576,-50.2847,12.5133,1014.79
393680,-0.741272,20.7317,3.05595,49,-35.84,384.09,-19.3984,-48.7427,11.9222,1014.75
393686,-1.99904,21.913,4.09373,47.18,-42.14,383.39,-20.9093,-47.2624,14.715,1014.75
393692,-1.12386,23.4338,2.48207,55.58,-31.15,384.23,-22.2169,-47.139,12.8532,1014.76
393698,-1.6021,24.1846,3.19464,55.93,-24.64,387.24,-24.6577,-45.8746,13.8727,1014.76
393704,-1.97991,25.9493,3.00813,59.01,-16.03,394.59,-25.326,-43.5616,13.3999,1014.76
393710,-2.31468,27.3888,2.45815,53.83,-5.11,400.54,-28.0282,-43.099,14.3012,1014.76
393716,-3.84505,27.5418,2.7977,51.17,3.78,405.3,-29.7717,-41.3103,13.8875,1014.77
393722,-5.55237,27.4366,3.31899,51.31,11.76,409.99,-31.5151,-38.874,14.8184,1014.77
393728,-8.05834,27.9244,2.36251,49.98,23.31,410.48,-32.7645,-37.5787,14.4638,1014.77
393734,-10.9708,28.2736,3.11334,46.41,29.19,404.74,-34.4789,-37.0853,15.2174,1014.77
393740,-14.2516,28.5509,3.6681,43.33,30.8,391.44,-35.4668,-34.1863,15.1583,1014.77
393746,-16.2602,28.7853,3.75897,34.02,34.93,368.97,-37.0068,-31.2257,16.6359,1014.79
393752,-18.8522,30.1961,0.10043,12.74,39.06,332.78,-38.7211,-30.9481,14.4786,1014.79
393758,-23.9455,32.2095,-6.85796,-29.82,37.03,291.83,-39.8544,-30.0538,13.4147,1014.79
393764,-27.757,28.9096,-7.89574,-74.62,26.67,249.34,-40.9004,-27.6483,15.306,1014.79
393770,-34.7441,17.6662,-4.25634,-86.8,10.85,201.88,-40.7261,-28.2034,14.5672,1014.83
393776,-40.2152,8.49833,0.023912,-52.92,-15.96,154.84,-42.1789,-28.0492,12.7202,1014.83
393782,-46.4371,-2.46294,3.49593,16.59,-38.08,118.79,-41.6268,-26.1063,13.6215,1014.85
393788,-49.5504,-1.65949,2.02296,65.8,-56.91,78.19,-41.9464,-26.2297,14.7445,1014.85
393794,-47.3123,1.96078,4.95457,109.13,-72.45,40.88,-42.76,-26.0138,15.3799,1014.85
393800,-42.4438,5.84888,6.82449,133.77,-74.2,-1.68,-42.1208,-25.3045,15.9119,1014.81
393806,-34.2229,13.5677,7.43663,137.41,-66.64,-51.24,-41.3362,-23.5774,16.562,1014.81
393812,-28.1731,18.5605,5.99235,113.4,-57.33,-93.8,-42.0917,-26.2297,16.7246,1014.84
393818,47.8383,142.372,75.3706,245.35,-258.16,-366.31,-41.4815,-26.1988,18.7785,1014.84
393824,-6.03539,39.0961,-36.2123,-318.92,104.79,-273.35,-39.7381,-25.8287,17.5816,1014.85
393830,13.3046,-12.0756,-12.5299,89.88,-86.87,-218.4,-38.8083,-28.8819,16.0301,1014.85
393836,27.3553,7.61358,-15.4806,-99.4,1.33,-288.75,-38.634,-30.3005,15.8528,1014.8
393842,19.2587,15.1793,0.47824,-56.98,114.03,-276.08,-38.3725,-30.7014,16.3995,1014.8
393848,18.814,3.72071,5.08369,-91.28,170.94,-293.93,-37.0649,-31.8117,15.6902,1014.8
393854,2.80249,7.08273,7.00143,-42.35,210.63,-304.15,-37.123,-34.5256,14.4194,1014.82
393860,-3.70636,11.8508,11.1191,-40.6,168.77,-310.31,-35.9607,-35.2966,13.4294,1014.82
393866,-7.21664,2.48685,12.6877,-14.07,108.22,-304.71,-34.4789,-35.4199,13.6067,1014.85
393872,-7.12578,5.98278,10.0335,3.57,93.52,-307.3,-33.7524,-37.7637,11.8188,1014.85
393878,-14.285,18.9813,6.76231,-7.14,65.24,-304.64,-33.0841,-39.1207,11.3755,1014.83
393884,-15.7628,18.0105,9.49306,-11.27,-0.91,-268.52,-31.486,-39.3674,11.6858,1014.83
393890,-9.47872,18.9479,3.62028,-2.38,-26.88,-241.99,-31.0211,-40.7552,11.2425,1014.81
393896,-5.47585,13.9503,4.27068,12.18,-75.81,-222.88,-29.7135,-41.8037,10.9322,1014.81
393902,-1.23864,14.3042,-1.07604,12.95,-59.01,-209.02,-28.6384,-42.4205,11.8484,1014.81
393908,1.90818,12.4247,-3.03682,13.72,-38.71,-215.25,-28.0573,-42.5439,13.6363,1014.84
393914,-3.32377,24.3759,-10.8321,-8.26,67.9,-182.14,-26.7497,-44.055,11.8484,1014.84
393920,-16.045,20.6456,-11.6786,-43.68,87.08,-85.68,-26.1105,-43.8083,11.5381,1014.79
393926,-13.0655,17.3505,-0.588235,-91.14,21.49,-54.74,-26.2558,-44.1167,11.1539,1014.79
393932,2.25729,6.21712,4.17982,-89.25,1.19,-55.58,-26.372,-45.8437,11.671,1014.82
393938,3.04639,4.89718,4.00287,-48.58,35.7,-53.76,-26.372,-45.5662,9.57279,1014.82
393944,-1.59254,8.94309,1.33429,-30.8,52.71,-45.29,-25.2097,-44.5793,10.415,1014.82
393950,-5.39455,9.58871,3.9407,-26.39,31.71,-31.08,-25.5875,-46.4297,10.223,1014.82
393956,-2.40076,9.4022,2.64945,-22.33,0.56,-22.82,-24.8611,-46.5839,9.46935,1014.81
393962,0.47824,9.49785,0.726925,-11.9,11.2,-17.43,-25.0935,-45.1961,10.3559,1014.81
393968,0.0908656,10.4639,0.903874,-15.33,4.48,-19.39,-25.4422,-45.4737,9.91265,1014.81
393974,0.884744,10.2296,0.382592,-12.39,10.64,-21.35,-25.7618,-46.7381,8.8783,1014.83
393980,0.449546,10.6026,-0.540411,-17.92,10.57,-20.72,-25.1807,-46.6764,9.14427,1014.83
393986,0.0813008,10.1626,0.325203,-17.36,4.34,-20.44,-24.832,-45.6279,9.35114,1014.81
393992,0.0047824,9.27786,1.58776,-13.51,4.69,-21.77,-25.2969,-46.7381,9.01129,1014.81
393998,-0.124342,9.37829,1.51602,-9.66,7.98,-21.91,-25.3841,-47.1698,10.3116,1014.83
394004,0.172166,9.74175,1.033,-7.07,4.2,-17.99,-25.1807,-46.2447,8.96696,1014.83
394010,-0.157819,10.2726,1.65471,0.56,-6.51,-17.43,-24.7739,-46.7381,9.41025,1014.84
394016,0.196078,9.54567,1.69775,-1.89,-9.31,-19.6,-24.6867,-47.139,8.50889,1014.84
394022,0.301291,10.1961,0.961262,2.17,-1.82,-19.11,-24.6577,-46.4297,7.8144,1014.84
394028,-0.970827,10.3491,0.83692,-2.45,-6.37,-15.89,-24.5414,-45.6587,8.1247,1014.83
394034,0.506934,10.3587,0.21999,-3.36,-7.35,-16.66,-24.1928,-47.8175,8.3759,1014.83
394040,0.186514,9.92826,0.511717,-4.06,-3.99,-16.87,-24.4543,-47.0157,8.64188,1014.84
394046,-0.277379,9.86609,0.827355,-4.83,-6.51,-16.03,-24.4543,-46.3989,9.1295,1014.84
394052,0.0621712,9.9187,0.664754,-4.83,-6.44,-15.26,-24.2218,-47.0157,8.95218,1014.85
394058,0.124342,9.91392,0.784314,-4.34,-6.44,-16.03,-23.6116,-47.7558,7.94739,1014.85
394064,0.224773,9.90913,0.588235,-4.13,-4.34,-16.52,-24.1346,-45.9671,8.1247,1014.84
394070,-0.071736,9.92826,0.57867,-5.74,-5.04,-17.08,-24.2799,-48.0334,8.46456,1014.84
394076,-0.396939,9.89,0.636059,-6.37,-5.39,-16.8,-23.9312,-47.6633,8.39068,1014.84
394082,0.234338,10.4352,0.25825,-5.74,-3.71,-15.47,-23.7278,-46.1213,8.76009,1014.84
394088,0.344333,10.0383,-0.181731,-11.13,4.41,-16.59,-22.7399,-46.5222,8.84875,1014.84
394094,-1.20995,9.34959,0.93735,-15.05,2.45,-17.22,-23.8441,-48.681,7.90306,1014.8
394100,0.444763,10.8274,-1.29125,-21.21,1.54,-15.54,-23.0886,-47.4782,8.58277,1014.8
394106,-0.569106,10.0335,0.779531,-19.46,-0.35,-15.54,-23.0014,-46.8615,8.18381,1014.81
394112,-0.387374,11.2817,-0.334768,-27.86,-1.61,-13.02,-23.0305,-48.1259,8.00649,1014.81
394118,-0.23912,10.11,0.310856,-27.23,-0.91,-15.54,-22.9143,-48.8044,8.55322,1014.83
394124,-0.157819,10.6313,1.05213,-29.33,-0.42,-17.43,-22.7399,-47.6324,8.0656,1014.83
394130,-0.33955,9.96174,0.473458,-30.87,1.61,-16.24,-22.4493,-48.0025,7.04602,1014.84
394136,-0.946915,10.5835,1.6308,-28.7,-14.14,-17.29,-22.2169,-48.4343,7.25289,1014.84
394142,0.157819,10.1435,0.310856,-34.16,-0.35,-20.37,-22.275,-47.0465,7.65186,1014.84
394148,0.0813008,10.1483,1.18604,-33.67,-1.54,-19.95,-22.4493,-48.0025,7.44499,1014.81
394154,0.368245,10.5978,-0.607365,-32.97,-7.56,-21.84,-22.0426,-48.5576,7.82917,1014.81
394160,-0.808226,10.5739,1.13821,-37.45,-12.74,-22.26,-22.246,-47.9408,8.0656,1014.85
394166,-0.0813008,9.86609,0.808226,-38.64,-11.48,-23.45,-22.9143,-47.4474,7.312,1014.85
394172,-1.12865,9.68436,1.64993,-37.94,-9.45,-21.56,-23.0305,-48.681,5.50928,1014.82
394178,-0.535629,10.22,1.4395,-34.44,-10.57,-22.12,-21.9554,-49.3286,5.76048,1014.82
394184,-0.521282,8.98135,0.803443,-38.01,-12.88,-24.08,-21.9263,-47.9408,6.05601,1014.83
394190,0.0286944,8.90005,0.392157,-33.53,-11.83,-24.57,-22.1297,-49.7912,6.18899,1014.83
394196,-1.31516,10.153,1.80775,-33.25,-17.15,-26.88,-22.2169,-50.1921,5.30241,1014.83
394202,0.49737,9.19177,1.41559,-36.82,-15.61,-30.38,-21.8973,-48.4034,6.32198,1014.81
394208,0.769966,9.99043,2.63032,-23.52,-12.81,-31.43,-22.4203,-48.9894,5.98212,1014.81
394214,0.023912,10.1339,2.27642,-27.93,-11.55,-35.35,-21.781,-50.5314,5.61271,1014.8
394220,-0.11956,8.97178,1.8747,-21.14,-12.74,-35.56,-21.1127,-49.1128,6.07078,1014.8
394226,-0.344333,9.05308,2.75944,-10.5,-8.05,-34.23,-20.6478,-48.7118,6.01168,1014.81
394232,0.349115,10.0909,2.13773,-19.04,-12.39,-42.35,-19.9505,-49.7295,5.27286,1014.81
394238,1.32472,9.99043,1.75036,-11.69,-5.67,-43.54,-21.1418,-50.408,5.25808,1014.83
394244,-0.133907,9.91392,3.4242,-5.18,-6.51,-42.7,-20.2701,-49.2361,5.25808,1014.83
394250,0.425634,10.3922,3.03682,-4.76,-1.89,-47.04,-20.6769,-50.8398,5.31719,1014.83
394256,-0.0621712,9.93783,3.44811,-2.03,0.07,-54.11,-19.5437,-51.4257,4.13507,1014.83
394262,0.707795,9.99522,3.1516,-2.66,2.87,-57.19,-19.0788,-50.223,4.72613,1014.83
394268,0.746054,10.1961,2.72119,5.53,3.99,-63.42,-19.0207,-50.9323,5.52406,1014.84
394274,1.31038,11.0139,1.47776,10.5,9.52,-67.2,-19.0207,-52.4743,3.76566,1014.84
394280,-0.932568,12.066,2.38164,10.57,6.79,-69.72,-18.1489,-50.0379,5.56838,1014.86
394286,-0.21999,12.3386,2.01339,8.19,0.42,-77.84,-18.3523,-49.8221,6.10033,1014.86
394292,2.19512,11.9464,0.81779,13.23,8.12,-86.8,-18.0327,-51.2099,4.96255,1014.8
394298,0.396939,13.1994,1.93687,10.5,1.96,-98.21,-17.3354,-52.0117,4.01686,1014.8
394304,1.42994,12.8312,0.789096,10.99,2.24,-105.07,-17.0448,-50.408,6.5584,1014.81
394310,0.71736,13.0942,1.97035,9.8,2.87,-113.54,-15.8244,-52.0425,4.77046,1014.81
394316,0.879962,12.9842,2.31468,10.5,5.18,-120.47,-15.592,-52.6593,5.09554,1014.81
394322,0.573888,13.0751,2.80727,11.97,7.14,-131.18,-15.2723,-51.6725,5.4945,1014.81
394328,0.344333,12.6351,3.49593,15.68,9.1,-136.71,-14.0229,-52.8444,5.90824,1014.81
394334,0.506934,12.4725,3.02248,21.77,12.46,-146.86,-13.2965,-53.5228,5.02166,1014.83
394340,0.808226,13.0799,2.53945,25.2,12.11,-155.75,-13.4417,-52.7827,6.51407,1014.83
394346,0.918221,13.8594,3.2616,27.79,13.51,-167.02,-12.6572,-52.536,5.53883,1014.83
394352,1.2769,13.979,2.69249,34.09,11.55,-180.53,-10.9429,-53.307,5.2433,1014.83
394358,1.43472,15.3419,1.75036,36.26,12.74,-192.85,-10.3327,-53.8929,5.64227,1014.81
394364,1.51602,15.9063,0.846485,35.21,13.02,-208.18,-9.54814,-52.9369,6.15944,1014.81
394370,1.84122,17.5227,1.34385,36.19,13.72,-225.61,-7.68851,-53.8929,7.63708,1014.81
394376,2.10904,18.3262,0.918221,36.54,13.3,-246.47,-7.25266,-55.7125,5.25808,1014.84
394382,1.83166,20.4543,-1.10473,28.56,8.05,-267.19,-5.79982,-54.1705,6.72094,1014.84
394388,2.84075,21.4252,-2.48207,20.44,6.79,-291.48,-3.85302,-55.1265,7.59275,1014.81
394394,2.73075,22.6494,-3.38116,5.11,2.59,-315.42,-1.81904,-55.9592,6.67661,1014.81
394400,3.08943,23.0894,-2.37685,-4.48,-0.21,-339.64,0.127761,-54.4789,7.96216,1014.79
394406,3.68723,23.7829,0.942133,-4.62,3.08,-363.44,1.66777,-55.0648,7.47454,1014.79
394412,5.25108,23.4816,2.69727,-2.38,4.62,-395.92,3.12061,-55.5274,6.88348,1014.78
394418,7.39837,22.2955,2.46294,2.94,13.72,-427.07,5.38704,-55.4349,7.44499,1014.78
394424,4.60067,24.395,2.43902,8.68,28,-458.29,7.42101,-54.3555,7.84395,1014.78
394430,1.13821,29.2205,2.32425,2.87,13.16,-491.4,9.62932,-54.6947,8.0656,1014.79
394436,6.08321,26.2506,-2.3099,-11.06,25.34,-502.18,12.5931,-55.0957,7.312,1014.79
394442,-3.51985,23.2999,5.53802,33.04,18.9,-511.14,14.1041,-53.8621,8.56799,1014.8
394448,2.71162,28.6131,-3.06552,25.9,-10.85,-521.36,17.5618,-53.4303,8.76009,1014.8
394454,2.87422,29.2539,0.889526,16.52,-9.45,-526.33,21.5135,-52.721,6.98692,1014.81
394460,0.703013,31.6069,0.463893,4.13,-16.45,-519.61,22.6758,-50.8706,8.90785,1014.81
394466,2.13773,34.505,-2.51554,-16.24,-17.85,-515.83,25.4943,-48.4034,9.691,1014.76
394472,4.28503,31.1526,-6.03539,-53.55,-22.68,-500.99,27.877,-49.637,8.89307,1014.76
394478,5.54758,23.4529,-1.70732,-60.34,-43.26,-480.83,30.6664,-47.4782,9.26248,1014.76
394484,8.49354,14.6963,-5.92539,-40.81,-38.78,-458.71,31.3638,-45.3195,7.51887,1014.76
394490,8.72788,13.7303,-4.17504,-45.71,-87.15,-441.21,33.9208,-44.6718,8.3759,1014.76
394496,15.0024,0.593018,-8.97178,-26.32,-92.05,-389.06,37.2914,-42.7289,7.96216,1014.72
394502,11.4825,-8.1253,-8.6418,-7.7,-51.73,-342.02,37.5238,-41.557,7.94739,1014.72
394508,-14.1368,1.20995,-6.87231,25.69,30.73,-195.37,38.1921,-40.3851,8.92263,1014.74
394514,-17.494,10.9087,4.33285,0.28,-99.82,-50.19,39.9355,-40.5393,7.59275,1014.74
394520,11.4395,2.65901,-3.52463,36.68,-36.54,57.82,38.134,-40.0459,7.35633,1014.75
394526,8.20182,7.35533,-2.066,42.21,11.13,152.95,37.7272,-40.7243,8.28724,1014.75
394532,11.2004,9.54567,-2.09469,25.76,15.19,215.04,38.4246,-41.8654,6.60273,1014.72
394538,12.6494,10.9182,-3.84505,15.33,47.95,249.55,37.611,-42.914,7.53365,1014.72
394544,10.1483,12.0469,-2.48207,-8.96,53.69,267.96,35.4027,-43.099,8.16903,1014.72
394550,10.3969,10.4735,-2.21425,-18.13,63,274.12,34.9378,-43.9317,8.3759,1014.72
394556,9.22525,7.31229,-1.2769,-21.77,69.16,271.39,33.7464,-45.6895,8.08037,1014.72
394562,8.86657,4.70588,-1.27212,-21.77,68.67,268.59,31.6544,-46.4297,8.78964,1014.78
394568,7.91009,3.10856,-1.71688,-16.52,70.07,265.44,30.957,-47.1082,8.6271,1014.78
394574,6.70493,2.07078,-1.40124,-8.54,65.45,261.59,29.5332,-49.0511,7.28245,1014.79
394580,5.53324,1.64036,-1.53037,-0.63,61.81,261.1,29.1845,-48.5268,8.81919,1014.79
394586,3.63462,1.64036,-1.10473,6.16,51.45,263.06,26.6566,-48.8044,9.04084,1014.74
394592,3.41463,2.84553,-2.13773,10.92,43.75,269.29,26.86,-50.1921,8.61232,1014.74
394598,1.65949,3.45768,-0.899091,17.22,32.55,281.33,24.6226,-51.3332,9.01129,1014.66
394604,1.18604,4.1846,-1.45863,16.38,22.4,295.54,22.9373,-50.6547,10.6515,1014.66
394610,0.492587,5.20325,-1.53515,14.21,11.62,312.69,21.9203,-51.4566,8.80442,1014.66
394616,0.253467,5.60019,-1.44428,10.5,-1.33,329.35,19.6249,-52.3818,8.09515,1014.64
394622,-0.0765184,5.71019,-0.468675,10.57,-15.12,342.86,17.678,-51.95,8.99651,1014.64
394628,0.387374,5.91583,-0.109995,14,-26.6,352.52,16.5158,-52.8135,9.46935,1014.63
394634,0.966045,5.74366,0.841702,19.32,-36.82,357.7,15.586,-54.5405,7.97694,1014.63
394640,1.41081,5.71497,0.994739,27.72,-45.22,361.34,13.6392,-54.6022,8.15425,1014.67
394646,1.87948,5.87279,1.40124,36.33,-51.59,362.11,10.7044,-54.2013,9.29204,1014.67
394652,2.32425,6.23625,1.41081,42.56,-54.32,363.09,9.86178,-54.9106,8.31679,1014.7
394658,2.47728,7.36968,1.65471,47.53,-56,363.02,7.71158,-55.9592,9.30681,1014.7
394664,2.36729,7.55141,2.02774,49.14,-56.14,362.32,4.63156,-54.4789,10.7106,1014.7
394670,2.73075,9.71784,2.00861,51.52,-55.23,362.25,4.19571,-55.1882,9.32159,1014.72
394676,2.36729,10.6839,2.17599,49.49,-55.58,363.3,2.24891,-55.9283,8.78964,1014.72
394682,2.11382,12.2095,2.31468,48.16,-53.83,362.81,-0.0465791,-54.8181,11.0209,1014.77
394688,1.81731,13.0464,2.33859,44.1,-51.94,364.28,-1.93527,-54.6331,10.1195,1014.77
394694,1.66906,14.1176,2.56815,40.81,-51.59,366.66,-3.50434,-55.0957,9.41025,1014.72
394700,1.86514,14.615,2.41989,37.38,-49.91,368.62,-5.71265,-54.2938,9.27726,1014.72
394706,1.6021,15.605,2.51554,34.79,-48.23,369.6,-7.427,-52.906,10.548,1014.77
394712,1.20516,18.2401,3.01291,30.24,-45.57,378,-8.76361,-54.3555,10.5628,1014.77
394718,0.83692,16.3128,3.40507,37.1,-51.17,372.82,-11.2044,-54.0471,10.814,1014.77
394724,1.9847,16.7336,2.92683,39.62,-40.88,374.22,-12.541,-50.994,11.4494,1014.77
394730,0.124342,18.6227,3.19943,41.3,-39.69,381.85,-15.3014,-51.0248,10.2525,1014.77
394736,1.02343,19.1153,3.16595,47.04,-38.15,382.55,-16.4055,-51.2099,11.1243,1014.76
394742,0.564323,20.2009,3.44811,53.2,-32.69,382.83,-18.1489,-49.452,11.346,1014.76
394748,0.0047824,22.4964,3.1516,57.4,-30.73,390.67,-20.1829,-48.2492,12.7349,1014.76
394754,-0.703013,23.5868,2.60163,59.08,-27.16,401.66,-22.246,-48.4651,11.0061,1014.76
394760,-0.530846,25.3324,3.9407,61.88,-19.04,409.64,-24.6867,-46.9231,12.5133,1014.76
394766,-1.60689,27.3505,3.57724,62.58,-9.52,420.98,-25.8199,-43.6541,13.8432,1014.76
394772,-3.70158,27.9866,4.83979,60.97,-3.5,438.06,-28.406,-44.2401,13.3408,1014.76
394778,-3.43376,29.0531,4.28503,64.96,14.35,448.84,-30.8468,-43.4691,12.0996,1014.76
394784,-6.48493,29.6652,5.90626,62.51,21.98,458.5,-31.5151,-39.1515,14.449,1014.76
394790,-7.62793,30.9804,5.00717,58.38,35.56,457.87,-33.7524,-38.7198,13.2669,1014.83
394796,-11.8317,32.7307,5.25586,49.49,43.05,452.2,-34.8856,-37.2395,13.9318,1014.83
394802,-14.7728,34.3185,4.47633,36.61,48.93,440.3,-36.6872,-33.9088,12.3508,1014.8
394808,-18.6896,36.4562,1.24821,11.13,57.96,415.24,-38.0528,-32.5826,13.6067,1014.8
394814,-21.0952,37.6423,-2.56815,-30.87,58.59,373.38,-39.9415,-31.9042,12.6611,1014.84
394820,-24.9259,38.7566,-13.4577,-95.69,56.35,322.49,-41.22,-29.1594,11.9813,1014.84
394826,-30.0526,32.6973,-14.0985,-158.76,42.07,267.54,-40.7842,-27.5249,12.4394,1014.77
394832,-38.9718,11.626,-4.68197,-153.79,21.98,208.88,-43.0215,-27.6791,9.63189,1014.77
394838,-48.5605,-11.4443,13.2329,-19.04,-12.88,161.14,-43.777,-26.9081,11.7154,1014.77
394844,-53.5438,-7.36011,-0.301291,59.43,-28.84,118.23,-42.0917,-24.1634,10.7845,1014.83
394850,-56.5232,-6.32233,3.33812,119,-61.18,81.69,-43.8351,-24.9344,11.5233,1014.83
394856,-49.3496,4.62458,4.60545,150.36,-55.79,40.88,-43.7189,-25.3353,11.9518,1014.77
394862,-43.9837,14.6963,5.81062,164.5,-63.07,-11.62,-42.5857,-23.4541,12.6463,1014.77
394868,-35.6958,22.0373,1.84122,133.28,-61.11,-67.62,-43.0215,-23.7008,13.0157,1014.85
394874,24.7107,111.349,1.70253,198.38,-137.69,-399.21,-43.254,-25.1194,14.9957,1014.85
394880,-37.7188,21.7217,-5.04065,-179.48,82.74,-325.15,-41.191,-26.7231,13.8432,1014.86
394886,14.5624,0.803443,-13.5342,37.66,-127.47,-294.98,-39.9415,-27.0315,14.8923,1014.86
394892,20.153,7.90053,-16.3032,-40.95,-25.06,-307.02,-40.0287,-29.9921,14.1387,1014.86
394898,14.395,21.6117,-1.39168,-56,103.18,-333.34,-39.2732,-30.4855,13.8284,1014.85
394904,13.9311,10.7508,2.10904,-80.01,96.53,-344.12,-36.4257,-31.6883,15.1435,1014.85
394910,4.03635,6.67623,3.73984,-59.43,152.81,-350.98,-37.1521,-33.7546,14.5524,1014.82
394916,-3.22334,13.2233,5.8154,-49.7,132.72,-329,-35.4668,-36.2526,13.7102,1014.82
394922,-2.74988,6.99187,6.08321,-35.42,110.46,-318.43,-35.1181,-35.975,12.7497,1014.82
394928,-3.83548,10.8656,5.88235,-38.85,117.95,-339.5,-34.1011,-37.6095,11.08,1014.82
394934,-14.0842,17.6375,10.0526,-18.27,81.97,-323.54,-32.8517,-40.1692,10.2082,1014.83
394940,-15.6671,21.3965,8.03443,-23.59,44.87,-270.34,-31.7185,-40.3234,10.3116,1014.83
394946,-12.922,16.6093,5.07413,-17.15,-10.08,-231.7,-30.2366,-40.2001,10.7253,1014.88
394952,-8.98135,14.0507,6.70014,-5.04,-67.27,-224.84,-29.8007,-42.914,9.95698,1014.88
394958,-2.36729,11.4252,3.33333,5.67,-59.78,-208.74,-29.7717,-43.4382,10.7253,1014.88
394964,1.22429,10.7891,0.0191296,4.76,-45.5,-213.78,-27.7667,-43.7466,11.4789,1014.85
394970,-10.1291,33.6155,-14.6389,-11.2,100.24,-149.94,-26.9531,-44.9494,11.2721,1014.85
394976,-13.472,17.3266,-10.9565,-43.19,67.76,-85.4,-26.866,-45.3811,10.2821,1014.83
394982,-9.53132,13.5677,0.411286,-86.17,-1.05,-62.02,-27.389,-45.4737,9.61712,1014.83
394988,0.095648,8.39311,2.49163,-78.4,7.63,-59.01,-25.9652,-45.2269,10.1195,1014.81
394994,2.92683,6.02582,2.48685,-38.71,49.56,-44.59,-25.6165,-46.4914,8.33157,1014.81
395000,-6.47059,7.70445,5.79149,-27.02,44.45,-35.77,-25.5875,-45.5662,9.77966,1014.83
395006,-5.11717,8.85222,4.6724,-22.96,3.99,-29.68,-26.0814,-45.6587,8.46456,1014.83
395012,0.176949,9.37829,0.932568,-10.29,2.24,-17.22,-25.8199,-46.8306,7.8144,1014.83
395018,-0.200861,9.90913,0.808226,-9.8,4.13,-17.5,-25.355,-47.0773,7.72574,1014.85
395024,0.559541,10.7747,-0.573888,-16.73,3.29,-20.72,-25.6456,-45.2269,8.40545,1014.85
395030,0.593018,9.8087,0.521282,-11.69,13.16,-18.06,-24.7739,-45.9979,8.27247,1014.84
395036,-1.15256,10.0909,1.9847,-10.08,7.77,-15.33,-25.5294,-47.2315,7.6223,1014.84
395042,-0.899091,10.0239,2.9077,-8.82,-0.28,-16.8,-24.3961,-45.8129,8.44978,1014.83
395048,0.822573,9.33525,0.927786,-2.87,6.58,-17.85,-24.8901,-45.3503,8.27247,1014.83
395054,-1.09517,11.7456,1.40124,-2.94,-2.24,-17.22,-25.0354,-47.1082,6.97214,1014.8
395060,-0.368245,9.67001,2.2286,-4.41,-1.89,-19.32,-24.4252,-46.4297,8.40545,1014.8
395066,-0.640842,10.2965,1.64515,0.07,-3.5,-18.13,-24.4833,-46.3372,8.86352,1014.8
395072,-0.0382592,9.79436,1.50167,1.82,-2.1,-15.33,-23.9603,-47.2007,7.45976,1014.81
395078,-0.301291,10.1865,1.09995,2.59,-3.08,-15.68,-24.309,-47.0465,8.78964,1014.81
395084,-0.167384,10.4352,0.401722,0.21,-4.55,-18.13,-24.6867,-46.7073,6.70617,1014.84
395090,-0.109995,10.6934,-0.0621712,-3.43,-5.74,-16.31,-24.3671,-46.9231,7.79962,1014.84
395096,-0.114778,9.96652,0.746054,-4.83,-4.55,-13.93,-24.0475,-47.5708,8.53844,1014.82
395102,-0.200861,9.73218,0.879962,-4.97,-2.66,-15.19,-24.6286,-47.1082,8.47934,1014.82
395108,-0.320421,9.81349,0.989957,-4.06,-3.71,-15.26,-24.0765,-46.6764,7.90306,1014.82
395114,-0.114778,9.88044,1.06169,-5.04,-3.5,-13.93,-24.4252,-48.2184,8.3759,1014.82
395120,-0.21999,9.89957,0.822573,-5.18,-2.52,-14.42,-23.6407,-47.2315,8.59755,1014.83
395126,-0.0526064,9.99043,0.664754,-6.72,-1.89,-12.88,-23.5826,-46.4605,8.95218,1014.83
395132,-0.196078,10.4304,0.612147,-5.39,-2.03,-13.44,-24.1056,-47.2932,7.94739,1014.83
395138,-0.468675,10.7221,-0.0430416,-11.48,-2.59,-11.76,-23.8731,-47.91,8.65665,1014.85
395144,-0.621712,9.87087,0.607365,-13.02,-4.55,-10.92,-23.4373,-46.954,8.00649,1014.85
395150,-0.13869,10.6743,0.416069,-15.61,-3.01,-11.62,-23.9603,-47.725,8.42023,1014.83
395156,-0.0334768,10.856,-0.573888,-21,-1.12,-13.02,-23.0305,-48.1259,7.13468,1014.83
395162,-0.0526064,10.7461,0,-26.67,-1.68,-13.58,-22.9724,-47.2624,8.36112,1014.85
395168,0.191296,10.6504,0.349115,-27.72,-1.12,-15.54,-23.2048,-47.4166,8.1247,1014.85
395174,-0.57867,10.3013,-0.0047824,-34.93,-4.62,-18.76,-23.5826,-48.496,7.63708,1014.83
395180,0.793878,10.7939,-0.162602,-36.47,-5.88,-19.53,-22.5365,-47.5708,6.79483,1014.83
395186,-0.291726,10.1578,0.325203,-36.47,-6.37,-20.23,-23.4373,-47.5091,7.74052,1014.83
395192,-0.191296,9.84218,0.722142,-38.36,-6.02,-21.28,-22.8852,-48.3418,6.41064,1014.81
395198,-0.483022,9.82783,1.15734,-38.85,-5.81,-20.86,-23.0305,-48.3418,5.64227,1014.81
395204,-0.463893,9.56002,0.712578,-40.95,-5.53,-20.58,-22.6527,-47.9408,7.0608,1014.83
395210,-0.703013,9.58393,1.91296,-38.64,-8.4,-20.93,-22.798,-48.2801,6.15944,1014.83
395216,-0.368245,9.3735,1.4395,-36.47,-9.52,-21.56,-22.0716,-49.2978,5.02166,1014.79
395222,-0.516499,9.38785,1.73123,-35.84,-10.36,-21.28,-22.9724,-47.5091,7.312,1014.79
395228,-0.57867,8.96222,1.9847,-32.55,-10.43,-21.84,-21.7229,-48.5576,5.62749,1014.8
395234,-1.18604,8.35485,1.86992,-28.14,-10.22,-23.03,-22.1588,-49.7912,5.00688,1014.8
395240,-0.444763,9.18221,1.12865,-23.24,-10.99,-24.36,-21.8682,-48.2801,6.05601,1014.8
395246,0.0191296,10.483,2.76423,-21.84,-16.66,-27.72,-21.7229,-47.8175,5.56838,1014.81
395252,1.59732,11.0234,2.26208,-21.21,-12.81,-33.11,-22.0135,-49.637,5.40584,1014.81
395258,-0.0908656,9.92826,1.07126,-22.05,-8.89,-35.56,-21.1709,-49.3286,4.77046,1014.8
395264,-1.20516,9.4835,1.38211,-20.02,-12.25,-35.84,-21.5486,-48.3726,5.37629,1014.8
395270,-0.315638,9.14873,1.98948,-18.27,-12.39,-37.1,-21.4905,-49.4828,5.87869,1014.79
395276,0.296509,9.4022,2.01339,-16.31,-10.71,-38.85,-20.5607,-49.8529,4.66702,1014.79
395282,0.310856,9.93304,2.2812,-12.67,-5.18,-38.43,-20.6769,-49.0511,6.46974,1014.85
395288,-0.483022,9.07699,3.29029,-8.89,-8.47,-38.78,-20.0376,-49.5137,5.27286,1014.85
395294,-0.253467,9.99043,2.74032,-2.87,-2.24,-45.08,-20.0958,-50.1613,4.82956,1014.79
395300,0.167384,10.3826,1.94644,-9.24,-2.66,-46.34,-19.9795,-49.1744,4.56359,1014.79
395306,-0.11956,10.153,2.43424,-4.48,-1.82,-47.11,-20.0376,-49.4212,5.81958,1014.79
395312,0.83692,10.6504,2.05643,-0.21,0.91,-52.92,-20.0376,-50.7164,5.30241,1014.82
395318,-0.229555,11.4156,3.18508,1.33,0.84,-57.47,-19.1078,-50.5622,4.59314,1014.82
395324,0.234338,10.067,2.64467,-1.12,6.37,-64.47,-18.9625,-49.5753,4.97733,1014.79
395330,0.0813008,10.8417,2.48207,7.91,3.43,-67.41,-18.7591,-50.8089,5.15464,1014.79
395336,0.334768,10.6313,2.38642,2.31,0.77,-77.21,-18.7591,-51.8883,4.4306,1014.84
395342,1.4682,11.6882,1.07126,10.85,6.58,-81.69,-17.9165,-51.8267,4.54881,1014.84
395348,0.0765184,12.5012,1.86035,8.05,1.12,-86.31,-17.9165,-50.8706,5.55361,1014.83
395354,0.320421,11.5734,2.57293,9.73,3.71,-91.98,-17.161,-52.536,4.22373,1014.83
395360,0.396939,12.8312,2.18077,10.71,6.16,-102.76,-16.2603,-52.3818,4.94778,1014.83
395366,0.540411,12.3386,2.19512,9.52,3.85,-110.18,-15.8535,-51.2099,5.67182,1014.83
395372,0.655189,13.2233,1.52559,10.22,8.12,-118.02,-15.1852,-53.5845,4.40105,1014.83
395378,0.114778,12.5777,2.63032,11.41,4.48,-127.4,-14.4006,-52.7827,4.57836,1014.79
395384,0.640842,12.1903,3.17073,19.25,9.8,-134.05,-15.2723,-52.4434,5.25808,1014.79
395390,0.554758,13.0225,3.20899,18.13,11.34,-159.81,-13.9357,-52.7827,5.36151,1014.84
395396,0.435198,12.3099,2.75944,24.01,15.19,-151.62,-13.035,-53.4612,4.06119,1014.84
395402,0.511717,13.1851,3.12769,29.47,13.86,-161.63,-11.8727,-52.8444,4.51926,1014.82
395408,1.14299,14.3376,2.08991,33.32,13.72,-174.65,-11.3787,-53.1528,4.54881,1014.82
395414,0.530846,14.835,1.09039,33.32,12.25,-188.37,-10.478,-54.9415,5.03643,1014.82
395420,0.511717,15.4998,0.741272,33.04,13.44,-199.22,-9.63531,-53.5228,6.63228,1014.8
395426,0.923003,16.7671,1.27212,33.95,10.64,-213.99,-8.73455,-53.5537,6.66184,1014.8
395432,2.05643,18.1109,0.5978,29.89,8.61,-233.38,-6.99115,-55.1882,6.54363,1014.81
395438,2.51076,20.263,-0.516499,27.02,10.5,-253.47,-5.85793,-55.8358,7.26767,1014.81
395444,2.1186,21.0091,-2.16164,15.47,4.9,-275.94,-4.98623,-54.7873,7.03125,1014.8
395450,1.73123,21.5638,-3.16595,4.2,0.77,-299.25,-2.83603,-55.2807,6.46974,1014.8
395456,2.41511,21.473,-2.94596,-5.11,-4.48,-323.19,-0.947339,-56.4218,5.05121,1014.8
395462,2.19512,22.7929,0,-4.13,-2.1,-346.99,0.883237,-55.2499,7.37111,1014.8
395468,4.93544,23.6155,2.00861,-10.57,-7.84,-376.67,3.5274,-55.3424,7.57797,1014.8
395474,6.66188,22.5108,1.6021,-11.13,12.67,-406.84,5.24175,-56.8844,7.43021,1014.8
395480,3.93113,22.4103,3.45768,2.03,15.12,-441.98,6.72365,-55.3424,5.93779,1014.8
395486,2.34816,26.308,1.22429,10.57,20.02,-469.42,8.93196,-55.2499,6.41064,1014.8
395492,3.53419,30.6695,1.64515,-12.04,4.48,-495.39,11.6924,-54.9723,7.07558,1014.8
395498,4.17982,23.4051,-0.023912,-12.67,26.53,-507.01,14.1622,-54.078,6.41064,1014.76
395504,-5.52845,24.7107,6.74797,38.15,5.53,-511,16.7773,-53.1836,7.312,1014.76
395510,5.12673,28.7566,-1.5495,13.16,-13.58,-522.27,19.3343,-53.2453,6.95737,1014.77
395516,1.64515,26.1789,2.88379,17.64,-14.7,-526.75,23.4022,-51.8575,7.48932,1014.77
395522,-0.172166,29.0148,-0.0813008,36.47,-15.33,-517.93,24.0996,-49.9763,8.71576,1014.76
395528,1.2769,37.4318,-3.96461,1.33,-36.61,-512.96,26.9762,-49.0511,8.03604,1014.76
395534,6.66188,27.4127,-4.80153,-27.72,-41.23,-502.18,30.0272,-47.8792,8.05082,1014.76
395540,4.76805,19.2013,-3.9933,-9.8,-51.24,-472.85,31.2185,-46.4605,7.13468,1014.73
395546,6.37016,18.7518,-6.46102,-18.55,-81.55,-451.85,32.4389,-44.7335,7.85873,1014.73
395552,12.3721,6.98709,-8.63223,-31.43,-105.14,-410.76,35.577,-43.3766,7.97694,1014.75
395558,14.9737,1.15256,-11.143,-28.07,-81.41,-357.14,37.0299,-41.9579,7.0608,1014.75
395564,-3.46246,-8.50789,-5.32759,16.66,6.58,-277.27,37.4657,-40.4159,7.45976,1014.72
395570,-19.6844,10.8513,-3.62506,2.1,-26.25,-103.25,39.0638,-40.8169,6.95737,1014.72
395576,4.72979,3.55811,0.301291,6.58,-88.34,14,40.1389,-39.5216,5.87869,1014.77
395582,11.0426,2.77857,-4.24199,51.59,8.75,115.78,38.9185,-40.2926,7.60753,1014.77
395588,7.5275,9.36394,-1.06169,36.82,1.12,191.59,38.1921,-40.6318,7.32678,1014.77
395594,13.1038,8.86179,-3.79244,36.26,30.94,232.47,38.5118,-41.5262,7.17901,1014.75
395600,10.4974,11.4395,-2.77857,24.78,50.61,254.52,37.1461,-41.9579,7.75529,1014.75
395606,9.83261,10.813,-2.14252,14.91,52.01,258.93,35.4317,-43.5924,8.56799,1014.8
395612,9.56958,8.41224,-1.69775,11.97,61.04,256.34,34.6763,-44.4251,6.33676,1014.8
395618,8.45528,6.64754,-1.65949,7.35,61.39,254.38,34.2114,-45.1344,7.85873,1014.79
395624,8.13964,4.32329,-2.06121,9.87,66.15,250.53,32.1193,-45.6587,8.21336,1014.79
395630,6.58536,3.42898,-1.66906,11.97,63,248.92,31.451,-46.5531,8.78964,1014.79
395636,5.22238,2.7451,-1.45863,16.1,58.17,250.67,30.2306,-48.4034,6.27765,1014.79
395642,4.4572,2.74988,-1.62602,19.81,53.62,255.57,28.6034,-48.3109,8.40545,1014.72
395648,2.91726,3.5055,-1.34385,21.77,46.9,264.39,27.0343,-48.2184,9.51368,1014.72
395654,2.36251,3.68245,-1.24821,23.73,38.29,275.87,27.0343,-50.3463,7.23812,1014.72
395660,1.81731,4.16547,-1.05691,23.1,30.1,291.13,25.9883,-50.5931,8.98173,1014.63
395666,1.64515,4.31372,-0.502152,25.9,20.44,308.42,23.1117,-50.7164,9.21815,1014.63
395672,1.49211,4.7824,-0.205643,27.37,10.64,324.87,22.269,-51.6108,8.80442,1014.67
395678,1.24821,5.05978,0.0908656,30.52,1.68,341.39,21.1939,-52.2276,8.03604,1014.67
395684,1.17647,5.6528,0.325203,32.62,-6.51,355.81,18.6369,-52.135,9.4398,1014.68
395690,1.20995,6.1693,0.679101,34.79,-14.84,366.8,17.1841,-52.9986,8.9374,1014.68
395696,1.47776,6.3845,1.02822,37.66,-21.63,374.5,15.7312,-54.4789,9.09995,1014.71
395702,2.00861,6.77666,1.74558,42.56,-27.93,379.89,12.5641,-54.1396,9.73533,1014.71
395708,2.18556,7.21664,1.99904,46.69,-32.41,382.97,11.3437,-54.6331,10.1491,1014.71
395714,2.66858,7.5801,2.29555,50.61,-34.65,383.67,9.80367,-55.8667,9.54324,1014.69
395720,2.64945,8.1779,2.53467,53.55,-36.75,383.81,6.9561,-55.4349,10.2821,1014.69
395726,3.03204,9.58393,2.61119,53.13,-36.33,383.18,5.44515,-54.2938,10.7845,1014.74
395732,2.99378,10.2343,2.62554,55.16,-34.79,381.57,3.49835,-56.4526,10.0161,1014.74
395738,2.55858,11.7647,2.75944,52.5,-33.88,377.65,1.72588,-55.9283,9.58757,1014.71
395744,2.08991,12.989,2.90292,50.26,-34.16,375.06,-0.569602,-53.8004,10.947,1014.71
395750,1.40603,14.3376,2.92205,45.85,-35.77,373.66,-2.60358,-54.7256,11.0357,1014.76
395756,0.741272,14.9307,3.12291,43.33,-38.15,371.91,-4.37604,-54.8181,10.3559,1014.76
395762,0.248685,15.8728,3.02726,39.62,-40.25,371.35,-6.03227,-53.5845,12.2916,1014.76
395768,-0.0621712,16.3271,3.18986,37.66,-43.82,374.57,-6.81681,-52.8752,11.2721,1014.73
395774,-0.363462,18.1636,3.66332,35.14,-49.07,381.22,-9.72248,-53.5845,10.3559,1014.73
395780,-0.985174,17.6518,3.13725,34.51,-51.73,382.34,-12.1342,-51.765,11.8779,1014.76
395786,-0.153037,17.9914,3.46246,39.48,-46.97,385.07,-13.9938,-50.9631,12.5428,1014.76
395792,-0.664754,18.8857,3.87374,40.25,-53.83,389.83,-15.621,-51.3332,11.2425,1014.76
395798,0.224773,19.6222,3.89766,45.5,-54.88,391.51,-17.655,-50.408,11.8779,1014.76
395804,-0.0191296,20.8943,3.76853,50.61,-36.54,394.66,-19.3403,-47.8483,11.8484,1014.76
395810,0.0860832,22.5347,3.6681,56.77,-48.37,393.96,-21.4905,-46.8923,12.9714,1014.76
395816,-1.74079,23.802,4.34242,56.28,-46.2,399.21,-22.9433,-46.7689,12.4099,1014.75
395822,-0.468675,26.2123,2.96987,58.17,-33.04,409.15,-25.0935,-44.3943,14.9366,1014.75
395828,-1.79818,27.6566,4.87327,63.28,-25.2,413.42,-26.5173,-42.8831,13.8875,1014.75
395834,-2.59206,28.264,4.66284,67.41,-10.99,421.82,-28.7837,-43.5924,14.2569,1014.81
395840,-5.48063,28.9574,5.66236,68.6,-1.05,434.14,-30.0332,-40.2926,13.6067,1014.81
395846,-7.14491,29.407,6.03539,69.3,11.69,442.82,-32.1543,-37.4862,15.7493,1014.79
395852,-9.4022,30.6839,5.63845,66.43,24.57,445.34,-33.4038,-36.1909,15.1139,1014.79
395858,-12.396,31.956,5.71975,60.62,36.19,441.28,-34.9438,-34.7414,14.7593,1014.83
395864,-16.4754,34.5194,3.75897,44.73,47.74,426.44,-36.8325,-32.0275,15.1287,1014.83
395870,-19.2396,36.1406,1.32951,16.87,58.8,397.18,-38.4887,-31.1332,14.9514,1014.77
395876,-22.5729,38.594,-5.94931,-34.16,60.2,349.65,-39.5638,-30.0538,13.5772,1014.77
395882,-25.9636,39.7704,-14.2946,-112.77,60.34,299.04,-39.5638,-27.1857,14.3308,1014.77
395888,-34.8924,27.0732,-12.3099,-166.81,46.34,247.45,-40.6389,-26.4147,14.2569,1014.78
395894,-40.8704,12.3195,-4.77284,-153.44,29.26,201.18,-41.743,-26.5689,12.5724,1014.78
395900,-50.593,-14.0746,12.8551,-21,-6.37,163.66,-42.1789,-25.4895,11.6119,1014.81
395906,-52.6877,-7.14969,-0.449546,45.08,-17.99,125.16,-42.4404,-25.4278,11.2869,1014.81
395912,-53.3764,-3.25203,4.79197,107.66,-48.02,86.87,-43.7189,-24.5026,11.6119,1014.81
395918,-47.0732,5.56193,4.11765,139.37,-41.79,28.14,-43.4865,-23.8858,12.8384,1014.81
395924,-40.1961,15.3419,3.6968,150.57,-47.74,-41.37,-42.76,-22.6214,13.4147,1014.86
395930,-33.6729,21.5447,0.0382592,119.14,-33.04,-99.12,-42.9925,-23.4541,13.5476,1014.86
395936,-25.8871,22.1234,0.994739,90.86,-23.73,-156.24,-42.4695,-24.5643,14.6854,1014.86
395942,34.0029,116.408,106.7,70.91,-173.67,-409.5,-41.2491,-24.811,15.6902,1014.86
395948,-7.27881,-13.4959,3.75897,-216.79,-111.72,-315.63,-39.8834,-26.2297,15.9119,1014.86
395954,36.6045,2.57293,-25.6193,122.99,-103.25,-273,-40.5808,-28.6352,15.4095,1014.8
395960,17.1162,11.8556,-11.3295,-28.84,119.77,-265.65,-39.5928,-29.4062,15.0696,1014.8
395966,11.5878,16.6858,-0.382592,-39.83,135.66,-309.33,-38.6049,-29.9613,14.7298,1014.8
395972,13.056,3.79244,1.06169,-93.66,151.48,-358.33,-38.7502,-33.1069,13.3999,1014.8
395978,4.94978,4.06504,5.2176,-28.35,194.88,-326.76,-37.7332,-34.2788,12.203,1014.82
395984,-2.58728,5.83931,9.72262,-14.84,169.05,-320.32,-35.7573,-33.5695,12.5724,1014.82
395990,-10.0143,9.6748,7.59923,11.9,136.43,-342.3,-35.5249,-36.9311,12.336,1014.85
395996,-11.3152,13.0512,6.88666,-14.42,105.28,-333.48,-35.06,-38.3188,10.8879,1014.85
396002,-17.9866,21.5638,9.52654,4.55,67.55,-293.44,-32.8517,-39.0898,11.3016,1014.85
396008,-16.8293,18.2114,11.4108,2.87,-17.01,-266.42,-32.0671,-39.8917,10.9913,1014.88
396014,-11.9895,17.0684,5.60497,-1.33,-52.08,-223.51,-31.9219,-42.2355,10.8288,1014.88
396020,-8.43615,14.2276,4.52893,3.15,-86.94,-210.91,-30.7886,-42.1121,10.7401,1014.85
396026,-0.980392,13.649,-1.38211,6.09,-67.13,-206.36,-30.1785,-41.6495,12.1734,1014.85
396032,1.86992,14.462,-4.2659,2.31,-40.39,-199.29,-27.6215,-43.8392,10.8879,1014.83
396038,-8.86179,36.351,-18.1157,-9.31,143.36,-127.05,-27.2437,-44.8569,12.0257,1014.83
396044,-12.6638,15.4663,-9.23003,-49.21,105.77,-75.18,-27.2437,-43.8083,12.1734,1014.81
396050,-10.1052,17.1066,3.27594,-92.26,4.13,-40.6,-26.7497,-45.1036,9.52846,1014.81
396056,-1.29125,7.82879,4.25155,-87.43,-17.01,-56.63,-26.1686,-44.8877,10.2673,1014.81
396062,4.66762,5.90148,1.50646,-44.17,38.36,-51.66,-26.1686,-45.1344,10.0752,1014.82
396068,-1.04256,7.11143,2.46772,-29.96,48.02,-35.98,-25.8199,-44.3943,8.9374,1014.82
396074,-4.56241,11.2339,2.48685,-33.6,23.1,-28.98,-26.6045,-46.2755,9.11472,1014.81
396080,-2.45815,7.9627,5.07891,-4.13,6.09,-21.77,-26.1977,-45.3503,7.94739,1014.81
396086,-1.1143,10.5978,0.0047824,-11.55,14.35,-20.23,-26.0233,-45.0419,7.85873,1014.84
396092,-0.526064,10.3013,0.870397,-17.92,0.28,-18.9,-26.7207,-46.3372,8.00649,1014.84
396098,-0.0813008,11.4825,-0.33955,-11.9,4.55,-16.24,-26.1977,-46.2755,8.13948,1014.85
396104,-0.263032,9.7561,1.16691,-11.83,7.98,-22.19,-25.6165,-44.6718,9.32159,1014.85
396110,0.315638,9.57915,1.07126,-10.29,1.19,-20.09,-25.4422,-46.183,8.43501,1014.85
396116,-0.243902,10.703,0.286944,-10.43,-4.06,-15.75,-25.5875,-47.2315,7.54842,1014.85
396122,0.33955,9.68914,0.760402,-7,-0.28,-15.75,-25.5584,-45.7512,8.21336,1014.85
396128,-0.148254,10.3109,1.05691,-7.07,-3.08,-17.85,-25.2388,-46.0596,8.6271,1014.84
396134,0.191296,9.54089,1.42516,-3.01,-5.88,-15.05,-25.4422,-47.7558,6.97214,1014.84
396140,0.157819,9.84696,1.26255,-0.28,-3.78,-14.77,-25.2969,-46.2447,7.23812,1014.83
396146,-0.023912,10.3443,1.06648,-1.4,-7.28,-16.17,-25.4713,-45.7204,7.94739,1014.83
396152,-0.109995,9.87087,0.726925,-0.98,-6.3,-14.21,-25.4131,-46.8615,6.02645,1014.85
396158,0.0526064,10.1817,0.45911,-1.26,-6.58,-15.75,-25.1226,-46.3989,6.92781,1014.85
396164,0.47824,10.153,0.277379,-5.11,-6.44,-17.85,-24.309,-45.7204,8.53844,1014.81
396170,0.540411,9.90435,0.463893,-5.25,-3.43,-16.52,-24.832,-47.2315,7.65186,1014.81
396176,-0.0382592,9.77044,0.755619,-5.25,-4.13,-16.38,-25.0063,-47.8792,7.8144,1014.81
396182,-0.0334768,9.71784,0.966045,-5.53,-4.69,-18.06,-24.1346,-46.9848,7.69619,1014.85
396188,-0.243902,9.51219,1.01387,-2.59,-5.18,-16.73,-24.8901,-46.8306,7.84395,1014.85
396194,-0.0526064,10.0239,0.559541,-6.44,-5.11,-15.54,-24.5414,-47.7558,7.312,1014.82
396200,0.320421,9.57436,0.291726,-4.76,-3.99,-16.03,-24.6867,-46.7073,9.70578,1014.82
396206,-0.463893,9.7274,0.61693,-6.86,-5.53,-13.58,-24.5124,-46.5222,9.02606,1014.87
396212,0.392157,9.78479,-0.0860832,-6.09,1.61,-12.18,-25.0354,-48.4034,7.28245,1014.87
396218,0.095648,10.2152,-0.0047824,-9.59,4.13,-15.19,-24.9482,-47.7558,7.14946,1014.84
396224,-0.760402,10.3348,0.224773,-16.59,-1.12,-12.74,-23.7569,-46.368,8.47934,1014.84
396230,0.282162,10.0717,-0.315638,-19.32,1.96,-15.12,-23.9603,-47.8792,6.78005,1014.84
396236,0.205643,10.2152,-0.282162,-22.75,3.71,-16.59,-24.832,-48.681,7.34155,1014.86
396242,-0.731707,10.1148,0.439981,-27.58,2.87,-13.72,-24.2218,-47.5708,8.49411,1014.86
396248,-0.755619,9.08656,1.45863,-26.6,-0.63,-12.53,-24.4833,-47.3857,7.0017,1014.83
396254,-0.10043,10.0191,0.73649,-24.64,1.54,-15.89,-23.9603,-48.8969,5.95257,1014.83
396260,-0.573888,9.33046,1.65471,-25.13,-3.71,-16.73,-24.0765,-47.8792,5.96735,1014.83
396266,0.0813008,10.2296,0.401722,-23.52,-2.87,-16.94,-23.5244,-47.0773,7.60753,1014.83
396272,-0.746054,9.60784,1.17647,-25.41,-6.37,-18.13,-23.9022,-48.681,6.64706,1014.82
396278,-0.0143472,10.263,0.573888,-26.32,-6.65,-19.11,-22.9143,-48.5885,5.90824,1014.82
396284,-0.645624,9.05787,1.38211,-24.43,-9.17,-17.78,-23.1467,-48.1259,6.85393,1014.82
396290,-0.186514,10.4208,0.774749,-24.15,-9.8,-19.39,-23.5535,-48.5885,6.02645,1014.82
396296,-0.57867,10.99,0.879962,-27.79,-10.99,-20.44,-23.7569,-48.866,6.54363,1014.82
396302,-0.0047824,9.20134,1.59254,-25.06,-8.68,-21.98,-23.1758,-47.4474,7.5632,1014.8
396308,-0.334768,10.1387,0.808226,-29.75,-14.14,-21.77,-23.2629,-48.2801,6.17422,1014.8
396314,0.248685,11.0665,0.49737,-28.98,-17.15,-24.43,-23.3792,-49.9763,6.36631,1014.81
396320,0.224773,11.1047,0.502152,-32.83,-17.29,-28,-22.8561,-48.4343,6.20377,1014.81
396326,-0.626494,8.99091,1.37733,-30.87,-14.91,-29.89,-21.7229,-48.095,5.58316,1014.82
396332,-0.229555,9.25873,1.47298,-33.25,-14.84,-26.67,-22.3331,-48.9894,4.38627,1014.82
396338,-0.57867,10.4017,1.09039,-35.84,-17.78,-30.73,-22.8852,-49.452,6.17422,1014.81
396344,-0.291726,9.70827,1.01865,-36.54,-17.78,-35.14,-22.9433,-49.0202,6.2481,1014.81
396350,0.549976,9.94261,1.62123,-37.31,-15.4,-37.8,-21.9844,-49.3595,5.67182,1014.81
396356,0.994739,10.0143,1.78384,-32.83,-10.36,-38.5,-21.8973,-50.6239,4.74091,1014.81
396362,-0.229555,10.2678,2.38642,-24.15,-9.73,-40.39,-22.246,-48.5885,5.40584,1014.81
396368,2.60163,11.4299,6.29364,-17.78,-9.45,-49.14,-21.1999,-49.7604,4.933,1014.81
396374,3.5055,11.0091,5.44237,-7.35,-0.42,-59.92,-21.2871,-50.0071,4.933,1014.81
396380,0.980392,9.00526,1.48254,-0.07,2.1,-63.98,-21.4324,-50.4697,4.96255,1014.82
396386,-0.449546,10.8274,2.57771,6.02,6.16,-66.5,-21.258,-49.7604,4.933,1014.82
396392,0.0382592,12.6542,2.28599,1.82,5.39,-70.63,-20.3863,-50.5314,3.98731,1014.78
396398,0.114778,12.6877,2.66858,-0.84,-0.21,-78.05,-20.1829,-49.9454,3.73611,1014.78
396404,2.45815,10.2869,1.89383,9.52,4.34,-85.89,-18.9625,-50.3155,5.84914,1014.78
396410,0.23912,12.1186,2.54902,13.86,7.56,-94.85,-19.3984,-50.5622,5.62749,1014.85
396416,0.860832,12.0134,1.09039,17.64,4.2,-99.96,-18.0037,-51.4874,4.1203,1014.85
396422,0.545194,13.0081,1.29125,11.06,4.97,-110.04,-17.9165,-51.179,5.62749,1014.85
396428,1.06648,12.4916,1.80296,17.99,4.76,-117.74,-16.8705,-51.3949,4.60792,1014.85
396434,0.669536,13.6203,1.31516,14.84,4.34,-127.26,-16.2603,-53.1528,4.84434,1014.84
396440,0.416069,13.8977,1.82688,11.62,4.62,-132.79,-16.5799,-51.4874,5.4354,1014.84
396446,1.05213,13.1468,1.88427,11.9,6.58,-143.92,-15.7953,-51.6725,5.21375,1014.83
396452,0.602582,11.6643,3.48637,19.67,8.68,-150.78,-14.604,-53.5845,4.77046,1014.83
396458,1.03778,12.5729,2.83596,25.55,10.78,-159.74,-14.081,-53.3378,5.9969,1014.83
396464,0.549976,13.692,1.72166,28.07,9.1,-170.38,-13.2965,-52.9677,6.35153,1014.82
396470,1.22429,14.8015,2.19034,29.82,9.38,-183.96,-12.57,-53.7696,5.81958,1014.82
396476,1.41559,16.5423,0.545194,30.03,6.44,-196.42,-10.9138,-54.5097,5.22853,1014.83
396482,1.40603,16.7049,0.023912,27.23,9.1,-210.42,-10.2164,-54.078,5.86391,1014.83
396488,2.2812,17.6231,1.01865,27.86,6.93,-231.07,-8.9089,-54.5405,6.29243,1014.83
396494,3.01769,19.0626,0.224773,27.37,7.77,-253.47,-7.39794,-55.6816,7.65186,1014.83
396500,2.57771,22.5203,-1.9034,15.68,0.49,-277.48,-6.72964,-54.9106,7.07558,1014.81
396506,2.85031,23.0655,-3.72071,0,-1.47,-303.03,-5.10246,-55.2499,7.26767,1014.81
396512,2.6351,22.3147,-4.90196,-11.69,-7.07,-325.71,-2.74886,-55.7741,6.26287,1014.82
396518,3.17073,22.6925,-2.78336,-16.59,-10.92,-354.13,-1.09262,-56.4218,6.29243,1014.82
396524,3.49593,23.4625,-0.129125,-11.27,-11.34,-381.29,0.418328,-54.9415,7.53365,1014.82
396530,7.04448,24.1607,2.62076,-6.86,-12.11,-411.88,2.33608,-56.576,7.0608,1014.78
396536,7.934,25.1315,1.53515,-6.23,9.66,-449.05,5.56138,-56.9769,5.92302,1014.78
396542,2.67814,25.0215,1.97513,0.42,11.55,-479.92,7.33384,-55.3115,6.79483,1014.77
396548,1.04735,27.1975,0.588235,3.36,0.7,-503.93,10.2395,-54.8798,6.63228,1014.77
396554,5.61454,28.6466,-0.186514,-20.44,-4.2,-516.67,13.2324,-55.8667,5.46495,1014.79
396560,-1.59254,26.3223,3.64897,11.62,6.72,-520.38,15.4407,-54.5097,7.8144,1014.79
396566,1.03778,26.1645,-1.57341,4.13,-23.66,-523.18,18.8113,-53.3686,8.10993,1014.77
396572,2.49163,27.7857,2.37207,10.78,-25.34,-521.22,21.5717,-52.6285,7.90306,1014.77
396578,0.373027,31.0569,0.306074,14.49,-28.35,-518.21,23.4894,-52.0117,7.84395,1014.77
396584,4.05548,34.6676,-4.83979,-18.69,-46.27,-518.7,25.9883,-50.0996,7.6223,1014.78
396590,5.868,25.2224,-2.92683,-40.46,-50.19,-505.54,28.3419,-50.4697,6.78005,1014.78
396596,4.4285,16.0784,-1.25777,-2.8,-51.45,-478.24,31.3057,-47.4474,6.20377,1014.77
396602,3.21856,12.3051,-4.39503,27.02,-108.36,-438.34,32.0612,-45.7204,8.18381,1014.77
396608,8.19225,10.9134,-9.33046,3.85,-145.32,-373.52,32.9619,-45.0111,6.64706,1014.75
396614,18.6992,-5.055,-13.4672,-29.26,-141.75,-315.21,36.6812,-43.4999,5.28763,1014.75
396620,11.6356,-15.6193,-6.20756,43.05,33.32,-205.38,37.0008,-43.1915,6.20377,1014.76
396626,-17.6375,18.594,0.172166,-1.68,-49.77,-28.21,37.1461,-41.4028,6.41064,1014.76
396632,1.34864,9.61262,4.83501,9.8,-72.45,68.6,37.64,-42.2046,6.58796,1014.76
396638,15.4185,7.42707,-4.20373,46.2,29.47,148.82,37.3495,-42.9448,5.37629,1014.73
396644,11.6117,12.0612,-2.40076,9.17,16.45,200.06,35.8676,-42.6981,5.62749,1014.73
396650,16.8914,9.98565,-4.77284,2.03,56.91,225.12,35.9548,-43.6233,5.87869,1014.75
396656,12.3195,10.703,-2.41989,-13.79,70.42,234.99,35.5189,-45.412,6.52885,1014.75
396662,11.6165,8.86179,-2.11382,-18.69,77.28,233.1,32.9329,-45.6279,7.28245,1014.75
396668,10.2343,5.93496,-2.29555,-19.53,86.17,228.34,32.0612,-45.9363,6.82438,1014.75
396674,8.99091,3.40985,-1.59732,-14,85.05,227.15,32.2064,-47.3857,6.78005,1014.77
396680,7.78575,1.78862,-2.26686,-3.71,83.93,227.29,30.3759,-46.8923,6.48452,1014.77
396686,6.54232,0.81779,-2.13773,6.44,78.54,227.71,28.6325,-48.1876,8.0656,1014.76
396692,5.14586,0.516499,-2.24773,15.61,73.57,233.24,28.2838,-50.1613,6.4993,1014.76
396698,4.22764,1.31516,-2.23816,29.19,61.88,241.57,27.2087,-49.9146,7.14946,1014.76
396704,2.73553,2.45337,-1.59254,37.24,49.49,252.56,24.9713,-50.3155,8.64188,1014.71
396710,2.08513,3.14204,-1.40603,42.91,38.36,267.4,24.5645,-50.8398,9.45458,1014.71
396716,1.18604,4.39024,-0.923003,44.66,25.34,284.41,24.0996,-52.0117,8.33157,1014.68
396722,1.0043,4.96413,-0.521282,45.08,11.13,303.03,21.0777,-51.5491,9.1295,1014.68
396728,0.679101,5.71019,-0.0095648,45.57,0.63,322.35,19.6249,-52.5051,8.99651,1014.66
396734,0.416069,6.07843,0.593018,45.29,-12.53,339.78,19.7411,-53.3995,8.64188,1014.66
396740,0.243902,6.37016,1.44907,46.76,-25.48,354.41,16.5739,-54.078,8.64188,1014.67
396746,1.04735,6.60449,1.97991,49.77,-35.28,365.26,14.9467,-53.2453,9.98653,1014.67
396752,2.08991,7.02056,2.83118,54.32,-40.95,371.56,13.1161,-54.9415,8.86352,1014.67
396758,2.35772,7.48446,3.60593,59.22,-46.83,374.99,11.0822,-55.0957,9.57279,1014.7
396764,3.7494,7.86227,3.68723,60.55,-44.73,374.22,8.90291,-53.5845,10.0013,1014.7
396770,4.45241,9.14873,3.86896,59.5,-38.92,373.17,7.33384,-55.1265,10.3412,1014.7
396776,4.04591,10.3539,4.61023,58.66,-37.87,369.6,6.02629,-54.9723,10.0161,1014.7
396782,3.77331,12.0564,4.18938,52.71,-34.51,365.4,2.94627,-54.3863,10.4741,1014.7
396788,3.25681,12.8694,4.35677,46.76,-29.75,361.34,1.92928,-54.8489,10.8583,1014.7
396794,2.4725,14.4046,4.21329,38.71,-27.79,359.31,0.0696483,-55.6508,9.86832,1014.74
396800,2.17121,15.0024,4.04591,31.15,-24.78,357.63,-2.08055,-54.2938,10.5924,1014.74
396806,1.33429,15.758,3.97896,22.96,-23.73,357.28,-4.60849,-53.8312,11.3016,1014.75
396812,0.879962,19.1105,3.01291,11.9,-19.6,352.94,-4.98623,-54.8181,10.814,1014.75
396818,0.353898,16.8436,4.30416,12.53,-23.17,356.44,-7.2236,-54.078,10.4741,1014.75
396824,0.626494,16.9153,3.55332,13.37,-22.47,364.84,-10.7395,-52.4434,9.67622,1014.77
396830,0.0573888,17.6423,3.17551,13.09,-23.59,362.88,-11.1463,-52.721,10.3412,1014.77
396836,-0.353898,18.044,3.27594,14.56,-25.76,369.67,-13.7033,-52.721,10.0309,1014.74
396842,0.325203,18.0631,3.20899,19.11,-18.62,370.93,-15.4467,-50.1305,11.4642,1014.74
396848,-1.0043,20.1483,2.89335,20.86,-22.47,373.03,-16.6671,-49.3286,10.3855,1014.76
396854,-0.33955,20.77,2.49641,26.04,-19.32,380.24,-19.1659,-50.7781,10.7401,1014.76
396860,-1.05691,21.3486,2.31946,30.38,-17.71,388.64,-20.9965,-47.5091,10.8436,1014.76
396866,-1.46341,24.4333,2.04208,31.43,-15.82,393.4,-22.6237,-46.8306,11.3607,1014.76
396872,-1.97513,25.5715,2.08991,31.64,-18.27,402.22,-23.5826,-46.0905,11.1834,1014.76
396878,-1.27212,27.1449,1.31994,31.71,-3.22,414.12,-26.895,-44.6718,10.9618,1014.78
396884,-2.54902,28.7614,1.26734,30.24,6.79,421.54,-27.7377,-42.3588,12.5872,1014.78
396890,-3.86896,29.9474,0.846485,26.32,15.33,427.21,-29.5683,-41.9579,12.469,1014.8
396896,-4.94978,30.4352,0.602582,22.33,18.34,433.51,-31.3407,-40.7552,12.6315,1014.8
396902,-7.69488,28.79,1.31038,23.87,32.97,433.58,-33.2294,-37.9796,12.336,1014.78
396908,-10.11,28.5892,1.41559,28.91,37.66,432.11,-34.3045,-35.9442,11.7006,1014.78
396914,-14.2659,28.5988,1.78862,36.96,42.28,420.49,-36.5419,-36.561,10.5628,1014.79
396920,-18.0775,29.3065,1.12386,34.09,38.78,399.77,-38.14,-33.0452,10.9913,1014.79
396926,-19.1057,29.5218,-1.10473,22.89,39.13,369.04,-39.0408,-31.4416,12.602,1014.79
396932,-23.5485,31.7456,-7.21186,-5.53,37.59,330.61,-41.0166,-30.1155,11.0357,1014.78
396938,-28.5701,28.5701,-7.76662,-41.09,22.68,284.76,-41.714,-28.481,11.1834,1014.78
396944,-35.055,17.7571,-4.77762,-47.11,7,238.91,-41.1038,-26.4147,9.89787,1014.79
396950,-40.3109,9.68436,-1.72166,-22.75,-15.96,194.04,-43.5446,-26.3839,10.6958,1014.79
396956,-46.7719,-1.12386,2.74032,38.01,-40.95,148.33,-43.5736,-25.5203,10.0309,1014.8
396962,-49.627,1.40603,-0.13869,77,-58.94,110.6,-42.7891,-23.9475,11.5381,1014.8
396968,-50.8321,5.09326,3.35724,111.37,-81.34,58.31,-43.0797,-22.9915,11.1686,1014.87
396974,-47.824,8.50311,3.22812,131.18,-90.37,11.2,-43.3993,-24.2251,11.5381,1014.87
396980,-40.9086,14.5576,2.41511,124.39,-93.66,-40.39,-42.9634,-23.3616,13.8136,1014.81
396986,-33.6777,15.7006,2.63988,115.43,-86.24,-93.59,-42.9634,-23.3616,14.0796,1014.81
396992,-26.1167,18.1301,1.89383,91.49,-81.55,-134.68,-42.6438,-24.4718,14.7593,1014.81
396998,-21.8699,17.7284,2.48685,73.85,-61.46,-166.39,-41.9464,-25.3353,15.6902,1014.85
397004,43.0846,127.274,86.0545,258.65,-402.78,-351.96,-40.2321,-24.441,17.0496,1014.85
397010,16.5184,47.2358,-52.6399,-349.37,46.48,-287.42,-40.5808,-27.3707,16.8132,1014.86
397016,12.6686,-15.7676,-15.0693,93.1,-43.05,-170.52,-39.8253,-29.2828,15.971,1014.86
397022,28.4266,13.3812,-13.7924,-86.73,35.42,-242.27,-38.5468,-29.2828,17.1679,1014.83
397028,16.9823,9.16308,-2.29555,-57.33,110.95,-309.33,-38.1981,-30.2697,15.4833,1014.83
397034,18.2018,5.7341,1.10952,-101.08,141.61,-303.8,-37.9076,-32.9527,14.05,1014.83
397040,9.02917,3.62028,3.46724,-47.53,223.3,-335.93,-36.4838,-32.9219,15.1435,1014.83
397046,-4.69632,3.13247,11.3725,-10.71,185.43,-304.64,-35.9026,-34.5564,12.5576,1014.83
397052,-5.92061,11.0234,8.31181,-22.33,158.06,-311.78,-35.1181,-36.8077,12.5724,1014.84
397058,-11.4873,7.12099,13.1038,9.73,134.47,-329.35,-33.8977,-38.1338,10.7697,1014.84
397064,-17.5944,15.6958,11.1717,19.95,79.59,-304.22,-33.2004,-37.9488,11.213,1014.81
397070,-19.8135,25.4567,9.14873,13.16,10.15,-257.11,-32.7936,-40.1384,10.4298,1014.81
397076,-16.1215,18.2879,7.2549,-5.04,-62.44,-226.03,-31.2826,-40.786,9.60234,1014.84
397082,-3.7494,11.5878,3.17551,-0.84,-109.06,-220.43,-30.2656,-41.0636,12.7497,1014.84
397088,-0.93735,14.4381,-0.899091,12.88,-76.3,-191.1,-29.6554,-42.5747,11.7892,1014.82
397094,3.68723,13.979,-5.42324,14.35,-33.46,-180.11,-28.9871,-43.3457,12.3655,1014.82
397100,3.3142,15.2176,-6.86753,10.78,31.15,-194.53,-27.5633,-43.0065,11.4346,1014.82
397106,-12.3816,24.2037,-14.7394,-52.15,116.83,-78.12,-27.3018,-43.0065,11.9666,1014.8
397112,-18.7518,19.2444,-3.88331,-85.89,46.97,-50.47,-27.1565,-44.6718,9.42502,1014.8
397118,-1.43472,7.38403,6.37494,-106.54,-29.12,-50.54,-27.0113,-44.7952,9.60234,1014.82
397124,7.10186,2.66858,2.066,-53.2,31.08,-52.5,-26.0814,-43.685,10.4446,1014.82
397130,-0.133907,8.42659,1.49211,-38.5,58.59,-52.43,-25.2969,-45.2886,8.74531,1014.79
397136,-5.16021,10,2.80249,-36.26,32.41,-46.83,-26.4011,-46.8306,7.22334,1014.79
397142,-2.72597,10.3348,1.14778,-40.25,11.9,-28.91,-25.5584,-44.5485,8.46456,1014.86
397148,-0.109995,8.91439,1.33429,-24.99,18.27,-20.79,-24.9192,-44.9185,9.49891,1014.86
397154,0.0669536,11.0139,0.545194,-29.05,12.67,-25.83,-25.4713,-46.6147,7.94739,1014.83
397160,-0.176949,10.2056,1.56863,-26.04,7.21,-32.9,-25.326,-45.0727,8.76009,1014.83
397166,0.0430416,9.70349,0.487805,-25.41,13.51,-23.66,-25.8199,-44.7335,8.24291,1014.83
397172,-1.4682,9.62219,1.71688,-20.86,7.98,-18.76,-25.3841,-46.7073,8.36112,1014.85
397178,-0.454328,9.25394,1.84122,-13.37,0.91,-15.82,-25.326,-46.6456,7.74052,1014.85
397184,0.93735,9.78001,1.02343,-11.76,3.78,-18.9,-25.1226,-46.3063,8.31679,1014.83
397190,0.636059,9.85653,1.01387,-9.52,1.68,-20.72,-24.9773,-46.9848,7.91783,1014.83
397196,-0.521282,9.53132,2.19034,-6.93,1.82,-19.11,-25.0354,-47.6941,6.85393,1014.82
397202,0.0382592,9.90435,0.93735,-5.46,0.84,-17.22,-25.7328,-46.1521,8.00649,1014.82
397208,-0.205643,10.0765,0.631277,-0.98,-1.61,-17.78,-24.5995,-46.6764,5.79003,1014.81
397214,-0.0430416,10.3204,0.071736,-4.62,-0.84,-17.85,-25.2969,-46.8306,7.32678,1014.81
397220,0.334768,10.263,0.425634,-4.48,-1.19,-17.29,-24.309,-46.6764,7.79962,1014.81
397226,0.0430416,10.22,0.526064,-5.67,0.21,-18.97,-24.8901,-46.3063,7.84395,1014.83
397232,-0.0669536,9.75131,1.033,-7.49,-0.91,-19.32,-24.2799,-47.0157,7.50409,1014.83
397238,0.124342,9.41655,1.05213,-3.92,1.05,-17.71,-24.8901,-47.3549,6.2481,1014.85
397244,0.25825,9.77044,0.73649,-4.9,1.19,-21.35,-24.5705,-46.1521,7.77007,1014.85
397250,-0.373027,9.84218,0.741272,-3.08,1.75,-17.99,-24.4833,-47.1082,7.17901,1014.85
397256,-0.396939,9.8374,0.746054,-6.37,-1.19,-16.87,-24.0765,-46.4914,6.88348,1014.85
397262,-0.071736,9.60306,1.0043,-5.11,-0.7,-19.39,-24.3671,-46.9848,7.11991,1014.84
397268,0.272597,9.94739,-0.109995,-5.18,0,-18.2,-23.9894,-46.3989,6.98692,1014.84
397274,-0.334768,9.95696,0.210426,-7.98,0.49,-16.31,-23.5535,-47.91,7.23812,1014.84
397280,0.349115,10.3682,-0.47824,-11.55,7.42,-16.1,-24.3961,-46.8306,7.35633,1014.83
397286,-0.5978,10.5022,-0.0143472,-18.69,4.34,-18.13,-23.815,-46.2755,8.03604,1014.83
397292,-0.329986,10.9469,-0.803443,-24.01,-1.33,-15.47,-23.1467,-47.725,6.91304,1014.83
397298,-0.33955,10.33,-0.286944,-26.67,-0.21,-14.91,-23.1467,-47.7558,7.96216,1014.83
397304,-0.559541,10.6456,-0.11956,-28.56,-2.87,-16.03,-23.4373,-47.1082,7.23812,1014.81
397310,-0.784314,9.66523,0.114778,-32.76,-4.9,-14.21,-23.2339,-47.91,6.91304,1014.81
397316,-0.176949,10.0048,0.827355,-33.04,-3.71,-17.92,-23.5826,-48.5885,6.5584,1014.82
397322,-0.234338,9.92348,0.879962,-32.2,-8.54,-18.13,-23.8441,-47.91,6.63228,1014.82
397328,-0.114778,9.92348,0.932568,-32.69,-6.86,-18.41,-22.8561,-48.095,6.35153,1014.81
397334,0.234338,9.88044,0.272597,-31.71,-7.98,-19.95,-23.3792,-49.0511,5.90824,1014.81
397340,-0.406504,9.86131,0.870397,-33.32,-7.07,-19.46,-23.4954,-48.6193,5.40584,1014.81
397346,-0.650406,8.63701,1.14299,-38.85,-6.23,-19.67,-23.3211,-48.1567,7.14946,1014.81
397352,0.13869,9.73218,0.373027,-32.55,-7.42,-20.58,-22.7109,-49.1128,5.08076,1014.81
397358,-0.353898,9.79436,1.033,-34.16,-12.67,-21.35,-22.7109,-49.0202,4.4306,1014.82
397364,-1.03778,9.03874,2.08034,-28.98,-10.99,-17.78,-22.7399,-48.4343,6.73572,1014.82
397370,-0.746054,9.95218,1.85557,-30.66,-11.41,-20.09,-22.3622,-48.2492,5.62749,1014.8
397376,-0.243902,9.45481,1.37255,-30.17,-11.13,-26.67,-22.1878,-48.9894,4.75568,1014.8
397382,0.49737,10.4926,1.95122,-23.94,-13.58,-25.06,-22.6527,-48.2492,4.96255,1014.8
397388,0.545194,10.44,2.82162,-20.23,-14.07,-32.9,-22.246,-48.7735,5.84914,1014.8
397394,0.683883,10.5356,2.07556,-20.3,-9.73,-34.37,-22.0426,-49.6679,3.89865,1014.8
397400,-0.521282,8.06313,2.31946,-14.91,-8.26,-32.27,-21.5195,-49.2053,5.52406,1014.8
397406,-0.468675,9.36872,2.48685,-7.56,-7.77,-34.86,-21.9844,-48.7118,3.54402,1014.8
397412,-0.23912,9.03395,2.74988,-5.6,-6.79,-37.31,-21.6939,-50.1921,4.13507,1014.83
397418,0.153037,10.7556,2.1473,-8.89,-4.76,-40.88,-21.4614,-49.6679,4.72613,1014.83
397424,0.903874,8.97178,2.59684,-4.97,-4.06,-45.85,-21.4324,-48.5576,5.11032,1014.81
397430,0.5978,10.3969,2.1473,1.68,2.66,-48.44,-20.7641,-49.8529,5.36151,1014.81
397436,-0.420851,10.3061,2.76901,3.29,1.05,-49.49,-20.3282,-50.8398,4.00209,1014.84
397442,-0.631277,10.7652,3.16595,6.51,3.57,-50.54,-20.5607,-49.6679,5.30241,1014.84
397448,-0.0669536,10.3204,2.65901,8.75,7,-54.04,-19.689,-49.9454,5.15464,1014.84
397454,0.659971,10.703,2.61119,11.06,13.79,-62.02,-19.6308,-50.9323,3.3667,1014.83
397460,-0.133907,10.55,2.04208,18.97,4.34,-65.59,-18.9044,-50.0996,4.66702,1014.83
397466,-0.21999,11.6451,1.79818,20.51,6.37,-69.65,-19.3693,-50.0071,5.36151,1014.83
397472,0.215208,11.8556,1.65949,18.2,9.59,-78.61,-18.3814,-51.4566,4.96255,1014.83
397478,-0.870397,11.5399,3.82114,23.52,4.34,-81.9,-18.5267,-50.5005,4.97733,1014.82
397484,0.392157,12.6064,1.59254,26.53,7.7,-93.1,-18.4395,-49.8837,5.95257,1014.82
397490,-0.430416,12.5681,2.46772,27.02,3.5,-100.59,-17.4516,-51.3332,5.42062,1014.85
397496,0.382592,12.9173,1.3869,26.46,5.6,-110.18,-17.4225,-52.5051,5.7457,1014.85
397502,-0.382592,12.8168,2.61597,28.84,1.54,-115.99,-16.4927,-51.5799,5.37629,1014.81
397508,0.439981,12.2716,2.49641,29.26,3.43,-126.21,-15.8535,-51.4566,4.77046,1014.81
397514,0.0813008,12.5395,3.06552,33.32,8.54,-130.2,-15.3014,-52.4434,4.07597,1014.81
397520,1.05691,13.4051,3.11334,30.73,10.22,-141.47,-14.7493,-52.7518,6.11511,1014.81
397526,1.36777,13.4051,2.94596,35.42,14,-151.13,-13.9938,-51.9192,6.60273,1014.81
397532,0.669536,14.3137,2.43902,41.93,15.12,-160.44,-12.9187,-53.9238,5.6866,1014.83
397538,1.1956,14.878,1.74558,39.62,12.53,-176.82,-11.9889,-53.3378,6.86871,1014.83
397544,1.3056,14.945,1.18604,42.7,12.88,-189.21,-11.4078,-52.5976,5.96735,1014.81
397550,0.97561,15.5524,0.5978,40.88,11.06,-202.58,-10.0421,-54.0471,6.67661,1014.81
397556,0.779531,15.5285,0.191296,45.5,8.12,-218.96,-8.99606,-54.448,6.48452,1014.84
397562,0.994739,16.2697,0.253467,44.94,4.34,-236.67,-8.03719,-53.0602,5.31719,1014.84
397568,1.81731,18.0201,-0.401722,45.85,5.04,-253.89,-7.427,-54.263,6.69139,1014.84
397574,1.64036,19.2109,-0.306074,43.12,-4.69,-277.76,-4.89906,-55.1265,6.33676,1014.8
397580,3.04639,21.1239,-2.79292,36.68,-5.74,-301.7,-3.94019,-54.9723,7.66663,1014.8
397586,3.06552,22.4199,-3.05595,23.03,-8.26,-330.19,-2.31301,-54.6947,9.01129,1014.8
397592,4.57676,23.0129,-0.903874,10.71,-10.71,-358.12,0.243988,-56.3293,7.82917,1014.8
397598,5.1889,22.6925,2.37685,9.52,-1.61,-387.1,1.63871,-55.6199,8.40545,1014.83
397604,4.54328,22.176,4.51459,24.22,7.07,-414.75,3.5274,-54.8181,10.1638,1014.83
397610,5.44237,24.5528,4.20851,34.09,12.6,-443.17,5.99723,-55.7125,8.09515,1014.82
397616,5.36585,28.9574,2.77857,20.93,32.48,-480.9,8.61234,-55.4349,9.4398,1014.82
397622,4.56241,24.8733,1.45385,3.01,21.7,-505.12,10.0361,-54.3555,10.415,1014.82
397628,-0.588235,19.5074,2.88379,40.18,51.52,-503.16,12.4769,-54.0471,8.70098,1014.76
397634,-0.205643,28.7566,0.774749,65.1,6.86,-520.1,16.9516,-54.263,9.41025,1014.76
397640,3.22812,27.2549,-1.85079,32.62,13.44,-524.44,18.6079,-52.0117,10.4741,1014.79
397646,0.329986,27.0158,4.12721,55.51,2.73,-521.15,21.0486,-50.2847,10.4741,1014.79
397652,-0.621712,32.7307,-1.21473,41.93,0.28,-518.77,24.0996,-51.2099,11.3607,1014.77
397658,6.16451,35.0024,-5.77236,-9.17,-4.48,-518.84,26.3079,-49.1128,11.0948,1014.77
397664,4.1846,27.5753,-1.93687,-22.82,0.49,-498.68,26.86,-47.0773,11.8336,1014.76
397670,3.099,16.8101,-0.368245,-3.29,-15.26,-462.91,30.4921,-46.3989,11.2573,1014.76
397676,4.88761,16.6236,-2.08034,7.98,-45.92,-441.56,33.2815,-45.5045,10.4889,1014.78
397682,8.15399,6.79579,-4.81588,21.63,-91.91,-409.36,34.1532,-43.0682,12.336,1014.78
397688,12.3003,0.659971,-10.3013,30.24,-89.74,-357,34.5891,-41.7112,10.1786,1014.78
397694,0.755619,-8.84744,-9.71784,64.54,-36.89,-309.12,37.9016,-40.8477,11.5085,1014.71
397700,-19.9235,6.59015,-7.58489,59.99,-26.39,-136.57,37.3204,-39.3366,11.6267,1014.71
397706,-6.44668,12.3816,0.37781,25.76,-151.2,-8.47,37.4076,-38.6272,12.4837,1014.76
397712,11.0521,6.70014,-6.75275,54.67,-54.39,89.11,39.1801,-40.2001,11.4346,1014.76
397718,3.51506,12.7068,-1.95122,34.37,-54.88,172.62,38.628,-39.83,11.2573,1014.74
397724,8.66571,10.966,-2.2812,0,-54.95,229.11,36.1,-40.8169,10.6515,1014.74
397730,12.1951,10.0191,-3.08465,11.2,-22.05,255.78,36.594,-42.4514,10.9618,1014.74
397736,9.57915,11.3199,-1.75514,-4.2,-24.64,269.29,36.071,-42.6672,11.6858,1014.74
397742,10.5261,9.08656,-1.45385,-11.76,-18.06,273,34.0951,-43.3457,11.6563,1014.74
397748,9.85653,5.43759,-0.310856,-11.62,-7,272.65,31.6253,-44.9185,9.27726,1014.75
397754,9.09613,4.80631,-0.980392,-13.23,-4.06,270.69,33.1944,-46.183,10.4594,1014.75
397760,8.19703,2.91726,-1.05213,-11.62,-0.63,268.45,30.2887,-46.7381,10.7253,1014.81
397766,7.59445,2.19034,-0.889526,-6.23,4.9,269.85,28.8649,-46.6764,11.7154,1014.81
397772,6.65232,2.25251,-1.05691,-1.89,7.56,270.06,28.4291,-48.8969,9.91265,1014.76
397778,5.44715,2.60163,-0.301291,0.91,7.14,274.47,27.6445,-49.3903,10.3855,1014.76
397784,4.78718,3.24725,-0.353898,5.88,7.49,282.52,25.5815,-48.6193,10.0309,1014.67
397790,4.25155,3.62984,-0.368245,6.23,8.54,293.3,25.0585,-50.4697,10.548,1014.67
397796,3.33812,4.40459,-0.325203,6.86,7.56,306.81,23.5766,-51.7341,9.92742,1014.67
397802,3.09421,4.98804,-0.272597,6.58,4.55,320.88,21.5135,-51.4566,9.85354,1014.64
397808,2.38642,5.60497,-0.21999,7,2.8,332.57,19.7411,-52.0734,9.33637,1014.64
397814,1.96557,5.97322,-0.224773,7.84,-1.89,344.12,19.2181,-53.2761,9.29204,1014.67
397820,1.77905,6.00191,0.267814,10.22,-7.28,353.99,15.7022,-53.8004,10.2377,1014.67
397826,1.83644,6.17886,0.593018,14.91,-12.88,359.38,14.1331,-53.8621,10.3855,1014.68
397832,1.93209,6.4945,0.832138,20.37,-17.43,363.58,12.535,-54.7873,10.6367,1014.68
397838,2.1186,6.70493,0.980392,25.97,-20.3,366.38,10.2976,-55.0957,8.90785,1014.69
397844,2.41989,7.90531,0.989957,30.52,-22.33,368.9,9.04819,-55.0031,9.42502,1014.69
397850,2.26686,8.59876,1.16212,31.01,-28.35,367.85,7.27573,-55.8975,7.66663,1014.7
397856,2.49163,9.3735,1.29125,36.61,-28.35,367.01,5.6776,-56.0209,8.67143,1014.7
397862,1.87948,10.4113,0.951698,34.93,-32.34,368.27,3.49835,-54.7256,9.21815,1014.7
397868,1.43472,11.6643,1.10952,33.32,-37.03,368.41,1.11569,-55.219,10.7697,1014.72
397874,1.15734,13.0177,0.884744,30.31,-38.15,370.72,-0.308091,-56.4526,8.83397,1014.72
397880,0.511717,13.6824,1.19082,27.16,-44.1,374.22,-2.83603,-54.9723,9.4398,1014.74
397886,0.0191296,14.4333,1.15734,25.41,-49.28,375.48,-4.66661,-54.5097,10.0604,1014.74
397892,0.0191296,15.0263,0.688666,22.26,-53.97,376.25,-6.32284,-54.9106,11.8188,1014.76
397898,-0.291726,17.3601,0.373027,23.87,-50.61,374.08,-7.95002,-53.9854,9.57279,1014.76
397904,-1.37733,16.6141,1.3582,25.27,-69.93,374.36,-10.3327,-53.0602,10.2082,1014.76
397910,-1.61167,16.1789,1.39168,31.22,-77.42,366.87,-11.524,-53.3686,9.79444,1014.76
397916,-2.21425,16.7241,1.28647,39.55,-82.53,360.29,-13.1802,-52.8135,8.58277,1014.76
397922,-2.46772,16.6332,2.07078,52.71,-86.73,356.72,-15.1852,-50.9323,10.3412,1014.77
397940,-3.51506,20.6169,2.73075,93.38,-99.19,348.32,-19.718,-48.4343,13.0305,1014.77
397946,-3.62506,23.056,2.67336,99.89,-96.18,355.11,-21.2871,-47.0465,13.0305,1014.77
397952,-2.59684,24.2181,2.066,101.85,-84.98,373.24,-23.4954,-46.954,14.0353,1014.77
397958,-1.56863,26.7241,3.5868,105.42,-63.49,386.54,-25.355,-45.5662,13.8875,1014.75
397964,-3.1516,27.4988,3.95504,100.31,-49.77,403.27,-25.5875,-43.099,14.2126,1014.75
397970,-1.7934,28.1636,3.33812,88.69,-18.48,420.98,-27.7377,-43.0065,15.2174,1014.75
397976,-3.27594,28.4553,3.68723,76.51,5.32,428.89,-30.1785,-41.5262,16.5473,1014.79
397982,-4.51937,26.0067,5.71497,73.5,29.61,427.35,-31.5441,-38.0721,16.6655,1014.79
397988,-6.97274,26.1932,6.17408,75.39,49.98,418.81,-33.8105,-36.2834,15.8823,1014.81
397994,-11.6547,27.714,6.45624,73.36,60.41,403.69,-35.06,-36.2526,14.5229,1014.81
398000,-14.1607,28.594,6.40842,67.13,70.49,378.84,-35.9898,-33.2611,15.7641,1014.79
398006,-17.164,30.8369,4.16547,45.85,78.89,351.05,-37.0649,-30.8865,16.3256,1014.79
398012,-19.8804,32.9651,-1.91774,6.44,84.35,317.8,-39.0117,-30.7323,15.1878,1014.81
398018,-23.3525,34.3137,-7.82879,-55.16,84.77,284.34,-39.4476,-29.4987,15.6607,1014.81
398024,-30.0909,27.1497,-8.34051,-115.64,80.92,250.81,-40.4064,-28.3576,13.2226,1014.82
398030,-35.7437,18.6227,-4.7824,-127.47,61.39,216.72,-41.0747,-27.4016,13.8432,1014.82
398036,-41.846,3.14204,3.5055,-86.17,43.12,181.79,-42.9053,-26.7848,12.2916,1014.82
398042,-44.945,-1.87948,4.01243,-12.39,22.89,147.56,-42.4985,-24.9961,11.9813,1014.81
398048,-48.0823,-2.1186,3.67288,44.73,-2.17,114.03,-43.6027,-24.5643,12.07,1014.81
398054,-44.3855,0.83692,3.55332,79.03,-4.69,67.97,-44.3,-25.6745,11.7154,1014.81
398060,-38.3596,7.60402,5.45672,110.32,0.7,11.48,-43.1959,-23.855,12.8384,1014.81
398066,-33.869,11.5543,6.2219,118.3,0.14,-48.3,-42.4404,-22.9298,13.8136,1014.81
398072,-27.3027,17.4797,4.40459,98.63,14.14,-102.06,-43.748,-25.3045,13.1487,1014.81
398078,26.6427,106.628,89.3974,257.25,-121.59,-410.69,-43.1378,-25.6745,14.8923,1014.83
398084,-40.8417,-14.4189,28.6561,-106.61,63.21,-291.69,-41.0457,-25.6437,14.3012,1014.83
398090,1.97035,-16.9393,-10.483,71.89,-193.69,-289.17,-40.9004,-28.1109,14.1387,1014.83
398096,21.6547,10.483,-15.4998,-17.43,-24.43,-333.48,-39.8544,-30.3622,14.6411,1014.81
398102,7.03013,25.5141,3.08943,-55.3,42.21,-303.59,-38.8083,-29.7454,15.0844,1014.81
398108,12.6255,8.13964,2.38164,-85.33,48.09,-325.08,-38.14,-32.3359,14.4342,1014.85
398114,6.69536,10.6169,0.253467,-68.46,117.32,-336.28,-37.4136,-34.5872,13.1043,1014.85
398120,-5.44715,7.05404,11.7551,-33.25,60.55,-336.21,-36.3966,-34.8956,13.5033,1014.84
398126,-1.62602,7.03969,8.03921,-21.7,53.83,-341.95,-34.9728,-36.6843,13.06,1014.84
398132,-6.63319,10.6887,3.51985,-22.4,76.79,-339.08,-33.5781,-39.1207,11.9961,1014.83
398138,-12.6877,22.6016,4.52415,-32.55,47.18,-308.21,-32.2996,-38.9356,10.9322,1014.83
398144,-13.0607,21.1047,-1.67862,-36.12,23.03,-267.33,-30.7886,-39.5216,11.4937,1014.83
398150,-8.33094,15.9923,3.11812,-34.16,-26.46,-247.24,-30.2366,-41.557,10.6662,1014.83
398156,-5.28455,14.3998,3.77331,-27.37,-43.75,-226.17,-29.0452,-42.8831,12.2325,1014.83
398162,0.483022,11.0091,0.765184,-14.35,-35.21,-220.43,-29.2777,-42.6981,10.2673,1014.79
398168,-1.72645,21.4204,-8.68006,-8.12,95.97,-197.61,-26.4592,-43.3149,10.6958,1014.79
398174,-14.3281,14.5576,-6.66188,-46.2,107.1,-95.41,-26.6045,-45.7821,9.88309,1014.78
398180,-13.3525,18.4075,1.20038,-95.48,28.49,-68.81,-26.0814,-44.4251,9.21815,1014.78
398186,0.841702,4.99283,5.16977,-90.23,-10.36,-69.65,-26.4882,-43.7775,9.48413,1014.81
398192,4.22286,6.33668,2.0373,-39.83,47.25,-52.99,-25.9652,-45.6895,8.68621,1014.81
398198,-4.47633,10.0909,2.46772,-32.41,54.74,-45.22,-25.9652,-45.1961,8.46456,1014.81
398204,-4.92587,7.91965,4.88761,-27.16,21.91,-32.83,-25.4713,-44.826,8.73053,1014.81
398210,-2.63032,9.4022,3.46246,-17.22,2.38,-28.07,-25.2097,-46.1213,9.23293,1014.81
398216,-1.50646,8.78049,1.75992,-6.65,6.72,-19.6,-25.2679,-46.5222,8.1247,1014.81
398222,-1.32951,10.6217,0.722142,-6.44,1.33,-8.54,-24.5995,-45.7821,8.84875,1014.81
398228,0.741272,10.2822,-0.0191296,-9.24,2.87,-11.69,-24.9482,-46.8615,8.50889,1014.81
398234,0.368245,10.1578,0.69823,-2.94,4.06,-14.21,-24.9773,-46.7689,7.6223,1014.81
398240,-0.640842,10.1196,2.68771,2.45,-3.29,-11.69,-25.2969,-46.4297,8.59755,1014.83
398246,0.908656,10.6552,0.545194,3.01,-0.98,-11.48,-24.9482,-45.5353,8.67143,1014.83
398252,1.18125,10.6791,-0.0908656,1.61,4.76,-16.45,-24.3671,-47.0773,7.77007,1014.85
398258,-0.693448,10.5978,1.08082,-2.31,2.38,-12.67,-24.9773,-46.7689,7.0608,1014.85
398264,0.0813008,10.44,0.951698,-2.66,1.54,-14.7,-24.5124,-45.9979,9.55801,1014.85
398270,0.0430416,9.67958,1.35342,-0.56,-4.2,-9.52,-25.0063,-46.2755,7.40066,1014.79
398276,0.569106,9.91392,0.502152,2.24,-0.98,-14.63,-25.0645,-47.3549,8.47934,1014.79
398282,-0.196078,10.7508,0.492587,-0.49,-3.78,-15.47,-24.9192,-46.0288,9.97175,1014.8
398288,-0.0095648,10.1291,0.636059,-1.89,-3.29,-11.62,-25.1807,-46.954,9.33637,1014.8
398294,-0.129125,9.81349,1.09995,-0.77,-4.69,-10.43,-24.2799,-47.725,8.47934,1014.83
398300,0.0334768,9.46437,1.31038,0.49,-7.14,-15.19,-24.3671,-46.9848,8.47934,1014.83
398306,0.650406,9.96652,0.301291,-2.52,-4.13,-15.19,-23.8731,-46.1213,7.68141,1014.83
398312,-0.463893,10.1052,0.832138,0.77,1.47,-10.08,-24.7158,-47.2007,7.48932,1014.83
398318,-0.0143472,9.92826,0.636059,-2.31,-3.15,-12.46,-24.0475,-47.0773,8.02127,1014.83
398324,0.267814,9.76088,0.664754,-0.91,-11.2,-12.39,-24.1637,-46.7689,8.55322,1014.8
398330,-0.21999,10.3204,0.200861,-5.46,-8.33,-11.83,-24.309,-46.9848,8.67143,1014.8
398336,0.325203,9.89479,0.35868,-6.86,-6.58,-14.14,-23.9894,-47.4782,8.42023,1014.82
398342,0.215208,10.3109,-0.248685,-9.66,-4.97,-12.39,-24.5995,-45.7821,9.67622,1014.82
398348,-0.129125,10.2726,0.176949,-14.42,-4.55,-14.28,-24.6867,-46.9848,8.61232,1014.83
398354,0.5978,10.067,-0.148254,-17.01,0.35,-14.35,-24.4833,-47.324,6.69139,1014.83
398360,-0.205643,10.0096,0.215208,-21.56,0.84,-14,-24.1346,-47.2315,8.22814,1014.83
398366,-0.368245,10,0.0526064,-25.97,-0.63,-14.49,-23.6697,-46.4605,9.51368,1014.83
398372,0.25825,10.1817,-0.124342,-27.16,0.21,-15.4,-23.5826,-48.4651,7.69619,1014.83
398378,-0.368245,9.96174,0.296509,-28.56,-0.98,-13.16,-23.8441,-47.6016,8.3759,1014.83
398384,-0.153037,9.34959,0.655189,-33.04,-3.5,-15.89,-23.9022,-47.5091,8.27247,1014.83
398390,0.57867,10.0813,0.215208,-28.21,-2.87,-16.45,-23.7569,-48.2801,7.60753,1014.8
398396,-0.774749,10.3969,0.363462,-34.09,-5.67,-18.27,-23.815,-48.3726,7.93261,1014.8
398402,-0.511717,9.86131,1.31038,-33.11,-9.94,-17.01,-23.6697,-47.3549,7.25289,1014.82
398408,-0.473458,9.2396,1.46341,-29.61,-6.37,-18.27,-23.9022,-48.1259,6.26287,1014.82
398414,-0.506934,9.20612,1.6021,-27.09,-8.75,-17.92,-23.2339,-48.2801,6.04123,1014.81
398420,-0.923003,9.68436,1.97035,-28.56,-9.66,-16.66,-22.5946,-47.3549,6.23332,1014.81
398426,-0.172166,8.98613,1.22429,-27.79,-6.02,-16.8,-22.3622,-47.725,7.22334,1014.83
398432,-0.444763,10.0909,1.16212,-24.64,-12.25,-18.48,-23.3792,-48.5885,4.1794,1014.83
398438,0.588235,10.55,0.148254,-25.34,-14.63,-19.88,-23.4373,-48.3109,4.57836,1014.83
398444,-0.0669536,10.0574,0.569106,-33.95,-15.47,-22.61,-22.6237,-47.8175,6.26287,1014.84
398450,0.454328,10.1435,1.11908,-30.52,-15.96,-24.5,-23.1467,-48.3418,4.97733,1014.84
398456,0.263032,9.90913,0.382592,-29.82,-15.68,-25.62,-23.1467,-48.5885,5.65704,1014.85
398462,0.234338,9.69871,1.01865,-28,-16.24,-25.55,-22.1588,-47.2932,5.62749,1014.85
398468,0.047824,9.99522,1.76471,-28.07,-14.91,-25.55,-22.4493,-48.8969,5.08076,1014.81
398474,-0.181731,8.89526,2.18077,-23.1,-17.64,-30.73,-22.5075,-49.1744,4.16463,1014.81
398480,-0.0669536,9.79436,1.76471,-23.17,-7.7,-25.83,-22.1878,-49.0202,5.33196,1014.81
398486,-0.392157,10.2248,0.97561,-29.82,-10.71,-25.06,-21.8682,-47.4474,6.61751,1014.81
398492,-0.631277,8.83788,1.4395,-24.08,-11.48,-29.61,-22.1878,-50.0379,5.00688,1014.81
398498,0.129125,10.2296,2.51554,-24.29,-6.58,-28.98,-21.6358,-49.2361,4.75568,1014.81
398504,-0.779531,9.87566,2.61119,-22.82,-6.16,-28.35,-21.1127,-48.0642,5.79003,1014.81
398510,0.468675,10.1913,2.56337,-21.7,0.56,-32.27,-21.1709,-48.866,3.88387,1014.82
398516,1.33429,10.6982,4.75849,-6.58,0.35,-42,-20.735,-49.6679,4.3715,1014.82
398522,4.58632,12.9747,5.84409,2.31,5.18,-56.84,-20.6188,-48.866,5.1842,1014.84
398528,0.253467,10.9708,4.16069,7.91,9.94,-61.53,-20.9384,-49.6062,4.23851,1014.84
398534,-0.396939,11.9895,2.34338,12.88,17.78,-67.83,-20.8512,-50.9323,3.95776,1014.84
398540,0.13869,13.4194,2.33859,-1.96,4.55,-80.29,-20.4154,-50.9015,5.71615,1014.84
398546,3.53419,12.0421,1.33907,10.64,11.55,-88.27,-20.1539,-50.1305,6.14466,1014.83
398552,0.97561,11.4299,3.2329,17.36,12.11,-95.97,-19.689,-51.6725,4.54881,1014.83
398558,0.879962,12.8025,2.4725,20.65,13.79,-104.72,-19.0788,-51.3641,5.86391,1014.83
398564,0.387374,12.4342,2.68771,23.52,11.41,-110.88,-18.6139,-49.8529,6.10033,1014.84
398570,0.97561,12.4821,2.52511,24.15,15.19,-121.45,-18.4105,-52.4126,4.78523,1014.84
398576,0.784314,11.4538,3.98852,34.16,13.51,-128.17,-17.0448,-52.9986,5.28763,1014.82
398582,1.40603,13.2281,2.83596,34.37,17.85,-138.67,-16.0569,-51.3949,6.15944,1014.82
398588,1.53515,13.3381,2.6638,34.51,17.57,-148.75,-15.7663,-52.1659,5.92302,1014.82
398594,1.9847,13.1994,2.75466,41.37,18.97,-158.62,-14.7493,-53.5845,6.66184,1014.82
398600,1.05213,14.4811,1.26255,38.71,18.34,-172.34,-13.7614,-52.5051,6.54363,1014.81
398606,1.37255,13.9168,1.05691,41.86,12.46,-184.59,-12.8897,-52.6285,7.75529,1014.81
398612,1.84601,15.2559,2.29077,44.1,13.86,-199.43,-12.0761,-53.3686,7.19379,1014.81
398618,2.09947,15.9254,1.13821,42.14,12.25,-214.34,-11.4368,-54.0471,7.04602,1014.81
398624,0.612147,16.5423,0.291726,42.42,14.84,-226.24,-9.95494,-53.2144,7.17901,1014.81
398630,1.03778,16.4084,0.669536,44.8,6.65,-245.49,-8.47304,-54.3863,8.58277,1014.78
398636,2.03252,20.6313,-0.813008,44.31,8.05,-264.25,-7.0202,-55.1573,7.37111,1014.78
398642,2.89813,22.5251,-3.44333,28.84,0.49,-289.66,-6.46813,-54.4172,7.74052,1014.81
398648,2.29555,23.4816,-4.74414,8.96,-7.35,-314.37,-5.13152,-55.1882,7.54842,1014.81
398654,3.84505,22.3816,-4.17982,-5.18,-10.08,-339.71,-2.86509,-55.8358,7.59275,1014.8
398660,3.4768,23.6059,-1.40124,-9.31,-9.17,-366.66,-1.12168,-55.4041,6.66184,1014.8
398666,4.84457,23.5916,2.43902,-5.46,-16.45,-393.61,0.621727,-54.8181,7.85873,1014.8
398672,8.967,25.9158,3.30464,-3.22,2.38,-419.86,3.64363,-56.6685,8.78964,1014.75
398678,8.44094,28.3118,1.84122,-22.75,9.94,-458.64,5.79383,-55.3115,7.79962,1014.75
398684,4.05548,24.0316,0.277379,-25.2,29.68,-496.16,7.59535,-54.8181,8.33157,1014.79
398690,1.53993,24.9307,0.468675,-18.2,5.88,-512.82,11.489,-55.7741,8.0656,1014.79
398696,2.59684,21.0952,-0.473458,4.27,28.35,-519.82,13.4067,-55.219,6.97214,1014.79
398702,-4.93065,28.2879,2.32903,33.74,-0.63,-522.34,15.9346,-53.0602,8.43501,1014.79
398708,4.00287,30.3539,-2.56337,9.73,-14.7,-526.61,18.7532,-52.8135,8.3759,1014.79
398714,-1.09039,29.4978,4.45241,-3.85,-14.07,-514.85,21.3101,-52.3509,7.26767,1014.79
398720,2.42946,34.792,-1.21473,-24.43,-9.38,-501.34,23.4603,-50.8398,9.24771,1014.73
398726,5.53802,33.1468,-3.46724,-67.06,-15.05,-503.72,24.6226,-48.7427,9.36592,1014.73
398732,8.39311,22.4103,-1.80296,-75.25,-27.09,-491.75,29.0102,-48.3109,7.19379,1014.73
398738,4.79197,12.0708,-2.41033,-22.68,-21.98,-448.14,31.0151,-46.6147,7.22334,1014.73
398744,4.28503,15.0263,-8.32616,-25.27,-54.95,-420.49,31.9159,-45.2886,7.85873,1014.73
398750,14.3376,6.47059,-6.35103,-42.35,-114.38,-379.75,34.56,-44.1167,7.57797,1014.73
398756,14.8063,-9.54089,-9.20612,-12.53,-78.26,-352.17,36.0419,-42.914,8.77486,1014.73
398762,-12.5012,0.530846,-11.6212,29.89,36.47,-220.08,36.1872,-41.6804,7.74052,1014.71
398768,-20.6695,12.3051,1.53993,-8.26,-115.22,-72.1,36.9427,-40.4159,7.35633,1014.71
398774,11.8556,2.7451,-3.70158,22.89,-83.3,21.63,38.8314,-41.3411,6.98692,1014.77
398780,10.0096,5.055,-3.38594,55.3,-13.37,105.56,37.2914,-41.4953,6.21855,1014.77
398786,9.42611,9.14873,-0.554758,43.68,-24.57,163.87,35.6351,-41.8037,8.78964,1014.77
398792,13.955,8.60832,-2.38164,46.48,8.47,195.79,36.2744,-42.7906,7.0608,1014.79
398798,11.4634,11.6308,-1.956,31.78,20.37,211.61,36.0129,-43.0373,7.43021,1014.79
398804,11.7312,10.7939,-1.85079,21.07,33.32,215.88,34.2404,-43.4382,7.84395,1014.71
398810,10.8178,8.84744,-1.61167,11.41,47.46,216.86,33.7755,-45.1344,8.0656,1014.71
398816,10.0383,6.70971,-1.68819,2.31,56.63,218.96,32.4679,-45.9054,8.67143,1014.73
398822,8.76136,4.57197,-1.39646,0.7,65.66,222.67,31.974,-45.6279,9.3807,1014.73
398828,7.29794,3.64419,-1.47298,-2.52,66.78,227.78,30.8408,-46.7689,7.25289,1014.78
398834,5.93018,2.91248,-1.50646,-0.28,66.99,233.87,30.434,-47.4166,7.37111,1014.78
398840,4.22764,2.989,-1.13821,0.84,62.93,243.95,28.4291,-47.2624,8.81919,1014.78
398846,3.46724,3.05595,-1.25777,3.57,57.33,256.41,26.6275,-49.0819,8.21336,1014.69
398852,2.38164,3.45768,-1.2769,4.41,50.26,269.29,26.7147,-50.5314,8.03604,1014.69
398858,2.02296,3.92635,-1.40124,4.76,42.98,284.13,24.9422,-50.1305,8.67143,1014.68
398864,1.36777,4.35677,-1.03778,6.02,33.04,300.3,23.6056,-50.4389,8.77486,1014.68
398870,1.18125,4.81588,-1.06169,6.93,23.24,314.79,22.9373,-52.0425,8.36112,1014.66
398876,0.760402,5.40411,-0.83692,9.87,12.81,326.06,20.2641,-52.6593,7.01647,1014.66
398882,0.946915,5.58106,-0.951698,12.18,1.47,337.61,17.9396,-52.0734,8.42023,1014.67
398888,0.669536,5.75801,-0.506934,15.75,-10.36,345.17,16.4867,-53.1219,9.36592,1014.67
398894,0.755619,5.81062,-0.200861,21.77,-20.79,352.73,15.586,-54.078,8.18381,1014.68
398900,0.83692,5.99713,0.315638,28.77,-30.31,357.35,13.3195,-53.5845,8.56799,1014.68
398906,1.07604,6.33668,0.363462,34.72,-38.5,360.43,11.0531,-53.9238,8.61232,1014.68
398912,1.35342,6.66188,0.779531,41.65,-44.31,363.93,10.3557,-55.6816,7.07558,1014.69
398918,1.29603,7.57532,0.93735,47.81,-51.24,367.57,7.53724,-55.5583,8.27247,1014.69
398924,1.93687,8.28312,1.16212,50.12,-53.55,368.62,5.27081,-54.1396,9.27726,1014.75
398930,1.88905,9.2922,1.80296,54.67,-54.39,368.48,4.10854,-55.6199,8.98173,1014.75
398936,1.87948,10.9326,2.20469,58.17,-55.02,368.2,2.04551,-55.0648,10.6219,1014.71
398942,1.51124,12.2429,2.4725,58.87,-53.41,369.53,-0.0465791,-54.448,9.21815,1014.71
398948,1.23864,13.9455,2.70684,55.23,-53.41,370.86,-2.02244,-54.7564,10.5333,1014.74
398954,1.10952,15.0646,2.85031,51.1,-55.02,371.84,-3.64962,-55.4041,9.4398,1014.74
398960,0.961262,16.6332,2.80249,46.2,-50.61,372.82,-4.98623,-53.8929,11.4937,1014.74
398966,-0.0430416,16.901,4.03635,45.92,-49.21,372.12,-7.31077,-52.9369,11.1095,1014.77
398972,-0.205643,17.891,3.43855,32.48,-44.87,384.44,-9.51909,-54.1396,11.1834,1014.77
398978,-0.593018,18.924,3.16117,30.03,-48.79,382.9,-10.6814,-52.9677,9.33637,1014.76
398984,0.530846,18.1492,3.39072,33.39,-35.77,382.34,-13.064,-51.5491,11.2721,1014.76
398990,-1.17647,19.4357,3.86896,31.29,-37.59,391.51,-14.6912,-51.9192,10.7253,1014.75
398996,-0.707795,19.5648,3.34768,38.01,-32.83,398.02,-16.4055,-50.1305,11.08,1014.75
399002,-1.53993,20.8321,3.37637,41.02,-30.24,399.7,-18.1489,-48.8352,11.5528,1014.74
399008,-1.51124,21.5351,2.89813,45.64,-29.4,402.99,-20.8512,-47.8792,11.7449,1014.74
399014,-1.7121,23.8307,2.5538,46.62,-26.74,407.33,-22.3912,-47.6633,10.8583,1014.74
399020,-1.76949,24.7059,2.12817,50.12,-21.77,408.59,-24.5124,-44.9494,12.9861,1014.75
399026,-2.37207,26.9823,1.49211,51.52,-12.81,410.27,-25.6747,-43.8083,11.8631,1014.75
399032,-2.97944,28.2831,0.980392,50.4,-5.04,411.04,-27.7377,-43.8392,13.193,1014.74
399038,-4.15112,30.0956,-0.401722,48.3,8.89,411.74,-29.2196,-42.5747,12.4246,1014.74
399044,-5.38498,31.0091,-1.40603,40.04,18.2,411.18,-31.3117,-39.3057,12.7054,1014.76
399050,-8.58441,31.4634,-1.99426,31.57,27.37,410.48,-33.7524,-38.1646,12.203,1014.76
399056,-10.966,29.933,-1.43472,28.35,30.38,407.4,-35.1181,-37.4862,12.9123,1014.78
399062,-12.7786,23.7972,2.88379,39.13,40.11,398.09,-35.3215,-34.1863,12.0848,1014.78
399068,-14.7681,22.0612,3.21377,56.14,52.57,382.34,-37.0649,-32.7677,12.1291,1014.78
399074,-19.5696,24.0411,0.167384,62.58,58.73,360.64,-38.4887,-32.3051,12.5281,1014.78
399080,-23.1803,25.9541,-1.80296,49.21,56.77,331.1,-39.8544,-29.8379,12.4985,1014.78
399086,-28.197,25.6911,-3.00813,29.61,52.29,289.52,-40.3774,-27.5866,13.7397,1014.78
399092,-32.0708,23.4816,-3.5055,13.93,43.12,237.58,-41.714,-27.9875,12.203,1014.78
399098,-38.5892,16.9919,-2.95074,3.5,31.29,189.77,-42.8472,-26.9698,12.2769,1014.83
399104,-46.2171,11.0187,0.483022,16.94,12.81,142.45,-42.4113,-24.1942,11.2277,1014.83
399110,-50.4065,6.31277,1.12386,38.57,-10.36,99.05,-42.9925,-25.3661,10.6515,1014.83
399116,-52.7068,5.64323,3.49593,66.22,-37.8,49.07,-43.254,-24.811,12.336,1014.83
399122,-48.7327,8.14443,2.85988,84.07,-59.85,-6.72,-42.9053,-23.2382,13.3851,1014.85
399128,-40.0526,11.3056,3.25203,93.38,-75.46,-62.09,-42.4695,-23.67,12.7202,1014.85
399134,-33.7829,11.7408,3.57245,98.98,-73.43,-114.87,-43.2249,-25.4278,13.5772,1014.85
399140,31.6882,113.046,88.7279,410.97,-406.42,-322.42,-42.1498,-23.7625,15.4538,1014.8
399146,-3.71592,67.3697,-36.858,-359.94,104.09,-330.61,-40.9295,-25.8596,16.2813,1014.8
399152,0.746054,-27.3123,7.6901,74.62,-13.51,-260.05,-40.5227,-28.7585,14.0205,1014.81
399158,21.913,4.84457,-3.40507,-48.86,-18.2,-300.37,-39.5057,-29.4062,13.6659,1014.81
399164,8.86657,18.7757,-3.93592,19.74,60.06,-278.74,-38.4015,-29.622,14.981,1014.82
399170,11.1478,16.5375,1.67862,-66.99,25.41,-291.13,-38.14,-32.4284,14.2274,1014.82
399176,15.6576,8.03921,-2.67814,-71.26,152.67,-323.19,-37.5589,-34.248,13.0009,1014.85
399182,4.06504,4.43807,7.08752,-60.55,168.49,-327.18,-35.4087,-35.0807,12.07,1014.85
399188,-5.80105,4.94022,11.4347,-46.2,114.45,-322.91,-35.089,-35.8517,12.2621,1014.85
399194,-5.70062,8.10139,10.5978,-16.73,88.9,-330.47,-34.0721,-38.8123,10.1195,1014.83
399200,-12.1664,13.1994,11.0187,-3.43,67.62,-324.38,-32.7936,-38.7198,10.2673,1014.83
399206,-18.2879,19.5648,11.6451,2.03,17.15,-287.91,-32.009,-38.874,11.1686,1014.83
399212,-15.8824,23.2186,4.44763,-3.64,-52.29,-244.86,-31.6313,-41.4645,10.9618,1014.83
399218,-11.5017,15.1889,3.92635,-16.45,-101.36,-215.53,-29.9169,-42.3588,10.8879,1014.85
399224,-1.9847,14.8685,-0.894309,-19.53,-89.88,-201.32,-29.0162,-41.6187,10.7549,1014.85
399230,1.41081,12.3482,-3.68723,-6.37,21.14,-195.58,-28.6094,-43.4999,11.8484,1014.84
399236,-5.83453,21.7695,-17.5418,-59.29,102.41,-89.39,-27.1856,-43.9934,10.5185,1014.84
399242,-11.5351,18.8809,-0.564323,-85.96,57.82,-44.38,-26.6626,-43.4382,10.2673,1014.82
399248,-1.20995,10,4.47154,-114.8,-0.42,-55.65,-26.866,-43.8392,9.24771,1014.82
399254,3.72549,6.51841,2.88379,-69.93,31.43,-45.08,-26.372,-45.8437,8.25769,1014.82
399260,-3.82592,7.68053,5.05021,-28.7,56.14,-37.38,-27.2147,-44.3943,8.44978,1014.79
399266,-3.70636,9.90913,2.85988,-34.44,30.1,-39.62,-25.8199,-44.6718,9.11472,1014.79
399272,-1.11908,9.57915,3.13247,-26.74,9.31,-29.47,-26.4011,-46.5222,8.44978,1014.86
399278,0.124342,9.20134,1.9847,-17.01,6.44,-21.21,-26.5754,-45.9979,8.81919,1014.86
399284,-0.483022,9.86131,1.956,-10.78,6.02,-26.74,-26.1105,-45.1344,8.46456,1014.81
399290,1.73123,9.75131,0.5978,-6.86,3.08,-30.38,-26.1977,-46.1521,8.0656,1014.81
399296,1.18604,10.1435,-0.109995,-7.42,6.58,-32.62,-25.7037,-45.8437,7.35633,1014.83
399302,-0.114778,11.2339,-0.0669536,-11.41,5.53,-29.05,-25.5003,-45.0727,7.77007,1014.83
399308,-0.277379,10.2582,1.25299,-10.57,2.52,-22.96,-24.8611,-45.7204,7.54842,1014.83
399314,-0.573888,9.55523,0.980392,-7.98,2.17,-25.76,-25.2679,-46.1521,7.19379,1014.86
399320,-0.229555,10.4926,0.329986,-8.89,-6.51,-29.96,-25.1226,-45.5353,7.75529,1014.86
399326,0.176949,10.4065,0.11956,-5.67,-6.3,-24.22,-24.7739,-45.3811,8.58277,1014.81
399332,0.564323,10.0048,0.526064,-11.27,-1.12,-25.97,-24.8029,-47.0773,6.57318,1014.81
399338,1.13821,10.0909,0,-6.79,3.5,-22.33,-24.7739,-46.7073,7.25289,1014.83
399344,-1.03778,9.71784,1.47776,-5.67,-3.71,-19.46,-25.1516,-45.4737,6.98692,1014.83
399350,-0.0765184,9.71784,0.71736,-7.42,-5.11,-21.91,-25.5584,-47.3549,7.07558,1014.83
399356,-0.0813008,10.22,0.506934,-6.3,-5.39,-19.81,-24.8611,-47.1698,6.95737,1014.83
399362,-0.167384,9.84696,0.970827,-6.93,-3.22,-17.15,-25.5875,-45.597,7.44499,1014.83
399368,0.0908656,9.45002,1.09995,-4.62,-1.33,-17.85,-24.3671,-46.7073,6.64706,1014.81
399374,0.196078,9.60306,1.033,-3.29,-0.7,-16.52,-24.309,-47.6324,6.54363,1014.81
399380,0.320421,9.84696,0.47824,-5.18,0.14,-18.41,-24.7739,-46.183,8.34635,1014.83
399386,0.569106,9.95218,0.411286,-7.98,1.47,-18.9,-24.5995,-46.6456,6.44019,1014.83
399392,-0.224773,10.0335,0.693448,-7.07,3.01,-18.13,-24.9192,-47.7866,5.6866,1014.83
399398,-0.329986,9.76566,0.5978,-8.89,1.4,-18.55,-24.2799,-47.4166,5.73092,1014.83
399404,-0.196078,9.69871,0.0621712,-10.78,2.17,-16.66,-24.309,-46.4605,7.16424,1014.86
399410,-0.889526,10.0048,0.693448,-12.53,-0.21,-17.22,-23.6697,-47.3857,7.34155,1014.86
399416,0.387374,10.4256,-0.798661,-19.18,4.76,-15.26,-24.2799,-47.324,6.4993,1014.84
399422,-0.45911,9.85174,0.483022,-20.02,3.99,-12.53,-23.7278,-46.8923,7.5632,1014.84
399428,-0.703013,10.1578,0.0526064,-26.88,-3.85,-14.35,-23.786,-47.7558,7.77007,1014.84
399434,0.5978,10.3013,-0.0860832,-27.51,17.08,-12.18,-23.5535,-48.3726,5.77525,1014.85
399440,-0.162602,10.1004,0.387374,-27.02,2.45,-14.98,-24.4252,-47.3857,6.44019,1014.85
399446,-0.454328,10.8369,0.439981,-29.68,-0.98,-16.03,-23.9022,-47.0773,7.53365,1014.81
399452,-0.425634,10.1052,0.612147,-32.41,-2.38,-16.8,-23.2339,-48.9894,5.4354,1014.81
399458,-0.0191296,10.7556,0.750837,-33.81,-4.83,-18.48,-23.6988,-48.7118,5.15464,1014.82
399464,-0.0669536,10.7556,0.306074,-36.47,-6.23,-20.23,-23.9022,-46.9848,6.38109,1014.82
399470,-0.626494,9.82783,1.21473,-36.4,-9.03,-20.37,-24.0765,-48.681,6.20377,1014.76
399476,-1.033,11.1813,1.12386,-38.01,-12.39,-17.22,-23.1758,-48.0642,5.50928,1014.76
399482,-0.0765184,9.94261,0.559541,-40.88,-12.74,-26.53,-23.5535,-46.7381,6.32198,1014.76
399488,-0.502152,9.19177,1.64036,-38.78,-12.11,-28.63,-23.6988,-49.0819,4.01686,1014.79
399494,-0.554758,9.73218,1.09517,-45.15,-13.86,-27.65,-23.0305,-49.5445,5.27286,1014.79
399500,0.420851,9.71784,0.406504,-39.27,-9.24,-27.93,-22.769,-48.0025,4.87389,1014.78
399506,-0.502152,8.92874,1.89383,-33.18,-11.9,-30.8,-22.9724,-48.7118,5.15464,1014.78
399512,1.7121,10.3013,2.69249,-30.38,-8.33,-35.49,-22.6237,-49.9763,4.20896,1014.82
399518,-0.205643,9.42611,1.73123,-31.22,-6.79,-38.01,-22.6818,-49.1744,4.06119,1014.82
399524,0.549976,8.53658,0.999522,-24.92,-3.29,-38.71,-22.3622,-49.2053,4.81479,1014.83
399530,-0.769966,10.0096,3.2329,-19.46,-7.63,-37.73,-21.6939,-49.9763,2.83475,1014.83
399536,-0.023912,9.42133,3.01769,-17.85,-6.37,-41.37,-21.752,-50.3772,3.3667,1014.83
399542,0.186514,9.26351,3.48159,-11.06,-2.1,-45.22,-21.1127,-49.4212,5.52406,1014.82
399548,0.822573,10.2248,2.60641,-8.12,-0.7,-48.51,-21.2871,-49.8529,3.75089,1014.82
399554,1.06169,10.6839,1.64993,-2.45,1.05,-52.22,-20.735,-50.6547,3.24849,1014.84
399560,-1.14299,10.703,4.04113,-1.82,-0.77,-50.4,-20.8512,-49.5753,3.80999,1014.84
399566,0.516499,10.9756,2.05165,4.06,2.94,-57.33,-20.7059,-49.2978,3.66223,1014.81
399572,-0.157819,10.7987,3.38594,4.97,1.61,-58.73,-20.5316,-50.3463,3.48491,1014.81
399578,0.769966,10.7652,2.32425,8.82,6.16,-70,-19.9795,-49.6062,4.26806,1014.81
399584,1.32472,11.4586,1.41559,8.54,10.15,-76.51,-19.8633,-49.8221,3.97253,1014.81
399590,-0.5978,12.3434,2.85988,11.13,7.98,-79.31,-19.4274,-51.6108,4.06119,1014.85
399596,0.071736,12.7355,1.54472,8.33,2.59,-90.02,-18.7591,-51.2715,4.01686,1014.85
399602,0.726925,12.4725,1.5208,14.7,3.99,-96.39,-18.8463,-50.8398,4.35672,1014.85
399608,0.57867,13.5581,1.24821,8.89,3.57,-106.54,-17.161,-51.1173,5.36151,1014.79
399614,0.530846,12.4247,2.32425,12.53,0.84,-112.35,-16.4055,-52.6593,4.97733,1014.79
399620,0.908656,12.3673,2.27642,13.72,5.39,-122.57,-16.2893,-51.179,5.2433,1014.83
399626,0.81779,12.6829,2.72119,18.13,8.4,-127.75,-16.3474,-51.7033,5.90824,1014.83
399632,0.664754,13.4816,3.06552,16.24,7.28,-134.68,-16.115,-53.4303,5.4354,1014.82
399638,1.033,11.2817,3.70636,20.72,14.21,-141.75,-15.0689,-52.3818,4.50448,1014.82
399644,0.674318,11.473,3.75897,31.64,17.01,-150.78,-14.1101,-52.1967,6.26287,1014.81
399650,0.569106,13.1755,3.84983,39.97,19.67,-159.25,-13.064,-53.6154,4.25328,1014.81
399656,1.61645,13.8642,3.29986,40.6,21.07,-173.25,-11.8436,-54.6639,5.08076,1014.81
399662,1.45863,14.4811,2.02296,46.06,21.42,-184.94,-11.5821,-53.5537,5.87869,1014.83
399668,0.71736,14.6294,1.17647,48.51,22.33,-197.12,-10.1874,-53.8929,6.5584,1014.83
399674,0.483022,15.5619,1.31038,49.49,16.87,-213.01,-9.11229,-54.6639,5.6866,1014.79
399680,1.40124,16.9297,0.750837,52.08,13.65,-229.32,-8.64738,-54.4172,5.98212,1014.79
399686,1.956,18.6179,-0.521282,48.37,12.04,-246.89,-6.5553,-54.6639,6.54363,1014.79
399692,2.09469,20.043,-2.25729,36.47,10.5,-268.87,-5.74171,-56.5143,6.4993,1014.79
399698,1.13821,20.5308,-2.94118,27.51,6.09,-290.29,-4.52132,-54.8798,6.72094,1014.81
399704,2.31946,21.9034,-2.61119,20.09,-6.86,-313.88,-3.1266,-54.7564,7.25289,1014.81
399710,3.93592,22.2286,-3.38594,9.38,-6.93,-343.28,-1.32508,-56.3293,6.4993,1014.81
399716,3.1803,25.1076,-0.669536,4.48,-3.22,-369.32,1.26098,-56.7302,6.02645,1014.77
399722,5.7054,24.9976,-0.296509,-9.38,-4.13,-401.24,2.71381,-55.4041,7.10513,1014.77
399728,6.24103,22.2334,1.19082,-4.76,7.14,-433.09,4.66062,-55.1882,7.68141,1014.81
399734,3.26638,23.5533,2.28599,5.53,11.27,-467.53,8.11837,-55.8358,7.97694,1014.81
399740,2.98422,27.2262,1.18604,3.5,3.78,-495.67,9.28064,-55.1882,7.17901,1014.78
399746,4.08895,27.451,-0.401722,-1.68,15.75,-514.08,11.8958,-54.5405,7.17901,1014.78
399752,-2.40076,24.8924,4.15591,26.04,14.28,-520.52,15.8765,-54.7873,7.6223,1014.77
399758,-2.3099,29.89,1.13821,20.58,-8.12,-525.28,17.5909,-53.8312,7.72574,1014.77
399764,4.11765,31.0091,1.15734,-0.14,-6.86,-536.41,20.7,-51.4874,9.91265,1014.77
399770,0.851267,24.8972,3.78766,13.16,-3.99,-528.85,23.5475,-51.5183,8.9374,1014.77
399776,0.10043,29.8661,1.22429,10.99,-20.51,-514.64,25.7268,-50.6239,8.43501,1014.77
399782,3.55811,32.0229,-2.88857,-8.61,-27.23,-505.26,27.2668,-48.4651,8.99651,1014.69
399788,6.16451,25.9732,-0.908656,-26.67,-42.63,-478.24,29.1845,-47.2624,9.4398,1014.69
399794,9.07699,14.9354,-5.36107,-25.48,-33.25,-435.19,32.7876,-45.8437,8.56799,1014.72
399800,5.00239,16.1884,-5.50933,-20.37,-52.01,-412.86,32.5842,-44.1476,9.54324,1014.72
399806,11.9512,3.27116,-7.74271,-14.07,-115.5,-380.38,34.5019,-42.8214,8.27247,1014.71
399812,9.20134,-9.05787,-7.58967,18.27,-69.37,-347.62,37.4367,-41.6187,7.88828,1014.71
399818,-18.8714,6.5758,-8.90005,29.05,14.07,-197.47,38.1631,-40.2926,7.90306,1014.77
399824,-17.3649,11.4586,3.22334,3.15,-138.11,-52.71,38.3084,-39.3366,8.96696,1014.77
399830,11.1191,2.04687,-4.76805,30.94,-91.07,51.38,38.8604,-40.6935,7.09035,1014.77
399836,6.2506,7.07317,-2.93639,52.29,-30.31,143.78,38.5699,-40.6935,7.53365,1014.77
399842,9.43568,9.12004,-1.16212,35.77,-48.79,199.15,37.1461,-41.557,8.44978,1014.77
399848,13.2472,9.16786,-2.62076,38.85,-10.64,233.52,36.3616,-42.513,6.64706,1014.75
399854,11.2865,10.4926,-1.033,28.77,1.26,241.08,37.0008,-42.5439,7.25289,1014.75
399860,11.3439,9.62219,-1.033,22.26,11.13,243.88,34.0661,-43.7466,7.13468,1014.76
399866,10.6743,7.79531,-1.44428,14.98,23.45,241.78,33.3396,-44.2401,7.35633,1014.76
399872,10.2296,5.87279,-1.74079,9.03,32.34,236.6,33.1072,-45.1344,6.46974,1014.79
399878,8.62745,4.04591,-1.43472,9.03,41.16,237.44,32.3227,-45.5045,7.90306,1014.79
399884,7.18317,3.21856,-1.02343,7.28,42.14,240.8,31.1313,-46.5222,8.0656,1014.79
399890,6.31755,2.54424,-1.3582,7.98,45.22,243.11,30.434,-47.6941,8.00649,1014.76
399896,5.07891,3.07987,-1.13821,10.57,44.59,250.25,29.5042,-47.8792,7.50409,1014.76
399902,3.72549,3.19943,-0.951698,10.78,39.34,260.61,26.337,-48.3109,8.19858,1014.7
399908,3.02248,3.51985,-1.18125,12.39,36.12,274.33,26.5985,-49.3286,7.43021,1014.7
399914,2.10426,3.87374,-0.884744,12.39,30.1,291.06,25.9592,-50.8398,8.00649,1014.69
399920,1.55428,4.01722,-0.61693,15.19,20.72,308.35,22.8502,-51.0865,8.73053,1014.69
399926,1.47298,4.50502,-0.750837,17.64,15.54,324.45,22.2109,-51.7958,8.70098,1014.7
399932,0.961262,5.11239,-0.0860832,22.12,4.41,338.59,20.9324,-53.1219,7.68141,1014.7
399938,1.1956,5.27977,0.215208,27.65,-3.78,351.12,18.6369,-53.4612,8.81919,1014.7
399944,1.57341,5.67671,0.875179,34.02,-11.06,359.94,16.3124,-52.6902,9.61712,1014.7
399950,1.98948,6.04017,1.11908,41.3,-16.38,366.45,15.4988,-54.448,7.66663,1014.7
399956,2.37207,6.92492,1.65949,46.83,-21.35,372.05,13.8426,-55.9283,8.03604,1014.65
399962,2.95552,7.69488,1.65949,49.42,-22.47,378.07,12.012,-54.5714,9.4398,1014.65
399968,3.16595,8.65136,1.78862,52.43,-26.81,379.96,9.28064,-55.2499,10.0456,1014.69
399974,3.52941,9.0483,1.83644,51.87,-24.29,382.97,8.29271,-56.9152,8.13948,1014.69
399980,2.72119,10.3969,2.08513,48.58,-26.11,384.86,5.18364,-55.4349,9.09995,1014.69
399986,2.6351,11.1669,2.09947,44.94,-29.05,384.79,3.23684,-55.034,9.9422,1014.69
399992,2.41989,12.2573,2.15208,41.79,-30.17,384.02,1.84211,-56.6068,10.0456,1014.74
399998,1.8747,13.0846,2.21425,38.92,-32.62,383.04,-1.4413,-55.7433,9.91265,1014.74
400004,1.09039,14.0842,2.12339,35,-35.07,384.09,-3.38811,-54.6947,10.4003,1014.74
400010,0.425634,14.4476,2.21425,32.27,-39.97,388.22,-4.63755,-55.7125,9.1886,1014.72
400016,0.210426,11.6978,2.81205,41.09,-45.78,384.79,-6.3519,-55.219,9.75011,1014.72
400022,-0.296509,16.0641,0.420851,28.49,-50.82,398.86,-9.1704,-53.0911,10.09,1014.75
400028,-0.932568,15.5619,1.82209,32.62,-61.18,405.02,-11.03,-52.5668,10.5776,1014.75
400034,-0.870397,16.0019,1.91774,39.06,-65.94,406.98,-13.1221,-53.5228,9.29204,1014.77
400040,-0.860832,16.5901,2.31468,44.38,-73.64,407.75,-14.3425,-51.0248,10.6367,1014.77
400046,-0.224773,18.0105,1.98948,48.23,-76.37,410.06,-16.0278,-50.3772,12.7054,1014.78
400052,-0.0573888,19.0148,2.62554,56.7,-78.33,404.11,-18.4686,-50.3155,11.9961,1014.78
400058,0.473458,19.8613,3.64419,65.66,-80.85,402.01,-20.212,-48.4343,12.3064,1014.76
400064,-0.191296,22.0134,2.88857,75.25,-80.85,400.4,-22.246,-46.4605,13.193,1014.76
400070,-0.487805,23.5725,3.44811,85.19,-73.29,402.15,-23.3792,-46.7689,13.0009,1014.76
400076,-0.985174,24.8493,3.92635,89.53,-66.36,407.61,-25.5584,-45.7512,13.0009,1014.75
400082,-2.66858,25.9684,5.68627,97.3,-58.59,410.2,-26.7497,-42.3897,14.1091,1014.75
400088,-1.956,27.1545,5.09804,98.21,-38.99,420.56,-28.8128,-41.9271,15.173,1014.76
400094,-4.32329,28.4744,6.69536,99.19,-24.85,420.63,-31.1373,-40.8169,14.9366,1014.76
400100,-5.71497,29.4739,6.87709,102.34,-9.87,416.99,-32.2124,-37.702,14.981,1014.77
400106,-10.8274,32.176,7.88618,101.57,-3.43,411.39,-32.8807,-36.1909,16.2369,1014.77
400112,-13.8403,34.2181,6.70014,90.44,6.79,401.59,-35.6121,-35.2349,16.0744,1014.77
400118,-19.0148,36.9249,4.36155,66.22,18.27,387.31,-36.2223,-33.292,15.7789,1014.77
400124,-21.076,37.6757,2.22382,22.61,26.53,361.83,-37.9657,-31.5958,17.2565,1014.77
400130,-23.7781,36.9919,-1.6021,-25.69,36.26,327.81,-38.4887,-30.3622,16.8132,1014.84
400136,-25.495,36.2984,-5.93018,-84.07,33.18,285.88,-39.7672,-29.3136,16.562,1014.84
400142,-28.7566,34.2181,-16.3702,-160.37,36.33,241.15,-40.2612,-27.71,16.2961,1014.81
400148,-34.6294,23.9742,-12.7786,-205.94,24.01,199.5,-41.6849,-27.2165,13.9762,1014.81
400154,-43.0464,-2.85988,5.71497,-142.66,0.63,161.42,-41.9464,-27.6791,14.0057,1014.79
400160,-45.0502,-13.3333,11.626,-7.98,-11.76,128.24,-41.4234,-25.0886,13.4294,1014.79
400166,-48.1301,-6.47537,3.63941,46.27,-21.7,94.36,-41.2781,-25.1503,15.0105,1014.77
400172,-43.2568,-3.76375,4.92109,107.1,-13.65,52.71,-42.208,-25.7979,14.6706,1014.77
400178,-36.8006,4.83979,6.94404,141.96,7.49,-5.81,-42.0046,-24.7494,15.5129,1014.77
400184,-32.8647,11.0091,7.09708,151.76,19.81,-64.26,-41.6268,-23.7625,15.9562,1014.83
400190,-26.021,17.7523,4.30416,135.66,50.05,-123.9,-42.4113,-24.3484,15.1287,1014.83
400196,-11.7504,37.9627,91.4347,433.58,-220.15,-332.01,-41.743,-26.1063,15.5129,1014.84
400202,-12.5586,48.0296,-52.7738,-226.38,83.51,-342.3,-40.4355,-26.4455,16.6802,1014.84
400208,12.5729,-10.1769,-23.5198,134.89,-67.55,-268.31,-39.9706,-29.1594,15.3208,1014.78
400214,24.2994,7.99617,-15.9684,18.62,40.39,-281.47,-39.68,-30.2388,15.0844,1014.78
400220,4.02678,29.4022,-5.71019,49.77,163.38,-278.81,-38.3143,-30.5164,14.7593,1014.81
400226,8.82831,19.3113,1.21951,-101.64,70.56,-312.48,-38.0528,-32.5518,15.439,1014.81
400232,11.5065,13.6203,-0.846485,-112.77,146.02,-320.25,-37.4717,-34.1555,13.6954,1014.8
400238,0.176949,4.63893,8.41224,-97.65,155.33,-319.06,-35.9026,-35.3274,12.8679,1014.8
400244,-5.20325,8.07269,9.33525,-78.12,104.02,-324.17,-34.4789,-35.4507,12.8236,1014.8
400250,-5.98278,5.61454,11.0091,-64.75,86.66,-334.6,-34.4498,-37.8562,12.0257,1014.84
400256,-9.6461,8.02487,13.4672,-35.63,79.87,-323.4,-32.8226,-39.2132,11.1686,1014.84
400262,-14.1129,17.1019,14.3089,-14.21,47.6,-289.8,-31.8928,-39.7375,11.4789,1014.83
400268,-13.9407,19.5457,6.14538,-9.45,-30.8,-241.22,-30.8468,-41.1561,11.1095,1014.83
400274,-7.61358,16.7623,2.54902,-26.46,-63.07,-232.68,-30.2366,-43.4074,11.6563,1014.83
400280,-1.91774,11.4921,2.08513,-20.93,-76.72,-225.19,-28.5803,-43.284,12.4542,1014.83
400286,0.923003,12.1856,-0.779531,-10.5,-53.2,-211.75,-27.912,-43.9934,11.3755,1014.84
400292,-11.3678,33.8307,-15.4567,-39.2,89.32,-122.85,-27.6505,-45.8746,10.6071,1014.84
400298,-15.2989,19.8135,-10.1291,-54.81,77.7,-74.97,-27.3018,-45.412,9.3807,1014.84
400304,-8.92396,14.5863,1.4395,-101.36,14.84,-54.46,-25.9652,-44.7335,8.90785,1014.82
400310,-0.980392,7.81922,5.09804,-86.59,-9.24,-50.96,-26.7788,-45.597,9.15905,1014.82
400316,3.05117,6.09756,3.13247,-40.81,35.7,-42.7,-25.878,-46.183,9.76488,1014.83
400322,-3.5868,8.35485,4.47633,-25.83,27.09,-20.09,-25.4713,-45.3503,9.27726,1014.83
400328,-3.81636,8.50789,4.93065,-17.57,-3.71,-27.37,-25.878,-46.4605,9.95698,1014.84
400334,0.683883,8.30703,1.80296,-1.12,-0.21,-24.85,-25.2388,-47.2007,7.10513,1014.84
400340,-0.913438,10.3539,0.61693,2.38,5.25,-19.95,-25.9943,-46.2755,8.55322,1014.8
400346,-0.124342,11.0043,-0.71736,-8.19,-1.75,-14.42,-25.1516,-45.8746,8.92263,1014.8
400352,0.253467,9.67001,0.0621712,-6.02,-0.14,-17.64,-24.8901,-46.4605,8.73053,1014.8
400358,-0.994739,9.45002,1.74558,-4.83,3.57,-18.9,-25.4713,-45.6895,9.1886,1014.82
400364,-0.85605,9.18699,2.81683,3.71,-5.39,-8.47,-25.2388,-45.1344,9.80921,1014.82
400370,0.674318,10.8465,-0.449546,5.04,-4.76,-8.19,-25.5875,-47.2315,8.18381,1014.85
400376,0.334768,11.1717,0.095648,1.54,-5.39,-14.35,-25.4131,-47.4782,8.0656,1014.85
400382,-0.344333,10.373,0.129125,-0.49,-1.61,-15.12,-24.9773,-46.8615,8.99651,1014.82
400388,-0.5978,11.4252,-0.813008,-9.8,-0.84,-6.44,-25.2388,-46.6764,9.48413,1014.82
400394,-0.0573888,9.6748,1.44428,-6.09,-4.62,-10.36,-24.9773,-47.1698,7.25289,1014.82
400400,0.463893,10.3348,0.669536,-7.84,-3.64,-6.23,-24.832,-46.4297,8.13948,1014.82
400406,0.454328,10.3587,0.37781,-7.07,-1.05,-11.34,-24.832,-45.8129,8.22814,1014.81
400412,-0.296509,10.4591,0.832138,-10.22,-3.36,-12.81,-24.4252,-46.7381,7.37111,1014.81
400418,-0.0143472,10,0.908656,-8.75,-7.56,-8.33,-24.7739,-47.1698,8.1247,1014.81
400424,-0.200861,9.45959,1.83644,-8.61,-11.41,-8.12,-24.7158,-46.1213,8.78964,1014.85
400430,0.832138,9.68436,0.71736,-8.96,-7,-12.46,-24.4833,-48.0025,8.98173,1014.85
400436,0.502152,9.55523,1.10952,-6.58,-4.48,-12.53,-25.2097,-47.5091,7.96216,1014.82
400442,0.454328,9.72262,0.927786,-7.14,-5.11,-11.41,-23.9603,-46.1521,8.67143,1014.82
400448,0.69823,9.87566,0.942133,-7.77,-2.87,-13.72,-24.4252,-47.6324,8.9374,1014.81
400454,0.483022,9.55523,1.14299,-6.79,-0.91,-15.96,-24.2218,-48.1259,7.40066,1014.81
400460,0.10043,9.80392,0.774749,-8.4,0.35,-13.79,-24.2218,-47.1698,9.17383,1014.83
400466,-0.186514,9.60784,1.31038,-8.4,2.87,-14.07,-24.0184,-46.5531,8.49411,1014.83
400472,-0.114778,10.2056,0.0669536,-13.37,3.5,-12.32,-24.1637,-48.4651,8.64188,1014.83
400478,-0.310856,9.72262,0.813008,-16.24,-1.12,-13.16,-24.5414,-47.6016,7.74052,1014.81
400484,0.023912,9.89479,0.392157,-18.76,2.31,-13.23,-23.6697,-46.7998,8.25769,1014.81
400490,-0.707795,10.6504,0.95648,-21.7,0,-10.78,-24.0765,-47.8483,6.98692,1014.83
400496,0.0286944,10.2343,0.0095648,-26.39,4.97,-11.27,-24.5705,-48.4034,7.04602,1014.83
400502,-0.0621712,10.1578,0.148254,-34.37,4.48,-14,-23.6116,-47.2315,7.96216,1014.83
400508,0.569106,10.2056,0.023912,-36.26,8.4,-14.42,-24.3961,-47.91,7.41543,1014.83
400514,-0.224773,9.68914,1.21473,-38.08,5.11,-15.19,-23.3211,-48.4034,6.15944,1014.82
400520,0.506934,10.0143,0.746054,-34.44,4.06,-14.84,-23.7278,-47.2624,6.73572,1014.82
400526,-0.569106,9.61741,1.39646,-33.04,1.33,-14.91,-23.5535,-47.2624,6.44019,1014.82
400532,0.229555,9.73697,0.985174,-29.47,-1.61,-14.84,-22.9143,-48.866,5.33196,1014.81
400538,-0.0143472,9.65088,1.18125,-29.19,0.14,-17.01,-23.2048,-48.1567,5.59794,1014.81
400544,0.81779,10.2439,0.803443,-25.48,-4.27,-18.06,-22.4203,-47.9408,6.64706,1014.86
400550,0.095648,10.7747,1.3582,-28.56,-7.63,-20.02,-23.1467,-49.3595,4.71135,1014.86
400556,0.363462,10.3443,0.483022,-26.67,-6.3,-22.54,-23.6116,-48.9894,5.67182,1014.82
400562,0.0430416,10.3156,0.755619,-34.58,-8.26,-26.81,-22.769,-48.496,6.52885,1014.82
400568,0.0526064,10.813,0.69823,-30.66,-10.64,-24.92,-22.7399,-48.3418,5.46495,1014.78
400574,-0.0430416,11.2052,0.69823,-36.33,-14.56,-27.93,-22.4784,-49.5753,5.21375,1014.78
400580,-0.205643,11.6069,0.985174,-37.24,-17.01,-29.89,-22.6818,-48.8044,5.25808,1014.8
400586,0.124342,11.0426,0.310856,-42.14,-17.99,-32.83,-21.9844,-48.5576,3.8691,1014.8
400592,-0.741272,10.8465,1.05691,-45.36,-22.61,-35.14,-22.5365,-50.1921,3.55879,1014.8
400610,0.196078,9.29699,0.765184,-44.87,-21.77,-44.66,-21.8682,-49.9763,3.55879,1014.82
400616,-0.961262,8.55571,1.44907,-38.5,-23.03,-42.91,-21.0546,-50.2538,3.85432,1014.82
400622,0.970827,9.56958,3.71114,-31.5,-19.81,-43.12,-20.6769,-48.866,4.44538,1014.82
400628,3.54376,12.3816,8.06791,-22.47,-11.48,-53.13,-20.5607,-50.223,4.26806,1014.82
400634,2.01339,10.2248,4.5911,-15.12,-2.45,-64.19,-20.1539,-50.3772,3.42581,1014.83
400640,0.516499,8.28312,2.35294,-3.85,5.95,-66.71,-20.0376,-49.8221,3.6179,1014.83
400646,-0.420851,10.5882,3.24247,2.87,-2.24,-67.41,-19.3693,-49.4828,4.6818,1014.83
400652,1.43472,11.7647,2.16643,1.61,1.82,-72.87,-19.1659,-50.9323,3.73611,1014.82
400658,0.430416,11.4538,2.94596,-7.77,0.56,-80.01,-19.8633,-50.0379,3.72133,1014.82
400664,1.91296,10.7604,2.53945,2.31,4.13,-86.87,-19.0788,-49.5445,3.83954,1014.8
400670,0.205643,11.736,2.68771,8.75,4.69,-92.61,-18.7301,-51.1173,3.6179,1014.8
400676,0.13869,13.0416,1.83166,4.62,2.31,-100.17,-18.2361,-51.765,3.72133,1014.84
400682,2.07078,12.1377,0.961262,7.77,4.34,-109.41,-17.3644,-50.5005,4.26806,1014.84
400688,0.750837,13.2999,2.02296,0.91,3.85,-118.23,-16.9867,-51.5183,3.29282,1014.8
400694,1.22908,12.7786,1.70732,7.98,9.1,-122.08,-15.7082,-52.4434,3.07117,1014.8
400700,0.813008,12.3386,2.77857,3.5,6.37,-132.79,-15.592,-51.8883,3.78044,1014.8
400706,1.36777,12.3051,3.16117,15.54,12.46,-139.09,-15.1561,-52.0734,3.63268,1014.82
400712,0.81779,12.9268,2.7164,19.25,10.5,-149.03,-14.1682,-53.8621,3.95776,1014.82
400718,1.50167,14.5241,1.66906,18.27,13.09,-159.81,-14.5169,-54.3555,2.62788,1014.84
400724,0.45911,15.3659,1.99904,22.12,13.3,-170.52,-12.9768,-52.4743,4.75568,1014.84
400730,1.50167,16.0258,1.36777,19.53,9.87,-185.36,-11.8436,-54.1396,4.19418,1014.82
400736,1.86035,17.4032,0.669536,18.48,6.58,-202.65,-10.7104,-53.7387,3.52924,1014.82
400742,2.31946,18.6466,0.669536,13.37,7.63,-220.43,-9.72248,-52.8135,5.73092,1014.8
400748,2.95552,19.3161,-0.0860832,9.24,5.81,-240.52,-7.48511,-54.0471,3.83954,1014.8
400754,2.56815,21.4538,-1.48733,4.27,7.35,-261.45,-7.2236,-55.6508,4.35672,1014.82
400760,2.20947,22.3816,-3.70636,-8.19,1.68,-288.33,-5.82888,-54.7873,4.9921,1014.82
400766,1.88427,21.5734,-4.50024,-19.11,-8.89,-310.94,-4.66661,-54.6331,5.06599,1014.82
400772,2.90292,22.616,-3.3955,-22.47,-15.54,-335.72,-2.34206,-55.9592,4.25328,1014.81
400778,4.20373,23.3764,-1.76471,-25.13,-17.71,-364.14,0.0115341,-55.4657,2.48012,1014.81
400784,6.21712,26.0784,1.21951,-29.54,-18.83,-391.09,1.26098,-55.5891,5.21375,1014.79
400790,8.44572,25.8058,0.0143472,-34.65,-6.23,-426.72,4.34099,-56.8227,4.44538,1014.79
400796,6.49928,23.9742,-0.124342,-33.6,4.27,-459.62,6.7527,-56.8535,4.63747,1014.77
400802,3.4242,26.1502,-0.69823,-34.44,0.21,-486.99,8.49611,-54.9723,4.6818,1014.77
400808,3.31899,23.0942,-1.00909,-27.37,-13.23,-518.14,11.3146,-54.7256,3.88387,1014.79
400814,0.439981,22.4868,0.813008,-7.28,-11.13,-521.36,14.3365,-54.8798,3.51446,1014.79
400820,-4.37111,35.6289,1.31038,-17.01,-29.61,-519.54,15.5569,-53.3995,4.22373,1014.79
400826,0.722142,29.6078,1.43472,-22.33,-68.04,-525.28,18.7822,-52.3509,3.42581,1014.79
400832,3.70636,17.977,-0.368245,-12.6,-45.29,-529.97,22.8211,-52.4434,3.27804,1014.79
400838,-1.70732,20.7221,3.099,27.09,-76.23,-530.32,24.9132,-50.994,4.03164,1014.75
400844,2.83596,25.0454,-5.31325,17.36,-100.31,-521.22,27.2087,-49.0511,4.69658,1014.75
400850,3.15638,19.5026,-4.85892,34.44,-101.43,-498.96,30.2306,-47.8175,2.59833,1014.76
400856,2.68771,19.0483,-5.77714,40.95,-128.73,-464.94,32.1774,-46.5839,3.18938,1014.76
400862,3.76853,16.3128,-7.23099,42,-150.22,-431.06,33.0781,-45.1344,4.62269,1014.72
400868,7.2836,8.66093,-6.48493,35.28,-175.21,-387.17,35.5189,-43.9008,3.1155,1014.72
400874,14.4715,6.19321,-10.1817,21.98,-155.47,-351.19,38.0468,-42.7598,1.37189,1014.72
400880,2.09469,-8.16356,-1.94165,81.41,-29.19,-271.46,38.1921,-41.0636,2.58355,1014.74
400886,-9.09134,13.0846,0.573888,70.42,-70.98,-133.21,38.8023,-40.5701,3.45536,1014.74
400892,6.10234,3.2329,1.91774,83.09,-84,-38.57,40.168,-40.5085,1.90384,1014.75
400898,10.923,3.2616,-4.30416,109.62,15.4,50.26,39.5869,-39.6758,4.1794,1014.75
400904,7.78096,9.31133,-2.25729,83.23,24.99,120.4,38.8604,-40.2926,3.60312,1014.75
400910,11.7934,8.7757,-3.54854,77,66.71,164.57,38.8604,-41.2795,3.13028,1014.75
400916,8.10139,9.10091,-1.87948,61.25,86.87,191.66,38.4827,-41.8346,4.25328,1014.71
400922,8.63701,6.6571,-1.45863,54.95,98.63,205.38,35.6061,-42.513,4.69658,1014.71
400928,8.33094,5.1076,-0.71736,61.67,113.82,210.49,36.6231,-43.4691,7.19379,1014.72
400934,7.30273,3.38594,-0.683883,70.21,112.7,210.84,35.8095,-44.1784,5.16942,1014.72
400940,7.14012,2.26208,-0.846485,79.1,118.37,208.95,33.9789,-44.3634,6.79483,1014.72
400946,5.49498,2.19512,-0.320421,88.83,112.98,206.85,32.8457,-44.9494,8.61232,1014.77
400952,5.31325,2.40076,-0.712578,94.71,110.25,206.99,33.3106,-46.4914,8.27247,1014.77
400958,3.54854,3.95026,-0.124342,94.99,104.16,206.78,32.0321,-46.3063,8.77486,1014.76
400964,2.35772,5.65758,-0.13869,85.61,91.7,210,29.7076,-46.9231,10.2377,1014.76
400970,0.73649,7.0923,0.0334768,73.29,79.94,216.86,29.2717,-48.095,9.07039,1014.69
400976,-0.373027,7.5801,0.545194,58.03,65.03,227.36,27.906,-48.5885,11.0209,1014.69
400982,-1.43472,7.06839,1.51602,45.43,48.58,242.06,26.366,-47.7866,11.6415,1014.7
400988,-1.50646,6.42276,1.96557,35.63,33.95,260.68,26.6275,-48.5268,10.8879,1014.7
400994,-1.27212,5.15543,2.74032,32.55,20.86,280.14,25.0004,-49.3286,10.0161,1014.7
401000,-1.07126,4.5385,3.37159,33.6,7.63,297.78,23.1988,-50.2538,10.9765,1014.7
401006,-0.13869,4.39503,3.81636,38.99,-3.08,313.04,22.3562,-51.0248,11.6415,1014.7
401012,0.588235,4.67719,3.83548,44.03,-11.48,326.9,21.3392,-52.5051,10.8288,1014.74
401018,1.4395,5.19369,3.73027,48.79,-16.73,335.3,19.2181,-52.4434,11.1834,1014.74
401024,2.49641,5.93496,3.56767,52.22,-18.27,341.95,15.586,-53.2144,12.0257,1014.74
401030,2.99856,6.48972,3.62506,53.97,-17.64,346.92,16.2543,-53.3686,11.6267,1014.74
401036,3.48637,7.32185,3.68245,54.53,-14.98,350.07,13.2905,-54.1088,12.9123,1014.76
401042,3.7781,7.91487,3.5055,54.46,-9.17,352.73,10.8788,-53.8621,13.0748,1014.76
401048,3.84505,8.94787,3.43855,53.55,-2.31,356.09,10.6754,-54.6022,12.1882,1014.76
401054,3.56767,9.77044,3.33812,51.87,4.34,359.38,8.438,-53.8621,12.2325,1014.71
401060,2.72597,9.65088,3.45289,49.63,10.64,363.79,6.54931,-53.1836,13.7693,1014.71
401066,2.80727,11.3152,1.5495,46.62,15.26,371,3.75986,-53.7696,14.1978,1014.72
401072,1.41559,12.8025,2.75944,42.14,20.02,380.31,2.91721,-55.0648,12.5576,1014.72
401078,1.06169,13.4003,2.67814,38.99,22.12,387.52,0.331158,-54.263,13.9909,1014.74
401084,0.325203,14.5528,2.59206,36.75,22.47,390.53,-2.28395,-53.5228,12.5281,1014.74
401090,0.0573888,15.1889,2.3912,36.54,21.91,390.46,-3.47528,-54.5405,15.7641,1014.75
401096,-0.449546,16.3271,2.19034,34.16,21.07,397.04,-6.5553,-53.677,13.9614,1014.75
401102,-0.784314,16.7671,2.6351,31.22,15.54,403.27,-8.21153,-51.5183,14.4638,1014.77
401108,-0.129125,17.5084,1.98948,36.33,17.85,400.96,-9.95494,-52.5976,14.2865,1014.77
401114,-1.08082,18.8905,2.08034,33.25,12.74,399.35,-12.0761,-52.6902,13.8284,1014.77
401120,-1.17169,19.6557,1.70253,34.09,9.66,401.1,-14.081,-50.6239,13.6806,1014.76
401126,-1.16691,20.1291,1.53993,35.56,7.56,398.72,-15.9697,-49.8529,14.1535,1014.76
401132,-1.43472,21.0808,1.47298,35.07,0.98,394.66,-18.0327,-49.6987,14.0648,1014.76
401138,-1.34385,21.3869,1.72166,42.28,-1.05,392.84,-19.8633,-48.0642,15.1139,1014.76
401144,-2.19034,23.1899,1.74079,45.78,-4.83,392.56,-21.5776,-46.0288,13.8432,1014.78
401150,-2.01339,24.1607,1.25299,49.28,-3.36,392.21,-23.2339,-46.2755,15.2322,1014.78
401156,-2.35772,25.7293,1.45385,52.5,0.14,394.59,-25.1516,-44.2709,15.3799,1014.8
401162,-2.879,27.2645,1.09517,50.54,7.07,395.5,-26.8369,-41.8346,15.8971,1014.8
401168,-4.00765,27.6088,1.47776,46.62,13.09,396.48,-28.0282,-41.7112,15.5277,1014.8
401174,-5.66714,26.9249,2.066,45.71,22.61,397.18,-30.3818,-41.7112,16.0005,1014.76
401180,-7.93878,26.7767,2.18077,46.06,30.17,395.71,-31.6313,-38.3497,14.3751,1014.76
401186,-11.9177,26.6619,3.08943,46.34,31.64,390.6,-33.2875,-36.4376,15.6163,1014.83
401192,-13.8068,26.4036,4.01243,47.74,33.04,381.99,-35.2924,-36.3143,15.2913,1014.83
401198,-16.9584,26.308,5.09804,48.72,31.92,365.05,-36.1351,-34.063,15.1878,1014.8
401204,-18.3501,27.341,2.67814,39.69,29.12,339.85,-37.1521,-32.0892,17.094,1014.8
401210,-20.9087,32.0564,-6.29364,6.93,28.28,306.88,-37.4717,-31.5958,15.4538,1014.8
401216,-24.8159,32.4008,-9.76088,-53.41,0.28,265.37,-39.651,-30.0538,15.4095,1014.8
401222,-30.9565,23.1373,-7.71879,-93.59,2.59,224.49,-39.9706,-27.9258,14.8923,1014.8
401228,-35.9158,15.2941,-4.51937,-92.26,-16.66,184.73,-41.0747,-27.2782,13.8579,1014.82
401234,-43.7016,0.808226,3.6681,-38.71,-38.64,145.67,-41.1329,-27.6174,15.2617,1014.82
401240,-46.8914,-3.01769,3.57724,21.56,-59.15,112.28,-40.697,-25.7054,16.3404,1014.81
401246,-46.4467,-2.43424,4.27547,71.12,-75.53,72.31,-40.6679,-26.0755,15.2174,1014.81
401252,-40.55,0.210426,6.79579,111.02,-68.95,19.46,-41.6559,-26.0138,16.7985,1014.81
401258,-31.9417,8.29268,7.80009,126,-55.79,-44.73,-40.9585,-25.212,16.7689,1014.81
401264,-26.308,11.4204,8.46485,147.91,-31.5,-94.92,-40.0577,-24.3793,17.9067,1014.8
401270,-20.3395,19.5218,3.65375,95.97,-23.03,-140.49,-40.3483,-26.2297,18.0101,1014.8
401276,-18.857,20.6026,3.03682,85.75,-24.01,-161.49,-40.174,-26.2605,18.6751,1014.83
401282,32.0899,106.614,-38.5366,-181.93,-25.76,-302.33,-38.3434,-26.6306,18.6751,1014.83
401288,-9.8087,-24.0555,18.6131,-35.7,-151.06,-240.45,-37.8494,-29.3445,18.0988,1014.83
401294,25.5667,6.32712,-19.8422,32.69,22.54,-254.52,-38.2562,-30.2388,18.084,1014.85
401300,12.8312,16.8962,-6.92492,-39.55,116.97,-246.61,-37.5008,-30.3005,17.3008,1014.85
401306,9.64132,18.6274,0.153037,-127.33,93.17,-273.21,-36.3385,-31.75,18.3795,1014.82
401312,13.3572,3.15638,3.0703,-139.16,124.88,-317.17,-35.7864,-34.6797,16.3995,1014.82
401318,6.96796,4.05548,6.81014,-93.52,180.88,-298.69,-35.089,-34.3714,16.3995,1014.83
401324,-4.55763,3.61071,12.6638,-71.47,154.98,-286.02,-33.8105,-35.7591,14.5229,1014.83
401330,-9.13917,4.40459,13.0273,-33.74,112.35,-300.86,-33.9849,-38.0721,14.2274,1014.83
401336,-5.43281,13.4672,9.54567,-37.73,85.54,-300.58,-32.2705,-38.9356,12.5724,1014.83
401342,-10.6074,18.637,5.00239,-23.38,73.71,-273,-32.009,-39.1207,13.5181,1014.83
401348,-11.6117,16.1549,9.2109,-31.01,24.08,-254.03,-31.2535,-40.8477,12.5133,1014.83
401354,-8.65614,12.9938,7.25012,-14.14,-19.74,-228.41,-29.5683,-43.0682,12.0257,1014.83
401360,-4.37111,13.4194,3.90722,-4.97,-37.1,-214.9,-28.5513,-41.9579,13.193,1014.83
401366,-0.023912,11.4634,0.669536,7.7,-39.34,-226.52,-27.5633,-42.1121,13.5329,1014.83
401372,1.64993,12.9747,-3.12291,0.14,-13.44,-212.59,-26.4301,-44.6718,11.9961,1014.83
401378,-3.70636,23.7016,-10.4687,-26.11,128.03,-148.05,-25.0063,-43.7466,12.4837,1014.83
401384,-17.8431,19.0818,-4.84457,-65.31,27.23,-102.76,-25.1516,-44.3018,12.07,1014.83
401390,-12.219,17.1879,2.15208,-72.52,-19.74,-48.16,-25.2388,-45.7204,11.7745,1014.83
401396,2.18077,5.71019,5.02152,-82.88,2.38,-45.22,-25.0935,-45.6895,11.1834,1014.83
401402,2.97944,7.37446,1.17169,-34.09,49.63,-60.9,-24.8029,-44.4559,10.6515,1014.85
401408,-4.45241,9.53132,2.72119,-29.68,46.69,-46.62,-24.7739,-45.3503,10.415,1014.85
401414,-5.33716,8.86179,5.37064,-24.78,4.9,-20.93,-24.9482,-46.5531,10.814,1014.85
401420,-1.1956,8.92874,2.24295,-12.6,10.78,-23.94,-24.5414,-45.3503,11.8188,1014.85
401426,-1.4682,9.70349,0.942133,-8.68,13.3,-9.1,-24.1928,-46.368,9.58757,1014.82
401432,-1.37255,10.5356,0.301291,-17.08,-1.05,-14.56,-24.4543,-47.7558,9.58757,1014.82
401438,0.81779,9.94739,0.47824,-16.38,4.13,-15.96,-24.2799,-46.8306,10.4446,1014.82
401444,-0.33955,9.11047,2.20469,-11.34,2.24,-7.98,-23.786,-45.1344,11.0061,1014.82
401450,-0.779531,9.82305,0.894309,-6.37,5.6,-9.24,-24.1637,-47.8792,9.21815,1014.84
401456,1.1143,10.3682,0.71736,-7.7,-1.05,-15.47,-23.7569,-47.4166,9.52846,1014.84
401462,1.07604,8.68006,1.13821,-10.85,11.06,-11.83,-24.1928,-45.8437,10.5776,1014.84
401468,0,9.46437,0.234338,-0.91,-14.42,-5.88,-24.1928,-46.7381,10.2377,1014.86
401474,0.5978,10.4065,0.593018,-6.23,-6.79,-23.17,-24.1056,-47.2932,9.97175,1014.86
401480,0.210426,9.94739,0.918221,-5.04,2.94,-17.22,-23.3501,-46.8306,11.0948,1014.87
401486,-0.0095648,10.1148,1.04735,-1.68,0.42,-6.65,-23.5535,-46.8923,9.63189,1014.87
401492,-0.25825,10.2582,0.83692,-1.54,-5.04,-12.81,-23.2339,-48.3726,9.72055,1014.84
401498,-0.023912,10.1339,0.621712,-2.87,-5.04,-8.75,-23.292,-48.1876,9.55801,1014.84
401504,0.196078,9.94739,0.731707,-2.52,-4.13,-17.5,-23.4373,-47.2315,10.7697,1014.82
401510,0.0047824,9.86609,0.894309,-3.57,-4.76,-17.08,-22.9724,-47.8483,10.1934,1014.82
401516,-0.0669536,9.72262,1.31516,-3.29,-3.85,-12.11,-23.0014,-47.4474,9.32159,1014.82
401522,0.5978,9.58871,0.808226,-3.01,-1.89,-14.49,-23.1467,-46.368,10.7106,1014.84
401528,0.196078,9.84218,0.760402,-3.15,-4.06,-17.78,-23.4663,-47.3549,10.3264,1014.84
401534,0.540411,9.95696,0.35868,-6.51,-1.05,-16.31,-23.3501,-48.2801,9.1295,1014.85
401540,0.396939,9.83261,0.344333,-6.23,4.76,-14,-23.0595,-47.2624,9.97175,1014.85
401546,-0.980392,10.0478,0.908656,-9.94,-1.82,-15.26,-22.6527,-46.5531,10.1343,1014.84
401552,-0.172166,10,0.650406,-12.25,-3.43,-15.05,-23.2629,-48.3109,9.57279,1014.84
401558,0.210426,9.72262,0.45911,-12.46,1.75,-15.47,-23.3501,-47.6941,8.68621,1014.81
401564,-0.0143472,10.1483,-0.0573888,-16.45,3.92,-14.21,-23.2048,-46.8615,10.7106,1014.81
401570,-0.463893,10.4687,0.286944,-19.39,2.66,-12.46,-23.0305,-48.9894,8.40545,1014.81
401576,-0.291726,10.1243,0.349115,-22.89,2.1,-13.02,-22.9724,-48.3726,8.77486,1014.84
401582,-0.176949,10.153,0.210426,-25.41,2.87,-14.14,-22.1297,-47.8792,10.2525,1014.84
401588,-0.741272,10.3539,1.22908,-27.44,1.47,-13.02,-22.5656,-48.5268,8.98173,1014.81
401594,0.0047824,10.3922,0.224773,-27.58,1.75,-13.72,-22.3041,-49.0819,7.63708,1014.81
401600,-0.463893,10.3156,0.69823,-30.17,-3.29,-15.75,-22.1007,-48.1876,8.59755,1014.8
401606,-0.47824,10.4113,1.52559,-28.28,-6.02,-15.89,-22.246,-47.7866,9.09995,1014.8
401612,-0.224773,9.73697,0.83692,-33.25,-5.11,-17.5,-22.246,-49.2669,8.22814,1014.83
401618,-0.229555,9.5935,1.50167,-28.91,-3.78,-16.59,-23.0014,-48.5885,8.09515,1014.83
401624,-0.784314,9.81349,2.12817,-24.43,-10.5,-0.07,-21.9263,-48.7118,8.03604,1014.86
401630,-0.191296,9.95218,1.04256,-25.27,-8.54,-17.43,-21.3452,-49.6679,7.57797,1014.86
401636,-0.69823,9.26351,1.72166,-25.9,-11.27,-19.25,-22.1588,-49.7912,7.01647,1014.86
401642,0.679101,9.61262,0.970827,-24.64,-8.54,-18.2,-21.7229,-48.5576,7.84395,1014.82
401648,-0.942133,9.09613,1.33907,-26.04,-11.76,-17.78,-22.5656,-49.1744,6.95737,1014.82
401654,-0.0573888,9.60784,1.53993,-23.66,-11.13,-21.56,-21.8973,-50.2538,6.4993,1014.82
401660,-0.401722,9.17264,0.808226,-20.3,-11.27,-21.35,-21.1999,-48.4651,6.97214,1014.82
401666,-1.30081,9.97609,2.03252,-24.01,-14.14,-15.75,-20.6478,-48.7735,7.04602,1014.85
401672,-0.846485,10.3013,1.99904,-25.41,-14.84,-16.24,-21.0256,-50.5931,6.72094,1014.85
401678,0.320421,9.65088,0.731707,-23.24,-14.63,-22.54,-21.229,-48.681,6.2481,1014.83
401684,-0.167384,9.49306,0.741272,-30.66,-15.05,-24.5,-21.1999,-47.8175,6.41064,1014.83
401690,-0.114778,9.42611,1.1143,-26.32,-14.42,-23.94,-21.6939,-50.8398,7.0017,1014.83
401696,-0.37781,8.60354,1.75992,-25.06,-11.97,-22.19,-20.9093,-50.3463,5.28763,1014.8
401702,-0.13869,8.46007,2.76423,-19.88,-11.9,-19.74,-21.3161,-48.7427,6.2481,1014.8
401708,0.114778,9.0483,1.34385,-18.97,-9.8,-20.79,-20.2991,-50.1921,5.71615,1014.8
401714,0.296509,9.78479,1.99426,-16.94,-7.84,-22.05,-20.6769,-50.5622,4.94778,1014.8
401720,0.382592,9.79436,2.16164,-14.42,-5.11,-25.97,-20.8512,-48.681,4.84434,1014.8
401726,0.559541,10.8034,3.14682,-17.08,-4.13,-29.47,-19.9505,-48.8352,5.65704,1014.8
401732,2.61597,12.1377,4.83022,-14.56,-2.1,-40.32,-20.2991,-50.9323,5.25808,1014.82
401738,1.1956,9.89479,2.62076,-2.8,4.55,-46.76,-19.9795,-49.452,6.26287,1014.82
401744,1.25299,9.56002,1.36777,4.48,5.11,-50.82,-19.195,-49.1744,6.54363,1014.82
401750,1.17647,11.6834,2.05165,2.24,3.57,-56.56,-20.241,-50.7164,5.95257,1014.86
401756,1.97513,11.2769,1.57819,7,11.41,-64.26,-19.3693,-50.5931,4.84434,1014.86
401762,0.0095648,11.3486,2.95552,8.75,2.52,-68.32,-18.3814,-49.4212,6.08556,1014.81
401768,1.73601,11.3965,1.71688,14.77,9.73,-78.4,-18.8754,-51.2715,5.55361,1014.81
401774,1.12865,12.8551,1.89861,14.84,10.85,-86.31,-17.684,-51.6725,5.56838,1014.86
401780,0,12.0899,3.02726,18.97,6.79,-91.35,-17.7131,-50.7164,6.18899,1014.86
401786,0.344333,12.3242,2.85509,18.97,9.66,-101.15,-17.5969,-51.3641,6.42542,1014.82
401792,0.487805,11.8508,3.65854,22.26,9.24,-108.01,-16.9867,-51.4257,5.16942,1014.82
401798,1.16212,13.1373,2.38164,25.06,14.49,-115.92,-16.4927,-51.4566,4.90345,1014.82
401804,0.846485,12.7212,2.49163,21.84,15.19,-125.23,-14.9818,-51.5799,6.35153,1014.82
401810,1.05691,11.7504,2.64467,29.68,16.94,-133.91,-15.2433,-52.6902,5.36151,1014.82
401816,0.535629,12.5395,2.85509,31.43,16.31,-141.19,-13.8776,-52.5668,5.62749,1014.8
401822,0.607365,13.3046,2.7977,37.38,18.83,-148.4,-14.081,-51.0557,6.83915,1014.8
401828,0.626494,14.0411,1.72645,39.06,15.68,-161.07,-12.57,-52.906,5.98212,1014.81
401834,0.401722,14.7872,1.1143,52.15,14.07,-170.94,-11.8146,-54.1088,6.72094,1014.81
401840,1.20516,14.7154,1.46341,35.84,11.55,-186.2,-11.4949,-53.2453,6.45497,1014.83
401846,0.439981,15.3898,0.559541,36.05,8.68,-197.47,-10.3617,-53.8621,7.11991,1014.83
401852,0.502152,15.7819,-0.411286,33.95,6.72,-212.38,-9.02512,-55.0648,6.95737,1014.8
401858,0.511717,16.5184,-0.301291,33.18,1.89,-227.43,-7.95002,-53.677,6.92781,1014.8
401864,1.52559,18.8187,-1.18125,32.06,-1.89,-244.3,-6.58435,-54.3247,7.51887,1014.8
401870,1.28168,20.8178,-2.92205,21.91,-6.72,-265.44,-4.92812,-55.2807,7.10513,1014.78
401876,2.57771,22.4486,-3.80679,9.66,-13.37,-290.78,-3.59151,-55.6199,7.84395,1014.78
401882,3.66332,22.6781,-3.44811,-5.53,-16.87,-315.63,-1.99338,-54.2322,9.48413,1014.79
401888,3.88809,23.6203,-0.918221,-14.63,-19.25,-339.43,-0.424318,-55.3732,9.1886,1014.79
401894,5.36585,21.5304,0.97561,-15.82,-13.37,-369.04,1.69683,-55.8975,7.0608,1014.78
401900,6.01148,21.9608,4.32807,-0.28,-8.19,-397.18,3.12061,-54.7873,8.15425,1014.78
401906,6.51363,24.2755,3.31899,0.21,2.59,-430.57,5.96817,-54.9723,7.94739,1014.79
401912,2.7451,21.296,1.52559,6.09,13.16,-458.43,8.61234,-55.9283,8.84875,1014.79
401918,-0.588235,23.1086,2.12817,12.11,7.7,-480.55,10.0361,-54.7873,9.24771,1014.79
401924,2.83118,22.5777,-0.267814,8.05,-3.29,-493.71,12.3897,-53.1528,9.21815,1014.76
401930,-4.32807,21.4969,2.61119,39.48,16.31,-481.53,15.2373,-54.0163,9.08517,1014.76
401936,0.669536,32.1138,-0.349115,31.92,-29.19,-496.23,18.0848,-52.9369,10.1786,1014.79
401942,3.07508,26.6284,-0.229555,11.9,-21.91,-495.95,20.1479,-51.0865,9.83876,1014.79
401948,-0.760402,26.0545,2.59206,26.95,-12.39,-485.1,22.269,-50.5314,10.7253,1014.76
401954,-2.17599,30.5978,-1.17169,17.08,-31.57,-475.23,25.3781,-49.9763,9.32159,1014.76
401960,3.44333,29.1631,-4.94978,-10.29,-45.22,-468.3,25.843,-47.7558,9.79444,1014.76
401966,5.14108,23.2233,-3.43376,-26.32,-49.07,-445.55,28.1966,-46.0596,10.3116,1014.76
401972,4.77762,16.6523,-2.68771,-6.02,-58.38,-430.57,32.0902,-46.4914,9.48413,1014.75
401978,5.38498,12.5968,-5.25586,-9.59,-112.56,-406.14,32.5842,-44.6718,10.2525,1014.75
401984,12.3482,1.22429,-6.7671,-4.48,-120.82,-354.41,34.3857,-43.1298,8.33157,1014.75
401990,5.95409,-8.87613,-7.15447,24.57,-65.73,-316.47,36.071,-42.6672,8.80442,1014.71
401996,-14.2946,6.96317,-7.86705,22.68,-7.63,-160.65,37.7563,-41.4953,9.05562,1014.71
402002,-3.17073,10.0956,2.48207,-1.54,-120.4,-42.35,36.7102,-40.3851,9.15905,1014.72
402008,12.3864,5.23673,-2.16164,34.16,-37.38,39.27,37.9016,-41.4028,8.90785,1014.72
402014,6.43233,10.9708,-0.263032,31.15,-14.91,116.62,38.2212,-40.786,9.1295,1014.72
402020,10.6361,10.067,-1.55906,15.33,-6.02,161.91,36.3616,-41.4953,9.1886,1014.72
402026,11.363,11.4491,-3.14204,0.28,24.85,184.31,35.7804,-41.5879,9.30681,1014.78
402032,10.2248,11.516,-2.42946,-23.1,35.7,195.37,34.9959,-42.8523,8.05082,1014.78
402038,9.69392,9.38307,-2.05165,-37.31,49.77,195.93,34.008,-43.5308,8.64188,1014.78
402044,8.39789,7.3649,-1.3582,-46.55,57.47,196.21,33.1653,-43.8083,9.77966,1014.74
402050,7.17838,3.76853,-1.69775,-45.01,62.65,196,33.3978,-45.1036,8.8783,1014.74
402056,6.18843,2.3912,-1.25299,-42.42,64.05,199.71,32.4389,-45.412,8.21336,1014.79
402062,5.05978,0.416069,-1.10952,-35.07,60.97,205.45,30.5211,-46.0596,11.4051,1014.79
402068,4.62458,0.49737,-1.86514,-26.11,58.31,213.71,30.0853,-47.5708,8.8783,1014.74
402074,3.52941,0.760402,-1.39646,-16.52,50.82,221.83,28.7777,-48.2184,9.97175,1014.74
402080,2.82162,1.28168,-1.32472,-8.12,45.01,232.68,27.7898,-48.0334,9.58757,1014.65
402086,1.85079,2.12817,-1.40124,-0.77,37.17,247.66,25.9883,-48.8969,8.84875,1014.65
402092,1.57341,2.84075,-1.88905,2.03,30.03,264.81,25.7268,-50.2538,8.0656,1014.65
402098,1.09039,4.1033,-2.20469,1.54,21.49,283.43,24.0705,-50.3463,8.52366,1014.67
402104,1.01387,4.48589,-2.04687,-0.98,12.81,301.28,22.269,-50.9323,10.1047,1014.67
402110,1.39646,5.20325,-1.67384,-1.75,4.48,316.54,22.0366,-52.135,9.23293,1014.68
402116,1.54472,5.53324,-1.39168,-1.33,-2.59,327.25,20.1769,-53.307,9.29204,1014.68
402122,1.80296,5.56671,-1.34385,-0.07,-7.21,335.02,17.7943,-52.0425,9.48413,1014.67
402128,1.79818,5.6241,-1.08082,2.52,-12.11,340.62,16.4867,-53.6154,8.36112,1014.67
402134,1.78384,5.67671,-0.822573,7.07,-17.01,345.17,15.0048,-54.1705,9.30681,1014.66
402140,1.66906,5.95887,-1.0043,11.69,-19.74,349.16,12.3897,-54.4789,9.89787,1014.66
402146,0.961262,5.93496,-0.731707,17.71,-24.36,352.24,10.6173,-54.0471,9.51368,1014.68
402152,1.01387,6.57102,-0.865614,23.45,-25.97,355.74,9.60027,-55.6508,6.95737,1014.68
402158,0.353898,7.3649,-0.813008,29.12,-30.94,360.29,6.83987,-55.3115,7.68141,1014.68
402164,0.267814,8.24486,-0.607365,33.95,-34.37,364.77,4.45722,-54.9723,8.30202,1014.68
402170,0.23912,9.17743,-0.602582,40.04,-36.33,367.22,3.5274,-56.3601,7.63708,1014.68
402176,-0.430416,10.5069,-0.263032,44.66,-40.88,370.65,2.07456,-55.3424,7.99171,1014.7
402182,-0.49737,11.5208,-0.349115,49.63,-43.05,371.77,-0.802056,-54.1088,9.52846,1014.7
402188,-0.860832,13.0368,-0.11956,52.92,-46.69,372.68,-2.16772,-54.8181,9.41025,1014.75
402194,-0.894309,14.1703,-0.234338,53.55,-49.28,373.66,-3.41716,-54.7256,8.90785,1014.75
402200,-1.34385,12.1903,1.16212,68.11,-56.21,369.46,-5.97416,-52.0425,9.77966,1014.77
402206,-1.89861,16.8245,-1.4682,56.42,-53.83,373.8,-7.6304,-53.0911,9.82399,1014.77
402212,-2.20947,16.8197,0.301291,58.87,-56.28,373.24,-9.66437,-53.9238,10.0604,1014.77
402218,-2.23816,17.7857,0.148254,57.68,-56.77,368.83,-12.1633,-51.8575,9.70578,1014.77
402224,-2.23338,18.704,-0.0526064,57.4,-59.5,366.31,-12.1051,-50.9323,11.4937,1014.77
402230,-2.59684,19.847,-0.521282,59.36,-61.11,361.48,-14.6331,-51.2715,11.5233,1014.78
402236,-1.66428,19.5552,-0.0526064,61.88,-57.33,349.93,-16.7252,-50.8706,11.7154,1014.78
402242,-2.79292,20.2056,0.927786,69.93,-58.8,342.23,-18.178,-48.3418,13.1043,1014.75
402248,-2.57771,20.8274,0.612147,74.83,-57.54,338.52,-20.1248,-49.0819,12.4542,1014.75
402254,-2.44859,21.3725,1.83644,82.81,-53.48,337.26,-21.781,-47.8175,13.0452,1014.76
402260,-2.7451,22.6494,1.98948,87.5,-50.12,341.39,-23.2339,-46.9231,12.4837,1014.76
402266,-2.3099,23.0416,2.48207,93.38,-38.29,346.08,-23.9312,-43.4999,14.0057,1014.76
402272,-2.34338,24.3185,2.24773,93.1,-25.2,352.73,-25.849,-44.3326,14.5229,1014.78
402278,-1.67384,26.3128,1.4682,88.06,-8.47,359.45,-27.0694,-42.4205,14.8775,1014.78
402284,-3.3142,25.9302,2.30512,81.69,8.05,361.55,-28.3479,-40.9402,14.8332,1014.77
402290,-4.65806,26.4323,1.81731,73.99,22.05,362.25,-30.7596,-40.6627,14.4342,1014.77
402296,-6.16451,25.3467,2.1999,64.61,35.77,357.7,-31.8637,-38.7198,15.3504,1014.79
402302,-7.80966,21.7551,5.52367,64.19,43.05,346.08,-32.997,-34.9265,15.2469,1014.79
402308,-9.66045,21.2243,5.88713,73.15,55.23,331.87,-34.7985,-35.8208,15.7198,1014.8
402314,-13.7733,24.4285,4.29938,70.07,52.15,314.23,-35.6121,-34.6181,14.6706,1014.8
402320,-14.9689,27.121,0.712578,41.86,51.24,295.19,-36.9487,-31.7191,15.9414,1014.79
402326,-18.8474,28.9813,-3.69201,-2.1,46.13,273,-37.5589,-30.979,14.9071,1014.79
402332,-21.5351,26.9201,-4.67719,-42.77,36.05,245.98,-39.3894,-31.1949,14.9662,1014.79
402338,-26.4849,21.3199,-4.68675,-65.1,21.56,216.16,-39.9125,-28.7277,14.6706,1014.82
402344,-30.746,16.1693,-3.62028,-65.17,-2.94,185.64,-40.0868,-28.3268,14.6411,1014.82
402350,-36.6762,5.81062,0.583453,-34.23,-27.65,153.79,-41.2491,-28.3884,15.6459,1014.8
402356,-40.043,0.573888,2.61597,17.5,-53.13,121.38,-41.9755,-28.3268,15.8971,1014.8
402362,-40.4782,-1.47776,3.71114,65.24,-73.64,84.91,-40.3193,-25.7362,15.7937,1014.83
402368,-36.6332,0.554758,4.72979,102.69,-81.2,38.85,-41.191,-26.5997,15.8528,1014.83
402374,-30.2439,5.43281,6.67623,128.38,-76.16,-15.47,-41.6849,-26.8465,16.429,1014.83
402380,-26.308,9.33046,6.88666,135.24,-70,-73.22,-40.0868,-26.353,17.951,1014.83
402386,-21.2195,15.5189,4.33764,114.87,-51.52,-122.57,-40.7261,-26.1988,19.2661,1014.83
402392,-18.8953,18.3692,2.73075,82.88,-42,-157.99,-40.6098,-27.7408,18.9115,1014.83
402398,-18.4696,19.1918,2.48207,36.54,-36.47,-174.72,-39.9125,-27.4941,18.5125,1014.83
402404,-2.42946,44.8446,34.6389,118.37,-127.61,-195.72,-39.2732,-26.6614,20.1527,1014.84
402410,39.8278,112.96,-19.6222,-363.23,81.69,-289.94,-38.4015,-28.9744,19.9163,1014.84
402416,-6.78623,-25.3706,-10.813,-6.02,27.44,-200.76,-37.5008,-30.6089,19.2661,1014.84
402422,21.3917,11.8221,-13.4529,-40.95,53.41,-179.69,-36.4547,-30.7014,18.9115,1014.84
402428,12.6255,13.4433,-8.02009,-101.71,61.67,-250.53,-36.1932,-32.3051,18.5273,1014.81
402434,18.3309,14.7107,-1.0043,-135.94,96.95,-260.54,-36.5128,-34.0938,17.4043,1014.81
402440,18.2209,-2.59206,5.16977,-138.67,183.89,-272.09,-34.1883,-35.204,15.6902,1014.81
402446,8.49354,-1.3056,9.6461,-77.28,225.4,-300.09,-34.566,-35.9442,15.8675,1014.82
402452,-7.15447,2.28599,14.0459,-39.27,184.59,-283.08,-34.6822,-39.0898,13.8727,1014.82
402458,-8.93352,8.14921,12.7977,-27.79,129.43,-296.31,-34.1011,-39.1515,13.9171,1014.81
402464,-11.4012,9.07699,10.0622,-11.34,127.75,-289.87,-31.7475,-39.0282,13.8727,1014.81
402470,-17.4032,18.197,11.033,10.85,85.05,-258.02,-31.6603,-41.1869,13.326,1014.84
402476,-19.0722,22.4916,5.04543,-22.75,-1.96,-226.8,-30.1494,-41.7421,12.9861,1014.84
402482,-12.329,16.8771,4.30416,-41.16,-73.57,-207.48,-28.929,-41.8346,11.9518,1014.83
402488,1.52559,9.13438,2.69727,-29.47,-68.81,-202.58,-28.7256,-43.8083,12.8236,1014.83
402494,3.11812,8.46007,1.29125,-3.08,-30.03,-196.84,-27.883,-44.4251,13.1487,1014.8
402500,-9.2396,23.1516,-6.95361,-3.57,90.72,-132.51,-26.372,-44.0859,12.4394,1014.8
402506,-13.5438,21.3104,-10.8226,15.12,-1.05,-104.23,-25.5003,-44.641,12.7349,1014.8
402512,-9.61262,15.0502,-0.392157,-88.62,-22.82,-44.17,-26.3139,-46.0596,12.5281,1014.85
402518,-1.09995,11.7551,0.846485,-84,11.27,-71.19,-25.9652,-45.3195,10.5924,1014.85
402524,2.08034,6.05452,3.24725,-52.15,28.42,-28.56,-25.7909,-45.4737,11.08,1014.83
402530,-3.49115,9.74653,3.6681,-28.84,37.03,-37.8,-25.5875,-45.7821,10.4298,1014.83
402536,-5.15064,7.15447,7.43185,-20.09,6.37,-52.92,-24.0475,-47.0773,10.947,1014.79
402542,-2.18077,9.56002,1.05691,-3.92,4.62,-21.49,-24.2509,-45.0111,11.2425,1014.79
402548,-1.31038,10.44,0.454328,-5.53,1.47,-4.13,-25.4131,-47.1082,9.80921,1014.82
402554,1.60689,10.0861,-0.267814,-8.05,-6.02,-23.66,-24.7739,-46.9231,8.74531,1014.82
402560,2.34338,10.0143,-1.66906,-8.61,15.19,-27.79,-24.4543,-45.5045,10.2821,1014.82
402566,-1.55428,11.4921,0.133907,-7,8.4,-15.26,-25.2097,-46.7998,10.3707,1014.84
402572,-0.760402,11.7647,-0.57867,-19.88,-0.77,-13.79,-23.8441,-47.8175,9.45458,1014.84
402578,0.133907,9.9713,1.21473,-15.12,2.24,-22.61,-23.9022,-46.7998,10.7106,1014.79
402584,-0.416069,9.25873,2.37207,-12.18,1.96,-18.97,-23.815,-46.1521,9.9422,1014.79
402590,-0.516499,9.27307,2.72119,-2.38,2.17,-21.28,-23.8731,-47.4782,9.04084,1014.83
402596,-0.267814,9.33525,2.07556,1.26,-5.81,-19.11,-24.338,-47.1698,8.44978,1014.83
402602,0.71736,9.92826,0.473458,-0.98,-3.15,-14.77,-24.3961,-45.6587,8.50889,1014.84
402608,-0.272597,9.31612,1.83166,5.04,-1.68,-15.61,-25.326,-47.0773,9.55801,1014.84
402614,-0.49737,10.6313,0.023912,4.9,-3.99,-17.08,-24.1637,-48.0025,7.40066,1014.84
402620,-0.549976,10.8034,-0.234338,0.42,-8.26,-12.81,-24.4252,-46.0905,9.02606,1014.86
402626,-0.0095648,10.2152,0.143472,-3.64,-8.89,-12.81,-24.1928,-47.2624,8.16903,1014.86
402632,-0.047824,10.0096,0.210426,-3.15,-4.2,-13.65,-23.786,-48.3418,8.99651,1014.83
402638,-0.325203,9.75131,0.923003,-5.11,-5.39,-13.09,-23.786,-47.4782,8.46456,1014.83
402644,0.167384,10.0287,0.454328,-1.75,-2.45,-10.92,-23.3211,-46.2755,9.64667,1014.84
402650,0.0334768,9.80392,0.607365,-5.6,-3.43,-12.11,-23.9894,-48.1259,8.64188,1014.84
402656,-0.0669536,9.89957,0.564323,-6.02,-1.68,-10.99,-24.2799,-47.5399,10.0161,1014.83
402662,-0.0286944,9.74175,0.703013,-3.78,2.38,-11.69,-23.3501,-47.1082,9.07039,1014.83
402668,0.502152,9.83261,0.210426,-9.31,2.1,-15.26,-23.9894,-47.1698,8.70098,1014.83
402674,0.334768,10.0191,0.109995,-9.73,6.51,-12.74,-24.2218,-47.6016,7.71096,1014.83
402680,-0.593018,10.7126,0.0095648,-14.07,3.64,-10.15,-22.798,-46.2447,9.52846,1014.83
402686,-0.57867,9.93783,0.243902,-21,-0.35,-14.91,-23.1177,-47.4166,8.98173,1014.78
402692,0.612147,10.7843,-0.803443,-22.33,6.58,-14.14,-24.1056,-48.2492,9.20338,1014.78
402698,-0.664754,10.3491,0.420851,-24.29,3.36,-11.76,-23.2048,-47.5091,9.45458,1014.81
402704,-0.473458,10.5595,0.0286944,-28.28,-1.05,-12.04,-22.0716,-47.324,8.24291,1014.81
402710,0.0191296,10.9039,-0.162602,-30.45,-3.15,-14.63,-22.8271,-48.4651,7.53365,1014.81
402716,-0.47824,9.96652,0.731707,-31.99,-2.87,-15.47,-22.3912,-48.1567,8.02127,1014.81
402722,0,9.66045,0.846485,-32.27,-3.99,-15.61,-22.8271,-46.8923,8.52366,1014.81
402728,-0.13869,9.63175,0.980392,-30.73,-3.08,-16.24,-22.6237,-49.0511,8.21336,1014.81
402734,-0.655189,10.3539,1.23386,-31.43,-5.74,-15.47,-22.6527,-49.8529,6.92781,1014.81
402740,-0.612147,9.73218,0.889526,-31.15,-4.83,-17.43,-22.0426,-48.3726,7.93261,1014.78
402746,-0.492587,9.88522,1.1143,-31.99,-5.6,-17.15,-22.3912,-49.1436,7.28245,1014.78
402752,-0.784314,10.3635,1.94644,-29.54,-5.04,-14.42,-22.0716,-49.0511,5.79003,1014.8
402758,-0.435198,10.0383,1.05691,-29.54,-5.95,-17.08,-21.6067,-48.5268,6.51407,1014.8
402764,-1.42994,9.82783,1.4682,-29.75,-8.26,-17.43,-21.3161,-48.1876,6.14466,1014.83
402770,0.263032,8.5605,1.96078,-27.3,-7.35,-20.09,-22.4493,-49.0819,6.69139,1014.83
402776,-1.05213,10.4161,1.9034,-21.07,-12.18,-20.02,-21.8101,-49.4828,7.75529,1014.83
402782,-0.851267,9.95696,0.846485,-30.59,-15.75,-21.77,-21.8973,-48.0642,7.17901,1014.83
402788,0.69823,9.52654,0.803443,-26.04,-10.01,-23.59,-21.8392,-49.1744,5.47973,1014.83
402794,-0.994739,9.42611,1.49689,-23.24,-17.15,-23.87,-21.3452,-50.0688,5.92302,1014.82
402800,-1.13821,10.067,2.07556,-19.11,-15.89,-22.75,-21.0546,-48.095,5.81958,1014.82
402806,-0.875179,9.43568,1.69775,-17.92,-14.91,-25.27,-21.5776,-48.5268,7.13468,1014.8
402812,-0.57867,9.52176,1.51602,-15.68,-15.05,-26.81,-20.8803,-49.6679,5.77525,1014.8
402818,-0.784314,9.89957,2.43424,-16.59,-18.13,-27.23,-20.1539,-49.0819,6.29243,1014.82
402824,0.913438,10.7891,2.05643,-18.55,-11.48,-33.81,-20.2991,-48.9277,5.46495,1014.82
402830,1.82688,10.5117,2.7164,-13.86,-11.83,-37.59,-20.8222,-50.7164,6.21855,1014.82
402836,0.545194,10.2726,4.14156,-5.46,-8.12,-39.06,-20.8222,-50.223,5.83436,1014.82
402842,0.301291,9.90435,3.03204,-7.77,-0.98,-43.61,-19.5727,-49.0202,6.20377,1014.83
402848,0.306074,10.1674,2.56815,0.07,-0.42,-47.67,-20.0958,-50.3155,5.28763,1014.83
402854,0.382592,9.77523,3.16595,-2.03,-0.35,-52.01,-19.7471,-50.9015,5.45017,1014.83
402860,1.20995,10.1004,2.74032,0.42,8.47,-53.9,-19.5437,-49.2669,7.79962,1014.83
402866,1.07604,9.92826,2.7977,13.58,10.71,-60.06,-18.9044,-50.0688,7.23812,1014.83
402872,0.344333,11.076,1.73123,10.36,7.35,-66.29,-18.672,-50.7164,5.36151,1014.82
402878,0.420851,12.1569,0.961262,12.74,7.91,-68.25,-18.0037,-50.5314,6.91304,1014.82
402884,-0.215208,11.7264,2.84075,13.65,7.63,-73.57,-18.3523,-49.4212,7.32678,1014.84
402890,0.521282,11.076,2.57771,20.02,8.61,-83.02,-16.8414,-52.1659,5.36151,1014.84
402896,1.39168,12.7834,1.31994,18.55,9.17,-91.35,-17.3354,-51.1173,6.98692,1014.81
402902,0.530846,12.4964,1.89383,19.18,7,-99.33,-17.8003,-50.223,5.2433,1014.81
402908,1.32472,13.1851,0.69823,15.33,10.5,-108.22,-17.2772,-51.8267,6.82438,1014.81
402914,0.215208,12.5538,2.08034,14.63,5.46,-116.76,-16.144,-51.6108,6.42542,1014.8
402920,1.15256,11.8651,2.01339,17.92,10.22,-123.34,-15.7372,-50.9015,6.54363,1014.8
402926,0.588235,12.5299,2.89335,22.33,11.62,-131.81,-14.7784,-51.5491,6.85393,1014.81
402932,0.545194,12.8694,3.29507,28.7,14.49,-141.47,-13.4708,-52.8444,6.33676,1014.81
402938,0.626494,13.5103,2.23816,30.38,13.09,-150.92,-13.4127,-52.3201,5.77525,1014.78
402944,1.17647,13.8211,2.07556,30.59,14,-160.3,-12.2504,-52.1967,6.63228,1014.78
402950,1.27212,13.7207,2.54424,34.51,15.75,-172.27,-11.03,-54.1088,5.64227,1014.85
402956,1.29125,14.8876,1.26255,37.03,12.6,-186.41,-11.0591,-53.8004,6.95737,1014.85
402962,1.15256,15.1698,0.894309,35.84,14.28,-199.36,-9.95494,-53.0911,7.91783,1014.85
402968,1.05213,15.8106,1.68819,36.33,14.21,-211.47,-8.79267,-54.3863,6.61751,1014.82
402974,1.77905,16.1549,1.67862,42.21,12.53,-230.65,-7.97908,-55.0031,7.09035,1014.82
402980,1.76949,19.1487,-0.124342,44.24,10.22,-250.88,-6.87492,-53.8312,8.42023,1014.79
402986,1.9847,20.5021,-2.19034,35.49,7.49,-273.7,-5.71265,-54.078,7.78484,1014.79
402992,1.29125,21.8603,-3.90244,20.44,0.63,-294.63,-3.38811,-55.3424,8.8783,1014.79
402998,2.50598,21.3104,-3.60593,6.37,-4.9,-319.55,-2.48735,-54.2938,8.28724,1014.79
403004,3.7781,20.1578,0.573888,7.49,-5.04,-343.7,-1.52848,-54.6331,9.72055,1014.79
403010,4.55763,21.6834,3.27116,17.29,4.06,-366.1,1.40626,-56.0209,8.92263,1014.79
403016,7.17838,24.9115,2.24773,6.93,10.01,-398.3,2.94627,-55.7125,8.64188,1014.8
403022,6.87709,24.6963,1.81253,1.96,22.47,-429.52,5.44515,-54.2938,10.4298,1014.8
403028,3.07508,24.132,2.41511,5.39,28.7,-460.6,7.91497,-55.3424,8.83397,1014.8
403034,0.693448,25.2893,1.58776,6.93,20.93,-484.75,10.1523,-55.4657,9.36592,1014.81
403040,6.04495,27.9101,-0.875179,-12.53,20.72,-499.24,12.9127,-53.8312,11.8779,1014.81
403046,-0.0621712,24.1081,3.27594,17.29,36.75,-505.26,15.8765,-54.2938,10.9174,1014.79
403052,0.535629,27.054,-1.34385,23.59,8.19,-513.52,19.4505,-53.0294,9.77966,1014.79
403058,2.52032,30.3204,0.124342,3.99,-4.27,-518.84,21.1358,-51.3641,10.1786,1014.77
403064,-0.353898,24.9689,3.18508,9.45,-4.83,-511.56,21.8332,-50.0688,10.3707,1014.77
403070,1.76949,29.9187,-1.06648,3.78,-8.47,-511.14,25.7558,-49.2978,11.0504,1014.75
403076,2.92205,30.7221,-3.93113,-19.74,-18.9,-505.61,28.1966,-47.9717,11.2573,1014.75
403082,6.75753,17.0349,-1.74558,-14.91,-35.91,-477.61,29.94,-46.2447,10.7845,1014.75
403088,4.2946,16.681,-5.04543,12.6,-34.51,-447.23,32.2936,-45.7204,10.2673,1014.75
403094,8.06791,13.0225,-7.1736,-4.48,-90.44,-429.59,34.7634,-43.9008,10.9618,1014.75
403100,13.2855,6.72405,-8.57006,-9.66,-94.08,-383.32,35.4027,-41.6187,10.3707,1014.77
403106,9.53132,-10.0096,-7.50837,7.63,-74.41,-346.64,37.9016,-40.601,9.83876,1014.77
403112,-10.703,2.99856,-13.252,26.88,38.22,-190.96,39.3835,-40.0767,10.0456,1014.77
403118,-10.8226,10.8274,4.83022,-8.26,-104.44,-44.59,39.1219,-38.6272,10.2377,1014.77
403124,10.2296,4.16069,-4.41416,24.01,-42.77,61.04,37.9887,-38.9973,10.681,1014.74
403130,5.7867,9.26351,-1.5495,30.66,-0.07,149.52,38.9767,-39.5524,9.32159,1014.74
403136,9.73697,8.4505,-1.12865,21.63,-2.45,208.53,38.0468,-40.4468,9.97175,1014.74
403142,13.1038,9.50263,-2.92683,22.26,32.69,234.29,36.594,-41.1561,10.7106,1014.73
403148,10.8417,10.8465,-1.46341,10.36,35.91,244.44,36.1,-42.6056,10.4003,1014.73
403154,11.0665,9.18699,-1.46341,5.11,48.09,246.12,35.6061,-43.5308,10.1195,1014.73
403160,10.0861,7.50837,-0.961262,1.47,56.35,242.48,33.1363,-43.4382,10.2525,1014.73
403166,8.98135,5.25108,-1.22429,-2.87,61.6,242.2,33.2815,-44.6101,10.8436,1014.7
403172,8.49833,4.06026,-1.39168,-2.38,68.32,242.69,33.1072,-46.0905,11.3164,1014.7
403178,6.80536,3.35724,-1.45863,-2.59,69.23,244.09,30.8989,-46.1213,10.2968,1014.76
403184,5.85366,4.41416,-2.21903,-2.59,68.46,246.4,29.0974,-46.7998,10.8583,1014.76
403190,3.7494,3.43855,-0.45911,0.98,62.58,254.87,28.7487,-48.496,11.5233,1014.69
403196,3.04161,3.68245,-1.12386,4.9,55.86,270.2,27.1215,-48.1567,10.9913,1014.69
403202,1.34385,4.24677,-1.16212,4.55,47.18,285.88,25.1456,-48.9586,10.4741,1014.69
403208,0.406504,4.5385,-1.21951,3.01,31.57,307.09,24.9713,-49.4212,9.95698,1014.68
403214,-0.172166,4.79675,-1.32472,3.78,20.79,325.64,23.3732,-51.2715,10.3264,1014.68
403220,-0.659971,4.98804,-0.23912,7.56,8.12,343.42,20.729,-51.4566,11.9813,1014.68
403226,-0.430416,5.16499,0.315638,11.62,-7.14,359.87,19.5667,-51.9192,11.0948,1014.68
403232,0.267814,5.42324,0.923003,19.88,-18.48,369.81,18.2011,-53.5537,9.48413,1014.64
403238,0.463893,5.8967,1.45863,26.88,-29.61,375.06,15.9346,-52.3509,9.95698,1014.64
403244,1.40603,6.47537,1.956,33.6,-37.24,377.79,13.4648,-53.7387,11.9666,1014.66
403250,2.01339,6.92492,2.05643,37.31,-42.84,378.21,12.1282,-54.9106,10.6958,1014.66
403256,2.52032,8.26877,2.41511,37.94,-45.78,375.97,10.501,-54.6639,11.3312,1014.66
403262,2.94596,8.76614,2.81683,38.85,-46.55,372.82,7.42101,-53.9546,11.9518,1014.68
403268,3.52941,9.7274,2.88379,37.45,-41.65,369.6,6.2878,-54.263,10.1047,1014.68
403274,3.20421,10.6887,3.06074,32.62,-40.53,363.72,3.78891,-55.1265,12.1439,1014.71
403280,2.97944,11.8986,3.46724,27.51,-38.43,360.71,2.39419,-53.1528,11.8779,1014.71
403286,2.86466,12.5729,3.37159,22.05,-33.32,358.33,1.05758,-54.3247,11.5381,1014.7
403292,1.96557,13.8307,3.60593,16.38,-29.47,356.86,-0.685829,-54.6947,10.8583,1014.7
403298,2.05165,14.2994,3.27116,9.03,-27.93,358.61,-3.21377,-53.492,12.2473,1014.75
403304,0.903874,14.5624,4.54328,9.31,-27.44,372.05,-5.39302,-53.307,11.7597,1014.75
403310,0.860832,14.6724,2.9077,-0.84,-26.53,372.68,-6.84586,-54.0163,10.1786,1014.76
403316,0.549976,15.8776,2.83596,0,-26.88,374.22,-8.18248,-53.492,10.7992,1014.76
403322,-0.0526064,16.3271,3.0703,0.98,-30.24,384.16,-10.8266,-51.8883,11.1243,1014.76
403328,-0.463893,16.0832,3.16595,6.44,-34.16,396.55,-12.0761,-52.0734,10.9027,1014.77
403334,-0.109995,17.1162,2.58728,10.15,-33.95,402.15,-14.7202,-51.7341,10.3707,1014.77
403340,-1.04256,18.3596,3.0703,16.66,-41.79,412.93,-16.115,-49.8529,10.9913,1014.78
403346,-0.253467,19.0579,1.58297,25.55,-40.11,417.9,-18.3233,-48.5885,11.5233,1014.78
403352,-0.712578,21.3821,2.69727,30.45,-42.91,426.23,-20.9675,-48.8969,11.5528,1014.74
403358,-0.621712,23.2664,2.74988,37.38,-39.41,435.47,-22.8852,-46.2138,12.2916,1014.74
403364,-0.301291,24.878,2.47728,41.93,-32.48,441.42,-24.4252,-45.5662,12.7202,1014.79
403370,-0.655189,27.121,2.88379,44.59,-22.68,447.72,-26.2558,-44.4868,12.2769,1014.79
403376,-1.94165,27.6088,2.65901,44.66,-10.99,455.91,-28.0573,-42.2663,13.7545,1014.79
403382,-3.36681,30.0096,2.98422,44.87,1.89,457.59,-29.6264,-40.6627,12.927,1014.76
403388,-5.52367,31.5017,2.73553,39.48,9.73,457.38,-32.3868,-39.6141,13.0009,1014.76
403394,-9.26351,32.4008,2.5825,38.29,27.86,449.82,-34.2173,-37.7637,14.582,1014.76
403400,-13.2951,33.6059,2.81683,29.96,27.09,440.09,-35.2634,-34.8031,14.6263,1014.76
403406,-17.934,34.132,1.80775,19.18,32.97,421.19,-37.2683,-32.6443,12.8384,1014.78
403412,-21.0282,34.3711,0.631277,4.06,27.23,390.53,-38.4887,-32.5826,12.8827,1014.78
403418,-24.2994,33.1946,-2.64467,-39.62,30.87,354.41,-39.3023,-30.2388,13.7102,1014.77
403424,-24.7107,31.516,-6.61406,-70.21,26.81,304.5,-40.203,-28.2651,14.0648,1014.77
403430,-30.2822,25.9158,-8.16834,-108.36,14,253.12,-41.3944,-29.0052,12.6758,1014.77
403436,-33.4672,17.3314,-5.17456,-103.95,-2.8,200.2,-42.3823,-27.0932,12.2178,1014.8
403442,-40.1913,6.00669,-0.234338,-61.88,-21.91,156.1,-41.6268,-25.9521,12.7349,1014.8
403448,-43.9694,0.167384,3.22812,2.66,-44.66,114.31,-42.3532,-26.2297,11.1539,1014.82
403454,-46.6619,0.382592,1.46341,55.44,-62.37,84.07,-42.9925,-26.0755,10.1934,1014.82
403460,-45.3228,4.21329,0.640842,84.28,-65.03,52.36,-42.9634,-24.1634,14.3308,1014.82
403466,-43.0846,8.98613,3.37159,106.19,-64.68,17.5,-42.76,-24.2251,11.8631,1014.82
403472,-38.3453,13.582,2.58728,108.71,-62.02,-28.49,-43.6317,-24.4101,12.3508,1014.81
403478,-16.9106,31.8986,27.1497,281.82,-218.33,-163.94,-43.4283,-23.3616,13.2669,1014.81
403484,11.186,101.86,-39.7943,-180.67,83.09,-350.21,-41.2491,-24.9652,14.9662,1014.81
403490,-36.2219,-33.1086,33.9216,10.92,-30.8,-286.44,-41.5106,-28.4501,12.3655,1014.81
403496,19.8374,6.70493,-6.88187,6.37,-158.69,-300.72,-39.9125,-28.2034,14.9514,1014.81
403502,20.0813,10.483,-13.1468,-41.86,-40.39,-309.54,-38.634,-28.7585,15.3651,1014.8
403508,12.1043,21.7982,6.02582,-35,5.39,-312.27,-38.6049,-30.5781,14.8184,1014.8
403514,14.8828,7.8814,-1.12865,-126.98,115.99,-303.1,-37.6751,-32.7677,14.0205,1014.8
403520,1.23386,7.88618,6.67145,-40.95,180.53,-305.2,-36.4547,-33.477,13.2669,1014.8
403526,-3.6968,9.46915,9.5935,-51.24,107.52,-328.23,-35.8155,-36.2217,13.5772,1014.84
403532,-1.00909,4.48111,6.73362,-36.26,92.19,-329.7,-35.089,-37.6095,11.7597,1014.84
403538,-5.85366,7.37446,7.74749,-0.56,114.1,-310.03,-33.6362,-37.6404,12.9123,1014.83
403544,-16.9201,18.0966,10.5787,3.92,68.95,-288.89,-32.3868,-39.244,11.3755,1014.83
403550,-15.2989,25.8584,3.64897,-22.47,25.48,-240.45,-32.0671,-41.5262,11.5381,1014.83
403556,-10.5069,13.7542,6.62362,-17.01,-25.13,-219.8,-30.9339,-41.8346,10.7992,1014.84
403562,-4.60545,13.1277,5.00717,-8.05,-46.9,-207.55,-30.7305,-41.9271,11.7597,1014.84
403568,-2.73075,9.06743,4.02678,13.02,-45.92,-190.89,-28.3188,-43.4691,10.7697,1014.84
403574,0.645624,11.8747,-0.425634,10.92,-31.85,-187.81,-27.3309,-44.1476,11.5972,1014.84
403580,-0.755619,15.3802,-5.92061,8.96,15.89,-197.33,-26.6916,-42.9448,12.6167,1014.8
403586,-12.3434,22.6399,-8.00574,-10.36,53.41,-91.14,-27.3018,-45.412,12.4394,1014.8
403592,-9.04352,17.2262,-3.03204,-49.7,27.65,-62.3,-26.2848,-45.7512,11.213,1014.82
403598,-4.54328,12.2334,0.813008,-63.28,-6.16,-62.86,-26.4301,-45.412,11.8484,1014.82
403604,2.7977,7.79531,0.248685,-49.7,18.2,-62.16,-25.0935,-44.2709,11.8779,1014.82
403610,1.79818,8.81396,0.468675,-31.85,49.42,-47.25,-25.4713,-46.2755,9.57279,1014.84
403616,-3.51028,8.71832,3.92635,-28.91,29.4,-42.49,-26.1977,-45.9363,9.76488,1014.84
403622,-3.18508,9.35437,2.35294,-23.94,9.94,-32.13,-25.9652,-44.826,10.4594,1014.82
403628,-0.994739,9.87566,0.961262,-17.01,14.35,-27.58,-25.7909,-46.0288,8.98173,1014.82
403634,-1.5495,10.7795,-0.37781,-17.85,13.44,-23.24,-24.6286,-47.2932,9.73533,1014.85
403640,-0.593018,10.2726,-0.109995,-20.65,10.92,-18.41,-24.8029,-45.5662,9.05562,1014.85
403646,0.205643,10.2104,0.301291,-22.4,4.27,-15.47,-25.1516,-46.3063,10.0456,1014.82
403652,-0.23912,9.89479,1.05691,-15.68,-3.15,-22.82,-25.0935,-47.5091,8.44978,1014.82
403658,-0.549976,9.39742,2.49163,-14.21,1.61,-14.21,-24.6867,-46.3989,9.82399,1014.84
403664,0.416069,10.3443,1.13821,-14.28,-3.22,-13.86,-24.6867,-46.8615,10.2525,1014.84
403670,0.224773,10.0813,1.44428,-4.97,2.66,-18.13,-24.6867,-47.2315,8.1247,1014.84
403676,-0.23912,9.7561,2.78336,-3.71,-4.06,-21.63,-24.0765,-47.4166,8.15425,1014.81
403682,-0.21999,9.94739,2.21903,3.08,-1.82,-17.36,-23.9894,-46.8306,8.6271,1014.81
403688,0,9.82783,1.94644,4.48,-4.41,-20.09,-25.0354,-47.4474,8.80442,1014.82
403694,0.315638,10.9995,0.11956,1.4,-4.13,-17.22,-23.7569,-48.095,8.49411,1014.82
403700,-0.626494,10.0239,1.15734,2.38,-8.54,-16.8,-23.6116,-46.3989,9.24771,1014.82
403706,-0.224773,9.84696,0.923003,1.33,-8.05,-18.9,-23.5826,-47.0465,9.08517,1014.82
403712,0.124342,10.2965,0.430416,-1.05,-7.77,-16.52,-24.2799,-47.8792,8.15425,1014.82
403718,-0.0908656,10.0239,0.626494,-1.61,-8.33,-14.14,-23.5244,-47.6941,9.04084,1014.82
403724,-0.205643,10.067,0.47824,-5.25,-7.49,-15.61,-23.6116,-46.5222,9.63189,1014.82
403730,-0.0765184,9.89957,0.722142,-3.64,-8.47,-16.94,-23.7569,-48.681,7.19379,1014.83
403736,0.263032,10.1004,0.363462,-8.19,-4.55,-13.79,-23.5535,-47.4782,8.76009,1014.83
403742,-0.186514,9.8087,0.703013,-8.12,-3.01,-13.93,-23.4373,-47.1082,9.02606,1014.86
403748,-0.387374,10.1004,0.545194,-12.46,-3.92,-14.77,-24.1928,-48.2801,7.09035,1014.86
403754,0.071736,9.90913,0.559541,-13.51,-2.87,-13.3,-23.3792,-48.5885,7.60753,1014.83
403760,1.15256,9.89957,0.444763,-16.1,-0.42,-13.86,-22.8852,-47.2932,8.40545,1014.83
403766,-0.25825,9.35916,0.71736,-15.61,1.05,-13.51,-22.769,-48.8044,8.8783,1014.84
403772,-0.167384,10.1148,0.33955,-22.68,3.78,-12.53,-23.9022,-48.4343,7.41543,1014.84
403778,-0.57867,9.90913,0.908656,-22.54,1.82,-12.95,-22.798,-47.725,7.50409,1014.84
403784,-0.047824,9.81349,0.822573,-24.22,3.15,-13.23,-23.2629,-47.5399,7.8144,1014.82
403790,-0.545194,9.65088,1.81731,-21.84,-1.12,-12.67,-23.4373,-49.6062,7.74052,1014.82
403796,0.267814,9.81349,0.827355,-24.36,-0.7,-16.1,-23.1467,-48.4034,6.95737,1014.84
403802,-0.0382592,9.44046,1.25299,-22.4,1.26,-16.52,-23.1177,-47.9717,9.42502,1014.84
403808,-0.784314,10.0717,1.53037,-21.28,1.54,-15.68,-23.0595,-49.3286,7.45976,1014.79
403814,-0.105213,10.5117,0.69823,-24.36,-1.33,-16.52,-22.7399,-48.4651,7.54842,1014.79
403820,-0.109995,9.99043,0.69823,-25.48,-3.01,-17.08,-23.1467,-48.1259,8.21336,1014.84
403826,-0.411286,10.1961,0.961262,-25.9,-3.15,-17.5,-23.0305,-48.7427,7.51887,1014.84
403832,-0.655189,10.22,1.18604,-29.26,-3.92,-18.55,-22.9143,-50.0996,6.94259,1014.79
403838,-0.946915,9.50263,1.84601,-28.84,-5.11,-16.45,-21.9554,-48.4034,6.76527,1014.79
403844,-0.143472,10.2009,0.865614,-28.84,-6.37,-18.62,-22.9433,-47.9717,7.60753,1014.79
403850,-0.679101,9.91392,1.09517,-32.41,-8.4,-18.62,-21.7229,-49.6062,5.4354,1014.81
403856,0.526064,9.39742,0.650406,-28.35,-7.49,-19.67,-22.3331,-49.2978,6.35153,1014.81
403862,-0.913438,10.2726,1.74558,-28.56,-11.83,-18.97,-21.8973,-47.6633,6.79483,1014.81
403868,-1.09039,9.52176,1.76471,-30.87,-12.39,-19.6,-21.6358,-48.6193,5.46495,1014.81
403874,0.602582,10.813,0.69823,-31.99,-12.11,-22.96,-21.229,-49.1436,4.88867,1014.81
403880,-0.196078,9.14395,0.688666,-39.48,-16.66,-26.25,-21.5195,-48.0642,6.95737,1014.81
403886,0.516499,8.79483,0.607365,-33.6,-12.25,-28.21,-21.8101,-48.681,4.51926,1014.82
403892,-0.526064,9.75131,2.19034,-25.69,-17.43,-28,-21.4614,-48.8352,5.09554,1014.82
403898,-0.0526064,8.00096,2.83596,-19.39,-13.02,-29.54,-21.3742,-48.9277,6.12989,1014.82
403904,0.942133,10.4161,2.54902,-11.83,-10.78,-36.82,-20.8803,-48.681,5.28763,1014.82
403910,0.712578,10.6648,3.43855,-21.63,-10.43,-34.86,-20.5316,-50.3155,5.22853,1014.82
403916,0.224773,9.90913,3.02726,-14,-1.75,-36.19,-20.7059,-49.2978,5.40584,1014.83
403922,-0.353898,10.0096,3.92157,-5.95,-2.1,-41.72,-20.2991,-48.681,5.47973,1014.83
403928,0.444763,10.9852,3.18508,-4.55,-0.14,-46.34,-20.735,-50.4697,6.18899,1014.82
403934,0.521282,10.7795,2.82162,-2.59,2.1,-47.67,-19.9505,-50.0071,5.61271,1014.82
403940,0.382592,11.2434,3.80201,2.17,9.17,-53.83,-19.718,-49.452,5.39107,1014.81
403946,0.0286944,10.1865,4.17504,8.19,6.02,-58.45,-19.4565,-51.1482,4.80001,1014.81
403952,0.679101,10.5117,2.4725,11.27,10.85,-64.47,-19.1659,-51.6416,3.98731,1014.81
403958,0.789096,12.9507,1.47776,13.23,13.3,-75.53,-18.8463,-50.1921,5.55361,1014.8
403964,0.521282,11.5686,2.05165,13.58,10.29,-79.87,-18.7882,-51.0248,5.11032,1014.8
403970,0.277379,11.0378,2.26686,8.82,8.54,-88.48,-18.178,-52.2892,4.20896,1014.82
403976,1.14299,11.0569,1.84122,20.3,10.64,-95.83,-17.7422,-51.4874,3.82477,1014.82
403982,0.282162,13.0703,1.80775,19.53,9.1,-101.85,-17.2772,-50.5931,4.47493,1014.78
403988,0.846485,12.812,0.913438,17.85,9.66,-109.76,-16.0859,-52.135,5.40584,1014.78
403994,-0.023912,12.9412,2.03252,16.66,8.12,-119.63,-16.5799,-53.4612,3.23371,1014.81
404000,0.631277,11.8508,2.27642,16.73,8.96,-124.88,-15.7953,-51.3949,6.27765,1014.81
404006,0.315638,13.5725,2.30512,14.7,8.82,-132.09,-15.2142,-52.536,4.6818,1014.82
404012,0.789096,12.5968,3.47202,14.21,8.4,-142.17,-13.9357,-54.4172,4.57836,1014.82
404018,1.45385,11.9512,2.86944,23.94,15.54,-151.48,-13.9938,-52.5668,5.16942,1014.82
404024,0.564323,12.8838,3.70636,26.39,12.11,-161.21,-13.3836,-53.307,6.20377,1014.81
404030,1.07604,13.7064,1.6308,34.37,14.28,-172.62,-11.0882,-54.5405,6.41064,1014.81
404036,0.5978,13.912,1.91774,38.08,13.44,-184.52,-10.7685,-54.4789,6.48452,1014.8
404042,1.11908,15.5093,0.913438,38.36,10.01,-199.43,-9.7806,-53.8929,5.98212,1014.8
404048,1.30081,16.4371,0.918221,36.05,13.3,-213.01,-8.58927,-55.219,4.53404,1014.8
404054,1.75992,17.561,1.3869,36.19,8.47,-231.42,-7.39794,-55.1882,5.92302,1014.8
404060,2.69727,19.3544,-0.650406,38.01,11.69,-252.14,-6.78775,-54.2013,8.21336,1014.8
404066,1.44428,22.1664,-2.65423,28.21,9.59,-275.66,-4.92812,-54.9723,7.84395,1014.8
404072,2.22382,21.8747,-4.38546,10.64,-8.4,-299.25,-3.67868,-56.3909,6.44019,1014.8
404078,3.03204,22.9507,-3.30464,-0.35,-5.67,-320.18,-1.67376,-54.7256,7.51887,1014.79
404084,5.00239,22.7499,-0.583453,-12.25,-11.27,-348.32,-0.598658,-54.9723,8.02127,1014.79
404090,5.16021,20.923,1.20516,-3.92,2.45,-378.91,2.33608,-56.6068,7.20856,1014.8
404096,5.64801,22.1521,3.65854,10.43,-4.27,-411.67,3.84703,-54.8489,7.54842,1014.8
404102,5.87757,24.9641,1.48733,14.56,11.76,-442.19,5.64855,-55.4966,8.19858,1014.81
404108,2.80727,29.8278,0.832138,1.47,17.57,-471.24,8.61234,-55.5583,8.24291,1014.81
404114,4.022,30.1674,0.832138,-20.09,3.57,-500.64,10.5301,-55.1882,7.96216,1014.82
404120,2.99856,23.8737,1.10952,-15.05,8.05,-517.02,12.9127,-53.9238,8.84875,1014.82
404126,-3.69201,18.484,1.49211,34.93,21.63,-507.85,16.3705,-53.5537,7.96216,1014.82
404132,-0.13869,38.9144,-2.36729,11.06,-29.47,-517.72,19.2762,-54.1088,8.84875,1014.77
404138,3.70636,29.8613,-0.650406,-12.88,-10.01,-515.2,21.1067,-51.2407,8.99651,1014.77
404144,0.23912,26.7719,1.76949,-8.05,-22.89,-515.06,24.3611,-50.4389,9.57279,1014.76
404150,1.40124,28.5892,-2.879,-15.19,-31.15,-508.06,26.5404,-49.2669,9.35114,1014.76
404156,2.98422,24.8924,-2.82162,-26.6,-44.94,-499.94,28.8358,-48.6193,7.29722,1014.77
404162,3.92157,14.462,-2.10426,13.09,-47.88,-460.32,30.3468,-46.954,9.66145,1014.77
404168,3.95026,18.0583,-6.901,16.24,-91.56,-423.57,32.8457,-46.2138,7.71096,1014.76
404174,13.0416,11.3486,-10.856,-19.53,-139.23,-386.05,34.9087,-44.2401,8.52366,1014.76
404180,16.9345,0.932568,-11.3391,-28.98,-100.45,-352.8,35.4898,-42.0505,8.67143,1014.74
404186,-5.19847,-3.90244,-6.05452,23.24,-3.29,-272.16,37.64,-41.5879,8.05082,1014.74
404192,-19.2396,13.3812,-4.17982,-6.65,-62.44,-113.68,39.0348,-41.3411,7.45976,1014.74
404198,7.04448,3.8307,-0.645624,0.21,-114.73,-12.53,36.7393,-39.059,7.57797,1014.74
404204,11.2099,2.54424,-4.49067,42.77,-14.77,78.12,37.0008,-39.8917,7.10513,1014.74
404210,7.66619,7.79531,-1.14778,30.17,-18.97,148.33,38.5408,-40.6935,7.16424,1014.72
404216,13.0225,7.05882,-2.67814,34.02,9.52,186.06,37.0299,-41.1561,7.77007,1014.72
404222,11.143,9.34003,-1.80296,29.54,29.68,206.08,36.0129,-42.0813,6.72094,1014.72
404228,10.8847,9.00526,-1.64515,23.17,42.07,214.2,35.4898,-43.9317,6.57318,1014.72
404234,9.52654,7.24534,-1.04256,20.79,54.81,218.54,35.3446,-44.2401,7.65186,1014.76
404240,8.27833,5.01196,-0.73649,18.48,61.74,222.88,32.7876,-44.2092,9.11472,1014.76
404246,7.86227,3.40029,-1.93687,16.03,71.26,229.67,32.991,-45.7204,7.07558,1014.76
404252,6.84361,2.73553,-1.39168,17.57,73.78,236.67,31.6253,-46.3063,8.27247,1014.72
404258,5.85366,2.4725,-1.80775,17.64,74.06,245.07,29.5913,-46.8306,9.1886,1014.72
404264,4.98326,2.62554,-1.40603,19.25,72.66,253.33,29.5913,-47.5091,9.97175,1014.76
404270,3.94548,3.15638,-1.35342,21.7,68.74,261.73,28.8358,-48.3726,9.17383,1014.76
404276,3.44333,3.5055,-1.36298,22.47,63.28,271.11,26.86,-48.866,8.6271,1014.69
404282,2.63032,4.01722,-1.28647,22.96,56.21,281.89,25.2619,-49.3595,10.5037,1014.69
404288,2.29555,4.41894,-1.20038,23.03,48.44,293.44,24.3902,-50.7473,10.1786,1014.65
404294,1.39168,5.055,-1.05691,22.54,39.2,305.55,22.8211,-50.7781,10.3559,1014.65
404300,0.569106,5.32759,-0.95648,20.58,27.23,319.06,21.3392,-51.765,11.1539,1014.65
404306,0.549976,5.51889,-0.382592,21.14,15.54,329,19.6539,-52.721,11.2425,1014.67
404312,0.774749,5.74366,0.334768,24.43,4.9,336.42,18.3754,-52.8135,10.0309,1014.67
404318,1.02343,5.79149,0.722142,30.1,-3.15,342.16,15.5278,-52.3509,11.9222,1014.67
404324,1.31994,6.18843,1.32951,34.65,-11.48,345.59,13.9297,-52.721,11.9666,1014.67
404330,1.67862,6.55667,1.54472,39.62,-16.66,348.04,13.4648,-54.8489,9.67622,1014.67
404336,1.99904,7.11143,1.93687,43.26,-20.44,349.72,11.2856,-54.4172,10.5628,1014.67
404342,2.55858,7.90053,1.79818,44.31,-24.15,350.63,8.81573,-53.3686,11.0504,1014.72
404348,2.36729,9.0483,1.91296,45.71,-24.5,350.77,6.81082,-54.5097,11.1391,1014.72
404354,2.08991,9.87087,1.97513,44.03,-25.76,350.42,5.881,-54.9723,10.8879,1014.72
404360,2.04687,11.1621,2.12339,42,-25.62,351.54,2.77193,-53.8312,11.4937,1014.72
404366,1.61167,11.9273,2.15208,38.57,-26.04,353.5,1.26098,-55.7433,10.8288,1014.72
404372,0.846485,12.836,2.38642,35.84,-27.51,358.26,-0.279033,-55.6199,11.4789,1014.74
404378,0.636059,13.5294,2.16164,32.69,-28.49,364.98,-2.54546,-54.6022,11.0504,1014.74
404384,0.329986,14.3424,2.18556,30.66,-30.31,373.8,-3.88207,-53.6462,11.4051,1014.74
404390,0.162602,17.934,1.2769,26.32,-25.34,389.2,-5.33491,-54.1088,10.8436,1014.74
404396,-0.0860832,15.1124,2.57293,26.74,-34.16,386.89,-7.80474,-53.3995,11.4051,1014.73
404402,0.540411,15.8345,1.83166,28.28,-36.61,398.3,-9.3738,-52.9369,12.5428,1014.73
404408,0.21999,17.274,1.45385,25.76,-31.85,409.43,-11.1172,-53.5228,12.9418,1014.75
404414,0.832138,17.054,2.36729,33.25,-35,409.92,-14.1391,-52.2584,12.6906,1014.75
404420,0.263032,18.7518,2.41033,36.05,-40.6,407.19,-16.115,-49.4212,13.6363,1014.75
404426,1.10473,19.3352,2.15686,38.78,-36.68,410.13,-18.2071,-49.4828,12.1291,1014.76
404432,0.487805,21.0904,2.36729,44.73,-33.74,408.94,-19.2241,-49.1128,11.8484,1014.76
404438,0.234338,22.3338,2.16643,48.09,-32.27,406.14,-21.3452,-47.9717,12.7497,1014.79
404444,0.334768,23.955,2.15686,52.64,-28.84,403.97,-23.6988,-45.9979,13.0896,1014.79
404450,-0.769966,26.1454,1.37733,54.32,-21.07,402.43,-25.5294,-45.597,13.5772,1014.76
404456,-1.28168,27.8001,1.85079,50.26,-16.38,409.43,-26.9531,-43.5924,14.1978,1014.76
404462,-2.25251,29.45,1.96078,50.61,-3.15,415.1,-28.406,-42.143,14.5524,1014.78
404468,-3.67288,29.6652,2.64945,48.51,3.99,418.81,-30.7015,-40.5701,13.7693,1014.78
404474,-5.58584,29.2779,2.21425,52.01,20.02,420.21,-31.98,-39.645,14.0648,1014.78
404480,-11.9369,29.56,4.92109,51.31,8.4,427.42,-33.2875,-36.4685,14.8627,1014.82
404486,-13.4577,29.7322,3.98374,49.77,20.58,427.98,-35.7283,-35.8825,14.8332,1014.82
404492,-16.4658,30.3635,4.72023,49.49,20.86,415.17,-37.4717,-35.1423,14.8332,1014.78
404498,-19.1248,31.2769,3.54376,37.45,23.94,393.19,-37.8204,-30.7631,15.1878,1014.78
404504,-20.9326,32.3386,0.942133,18.13,23.24,353.85,-39.3604,-30.5164,13.592,1014.79
404510,-24.0029,35.8441,-8.24486,-33.95,21.07,304.01,-40.6389,-29.7762,14.2274,1014.79
404516,-27.8766,34.022,-11.4443,-98.7,13.93,251.09,-40.9876,-26.939,14.6411,1014.79
404522,-36.0354,19.1966,-5.71497,-116.27,-3.99,199.92,-42.0627,-25.2736,15.3651,1014.79
404528,-41.3438,7.3362,0.296509,-74.27,-22.47,156.03,-42.1208,-26.4147,13.8432,1014.83
404534,-48.8761,-5.89192,5.6528,20.86,-46.13,122.71,-42.8763,-25.9521,15.173,1014.83
404540,-51.1765,-3.3142,2.51076,69.65,-63.07,92.33,-42.2661,-24.3793,15.1287,1014.83
404546,-46.3702,1.31516,5.27499,107.52,-65.1,51.24,-42.6147,-23.7933,16.0005,1014.81
404552,-41.9512,6.37016,6.81014,137.06,-53.41,-2.52,-43.2249,-23.9784,15.306,1014.81
404558,-34.8828,14.6772,6.23147,136.92,-40.81,-58.73,-42.4404,-23.4541,15.705,1014.83
404564,-28.0488,17.1114,5.69584,146.65,-39.62,-114.38,-42.1498,-23.4232,16.7985,1014.83
404570,30.2391,123.558,-5.24629,11.9,-56.35,-383.25,-41.7721,-24.9961,18.3647,1014.82
404576,-26.7384,-4.00765,12.3147,-4.41,-0.77,-284.55,-40.6389,-26.2913,16.9314,1014.82
404582,21.2578,2.09469,-16.0784,35.7,-112.35,-261.66,-39.5057,-26.8156,18.0249,1014.79
404588,13.472,17.8144,-12.9747,5.88,57.33,-295.12,-39.4185,-29.3753,16.7098,1014.79
404594,13.1851,23.1468,-2.08513,-74.97,77.28,-272.09,-38.5177,-30.2697,15.9414,1014.79
404600,18.197,4.19416,-1.86035,-126.56,130.55,-300.93,-37.7913,-31.8425,16.1778,1014.81
404606,7.24055,6.34624,3.20899,-73.85,198.03,-322,-37.6751,-33.6312,15.4095,1014.81
404612,-4.20373,9.10091,11.693,-74.34,126.84,-320.74,-36.4257,-35.6975,13.5181,1014.81
404618,-3.05595,3.62506,10.2391,-60.9,107.73,-314.02,-35.2053,-35.6358,13.9614,1014.81
404624,-7.71401,9.99522,9.71305,8.33,116.62,-319.13,-34.1592,-37.3011,14.4194,1014.79
404630,-13.2329,23.869,2.23816,-24.43,104.3,-297.29,-33.9558,-39.5833,10.6071,1014.79
404636,-16.9775,19.2539,7.03969,-42.77,32.48,-254.03,-32.9388,-39.7066,11.5085,1014.82
404642,-10.6121,14.6198,8.72788,-38.15,-32.97,-229.53,-31.3117,-39.3366,12.7645,1014.82
404648,-5.11717,9.64132,8.22095,-9.87,-54.81,-205.8,-30.6724,-41.557,12.3508,1014.82
404654,-1.34864,11.0617,3.35246,10.36,-39.34,-195.72,-30.1203,-42.5747,12.3951,1014.83
404660,-0.903874,12.7451,0.870397,24.57,-37.94,-191.73,-28.0282,-42.0196,12.0996,1014.83
404666,0.526064,12.1616,-2.01817,20.58,-18.48,-198.45,-27.9992,-43.8392,13.193,1014.85
404672,-13.5916,25.3898,-10.1387,-12.25,62.72,-120.82,-27.5343,-44.8877,10.9618,1014.85
404678,-15.3372,21.3008,-8.55093,-37.8,42.14,-60.48,-27.0694,-43.2224,11.6858,1014.83
404684,-6.37972,12.8312,1.6021,-80.85,-21.84,-49.63,-26.6916,-44.4868,11.1539,1014.83
404690,4.95935,6.62362,-0.626494,-62.44,7.63,-58.17,-26.2267,-45.7821,10.8731,1014.84
404696,0.81779,8.73744,1.28647,-41.02,49.07,-54.25,-26.3139,-45.4737,11.4789,1014.84
404702,-4.22286,9.74175,2.47728,-33.18,38.29,-37.31,-25.7328,-45.412,10.9765,1014.81
404708,-4.04113,8.77092,4.24677,-26.88,8.4,-29.19,-25.4713,-46.6456,9.04084,1014.81
404714,-0.908656,9.71784,1.25299,-21.49,4.69,-21.77,-25.9943,-46.3989,9.23293,1014.81
404720,0.124342,11.5495,-1.16691,-19.81,16.94,-18.06,-26.1396,-45.5353,10.4741,1014.83
404726,0.784314,10.2678,0.234338,-25.55,15.19,-19.88,-25.1516,-46.183,9.691,1014.83
404732,0.750837,9.39742,1.10952,-20.09,14.77,-22.12,-25.2969,-46.5531,9.04084,1014.81
404738,-1.50646,10.067,2.39598,-16.87,8.61,-19.11,-25.7328,-45.9979,10.1491,1014.81
404744,-0.526064,10.3443,1.66906,-13.16,4.41,-22.61,-24.5705,-45.4428,9.14427,1014.81
404750,0.368245,10.3587,0.45911,-9.52,-1.75,-17.15,-25.9943,-47.2007,8.74531,1014.81
404756,-0.349115,9.85174,1.18125,-7.35,1.54,-18.48,-25.8199,-46.6456,10.2968,1014.82
404762,-0.25825,9.70827,1.66428,-7.91,1.75,-17.01,-24.7739,-45.6895,9.95698,1014.82
404768,0.0430416,9.79914,1.70732,-4.55,-1.33,-16.38,-24.9192,-47.0157,9.79444,1014.82
404774,0.296509,9.85653,1.40603,-2.87,-1.61,-18.2,-25.0354,-47.5091,9.01129,1014.83
404780,0.291726,10.5978,0.172166,-2.1,-0.35,-17.15,-24.9773,-45.6279,9.11472,1014.83
404786,-0.248685,10.4352,0.167384,-5.18,-1.12,-17.15,-24.5705,-46.4605,9.36592,1014.83
404792,-0.153037,10.3874,0.325203,-7.42,-2.03,-16.38,-25.2097,-47.2315,9.15905,1014.83
404798,-0.047824,9.73218,0.83692,-7.56,-2.24,-15.26,-25.326,-46.4914,8.89307,1014.81
404804,-0.0621712,9.61741,1.00909,-7.35,-2.73,-14.91,-24.7739,-46.6764,9.55801,1014.81
404810,-0.0526064,9.69871,0.860832,-6.65,-0.14,-15.61,-24.9482,-47.4166,9.30681,1014.81
404816,-0.176949,9.93783,0.793878,-7.35,-1.96,-15.19,-25.0645,-46.8615,7.04602,1014.81
404822,-0.25825,10.0143,0.71736,-7.63,-4.48,-14.28,-24.6577,-46.1521,8.89307,1014.81
404828,0.0382592,9.73218,0.808226,-7.7,-5.67,-14,-25.355,-46.9848,7.75529,1014.86
404834,-0.191296,9.85174,0.554758,-9.1,-5.46,-14.49,-24.0765,-47.5091,7.63708,1014.86
404840,-0.243902,10.2917,0.196078,-10.99,-4.69,-14.49,-23.4663,-45.7821,9.14427,1014.84
404846,-0.291726,10.4448,-0.186514,-12.46,-4.9,-14.49,-23.5535,-47.2932,9.08517,1014.84
404852,-0.511717,10.7126,-0.133907,-19.6,-13.51,-15.4,-24.1346,-47.9408,8.25769,1014.79
404858,0.272597,10.4782,-0.530846,-26.39,-10.5,-14.7,-24.2509,-47.6016,7.88828,1014.79
404864,0.11956,10.1196,-0.0047824,-27.3,-4.76,-15.19,-24.0184,-47.1082,7.19379,1014.8
404870,-0.573888,10.1674,0.109995,-31.78,-6.3,-14.63,-23.7278,-48.8969,7.25289,1014.8
404876,-0.10043,9.60306,0.731707,-32.55,-7.28,-16.24,-23.6116,-47.6941,8.1247,1014.81
404882,0.0765184,9.77044,0.521282,-31.78,-5.11,-16.59,-23.3792,-47.2932,9.1886,1014.81
404888,-0.0526064,9.90435,0.923003,-32.97,-6.23,-16.38,-23.3211,-48.496,7.35633,1014.81
404894,-0.0047824,9.01482,1.02822,-34.16,-5.67,-19.11,-23.4082,-48.1567,7.68141,1014.84
404900,0.683883,10.9373,0.645624,-38.01,-6.3,-18.97,-23.1177,-47.6324,7.19379,1014.84
404906,0.473458,8.76136,1.44907,-31.43,-1.4,-20.23,-23.1177,-49.2669,6.95737,1014.82
404912,-0.310856,9.12482,1.93209,-29.05,-4.69,-18.9,-23.7278,-48.7735,6.14466,1014.82
404918,-0.0908656,9.38785,1.17169,-28.35,-4.41,-19.81,-22.8271,-47.139,5.98212,1014.82
404924,-0.463893,8.72788,1.78384,-29.54,-5.46,-19.88,-23.6697,-47.8792,6.61751,1014.82
404930,0.200861,9.44046,0.813008,-24.85,-3.43,-17.92,-23.1467,-48.7427,4.94778,1014.81
404936,-1.09995,9.59828,2.40076,-23.52,-5.04,-17.36,-22.6237,-48.0334,5.59794,1014.81
404942,-0.114778,9.76088,1.0856,-25.27,-4.62,-19.88,-22.5075,-48.4034,6.32198,1014.81
404948,0.416069,9.72262,0.540411,-24.36,-5.18,-18.9,-22.8852,-48.4651,6.12989,1014.77
404954,-1.17647,9.86609,2.43902,-20.72,-7.28,-17.92,-22.8271,-49.1744,4.84434,1014.77
404960,-1.24821,9.96652,2.20469,-20.3,-3.92,-18.2,-22.3041,-47.91,5.89347,1014.81
404966,-0.722142,9.31133,1.67862,-18.83,-6.65,-19.18,-22.3041,-49.5445,6.67661,1014.81
404972,0.186514,10.66,0.865614,-20.65,-5.39,-19.95,-22.3622,-49.9454,4.48971,1014.86
404978,-1.04735,8.79962,2.35294,-21.56,-5.6,-20.86,-21.9554,-48.4651,5.67182,1014.86
404984,0.186514,9.1296,1.57819,-21.14,-3.78,-25.69,-22.4784,-48.4651,5.46495,1014.84
404990,-0.0286944,9.20134,2.07556,-10.92,-2.94,-24.57,-22.0135,-50.1305,6.67661,1014.84
404996,-0.559541,9.77523,2.79292,-8.68,-3.43,-26.74,-22.4784,-48.9277,5.39107,1014.84
405002,0.0813008,9.35916,2.61597,-6.51,-0.56,-29.82,-21.752,-49.2361,5.6866,1014.84
405008,0.908656,11.2004,3.40029,-2.38,1.47,-31.99,-22.275,-50.2847,4.90345,1014.84
405014,-0.023912,10.5882,3.58202,1.19,3.22,-34.93,-21.1999,-50.0688,4.04641,1014.82
405020,1.033,12.4438,2.66858,1.12,4.13,-40.74,-22.5656,-49.7295,5.27286,1014.82
405026,1.00909,10.7317,2.88857,3.08,7.56,-44.73,-21.0837,-50.3155,4.03164,1014.81
405032,0.879962,11.1191,1.92731,-0.63,15.12,-54.04,-20.5897,-51.5183,4.69658,1014.81
405038,-0.172166,11.6404,2.5012,10.57,3.43,-56,-20.7059,-49.4828,5.19897,1014.85
405044,1.75514,11.1621,0.989957,12.39,7.14,-64.68,-20.7059,-50.5005,5.06599,1014.85
405050,0.779531,12.9986,1.62602,11.9,8.68,-72.45,-19.8633,-51.2715,5.1842,1014.8
405056,1.23864,11.7886,1.32951,13.09,5.81,-82.39,-19.5727,-50.8089,5.52406,1014.8
405062,1.21951,12.9268,1.71688,12.18,8.47,-89.39,-19.3403,-50.9323,5.27286,1014.8
405068,0.0143472,11.9512,2.75944,15.68,5.74,-93.52,-18.9335,-51.95,5.47973,1014.82
405074,0.879962,12.3721,2.44859,15.68,8.96,-104.86,-17.9455,-51.8575,5.7457,1014.82
405080,0.798661,11.1573,3.15638,19.46,10.01,-111.23,-18.2942,-51.1173,5.59794,1014.79
405086,0.951698,12.5251,2.92683,26.53,13.09,-119.77,-17.4806,-52.0117,4.32717,1014.79
405092,0.793878,12.1473,2.86944,31.43,13.16,-129.08,-16.9576,-53.0294,4.78523,1014.84
405098,1.21473,13.802,2.07556,31.99,15.26,-139.79,-16.2021,-51.7958,6.35153,1014.84
405104,0.69823,13.6872,2.16643,31.36,13.37,-150.22,-15.4467,-52.9986,6.23332,1014.84
405110,0.884744,13.5438,1.0043,36.47,13.02,-157.85,-14.1391,-53.2453,4.82956,1014.84
405116,0.602582,14.1511,1.65471,34.37,12.53,-166.6,-13.064,-53.1528,6.44019,1014.84
405122,1.6021,14.7011,2.1999,36.68,9.03,-183.54,-13.6161,-53.4303,5.76048,1014.82
405128,1.15734,15.1267,0.813008,39.62,9.59,-197.12,-11.2915,-55.219,6.60273,1014.82
405134,0.961262,16.2936,0.81779,37.94,7.28,-210.98,-11.5531,-54.3555,6.92781,1014.82
405140,1.52559,17.8479,-0.0095648,40.11,5.6,-227.36,-9.7806,-54.4172,7.44499,1014.82
405146,2.27164,18.5605,-0.980392,34.23,3.57,-247.1,-7.97908,-55.0031,7.38588,1014.84
405152,1.83644,20.6934,-1.91774,30.73,2.1,-269.29,-5.97416,-55.5274,7.79962,1014.84
405158,1.57819,22.1377,-3.16595,20.58,-7.63,-292.88,-5.85793,-54.3863,8.74531,1014.79
405164,4.022,21.253,-2.60163,6.58,-10.78,-318.36,-4.2017,-54.7256,9.09995,1014.79
405170,4.42372,20.6217,-0.105213,5.88,-7.7,-341.95,-2.02244,-56.9152,7.51887,1014.79
405176,5.77714,21.6499,2.83118,9.73,-7.91,-368.83,0.0405907,-56.2676,9.66145,1014.76
405182,6.34146,24.5098,4.12243,11.76,6.44,-395.71,1.26098,-55.7125,8.73053,1014.76
405188,8.1253,24.8159,3.07508,2.73,13.93,-432.46,3.58552,-56.2984,8.13948,1014.78
405194,4.41894,23.4577,3.18986,17.64,28.77,-463.12,6.37497,-56.2676,9.72055,1014.78
405200,1.61645,26.901,2.97944,17.92,16.1,-491.33,7.91497,-54.8181,10.6219,1014.8
405206,4.18938,25.5954,1.33429,10.78,16.59,-504.77,12.2735,-55.1882,9.64667,1014.8
405212,-3.92635,22.0851,6.59971,56.21,19.32,-507.57,14.075,-55.5583,8.80442,1014.78
405218,1.03778,28.8474,1.22908,43.4,-10.99,-516.6,15.6731,-53.0911,10.548,1014.78
405224,1.5208,23.5198,4.52893,49.98,-5.04,-511.42,18.4626,-52.9369,11.2573,1014.82
405230,0.669536,33.7542,0.774749,26.67,-6.3,-512.54,22.0075,-52.7518,11.4198,1014.82
405236,3.76375,29.8613,-1.97035,10.43,-14.28,-515.48,23.6928,-49.8221,11.1834,1014.82
405242,1.29603,29.4309,-2.5012,-2.31,-12.18,-496.51,26.1336,-48.2492,12.0257,1014.79
405248,3.93113,20.2152,0.320421,-5.04,-44.45,-466.41,28.7196,-48.496,10.0013,1014.79
405254,5.40411,17.6901,-4.20373,8.82,-57.96,-412.65,30.8117,-46.368,12.2325,1014.74
405260,7.51315,12.7451,-7.3362,-13.86,-87.85,-409.22,31.9449,-45.1653,12.5428,1014.74
405266,12.0516,3.36681,-7.72358,-2.94,-99.89,-368.62,34.8215,-43.4999,10.6219,1014.75
405272,8.88092,-12.1282,-11.4395,14.07,-84.07,-331.87,35.8966,-42.2663,10.5037,1014.75
405278,-21.2291,6.97752,-4.89718,33.67,-5.25,-157.99,36.3906,-41.1869,10.4889,1014.75
405284,-15.9589,13.9933,3.41463,2.03,-158.76,-27.72,36.5359,-40.6935,11.5381,1014.75
405290,9.99522,5.43759,-4.11765,32.69,-113.26,60.97,37.9306,-41.8346,9.41025,1014.75
405296,6.42276,8.91918,-1.97513,43.47,-75.88,137.55,36.0129,-41.4645,9.36592,1014.78
405302,10.5165,10.1052,-3.31899,23.87,-85.47,186.48,35.4608,-41.9888,10.814,1014.78
405308,12.4199,11.0187,-4.47633,10.22,-60.62,208.74,35.6932,-42.6672,9.72055,1014.75
405314,10.2582,10.8417,-2.18556,-12.04,-54.25,215.53,34.7925,-43.3457,8.84875,1014.75
405320,9.94739,9.04352,-1.57819,-23.59,-47.39,214.41,33.3978,-44.2401,9.26248,1014.75
405326,8.32616,5.15543,-0.674318,-26.67,-41.86,212.31,32.7876,-44.7335,7.75529,1014.75
405332,8.01052,2.23338,-0.908656,-21.14,-36.4,215.04,32.7295,-45.6587,6.79483,1014.77
405338,7.13056,-0.449546,-0.765184,-9.52,-33.18,218.12,31.0442,-46.6147,7.50409,1014.77
405344,6.94404,-1.52559,-0.612147,5.95,-27.16,223.23,30.463,-47.6016,6.12989,1014.78
405350,6.26973,-0.81779,-0.506934,21.07,-21.42,231.35,30.7245,-48.1876,6.73572,1014.78
405356,6.04017,0.243902,-0.664754,31.64,-16.31,239.26,28.1966,-48.0642,8.24291,1014.78
405362,5.49498,1.89861,-0.655189,40.11,-11.83,247.17,27.3249,-47.9717,7.79962,1014.72
405368,5.25108,2.85509,-0.626494,42.35,-6.51,258.23,26.3079,-49.8221,7.34155,1014.72
405374,4.69153,4.09852,-0.679101,44.59,0.14,273.35,25.0875,-50.3463,8.19858,1014.7
405380,4.30416,4.97848,-0.707795,39.34,5.81,288.05,23.7509,-50.7164,8.46456,1014.7
405386,3.73505,6.10234,-1.23864,33.67,11.55,303.8,22.7339,-51.7341,7.26767,1014.68
405392,3.01769,6.54232,-0.746054,29.82,11.06,317.38,21.2811,-52.5051,8.47934,1014.68
405398,2.75466,6.58058,-0.449546,28.98,10.01,329.07,18.9275,-52.4434,8.99651,1014.68
405404,1.41559,6.37016,-0.282162,29.96,10.92,338.73,17.9686,-53.6154,8.70098,1014.68
405410,2.15208,6.0593,-0.167384,34.37,7.84,348.53,16.7192,-54.8181,7.29722,1014.68
405416,2.15208,6.44668,-0.296509,42.35,5.88,358.33,13.9007,-54.1705,8.55322,1014.73
405422,2.06121,5.59063,-0.253467,52.08,6.79,366.1,11.6342,-54.3863,9.97175,1014.73
405428,1.62123,6.79579,-0.47824,55.23,2.59,374.22,9.54215,-56.5143,7.28245,1014.69
405434,1.73123,7.60402,-0.57867,60.48,-3.08,382.34,7.68252,-55.5274,9.55801,1014.69
405440,2.066,8.5605,-0.602582,65.24,-4.83,386.47,5.44515,-54.6331,9.36592,1014.72
405446,1.92252,9.58393,-0.396939,68.95,-8.47,387.38,4.19571,-55.6816,9.691,1014.72
405452,1.88905,11.4873,-0.392157,71.82,-11.97,387.31,1.87117,-55.8667,9.26248,1014.72
405458,1.64036,13.0512,-0.583453,71.19,-15.89,384.86,-0.598658,-54.7256,10.3707,1014.72
405464,0.966045,14.9211,-0.573888,67.97,-21.14,380.94,-2.95226,-54.8181,9.46935,1014.72
405470,0.626494,15.7532,-0.631277,59.15,-26.74,375.83,-3.88207,-55.0648,10.1491,1014.77
405476,0.325203,16.3893,-0.315638,52.5,-31.01,369.53,-6.17756,-54.2013,10.7401,1014.77
405482,-0.133907,14.3424,1.00909,55.65,-32.55,363.65,-8.38587,-53.1528,11.9222,1014.75
405488,-1.68819,17.934,1.45863,49.28,-37.03,359.73,-9.89682,-54.6639,10.6071,1014.75
405494,-0.755619,17.011,1.06169,54.11,-38.22,345.66,-10.6232,-52.2584,12.2916,1014.74
405500,-1.42037,17.4845,1.69775,58.66,-38.78,333.97,-13.7904,-51.1482,12.602,1014.74
405506,-1.04256,17.7618,2.08991,68.95,-37.87,330.05,-15.0399,-51.3641,13.5181,1014.76
405512,-1.28168,20.2582,1.85079,77.35,-37.1,326.48,-17.2191,-50.8706,12.602,1014.76
405518,-1.09039,20.1865,3.16117,85.54,-30.73,319.83,-18.2652,-49.1436,13.0748,1014.78
405524,-2.45815,22.0373,3.16595,96.88,-31.85,331.59,-19.3403,-47.9717,13.6067,1014.78
405530,-1.9034,24.5337,3.34768,99.26,-23.66,350,-21.8973,-49.2669,13.6659,1014.78
405536,-3.22334,26.3941,3.62984,93.8,-14,379.68,-22.6527,-46.9848,13.6954,1014.79
405542,-1.9034,27.0971,2.20947,87.36,4.76,407.54,-24.3961,-44.4868,16.2517,1014.79
405548,-2.61597,28.3022,1.81731,74.48,19.39,426.86,-26.5754,-44.2092,15.2765,1014.78
405554,-3.48637,26.7719,1.70253,64.26,24.64,441.77,-28.4932,-41.7729,14.183,1014.78
405560,-6.80057,26.7575,4.25634,57.75,48.23,453.18,-30.2366,-39.5216,16.4438,1014.74
405566,-7.89096,27.1114,1.66906,53.76,45.43,432.11,-32.2996,-39.7992,15.3356,1014.74
405572,-12.8264,28.4266,3.32855,52.22,36.61,410.97,-34.3626,-37.9179,14.7445,1014.78
405578,-15.6624,28.7566,2.65901,44.73,33.18,392.49,-34.4207,-34.6489,16.0596,1014.78
405584,-18.3022,29.12,2.40555,36.05,24.22,360.08,-36.2223,-33.7854,15.8232,1014.78
405590,-20.2104,28.9144,-1.55906,14.91,17.01,325.64,-38.2562,-33.5078,15.3947,1014.82
405596,-22.9699,28.6035,-4.65328,-16.87,6.58,300.02,-38.9826,-31.1949,14.8332,1014.82
405602,-27.2453,22.8647,-4.58154,-40.53,-7,261.8,-39.5057,-28.9436,15.5868,1014.81
405608,-30.1243,17.9962,-2.96509,-35.91,-22.82,229.81,-40.5517,-29.5604,15.9857,1014.81
405614,-34.6867,8.99091,1.37733,-5.6,-39.41,191.38,-41.0166,-27.6174,15.6754,1014.81
405620,-37.1162,3.86896,4.02678,45.15,-46.13,151.41,-40.8713,-25.7054,15.7937,1014.81
405626,-39.4883,2.99856,5.07891,77.77,-45.29,113.33,-41.6559,-26.1371,16.4438,1014.85
405632,-39.0674,4.15112,7.13056,106.26,-36.33,77.35,-42.5566,-26.5072,15.1878,1014.85
405638,-36.021,8.85701,9.08656,117.53,-13.72,29.19,-40.7551,-24.5026,17.8771,1014.85
405644,-32.7451,13.1612,9.43089,105.77,3.78,-21.91,-41.7721,-23.7008,17.0053,1014.84
405650,-26.2123,18.9431,7.50837,71.33,29.96,-67.83,-42.2951,-25.3353,16.7393,1014.84
405656,-22.6447,19.45,6.75753,53.9,54.95,-111.44,-41.6849,-24.0709,17.0496,1014.85
405662,0.999522,60.7556,47.7236,204.96,-106.19,-242.34,-40.9295,-24.3793,16.8871,1014.85
405668,-0.535629,74.4859,-24.0555,-224.35,123.55,-303.52,-41.3944,-27.2474,15.2322,1014.83
405674,-7.37924,-12.7786,-10.6074,38.64,2.8,-237.93,-38.9245,-28.2959,16.7098,1014.83
405680,16.0258,0.530846,-9.5648,16.38,-99.47,-251.09,-39.0117,-28.5426,17.9953,1014.8
405686,16.3175,23.4529,-11.8412,-32.06,84.56,-248.36,-37.9947,-30.4547,17.5077,1014.8
405692,18.9431,15.3085,1.40603,-119.63,48.23,-263.34,-38.14,-32.2434,16.7837,1014.79
405698,17.5801,4.45241,-1.62602,-125.72,174.72,-302.96,-36.8034,-33.1378,16.3256,1014.79
405704,-0.750837,8.11573,9.96174,-81.76,184.45,-299.88,-36.0479,-34.0938,15.8675,1014.79
405710,-5.52845,5.3802,12.946,-87.71,109.48,-294.14,-35.7283,-36.5301,13.5624,1014.82
405716,-3.67288,4.87327,10.4495,-39.76,98.56,-309.33,-34.6822,-37.4553,14.0796,1014.82
405722,-8.55571,10.4878,9.98087,-9.66,95.2,-308.56,-33.4038,-37.9796,12.7497,1014.82
405728,-16.3893,20.8895,7.69966,-14.7,43.82,-278.6,-32.503,-40.601,13.6659,1014.82
405734,-14.0842,19.6222,6.59971,-16.1,-22.19,-240.73,-31.0792,-41.8963,10.4003,1014.81
405740,-7.35055,14.2324,4.52415,-13.65,-63.84,-213.64,-30.2947,-40.7552,14.0205,1014.81
405746,-1.57819,11.8317,2.2812,3.5,-53.41,-204.19,-29.3649,-42.6672,13.193,1014.83
405752,1.96078,11.2865,-0.989957,10.57,-32.83,-205.87,-28.6094,-43.4999,13.06,1014.83
405758,0.573888,14.7585,-5.19369,8.68,38.57,-208.32,-27.8539,-42.513,13.3408,1014.83
405764,-12.3003,22.2142,-10.2391,-39.9,72.73,-114.52,-27.3599,-44.2401,13.0157,1014.81
405770,-14.2133,20.1291,-5.6241,-55.02,30.1,-62.3,-26.3139,-44.826,11.804,1014.81
405776,-2.52511,11.5878,1.32472,-98.14,-1.89,-70.14,-26.5754,-44.1167,12.3064,1014.79
405782,2.67814,6.58536,1.95122,-61.32,31.92,-59.85,-25.6165,-44.2709,11.4789,1014.79
405788,-1.51602,7.21664,4.30894,-34.65,46.41,-42.07,-25.7037,-46.3989,9.51368,1014.82
405794,-2.56337,9.62697,1.31516,-34.16,41.09,-40.88,-25.2679,-45.8746,11.671,1014.82
405800,-4.30416,9.2922,4.70588,-26.25,7.35,-31.92,-25.5584,-44.5485,11.5824,1014.84
405806,-1.47298,9.59828,1.25299,-20.72,9.94,-21.91,-24.8901,-45.7821,10.4003,1014.84
405812,-1.19082,11.5256,-0.334768,-24.92,8.54,-18.69,-24.5995,-46.4605,9.32159,1014.84
405818,0.363462,10.4256,0.569106,-26.25,7.84,-16.03,-25.0063,-45.4737,10.1343,1014.77
405824,-0.559541,9.47872,2.25251,-19.39,8.4,-13.93,-25.326,-46.2138,9.95698,1014.77
405830,-0.784314,9.50263,2.03252,-11.41,-0.42,-15.19,-24.9482,-46.8615,10.0604,1014.78
405836,0.071736,10.0191,2.81683,-6.44,-3.15,-15.33,-24.3961,-45.7821,9.27726,1014.78
405842,0.186514,10.6408,1.58297,-4.13,-0.49,-14.21,-24.5705,-45.8129,9.36592,1014.83
405848,-0.0047824,10.2774,0.746054,-6.58,-5.6,-18.2,-24.338,-47.2007,8.59755,1014.83
405854,0.784314,9.52654,0.631277,0.35,-0.84,-16.24,-24.5124,-46.6147,8.22814,1014.82
405860,-0.793878,9.76088,1.86992,0.98,-4.34,-14.28,-24.5124,-45.7512,9.70578,1014.82
405866,-0.23912,9.74653,1.42516,3.64,-5.32,-16.87,-24.1928,-46.7381,8.96696,1014.79
405872,0.650406,10.6121,-0.420851,4.06,-3.85,-16.66,-24.309,-47.4474,9.75011,1014.79
405878,-0.454328,10.6313,0.420851,-1.05,-6.79,-16.1,-23.6116,-46.4297,11.1982,1014.79
405884,-0.253467,10.4639,0.37781,-4.48,-7.35,-12.46,-23.9022,-46.6456,10.1491,1014.82
405890,0.0765184,9.58871,1.09039,-1.82,-4.2,-13.09,-23.815,-47.9408,8.44978,1014.82
405896,-0.387374,9.55523,1.61167,0.77,-7.84,-14.49,-24.2799,-46.7998,8.78964,1014.82
405902,0.368245,9.72262,0.865614,2.17,-5.53,-14.14,-24.338,-46.1521,9.64667,1014.82
405908,0.143472,9.55523,1.06169,3.71,-5.11,-12.18,-24.2799,-47.4474,8.77486,1014.81
405914,-0.329986,9.85174,1.05691,3.01,-7.14,-12.18,-23.8731,-46.7689,9.1295,1014.81
405920,-0.301291,10.0096,0.83692,5.18,-6.51,-10.99,-23.9022,-45.8746,10.2673,1014.82
405926,0.095648,9.84696,0.511717,1.26,-3.29,-10.99,-23.8731,-48.0025,9.83876,1014.82
405932,-0.382592,10.2009,0.272597,-0.56,-3.99,-11.97,-23.6988,-47.9408,9.63189,1014.82
405938,-0.13869,10.0622,0.0621712,-3.5,-3.08,-10.57,-23.3501,-46.7689,7.91783,1014.8
405944,0.167384,10.0765,-0.0286944,-7.63,0.07,-10.57,-24.2799,-47.2007,9.46935,1014.8
405950,-0.176949,10.1817,-0.0286944,-11.48,0.63,-10.01,-23.6697,-48.095,9.14427,1014.8
405956,-0.157819,10.4065,-0.0765184,-16.24,0.42,-8.82,-23.8731,-46.7689,10.0309,1014.8
405962,-0.0095648,10.3922,-0.449546,-22.61,3.85,-9.52,-24.0184,-46.6456,9.80921,1014.81
405968,0.0047824,10.0096,0.387374,-23.45,4.55,-11.2,-23.9603,-47.4782,8.89307,1014.81
405974,-0.435198,10.0909,0.439981,-27.3,3.29,-11.48,-24.1056,-47.2007,8.47934,1014.8
405980,0.272597,10.3778,0.224773,-28.84,1.89,-11.13,-23.5826,-47.0773,9.46935,1014.8
405986,-0.248685,9.84218,0.69823,-29.12,0.91,-11.9,-23.6407,-48.3109,8.39068,1014.8
405992,0.167384,10.0191,0.5978,-30.52,2.52,-12.32,-23.2048,-48.1567,7.94739,1014.83
405998,-0.35868,9.89957,1.10952,-30.38,0.42,-12.95,-23.5826,-47.324,8.81919,1014.83
406004,-0.774749,10.5261,1.24342,-32.55,-4.06,-12.6,-23.3211,-47.0773,9.33637,1014.84
406010,-0.047824,10.1578,1.04256,-32.27,-2.59,-14.63,-23.0886,-48.2184,7.77007,1014.84
406016,-0.353898,9.92826,1.01387,-32.69,-3.57,-14.49,-23.0014,-47.4166,8.65665,1014.79
406022,-0.315638,10.2965,0.822573,-33.53,-7.28,-16.38,-22.9724,-47.7558,7.51887,1014.79
406028,-0.444763,9.9187,0.927786,-34.65,-8.54,-17.01,-22.8271,-48.9586,7.99171,1014.81
406034,-0.588235,9.76088,1.67384,-31.85,-9.59,-15.61,-23.1177,-48.2492,7.07558,1014.81
406040,-0.626494,10.1483,1.0043,-35,-8.61,-17.78,-22.1297,-46.7381,8.0656,1014.83
406046,0.0669536,10.1626,0.774749,-37.73,-10.01,-20.44,-23.7278,-50.1305,5.47973,1014.83
406052,-0.167384,10.11,1.15256,-34.51,-14.21,-23.59,-23.1177,-48.5576,7.65186,1014.83
406058,0.564323,11.3152,0.196078,-43.05,-15.4,-26.25,-22.5656,-48.1567,8.28724,1014.83
406064,0.25825,10.1004,0.61693,-42.98,-15.12,-28.28,-22.9724,-48.9586,7.50409,1014.83
406070,-0.454328,9.78957,1.6834,-42.63,-18.13,-30.17,-22.3912,-49.6679,7.19379,1014.84
406076,0.224773,9.36394,1.7121,-36.82,-15.75,-31.43,-22.1588,-48.5576,6.05601,1014.84
406082,0.0860832,9.95218,1.75036,-36.89,-16.24,-32.27,-22.0426,-48.7427,7.51887,1014.83
406088,0.813008,8.57006,1.4682,-35.35,-11.48,-36.61,-21.752,-50.1921,5.30241,1014.83
406094,-0.564323,8.51745,2.10904,-37.87,-11.69,-39.06,-21.8101,-49.5445,5.19897,1014.85
406100,0.559541,8.86657,2.16164,-29.75,-6.79,-38.78,-21.3452,-48.3418,6.27765,1014.85
406106,0.712578,9.29699,4.31851,-19.88,-6.51,-42.49,-20.5316,-49.2361,5.71615,1014.85
406112,0.860832,9.95696,4.21808,-12.74,-1.61,-43.61,-20.2701,-49.8529,4.9921,1014.82
406118,1.94644,12.3051,7.37924,-6.58,1.82,-49.49,-20.7931,-49.1744,5.45017,1014.82
406124,2.5538,10.6169,3.95026,0.77,16.73,-59.08,-20.7641,-50.0071,6.07078,1014.83
406130,-0.760402,8.97178,3.06552,12.67,9.17,-63.07,-20.1248,-50.7781,4.48971,1014.83
406136,-0.215208,10.7604,3.25681,14.35,10.64,-65.52,-20.1539,-50.5622,5.96735,1014.79
406142,0.923003,11.7456,3.17073,14,14,-71.96,-19.3403,-49.5445,5.65704,1014.79
406148,1.06648,10.6026,3.22812,22.82,13.65,-80.78,-19.2822,-51.1173,4.74091,1014.85
406154,0.291726,11.8173,3.53898,28.98,16.31,-85.19,-18.9335,-50.9631,6.12989,1014.85
406160,1.14299,13.4672,1.3582,27.16,15.33,-97.93,-18.1199,-50.6856,5.61271,1014.85
406166,0.200861,13.2472,1.64036,26.18,12.25,-104.65,-18.1489,-51.2715,6.60273,1014.82
406172,0.95648,13.4051,1.55906,23.45,14.21,-112.98,-17.4806,-52.135,4.96255,1014.82
406178,0.473458,12.989,2.77379,24.36,16.1,-119.49,-16.8414,-51.2715,5.9969,1014.82
406184,0.57867,13.4385,2.21903,23.87,15.89,-128.38,-16.3474,-51.7958,7.16424,1014.82
406190,1.09517,11.9177,2.68771,24.01,17.15,-139.51,-15.5629,-51.9809,6.10033,1014.83
406196,1.14299,13.1468,1.88427,31.71,19.81,-147.28,-14.6621,-51.6725,7.09035,1014.83
406202,0.803443,13.5868,2.48685,31.71,14.56,-158.06,-13.558,-52.1659,6.44019,1014.83
406208,1.53993,14.5337,1.86035,33.04,18.83,-169.26,-13.1221,-53.5845,6.21855,1014.83
406214,0.435198,15.0837,1.33429,37.94,13.02,-183.4,-12.2504,-53.3378,5.37629,1014.82
406220,1.48254,15.9876,0.559541,37.52,12.53,-198.8,-11.9017,-53.2144,6.94259,1014.82
406226,1.43472,18.3835,-0.167384,29.05,11.06,-214.27,-10.5361,-53.7696,6.48452,1014.82
406232,1.86992,18.8761,-0.985174,25.69,7.77,-233.8,-9.14135,-54.3863,6.51407,1014.81
406238,1.6308,19.3065,-1.69775,18.34,5.11,-253.82,-8.15342,-53.492,7.13468,1014.81
406244,1.29125,22.0373,-3.08943,7.77,2.59,-273.98,-6.11944,-54.5097,7.0608,1014.82
406250,2.14252,22.8025,-4.16069,-9.31,-6.93,-295.61,-4.66661,-55.5274,7.72574,1014.82
406256,3.84983,20.9756,-2.43902,-17.92,-11.34,-322.84,-3.24282,-54.4172,7.20856,1014.84
406262,3.59636,22.2238,-0.296509,-14,-11.41,-348.6,-1.90621,-54.2013,7.72574,1014.84
406268,5.60497,23.1946,0.822573,-17.57,-9.94,-376.32,1.11569,-56.2059,6.94259,1014.81
406274,5.49498,24.2898,3.24725,-12.74,-5.88,-403.06,2.91721,-55.3424,6.45497,1014.81
406280,6.81492,25.0406,1.51124,-11.55,10.78,-435.82,4.48628,-54.4789,8.21336,1014.81
406286,3.52941,26.7241,0.564323,-12.25,16.03,-468.16,6.69459,-55.2499,7.48932,1014.76
406292,0.47824,26.7145,1.94644,-17.57,-6.09,-499.17,9.62932,-55.5274,7.0017,1014.76
406298,4.45241,26.1215,-0.148254,-23.87,3.43,-502.32,11.518,-53.0602,7.32678,1014.77
406304,-3.82114,25.2798,5.25586,5.11,18.83,-495.39,14.9758,-53.3686,8.24291,1014.77
406310,-0.851267,26.3845,3.98374,12.32,-30.52,-507.5,17.7071,-53.7387,7.54842,1014.77
406316,0.832138,23.3429,0.894309,8.68,-18.76,-510.3,20.1479,-51.95,7.65186,1014.77
406322,-0.0813008,27.5084,0.439981,14.42,-31.36,-498.4,21.9203,-51.6416,8.59755,1014.77
406328,0.49737,31.7504,-3.61071,-10.01,-36.4,-499.31,25.843,-51.179,6.89826,1014.77
406334,5.22716,25.2367,-3.37159,-22.89,-61.18,-491.33,27.1215,-48.8044,6.60273,1014.77
406340,4.23721,15.6576,-3.63462,0.49,-51.52,-456.4,28.2838,-47.725,7.90306,1014.76
406346,2.19512,17.604,-5.95887,-2.45,-95.55,-425.53,32.2645,-46.1521,6.82438,1014.76
406352,11.8699,10.5643,-7.87183,-23.94,-130.83,-377.44,33.5721,-44.2709,6.95737,1014.76
406358,16.1597,2.70684,-7.49402,-29.75,-101.01,-341.39,34.4438,-43.4382,7.09035,1014.76
406364,2.12817,-8.89526,-5.36585,29.4,21.42,-256.41,36.1872,-43.099,6.42542,1014.76
406370,-16.0689,12.0995,1.31038,-1.82,-41.79,-108.99,36.9717,-42.2355,7.45976,1014.76
406376,3.51506,4.18938,1.16212,14.56,-76.37,-13.16,37.3204,-41.2795,6.21855,1014.75
406382,8.79005,4.28503,-3.099,53.41,12.39,71.33,36.7102,-41.4028,6.94259,1014.75
406388,6.78144,7.71401,-0.970827,41.16,6.93,135.94,37.1751,-42.1738,5.89347,1014.74
406394,13.0273,7.00143,-2.83596,49.7,39.69,170.66,36.0129,-41.8654,6.92781,1014.74
406400,10.7652,9.13438,-1.93687,44.52,53.62,188.93,34.56,-43.0065,8.46456,1014.74
406406,10.8752,8.41702,-1.85557,40.74,62.37,193.48,34.7925,-43.87,6.92781,1014.76
406412,9.8374,7.64228,-1.92252,40.46,75.39,192.78,33.3978,-44.8569,7.74052,1014.76
406418,8.34051,5.70062,-1.6834,37.59,77.63,191.73,31.8578,-44.4868,8.84875,1014.73
406424,7.62315,4.1846,-2.21903,36.75,82.32,193.76,31.3347,-45.3503,8.19858,1014.73
406430,6.1693,3.67767,-1.85557,37.8,81.83,197.47,31.5381,-47.139,9.66145,1014.81
406436,5.18412,3.39072,-1.81253,38.15,78.12,203.14,30.0562,-47.2932,9.86832,1014.81
406442,4.27068,3.53419,-1.80775,38.29,75.39,209.58,28.4581,-47.5091,9.63189,1014.74
406448,3.38594,3.88809,-1.37733,39.2,68.74,220.43,28.1094,-47.91,9.27726,1014.74
406454,2.35294,4.46198,-1.57819,36.47,61.81,235.06,26.8309,-48.8044,10.2673,1014.74
406460,1.70732,4.51459,-1.31994,34.23,54.04,251.65,25.4653,-48.4034,11.4642,1014.7
406466,1.25777,4.79675,-0.908656,32.62,44.59,269.22,25.1166,-49.9763,10.7401,1014.7
406472,1.1956,5.02152,-0.822573,30.38,35.63,287.98,23.6056,-50.4697,9.97175,1014.64
406478,1.04256,4.75849,-0.0382592,32.13,23.73,304.85,21.0196,-50.9015,11.1243,1014.64
406484,1.17647,4.74414,0.0286944,33.74,14.91,319.9,19.9445,-51.6108,10.548,1014.7
406490,1.44907,4.94022,0.664754,39.55,6.79,333.27,19.3052,-52.8444,10.5185,1014.7
406496,1.47298,5.11717,1.05213,44.87,-4.06,341.39,16.7482,-51.9192,11.3016,1014.67
406502,1.73601,5.52845,1.49211,49.98,-10.99,347.97,14.8014,-52.135,11.8336,1014.67
406508,2.26208,6.30799,1.61645,54.53,-16.94,353.08,13.2033,-53.6462,11.3755,1014.67
406514,2.30512,6.62362,1.89861,57.82,-22.33,355.74,11.6633,-53.6462,11.1391,1014.7
406520,2.89335,7.6088,2.13295,61.53,-23.31,359.1,8.64139,-53.6462,13.8875,1014.7
406526,2.85031,8.43137,2.12817,60.9,-24.57,362.39,7.56629,-54.4789,12.8236,1014.71
406532,2.9077,9.66523,2.38642,60.2,-26.04,365.82,6.34591,-54.5714,12.0552,1014.71
406538,2.989,10.8513,2.15208,55.93,-24.92,369.88,2.6557,-53.0602,13.2373,1014.74
406544,2.41033,12.1377,2.48207,51.24,-25.06,375.41,2.01645,-54.448,13.2078,1014.74
406550,2.16164,12.8455,2.38164,45.22,-25.2,381.85,-0.308091,-53.5845,12.794,1014.73
406556,1.42037,13.845,2.41511,40.39,-26.39,388.92,-2.80697,-53.1219,14.3308,1014.73
406562,1.22429,14.4715,2.33859,34.16,-29.96,394.8,-3.82396,-53.3686,14.2865,1014.77
406568,0.879962,15.098,2.47728,30.38,-32.55,398.72,-5.79982,-52.9986,14.2865,1014.77
406574,1.21951,16.681,0.884744,26.25,-35.28,395.29,-7.86285,-53.3378,12.4099,1014.77
406580,0.272597,16.4371,2.74988,26.67,-41.72,394.59,-10.6523,-51.3024,13.7545,1014.76
406586,-0.191296,17.2932,2.59206,27.23,-43.12,385.7,-12.4248,-51.7033,14.7889,1014.76
406592,-1.27212,18.3309,2.8264,26.74,-51.24,377.93,-13.9938,-51.5491,13.6806,1014.77
406598,-1.35342,17.9675,3.56289,31.78,-57.47,369.32,-15.4467,-49.6987,14.7889,1014.77
406604,-1.29125,19.6891,3.13247,34.44,-57.96,357,-17.0157,-49.2669,13.725,1014.74
406610,-1.37255,20.3204,3.61071,41.51,-63.91,348.6,-18.4686,-49.3595,13.9171,1014.74
406616,-1.34864,21.3725,3.62506,48.09,-62.79,348.18,-19.9214,-47.4166,13.9318,1014.8
406622,-1.14299,22.3912,2.96509,51.38,-60.06,354.2,-21.8392,-45.6279,14.4786,1014.8
406628,-1.36777,25.2272,4.73936,58.87,-51.03,369.74,-23.0014,-46.3063,15.0992,1014.8
406634,-1.78862,26.6475,5.93496,56.28,-43.05,387.8,-25.0354,-44.2709,16.2517,1014.79
406640,-1.81253,27.4653,4.73458,56.35,-29.61,407.82,-25.3841,-41.8654,17.6703,1014.79
406646,-3.65854,28.6609,5.11239,50.54,-11.69,423.57,-27.5343,-41.9579,16.6507,1014.77
406652,-4.21329,30.0478,4.39981,38.5,3.08,430.43,-29.9169,-39.7992,16.7985,1014.77
406658,-7.39837,30.99,4.42372,38.22,20.58,432.18,-31.7185,-37.6712,17.5077,1014.78
406664,-11.1813,32.4342,3.9933,23.45,22.75,425.6,-33.1132,-35.7283,17.1679,1014.78
406670,-15.1793,32.8551,1.96557,9.8,29.68,409.71,-35.583,-35.3582,17.6112,1014.76
406676,-18.5605,33.1325,0.454328,-14.56,26.74,386.26,-36.4257,-32.891,17.6112,1014.76
406682,-21.296,31.5543,-3.79244,-42.84,29.68,356.02,-37.2683,-31.5033,17.6703,1014.76
406688,-24.0029,29.8804,-7.03013,-73.78,19.18,318.15,-38.9826,-30.4547,16.3995,1014.77
406694,-29.2444,21.8364,-7.37924,-98.28,8.61,271.53,-40.0287,-28.1417,15.4242,1014.77
406700,-34.2994,11.7695,-1.91774,-65.45,-17.15,228.34,-40.0868,-27.71,15.8823,1014.77
406706,-39.5218,-0.215208,2.09469,7.84,-36.33,187.95,-41.3653,-28.0492,15.5129,1014.77
406712,-42.4247,-1.49211,1.08082,61.32,-49.77,147.63,-41.4234,-26.353,16.9167,1014.81
406718,-42.5299,0.172166,4.18938,107.17,-52.43,106.89,-40.3483,-24.5952,16.3699,1014.81
406724,-40.6074,5.63367,4.76805,123.62,-32.83,53.2,-42.1498,-24.7494,17.3747,1014.81
406730,-38.5701,11.9751,8.21616,135.24,-19.88,3.57,-41.9464,-24.9652,16.1778,1014.81
406736,-33.7016,17.8431,6.36537,115.43,-3.85,-49.84,-40.8713,-24.6568,17.7737,1014.84
406742,-25.9015,20.5021,5.84409,91.84,17.29,-106.96,-40.3483,-23.7933,18.8671,1014.84
406748,5.14586,66.7766,69.4357,411.32,-244.79,-370.93,-40.4936,-25.7979,18.8671,1014.84
406754,-30.9947,15.6002,1.72166,-221.2,119.21,-310.31,-40.1449,-26.5997,18.2318,1014.88
406760,-10.7747,-20.1578,-12.7068,38.64,-37.73,-253.26,-39.3313,-27.9567,18.5273,1014.88
406766,13.1038,11.143,-13.0368,7,-28.98,-287.21,-38.3434,-31.1949,19.4582,1014.82
406772,17.2788,27.2071,-5.62888,-80.08,46.34,-266.21,-37.3845,-31.4107,18.7342,1014.82
406778,15.318,6.43711,-0.468675,-110.39,93.59,-287.63,-36.7453,-31.9967,18.7046,1014.82
406784,13.099,10.11,-0.363462,-110.11,206.08,-326.9,-35.9898,-33.6312,15.8823,1014.82
406790,-4.08417,6.98709,9.66523,-71.75,185.5,-313.46,-35.9026,-36.1601,14.8184,1014.83
406796,-2.54902,5.04065,11.8651,-90.86,116.69,-303.8,-33.8977,-36.4376,14.2865,1014.83
406802,-1.23386,-0.416069,12.8694,-37.03,143.43,-318.5,-33.7524,-37.332,13.193,1014.83
406808,-13.5294,13.4959,11.7599,19.6,137.41,-313.18,-33.9268,-40.2001,12.6611,1014.8
406814,-20.4687,23.8211,9.2109,-13.09,64.19,-279.44,-32.5902,-40.0767,11.4937,1014.8
406820,-14.7824,16.9106,7.05404,-24.71,-24.85,-237.44,-30.5852,-40.8169,13.5772,1014.85
406826,-10.22,13.7351,6.88187,-13.44,-71.82,-217.7,-30.1494,-42.8214,13.1043,1014.85
406832,-2.27642,11.2004,3.39072,6.51,-83.58,-204.96,-28.7256,-43.5616,12.7793,1014.83
406838,0.191296,11.0378,0.45911,12.95,-56.35,-209.65,-27.912,-42.328,13.193,1014.83
406844,-0.105213,16.0832,-7.0636,15.61,13.86,-203.98,-26.8079,-43.8083,14.1387,1014.82
406850,-17.3362,28.1588,-14.4668,-25.2,78.19,-86.31,-26.2558,-45.1036,12.4837,1014.82
406856,-12.3769,20.3443,-4.945,-60.76,38.57,-55.79,-25.9943,-44.5176,12.8532,1014.82
406862,-3.15638,10.8704,2.84553,-89.67,-12.88,-57.61,-25.2969,-44.2092,11.7006,1014.81
406868,3.9407,5.47107,2.41989,-56.77,27.09,-57.82,-25.5875,-46.0905,11.5233,1014.81
406874,-0.0430416,8.26877,2.81683,-35.42,52.57,-54.74,-25.4422,-45.7512,10.4003,1014.85
406880,-4.90196,9.73218,2.91726,-28.84,38.22,-41.16,-25.0935,-44.3326,10.4003,1014.85
406886,-4.47633,9.45481,3.28073,-26.46,4.41,-27.93,-25.1226,-47.1082,10.4594,1014.83
406892,0.114778,9.97609,0.109995,-22.47,11.2,-25.83,-24.4543,-47.1082,10.6219,1014.83
406898,-0.540411,10.6313,0.0047824,-19.53,11.97,-24.36,-24.338,-45.2269,10.7106,1014.79
406904,1.12386,9.69392,0.215208,-21.63,16.31,-25.13,-24.5414,-46.3063,9.66145,1014.79
406910,-0.0813008,9.88044,1.07126,-14.14,18.06,-23.17,-24.4543,-46.6147,9.76488,1014.83
406916,-1.37255,10.9039,1.53037,-20.58,2.38,-21.63,-24.0765,-45.8129,9.85354,1014.83
406922,-0.593018,10.0526,1.09039,-18.13,-14.98,-23.73,-24.5124,-45.7204,9.27726,1014.83
406928,1.50646,9.74653,-0.545194,-11.06,8.82,-19.81,-24.4252,-47.4474,9.64667,1014.82
406934,-0.769966,10.1004,0.588235,-8.26,12.32,-16.52,-23.9022,-46.3372,10.6662,1014.82
406940,-0.765184,10.2056,2.36251,-6.23,-3.15,-19.53,-23.4082,-46.183,11.1095,1014.84
406946,0.133907,9.16308,2.95074,5.88,-2.59,-18.27,-24.309,-46.9231,8.65665,1014.84
406952,-0.71736,10.7795,1.32472,3.01,-7.28,-17.5,-23.8731,-46.5531,9.691,1014.82
406958,0.0621712,10.4065,-0.215208,3.99,-6.51,-18.06,-23.8441,-46.0288,8.58277,1014.82
406964,-0.353898,10.7174,-0.105213,-1.61,-5.88,-18.2,-24.1637,-46.6456,10.1638,1014.82
406970,-0.0573888,10.8943,-0.349115,-5.67,-7.56,-16.66,-23.5535,-47.6324,8.96696,1014.82
406976,-0.153037,9.76088,0.803443,-7.35,-5.81,-16.24,-23.292,-46.9231,9.95698,1014.82
406982,-0.267814,9.87087,0.760402,-7.91,-3.15,-14.98,-24.2509,-46.4914,9.79444,1014.81
406988,0.0095648,9.49306,1.033,-5.81,-1.89,-13.86,-23.4663,-47.9717,9.79444,1014.81
406994,-0.291726,9.78001,1.12386,-5.53,-3.57,-13.58,-23.3501,-47.0157,10.4298,1014.86
407000,0.153037,9.58393,1.02343,-4.27,-2.38,-14.28,-23.2339,-46.5222,10.5628,1014.86
407006,-0.37781,10.0478,0.774749,-4.48,-0.91,-13.16,-23.6988,-47.4782,8.99651,1014.81
407012,-0.473458,9.93783,0.707795,-7.7,-3.78,-13.65,-23.6988,-47.7866,9.46935,1014.81
407018,0.0669536,9.90913,0.334768,-6.3,0,-12.74,-23.5826,-46.7073,9.83876,1014.82
407024,-0.272597,10.0335,0.0813008,-9.8,2.17,-12.32,-23.5826,-46.7998,8.56799,1014.82
407030,-0.927786,10.6791,0.105213,-11.76,-6.65,-11.62,-23.1467,-48.2492,9.51368,1014.82
407036,0.162602,10.5739,-0.827355,-18.13,-3.22,-11.55,-22.8271,-46.7998,9.27726,1014.85
407042,-0.11956,10.66,-0.640842,-22.82,-1.89,-13.23,-22.0426,-47.1082,9.29204,1014.85
407048,-0.506934,10.7365,-0.0621712,-26.95,-2.66,-12.67,-23.292,-48.1567,7.88828,1014.79
407054,-0.315638,10.3874,0.0286944,-30.52,-3.71,-13.51,-23.0886,-48.095,8.47934,1014.79
407060,0.181731,10.7365,0.655189,-30.03,-4.34,-14.77,-22.275,-46.6147,8.74531,1014.82
407066,0.10043,9.93783,0.291726,-33.11,0.14,-15.19,-22.6527,-48.496,8.21336,1014.82
407072,-0.114778,9.90913,0.664754,-33.39,0.14,-15.54,-22.8852,-48.2184,8.71576,1014.83
407078,-0.401722,9.78001,1.26255,-33.67,-1.19,-17.57,-23.0305,-46.954,9.08517,1014.83
407084,-0.516499,10.0287,0.746054,-34.65,-1.12,-17.36,-22.5656,-47.91,8.08037,1014.78
407090,-0.47824,9.69871,1.40124,-40.11,-6.02,-20.16,-22.1297,-48.8969,8.39068,1014.78
407096,0.387374,9.93304,0.530846,-34.72,-3.43,-19.67,-22.4784,-47.4474,7.6223,1014.78
407102,-0.884744,9.3735,1.46341,-33.74,-4.69,-18.41,-22.1588,-47.9717,7.82917,1014.83
407108,-0.167384,9.8087,1.25777,-34.79,-5.95,-19.88,-22.1588,-49.3595,7.04602,1014.83
407114,-0.779531,9.95696,1.27212,-33.6,-8.54,-20.02,-21.3161,-48.0334,5.86391,1014.83
407120,-0.564323,10.3922,1.44428,-31.71,-7.98,-20.93,-21.8392,-47.3549,7.79962,1014.83
407126,-0.153037,10.2009,0.779531,-36.47,-10.78,-23.45,-21.6939,-49.0511,6.57318,1014.81
407132,-0.10043,9.64132,0.683883,-34.51,-10.43,-24.29,-21.781,-48.681,6.36631,1014.81
407138,-0.0095648,10.2056,1.27212,-35.7,-12.11,-25.9,-21.6358,-48.5268,7.13468,1014.82
407144,0.549976,9.43568,0.45911,-30.1,-10.15,-29.12,-20.5025,-48.681,6.42542,1014.82
407150,-1.38211,8.90483,1.69775,-28.35,-13.09,-26.6,-21.8101,-49.1128,5.30241,1014.82
407156,0.0621712,9.62697,1.86035,-29.05,-11.55,-30.31,-20.735,-48.5576,6.82438,1014.82
407162,-0.506934,9.7561,2.41511,-23.73,-13.02,-32.62,-20.7641,-48.8044,5.4945,1014.82
407168,0.731707,10.5404,4.01722,-19.81,-9.94,-33.25,-20.241,-50.1921,4.63747,1014.81
407174,1.42037,10.66,3.75897,-21.91,-3.85,-42.28,-20.5316,-49.1744,6.35153,1014.81
407180,1.21951,9.51698,2.09469,-15.47,2.52,-45.71,-20.5316,-48.9894,5.89347,1014.78
407186,0.416069,9.14873,3.64897,-3.57,1.82,-46.48,-20.3282,-50.0996,5.06599,1014.78
407192,0.109995,10.33,2.93639,-0.84,2.73,-51.38,-18.8754,-50.0379,5.03643,1014.85
407198,0.961262,11.7456,2.64467,2.8,8.54,-54.46,-19.9214,-49.5445,4.82956,1014.85
407204,0.449546,11.6882,3.18986,-2.31,14.21,-60.9,-19.6599,-49.9763,4.90345,1014.85
407210,0.186514,10.5835,2.74032,6.51,7.7,-64.68,-19.3403,-51.6416,5.67182,1014.81
407216,-0.25825,10.7174,3.39072,13.86,9.31,-66.99,-18.9916,-50.3463,5.95257,1014.81
407222,0.731707,11.1813,2.24773,13.65,17.22,-77,-18.3523,-50.5314,5.79003,1014.83
407228,0.707795,11.3678,2.17599,18.83,10.99,-84.07,-17.5969,-51.3949,5.52406,1014.83
407234,0.37781,12.3816,1.74558,19.04,13.23,-89.67,-18.1199,-51.1173,6.44019,1014.85
407240,0.712578,13.1899,1.46341,17.08,13.09,-98.35,-17.3063,-50.1305,5.86391,1014.85
407246,0.506934,12.7403,1.84601,22.75,12.81,-107.38,-16.9867,-52.1659,4.96255,1014.8
407252,0.573888,13.8498,1.19082,15.82,13.3,-117.74,-15.5629,-51.9809,6.58796,1014.8
407258,0.47824,12.0995,2.02296,14.21,9.45,-125.02,-15.7372,-50.8398,6.32198,1014.82
407264,1.23386,12.023,1.69775,16.17,15.19,-132.65,-14.6912,-51.765,5.93779,1014.82
407270,0.047824,12.3386,3.08465,21.42,13.37,-141.61,-14.3716,-52.6593,5.95257,1014.82
407276,0.511717,12.8264,2.46294,26.95,13.86,-150.57,-13.4999,-52.135,6.20377,1014.82
407282,0.750837,13.6729,2.09947,28.35,12.74,-160.16,-12.9187,-51.5799,6.72094,1014.82
407288,0.511717,14.8446,1.85557,29.05,13.09,-172.69,-11.4949,-54.5405,6.15944,1014.79
407294,0.114778,14.2181,0.865614,31.78,8.68,-186.83,-10.8557,-53.3378,6.4993,1014.79
407300,0.516499,14.9211,0.970827,36.68,4.41,-198.73,-9.54814,-53.2144,7.5632,1014.82
407306,1.49211,17.1019,0.454328,36.19,5.18,-214.69,-8.61833,-54.1705,7.57797,1014.82
407312,1.89861,19.5074,-0.741272,32.83,2.59,-234.43,-7.86285,-54.3247,8.05082,1014.82
407318,2.10426,22.0182,-2.57293,17.64,-3.01,-258.16,-6.32284,-52.9677,7.37111,1014.82
407324,2.5538,21.6451,-2.27642,8.54,-5.53,-281.54,-5.13152,-54.5405,7.37111,1014.82
407330,1.82688,23.2233,-3.28551,0.63,-3.22,-309.75,-3.09754,-55.219,7.74052,1014.8
407336,3.64419,21.2578,-1.28647,-8.68,-19.74,-331.8,-2.34206,-54.6331,7.51887,1014.8
407342,6.42755,21.4252,2.07078,-3.71,-10.22,-357.77,-0.395261,-55.1573,7.65186,1014.79
407348,6.50885,25.2224,2.50598,-0.07,1.75,-385.07,2.48136,-55.4657,7.29722,1014.79
407354,6.12147,27.1019,1.62123,-10.5,3.71,-416.57,4.34099,-54.8181,7.38588,1014.8
407360,4.28981,24.9593,0.57867,-17.08,17.99,-448.56,5.99723,-54.5405,7.78484,1014.8
407366,1.36777,23.9646,0.0860832,-13.02,16.17,-480.48,9.01913,-55.2499,6.8096,1014.79
407372,2.92205,27.7762,-1.20995,-14.28,1.75,-501.76,11.3437,-54.8798,7.69619,1014.79
407378,3.80679,22.9268,-2.02774,-18.34,24.01,-517.93,14.1331,-53.2144,7.84395,1014.79
407384,-5.40889,32.0038,4.18938,33.32,-14.91,-509.04,16.8063,-53.3378,6.98692,1014.82
407390,3.16117,33.4242,-3.23768,-11.06,-23.59,-514.43,19.8864,-52.536,7.84395,1014.82
407396,1.62123,22.2764,2.21425,-0.42,-18.55,-518.91,21.4845,-50.7473,9.51368,1014.78
407402,-1.44428,24.132,1.41081,16.24,-30.8,-499.73,23.9543,-49.6062,7.69619,1014.78
407408,0.746054,31.473,-6.92013,-7.56,-35.14,-483.63,27.2668,-49.3595,7.88828,1014.77
407414,3.55332,28.6944,-2.48685,-40.6,-69.72,-468.37,28.4872,-47.5708,8.74531,1014.77
407420,6.12625,15.4041,-2.96031,-6.86,-61.11,-442.75,30.7245,-46.183,8.71576,1014.75
407426,6.04017,13.1229,-6.50406,-10.92,-104.72,-423.08,33.4559,-45.2886,7.57797,1014.75
407432,10.7508,4.61502,-8.44572,-4.41,-124.81,-369.95,35.4608,-43.8083,7.79962,1014.72
407438,12.7212,-9.17264,-11.6212,-4.27,-103.81,-329.07,36.1582,-42.0505,6.92781,1014.72
407444,-10.6026,1.93687,-11.5591,42.77,17.64,-179.9,37.6691,-41.6187,6.69139,1014.72
407450,-17.8288,12.5729,3.75418,10.85,-130.69,-34.02,38.105,-41.5879,5.19897,1014.73
407456,11.9273,4.24199,-2.80249,52.71,-56.07,51.73,37.2333,-41.2486,7.8144,1014.73
407462,7.24055,9.31133,-0.693448,63.35,-18.48,117.95,37.7563,-41.4337,7.53365,1014.76
407468,11.6404,9.11047,-2.62076,48.02,-12.74,161.98,37.9887,-41.6187,6.76527,1014.76
407474,13.0225,9.38785,-3.20899,44.1,25.97,188.02,36.1872,-42.3897,6.12989,1014.71
407480,11.1478,10.3013,-2.3099,28.07,35.14,194.74,34.8215,-43.5924,8.18381,1014.71
407486,10.6313,8.73266,-1.94644,18.76,49.42,190.54,35.3736,-43.9934,8.33157,1014.75
407492,9.24916,7.03969,-1.1956,14.7,59.5,189.63,33.6593,-43.4691,7.66663,1014.75
407498,7.83835,3.94548,-1.31994,14.91,66.57,190.54,31.7415,-44.5176,8.24291,1014.75
407504,6.901,2.9077,-1.45385,17.64,68.25,191.03,32.003,-46.1521,7.19379,1014.77
407510,5.7341,1.93209,-2.17121,16.73,71.96,197.68,31.5381,-46.4914,8.27247,1014.77
407516,4.40937,1.73601,-1.36777,20.93,68.46,207.13,29.8528,-46.368,9.51368,1014.76
407522,3.46724,2.20469,-1.64036,24.15,64.47,218.33,29.3298,-47.6016,9.23293,1014.76
407528,2.59206,2.71162,-1.49689,28.14,58.1,232.89,28.4291,-48.0025,8.71576,1014.7
407534,1.52559,3.16595,-1.49211,30.66,50.75,248.15,26.1917,-48.9586,9.11472,1014.7
407540,0.999522,3.38594,-1.33907,31.78,41.58,267.54,25.0875,-49.3286,9.29204,1014.65
407546,0.779531,3.9407,-1.37733,33.46,31.36,288.4,24.5936,-49.637,9.9422,1014.65
407552,0.707795,4.46198,-1.17169,33.25,19.95,307.51,23.286,-50.5622,9.15905,1014.65
407558,0.841702,5.00239,-0.966045,35.42,11.06,322.7,20.1479,-50.3772,10.8288,1014.65
407564,0.779531,5.25586,-0.813008,36.26,-0.21,337.47,20.0898,-51.5183,10.0013,1014.65
407570,0.841702,5.50933,-0.631277,38.36,-10.5,348.25,18.7241,-52.5051,10.6219,1014.68
407576,1.16691,5.49498,-0.176949,42.77,-19.95,353.5,16.138,-53.1528,9.45458,1014.68
407582,1.70732,6.22669,0.0813008,46.27,-25.41,358.33,14.8014,-53.307,10.4594,1014.71
407588,1.86035,6.14538,0.774749,53.34,-34.72,358.33,12.535,-54.3247,10.1343,1014.71
407594,2.3099,6.35103,1.1956,59.99,-36.33,360.5,10.0652,-54.3247,10.9322,1014.71
407600,2.10904,7.19751,1.49211,64.33,-39.97,360.22,8.40894,-54.3555,11.2721,1014.71
407606,2.35772,8.2066,1.47298,66.71,-41.3,359.66,6.92704,-55.219,11.1095,1014.73
407612,2.52511,9.76566,1.6308,67.62,-39.9,360.36,5.47421,-54.7873,11.6415,1014.73
407618,2.3912,10.9373,1.75514,67.48,-38.22,360.64,3.78891,-53.677,12.3655,1014.73
407624,1.84601,12.4295,1.85557,65.1,-37.17,362.11,1.55154,-54.7873,12.8532,1014.76
407630,1.33429,13.0607,2.05165,62.37,-35.56,366.24,0.592669,-54.7873,12.7645,1014.76
407636,0.870397,14.1224,2.10426,58.59,-34.65,372.75,-2.7198,-52.5976,13.5476,1014.72
407642,0.765184,14.7728,2.21903,55.79,-34.3,377.3,-4.4051,-52.8444,13.3703,1014.72
407648,1.37255,16.7384,0.291726,49.42,-30.38,375.69,-5.50925,-54.0163,12.9123,1014.78
407654,0.37781,16.7575,3.20421,51.03,-34.37,382.2,-7.74662,-52.3201,14.8036,1014.78
407660,0.875179,17.6184,2.24295,47.6,-33.18,378.98,-9.80966,-51.0557,14.6854,1014.78
407666,1.06648,18.0679,1.73601,45.85,-27.79,378.98,-11.7274,-51.3024,14.0205,1014.78
407672,-0.13869,18.8283,2.65423,44.03,-31.22,372.68,-13.4999,-50.6547,13.5033,1014.78
407678,0.506934,19.0435,2.21425,45.5,-24.71,365.33,-15.3304,-49.8837,13.9614,1014.76
407684,-0.272597,19.7513,2.99378,53.55,-24.92,360.92,-16.7833,-50.0071,14.4638,1014.76
407690,-0.870397,20.3061,3.13725,57.26,-25.97,360.08,-19.0497,-49.8837,14.7741,1014.75
407696,-0.669536,21.7982,3.45289,63.35,-22.05,360.64,-20.0667,-47.1698,15.3208,1014.75
407702,-0.851267,23.1803,3.8594,73.29,-10.5,369.39,-22.4203,-45.8746,16.0301,1014.72
407708,-1.40603,25.5237,3.93592,70.98,-1.89,383.39,-23.9312,-45.9363,14.7889,1014.72
407714,-1.21951,26.2936,3.57245,67.55,14.98,399.56,-25.2097,-43.4691,15.8675,1014.77
407720,-1.91774,26.9201,3.61549,65.45,35.21,413,-26.7207,-41.3411,16.0892,1014.77
407726,-4.22764,27.2501,4.61023,55.58,40.74,425.67,-28.7547,-41.8963,15.4981,1014.77
407732,-5.90626,28.4553,3.92635,52.5,60.13,424.06,-31.0211,-38.9973,16.0153,1014.8
407738,-10.1913,30.2056,3.95983,45.85,62.23,417.34,-32.0962,-37.1778,16.9019,1014.8
407744,-12.5155,31.4969,2.69727,36.75,69.3,409.78,-34.4498,-36.4068,16.1926,1014.79
407750,-17.4605,33.6824,0.918221,15.68,65.03,392.7,-36.2804,-34.6797,15.5868,1014.79
407756,-19.407,33.4433,-0.793878,-8.96,61.11,364.42,-36.6872,-32.1509,15.8675,1014.78
407762,-22.6781,33.4481,-7.05882,-43.82,55.86,330.75,-38.0528,-31.2257,16.5029,1014.78
407768,-26.528,31.913,-10.6934,-91.28,40.95,292.95,-40.5808,-30.6397,15.2026,1014.77
407774,-32.812,20.2009,-7.11621,-111.09,20.37,249.83,-39.9996,-28.666,14.3456,1014.77
407780,-37.6136,10.3491,-2.19034,-80.36,-12.46,205.59,-40.9295,-27.8333,15.4538,1014.79
407786,-43.1946,-4.1033,4.96891,5.67,-37.03,165.97,-41.2781,-27.5558,14.1978,1014.79
407792,-46.0593,-2.61597,0.985174,66.22,-58.03,121.52,-41.2491,-26.2913,14.715,1014.79
407798,-46.4371,-0.607365,4.69153,119.28,-66.92,83.16,-41.3653,-24.8727,16.4143,1014.8
407804,-43.8785,4.54806,6.13104,147.84,-57.68,34.16,-42.237,-25.6129,15.7789,1014.8
407810,-39.0722,11.583,8.43615,159.32,-53.27,-19.32,-42.0046,-25.0269,16.9019,1014.82
407816,-32.5921,17.9914,5.86322,133.49,-39.41,-67.76,-41.2781,-24.5026,17.4486,1014.82
407822,17.4032,93.5198,78.6179,384.58,-268.03,-280.07,-40.9004,-24.5335,19.473,1014.84
407828,-2.4725,88.2257,-35.4854,-323.05,121.8,-326.06,-41.22,-26.8156,18.3795,1014.84
407834,-17.1066,-29.3018,3.88331,64.54,-12.32,-246.68,-39.186,-27.8025,16.9905,1014.82
407840,12.1521,2.39598,-7.73792,-34.3,-193.83,-259.21,-38.8664,-28.4193,19.2218,1014.82
407846,16.0402,23.1612,-14.4094,15.19,30.03,-266.42,-38.3725,-30.0846,18.2022,1014.82
407852,12.7881,25.6528,-1.71688,-128.45,6.3,-244.51,-37.7623,-30.1772,18.1579,1014.79
407858,25.3515,1.94165,-5.91583,-139.37,169.12,-307.58,-36.7162,-32.0584,17.227,1014.79
407864,8.34529,4.21329,4.87805,-91.07,215.46,-295.89,-36.3966,-34.0321,15.7789,1014.8
407870,-7.48924,8.76614,10.6408,-102.2,119,-303.66,-35.2924,-36.2217,14.1535,1014.8
407876,-1.31516,3.19464,10.4974,-87.01,92.68,-319.06,-34.2173,-36.4685,14.2126,1014.84
407882,-5.83453,7.73314,10.7221,-33.18,115.78,-310.31,-32.7645,-38.0413,13.459,1014.84
407888,-14.9641,15.1602,12.8838,-16.87,62.3,-291.2,-32.5611,-40.5085,13.3112,1014.83
407894,-16.9106,19.4883,10.22,-15.68,-3.01,-258.09,-31.486,-40.2001,12.8088,1014.83
407900,-9.56958,17.0923,2.52511,-6.51,-49.7,-229.88,-29.8007,-40.7552,13.2964,1014.83
407906,-5.58106,15.4185,2.18077,-6.02,-75.18,-210.42,-29.0452,-43.4999,12.203,1014.83
407912,0.473458,10.8369,0.746054,-2.38,-77,-214.34,-28.2898,-43.3766,13.193,1014.83
407918,3.01769,12.6351,-3.33333,9.38,-12.11,-221.9,-27.0113,-43.099,14.1683,1014.83
407924,-14.1368,23.1707,-13.5677,-20.86,94.22,-97.09,-26.2848,-44.9494,13.8432,1014.83
407930,-15.0741,21.3152,-6.38929,-110.95,68.32,-61.95,-26.6045,-44.8569,12.2325,1014.85
407936,-2.08991,11.9943,0.765184,-86.1,50.96,-81.06,-26.6045,-44.641,12.6906,1014.85
407942,3.37159,6.56624,2.32425,-59.71,51.87,-49.77,-26.1105,-45.3195,12.7645,1014.82
407948,-1.58297,7.23099,4.13678,-49.77,57.96,-32.97,-25.4713,-46.0288,11.5233,1014.82
407954,-4.01722,8.81396,3.92157,-30.03,24.57,-47.39,-25.9362,-44.9802,11.1095,1014.83
407960,-2.1999,9.2109,2.95074,-34.44,14.35,-39.41,-25.5584,-45.4428,10.7549,1014.83
407966,-1.73123,9.38785,1.3056,-20.72,14.42,-18.69,-25.355,-46.2447,10.947,1014.83
407972,-2.15208,10.4448,0.664754,-23.38,13.02,-14.7,-25.4713,-46.1213,9.55801,1014.83
407978,-1.56863,9.10091,3.40507,-14.84,-3.22,-22.47,-25.2097,-45.8746,11.2573,1014.83
407984,0.985174,9.95696,0.5978,-10.36,9.45,-15.61,-25.0935,-46.3372,10.7845,1014.84
407990,-0.865614,10.2296,1.58776,-8.68,3.43,-10.22,-25.0935,-47.0157,9.97175,1014.84
407996,0.841702,10.3109,0.444763,-9.73,-3.01,-15.47,-24.2509,-46.0288,10.6958,1014.82
408002,0.0143472,9.81349,1.22429,-3.29,-10.5,-13.65,-24.6577,-46.8306,9.76488,1014.82
408008,0.411286,9.71784,0.908656,-7.56,-6.72,-19.32,-24.9192,-47.6016,10.0752,1014.85
408014,-0.267814,9.93783,1.10952,0.56,5.18,-21.63,-24.4543,-46.4297,9.41025,1014.85
408020,-0.659971,10.3587,2.05643,-0.28,-3.92,-16.1,-24.5995,-46.2447,10.681,1014.85
408026,0.73649,10.3874,0.569106,-0.21,-7.98,-16.87,-24.3671,-46.8306,9.51368,1014.78
408032,-0.535629,10.0478,1.39646,8.82,-11.41,-21.63,-23.786,-46.9848,10.0161,1014.78
408038,-0.61693,10.6121,0.282162,3.71,-8.12,-15.47,-23.3501,-46.6147,10.223,1014.84
408044,-0.315638,10.1674,0.291726,3.01,-10.22,-11.2,-23.7278,-47.4782,9.92742,1014.84
408050,0.105213,9.87566,0.487805,2.1,-8.4,-15.26,-24.0475,-47.3549,9.64667,1014.8
408056,-0.296509,9.80392,0.95648,2.87,-8.89,-16.59,-23.6697,-47.1698,10.1786,1014.8
408062,-0.296509,10.0096,0.530846,1.05,-11.06,-11.34,-24.1928,-46.5222,9.86832,1014.8
408068,0.0860832,10.0813,0.401722,0.35,-9.1,-13.37,-24.2799,-47.5399,9.86832,1014.8
408074,0.23912,9.87087,0.5978,-1.19,-9.8,-11.97,-23.6697,-46.4914,9.21815,1014.8
408080,0.167384,9.86609,0.277379,-1.54,-4.97,-13.65,-23.6407,-47.139,10.1343,1014.84
408086,-0.224773,9.94261,0.5978,-2.59,-6.23,-13.93,-24.1346,-47.6941,10.2673,1014.84
408092,-0.0813008,9.98565,0.487805,-4.62,-7.35,-12.04,-23.9894,-48.1259,9.97175,1014.8
408098,0.946915,9.92826,-0.176949,-5.25,1.12,-12.46,-23.2339,-46.6764,10.6219,1014.8
408104,-0.167384,10.2582,-0.200861,-9.38,0.77,-13.79,-23.4663,-46.8923,9.66145,1014.85
408110,-0.267814,10.483,-0.248685,-16.94,-3.15,-13.51,-23.4663,-47.9408,10.2525,1014.85
408116,0.263032,9.81827,-0.511717,-17.57,3.71,-12.67,-22.7109,-46.3989,9.52846,1014.85
408122,-0.0813008,10.6265,-0.468675,-25.69,8.68,-11.69,-23.0014,-47.3549,10.9027,1014.85
408128,-0.454328,10.1004,0.210426,-29.33,7.56,-12.39,-23.7278,-48.1259,9.35114,1014.81
408134,-0.315638,10.4495,0.0526064,-33.39,5.18,-12.11,-23.1467,-47.2007,10.4298,1014.81
408140,-0.569106,9.78479,-0.382592,-33.11,2.59,-12.53,-22.9433,-47.4782,9.67622,1014.81
408146,-0.530846,10.7652,-0.0047824,-38.71,0.28,-14.14,-22.8852,-48.3418,8.10993,1014.81
408152,0.162602,10.1769,0.430416,-41.65,-1.82,-15.33,-22.8852,-47.9408,8.16903,1014.81
408158,-1.07604,9.84696,1.15734,-44.45,-0.56,-12.25,-22.3622,-46.8306,8.98173,1014.8
408164,0.81779,10.0813,0.583453,-40.67,-1.96,-20.51,-22.5656,-48.095,8.77486,1014.8
408170,-0.320421,9.66045,1.08082,-41.02,-6.23,-19.6,-22.1007,-49.2361,8.00649,1014.81
408176,-0.573888,9.13917,1.31038,-43.47,-11.2,-19.95,-22.3912,-47.4782,8.27247,1014.81
408182,0.21999,9.95218,0.946915,-38.36,-10.22,-22.33,-22.3041,-47.725,8.76009,1014.8
408188,-0.903874,10.1435,1.86992,-40.88,-13.09,-23.38,-22.5365,-48.8044,6.64706,1014.8
408194,0.0526064,10.3778,0.985174,-37.59,-13.16,-23.73,-23.1177,-48.496,7.47454,1014.8
408200,-0.425634,9.29699,1.02343,-41.58,-16.87,-25.76,-21.6939,-48.866,8.65665,1014.81
408206,0.545194,9.42611,0.822573,-38.15,-15.26,-27.16,-21.781,-49.3903,6.82438,1014.81
408212,-0.923003,9.46915,1.97513,-38.29,-18.48,-27.3,-21.8682,-49.637,6.8096,1014.82
408218,0.253467,9.21568,1.45385,-35.35,-15.54,-28.07,-21.3742,-47.91,7.77007,1014.82
408224,-0.200861,8.8044,1.53515,-39.62,-17.08,-31.85,-21.6358,-49.452,6.79483,1014.81
408230,0.640842,9.00048,1.45385,-31.5,-14.42,-32.41,-21.6648,-49.8221,5.31719,1014.81
408236,0.35868,8.81396,2.40555,-27.72,-14.07,-38.36,-20.7641,-48.6502,7.53365,1014.82
408242,0.569106,9.82783,2.24295,-23.24,-13.44,-38.15,-20.8512,-49.1128,6.54363,1014.82
408248,0.277379,10.5356,3.44811,-21.84,-13.79,-38.01,-20.8512,-50.7164,6.36631,1014.81
408254,2.19512,10.8082,4.83501,-14.84,-4.76,-46.41,-20.212,-49.3595,6.98692,1014.81
408260,1.24821,10.2535,3.03682,-9.94,2.52,-53.55,-19.6599,-49.3903,7.0608,1014.81
408266,-0.23912,9.2109,3.09421,-0.56,0.84,-54.25,-19.3112,-50.3772,6.42542,1014.82
408272,-0.387374,10.0861,3.28073,5.53,-1.96,-57.05,-19.8342,-50.7164,6.26287,1014.82
408278,0.774749,10.4495,2.44859,7.42,4.13,-57.19,-19.689,-50.0379,6.82438,1014.78
408284,0.664754,11.1717,2.26208,3.01,4.48,-66.22,-19.0497,-51.3949,6.08556,1014.78
408290,1.60689,12.1808,1.44428,7.7,12.11,-72.66,-18.5848,-51.5491,6.20377,1014.83
408296,-0.516499,11.1478,2.81205,5.67,6.37,-78.33,-18.9916,-51.7958,5.50928,1014.83
408302,0.607365,12.922,1.02343,7.14,4.34,-84.21,-17.4516,-50.2847,7.11991,1014.79
408308,0.722142,11.4347,1.66906,7.07,6.16,-90.51,-17.2191,-51.8883,6.41064,1014.79
408314,0.0860832,13.9263,1.60689,7.35,5.95,-101.92,-17.2191,-51.0557,6.63228,1014.79
408320,0.674318,12.7738,1.99904,5.25,2.66,-107.38,-16.4637,-50.4697,6.60273,1014.81
408326,0.712578,13.2616,1.99904,2.94,8.26,-116.97,-15.9116,-52.3818,6.14466,1014.81
408332,0.353898,12.3099,3.15638,2.03,4.13,-128.03,-15.1852,-52.3201,6.39586,1014.8
408338,1.31038,12.1664,2.94118,13.09,12.74,-134.89,-15.3595,-51.6108,7.77007,1014.8
408344,0.631277,12.6016,3.32855,12.53,11.97,-145.74,-13.4708,-53.0294,6.72094,1014.82
408350,1.18604,13.0751,3.36203,21.84,20.02,-151.62,-13.5289,-52.5668,6.63228,1014.82
408356,0.803443,12.6925,3.099,25.76,16.1,-160.65,-11.524,-52.4126,6.86871,1014.83
408362,1.05213,14.5815,2.57771,29.89,15.33,-173.25,-11.8146,-52.4434,7.11991,1014.83
408368,1.49211,15.055,2.13295,33.11,15.68,-187.53,-9.5772,-54.8798,5.6866,1014.83
408374,1.55906,16.351,0.71736,29.96,15.89,-200.9,-9.3738,-53.5537,7.8144,1014.8
408380,1.39646,16.6284,0.526064,31.01,16.66,-216.72,-8.61833,-53.1219,7.6223,1014.8
408386,1.61167,17.671,-0.143472,30.38,13.02,-235.34,-7.60134,-54.9723,7.65186,1014.83
408392,2.24295,19.0818,0.162602,28.56,8.89,-255.99,-6.20662,-54.7256,8.03604,1014.83
408398,2.32425,22.9794,-2.7164,18.69,13.44,-279.23,-5.50925,-54.7564,8.83397,1014.78
408404,2.18077,22.8933,-3.70158,-3.01,1.82,-320.53,-3.30094,-55.3115,8.13948,1014.78
408410,2.35294,21.3582,-4.60067,-11.83,-4.34,-327.88,-1.32508,-55.5583,6.8096,1014.79
408416,2.06121,22.0325,-3.00813,-14.28,-10.08,-350.63,0.127761,-55.034,7.78484,1014.79
408422,3.35724,26.0019,-0.047824,-22.61,-17.08,-378.63,2.42325,-55.4966,8.18381,1014.79
408428,6.58536,23.6633,2.50598,-24.78,-9.8,-410.69,3.96325,-55.8358,5.77525,1014.79
408434,6.52319,22.2669,3.47202,-9.17,4.97,-439.88,6.72365,-54.2938,7.74052,1014.79
408440,3.69201,25.4519,1.92731,-7.98,11.06,-468.93,8.26366,-54.2013,9.46935,1014.8
408446,1.04735,28.0153,0.172166,-15.61,1.33,-501.06,11.6342,-55.6199,7.20856,1014.8
408452,5.12673,18.3453,-2.15208,-29.68,6.3,-503.16,14.1912,-54.6639,8.21336,1014.75
408458,-6.97274,26.1119,7.05404,36.61,3.22,-502.18,15.4697,-53.1836,8.1247,1014.75
408464,5.85366,29.4213,-4.61023,3.71,-41.16,-516.95,19.8283,-52.5976,7.85873,1014.77
408470,1.36298,22.7881,1.87948,12.39,-14.07,-512.89,22.4434,-51.95,9.55801,1014.77
408476,-2.2812,30.9087,0.21999,14.07,-35.91,-506.17,24.0124,-49.8837,8.34635,1014.72
408482,1.50646,29.9235,-2.03252,-4.34,-58.66,-509.74,26.0464,-49.1744,10.0752,1014.72
408488,4.52415,20.8943,-4.61502,-0.21,-59.71,-476,28.6906,-48.5576,7.74052,1014.72
408494,3.81157,19.67,-4.47154,8.19,-66.71,-429.59,30.1725,-46.0596,8.64188,1014.77
408500,4.60067,19.737,-7.5275,-1.47,-93.8,-410.55,31.2766,-45.412,8.59755,1014.77
408506,11.4108,13.9024,-4.36633,-21.98,-149.87,-391.37,34.9087,-43.9317,6.8096,1014.75
408512,16.6667,-4.63893,-9.53132,-8.47,-105.28,-354.34,36.4197,-42.6056,8.05082,1014.75
408518,-0.439981,-11.4778,-6.91057,51.45,1.68,-241.15,36.6521,-40.8477,9.60234,1014.75
408524,-17.2788,10.2822,1.45385,11.13,-94.29,-80.22,38.0759,-40.6318,7.75529,1014.75
408530,5.6528,4.43807,0.234338,30.38,-91.77,18.34,38.9185,-41.3103,7.65186,1014.76
408536,9.7274,5.15064,-2.78814,62.58,-0.35,108.78,37.2914,-41.0944,6.08556,1014.76
408542,7.30751,9.60306,-0.703013,44.1,-8.47,175.14,37.3495,-40.8477,6.64706,1014.76
408548,14.8494,9.26829,-3.24725,42.7,35.49,206.22,37.3785,-42.1121,7.26767,1014.78
408554,11.3439,10.5978,-1.70732,30.59,52.36,219.17,34.9378,-42.513,8.00649,1014.78
408560,11.8556,9.3735,-1.82688,23.24,65.73,219.52,34.1242,-42.4822,8.44978,1014.78
408566,10.3348,7.42229,-1.6308,18.06,75.46,216.79,34.2404,-44.7643,7.5632,1014.78
408572,10,5.50454,-2.52511,13.23,85.33,216.93,33.0491,-45.0727,7.25289,1014.77
408578,7.83357,2.91726,-1.50646,15.96,89.95,217.91,31.1023,-45.5662,8.02127,1014.77
408584,6.67145,2.80249,-2.11382,17.08,88.76,219.94,30.463,-46.5839,10.2673,1014.78
408590,4.93065,1.65949,-1.69297,21.98,86.87,226.45,30.3759,-48.3418,9.02606,1014.78
408596,3.84505,1.86035,-1.67384,27.02,78.54,236.74,28.9811,-47.5091,10.0161,1014.7
408602,2.92205,2.15208,-1.79818,32.27,70.98,248.15,26.8019,-49.0819,9.98653,1014.7
408608,2.12339,2.80249,-1.6021,36.68,59.92,262.5,26.5113,-50.3772,9.66145,1014.7
408614,1.64515,3.64419,-1.36298,39.41,48.09,279.3,24.7098,-49.452,11.0357,1014.71
408620,1.46341,4.06504,-0.918221,42.42,35.63,293.58,23.3441,-50.1921,11.1243,1014.71
408626,1.24821,4.69632,-0.526064,43.19,24.64,306.53,22.792,-51.179,10.6367,1014.67
408632,1.12386,5.26542,-0.0334768,44.1,12.39,318.71,20.7,-51.4257,10.5185,1014.67
408638,1.72166,5.99713,0.396939,47.11,2.17,326.34,18.3754,-51.6108,12.2325,1014.71
408644,1.65471,5.98757,0.875179,49.84,-8.4,331.94,18.1139,-53.3686,11.8927,1014.71
408650,1.70253,6.44668,1.3056,50.4,-18.06,336.21,16.8354,-53.4303,11.0652,1014.74
408656,1.89383,6.81014,1.53037,54.46,-24.99,339.92,13.2614,-53.4612,12.1734,1014.74
408662,2.1186,7.23099,2.18556,54.81,-28.84,343.91,12.4478,-54.0163,12.3508,1014.74
408668,2.94118,8.13008,1.86514,54.53,-28.91,345.03,10.8788,-54.7256,11.7006,1014.71
408674,2.93639,8.77092,2.7451,53.9,-31.85,347.41,8.35083,-54.1088,11.7449,1014.71
408680,3.02726,9.42611,2.44859,52.43,-31.36,350.7,6.9561,-53.492,13.2078,1014.68
408686,2.80727,10.3539,2.76423,50.26,-31.43,354.34,5.73572,-55.2499,12.0552,1014.68
408692,2.52032,11.0808,2.66858,47.11,-30.8,358.05,2.71381,-54.7564,12.2916,1014.75
408698,2.20469,11.9321,2.87422,45.5,-30.87,360.92,1.40626,-53.8004,12.6463,1014.75
408704,1.91774,12.7547,2.92205,45.57,-30.31,363.72,0.0405907,-54.7873,12.8236,1014.72
408710,1.95122,14.6341,1.26734,40.81,-30.52,365.82,-2.08055,-55.034,11.4494,1014.72
408716,1.10473,14.945,2.94118,45.43,-32.13,374.78,-3.96924,-52.8444,14.0057,1014.72
408722,1.14778,14.988,3.33812,47.04,-31.29,376.6,-6.3519,-53.5845,14.6115,1014.73
408728,0.85605,16.1023,3.03682,47.6,-32.27,377.79,-7.97908,-53.5845,13.6067,1014.73
408734,1.01865,17.1449,2.76423,46.76,-32.62,385.14,-9.31569,-52.0425,14.05,1014.77
408740,0.989957,18.2783,2.77379,44.17,-31.64,387.94,-11.1753,-51.5799,14.3751,1014.77
408746,1.10473,18.8283,3.17073,47.46,-28.28,385.07,-13.6742,-51.5491,14.7593,1014.75
408752,0.85605,20.2152,3.20899,46.9,-29.61,387.24,-15.7663,-50.0996,14.3899,1014.75
408758,0.636059,21.1478,3.12769,48.93,-26.81,383.74,-18.0037,-47.8792,14.5524,1014.78
408764,0.607365,22.2525,3.13247,52.57,-22.19,386.19,-18.8173,-48.1876,15.2026,1014.78
408770,-0.473458,23.3572,2.89335,53.97,-20.16,391.79,-21.1709,-47.4782,15.173,1014.79
408776,-1.03778,25.1937,3.33812,54.6,-18.13,399,-21.8101,-45.1653,17.3156,1014.79
408782,-1.57819,25.8345,3.1803,60.76,-10.71,408.17,-24.1928,-44.7335,16.1335,1014.79
408788,-2.63032,27.2406,3.5055,61.6,-3.43,421.19,-26.8079,-44.641,14.9366,1014.77
408794,-3.87853,27.6088,4.32329,60.48,-3.78,432.95,-28.0282,-41.5262,16.6507,1014.77
408800,-4.83501,27.7044,4.63415,64.26,7.28,441.91,-29.5101,-39.3366,16.9905,1014.8
408806,-5.3802,28.2688,4.39981,69.58,27.37,437.29,-31.7475,-39.5216,15.6016,1014.8
408812,-9.5935,29.9665,5.50933,67.55,31.43,433.86,-33.1422,-36.3143,16.5768,1014.77
408818,-11.5112,31.3965,4.93065,61.32,39.69,417.13,-34.0721,-34.1555,17.7885,1014.77
408824,-15.7245,34.175,3.35246,42.56,50.68,396.34,-36.8906,-33.477,16.1926,1014.8
408830,-19.3639,35.6815,-0.310856,12.74,59.08,364.35,-37.9657,-31.75,17.3452,1014.8
408836,-21.4443,37.8623,-5.77236,-37.1,59.99,317.38,-38.1109,-28.7277,16.6064,1014.8
408842,-27.5753,36.3988,-14.4763,-116.62,59.85,271.25,-40.203,-27.8025,15.3651,1014.79
408848,-32.8647,24.8207,-10.0383,-157.57,46.27,229.04,-41.6559,-28.6968,14.2865,1014.79
408854,-41.5495,3.13247,2.24295,-125.65,30.8,188.23,-41.7721,-27.2474,15.8971,1014.8
408860,-47.4605,-10.2296,11.6834,-6.58,6.37,155.96,-41.6559,-26.0138,15.3208,1014.8
408866,-52.1664,-3.70636,1.37255,45.08,-3.78,124.53,-42.8763,-26.7231,13.7397,1014.8
408872,-50.1148,-2.66858,4.07939,101.36,-15.61,90.65,-42.4985,-24.7185,15.4538,1014.8
408878,-43.9168,7.93878,5.53802,130.27,-14.35,37.94,-42.4404,-24.7185,16.562,1014.8
408884,-37.341,13.3907,4.84935,139.09,-12.53,-46.76,-42.9344,-24.1634,15.6311,1014.8
408890,-28.2879,19.9378,1.98948,107.45,1.54,-95.13,-43.5155,-24.6568,16.3404,1014.8
408896,-23.1612,18.5031,4.46198,75.39,20.65,-147.14,-41.6849,-24.1017,16.828,1014.85
408902,4.62458,55.715,45.9971,233.24,-143.08,-268.94,-42.1498,-25.0577,16.1483,1014.85
408908,9.84218,77.9101,-24.5815,-306.81,-135.94,-277.62,-41.8302,-27.3399,15.7345,1014.83
408914,1.50646,-34.6963,24.2229,153.16,42.14,-250.88,-40.2321,-27.4941,16.3847,1014.83
408920,29.187,2.37685,-18.6609,3.64,89.39,-316.26,-38.9536,-28.9127,17.818,1014.83
408926,6.66188,19.8517,-5.08369,30.52,81.48,-298.69,-39.2732,-30.7014,15.4686,1014.83
408932,9.33525,14.9498,0.0765184,-81.13,29.33,-309.05,-38.634,-31.9659,16.2961,1014.83
408938,12.0038,4.1033,2.24295,-40.81,93.8,-341.39,-36.0479,-32.9527,16.5473,1014.83
408944,4.41894,7.92922,4.03635,-13.72,156.17,-346.43,-35.6411,-35.79,14.4047,1014.83
408950,-8.75179,10.8943,8.60832,5.53,118.86,-330.47,-35.2343,-37.1161,13.0896,1014.83
408956,-11.0617,13.1946,5.7867,-1.75,61.11,-334.53,-33.4909,-36.7769,15.3208,1014.83
408962,-13.2999,19.9474,4.3759,-16.59,45.01,-299.67,-32.7064,-39.3982,14.6263,1014.86
408968,-13.6203,17.4797,7.21186,-24.99,-1.61,-271.95,-31.7766,-40.9711,13.0009,1014.86
408974,-9.64132,15.9063,5.26542,-18.76,-35.21,-246.19,-30.992,-40.9402,14.3308,1014.84
408980,-4.22286,14.4859,1.90818,-3.64,-51.73,-219.03,-28.929,-41.4953,14.6854,1014.84
408986,0.908656,12.922,-0.573888,-2.17,-26.6,-217.84,-28.406,-43.2224,14.3456,1014.77
408992,-0.97561,15.0167,-3.82114,4.06,8.75,-230.44,-28.4641,-44.0242,14.1535,1014.77
408998,-14.1129,32.7021,-17.4988,-40.18,135.38,-95.9,-27.9411,-43.4074,13.725,1014.82
409004,-18.3022,19.9474,-1.63558,-56.14,80.36,-50.89,-27.0113,-44.7027,13.2817,1014.82
409010,-8.34529,13.4768,5.52845,-98.21,-16.59,-54.74,-26.9531,-44.3943,12.0404,1014.82
409016,5.5715,4.90674,3.53898,-63,3.85,-60.76,-26.0524,-43.9317,13.0157,1014.86
409022,1.83644,7.62315,1.53037,-32.76,51.45,-45.08,-26.8079,-45.3503,12.6611,1014.86
409028,-6.12625,7.62315,6.87231,-15.96,20.44,-36.4,-26.8369,-46.8923,12.1143,1014.8
409034,-2.95552,9.25873,2.4725,-7,9.17,-26.74,-25.9071,-45.0727,11.4494,1014.8
409040,-1.25299,11.3534,0.243902,-6.16,5.32,-17.22,-26.4592,-45.3503,11.2869,1014.85
409046,-1.5208,10.1148,0.97561,-7.91,-0.98,-20.79,-26.2558,-47.0773,11.5085,1014.85
409052,1.53515,9.88522,-0.750837,-10.43,3.99,-20.65,-26.1396,-46.2447,11.9518,1014.86
409058,0.5978,9.2396,0.554758,-0.14,9.03,-15.47,-26.1686,-45.0727,10.9765,1014.86
409064,-2.15686,10.9373,2.09469,-4.2,-6.09,-12.88,-25.6747,-45.3503,10.2821,1014.86
409070,0.530846,9.32568,0.0908656,1.68,-8.96,-17.15,-25.878,-45.5045,11.5381,1014.83
409076,0.109995,11.0617,-0.191296,-4.27,-7.84,-21.07,-25.8199,-44.3634,11.0357,1014.83
409082,0.726925,11.1621,-0.989957,-15.26,-6.02,-9.73,-25.4131,-45.8437,11.7597,1014.87
409088,-0.277379,10.4495,0.35868,-3.15,-1.26,-13.3,-25.9071,-46.7073,10.5924,1014.87
409094,-0.435198,9.45002,1.23386,-6.23,-7.07,-8.05,-25.4713,-45.5045,10.7401,1014.82
409100,0.291726,10.66,-0.191296,-6.93,-4.9,-15.47,-24.8901,-45.6587,10.5924,1014.82
409106,0.143472,10.4639,0.109995,-5.67,-6.02,-18.83,-25.5584,-46.368,11.3312,1014.84
409112,-0.148254,9.99522,0.35868,-5.67,-7.56,-11.69,-25.0354,-45.8746,10.9913,1014.84
409118,-0.148254,9.82783,0.664754,-5.25,-7.28,-11.13,-25.5584,-44.7952,11.7154,1014.79
409124,0.095648,9.77044,0.741272,-3.64,-10.5,-16.38,-25.2969,-47.0773,10.5185,1014.79
409130,0.0095648,9.76566,0.61693,-2.52,-9.03,-13.51,-25.4713,-46.7073,9.92742,1014.79
409136,0.0095648,9.62697,0.846485,-2.03,-10.22,-10.71,-25.7618,-45.3811,9.88309,1014.85
409142,0.334768,9.64132,0.631277,-3.15,-11.9,-14.21,-25.4422,-46.3989,9.73533,1014.85
409148,0.420851,9.88044,0.191296,-3.29,-8.96,-15.68,-24.8901,-47.1698,10.5185,1014.81
409154,0.344333,9.88522,-0.023912,-4.55,-8.82,-14.84,-24.9192,-46.183,10.9174,1014.81
409160,0.10043,9.85653,0.0526064,-7.21,-8.26,-15.89,-24.832,-45.8129,10.9913,1014.83
409166,0.282162,9.99522,-0.0573888,-10.71,-7.21,-15.19,-24.8029,-47.6633,10.9618,1014.83
409172,0.703013,9.90435,-0.573888,-13.72,-0.14,-15.12,-24.4252,-47.1698,10.7253,1014.8
409178,-0.483022,10.1578,0.0334768,-17.64,-1.05,-16.38,-24.6577,-46.2755,11.6563,1014.8
409184,-0.593018,10.22,-0.13869,-21.56,-4.13,-14.21,-24.9773,-47.5399,9.9422,1014.8
409190,0.0669536,9.72262,-0.047824,-23.73,-0.84,-13.02,-24.7158,-47.5399,10.7401,1014.87
409196,-0.0860832,9.86609,0.114778,-24.5,-0.14,-14,-23.9894,-46.6147,12.1291,1014.87
409202,-0.334768,9.85653,0.186514,-25.34,-0.63,-13.23,-24.1056,-47.6016,11.3755,1014.81
409208,-0.296509,9.82783,0.454328,-26.18,-1.47,-12.32,-24.0184,-47.6633,9.75011,1014.81
409214,0,10.0143,-0.047824,-26.46,-3.64,-13.3,-23.9894,-47.2932,10.5628,1014.81
409220,-0.172166,9.95218,0.181731,-28.35,-4.34,-13.23,-23.7278,-46.7073,10.4003,1014.81
409226,-0.325203,9.30177,1.14778,-26.25,-5.04,-13.3,-23.8441,-47.7558,9.17383,1014.83
409232,0.11956,9.68914,0.47824,-25.83,-5.53,-14.49,-24.309,-47.1082,9.67622,1014.83
409238,-0.344333,9.71305,1.07126,-24.29,-7.42,-13.37,-24.1928,-46.8923,11.0209,1014.83
409244,-0.535629,9.65088,1.20038,-23.38,-7.28,-15.12,-23.4954,-48.2492,8.77486,1014.81
409250,-0.320421,9.88522,0.942133,-25.76,-10.29,-16.87,-23.3792,-48.2801,9.92742,1014.81
409256,-0.143472,9.53611,0.803443,-22.61,-10.22,-16.66,-23.6407,-46.8615,9.91265,1014.84
409262,0.0908656,9.5935,0.779531,-21.91,-10.92,-17.99,-23.8441,-47.8175,7.66663,1014.84
409268,0.301291,9.67958,0.506934,-20.86,-11.48,-18.27,-24.0475,-48.5576,8.40545,1014.81
409274,-0.310856,10.0239,0.655189,-20.79,-14.56,-19.11,-23.4082,-47.7558,9.42502,1014.81
409280,0.200861,9.55045,0.545194,-21.14,-14.14,-19.67,-22.9143,-48.3418,9.49891,1014.82
409286,0.11956,9.66045,0.808226,-19.32,-12.39,-20.16,-23.3501,-48.9894,9.02606,1014.82
409292,0.243902,9.6461,0.994739,-20.3,-14.77,-20.65,-23.1177,-48.1567,8.25769,1014.83
409298,0.430416,9.49306,1.00909,-19.6,-13.37,-23.1,-23.0886,-47.8483,8.76009,1014.83
409304,-0.545194,9.82783,1.50167,-18.2,-13.65,-24.43,-22.3622,-48.6193,7.8144,1014.83
409310,0.49737,9.9713,0.726925,-20.65,-9.03,-23.45,-23.1467,-48.9586,7.0608,1014.82
409316,-0.47824,9.69871,1.96557,-18.55,-11.06,-24.64,-23.3792,-47.8175,8.9374,1014.82
409322,0.0813008,9.89479,0.865614,-18.55,-7.28,-26.74,-22.5946,-48.681,7.43021,1014.84
409328,-0.521282,10.263,1.58297,-18.48,-7,-26.11,-22.6818,-49.3903,8.02127,1014.84
409334,0.0047824,10.5643,0.449546,-20.93,-5.04,-28.28,-22.246,-48.2492,8.95218,1014.84
409340,-0.832138,10.067,0.640842,-21.49,-7.07,-27.93,-21.7229,-48.1259,8.8783,1014.84
409346,-0.425634,10.11,1.48733,-21.07,-5.74,-29.12,-21.8682,-49.2978,7.99171,1014.82
409352,0.803443,10.2439,1.42516,-18.34,0,-32.62,-22.0716,-48.3109,7.93261,1014.82
409358,2.17599,11.1908,3.79244,-8.05,0.42,-41.79,-21.9263,-48.681,8.21336,1014.82
409364,4.36633,14.3329,3.53898,-1.47,-5.25,-59.57,-21.6067,-49.9454,6.85393,1014.82
409370,2.0373,11.6691,0.846485,-1.82,3.92,-65.03,-21.6648,-50.8398,6.01168,1014.82
409376,0.157819,12.109,0.779531,1.61,2.66,-73.22,-20.6478,-49.5753,7.23812,1014.83
409382,1.31038,11.9464,2.01817,2.94,-5.11,-80.92,-20.6478,-50.0071,6.54363,1014.83
409388,1.71688,11.4347,2.26208,3.85,0.07,-86.24,-19.6018,-51.8575,7.07558,1014.83
409394,1.41559,12.6925,2.39598,7.63,0.42,-94.85,-19.3984,-49.7604,8.10993,1014.83
409400,1.20995,11.1621,3.37637,11.9,3.43,-104.86,-18.4976,-50.8706,7.91783,1014.83
409406,1.0043,12.8407,2.7977,15.82,6.44,-111.72,-18.701,-52.1042,7.74052,1014.83
409412,1.06169,12.3242,3.14682,17.78,5.53,-118.3,-17.6259,-51.0865,7.72574,1014.83
409418,1.31516,11.6786,2.62554,22.26,12.25,-128.03,-17.1901,-51.4874,8.34635,1014.81
409424,0.95648,12.2382,2.41511,27.79,14.07,-136.5,-16.6089,-52.8444,7.53365,1014.81
409430,0.554758,12.8551,2.59684,31.85,12.39,-143.92,-15.2723,-52.9369,6.95737,1014.79
409436,0.860832,13.1612,1.48254,34.51,13.72,-153.16,-15.592,-51.5799,8.33157,1014.79
409442,0.5978,15.2224,1.14299,31.22,9.45,-164.01,-15.2142,-52.2892,9.05562,1014.82
409448,1.84601,14.2946,1.48733,33.95,9.8,-175.91,-13.7614,-52.7827,9.46935,1014.82
409454,1.20995,15.6002,0.511717,29.19,10.01,-190.26,-12.8316,-52.0425,10.3855,1014.79
409460,0.593018,15.5571,0.47824,27.16,7.14,-202.58,-11.1463,-53.492,10.4446,1014.79
409466,1.09995,15.1219,0.267814,27.72,5.18,-215.46,-9.72248,-54.1705,9.91265,1014.83
409472,0.875179,15.5858,-0.502152,33.18,2.45,-231.56,-9.05418,-53.6462,9.80921,1014.83
409478,1.12865,17.9675,-1.05213,32.9,1.19,-246.82,-8.5021,-53.3686,10.947,1014.83
409484,1.83644,19.407,-2.23338,28,3.71,-270.27,-6.00322,-54.9415,9.14427,1014.79
409490,1.24821,20.6121,-3.70636,11.13,-17.92,-292.18,-5.16057,-54.7564,9.1295,1014.79
409496,2.61119,20.2248,-4.43807,3.43,-14.42,-312.48,-3.82396,-53.492,10.6958,1014.82
409502,3.64419,23.4242,-2.12339,-10.15,-16.66,-338.03,-1.99338,-55.3732,10.1638,1014.82
409508,4.95457,22.769,-0.865614,-14.56,-10.15,-366.8,0.912294,-55.4349,10.415,1014.85
409514,4.21808,21.7169,4.5098,0.49,-9.52,-391.37,2.36513,-53.8004,10.0752,1014.85
409520,7.15925,24.7059,1.9847,2.8,-2.24,-417.9,3.9342,-53.9238,10.8288,1014.81
409526,5.90148,25.2893,1.16212,-3.43,16.73,-451.29,6.9561,-55.1882,9.98653,1014.81
409532,-1.26734,24.4476,3.26638,5.46,10.36,-481.6,8.67045,-53.9238,10.7697,1014.81
409538,2.40555,23.9168,0.989957,4.27,-3.78,-490.84,10.3848,-53.1528,11.4051,1014.76
409544,-5.24629,23.8929,5.76279,34.37,18.34,-484.4,13.7263,-54.8181,10.7106,1014.76
409550,-0.37781,29.9904,-0.746054,24.43,-15.12,-486.5,16.3124,-53.8004,9.52846,1014.79
409556,3.75897,27.8623,2.5012,-0.14,-17.22,-492.24,18.3754,-51.95,12.7349,1014.79
409562,1.3582,26.0067,4.01243,8.4,-12.04,-492.45,21.1067,-51.5491,11.5381,1014.77
409568,3.76375,25.2845,-1.75992,3.08,-23.8,-497.35,23.4313,-50.2538,11.1539,1014.77
409574,0.899091,24.1559,-4.13199,16.45,-7.49,-488.67,25.6105,-48.681,12.1882,1014.78
409580,2.71162,22.1377,-1.49689,-5.6,-59.15,-474.67,27.1215,-47.0773,12.1291,1014.78
409586,4.8637,15.5763,-3.72071,18.83,-62.44,-444.29,30.1725,-47.1082,11.2425,1014.78
409592,4.55763,12.0612,-5.09804,15.61,-90.16,-411.46,32.3227,-44.1476,12.1882,1014.74
409598,9.18699,8.94787,-7.64228,2.8,-111.65,-363.51,33.2815,-43.4999,11.1539,1014.74
409604,13.6681,-4.75371,-9.84696,-7.35,-103.46,-337.19,36.6521,-43.099,10.3116,1014.75
409610,-3.16595,-1.83166,-10.2056,25.76,25.2,-209.72,36.7393,-40.6935,12.8679,1014.75
409616,-17.6758,15.0693,4.4572,-17.5,-95.9,-69.16,36.1,-40.786,11.3903,1014.76
409622,4.75849,8.8044,-0.726925,-3.78,-72.94,24.78,37.64,-40.7243,10.4446,1014.76
409628,6.26973,9.02439,-2.32425,10.08,-11.83,109.76,37.3204,-41.5879,9.26248,1014.74
409634,6.80057,9.76566,-1.12865,-10.15,-22.68,167.16,36.4778,-41.0019,9.97175,1014.74
409640,11.9082,8.59397,-3.05117,-11.55,9.73,201.18,34.9087,-41.8654,10.6367,1014.77
409646,9.77523,9.87087,-2.09947,-24.22,19.74,212.87,35.9838,-43.685,9.36592,1014.77
409652,9.74175,8.46485,-1.42037,-26.04,29.4,212.73,34.2985,-43.87,9.11472,1014.77
409658,8.39789,6.13582,-0.71736,-26.67,36.33,211.47,31.8287,-44.2401,10.4594,1014.79
409664,8.02487,4.32807,-0.942133,-24.08,41.16,209.65,32.3227,-45.412,10.5628,1014.79
409670,6.85796,2.77379,-1.31994,-22.33,43.47,208.6,31.6253,-46.6764,9.63189,1014.78
409676,6.57102,1.94165,-1.81731,-19.18,47.46,211.33,28.5162,-45.9671,9.46935,1014.78
409682,5.32759,1.67384,-1.23864,-14.98,49.56,215.25,28.9811,-48.681,9.52846,1014.75
409688,4.55763,2.39598,-1.40124,-12.67,46.62,220.29,28.9521,-48.5268,9.11472,1014.75
409694,3.63941,3.29507,-1.55428,-13.23,45.43,229.67,27.2668,-48.7427,9.95698,1014.72
409700,3.38116,3.3955,-1.05213,-10.78,42.7,239.19,25.9592,-49.1128,10.6219,1014.72
409706,2.69249,4.25634,-1.17647,-11.83,40.46,253.26,25.6105,-49.6679,8.84875,1014.72
409712,2.38642,4.69153,-1.34864,-15.96,35.49,270.27,23.4313,-50.4389,8.76009,1014.69
409718,1.9847,5.13152,-1.52559,-19.6,32.55,287.07,22.0075,-50.0996,9.39547,1014.69
409724,1.68819,5.78192,-1.85079,-23.87,27.37,300.16,21.2811,-51.765,8.47934,1014.67
409730,1.03778,5.91105,-1.49211,-25.2,20.58,311.01,19.5086,-53.1528,8.19858,1014.67
409736,0.755619,5.79149,-1.20516,-21.84,12.18,321.72,16.632,-52.906,9.46935,1014.7
409742,0.81779,5.47107,-1.05691,-18.34,5.25,330.4,15.8184,-54.078,8.47934,1014.7
409748,1.0043,5.2989,-1.11908,-11.27,-0.56,336.35,14.1912,-54.6947,8.10993,1014.72
409754,0.966045,5.26542,-0.994739,-3.01,-5.95,343.14,11.9248,-54.5405,8.31679,1014.72
409760,1.07126,5.37542,-1.06648,5.32,-11.41,350,10.4429,-55.4657,9.75011,1014.72
409766,1.31038,6.00669,-1.18604,12.11,-15.33,356.58,9.33876,-56.0517,8.64188,1014.73
409772,1.33907,6.66667,-1.06169,18.27,-19.67,361.62,6.89799,-56.2984,8.65665,1014.73
409778,1.56384,7.78096,-1.14778,24.15,-21.91,367.43,4.8059,-55.034,8.9374,1014.77
409784,1.63558,8.62745,-1.04256,29.12,-25.06,370.16,3.44023,-56.3601,7.77007,1014.77
409790,1.67862,9.9187,-1.06648,32.27,-26.53,371.98,1.52249,-56.3293,8.43501,1014.74
409796,1.3869,11.2912,-1.09039,34.58,-28.49,372.89,-1.15074,-54.7564,9.85354,1014.74
409802,1.2769,12.3816,-1.14778,35.35,-30.66,372.05,-2.7198,-55.9592,9.07039,1014.72
409808,0.927786,14.1463,-1.45385,33.88,-33.04,369.81,-3.96924,-55.1573,8.02127,1014.72
409814,0.502152,14.9259,-1.35342,31.64,-36.26,365.4,-6.32284,-54.078,8.68621,1014.74
409820,-0.143472,15.9015,-1.33429,29.96,-38.85,359.03,-9.1704,-53.9238,9.24771,1014.74
409826,-1.07604,15.1028,0.272597,34.02,-37.87,358.75,-9.86777,-53.9854,8.90785,1014.74
409832,-2.1999,18.2066,-0.0382592,33.46,-45.92,346.92,-12.1342,-53.3995,9.1886,1014.76
409838,-2.41989,17.6997,-0.502152,38.01,-49.98,343.63,-12.9768,-51.9809,8.95218,1014.76
409844,-3.05117,17.8336,-0.200861,39.34,-49.98,342.72,-14.7784,-52.7827,9.36592,1014.76
409850,-2.97944,17.2788,0.545194,45.92,-56.56,346.85,-17.655,-51.3024,10.7697,1014.76
409856,-2.00383,18.8092,0.57867,63.77,-49.98,349.09,-19.689,-50.3155,9.85354,1014.75
409862,-2.8264,20.7126,1.56384,70.63,-53.69,346.57,-19.8342,-49.637,10.681,1014.75
409868,-2.62076,21.9703,1.13821,77.49,-53.06,356.23,-21.9844,-48.7735,9.64667,1014.76
409874,-1.55428,23.6729,2.67814,87.36,-39.76,370.65,-23.3501,-46.2755,14.2865,1014.76
409880,-2.0373,26.1932,1.64515,81.76,-29.4,386.33,-25.878,-44.6718,11.9813,1014.76
409886,-2.41033,26.2649,2.35772,80.99,-10.22,401.31,-26.8369,-44.8569,12.602,1014.76
409892,-2.84553,26.7623,1.33429,71.4,14.35,415.1,-28.3188,-42.2355,13.6954,1014.76
409898,-4.5385,26.8723,2.40076,69.51,27.65,425.39,-30.5562,-39.9534,13.5476,1014.77
409904,-9.78957,26.6523,3.75418,60.41,37.38,421.19,-32.1543,-39.6141,13.5329,1014.77
409910,-9.7561,27.5036,1.14299,54.18,55.09,410.34,-34.3626,-37.6712,14.1091,1014.82
409916,-15.8632,28.5988,2.989,53.48,37.94,389.62,-35.6992,-36.0984,13.6215,1014.82
409922,-18.2544,29.4692,2.43902,42.63,31.01,367.36,-37.8204,-33.662,13.3851,1014.78
409928,-21.4969,29.8422,0.588235,25.41,17.5,342.72,-38.8955,-33.1378,12.9566,1014.78
409934,-24.7537,30.3348,-5.22716,-3.57,6.72,312.41,-38.7502,-30.4855,13.2817,1014.78
409940,-27.8192,27.7953,-6.78144,-34.23,-15.75,284.83,-39.9125,-29.9921,13.0748,1014.81
409946,-33.099,19.034,-5.47107,-40.04,-33.74,253.26,-41.191,-29.3136,12.9861,1014.81
409952,-35.9923,12.4199,-4.05548,-20.93,-61.25,218.82,-41.3362,-27.4941,13.3703,1014.81
409958,-38.3118,3.03682,-0.224773,25.69,-83.37,181.23,-41.2491,-25.2428,13.7693,1014.81
409964,-39.5648,-0.81779,3.16117,80.64,-96.39,137.41,-42.0046,-25.8904,14.5081,1014.84
409970,-38.5366,0.989957,5.44237,128.73,-90.44,86.38,-42.2661,-25.1811,14.4194,1014.84
409976,-36.7814,2.98422,7.97226,159.6,-75.95,33.32,-41.8012,-23.6083,15.5277,1014.83
409982,-33.4959,10.4591,9.43568,174.02,-66.71,-27.23,-42.1789,-24.7185,16.5029,1014.83
409988,-29.3831,14.8828,8.79483,167.44,-37.03,-83.58,-42.6147,-24.5952,16.8871,1014.85
409994,-24.7154,20.6743,5.88235,125.72,-13.3,-123.9,-41.0457,-24.5026,17.8919,1014.85
410000,-21.1095,22.0182,3.57245,81.83,12.32,-153.02,-41.191,-24.1942,16.8723,1014.85
410006,28.001,115.729,16.6714,31.85,-97.79,-330.12,-41.0166,-26.4764,17.7885,1014.84
410012,-5.90148,16.8197,-15.385,-206.08,43.54,-223.93,-39.7962,-27.7716,18.5421,1014.84
410018,18.0344,-0.468675,-23.6107,52.36,89.6,-219.31,-38.7793,-27.9875,18.5125,1014.81
410024,15.1124,13.9837,-4.47633,17.78,67.83,-236.53,-38.7793,-29.6529,17.9806,1014.81
410030,11.913,19.5696,-4.0746,-19.32,117.25,-209.44,-38.5759,-30.4239,16.562,1014.78
410036,15.7437,15.3659,-0.286944,-96.39,85.96,-254.45,-37.2974,-30.5164,17.2565,1014.78
410042,11.296,5.36107,1.03778,-109.2,167.72,-297.22,-37.5589,-32.4284,15.0696,1014.81
410048,0.650406,4.82544,12.0134,-92.26,151.62,-287.91,-36.9196,-35.2349,13.5772,1014.81
410054,-5.37542,5.17934,11.2291,-71.82,99.05,-295.82,-35.8155,-35.1732,14.582,1014.81
410060,-5.75801,4.54806,10.9278,-47.25,80.78,-291.27,-35.4377,-36.561,13.2817,1014.84
410066,-9.25873,7.53228,12.2573,-21.35,58.31,-290.36,-34.043,-39.244,11.3016,1014.84
410072,-16.0354,18.4409,12.4199,-18.27,12.74,-272.37,-33.2294,-39.3982,13.2078,1014.81
410078,-14.175,16.1597,8.50311,-16.03,-55.65,-236.74,-31.4279,-40.1692,13.4442,1014.81
410084,-5.56193,15.825,1.83166,-6.44,-75.04,-209.51,-31.2245,-41.9888,12.8827,1014.82
410090,-4.58154,14.572,1.80296,0.98,-76.65,-196.91,-29.3067,-41.4953,12.8679,1014.82
410096,-0.927786,14.5002,-1.34385,1.61,-65.87,-192.43,-29.3358,-41.9271,12.7202,1014.82
410102,1.96557,13.1899,-4.28981,8.68,-14.35,-192.92,-28.2026,-43.6541,13.0452,1014.82
410108,-8.71832,26.7288,-15.7245,-26.04,82.18,-119.21,-27.1565,-44.5793,12.1882,1014.82
410114,-11.4108,18.2688,-9.0483,-52.64,77.98,-66.22,-26.8079,-43.2224,12.6167,1014.81
410120,-6.06408,12.9412,2.08991,-97.16,5.18,-54.74,-26.4301,-43.3457,12.6906,1014.81
410126,1.92252,7.26447,2.66858,-84.14,10.92,-54.25,-27.0403,-45.5353,10.1934,1014.81
410132,2.8264,6.03061,2.99856,-50.12,40.81,-55.09,-26.372,-44.8877,10.6367,1014.81
410138,-1.09517,7.86705,2.69249,-36.12,41.86,-53.55,-25.7909,-44.9185,10.814,1014.81
410144,-4.68675,10.0143,3.5055,-32.48,19.04,-37.94,-26.8369,-46.4605,9.23293,1014.81
410150,-1.54472,9.24916,1.31516,-27.09,20.58,-30.17,-26.343,-46.0905,10.3707,1014.79
410156,-1.81253,10.9947,1.27212,-20.3,12.74,-25.13,-25.849,-44.9494,10.4446,1014.79
410162,0.526064,10.1387,0.879962,-27.37,2.31,-24.43,-26.343,-45.9671,9.79444,1014.82
410168,2.53945,9.71784,-1.76471,-19.67,23.8,-24.36,-26.343,-46.954,8.95218,1014.82
410174,-0.626494,10.4591,-0.707795,-20.79,25.83,-26.88,-25.4422,-45.2886,10.6662,1014.82
410180,-2.16643,9.98565,2.74032,-21.98,7.07,-22.82,-25.6747,-46.3372,10.0456,1014.83
410186,-1.23864,9.20134,2.59206,-14.98,1.89,-23.1,-25.849,-46.0596,7.85873,1014.83
410192,-0.124342,9.94261,1.44428,-10.71,3.92,-21.49,-25.2679,-45.9363,8.67143,1014.78
410198,0.803443,10.1243,0.253467,-11.06,1.4,-16.87,-25.355,-46.0596,8.47934,1014.78
410204,-0.349115,9.57915,1.19082,-6.65,0.63,-22.26,-25.9362,-47.1082,8.34635,1014.83
410210,-0.516499,10.4304,0.368245,-6.02,1.61,-22.26,-25.2388,-46.5222,8.73053,1014.83
410216,-0.588235,10.22,0.401722,-5.88,-0.21,-16.8,-25.2388,-45.3195,9.83876,1014.83
410222,-0.148254,10.0335,0.272597,-8.33,-1.89,-16.87,-25.6165,-46.4297,9.17383,1014.83
410228,0.11956,9.76088,0.35868,-8.19,0,-18.55,-24.7739,-47.2007,8.53844,1014.83
410234,-0.435198,9.98565,0.669536,-7.84,1.05,-14.91,-25.0063,-46.1213,8.71576,1014.85
410240,-0.210426,9.79914,0.966045,-5.81,-1.96,-13.65,-25.878,-46.4605,7.75529,1014.85
410246,-0.0669536,10.1626,0.21999,-9.1,-0.49,-16.52,-24.3961,-47.2007,9.4398,1014.8
410252,-0.047824,10.1435,0.291726,-9.38,-0.91,-17.15,-24.338,-46.954,8.31679,1014.8
410258,-0.191296,9.88522,0.444763,-10.71,0.28,-16.17,-24.1056,-46.7073,9.95698,1014.83
410264,-0.071736,9.8087,0.583453,-11.2,1.19,-16.38,-24.309,-47.4166,8.40545,1014.83
410270,-0.196078,10.0478,0.301291,-13.65,1.12,-14.84,-24.9773,-47.5708,7.99171,1014.82
410276,-0.172166,10.1387,0.0765184,-16.87,1.54,-15.47,-23.8441,-46.368,9.64667,1014.82
410282,-0.210426,10.22,-0.296509,-20.44,2.03,-16.03,-23.5244,-47.4166,8.18381,1014.82
410288,-0.205643,10.3204,-0.435198,-25.27,3.85,-14.84,-24.0765,-47.91,7.48932,1014.81
410294,-0.47824,10.3969,-0.253467,-30.38,4.76,-12.67,-23.4663,-46.8615,7.84395,1014.81
410300,-0.0382592,10.4208,-0.483022,-33.46,6.72,-14.35,-24.8029,-46.5531,8.76009,1014.78
410306,-0.526064,9.90913,0.315638,-35,7.56,-13.44,-23.9312,-48.4651,7.84395,1014.78
410312,-0.607365,10.067,0.468675,-35.35,3.85,-12.88,-23.7569,-47.1698,7.82917,1014.79
410318,-0.71736,9.78001,0.57867,-36.26,5.53,-12.39,-24.2799,-47.2007,6.88348,1014.79
410324,0.10043,10.3204,0.521282,-36.61,3.57,-15.89,-23.9894,-47.5708,7.60753,1014.81
410330,-0.143472,10.4065,0.913438,-36.4,-2.38,-17.78,-24.2509,-48.0334,5.96735,1014.81
410336,-0.0143472,10.0478,0.61693,-35.28,-1.54,-19.18,-23.6116,-47.2315,6.69139,1014.82
410342,-0.329986,10.1004,0.970827,-34.93,-3.92,-20.23,-24.338,-49.1436,4.06119,1014.82
410348,-0.33955,9.71784,0.769966,-35.07,-2.59,-20.93,-23.5244,-48.8969,5.65704,1014.82
410354,-0.726925,9.94261,1.78862,-29.4,-3.92,-20.09,-22.9433,-48.3418,5.9969,1014.8
410360,0.296509,10,0.985174,-29.05,-6.79,-21.77,-23.815,-47.5399,5.37629,1014.8
410366,-0.286944,9.68914,1.92731,-31.99,-5.6,-27.23,-22.9433,-49.1128,4.51926,1014.79
410372,0.0430416,9.08656,1.23386,-23.87,-0.77,-25.2,-23.0305,-48.4651,5.81958,1014.79
410378,-1.47298,9.18699,2.70684,-17.57,-7,-22.82,-22.5365,-47.6016,6.3072,1014.8
410384,0.277379,10.5787,0.985174,-16.24,-6.02,-28.63,-22.6237,-49.1128,6.04123,1014.8
410390,-0.621712,11.1717,1.42994,-20.93,-12.53,-32.48,-22.4493,-48.3109,4.71135,1014.79
410396,0.162602,8.58919,0.95648,-18.27,-6.65,-32.55,-22.9724,-48.0025,4.91822,1014.79
410402,-0.49737,8.79005,2.13295,-9.8,-7,-32.97,-22.9433,-49.6987,5.06599,1014.79
410408,-0.774749,10.8704,2.26686,-7.42,-9.8,-35.07,-22.3041,-48.7427,5.05121,1014.83
410414,1.1143,11.1621,1.15256,-11.62,-7.28,-41.72,-21.9844,-48.866,6.82438,1014.83
410420,0.444763,11.3917,2.26208,-14,-10.64,-45.99,-21.5195,-49.452,5.77525,1014.85
410426,0.741272,9.92826,1.88427,-11.48,-4.55,-50.68,-21.229,-50.3772,5.13987,1014.85
410432,0.430416,10.11,2.53467,-4.34,-3.01,-53.41,-20.5316,-49.4828,4.78523,1014.85
410438,-0.363462,9.53132,2.96031,1.82,-3.01,-54.46,-20.8512,-49.1128,5.13987,1014.85
410444,0.267814,10.7891,1.20516,-1.68,-0.07,-58.8,-21.4033,-51.0865,2.95296,1014.82
410450,-0.492587,10.4926,2.58728,2.52,-1.68,-62.02,-20.1539,-50.3463,4.06119,1014.82
410456,0.0382592,10.2009,2.89813,4.13,0.63,-65.17,-20.0376,-49.0511,6.8096,1014.82
410462,0.172166,10.22,2.66858,11.9,5.67,-69.79,-19.7761,-50.5622,5.06599,1014.82
410468,-0.760402,11.0713,2.70684,15.96,4.55,-73.36,-20.2701,-50.8089,3.80999,1014.82
410474,-0.272597,13.4577,1.13821,10.64,-0.42,-80.36,-19.0497,-49.9454,5.03643,1014.85
410480,0.11956,11.3295,1.47298,11.13,-0.28,-85.54,-19.0497,-50.2847,5.56838,1014.85
410486,0.157819,12.4677,1.6021,15.05,1.75,-94.15,-18.2071,-51.6416,5.00688,1014.85
410492,0.095648,12.2143,1.56384,15.61,-3.01,-102.55,-18.0618,-50.5622,4.77046,1014.85
410498,0.425634,13.1564,0.655189,14.91,1.05,-108.78,-18.0327,-50.0688,5.79003,1014.8
410504,0.071736,12.5729,1.20038,11.97,-2.17,-117.81,-16.8705,-51.8883,4.19418,1014.8
410510,0.473458,12.7834,0.951698,10.71,0.14,-124.18,-15.9406,-51.765,5.79003,1014.81
410516,0.679101,12.1616,2.34338,10.71,2.03,-130.76,-16.115,-51.179,5.87869,1014.81
410522,0.659971,13.3907,2.85509,17.57,5.32,-139.51,-14.6621,-52.8752,5.15464,1014.81
410528,0.746054,13.8211,3.00813,21.35,7.56,-148.68,-14.0519,-53.1219,4.75568,1014.79
410534,1.02822,13.7781,2.24773,23.03,8.96,-161.56,-13.1221,-52.5976,6.72094,1014.79
410540,0.588235,13.9407,1.65949,25.55,8.96,-172.97,-12.6282,-53.7696,5.30241,1014.83
410546,0.521282,13.6681,1.32472,28,6.65,-184.45,-11.6693,-53.8929,5.45017,1014.83
410552,0.554758,14.3376,0.870397,32.27,11.2,-196.21,-10.7685,-53.7079,5.64227,1014.84
410558,0.927786,15.7293,1.4395,34.58,6.02,-211.54,-9.86777,-53.5845,7.01647,1014.84
410564,1.8747,17.7284,1.49689,36.89,11.48,-229.25,-7.97908,-55.4041,5.08076,1014.81
410570,2.20947,19.5791,-0.564323,34.16,6.3,-252.49,-6.70058,-54.9106,5.7457,1014.81
410576,2.15208,20.0861,-2.00383,25.55,2.03,-274.33,-6.09039,-55.0648,8.55322,1014.81
410582,2.15208,22.109,-2.56337,15.33,-1.4,-297.22,-3.41716,-54.7564,6.88348,1014.82
410588,3.1516,21.9225,-3.20899,2.1,-9.38,-324.31,-2.9232,-55.6816,5.9969,1014.82
410594,2.81683,21.7121,-1.37733,3.64,-4.27,-350.35,-1.06357,-54.9106,8.33157,1014.81
410600,2.46772,23.1133,0.994739,11.34,-10.85,-381.22,0.941351,-55.0648,7.32678,1014.81
410606,6.67145,24.6054,1.94165,10.43,6.23,-409.36,3.46929,-56.4218,6.73572,1014.8
410612,4.27547,26.198,3.67767,9.73,17.78,-443.45,5.76477,-55.0031,7.0608,1014.8
410618,2.86466,23.5725,1.51602,22.26,22.19,-476.28,7.1595,-54.9106,7.78484,1014.78
410624,1.38211,28.4505,2.60163,13.37,1.54,-501.34,10.9659,-55.5274,7.8144,1014.78
410630,3.16595,20.2056,-2.17121,25.69,28,-502.04,12.9418,-54.263,7.66663,1014.78
410636,-4.96891,30.4256,4.40937,63.42,-6.16,-505.68,15.0339,-52.3509,8.49411,1014.8
410642,2.86944,31.6451,-3.07987,17.92,-6.51,-510.16,19.1599,-53.0911,9.27726,1014.8
410648,-1.69297,32.5251,1.24821,15.96,-13.37,-505.68,21.9785,-52.4126,9.05562,1014.79
410654,0.095648,28.4696,-1.72166,2.24,-18.27,-491.05,22.792,-50.5931,9.21815,1014.79
410660,1.6834,31.5304,-2.17121,-12.6,-32.69,-483.7,25.9592,-49.6987,9.20338,1014.73
410666,8.13486,25.978,-3.23768,-29.68,-52.08,-481.39,28.2257,-49.2669,8.99651,1014.73
410672,5.20325,15.208,-1.01865,-1.96,-40.95,-449.96,30.3177,-46.3063,8.6271,1014.75
410678,2.82162,13.9168,-2.95074,21,-65.94,-419.58,31.4219,-45.3195,9.23293,1014.75
410684,6.52798,4.52893,-5.23195,25.76,-133.49,-387.03,34.531,-43.9008,8.61232,1014.76
410690,8.8044,-1.93209,-9.45481,49.14,-123.62,-350.98,35.3446,-42.513,8.52366,1014.76
410696,-10.1196,-2.07078,-7.4175,76.09,-43.12,-243.39,35.6061,-40.5393,9.09995,1014.76
410702,-19.6126,11.8077,-2.32425,45.85,-127.54,-76.09,36.9136,-40.5393,8.39068,1014.77
410708,7.8814,8.03443,-2.89335,42.77,-142.45,31.01,38.0178,-40.8169,8.21336,1014.77
410714,11.4443,6.4945,-3.61071,59.99,-62.16,119.63,36.9717,-40.2617,7.94739,1014.77
410720,8.58919,11.8364,-0.989957,28.91,-61.88,179.2,36.6812,-41.9579,8.73053,1014.77
410726,12.3864,11.3486,-2.00861,16.66,-43.82,212.59,36.7393,-42.4514,7.91783,1014.74
410732,12.5873,12.9747,-2.1999,-7.84,-21,226.17,35.4608,-42.914,8.00649,1014.74
410738,11.3725,10.4304,-0.21999,-21.63,-5.6,229.11,34.2695,-43.4074,8.49411,1014.74
410744,10.0861,6.92492,-0.803443,-25.55,6.09,229.11,34.4147,-44.8877,6.48452,1014.74
410750,8.71353,3.16117,-0.707795,-28.42,11.76,230.02,32.0612,-45.7204,7.13468,1014.74
410756,8.29746,0.463893,-1.01387,-15.82,20.16,232.19,31.1023,-46.183,8.08037,1014.78
410762,6.50406,-0.923003,-0.267814,-6.37,25.2,237.65,30.986,-46.6456,7.84395,1014.78
410768,6.088,-0.798661,-0.95648,7.84,25.69,239.26,29.6785,-47.8483,6.38109,1014.8
410774,5.01196,-0.248685,-1.033,22.4,24.01,242.48,26.86,-48.1876,7.09035,1014.8
410780,4.3759,0.353898,-0.827355,35.84,21.28,248.57,26.5694,-49.1128,7.82917,1014.73
410786,3.87853,1.79818,-0.583453,46.76,19.6,255.78,26.6275,-50.9015,7.43021,1014.73
410792,3.51985,3.05595,-0.631277,53.55,16.17,261.94,25.2909,-50.0688,8.73053,1014.65
410798,2.54424,4.70588,-0.306074,54.88,9.66,273.07,23.0536,-51.0248,9.14427,1014.65
410804,2.34338,5.87279,-0.492587,51.52,6.51,288.12,22.4434,-51.3641,7.8144,1014.66
410810,1.75992,7.14012,0.0095648,44.8,-0.28,302.68,20.9905,-52.1659,7.96216,1014.66
410816,1.62123,8.03443,0.105213,35.77,-8.54,313.74,18.8984,-51.8267,9.46935,1014.66
410822,1.96557,7.5801,0.865614,32.69,-9.59,326.41,17.8233,-52.3818,8.95218,1014.68
410828,2.35772,7.79531,1.01865,27.86,-12.74,333.76,15.7603,-53.7079,8.61232,1014.68
410834,2.52511,7.08273,1.53993,30.03,-15.47,338.8,13.8135,-52.4126,8.95218,1014.7
410840,2.31946,7.01578,1.72166,31.36,-20.44,344.54,11.1403,-53.8929,8.42023,1014.7
410846,2.76901,6.93926,1.6834,34.93,-21.7,348.88,10.5591,-54.2938,8.15425,1014.69
410852,2.59684,7.19273,1.80296,39.83,-24.15,350.56,9.13536,-54.7873,8.86352,1014.69
410858,2.33381,8.1253,1.78862,43.12,-25.69,352.94,6.20063,-54.2322,9.23293,1014.72
410864,1.94165,8.67527,1.96078,47.88,-29.05,355.39,5.32892,-55.8975,9.72055,1014.72
410870,1.75514,9.86131,1.97991,50.54,-32.13,356.37,2.51042,-55.4041,9.89787,1014.72
410876,1.80296,10.7556,1.85079,52.08,-33.25,357.91,0.21493,-53.7387,10.7697,1014.74
410882,1.50646,12.1377,2.07078,53.2,-36.47,357.56,-1.09262,-55.219,9.9422,1014.74
410888,1.40603,13.4242,1.94644,53.48,-37.45,356.79,-2.60358,-54.3555,8.77486,1014.73
410894,2.1186,15.6671,0.0382592,51.31,-38.71,351.26,-4.95717,-53.1836,10.8288,1014.73
410900,0.573888,15.7341,2.2286,54.88,-42.63,358.54,-5.91605,-53.6462,10.1195,1014.79
410906,0.49737,16.8627,1.89383,52.01,-41.02,359.52,-8.03719,-53.8004,9.98653,1014.79
410912,-0.11956,17.5944,2.1473,49.14,-41.23,358.12,-9.08324,-52.3818,11.346,1014.74
410918,0.0430416,18.1636,2.09947,44.45,-39.76,363.44,-11.524,-51.4566,11.6415,1014.74
410924,-0.559541,19.2779,1.66428,41.16,-41.51,365.12,-13.4708,-51.6416,11.1243,1014.74
410930,0.0765184,19.0053,2.11382,41.51,-35.07,364,-15.9987,-51.4566,11.08,1014.75
410936,-0.961262,20.3443,1.84122,37.52,-34.51,365.05,-16.7833,-48.9894,12.0257,1014.75
410942,-0.83692,20.5787,1.63558,39.69,-34.58,366.1,-18.9625,-48.866,11.7154,1014.78
410948,-0.860832,21.4491,1.92252,42.77,-29.68,370.44,-20.7931,-48.0025,12.0109,1014.78
410954,-0.793878,22.3864,1.6308,49.7,-22.61,373.45,-22.0135,-46.368,12.4246,1014.74
410960,-1.07126,24.1224,1.04735,55.3,-13.72,377.02,-24.3671,-45.4428,13.1782,1014.74
410966,-2.7977,24.6294,2.59206,54.11,-9.45,386.75,-26.0814,-44.9494,12.9714,1014.75
410972,-3.25203,24.8972,2.68293,64.75,9.87,395.29,-27.5052,-43.0373,12.5576,1014.75
410978,-4.72979,25.0024,2.99378,70.21,17.08,403.76,-29.423,-41.372,13.8284,1014.77
410984,-6.78623,24.7633,2.96509,80.08,29.26,417.55,-30.963,-41.4028,13.4442,1014.77
410990,-9.15351,25.0646,3.79723,86.24,36.54,429.87,-33.1422,-39.3674,12.5281,1014.77
410996,-11.296,25.1028,5.50933,95.48,44.31,432.95,-34.2464,-35.2657,14.316,1014.79
411002,-13.5007,26.0306,6.94404,100.38,51.31,428.61,-36.4547,-35.2349,14.1239,1014.79
411008,-16.9058,28.417,7.63749,98.21,52.15,414.4,-38.2853,-33.2303,14.1683,1014.76
411014,-17.8957,30.4782,5.93018,81.27,59.99,385.42,-38.8083,-29.8071,14.9366,1014.76
411020,-19.9617,35.1315,0.23912,44.94,60.9,341.39,-39.8834,-29.0052,13.6067,1014.78
411026,-23.9885,42.3147,-14.4763,-32.13,59.57,289.24,-41.3653,-27.6791,14.2717,1014.78
411032,-28.374,38.374,-17.3601,-140.14,54.67,237.3,-42.2951,-26.5072,13.2078,1014.79
411038,-38.3979,18.747,-8.95265,-175.84,33.74,187.88,-42.5566,-24.8727,13.06,1014.79
411044,-43.649,2.27164,1.06169,-122.29,4.69,142.52,-43.3993,-25.1811,9.97175,1014.79
411050,-50.4208,-8.71353,1.96557,12.67,-29.61,111.79,-43.777,-24.626,11.4789,1014.8
411056,-52.8168,-8.58441,2.49163,69.16,-66.43,80.43,-43.3121,-23.5158,12.2473,1014.8
411062,-42.659,-2.15208,2.79292,125.37,-61.46,44.52,-43.8642,-23.4232,12.2769,1014.85
411068,-38.6609,3.22812,5.77236,160.51,-59.15,-2.66,-43.9223,-24.2251,12.7793,1014.85
411074,-29.9809,12.9986,5.24151,177.45,-47.74,-53.9,-43.1087,-22.7139,13.7988,1014.78
411080,-25.6002,19.01,3.83548,132.44,-31.5,-103.74,-42.9344,-23.1148,15.4538,1014.78
411086,-19.4835,23.5007,1.53037,114.8,-5.81,-142.8,-42.8472,-24.5026,15.6311,1014.82
411092,2.96031,61.2769,50.2009,320.46,-482.86,-267.4,-42.8763,-23.7625,16.3699,1014.82
411098,9.0483,34.2085,-48.3883,-319.48,94.78,-268.8,-40.5227,-25.4587,16.1926,1014.82
411104,-4.43807,-49.7178,24.7202,79.03,22.68,-237.72,-41.2491,-27.5866,15.2322,1014.83
411110,30,12.8886,-17.5131,-5.25,90.02,-274.68,-40.174,-28.1109,15.5425,1014.83
411116,15.1698,16.0689,-0.69823,-50.12,74.69,-292.53,-38.9245,-28.9744,15.6607,1014.79
411122,10.5739,4.27547,2.52511,-128.8,104.09,-340.76,-38.1981,-31.1332,14.8775,1014.79
411128,7.84792,4.11286,5.04065,-53.27,171.15,-351.4,-37.7041,-33.477,13.8284,1014.81
411134,-6.67145,7.65662,12.0995,-55.09,165.06,-329,-36.2804,-33.9704,13.6215,1014.81
411140,-13.2664,5.59063,16.681,-13.58,97.72,-333.69,-35.9607,-35.4199,12.7497,1014.84
411146,-15.7628,17.8957,10.1865,-7.49,59.01,-310.8,-33.9268,-38.2572,12.9861,1014.84
411152,-18.7183,24.065,3.94548,-30.73,6.16,-264.88,-33.6071,-37.6095,12.5724,1014.84
411158,-13.5725,21.3343,4.84935,-28.42,-48.16,-237.51,-32.2996,-38.5347,12.927,1014.84
411164,-5.19847,12.549,4.78718,-16.17,-80.71,-205.31,-31.7475,-41.0636,12.3064,1014.84
411170,0.45911,10.5213,2.84075,8.61,-61.67,-194.95,-31.1664,-41.3411,11.7597,1014.83
411176,1.3582,12.5729,-1.92731,23.59,-24.71,-194.11,-30.1494,-40.5701,14.4638,1014.83
411182,-0.172166,14.615,-4.38068,34.93,17.36,-176.12,-28.9,-42.2046,13.0157,1014.81
411188,-12.7929,23.6777,-8.6418,-9.8,82.74,-92.75,-28.3188,-42.9448,12.0109,1014.81
411194,-12.6925,14.1033,-0.483022,-19.95,24.5,-63.98,-28.6094,-42.7598,13.1043,1014.83
411200,-2.22382,7.10665,4.75849,-45.36,-15.12,-57.33,-27.4471,-42.2355,11.8927,1014.83
411206,2.53467,7.934,1.94644,-20.79,-2.1,-52.64,-28.0573,-43.9317,11.9222,1014.87
411212,-0.784314,8.02009,1.61645,-10.36,20.44,-50.96,-27.912,-43.4382,11.7892,1014.87
411218,-2.92683,9.53132,1.50646,-3.64,18.69,-36.33,-27.7958,-43.1298,12.7793,1014.87
411224,-3.00813,10.8752,0.540411,-5.18,-0.07,-28.56,-27.7667,-45.0727,10.223,1014.82
411230,0.0860832,11.2626,-1.82209,-11.83,3.5,-26.81,-27.4181,-44.3634,11.2721,1014.82
411236,1.55428,12.1234,-2.03252,-20.44,7.07,-22.26,-27.883,-43.3457,11.2425,1014.82
411242,1.69775,10.0622,-0.540411,-22.68,8.19,-29.61,-27.389,-45.0419,10.1491,1014.82
411248,1.43472,9.93783,-0.468675,-16.8,12.95,-33.95,-27.5052,-45.1653,10.5037,1014.8
411254,-0.707795,10.7843,0.248685,-21.7,6.65,-29.82,-27.0694,-43.6233,11.5233,1014.8
411260,0.540411,10.4352,0.129125,-22.89,3.01,-26.74,-27.1275,-44.2401,10.6958,1014.81
411266,-0.530846,15.4998,-2.41989,-21.77,-30.52,-17.71,-26.6045,-45.7204,9.55801,1014.81
411272,-0.392157,11.7599,0.0095648,-24.22,-0.84,-23.38,-26.5754,-45.1344,9.91265,1014.81
411278,0,10.0287,0.679101,-20.44,17.92,-32.97,-25.6456,-44.0242,11.9666,1014.81
411284,0.526064,9.7561,0.889526,-1.19,-2.59,-29.05,-26.8079,-45.3811,10.09,1014.81
411290,-0.85605,11.0904,-0.382592,-16.31,22.19,-29.89,-26.0814,-44.5793,9.79444,1014.84
411296,-0.143472,10.5595,0.191296,-17.71,15.61,-30.73,-25.9652,-44.2092,10.2525,1014.84
411302,-0.10043,10.1483,0.416069,-18.06,2.17,-24.64,-25.849,-45.3811,9.24771,1014.8
411308,0.47824,9.86609,0.47824,-19.67,2.59,-27.16,-25.6165,-46.2447,10.2821,1014.8
411314,-0.023912,9.40698,0.83692,-15.47,7.21,-30.66,-25.2679,-43.9008,10.7845,1014.86
411320,-0.196078,9.9187,0.564323,-16.31,7.28,-26.11,-25.355,-45.4737,11.7745,1014.86
411326,-0.133907,9.57915,0.645624,-13.86,5.53,-23.31,-24.832,-46.4297,10.7253,1014.81
411332,-0.124342,9.17743,1.02822,-12.18,5.04,-24.71,-25.1516,-45.3503,9.04084,1014.81
411338,-0.0908656,9.76566,0.205643,-10.99,5.04,-23.52,-24.2799,-45.0111,10.1638,1014.81
411344,-0.329986,8.66093,0.593018,-9.03,4.76,-17.36,-24.4833,-46.9231,9.14427,1014.82
411350,-0.129125,10.77,-0.97561,-15.19,-1.33,-20.02,-24.8901,-46.0596,8.68621,1014.82
411356,0.0813008,10.067,-0.473458,-20.93,5.67,-18.13,-24.7739,-45.0727,9.57279,1014.84
411362,0.306074,10.7987,-1.59254,-27.51,8.82,-18.34,-25.4131,-46.3063,9.54324,1014.84
411368,0.263032,10.2009,-0.13869,-33.25,10.99,-19.32,-24.4252,-47.7558,8.81919,1014.84
411374,0.0286944,10.5739,-0.989957,-37.45,10.5,-19.39,-24.4833,-46.4605,10.3264,1014.84
411380,-0.416069,10.2391,0.167384,-38.5,7.21,-19.67,-24.4252,-46.6147,9.1295,1014.8
411386,-0.11956,10.1483,0.172166,-40.88,2.03,-20.02,-24.4833,-47.4166,8.25769,1014.8
411392,-0.129125,9.64132,0.487805,-39.97,2.45,-19.25,-24.0184,-46.7073,7.51887,1014.8
411398,0.129125,9.51219,0.583453,-38.64,2.17,-18.9,-23.9312,-46.2138,7.8735,1014.84
411404,-0.401722,8.9957,1.26734,-32.2,-1.47,-12.95,-24.2799,-48.0025,6.85393,1014.84
411410,0.454328,9.1296,1.44907,-38.01,4.13,-21.35,-24.1056,-47.2624,7.01647,1014.81
411416,-0.148254,9.49785,0.927786,-29.75,0.56,-22.47,-23.5244,-46.7998,6.88348,1014.81
411422,-0.473458,10.0909,1.15734,-30.66,-6.79,-21.49,-23.9894,-47.5399,6.83915,1014.81
411428,0.023912,9.52176,0.946915,-28.42,-4.48,-21.28,-24.5124,-48.0642,6.52885,1014.81
411434,-0.741272,9.35916,0.741272,-27.79,-5.81,-22.54,-23.7278,-47.5091,6.70617,1014.81
411440,-0.047824,10.1865,1.29603,-32.62,-7.14,-25.41,-23.7278,-47.6016,7.0017,1014.81
411446,-0.0621712,10.66,0.827355,-28.84,-12.88,-25.83,-24.1346,-48.6193,5.55361,1014.81
411452,-0.879962,8.38833,0.583453,-34.58,-14.84,-25.9,-23.5535,-47.6324,6.12989,1014.8
411458,-0.0286944,9.23003,0.73649,-28.49,-13.58,-24.92,-22.4203,-47.2007,6.45497,1014.8
411464,-1.14299,9.09134,2.31946,-25.76,-13.86,-26.81,-23.292,-48.6193,5.59794,1014.8
411470,0.25825,9.08656,0.540411,-24.01,-11.76,-26.81,-23.4082,-48.4343,5.40584,1014.8
411476,-0.272597,9.17264,1.43472,-24.85,-13.65,-29.68,-23.0595,-48.0025,5.9969,1014.8
411482,0.492587,9.19177,1.78862,-18.97,-13.09,-28.35,-22.9433,-48.866,5.11032,1014.8
411488,0.879962,11.0713,1.88905,-16.38,-10.85,-33.95,-22.6237,-49.3595,4.9921,1014.84
411494,0.951698,10.8034,2.42946,-17.08,-10.57,-36.47,-22.0716,-47.9717,5.77525,1014.84
411500,0.61693,9.60784,1.8747,-14.77,-4.55,-41.44,-22.1007,-49.0511,4.63747,1014.81
411506,-0.444763,9.88044,3.11334,-4.69,-5.18,-45.08,-21.9844,-49.637,5.11032,1014.81
411512,0.468675,10.2774,2.75944,-4.06,-4.2,-46.41,-21.229,-49.1128,4.88867,1014.81
411518,0.382592,11.0426,2.73075,-1.33,0.49,-50.4,-20.735,-48.0642,5.06599,1014.83
411524,-0.13869,10.7317,2.74988,3.43,0.7,-53.55,-21.1999,-50.0071,4.65225,1014.83
411530,-0.023912,10.3491,2.32903,2.94,4.55,-55.79,-20.6769,-49.3595,5.2433,1014.86
411536,0.49737,10.2582,2.32903,8.54,3.99,-61.6,-20.8222,-48.0334,5.81958,1014.86
411542,1.21951,10.813,1.81253,9.17,9.94,-65.38,-20.4154,-49.6987,4.90345,1014.81
411548,-0.879962,11.5925,3.099,12.74,3.85,-69.51,-19.2241,-50.1613,4.31239,1014.81
411554,0.545194,11.913,1.42994,13.02,4.34,-77.98,-19.1369,-49.4828,6.67661,1014.81
411560,1.2769,11.7934,1.30081,14.7,6.65,-87.92,-19.7761,-50.408,5.7457,1014.81
411566,0.784314,12.1043,2.38164,14.49,4.55,-94.43,-19.0497,-51.4566,4.40105,1014.81
411572,1.02822,12.1808,1.5208,19.46,6.65,-100.38,-18.1489,-50.3463,5.59794,1014.8
411578,0.349115,11.6786,2.14252,14,1.54,-112.91,-17.0157,-50.3463,5.4945,1014.8
411584,1.57341,11.9656,1.42037,22.05,7.28,-119.98,-16.5218,-51.9809,5.33196,1014.81
411590,0.25825,11.9799,2.25729,21.84,5.95,-125.79,-16.6961,-51.0865,5.02166,1014.81
411596,0.95648,11.9225,2.13773,25.76,9.17,-132.44,-15.0108,-50.9631,6.21855,1014.8
411602,0.373027,12.2143,2.78814,31.64,9.73,-141.19,-15.1561,-52.9986,5.27286,1014.8
411608,0.832138,13.0894,1.81731,33.46,14.77,-147.7,-14.2263,-52.4743,5.28763,1014.81
411614,0.980392,13.2329,3.099,30.66,12.11,-158.55,-14.0229,-51.4874,6.10033,1014.81
411620,1.45863,13.7255,1.41559,41.86,14.14,-170.73,-12.4829,-51.9192,6.73572,1014.81
411626,0.114778,15.3372,0.47824,40.39,11.27,-182.56,-11.524,-54.263,6.10033,1014.82
411632,0.688666,15.978,0.545194,35.77,7.42,-197.61,-11.3206,-52.8752,6.73572,1014.82
411638,1.6834,15.9971,0.999522,37.8,6.51,-213.57,-9.66437,-52.7518,7.77007,1014.81
411644,2.05165,17.0253,0.779531,38.71,5.67,-229.81,-8.53116,-54.6331,6.83915,1014.81
411650,1.94644,19.3926,-0.726925,39.06,1.47,-251.3,-7.28172,-54.3555,7.96216,1014.82
411656,1.73123,21.956,-3.40029,29.19,-2.03,-276.78,-5.79982,-54.0163,6.94259,1014.82
411662,1.70732,22.2669,-4.44763,16.66,-13.93,-302.75,-3.88207,-54.5097,8.77486,1014.85
411668,3.1803,21.1239,-4.12721,7.91,-17.57,-328.44,-2.40018,-54.6639,7.59275,1014.85
411674,4.12243,23.3094,-0.353898,9.03,-17.5,-355.25,-1.38319,-53.9546,8.84875,1014.83
411680,6.42755,24.1989,1.84122,5.6,-11.69,-384.16,1.29003,-55.6508,8.24291,1014.83
411686,7.65184,26.6762,4.85892,6.16,-4.2,-414.61,3.87608,-55.3424,6.83915,1014.83
411692,9.26351,25.0933,1.92252,-0.7,19.6,-449.68,5.61949,-54.4172,7.78484,1014.79
411698,0.989957,23.2329,4.43807,12.53,21.28,-480.83,7.53724,-54.8798,8.78964,1014.79
411704,2.02774,25.8393,1.58776,12.04,14.49,-500.15,10.7335,-55.0648,10.0161,1014.81
411710,0.224773,22.9651,1.9847,26.95,23.66,-507.01,13.581,-53.7696,7.97694,1014.81
411716,-2.04208,25.4089,1.51602,64.54,-2.45,-512.4,15.4407,-52.8752,10.0456,1014.76
411722,1.14299,28.4553,-2.42946,36.33,-7.14,-508.34,18.8403,-52.7518,9.45458,1014.76
411728,-0.210426,31.736,3.88331,46.2,-9.45,-504.42,21.1067,-52.6902,9.63189,1014.77
411734,-0.621712,37.9962,-1.45863,20.3,-21.28,-501.13,22.7049,-49.5137,9.9422,1014.77
411740,5.17934,32.0038,-6.82927,-22.19,-25.55,-499.87,26.1626,-48.9586,10.6515,1014.77
411746,5.4615,26.1597,-3.93113,-40.67,-32.13,-476,28.4291,-48.3418,10.4594,1014.76
411752,5.93496,16.0067,-3.41463,-28.21,-39.69,-439.25,30.0562,-46.8306,11.5233,1014.76
411758,4.43328,15.0072,-4.13199,-10.64,-64.54,-422.87,30.6955,-45.5662,11.0948,1014.75
411764,12.7021,4.40459,-4.2946,-7.7,-130.76,-399.77,33.1363,-44.6101,9.01129,1014.75
411770,15.1602,-6.44189,-11.1669,17.85,-101.5,-376.95,35.5189,-42.4205,9.46935,1014.74
411776,-12.1999,3.36203,-12.8981,46.34,2.8,-238.49,34.7634,-42.0196,8.68621,1014.74
411782,-20.4161,11.9656,0.349115,8.19,-129.5,-90.51,37.3785,-41.0019,10.548,1014.75
411788,10.4208,5.32759,-4.39503,26.18,-98,12.25,37.4657,-40.3543,8.15425,1014.75
411794,9.77523,7.38403,-3.74462,40.46,-33.81,101.08,36.7102,-40.8477,8.56799,1014.75
411800,9.88522,10.1483,-1.06169,22.54,-44.59,166.39,36.7974,-40.8169,8.58277,1014.75
411806,14.3042,10.0383,-2.96509,19.25,-9.59,198.1,35.9257,-42.2972,8.56799,1014.75
411812,12.3386,12.5873,-2.61597,-2.38,8.61,211.4,35.1121,-42.2972,9.23293,1014.74
411818,12.3625,11.1382,-2.09469,-16.1,21.56,213.85,33.6593,-43.4999,8.19858,1014.74
411824,10.4543,8.34529,-1.2769,-24.01,33.88,212.66,34.037,-45.2269,7.17901,1014.75
411830,9.28742,5.57628,-0.884744,-25.83,38.01,211.96,32.4098,-44.4559,8.76009,1014.75
411836,8.23051,2.5012,-0.731707,-16.1,44.73,212.8,30.957,-45.9979,8.80442,1014.76
411842,6.64754,2.31946,-1.20038,-9.87,47.88,217.28,30.434,-47.0157,8.33157,1014.76
411848,5.62888,1.43472,-1.12386,1.89,47.46,224.84,29.5332,-47.4782,8.96696,1014.76
411854,4.48589,2.08034,-1.36298,7.98,45.08,236.18,27.7898,-47.6324,9.67622,1014.76
411860,3.61549,2.84075,-1.22429,14.7,38.5,247.94,27.0634,-48.8352,9.24771,1014.76
411866,3.56289,3.88809,-1.48254,17.64,33.46,259.84,26.4241,-49.9146,8.46456,1014.71
411872,3.36681,4.73936,-1.15734,20.79,29.61,272.44,24.4773,-49.9146,9.92742,1014.71
411878,2.54424,5.56671,-0.784314,20.79,21.35,285.53,23.1988,-50.0996,9.80921,1014.66
411884,2.21903,5.8154,-0.521282,21.63,13.44,298.06,22.2981,-51.6108,8.89307,1014.66
411890,2.27642,5.8967,0.071736,23.31,5.25,309.12,20.9905,-52.2892,8.98173,1014.66
411896,2.31468,5.85844,0.37781,26.88,-0.98,320.6,18.8113,-51.3332,9.79444,1014.66
411902,2.10426,5.87279,0.789096,31.71,-8.82,332.15,17.9686,-53.1836,9.45458,1014.7
411908,2.17599,6.11191,1.04256,36.05,-13.93,343,15.9928,-54.4172,8.92263,1014.7
411914,2.21425,6.7384,1.45385,39.97,-18.83,350.91,12.8546,-53.677,9.35114,1014.7
411920,2.3099,7.22142,1.84122,42.98,-23.73,357.07,11.9539,-53.8312,9.15905,1014.64
411926,2.77857,8.13964,2.27164,45.99,-26.32,361.55,11.1112,-55.0957,9.05562,1014.64
411932,3.22334,8.85701,2.42468,45.99,-27.93,363.16,7.71158,-54.2322,9.86832,1014.66
411938,3.72549,9.98565,2.63988,45.29,-27.93,362.67,6.63648,-54.9723,9.60234,1014.66
411944,3.90244,10.8321,2.7164,43.26,-26.32,362.67,4.83496,-55.99,10.7549,1014.72
411950,3.51028,12.1329,2.7451,38.92,-25.48,362.53,2.27796,-55.3732,11.2573,1014.72
411956,3.12291,12.9268,2.64945,34.09,-25.41,363.72,-0.395261,-54.078,11.4198,1014.72
411962,2.28599,13.9359,2.69727,28.56,-25.41,366.24,-1.20885,-55.4657,10.4594,1014.72
411968,1.86514,14.4715,2.68293,24.29,-27.65,371.28,-3.1266,-55.7125,9.92742,1014.72
411974,0.913438,16.968,3.24725,20.79,-26.67,378.77,-5.68359,-54.448,11.213,1014.73
411980,0.760402,15.0693,3.70636,21.28,-35.7,382.55,-6.43907,-55.0648,9.49891,1014.73
411986,0.487805,15.5093,3.07508,28.28,-37.1,386.47,-7.80474,-54.1396,11.3016,1014.72
411992,0.282162,16.0976,3.27594,25.06,-44.31,388.78,-10.3908,-52.8135,11.1391,1014.72
411998,0.0047824,17.1832,3.30942,33.67,-44.1,394.38,-12.7153,-51.765,11.213,1014.74
412004,-0.181731,18.2496,3.28551,37.8,-44.94,397.25,-14.8074,-52.8444,11.0504,1014.74
412010,-0.444763,19.407,3.5055,38.43,-48.65,400.61,-16.3474,-50.6239,11.6415,1014.76
412016,-0.463893,21.0186,3.2616,48.02,-44.03,405.72,-17.9455,-48.8044,13.3555,1014.76
412022,-0.908656,21.5973,3.60115,50.05,-48.72,414.75,-19.5146,-49.4212,12.3064,1014.75
412028,-0.301291,24.2707,2.96031,53.83,-39.97,422.73,-22.1297,-47.8483,12.6906,1014.75
412034,-0.564323,25.4041,3.25681,52.71,-34.09,431.2,-24.0475,-44.8877,13.1339,1014.75
412040,-1.24342,26.9536,3.24725,52.15,-23.1,443.1,-25.5003,-43.9934,12.8236,1014.76
412046,-1.50167,28.4983,3.25203,42.28,-7.7,450.8,-28.1445,-44.3943,13.326,1014.76
412052,-2.42946,29.1966,2.96509,45.15,-2.24,456.47,-29.5101,-41.557,12.9566,1014.8
412058,-4.87327,29.627,3.54376,44.1,15.61,451.99,-31.2535,-38.9665,13.5624,1014.8
412064,-8.68962,30.8465,3.95026,42.77,25.55,448.28,-33.4038,-38.2572,12.9861,1014.77
412070,-12.3577,31.736,4.19895,37.31,29.05,444.57,-34.566,-35.8208,13.7102,1014.77
412076,-16.5519,32.2238,3.91679,28.98,32.62,430.92,-36.3094,-33.7546,14.4786,1014.78
412082,-18.6753,31.7886,4.36633,22.75,39.34,408.52,-38.4306,-32.8294,13.4294,1014.78
412088,-21.3773,31.4634,3.5055,9.66,46.97,381.57,-40.3774,-30.8556,13.06,1014.78
412094,-22.5681,31.7073,1.21473,-13.65,50.82,343.21,-40.4645,-27.8025,13.9466,1014.81
412100,-23.3285,33.4242,-7.12578,-56.49,58.03,292.6,-41.5687,-27.2782,12.336,1014.81
412106,-26.9058,34.1846,-14.5002,-127.75,60.41,237.09,-43.4283,-27.2474,11.5381,1014.83
412112,-35.8106,19.0053,-8.63223,-150.85,48.3,188.58,-42.1498,-25.6437,12.8975,1014.83
412118,-43.5533,-2.99378,6.09756,-74.62,32.69,147.98,-42.6147,-24.1017,10.9322,1014.81
412124,-46.3845,-3.1516,0.683883,9.87,19.74,114.31,-44.6197,-23.6391,9.35114,1014.81
412130,-47.9483,-3.04639,0.693448,67.83,7.07,82.18,-43.8642,-22.8064,10.0013,1014.82
412136,-44.4524,1.47776,1.62602,110.11,14.98,42.84,-43.8642,-22.128,10.9765,1014.82
412142,-38.9957,7.75227,4.95457,135.24,19.11,0.35,-44.7068,-23.1148,11.0948,1014.82
412148,-33.6585,13.649,3.57724,139.86,37.8,-47.32,-45.1427,-23.5466,10.6958,1014.85
412154,35.0693,92.8742,76.1788,427.21,-126.7,-389.48,-42.9053,-22.2822,12.2916,1014.85
412160,-52.2955,45.2511,-55.2032,-120.12,203.49,-331.38,-43.1087,-24.9652,11.2573,1014.89
412166,11.8412,-23.3907,17.3792,115.64,-218.96,-307.37,-42.8472,-27.2165,11.4789,1014.89
412172,30.4208,16.1549,-25.8345,59.64,4.83,-350.28,-41.3944,-27.5249,14.0944,1014.83
412178,4.28025,26.1693,5.31803,22.96,28.35,-347.06,-40.4936,-28.8819,11.804,1014.83
412184,12.6686,12.5586,-0.344333,-33.88,26.32,-368.55,-39.8544,-31.9967,11.804,1014.83
412190,0.803443,10.4974,6.48015,14.42,87.5,-351.12,-38.8664,-32.7677,13.2964,1014.83
412196,-5.26064,9.45481,11.8699,40.81,54.67,-338.24,-37.6751,-33.9704,10.6367,1014.83
412202,-6.24581,15.3706,0.224773,41.3,47.74,-353.01,-36.0479,-35.9133,10.8288,1014.83
412208,-7.19273,20.5404,-4.62458,-27.37,54.6,-341.04,-35.1762,-38.1338,11.1982,1014.83
412214,-14.3998,23.8737,4.44763,-22.33,32.83,-295.4,-33.9849,-37.702,11.6415,1014.82
412220,-10.0956,21.3056,0.602582,-38.36,5.53,-258.44,-33.3456,-39.9225,10.4594,1014.82
412226,-9.40698,14.7202,6.1406,-64.47,-4.2,-248.36,-31.5441,-41.4953,10.681,1014.81
412232,-4.95935,14.0842,2.02774,7.84,-4.48,-206.78,-30.469,-40.601,11.7154,1014.81
412238,-4.96413,12.922,2.56815,1.75,-24.92,-185.57,-29.8298,-41.5262,10.6662,1014.82
412244,-2.43424,13.3429,-0.521282,7.98,-27.44,-183.75,-28.9,-43.9317,11.5676,1014.82
412250,-8.86657,32.0899,-16.8293,-18.76,117.95,-78.54,-28.435,-43.3149,11.1982,1014.81
412256,-18.0536,15.8584,0.999522,-15.4,57.33,-69.58,-27.5343,-43.284,13.1339,1014.81
412262,-7.58489,14.1129,3.22334,-71.54,-33.81,-55.37,-27.9992,-44.5793,10.3412,1014.81
412268,5.49498,6.98709,0.688666,-42.56,-9.1,-48.37,-28.1154,-45.412,10.4298,1014.75
412274,3.11334,7.38881,0.0621712,-32.9,41.93,-49.21,-27.7667,-43.685,9.66145,1014.75
412280,-3.46724,10.3109,0.994739,-21.14,40.39,-37.52,-27.8539,-44.6101,9.85354,1014.78
412286,-2.95552,9.12004,2.879,-21.49,14.14,-32.55,-27.5633,-45.5662,8.83397,1014.78
412292,-0.172166,10.3013,-0.741272,-29.05,5.88,-26.67,-27.5343,-44.3634,9.55801,1014.78
412298,1.29125,10.6504,-2.00383,-27.44,15.47,-25.06,-27.3599,-44.8569,8.02127,1014.78
412304,0.282162,9.82305,1.70732,-31.71,12.6,-27.02,-26.895,-46.3063,7.74052,1014.78
412310,0.047824,9.6748,1.30081,-25.41,17.15,-25.13,-27.0113,-45.1344,8.84875,1014.78
412316,-1.82209,10.1339,2.26686,-17.78,5.6,-17.43,-27.0403,-44.7643,10.0456,1014.78
412322,0.210426,10.0335,1.24821,-17.64,-3.22,-21.42,-26.5754,-45.9671,7.84395,1014.78
412328,1.10952,10.856,0.37781,-15.82,3.64,-22.96,-26.4882,-46.2138,8.24291,1014.78
412334,0.186514,10.1291,1.18125,-16.59,1.33,-23.24,-25.9943,-44.7335,8.44978,1014.83
412340,-0.0669536,10.0717,0.961262,-11.83,5.25,-24.64,-26.2848,-45.9363,8.58277,1014.83
412346,0.047824,10.0191,0.93735,-13.44,-0.35,-23.52,-25.9652,-46.7073,7.13468,1014.8
412352,0.105213,9.51698,1.33429,-8.54,0.28,-20.44,-25.9362,-45.2269,8.02127,1014.8
412358,-0.0047824,10.1865,0.679101,-9.87,-0.63,-21.49,-25.878,-45.5662,7.90306,1014.83
412364,0.382592,10.067,0.401722,-8.54,-2.94,-23.52,-26.372,-47.1698,6.97214,1014.83
412370,0.196078,10.0191,0.473458,-8.33,-2.66,-21.28,-26.0524,-46.0288,7.91783,1014.82
412376,0.373027,10.3491,-0.0382592,-11.2,-3.43,-20.93,-25.326,-45.412,7.72574,1014.82
412382,0.205643,9.89,0.411286,-12.11,-3.08,-22.26,-25.2097,-47.3857,5.9969,1014.82
412388,0.210426,9.95218,0.411286,-11.69,-2.73,-22.26,-25.7328,-46.5222,8.43501,1014.83
412394,-0.61693,9.4835,1.09039,-11.55,-1.12,-21,-25.8199,-46.0288,7.312,1014.83
412400,-0.33955,9.55045,0.822573,-11.34,-3.43,-19.53,-25.6165,-46.9848,7.57797,1014.8
412406,0.105213,9.42133,0.47824,-10.43,-1.96,-15.05,-25.5584,-47.3549,5.08076,1014.8
412412,-0.267814,10.4161,0.511717,-11.97,-1.4,-17.57,-25.6456,-47.5091,6.2481,1014.85
412418,-0.129125,9.30655,0.774749,-15.19,-1.54,-18.27,-24.7158,-46.1213,6.60273,1014.85
412424,0.344333,10.0287,-0.105213,-16.03,1.96,-16.59,-24.6867,-47.2932,6.8096,1014.85
412430,-0.210426,9.95696,0.559541,-16.17,0.14,-15.4,-24.6867,-47.4474,6.83915,1014.85
412436,-0.215208,10.4735,0.129125,-17.22,-0.63,-16.24,-24.2799,-46.2138,6.61751,1014.85
412442,-0.545194,9.95218,0.10043,-23.52,1.82,-16.31,-24.9192,-47.6941,5.73092,1014.85
412448,-0.392157,10.153,0.970827,-22.19,-0.42,-15.82,-24.832,-47.8792,6.39586,1014.85
412454,-0.535629,10.0717,0.535629,-24.92,0,-16.17,-24.0765,-45.6587,6.54363,1014.83
412460,0.0191296,10.373,0.35868,-25.41,-4.62,-15.96,-24.8029,-47.4166,5.39107,1014.83
412466,-0.329986,10.1435,0.999522,-25.55,-4.97,-15.82,-24.5995,-48.3109,5.65704,1014.8
412472,-0.0095648,10.5882,0.492587,-29.33,-4.83,-19.53,-24.7158,-46.6764,5.15464,1014.8
412478,0.0095648,10.7078,-0.023912,-29.89,-8.19,-19.88,-24.3961,-46.4914,5.55361,1014.79
412484,-0.593018,9.77044,1.18604,-30.59,-10.64,-18.83,-24.309,-48.0025,5.21375,1014.79
412490,0.277379,10.2009,1.27212,-30.73,-9.73,-22.12,-24.5705,-48.0025,5.98212,1014.79
412496,-0.416069,9.42611,1.41559,-28.07,-11.13,-23.59,-23.786,-46.8615,5.98212,1014.84
412502,0.463893,10.0478,-0.430416,-29.82,-6.72,-23.38,-24.338,-47.7866,5.36151,1014.84
412508,-0.272597,9.15351,1.58776,-29.61,-7.98,-21,-24.1637,-49.0511,4.4306,1014.85
412514,-0.325203,9.60306,1.25299,-25.06,-12.32,-23.24,-23.7569,-47.4166,4.69658,1014.85
412520,0.0286944,11.1047,0.97561,-29.96,-16.59,-24.36,-23.5826,-49.1744,5.05121,1014.79
412526,-0.511717,8.967,1.5495,-28.77,-16.52,-22.96,-23.9022,-49.2361,4.44538,1014.79
412532,0.215208,10.1196,1.14778,-26.81,-13.93,-28.35,-23.1758,-48.1567,5.12509,1014.84
412538,-0.33955,9.63175,0.33955,-25.69,-18.27,-30.24,-22.8561,-48.2801,5.4354,1014.84
412544,0.229555,8.85701,0.593018,-27.72,-16.1,-29.05,-23.2048,-49.9146,4.47493,1014.83
412550,0.0669536,9.47394,1.15734,-28.42,-14.07,-33.39,-23.4082,-48.9894,4.14985,1014.83
412556,0.114778,9.71305,1.78384,-18.97,-14.49,-34.58,-22.8271,-48.5268,4.65225,1014.83
412562,1.20038,9.85174,2.61119,-13.86,-12.39,-38.15,-22.1297,-50.5005,3.80999,1014.82
412568,2.48207,10.7365,3.19943,-9.03,-7.21,-45.43,-21.5776,-49.1436,3.42581,1014.82
412574,0.21999,10.1387,2.01339,-5.81,-2.1,-46.27,-21.3742,-49.0511,6.2481,1014.83
412580,-0.726925,10.0287,2.88379,-1.19,-3.08,-48.23,-21.8392,-50.5005,4.22373,1014.83
412586,0.0573888,10.6648,2.51076,12.04,-3.71,-52.5,-21.752,-50.2847,3.98731,1014.85
412592,0.827355,10.0813,2.52989,-5.04,0.07,-58.38,-21.7229,-49.2978,4.23851,1014.85
412598,1.40603,9.39263,2.24773,7.84,8.68,-58.94,-21.5195,-50.4697,4.54881,1014.84
412604,0.334768,9.89479,2.88857,13.51,5.88,-62.72,-20.8803,-50.1613,4.13507,1014.84
412610,-0.85605,11.406,2.72597,16.87,2.8,-66.29,-20.212,-50.1613,4.85912,1014.84
412616,0.636059,11.1382,1.0856,11.41,11.9,-73.36,-20.1248,-49.3286,4.65225,1014.83
412622,0.325203,11.4586,1.34864,18.9,7.14,-79.73,-19.4565,-50.8089,4.4306,1014.83
412628,0.760402,12.7021,1.18125,12.53,2.8,-90.02,-19.0497,-51.7958,4.87389,1014.81
412634,1.25299,12.5777,0.61693,12.67,5.53,-95.62,-18.8754,-51.1482,4.07597,1014.81
412640,0.396939,11.8412,2.18077,16.94,4.34,-103.11,-18.1199,-52.0117,4.29761,1014.83
412646,0.411286,11.7551,1.85079,17.99,4.06,-110.6,-17.2191,-53.1528,4.28284,1014.83
412652,0.47824,13.3429,1.55906,19.32,4.69,-119.14,-16.8123,-51.0557,5.90824,1014.83
412658,0.425634,12.6351,2.15686,18.34,3.36,-127.05,-16.2603,-51.9192,4.4306,1014.83
412664,0.329986,12.4199,3.25681,26.11,10.85,-132.65,-15.4757,-53.1219,4.29761,1014.83
412670,0.61693,13.4051,2.30033,25.83,11.76,-142.73,-15.1561,-52.721,3.70656,1014.8
412676,0.69823,12.2286,2.3099,28.14,12.32,-150.71,-14.9527,-52.6902,5.70137,1014.8
412682,1.3056,13.2855,2.989,33.81,17.01,-161,-13.7614,-53.2453,5.58316,1014.84
412688,0.0860832,13.7877,2.25729,39.41,15.54,-171.92,-13.1802,-53.9854,5.80481,1014.84
412694,0.645624,13.8116,0.803443,41.79,9.87,-185.36,-12.3957,-52.906,5.55361,1014.82
412700,0.114778,14.8972,0.468675,44.03,11.41,-195.65,-10.8266,-54.7256,5.21375,1014.82
412706,0.483022,16.5041,1.14299,41.79,7.91,-208.53,-10.1293,-55.4657,5.13987,1014.8
412712,2.1186,17.4653,0.492587,40.81,9.45,-225.12,-8.2987,-54.1088,6.14466,1014.8
412718,2.27642,18.6896,-0.047824,39.34,10.57,-245.14,-7.2236,-54.6331,6.66184,1014.79
412724,2.12817,19.9665,-1.70732,33.39,6.02,-268.45,-6.09039,-55.8358,6.07078,1014.79
412730,1.92731,21.5351,-3.40985,20.58,-3.15,-291.62,-4.98623,-55.1265,7.44499,1014.79
412736,3.00335,21.9895,-4.32807,6.23,-4.9,-316.47,-4.23076,-55.0648,7.35633,1014.82
412742,2.70684,22.4486,-2.32903,-1.05,-7.07,-340.76,-1.4413,-55.7741,6.20377,1014.82
412748,3.4242,23.3429,-0.205643,-0.77,-9.66,-365.26,0.243988,-56.0825,6.85393,1014.79
412754,6.99187,24.3137,1.033,-5.46,-5.67,-398.02,2.16174,-54.1396,7.37111,1014.79
412760,6.45624,25.7006,1.05213,-9.03,10.64,-430.57,5.24175,-55.8358,7.04602,1014.78
412766,3.37637,24.4285,2.01339,0.49,16.52,-468.37,7.18856,-56.4835,6.79483,1014.78
412772,1.81731,30.1817,3.64897,-10.36,3.29,-490.91,8.93196,-55.4349,6.64706,1014.82
412778,5.38976,22.4534,-0.282162,-12.67,24.43,-504.63,12.012,-55.0031,6.78005,1014.82
412784,-3.69201,21.9608,5.10282,44.17,13.65,-509.81,14.9467,-55.9283,7.0017,1014.82
412790,4.16547,34.462,-2.70206,16.45,-9.66,-523.32,17.3003,-54.263,7.312,1014.81
412796,4.37111,28.637,4.20851,0.21,2.87,-521.99,19.1018,-52.9986,9.09995,1014.81
412802,-0.808226,26.571,4.71066,22.68,-5.81,-518.63,22.9373,-52.5668,7.22334,1014.77
412808,0.726925,32.7068,-2.35772,8.26,-24.64,-505.19,25.2619,-51.6108,7.43021,1014.77
412814,6.64275,31.2817,-4.40459,-26.11,-28.91,-496.37,26.5113,-49.2361,7.69619,1014.79
412820,7.83835,20.5452,-1.88905,-32.27,-31.08,-470.54,29.0392,-48.7427,8.96696,1014.79
412826,4.38546,15.7389,-3.05595,-0.63,-33.18,-450.31,31.6253,-46.954,8.09515,1014.75
412832,8.85701,8.06313,-3.97896,-12.46,-109.83,-408.8,33.3396,-44.5176,8.78964,1014.75
412838,13.4577,-1.4682,-8.29746,-2.03,-96.88,-350.49,34.6763,-44.8569,7.99171,1014.75
412844,0.315638,-2.23816,-13.472,13.23,-27.02,-282.24,36.7974,-43.284,7.37111,1014.76
412850,-20.4687,9.03874,-2.68771,11.2,-31.29,-96.39,36.7393,-42.2972,7.13468,1014.76
412856,2.54902,9.73697,-0.894309,-9.59,-123.62,20.16,37.0008,-41.7112,7.41543,1014.79
412862,12.4582,6.30799,-4.25634,23.45,-30.87,116.41,37.1751,-42.7598,7.47454,1014.79
412868,7.08752,11.5447,-0.306074,8.05,-39.34,178.22,36.4778,-43.0682,6.69139,1014.76
412874,12.4916,9.87566,-1.75036,10.5,-30.87,209.72,35.054,-43.7466,6.61751,1014.76
412880,13.5246,11.0617,-3.17551,2.03,-6.23,221.83,35.0249,-45.1036,6.12989,1014.75
412886,12.6638,9.52176,-1.4395,-3.85,0.21,219.73,34.1823,-45.8129,8.02127,1014.75
412892,10.8704,7.46054,-1.9034,-4.97,8.54,217.63,32.4389,-45.8437,7.14946,1014.76
412898,9.21568,5.87279,-1.74558,-9.31,13.09,221.62,32.3517,-47.1082,7.07558,1014.76
412904,8.24008,2.60163,-1.29603,-4.06,17.78,227.43,31.9449,-48.2184,6.05601,1014.76
412910,7.66141,2.29555,-1.82209,-1.68,18.34,233.94,30.3468,-47.725,6.78005,1014.77
412916,6.28407,1.3582,-1.59254,4.9,19.53,245.63,28.0513,-48.2492,7.10513,1014.77
412922,5.38976,1.84601,-1.41081,10.08,17.22,257.88,28.4,-49.9146,5.25808,1014.73
412928,4.3472,2.7451,-1.56863,12.74,13.09,271.53,27.0634,-50.0071,6.35153,1014.73
412934,3.67288,3.3955,-1.49689,14.98,7.14,285.11,24.2158,-49.3595,7.0017,1014.72
412940,3.29029,4.05548,-1.47298,16.1,2.87,299.04,23.9543,-51.7341,6.51407,1014.72
412946,2.21425,4.71545,-1.42037,15.54,-4.06,314.09,23.257,-53.677,4.50448,1014.67
412952,1.71688,5.02152,-1.5208,15.26,-13.93,327.53,21.1358,-52.536,6.41064,1014.67
412958,1.20995,4.91152,-0.999522,16.59,-25.13,338.52,19.5958,-53.4612,7.48932,1014.67
412964,1.33907,4.88761,-0.679101,21.77,-33.67,348.53,18.172,-54.6331,6.42542,1014.67
412970,1.6834,4.95457,-0.0286944,30.03,-41.3,354.83,15.615,-54.8181,6.95737,1014.67
412976,2.01817,5.25108,0.162602,38.01,-45.36,358.19,13.3486,-54.3555,6.85393,1014.69
412982,2.9077,5.55715,0.320421,45.22,-50.89,359.38,12.7675,-54.6331,6.11511,1014.69
412988,3.43376,6.04495,0.612147,53.13,-53.06,362.32,10.501,-55.2807,6.42542,1014.7
412994,3.70636,7.02056,0.999522,58.03,-50.33,361.27,8.08932,-54.4172,7.99171,1014.7
413000,3.45289,8.044,1.20995,62.37,-50.54,364.07,6.46214,-55.2807,6.66184,1014.7
413006,3.59636,9.16786,1.42037,65.24,-47.18,364.63,4.25382,-56.3601,7.35633,1014.7
413012,3.30942,9.96174,1.75992,66.43,-44.8,365.96,2.13268,-55.1265,8.50889,1014.7
413018,3.26638,11.5351,1.69775,66.43,-41.16,370.72,0.156818,-55.3424,7.41543,1014.72
413024,2.97944,12.5108,1.87948,65.38,-37.94,374.15,-0.976396,-55.3732,7.23812,1014.72
413030,2.50598,14.0555,1.75036,61.67,-36.4,377.09,-3.82396,-54.3555,7.90306,1014.72
413036,2.40555,11.6165,2.35294,63.91,-32.55,379.4,-5.65454,-54.4172,9.17383,1014.72
413042,1.46341,14.9737,2.06121,55.65,-32.34,381.99,-6.90398,-54.9723,8.15425,1014.75
413048,1.63558,16.7432,1.65471,50.89,-33.74,381.78,-9.34475,-54.2938,8.56799,1014.75
413054,0.612147,17.5371,1.95122,50.82,-35.07,374.99,-11.8727,-51.5183,9.24771,1014.75
413060,0.153037,17.3219,2.72119,50.75,-37.87,372.12,-13.2093,-52.7518,8.71576,1014.75
413066,-0.0621712,18.3262,2.80249,55.86,-34.58,368.62,-14.8946,-52.1042,9.29204,1014.76
413072,-0.373027,19.3544,3.44333,62.37,-38.99,361.76,-17.4516,-50.3463,10.1638,1014.76
413078,1.00909,20.3061,3.35246,68.46,-26.6,357.42,-18.5848,-49.5137,10.7992,1014.76
413084,-0.200861,22.2095,4.51937,70.84,-26.81,351.12,-20.0958,-49.5137,10.9618,1014.77
413090,0.267814,23.3381,4.35198,77.28,-21.28,349.16,-22.7109,-47.1698,11.3164,1014.77
413096,-1.55906,25.715,3.52941,76.16,-9.17,361.41,-22.9143,-46.3989,12.9566,1014.76
413102,-1.21951,26.6332,4.44285,72.31,-3.78,382.34,-24.4543,-46.4605,12.602,1014.76
413108,-1.79818,29.1009,3.66332,67.41,11.34,403.06,-26.1105,-44.4251,12.07,1014.79
413114,-1.78862,29.6031,2.99378,52.29,34.02,424.76,-28.6966,-42.4822,13.3408,1014.79
413120,-2.94118,29.2779,2.85988,52.29,37.52,444.01,-30.7886,-41.4953,12.3951,1014.79
413126,-4.4285,28.8618,3.33812,39.9,47.53,459.13,-32.6192,-39.7375,12.4985,1014.79
413132,-6.45624,28.8044,2.44859,38.22,60.97,454.02,-33.9849,-36.4685,13.1487,1014.79
413138,-10.2104,29.4978,2.74988,32.41,60.34,445.97,-35.5249,-35.7591,12.1587,1014.76
413144,-13.5198,31.2578,1.31038,24.78,55.3,422.38,-37.8494,-34.1555,11.5085,1014.76
413150,-15.5141,31.8843,0.392157,13.79,51.38,392.28,-38.8664,-31.9659,11.3016,1014.78
413156,-18.8809,31.9321,-3.02248,-7.42,46.13,358.61,-40.2612,-29.9921,11.8336,1014.78
413162,-22.219,31.0139,-6.84361,-34.79,35.14,322,-41.0747,-29.0669,11.937,1014.77
413168,-29.5696,25.0311,-7.35055,-60.55,14.42,282.52,-41.714,-27.6483,11.2425,1014.77
413174,-33.4768,17.2692,-4.60545,-48.93,-7.49,243.46,-42.3242,-24.7802,12.0404,1014.76
413180,-39.7704,6.42276,1.26255,-1.54,-32.13,202.65,-43.8642,-25.6129,12.4394,1014.76
413186,-42.6494,2.01339,3.23768,55.79,-52.08,162.82,-44.7359,-24.8727,11.1686,1014.76
413192,-46.0545,3.40029,3.3142,93.8,-66.64,122.85,-44.0676,-22.0971,11.6563,1014.76
413198,-46.021,5.82975,4.46198,119.7,-68.88,81.9,-43.4283,-22.1897,11.3755,1014.76
413204,-44.725,10.7413,6.15495,128.73,-63.98,35.35,-44.4744,-23.2074,12.6906,1014.78
413210,-37.4988,16.1884,4.33285,107.73,-53.2,-21.42,-43.8351,-22.7139,13.7397,1014.78
413216,-31.5925,19.5552,5.98278,79.1,-44.38,-74.13,-42.8763,-21.4803,15.5277,1014.82
413222,-24.7202,20.4878,4.52893,48.02,-29.75,-119.35,-43.3993,-22.2822,13.8579,1014.82
413228,-21.803,18.1779,5.40411,20.37,-7.77,-148.33,-42.9925,-23.3616,13.9466,1014.81
413234,38.2783,112.444,84.7298,195.51,-556.92,-305.41,-41.7721,-22.6831,16.2369,1014.81
413240,0.750837,30.3395,-41.2099,-175.63,-4.41,-293.65,-41.7721,-25.4278,16.5768,1014.81
413246,18.704,-5.66236,-26.7384,51.1,0.21,-255.22,-41.3653,-26.2605,15.6459,1014.81
413252,21.6786,19.7704,-12.9364,-23.1,13.58,-254.17,-39.7672,-26.8773,16.3847,1014.81
413258,14.7824,14.7059,-2.37207,-122.22,9.8,-276.92,-38.8664,-27.8025,16.6507,1014.8
413264,18.9431,4.45241,3.90722,-132.3,36.47,-335.02,-38.7793,-31.1949,15.173,1014.8
413270,5.17456,2.3912,5.17456,-83.09,152.25,-326.2,-38.0528,-31.5341,14.0944,1014.82
413276,-4.06982,6.43711,8.75657,-52.85,119.07,-336.42,-36.5709,-33.0144,13.2964,1014.82
413282,-8.044,10.4878,7.03969,-53.2,82.67,-313.46,-36.5709,-35.1423,12.3951,1014.82
413288,-7.07795,9.34003,11.5686,-41.79,66.01,-298.2,-35.2343,-35.975,11.3755,1014.82
413294,-11.3008,20.66,6.87709,-26.95,53.69,-287.98,-34.043,-36.5918,11.7892,1014.81
413300,-12.8168,17.671,8.50311,-26.6,-9.94,-255.99,-32.8226,-38.6581,11.6267,1014.81
413306,-6.81014,18.6083,3.35724,-13.44,-18.76,-220.43,-32.5611,-40.1075,12.1439,1014.81
413312,-6.72405,12.7642,4.17982,-4.2,-49.14,-206.78,-30.7015,-40.0767,13.2078,1014.82
413318,-0.722142,12.5825,0.368245,12.6,-26.6,-199.64,-30.3237,-40.5085,11.1834,1014.82
413324,1.05213,12.6208,-2.64467,2.52,-8.82,-186.9,-29.5683,-43.1298,12.5428,1014.83
413330,0.229555,12.9651,-2.77857,9.17,0.42,-171.78,-28.8418,-41.1869,12.6611,1014.83
413336,-0.416069,12.1473,-1.18125,-2.8,4.34,-167.79,-28.0864,-42.1121,12.5872,1014.82
413342,-13.2472,25.4232,-6.47059,-26.6,72.52,-92.89,-27.4181,-44.3634,11.3164,1014.82
413348,-10.2152,13.319,-2.40076,-33.95,23.59,-65.59,-26.8369,-44.5793,11.4937,1014.8
413354,-4.21808,11.9799,2.01817,-55.09,-15.68,-56.21,-26.6626,-42.6364,12.0552,1014.8
413360,3.65854,8.95265,-0.731707,-40.46,0.21,-56.77,-26.7207,-44.7952,11.9813,1014.8
413366,2.42946,9.02439,-1.62602,-26.6,40.67,-55.65,-26.7788,-44.7643,10.5924,1014.8
413372,-3.36203,11.3773,0.13869,-30.17,32.48,-44.45,-26.372,-44.3943,11.8631,1014.8
413378,-3.13725,10.5213,0.722142,-36.68,11.97,-37.31,-25.878,-44.2709,11.6415,1014.81
413384,-0.487805,10.5548,-0.416069,-37.24,11.83,-33.81,-26.2558,-45.7512,10.3855,1014.81
413390,-0.291726,10.3778,0.162602,-36.19,13.51,-27.02,-25.6456,-45.1036,12.5281,1014.82
413396,-1.07126,10.33,1.97035,-29.05,9.66,-20.51,-25.6165,-44.4251,9.91265,1014.82
413402,-0.0573888,8.85701,2.34338,-23.31,6.65,-21.07,-25.0645,-46.2138,10.0013,1014.83
413408,-0.363462,10.1291,1.07604,-18.76,7.28,-20.37,-25.7909,-46.3063,9.80921,1014.83
413414,-0.306074,10.1435,1.05213,-16.38,4.34,-20.02,-26.0814,-46.0288,9.09995,1014.8
413420,-0.157819,9.96174,1.50646,-13.93,3.57,-19.81,-26.0524,-45.9979,8.02127,1014.8
413426,-0.0765184,9.60306,1.24342,-10.85,4.27,-18.34,-25.5003,-47.1082,7.71096,1014.8
413432,-0.047824,9.99522,1.49211,-8.26,2.03,-18.34,-25.6747,-45.3811,9.67622,1014.81
413438,0.310856,10.1243,0.822573,-6.93,2.17,-18.83,-24.9192,-45.8746,8.89307,1014.81
413444,-0.224773,10.2343,0.669536,-5.46,0.35,-17.85,-25.4422,-46.954,8.33157,1014.81
413450,0.325203,10.2056,0.387374,-7.77,-2.45,-19.39,-25.2969,-45.9363,9.36592,1014.81
413456,0.306074,10.0096,0.286944,-6.79,0.14,-21.56,-24.6577,-45.1653,9.63189,1014.81
413462,0.095648,10.44,0.224773,-11.2,0.63,-19.18,-25.5003,-46.7381,8.25769,1014.81
413468,-0.23912,9.92348,0.923003,-9.87,0.35,-17.99,-25.4131,-46.1213,8.92263,1014.81
413474,-0.109995,9.61262,0.884744,-9.8,1.19,-17.92,-24.9482,-45.9363,8.84875,1014.81
413480,-0.0286944,9.86609,0.631277,-11.48,0.35,-17.78,-25.355,-47.2932,8.18381,1014.81
413486,-0.047824,9.74175,0.439981,-12.46,3.29,-17.36,-25.4422,-47.139,7.0017,1014.79
413492,-0.21999,9.68914,0.588235,-12.6,1.19,-15.68,-25.3841,-45.6895,7.85873,1014.79
413498,-0.200861,9.8374,0.487805,-14.77,1.26,-15.05,-25.355,-47.0773,7.96216,1014.79
413504,-0.124342,10.0143,0.176949,-16.38,1.47,-15.61,-24.6867,-48.0642,7.75529,1014.79
413510,0.0813008,10.2822,-0.291726,-20.3,2.94,-14.49,-24.8901,-46.5222,8.67143,1014.81
413516,-0.129125,9.93304,0.0047824,-26.04,3.78,-15.05,-24.3671,-46.7073,8.76009,1014.81
413522,0.0765184,10.373,-0.229555,-28.84,4.34,-14.49,-24.8611,-47.5399,7.59275,1014.81
413528,-0.0286944,10,0.148254,-31.08,5.39,-14.49,-24.0475,-48.1876,7.35633,1014.81
413534,0.0526064,9.90913,0.37781,-33.25,8.82,-14.56,-24.9773,-46.0905,7.90306,1014.84
413540,-0.263032,9.79914,0.626494,-35.21,9.03,-15.61,-24.309,-47.4474,7.60753,1014.84
413546,0.248685,9.78001,0.903874,-30.66,7.28,-15.89,-25.0645,-48.2492,6.72094,1014.84
413552,-0.272597,9.86609,1.09517,-30.38,4.62,-16.31,-24.4252,-46.6147,7.29722,1014.83
413558,-0.73649,10.0813,2.03252,-25.41,0.35,-17.08,-24.0765,-47.4782,6.18899,1014.83
413564,-0.0382592,10.2056,0.813008,-26.88,1.75,-17.57,-24.5705,-48.8969,6.54363,1014.83
413570,-0.932568,10.33,1.99904,-23.66,-2.38,-17.22,-23.4373,-47.6016,7.37111,1014.83
413576,0.0143472,10.6313,0.521282,-27.16,-3.08,-20.51,-23.7569,-47.6016,7.88828,1014.82
413582,-1.34864,9.36872,1.88427,-28.56,-5.18,-20.58,-23.4663,-48.866,5.64227,1014.82
413588,-0.124342,9.82305,1.02822,-26.25,-7.14,-22.19,-24.0184,-48.681,5.37629,1014.79
413594,-0.47824,9.16308,1.19082,-32.62,-7.56,-21.35,-23.786,-47.725,6.38109,1014.79
413600,-0.047824,9.49785,1.01387,-26.74,-9.73,-23.66,-22.5075,-48.496,5.15464,1014.79
413606,-0.487805,9.65088,1.58297,-26.67,-13.44,-24.64,-23.3211,-48.2801,5.56838,1014.81
413612,-0.215208,10.2343,0.659971,-28.42,-15.33,-26.67,-23.0886,-47.9717,6.38109,1014.81
413618,-0.803443,10.2056,1.29125,-27.16,-16.38,-24.43,-23.2048,-48.2801,5.90824,1014.84
413624,-0.875179,10.6982,1.05691,-27.02,-15.54,-23.31,-22.9433,-49.5445,5.36151,1014.84
413630,-0.612147,9.58871,1.0856,-34.16,-16.31,-28.7,-22.9143,-48.3109,5.33196,1014.84
413636,-0.454328,8.26399,1.22429,-22.75,-14.91,-28.14,-22.7399,-47.91,5.87869,1014.84
413642,-0.0860832,8.77092,1.96078,-19.88,-14.84,-27.16,-22.1007,-49.0202,4.46015,1014.82
413648,-0.0669536,9.89957,2.95074,-16.59,-11.34,-27.51,-22.3331,-49.452,4.63747,1014.82
413654,0.425634,9.5935,2.45815,-11.2,-8.54,-31.15,-22.0135,-48.5268,5.31719,1014.82
413660,1.55428,11.736,3.90722,-7.84,-9.1,-35.77,-22.275,-49.1128,4.3715,1014.82
413666,1.88905,11.3869,3.39072,-5.6,-4.9,-42.84,-21.1709,-49.1744,3.49969,1014.82
413672,0.487805,9.85653,1.53515,-1.26,-0.21,-47.95,-22.1588,-48.3418,5.21375,1014.83
413678,-0.516499,10.5739,2.56815,-2.1,-0.35,-51.24,-21.6358,-50.1921,4.00209,1014.83
413684,0.0143472,10.9613,3.69201,0.42,1.12,-52.43,-21.4614,-50.8398,4.1203,1014.83
413690,0.93735,10.3826,3.18508,6.58,9.66,-57.12,-20.9675,-49.452,4.09074,1014.83
413696,-1.33907,9.56958,4.52415,10.92,3.08,-61.67,-20.0958,-49.9146,5.31719,1014.84
413702,1.5208,10.2439,1.65949,15.26,11.34,-67.34,-20.6188,-50.7164,4.35672,1014.84
413708,0.253467,11.0139,2.18077,21.14,7.28,-72.94,-19.6018,-51.0557,3.78044,1014.8
413714,0.61693,11.8125,1.10952,24.01,7.98,-81.27,-20.0958,-49.4828,5.16942,1014.8
413720,0.779531,12.9651,1.10952,19.95,8.68,-88.97,-18.9044,-51.0557,4.933,1014.8
413726,0.707795,11.803,1.79818,22.68,6.23,-95.13,-18.9335,-51.3332,4.1203,1014.82
413732,0.683883,13.1468,1.5208,23.03,6.09,-105.28,-17.9455,-50.5005,6.15944,1014.82
413738,0.487805,12.506,1.76949,25.9,4.13,-115.36,-17.1029,-51.5183,5.55361,1014.81
413744,0.73649,13.8259,1.1143,21.56,4.48,-123.69,-16.7542,-52.4126,5.30241,1014.81
413750,0.712578,12.9603,2.29555,22.05,4.83,-132.44,-16.5508,-50.9015,5.45017,1014.82
413756,0.746054,12.2382,3.21377,27.93,8.68,-139.09,-16.2021,-51.8883,5.65704,1014.82
413762,0.803443,13.1468,2.52989,31.22,9.17,-148.82,-14.4878,-53.9546,5.4354,1014.8
413768,0.143472,14.2994,1.99426,34.51,10.01,-158.9,-13.9938,-52.8752,6.33676,1014.8
413774,1.16212,14.3472,1.76949,31.36,9.45,-173.95,-13.587,-51.7341,7.34155,1014.8
413780,1.25299,14.8685,1.07604,35.63,6.02,-185.29,-12.3376,-53.9238,6.79483,1014.82
413786,0.980392,15.715,0.683883,34.65,6.16,-198.45,-11.2625,-54.4172,6.33676,1014.82
413792,1.09517,16.2984,0.344333,34.3,3.92,-215.18,-10.3617,-53.9854,7.35633,1014.82
413798,2.06121,17.3553,0.631277,34.02,0.7,-231.77,-9.31569,-54.263,6.82438,1014.82
413804,2.93161,18.4744,-0.243902,35.7,0.07,-251.72,-7.2236,-55.4657,6.86871,1014.82
413810,2.7451,20.966,-2.07078,33.04,-3.01,-275.94,-6.09039,-54.6331,8.13948,1014.82
413816,1.6021,23.3859,-3.5055,21.98,-12.88,-307.09,-5.97416,-54.5405,8.40545,1014.8
413822,2.65901,22.439,-4.13678,14,-16.31,-331.94,-3.73679,-55.6199,7.66663,1014.8
413828,3.89287,23.4816,-2.75466,3.64,-20.44,-360.43,-1.47036,-55.1882,7.51887,1014.8
413834,5.83931,24.0603,0.679101,3.29,-13.86,-388.43,0.447385,-54.3863,8.71576,1014.79
413840,6.10713,26.6906,3.93592,6.3,-2.1,-414.96,2.62664,-55.6816,8.16903,1014.79
413846,8.78049,24.9976,2.34816,-2.38,14.84,-455.28,5.0093,-55.5274,8.27247,1014.82
413852,3.03682,21.5782,3.86418,18.34,22.61,-484.26,7.62441,-54.0163,9.75011,1014.82
413858,-1.13821,23.4242,0.506934,37.8,13.37,-507.78,10.4429,-54.448,9.35114,1014.79
413864,2.01817,25.4854,-0.93735,33.04,-2.66,-523.53,12.9999,-55.0648,9.17383,1014.79
413870,-4.77284,23.9933,3.73027,65.66,8.33,-512.26,15.4116,-52.906,10.7253,1014.81
413876,-2.07556,35.4041,1.88427,52.08,-26.6,-511,17.2131,-52.9369,10.1786,1014.81
413882,3.27594,35.0885,0.636059,-12.18,-24.36,-512.4,21.1358,-52.2892,10.5185,1014.78
413888,3.31899,29.2396,1.5208,-10.5,-20.58,-507.5,23.1698,-50.8089,10.2082,1014.78
413894,3.9407,27.2788,-1.49689,-8.47,-28.91,-512.89,24.7098,-49.0202,10.6071,1014.78
413900,4.93544,24.4859,-1.97035,-15.12,-39.62,-498.82,27.0634,-48.8969,10.5037,1014.8
413906,6.00191,16.1071,-1.84122,5.88,-51.87,-456.68,30.7245,-46.954,8.92263,1014.8
413912,4.37111,14.6294,-5.7341,22.19,-73.01,-421.33,30.5793,-45.1653,11.4642,1014.77
413918,9.29699,11.9177,-6.20277,8.19,-127.33,-395.57,33.3978,-44.0242,11.0504,1014.77
413924,17.0349,-6.25538,-11.9943,3.5,-146.72,-372.47,36.3906,-42.7906,10.6219,1014.76
413930,2.17121,-8.29746,-12.8503,53.13,-4.34,-271.39,36.4197,-40.8477,10.4446,1014.76
413936,-19.3878,14.1272,2.78814,14,-76.02,-103.67,37.1751,-40.2617,10.2673,1014.71
413942,4.28503,10.0239,1.08082,4.9,-137.2,-3.57,38.3374,-40.3543,9.09995,1014.71
413948,12.4534,7.91965,-2.74032,41.3,-23.17,81.9,37.5529,-40.8477,9.51368,1014.71
413954,8.08226,11.3295,0.334768,17.29,-32.34,152.25,37.088,-40.601,9.67622,1014.78
413960,15.5763,9.28264,-3.06074,10.92,4.06,185.36,36.7683,-41.3411,8.46456,1014.78
413966,13.5581,10.5452,-2.70684,-7.28,27.16,203,36.071,-42.2663,8.03604,1014.75
413972,12.0564,8.43137,-1.55428,-17.01,40.53,214.34,34.531,-42.7598,9.88309,1014.75
413978,10.5739,6.06408,-0.793878,-20.02,56.49,225.54,34.6472,-43.3149,9.85354,1014.74
413984,8.54615,3.45768,-0.506934,-16.45,65.31,235.27,34.008,-44.8877,8.50889,1014.74
413990,7.99139,2.27642,-1.11908,-12.67,71.54,246.75,31.8578,-45.7204,8.80442,1014.75
413996,6.84361,1.97991,-1.58776,-8.75,74.55,262.5,29.9109,-46.2138,10.3855,1014.75
414002,6.04974,2.22382,-1.70253,-7.84,74.97,275.24,29.417,-48.0334,9.64667,1014.75
414008,4.8924,3.42898,-1.64036,-8.26,71.89,284.83,28.4291,-48.3726,9.54324,1014.73
414014,4.22286,4.31372,-1.69297,-9.94,66.99,294.56,25.8721,-48.866,10.2377,1014.73
414020,3.61071,5.11239,-1.62123,-13.65,59.57,302.54,24.9422,-49.7604,10.4594,1014.71
414026,3.04639,5.59541,-1.78862,-17.71,51.73,309.82,24.2449,-50.6547,10.415,1014.71
414032,1.81253,6.09278,-1.9034,-23.17,40.25,316.47,22.4724,-50.9631,10.7992,1014.72
414038,0.545194,6.02582,-2.02774,-25.13,27.51,322.77,21.0196,-51.5799,9.83876,1014.72
414044,-0.210426,5.84888,-1.41559,-23.73,12.67,328.51,19.5086,-53.1836,8.24291,1014.67
414050,-0.248685,5.76757,-1.06169,-19.25,-0.14,335.16,16.9807,-53.4303,8.08037,1014.67
414056,-0.286944,5.62888,-0.865614,-11.62,-13.16,342.79,16.0509,-52.2892,10.3855,1014.72
414062,0.0526064,5.53324,-0.483022,-3.29,-24.29,349.02,13.9007,-54.5097,6.66184,1014.72
414068,0.545194,5.67671,-0.35868,5.6,-34.16,356.93,12.1282,-54.5097,8.03604,1014.72
414074,1.26255,6.48015,-0.191296,13.72,-39.9,364,10.501,-53.7696,8.13948,1014.74
414080,1.64515,7.05882,0.0573888,20.86,-45.15,369.53,8.84479,-55.1265,8.59755,1014.74
414086,2.13773,8.05356,0.449546,26.39,-47.32,374.85,6.54931,-55.1882,8.28724,1014.69
414092,2.46294,8.83309,0.703013,31.71,-47.67,379.96,3.55646,-54.1396,8.58277,1014.69
414098,2.83118,9.90435,1.02343,35.42,-45.08,384.93,2.33608,-54.9723,8.19858,1014.73
414104,3.15638,10.7365,1.09995,38.78,-41.16,388.22,0.912294,-55.7125,7.72574,1014.73
414110,3.32855,12.1329,1.4395,40.32,-37.1,390.18,-1.35414,-54.7873,9.45458,1014.72
414116,3.39072,13.0273,1.62123,42,-31.22,393.05,-2.95226,-53.7387,8.74531,1014.72
414122,3.25203,14.2755,1.7934,42.21,-26.18,394.24,-5.85793,-55.0957,9.01129,1014.72
414128,3.5868,16.8388,0.172166,39.9,-20.86,389.27,-6.52624,-53.9238,9.1886,1014.73
414134,2.49163,16.8436,2.05165,42.21,-20.37,396.55,-10.1293,-52.8752,9.36592,1014.73
414140,2.56815,17.7092,1.85079,41.44,-13.09,399.84,-10.9429,-52.8135,8.95218,1014.76
414146,2.14252,18.8809,1.92252,41.09,-10.71,395.78,-13.558,-52.906,9.42502,1014.76
414152,2.01817,19.8422,1.83644,35,-8.61,393.82,-14.8365,-49.8837,9.20338,1014.72
414158,1.43472,20.3013,2.25729,35.42,-10.36,393.61,-17.3063,-49.5753,10.5776,1014.72
414164,1.78862,21.693,2.1186,35.91,-1.61,391.02,-19.689,-50.0688,10.9322,1014.75
414170,0.425634,23.2712,2.81683,35.91,-5.6,391.79,-21.0546,-47.9717,9.97175,1014.75
414176,-0.0143472,24.3137,3.27116,42.07,-7.63,388.43,-23.4082,-46.8615,10.4298,1014.75
414182,-0.61693,26.045,2.50598,48.16,-2.73,391.79,-25.1516,-47.3857,10.3412,1014.76
414188,-2.03252,28.4122,2.54902,47.18,2.87,403.9,-26.6045,-45.2269,10.8731,1014.76
414194,-4.04113,28.8331,1.82209,42.7,3.08,420.63,-28.7547,-42.3897,11.9666,1014.76
414200,-3.81157,30.0669,4.01243,43.82,15.54,426.09,-30.5852,-42.1738,11.8484,1014.76
414206,-5.16499,31.2004,2.37207,45.5,17.57,431.2,-32.0381,-40.6935,11.5233,1014.77
414212,-9.62219,31.4825,4.87327,33.39,18.48,440.09,-32.997,-36.8694,10.6515,1014.77
414218,-11.2195,32.9603,3.55811,37.38,31.78,432.39,-36.2223,-36.5301,10.8731,1014.76
414224,-16.198,34.3807,3.48637,24.5,21.28,417.2,-37.646,-35.2657,11.3016,1014.76
414230,-18.1349,35.055,1.19082,4.34,23.31,396.83,-38.1981,-33.0761,11.8484,1014.78
414236,-21.9656,34.9498,-3.18986,-27.44,16.38,364.77,-39.8253,-30.3313,11.3755,1014.78
414242,-24.3663,34.7872,-9.22525,-72.24,5.95,331.45,-41.3362,-30.6397,9.91265,1014.78
414248,-30.8274,26.7958,-10.5595,-114.24,-12.53,287,-42.0627,-28.666,10.5333,1014.8
414254,-35.3515,14.8302,-4.98326,-97.44,-38.36,238.56,-42.208,-26.7231,10.814,1014.8
414260,-41.6164,-3.27116,4.96891,-15.26,-63.07,194.25,-42.5276,-26.5689,9.58757,1014.79
414266,-44.878,-4.69153,2.63032,51.59,-82.53,151.13,-44.2419,-26.1063,10.5776,1014.79
414272,-46.8388,-2.25251,4.66284,106.68,-98.14,106.54,-43.3993,-23.7933,12.6611,1014.79
414278,-44.9354,4.01243,3.94548,137.55,-91.21,55.65,-43.254,-23.7933,13.1635,1014.79
414284,-43.7351,13.1181,3.95026,142.31,-85.54,-2.03,-42.9053,-23.8858,12.3655,1014.82
414290,-38.5844,17.0445,3.49115,135.94,-68.53,-64.12,-42.8181,-23.7625,14.449,1014.82
414296,-29.5648,20.373,3.1516,99.61,-52.64,-118.79,-42.0046,-23.2074,14.8775,1014.82
414302,-24.4476,19.0531,4.36155,67.41,-32.9,-164.64,-43.1668,-25.2736,14.8036,1014.82
414308,-2.70684,47.3266,42.7929,245.42,-290.64,-268.52,-41.8012,-25.5203,15.2026,1014.82
414314,-9.8374,32.726,-38.3118,-298.48,135.52,-302.96,-40.1159,-27.0315,15.7345,1014.83
414320,-13.0081,-44.5863,31.6308,101.71,-40.67,-260.68,-40.5808,-28.7585,16.3847,1014.83
414326,17.3936,12.0086,-10.3348,29.26,-35.56,-285.46,-39.3604,-29.1594,14.8923,1014.79
414332,12.3912,17.274,-8.30225,3.57,62.16,-276.99,-37.9947,-30.3313,15.7789,1014.79
414338,18.6753,12.2047,-1.1143,-102.34,72.52,-303.87,-36.8906,-31.7808,15.0548,1014.8
414344,12.3003,3.65375,-0.798661,-50.54,171.71,-334.46,-37.1811,-33.8779,14.1683,1014.8
414350,-3.11334,12.3721,6.56145,-37.52,174.58,-323.96,-35.3796,-34.7106,12.6758,1014.8
414356,-4.71066,8.21616,8.14921,-53.34,118.37,-316.89,-35.3506,-35.9133,13.0452,1014.81
414362,-5.20325,7.6088,10.7078,-23.94,113.89,-305.2,-34.3336,-38.3805,11.8484,1014.81
414368,-11.6404,12.3242,12.7021,6.51,103.25,-299.81,-32.4449,-38.9356,11.937,1014.77
414374,-19.4739,19.8278,9.25394,0.91,40.04,-265.65,-31.6022,-39.4907,10.8731,1014.77
414380,-18.5318,19.7561,6.91535,2.1,-40.39,-220.43,-31.0211,-41.2178,12.0404,1014.81
414386,-7.3649,13.9933,3.73505,-7.77,-75.39,-196.98,-29.3649,-42.1738,10.3412,1014.81
414392,-3.07508,13.0129,2.13773,16.66,-61.32,-203.35,-28.435,-41.2795,11.0209,1014.81
414398,1.33907,12.6877,-2.48685,0.7,-43.47,-180.81,-27.5343,-43.6233,12.7793,1014.81
414404,2.20469,13.0416,-5.45194,15.19,50.47,-169.19,-27.9992,-44.5485,12.5872,1014.78
414410,-10.067,15.7054,-9.54567,-33.46,80.85,-89.46,-26.7788,-43.7775,12.0257,1014.78
414416,-14.2898,21.9751,-7.27403,-76.44,38.99,-47.32,-26.6626,-43.87,11.5085,1014.78
414422,-2.34816,9.53132,2.31946,-96.6,-8.19,-46.34,-26.3139,-45.5045,9.66145,1014.79
414428,4.23721,7.59445,0.669536,-73.29,38.5,-50.68,-26.1977,-44.6101,10.7401,1014.79
414434,-1.35342,7.011,3.64897,-46.62,49,-41.23,-25.4422,-43.9934,10.5628,1014.81
414440,-4.29938,9.71784,3.2616,-42.98,26.81,-35.63,-26.2558,-45.3811,9.88309,1014.81
414446,-3.86896,9.29699,3.25681,-33.32,10.78,-25.69,-26.3139,-45.8437,8.30202,1014.81
414452,0.516499,10.067,-0.554758,-30.87,23.8,-19.88,-25.6456,-44.0242,8.95218,1014.81
414458,-0.282162,9.70827,0.870397,-28.84,15.61,-21.56,-26.0233,-45.5045,9.33637,1014.83
414464,0.396939,9.45002,1.07126,-27.93,12.18,-24.08,-25.7618,-46.5839,9.11472,1014.83
414470,0.368245,10.2391,0.73649,-26.6,15.54,-22.68,-25.6747,-45.9979,8.74531,1014.83
414476,-0.13869,9.90913,1.12865,-24.43,10.5,-24.29,-24.9773,-45.4737,9.29204,1014.81
414482,0.636059,9.64132,0.822573,-21.84,11.27,-23.31,-25.1516,-46.1521,8.24291,1014.81
414488,-0.373027,10.1626,1.04735,-16.52,7,-24.29,-25.355,-46.2447,7.59275,1014.79
414494,-0.588235,10.067,0.5978,-14.35,4.55,-22.19,-24.9192,-45.9671,8.02127,1014.79
414500,-0.095648,10.1722,1.2769,-14.63,-1.89,-18.83,-25.5584,-46.0596,7.53365,1014.8
414506,-0.0286944,9.09134,1.86035,-7.98,1.68,-20.09,-25.5584,-46.7073,7.84395,1014.8
414512,0.344333,10.3013,0.573888,-4.55,-0.21,-18.34,-24.9482,-45.7204,8.43501,1014.81
414518,-0.83692,10.33,0.13869,-7.98,-3.57,-17.36,-25.2388,-46.8615,6.69139,1014.81
414524,0.167384,10.0143,0.11956,-6.37,-3.15,-19.11,-25.4131,-47.1082,7.25289,1014.81
414530,-0.291726,9.89,0.980392,-6.86,-7.14,-15.68,-25.6165,-46.9231,8.25769,1014.82
414536,-0.253467,9.42133,1.20995,-5.18,-6.23,-16.59,-25.1226,-46.8615,8.13948,1014.82
414542,-0.272597,9.61741,0.899091,-4.13,-4.41,-15.19,-24.8611,-48.2184,5.64227,1014.79
414548,-0.13869,9.16786,1.58776,-1.05,-6.79,-14,-24.8901,-47.3549,7.53365,1014.79
414554,-0.129125,9.93783,0.741272,-1.26,-5.67,-13.51,-24.4833,-46.8923,7.93261,1014.8
414560,-0.401722,9.75131,1.28647,0.56,-4.2,-12.11,-24.5705,-47.6016,7.32678,1014.8
414566,-0.0526064,10.3443,-0.023912,-2.52,-2.31,-12.32,-25.0645,-48.1567,8.28724,1014.82
414572,-0.248685,9.88044,0.396939,-5.53,-3.08,-11.76,-24.7158,-46.3989,7.312,1014.82
414578,-0.095648,10.2343,0.0813008,-9.66,-1.89,-12.18,-24.1637,-46.8306,8.19858,1014.8
414584,-0.234338,10.3395,-0.0191296,-13.09,-1.47,-11.13,-25.0645,-47.8792,7.28245,1014.8
414590,-0.105213,10.5404,-0.267814,-18.55,0.28,-10.99,-24.1928,-46.8306,7.53365,1014.8
414596,-0.200861,10.4017,-0.10043,-23.73,-0.84,-11.9,-24.6577,-47.0465,7.38588,1014.79
414602,-0.023912,9.91392,0.176949,-25.97,1.82,-11.41,-23.9894,-47.6941,6.36631,1014.79
414608,-0.157819,9.92348,0.521282,-27.58,2.31,-12.25,-24.6286,-47.324,6.5584,1014.8
414614,0.0573888,9.73697,0.243902,-27.93,-0.07,-12.11,-24.7739,-47.0773,6.63228,1014.8
414620,-0.0860832,9.73218,0.674318,-27.09,0.07,-13.51,-23.4954,-47.7558,6.5584,1014.81
414626,-0.143472,10.3682,0.612147,-26.04,-1.89,-14.07,-24.2218,-47.4782,6.48452,1014.81
414632,-0.492587,10.2869,0.535629,-28.07,-6.93,-15.75,-23.3792,-47.4166,7.29722,1014.81
414638,0.162602,10.0143,0.373027,-28.49,-8.61,-16.66,-23.786,-47.4474,6.05601,1014.81
414644,-0.37781,10.0956,0.923003,-28,-9.59,-16.73,-24.5995,-50.1305,4.91822,1014.81
414650,-0.291726,10.0335,0.870397,-28.91,-11.34,-17.85,-22.8852,-48.0642,6.95737,1014.8
414656,-0.129125,9.84218,0.85605,-31.29,-11.9,-19.81,-23.6988,-47.6324,5.86391,1014.8
414662,-0.396939,10.1339,0.985174,-28.98,-13.58,-18.55,-23.4373,-49.4212,4.90345,1014.79
414668,-0.196078,9.50263,0.631277,-29.26,-12.18,-20.23,-23.1177,-48.496,5.52406,1014.79
414674,-0.454328,10.5595,1.21951,-28.21,-15.05,-20.93,-22.5946,-47.0773,6.18899,1014.8
414680,-0.272597,11.9034,-0.0095648,-38.15,-20.58,-24.43,-23.3501,-48.8044,4.59314,1014.8
414686,-0.148254,10.5165,0.0430416,-42.7,-20.79,-24.78,-22.798,-48.5268,4.34194,1014.82
414692,-0.0860832,9.37829,1.33429,-44.66,-21.63,-28.14,-22.3041,-48.3418,4.46015,1014.82
414698,0.114778,8.98135,1.49211,-38.08,-19.67,-29.26,-22.8271,-49.5137,4.87389,1014.82
414704,-0.707795,9.18699,1.7934,-36.19,-16.8,-27.44,-22.7109,-49.9146,3.677,1014.8
414710,-0.636059,9.16786,2.00383,-38.01,-17.15,-29.89,-22.275,-49.3595,5.03643,1014.8
414716,-1.18125,8.58919,1.70732,-29.47,-13.3,-29.68,-22.0716,-48.1567,5.73092,1014.8
414722,-0.602582,8.67527,2.10904,-28.49,-12.04,-31.43,-21.4614,-49.8221,3.18938,1014.8
414728,0.234338,10.0909,3.08465,-21.56,-9.03,-32.34,-21.8682,-48.8969,3.49969,1014.83
414734,0.10043,10.0096,2.20947,-18.9,-10.15,-36.05,-21.2871,-48.3109,4.53404,1014.83
414740,1.91296,11.6069,3.66332,-14.14,-8.33,-44.73,-21.3161,-49.3286,4.35672,1014.85
414746,1.92731,11.3199,4.04113,-13.02,-4.48,-52.08,-21.7229,-50.7781,2.08115,1014.85
414752,0.463893,9.74653,3.51985,-7.7,0.07,-54.32,-21.0837,-49.4828,4.13507,1014.84
414758,1.42037,9.01482,3.27116,2.17,4.41,-58.17,-20.6478,-50.0071,4.3715,1014.84
414764,0.822573,10.3874,3.31899,10.5,3.08,-63.49,-20.5025,-50.6239,2.74609,1014.84
414770,-0.215208,11.0378,3.29029,14,5.46,-66.57,-20.0667,-50.6547,3.15983,1014.81
414776,0.545194,10.4543,1.78384,8.61,6.65,-74.41,-20.2701,-50.994,3.51446,1014.81
414782,1.1956,11.8173,1.25777,12.74,12.25,-78.4,-19.6599,-52.2276,2.96774,1014.81
414788,-0.569106,12.1329,2.59206,14,4.97,-82.25,-18.5267,-50.3772,3.21894,1014.81
414794,0.712578,12.8216,0.813008,12.39,6.37,-92.26,-18.7301,-50.6239,3.79522,1014.79
414800,0.822573,12.4486,0.93735,12.95,4.34,-100.38,-17.7712,-50.7473,4.1794,1014.79
414806,0.320421,13.2807,1.09995,11.62,3.01,-108.92,-17.2482,-52.2276,4.35672,1014.83
414812,1.06648,12.7021,1.02343,10.22,1.33,-118.23,-16.638,-50.9631,4.84434,1014.83
414818,0.406504,12.7307,1.98948,10.43,2.03,-124.74,-16.2603,-50.9323,3.47014,1014.83
414824,0.0143472,12.5347,2.95552,12.39,2.38,-130.55,-14.8946,-52.6285,3.07117,1014.83
414830,0.980392,12.7355,2.52511,16.59,7.98,-140.14,-15.4176,-52.2892,4.77046,1014.83
414836,1.07126,12.3912,3.18986,17.22,5.88,-151.76,-13.9938,-51.9809,4.04641,1014.82
414842,1.39646,12.5873,2.34816,26.39,14,-158.34,-13.1512,-53.7079,3.29282,1014.82
414848,-0.047824,12.6447,1.64515,28.63,8.89,-170.45,-13.0931,-53.0911,3.39625,1014.81
414854,1.07126,13.6394,2.0373,32.27,10.22,-180.25,-11.2625,-52.4126,3.55879,1014.81
414860,1.24821,15.5141,1.94165,34.79,11.76,-192.22,-10.6814,-54.0163,4.06119,1014.85
414866,1.53037,16.6858,1.07604,34.23,14.07,-209.51,-9.95494,-54.2013,4.34194,1014.85
414872,1.69775,18.3357,0.49737,36.61,16.8,-227.01,-9.02512,-53.2453,5.95257,1014.85
414878,2.05165,20.0048,-1.6834,30.8,6.23,-248.99,-8.03719,-54.5405,4.57836,1014.85
414884,2.5825,21.3295,-2.64945,21.14,5.04,-272.23,-6.23567,-55.1573,4.29761,1014.85
414890,2.5538,23.2377,-3.95504,7.07,0,-295.33,-4.98623,-55.219,7.41543,1014.82
414896,2.61597,24.132,-4.19416,-8.47,-6.23,-319.76,-3.24282,-54.6639,6.20377,1014.82
414902,4.83022,23.1803,-2.10904,-23.66,-10.85,-347.62,-0.831112,-56.0517,5.33196,1014.85
414908,3.55811,23.9311,1.10952,-16.31,-0.91,-374.08,0.650783,-55.4041,5.79003,1014.85
414914,6.47059,22.0851,0.468675,-13.65,-1.96,-411.81,2.77193,-54.8181,7.34155,1014.83
414920,4.77762,23.759,1.04256,-4.83,9.17,-438.34,5.96817,-55.8667,6.20377,1014.83
414926,3.50072,27.5466,0.483022,-11.13,12.88,-466.83,8.26366,-56.0825,5.55361,1014.8
414932,3.06074,27.8336,0.157819,-22.82,-4.48,-502.32,9.86178,-55.1882,5.90824,1014.8
414938,6.11191,26.8675,-0.61693,-33.67,7.7,-511.7,12.8546,-54.7873,6.2481,1014.8
414944,0.463893,21.8747,3.4242,-1.89,31.99,-512.68,15.9056,-54.6947,4.29761,1014.83
414950,3.73505,34.1559,0.301291,-3.71,-26.04,-529.97,16.5448,-54.5405,5.37629,1014.83
414956,5.08847,26.2362,0.157819,-10.85,-1.68,-530.6,20.4384,-51.765,5.76048,1014.77
414962,-0.784314,24.7441,3.39072,4.48,-20.44,-523.11,23.9253,-51.5491,4.96255,1014.77
414968,2.1186,24.0363,-1.05691,16.31,-25.83,-520.1,25.9011,-50.7164,6.78005,1014.77
414974,3.57724,27.3075,-0.774749,13.23,-49.84,-508.9,27.6445,-47.6016,8.34635,1014.77
414980,6.00669,21.6547,-2.50598,21.49,-46.76,-473.2,30.5211,-47.6633,6.94259,1014.78
414986,3.86896,20.9995,-5.17934,23.45,-68.25,-450.31,32.4679,-45.7821,6.89826,1014.78
414992,9.30177,14.285,-3.65375,15.26,-135.59,-415.73,33.514,-43.9934,7.19379,1014.78
414998,12.1521,0.875179,-10.7795,10.78,-141.54,-335.3,35.8385,-42.6672,6.17422,1014.74
415004,6.54711,-16.2697,-7.6088,30.94,-44.52,-255.78,37.7563,-41.6804,5.36151,1014.74
415010,-14.2946,9.65567,-8.19225,30.17,7.77,-69.02,36.6521,-40.8169,7.03125,1014.75
415016,-1.23864,10.1339,3.96939,3.78,-121.8,58.31,37.4076,-40.2617,6.27765,1014.75
415022,14.8063,5.93974,-4.1033,45.43,-25.48,148.4,37.5819,-41.7421,5.73092,1014.72
415028,9.54567,10.9613,-0.903874,37.8,-13.3,213.71,36.3906,-41.9271,6.72094,1014.72
415034,14.5624,9.42611,-3.46724,27.58,-5.32,246.05,35.3155,-42.2972,7.59275,1014.76
415040,14.4668,9.26829,-3.15638,24.78,24.22,255.71,34.3566,-43.8392,5.03643,1014.76
415046,12.0421,8.66571,-1.3582,15.75,26.88,254.94,33.5721,-44.826,7.04602,1014.76
415052,11.0904,6.84361,-1.77905,19.74,30.8,246.33,31.2766,-45.9363,6.3072,1014.79
415058,9.7274,5.93018,-1.92252,17.5,34.16,241.08,31.5091,-46.6764,7.16424,1014.79
415064,8.71832,2.63988,-1.65949,22.96,37.31,238.14,30.8408,-47.2315,6.89826,1014.74
415070,7.68053,2.71162,-1.66906,27.51,37.66,239.82,28.7487,-46.8923,7.57797,1014.74
415076,6.3845,2.58728,-1.5208,29.82,37.45,246.75,28.3419,-48.3418,7.16424,1014.77
415082,5.56193,3.41463,-1.50646,32.76,35.77,255.22,28.0513,-49.4212,7.5632,1014.77
415088,4.24677,4.47633,-1.61167,30.8,33.18,264.46,25.6105,-48.8044,8.83397,1014.72
415094,3.1516,4.95457,-1.69297,30.03,29.05,277.2,23.6928,-49.8529,9.41025,1014.72
415100,2.1186,5.10282,-0.946915,30.31,22.33,291.13,23.3732,-50.8398,7.48932,1014.7
415106,1.64993,5.34672,-0.406504,31.64,12.67,305.41,21.9203,-51.2407,8.76009,1014.7
415112,1.2769,5.36107,-0.0191296,37.59,5.11,322.56,20.206,-51.4874,9.21815,1014.7
415118,1.10473,5.49976,0.25825,41.93,-1.82,338.87,18.2301,-51.95,8.55322,1014.68
415124,1.25299,6.1406,0.655189,47.81,-8.12,353.92,17.8524,-54.0163,7.6223,1014.68
415130,1.8747,7.21664,1.29603,55.51,-13.86,363.65,14.6561,-52.8135,9.32159,1014.68
415136,2.27642,6.88187,1.41081,60.06,-18.2,368.41,13.1743,-53.3995,8.61232,1014.68
415142,2.65901,7.47967,1.96078,65.24,-20.37,374.36,11.1984,-55.4966,8.77486,1014.69
415148,2.73553,8.18747,2.34816,68.6,-21.28,377.09,8.99008,-54.6331,9.11472,1014.69
415154,3.16595,9.13917,2.65423,70.7,-20.58,375.41,6.37497,-54.8489,9.14427,1014.73
415160,3.11334,9.96652,2.85988,71.47,-19.74,374.36,5.09647,-55.6508,9.45458,1014.73
415166,2.82162,11.2912,2.75944,70.21,-19.32,373.1,3.41118,-55.3115,9.4398,1014.73
415172,2.41033,12.1186,2.82162,67.69,-18.97,371.21,0.970406,-54.7256,10.4298,1014.72
415178,1.91296,13.2999,2.88857,62.93,-18.83,369.67,-0.453375,-55.1265,11.1095,1014.72
415184,1.65471,14.0363,2.93161,59.15,-20.65,368.13,-2.42924,-56.1751,10.0456,1014.75
415190,1.03778,18.1923,1.53037,52.08,-11.41,365.89,-4.11453,-53.5537,10.814,1014.75
415196,1.00909,16.3988,2.73075,47.25,-20.79,376.18,-6.46813,-53.5845,10.8436,1014.75
415202,0.200861,15.8202,3.47202,49.98,-28.91,373.66,-7.86285,-54.263,11.0652,1014.75
415208,-0.267814,16.3654,2.80727,49.35,-32.06,372.68,-10.1293,-52.4434,12.2178,1014.72
415214,-0.674318,16.8149,3.3142,49.56,-34.58,383.6,-11.6112,-51.2407,12.6463,1014.72
415220,-0.229555,17.451,2.83118,54.04,-31.36,389.41,-13.0931,-51.2715,10.7253,1014.72
415226,-1.08082,19.5887,3.6681,52.92,-38.57,387.66,-15.621,-51.179,12.1291,1014.72
415232,-0.530846,19.8183,4.08895,62.79,-41.93,388.85,-16.8705,-49.1744,13.2669,1014.72
415238,-0.37781,21.7217,4.06982,66.15,-38.22,393.12,-18.6139,-49.1744,12.2769,1014.77
415244,0.095648,22.6638,4.09373,70.84,-34.3,398.02,-20.9965,-48.5576,12.9714,1014.77
415250,-0.473458,24.878,4.28981,71.54,-29.68,404.67,-22.4203,-46.2447,12.6906,1014.74
415256,-0.325203,25.7771,5.11239,73.92,-19.95,422.8,-24.6286,-45.0419,13.3703,1014.74
415262,-0.387374,27.6518,5.1076,70.42,-5.53,437.5,-26.8369,-44.4559,12.4985,1014.78
415268,-2.46294,27.8766,5.99713,61.6,7.7,457.17,-28.406,-42.4514,14.5377,1014.78
415274,-1.80775,28.6896,5.0263,63.07,30.59,465.08,-29.9751,-39.8608,14.4047,1014.8
415280,-4.68675,30.263,5.18412,55.02,40.6,464.03,-33.1422,-39.83,14.1091,1014.8
415286,-7.04448,32.0086,4.68675,46.83,49.91,456.96,-34.0721,-36.9002,13.8875,1014.8
415292,-12.8312,34.768,3.60115,36.75,52.15,442.4,-35.0309,-33.8162,14.7741,1014.79
415298,-16.0402,36.7097,1.033,12.11,52.15,417.13,-36.3675,-33.3536,14.4194,1014.79
415304,-20.9852,37.3601,-2.72119,-21.42,49.21,384.02,-38.9245,-32.4593,13.9909,1014.8
415310,-23.5007,36.3797,-7.03969,-66.36,37.87,344.68,-39.7091,-29.5912,14.8923,1014.8
415316,-29.5696,31.7408,-12.8742,-120.75,25.76,300.51,-40.8713,-28.4501,13.8727,1014.8
415322,-34.3568,21.7647,-9.52654,-143.36,-5.18,248.01,-41.6268,-28.9436,13.1339,1014.8
415328,-38.9526,4.09852,-0.506934,-92.96,-31.99,197.96,-41.8593,-26.6614,13.193,1014.76
415334,-43.7303,-6.93926,8.24008,9.38,-65.8,152.67,-42.237,-24.9036,13.9614,1014.76
415340,-44.6628,-3.37159,3.71114,75.18,-73.15,113.47,-43.1959,-25.7671,14.3456,1014.76
415346,-44.5194,0.93735,4.23721,121.66,-74.41,73.71,-42.8181,-24.7494,14.0796,1014.79
415352,-43.5438,8.84744,5.51889,148.26,-64.33,32.76,-42.6729,-22.5597,15.439,1014.79
415358,-41.9417,14.5241,4.83501,141.75,-62.02,-14,-43.6317,-23.2999,15.2765,1014.79
415364,-32.506,20.043,3.11812,104.51,-37.1,-66.78,-43.4574,-24.2868,15.4686,1014.79
415370,-26.3319,19.6652,4.72023,80.5,-16.66,-107.8,-42.1789,-23.1765,14.8184,1014.84
415376,-19.3209,18.704,4.3472,40.74,16.17,-147.14,-42.1789,-24.1017,16.4734,1014.84
415382,-17.2597,17.1879,4.99761,33.81,45.85,-177.94,-42.4404,-25.8287,16.1778,1014.81
415388,28.1827,96.638,83.5868,304.64,-311.5,-340.41,-40.8423,-25.7671,16.6064,1014.81
415394,25.208,42.9699,-60.6887,-187.95,32.34,-285.39,-38.8374,-26.5997,16.7985,1014.8
415400,12.8742,-20.3778,-17.9962,131.81,38.36,-220.85,-39.5347,-28.8202,16.7098,1014.8
415406,17.4318,22.0469,-12.7786,4.27,106.68,-278.39,-38.8664,-29.6837,15.9562,1014.8
415412,8.21616,16.9823,-4.43807,-68.74,99.12,-310.17,-37.8494,-30.7939,16.3108,1014.79
415418,13.4816,8.37398,3.45768,-114.03,119.84,-333.06,-37.9947,-32.2743,15.2322,1014.79
415424,4.2946,1.98948,5.38498,-69.02,180.25,-322.28,-37.617,-34.7106,14.1091,1014.81
415430,-4.16547,6.68101,8.41224,-48.93,154.91,-331.31,-35.9026,-35.2349,13.9909,1014.81
415436,-9.45959,9.10091,7.70445,-44.8,119,-331.94,-35.2343,-37.1778,12.4099,1014.79
415442,-10.0574,10.7891,10.5308,-19.46,82.74,-319.41,-33.9849,-38.5656,12.3655,1014.79
415448,-11.7934,16.4658,12.769,-11.48,69.79,-298.41,-32.503,-39.0898,11.0504,1014.83
415454,-17.3553,20.9852,8.4505,3.22,8.96,-258.3,-31.2535,-39.83,11.2425,1014.83
415460,-10.0478,16.0258,3.50072,-52.43,-62.51,-221.41,-30.9049,-41.6804,11.5676,1014.83
415466,-4.5911,13.539,1.92252,-24.15,-78.4,-217.7,-29.5392,-42.4822,12.1291,1014.8
415472,-1.49211,12.4342,0.93735,-10.15,-58.8,-207.41,-29.1324,-42.4205,13.4885,1014.8
415478,2.30033,13.3142,-3.13247,4.2,-12.04,-189.63,-28.2607,-43.5308,11.4642,1014.83
415484,-7.23099,31.9369,-16.9106,-36.19,138.67,-95.06,-27.389,-44.7643,11.6563,1014.83
415490,-18.7566,19.4931,-6.47059,-41.79,84.63,-53.48,-27.0113,-44.055,12.1439,1014.81
415496,-11.7264,18.0583,3.27594,-101.01,-10.15,-43.96,-26.5464,-44.4559,11.1982,1014.81
415502,4.46676,6.0593,3.28073,-71.68,-7.28,-46.41,-26.866,-46.3372,8.96696,1014.81
415508,5.82018,5.16499,2.09469,-38.36,42.28,-50.82,-27.0113,-45.1344,10.5185,1014.81
415514,-3.11334,10.3443,1.66906,-31.85,47.6,-43.82,-26.5754,-43.9934,9.88309,1014.81
415520,-4.28981,8.18269,5.25108,-26.81,12.39,-32.13,-26.5464,-45.5045,8.13948,1014.81
415526,-0.506934,9.36872,0.731707,-18.48,9.45,-25.69,-25.878,-46.1213,8.16903,1014.81
415532,-0.263032,10.6552,0.655189,-12.81,13.02,-20.02,-26.4592,-44.826,9.41025,1014.81
415538,-0.35868,11.6882,0.827355,-20.93,1.05,-21.49,-26.2267,-45.9671,9.14427,1014.81
415544,1.02343,9.19177,0.85605,-10.29,10.57,-24.64,-26.1396,-46.4605,9.11472,1014.82
415550,-0.889526,10.483,1.15734,-13.93,11.97,-24.5,-25.5584,-45.9671,9.36592,1014.82
415556,-0.554758,10.5022,0.277379,-12.53,2.59,-20.65,-25.5294,-45.9363,10.223,1014.8
415562,-0.0143472,10.2582,0.750837,-14.21,-0.21,-20.58,-25.0935,-47.2315,8.19858,1014.8
415568,0.631277,10.7508,-0.291726,-13.58,2.1,-23.03,-25.2969,-46.4297,9.61712,1014.83
415574,-0.248685,10.8034,0.765184,-15.12,1.96,-19.81,-24.7448,-45.4428,8.98173,1014.83
415580,-0.248685,9.62697,1.80296,-15.26,-3.71,-17.71,-24.7739,-46.4914,9.26248,1014.83
415586,0.483022,9.54089,1.19082,-9.1,-0.35,-19.6,-25.6165,-46.7381,8.15425,1014.81
415592,-0.334768,10.4448,0.13869,-8.26,-0.35,-19.74,-24.6286,-45.7512,9.70578,1014.81
415598,-0.521282,10.0143,0.822573,-10.43,-4.48,-18.27,-24.4543,-46.3372,8.03604,1014.85
415604,0.45911,10.1243,0.243902,-10.5,-2.24,-19.81,-25.0354,-46.6147,8.99651,1014.85
415610,-0.0430416,10,0.57867,-12.32,-2.94,-18.55,-25.0354,-46.1521,9.67622,1014.82
415616,0.143472,9.79914,0.679101,-10.64,-1.47,-18.06,-24.7739,-46.5222,9.23293,1014.82
415622,-0.172166,9.63175,0.870397,-11.62,-0.63,-18.48,-24.1928,-47.6941,8.95218,1014.78
415628,-0.229555,9.61741,0.822573,-10.92,-1.89,-16.03,-24.4833,-46.9231,7.60753,1014.78
415634,-0.291726,9.87087,1.33907,-10.22,-2.8,-15.68,-24.338,-46.2447,9.67622,1014.78
415640,-0.286944,9.64132,0.865614,-11.41,-2.17,-14.91,-24.6577,-47.1698,8.22814,1014.8
415646,0.35868,9.66045,0.626494,-10.99,2.38,-15.05,-23.6697,-47.1082,8.15425,1014.8
415652,-0.487805,9.78957,0.803443,-11.76,2.73,-14.35,-23.9312,-46.0288,8.1247,1014.83
415658,-0.310856,10.2582,0.210426,-13.72,-2.03,-13.37,-23.6407,-47.2315,8.78964,1014.83
415664,-0.023912,10.0909,0.0095648,-17.08,0.14,-13.44,-24.338,-47.725,7.99171,1014.81
415670,-0.0669536,10.1435,-0.023912,-22.75,1.82,-14.28,-24.2218,-46.5222,8.42023,1014.81
415676,0.0526064,10.6217,-0.583453,-23.87,-0.28,-13.79,-24.338,-46.7998,7.97694,1014.83
415682,-0.315638,10.1626,0.162602,-27.86,-1.75,-13.93,-24.2799,-48.095,6.89826,1014.83
415688,-0.105213,9.45481,0.703013,-29.47,-2.66,-14.98,-23.7278,-47.0773,8.33157,1014.83
415694,0.229555,10.4208,0.45911,-26.53,-0.98,-14.98,-23.5244,-47.0157,7.57797,1014.8
415700,-0.291726,10.0048,0.655189,-29.26,-2.94,-16.31,-24.2799,-48.866,7.54842,1014.8
415706,0.61693,9.7274,0.301291,-26.46,-4.06,-17.29,-23.815,-48.2184,8.33157,1014.82
415712,-0.492587,10.0143,0.722142,-28.21,-4.55,-17.22,-23.1467,-47.7866,7.5632,1014.82
415718,-0.511717,10.4161,1.11908,-25.76,-7.91,-16.17,-23.292,-47.91,7.10513,1014.79
415724,0.157819,10.3156,0.569106,-30.17,-7.28,-18.83,-22.6818,-48.5885,6.70617,1014.79
415730,-1.02822,8.44094,1.72166,-31.08,-9.45,-35.84,-22.798,-47.2624,7.43021,1014.82
415736,0.33955,9.56002,1.6308,-26.11,-7.91,-17.92,-22.6237,-47.8483,7.43021,1014.82
415742,-0.650406,8.78049,1.70253,-20.58,-10.22,-19.11,-22.9143,-50.0071,6.26287,1014.84
415748,0.196078,9.84696,0.798661,-23.24,-9.38,-19.88,-22.7109,-48.1259,6.78005,1014.84
415754,-1.05691,9.45002,1.34864,-29.19,-17.29,-23.38,-22.1297,-47.9717,6.82438,1014.84
415760,0.779531,9.39263,-0.344333,-23.52,-11.2,-20.44,-22.1878,-49.5445,6.15944,1014.83
415766,-0.726925,8.76136,1.33907,-28.77,-17.92,-21.42,-22.4493,-48.6193,5.98212,1014.83
415772,-0.0765184,8.74223,1.00909,-22.26,-14.07,-20.93,-22.1007,-48.2801,6.23332,1014.79
415778,-0.612147,8.93352,1.06648,-21.7,-13.93,-20.3,-22.4203,-48.9586,7.14946,1014.79
415784,-0.569106,9.13917,1.74558,-18.97,-12.32,-18.69,-21.258,-49.2978,5.36151,1014.8
415790,-0.129125,9.91392,2.00861,-17.64,-12.6,-20.86,-21.781,-48.496,6.86871,1014.8
415796,0.181731,10.4208,1.73123,-20.16,-12.04,-26.25,-21.0256,-49.1744,6.27765,1014.82
415802,0.631277,9.63654,1.6021,-13.86,-8.47,-28.63,-21.3452,-49.6062,4.63747,1014.82
415808,1.29125,11.033,4.56719,-14.84,-8.89,-31.78,-21.4033,-49.5137,5.56838,1014.82
415814,1.29125,10.923,3.25203,-8.96,-5.04,-41.09,-21.6939,-48.8044,6.23332,1014.81
415820,0.5978,9.72262,2.37207,-13.79,-0.56,-48.79,-20.6478,-49.9454,4.3715,1014.81
415826,0.5978,9.74653,2.40555,0.21,5.11,-47.04,-22.1007,-49.6987,4.6818,1014.83
415832,-0.243902,9.78479,2.89335,0.91,-6.37,-49.14,-20.3573,-49.1128,5.52406,1014.83
415838,0.200861,9.41176,3.1803,6.86,-2.1,-51.52,-20.3573,-49.5137,4.9921,1014.84
415844,1.57341,10.8513,2.26686,12.32,6.51,-62.37,-19.718,-50.9015,4.00209,1014.84
415850,0.564323,12.1282,2.08991,16.94,3.99,-65.52,-19.9214,-49.5137,5.70137,1014.84
415856,0.148254,12.0708,2.09469,12.39,1.12,-70.49,-19.4565,-49.8529,5.86391,1014.84
415862,0.645624,12.7021,1.30081,14.84,3.64,-79.17,-18.5557,-51.179,5.86391,1014.84
415868,1.15256,12.2286,1.77427,18.34,0.49,-88.48,-18.3523,-50.1921,5.55361,1014.84
415874,1.07604,13.142,1.42994,13.93,1.26,-99.26,-18.3814,-49.8221,7.43021,1014.84
415880,0.703013,13.2042,1.24821,16.8,1.19,-106.54,-18.5557,-51.5183,5.12509,1014.8
415886,0.69823,13.3668,1.62123,12.6,0.7,-114.45,-17.1901,-51.6416,6.4993,1014.8
415892,1.02343,12.1664,2.33381,10.15,-1.05,-124.46,-16.9867,-50.223,7.32678,1014.83
415898,1.67384,12.4295,2.08034,16.87,6.51,-132.09,-15.6501,-51.7341,6.04123,1014.83
415904,0.827355,12.329,3.40029,21.07,7.91,-140.07,-15.5629,-52.536,5.02166,1014.86
415910,0.530846,12.7977,3.45768,26.81,11.06,-148.26,-14.4297,-51.5799,5.73092,1014.86
415916,0.49737,13.2472,1.53515,28.77,11.06,-158.62,-13.587,-51.765,5.64227,1014.83
415922,1.15256,13.9216,2.066,29.54,9.31,-169.89,-12.6282,-52.9986,5.70137,1014.83
415928,0.640842,14.395,1.70253,34.86,10.64,-179.97,-11.6983,-52.6593,5.1842,1014.83
415934,0.707795,14.5576,1.16212,35.14,5.81,-193.41,-11.6112,-52.7827,7.03125,1014.83
415940,1.28168,16.1023,0.554758,34.23,6.51,-207.06,-9.08324,-53.8312,6.52885,1014.83
415946,1.97513,16.7097,1.4395,37.24,7.63,-222.81,-9.05418,-53.3995,7.53365,1014.8
415952,2.08513,18.6322,-0.277379,31.29,6.3,-243.46,-7.48511,-52.4126,8.56799,1014.8
415958,1.31516,19.2731,-2.33381,26.11,1.75,-263.41,-5.71265,-54.1705,8.1247,1014.84
415964,0.49737,20.483,-3.53898,21.7,-4.69,-283.78,-4.63755,-54.2013,6.79483,1014.84
415970,2.79292,20.6456,-3.55332,5.25,-15.05,-307.65,-3.73679,-53.677,9.46935,1014.81
415976,3.08943,21.1956,-2.49163,1.54,-13.16,-330.68,-1.29602,-53.7079,8.73053,1014.81
415982,4.14156,21.7025,1.06648,-1.26,-12.95,-357.63,-0.279033,-55.4041,7.74052,1014.81
415988,5.78192,25.0311,3.18986,-3.01,-3.92,-379.75,1.63871,-54.2938,7.72574,1014.82
415994,7.99617,25.7771,1.40124,-10.99,9.31,-413.98,3.75986,-54.1705,9.54324,1014.82
416000,5.11717,23.6872,2.23338,-10.57,15.75,-444.43,7.3629,-55.3424,8.68621,1014.83
416006,2.10904,24.6389,1.40603,1.4,25.06,-473.97,9.28064,-55.2499,9.76488,1014.83
416012,1.82209,28.3883,2.32903,-10.43,6.86,-498.54,11.024,-53.1528,8.65665,1014.82
416018,0.363462,18.8187,0.516499,9.45,30.38,-502.74,13.9878,-53.5845,8.90785,1014.82
416024,-5.85366,20.3922,6.01148,68.46,-5.04,-501.48,16.6611,-53.8312,9.05562,1014.82
416030,3.59158,32.7642,-3.00335,12.25,-18.9,-508.76,18.8403,-51.4566,11.0061,1014.82
416036,1.61167,24.4381,2.86944,25.2,-12.67,-501.69,20.8743,-50.9323,10.415,1014.82
416042,-1.01865,31.4108,0.0286944,11.48,-21.77,-488.11,23.5766,-50.6856,9.36592,1014.78
416048,2.99856,33.649,-3.82592,-16.87,-31.85,-488.32,25.9302,-48.9586,11.0504,1014.78
416054,7.83835,23.5581,-2.84075,-45.29,-46.76,-474.11,27.6445,-46.9848,9.95698,1014.78
416060,5.85366,12.6877,-0.148254,-0.91,-43.47,-441.91,30.6955,-46.5839,8.9374,1014.78
416066,1.57341,12.0277,-4.34242,11.83,-78.26,-412.79,33.1653,-45.0419,9.27726,1014.77
416072,6.04495,7.46533,-5.07891,12.39,-137.13,-361.27,33.3106,-43.3149,9.63189,1014.77
416078,14.7537,-11.7312,-12.4916,17.57,-124.88,-325.01,35.3736,-43.6233,7.40066,1014.76
416084,-10.2535,-7.50837,-12.0421,60.55,31.78,-185.99,37.64,-42.0813,8.96696,1014.76
416090,-19.6031,13.9742,3.04639,27.02,-111.37,-40.95,36.9136,-39.6141,9.08517,1014.75
416096,11.889,6.10234,-4.39981,44.31,-98.56,41.51,36.6521,-40.8477,8.6271,1014.75
416102,9.41176,8.71353,-3.37637,67.55,-24.08,122.43,38.0759,-41.372,9.3807,1014.75
416108,10.3395,9.70349,-0.932568,45.78,-38.92,170.38,36.2163,-41.5879,8.28724,1014.78
416114,14.065,9.61262,-2.65423,45.43,-10.57,191.8,35.1412,-41.9579,10.4741,1014.78
416120,12.1377,11.4491,-2.65423,27.16,7.35,202.93,35.8385,-43.1298,9.11472,1014.75
416126,11.3965,10.153,-1.94644,13.86,17.22,202.65,34.5019,-43.6541,9.67622,1014.75
416132,9.63654,7.57532,-1.12386,6.79,26.67,199.57,32.1483,-44.4559,9.24771,1014.71
416138,8.89048,6.53276,-1.67862,-1.61,35.42,200.55,32.6423,-45.1961,10.0161,1014.71
416144,7.59923,3.8594,-1.33429,-5.81,40.39,202.23,31.974,-46.2138,9.15905,1014.77
416150,6.6571,2.69727,-1.37733,-4.27,42,208.18,30.7827,-45.9054,10.7253,1014.77
416156,5.52367,2.12339,-1.43472,-3.08,43.4,214.48,29.6204,-46.4605,10.09,1014.77
416162,4.91631,2.20469,-1.1956,1.33,42.07,221.76,29.2717,-47.9717,9.04084,1014.7
416168,3.7494,2.52511,-0.832138,7.56,37.94,230.58,27.6736,-48.5268,9.77966,1014.7
416174,2.91248,2.84553,-0.95648,13.02,32.83,243.11,26.0173,-48.3726,9.67622,1014.73
416180,2.38642,3.53898,-1.38211,16.73,28.77,256.9,25.4943,-51.179,9.08517,1014.73
416186,2.1999,4.19895,-1.26734,18.34,23.52,271.04,24.2158,-50.5931,11.1834,1014.69
416192,1.86514,5.09804,-1.06169,19.74,15.75,283.92,23.0245,-50.1305,10.7697,1014.69
416198,1.50646,5.53802,-1.033,20.44,8.68,297.57,22.1818,-51.179,9.79444,1014.71
416204,1.53037,6.10713,-1.09995,20.58,2.94,308.98,20.6418,-52.8135,9.83876,1014.71
416210,1.10473,6.16451,-0.846485,22.33,-5.18,319.41,18.2592,-53.0294,10.9027,1014.71
416216,1.32472,6.48015,-0.731707,23.03,-12.04,329.63,16.4867,-52.9677,10.6958,1014.68
416222,2.41989,6.18364,-0.353898,29.33,-20.23,335.86,15.2663,-54.5097,8.46456,1014.68
416228,1.76471,6.52319,-0.272597,35.14,-23.45,343.21,13.4067,-53.9546,10.5924,1014.72
416234,1.60689,6.86274,0.0191296,40.95,-27.23,350.7,10.7916,-53.307,10.3116,1014.72
416240,1.7121,7.40794,0.047824,45.92,-31.36,355.53,9.97801,-54.9723,10.2968,1014.7
416246,1.97513,8.13486,0.306074,50.82,-33.88,359.94,8.08932,-54.6022,10.0161,1014.7
416252,2.37207,9.09134,0.0334768,53.76,-33.6,365.47,5.59043,-53.677,10.3412,1014.73
416258,1.97991,10.1626,0.516499,57.19,-35.77,367.92,4.51533,-55.0031,10.5333,1014.73
416264,1.75514,10.9278,0.47824,60.55,-37.94,370.3,2.4523,-54.6947,10.548,1014.71
416270,1.5495,12.2334,0.511717,62.3,-39.48,373.17,0.0115341,-53.4612,11.1391,1014.71
416276,1.41081,12.9986,0.621712,64.26,-40.88,375.69,-2.19678,-53.8312,10.5628,1014.71
416282,1.09995,11.6547,1.05213,84.77,-44.8,367.99,-3.88207,-54.9415,10.3264,1014.75
416288,1.77427,16.1023,-1.62123,68.46,-46.13,375.9,-5.82888,-52.3509,10.9765,1014.75
416294,0.755619,15.7532,1.15256,69.23,-46.76,380.17,-7.31077,-52.536,12.2916,1014.76
416300,0.846485,16.7432,1.32951,70.21,-43.12,386.12,-9.31569,-53.7079,11.5085,1014.76
416306,0.71736,18.1349,1.37733,72.73,-41.02,385.49,-11.6402,-52.4434,12.9566,1014.76
416312,1.14778,18.9335,1.08082,68.25,-36.68,382.48,-13.4127,-50.7164,13.8727,1014.76
416318,0.569106,20.2726,1.70253,70.98,-35.84,388.92,-15.3014,-51.2099,13.6363,1014.75
416324,0.659971,20.2582,2.09947,72.8,-35.14,390.74,-17.132,-49.5753,13.3851,1014.75
416330,0.483022,21.8938,1.83166,75.88,-29.47,387.45,-19.195,-48.2492,15.2469,1014.75
416336,-0.0621712,22.4629,2.26686,80.22,-30.66,390.04,-20.5025,-47.0773,15.4981,1014.75
416342,-0.774749,23.9311,2.1999,89.67,-24.43,397.95,-22.6237,-46.6147,16.1778,1014.75
416348,-1.29603,25.7293,1.84122,85.19,-22.61,403.97,-23.8441,-44.3634,15.9414,1014.72
416354,-2.01339,27.3792,2.9077,88.34,-17.08,413.42,-26.1686,-42.4822,18.35,1014.72
416360,-3.23768,28.5079,2.96031,83.16,-10.36,419.72,-27.1275,-42.2046,18.2613,1014.77
416366,-3.912,27.9388,3.36203,82.25,-2.73,423.71,-29.6264,-41.4028,16.828,1014.77
416372,-6.9823,27.4366,5.33716,80.22,-1.54,425.74,-30.9339,-37.6404,19.3843,1014.82
416378,-8.83788,27.9388,5.50454,86.31,-4.69,427,-32.3577,-37.7637,18.6455,1014.82
416384,-12.7547,30.9613,4.72023,83.72,6.72,415.1,-35.6121,-35.9442,17.1235,1014.82
416390,-15.4232,32.1999,4.65806,71.33,13.44,389.62,-35.4377,-32.3668,19.2218,1014.81
416396,-19.6174,33.9981,2.05165,52.78,11.41,365.68,-36.1351,-31.75,19.5025,1014.81
416402,-20.6791,35.012,-1.18125,14.7,7.7,331.17,-38.3434,-30.7631,18.3352,1014.78
416408,-25.7102,37.934,-10.8895,-48.09,0,283.36,-38.8664,-28.6043,18.3204,1014.78
416414,-29.7178,32.9364,-11.913,-119.21,-6.44,232.33,-38.634,-27.0315,17.818,1014.75
416420,-38.2592,16.2602,-3.63941,-134.26,-24.85,184.87,-40.5808,-27.4941,17.7589,1014.75
416426,-43.2807,3.25203,4.10808,-79.1,-39.48,145.18,-40.3774,-26.5381,17.1826,1014.78
416432,-50.7891,-8.68006,11.8747,9.87,-59.43,118.3,-40.3193,-25.1811,19.2366,1014.78
416438,-49.2635,-4.56719,5.79149,71.47,-61.04,83.02,-41.1038,-25.4587,17.685,1014.83
416444,-43.3907,0.569106,9.07699,112.21,-55.09,35.35,-41.3072,-26.2913,18.7194,1014.83
416450,-37.4845,5.96365,9.50263,142.31,-31.01,-26.39,-40.6389,-23.67,19.6651,1014.83
416456,-28.814,14.7872,6.54232,126,-10.29,-87.99,-40.6098,-24.4718,19.9754,1014.86
416462,-24.6533,18.2879,6.47059,109.55,3.57,-138.32,-41.0166,-25.0269,20.1527,1014.86
416468,15.6432,88.5174,59.5313,306.46,-213.64,-296.87,-39.5347,-24.9344,20.9802,1014.85
416474,16.4084,83.9263,-35.9302,-463.54,315.98,-388.85,-38.5468,-26.3222,20.7733,1014.85
416480,-3.86896,-31.3104,-3.11812,83.23,166.11,-257.67,-39.0408,-28.6968,20.3152,1014.84
416486,18.3788,9.95218,-11.803,61.46,132.09,-292.11,-37.6751,-29.5912,18.2909,1014.84
416492,7.09708,21.4491,-10.3491,16.03,178.36,-254.94,-37.0358,-29.5604,20.5221,1014.81
416498,12.9125,22.3195,0.593018,-127.54,98.98,-262.22,-36.8325,-31.4724,18.9263,1014.81
416504,17.1066,12.4342,0.272597,-146.51,169.26,-321.86,-36.4547,-33.2303,17.5077,1014.81
416510,2.33859,1.39646,10.813,-128.8,196.49,-327.46,-34.3045,-33.6929,17.2122,1014.8
416516,-3.50072,2.4725,13.9168,-96.74,156.1,-301.42,-34.7404,-35.1115,14.4047,1014.8
416522,-4.92109,6.8484,13.7159,-67.69,137.06,-315.7,-34.8856,-38.2263,12.6315,1014.85
416528,-11.2673,3.56767,14.3902,-27.79,114.03,-322.7,-32.7354,-38.2572,13.6067,1014.85
416534,-19.0722,25.3754,8.54137,-2.24,78.89,-287.77,-31.6603,-39.7066,13.5329,1014.81
416540,-21.8795,19.0531,9.17264,-37.73,-26.53,-241.99,-31.1954,-41.4337,13.7102,1014.81
416546,-8.67527,16.1693,5.055,-22.89,-80.08,-222.95,-29.3067,-41.9579,12.2769,1014.83
416552,-4.27547,13.2759,3.46724,-7.98,-76.16,-205.31,-28.5513,-41.1869,14.4638,1014.83
416558,1.033,11.1908,-0.468675,3.01,-56.63,-207.9,-27.4181,-43.3457,12.7054,1014.83
416564,0.301291,13.0846,-2.88857,5.32,23.52,-189.7,-27.0984,-44.3018,13.5772,1014.83
416570,-12.5203,19.8326,-9.4835,-20.44,78.54,-80.78,-26.9531,-43.5924,13.7545,1014.83
416576,-11.6978,21.1812,-6.83883,-66.01,40.74,-53.83,-26.6335,-44.5485,12.4837,1014.79
416582,-0.712578,10.9278,-0.564323,-91.84,10.57,-66.15,-25.5875,-45.412,11.1982,1014.79
416588,2.39598,7.2836,2.31468,-72.52,27.72,-57.19,-26.1977,-44.4868,12.5724,1014.79
416594,0.870397,7.23577,1.99426,-44.59,53.9,-51.24,-25.1807,-44.6718,12.6463,1014.79
416600,-3.62506,8.5605,4.18938,-30.8,43.05,-51.03,-25.3841,-46.368,10.6515,1014.83
416606,-4.47633,9.15351,3.64897,-24.92,12.39,-35.56,-25.4131,-45.597,12.0552,1014.83
416612,-1.3056,9.92826,0.396939,-17.29,17.29,-21.07,-24.5705,-45.0727,13.3408,1014.83
416618,-0.5978,11.2769,0.49737,-22.05,5.39,-20.72,-25.7037,-46.2755,10.8731,1014.83
416624,1.3869,10.3635,-0.291726,-24.29,14.07,-21.77,-24.6577,-46.1521,11.2721,1014.83
416630,-0.731707,10.3539,0.329986,-17.78,12.25,-21.35,-24.4543,-44.9494,11.2721,1014.79
416636,-1.70732,10.9852,2.38164,-16.24,3.01,-19.67,-24.7739,-46.0596,11.3164,1014.79
416642,-0.884744,9.2109,2.43424,-9.03,1.19,-14.49,-25.0935,-47.6016,9.88309,1014.79
416648,-0.793878,9.25394,2.02296,-6.23,0.07,-12.81,-24.1928,-46.3372,11.4051,1014.79
416654,0.37781,10.1291,0.439981,-2.45,2.59,-14.77,-24.6286,-45.9363,12.6611,1014.8
416660,-0.784314,10.3635,1.62602,1.05,-3.22,-12.88,-24.3671,-47.0465,9.98653,1014.8
416666,0.095648,9.82305,1.94165,1.75,-4.41,-12.6,-23.9603,-46.0905,10.3412,1014.81
416672,0.33955,10.4352,0.468675,5.18,-11.69,-12.11,-23.7569,-45.3811,11.0948,1014.81
416678,-0.0095648,10.5548,-0.267814,2.24,-5.25,-11.76,-24.5705,-46.7381,10.5333,1014.81
416684,-0.325203,10.8704,-0.0621712,-0.63,-6.23,-13.02,-24.4833,-46.6764,9.691,1014.82
416690,0.13869,10.6887,-0.234338,-5.53,-4.41,-12.6,-24.5124,-46.1521,10.3264,1014.82
416696,-0.143472,9.71784,0.884744,-5.88,-4.48,-10.5,-24.1637,-46.7689,11.8484,1014.8
416702,0.114778,9.85174,1.02822,-4.55,-5.46,-10.64,-24.0475,-47.4166,10.1638,1014.8
416708,0.33955,9.69392,0.822573,-4.13,-2.52,-13.37,-23.3792,-46.4914,10.9765,1014.81
416714,-0.435198,9.83261,1.20038,-3.43,-8.12,-13.79,-24.0184,-46.2138,10.7697,1014.81
416720,0.492587,9.89,0.363462,-3.92,-4.34,-11.97,-23.5826,-47.4166,10.7106,1014.83
416726,0.234338,9.6461,0.674318,-4.2,-0.91,-12.25,-24.0184,-47.1082,9.14427,1014.83
416732,0.0095648,9.73218,0.502152,-3.71,1.26,-13.16,-23.3211,-45.5662,10.4594,1014.83
416738,-0.61693,10,0.526064,-7.56,-2.03,-11.97,-23.0014,-47.5708,9.60234,1014.84
416744,-0.435198,10.2152,0.277379,-10.57,-4.13,-8.68,-23.5244,-47.6633,9.14427,1014.84
416750,0.325203,9.9713,-0.10043,-13.93,-0.35,-10.85,-23.5826,-46.7998,10.7992,1014.81
416756,-0.0860832,10.0574,-0.215208,-16.87,5.18,-10.29,-22.8561,-47.7558,8.76009,1014.81
416762,-0.540411,10.22,0.267814,-21.63,2.52,-9.94,-23.6407,-48.8044,9.3807,1014.81
416768,-0.506934,10.0574,0.573888,-25.41,0.91,-9.94,-23.5244,-47.5091,8.96696,1014.81
416774,-0.10043,10.1243,-0.129125,-28.07,6.79,-9.17,-23.0305,-47.5399,8.3759,1014.8
416780,-0.688666,9.78957,0.774749,-30.52,4.13,-9.45,-22.6237,-48.095,9.26248,1014.8
416786,-0.0191296,9.77523,0.420851,-28.91,0.49,-9.94,-22.6527,-47.8175,9.14427,1014.83
416792,-1.77905,11.0904,1.04256,-30.66,1.54,-8.26,-23.2048,-46.9231,9.61712,1014.83
416798,-1.91774,9.23481,1.52559,-26.88,-8.61,-20.16,-23.6407,-48.7735,7.53365,1014.83
416804,0.439981,10.3635,-0.396939,-32.2,-7,-7.07,-22.9724,-47.8792,7.85873,1014.81
416810,-0.769966,9.12482,1.83166,-31.08,-4.48,-7.91,-22.5946,-47.6941,8.39068,1014.81
416816,-0.865614,9.22525,2.48207,-22.61,-10.01,-15.96,-22.9143,-48.1876,8.58277,1014.84
416822,-0.373027,10.1435,0.808226,-27.58,-9.31,-15.05,-22.7109,-49.2978,8.1247,1014.84
416828,-0.373027,10.0096,1.32951,-24.78,-10.85,-17.78,-22.769,-47.8175,7.50409,1014.78
416834,-0.13869,8.92396,1.45863,-25.62,-12.46,-16.73,-22.246,-48.496,7.88828,1014.78
416840,0.396939,9.92348,0.549976,-23.73,-12.11,-14.91,-22.6818,-48.9586,7.14946,1014.8
416846,0.703013,10.1961,0.162602,-25.27,-12.53,-21.28,-22.9724,-48.7427,7.97694,1014.8
416852,-0.0382592,10.2056,0.793878,-28,-14.7,-24.78,-22.4784,-47.7866,7.22334,1014.8
416858,0.310856,9.45002,0.798661,-26.95,-12.6,-23.66,-22.798,-48.9894,7.312,1014.81
416864,0.282162,9.41655,1.14299,-28.28,-12.74,-24.5,-22.6527,-49.9454,7.74052,1014.81
416870,0.329986,10.4065,1.32951,-26.46,-8.75,-28.7,-21.5776,-48.4343,7.10513,1014.81
416876,-0.10043,10.3635,2.1186,-25.9,-10.29,-30.8,-21.6358,-48.8352,6.45497,1014.81
416882,0.296509,10.923,0.803443,-30.38,-10.43,-33.6,-22.1878,-49.4212,6.11511,1014.84
416888,0.315638,9.50741,1.20516,-30.94,-7.28,-35,-22.0716,-48.5576,6.21855,1014.84
416894,-0.521282,9.32568,2.53945,-27.23,-3.92,-33.74,-21.3742,-48.3418,7.29722,1014.82
416900,-1.22908,8.2066,3.64419,-22.89,-3.85,-35.98,-21.9263,-50.2538,5.86391,1014.82
416906,-0.167384,9.79436,1.56863,-21.7,-0.35,-34.58,-20.7641,-49.7604,6.29243,1014.82
416912,-0.468675,10.2965,1.28647,-25.06,-3.43,-34.09,-20.8512,-49.2361,6.26287,1014.81
416918,0.344333,10.3109,2.80727,-26.18,-2.1,-38.43,-20.9675,-50.5931,6.33676,1014.81
416924,2.98422,10.9039,8.10139,-1.82,1.61,-53.69,-20.7931,-50.7164,5.96735,1014.81
416930,5.16499,13.0512,3.59636,8.26,16.17,-65.1,-20.4735,-49.2669,7.04602,1014.81
416936,-0.468675,11.473,0.669536,5.6,10.92,-70.14,-20.0086,-49.5137,6.18899,1014.83
416942,-0.712578,11.143,2.57293,8.19,4.69,-74.06,-19.4274,-50.8398,6.21855,1014.83
416948,1.3056,13.7159,1.62602,9.94,14.7,-85.26,-19.7471,-50.1921,6.35153,1014.83
416954,-0.0526064,13.2999,3.29029,7,3.5,-90.16,-18.5848,-50.3155,6.89826,1014.83
416960,1.61167,12.3625,2.14252,9.45,14.28,-100.31,-18.5848,-51.4874,5.30241,1014.84
416966,0.263032,12.0756,3.99809,12.11,9.8,-108.08,-17.5969,-51.0557,5.64227,1014.84
416972,0.903874,12.8264,2.20947,14.98,14.77,-118.3,-17.4806,-51.2099,7.10513,1014.84
416978,0.636059,11.5351,3.21377,20.44,15.05,-125.02,-16.5799,-52.2892,6.91304,1014.81
416984,0.95648,12.396,2.72119,21.07,17.22,-135.45,-15.4467,-52.6593,5.95257,1014.81
416990,0.722142,12.3338,3.35246,26.95,15.68,-143.43,-15.0399,-51.7033,6.23332,1014.8
416996,1.45863,13.7829,2.68293,32.62,20.09,-152.32,-14.2263,-52.7827,5.61271,1014.8
417002,1.16691,13.9646,2.30033,33.18,17.71,-165.13,-13.8485,-54.2013,6.3072,1014.81
417008,1.72166,14.2802,2.00383,39.2,19.04,-177.03,-12.3085,-53.7079,7.60753,1014.81
417014,1.75036,17.0158,1.97991,35.98,15.61,-190.89,-11.7565,-53.2761,8.19858,1014.84
417020,2.55858,16.7814,1.03778,39.97,13.3,-209.37,-10.9138,-54.9723,6.88348,1014.84
417026,2.43902,17.5753,-0.306074,37.52,17.01,-227.43,-9.54814,-54.2938,7.99171,1014.84
417032,0.994739,20.7365,-1.83644,34.3,10.78,-248.29,-8.26965,-53.2144,8.21336,1014.83
417038,2.51554,21.7982,-3.25681,15.61,3.64,-271.04,-7.65945,-54.7873,7.03125,1014.83
417044,0.674318,23.4146,-5.04065,2.59,-1.19,-293.51,-4.84095,-55.3424,6.94259,1014.81
417050,3.67767,21.4825,-4.72501,-13.44,-14.49,-317.8,-4.2017,-55.034,8.31679,1014.81
417056,3.85461,23.9407,-2.38164,-14,-9.66,-341.18,-2.57452,-55.3424,8.0656,1014.83
417062,5.43759,26.8149,0.387374,-26.11,-13.51,-371,0.679839,-56.3601,7.74052,1014.83
417068,8.35485,24.5433,1.89861,-28.98,-10.85,-404.6,1.84211,-54.5405,7.29722,1014.8
417074,6.28407,24.6294,2.32903,-14.07,10.01,-435.47,3.84703,-55.3115,8.16903,1014.8
417080,4.39024,26.4084,-0.401722,-22.54,5.88,-463.54,7.33384,-56.1751,7.41543,1014.8
417086,3.69201,28.417,-0.832138,-34.86,7.35,-493.29,8.81573,-54.8489,7.34155,1014.8
417092,3.28073,29.1918,1.49689,-48.79,-9.45,-518.91,10.8497,-54.6639,7.312,1014.8
417098,3.72071,18.1683,0.846485,-40.32,23.87,-516.32,14.8595,-54.8181,7.19379,1014.77
417104,-6.60449,26.9632,7.9627,0,-16.66,-520.94,17.0969,-54.8181,8.25769,1014.77
417110,5.83931,27.6949,-3.35246,-10.99,-24.5,-525.56,19.1018,-52.5051,7.50409,1014.74
417116,1.31994,22.4199,1.27212,7.28,-16.87,-517.65,21.8041,-51.4874,8.18381,1014.74
417122,-1.44907,30.5834,-3.18508,5.74,-37.8,-500.36,25.4653,-51.4257,7.91783,1014.77
417128,4.27547,31.4921,-6.85796,-34.44,-59.08,-493.57,27.1215,-49.1436,8.00649,1014.77
417134,9.34959,19.9665,-4.08895,-34.23,-55.86,-481.74,28.5743,-48.2492,8.83397,1014.78
417140,6.76231,16.9871,-2.86466,-19.6,-79.73,-460.6,32.497,-46.8923,6.64706,1014.78
417146,9.43089,9.88044,-5.64323,-19.39,-114.73,-421.89,33.0781,-45.4428,7.0017,1014.78
417152,12.9699,4.65328,-7.37924,-20.3,-121.38,-362.88,34.9378,-42.8214,7.26767,1014.79
417158,9.12482,-13.7972,-4.50502,3.57,-60.83,-316.89,37.1751,-42.8523,6.17422,1014.79
417164,-8.98613,3.9407,-12.2334,9.24,5.11,-155.89,38.105,-41.7729,6.15944,1014.73
417170,-5.72932,8.10617,3.3955,-7,-118.02,-28.63,36.6812,-40.6935,6.89826,1014.73
417176,11.999,1.83166,-3.3955,43.05,-26.81,54.67,36.9717,-41.4953,6.27765,1014.78
417182,6.48015,7.92922,-1.26734,48.3,-19.6,126,36.9717,-41.7729,5.73092,1014.78
417188,13.6968,6.26973,-2.96987,48.02,-8.96,166.18,35.8676,-41.6187,7.8735,1014.71
417194,12.6112,7.62793,-2.88379,55.58,20.09,182.84,35.2865,-42.2972,7.79962,1014.71
417200,11.0426,8.16356,-2.08991,46.13,26.46,191.52,35.7804,-43.9008,7.28245,1014.71
417206,10.9613,7.26925,-1.73123,49.07,40.74,195.09,34.9668,-44.4868,6.27765,1014.78
417212,8.82831,5.98278,-1.33429,47.32,45.71,193.27,33.4268,-44.7027,7.84395,1014.78
417218,8.09182,4.022,-1.6834,49.77,51.45,197.12,32.3227,-45.6279,8.00649,1014.74
417224,6.91057,3.46724,-2.00383,45.01,53.76,202.37,31.7415,-46.1213,7.312,1014.74
417230,6.2219,3.34768,-2.13295,45.85,54.39,207.41,29.8528,-46.2138,8.53844,1014.73
417236,4.35198,3.7781,-2.52032,44.24,52.92,216.44,29.8238,-47.6941,8.50889,1014.73
417242,2.89335,3.68245,-2.066,42.77,45.29,228.62,30.1434,-48.5576,9.70578,1014.7
417248,1.84122,3.67288,-1.77905,45.64,38.71,242.83,27.4121,-48.7118,9.89787,1014.7
417254,1.25299,3.92635,-1.40603,48.16,30.31,259.07,26.366,-48.8969,10.2821,1014.65
417260,0.870397,4.03635,-1.04256,50.54,20.72,276.22,24.9422,-50.5005,8.89307,1014.65
417266,0.69823,4.0746,-0.712578,54.39,10.85,294,24.6226,-50.4389,10.1786,1014.65
417272,0.808226,4.41416,-0.296509,58.66,1.47,311.43,22.0656,-50.7473,11.7154,1014.67
417278,1.17169,4.7011,0.0430416,64.54,-7.28,326.13,21.3101,-52.4743,9.95698,1014.67
417284,1.85079,5.40889,0.392157,69.44,-14.28,336.63,19.9735,-53.1219,9.80921,1014.68
417290,2.30512,5.79149,0.846485,75.18,-18.97,344.75,16.3705,-52.2892,10.8436,1014.68
417296,2.65423,6.44189,1.53515,79.59,-22.75,351.26,15.8475,-53.307,10.3707,1014.66
417302,3.00813,7.34577,1.70732,81.97,-25.97,354.34,15.1501,-54.6639,10.6958,1014.66
417308,3.53898,8.31659,1.95122,83.16,-25.27,356.72,12.8256,-54.1396,11.4789,1014.72
417314,3.47202,8.66093,2.41033,82.74,-22.19,357.35,10.3848,-54.1088,13.2817,1014.72
417320,3.099,9.74175,2.49641,80.29,-22.12,358.68,8.87385,-55.0031,12.1587,1014.72
417326,2.91726,11.1956,2.23816,74.76,-20.3,359.8,6.20063,-54.4172,13.1191,1014.73
417332,2.67336,12.1329,2.15686,67.76,-17.5,359.38,5.91006,-53.9546,13.326,1014.73
417338,2.04208,13.3142,2.30512,59.36,-16.94,360.22,3.78891,-55.0648,11.9961,1014.73
417344,1.40603,14.0077,2.33381,53.27,-15.26,362.88,1.55154,-55.034,13.0157,1014.73
417350,0.664754,14.8685,2.29077,46.55,-15.82,367.15,-0.511488,-53.8929,14.1387,1014.72
417356,0.329986,15.2128,2.63032,48.72,-19.81,362.46,-2.22584,-53.7387,14.1535,1014.72
417362,-0.105213,14.4476,2.13295,44.38,-21.14,370.72,-3.18471,-54.8798,14.05,1014.77
417368,-0.487805,15.6337,3.05117,41.65,-19.11,386.54,-6.70058,-52.0117,14.5524,1014.77
417374,-0.349115,16.3702,3.07508,43.82,-18.9,393.96,-8.06625,-51.7958,15.7789,1014.77
417380,0.071736,16.681,2.11382,47.74,-17.85,409.29,-9.95494,-53.5845,14.2274,1014.76
417386,-0.176949,18.2305,2.85509,47.74,-17.29,419.3,-12.3376,-51.3641,16.0596,1014.76
417392,0.176949,18.8283,2.85988,53.13,-17.64,418.74,-14.1682,-49.2978,15.8971,1014.78
417398,0.927786,19.78,2.46294,56.98,-14.28,422.87,-16.7833,-50.0379,14.4786,1014.78
417404,0.674318,20.6982,2.7451,60.83,-11.9,427.28,-19.0788,-49.0202,14.8184,1014.78
417410,0.726925,22.7594,2.2812,63.21,-9.24,425.88,-20.5316,-47.8175,15.4981,1014.78
417416,0.93735,23.9455,2.27164,66.57,-3.01,423.64,-22.1007,-45.8746,15.5572,1014.8
417422,0.564323,26.3893,2.27164,67.97,5.6,424.34,-23.6988,-45.3195,14.8775,1014.8
417428,-0.277379,28.044,2.45815,67.69,14,424.55,-26.6916,-43.099,16.5768,1014.79
417434,-1.13343,29.8661,1.91774,63.49,27.51,422.1,-28.1735,-42.143,16.695,1014.79
417440,-2.75466,30.2295,2.74032,59.78,36.12,420.07,-31.2245,-40.5085,16.5325,1014.79
417446,-5.38976,31.0234,2.65901,56.91,49.21,414.61,-32.4158,-38.3188,17.7441,1014.77
417452,-8.51745,31.7312,3.3142,53.55,57.12,408.73,-33.1422,-36.2217,17.6112,1014.77
417458,-13.7542,32.7116,3.73984,50.05,60.69,399.77,-35.0309,-35.5741,16.104,1014.8
417464,-18.5701,33.8355,2.64467,38.22,60.9,385.07,-37.123,-33.3536,16.7985,1014.8
417470,-21.4252,34.3711,0.813008,15.47,62.37,363.02,-37.3555,-31.2874,15.9266,1014.78
417476,-24.7633,35.5619,-7.47011,-23.31,59.22,333.48,-39.4476,-30.7014,17.2565,1014.78
417482,-28.8427,35.4854,-13.3477,-89.11,48.51,298.2,-39.7962,-29.6837,14.9366,1014.79
417488,-36.5567,21.693,-9.86131,-131.11,28.35,257.53,-40.5808,-28.6968,15.5868,1014.79
417494,-41.4586,8.3692,-1.83644,-104.37,5.81,215.6,-41.22,-26.7231,15.0992,1014.79
417500,-49.4596,-7.64228,8.11573,-12.81,-24.36,174.02,-42.2951,-27.2782,14.4786,1014.78
417506,-51.3725,-4.57197,2.64945,52.99,-48.79,128.24,-42.5276,-25.1811,16.7985,1014.78
417512,-49.1487,0.621712,4.21329,98.49,-68.74,68.95,-42.3242,-25.0577,16.3995,1014.77
417518,-46.3032,5.34194,6.26973,137.76,-57.75,2.94,-42.9344,-24.2559,16.0301,1014.77
417524,-37.9149,13.5055,4.24199,139.79,-53.27,-67.48,-42.76,-25.212,17.0644,1014.82
417530,-32.1664,17.5753,3.31899,112.91,-36.19,-120.33,-42.237,-24.04,17.9362,1014.82
417536,-25.6671,18.6609,4.62458,104.16,-16.1,-163.03,-41.5106,-24.9344,18.0397,1014.81
417542,9.67001,78.264,74.2755,348.46,-362.04,-342.16,-41.1329,-26.353,17.9215,1014.81
417548,1.49689,17.8623,-24.5481,-191.03,160.3,-309.12,-39.5928,-27.2782,18.7046,1014.81
417554,-4.71066,-33.8785,3.9407,-4.2,-63.21,-238.84,-38.8083,-28.08,17.818,1014.79
417560,18.7422,8.49833,-13.8164,19.53,32.55,-242.13,-40.0287,-30.2697,17.4191,1014.79
417566,14.6963,19.6557,-1.49211,-58.45,119.21,-265.86,-38.3143,-30.1772,16.7393,1014.79
417572,12.0851,8.58919,3.03682,-116.06,108.85,-330.82,-36.8615,-30.9481,17.3156,1014.79
417578,12.9699,5.87279,3.85461,-86.31,189.49,-318.85,-37.4136,-33.6312,15.6607,1014.81
417584,-3.29986,4.2659,10.4256,-52.15,185.22,-327.39,-36.1932,-35.4199,13.8136,1014.81
417590,-6.16451,5.18412,13.1994,-48.23,128.94,-316.96,-35.3215,-35.6358,13.6954,1014.83
417596,-8.84266,7.49402,11.5782,-31.22,92.26,-314.02,-33.9849,-38.1955,12.7054,1014.83
417602,-13.2329,18.8092,12.726,-8.05,70.14,-317.31,-33.549,-39.8917,11.6415,1014.83
417608,-16.9871,22.1808,7.61358,-7,14.91,-272.93,-32.4449,-39.645,12.1882,1014.83
417614,-12.8934,19.1966,3.21856,-12.32,-37.17,-228.9,-30.44,-41.0327,11.5824,1014.83
417620,-7.30751,14.9833,3.64897,-18.69,-82.32,-214.9,-30.0913,-42.7289,13.193,1014.82
417626,2.7451,9.91392,0.071736,-8.4,-67.83,-219.24,-29.1615,-42.7906,13.2964,1014.82
417632,4.21329,10.6169,-1.47298,5.88,-18.27,-217.63,-27.6505,-42.6981,13.7397,1014.83
417638,-16.7049,30.5548,-16.2602,-24.78,141.05,-80.99,-27.2147,-44.7952,11.3164,1014.83
417644,-19.627,21.0521,-6.0593,-55.02,64.96,-56.56,-26.4011,-44.7643,11.8631,1014.81
417650,-3.51028,10.9087,2.7451,-93.87,-14.77,-49.7,-25.878,-43.685,11.4937,1014.81
417656,4.52893,4.93544,3.89766,-57.26,15.82,-59.71,-25.9943,-44.6101,12.9123,1014.82
417662,2.5538,10.2104,-1.07604,-38.92,61.39,-54.04,-26.895,-45.6279,11.0209,1014.82
417668,-4.80153,7.75705,4.03635,-19.67,39.34,-36.4,-26.5464,-45.0111,11.0504,1014.82
417674,-4.23721,7.51315,5.74844,-15.96,-0.56,-28.7,-25.878,-45.7512,10.9322,1014.83
417680,-1.14778,9.30177,1.42516,-5.18,6.23,-19.53,-26.2267,-46.9848,9.61712,1014.83
417686,-1.57341,10.0191,1.03778,-3.08,0.91,-15.26,-25.9362,-45.7821,9.86832,1014.82
417692,0.894309,10.6839,-0.37781,-7.07,1.12,-15.47,-25.2097,-45.7512,11.8631,1014.82
417698,1.01865,10.5643,-0.793878,-2.66,11.41,-18.2,-25.4131,-46.3063,10.1491,1014.83
417704,0.153037,10.1339,0.444763,-10.5,1.82,-17.29,-25.7618,-46.8923,11.2277,1014.83
417710,-0.0669536,10.5261,0.703013,-8.4,-0.77,-15.68,-25.2679,-46.3063,9.48413,1014.81
417716,0.607365,10.3874,0.468675,-4.27,1.68,-3.08,-25.2679,-46.368,9.691,1014.81
417722,-0.473458,10.2582,0.860832,-2.87,-7.49,-16.73,-24.8901,-47.1082,9.76488,1014.81
417728,1.16691,11.1621,0.913438,-5.6,-0.63,-20.3,-24.7739,-45.7821,10.814,1014.81
417734,-0.162602,9.66523,1.30081,-3.01,-3.43,-19.18,-24.9192,-45.9363,10.3412,1014.81
417740,0.554758,10.263,0.564323,-0.49,-6.51,-13.09,-24.9773,-48.0642,8.99651,1014.82
417746,-0.205643,10.0335,0.95648,1.26,-3.71,-15.12,-25.2969,-46.2755,9.86832,1014.82
417752,-0.411286,10.2965,0.286944,-3.71,-9.52,-19.53,-25.4422,-46.0596,8.68621,1014.8
417758,0.344333,10.2056,0.148254,-4.83,-8.89,-15.54,-24.7158,-47.4782,9.58757,1014.8
417764,0.396939,10.0861,0.334768,-6.16,-6.44,-14.14,-24.4833,-46.6147,9.91265,1014.81
417770,0.248685,10.0765,0.502152,-6.51,-4.55,-17.99,-24.5995,-45.8746,11.2425,1014.81
417776,0.105213,9.78479,0.679101,-6.86,-5.6,-17.99,-24.6577,-47.0157,9.27726,1014.81
417782,-0.186514,9.86131,0.899091,-6.44,-8.54,-15.47,-24.832,-47.91,8.83397,1014.81
417788,0.095648,9.94261,0.243902,-6.65,-4.83,-17.08,-23.7569,-46.6147,10.1047,1014.81
417794,-0.176949,9.9713,0.463893,-8.05,-4.97,-15.05,-24.4252,-46.1213,9.92742,1014.8
417800,0.191296,9.8374,0.109995,-8.47,-1.61,-15.96,-24.7739,-47.9408,9.89787,1014.8
417806,-0.569106,10.3348,0.535629,-11.06,-4.48,-16.87,-24.4252,-47.0773,9.14427,1014.82
417812,-0.229555,10.0478,0.0573888,-17.5,-4.27,-14.21,-24.4252,-46.5531,10.4446,1014.82
417818,0.129125,9.81827,-0.0908656,-20.79,0.7,-13.23,-24.1637,-46.9848,9.07039,1014.82
417824,-0.516499,10.3826,0.69823,-22.89,1.26,-13.16,-23.786,-48.1259,9.1295,1014.82
417830,-0.0621712,10.2104,-0.306074,-26.74,4.41,-12.39,-23.6697,-45.9979,10.1934,1014.81
417836,-0.315638,9.35437,0.693448,-30.1,2.87,-13.3,-23.9603,-47.5399,9.14427,1014.81
417842,0.353898,10.1339,-0.148254,-30.94,4.06,-13.72,-23.815,-48.4343,8.68621,1014.81
417848,-0.741272,10.88,0.83692,-28.56,1.33,-13.37,-24.0765,-46.4914,8.76009,1014.84
417854,-1.38211,10.4639,1.69775,-28.42,-4.27,-19.11,-23.292,-47.7866,8.27247,1014.84
417860,0.73649,9.94261,0.487805,-31.85,-0.77,-13.09,-23.4954,-49.0202,7.69619,1014.84
417866,-0.789096,9.33046,1.76471,-30.17,-4.9,-19.32,-23.2629,-47.8792,7.66663,1014.84
417872,0.368245,10.3587,0.396939,-28.14,-7,-22.75,-23.1758,-47.139,10.6958,1014.83
417878,-0.47824,9.89479,1.07604,-29.61,-7.98,-18.55,-22.9433,-48.8044,7.65186,1014.83
417884,-0.296509,9.27307,1.75992,-27.58,-6.02,-16.03,-22.798,-48.3726,8.1247,1014.82
417890,-0.0573888,9.96174,0.942133,-28.77,-5.81,-22.05,-23.4373,-47.91,8.42023,1014.82
417896,-0.57867,9.92348,0.793878,-27.58,-8.82,-21.28,-22.6237,-48.3109,7.40066,1014.82
417902,0.310856,10.153,0.267814,-28.7,-7,-20.51,-22.6527,-49.1744,8.0656,1014.77
417908,-0.588235,9.81827,0.774749,-36.68,-10.08,-24.22,-22.5365,-47.7558,9.02606,1014.77
417914,0.282162,10.5739,0.406504,-31.01,-11.13,-24.57,-22.6818,-48.5268,7.78484,1014.8
417920,-0.47824,10.483,1.36298,-33.04,-15.33,-25.27,-22.246,-50.0071,6.83915,1014.8
417926,-0.454328,10.2965,1.6021,-33.11,-15.19,-26.53,-22.769,-48.4343,5.30241,1014.8
417932,-0.703013,9.04352,1.73601,-28.84,-11.83,-27.79,-22.6527,-48.4343,7.20856,1014.8
417938,-0.0047824,10.0574,1.49689,-28.84,-11.34,-31.29,-22.0135,-49.8837,5.71615,1014.83
417944,0.640842,10.5643,4.0746,-17.71,-13.79,-37.87,-22.3622,-49.2978,6.85393,1014.83
417950,2.95074,9.94739,3.90244,-16.8,-5.04,-51.45,-21.5195,-48.8044,7.8735,1014.85
417956,1.50167,9.73218,1.42516,-5.95,2.87,-53.48,-22.1878,-49.3595,7.19379,1014.85
417962,-0.827355,9.76088,2.88857,-2.31,-1.05,-50.33,-21.2871,-49.6679,5.86391,1014.85
417968,-0.124342,9.78479,3.04161,0.84,1.26,-51.31,-20.7931,-49.4828,6.72094,1014.84
417974,-0.511717,9.8374,3.64897,1.82,4.34,-56.56,-20.6188,-49.7912,7.13468,1014.84
417980,0.703013,10.0717,2.13773,8.33,9.03,-58.1,-20.0086,-50.7781,6.86871,1014.84
417986,0.13869,11.0282,2.76901,6.16,6.86,-63.35,-20.0086,-50.9323,6.63228,1014.84
417992,0.722142,9.85653,2.26686,15.47,9.73,-69.16,-19.2241,-50.0688,7.28245,1014.84
417998,-0.521282,11.0234,2.45815,14.42,5.25,-72.73,-19.7761,-50.9015,6.32198,1014.84
418004,1.61645,13.3381,0.286944,14.63,14.84,-80.36,-18.7301,-51.2407,6.57318,1014.8
418010,-0.693448,11.3965,3.37637,14.21,7.35,-85.61,-19.0497,-50.1921,7.10513,1014.8
418016,1.0856,13.4625,0.401722,14.21,8.82,-96.11,-18.2361,-51.3949,6.98692,1014.8
418022,0.793878,13.2664,1.25299,11.13,7.7,-105.28,-18.0037,-52.5976,5.08076,1014.85
418028,1.31994,13.2807,0.5978,14.35,7.91,-114.45,-17.2482,-50.5622,7.32678,1014.85
418034,0.243902,13.4768,1.53515,10.15,3.57,-122.92,-17.161,-51.6725,7.0608,1014.79
418040,0.588235,12.812,2.65901,15.05,7.21,-129.85,-15.4757,-53.6462,6.52885,1014.79
418046,0.750837,12.879,2.6351,17.15,8.47,-140.56,-15.098,-52.1659,6.86871,1014.82
418052,0.47824,12.3434,3.05117,22.68,8.61,-149.31,-13.9648,-51.9192,7.57797,1014.82
418058,1.09517,12.9794,2.26686,25.34,10.43,-157.92,-12.9768,-53.2453,6.3072,1014.82
418064,1.51124,13.4625,2.56337,28.28,10.22,-169.61,-12.9187,-53.7387,5.6866,1014.82
418070,1.53037,14.2898,2.09947,32.62,11.97,-182.63,-11.0882,-52.536,6.5584,1014.82
418076,0.669536,14.9833,0.970827,33.67,9.24,-195.37,-10.5651,-53.9854,6.17422,1014.84
418082,0.784314,15.318,0.392157,33.81,5.88,-208.88,-9.51909,-55.034,6.57318,1014.84
418088,1.4682,17.0684,0.129125,32.27,6.37,-223.3,-8.47304,-54.0163,9.24771,1014.8
418094,2.12339,18.001,0.406504,32.27,3.92,-243.53,-8.03719,-54.1088,7.90306,1014.8
418100,1.94644,20.5978,-1.66906,26.67,1.54,-265.3,-6.3519,-55.219,7.38588,1014.82
418106,1.80296,22.5347,-3.57245,14,-8.68,-288.19,-5.16057,-54.6639,8.27247,1014.82
418112,3.21856,23.6394,-4.12243,1.26,-8.82,-315.49,-3.62056,-54.7873,7.43021,1014.81
418118,3.76375,23.5485,-2.65901,-9.31,-15.96,-343.28,-1.47036,-56.1134,8.61232,1014.81
418124,4.34242,22.6399,0.679101,-3.15,-10.15,-371.42,-0.162807,-56.6377,6.69139,1014.81
418130,6.17886,24.6341,3.13247,0.56,-8.89,-406.14,1.49343,-55.0031,8.43501,1014.81
418136,8.10617,24.8876,2.02774,5.18,4.76,-442.82,5.24175,-55.99,8.22814,1014.81
418142,4.06982,25.5763,1.48254,8.68,11.06,-476.77,7.45007,-56.1442,7.71096,1014.82
418148,1.58776,25.8202,2.22382,12.95,0.21,-506.17,9.74555,-54.8181,9.60234,1014.82
418154,2.81683,25.3228,0.899091,19.46,5.18,-524.58,12.1282,-54.1088,10.223,1014.81
418160,-1.20995,25.5667,0.669536,42.07,4.2,-528.22,15.615,-54.9415,8.81919,1014.81
418166,-0.549976,29.0818,0.679101,40.25,-24.01,-526.82,17.7071,-53.1528,10.5924,1014.75
418172,2.6351,27.8957,1.50167,42.42,-30.03,-533.19,19.3052,-51.4566,10.4003,1014.75
418178,-3.06074,24.1224,3.29986,63.98,-37.31,-525.63,23.4313,-50.6856,9.27726,1014.79
418184,-0.97561,30.9182,-1.42037,61.18,-53.06,-509.39,26.2207,-49.2053,10.6219,1014.79
418190,4.30894,29.737,-5.88235,28.42,-69.58,-497.42,27.2668,-48.2492,11.7745,1014.79
418196,6.13582,21.3056,-2.75944,20.44,-77.28,-473.76,30.8117,-47.2932,10.223,1014.76
418202,3.34768,16.9967,-4.51937,46.9,-101.71,-449.68,32.497,-45.9979,11.1686,1014.76
418208,7.5801,12.6255,-8.49833,27.58,-158.48,-412.44,33.3687,-43.2224,11.1391,1014.75
418214,12.5012,-3.56767,-9.35916,26.67,-159.39,-376.18,35.3155,-42.7289,11.671,1014.75
418220,2.26208,-10.5978,-8.33094,79.59,-76.09,-288.54,37.8434,-41.8654,9.73533,1014.76
418226,-21.2099,12.2095,-3.11334,49.07,-113.96,-112.98,37.5238,-39.7066,10.6219,1014.76
418232,-3.17073,9.18221,0.526064,44.38,-181.58,-2.03,37.4948,-39.9225,11.5085,1014.74
418238,12.1712,4.70588,-4.88283,77.35,-80.99,88.83,38.9767,-41.0327,9.35114,1014.74
418244,7.23577,8.76614,-1.10473,72.1,-78.89,159.11,38.3955,-40.9094,10.4298,1014.74
418250,14.5241,8.87135,-3.43855,63.14,-58.24,195.86,36.7683,-41.2486,10.6367,1014.76
418256,14.3998,10,-3.47202,52.15,-24.92,211.12,36.3906,-42.4514,10.4003,1014.76
418262,13.0177,10.22,-2.53467,33.39,-8.26,212.8,36.2744,-43.1915,10.1343,1014.76
418268,12.2573,8.94309,-1.78862,21.56,12.39,207.41,35.2283,-43.3766,9.83876,1014.76
418274,10.6217,6.40363,-1.53515,10.85,25.97,201.81,34.037,-44.055,10.1195,1014.76
418280,9.39742,3.33812,-1.18604,12.53,38.85,199.08,34.037,-45.6279,9.77966,1014.76
418286,8.53658,2.73553,-1.72166,9.87,49.14,199.01,32.6132,-45.0111,10.6515,1014.77
418292,6.79101,1.02822,-0.899091,13.3,54.95,201.95,31.3638,-45.8129,12.2916,1014.77
418298,5.7341,1.20995,-1.02343,18.9,58.17,207.55,31.3928,-47.0157,9.67622,1014.79
418304,4.17025,1.70732,-0.875179,23.87,58.59,215.39,29.8238,-48.4034,10.6367,1014.79
418310,3.50072,2.20947,-1.13821,29.33,57.26,226.17,28.1966,-48.0025,10.7992,1014.79
418316,2.5825,2.8264,-1.12386,31.78,55.09,239.61,28.1966,-48.9586,11.5233,1014.71
418322,2.08991,3.40029,-1.04256,34.86,49.84,254.1,26.9472,-49.3903,11.1686,1014.71
418328,1.39646,4.14156,-0.659971,36.4,41.37,269.01,24.4773,-49.7295,12.5428,1014.71
418334,1.49689,4.64371,-0.923003,38.08,36.19,287.14,22.6468,-51.3024,11.0504,1014.71
418340,1.01387,5.45672,-0.277379,39.69,27.72,302.68,22.8792,-51.7341,10.9618,1014.7
418346,1.20995,5.74844,-0.129125,39.9,21.28,317.31,20.7581,-51.0865,12.0552,1014.7
418352,1.04256,6.12147,0.392157,42.49,14.98,330.33,18.6079,-52.0734,12.4394,1014.72
418358,1.16212,6.35103,0.679101,43.82,8.68,340.27,17.4456,-53.1219,12.0552,1014.72
418364,1.5495,6.8484,1.20516,47.04,3.71,348.81,15.6731,-53.3686,13.1191,1014.72
418370,1.81253,7.26925,1.53993,49.63,0.63,356.44,13.4648,-52.4743,13.9614,1014.73
418376,2.21425,8.00574,1.75514,51.31,-2.52,361.48,12.7384,-54.1088,13.5329,1014.73
418382,2.30512,8.6418,1.83166,52.29,-3.92,365.19,10.4429,-54.9723,14.4047,1014.76
418388,2.20947,9.5935,1.93687,51.24,-5.32,368.69,7.30478,-53.6462,13.2078,1014.76
418394,2.16164,10.3682,1.85557,48.44,-5.18,372.47,5.79383,-53.9238,13.6659,1014.75
418400,2.19034,11.7456,1.71688,45.15,-5.53,374.15,3.99231,-54.3555,12.7054,1014.75
418406,2.01339,12.6064,1.80296,40.6,-6.02,375.06,1.90022,-54.1088,13.326,1014.72
418412,1.23864,13.7733,1.85079,37.59,-8.05,374.85,-0.162807,-54.0471,13.6363,1014.72
418418,0.526064,14.5959,1.92731,35.14,-11.34,376.11,-1.29602,-54.448,13.3555,1014.72
418424,0.363462,15.1554,1.76949,34.51,-13.44,377.37,-3.53339,-54.448,14.6411,1014.78
418430,0.263032,16.2793,0.114778,32.2,-16.66,381.78,-5.97416,-52.906,15.1583,1014.78
418436,-0.186514,15.9589,2.19512,35.98,-21.35,377.58,-7.04926,-53.2453,14.2126,1014.77
418442,-0.487805,17.1497,1.85079,40.67,-21.84,380.03,-9.1704,-53.2144,14.4047,1014.77
418448,-0.535629,17.0253,1.94644,46.69,-26.04,386.61,-11.3497,-50.8706,15.2765,1014.75
418454,-0.894309,18.3405,1.63558,53.06,-29.33,389.55,-13.9938,-50.5314,15.9266,1014.75
418460,-0.248685,18.4553,2.01817,59.22,-24.64,393.33,-15.3595,-51.4874,14.6263,1014.77
418466,-0.899091,21.033,1.87948,60.62,-26.04,402.22,-17.161,-49.8837,16.0153,1014.77
418472,-0.473458,22.1329,1.82209,67.62,-25.2,408.03,-18.701,-47.3549,17.1383,1014.8
418478,-0.301291,24.0794,1.75992,73.29,-22.54,416.29,-20.6478,-48.5576,16.4586,1014.8
418484,0.205643,25.605,1.58776,77.56,-21.77,425.18,-22.246,-45.9979,15.9562,1014.8
418490,-0.277379,27.7188,1.34864,76.79,-10.57,431.97,-24.2799,-44.1167,17.0201,1014.78
418496,-0.334768,29.1296,1.69775,71.96,3.99,441.56,-26.1105,-43.4382,18.4091,1014.78
418502,-2.94596,30.7843,2.90292,66.01,18.06,441.28,-28.6384,-41.0327,18.1727,1014.77
418508,-2.29077,30.1483,1.63558,57.75,35.28,442.89,-30.7596,-39.6141,17.4929,1014.77
418514,-5.69584,28.9,4.00765,58.87,37.87,443.59,-32.009,-37.4862,17.8624,1014.81
418520,-7.98661,28.704,4.48111,63.14,44.38,428.33,-34.0721,-36.9619,17.1088,1014.81
418526,-13.2281,30.3826,4.88761,63.98,47.95,407.82,-35.2053,-33.9088,17.9806,1014.77
418532,-16.1836,31.6499,4.09852,54.39,52.15,388.5,-36.3094,-31.4724,17.8919,1014.77
418538,-19.9713,33.8163,1.10952,34.93,56.07,347.2,-38.14,-31.8733,17.818,1014.77
418544,-21.8747,36.3558,-4.95457,-15.54,50.61,305.48,-39.8544,-29.0978,16.8723,1014.78
418550,-27.7762,37.5466,-14.132,-97.93,45.71,258.3,-39.651,-27.895,17.2861,1014.78
418556,-36.3128,21.5351,-7.92444,-139.3,31.43,209.93,-41.5106,-28.2959,16.1778,1014.76
418562,-42.1138,7.86227,-0.243902,-116.2,14.35,171.01,-41.3362,-27.0315,15.0992,1014.76
418568,-52.0947,-9.0483,10.3443,-18.69,-13.51,139.86,-42.0627,-25.2736,15.9266,1014.78
418574,-53.8116,-5.868,3.55332,48.51,-30.52,101.57,-42.0627,-25.1194,15.1139,1014.78
418580,-49.1248,-1.18604,5.47107,92.4,-31.78,61.39,-42.7019,-25.0886,14.7889,1014.8
418586,-43.032,3.04161,7.78575,135.38,-23.66,0.07,-41.7721,-23.5774,17.0644,1014.8
418592,-33.6203,10.9278,5.96844,143.08,-7.49,-70.14,-42.237,-23.6391,17.8328,1014.84
418598,-26.9201,13.7398,6.02582,155.61,4.76,-143.85,-42.0917,-24.04,16.3847,1014.84
418604,42.0756,121.435,116.475,509.39,-364.35,-335.72,-42.6147,-24.3793,16.3847,1014.84
418610,-8.23051,60.1243,-60.3682,-240.1,174.93,-322.14,-39.7381,-25.4587,17.8476,1014.85
418616,2.59206,-25.4185,1.38211,197.75,80.22,-273,-39.9125,-29.0669,16.2369,1014.85
418622,17.3888,8.57006,-9.72262,35.28,129.57,-297.99,-39.68,-30.0538,17.2417,1014.8
418628,3.3955,26.6906,-3.1803,56.35,108.71,-289.73,-38.1981,-29.437,16.5029,1014.8
418634,9.15351,21.7599,0.224773,-91.28,71.33,-301.07,-37.4426,-31.1949,16.0301,1014.8
418640,13.6107,10.4639,0.444763,-68.95,144.62,-324.73,-37.5879,-33.7854,15.0844,1014.8
418646,-0.832138,7.98183,8.43615,-71.47,152.53,-321.72,-35.8155,-34.4947,15.2913,1014.84
418652,-5.95887,6.23625,12.7642,-66.71,75.18,-320.6,-34.4789,-35.8517,14.7002,1014.84
418658,-5.05021,5.32759,9.79914,-39.27,76.58,-324.24,-34.6241,-38.0413,13.1191,1014.84
418664,-10.5882,12.5442,8.65614,-2.87,55.16,-320.74,-32.9679,-39.059,14.0205,1014.85
418670,-16.1358,26.5997,5.69106,-9.66,32.2,-285.46,-31.5151,-38.8431,14.5377,1014.85
418676,-15.3515,21.0808,2.77379,-23.59,-42,-237.58,-30.2656,-41.2486,12.4542,1014.82
418682,-10.8704,19.1679,1.98948,-35.14,-75.25,-202.09,-30.0622,-42.5439,12.794,1014.82
418688,-3.57245,13.7064,0.961262,-29.68,-64.96,-186.55,-29.3358,-41.6495,13.2226,1014.81
418694,0.37781,8.8044,1.0043,-11.9,-75.39,-185.78,-27.912,-42.4514,14.2421,1014.81
418700,-10.8847,32.4247,-12.1234,-28.63,75.53,-86.59,-27.4762,-44.7952,13.9614,1014.83
418706,-13.5007,21.4156,-8.02009,-48.44,63.84,-51.52,-26.4882,-43.2532,13.6954,1014.83
418712,-5.0263,15.3324,-1.39646,-107.45,-3.43,-51.45,-25.7618,-42.9756,14.5524,1014.83
418718,8.2592,7.58489,-3.41463,-105.21,21.77,-60.55,-26.6626,-45.5045,12.2473,1014.84
418724,4.73936,6.61884,-0.263032,-86.66,68.74,-58.38,-26.1396,-45.5662,10.3412,1014.84
418730,-5.47585,8.3692,4.82066,-60.69,76.37,-52.64,-26.2848,-43.2224,10.3559,1014.8
418736,-7.28838,8.04878,7.27403,-48.02,40.46,-38.22,-25.5584,-46.2447,10.3264,1014.8
418742,-2.82162,9.41176,2.91726,-37.1,9.45,-22.89,-26.1977,-45.6587,9.83876,1014.82
418748,-0.229555,11.2482,-0.0621712,-28.77,10.57,-16.17,-25.6747,-44.3943,9.97175,1014.82
418754,1.83644,9.56958,0.93735,-28.63,14.91,-22.26,-25.0645,-44.7027,9.36592,1014.81
418760,1.46341,9.68436,1.20995,-22.96,19.74,-28.56,-25.8199,-47.0773,9.63189,1014.81
418766,-0.879962,10.4878,0.851267,-26.88,13.72,-27.93,-25.2388,-45.412,9.42502,1014.83
418772,-0.564323,10.0048,0.841702,-24.99,10.08,-21.84,-25.0645,-45.5662,8.61232,1014.83
418778,-1.26255,9.60784,2.56815,-17.43,6.3,-18.2,-26.1686,-47.0465,8.19858,1014.83
418784,-0.903874,9.46915,3.1516,-14.56,-1.19,-22.47,-25.4713,-46.4914,8.40545,1014.78
418790,-0.191296,9.71784,2.51076,-7,-1.54,-19.18,-24.5705,-45.412,9.42502,1014.78
418796,-0.607365,9.52654,2.18077,-2.45,-3.85,-17.22,-24.6867,-46.9848,8.25769,1014.81
418802,-0.167384,9.77044,1.53993,0.07,-2.66,-18.48,-24.7158,-46.7689,8.33157,1014.81
418808,-0.0382592,10.55,0.645624,0.42,-3.71,-19.39,-24.5995,-45.4428,8.74531,1014.85
418814,-0.210426,10.6217,0.23912,-4.55,-5.32,-17.85,-24.5995,-45.7512,9.45458,1014.85
418820,0.200861,10.4208,0.282162,-6.09,-3.57,-18.13,-24.9773,-47.9408,8.15425,1014.83
418826,-0.205643,10.0574,0.865614,-6.58,-4.48,-17.29,-24.1637,-46.1213,9.80921,1014.83
418832,0.109995,9.95696,0.540411,-7.35,-3.22,-16.66,-24.6286,-46.3372,8.21336,1014.83
418838,-0.105213,10.0096,0.655189,-8.96,-2.73,-16.87,-24.0184,-47.9408,7.77007,1014.84
418844,0.124342,9.73218,0.71736,-9.24,-1.68,-16.24,-23.9603,-46.9848,8.77486,1014.84
418850,0.095648,9.62219,0.961262,-10.01,0.28,-16.03,-23.0014,-46.5531,7.94739,1014.79
418856,0.23912,9.63654,0.37781,-7.63,-1.33,-16.31,-23.9603,-47.7558,8.22814,1014.79
418862,-0.196078,10.0526,0.439981,-9.8,-0.56,-15.75,-23.8441,-47.2932,7.0017,1014.81
418868,-0.071736,10.33,-0.124342,-11.9,-2.52,-15.96,-23.4082,-46.7689,9.52846,1014.81
418874,-0.224773,10.2965,-0.047824,-18.69,-2.1,-17.99,-23.2339,-46.3372,8.09515,1014.79
418880,0.33955,11.1382,-1.22429,-23.03,1.12,-15.47,-23.4373,-48.2184,7.59275,1014.79
418886,-0.932568,10.3395,0.344333,-29.89,-3.64,-17.36,-23.4373,-47.0465,7.37111,1014.79
418892,-0.286944,9.67001,0.583453,-34.09,-5.39,-17.15,-23.0305,-46.183,8.00649,1014.77
418898,0.310856,10.6074,0.487805,-26.74,-10.85,-17.01,-23.1467,-48.095,8.44978,1014.77
418904,-0.0047824,10.0622,0.114778,-32.69,-8.82,-19.6,-23.3792,-47.8792,7.40066,1014.84
418910,-0.0526064,9.93304,0.822573,-33.53,-6.86,-20.72,-22.769,-47.139,7.53365,1014.84
418916,-0.5978,9.52654,1.53037,-34.16,-8.47,-18.83,-23.4663,-48.095,6.66184,1014.83
418922,0.420851,10.5882,1.01865,-34.3,-8.75,-19.74,-22.3912,-48.496,7.11991,1014.83
418928,-0.0047824,10.0096,1.3056,-33.6,-7.21,-23.31,-22.1588,-46.7381,7.99171,1014.84
418934,-0.263032,11.0043,0.927786,-36.12,-12.18,-26.95,-22.5075,-48.0025,6.57318,1014.84
418940,0.167384,10.373,0.114778,-37.87,-13.3,-25.9,-22.6818,-48.6193,5.70137,1014.82
418946,-0.10043,9.8087,0.999522,-35.7,-12.04,-28.42,-22.4493,-47.7558,7.5632,1014.82
418952,-0.196078,9.41655,1.6834,-33.39,-15.4,-29.26,-21.8973,-47.725,7.312,1014.82
418958,-0.387374,8.30225,1.88905,-24.92,-13.58,-30.17,-22.3912,-49.4828,5.92302,1014.8
418964,0.57867,10.5739,2.82162,-20.93,-15.19,-36.96,-22.1007,-48.0334,6.17422,1014.8
418970,1.42037,10.5643,2.27642,-20.3,-14.56,-43.82,-21.6358,-48.2184,7.29722,1014.83
418976,0.851267,9.7561,0.133907,-22.26,-7.63,-45.01,-21.1999,-49.8529,5.9969,1014.83
418982,-0.774749,8.9957,1.3582,-20.65,-14.21,-47.53,-21.3161,-49.8221,4.38627,1014.82
418988,-0.411286,9.22047,1.61167,-17.99,-15.82,-46.97,-21.6648,-48.4651,7.57797,1014.82
418994,-0.37781,8.16356,3.06552,-18.27,-16.52,-45.78,-21.752,-49.452,6.2481,1014.83
419000,0.798661,8.07269,2.3912,-11.41,-9.8,-48.72,-20.1248,-50.7473,5.1842,1014.83
419006,0.769966,9.44524,2.05643,-8.4,-8.82,-50.82,-21.1999,-49.6679,6.4993,1014.83
419012,0.569106,9.77523,2.38642,-5.25,-4.83,-51.66,-19.9795,-49.9146,6.39586,1014.82
419018,0.583453,10.4113,2.53467,-0.7,-2.17,-55.86,-20.1248,-51.4257,4.82956,1014.82
419024,-0.13869,10.3013,3.35724,-1.54,0,-56.14,-19.8924,-50.3772,5.90824,1014.82
419030,-0.0860832,10.6026,3.37159,7,5.32,-58.94,-19.0207,-49.1436,7.03125,1014.82
419036,0.301291,11.5543,2.29077,4.9,6.09,-66.64,-19.0788,-50.6547,5.4945,1014.84
419042,0.392157,10.1722,2.60163,9.24,2.66,-70.84,-18.8754,-51.179,5.06599,1014.84
419048,0.267814,10.3778,2.00861,14.14,6.93,-73.01,-19.4274,-50.0379,6.35153,1014.83
419054,0.444763,12.6829,1.0856,11.34,5.88,-78.54,-17.9746,-51.7341,5.86391,1014.83
419060,0.688666,11.3534,1.92731,13.23,9.59,-87.15,-17.4806,-51.7958,6.10033,1014.83
419066,0.13869,12.2382,2.15208,15.75,7.91,-92.4,-17.0448,-50.994,6.91304,1014.81
419072,0.0382592,12.506,1.61167,14.07,3.36,-100.73,-17.2772,-50.7781,5.58316,1014.81
419078,0.980392,12.3003,0.731707,16.8,8.61,-108.57,-15.9406,-52.6593,6.7505,1014.82
419084,-0.530846,13.3668,1.21951,13.44,1.26,-114.24,-15.8244,-52.9986,5.95257,1014.82
419090,0.344333,13.1277,1.06648,11.2,1.89,-123.13,-14.9527,-51.3024,6.88348,1014.81
419096,0.439981,13.0942,1.78862,11.76,3.64,-129.99,-13.7033,-53.2453,7.29722,1014.81
419102,-0.650406,12.3434,1.55428,12.6,4.2,-136.15,-13.1802,-53.6154,6.23332,1014.83
419108,0.47824,12.1377,3.53898,12.81,5.04,-146.02,-12.3085,-51.8883,6.01168,1014.83
419114,0.69823,12.1282,3.23768,21.49,7.21,-153.65,-12.7153,-53.2144,6.42542,1014.81
419120,0.483022,12.2716,3.01769,29.54,12.25,-162.33,-11.4949,-55.0648,8.08037,1014.81
419126,0.334768,12.9986,2.27164,34.3,10.29,-174.02,-10.4198,-54.4172,6.52885,1014.81
419132,0.779531,14.3089,1.14299,32.27,11.27,-185.43,-9.89682,-53.677,8.68621,1014.83
419138,0.731707,15.1363,2.00861,36.12,11.62,-195.3,-8.61833,-54.7873,7.45976,1014.83
419144,1.73123,16.528,1.42037,35.21,11.55,-211.19,-7.04926,-54.0471,7.6223,1014.82
419150,2.07078,17.6231,0.798661,33.67,15.12,-229.6,-6.93303,-54.5405,8.47934,1014.82
419156,2.02774,18.7614,-0.0669536,28.91,10.92,-251.3,-5.18963,-55.1882,8.3759,1014.82
419162,1.956,20.4304,-2.02296,22.54,10.99,-272.86,-3.73679,-56.0825,6.8096,1014.82
419168,1.72166,22.286,-3.85461,8.89,0.28,-296.73,-1.73187,-54.5714,8.96696,1014.8
419174,2.15208,22.023,-3.92157,0.98,-1.82,-322,-0.220921,-55.4041,8.61232,1014.8
419180,1.93209,23.0416,-1.42994,0.07,-7.98,-347.34,1.40626,-55.6199,7.37111,1014.8
419186,4.74414,24.3424,0.200861,-5.18,-9.94,-377.09,2.36513,-55.0957,9.36592,1014.82
419192,6.59015,26.2984,0.894309,-7.77,11.13,-411.88,4.10854,-54.9723,8.6271,1014.82
419198,4.65328,26.418,1.51602,-7.98,7.98,-444.08,7.1595,-55.2807,7.97694,1014.78
419204,4.21329,29.4883,-0.755619,-17.5,18.34,-477.89,9.71649,-55.4349,8.1247,1014.78
419210,3.83548,29.2779,-1.01387,-35,13.51,-505.12,11.9248,-54.3555,8.03604,1014.83
419216,1.21951,24.3663,0.33955,-21.14,27.44,-506.8,14.569,-54.4172,7.20856,1014.83
419222,-2.8264,25.6815,6.23625,16.87,-3.43,-522.41,17.678,-54.0471,7.99171,1014.81
419228,4.19416,29.3592,-0.93735,-0.7,-9.24,-531.58,19.0147,-51.7341,9.691,1014.81
419234,-1.14299,27.2692,5.00239,8.05,-9.59,-527.52,22.3271,-51.2715,9.08517,1014.81
419240,-1.6021,29.0435,2.26208,24.5,-22.89,-518.91,25.8139,-50.6856,9.32159,1014.81
419246,5.60497,37.3171,-5.36585,-15.68,-38.85,-517.72,27.7607,-49.1744,10.0752,1014.81
419252,10.22,28.9144,-4.41894,-51.17,-37.1,-501.62,29.1845,-47.5708,9.57279,1014.77
419258,4.41894,16.9967,-0.210426,-22.96,-21.7,-470.68,32.8457,-45.7512,9.3807,1014.77
419264,4.87805,17.867,-1.6308,-13.79,-89.88,-446.04,34.3566,-44.4868,8.76009,1014.75
419270,14.4237,7.07795,-9.34003,-14.21,-105.91,-395.64,35.2574,-42.4514,9.05562,1014.75
419276,15.9397,-1.06648,-9.45959,-16.66,-73.36,-365.26,37.9306,-42.0505,7.57797,1014.74
419282,-10.0765,0.664754,-8.82831,23.38,33.39,-246.33,39.2672,-41.3103,7.77007,1014.74
419288,-18.2592,12.9794,0.306074,-9.45,-66.01,-82.53,38.9767,-39.7992,8.0656,1014.76
419294,11.033,3.49115,-3.14204,7.21,-54.88,34.16,39.4706,-40.015,7.77007,1014.76
419300,10.9756,5.52367,-3.76375,32.27,21.49,126,39.7902,-40.8477,7.94739,1014.76
419306,9.50741,11.1095,-1.33907,12.32,5.39,186.2,37.8725,-40.8785,8.39068,1014.73
419312,14.2563,9.6461,-2.85509,14.28,42.77,215.46,37.0589,-41.5262,8.89307,1014.73
419318,10.9613,11.5686,-1.99426,0.21,52.57,228.69,37.4076,-43.0682,7.23812,1014.75
419324,10.813,9.3209,-1.39646,-2.73,61.6,232.75,36.2744,-43.4074,8.25769,1014.75
419330,9.17264,6.55189,-0.870397,-0.49,68.04,232.75,34.3566,-43.2532,7.90306,1014.77
419336,7.92444,4.17025,-1.6308,0.49,70.42,237.23,34.7634,-45.5662,8.10993,1014.77
419342,6.91535,2.62554,-2.09947,5.11,71.33,243.25,33.02,-46.2138,9.58757,1014.77
419348,5.50454,2.07078,-1.73123,10.15,66.22,250.32,31.3928,-45.9979,9.64667,1014.77
419354,4.20851,2.066,-1.69775,14.77,59.92,259.07,29.3589,-48.2184,9.11472,1014.77
419360,3.72071,2.64467,-1.99426,18.27,53.62,271.53,30.6374,-48.2801,10.1934,1014.73
419366,2.66858,3.51028,-1.65471,22.05,45.01,284.41,27.7607,-48.4651,9.04084,1014.73
419372,2.24773,3.94548,-1.50646,22.89,36.05,298.13,26.1336,-49.452,9.89787,1014.71
419378,1.7121,4.7824,-1.25777,22.82,26.11,311.29,25.6105,-51.1482,8.43501,1014.71
419384,1.10473,5.42324,-1.31038,21.84,15.61,324.94,24.0996,-50.9631,9.02606,1014.69
419390,0.425634,5.64801,-1.15734,19.88,3.43,338.52,21.4264,-50.6856,9.33637,1014.69
419396,-0.463893,5.8967,-0.353898,20.3,-13.72,350.98,20.4966,-52.536,8.80442,1014.67
419402,0.263032,5.39455,-0.191296,25.34,-23.1,359.52,19.5086,-53.2144,8.49411,1014.67
419408,0.315638,5.31803,1.10952,32.48,-33.74,364.98,16.2833,-52.8135,10.5037,1014.67
419414,1.20038,5.26542,1.32472,39.41,-42.56,369.32,15.2663,-53.4303,9.64667,1014.68
419420,1.76471,5.61454,2.12817,50.26,-51.94,372.61,13.8716,-54.5714,9.20338,1014.68
419426,2.12339,5.86322,2.7164,57.19,-54.6,374.36,10.9659,-55.0031,9.24771,1014.69
419432,2.88379,7.02535,3.13725,63.42,-51.17,374.92,9.04819,-54.5405,10.09,1014.69
419438,3.01769,8.06313,3.37637,66.36,-51.94,373.8,7.56629,-56.0209,10.7697,1014.7
419444,3.33812,10.0765,3.44333,64.26,-48.23,371.07,6.0844,-54.7873,10.4594,1014.7
419450,3.11334,11.2482,3.88331,61.39,-44.94,369.81,2.91721,-54.2013,11.7597,1014.71
419456,3.04639,13.0033,3.63941,55.3,-37.66,369.88,1.40626,-56.2059,11.346,1014.71
419462,2.54424,13.8785,3.73984,47.46,-33.67,371.49,0.0696483,-54.9723,11.6119,1014.74
419468,1.88427,14.9546,3.70158,37.31,-30.17,373.31,-1.8481,-53.9238,11.671,1014.74
419474,1.50646,15.2511,3.71592,38.43,-28.98,379.12,-3.91113,-55.034,11.4789,1014.74
419480,0.760402,15.1459,3.18986,23.8,-22.75,387.31,-5.4802,-55.1882,10.4446,1014.72
419486,0.430416,15.8584,4.16547,21.07,-20.44,392.84,-8.06625,-53.1836,12.2325,1014.72
419492,0.0908656,17.2071,3.05595,19.32,-23.24,401.59,-9.22852,-52.2892,12.07,1014.74
419498,0.430416,17.0875,3.07508,20.37,-15.33,408.8,-11.4078,-53.0602,12.2325,1014.74
419504,-1.2769,17.934,3.70158,20.51,-24.71,418.95,-13.9648,-51.3641,12.1291,1014.74
419510,-0.760402,19.3113,3.49115,26.32,-24.99,425.11,-17.0157,-50.9631,11.804,1014.74
419516,-1.09039,20.0191,3.38594,30.03,-25.62,424.76,-18.0327,-50.223,11.5085,1014.76
419522,-0.526064,20.8321,3.29986,36.75,-29.68,423.71,-19.5437,-49.0511,11.9222,1014.76
419528,-0.741272,22.3195,3.62984,40.46,-33.39,430.99,-21.3161,-46.3989,13.3555,1014.76
419534,-0.248685,24.4381,2.47728,45.64,-30.52,429.59,-23.4954,-46.0596,13.6511,1014.74
419540,-1.05213,25.8393,2.8264,45.85,-26.81,425.67,-26.7207,-44.8877,12.1587,1014.74
419552,-2.85988,27.9627,2.59206,49.28,-15.19,434.42,-28.6675,-40.7552,14.7741,1014.77
419558,-4.74892,28.2783,4.79197,41.44,3.85,430.5,-32.3577,-41.6804,13.592,1014.79
419564,-5.13152,29.67,2.69727,43.54,8.68,430.29,-32.6483,-37.9179,14.0648,1014.79
419570,-9.8087,30.5882,4.0746,42.49,21.35,427.28,-34.6532,-35.6666,15.6163,1014.78
419576,-11.9751,30.6265,4.33764,41.86,23.59,421.68,-36.1932,-35.1423,13.9318,1014.78
419582,-15.825,32.6686,2.92205,31.29,32.2,409.64,-37.0649,-33.662,13.7841,1014.78
419588,-18.0536,33.472,1.42994,8.19,36.61,383.81,-38.0819,-30.0538,14.9366,1014.79
419594,-20.33,35.1267,-5.16977,-26.25,39.41,346.22,-39.5057,-28.7894,13.6511,1014.79
419600,-23.7781,36.6714,-11.9751,-93.31,35.56,303.38,-41.6559,-28.4501,12.794,1014.8
419606,-30.6648,25.4089,-10.0143,-137.69,21.7,253.47,-41.6268,-26.3222,13.0009,1014.8
419612,-35.165,14.7537,-4.99283,-119.7,1.68,200.62,-42.0046,-25.1503,12.6315,1014.8
419618,-42.7451,0.320421,2.86466,-49.35,-24.29,158.34,-43.8351,-24.9961,12.3803,1014.8
419624,-46.7193,-5.55715,5.75323,37.94,-46.62,118.79,-43.4283,-24.1326,12.4542,1014.81
419630,-49.0722,0.832138,1.73123,81.41,-65.45,81.34,-42.9925,-22.4981,12.0109,1014.81
419636,-46.9775,4.75371,2.73075,118.23,-69.3,33.11,-44.2419,-23.2382,12.9861,1014.81
419642,-43.0703,12.0995,3.1516,133.7,-75.39,-17.22,-43.9514,-23.3307,13.8875,1014.81
419648,-34.132,19.23,0.243902,102.34,-71.82,-65.94,-42.3242,-22.5906,14.8775,1014.81
419654,-28.3979,19.2205,2.89335,90.3,-49.21,-114.03,-43.1378,-22.2205,15.4981,1014.83
419660,23.7685,85.6241,89.12,302.19,-299.32,-248.15,-43.4283,-24.1634,16.0301,1014.83
419666,2.30033,85.4854,-54.132,-481.95,84.35,-358.75,-41.22,-24.3793,17.0349,1014.85
419672,-2.37685,-38.044,24.9115,133,42.84,-256.9,-40.4355,-26.3839,16.828,1014.85
419678,31.9512,8.44094,-13.9646,-43.54,-56.56,-306.67,-40.174,-28.6043,17.36,1014.8
419684,17.1353,16.1502,-4.10808,-25.27,89.6,-333.83,-39.3894,-30.0229,16.2222,1014.8
419690,12.8503,13.2903,1.97991,-77.14,95.06,-329.98,-37.4717,-30.4855,16.1631,1014.83
419696,4.40459,7.59923,3.93592,-72.73,153.3,-332.43,-37.2102,-33.0761,15.971,1014.83
419702,0.559541,5.16021,9.52654,-33.11,128.38,-336.98,-36.7453,-34.9573,13.6954,1014.83
419708,-5.77714,6.72405,7.37446,-10.85,127.82,-337.82,-34.537,-35.5741,13.3555,1014.84
419714,-7.2836,8.58441,6.00669,-7.77,120.05,-346.92,-34.5951,-38.1955,14.1683,1014.84
419720,-17.0636,19.297,9.24438,-5.95,78.54,-317.17,-33.5781,-40.1692,11.4789,1014.82
419726,-17.6471,24.5194,6.99665,-30.73,28.63,-273.49,-31.6603,-40.0767,12.7793,1014.82
419732,-11.9082,17.561,6.38929,-22.12,-28.56,-240.31,-30.2075,-40.1692,12.8532,1014.84
419738,-8.24964,14.2516,5.41846,-16.52,-54.18,-221.83,-30.6724,-42.3897,11.6858,1014.84
419744,-1.48254,7.48446,5.31803,11.9,-70.21,-217.28,-29.0452,-42.7598,11.0357,1014.8
419750,1.54472,8.65614,1.91296,25.97,-42.35,-205.24,-27.9701,-42.3897,12.4542,1014.8
419756,-5.76757,25.8345,-8.6944,26.25,66.64,-184.03,-27.7958,-44.5793,12.6906,1014.8
419762,-12.9842,21.6308,-9.50741,-17.01,56.07,-101.78,-26.5464,-44.4868,11.9222,1014.82
419768,-10.1865,19.3783,-4.01722,-64.05,11.9,-58.31,-26.7207,-43.3457,11.2573,1014.82
419774,-1.49689,11.3486,-0.688666,-79.73,-8.68,-58.66,-26.7207,-44.8877,10.5924,1014.8
419780,7.06839,5.01196,1.92731,-56.42,29.75,-55.16,-26.372,-46.5839,10.0161,1014.8
419786,-2.08034,9.80392,2.01339,-25.83,55.51,-51.03,-26.2267,-45.1653,11.1834,1014.78
419792,-6.99665,9.26829,4.75371,-30.31,18.27,-40.81,-25.9943,-45.1036,10.3412,1014.78
419798,-1.09039,9.1583,2.04687,-14.21,3.71,-25.83,-25.9362,-46.8306,10.2082,1014.8
419804,0.229555,10.7269,-0.502152,-16.24,14.7,-19.6,-25.7909,-46.0288,10.7549,1014.8
419810,-0.392157,11.0665,-0.248685,-20.65,7.21,-19.6,-24.7158,-44.641,10.2525,1014.79
419816,0.420851,9.18221,1.14778,-13.79,6.51,-24.64,-26.0814,-46.5839,10.3855,1014.79
419822,-0.263032,10.0861,0.69823,-11.62,8.33,-22.19,-25.7328,-47.2315,10.1343,1014.79
419828,-1.67862,10.3969,1.58297,-7.7,2.8,-15.4,-25.4422,-45.5353,10.7549,1014.79
419834,0.573888,10.2965,0.841702,-7.98,-0.91,-16.17,-25.355,-46.8923,10.8436,1014.79
419840,0.277379,9.99043,0.970827,-4.76,0,-16.24,-25.1516,-47.4782,9.46935,1014.81
419846,0.0382592,10.0383,1.25299,-6.3,2.03,-18.69,-24.9192,-45.8129,9.91265,1014.81
419852,-0.047824,10.1674,1.53993,-4.9,-4.06,-20.09,-24.5124,-45.0111,9.82399,1014.82
419858,-0.200861,9.83261,1.64036,-0.91,-4.55,-17.43,-24.3961,-46.368,9.64667,1014.82
419864,-0.0047824,10.1387,1.26734,0.77,-4.69,-16.8,-24.5705,-47.6941,8.56799,1014.81
419870,-0.435198,10.2917,0.932568,-1.82,-5.67,-17.71,-24.5995,-45.6587,11.4789,1014.81
419876,0.0765184,10.4782,0.143472,-2.66,-6.93,-18.34,-24.8029,-47.4782,9.79444,1014.81
419882,-0.21999,10.4735,0.23912,-5.95,-7.63,-16.59,-24.0475,-47.1082,9.02606,1014.81
419888,0.162602,10.0956,0.406504,-7.21,-6.65,-15.96,-23.9312,-45.2886,10.5776,1014.81
419894,0.162602,9.75131,0.85605,-7.21,-4.55,-17.01,-24.2218,-46.7689,9.08517,1014.84
419900,-0.191296,9.87087,0.93735,-7.56,-5.46,-15.82,-24.2799,-47.8483,9.39547,1014.84
419906,-0.0860832,9.65567,0.946915,-7.77,-5.95,-14.7,-24.4543,-46.3989,9.92742,1014.81
419912,0.133907,9.7274,0.602582,-7.63,-3.29,-14.35,-23.6697,-46.8306,9.05562,1014.81
419918,-0.277379,9.73218,0.602582,-7.77,-4.41,-13.16,-23.9022,-48.1259,10.1195,1014.85
419924,0.186514,9.89957,0.157819,-9.38,-0.56,-11.06,-23.786,-46.7381,11.2869,1014.85
419930,0.210426,9.99522,-0.0382592,-11.9,0.56,-10.01,-23.9312,-46.7998,10.1047,1014.85
419936,-0.612147,10.5117,0.334768,-18.41,-3.64,-10.78,-22.9433,-47.0157,9.49891,1014.83
419942,0.172166,10.1339,-0.205643,-21.63,-2.38,-12.95,-23.6697,-46.954,8.70098,1014.83
419948,-0.124342,10.1387,-0.229555,-25.69,1.12,-12.18,-23.4663,-46.5531,9.23293,1014.84
419954,-0.420851,10.4926,0.0573888,-30.03,-1.75,-10.64,-23.8731,-47.6016,9.691,1014.84
419960,-0.320421,9.96652,0.21999,-33.95,-1.33,-11.83,-23.2339,-48.0025,8.33157,1014.78
419966,0.0669536,10.2009,-0.0047824,-34.72,-2.52,-13.58,-23.815,-46.7689,9.20338,1014.78
419972,-0.0908656,9.95218,0.798661,-37.66,-3.5,-12.25,-23.3792,-47.7558,9.76488,1014.79
419978,0.200861,9.62697,0.879962,-34.72,-4.41,-14.35,-24.1056,-49.0202,7.78484,1014.79
419984,0.0621712,9.91392,1.05691,-34.16,-6.23,-14.98,-23.786,-47.8792,8.55322,1014.83
419990,-0.411286,10.0335,1.37733,-32.06,-8.47,-16.94,-23.2339,-47.0157,8.86352,1014.83
419996,0.0382592,10.5978,0.650406,-38.99,-6.65,-18.34,-23.3501,-48.4034,8.73053,1014.83
420002,-0.186514,9.1583,1.78384,-30.52,-6.65,-17.22,-23.4082,-48.6193,8.33157,1014.81
420008,-0.731707,10.4974,1.76949,-30.8,-16.38,-18.69,-23.7278,-47.3857,7.32678,1014.81
420014,0.291726,9.91392,1.32472,-30.52,-15.19,-21.91,-23.292,-48.4343,7.65186,1014.81
420020,0.0430416,9.98087,0.889526,-32.48,-14.77,-24.78,-23.2339,-49.6062,6.89826,1014.81
420026,-0.664754,9.6461,1.59732,-28.91,-15.96,-23.87,-22.5365,-48.1876,7.63708,1014.83
420032,-0.521282,11.3869,1.20995,-33.81,-19.11,-26.53,-22.5075,-48.4651,7.10513,1014.83
420038,-0.353898,10.1483,0.827355,-41.02,-21.77,-25.83,-22.246,-49.6987,7.03125,1014.83
420044,0.420851,8.66093,1.40603,-37.94,-17.57,-28.35,-21.229,-48.3109,6.20377,1014.83
420050,-0.473458,8.96222,1.34864,-32.2,-20.44,-26.95,-22.6818,-48.3418,6.98692,1014.83
420056,0.234338,8.95744,1.94165,-29.82,-18.62,-28.56,-21.7229,-49.0819,6.63228,1014.81
420062,-0.0095648,9.14873,1.25777,-25.55,-17.57,-29.75,-22.769,-49.637,5.67182,1014.81
420068,0.707795,10.0478,1.13821,-29.89,-14.56,-34.02,-21.6067,-48.1876,6.86871,1014.83
420074,0.444763,10.2152,2.05165,-25.9,-11.34,-33.18,-21.8101,-49.0819,6.08556,1014.83
420080,0.243902,9.90435,2.63988,-20.37,-8.82,-35.77,-21.9554,-49.8529,4.85912,1014.81
420086,2.52989,12.2286,4.61023,-17.5,-8.82,-44.59,-20.9093,-49.6679,5.93779,1014.81
420092,3.73505,11.626,5.88713,-10.5,-1.96,-55.93,-20.9093,-50.0071,5.67182,1014.82
420098,0.927786,9.6748,2.01817,-5.6,5.6,-59.36,-20.7641,-51.0865,5.22853,1014.82
420104,-1.07604,9.57436,4.5098,4.83,3.15,-61.39,-20.5897,-49.9454,6.15944,1014.82
420110,1.40124,11.2339,2.5012,8.96,6.37,-68.6,-20.0086,-50.223,6.51407,1014.83
420116,1.91296,11.8317,1.64515,5.95,12.53,-74.62,-20.1829,-50.7473,5.79003,1014.83
420122,-0.0095648,11.2817,3.62984,12.88,7.07,-80.01,-19.1369,-51.3024,6.02645,1014.81
420128,0.985174,11.2769,2.86944,15.54,8.33,-88.83,-19.0207,-49.6062,5.59794,1014.81
420134,1.63558,13.1707,1.10952,15.96,16.73,-95.97,-18.701,-51.6108,5.62749,1014.82
420140,-0.396939,12.2525,2.4725,16.59,8.33,-103.25,-17.684,-51.6416,5.13987,1014.82
420146,0.875179,13.209,1.43472,13.37,9.59,-113.26,-17.0448,-51.4874,6.10033,1014.83
420152,0.545194,12.9507,2.56337,16.17,8.89,-120.82,-16.7252,-52.1659,6.45497,1014.83
420158,1.89861,12.2525,1.92252,16.1,8.82,-130.13,-16.0278,-52.5976,6.21855,1014.83
420164,0.85605,12.659,2.5538,17.15,13.79,-137.06,-15.621,-52.3509,6.92781,1014.83
420170,0.396939,11.7121,3.73505,22.96,13.58,-143.5,-15.0108,-51.7033,6.42542,1014.83
420176,1.1143,12.439,2.95552,26.04,15.82,-154.21,-14.3135,-53.7696,5.95257,1014.83
420182,0.530846,12.4534,2.92205,31.71,16.73,-162.47,-12.8606,-53.5845,6.18899,1014.83
420188,1.09039,13.6872,2.71162,37.17,11.76,-176.33,-11.6983,-52.4126,6.51407,1014.84
420194,0.526064,15.8967,1.32472,39.69,13.79,-187.53,-11.3787,-53.8621,7.14946,1014.84
420200,1.22429,16.4371,0.827355,34.02,8.19,-203.42,-10.2455,-55.2807,6.33676,1014.84
420206,1.53515,16.3128,0.473458,32.76,8.4,-219.24,-9.28663,-53.492,8.28724,1014.84
420212,1.89383,17.4079,0.133907,36.05,6.51,-236.74,-8.41493,-55.219,8.50889,1014.85
420218,2.17121,20.6695,-0.760402,32.55,4.13,-254.24,-6.5553,-56.4835,6.08556,1014.85
420224,3.48637,22.8216,-3.32855,13.93,-0.91,-279.86,-6.1485,-55.1573,7.0608,1014.85
420230,2.43424,22.9699,-4.38546,-0.49,-3.71,-304.36,-3.21377,-54.5714,8.00649,1014.81
420236,2.1473,22.1282,-5.32281,-11.06,-14.84,-332.15,-2.16772,-56.0517,7.14946,1014.81
420242,2.48207,22.2382,-3.93113,-13.02,-19.88,-358.96,0.360215,-56.0825,6.44019,1014.82
420248,4.11765,25.3419,0.114778,-9.38,-21,-387.66,2.27796,-55.4041,8.77486,1014.82
420254,7.20708,25.3706,0.693448,-13.72,-16.45,-422.52,3.90514,-54.7256,7.99171,1014.81
420260,7.42229,24.2181,1.62123,-11.13,-3.92,-460.95,6.92704,-55.99,7.04602,1014.81
420266,4.46198,24.615,1.84601,-3.29,4.76,-490.63,8.46705,-55.3732,8.8783,1014.76
420272,2.24295,28.7518,0.492587,-14.98,1.33,-515.34,10.8788,-54.263,8.10993,1014.76
420278,3.12291,28.3692,1.04256,-22.54,-9.31,-531.02,15.0048,-54.9106,7.32678,1014.76
420284,-5.82018,26.9919,4.90674,9.66,6.16,-516.74,17.5618,-54.5714,8.6271,1014.81
420290,-2.19034,30.8178,2.17599,-12.88,-29.4,-514.15,18.7822,-51.8883,7.32678,1014.81
420296,4.41894,25.1506,1.00909,-14.14,-14.28,-530.95,21.6298,-52.4434,8.76009,1014.77
420302,-3.31899,21.1239,5.10282,32.41,-22.54,-521.57,24.4483,-51.1173,6.35153,1014.77
420308,-3.30464,29.4309,-4.04113,36.54,-51.52,-504.07,26.5404,-49.1744,9.52846,1014.74
420314,2.60641,26.7814,-6.80536,8.26,-73.85,-472.29,30.0853,-48.2492,8.86352,1014.74
420320,4.5098,16.6858,-4.93544,19.67,-73.64,-420.35,32.003,-47.139,8.34635,1014.75
420326,3.6681,18.5605,-6.92492,8.61,-112.56,-380.8,32.7004,-45.9363,8.21336,1014.75
420332,15.5141,14.4476,-8.23529,-40.67,-148.68,-357,34.6181,-43.87,7.99171,1014.74
420338,14.5433,-6.54232,-2.72119,-34.86,-80.01,-345.45,37.088,-43.7158,7.03125,1014.74
420344,-10.923,1.77905,-0.95648,10.78,-3.64,-212.66,37.5529,-41.8654,7.71096,1014.74
420350,-5.30368,12.1473,1.53993,-29.75,-103.04,-79.03,37.7272,-40.601,8.39068,1014.76
420356,12.3099,2.76423,-0.387374,3.01,-47.39,7.56,38.7151,-41.2178,7.34155,1014.76
420362,7.00622,7.95313,-0.45911,20.86,8.4,85.61,38.7151,-41.557,7.20856,1014.76
420368,8.6418,9.80392,-0.879962,4.27,4.69,138.6,37.0299,-41.4953,6.58796,1014.76
420374,13.7398,9.5935,-2.52032,5.67,42.98,162.26,36.9427,-41.9579,6.35153,1014.75
420380,11.9417,9.92826,-1.21951,-3.22,61.04,172.27,37.4367,-43.7158,5.2433,1014.75
420386,11.3008,8.46963,-1.92731,-9.59,79.94,174.93,34.6763,-43.9317,8.15425,1014.74
420392,9.96652,6.95839,-1.30081,-13.86,89.88,174.16,33.9498,-44.0859,7.8735,1014.74
420398,8.79962,4.12243,-2.05643,-16.45,100.1,176.47,34.3566,-45.7512,7.74052,1014.74
420404,7.42707,2.70684,-1.53037,-13.58,104.44,182.56,32.4679,-45.6587,9.11472,1014.78
420410,6.16451,2.11382,-2.00383,-10.85,105.14,189,31.5962,-46.3063,9.29204,1014.78
420416,4.74892,1.6308,-1.56863,-5.81,102.06,196.77,31.3057,-47.3549,9.21815,1014.77
420422,3.73984,2.04687,-2.3099,-3.43,98.28,207.13,30.8989,-47.2932,8.27247,1014.77
420428,2.91726,2.36251,-1.96078,-0.7,88.83,219.24,28.5743,-47.3549,10.09,1014.77
420434,2.08513,2.78814,-2.00383,2.17,78.96,232.19,27.7607,-48.681,9.23293,1014.77
420440,1.22908,3.1516,-1.84601,4.69,67.83,247.8,27.0343,-49.0202,7.09035,1014.7
420446,0.33955,3.73505,-1.62602,5.95,53.9,266.63,25.1747,-49.2053,9.64667,1014.7
420452,0.133907,3.87374,-1.47298,8.54,41.44,285.88,24.1577,-50.5931,9.49891,1014.7
420458,-0.396939,4.21808,-1.08082,11.48,25.97,307.93,23.257,-51.95,9.41025,1014.7
420464,-0.392157,4.19416,-0.755619,17.22,12.18,327.18,21.3973,-52.721,11.5233,1014.7
420470,-0.129125,4.38068,-0.530846,21.91,-1.05,344.82,19.0728,-52.5051,10.09,1014.7
420476,0.109995,4.77284,0,28.21,-13.58,359.24,18.4045,-52.9986,9.70578,1014.7
420482,0.636059,5.05978,0.511717,35.7,-24.36,368.76,15.9056,-54.3863,8.92263,1014.67
420488,1.66906,5.87757,1.07126,42.56,-31.15,374.99,13.058,-53.2761,9.04084,1014.67
420494,2.13295,6.54232,1.52559,48.02,-34.37,379.47,11.7795,-54.448,9.54324,1014.73
420500,2.78814,7.66141,1.67384,49.77,-37.24,378.84,10.0652,-55.99,9.30681,1014.73
420506,3.04639,8.51745,1.76949,51.8,-37.66,378.63,7.53724,-54.7564,11.4494,1014.73
420512,2.99856,9.82783,1.74079,49.35,-36.26,379.12,5.73572,-55.0031,10.1195,1014.73
420518,2.90292,10.7843,1.72645,45.57,-33.88,377.58,3.99231,-56.0209,10.2377,1014.73
420524,2.59206,12.2286,1.85557,41.72,-32.13,376.74,1.84211,-55.3424,11.671,1014.72
420530,2.20469,11.7934,2.44859,39.76,-30.73,375.2,-0.191863,-55.0648,11.4051,1014.72
420536,0.95648,14.2276,2.09469,31.64,-31.57,376.11,-1.38319,-57.0386,10.6071,1014.77
420542,0.803443,14.4811,2.2286,30.66,-29.68,376.81,-3.15565,-55.2807,10.2968,1014.77
420548,-0.023912,15.2654,2.30512,26.46,-33.04,376.32,-5.36397,-53.5228,11.346,1014.77
420554,-0.157819,15.5858,2.18077,24.92,-37.1,380.45,-7.36889,-54.0163,10.6219,1014.77
420560,-0.473458,15.9876,2.29555,29.33,-38.01,385.35,-9.22852,-54.7873,10.223,1014.76
420566,-0.109995,16.6093,1.56384,29.33,-39.2,387.38,-11.1753,-52.2892,11.5676,1014.76
420572,-1.18604,17.8431,2.29077,35.49,-41.58,394.59,-13.064,-51.95,12.1734,1014.76
420578,-0.779531,17.8192,2.64945,39.41,-43.61,400.96,-15.7953,-52.4126,11.7597,1014.8
420584,-0.306074,18.9335,2.35772,45.92,-45.5,405.58,-17.1901,-50.223,12.0257,1014.8
420590,-0.229555,19.517,2.46772,50.4,-47.32,408.31,-19.2241,-48.6502,13.1191,1014.74
420596,-0.521282,21.2578,2.40555,56.42,-46.48,411.95,-21.6648,-48.866,12.0404,1014.74
420602,-0.344333,22.1808,2.42946,61.25,-45.78,413.21,-23.4954,-47.5399,12.8532,1014.78
420608,-0.315638,23.2807,2.59684,66.78,-43.82,415.24,-25.0354,-44.6718,13.2373,1014.78
420614,-0.511717,26.0736,2.7977,66.78,-40.81,421.68,-26.8369,-44.3326,13.1635,1014.8
420620,-1.13821,27.3219,2.5538,67.55,-33.39,423.64,-28.929,-43.4999,13.7988,1014.8
420626,-2.4725,28.3931,3.43376,70.42,-24.92,423.64,-29.9169,-40.1692,15.5425,1014.8
420632,-3.99809,28.2736,3.41463,71.05,-3.99,427.35,-31.6022,-38.9356,15.0105,1014.77
420638,-6.80057,29.0148,4.82544,70.07,-6.3,420.49,-33.9268,-38.0721,14.4342,1014.77
420644,-8.97178,29.7561,5.19847,71.47,-6.3,416.92,-35.554,-35.3582,15.6459,1014.76
420650,-13.0607,31.6069,5.48063,66.01,-2.52,412.09,-36.5709,-33.8162,15.1287,1014.76
420656,-15.6337,32.1329,5.68627,58.17,3.99,394.45,-38.0819,-33.2611,15.9562,1014.75
420662,-19.0579,33.7637,3.06552,37.52,7.77,369.25,-39.7091,-30.6706,16.0153,1014.75
420668,-20.8991,35.2224,-0.69823,-3.5,7.63,330.33,-39.4766,-28.666,17.2713,1014.77
420674,-24.4859,38.1396,-11.7169,-72.52,3.99,285.25,-41.5396,-27.895,15.5425,1014.77
420680,-28.4601,33.4768,-13.4338,-144.9,-6.51,237.37,-41.5106,-26.8773,15.5425,1014.79
420686,-35.3658,16.3941,-5.22716,-160.09,-22.82,188.51,-42.0046,-25.582,16.0596,1014.79
420692,-40.9565,3.22812,2.73553,-97.37,-47.6,140.07,-42.6729,-24.9344,14.8184,1014.79
420698,-47.4845,-8.61789,8.75179,10.01,-64.68,107.87,-43.4574,-24.9652,16.2222,1014.84
420704,-49.7752,-4.04113,3.18986,61.81,-75.74,73.78,-42.7891,-23.5158,15.8675,1014.84
420710,-44.8493,1.22429,5.39455,104.65,-75.18,34.65,-42.4695,-23.4849,16.9462,1014.82
420716,-40.5739,5.59063,7.74749,137.27,-63.42,-10.01,-42.9925,-23.5466,17.4486,1014.82
420722,-32.9507,16.0784,5.0263,132.44,-56,-60.41,-43.3412,-23.7316,17.3895,1014.85
420728,-26.4515,18.8379,5.11239,111.72,-10.64,-112.14,-41.3072,-23.1457,18.1283,1014.85
420734,-21.2099,23.0894,3.44811,55.3,-11.69,-147.42,-42.7019,-24.1634,18.6898,1014.81
420740,-17.9483,23.032,3.43855,-107.03,-84.7,-181.3,-42.6729,-25.397,18.2761,1014.81
420746,42.219,116.968,42.5729,6.79,-93.73,-307.51,-41.191,-25.4587,18.9706,1014.81
420752,6.64275,-50.3491,31.6786,-139.16,50.12,-258.79,-39.9415,-27.1549,17.9658,1014.81
420758,35.2941,-4.60545,-27.5323,73.01,75.67,-228.83,-40.3774,-28.5735,17.3156,1014.81
420764,12.6542,15.9971,3.57245,5.67,62.37,-262.5,-39.1279,-29.1903,19.0297,1014.81
420770,17.8192,15.9445,-0.674318,-128.31,62.37,-299.32,-38.663,-29.9613,17.6112,1014.81
420776,10.7221,-2.34816,1.85079,-62.65,154.42,-313.95,-38.0819,-32.2126,17.2861,1014.81
420782,2.78336,4.86848,8.34051,-40.04,182.77,-320.04,-37.3555,-33.3845,15.6459,1014.81
420788,-9.67958,6.21234,12.4534,-18.83,132.37,-309.89,-36.7453,-33.9704,14.8184,1014.82
420794,-12.6877,11.2721,9.35437,3.85,81.06,-304.22,-34.9147,-36.0675,14.582,1014.82
420800,-10.8991,17.8766,5.07891,-43.75,49.14,-294.14,-34.6822,-37.8254,15.306,1014.82
420806,-11.1,16.3462,8.42181,-39.13,21.28,-267.82,-33.1422,-38.4114,14.5672,1014.82
420812,-8.53658,16.5423,7.76662,-30.17,-7.14,-238.07,-32.8226,-40.015,14.9366,1014.82
420818,-5.35629,16.0258,3.05595,-27.72,-16.45,-211.61,-32.1834,-41.7729,14.5377,1014.82
420824,-2.53945,10.6504,2.92205,-19.04,-55.72,-211.75,-31.1373,-41.1561,13.1339,1014.82
420830,-0.707795,13.3142,-0.282162,6.65,-11.55,-192.92,-29.5973,-41.8654,14.7002,1014.8
420836,0.105213,13.6872,-2.25729,-9.73,12.04,-179.06,-29.1615,-44.2401,13.5181,1014.8
420842,-0.196078,13.3812,-2.99856,-1.96,45.36,-189.07,-28.3479,-44.3018,14.1535,1014.82
420848,-12.6877,22.989,-9.56002,-55.58,94.85,-103.32,-27.0403,-43.4382,13.5033,1014.82
420854,-14.4811,13.759,0.645624,-61.39,30.73,-56,-27.912,-43.8392,13.8727,1014.82
420860,-2.18077,9.82783,2.70206,-75.39,1.26,-45.01,-27.1856,-44.4868,12.4542,1014.82
420866,2.94118,5.99235,3.14204,-41.3,23.45,-41.23,-27.0984,-44.055,12.7349,1014.82
420872,-0.11956,9.24916,1.6308,-26.81,41.23,-45.43,-26.8369,-45.1036,11.5676,1014.82
420878,-2.68771,9.7561,2.48685,-29.82,27.58,-46.83,-27.0694,-46.1213,10.7697,1014.82
420884,-1.86514,8.65614,2.81205,-17.99,19.95,-34.72,-26.6335,-44.9494,11.671,1014.83
420890,-0.679101,9.33046,0.722142,-18.55,9.17,-26.04,-26.4882,-44.641,12.3064,1014.83
420896,-1.01387,10.7461,0.0382592,-14.91,7.98,-23.38,-26.7207,-45.6895,10.1195,1014.81
420902,0.401722,10.4543,-0.0573888,-22.19,1.61,-23.45,-25.9943,-45.9363,11.1391,1014.81
420908,0.85605,10.1483,-0.0047824,-15.05,9.38,-16.66,-26.4011,-45.3811,10.8288,1014.84
420914,-0.277379,9.3735,1.41081,-16.1,3.08,-16.66,-25.355,-46.0905,11.7745,1014.84
420920,0.186514,10.0143,0.970827,-11.83,0,-20.65,-25.326,-46.4605,10.4889,1014.84
420926,-0.0765184,10.0335,0.989957,-8.89,3.01,-15.96,-25.2388,-44.8569,11.1391,1014.84
420932,-0.559541,10.2535,1.01865,-8.82,1.19,-11.34,-25.6165,-46.5531,11.4346,1014.84
420938,0.521282,10.0478,0.894309,-7.14,-1.54,-13.09,-25.4422,-47.2007,11.2277,1014.83
420944,-0.143472,9.53611,1.69297,-3.64,-3.08,-10.01,-24.9482,-45.7204,9.55801,1014.83
420950,0.0860832,9.85653,1.14299,-1.33,-3.78,-12.67,-24.7158,-45.3811,10.4889,1014.87
420956,-0.267814,10.0287,1.02822,1.54,-6.72,-12.46,-25.0063,-46.4914,11.1686,1014.87
420962,-0.023912,10.22,0.569106,-0.77,-3.71,-9.73,-25.3841,-46.6147,10.3707,1014.84
420968,-0.0621712,10.1769,0.760402,-2.24,-6.58,-10.64,-25.0063,-45.0419,9.85354,1014.84
420974,0.33955,9.88044,0.669536,-2.24,-6.58,-11.62,-25.2679,-46.6456,11.4789,1014.83
420980,0.425634,9.92348,0.83692,-0.63,-5.39,-11.62,-25.1807,-46.6147,10.2082,1014.83
420986,0.669536,9.97609,0.47824,-2.45,-6.16,-12.46,-24.5705,-45.1653,11.6415,1014.83
420992,0.483022,9.87566,0.569106,-2.38,-6.09,-14.56,-25.5584,-47.725,10.09,1014.8
420998,0.148254,10.1435,0.468675,-5.18,-7.49,-14.56,-25.4131,-47.2932,8.84875,1014.8
421004,0.153037,9.71784,0.655189,-5.11,-7.35,-14.56,-24.6286,-46.1213,11.5233,1014.82
421010,0.564323,9.73697,0.468675,-5.32,-0.77,-14.21,-24.5995,-46.2138,11.8336,1014.82
421016,-0.69823,10.0765,0.406504,-8.4,-5.81,-13.44,-24.7739,-47.0465,11.804,1014.81
421022,0.148254,10.3395,0.0573888,-12.74,-9.17,-14.14,-24.6577,-46.183,10.5924,1014.81
421028,0.631277,10.0048,-0.157819,-13.79,-1.96,-14.28,-24.5705,-46.2755,11.0061,1014.82
421034,0.0334768,10.2965,0.10043,-17.71,-2.1,-14.42,-24.5124,-46.8923,11.1834,1014.82
421040,0.0191296,10.2248,0.0382592,-22.26,-2.87,-14.28,-24.1056,-47.8483,10.9174,1014.82
421046,0.0621712,10.0956,0.21999,-24.92,-3.92,-15.05,-23.4663,-46.9848,10.0752,1014.82
421052,0.133907,9.74175,0.47824,-26.88,-1.82,-14.42,-24.1928,-46.954,11.1834,1014.82
421058,-0.0430416,9.47872,1.15734,-26.18,-1.47,-14.91,-23.9603,-47.4782,9.51368,1014.82
421064,-0.153037,9.36872,1.0043,-25.06,-1.96,-14.77,-24.1056,-46.4297,10.5333,1014.82
421070,0.0621712,9.66045,0.951698,-24.22,-1.82,-15.33,-24.2799,-46.368,10.415,1014.82
421076,-0.291726,9.60784,1.10473,-22.96,-3.64,-13.93,-23.815,-48.1876,9.64667,1014.82
421082,-0.492587,9.3209,1.73601,-19.46,-7,-12.95,-23.6407,-47.0465,10.2082,1014.81
421088,0.263032,10.1339,0.35868,-22.47,-4.2,-15.68,-23.6697,-46.7073,8.50889,1014.81
421094,-0.267814,10.067,0.95648,-22.75,-6.93,-15.05,-24.9773,-48.866,8.81919,1014.81
421100,-0.263032,9.76566,1.3582,-21.49,-7.07,-14,-24.5124,-48.496,8.25769,1014.84
421106,-0.286944,9.89957,1.69775,-19.11,-6.3,-15.61,-24.1056,-46.954,10.1343,1014.84
421112,0.0765184,9.4022,1.28647,-15.89,-6.93,-12.67,-23.3792,-47.5091,10.0309,1014.81
421118,-0.545194,10.3778,1.12865,-17.43,-8.4,-15.96,-24.0765,-48.6193,9.33637,1014.81
421124,0.0765184,10.5595,0.411286,-23.31,-10.29,-21.07,-23.0305,-48.1876,8.77486,1014.84
421130,0.186514,10.8704,-0.0813008,-27.02,-12.81,-19.18,-23.1467,-47.5091,9.23293,1014.84
421136,0.659971,9.61262,0.607365,-28.28,-11.34,-21.49,-23.1758,-48.5576,8.50889,1014.82
421142,0.25825,9.3209,1.09517,-23.73,-11.13,-19.53,-23.1177,-47.7866,7.91783,1014.82
421148,-0.535629,10.4782,1.99904,-21.63,-10.85,-22.47,-22.5946,-47.7866,8.49411,1014.8
421154,0.267814,9.78957,0.492587,-25.62,-14.07,-29.05,-22.6527,-48.8044,8.81919,1014.8
421160,0.473458,10.2056,0.23912,-31.64,-11.48,-28.63,-22.2169,-49.2053,8.9374,1014.8
421166,0.0621712,10.5835,2.00383,-25.06,-12.18,-26.67,-23.0595,-47.5091,8.30202,1014.81
421172,-0.124342,10.6839,1.66906,-29.12,-13.16,-28.98,-22.1878,-47.8792,8.0656,1014.81
421178,-0.593018,10.3061,1.02822,-29.54,-11.2,-30.87,-22.8561,-49.3595,6.35153,1014.86
421184,0.13869,10.6791,1.97991,-31.5,-9.38,-30.45,-22.1007,-48.5885,7.60753,1014.86
421190,0.530846,8.91439,1.13821,-30.59,-9.66,-34.86,-21.2871,-48.9586,7.57797,1014.84
421196,0.105213,10.0574,1.05213,-29.33,-4.06,-36.26,-22.769,-50.6856,5.81958,1014.84
421202,0.401722,9.42611,2.34816,-29.75,2.52,-39.13,-21.6939,-50.5314,8.84875,1014.83
421208,2.35294,12.726,6.63797,-10.36,-3.5,-51.1,-21.229,-48.7735,7.6223,1014.83
421214,4.47633,12.1951,3.54854,0.49,2.73,-66.92,-21.229,-50.1921,6.4993,1014.83
421220,0.899091,10.9469,0.167384,-1.33,14.35,-69.37,-20.9675,-50.5622,6.42542,1014.82
421226,-0.516499,11.4873,2.13773,-5.6,5.46,-78.54,-20.3573,-48.4034,6.12989,1014.82
421232,1.55428,11.6356,2.63032,4.48,4.69,-86.59,-20.0667,-49.5753,7.37111,1014.81
421238,0.803443,12.8838,3.51506,8.54,6.79,-90.37,-19.8052,-51.2099,5.62749,1014.81
421244,2.02774,13.0846,1.97991,5.88,11.83,-101.5,-19.2241,-50.0071,7.13468,1014.83
421250,0.200861,11.8317,4.51459,15.68,8.54,-109.06,-18.5267,-49.6987,6.38109,1014.83
421256,1.55428,12.5634,2.07556,15.47,13.79,-119.56,-17.8584,-51.7958,5.52406,1014.82
421262,0.674318,12.0803,2.6638,12.81,10.22,-126.91,-17.8003,-51.5799,6.38109,1014.82
421268,1.80296,11.4443,2.59206,23.73,15.61,-134.4,-17.3354,-50.4697,7.20856,1014.82
421274,0.769966,13.6011,3.099,28.7,10.71,-144.97,-16.4346,-51.5799,6.63228,1014.82
421280,1.25299,14.175,2.71162,32.48,14.77,-156.45,-15.7953,-52.8135,6.83915,1014.82
421286,1.17647,15.6337,1.23864,24.85,10.71,-169.12,-14.9818,-51.6725,7.19379,1014.79
421292,1.3869,14.6533,1.25299,23.66,7.35,-183.26,-14.4006,-52.536,7.47454,1014.79
421298,1.64036,15.5619,0.291726,30.38,2.38,-197.47,-12.1633,-54.448,7.41543,1014.8
421304,1.6834,17.9053,0.047824,27.51,4.83,-213.78,-11.2334,-53.0294,8.58277,1014.8
421310,2.2812,18.3501,-0.444763,21.07,1.05,-230.86,-10.4489,-52.8135,8.81919,1014.83
421316,2.48207,20.0765,-0.95648,18.9,1.12,-250.04,-8.93795,-54.7564,8.13948,1014.83
421322,1.13343,21.7982,-2.48685,16.73,-5.53,-276.01,-7.33983,-53.9854,8.22814,1014.83
421328,2.85031,21.7121,-4.23242,4.41,-16.52,-298.62,-6.20662,-54.6022,9.01129,1014.83
421334,4.06026,22.812,-4.13678,-5.95,-18.9,-322.84,-4.37604,-55.7433,9.42502,1014.83
421340,4.39024,25.3419,-1.34385,-18.06,-15.12,-348.74,-2.7198,-56.5143,7.50409,1014.79
421346,6.26016,25.5189,1.59732,-26.04,-10.57,-376.95,-1.41225,-54.9415,8.47934,1014.79
421352,7.7714,22.439,2.42468,-25.62,1.96,-413.35,1.26098,-55.9283,9.15905,1014.78
421358,6.85318,20.5691,3.91679,-12.53,4.9,-439.67,3.67269,-57.0077,6.7505,1014.78
421364,3.00335,22.8933,3.59158,4.69,13.3,-466.13,5.82289,-55.0957,7.75529,1014.79
421370,3.33812,24.8972,-0.0621712,2.59,6.23,-498.12,7.47912,-55.5274,8.86352,1014.79
421376,3.25203,26.571,-0.526064,-3.57,-5.39,-518.91,11.9248,-55.4966,7.71096,1014.78
421382,3.04639,24.2611,-0.45911,9.38,4.97,-520.94,13.9297,-54.7564,8.96696,1014.78
421388,-4.25634,35.7819,4.01243,22.68,-22.26,-512.96,15.4697,-53.5537,8.8783,1014.78
421394,4.35677,33.9646,-4.5911,-33.32,-18.48,-512.4,19.4505,-53.3995,9.01129,1014.79
421400,1.70732,28.0488,3.14204,-35.84,-26.32,-519.61,22.5596,-53.0911,8.84875,1014.79
421406,0.602582,20.3826,0.0908656,-6.3,-27.09,-513.73,23.809,-50.5314,9.57279,1014.79
421412,0.669536,21.6738,-3.21856,5.39,-50.05,-481.39,26.6856,-49.9454,8.40545,1014.79
421418,2.18556,21.1143,-4.74414,13.51,-67.06,-446.11,28.6615,-48.681,8.58277,1014.79
421424,6.17886,19.8517,-6.29364,12.95,-98.84,-428.12,30.5502,-46.0596,9.32159,1014.79
421430,11.803,10.55,-5.83931,-0.14,-137.13,-402.22,31.7125,-44.8569,8.6271,1014.77
421436,15.0502,2.39598,-9.71784,-11.41,-130.27,-364.98,34.7053,-44.5485,6.95737,1014.77
421442,-0.970827,-7.31707,-7.08273,28.7,-47.74,-296.94,36.4487,-42.8523,8.31679,1014.77
421448,-17.1784,11.3008,-6.18364,4.13,-51.31,-130.55,35.548,-41.557,8.13948,1014.78
421454,5.08847,7.21664,1.96078,-4.2,-134.4,-30.31,37.2914,-42.2972,6.92781,1014.78
421460,14.4476,5.33238,-2.80249,34.65,-37.1,48.23,37.3204,-41.5879,5.77525,1014.77
421466,8.48398,12.066,-1.04256,15.89,-29.68,112.07,36.5649,-41.1561,8.28724,1014.77
421472,13.869,11.2147,-3.38116,-1.61,-3.64,147.84,36.071,-41.9579,6.69139,1014.78
421478,11.8364,12.219,-2.28599,-21.28,22.33,163.87,36.1582,-43.5616,6.7505,1014.78
421484,10.9756,10.9373,-2.00861,-42.28,34.09,168.21,34.2695,-43.5308,6.69139,1014.81
421490,9.30177,7.61836,-1.09995,-51.8,45.57,166.39,33.0781,-43.5924,7.60753,1014.81
421496,7.74271,4.92587,-1.22908,-55.16,50.12,166.46,33.6593,-45.6895,5.46495,1014.79
421502,6.36537,1.1956,-1.48733,-47.25,51.8,167.3,33.4849,-45.8129,5.4945,1014.79
421508,5.07891,-0.942133,-1.39168,-33.67,48.65,171.15,31.1894,-45.1653,6.44019,1014.79
421514,3.9933,-2.63988,-1.69775,-14.56,45.85,179.2,31.0151,-47.2007,6.2481,1014.76
421520,3.11812,-2.48685,-1.87948,1.75,39.97,188.3,31.1894,-47.9408,5.83436,1014.76
421526,2.1999,-1.61645,-1.55428,18.9,30.8,196.77,28.7196,-47.6016,6.35153,1014.75
421532,1.75514,-0.640842,-1.53515,34.58,22.68,208.39,28.2257,-47.7866,6.61751,1014.75
421538,1.03778,0.999522,-1.48254,43.96,13.44,222.67,28.4,-49.452,5.79003,1014.75
421544,0.483022,1.96557,-1.41559,48.3,1.68,241.99,26.366,-49.4212,6.91304,1014.75
421550,0.224773,3.10856,-1.67862,49.91,-5.81,267.75,24.6517,-50.1613,6.54363,1014.76
421556,0.196078,3.88331,-1.47298,49.14,-13.65,293.02,24.3902,-51.9809,6.85393,1014.76
421562,0.827355,4.18938,-0.894309,50.4,-19.32,316.19,23.0245,-51.8267,7.22334,1014.76
421568,1.97991,4.43328,-0.57867,52.22,-21.98,335.23,20.3222,-51.5799,7.72574,1014.75
421574,2.75944,4.48111,-0.349115,57.05,-20.65,349.79,19.6539,-53.1836,7.16424,1014.75
421580,3.62984,4.91631,0.0430416,63,-18.2,361.62,17.9686,-53.8004,7.57797,1014.76
421586,4.15112,5.1363,0.191296,69.51,-13.3,370.65,15.7312,-53.4303,7.71096,1014.76
421592,4.2946,6.13582,0.406504,74.55,-8.4,375.97,13.8135,-54.6947,7.03125,1014.76
421598,4.32807,6.99665,0.392157,78.26,-4.48,378.91,12.2154,-55.7125,8.65665,1014.76
421604,4.32807,8.20182,0.444763,80.78,1.47,381.01,8.99008,-54.0163,9.95698,1014.77
421610,3.94548,9.32568,0.612147,79.52,3.99,379.47,7.45007,-54.5405,9.46935,1014.77
421616,3.65854,10.9852,0.640842,76.93,7.84,375.9,5.50326,-56.2059,9.85354,1014.77
421622,3.29029,12.1712,0.674318,71.54,11.13,372.05,4.10854,-54.9106,10.6071,1014.73
421628,1.96078,14.089,0.569106,63.07,11.9,368.9,1.3772,-54.5714,10.814,1014.73
421634,0.951698,14.6628,0.846485,57.33,9.66,370.58,-0.395261,-55.3115,10.7106,1014.74
421640,-0.181731,15.0933,1.39646,51.24,4.55,374.08,-2.54546,-55.2499,10.223,1014.74
421646,-0.535629,15.428,1.26255,45.5,-1.12,378.63,-4.08547,-53.7079,11.2721,1014.73
421652,-0.966045,15.825,1.42037,40.11,-8.54,382.06,-7.07832,-54.1088,12.1734,1014.73
421658,-0.994739,15.7437,1.76471,39.13,-12.88,385.77,-8.5021,-54.6331,9.80921,1014.75
421664,-0.951698,16.5136,1.66428,39.06,-21.42,386.68,-10.6814,-51.7341,11.1982,1014.75
421670,-0.865614,17.0206,1.96557,42,-28.63,385.35,-12.2795,-51.4566,11.937,1014.74
421676,-0.640842,17.9579,1.86992,47.04,-25.83,379.75,-13.9648,-52.3818,12.2178,1014.74
421682,-1.16691,18.1923,2.26208,52.08,-33.32,378.56,-16.0859,-50.5622,11.6119,1014.74
421688,-0.23912,19.4835,2.44859,55.16,-32.2,368.76,-17.684,-49.1128,12.4837,1014.76
421694,-0.368245,20.3443,4.03156,61.25,-35.21,367.5,-19.4274,-48.9894,12.7793,1014.76
421700,-0.176949,21.7982,2.96509,66.5,-31.15,361.9,-21.258,-48.4651,13.7102,1014.78
421706,-0.966045,23.3525,2.85031,68.11,-31.78,365.54,-22.7399,-46.0596,13.3851,1014.78
421712,-0.267814,25.2702,3.45289,68.18,-26.53,374.57,-25.0935,-45.1036,13.459,1014.78
421718,-0.784314,28.7374,4.0746,57.82,-10.36,383.25,-27.1275,-44.6718,12.5133,1014.78
421724,0,28.4792,2.96509,62.93,0.42,387.31,-27.6215,-42.6981,14.2717,1014.76
421730,-2.10904,30.4448,1.95122,44.73,12.95,395.22,-29.3649,-41.0636,13.459,1014.76
421736,-3.96939,31.2291,1.49211,30.03,23.1,402.64,-31.0502,-41.0327,13.7988,1014.76
421742,-6.48972,28.7996,2.5538,18.83,33.74,403.27,-32.997,-39.244,13.8875,1014.77
421748,-9.3735,28.6992,2.16164,16.03,40.04,394.24,-33.3456,-36.3143,14.4342,1014.77
421754,-16.4467,29.5791,4.23242,13.37,65.1,382.06,-35.6702,-36.0675,14.2421,1014.76
421760,-16.6714,28.1301,0.583453,3.78,26.88,360.5,-37.9366,-33.4462,14.1683,1014.76
421766,-19.0005,27.8384,-2.10426,-12.25,26.67,330.05,-38.0819,-31.5033,14.1387,1014.79
421772,-22.5777,26.7384,-3.66332,-26.6,10.22,297.29,-39.68,-30.4855,13.9023,1014.79
421778,-28.001,20.2391,-3.49593,-27.02,-12.6,263.9,-41.191,-30.9173,12.3212,1014.8
421784,-30.9565,15.1698,-3.2329,-9.94,-30.17,232.54,-41.6268,-28.5735,13.3999,1014.8
421790,-37.011,7.51793,-0.69823,26.67,-54.04,194.18,-41.714,-26.6614,14.8332,1014.8
421796,-40.2056,3.0703,2.00861,69.86,-73.15,159.18,-43.0506,-27.4941,13.1635,1014.79
421802,-41.9177,2.90292,4.00765,104.51,-76.58,124.67,-42.6147,-25.6129,15.0548,1014.79
421808,-41.8986,5.64323,5.52845,120.05,-71.75,83.93,-41.5978,-23.9167,16.3995,1014.82
421814,-38.3309,11.7312,7.00143,111.79,-51.1,32.48,-42.8763,-25.3045,15.8675,1014.82
421820,-34.8111,15.5906,8.12052,100.87,-37.17,-24.85,-43.4283,-24.441,16.4143,1014.83
421826,-25.9876,18.2831,8.26399,77.84,-8.68,-89.67,-41.5687,-24.04,17.5225,1014.83
421832,-23.2807,19.8804,7.02535,56.7,16.66,-131.95,-41.9174,-24.9652,17.7441,1014.83
421838,1.16212,44.1129,46.0497,290.85,-165.06,-257.53,-42.237,-25.5512,17.9658,1014.83
421844,-12.9938,31.7695,-32.1664,-290.99,177.52,-307.44,-39.7381,-26.3839,17.8624,1014.86
421850,-12.3769,-30.5117,10.5835,30.31,1.33,-219.52,-39.8544,-27.5558,18.0101,1014.86
421856,20.9613,5.72453,-6.57102,-9.03,-0.42,-250.88,-39.5638,-29.8379,17.2417,1014.86
421862,18.0536,20.2917,-6.32712,-34.44,116.97,-283.43,-38.8083,-31.0098,16.5177,1014.77
421868,14.0698,9.12482,4.50024,-90.02,127.82,-289.45,-37.617,-30.979,16.6359,1014.77
421874,10.0813,6.85796,3.62028,-88.55,190.54,-295.89,-36.6872,-33.5387,14.715,1014.82
421880,-3.01769,5.69584,12.9316,-50.68,169.47,-300.16,-35.7573,-35.4199,13.6363,1014.82
421886,-6.80536,5.33238,12.0995,-37.59,112.35,-304.99,-35.2053,-34.6489,12.8236,1014.84
421892,-7.87661,7.90053,8.75657,-7.77,86.94,-309.68,-34.4498,-36.4993,13.326,1014.84
421898,-10.0478,12.1138,8.48876,-20.65,76.65,-300.65,-34.3336,-38.874,12.5576,1014.8
421904,-14.7346,19.0244,8.90005,-8.33,32.62,-269.08,-32.3577,-38.7814,13.2964,1014.8
421910,-14.8685,22.0756,5.19369,-20.37,-17.01,-232.75,-32.009,-40.1692,12.3064,1014.8
421916,-6.99187,14.7776,3.54376,4.13,-50.75,-204.68,-31.2535,-42.2355,12.6167,1014.84
421922,-4.16069,14.8637,2.00861,9.03,-51.38,-195.23,-31.0502,-42.0196,11.8188,1014.84
421928,-0.487805,11.4443,1.01387,14.63,-44.1,-190.12,-28.8709,-42.2046,12.6758,1014.84
421934,0.808226,12.1377,-0.97561,22.05,-16.31,-185.92,-28.406,-43.3766,12.2473,1014.84
421940,-12.0803,28.1588,-10.5452,-2.45,82.74,-106.82,-28.0864,-44.5793,11.6119,1014.8
421946,-13.0177,17.4462,-5.8967,-19.32,46.06,-57.54,-27.7667,-44.0242,12.2178,1014.8
421952,-3.85461,12.7451,0.11956,-72.38,-12.04,-54.04,-26.8079,-44.055,12.07,1014.84
421958,3.93592,8.72788,0.913438,-50.82,4.48,-55.16,-27.1856,-45.9979,11.08,1014.84
421964,3.6968,7.29316,0.526064,-27.51,40.74,-55.02,-26.6916,-44.5176,11.1243,1014.84
421970,-3.49115,8.85222,3.5055,-19.88,32.97,-46.55,-25.9652,-44.6101,12.8679,1014.8
421976,-4.47154,9.64132,3.68723,-17.85,6.44,-28.21,-25.355,-46.0905,10.223,1014.8
421982,-0.37781,9.5648,0.473458,-9.52,6.16,-23.38,-26.1105,-45.2269,10.223,1014.8
421988,-0.583453,11.0282,-0.420851,-9.52,10.22,-21.14,-26.1686,-44.6718,10.0161,1014.8
421994,0.908656,9.87087,0.626494,-14.91,2.03,-20.79,-26.1105,-45.9671,10.3264,1014.82
422000,1.14299,9.55523,-0.368245,-10.57,7.42,-19.6,-26.372,-45.8746,9.26248,1014.82
422006,-0.860832,11.2147,0.291726,-14.14,8.33,-17.36,-25.326,-44.3018,11.4346,1014.85
422012,-0.373027,10.7508,0.382592,-15.12,0.42,-19.6,-25.6456,-44.7643,10.7401,1014.85
422018,0.970827,9.35916,0.487805,-11.48,2.59,-18.97,-25.878,-46.7689,10.3264,1014.83
422024,-0.435198,9.31133,2.33859,-7.77,0.91,-17.36,-25.9943,-45.597,10.6219,1014.83
422030,-0.746054,10.7126,1.89383,-3.08,-0.56,-18.06,-24.9192,-45.1344,10.6662,1014.83
422036,-0.401722,10.4352,1.33907,-1.89,-2.59,-16.45,-25.0645,-46.183,9.3807,1014.8
422042,0.420851,9.45481,1.58297,1.12,-3.5,-16.87,-25.1226,-46.3372,10.6662,1014.8
422048,0.296509,10.2439,0.932568,1.47,-3.71,-18.34,-24.8611,-45.5045,9.07039,1014.81
422054,-0.329986,9.87087,1.02343,2.03,-6.37,-16.87,-25.6456,-46.8615,9.24771,1014.81
422060,0.133907,10.4352,0.105213,0.63,-6.79,-15.96,-25.1516,-47.4782,9.49891,1014.83
422066,0.272597,10.1196,0.35868,-0.7,-4.41,-16.38,-25.0935,-45.4428,9.82399,1014.83
422072,0.143472,10.33,0.157819,-2.73,-5.11,-17.36,-25.1226,-45.9054,10.0161,1014.82
422078,0.353898,9.87087,0.35868,-3.36,-3.85,-17.43,-25.1226,-47.6016,9.54324,1014.82
422084,0.205643,10,0.679101,-4.41,-3.71,-18.13,-24.832,-45.8437,10.1934,1014.82
422090,0.0095648,10.0909,0.47824,-6.16,-2.52,-18.76,-24.1637,-46.2447,10.8879,1014.81
422096,-0.124342,10.0143,0.47824,-7.84,-2.59,-0.14,-24.6867,-46.9848,9.95698,1014.81
422102,0.511717,10.2726,-0.200861,-9.8,1.54,-17.5,-24.8611,-46.4297,8.68621,1014.84
422108,-0.0860832,10.0717,0.406504,-13.02,1.26,-16.87,-24.2799,-46.1521,10.9027,1014.84
422114,-0.21999,9.96174,0.071736,-16.45,0.77,-16.31,-24.0765,-47.324,9.02606,1014.8
422120,0.373027,10.33,-0.999522,-20.3,2.94,-15.47,-24.5995,-47.5399,8.70098,1014.8
422126,-0.114778,10.1578,-0.0286944,-24.92,5.6,-15.12,-24.4833,-46.368,10.6515,1014.83
422132,-0.176949,9.74653,0.382592,-28.14,3.71,-14.42,-24.3671,-47.7866,10.2082,1014.83
422138,0.396939,10.3587,-0.583453,-29.47,5.25,-15.61,-23.8441,-47.9717,9.57279,1014.83
422144,-0.353898,9.69871,0.765184,-32.69,7.07,-14.77,-23.8441,-47.1082,10.0604,1014.84
422150,-0.0286944,9.93304,0.33955,-31.78,5.18,-14.84,-23.8731,-46.954,9.42502,1014.84
422156,-0.564323,9.14395,0.942133,-35.21,5.04,-14.63,-23.7278,-49.5753,8.24291,1014.83
422162,0.186514,9.82305,0.483022,-30.38,2.38,-14.84,-23.6988,-47.6016,7.97694,1014.83
422168,-0.549976,10.7174,1.11908,-27.72,-2.8,-15.12,-23.6116,-46.954,9.42502,1014.83
422174,1.13343,11.5734,-0.200861,-32.41,-4.62,-16.59,-24.0184,-48.1876,8.76009,1014.83
422180,-0.0908656,9.36394,1.32951,-31.5,-0.98,-19.95,-23.6988,-48.2801,7.23812,1014.85
422186,0.0573888,10.4113,0.645624,-33.46,-5.67,-22.05,-23.9894,-48.2801,8.74531,1014.85
422192,-0.248685,9.74175,1.02343,-37.73,-8.47,-22.61,-23.815,-48.5885,7.75529,1014.84
422198,0.473458,9.77523,0.526064,-34.86,-8.61,-22.61,-23.4373,-49.2053,6.92781,1014.84
422204,-1.0043,9.28264,1.64515,-33.88,-9.24,-24.5,-22.798,-47.8483,7.5632,1014.84
422210,-0.0191296,9.62219,1.12865,-33.46,-10.5,-22.89,-22.4493,-48.2492,7.8144,1014.82
422216,-0.23912,11.7982,1.28168,-34.58,-14.63,-26.11,-23.2048,-49.7912,7.13468,1014.82
422222,-0.530846,10.8847,1.06648,-36.75,-18.06,-27.79,-23.4373,-50.0379,6.61751,1014.84
422228,-0.0669536,9.69392,1.75514,-40.67,-13.79,-33.11,-22.9724,-48.1259,6.79483,1014.84
422234,0.0095648,10.0717,1.81731,-40.04,-16.03,-34.51,-23.0595,-50.1305,5.46495,1014.85
422240,-0.425634,9.36872,0.95648,-36.82,-15.61,-35.77,-22.9143,-49.7295,5.50928,1014.85
422246,-0.215208,8.59397,2.25251,-31.15,-15.12,-33.18,-22.1297,-48.3109,7.09035,1014.81
422252,1.57341,9.99043,4.73458,-21.98,-11.9,-41.86,-22.246,-49.0511,6.73572,1014.81
422258,2.23816,11.3534,3.92157,-11.13,-5.39,-52.78,-22.0716,-50.6547,5.03643,1014.81
422264,-0.353898,9.09613,3.51506,-5.95,-0.98,-53.76,-21.6358,-49.2361,6.45497,1014.81
422270,-0.095648,9.01961,3.79723,-1.75,0,-57.26,-21.1418,-48.7427,6.51407,1014.81
422276,1.20516,10.8226,2.95552,3.92,2.94,-61.11,-21.0546,-50.6547,4.01686,1014.81
422282,1.01865,10.1291,2.34816,3.57,3.43,-64.54,-20.0667,-49.2053,4.69658,1014.81
422288,0.320421,10.0239,2.57771,3.15,6.93,-70.84,-20.1539,-49.4212,6.61751,1014.82
422294,1.53037,10.4017,2.84553,15.96,11.97,-73.5,-19.1659,-50.5005,5.52406,1014.82
422300,0.0143472,10.7413,3.40507,19.32,17.08,-75.18,-19.5146,-50.2847,6.94259,1014.83
422306,-0.573888,11.2052,2.7451,18.76,5.88,-81.41,-18.9625,-49.9763,6.41064,1014.83
422312,0.789096,11.0808,1.65471,24.36,14.56,-88.62,-18.2652,-51.2099,5.59794,1014.83
422318,-0.296509,12.5968,1.54472,22.33,14.07,-95.62,-18.2652,-51.4257,6.17422,1014.83
422324,0.0573888,12.5299,0.846485,21,8.75,-101.78,-17.4806,-51.2099,6.41064,1014.83
422330,0.10043,12.3673,1.36298,19.88,9.45,-110.18,-17.8293,-51.9192,7.03125,1014.8
422336,-0.105213,12.2525,2.06121,22.26,9.24,-115.85,-16.6089,-51.5183,6.67661,1014.8
422342,0.334768,13.8403,1.23386,17.71,9.17,-125.02,-16.2603,-52.536,6.52885,1014.81
422348,0.530846,12.6303,1.94644,17.43,9.59,-130.62,-15.8244,-51.3949,8.00649,1014.81
422354,0.583453,13.2903,1.97513,17.78,13.44,-141.26,-14.9527,-53.3686,6.33676,1014.82
422360,0.387374,12.5251,2.82162,21.28,11.48,-147.56,-13.558,-53.677,6.72094,1014.82
422366,0.549976,13.2138,1.86514,26.53,12.11,-159.18,-13.6161,-51.95,8.56799,1014.81
422372,0.45911,14.2659,2.26208,29.26,11.69,-171.29,-12.4248,-53.9854,7.04602,1014.81
422378,1.13343,14.945,1.71688,26.74,11.76,-184.8,-11.1753,-54.6947,6.63228,1014.81
422384,0.95648,15.3419,1.35342,30.52,12.95,-197.12,-10.8266,-52.8752,7.34155,1014.84
422390,1.54472,16.9297,0.722142,32.34,12.25,-211.4,-9.22852,-53.6462,9.02606,1014.84
422396,1.81253,20.3204,-0.83692,27.02,9.31,-231,-8.67644,-54.5714,7.45976,1014.78
422402,2.33859,20.1722,-1.75992,17.08,6.65,-253.61,-6.96209,-55.2499,8.27247,1014.78
422408,1.85079,21.583,-2.70684,9.17,4.41,-275.24,-5.68359,-54.263,8.74531,1014.8
422414,2.01817,22.5968,-2.94596,-5.25,-6.02,-298.62,-4.23076,-55.5891,9.04084,1014.8
422420,3.36681,21.5782,-2.39598,-10.85,-5.32,-322.49,-2.89414,-55.7433,7.43021,1014.83
422426,3.43855,22.4151,-0.779531,-12.04,-9.24,-350.21,-0.395261,-54.3247,8.47934,1014.83
422432,6.47059,24.4237,2.59684,-9.1,-1.05,-375.9,1.90022,-55.5891,7.59275,1014.83
422438,7.99139,25.4806,1.45863,-13.16,12.95,-413.91,4.05043,-56.1134,7.63708,1014.8
422444,3.90244,23.1086,1.31994,-8.82,22.05,-452.69,4.71873,-55.219,8.19858,1014.8
422450,1.45863,23.9646,1.91774,8.89,21.84,-479.15,8.35083,-55.4349,8.28724,1014.75
422456,3.25681,33.2186,0.679101,-14.63,0.77,-500.71,10.8207,-55.4966,7.54842,1014.75
422462,7.85748,28.5557,-2.01339,-28.21,31.29,-513.66,12.9999,-54.7564,9.15905,1014.77
422468,-6.04017,25.911,7.35055,25.34,6.79,-519.26,15.2954,-53.0911,9.48413,1014.77
422474,2.80727,29.5935,-2.16164,-6.09,-18.41,-522.62,18.4626,-53.4303,8.30202,1014.81
422480,2.94118,30.9278,2.39598,-11.41,-6.09,-528.36,21.6298,-52.7827,8.49411,1014.81
422486,1.12386,32.4008,0.286944,-12.18,-14.28,-530.74,22.7049,-49.9454,9.52846,1014.81
422492,-0.215208,35.6432,-5.978,-47.74,-14.35,-521.29,25.8139,-49.2361,9.04084,1014.77
422498,1.59254,28.8522,-2.46772,-65.87,-36.33,-500.36,28.8068,-49.2053,8.16903,1014.77
422504,5.11239,19.4261,-2.93639,-52.57,-49.56,-468.02,30.6955,-46.3372,8.77486,1014.76
422510,4.97848,18.0344,-5.48063,-50.89,-90.16,-427.35,32.2645,-45.1653,8.90785,1014.76
422516,12.5538,5.52367,-5.3802,-61.11,-111.58,-374.36,35.1993,-44.6718,7.96216,1014.75
422522,17.934,-11.9369,-12.0708,-57.26,-99.75,-313.32,35.6932,-42.0813,7.01647,1014.75
422528,5.8154,-17.1832,-9.63175,25.48,38.57,-217,35.4027,-42.7289,5.47973,1014.75
422534,-18.9718,10.6839,3.8594,14,-13.44,-45.36,38.0468,-41.7112,5.59794,1014.75
422540,1.67384,4.85892,2.80727,23.8,-83.37,56.42,38.4827,-41.3103,6.52885,1014.75
422546,11.6021,4.50024,-3.16117,83.02,15.19,139.23,36.9717,-41.5879,8.00649,1014.75
422552,9.55045,10.3109,-1.02343,61.74,1.75,198.45,36.2744,-43.0065,7.37111,1014.75
422558,17.4797,10.11,-4.63893,57.33,38.29,220.85,36.3034,-43.7466,6.04123,1014.74
422564,13.9407,11.7886,-2.78814,44.8,57.47,225.26,34.5019,-44.1476,6.85393,1014.74
422570,12.2525,10.7317,-2.41511,29.33,60.41,222.32,33.02,-44.2709,7.59275,1014.75
422576,10.7269,9.18699,-2.12339,17.22,55.86,220.43,33.6012,-46.3063,7.32678,1014.75
422582,8.46007,5.868,-1.42994,14.63,70.56,219.31,32.3517,-46.4605,8.61232,1014.8
422588,7.64228,4.26112,-1.55428,16.59,69.72,221.9,30.6374,-46.5839,8.61232,1014.8
422594,6.19321,2.26686,-1.42037,17.01,69.86,228.55,30.0853,-47.7558,7.99171,1014.77
422600,5.3802,2.20469,-1.5208,21.7,67.2,237.44,28.7777,-48.3726,9.85354,1014.77
422606,3.45289,2.35772,-0.631277,28.56,59.99,247.73,27.1796,-48.1567,9.91265,1014.77
422612,2.36729,2.96509,-0.755619,31.08,49.84,261.52,26.4532,-49.4212,10.8583,1014.74
422618,1.32951,3.48159,-0.583453,33.95,39.2,278.81,25.4362,-50.1921,8.74531,1014.74
422624,1.26255,3.8594,-0.35868,36.05,28.84,294.07,23.6056,-50.1305,10.5333,1014.73
422630,1.42994,4.50502,0.368245,39.69,18.62,307.65,21.8332,-50.994,9.45458,1014.73
422636,1.83166,5.04065,0.449546,40.18,10.29,319.76,20.7871,-53.0911,9.70578,1014.64
422642,1.4682,5.57628,1.18125,41.93,-1.19,330.89,18.9565,-52.6902,9.83876,1014.64
422648,1.54472,5.83453,1.40124,43.68,-9.1,339.92,16.9226,-52.0734,10.5776,1014.66
422654,1.54472,6.38929,1.75514,44.87,-16.87,347.48,15.9346,-54.1396,9.691,1014.66
422660,1.77427,6.69058,2.18077,45.85,-24.22,353.01,14.0169,-53.7079,10.0604,1014.7
422666,1.84122,7.04926,2.27164,47.39,-29.54,356.58,10.5301,-53.5537,10.1195,1014.7
422672,1.85079,7.57532,2.57771,46.13,-34.09,359.73,9.62932,-54.7256,10.8583,1014.7
422678,2.01339,7.92922,2.70206,47.32,-36.68,362.74,8.37988,-55.1265,10.8879,1014.72
422684,2.01817,8.81396,2.89813,46.34,-39.27,362.32,5.50326,-54.3555,10.681,1014.72
422690,1.96078,9.54567,2.90292,45.85,-39.9,361.83,4.68967,-54.2013,10.6515,1014.72
422696,1.60689,10.6456,3.00335,43.82,-42.28,362.39,3.23684,-55.8358,10.6662,1014.72
422702,1.16212,11.4299,3.03204,42.35,-45.5,364.49,0.796067,-54.3863,12.1143,1014.74
422708,0.473458,12.7116,2.99378,38.29,-51.45,366.66,-1.29602,-53.5228,12.2178,1014.74
422714,0.286944,12.2573,3.50072,39.9,-53.69,371.07,-2.57452,-54.7873,11.3164,1014.75
422720,-0.181731,13.6155,3.22334,32.34,-62.37,374.78,-3.96924,-54.4789,11.2277,1014.75
422726,-0.148254,14.2468,2.96031,33.95,-64.19,382.83,-7.13643,-53.8621,12.8975,1014.75
422732,-0.454328,14.988,3.02248,33.53,-70.56,386.47,-8.58927,-53.0602,12.6758,1014.74
422738,-0.353898,15.3037,2.48685,35.35,-77.35,388.57,-11.1172,-52.4434,12.1439,1014.74
422744,0.95648,15.6815,2.54424,38.43,-73.01,392.35,-12.7734,-51.0865,14.3012,1014.76
422750,-0.234338,16.9201,3.41463,43.82,-79.94,396.34,-14.7784,-50.5314,14.3603,1014.76
422756,0.966045,17.8431,3.03682,50.47,-76.3,396.2,-16.4637,-50.5005,14.1978,1014.76
422762,0.722142,18.6848,3.51985,56.21,-74.13,397.6,-18.0037,-48.5885,14.4638,1014.76
422768,0.875179,19.9904,3.62028,63.49,-70.84,403.13,-20.735,-46.8306,15.1878,1014.75
422774,0.932568,21.2817,3.912,69.02,-67.9,407.68,-22.0716,-47.2932,14.8627,1014.75
422780,1.42516,23.5581,3.63462,74.06,-57.12,413.98,-24.1056,-46.2755,14.2865,1014.75
422786,1.32951,25.0741,3.63941,73.71,-42.91,427.56,-25.7037,-42.8523,15.4981,1014.74
422792,1.84601,28.0201,4.36155,66.64,-28.35,431.48,-27.9411,-43.0682,16.0449,1014.74
422798,-0.0143472,28.6227,4.75849,67.62,-7.63,434.35,-30.3818,-42.513,17.1235,1014.77
422804,-1.8747,28.5127,5.53324,64.26,5.46,434.35,-30.9049,-38.9665,16.562,1014.77
422810,-4.84457,29.1535,6.4945,66.43,24.43,431.13,-32.0671,-37.7946,17.4043,1014.78
422816,-6.80536,31.2099,5.40411,62.3,37.38,423.36,-35.2053,-36.4685,15.5425,1014.78
422822,-12.219,33.6681,5.05978,52.22,51.52,411.32,-36.077,-34.1555,16.0744,1014.79
422828,-15.0646,34.6915,4.25155,37.87,62.86,394.03,-36.4547,-31.9042,16.429,1014.79
422834,-19.2444,36.0258,1.5208,10.92,70,369.6,-39.651,-31.8425,15.6754,1014.79
422840,-21.1573,35.8489,-1.55428,-27.23,75.6,336.77,-40.4064,-29.7454,15.705,1014.79
422846,-23.979,36.3319,-12.1664,-80.08,75.67,292.74,-40.2612,-26.8465,15.7789,1014.79
422852,-29.4452,32.3673,-15.5858,-150.71,67.41,244.02,-41.6559,-27.0315,14.1239,1014.81
422858,-38.7805,12.7451,-5.87757,-156.45,47.67,200.06,-43.3121,-26.7539,13.1339,1014.81
422864,-44.9402,-3.57245,5.59063,-51.38,13.65,161,-42.6729,-24.9652,12.07,1014.8
422870,-49.6317,-5.12195,-0.71736,32.34,5.04,128.24,-43.1378,-24.9036,14.7593,1014.8
422876,-53.142,-4.55763,2.77857,88.27,-22.61,91.49,-44.3,-24.5643,13.4738,1014.79
422882,-46.0976,3.85461,3.12291,129.85,-24.64,40.67,-43.5736,-23.7008,14.0353,1014.79
422888,-42.9316,8.72788,4.82066,157.85,-31.57,-19.95,-43.6317,-23.0223,15.2026,1014.82
422894,-33.9407,19.2205,0.176949,144.2,-37.59,-79.17,-44.0385,-22.899,14.9662,1014.82
422900,-29.1105,20.6839,1.09517,99.75,-15.4,-129.78,-43.4283,-24.2251,14.1683,1014.82
422906,5.36585,59.2061,58.0392,273.63,-218.12,-246.54,-42.0917,-23.7316,16.5029,1014.82
422912,11.2578,95.7197,-25.4137,-425.11,86.59,-306.95,-42.4695,-25.4278,16.0153,1014.82
422918,6.07365,-45.5189,42.6925,86.17,67.13,-287.14,-42.0336,-27.6174,16.4586,1014.81
422924,35.8106,2.79292,-20.923,9.87,37.87,-301.14,-40.0577,-28.0184,15.8823,1014.81
422930,8.19225,11.2339,7.4462,18.62,64.33,-320.04,-39.2151,-29.8071,16.0449,1014.83
422936,9.5648,5.63367,4.36155,-7.42,44.87,-362.6,-39.0989,-32.7985,14.6411,1014.83
422942,4.52415,5.56671,5.63845,79.66,92.26,-349.58,-37.7041,-32.9219,13.7988,1014.8
422948,-2.61597,12.6829,2.31946,53.2,105,-335.79,-36.077,-33.2303,15.1878,1014.8
422954,-10.1052,13.0846,2.75944,29.82,82.39,-354.69,-35.6121,-35.4816,14.8184,1014.8
422960,-12.066,18.6848,3.76853,-4.55,30.94,-353.85,-34.3045,-37.3937,14.8627,1014.79
422966,-11.4347,21.8269,5.1363,-18.06,24.99,-304.22,-33.026,-37.1778,16.2369,1014.79
422972,-12.1856,20.5595,2.84075,-17.29,16.38,-260.26,-32.4158,-39.7683,14.715,1014.79
422978,-10.0717,17.9723,3.14682,-19.18,-33.11,-243.88,-31.2535,-41.4645,14.2274,1014.79
422984,-3.49115,15.5428,0.416069,16.59,-32.06,-211.33,-29.8588,-40.786,15.2469,1014.8
422990,-1.28168,13.7159,-2.16164,-15.61,3.43,-211.47,-29.6554,-41.7112,15.0548,1014.8
422996,-9.05308,31.3965,-9.19177,-15.54,99.68,-130.13,-28.5222,-43.5308,13.193,1014.77
423002,-7.79531,18.4696,-11.8173,-33.81,85.4,-100.66,-27.9701,-41.8963,12.7202,1014.77
423008,-8.38833,18.7853,-3.88331,-64.05,57.75,-72.03,-27.912,-42.3588,13.326,1014.78
423014,-2.20469,12.5729,-1.37255,-94.36,31.22,-69.93,-28.0282,-44.5485,11.9222,1014.78
423020,-0.535629,5.66236,5.06456,-60.06,50.96,-61.53,-27.0113,-44.9494,11.5085,1014.78
423026,-5.51889,6.32233,7.7714,-28.35,33.81,-57.47,-26.6626,-43.7775,13.0748,1014.85
423032,-4.72023,7.94835,5.1363,-14.7,-8.47,-38.08,-26.5754,-44.3018,11.3755,1014.85
423038,1.76949,9.20612,-0.846485,-6.23,20.65,-27.51,-26.5173,-45.5662,10.1786,1014.83
423044,-1.25777,12.6829,-0.669536,-23.52,16.1,-30.8,-27.1565,-43.9008,12.07,1014.83
423050,-1.03778,9.36872,0.392157,-12.04,10.01,-34.02,-27.2728,-44.5485,11.1834,1014.82
423056,-0.401722,10.1004,0.707795,-11.2,3.92,-28.56,-26.5173,-44.8569,11.4642,1014.82
423062,0.808226,11.0904,-0.980392,-19.11,11.41,-28.91,-26.5173,-44.8569,10.4298,1014.82
423068,-1.60689,11.3199,0.344333,-18.06,4.97,-23.17,-26.4011,-44.4559,11.7745,1014.82
423074,-0.153037,9.98565,0.33955,-20.51,-5.88,-19.39,-26.5464,-45.2578,10.9765,1014.82
423080,1.58776,10,-0.243902,-13.16,4.76,-25.62,-25.9652,-46.1521,10.415,1014.84
423086,-0.650406,10.3491,0.994739,-15.12,-3.36,-26.67,-25.7909,-44.6101,10.5333,1014.84
423092,-0.129125,10.2296,0.286944,-14.7,1.33,-20.79,-25.5875,-45.7204,10.1638,1014.81
423098,0.0047824,9.90913,0.243902,-13.09,-1.89,-20.58,-25.5875,-46.0288,10.5185,1014.81
423104,-0.23912,9.79914,1.0043,-10.36,-4.06,-23.1,-26.0814,-44.3943,10.4446,1014.8
423110,0.0526064,10,-0.071736,-8.61,-4.2,-19.39,-25.2388,-45.1344,11.5824,1014.8
423116,-0.61693,9.76566,0.85605,-10.57,-7,-16.1,-25.5875,-47.0773,9.39547,1014.8
423122,0.636059,9.99522,-0.0095648,-9.8,-4.41,-21.07,-25.355,-45.7821,10.3116,1014.8
423128,-0.0191296,9.78001,0.688666,-9.1,-8.4,-19.53,-24.9773,-45.8746,10.1343,1014.8
423134,0.349115,10.0622,0.248685,-8.05,-6.23,-23.38,-25.1807,-46.9848,9.36592,1014.82
423140,0.133907,9.81827,0.253467,-10.5,-6.09,-22.33,-25.4131,-46.6147,9.82399,1014.82
423146,0,9.56002,0.726925,-12.04,-10.08,-21.28,-25.1516,-45.3811,11.0061,1014.82
423152,0.167384,9.82305,0.210426,-11.97,-7.49,-22.19,-24.5705,-46.7998,10.2525,1014.82
423158,-0.243902,10,0.382592,-14.14,-9.03,-21.63,-24.6867,-47.139,9.49891,1014.82
423164,-0.0908656,9.68914,0.320421,-12.88,-9.1,-20.37,-24.4543,-46.183,10.5776,1014.82
423170,0.25825,9.94261,-0.172166,-14.56,-4.41,-19.88,-24.6867,-45.9054,11.1834,1014.82
423176,-0.502152,10.2582,0.0621712,-17.5,-7,-20.23,-24.8029,-47.8792,10.7253,1014.82
423182,-0.73649,10.4304,-0.282162,-22.89,-12.25,-18.76,-24.2218,-47.2932,9.72055,1014.8
423188,-0.282162,10.3252,0.176949,-26.04,-11.2,-17.43,-24.3671,-45.9363,10.8583,1014.8
423194,-0.143472,9.49785,0.095648,-25.27,-8.19,-18.69,-24.338,-48.3418,9.61712,1014.8
423200,-0.234338,10.2535,-0.11956,-29.54,-9.1,-17.64,-24.5705,-47.4782,9.27726,1014.81
423206,-0.382592,9.8374,0.286944,-29.96,-9.38,-17.71,-24.832,-46.4914,9.80921,1014.81
423212,-0.172166,9.93304,0.310856,-28.49,-11.06,-16.8,-23.3501,-47.2007,9.58757,1014.79
423218,-0.325203,10.0526,0.224773,-33.04,-8.89,-17.5,-23.5244,-48.2184,9.75011,1014.79
423224,-0.5978,9.69392,1.7934,-32.69,-10.15,-17.29,-24.0475,-47.2624,9.27726,1014.84
423230,-0.205643,10.3635,0.463893,-30.52,-9.17,-18.13,-23.5244,-47.8483,8.73053,1014.84
423236,-0.750837,10.1435,1.33907,-33.32,-13.16,-19.88,-24.0184,-48.5885,7.85873,1014.83
423242,0.296509,10.44,0.425634,-34.51,-12.32,-21.63,-23.5826,-47.6941,8.44978,1014.83
423248,-0.693448,9.88044,1.57819,-32.83,-13.37,-22.47,-23.1467,-48.1259,7.88828,1014.83
423254,0.200861,10.2009,0.726925,-34.93,-12.88,-24.5,-22.6237,-48.7427,7.79962,1014.82
423260,-0.286944,9.78479,0.726925,-37.31,-14.91,-25.55,-23.3501,-49.6062,7.28245,1014.82
423266,0.0334768,10.33,0.320421,-36.05,-16.31,-25.97,-22.5075,-47.91,8.80442,1014.83
423272,-0.483022,9.25873,0.731707,-42.91,-19.88,-29.12,-23.0595,-48.9894,8.10993,1014.83
423278,-0.0765184,9.15351,1.22908,-34.3,-17.43,-27.72,-22.3912,-49.9146,6.36631,1014.81
423284,-1.05213,8.78049,2.08991,-33.74,-18.41,-25.83,-22.3912,-48.5885,5.89347,1014.81
423290,-0.25825,9.6748,1.37255,-33.11,-16.52,-26.46,-21.8973,-48.866,7.65186,1014.83
423296,-0.162602,9.06743,1.31516,-28.14,-15.68,-27.86,-22.1007,-49.8837,7.5632,1014.83
423302,-0.172166,10.0478,0.650406,-28.7,-17.22,-32.48,-21.8973,-48.7735,7.03125,1014.83
423308,-0.425634,9.41655,2.11382,-28.84,-16.66,-27.72,-22.3041,-48.9586,5.73092,1014.84
423314,0.353898,9.12482,1.82688,-23.52,-13.09,-29.89,-21.781,-50.3463,6.51407,1014.84
423320,1.07126,9.8087,4.31372,-13.16,-12.53,-40.39,-21.3452,-49.1744,7.09035,1014.81
423326,2.69249,10.7747,3.53898,-5.04,-2.66,-47.04,-20.6188,-48.0025,7.51887,1014.81
423332,0.679101,9.70827,1.61167,-0.28,-0.21,-50.33,-20.6769,-48.9586,6.46974,1014.78
423338,-1.36777,9.67958,2.47728,4.76,-5.18,-51.59,-20.3863,-49.8529,6.32198,1014.78
423344,1.3056,11.5256,1.83166,5.67,6.86,-54.88,-20.6188,-48.7735,7.28245,1014.83
423350,-1.33429,10.7652,4.30894,1.33,2.59,-60.9,-20.4735,-49.6987,7.07558,1014.83
423356,1.64515,10.0048,1.77427,10.15,5.53,-66.99,-19.7761,-51.6108,6.05601,1014.84
423362,0.315638,11.8269,2.33381,13.51,10.01,-72.59,-19.195,-49.9454,7.312,1014.84
423368,0.0430416,11.3247,2.06121,16.52,4.13,-78.19,-18.9916,-49.7604,8.36112,1014.84
423374,0.57867,10.9565,1.25777,12.6,4.97,-88.2,-19.3112,-50.994,7.90306,1014.83
423380,1.41081,12.0612,0.970827,17.36,7.14,-94.43,-18.9625,-51.0248,7.17901,1014.83
423386,0.884744,11.9177,1.72166,16.59,3.57,-101.85,-17.5969,-51.0248,7.71096,1014.82
423392,1.32951,12.0708,0.970827,18.69,6.65,-109.55,-17.9455,-51.2407,6.82438,1014.82
423398,0.387374,12.6064,1.97035,17.64,4.83,-119.42,-17.0157,-52.9986,6.63228,1014.81
423404,1.01865,12.3195,2.066,21.21,8.05,-127.05,-16.8995,-52.0117,7.43021,1014.81
423410,0.612147,12.8264,3.03682,22.61,6.72,-136.5,-15.3014,-51.8883,8.58277,1014.86
423416,0.569106,12.6064,3.24247,29.54,10.92,-143.36,-14.9236,-53.5228,6.92781,1014.86
423422,0.325203,13.1038,2.12339,32.13,9.45,-154.14,-14.2553,-52.6902,8.09515,1014.86
423428,-0.0095648,13.8977,0.396939,34.09,6.23,-163.73,-13.4708,-52.7827,9.72055,1014.82
423434,0.942133,14.9785,1.83166,31.36,7.35,-174.79,-13.0059,-53.492,8.40545,1014.82
423440,1.41559,15.2798,1.73601,33.32,6.44,-188.02,-10.5942,-53.9854,8.6271,1014.81
423446,1.09995,15.5141,0.784314,35,2.45,-203.98,-10.2746,-53.4303,9.08517,1014.81
423452,1.04256,16.2649,-0.21999,36.54,1.54,-219.73,-9.46097,-54.2938,9.63189,1014.83
423458,1.58776,18.2783,-0.248685,34.16,-1.96,-235.34,-8.32776,-55.6199,9.04084,1014.83
423464,2.30512,20.77,-1.48254,27.51,-1.19,-256.41,-7.28172,-54.2013,10.1638,1014.82
423470,1.91774,22.0995,-3.1803,17.22,-9.1,-285.95,-5.79982,-54.3863,11.0209,1014.82
423476,3.36681,22.9938,-4.39024,4.48,-18.76,-311.22,-2.9232,-55.8975,10.4741,1014.82
423482,3.76853,24.0937,-4.27068,-6.65,-17.92,-337.47,-2.13867,-55.4966,11.4346,1014.78
423488,5.59063,24.7633,-0.813008,-21.98,-19.11,-365.12,0.0696483,-54.6022,10.2377,1014.78
423494,7.09708,22.1138,1.74079,-18.34,-8.96,-398.3,1.72588,-56.6685,9.79444,1014.78
423500,3.92157,21.6404,4.29938,2.52,0.14,-433.02,4.16665,-55.6199,9.79444,1014.78
423506,3.55332,22.2429,1.83644,20.09,3.29,-459.55,5.47421,-54.1396,11.2573,1014.8
423512,2.60641,27.604,0.329986,19.74,0.91,-483.77,9.13536,-55.7433,9.89787,1014.8
423518,2.81205,30.2917,-0.841702,5.6,3.43,-510.58,12.1282,-55.805,9.64667,1014.79
423524,5.69584,28.6609,-1.29125,-19.6,-4.69,-526.89,13.4648,-53.8004,10.3559,1014.79
423530,-2.42946,27.4462,5.42802,9.45,9.31,-522.06,16.3705,-52.8752,11.1243,1014.79
423536,2.15208,29.7609,-0.631277,-3.99,-8.4,-521.99,20.3513,-53.9546,9.57279,1014.79
423542,0.545194,29.517,1.84601,-6.44,-6.44,-520.8,21.3973,-52.2276,10.2525,1014.79
423548,-0.69823,29.0292,2.10904,-1.26,-17.71,-507.5,23.7509,-50.1613,11.5972,1014.78
423554,4.15112,30.6839,-2.50598,-16.52,-26.46,-489.72,27.0924,-49.4828,10.814,1014.78
423560,6.20277,25.868,-4.61502,-38.57,-22.47,-463.89,29.5332,-48.3726,11.346,1014.78
423566,5.99713,16.4562,-1.78384,-12.04,-41.79,-446.11,30.4049,-45.8129,8.74531,1014.78
423572,5.55715,12.066,-5.18412,4.34,-86.59,-417.55,33.3687,-45.0727,10.5776,1014.74
423578,9.9187,8.2592,-10.7221,-22.96,-112.35,-381.43,35.4027,-43.8392,9.04084,1014.74
423584,8.42181,-16.4754,-4.35677,14.56,-90.44,-328.23,35.6642,-41.9888,9.02606,1014.76
423590,-9.56002,2.85031,-15.8584,31.22,13.44,-153.44,36.2163,-41.1253,10.09,1014.76
423596,-11.0234,11.956,5.58584,1.96,-142.1,-27.16,37.7853,-41.2486,7.6223,1014.76
423602,12.5108,6.63319,-2.08034,41.79,-69.51,68.39,37.0008,-41.3411,7.97694,1014.78
423608,9.65088,9.56002,-0.320421,53.55,-26.25,137.06,35.9257,-41.2486,9.51368,1014.78
423614,14.2946,11.5447,-3.35246,28.98,-22.61,178.43,37.3204,-41.8346,9.33637,1014.76
423620,15.318,11.1239,-3.76853,15.61,14.63,194.95,36.8846,-43.3457,8.61232,1014.76
423626,12.1903,10.9517,-1.92731,-6.16,28.07,198.59,34.3276,-43.3457,8.49411,1014.76
423632,11.6021,9.60306,-2.0373,-20.51,43.19,198.03,34.6472,-44.5793,9.30681,1014.76
423638,9.6748,6.2506,-0.659971,-27.3,55.86,199.43,33.543,-44.8877,9.26248,1014.76
423644,8.90483,4.4572,-0.640842,-30.38,62.09,203.14,31.3638,-45.1653,9.98653,1014.76
423650,7.99617,2.25729,-1.09517,-29.75,69.51,207.76,30.7536,-45.9363,10.0752,1014.76
423656,7.18795,1.69297,-1.26734,-28.07,75.04,216.37,30.8117,-47.6633,8.64188,1014.76
423662,5.7341,2.16164,-1.35342,-27.58,78.75,228.76,28.923,-48.0642,9.29204,1014.76
423668,4.80153,2.50598,-1.15734,-26.18,77.14,238.91,27.4702,-48.2184,9.75011,1014.72
423674,3.48159,2.92205,-1.09995,-24.43,72.38,253.4,27.8479,-50.1305,9.1295,1014.72
423680,2.74988,3.08465,-1.42994,-22.89,66.71,267.75,26.0755,-49.9454,9.49891,1014.66
423686,1.41559,3.34768,-1.23386,-21.77,56.49,283.92,23.8962,-49.637,11.8927,1014.66
423692,1.1143,3.65375,-1.20038,-20.09,45.64,300.86,23.0245,-51.3024,10.1343,1014.69
423698,0.827355,4.01722,-0.97561,-14.56,33.81,314.93,21.9494,-52.2276,9.46935,1014.69
423704,0.521282,4.022,-0.664754,-8.26,20.93,327.32,19.712,-52.4126,10.7106,1014.67
423710,0.25825,4.51937,-0.712578,-1.54,9.52,339.78,17.8814,-52.8135,9.75011,1014.67
423716,0.329986,4.61023,-0.253467,4.27,-1.54,350.28,16.7773,-54.2322,9.05562,1014.67
423722,0.81779,5.2989,0.301291,10.92,-11.55,356.51,14.8595,-54.2322,9.01129,1014.7
423728,1.51602,5.84409,0.411286,16.31,-18.83,360.92,12.1282,-53.8621,9.09995,1014.7
423734,2.19034,6.60928,0.822573,20.37,-22.19,364.91,11.7214,-56.1134,8.9374,1014.69
423740,2.58728,7.02056,1.05213,23.31,-22.89,367.92,8.90291,-55.219,7.88828,1014.69
423746,2.75944,7.934,1.2769,24.78,-23.94,371,6.52025,-54.078,10.1491,1014.71
423752,2.54424,8.48398,1.20995,25.2,-23.94,374.92,4.95118,-55.9283,8.86352,1014.71
423758,2.42946,9.40698,1.26255,26.25,-23.59,379.12,3.58552,-55.805,7.44499,1014.72
423764,2.17599,10.6648,1.46341,25.9,-21.49,383.53,0.912294,-54.5097,9.07039,1014.72
423770,1.74079,11.5686,1.49689,26.6,-21.28,389.27,-1.8481,-54.6331,10.1343,1014.72
423776,1.033,12.769,1.34385,26.53,-23.31,395.64,-2.74886,-55.1573,9.14427,1014.7
423782,0.664754,13.6585,1.24821,24.85,-25.13,401.87,-5.4802,-54.2013,9.08517,1014.7
423788,0.416069,14.7346,1.09039,23.45,-28.21,406,-7.36889,-53.3686,11.0357,1014.72
423794,0.229555,14.7681,0.994739,25.34,-33.46,404.6,-9.66437,-54.8489,9.83876,1014.72
423800,-0.047824,15.9493,0.659971,18.27,-38.78,405.09,-11.4078,-53.3686,9.80921,1014.71
423806,-0.463893,17.0732,0.664754,19.32,-45.29,399.49,-13.1512,-51.5183,10.6515,1014.71
423812,-1.16212,18.0536,1.08082,19.39,-52.08,390.53,-14.5169,-52.2276,9.76488,1014.76
423818,-0.989957,18.4648,0.731707,25.76,-51.17,380.73,-16.7252,-51.6108,9.33637,1014.76
423824,-1.9847,19.5935,1.59254,24.71,-61.74,373.52,-18.8754,-49.2053,10.0013,1014.74
423830,-1.29603,19.2013,1.87948,36.82,-68.11,369.74,-20.6478,-48.0642,11.8336,1014.74
423836,-1.13343,20.4591,2.33859,46.2,-66.85,371.84,-22.5946,-48.0025,10.1047,1014.74
423842,-1.17647,21.4347,2.5825,57.4,-63.63,380.1,-23.8441,-46.3989,11.8779,1014.72
423848,-1.00909,23.6011,2.7451,63.35,-56.77,393.96,-25.878,-44.9802,11.7154,1014.72
423854,-1.74558,24.7011,2.879,63.84,-46.06,415.03,-27.8249,-44.3018,11.0209,1014.79
423860,-0.483022,27.054,1.66428,62.09,-27.86,432.32,-29.4811,-42.4514,12.6758,1014.79
423866,-0.392157,28.0583,1.93209,59.99,2.1,443.8,-30.7015,-39.3674,12.1439,1014.76
423872,-3.93592,28.8714,2.85031,53.62,3.99,444.15,-33.3166,-39.4291,12.9566,1014.76
423878,-5.64801,29.0292,2.43424,54.6,19.39,436.87,-34.8856,-37.4862,13.0452,1014.78
423884,9.47872,61.8364,43.3285,271.81,-54.46,254.87,-36.2513,-33.6004,14.6559,1014.78
423890,-16.9488,44.6867,9.86609,-42,83.86,265.86,-36.3675,-33.7854,13.9318,1014.78
423896,-23.5485,-0.416069,7.77618,-7.42,-15.75,313.39,-38.8083,-33.2611,12.7349,1014.79
423902,-27.6423,15.1363,-4.50502,-72.52,50.47,353.15,-39.157,-30.7014,12.07,1014.79
423908,-22.2573,20.4878,1.07604,-3.85,-8.12,319.2,-39.0117,-28.851,12.1143,1014.8
423914,-41.5591,35.012,-13.2377,-51.52,38.5,294.63,-41.3072,-28.6043,11.9518,1014.8
423920,-36.8436,17.9627,-4.31851,-41.37,-57.4,251.44,-41.7721,-26.9698,10.8731,1014.81
423926,-39.2109,6.05452,-2.19512,13.16,-51.24,201.18,-41.8883,-24.8419,11.9666,1014.81
423932,-41.9703,1.99904,-0.726925,56.07,-80.01,152.6,-42.7891,-25.3661,13.06,1014.8
423938,-42.1329,2.24295,1.32951,95.06,-80.71,102.34,-43.0506,-24.9961,12.4837,1014.8
423944,-42.6255,4.52415,3.78766,134.47,-82.6,33.32,-42.2951,-23.3924,14.9514,1014.8
423950,-22.5681,59.7609,1.96557,102.83,-70.84,-167.72,-42.5276,-23.9784,14.981,1014.86
423956,-38.9766,25.8919,16.6093,90.79,-18.62,-242.06,-42.7019,-24.6877,15.6163,1014.86
423962,-26.9153,25.7724,1.73123,15.47,83.58,-319.13,-41.8593,-25.9213,15.5868,1014.83
423968,-33.0225,16.3032,-4.71066,-59.01,59.36,-336.84,-40.5517,-26.4147,15.3356,1014.83
423974,3.05595,1.56384,0.889526,-51.73,-138.95,-327.53,-40.3483,-29.0669,15.3208,1014.81
423980,26.1502,14.6533,-2.7164,-118.58,-6.79,-338.52,-38.6049,-30.3622,14.5081,1014.81
423986,8.47441,10.6648,3.92635,-19.32,180.04,-341.18,-37.617,-31.4416,15.705,1014.85
423992,1.45863,19.2635,9.47872,-65.1,159.04,-333.2,-36.3094,-33.7237,12.2621,1014.85
423998,-4.12243,10.2774,9.94739,-50.05,110.32,-323.05,-36.0479,-35.6975,12.9418,1014.8
424004,-2.11382,6.45146,10.0717,-26.04,78.96,-335.72,-34.3917,-35.9442,13.0305,1014.8
424010,-5.88713,7.38403,9.28264,-22.68,105.7,-332.64,-32.9388,-38.3497,12.5281,1014.8
424016,-16.4228,7.8527,13.6729,13.09,51.94,-314.44,-32.5321,-40.4776,11.1243,1014.82
424022,-16.9201,29.2779,-2.06121,9.87,29.19,-267.68,-31.6313,-40.1384,11.9518,1014.82
424028,-13.1707,17.4271,6.09756,-11.9,-53.9,-227.71,-30.0041,-40.5393,11.2573,1014.82
424034,-4.35677,14.8063,2.52989,0.14,-79.17,-216.09,-29.4811,-42.6364,11.9666,1014.82
424040,-0.13869,10.7126,0.506934,13.37,-54.32,-210.28,-28.2316,-42.7289,11.8484,1014.81
424046,-5.77714,19.8996,-5.50454,22.68,35.91,-175.35,-26.9531,-42.7289,12.4542,1014.81
424052,-16.1836,19.2444,-6.26016,1.75,34.79,-77.56,-26.866,-43.5616,12.2473,1014.82
424058,-8.66093,19.2922,-4.59589,-50.26,-22.61,-53.41,-27.389,-44.4868,10.6071,1014.82
424064,7.24055,11.9034,-4.35677,-57.82,-3.5,-57.75,-26.8079,-43.87,11.1539,1014.82
424070,5.01196,8.33094,-1.29603,-51.66,40.32,-62.16,-27.0403,-45.3503,10.2525,1014.77
424076,-0.674318,8.61789,-0.205643,-43.12,56.35,-59.15,-27.1856,-45.2269,9.691,1014.77
424082,-4.79675,8.12052,3.27594,-34.44,47.74,-44.94,-25.9652,-44.5793,10.5628,1014.8
424088,-6.07843,8.3692,5.49498,-23.87,3.22,-24.99,-25.6165,-44.5485,11.2425,1014.8
424094,-2.81683,8.68484,2.31946,-13.58,3.43,-17.43,-25.2388,-45.2886,9.82399,1014.82
424100,-0.506934,9.5935,0.401722,-16.38,5.88,-14.21,-24.9482,-45.0111,9.86832,1014.82
424106,-0.683883,10.5213,0.822573,-13.65,15.61,-9.87,-25.355,-44.9185,9.66145,1014.81
424112,-0.951698,9.99522,1.41081,-17.99,2.66,-3.43,-25.5294,-45.3503,8.71576,1014.81
424118,0.688666,11.4347,-0.71736,-14.63,2.59,-6.37,-25.4713,-45.7204,9.76488,1014.81
424124,0.172166,9.96652,0.750837,-8.12,4.48,-7.56,-25.0645,-44.4251,9.97175,1014.81
424130,0.83692,10.11,0.444763,-9.45,1.19,-7.49,-25.2679,-45.5045,9.91265,1014.81
424136,-0.23912,9.95696,2.26208,-4.27,-9.66,-6.79,-25.4131,-46.5222,8.65665,1014.79
424142,1.5208,10.4448,0.129125,-1.89,0.42,-7.77,-24.8611,-45.1344,9.17383,1014.79
424148,0.334768,10.3204,1.54472,1.4,1.26,-13.86,-24.9192,-45.0111,9.83876,1014.81
424154,-0.942133,9.30655,2.55858,3.08,-8.47,-11.9,-24.7158,-46.3989,8.49411,1014.81
424160,0.564323,9.78001,0.798661,6.3,-2.66,-14.35,-24.9192,-46.2138,8.96696,1014.85
424166,-0.0860832,10.7652,0.229555,5.74,-10.15,-14.21,-24.9192,-46.1521,7.91783,1014.85
424172,0.851267,10.5165,-0.822573,1.33,-6.16,-11.76,-24.5995,-45.9671,9.30681,1014.8
424178,-0.176949,10.4065,0.329986,0.07,-4.69,-12.32,-25.1226,-47.139,8.00649,1014.8
424184,0.229555,10.1435,0.0382592,-4.2,-1.89,-14,-24.7158,-44.7027,9.35114,1014.8
424190,0.167384,10.0909,0.301291,-4.83,-1.68,-11.55,-25.0354,-45.8129,9.04084,1014.8
424196,0.191296,9.73697,0.49737,-6.93,-0.98,-11.41,-24.6286,-46.3989,8.52366,1014.8
424202,0.0382592,9.60306,0.688666,-6.37,1.89,-13.51,-24.9482,-46.1521,9.24771,1014.82
424208,0.0143472,10.22,0.186514,-7.98,2.17,-13.58,-24.5705,-45.6587,8.89307,1014.82
424214,-0.430416,10.2678,0.703013,-10.43,-5.46,-11.06,-25.1226,-48.2184,7.69619,1014.8
424220,0.506934,10.0478,-0.176949,-12.46,0.7,-12.53,-24.9773,-46.5839,8.0656,1014.8
424226,-0.473458,10.2487,0.387374,-16.8,-5.11,-13.93,-24.338,-45.5045,9.66145,1014.81
424232,0.449546,10.2248,-0.621712,-21.63,-0.63,-14.91,-24.4833,-47.2624,8.03604,1014.81
424238,-0.186514,10.6552,-0.535629,-27.37,-0.42,-15.12,-24.8901,-47.0157,8.27247,1014.81
424244,-0.196078,10.3109,0.13869,-31.78,-1.82,-15.12,-25.1226,-45.8437,8.89307,1014.84
424250,0.325203,10.4639,-0.961262,-37.45,0.35,-16.73,-24.2799,-46.9848,7.22334,1014.84
424256,-0.25825,10.1722,0.569106,-36.54,-1.05,-17.08,-24.338,-47.7558,7.79962,1014.83
424262,-0.10043,9.34481,0.11956,-44.24,1.54,-19.53,-23.1467,-46.4605,7.88828,1014.83
424268,0.172166,9.7561,0.722142,-38.92,-0.84,-18.69,-24.1637,-46.7073,7.93261,1014.81
424274,-1.49211,9.07221,3.11812,-34.65,-7.56,-16.59,-24.8029,-47.2624,7.07558,1014.81
424280,0.703013,9.62697,0.282162,-37.73,-1.61,-19.18,-23.6407,-47.6633,6.51407,1014.84
424286,0.449546,10.3874,1.20516,-31.92,-5.95,-20.23,-23.3792,-46.5531,6.46974,1014.84
424292,-1.16212,9.71784,1.17647,-33.18,-11.55,-21,-23.1177,-47.4782,5.12509,1014.84
424298,0.5978,9.87566,0.841702,-30.31,-6.93,-22.05,-23.0014,-49.1128,6.94259,1014.81
424304,-1.0856,9.06743,2.3099,-32.41,-10.92,-21.63,-23.292,-47.3549,6.57318,1014.81
424310,0.994739,10.0383,1.39646,-27.86,-7.98,-22.26,-23.5535,-47.4166,6.64706,1014.81
424316,-0.71736,9.72262,1.94644,-27.93,-7.91,-24.08,-23.5826,-48.8044,6.14466,1014.81
424322,0.396939,10.8991,0.612147,-29.47,-8.26,-25.76,-22.769,-47.6941,6.14466,1014.81
424328,0.516499,10.9565,0.196078,-30.8,-11.62,-27.09,-22.2169,-47.7866,5.9969,1014.81
424334,-0.0573888,11.7169,1.52559,-32.9,-12.67,-29.89,-22.5365,-49.7295,3.8691,1014.81
424340,-0.095648,11.0282,0.430416,-39.27,-12.6,-33.46,-22.3041,-48.6502,4.85912,1014.81
424346,0.387374,10.7317,1.20516,-36.19,-13.51,-36.05,-22.1297,-47.9408,6.15944,1014.81
424352,-0.769966,9.60784,2.19034,-39.83,-14.14,-40.25,-22.3912,-49.0202,6.33676,1014.81
424358,-0.109995,10.1052,1.41081,-40.67,-14.49,-39.83,-22.3041,-49.7295,4.28284,1014.81
424364,0.564323,9.22525,2.01339,-33.53,-10.57,-40.95,-21.5776,-48.2184,4.78523,1014.78
424370,0.143472,9.54567,2.41989,-30.17,-6.44,-44.73,-21.6358,-48.8044,5.56838,1014.78
424376,1.38211,9.32568,4.56241,-11.13,-6.58,-49.21,-21.3452,-49.9763,3.69178,1014.83
424382,3.07987,12.3003,5.33238,-7.63,-1.26,-61.11,-21.1127,-48.7427,4.32717,1014.83
424388,1.59732,10.0096,1.37733,-4.34,6.79,-65.1,-20.5316,-48.3418,5.19897,1014.86
424394,-0.387374,8.84266,3.19943,3.36,9.31,-65.8,-20.2701,-50.5005,4.10552,1014.86
424400,0.13869,11.9512,3.66332,7.63,6.65,-71.26,-20.4154,-49.9146,4.6818,1014.83
424406,1.14778,11.9656,2.20469,2.66,7.35,-79.38,-19.718,-49.0511,4.34194,1014.83
424412,1.10952,11.0856,2.95552,10.29,12.32,-83.23,-19.5146,-50.1305,4.07597,1014.83
424418,0.545194,10.0717,3.4768,14.91,16.59,-87.08,-19.2241,-51.0248,4.77046,1014.81
424424,0.176949,12.9412,1.92731,16.8,13.72,-96.04,-18.8173,-50.2847,4.53404,1014.81
424430,-0.329986,11.6643,1.86514,17.78,10.57,-102.2,-18.0908,-49.8837,5.21375,1014.83
424436,0.69823,13.7924,0.435198,12.04,14.56,-111.37,-17.7131,-52.0425,3.76566,1014.83
424442,0.435198,13.0703,1.55906,11.13,7.28,-119.84,-17.161,-51.7341,5.53883,1014.83
424448,0.253467,12.4534,2.43424,13.58,11.83,-126.63,-16.3474,-51.5183,5.22853,1014.83
424454,-0.0286944,13.4099,1.99426,13.65,10.71,-136.01,-15.5048,-52.8444,4.13507,1014.83
424460,0.502152,12.9555,2.00383,13.72,7.77,-145.53,-15.3595,-52.1659,5.40584,1014.83
424466,0.468675,12.4582,1.98948,21.07,14,-152.81,-14.3425,-51.765,6.17422,1014.83
424472,-0.129125,13.9503,2.36251,22.19,9.87,-163.38,-12.9187,-53.0602,5.08076,1014.84
424478,0.750837,14.1559,1.29603,22.68,8.19,-174.72,-12.2795,-53.6462,6.10033,1014.84
424484,0.636059,14.5194,1.23864,25.13,6.44,-187.95,-11.4368,-51.95,6.51407,1014.85
424490,0.502152,16.2028,-0.454328,24.5,2.66,-201.88,-10.7685,-52.906,5.71615,1014.85
424496,1.86992,17.3697,1.02822,19.67,4.76,-218.33,-9.02512,-53.677,5.28763,1014.83
424502,2.25729,19.1966,0.0526064,17.85,6.09,-235.55,-7.89191,-53.6462,5.52406,1014.83
424508,2.51554,20.4065,-0.573888,10.01,-4.13,-258.23,-6.67152,-53.8621,7.13468,1014.81
424514,2.31946,22.659,-2.85988,3.85,-3.78,-281.33,-5.21868,-55.3424,6.44019,1014.81
424520,2.22382,23.4625,-3.96461,-10.22,-14.49,-308.77,-3.44622,-54.3247,6.8096,1014.82
424526,3.60593,22.9746,-2.20947,-15.75,-17.78,-334.11,-2.2549,-54.2013,6.66184,1014.82
424532,5.21282,24.615,-0.387374,-20.79,-11.55,-358.05,-0.191863,-56.2059,6.20377,1014.82
424538,7.84314,26.6475,0.35868,-35.21,-6.86,-391.3,1.63871,-55.8975,6.7505,1014.8
424544,7.47967,23.759,-0.679101,-33.04,6.44,-429.1,2.91721,-54.8489,6.94259,1014.8
424550,5.55715,23.1373,0.363462,-28.56,1.68,-459.2,5.6776,-55.2499,6.63228,1014.78
424556,5.12673,25.2272,-0.750837,-26.18,16.52,-487.27,8.75762,-56.1442,5.90824,1014.78
424562,3.21856,32.3625,1.81253,-37.87,-6.86,-521.57,11.2274,-54.1396,7.10513,1014.79
424568,7.43663,31.1047,-2.09947,-58.52,12.74,-533.05,13.9588,-53.8004,7.50409,1014.79
424574,-1.66428,24.7107,3.79244,-29.19,14.21,-540.4,17.2131,-54.5714,5.45017,1014.77
424580,2.2812,24.505,1.11908,-13.3,-28.56,-548.66,20.3513,-53.0294,6.72094,1014.77
424586,2.02296,26.7767,1.00909,-17.92,-19.6,-547.96,22.0366,-50.994,6.54363,1014.77
424592,0.0191296,23.8403,5.17934,4.41,-43.61,-540.61,25.9302,-50.6239,5.65704,1014.75
424598,3.8594,28.0966,-1.91296,-11.83,-42.14,-529.06,27.7898,-49.5753,5.55361,1014.75
424604,4.53372,21.999,-0.148254,-13.79,-50.4,-496.72,29.2136,-47.9408,5.80481,1014.75
424610,1.61645,21.3152,-3.47202,0.84,-37.59,-456.54,31.7996,-46.954,6.27765,1014.75
424616,2.27164,17.3219,-2.7164,-21.28,-106.82,-420.49,35.0831,-45.412,4.80001,1014.75
424622,9.1296,5.74844,-6.37016,-24.85,-116.27,-351.61,35.1412,-43.1298,5.11032,1014.75
424628,10,-10.6408,-11.2578,-26.67,-78.33,-283.43,36.5068,-42.4205,4.65225,1014.74
424634,-2.80727,-10.4448,-2.66858,32.9,-6.02,-159.6,38.2502,-41.7421,4.03164,1014.74
424640,-14.6246,12.3529,1.31038,21.07,-79.1,-3.92,37.4076,-41.4953,5.65704,1014.74
424646,4.44763,4.36633,2.91248,40.25,-97.65,75.25,37.6691,-41.4953,3.91343,1014.77
424652,12.7116,4.11286,-3.46724,87.01,-8.47,142.17,38.2793,-41.6804,4.22373,1014.77
424658,9.56002,9.47394,-1.15734,73.15,-21.42,183.19,37.4367,-42.6672,3.38148,1014.79
424664,17.4366,7.81444,-3.44333,73.01,21.77,192.08,35.6932,-42.7289,4.75568,1014.79
424670,13.1994,8.8857,-1.37255,69.51,47.04,193.62,35.8676,-44.641,6.08556,1014.8
424676,10.6456,9.01004,-1.50167,53.27,50.05,197.33,35.5189,-44.9494,4.97733,1014.8
424682,10.6169,7.56576,-2.24295,45.57,68.39,197.75,33.6883,-45.6279,6.67661,1014.75
424688,8.54137,6.23625,-2.07556,31.64,77.21,198.73,32.9038,-45.6279,6.72094,1014.75
424694,7.934,5.08847,-2.21903,21.35,81.2,206.92,32.4389,-47.0773,5.93779,1014.78
424700,6.47059,4.19895,-2.43902,12.67,84.49,214.13,31.6253,-46.7073,8.05082,1014.78
424706,5.14586,3.89766,-2.1186,6.51,82.67,226.03,29.5623,-46.954,7.44499,1014.78
424712,3.33812,3.51506,-1.88905,3.57,73.22,236.81,29.3589,-47.91,7.63708,1014.7
424718,2.11382,3.18508,-2.27164,4.2,64.61,248.36,27.877,-49.7912,6.44019,1014.7
424724,0.832138,2.73553,-1.91774,8.47,53.76,263.34,26.2207,-49.0202,7.28245,1014.72
424730,-0.61693,2.20947,-1.5208,14.63,37.24,281.12,24.8551,-50.223,7.84395,1014.72
424736,-0.961262,1.83166,-1.02822,26.81,19.11,298.27,24.5645,-51.4257,7.68141,1014.71
424742,-1.19082,2.07556,-0.411286,40.25,1.19,314.51,22.792,-51.0865,8.70098,1014.71
424748,-0.449546,2.46772,0.0334768,55.37,-14.7,329.21,20.9615,-51.8883,8.81919,1014.73
424754,0.473458,3.56289,0.712578,68.88,-25.83,338.94,20.1769,-54.1396,7.6223,1014.73
424760,0.726925,4.37111,1.32472,81.27,-39.55,347.41,18.172,-53.5228,7.54842,1014.73
424766,2.26208,5.31803,1.68819,90.37,-43.89,353.36,15.7022,-53.307,9.48413,1014.69
424772,2.65901,6.23147,2.29077,95.9,-47.25,356.3,14.2784,-53.8929,9.27726,1014.69
424778,3.54854,7.54184,2.74032,97.72,-48.09,357.56,12.7093,-55.0031,8.6271,1014.7
424784,3.84505,8.39789,3.25681,98.14,-45.36,357.42,9.83272,-53.9238,11.3016,1014.7
424790,4.20851,9.7274,3.64419,95.41,-42.14,355.95,8.52517,-54.7873,10.9174,1014.7
424796,4.18938,10.44,4.22286,92.4,-38.36,353.15,7.1595,-55.6816,9.39547,1014.7
424802,4.07939,11.9847,4.31851,86.87,-31.78,351.54,4.86401,-54.2013,9.49891,1014.72
424808,3.53419,13.1277,4.40459,78.54,-28.42,350.7,2.51042,-54.1705,10.8288,1014.72
424814,2.7451,14.2085,4.28025,68.46,-26.53,350.49,2.07456,-55.1882,10.2525,1014.72
424820,2.15686,14.878,4.12243,59.15,-25.41,352.8,-0.308091,-54.5405,11.0948,1014.76
424826,1.34385,15.5524,3.94548,48.93,-27.93,356.02,-2.74886,-53.1836,13.193,1014.76
424832,0.798661,15.7484,3.84505,41.23,-30.87,359.17,-4.87,-54.263,11.8779,1014.76
424838,-0.253467,15.8489,4.11765,35.98,-39.55,365.89,-5.59642,-54.0471,11.4789,1014.76
424844,-0.296509,15.8393,3.68245,34.23,-44.94,370.58,-7.60134,-51.7958,12.4246,1014.79
424850,-0.640842,15.9493,3.82592,34.16,-50.75,375.62,-9.34475,-52.4126,12.07,1014.79
424856,-1.05213,17.4318,3.55811,36.47,-59.99,380.8,-11.2334,-52.0734,11.1391,1014.77
424862,-0.664754,17.4653,3.6968,40.88,-69.02,383.74,-13.3255,-50.6547,12.9123,1014.77
424868,-0.813008,18.3501,3.66332,44.45,-75.32,386.05,-15.098,-49.6987,13.1191,1014.77
424874,-1.04256,18.9861,3.84983,49.7,-83.58,388.36,-16.4055,-49.9146,13.5181,1014.77
424880,-0.483022,20,3.30942,53.76,-85.96,389.97,-18.4976,-48.8044,12.1439,1014.77
424886,-0.726925,20.66,3.67288,58.24,-89.81,390.39,-20.7931,-46.2447,14.7002,1014.77
424892,-0.420851,21.626,3.51985,63.21,-91.14,389.9,-21.9263,-46.7073,13.6215,1014.77
424898,-0.549976,21.8747,3.17551,67.62,-87.85,391.58,-23.9894,-45.2578,13.7545,1014.79
424904,-0.291726,23.1564,4.15591,70.98,-81.41,391.93,-24.6286,-43.5616,16.3699,1014.79
424910,-0.899091,23.6442,4.5385,80.29,-71.12,388.85,-26.4882,-42.513,17.0496,1014.78
424916,-1.74079,24.4859,4.75849,85.89,-57.89,384.79,-28.9,-41.8963,16.429,1014.78
424922,-2.93161,25.2511,4.75849,92.19,-41.72,379.54,-29.7135,-39.3366,16.8723,1014.79
424928,-5.90148,27.2979,4.3759,95.06,-26.74,375.48,-30.7886,-38.3188,17.4929,1014.79
424934,-8.51745,28.9479,3.95504,91.63,-13.23,373.17,-32.9679,-36.7152,17.5077,1014.79
424940,-13.1373,31.186,3.12291,81.2,-5.25,371.84,-33.6653,-35.4816,17.4782,1014.76
424946,-15.4663,31.5304,2.5012,64.19,4.69,368.48,-34.7985,-32.3976,18.5568,1014.76
424952,-18.5414,30.5452,2.20469,44.94,15.54,358.54,-36.3966,-32.3051,18.7489,1014.78
424958,-19.8087,30.043,0.57867,21.21,23.73,339.64,-37.5008,-31.0407,17.7589,1014.78
424964,-21.2004,31.5495,-6.52798,-18.76,27.3,306.04,-37.8204,-27.5866,19.074,1014.82
424970,-24.1416,31.9656,-12.109,-76.86,31.71,264.95,-38.3725,-28.1726,18.4977,1014.82
424976,-31.9177,19.6557,-7.05882,-102.69,24.22,216.37,-40.2902,-26.7539,17.227,1014.83
424982,-39.034,8.4505,2.41511,-61.74,17.01,171.78,-40.203,-26.4455,17.1088,1014.83
424988,-43.5724,-3.65854,6.63797,18.48,7,133,-39.9996,-24.7802,16.9019,1014.83
424994,-46.0115,-2.60163,4.26112,78.54,-0.21,94.99,-42.1789,-25.3353,17.5225,1014.83
425000,-42.9316,-0.573888,5.78192,124.6,8.61,47.88,-42.0336,-24.1326,17.1974,1014.83
425006,-37.8431,5.74366,9.39742,159.39,14,-7.77,-40.203,-22.9915,18.0101,1014.83
425012,-30.5069,11.6117,6.09756,162.68,39.9,-64.19,-42.0627,-24.3484,17.7294,1014.83
425018,-27.3505,17.4223,6.06887,142.52,47.81,-113.26,-41.6268,-24.2251,18.8228,1014.83
425024,-22.2573,20.6887,2.91726,100.73,72.52,-147.49,-40.5808,-23.3924,18.35,1014.83
425030,-19.3926,21.3247,3.29029,38.15,107.03,-165.76,-40.697,-25.2736,18.4682,1014.81
425036,56.9345,128.192,43.4051,-50.19,-41.37,-360.5,-40.174,-26.1371,19.6798,1014.81
425042,-1.10473,-46.3175,29.1392,-43.75,57.12,-282.59,-39.5347,-26.3222,19.3252,1014.8
425048,33.1133,-2.95074,-34.1798,61.88,111.79,-266.21,-38.9245,-26.7231,18.6307,1014.8
425054,14.7441,15.9828,-2.01817,-14.42,177.31,-308.49,-39.0117,-29.622,17.9215,1014.8
425060,14.1989,13.5772,5.38498,-127.26,146.02,-352.87,-38.4015,-30.7631,16.6655,1014.81
425066,4.47154,-0.172166,7.98661,-64.47,199.01,-347.97,-36.7162,-31.8117,15.1287,1014.81
425072,-0.602582,1.59732,15.495,-5.81,190.61,-344.68,-36.6872,-34.6181,14.981,1014.8
425078,-14.0363,3.76375,15.6384,30.45,145.39,-337.96,-35.6702,-35.3582,14.6411,1014.8
425084,-16.4849,9.94261,10.0143,29.96,94.99,-343.07,-33.7815,-36.6843,14.7298,1014.86
425090,-16.8149,17.9388,7.54184,-3.36,42.42,-321.58,-33.1422,-38.7506,13.4738,1014.86
425096,-14.6772,23.4625,7.12578,-0.49,6.58,-279.44,-32.0671,-39.9534,13.3408,1014.81
425102,-9.38307,21.9799,1.51124,-20.65,-27.09,-251.3,-31.1373,-40.2309,12.9123,1014.81
425108,-6.55189,11.8125,5.52845,2.17,-62.44,-228.69,-30.2075,-41.2486,13.6363,1014.81
425114,0.884744,8.7757,1.91296,25.97,-52.01,-235.13,-28.6094,-43.1607,13.4885,1014.82
425120,3.05595,14.3807,-6.50885,16.03,4.2,-218.33,-27.9992,-42.8831,14.1683,1014.82
425126,-10.8369,35.605,-14.3998,-8.47,147.28,-128.52,-27.2437,-42.2046,13.6659,1014.81
425132,-17.6518,17.7618,-7.32664,-34.44,115.36,-84.91,-27.6505,-44.6101,11.7301,1014.81
425138,-15.9254,18.5222,5.055,-82.04,0,-54.04,-26.7788,-44.1476,12.0109,1014.76
425144,3.61071,5.13152,3.30464,-78.75,-26.25,-53.83,-26.7207,-43.1607,12.8236,1014.76
425150,5.40889,4.37111,3.37637,-19.74,39.2,-51.17,-26.7788,-44.7643,11.9075,1014.82
425156,-4.75849,9.27786,3.78288,-12.81,24.36,-43.12,-26.6335,-46.0288,11.1834,1014.82
425162,-1.48733,9.63654,-0.315638,-13.65,21.98,-36.19,-26.4301,-44.3018,12.2325,1014.82
425168,-1.6308,10.4256,0.81779,-10.64,10.29,-30.59,-26.4592,-44.641,12.1143,1014.82
425174,-0.105213,10.7221,-2.16643,-16.31,17.64,-25.76,-26.0233,-45.6895,10.4889,1014.82
425180,-1.79818,10.7843,0.473458,-24.01,10.78,-20.44,-26.2558,-44.8877,12.4542,1014.81
425186,-0.607365,9.2922,0.798661,-17.15,7.63,-16.03,-25.4713,-44.6101,11.9075,1014.81
425192,-0.473458,9.22047,2.2812,-6.02,7.98,-9.31,-25.7909,-46.183,12.6758,1014.82
425198,-1.25299,10.6648,1.17169,-6.79,6.65,-12.46,-25.9071,-46.7073,11.9518,1014.82
425204,1.51602,11.3056,-1.18125,-9.94,0.21,-14.21,-25.7037,-44.2092,11.4789,1014.83
425210,1.33429,11.0856,-1.49689,-13.79,6.16,-15.4,-25.7328,-45.5045,11.4346,1014.83
425216,0.263032,10.9469,-0.894309,-17.71,6.16,-15.89,-25.6747,-46.3989,9.95698,1014.82
425222,-0.674318,9.9713,0.994739,-15.26,2.17,-14.77,-24.9773,-44.5485,11.8484,1014.82
425228,0.253467,9.32568,1.033,-11.69,-1.61,-16.1,-24.7739,-45.3195,12.3655,1014.82
425234,1.04256,10.0622,-0.545194,-9.45,1.26,-14.84,-25.5584,-45.9363,9.63189,1014.83
425240,-0.726925,9.99043,1.01387,-7.49,-5.46,-14.7,-25.2097,-45.5045,9.49891,1014.83
425246,0.0526064,9.95218,0.315638,-7.77,-5.18,-13.37,-25.0935,-44.6101,11.9961,1014.83
425252,0.0430416,10.0478,0.0526064,-8.33,-4.27,-14.07,-25.0645,-47.0157,10.3559,1014.83
425258,0.0334768,9.74653,0.636059,-6.65,-6.93,-14,-25.2097,-47.3549,10.1047,1014.84
425264,0.11956,9.07221,1.04256,-3.01,-8.05,-14.7,-25.0354,-44.7335,10.9765,1014.84
425270,-0.0047824,9.93783,0.210426,-5.32,-5.6,-13.3,-25.4713,-45.9671,10.1047,1014.81
425276,-0.37781,9.66523,0.851267,-3.71,-9.87,-13.58,-25.326,-46.8306,10.3855,1014.81
425282,0.368245,9.79436,0.129125,-3.78,-8.68,-12.95,-25.1516,-44.7952,9.77966,1014.81
425288,0.315638,9.5935,0.229555,-3.08,-3.57,-12.53,-24.7158,-45.4428,10.8879,1014.85
425294,-0.425634,9.98565,0.0860832,-4.97,-5.6,-12.6,-24.9482,-46.954,9.691,1014.85
425300,-0.454328,9.89957,0.157819,-7,-11.48,-12.32,-25.1516,-45.5662,10.681,1014.82
425306,0.396939,10.0287,-0.659971,-10.57,-9.59,-11.62,-24.7158,-44.8877,10.7253,1014.82
425312,-0.23912,9.71305,-0.444763,-12.67,-8.26,-11.69,-24.9192,-46.7998,10.1491,1014.84
425318,0.023912,9.98565,-0.0860832,-15.47,-6.93,-11.48,-24.2509,-46.954,10.2968,1014.84
425324,0.0382592,10,-0.263032,-17.71,-2.8,-10.85,-24.9482,-45.3195,8.65665,1014.84
425330,-0.425634,10.1243,0.344333,-17.99,-8.89,-12.32,-24.3671,-45.9363,10.5628,1014.84
425336,0.0860832,10.1435,-0.35868,-20.58,-9.17,-13.09,-23.9312,-46.8923,9.11472,1014.84
425342,-0.215208,10.1435,0.10043,-23.8,-9.52,-12.88,-23.9603,-46.1521,11.4937,1014.84
425348,-0.435198,9.84696,0.449546,-23.8,-10.64,-13.16,-23.4663,-46.2138,11.5972,1014.84
425354,-0.124342,9.70827,0.674318,-26.25,-13.51,-14.77,-23.5535,-47.4166,9.57279,1014.82
425360,0.325203,9.45002,0.291726,-23.59,-11.62,-13.09,-23.9603,-47.3857,9.85354,1014.82
425366,-0.277379,9.61741,0.932568,-23.1,-10.08,-14,-22.8852,-46.4297,10.1934,1014.83
425372,-0.349115,9.63654,1.25777,-17.99,-11.97,-15.61,-23.0886,-46.8615,9.21815,1014.83
425378,-0.45911,10.2439,-0.129125,-25.62,-16.94,-17.22,-23.3792,-47.6016,10.0309,1014.81
425384,0.291726,10.1291,0.0813008,-27.3,-12.88,-17.5,-23.3211,-46.4297,9.82399,1014.81
425390,-0.124342,9.50263,0.827355,-22.75,-16.31,-16.03,-23.4663,-47.1698,8.61232,1014.83
425396,0.363462,9.9713,0.129125,-22.33,-19.11,-14.42,-23.4082,-47.8175,7.68141,1014.83
425402,-0.35868,10.6408,0.124342,-23.1,-18.2,-16.94,-22.9724,-46.3372,8.83397,1014.83
425408,0.0573888,10.3204,0.310856,-26.25,-19.32,-20.23,-22.8561,-46.8306,8.43501,1014.79
425414,-0.344333,10.3109,0.923003,-26.39,-18.9,-19.39,-23.3792,-48.2492,8.90785,1014.79
425420,0.243902,10.8656,0.334768,-24.99,-18.06,-20.09,-22.4493,-47.2315,8.68621,1014.8
425426,-0.396939,10.3826,0.545194,-29.19,-19.11,-24.01,-22.7399,-47.4166,9.21815,1014.8
425432,0.387374,9.74653,1.27212,-29.12,-18.41,-27.93,-22.3622,-48.3418,9.24771,1014.83
425438,0.243902,9.4835,1.15734,-28.77,-15.82,-25.97,-22.5365,-48.095,8.6271,1014.83
425444,0.315638,10.3013,1.40124,-27.23,-13.79,-29.75,-21.781,-47.8175,7.85873,1014.8
425450,0.349115,10.4878,0.970827,-27.72,-12.25,-31.29,-21.781,-48.496,8.15425,1014.8
425456,0.143472,10.3491,1.10473,-28.42,-10.5,-33.25,-21.1418,-48.8969,8.61232,1014.8
425462,0.306074,10.7508,1.25777,-30.94,-9.87,-34.3,-21.7229,-47.6633,8.15425,1014.84
425468,-0.49737,10.4495,0.416069,-33.25,-8.47,-32.48,-21.1709,-48.2184,7.84395,1014.84
425474,-0.382592,10.1243,0.650406,-33.32,-9.17,-35,-20.9675,-49.1436,7.23812,1014.84
425480,0.071736,10.99,0.93735,-40.25,-6.86,-37.52,-21.8101,-48.3726,7.28245,1014.84
425486,0.215208,10.5452,1.11908,-39.9,-6.51,-38.5,-20.6478,-49.0511,6.41064,1014.84
425492,1.02822,11.6212,1.28647,-37.24,-0.77,-43.61,-20.6769,-49.3903,6.48452,1014.84
425498,2.32903,12.1425,4.91631,-22.12,-6.09,-59.5,-21.1999,-49.6987,6.26287,1014.81
425504,4.76805,12.3434,5.27499,-2.8,-2.94,-78.19,-20.2991,-49.1436,6.07078,1014.81
425510,1.97991,12.3529,1.26734,-2.66,5.53,-87.22,-19.9505,-49.4828,5.70137,1014.79
425516,-0.0573888,11.8317,1.49211,0.7,6.37,-91.84,-19.7471,-50.6856,6.23332,1014.79
425522,0.21999,12.7881,2.43902,2.45,-0.35,-100.94,-18.5848,-49.8221,6.46974,1014.79
425528,1.50167,13.1899,2.31946,-2.66,-0.14,-110.53,-18.701,-50.2847,6.89826,1014.85
425534,1.87948,11.2243,3.65854,5.81,8.89,-114.1,-17.8003,-51.765,5.86391,1014.85
425540,1.55428,11.9799,4.18938,13.3,13.37,-123.2,-17.5388,-50.6239,5.6866,1014.83
425546,1.37255,11.9703,3.51028,17.01,15.26,-134.33,-16.9576,-50.2538,6.39586,1014.83
425552,1.62123,13.0942,2.41989,24.08,18.97,-142.03,-16.2021,-52.135,6.21855,1014.84
425558,0.970827,14.2468,2.32425,26.46,18.13,-152.6,-15.127,-51.2715,6.69139,1014.84
425564,1.64036,14.285,1.56863,23.66,18.55,-166.11,-14.604,-50.9631,6.95737,1014.82
425570,0.989957,14.6007,1.15256,30.31,16.94,-176.96,-13.7904,-51.5799,6.14466,1014.82
425576,0.5978,14.7681,0.779531,32.62,10.64,-188.72,-12.8316,-53.3378,6.15944,1014.82
425582,1.65471,15.7771,0.813008,35.98,8.19,-202.09,-12.018,-52.9677,6.36631,1014.82
425588,1.24342,17.5992,-0.430416,32.97,6.16,-219.59,-11.3206,-53.1219,7.25289,1014.82
425594,2.04208,19.2922,-0.57867,25.27,6.72,-233.87,-9.28663,-54.8181,7.34155,1014.8
425600,2.7977,20.0191,-1.28168,16.38,6.37,-255.29,-8.85078,-53.492,6.70617,1014.8
425606,2.03252,20.7365,-2.85509,7.77,1.4,-277.13,-6.75869,-53.5228,6.91304,1014.82
425612,1.83166,20.923,-4.26112,-6.93,-6.65,-298.97,-5.16057,-55.1882,7.48932,1014.82
425618,1.9034,21.6643,-4.55285,-13.65,-10.99,-318.36,-3.85302,-55.4657,6.94259,1014.8
425624,2.65423,21.8986,-4.01722,-20.37,-15.54,-341.74,-2.5164,-54.1396,7.26767,1014.8
425630,3.47202,24.4189,-0.406504,-21.28,-13.51,-364.56,-1.00545,-55.3732,7.97694,1014.8
425636,6.70014,25.0598,1.50167,-29.33,-15.82,-398.09,2.36513,-55.8667,7.8144,1014.78
425642,7.53706,24.4381,1.44428,-25.2,3.71,-430.85,3.9342,-54.4789,8.19858,1014.78
425648,5.24151,26.4323,3.25681,-25.83,1.47,-462.7,6.0844,-54.7873,8.02127,1014.79
425654,3.23768,26.8436,0.846485,-27.37,2.87,-493.5,9.65838,-55.7741,6.73572,1014.79
425660,5.28455,29.3161,-0.894309,-52.92,-6.09,-510.93,11.1112,-54.9723,7.50409,1014.78
425666,3.25203,23.0225,1.44428,-33.88,25.55,-510.93,13.4648,-53.2144,7.84395,1014.78
425672,-1.27212,29.8613,3.56767,-9.31,-18.48,-524.09,17.0969,-53.9854,6.4993,1014.81
425678,6.77188,22.2621,-3.8594,-29.89,-6.58,-530.53,18.8403,-53.4303,7.96216,1014.81
425684,-4.0746,22.9938,6.4945,13.3,-18.9,-520.31,21.4845,-50.5005,6.86871,1014.77
425690,-1.14778,29.9235,0.411286,11.97,-40.74,-509.25,24.6807,-50.9323,7.84395,1014.77
425696,6.90579,28.1492,-3.26638,-15.4,-52.57,-507.29,27.4411,-49.2669,6.88348,1014.77
425702,8.69919,19.5935,-3.61549,-8.19,-47.67,-487.76,28.8068,-47.9408,8.31679,1014.77
425708,3.21377,20.5882,-6.06408,-0.91,-51.73,-454.44,30.6083,-46.5839,7.20856,1014.77
425714,6.1693,15.8345,-2.92683,-19.53,-116.83,-426.65,34.7634,-45.2269,5.45017,1014.76
425720,16.0402,6.19799,-8.75179,-25.55,-107.24,-366.66,34.4729,-43.3766,5.92302,1014.76
425726,14.9928,-3.77331,-9.14395,-22.54,-37.73,-322.56,36.071,-41.4337,6.66184,1014.76
425732,-14.8924,6.77188,-4.95457,-6.58,21.98,-160.79,38.2212,-41.8963,7.74052,1014.76
425738,-11.8508,12.2334,1.51124,-44.52,-83.37,-28.42,38.5989,-41.0636,5.15464,1014.79
425744,12.0373,1.94165,-2.20947,3.5,-17.22,65.8,37.3785,-40.9094,6.85393,1014.79
425750,8.54615,6.56624,-1.76949,12.39,14.49,140.35,37.4367,-41.372,7.53365,1014.79
425756,12.7355,6.81492,-2.04208,10.22,19.95,182.7,37.2914,-42.4822,6.04123,1014.75
425762,13.845,7.1736,-2.59684,21.63,51.66,200.9,35.2865,-42.7598,6.64706,1014.75
425768,10.7939,8.44094,-1.48254,16.24,54.18,206.99,34.4729,-43.6233,7.22334,1014.75
425774,11.0713,7.28838,-2.1186,18.9,66.36,204.26,34.8506,-44.9494,5.98212,1014.75
425780,8.86657,6.15973,-1.90818,11.9,74.2,201.74,33.2525,-44.641,7.10513,1014.78
425786,8.19703,3.79723,-1.94644,16.66,74.55,202.3,31.7706,-45.6587,8.31679,1014.78
425792,7.32664,3.7494,-2.3912,16.94,73.57,204.75,31.6834,-46.3063,7.35633,1014.76
425798,6.03061,3.07987,-2.1999,17.71,72.24,209.44,30.8117,-47.2315,8.36112,1014.76
425804,4.40937,2.80249,-1.61645,17.36,66.08,218.96,27.877,-48.1567,7.78484,1014.76
425810,3.00335,3.33812,-1.69775,18.13,58.73,233.1,27.8189,-48.5885,9.80921,1014.75
425816,2.37685,4.04591,-1.80296,15.33,51.94,249.55,27.383,-49.2669,7.26767,1014.75
425822,1.44907,4.16069,-1.26255,13.86,41.3,266.14,25.0585,-49.3286,8.65665,1014.68
425828,1.45863,4.27547,-1.43472,12.25,32.55,284.41,23.8671,-50.5005,8.74531,1014.68
425834,0.942133,4.49546,-0.879962,13.72,20.79,300.65,23.1117,-51.5183,8.95218,1014.7
425840,0.841702,4.56719,-0.588235,16.38,9.38,315.49,21.4845,-51.9192,8.81919,1014.7
425846,0.822573,4.6198,0.148254,23.1,-3.5,327.11,19.5377,-51.95,9.82399,1014.66
425852,1.04256,4.945,0.382592,30.59,-14.21,333.69,19.7992,-53.4612,10.4446,1014.66
425858,1.42994,5.26542,0.961262,35.91,-24.92,338.24,17.4165,-53.8929,8.34635,1014.7
425864,1.66906,5.67671,1.32951,44.38,-32.13,341.53,14.6561,-52.906,9.70578,1014.7
425870,2.17121,6.66188,1.77905,50.61,-37.17,343.7,13.2324,-54.0163,10.0161,1014.7
425876,2.35772,7.27403,2.16164,53.62,-40.53,346.36,12.4478,-54.8798,8.92263,1014.69
425882,2.73553,8.4792,2.38164,55.51,-40.95,347.55,9.97801,-53.4303,10.3855,1014.69
425888,2.96509,9.28264,2.46772,52.08,-39.27,349.09,8.37988,-54.5405,9.9422,1014.73
425894,2.879,10.6504,2.64945,48.79,-36.54,353.08,6.9561,-56.0517,9.05562,1014.73
425900,2.84075,11.4921,2.66858,43.82,-33.95,356.79,4.25382,-55.1882,9.83876,1014.75
425906,2.59684,12.3386,2.78336,38.71,-29.68,359.31,2.04551,-54.0471,9.58757,1014.75
425912,2.37685,12.9651,2.68293,33.39,-26.32,364.35,1.31909,-55.3424,10.548,1014.73
425918,1.86514,12.1234,3.9407,33.32,-25.69,370.02,-0.889226,-54.263,8.52366,1014.73
425924,1.55428,13.9742,1.75514,26.74,-22.75,374.57,-2.83603,-52.8135,11.7154,1014.73
425930,1.63558,14.5911,2.45337,23.24,-21.14,377.58,-4.72472,-54.2938,11.0652,1014.73
425936,1.16691,15.4567,1.26255,23.59,-18.06,384.3,-6.87492,-54.8798,10.8583,1014.73
425942,0.741272,16.0354,2.56815,24.99,-18.76,391.93,-9.54814,-53.1836,11.4346,1014.74
425948,0.712578,16.7097,2.20947,28.14,-17.64,393.4,-11.4659,-51.5491,10.7106,1014.74
425954,0.923003,16.7527,2.21425,29.54,-16.31,394.59,-12.8606,-53.0911,9.26248,1014.77
425960,0.25825,18.8809,2.09947,35.98,-12.04,401.03,-15.5048,-51.0865,9.92742,1014.77
425966,0.329986,19.4022,2.14252,38.15,-16.38,404.11,-17.4225,-49.8221,10.8879,1014.73
425972,0.334768,20.7987,2.05165,44.31,-14.91,404.53,-19.689,-50.6856,10.1934,1014.73
425978,-0.153037,22.2477,1.86992,47.53,-14.35,408.59,-20.9965,-48.7735,10.5333,1014.73
425984,-1.33429,23.6968,1.88427,49.84,-15.33,416.57,-22.4203,-45.9671,11.0504,1014.75
425990,-0.813008,25.8393,1.58297,51.66,-12.88,425.25,-25.0063,-45.9054,10.2821,1014.75
425996,-2.07078,28.4935,1.4395,53.55,-9.94,433.79,-26.8079,-45.8746,11.346,1014.77
426002,-1.82209,29.2779,1.31038,50.4,-1.96,444.57,-27.9411,-41.6495,12.6315,1014.77
426008,-3.25203,30.0956,1.55428,48.16,8.54,450.94,-29.946,-41.2178,13.0452,1014.75
426014,-4.57197,29.8517,2.29555,47.53,14.07,454.37,-32.9388,-40.786,11.937,1014.75
426020,-7.56097,29.4165,3.25203,53.55,22.61,452.69,-34.4207,-37.2395,12.1291,1014.78
426026,-10.0622,30.3635,3.08465,54.74,28.84,444.64,-35.7573,-34.4639,12.8088,1014.78
426032,-15.0502,32.2286,3.66332,56.28,30.45,429.1,-37.8204,-33.8779,11.5233,1014.78
426038,-17.8766,33.7159,2.81683,44.8,30.31,402.71,-38.663,-31.9967,11.7745,1014.78
426044,-21.1286,36.0115,-1.97991,18.34,30.45,364.63,-38.9826,-29.0669,13.459,1014.78
426050,-23.5677,37.6231,-7.98183,-30.94,25.83,316.89,-41.3362,-28.7277,11.9222,1014.79
426056,-29.6939,33.3094,-12.2286,-96.18,13.79,264.32,-41.8302,-27.8025,12.5133,1014.79
426062,-34.6867,23.2855,-9.04352,-121.31,-2.24,212.73,-41.8883,-25.8904,12.3951,1014.8
426068,-42.8981,4.84935,0.129125,-88.34,-23.94,161.77,-42.5276,-25.5203,10.947,1014.8
426074,-49.4691,-5.77236,8.41224,5.25,-48.93,121.31,-43.3121,-24.9344,11.4789,1014.84
426080,-54.0937,-3.86896,4.12721,69.65,-68.67,92.26,-43.0506,-24.0709,10.6219,1014.84
426086,-50.11,3.04639,4.74414,106.19,-76.65,51.31,-42.8181,-23.4232,11.9666,1014.8
426092,-45.9923,7.95791,5.5715,134.26,-78.96,-0.42,-44.0095,-24.1634,12.9566,1014.8
426098,-36.7193,16.8149,2.37685,122.15,-72.38,-56.21,-43.777,-23.7625,14.9366,1014.8
426104,22.396,105.256,88.6274,342.09,-255.71,-359.66,-41.8012,-22.7756,15.705,1014.84
426110,-29.8039,23.472,7.91965,-245.28,88.62,-340.48,-41.5396,-25.7054,14.4047,1014.84
426116,-19.1392,-22.9555,5.41846,7.14,-28.42,-280.91,-41.22,-27.0932,14.7002,1014.8
426122,23.1564,2.53467,-13.1899,-117.25,-207.27,-302.61,-38.9826,-27.0932,15.7493,1014.8
426128,19.4118,13.3955,-11.6212,28.77,117.46,-321.86,-38.2272,-29.5912,14.5672,1014.81
426134,14.1129,13.9024,4.05548,-114.59,88.41,-326.97,-38.8083,-32.5518,13.5033,1014.81
426140,9.96652,4.57676,-0.760402,-62.09,164.36,-341.11,-37.2102,-33.3536,13.5476,1014.81
426146,-3.69201,10.4208,10.2487,-43.33,143.71,-318.85,-36.3675,-33.5387,12.3508,1014.81
426152,-5.40411,7.03491,11.6643,-17.78,102.83,-308.98,-35.9026,-37.5478,10.3559,1014.81
426158,-4.22764,8.24008,7.53706,-7.49,108.99,-325.85,-34.7404,-38.0104,11.0652,1014.81
426164,-12.7021,14.4094,4.58632,-3.71,87.22,-316.68,-33.4619,-38.0104,10.7845,1014.81
426170,-16.3606,23.7829,5.64801,-23.59,44.94,-275.17,-32.5902,-40.2926,9.49891,1014.8
426176,-15.6384,18.6035,6.40363,-20.58,-18.06,-230.23,-32.009,-40.9711,9.79444,1014.8
426182,-7.74271,14.2516,4.06504,-14.14,-54.53,-207.83,-31.1664,-41.1869,9.32159,1014.8
426188,-3.40985,11.3582,3.88331,7.14,-49.21,-184.03,-29.1615,-42.7598,9.51368,1014.8
426194,0.97561,10.6313,0.779531,16.31,-40.88,-191.31,-29.2486,-43.1298,9.95698,1014.8
426200,0.272597,13.0225,-2.33859,19.88,17.99,-192.43,-28.4641,-43.0682,10.6662,1014.8
426206,-16.3223,21.2769,-9.55523,-6.02,56.28,-72.73,-27.5052,-43.9317,11.0357,1014.82
426212,-12.5873,21.0186,-2.42468,-55.16,-0.28,-50.12,-27.389,-44.9802,10.1786,1014.82
426218,1.93209,10.6743,-0.851267,-64.96,-15.33,-53.13,-27.8249,-45.7512,9.41025,1014.82
426224,4.38068,6.58058,-0.129125,-44.52,36.33,-50.4,-26.9241,-43.5616,10.415,1014.8
426230,-1.50646,9.90913,1.14299,-31.15,48.02,-43.05,-26.343,-44.7027,9.27726,1014.8
426236,-4.73458,8.46485,4.91631,-24.71,26.95,-39.9,-27.2437,-46.0288,8.99651,1014.79
426242,-4.13199,8.6131,4.66762,-17.36,-4.97,-23.87,-26.9241,-44.4868,9.76488,1014.79
426248,-0.114778,10.7413,-1.12386,-6.86,10.22,-16.24,-26.5754,-45.5353,10.3855,1014.86
426254,-0.0526064,11.5112,-0.506934,-13.86,7.35,-18.62,-26.5754,-46.1521,8.83397,1014.86
426260,0.93735,10.3635,0.095648,-17.15,6.02,-18.41,-26.2848,-45.0727,8.96696,1014.79
426266,0.626494,10.4017,0.0430416,-12.32,12.81,-18.9,-26.1686,-44.9185,10.2082,1014.79
426272,-0.61693,10.2487,0.923003,-14.07,-5.11,-21.56,-26.6335,-46.7689,8.73053,1014.79
426278,0.750837,9.56002,0.769966,-11.34,-0.49,-18.76,-26.6916,-46.2447,9.30681,1014.81
426284,0.205643,9.80392,1.06648,-9.8,0.07,-17.43,-26.6626,-45.4737,8.71576,1014.81
426290,-0.263032,10.0765,1.47776,-3.36,-5.04,-21.42,-25.9362,-45.5045,8.61232,1014.81
426296,-0.631277,9.29699,2.17121,-0.63,-6.65,-19.95,-26.7207,-46.9231,8.19858,1014.81
426302,0.373027,9.86131,1.25299,2.17,-5.46,-13.72,-25.3841,-45.0727,8.99651,1014.83
426308,0.253467,10.0478,1.22908,7,-7.98,-16.66,-25.2969,-44.5485,9.01129,1014.83
426314,0.153037,10.6121,0.492587,5.53,-9.38,-19.81,-25.1807,-46.4605,8.58277,1014.78
426320,-0.0047824,10.6791,0.095648,3.57,-10.29,-15.82,-25.2097,-45.6587,9.07039,1014.78
426326,0.0765184,10.5643,-0.047824,-1.05,-9.87,-14.42,-25.1516,-45.0111,8.70098,1014.78
426332,0.47824,10,0.516499,-3.01,-10.29,-17.71,-25.1516,-46.3989,9.26248,1014.82
426338,0.368245,9.99522,0.353898,-2.17,-6.44,-17.15,-25.6165,-45.9671,9.24771,1014.82
426344,-0.0382592,10.2296,0.406504,-5.39,-8.89,-17.15,-25.4131,-45.2578,8.78964,1014.83
426350,0.153037,10.0096,0.49737,-5.81,-8.05,-16.24,-25.1807,-46.3372,9.23293,1014.83
426356,0.148254,9.6748,0.769966,-4.69,-6.16,-15.54,-25.2679,-47.4166,8.58277,1014.82
426362,-0.167384,9.74653,0.61693,-4.2,-7.56,-15.47,-24.9773,-45.5662,8.98173,1014.82
426368,0.124342,9.78479,0.277379,-5.74,-6.16,-15.12,-24.6577,-46.6147,9.1295,1014.81
426374,-0.109995,9.96652,0.540411,-7,-6.44,-13.93,-24.8029,-46.7998,8.30202,1014.81
426380,0.0908656,9.99522,0.181731,-9.17,-4.62,-13.72,-24.7158,-46.7998,8.52366,1014.79
426386,-0.0621712,10.1913,0.229555,-11.9,-1.89,-12.25,-24.2799,-45.7512,9.1886,1014.79
426392,0.224773,10.4256,-0.310856,-19.6,-1.26,-18.83,-24.1346,-47.725,8.21336,1014.79
426398,0.0286944,10.5452,-0.353898,-18.97,3.43,-10.78,-24.6286,-46.8306,7.60753,1014.83
426404,-0.291726,9.47872,0.999522,-23.17,2.73,-10.99,-25.355,-46.3063,9.4398,1014.83
426410,0.176949,9.99522,0.224773,-27.79,6.86,-11.06,-24.5124,-47.0773,7.54842,1014.84
426416,-0.435198,9.6461,1.03778,-31.29,4.62,-14.07,-24.338,-47.725,7.63708,1014.84
426422,0.554758,9.99522,0.0669536,-28.42,4.27,-14.42,-24.5995,-45.9363,7.74052,1014.82
426428,-0.205643,9.89957,0.918221,-29.19,2.52,-13.23,-23.9022,-46.4914,8.6271,1014.82
426434,0.334768,10.6074,0.196078,-29.89,-0.91,-13.51,-24.338,-47.5708,7.32678,1014.78
426440,-0.047824,10.1913,0.392157,-30.59,-0.98,-16.73,-24.1346,-47.0773,6.8096,1014.78
426446,0.315638,10.2152,0.344333,-28.91,-2.31,-16.8,-23.8731,-46.5222,6.8096,1014.78
426452,0.0908656,10.4735,0.640842,-31.92,-3.78,-15.82,-23.5826,-48.0642,7.0608,1014.78
426458,-0.37781,10.2487,1.44428,-30.45,-3.64,-16.59,-24.8029,-47.2007,5.7457,1014.78
426464,0.0430416,10.3252,0.707795,-33.18,-4.69,-19.81,-24.3671,-47.2624,6.92781,1014.84
426470,-0.765184,9.81827,1.17647,-34.02,-9.66,-17.43,-23.8731,-47.91,5.7457,1014.84
426476,0.296509,9.62697,1.00909,-30.38,-7.21,-18.9,-24.1056,-48.0025,5.31719,1014.85
426482,-0.0669536,10.0335,0.870397,-32.34,-8.33,-20.51,-22.9433,-47.2007,5.65704,1014.85
426488,0.903874,10.3348,0.306074,-32.48,-10.78,-22.96,-23.5535,-46.5839,5.37629,1014.85
426494,-0.435198,9.89957,0.726925,-31.01,-15.75,-19.53,-22.9724,-48.5268,4.62269,1014.85
426500,0.105213,10.2391,1.14299,-34.09,-17.08,-28.21,-23.0014,-48.095,5.19897,1014.85
426506,-0.353898,9.77523,1.956,-31.64,-15.89,-28.49,-22.4203,-47.2624,5.81958,1014.82
426512,-0.664754,9.14873,1.05691,-40.88,-19.18,-30.8,-22.5365,-48.7735,4.32717,1014.82
426518,0.306074,9.47872,1.03778,-37.87,-16.24,-29.61,-22.9433,-48.7427,5.52406,1014.83
426524,-0.296509,8.46963,2.29555,-31.15,-14,-32.27,-22.6527,-46.8615,5.03643,1014.83
426530,0.296509,8.64658,2.7164,-20.86,-14.28,-33.6,-21.6358,-48.6193,5.15464,1014.82
426536,2.98422,10.4735,4.45241,-14.63,-13.02,-36.75,-21.8973,-49.2978,4.97733,1014.82
426542,2.36729,10.6408,3.1516,-10.43,-3.29,-44.66,-22.1878,-47.7866,4.59314,1014.85
426548,0.148254,9.43089,2.64945,-6.72,-0.84,-46.2,-21.752,-47.9408,4.56359,1014.85
426554,0.875179,10.3109,2.60641,-0.77,5.67,-51.59,-21.8392,-49.8529,4.3715,1014.81
426560,0.33955,11.1143,2.85988,-0.63,0.14,-56.14,-20.7641,-49.0202,3.677,1014.81
426566,0.621712,11.0617,2.83118,0.98,5.25,-59.15,-20.9965,-48.4034,4.82956,1014.81
426572,0.927786,10.2726,2.74988,7.21,9.8,-63.77,-21.6939,-51.0557,3.677,1014.85
426578,0.454328,10.813,3.51028,15.68,10.43,-68.04,-21.0256,-50.408,3.45536,1014.85
426584,0.0095648,12.5777,1.4395,10.36,5.25,-76.37,-19.7761,-49.4828,4.34194,1014.8
426590,0.664754,11.9799,0.927786,11.06,8.19,-82.81,-19.718,-50.5005,4.34194,1014.8
426596,0.803443,11.6308,2.14252,14.63,9.66,-90.93,-19.7471,-50.5314,4.933,1014.82
426602,1.1143,13.209,0.865614,11.13,8.47,-99.26,-19.1369,-50.223,5.37629,1014.82
426608,0.368245,12.4486,1.47298,3.15,1.05,-108.43,-18.9625,-50.5314,3.21894,1014.8
426614,1.74558,11.7599,1.13343,9.59,7.84,-115.92,-17.9165,-51.8883,4.06119,1014.8
426620,0.353898,12.9651,2.3099,8.33,5.74,-122.64,-17.8293,-50.5314,4.51926,1014.8
426626,1.56863,11.6165,2.13295,10.22,8.33,-129.64,-16.7252,-50.9631,4.65225,1014.86
426632,0.61693,12.5347,2.989,14.77,11.41,-137.2,-16.0859,-52.6902,3.69178,1014.86
426638,0.731707,12.4916,2.98422,17.64,10.92,-147.56,-14.8655,-52.3201,3.91343,1014.82
426644,1.31038,13.2999,1.76471,21.91,12.81,-157.01,-14.6621,-52.1042,6.11511,1014.82
426650,0.655189,13.845,1.74558,23.52,8.05,-168.35,-13.1512,-53.1219,5.62749,1014.83
426656,0.750837,14.2324,0.593018,27.93,8.05,-179.2,-12.5119,-53.2761,5.11032,1014.83
426662,1.34864,15.7771,0.93735,24.43,0.7,-192.01,-12.2214,-52.9677,6.57318,1014.83
426668,2.01339,16.5232,0.411286,26.25,1.89,-208.46,-10.6232,-52.7827,6.17422,1014.83
426674,1.14778,18.5844,-1.32951,16.59,-2.45,-226.59,-9.43192,-54.8181,5.00688,1014.83
426680,2.09469,19.0292,-1.31994,12.88,-5.95,-244.02,-8.9089,-54.2938,6.41064,1014.85
426686,2.65423,20.7221,-1.14299,12.53,-8.61,-269.36,-6.67152,-53.6154,5.84914,1014.85
426692,2.71162,22.6208,-2.54902,5.25,-12.04,-293.72,-5.50925,-55.7741,5.34674,1014.83
426698,4.12721,24.4237,-3.49593,-11.34,-13.79,-322.77,-4.17264,-55.1573,6.70617,1014.83
426704,4.90674,22.9268,-2.25729,-21,-12.39,-349.3,-2.02244,-54.3247,6.36631,1014.8
426710,4.81109,21.6977,2.25729,-10.36,-4.9,-372.75,0.098704,-55.5891,5.96735,1014.8
426716,5.52367,24.352,3.96939,-7.35,-6.23,-403.27,1.95834,-56.2984,5.45017,1014.82
426722,6.78623,22.5251,0.444763,-7.07,12.39,-440.51,3.03344,-55.2499,6.05601,1014.82
426728,2.69727,21.2912,1.89383,6.93,11.48,-466.2,6.05534,-55.3424,5.92302,1014.83
426734,1.9847,23.7446,1.74079,22.12,0,-488.04,9.77461,-55.805,5.55361,1014.83
426740,3.64897,27.4366,-0.607365,12.67,-2.52,-509.46,11.8086,-54.3863,7.10513,1014.83
426746,1.5495,28.4648,0.669536,10.64,9.59,-510.86,13.4067,-52.9369,7.82917,1014.79
426752,-2.44381,32.726,4.83022,9.59,-26.88,-514.78,17.0969,-54.078,7.312,1014.79
426758,4.76327,24.8876,-2.54424,-18.83,-4.97,-516.11,19.4796,-52.8752,6.83915,1014.82
426764,-4.04591,27.5562,6.01148,18.2,-26.67,-509.67,20.9905,-51.0865,7.29722,1014.82
426770,0.899091,29.7513,-1.04735,8.96,-41.09,-499.24,24.6807,-50.6547,6.57318,1014.77
426776,3.33333,28.0727,-2.32903,-11.83,-45.99,-490.07,27.2087,-49.5445,7.07558,1014.77
426782,6.82449,20.0717,-3.16595,-13.09,-58.73,-466.48,28.0513,-48.2492,8.34635,1014.76
426788,5.1076,16.2602,-6.71449,4.48,-62.09,-434.56,30.2306,-46.3063,7.13468,1014.76
426794,7.51793,13.5916,-5.5428,-13.02,-123.55,-403.97,32.8747,-45.4428,5.95257,1014.76
426800,14.8828,2.17121,-10.2343,-19.32,-107.38,-376.6,35.0249,-43.7775,7.54842,1014.73
426806,5.44237,-8.98135,-1.98948,28.98,-50.19,-341.04,35.8385,-42.4514,8.77486,1014.73
426812,-19.1822,12.0564,-5.51411,14.77,-32.48,-178.36,37.5819,-41.372,6.88348,1014.72
426818,-5.40411,8.27355,2.82162,1.26,-110.39,-54.11,37.3204,-41.372,6.52885,1014.72
426824,12.3003,2.65423,-3.05117,42.77,-37.94,32.9,36.7393,-40.1692,6.5584,1014.72
426830,7.30273,7.31707,-0.636059,40.6,-20.16,108.01,38.0178,-41.3103,6.57318,1014.72
426836,12.7929,7.99139,-2.23338,32.34,-1.4,150.36,37.4948,-41.3103,6.4993,1014.72
426842,12.4725,9.47394,-2.60163,24.99,26.88,169.89,35.6932,-41.7729,6.83915,1014.72
426848,11.0043,9.66523,-1.78862,10.71,38.92,177.1,35.0249,-42.6981,6.73572,1014.72
426854,11.1334,8.35007,-1.79818,4.69,56.56,175.7,35.4317,-43.6233,5.40584,1014.8
426860,9.36394,6.01148,-1.45863,-3.22,66.43,172.06,33.4849,-43.4074,6.67661,1014.8
426866,8.84744,4.49067,-1.51124,-2.59,72.66,169.12,32.5842,-44.6718,6.63228,1014.78
426872,7.22621,3.0703,-1.67384,-3.08,75.67,169.12,32.3517,-46.1213,6.61751,1014.78
426878,6.26494,2.67336,-2.08513,-2.8,77,173.11,31.5381,-47.1698,6.29243,1014.75
426884,4.43807,2.48207,-1.93209,-2.73,77.35,181.58,29.3298,-46.2138,8.33157,1014.75
426890,2.84075,2.60641,-1.51124,-2.87,68.74,197.47,29.9981,-47.5091,7.93261,1014.75
426896,1.54472,3.01769,-1.73123,-3.01,59.71,214.55,29.3879,-48.9586,7.32678,1014.75
426902,0.37781,3.03682,-1.61645,-2.1,50.54,235.69,27.3249,-48.7427,7.77007,1014.69
426908,-0.526064,3.08465,-1.88905,-1.4,36.61,259.21,26.3951,-49.2978,7.72574,1014.69
426914,-1.51124,2.76901,-1.72645,1.75,20.44,281.89,25.6396,-50.6856,8.64188,1014.69
426920,-1.70253,2.74988,-1.32472,8.82,3.57,303.31,23.3151,-50.1613,8.47934,1014.68
426926,-0.899091,3.26638,-0.889526,17.22,-12.46,319.9,22.3271,-51.3949,8.49411,1014.68
426932,-0.329986,3.53419,-0.769966,26.32,-26.04,332.29,21.1649,-54.263,7.85873,1014.67
426938,0.655189,3.95983,-0.502152,37.59,-35.21,343.35,19.5377,-52.9986,8.25769,1014.67
426944,0.879962,4.37111,0.0382592,46.34,-44.03,348.74,16.4577,-52.135,7.25289,1014.7
426950,1.68819,5.23195,0.205643,53.76,-48.58,353.01,15.8765,-53.9546,7.32678,1014.7
426956,1.92252,5.91105,0.353898,60.41,-51.1,357.63,15.3535,-54.6022,8.10993,1014.71
426962,2.02296,6.76231,0.640842,65.59,-52.64,361.83,12.0991,-53.9238,9.72055,1014.71
426968,1.94644,7.39359,0.769966,67.55,-50.61,366.66,10.7625,-55.2807,8.50889,1014.71
426974,2.04687,8.46007,0.980392,69.23,-48.44,371.28,9.19347,-56.0825,7.34155,1014.72
426980,2.15686,9.27786,1.15256,68.67,-45.08,375.13,7.33384,-54.7564,9.09995,1014.72
426986,1.94644,10.6504,1.38211,69.23,-40.95,379.68,4.6025,-54.263,9.26248,1014.71
426992,1.72645,11.6069,1.31038,66.36,-36.75,382.97,3.38212,-55.7741,9.45458,1014.71
426998,1.04256,12.9842,1.16212,62.44,-33.67,385.77,1.08663,-55.5274,9.79444,1014.75
427004,0.411286,13.692,1.21473,58.52,-32.69,389.13,-0.627714,-53.9854,10.5037,1014.75
427010,-0.210426,14.3185,1.12386,55.44,-34.44,390.18,-3.18471,-54.6022,9.64667,1014.74
427016,-0.162602,15.4089,0.191296,50.89,-34.58,390.95,-4.78283,-54.9723,9.73533,1014.74
427022,-0.93735,15.4758,1.37255,52.99,-38.22,386.12,-7.07832,-53.1219,11.6858,1014.75
427028,-1.18125,15.8919,0.827355,51.45,-41.86,376.81,-8.87984,-53.6154,11.3016,1014.75
427034,-1.96078,16.8627,0.487805,53.27,-48.65,366.59,-11.1172,-53.8004,11.937,1014.75
427040,-1.57819,16.5088,1.2769,60.34,-44.94,358.47,-12.3666,-51.3332,12.4837,1014.77
427046,-2.57293,16.944,2.07556,66.99,-51.52,350.49,-14.1682,-50.5005,12.6758,1014.77
427052,-1.42516,17.4127,1.93209,78.96,-50.12,341.18,-15.9697,-51.179,11.8631,1014.78
427058,-1.80296,18.9622,2.44381,85.4,-48.86,335.65,-18.0037,-49.5753,12.9418,1014.78
427064,-1.51124,20.4448,3.11334,95.97,-44.73,337.89,-18.8463,-48.5268,15.3651,1014.77
427070,-1.94165,21.7599,3.53898,97.65,-39.97,343.42,-20.9384,-48.8044,14.0648,1014.77
427076,-1.09995,24.2229,3.61071,95.48,-27.23,354.27,-22.7399,-47.5399,15.8084,1014.8
427082,-1.41081,25.7484,3.51506,91.21,-13.79,368.48,-23.5244,-45.2886,16.2961,1014.8
427088,0.205643,25.1985,1.96078,58.45,-17.15,396.97,-25.326,-44.3326,14.2865,1014.8
427094,-4.05548,27.9101,4.22764,123.97,36.61,383.11,-27.5924,-43.9625,15.6311,1014.82
427100,-2.54424,27.5897,2.17121,30.45,39.2,402.85,-28.2898,-41.8963,16.2074,1014.82
427106,-4.28503,27.977,1.76949,58.38,42.7,432.67,-30.6143,-39.6141,16.104,1014.77
427112,-7.70445,26.8054,2.51554,32.06,48.02,409.36,-32.6483,-38.8431,15.4538,1014.77
427118,-8.81875,25.4041,2.69249,43.61,56.28,381.08,-34.5079,-35.204,15.0844,1014.78
427124,-13.582,26.5088,2.1473,42.07,53.9,378.21,-34.7404,-33.5695,16.2517,1014.78
427130,-15.5715,27.1688,0.946915,33.18,43.68,360.78,-37.1521,-33.4153,14.449,1014.83
427136,-18.6848,27.7762,-2.44381,16.24,30.94,322.49,-38.663,-32.7368,14.449,1014.83
427142,-21.5017,26.9823,-4.51459,-9.73,17.78,298.13,-38.6921,-29.3445,16.6064,1014.83
427148,-26.2889,22.6829,-4.76805,-26.6,1.54,279.16,-39.9415,-28.3576,15.306,1014.82
427154,-29.3448,18.4409,-3.61071,-22.82,-18.55,241.36,-41.4234,-28.8202,14.9957,1014.82
427160,-33.5342,11.4778,-1.16212,0.84,-42.42,200.48,-40.9585,-26.939,14.8775,1014.79
427166,-35.7054,7.82879,-0.210426,38.92,-65.03,152.74,-41.0166,-25.7362,16.8871,1014.79
427172,-38.4361,3.15638,3.44333,82.6,-75.95,111.09,-42.4113,-25.8596,15.2765,1014.82
427178,-38.7279,4.52893,5.4902,112.14,-77.14,75.04,-42.3242,-25.212,17.7441,1014.82
427184,-36.7384,6.96796,7.03013,128.24,-73.43,32.41,-42.237,-24.3793,18.9263,1014.84
427190,-31.6164,12.2238,8.14921,127.61,-62.02,-18.76,-41.8883,-24.5335,16.7837,1014.84
427196,-27.2979,15.8824,8.36442,113.75,-44.73,-66.22,-41.5106,-25.2736,18.3795,1014.81
427202,-22.506,21.0186,5.45672,64.26,-19.04,-107.52,-40.203,-23.9475,18.5864,1014.81
427208,-19.6939,21.4156,4.52415,32.48,-2.66,-133.42,-41.1619,-25.397,19.3843,1014.81
427214,-17.9627,19.6891,3.86896,-1.47,10.5,-145.81,-41.1038,-25.7671,18.483,1014.81
427220,7.1736,65.1076,59.9139,171.57,-394.03,-248.36,-40.3193,-25.5203,18.8376,1014.81
427226,7.35533,8.31181,-12.3482,-351.4,-1.26,-236.18,-38.7793,-27.2165,19.3252,1014.86
427232,3.68723,-25.1459,-13.6011,54.95,-36.47,-196.14,-38.634,-28.4501,18.1136,1014.86
427238,23.8929,14.2755,-8.64658,-43.47,45.57,-221.55,-38.4015,-30.0846,18.3204,1014.84
427244,14.285,16.3415,-2.45337,-87.57,93.24,-231.35,-36.4547,-29.6837,17.7737,1014.84
427250,17.1162,3.13725,1.1956,-119.07,109.69,-281.12,-36.7743,-32.4593,17.9215,1014.83
427256,15.8824,1.83644,3.82114,-109.34,187.11,-313.46,-36.1351,-33.3536,15.572,1014.83
427262,-1.65471,2.05165,12.836,-54.46,182.49,-300.65,-35.4958,-33.8779,16.2074,1014.83
427268,-4.93544,6.97752,11.7599,-49.91,153.3,-296.59,-34.2464,-35.4507,15.5572,1014.83
427274,-11.4586,9.2109,12.6494,-19.95,117.32,-301.42,-34.3045,-38.2263,13.4442,1014.83
427280,-14.2229,12.066,13.0512,-19.25,56,-294.49,-32.2124,-37.3011,13.3851,1014.84
427286,-15.0646,17.7762,10.6552,-15.33,2.1,-261.24,-31.2245,-38.6272,13.6511,1014.84
427292,-11.5256,17.9101,7.3649,5.81,-45.22,-230.86,-31.5151,-41.6187,12.4099,1014.86
427298,-5.61454,15.2415,1.17647,-8.26,-85.68,-213.15,-30.8758,-41.0944,14.7741,1014.86
427304,-1.06169,11.7743,0.851267,6.86,-61.04,-196.98,-29.3067,-41.5262,15.2322,1014.82
427310,2.76423,12.4773,-3.3429,7.07,-14.56,-196.63,-28.7547,-43.8083,14.4047,1014.82
427316,1.91774,15.5045,-6.01148,3.92,25.27,-194.04,-27.9411,-44.1784,13.4294,1014.82
427322,-7.0923,28.7279,-13.3572,-32.55,143.22,-138.04,-26.9241,-42.8214,14.7298,1014.83
427328,-16.3606,17.4605,-3.78766,-62.65,58.59,-81.13,-25.878,-44.826,13.8432,1014.83
427334,-10.0191,16.0402,3.35246,-104.58,-12.67,-54.95,-26.1977,-44.5793,12.4542,1014.81
427340,5.55715,5.3802,1.65949,-68.18,6.51,-61.74,-25.5003,-44.9494,13.0748,1014.81
427346,3.19943,7.89574,1.25299,-41.65,54.32,-58.52,-25.0354,-44.0242,12.4099,1014.81
427352,-4.20373,9.9713,2.0373,-36.33,44.45,-47.39,-24.832,-45.9054,12.3951,1014.81
427358,-4.02678,9.52176,2.75944,-25.41,10.5,-41.09,-25.4131,-45.412,12.7645,1014.8
427364,0.105213,9.83261,0.382592,-36.68,12.88,-37.52,-24.4833,-44.9802,12.0552,1014.8
427370,0.659971,10.33,-0.679101,-31.36,24.85,-33.18,-24.9482,-46.0596,11.671,1014.84
427376,-0.334768,9.78001,0.851267,-33.32,17.64,-28.84,-24.832,-46.1521,10.4298,1014.84
427382,-0.124342,10.2056,-0.0286944,-27.02,12.46,-31.5,-24.4252,-45.6279,10.6958,1014.84
427388,-1.15734,10.2487,1.61167,-27.58,10.36,-33.25,-24.0765,-46.1213,10.5037,1014.82
427394,-1.76471,8.6418,3.37637,-15.61,4.13,-24.99,-24.5705,-46.7073,9.04084,1014.82
427400,-1.50646,9.58393,3.14204,-4.55,3.43,-18.9,-24.309,-46.3989,11.1095,1014.84
427406,-1.0043,10.0574,1.70253,-2.59,-0.91,-21.35,-24.4833,-46.6147,10.7401,1014.84
427412,0.35868,10.0526,1.07126,-2.45,-2.66,-20.51,-23.9022,-47.6324,10.0752,1014.83
427418,-0.071736,10.0335,0.860832,-0.77,2.24,-17.92,-24.4833,-46.2447,10.0752,1014.83
427424,-0.344333,10.923,-0.114778,-0.7,-1.61,-18.55,-23.6407,-46.3989,10.0456,1014.81
427430,-0.559541,10.0526,0.760402,-1.4,-8.4,-19.18,-23.815,-47.6016,9.66145,1014.81
427436,0.234338,10.1578,-0.047824,-4.2,-2.66,-19.39,-23.6697,-47.9717,10.4298,1014.81
427442,0.196078,10.33,1.07604,-5.18,-1.75,-20.09,-23.9894,-44.826,11.3016,1014.81
427448,-0.191296,9.83261,0.822573,-6.65,-3.01,-18.27,-23.786,-47.1082,10.9027,1014.81
427454,0.502152,10.2678,-0.406504,-4.41,-4.13,-17.64,-23.6988,-48.095,8.74531,1014.83
427460,0.0430416,9.51219,0.626494,-5.53,0.7,-18.55,-23.6988,-46.6456,10.2673,1014.83
427466,0.11956,10.0383,0.315638,-8.26,0.84,-16.1,-23.1177,-46.6456,10.8436,1014.85
427472,0,9.98087,0.320421,-6.51,0.84,-18.06,-23.4954,-48.4343,9.98653,1014.85
427478,-0.229555,10.2678,-0.157819,-9.94,2.17,-18.41,-23.5244,-47.725,10.1343,1014.85
427484,-0.449546,10.1626,0.105213,-11.97,0.63,-16.24,-23.2048,-45.8129,10.6367,1014.85
427490,-0.707795,9.67001,0.492587,-18.55,-0.14,-17.36,-23.3501,-48.0642,10.5037,1014.85
427496,0.827355,10.7269,-1.47298,-21.07,6.86,-17.22,-23.1758,-47.8483,9.17383,1014.83
427502,-0.827355,10.5787,-0.47824,-26.18,10.01,-15.19,-23.0014,-46.5531,10.4003,1014.83
427508,-1.48733,10.5117,0.301291,-31.71,-2.1,-15.68,-23.5244,-47.6941,8.95218,1014.82
427514,-0.023912,10.1148,-0.0621712,-34.02,-1.75,-14.7,-23.6116,-48.4343,8.02127,1014.82
427520,0.172166,9.88044,0.712578,-32.2,0,-16.45,-22.5946,-47.5091,9.30681,1014.8
427526,-0.57867,10.3013,0.521282,-34.72,-4.69,-18.06,-23.6116,-47.139,8.81919,1014.8
427532,-0.329986,9.98087,0.621712,-34.3,-5.46,-18.2,-22.4784,-49.0511,8.83397,1014.83
427538,-0.25825,9.13917,0.879962,-38.99,-5.25,-20.93,-21.8392,-48.2801,8.99651,1014.83
427544,0.473458,10.3874,0.224773,-34.79,-5.67,-20.02,-22.1007,-48.0025,8.70098,1014.86
427550,-0.674318,9.6461,1.06169,-36.54,-7,-19.6,-22.0716,-48.496,8.43501,1014.86
427556,-0.143472,9.71784,0.81779,-35.7,-6.72,-20.79,-22.2169,-48.8044,7.07558,1014.86
427562,-0.320421,9.89957,0.966045,-35.7,-8.47,-20.79,-21.8973,-47.0773,8.61232,1014.81
427568,-0.530846,9.45481,0.97561,-36.61,-10.08,-19.39,-22.6237,-48.7735,8.30202,1014.81
427574,-0.129125,10.2965,1.15256,-36.75,-12.04,-21.42,-22.4784,-48.9586,6.89826,1014.82
427580,-0.545194,9.51698,1.47776,-33.74,-13.37,-22.82,-21.781,-48.4034,8.09515,1014.82
427586,-0.789096,9.3735,1.18604,-36.05,-11.9,-20.23,-21.2871,-48.1567,7.97694,1014.86
427592,-0.25825,9.99522,1.04256,-34.93,-10.36,-21,-21.8101,-49.0202,7.40066,1014.86
427598,-0.798661,9.68914,1.033,-36.19,-13.58,-22.82,-21.229,-49.0202,8.27247,1014.82
427604,0.21999,9.14873,0.301291,-35.14,-13.09,-25.41,-20.9675,-48.4343,6.72094,1014.82
427610,-1.06169,9.84218,1.5495,-32.48,-17.15,-25.06,-21.1127,-49.1436,6.60273,1014.82
427616,-0.980392,9.4022,1.47776,-27.65,-14.28,-21.77,-21.0546,-50.0688,6.78005,1014.79
427622,-0.167384,10.1674,1.56863,-32.13,-11.48,-28.21,-20.8512,-48.0025,7.38588,1014.79
427628,0.382592,10.0096,1.51602,-27.09,-12.74,-29.82,-21.1999,-49.637,5.81958,1014.82
427634,0.21999,9.31612,2.01339,-23.38,-10.78,-30.66,-20.6769,-50.0996,5.37629,1014.82
427640,-0.0765184,10.3061,4.74892,-16.73,-10.5,-31.22,-20.1539,-49.0511,6.88348,1014.83
427646,1.62123,10.2726,3.21856,-10.71,-0.77,-37.8,-19.8342,-49.3286,6.17422,1014.83
427652,0.162602,9.42611,2.45815,-4.69,-0.63,-39.76,-20.4154,-50.1921,5.55361,1014.85
427658,-0.37781,9.52654,3.22334,-1.54,1.75,-40.32,-19.5727,-49.7912,5.76048,1014.85
427664,-0.109995,10.6887,3.24247,3.01,3.64,-42.84,-20.4735,-49.2361,5.62749,1014.85
427670,0.545194,10.3013,2.07556,3.92,6.58,-50.33,-19.3693,-51.0248,4.933,1014.82
427676,0.659971,10.9995,2.1999,6.58,10.29,-55.16,-19.1369,-50.5622,6.95737,1014.82
427682,0.918221,11.3391,1.86992,4.34,10.71,-59.15,-19.0497,-49.8529,6.14466,1014.84
427688,0.373027,10.8513,1.55428,9.8,7.28,-63.49,-18.5557,-50.408,5.92302,1014.84
427694,0.301291,12.3051,1.37255,3.01,6.93,-72.73,-18.4105,-51.9809,5.40584,1014.8
427700,1.22429,12.066,1.40124,11.76,10.85,-78.68,-17.8584,-49.9454,6.36631,1014.8
427706,-0.124342,11.4586,2.3912,16.03,5.81,-86.66,-17.4806,-50.2538,5.55361,1014.79
427712,0.951698,13.5342,0.726925,12.39,9.45,-94.01,-17.161,-52.0117,5.64227,1014.79
427718,0.296509,12.8407,1.84601,9.8,6.37,-103.04,-16.638,-51.2407,5.02166,1014.79
427724,0.186514,12.2621,2.30512,17.15,9.94,-109.76,-16.5508,-50.9323,6.07078,1014.79
427730,0.196078,12.3386,2.57771,12.67,9.03,-116.83,-15.7953,-52.5668,6.15944,1014.79
427736,0.784314,11.7982,2.95552,14.14,11.13,-125.65,-15.127,-52.1659,6.04123,1014.8
427742,0.659971,12.6734,2.79292,24.64,16.38,-133.35,-14.8655,-51.4874,6.79483,1014.8
427748,0.502152,13.056,2.78336,27.79,13.65,-141.89,-13.7323,-52.6285,6.78005,1014.79
427754,0.813008,12.9938,1.49689,31.22,16.31,-150.15,-12.9478,-53.677,6.10033,1014.79
427760,-0.215208,13.5103,0.860832,31.78,12.88,-162.33,-12.6282,-52.6285,8.0656,1014.84
427766,1.06648,13.7685,2.08513,35.21,11.55,-174.44,-11.1172,-52.4434,7.71096,1014.84
427772,0.903874,14.4811,1.39168,35.21,7.84,-186.76,-10.7976,-54.1088,7.0608,1014.81
427778,0.726925,15.7532,0.502152,19.32,7.77,-200.55,-9.25758,-54.2013,7.8144,1014.81
427784,1.15256,16.3845,0.607365,36.61,9.66,-214.62,-8.87984,-53.492,7.45976,1014.81
427790,1.47776,18.5605,0.0860832,35.98,3.36,-234.64,-6.06133,-54.9415,6.52885,1014.82
427796,1.92252,19.5074,-1.78384,28.91,0.14,-255.5,-5.71265,-55.1882,7.8735,1014.82
427802,1.84122,21.7982,-2.88379,16.1,-2.45,-275.59,-5.2768,-54.4172,8.36112,1014.83
427808,2.53945,22.0947,-2.83118,3.15,-9.8,-300.09,-2.63263,-55.2499,8.3759,1014.83
427814,2.68771,20.9852,-0.889526,-0.28,-9.38,-326.55,-0.918284,-56.1442,8.40545,1014.81
427820,3.62028,20.7174,1.22429,5.67,-10.71,-350.56,0.650783,-54.448,8.67143,1014.81
427826,5.67193,24.3424,3.02726,8.96,0.7,-374.78,2.36513,-55.0648,8.47934,1014.83
427832,7.13534,25.3563,1.62602,1.4,11.34,-411.25,3.96325,-56.1134,8.25769,1014.83
427838,3.62506,23.1229,2.1999,6.37,16.17,-443.66,6.66553,-55.219,9.05562,1014.83
427844,0.172166,24.615,1.3869,17.92,15.26,-473.48,8.49611,-54.5405,9.79444,1014.82
427850,6.28886,26.7193,-1.74079,-5.67,10.71,-491.54,11.518,-55.2807,9.27726,1014.82
427856,-3.04161,21.6117,4.74892,29.19,30.17,-495.81,14.3656,-54.3247,8.86352,1014.81
427862,-2.02296,28.5701,3.09421,43.75,-12.74,-510.37,15.092,-53.0602,9.41025,1014.81
427868,2.62076,22.8694,-0.526064,14.91,1.68,-507.57,19.4796,-52.4434,10.4003,1014.78
427874,-3.13725,26.0497,5.88713,39.27,-16.66,-502.88,22.1237,-51.8575,8.13948,1014.78
427880,0.516499,30.1004,-0.502152,24.85,-27.44,-496.23,23.1117,-49.6987,9.88309,1014.78
427886,2.84075,29.0196,-1.92731,11.48,-30.45,-493.08,26.0464,-48.2492,10.9618,1014.78
427892,3.96939,22.5921,-2.23338,-4.27,-44.73,-472.36,29.0392,-48.0334,10.2082,1014.75
427898,5.27499,15.8154,-2.85988,9.52,-42.42,-440.37,31.0151,-46.1521,9.92742,1014.75
427904,3.86418,14.505,-3.45289,22.26,-73.85,-422.31,31.2185,-44.5176,10.9174,1014.75
427910,9.4835,7.85748,-6.10234,24.85,-125.58,-390.74,35.548,-43.2532,10.7549,1014.77
427916,11.0091,-5.76757,-9.88044,29.26,-99.54,-364.35,36.5068,-42.2972,10.5776,1014.77
427922,-7.79531,-1.88905,-9.50741,64.4,-13.16,-245.91,36.6521,-40.8169,11.3312,1014.77
427928,-17.3601,13.0799,1.5208,28.91,-131.11,-101.57,37.8725,-39.4907,10.0456,1014.77
427934,4.83979,6.79101,-1.26255,42.77,-116.06,-10.36,39.151,-39.7683,9.91265,1014.77
427940,7.71401,7.10186,-2.3912,64.47,-48.37,74.27,37.5529,-39.1824,9.89787,1014.77
427946,7.14969,9.25873,-0.69823,50.26,-54.81,136.5,37.7272,-39.83,11.2573,1014.76
427952,12.8025,8.76136,-2.75944,46.62,-21.35,171.43,37.9887,-40.5085,7.79962,1014.76
427958,11.1956,10.3491,-2.56337,31.22,-4.55,189,36.1872,-40.7552,9.75011,1014.76
427964,11.0282,9.28742,-2.14252,18.83,12.04,194.95,35.6642,-41.3103,10.7106,1014.8
427970,10.0287,7.87661,-1.33907,12.6,26.67,195.86,35.6642,-43.0373,9.76488,1014.8
427976,8.50311,5.37542,-1.38211,6.58,33.88,197.96,34.2404,-43.87,9.64667,1014.76
427982,7.95791,3.65375,-1.1956,8.26,41.58,202.02,32.8166,-43.3149,10.2673,1014.76
427988,6.75275,2.48685,-1.57819,9.17,47.25,207.48,32.7004,-44.7335,9.3807,1014.75
427994,5.54758,1.98948,-1.33907,12.6,49.21,215.67,32.5261,-45.5045,9.04084,1014.75
428000,4.80631,1.97035,-1.34385,15.33,49.63,223.79,30.1434,-45.7512,10.7106,1014.72
428006,3.55811,2.53945,-1.07604,20.44,46.06,235.27,28.894,-46.6456,10.7253,1014.72
428012,2.7977,3.07987,-1.21473,23.17,41.86,249.2,28.923,-48.2184,10.1491,1014.72
428018,1.99904,3.62984,-1.26255,25.62,36.33,264.11,26.9762,-48.5576,10.3264,1014.73
428024,1.5208,4.09852,-1.28168,26.18,29.33,281.19,25.5815,-48.2801,11.4642,1014.73
428030,1.0856,4.88283,-1.43472,24.57,23.24,298.13,25.2328,-50.1921,10.2525,1014.73
428036,0.679101,5.12673,-1.22429,24.43,12.95,313.88,23.0245,-50.5622,10.5333,1014.73
428042,0.69823,5.11239,-0.746054,28,4.2,326.55,21.1939,-49.6987,11.1095,1014.71
428048,0.798661,5.16021,-0.521282,32.34,-5.81,336.84,19.9735,-51.7958,10.5924,1014.71
428054,1.32951,5.13152,-0.095648,39.62,-14,345.66,18.4626,-52.8135,11.346,1014.69
428060,1.61645,5.35151,0.301291,47.88,-20.51,351.82,16.9807,-52.6902,11.8188,1014.69
428066,1.66906,6.44189,0.659971,53.62,-25.83,358.82,14.7143,-53.6462,11.6415,1014.72
428072,1.77427,6.71449,1.01387,60.41,-32.62,361.62,13.8135,-54.6947,10.7401,1014.72
428078,2.27164,7.37924,0.942133,65.52,-31.99,366.66,10.9369,-54.2013,12.3951,1014.72
428084,1.57819,8.21138,1.53037,67.9,-36.19,371.98,9.57121,-53.5537,10.8879,1014.69
428090,1.98948,9.5648,1.69775,68.04,-38.57,376.46,7.88592,-55.4349,11.1539,1014.69
428096,2.22382,10.3922,1.78862,67.76,-36.89,380.17,6.02629,-54.6947,11.8188,1014.73
428102,1.50646,11.9369,2.39598,66.22,-38.08,383.53,3.29495,-53.2761,12.336,1014.73
428108,1.37733,13.0894,2.26686,62.79,-37.8,387.66,1.66777,-55.0648,13.2669,1014.75
428114,1.033,14.2229,2.48685,57.82,-37.03,391.44,-0.0465791,-54.8798,12.4099,1014.75
428120,0.932568,14.8159,2.7164,52.78,-36.96,395.01,-2.08055,-53.0911,13.7102,1014.74
428126,0.913438,18.0918,2.33859,43.4,-33.25,393.61,-4.23076,-52.5976,15.2469,1014.74
428132,0.846485,16.0306,3.41463,44.59,-36.05,396.34,-6.03227,-53.4612,14.2421,1014.74
428138,0.731707,16.7575,3.32377,43.19,-34.65,399.35,-8.41493,-52.9369,14.05,1014.75
428144,0.750837,17.0684,3.20421,36.54,-32.62,395.29,-10.7395,-50.9631,15.4686,1014.75
428150,0.994739,18.4744,3.03204,39.83,-26.39,388.78,-12.1342,-51.9809,14.582,1014.81
428156,0.263032,19.23,3.41942,36.54,-29.4,387.52,-14.081,-51.3332,14.6263,1014.81
428162,0.416069,19.7178,3.21856,43.54,-23.59,384.3,-15.9406,-47.725,15.5129,1014.76
428168,-0.0669536,20.7413,3.72071,43.61,-23.59,378.84,-17.7131,-49.3286,16.828,1014.76
428174,0.349115,21.0426,3.51506,52.08,-16.24,378.07,-18.9044,-48.681,15.3947,1014.78
428180,-0.401722,23.6537,3.3429,55.3,-7.77,383.53,-20.9384,-46.1213,15.6902,1014.78
428186,-0.659971,25.3611,3.04161,54.25,2.38,392.14,-23.0014,-45.4428,15.5572,1014.78
428192,-1.53037,27.3505,2.65423,48.65,13.93,404.95,-25.4422,-45.0419,15.1878,1014.75
428198,-0.722142,29.0674,2.52989,43.89,38.71,421.96,-26.4592,-42.2355,16.6359,1014.75
428204,-2.25251,30.6887,1.33429,31.22,62.09,431.48,-28.0573,-39.9225,18.4386,1014.78
428210,-3.61549,30.8465,0.822573,19.95,74.62,434,-31.1373,-39.7992,16.2961,1014.78
428216,-6.58536,29.2109,1.63558,15.75,87.01,436.31,-33.026,-38.0413,15.5425,1014.77
428222,-8.37877,29.0531,0.774749,15.96,102.9,430.64,-33.1713,-35.3891,16.0005,1014.77
428228,-13.5581,29.6748,0.588235,15.26,109.55,411.32,-35.6992,-34.5872,15.0844,1014.75
428234,-16.6858,29.2205,0.85605,14.91,112.91,386.47,-36.8034,-33.8162,14.7593,1014.75
428240,-19.8422,29.2348,-1.31994,7.14,115.08,354.55,-37.8204,-31.0407,15.1878,1014.75
428246,-21.4921,29.78,-5.71497,-13.23,111.86,313.04,-39.68,-28.7894,12.7793,1014.75
428252,-27.1114,27.4988,-9.6461,-50.05,105.7,268.24,-41.22,-29.0978,12.6167,1014.75
428258,-31.0473,20.7987,-7.72836,-59.22,90.44,220.5,-41.5396,-27.5249,13.2964,1014.77
428264,-37.9101,9.54089,-2.65423,-31.71,68.81,178.01,-42.0336,-26.4455,12.1143,1014.77
428270,-45.4615,-0.650406,3.15638,29.54,44.73,142.8,-42.6438,-26.5689,11.2869,1014.8
428276,-48.4505,1.81253,-0.167384,72.38,24.22,110.18,-43.3993,-25.1811,11.5085,1014.8
428282,-48.3453,3.97896,2.30512,111.09,2.73,73.99,-43.1087,-23.3924,11.6858,1014.79
428288,-45.7867,7.65184,3.05595,131.95,-6.3,26.04,-43.6027,-24.9344,11.0209,1014.79
428294,-37.9962,13.2807,2.55858,136.5,-19.53,-29.26,-44.2129,-24.6877,12.1439,1014.85
428300,-32.6303,15.5285,3.52941,130.34,-22.19,-82.88,-43.1087,-24.04,12.9123,1014.85
428306,-24.6533,17.5179,2.09947,74.41,-6.93,-123.13,-42.0917,-24.6877,13.9614,1014.85
428312,33.5294,110.282,77.561,272.02,-188.86,-397.74,-43.0215,-25.7054,13.6215,1014.81
428318,-17.494,-7.22142,4.52893,-123.55,154.91,-331.17,-41.9755,-27.5558,13.725,1014.81
428324,16.5184,-23.0416,2.70206,27.86,-20.79,-259.42,-39.8253,-27.895,15.173,1014.83
428330,12.4629,12.4868,-11.9608,21.84,127.12,-308.91,-40.3193,-29.5604,14.1535,1014.83
428336,3.96939,26.9393,-1.77905,-17.57,19.46,-284.34,-40.4064,-30.8865,14.2569,1014.8
428342,15.1459,9.58393,-2.6638,-100.52,53.76,-301.35,-38.2562,-30.6089,14.981,1014.8
428348,10.8847,5.67671,0.808226,-67.2,128.03,-327.88,-38.1109,-34.0013,12.9418,1014.81
428354,-3.78288,7.38881,8.7757,-58.73,104.93,-335.23,-37.0068,-36.1601,13.0157,1014.81
428360,-4.46676,6.20277,8.18269,-55.51,79.31,-315.14,-34.9147,-36.3451,12.3655,1014.81
428366,-6.04017,9.76088,9.31612,-7.28,81.76,-321.02,-34.6241,-38.7198,10.3264,1014.83
428372,-12.9268,15.5715,7.91965,1.12,56.49,-310.24,-34.1011,-40.1692,10.3412,1014.83
428378,-15.0024,19.3161,6.37494,-38.64,16.66,-259.7,-32.0381,-40.601,9.60234,1014.81
428384,-10.5356,15.0741,5.51889,-22.89,-38.92,-220.92,-31.0502,-40.8477,11.2869,1014.81
428390,-4.40937,12.9125,4.85892,-20.72,-53.97,-201.81,-30.4981,-42.6364,9.89787,1014.82
428396,-1.22908,10.3348,3.37159,-3.57,-48.72,-212.24,-29.8588,-43.5308,10.7845,1014.82
428402,2.02774,12.0373,-1.1143,-2.66,-22.82,-219.03,-28.1735,-42.8523,10.8879,1014.85
428408,-7.02535,26.9058,-9.01004,11.97,93.03,-215.11,-26.5754,-45.0419,10.1638,1014.85
428414,-8.91918,13.845,-10.9517,-49.7,88.97,-98.91,-27.1565,-45.9671,9.4398,1014.83
428420,-10.0909,14.6294,0.559541,-81.76,37.24,-64.75,-26.5754,-44.6718,9.82399,1014.83
428426,-0.420851,10.0574,2.33859,-99.4,-12.67,-67.69,-26.4301,-44.2401,9.24771,1014.83
428432,3.04639,6.16451,2.53945,-59.15,33.88,-58.24,-26.9531,-46.8923,7.312,1014.83
428438,-1.50167,7.73792,3.37637,-33.67,55.02,-48.58,-26.5173,-45.3503,8.22814,1014.83
428444,-5.5428,7.99139,7.81922,-27.51,24.36,-42.63,-25.5875,-45.5662,8.24291,1014.78
428450,-2.37685,7.94835,4.00287,-13.09,8.96,-29.96,-25.355,-47.139,7.32678,1014.78
428456,-1.85557,10.0765,0.899091,-4.13,15.89,-22.75,-25.8199,-46.8306,7.22334,1014.84
428462,-1.36298,11.1334,0.483022,-10.57,0.98,-21.77,-25.5003,-45.2886,8.16903,1014.84
428468,0.0908656,10.2439,-0.143472,-2.1,9.17,-19.74,-25.8199,-46.9848,6.26287,1014.81
428474,-1.07126,9.79914,1.52559,0.35,3.99,-14.07,-25.4422,-46.8615,6.91304,1014.81
428480,-1.51602,9.86609,2.26686,3.71,-4.83,-13.02,-24.8901,-46.5222,7.48932,1014.81
428486,-0.439981,9.43568,1.97035,5.11,-6.44,-13.86,-24.3961,-44.9802,7.99171,1014.8
428492,-0.37781,9.7561,1.23864,9.66,-2.03,-12.46,-25.6165,-47.6016,7.99171,1014.8
428498,-0.35868,10.5308,1.01387,7.14,-5.39,-10.85,-24.9482,-45.9671,7.65186,1014.85
428504,-0.191296,10.0861,1.16212,11.34,-5.39,-15.47,-25.2097,-45.2578,7.8144,1014.85
428510,0.229555,10.4974,0.841702,10.01,-7.98,-15.12,-25.1516,-47.0773,6.66184,1014.8
428516,0.659971,10.4448,0.23912,6.58,-7.21,-12.74,-25.326,-46.7073,6.72094,1014.8
428522,0.37781,10.5356,-0.229555,3.5,-5.88,-14.63,-24.1928,-46.0288,8.92263,1014.83
428528,0.0382592,11.1286,-0.483022,-2.94,-5.95,-14.14,-24.2799,-46.8615,7.28245,1014.83
428534,0.0143472,10.6982,-0.0813008,-7.77,-6.79,-17.43,-24.1346,-47.6324,7.14946,1014.83
428540,0.416069,9.92826,0.492587,-8.12,-3.08,-18.34,-24.2218,-47.0465,7.84395,1014.82
428546,-0.176949,9.85653,0.927786,-9.03,-3.43,-16.66,-24.1346,-46.2755,7.88828,1014.82
428552,-0.176949,9.74175,0.942133,-9.66,-3.99,-15.47,-24.5414,-47.7558,6.94259,1014.81
428558,-0.296509,9.78001,0.779531,-8.75,-2.66,-15.82,-25.2679,-46.9231,6.85393,1014.81
428564,-0.286944,9.74653,0.688666,-11.06,-3.15,-15.61,-24.1056,-45.8746,9.26248,1014.78
428570,0.148254,9.78001,0.296509,-11.06,-0.63,-14.77,-24.8029,-48.2184,7.72574,1014.78
428576,-0.669536,9.89957,0.779531,-12.11,-3.78,-14.35,-23.6407,-47.8175,6.5584,1014.81
428582,-0.229555,9.99522,0.439981,-15.26,-4.41,-13.3,-23.9603,-45.7512,7.84395,1014.81
428588,-0.272597,9.84696,0.329986,-16.38,-3.64,-13.16,-23.6116,-47.5091,8.31679,1014.78
428594,-0.176949,9.76566,0.463893,-17.85,-2.31,-13.23,-23.5826,-48.0025,6.04123,1014.78
428600,-0.162602,9.89957,0.21999,-20.16,-2.31,-11.62,-23.4082,-46.9848,6.76527,1014.78
428606,0.0860832,9.95218,0.511717,-19.39,-0.98,-13.09,-23.7569,-46.7998,6.78005,1014.82
428612,-0.315638,10.1483,0.248685,-24.15,1.47,-11.9,-23.8731,-48.5885,6.78005,1014.82
428618,-0.124342,10,0.808226,-24.57,-0.63,-11.55,-23.5826,-47.7866,7.53365,1014.83
428624,0.176949,9.63175,0.693448,-27.58,2.31,-14.42,-23.4663,-46.8306,6.04123,1014.83
428630,0.23912,10.4782,0.191296,-24.22,3.5,-13.51,-23.0305,-48.5576,4.933,1014.81
428636,-0.401722,10.0574,1.06648,-27.37,1.26,-13.93,-22.8561,-48.2801,5.39107,1014.81
428642,-0.334768,9.31612,0.93735,-28.91,1.19,-16.31,-22.8561,-47.8175,7.07558,1014.79
428648,0.109995,9.99043,0.334768,-26.6,0.42,-13.93,-23.4373,-48.9277,5.77525,1014.79
428654,0.263032,10.5978,0.631277,-30.87,-3.78,-15.68,-23.1758,-48.1259,5.22853,1014.79
428660,-0.0526064,9.51698,1.0856,-26.11,-2.17,-16.52,-22.0716,-47.9717,6.45497,1014.79
428666,-1.23386,9.78957,1.96557,-23.8,-6.72,-14.84,-22.1297,-48.0025,6.64706,1014.79
428672,-0.143472,9.94261,1.05213,-25.34,-5.46,-15.05,-22.5365,-49.7295,4.23851,1014.8
428678,-0.664754,9.3209,1.65471,-22.96,-6.86,-15.68,-22.7399,-48.3418,5.34674,1014.8
428684,-0.401722,9.61741,1.24821,-20.16,-5.74,-13.58,-22.3912,-47.7866,5.55361,1014.83
428690,-0.81779,9.90435,1.27212,-21.14,-8.54,-15.05,-23.0014,-49.2978,3.97253,1014.83
428696,-1.16212,8.68962,1.74558,-24.43,-8.54,-16.38,-22.769,-49.637,5.56838,1014.81
428702,0.21999,9.35916,1.04256,-18.62,-6.72,-14.84,-22.7109,-48.8969,6.79483,1014.81
428708,-0.83692,8.39311,1.80775,-24.36,-10.36,-15.12,-23.292,-49.1744,4.41582,1014.81
428714,0.205643,9.18221,1.43472,-15.33,-8.26,-13.51,-22.6237,-49.637,3.95776,1014.83
428720,-0.0813008,9.63175,1.26255,-12.18,-7.84,-13.79,-22.1007,-48.0334,5.4945,1014.83
428726,-0.989957,9.78479,2.32903,-9.45,-4.55,-10.85,-22.1007,-49.0511,5.39107,1014.83
428732,-1.76471,9.73697,2.04208,-13.37,-9.1,-14.91,-21.8973,-50.7781,4.01686,1014.83
428738,0.162602,10.2774,0.93735,-21.77,-6.93,-17.08,-22.1878,-48.866,4.78523,1014.82
428744,0.47824,9.74175,1.31516,-16.17,-5.6,-19.25,-21.7229,-48.496,6.48452,1014.82
428750,0.0573888,9.5648,0.726925,-15.19,-5.95,-19.11,-21.6067,-50.223,4.56359,1014.8
428756,-0.435198,10.3587,1.68819,-14.77,-5.6,-18.76,-22.1297,-49.5445,4.38627,1014.8
428762,-0.827355,9.78001,1.79818,-15.61,-7.63,-19.74,-21.9844,-47.8483,6.70617,1014.82
428768,-0.210426,9.91392,1.82209,-15.47,-6.51,-20.51,-21.3742,-50.1613,4.26806,1014.82
428774,0.267814,10.3443,1.17169,-14.91,-5.39,-26.25,-21.1127,-49.9763,4.1203,1014.82
428780,0.406504,9.93783,0.923003,-12.39,-3.29,-27.16,-20.8222,-49.5445,4.88867,1014.83
428786,0.683883,10.6982,1.56384,-15.19,-0.91,-30.87,-21.4324,-49.0819,4.6818,1014.83
428792,0.69823,11.363,3.3429,-19.46,-8.33,-38.08,-21.3742,-50.9323,2.64266,1014.84
428798,3.14682,10.9469,2.58728,-5.18,2.31,-45.15,-20.212,-49.2669,3.80999,1014.84
428804,-0.0621712,10.6982,2.87422,17.22,2.66,-51.31,-19.9505,-49.9146,4.44538,1014.8
428810,-0.13869,11.4108,3.00813,-1.89,0.49,-52.78,-19.6599,-50.6856,3.677,1014.8
428816,0.291726,11.2769,2.95552,2.52,1.4,-59.57,-19.9795,-50.5931,3.88387,1014.81
428822,0.932568,11.9656,2.89335,3.99,3.99,-69.86,-20.3282,-49.452,4.90345,1014.81
428828,0.573888,10.966,3.24725,9.66,4.27,-73.92,-19.4856,-51.0557,3.63268,1014.81
428834,0.492587,10.2248,3.36681,12.95,7.07,-80.36,-19.3984,-51.3949,3.38148,1014.81
428840,0.999522,11.473,2.36251,14.7,9.94,-86.24,-18.6429,-50.1921,4.46015,1014.81
428846,0.329986,10.1578,3.67288,11.34,11.83,-94.92,-18.1199,-50.9631,4.29761,1014.83
428852,1.25777,10.7891,2.84553,24.36,15.61,-96.46,-18.0327,-51.3949,3.48491,1014.83
428858,0.157819,11.1239,3.55332,27.23,15.47,-101.15,-17.3935,-51.0557,4.53404,1014.83
428864,0.435198,10.923,2.74988,33.04,18.55,-107.45,-16.8995,-51.3332,6.5584,1014.83
428870,-0.315638,12.2429,2.50598,37.8,17.5,-113.96,-16.3474,-53.7387,3.8691,1014.81
428876,-0.0334768,12.6925,2.37207,40.46,17.36,-123.06,-15.4176,-52.6285,3.8691,1014.81
428882,-0.439981,13.1946,1.16212,39.2,14.28,-131.18,-15.4176,-51.179,5.36151,1014.83
428888,-0.554758,12.2812,-0.186514,38.64,10.01,-139.16,-14.3135,-52.1042,4.87389,1014.83
428894,0.349115,14.4285,1.3056,38.57,10.92,-147.07,-13.6742,-53.0294,5.37629,1014.83
428900,0.798661,15.1315,1.25299,35.49,6.86,-159.11,-13.2674,-52.2276,7.35633,1014.79
428906,1.4395,14.9689,0.540411,33.53,7.21,-173.39,-11.8436,-53.677,6.17422,1014.79
428912,0.71736,16.1645,0.45911,33.32,6.09,-186.97,-10.8848,-54.9723,4.72613,1014.83
428918,0.994739,17.2501,-0.645624,28.98,3.71,-200.76,-10.0712,-53.677,5.81958,1014.83
428924,0.506934,18.484,-2.05165,24.01,1.4,-220.43,-9.08324,-53.0294,6.8096,1014.82
428930,-0.282162,19.2779,-3.81157,11.2,-8.89,-238.84,-7.68851,-54.4789,6.14466,1014.82
428936,0.602582,18.3883,-3.36681,6.51,-15.54,-257.04,-6.72964,-54.5714,6.3072,1014.84
428942,1.82688,19.7226,-1.033,0.14,-18.48,-278.67,-5.36397,-53.2761,7.99171,1014.84
428948,2.92683,20.7843,1.70732,-4.9,-20.16,-299.46,-3.15565,-55.2807,5.87869,1014.84
428954,5.67193,19.5122,3.65854,-1.26,-5.88,-322.49,-2.13867,-55.5891,6.76527,1014.81
428960,5.27977,21.6691,4.54328,6.72,3.92,-347.76,-1.09262,-54.8798,8.83397,1014.81
428966,6.09278,20.0478,2.35772,9.31,10.99,-376.74,1.3772,-55.99,7.53365,1014.81
428972,1.36777,19.1439,2.12339,21.56,9.52,-402.08,4.45722,-56.6377,6.29243,1014.81
428978,0.832138,18.0823,0.215208,33.81,6.51,-423.78,6.22968,-55.1573,8.22814,1014.8
428984,-0.176949,24.3568,2.84553,37.59,-4.97,-443.73,8.37988,-54.0471,8.90785,1014.8
428990,4.09852,23.539,0.793878,28,-6.09,-457.03,11.5761,-55.4041,7.16424,1014.81
428996,-5.06456,24.0889,7.03013,51.45,7.56,-456.05,13.6101,-54.9723,8.8783,1014.81
429002,-1.10952,30.1004,1.59732,38.78,-20.51,-465.29,15.2954,-52.9369,9.24771,1014.81
429008,-0.918221,23.2712,2.14252,25.27,-4.62,-464.8,17.9686,-52.5051,9.07039,1014.81
429014,-4.86848,21.9799,4.0746,38.64,-8.33,-448.91,20.9905,-52.4434,9.57279,1014.81
429020,-3.19943,24.3568,1.47298,37.73,-24.85,-438.76,22.0947,-50.7781,9.98653,1014.81
429026,-1.21473,23.869,-1.92252,27.3,-27.86,-420.77,24.1868,-49.8837,9.97175,1014.81
429032,-0.157819,21.956,-4.33285,8.54,-31.5,-398.79,26.8019,-50.4697,10.1934,1014.79
429038,1.17169,17.5514,-1.46341,8.96,-43.75,-392.56,27.7607,-48.1259,10.0752,1014.79
429044,5.06456,9.1296,-0.655189,20.23,-84.84,-385.98,28.9811,-46.5222,10.6071,1014.75
429050,8.14443,4.21808,-6.08321,35.07,-82.18,-363.23,32.3517,-45.4737,9.1886,1014.75
429056,2.74988,-5.61454,-5.58106,38.36,-90.58,-338.38,33.3396,-44.3326,9.45458,1014.76
429062,-7.84792,1.8747,-8.967,50.19,-31.92,-227.85,33.8917,-43.1915,9.95698,1014.76
429068,-12.8886,11.7073,2.02774,25.76,-124.67,-116.83,36.2163,-42.1738,9.30681,1014.76
429074,5.15543,7.84792,-0.253467,36.75,-89.32,-41.44,36.3906,-42.0813,9.21815,1014.78
429080,5.28933,8.67527,0.932568,44.38,-54.25,31.57,35.6932,-41.557,9.82399,1014.78
429086,9.24916,9.31612,-0.875179,33.32,-46.83,82.74,35.8385,-42.914,8.22814,1014.76
429092,10.1578,8.71353,-1.61645,19.11,-15.75,114.24,35.8676,-43.5308,8.90785,1014.76
429098,8.8044,9.49306,-1.85079,0,2.45,132.72,34.9378,-43.099,9.83876,1014.77
429104,8.70875,8.23529,-1.3582,-14.7,18.76,140.91,32.9329,-43.5308,10.2673,1014.77
429110,7.86227,6.67145,-0.989957,-23.59,30.87,143.85,34.1532,-45.3811,8.73053,1014.76
429116,6.7671,4.88761,-0.83692,-29.26,39.41,147.14,33.1653,-44.826,9.36592,1014.76
429122,6.04495,2.38642,-0.47824,-25.69,47.53,150.5,32.3808,-44.826,9.61712,1014.76
429128,5.50933,1.78862,-0.846485,-24.78,50.47,154.7,32.0612,-46.3372,9.01129,1014.77
429134,4.40459,0.664754,-0.779531,-18.62,54.95,162.89,31.1023,-47.4474,8.33157,1014.77
429140,3.84027,0.803443,-1.17169,-14.77,55.72,173.6,29.8819,-46.2755,10.4594,1014.76
429146,2.92205,1.01865,-0.899091,-9.52,53.06,186.9,28.7777,-48.095,9.45458,1014.76
429152,2.88379,1.44428,-1.2769,-3.85,50.68,201.67,28.4291,-48.681,9.20338,1014.74
429158,1.99904,1.85557,-0.980392,0.91,45.22,217.98,26.6566,-48.9894,9.57279,1014.74
429164,1.7934,2.2812,-1.28647,4.41,39.06,235.69,25.9302,-49.9146,11.0652,1014.69
429170,1.34385,2.77857,-1.22908,6.93,31.5,254.45,26.4532,-50.994,10.3412,1014.69
429176,1.23864,3.50072,-1.50167,10.92,23.8,272.09,24.0996,-51.2099,9.55801,1014.69
429182,0.93735,3.25203,-1.4682,9.52,12.46,287.91,21.3973,-50.9631,12.3064,1014.71
429188,1.12865,3.099,-1.63558,17.01,1.47,299.67,21.6588,-52.2584,10.2821,1014.71
429194,0.526064,3.25203,-1.01865,19.18,-11.41,308.56,20.1479,-52.6593,9.89787,1014.73
429200,0.841702,3.27594,-0.71736,28.21,-21.84,315.7,17.2131,-52.3509,10.6958,1014.73
429206,0.784314,3.7781,-0.325203,35.14,-32.41,319.34,16.2833,-53.9238,10.0309,1014.72
429212,1.0043,3.95026,-0.071736,42.21,-41.3,321.65,14.7433,-54.9106,10.2673,1014.72
429218,1.24342,4.88283,0.143472,48.79,-48.51,322.91,13.058,-53.5228,11.2277,1014.74
429224,1.34864,5.37542,0.468675,53.34,-55.51,323.68,10.7625,-53.2761,11.804,1014.74
429230,1.5495,6.49928,0.363462,55.86,-58.17,326.34,9.89083,-55.4966,10.8583,1014.74
429236,1.11908,7.60402,0.664754,58.17,-62.23,331.52,8.00214,-54.9723,11.5381,1014.74
429242,0.593018,8.19225,0.73649,58.45,-66.57,338.87,6.0844,-54.2013,13.0009,1014.74
429248,0.363462,8.94787,0.607365,58.73,-68.53,349.23,5.24175,-55.3115,11.8188,1014.74
429254,-0.114778,9.39742,0.85605,59.15,-73.57,362.04,2.74287,-55.4041,10.7845,1014.74
429260,-0.492587,9.72262,0.822573,61.04,-78.19,375.48,1.84211,-53.6462,11.0357,1014.77
429266,-0.640842,9.99043,0.875179,64.82,-84.21,383.53,0.127761,-54.8181,11.4494,1014.77
429272,-0.196078,10.5691,0.621712,65.03,-89.11,389.13,-2.48735,-55.5583,10.7401,1014.78
429278,0.267814,11.8508,0.468675,65.66,-92.75,386.47,-4.89906,-54.1705,12.2621,1014.78
429284,-0.320421,14.5433,0.344333,64.47,-100.31,370.65,-6.09039,-52.8135,13.0452,1014.76
429290,0.291726,13.8833,0.593018,70.28,-93.66,352.03,-7.54323,-54.3555,12.1439,1014.76
429296,-2.38642,15.2702,2.42468,72.52,-104.23,331.1,-9.34475,-53.0602,14.2421,1014.76
429302,-2.04687,14.4907,3.2616,85.26,-101.43,312.06,-10.6232,-51.2099,14.8627,1014.76
429308,-2.66858,14.8159,4.21329,94.57,-103.74,298.13,-12.8316,-50.9323,14.9957,1014.76
429314,-2.17599,16.0689,3.97896,99.89,-98.98,292.46,-13.4999,-50.9323,16.1483,1014.76
429320,-1.32951,18.6992,5.05021,102.69,-85.75,288.75,-15.1852,-49.3286,16.5473,1014.76
429326,-0.683883,20.6217,5.09326,99.61,-67.2,289.24,-15.9406,-48.8969,17.2122,1014.78
429332,-1.05213,23.2903,5.35629,92.05,-48.86,294.98,-17.161,-48.8352,16.7393,1014.78
429338,-1.84122,24.8541,4.23242,76.16,-28.35,307.02,-18.7301,-47.3549,17.8919,1014.78
429344,-2.49163,25.4424,4.23721,62.72,-6.16,317.87,-20.6188,-45.8437,17.3895,1014.78
429350,-3.75418,26.1119,3.46724,55.86,13.79,329.28,-22.6237,-46.183,17.9215,1014.78
429356,-5.90148,24.0794,3.86418,50.96,33.18,338.17,-23.0886,-45.1344,18.7194,1014.79
429362,-8.94309,22.8838,3.1803,50.19,48.09,350.49,-25.0063,-42.9756,17.8771,1014.79
429368,-10.4639,21.8317,3.38594,57.96,53.83,361.2,-27.1275,-42.7598,17.9215,1014.8
429374,-11.3869,21.626,3.15638,64.82,62.86,364.84,-28.6675,-40.9711,18.4682,1014.8
429380,-11.956,21.9512,3.39072,70.35,69.65,359.52,-29.8007,-38.5039,18.8524,1014.78
429386,-12.0612,23.4051,2.91726,71.47,76.16,347.2,-31.2535,-37.6095,18.1136,1014.78
429392,-12.396,24.2468,2.77379,69.51,81.9,328.51,-33.2004,-37.2395,17.2713,1014.8
429398,-12.6686,26.4562,0.37781,57.4,88.62,304.5,-34.2173,-34.6797,18.2761,1014.8
429404,-13.7064,28.6609,-3.63462,26.32,92.68,276.43,-35.1472,-33.2611,17.9215,1014.77
429410,-17.2023,27.9292,-8.46963,-18.97,94.08,250.25,-36.6291,-32.7368,18.084,1014.77
429416,-20.2774,22.5442,-7.58489,-49.28,87.43,224.63,-37.2392,-31.3799,16.1631,1014.77
429422,-24.3568,13.1755,-5.05021,-46.13,73.36,195.16,-37.5298,-30.1463,17.5373,1014.8
429428,-27.8431,7.57532,-2.60641,-12.04,46.48,166.25,-39.157,-30.9481,16.4881,1014.8
429434,-29.8661,1.84601,-0.631277,35.49,24.85,134.75,-39.3313,-29.7146,14.715,1014.81
429440,-31.4634,-0.210426,1.31038,84.49,1.68,101.15,-39.4766,-28.5118,15.9266,1014.81
429446,-32.4103,-0.320421,2.27164,127.75,-11.97,65.52,-40.6679,-27.71,15.8232,1014.81
429452,-32.7116,0.760402,3.45289,165.62,-27.79,28.21,-40.5517,-28.4501,16.0744,1014.81
429458,-30.1435,6.4945,3.32377,186.48,-44.52,-12.74,-39.68,-27.0623,16.9167,1014.86
429464,-25.8967,9.66523,2.48207,186.27,-40.04,-54.11,-39.7091,-26.2913,18.2613,1014.86
429470,-21.1573,16.1645,0.985174,160.37,-34.72,-91.28,-40.174,-26.939,18.1283,1014.86
429476,-17.6997,18.7087,2.86466,263.9,-163.17,-133.14,-39.4185,-27.2165,19.2661,1014.81
429482,24.4285,99.627,-49.7322,-348.88,114.24,-243.39,-37.9366,-26.7848,21.187,1014.81
429488,-16.0545,-42.1616,31.9608,66.15,29.47,-214.83,-37.9076,-29.6837,18.9854,1014.8
429494,17.5036,11.296,-18.5605,50.47,58.8,-174.44,-37.9076,-30.8556,18.7933,1014.8
429500,4.21329,10.2869,-11.3725,63.35,19.95,-180.46,-35.9898,-30.2697,20.4926,1014.78
429506,6.37494,25.1124,-6.50885,-7.14,14.84,-171.29,-36.106,-31.5033,19.3991,1014.78
429512,16.901,13.9503,-9.79914,-97.02,81.41,-190.19,-36.7453,-32.7985,17.7737,1014.82
429518,12.7738,9.44524,-2.15208,-95.69,145.32,-217.49,-35.4087,-32.0584,17.5668,1014.82
429524,2.41033,6.00669,6.51363,-131.18,129.71,-233.66,-34.9728,-33.5695,17.1235,1014.82
429530,0.492587,5.13152,7.86705,-104.37,108.78,-231.77,-35.06,-35.6666,15.9266,1014.83
429536,-0.741272,5.55237,6.24103,-86.17,118.02,-227.99,-34.1592,-35.8517,15.439,1014.83
429542,-4.74892,8.1253,8.87135,-62.23,99.89,-226.45,-32.9679,-36.9927,13.8727,1014.82
429548,-9.02917,10.6887,10.44,-48.23,54.39,-216.37,-33.4909,-38.874,14.2126,1014.82
429554,-7.98183,13.5151,9.16308,-27.09,28.56,-205.94,-32.4739,-39.4291,13.1635,1014.82
429560,-8.48876,13.8355,7.07795,-35.91,-9.73,-185.43,-30.6143,-38.6889,13.5181,1014.82
429566,-5.92061,11.6738,6.60928,-36.61,-63.14,-170.8,-30.2366,-40.2926,11.5676,1014.82
429572,-0.114778,9.72262,3.05595,-15.12,-64.12,-169.05,-30.7015,-41.7421,12.0109,1014.82
429578,0.784314,11.1956,1.66906,-12.46,-53.97,-166.81,-28.435,-41.0636,14.05,1014.83
429584,2.14252,11.4299,-1.52559,-4.27,-36.26,-161.28,-27.7667,-41.8037,14.0205,1014.83
429590,3.49115,12.616,-3.67288,-16.24,-17.29,-169.54,-27.0984,-44.0859,12.8088,1014.83
429596,-4.19416,24.7872,-16.308,-50.82,100.52,-127.96,-26.1396,-43.7775,13.9762,1014.82
429602,-9.19656,18.3596,-11.1,-87.71,97.37,-85.75,-26.4011,-43.099,12.2473,1014.82
429608,-4.77762,13.4051,0.779531,-126.56,59.5,-75.67,-26.0524,-45.2886,11.7154,1014.84
429614,-0.229555,8.58441,0.83692,-119.63,63,-81.55,-26.4882,-44.9494,10.7401,1014.84
429620,-0.516499,8.94787,0.980392,-104.23,83.65,-74.48,-25.1226,-44.4868,11.1982,1014.8
429626,-4.49546,6.63319,5.2989,-77.91,59.43,-60.9,-25.6747,-45.9054,10.2082,1014.8
429632,-4.26112,9.02917,3.98852,-66.71,32.83,-46.06,-25.5875,-47.1698,8.58277,1014.8
429638,-2.73075,7.58967,3.59636,-47.81,20.09,-31.57,-25.2679,-45.4737,9.36592,1014.8
429644,-2.48207,8.5605,3.63462,-33.25,12.04,-27.72,-24.2509,-45.5662,9.09995,1014.8
429650,-0.980392,9.42133,1.53993,-26.46,8.4,-23.17,-24.9192,-46.7073,7.97694,1014.8
429656,-0.989957,9.2922,1.97513,-21.7,8.96,-16.87,-24.7448,-46.4605,7.34155,1014.8
429662,-1.06648,9.35437,1.85079,-17.29,5.32,-15.26,-24.1056,-45.8129,9.01129,1014.82
429668,-0.903874,9.41655,1.78862,-13.79,1.75,-14.42,-25.1807,-46.4297,7.47454,1014.82
429674,-0.349115,9.77523,1.68819,-7.84,0.91,-11.83,-24.7448,-47.7558,6.79483,1014.8
429680,-0.047824,10.2152,0.994739,-8.05,-0.63,-12.46,-24.3961,-45.9979,7.69619,1014.8
429686,0.549976,10.4017,0.196078,-4.9,-1.68,-14.35,-24.4252,-46.1213,8.34635,1014.84
429692,-0.272597,9.95218,0.712578,-8.4,0.35,-13.23,-24.1637,-48.0025,6.76527,1014.84
429698,-0.420851,9.67001,1.28168,-7.28,-0.14,-11.97,-23.6407,-45.7204,8.25769,1014.84
429704,-0.272597,9.28264,1.78862,-3.5,-0.28,-11.55,-24.2218,-46.1521,8.59755,1014.8
429710,-0.373027,9.50263,1.58297,-0.56,-0.49,-10.92,-24.9192,-48.095,7.74052,1014.8
429716,-0.325203,9.47394,1.31994,1.61,0,-9.45,-24.7158,-47.1082,7.26767,1014.84
429722,-0.645624,9.75131,1.1956,2.87,-1.26,-8.26,-24.2509,-45.8129,7.79962,1014.84
429728,-0.569106,9.92348,0.798661,3.64,-1.4,-6.72,-25.1516,-47.8792,6.67661,1014.84
429734,-0.334768,10.2678,0.315638,2.38,-1.05,-6.72,-23.8731,-48.6193,7.22334,1014.84
429740,-0.243902,10.4974,0.196078,-0.14,-1.68,-6.3,-24.6867,-46.4297,7.54842,1014.82
429746,-0.0286944,10.6121,-0.0047824,-3.92,-0.14,-6.79,-24.3961,-46.5531,8.3759,1014.82
429752,-0.344333,10.4495,0.286944,-7.07,-1.33,-7,-24.4833,-48.1876,7.09035,1014.83
429758,-0.253467,10.1722,0.454328,-9.87,-1.47,-6.79,-23.4082,-47.1698,7.88828,1014.83
429764,-0.296509,10.0526,0.765184,-10.71,-2.1,-6.79,-23.6697,-46.4605,7.72574,1014.83
429770,0.0526064,10.0239,0.908656,-12.04,-3.08,-7.49,-23.786,-48.7427,8.53844,1014.83
429776,-0.0765184,9.6461,1.11908,-10.64,-1.26,-8.05,-24.2218,-47.4166,7.47454,1014.83
429782,-0.291726,9.7274,1.20995,-10.99,-2.31,-7.28,-23.5826,-46.1213,8.16903,1014.79
429788,-0.071736,9.66045,1.29603,-10.22,-4.83,-8.4,-23.4954,-47.5399,7.0017,1014.79
429794,0.10043,9.37829,1.42037,-7.49,-2.73,-8.26,-23.6988,-47.91,7.35633,1014.81
429800,-0.129125,9.46915,1.39646,-5.46,-3.57,-9.31,-24.309,-47.6633,7.68141,1014.81
429806,-0.148254,9.39742,1.2769,-4.55,-3.15,-9.03,-24.1346,-47.7866,7.32678,1014.82
429812,-0.502152,9.35437,1.42037,-2.8,-3.15,-8.33,-23.3501,-48.5885,6.2481,1014.82
429818,-0.526064,9.36394,1.3869,-1.82,-3.43,-7.28,-23.3792,-46.4914,7.16424,1014.82
429824,-0.301291,9.63654,0.961262,-0.77,-3.29,-6.93,-23.0886,-46.5839,8.30202,1014.84
429830,-0.449546,9.68436,0.894309,-0.84,-2.8,-6.3,-22.6237,-48.8352,7.312,1014.84
429836,-0.93735,10.5643,1.0043,-0.98,-3.22,-6.93,-23.815,-48.0642,7.01647,1014.83
429842,-0.5978,9.69392,0.798661,0.98,-4.34,-0.7,-23.4373,-46.6456,7.40066,1014.83
429848,-0.229555,9.65567,0.679101,-4.34,-0.91,-4.55,-23.4082,-48.3418,6.12989,1014.83
429854,-0.521282,9.56002,1.06169,-1.4,-1.47,-6.23,-23.3501,-48.6502,6.35153,1014.83
429860,-0.545194,9.6461,0.903874,-3.01,-3.64,-2.1,-23.292,-46.6147,7.90306,1014.82
429866,-0.420851,9.61262,0.884744,-3.15,-2.31,-0.98,-23.7569,-48.0025,6.60273,1014.82
429872,-0.545194,9.63654,0.951698,-3.85,-2.24,-2.66,-23.6697,-48.496,6.79483,1014.82
429878,-0.430416,9.65088,1.07604,-4.62,-2.66,-2.24,-23.8441,-47.2624,7.40066,1014.85
429884,-0.229555,9.60784,0.989957,-4.27,-1.33,-0.07,-23.4373,-46.9231,6.29243,1014.85
429890,-0.35868,9.64132,1.08082,-4.62,-1.47,-1.12,-23.292,-48.0642,6.33676,1014.82
429896,-0.430416,9.78479,0.994739,-5.18,-1.68,0.21,-23.292,-47.2624,7.13468,1014.82
429902,-0.282162,9.9713,1.31038,-5.11,-0.84,0.14,-23.1177,-47.3549,7.54842,1014.85
429908,-0.133907,9.77523,1.12865,-4.76,-0.91,-1.61,-23.9894,-48.0334,6.26287,1014.85
429914,-0.33955,9.7561,1.23864,-4.13,-1.47,-0.91,-23.9022,-47.9717,6.82438,1014.84
429920,-0.234338,9.88522,0.980392,-4.06,-1.05,0.21,-24.0765,-47.0157,6.07078,1014.84
429926,-0.382592,9.76566,1.28168,-3.64,-2.1,-1.19,-23.4082,-47.7866,7.47454,1014.81
429932,-0.363462,9.71784,1.25777,-3.15,-1.68,-1.33,-23.815,-48.5576,5.76048,1014.81
429938,-0.420851,9.5935,1.31994,-2.73,-2.1,0.07,-23.6407,-46.954,6.36631,1014.81
429944,-0.392157,9.82783,1.033,-2.03,-1.19,-0.49,-23.2629,-47.3549,6.33676,1014.81
429950,-0.569106,9.89,1.02822,-3.78,-1.96,-0.77,-23.4663,-48.2801,6.86871,1014.81
429956,-0.37781,9.79914,1.06648,-3.78,-1.61,0.91,-23.4082,-46.7689,5.98212,1014.83
429962,-0.325203,9.92826,1.0043,-4.62,-1.4,1.19,-22.8852,-46.9231,7.43021,1014.83
429968,-0.234338,9.93304,0.985174,-5.53,-2.24,0.42,-23.4663,-48.2801,6.73572,1014.83
429974,-1.14778,9.46915,2.50598,-4.48,-10.01,-1.82,-22.5946,-48.095,5.65704,1014.83
429980,0.760402,10.1243,0.129125,-5.6,-2.24,-1.19,-23.2048,-46.9231,7.35633,1014.79
429986,-0.559541,9.93304,1.55906,-4.2,-5.18,-1.89,-22.8852,-47.7558,6.20377,1014.79
429992,0.0334768,9.54567,1.31516,-4.2,-3.78,-1.54,-23.6988,-48.2492,5.31719,1014.79
429998,-0.196078,10.0717,1.09995,-5.25,-1.61,-3.22,-23.4082,-47.324,6.79483,1014.86
430004,-0.196078,9.76088,1.62602,-3.99,-2.1,-3.71,-23.9312,-48.2801,6.39586,1014.86
430010,-0.248685,9.93304,1.24821,-3.71,-1.61,-4.06,-22.5365,-48.5268,5.37629,1014.82
430016,-0.315638,9.90913,1.40603,-4.69,-3.5,-5.32,-23.0595,-47.8175,5.86391,1014.82
430022,0.373027,10.11,0.49737,-4.06,-1.19,-5.25,-22.8561,-47.0773,6.78005,1014.82
430028,-0.363462,9.90913,1.40124,-4.13,-2.31,-5.46,-22.4493,-49.3595,5.27286,1014.82
430034,-0.549976,10.2582,1.4682,-3.15,-3.43,-4.69,-23.3211,-48.1567,5.65704,1014.8
430040,-0.334768,10.22,0.765184,-5.32,-0.98,-5.46,-22.8561,-47.139,7.45976,1014.8
430046,-0.645624,9.07699,1.88905,-3.43,-2.52,-5.32,-22.798,-47.5399,6.73572,1014.8
430052,-0.454328,10.0622,0.95648,-4.83,-1.19,-4.83,-23.2339,-49.2978,5.13987,1014.79
430058,-0.822573,9.44524,1.85079,-4.55,-2.52,-3.22,-22.6818,-47.7866,6.01168,1014.79
430064,-0.392157,10.1291,0.908656,-4.9,-1.33,-5.25,-23.5535,-47.8175,5.21375,1014.82
430070,-0.679101,10.2582,1.54472,-5.46,-3.85,-5.81,-22.6818,-48.5576,4.34194,1014.82
430076,-0.81779,9.57436,1.65471,-4.76,-3.57,-5.67,-23.5535,-48.6502,5.19897,1014.79
430082,-0.200861,10.067,0.659971,-11.9,-2.45,-6.72,-22.7399,-47.7558,6.2481,1014.79
430088,-0.33955,9.61262,1.20038,-11.55,-2.03,-6.93,-23.1467,-48.5576,4.26806,1014.8
430094,-0.0191296,9.81349,0.71736,-11.62,-2.31,-6.16,-22.5656,-48.7118,4.10552,1014.8
430100,-0.0765184,9.8087,0.97561,-12.46,-1.82,-7.42,-22.6818,-47.324,6.15944,1014.8
430106,-0.181731,9.86609,0.468675,-9.73,-1.96,-5.74,-23.1758,-48.095,4.28284,1014.8
430112,-0.583453,10.1769,1.39168,-13.58,-1.61,-6.72,-22.6818,-48.681,4.14985,1014.8
430118,-0.650406,9.78957,1.33429,-10.71,-2.66,-6.93,-22.6527,-47.3857,4.9921,1014.83
430124,-0.0669536,10.1674,0.683883,-14.49,-2.52,-7.56,-22.5075,-47.6941,5.30241,1014.83
430130,-0.133907,10.0096,0.769966,-16.03,-2.38,-9.17,-22.6527,-48.9277,4.41582,1014.86
430136,-0.746054,10.6169,1.75036,-14.7,-2.52,-7.63,-22.3331,-48.3418,4.04641,1014.86
430142,-0.526064,10.6982,1.85557,-18.76,-2.24,-9.94,-22.798,-48.2801,5.09554,1014.79
430148,-0.047824,10.2248,1.37255,-16.24,-2.31,-8.19,-22.1297,-49.6062,4.6818,1014.79
430154,-0.253467,10.7652,1.29125,-16.8,-2.24,-11.2,-21.752,-48.3726,4.01686,1014.83
430160,0.320421,11.5351,0.521282,-21.49,-0.63,-13.3,-22.5365,-48.4034,4.80001,1014.83
430166,0.0095648,12.3434,1.0043,-27.72,-2.94,-15.26,-22.0716,-48.8044,3.98731,1014.83
430172,0.234338,13.539,1.59254,-52.43,-11.06,-22.12,-22.5365,-49.4828,3.0564,1014.83
430178,0.545194,11.8604,1.61645,-40.32,-6.37,-23.87,-21.8101,-48.2492,4.28284,1014.83
430184,0.81779,11.4538,2.33381,-42.42,-5.46,-28.91,-21.6067,-48.0334,5.16942,1014.83
430190,1.68819,11.2817,3.40985,-30.8,-6.16,-35.98,-21.8392,-50.5005,3.79522,1014.83
430196,2.30512,9.62219,6.11191,-11.06,3.22,-45.57,-22.0716,-49.6679,3.78044,1014.82
430202,1.20516,11.8651,2.48685,-0.7,7.98,-57.26,-20.6188,-49.6062,3.18938,1014.82
430208,-1.55428,11.8269,2.59684,-0.91,1.68,-58.38,-21.229,-50.8089,2.8052,1014.82
430214,0.105213,11.1334,3.06552,-4.27,5.6,-64.82,-20.9675,-50.5622,3.17461,1014.82
430220,-0.215208,10.8656,4.33285,1.05,3.29,-65.03,-21.0256,-50.0688,3.14505,1014.82
430226,0.315638,10.8417,2.99856,5.53,10.15,-73.29,-20.3863,-49.9454,3.41103,1014.84
430232,0.023912,10.5691,3.09421,6.37,7.07,-77.42,-19.1659,-50.9631,3.677,1014.84
430238,0.779531,12.5012,1.86992,10.71,10.01,-87.71,-19.1659,-50.5622,4.47493,1014.82
430244,0.664754,13.0081,2.00383,9.1,5.88,-95.13,-18.0037,-50.408,4.00209,1014.82
430250,0.851267,12.4725,2.23338,9.94,7.35,-102.62,-18.0618,-51.7341,2.02205,1014.84
430256,0.243902,12.2716,2.40076,10.85,8.68,-109.9,-17.4225,-51.2715,2.89386,1014.84
430262,0.263032,12.2621,2.44381,13.44,7.21,-116.97,-16.7833,-51.8575,4.26806,1014.84
430268,0.392157,12.6399,2.08991,13.79,8.05,-122.92,-15.7663,-52.4743,3.32237,1014.84
430274,0.176949,12.6112,1.7934,14.98,9.17,-129.43,-15.3886,-53.2144,3.52924,1014.81
430280,-0.267814,12.7642,1.68819,13.65,6.44,-137.34,-14.8655,-51.2407,3.20416,1014.81
430286,-0.526064,11.9464,1.64036,13.79,2.59,-143.29,-14.1391,-52.5976,2.48012,1014.81
430292,-0.23912,12.0899,2.15686,16.24,4.48,-147.14,-13.035,-53.6462,3.41103,1014.8
430298,0.325203,12.6542,1.86992,18.76,7.84,-153.65,-12.7444,-53.0602,4.19418,1014.8
430304,0.545194,13.7016,1.42994,16.8,10.92,-160.72,-11.6983,-53.0911,4.60792,1014.8
430310,0.162602,14.6437,1.41559,13.23,12.46,-167.72,-11.1172,-55.5274,1.59353,1014.8
430316,0.746054,15.4328,0.760402,7,17.43,-175.42,-10.5942,-54.448,4.48971,1014.81
430322,0.454328,15.605,1.64036,-0.84,21.28,-183.33,-9.46097,-53.8312,4.65225,1014.81
430328,-0.535629,12.7929,2.67336,0.63,24.71,-189.84,-8.58927,-54.6947,4.23851,1014.8
430334,-1.32951,11.6356,3.03204,9.52,23.52,-193.41,-8.18248,-55.6816,3.42581,1014.8
430340,-2.26208,10.8656,1.97991,19.18,25.2,-195.79,-7.07832,-54.0163,3.72133,1014.8
430346,-3.75418,11.1334,2.5825,26.46,20.37,-192.99,-5.65454,-55.034,4.28284,1014.79
430352,-4.75371,10.2009,1.93209,34.58,17.01,-189.07,-4.2017,-56.761,3.98731,1014.79
430358,-5.69584,9.5935,2.80249,44.66,9.87,-180.32,-2.77792,-54.8181,4.1794,1014.8
430364,-4.6724,11.0856,-0.148254,48.93,4.48,-170.31,-2.66169,-54.3863,5.86391,1014.8
430370,-4.51459,10.6313,0.157819,37.59,-0.91,-163.03,-0.802056,-56.2676,4.78523,1014.81
430376,-3.70158,7.45098,0.33955,41.02,-1.19,-153.72,-0.540545,-55.3732,4.66702,1014.81
430382,-4.83501,6.50406,-0.157819,44.66,-1.96,-144.97,0.447385,-55.3115,5.76048,1014.81
430388,-6.0593,7.19751,0.0526064,44.03,-14.35,-132.3,1.46437,-56.3293,5.36151,1014.81
430394,-3.9407,5.00717,-0.779531,40.74,-35.35,-108.36,1.81305,-56.3909,4.85912,1014.8
430400,-1.76471,4.18938,-3.03682,39.97,-35,-72.94,2.30702,-55.1265,6.91304,1014.8
430406,-1.96557,7.08752,-1.59732,27.3,-59.92,-43.47,2.42325,-55.7125,5.06599,1014.8
430412,-0.416069,8.13008,-1.05691,16.1,-78.75,-24.85,1.5806,-57.2236,4.71135,1014.78
430418,-0.468675,7.66619,0.0143472,7.14,-91.14,-15.47,2.94627,-56.1134,6.66184,1014.78
430424,-1.956,7.54663,1.10952,6.86,-95.2,7.84,2.53947,-54.6331,7.14946,1014.81
430430,-0.325203,6.37016,0.679101,0.98,-115.85,30.94,3.78891,-55.99,5.61271,1014.81
430436,3.34768,3.07508,-0.884744,-3.71,-119.84,46.55,2.62664,-55.1882,7.16424,1014.79
430442,2.89335,3.24247,-0.588235,-9.87,-125.3,60.41,2.56853,-55.0957,6.29243,1014.79
430448,3.4242,3.12291,0.334768,-9.1,-129.15,68.6,2.74287,-56.3293,5.90824,1014.84
430454,3.1803,2.90292,0.511717,-5.74,-131.74,72.87,2.01645,-56.5451,6.15944,1014.84
430460,2.72597,2.066,0.253467,-2.17,-133.77,77.7,1.08663,-55.4657,6.92781,1014.84
430466,3.14682,1.64515,0.272597,1.19,-132.93,82.32,1.34815,-56.2984,6.02645,1014.81
430472,3.30464,1.59732,0.387374,5.39,-129.08,87.64,1.08663,-56.5143,5.39107,1014.81
430478,3.16117,1.8747,0.679101,8.75,-126,92.89,0.389272,-56.2059,6.26287,1014.83
430484,3.40029,2.0373,0.765184,12.81,-119.56,97.72,-0.0756367,-55.4349,6.89826,1014.83
430490,3.43855,2.64467,0.985174,14.49,-112.35,103.25,-0.540545,-57.2236,6.38109,1014.82
430496,3.6681,2.81683,1.01865,15.4,-103.46,109.41,-1.32508,-55.7741,6.61751,1014.82
430502,3.71114,3.33812,1.1956,16.94,-93.73,113.12,-1.38319,-55.3732,6.64706,1014.8
430508,3.62984,3.53419,1.30081,18.41,-81.97,116.97,-1.78999,-56.6068,5.71615,1014.8
430514,3.33333,4.02678,1.4682,20.58,-71.05,122.43,-2.57452,-56.2059,7.03125,1014.8
430520,3.1803,4.32807,1.51602,24.36,-59.99,128.03,-2.69075,-54.6331,7.77007,1014.8
430526,2.48685,5.14108,1.26255,26.74,-50.33,137.41,-3.21377,-55.9283,7.0608,1014.8
430532,2.12817,5.52367,1.30081,29.4,-42.07,148.54,-3.67868,-56.6068,6.83915,1014.8
430538,1.39646,6.26494,1.16691,31.92,-33.95,159.95,-5.30586,-54.6331,7.312,1014.8
430544,0.813008,6.62362,1.15256,33.88,-27.72,172.76,-6.38096,-54.7873,7.53365,1014.79
430550,0.21999,7.06839,1.21473,36.61,-22.47,185.99,-6.41001,-55.219,7.53365,1014.79
430556,-0.0573888,7.51315,1.14299,38.99,-17.57,196.21,-7.68851,-54.3555,8.15425,1014.78
430562,-0.626494,8.16834,1.40603,41.65,-13.44,204.05,-8.85078,-53.8004,8.21336,1014.78
430568,-0.932568,8.74223,1.46341,43.4,-9.17,207.41,-10.2455,-53.9854,8.08037,1014.81
430574,-1.28168,9.6461,1.74558,45.36,-4.69,207.06,-10.6232,-53.9546,7.79962,1014.81
430580,-1.58776,10.1435,1.95122,46.06,-1.12,203.42,-11.2915,-52.2892,8.05082,1014.81
430586,-1.99426,10.7317,2.1186,47.25,4.55,198.52,-13.587,-53.2761,9.04084,1014.78
430592,-2.54424,11.0378,2.36729,47.67,10.43,194.95,-13.6742,-52.7827,8.39068,1014.78
430598,-2.89335,11.473,2.41989,47.81,13.86,191.94,-14.7493,-51.4566,9.09995,1014.81
430604,-3.15638,11.9608,2.39598,48.58,18.41,189.91,-16.115,-51.0557,8.6271,1014.81
430610,-3.41463,12.439,2.35294,47.95,22.75,187.46,-16.6089,-52.0425,8.25769,1014.84
430616,-3.78288,13.252,2.19034,47.04,25.13,184.73,-18.0327,-50.5314,10.0013,1014.84
430622,-4.68675,13.2759,2.29077,47.81,22.54,177.38,-19.2531,-49.452,9.04084,1014.82
430628,-4.82066,15.4232,0.726925,45.22,29.61,180.6,-20.0376,-50.7164,8.73053,1014.82
430634,-5.49976,15.3419,1.04256,34.44,29.4,166.95,-20.4444,-49.4828,9.54324,1014.82
430640,-6.13582,15.4137,1.09039,33.67,28.63,154.77,-21.4905,-46.8615,11.1243,1014.78
430646,-6.24103,15.6815,0.602582,28.14,26.95,150.85,-22.1297,-48.7735,9.26248,1014.78
430652,-6.65232,15.2941,1.0043,24.29,23.24,135.87,-23.0595,-48.4651,8.92263,1014.83
430658,-6.47059,15.5906,-0.25825,18.97,21.07,126.91,-24.1928,-47.3857,9.1886,1014.83
430664,-5.6241,19.5313,1.1956,52.92,20.3,99.75,-24.1637,-46.3063,11.08,1014.84
430670,-14.5002,29.034,-0.913438,33.95,-23.45,40.67,-24.7158,-47.6941,9.49891,1014.84
430676,0.803443,29.2013,13.5438,0.07,-31.99,-16.94,-24.1637,-45.7512,12.2769,1014.82
430682,-2.1999,11.6547,-0.33955,10.01,149.45,-45.5,-24.1346,-45.5662,10.6958,1014.82
430688,-32.4199,24.3233,3.17073,-17.29,148.61,-81.83,-24.309,-46.8306,9.45458,1014.82
430694,-27.054,16.9345,7.21664,-118.44,72.45,-73.71,-24.2509,-47.91,9.60234,1014.82
430700,-19.8948,9.53132,1.92731,-96.53,116.62,-55.09,-24.2218,-46.4297,8.44978,1014.82
430706,-29.077,10.0909,6.45624,-104.93,9.03,-21.35,-23.9022,-47.8792,7.8144,1014.8
430712,-10.7843,5.31325,10.0717,-60.9,-59.08,18.41,-22.9433,-48.866,6.66184,1014.8
430718,-5.51411,2.70206,9.48828,-8.26,-60.83,33.18,-23.8441,-47.5091,8.33157,1014.82
430724,1.71688,6.70014,4.86848,0.14,-81.9,23.8,-23.1758,-46.9848,7.32678,1014.82
430730,8.85222,8.43615,1.15256,6.09,-51.94,12.81,-23.7569,-48.7118,7.93261,1014.8
430736,9.62219,9.04352,1.48254,5.81,-25.06,3.36,-23.8731,-46.954,7.99171,1014.8
430742,6.93448,8.6944,3.31899,23.1,-4.41,-4.76,-23.1758,-47.139,10.1786,1014.83
430748,4.02678,9.54567,1.77905,30.66,11.27,-9.59,-23.9022,-48.1876,8.0656,1014.83
430754,0.588235,11.1191,0.712578,24.78,1.26,-17.78,-23.9603,-47.7866,8.95218,1014.83
430760,0.363462,9.01004,2.21425,21.49,-2.1,-18.76,-23.7569,-46.2755,9.26248,1014.82
430766,-1.60689,7.91009,4.8637,39.69,-12.11,-19.6,-23.9894,-47.7866,8.71576,1014.82
430772,-2.18077,10.1769,1.92252,43.68,-15.75,-11.2,-23.6988,-47.5399,8.99651,1014.83
430778,-0.683883,10.2056,0.483022,37.59,-16.03,-3.92,-23.9022,-47.2315,8.49411,1014.83
430784,-0.11956,10.6121,-0.105213,34.02,-13.72,-2.45,-23.7278,-47.725,10.1343,1014.8
430790,0.253467,10.8608,-0.722142,23.87,-7.77,0.21,-24.1928,-48.681,8.44978,1014.8
430796,-0.129125,10.7987,-0.282162,17.36,-6.44,0.42,-23.3501,-47.91,9.691,1014.83
430802,0.0143472,10.6121,0.186514,12.04,-9.87,0.35,-23.4663,-46.7998,9.54324,1014.83
430808,0.540411,10.5595,0.0334768,7.07,-9.31,0.63,-23.4373,-48.095,8.83397,1014.83
430814,0.669536,10.5643,0.0860832,2.59,-8.33,-0.7,-23.7278,-48.6502,8.65665,1014.83
430820,0.712578,10.5643,-0.0334768,-2.31,-6.72,-2.59,-22.4493,-46.3063,11.3607,1014.83
430826,0.449546,10.3539,0.296509,-7.07,-4.76,-2.59,-23.9022,-47.2007,9.9422,1014.84
430832,0.387374,10.0861,0.722142,-9.17,-5.6,-2.8,-23.2629,-48.7118,8.78964,1014.84
430838,0.282162,9.78957,1.10473,-9.73,-5.11,-3.5,-24.0765,-47.0465,11.3607,1014.81
430844,0.229555,9.79914,1.24342,-10.64,-5.95,-3.5,-23.1758,-47.5399,10.0604,1014.81
430850,0.272597,9.50741,1.53993,-8.68,-6.72,-2.66,-24.0475,-48.2184,8.10993,1014.82
430856,0.243902,9.54567,1.25299,-8.82,-6.16,-2.66,-23.4082,-48.0334,8.81919,1014.82
430862,0.162602,9.60784,1.45385,-9.17,-4.83,-1.96,-23.4663,-46.5222,10.7106,1014.82
430868,0.191296,9.45959,1.56863,-7.91,-4.62,-1.68,-23.6407,-48.1259,8.9374,1014.8
430874,0.200861,9.26829,1.84601,-6.93,-4.27,-0.63,-23.9312,-47.2932,9.95698,1014.8
430880,-0.0621712,9.57436,1.956,-4.69,-5.46,-1.26,-22.798,-46.954,10.0456,1014.81
430886,0.224773,9.54089,1.5495,-4.69,-4.9,0.77,-23.6116,-47.6633,9.88309,1014.81
430892,0.291726,9.27307,2.08513,-2.1,-4.69,0.63,-24.0184,-48.6193,10.4594,1014.8
430898,0.071736,9.32568,2.02774,-0.07,-4.9,0.07,-23.0886,-46.9231,9.48413,1014.8
430904,0.301291,9.35916,1.89861,1.47,-5.6,1.54,-23.4373,-47.1698,9.79444,1014.82
430910,0.329986,9.34959,1.94165,4.13,-4.9,1.54,-24.4252,-48.4343,9.21815,1014.82
430916,0.263032,9.70349,1.69297,4.97,-4.97,1.82,-23.9022,-47.2932,9.17383,1014.79
430922,0.454328,9.69392,1.59254,5.39,-5.11,1.89,-22.5365,-47.0465,9.49891,1014.79
430928,0.526064,9.74175,1.44907,5.67,-4.62,0.21,-22.9724,-48.7735,8.98173,1014.79
430934,0.573888,9.7274,1.40124,6.3,-3.78,-0.98,-23.3792,-47.9408,9.23293,1014.82
430940,0.296509,9.89,1.3869,5.67,-3.29,-0.21,-23.2629,-46.3372,10.1786,1014.82
430946,0.334768,9.79914,1.33429,5.53,-2.87,-0.07,-22.6527,-47.324,8.71576,1014.81
430952,0.196078,9.8087,1.41081,5.53,-3.99,-0.98,-23.5535,-47.91,8.27247,1014.81
430958,0.21999,9.88044,1.28647,4.48,-4.55,0.14,-23.0886,-46.5531,11.3016,1014.8
430964,0.282162,9.76566,1.35342,4.27,-4.76,0.63,-22.8561,-47.2624,10.4889,1014.8
430970,0.411286,9.89957,1.20038,3.5,-3.99,-0.63,-23.0305,-47.4782,10.4741,1014.84
430976,0.439981,9.91392,1.10473,2.45,-3.64,-0.98,-23.5535,-46.8615,9.80921,1014.84
430982,0.37781,9.96652,1.21473,2.1,-3.78,-0.84,-23.6988,-47.3857,9.52846,1014.84
430988,0.349115,9.8087,1.30081,1.61,-3.29,-1.26,-22.7109,-47.6324,8.59755,1014.83
430994,0.33955,9.85653,1.26734,1.68,-3.08,-1.19,-23.6697,-47.8792,9.33637,1014.83
431000,0.277379,9.78957,1.34385,0.84,-2.52,-0.77,-22.6818,-47.0465,10.1638,1014.79
431006,0.13869,9.72262,1.47298,1.19,-3.08,-0.21,-23.3501,-47.8792,9.07039,1014.79
431012,0.200861,9.69392,1.42516,1.26,-3.36,0.35,-23.8441,-48.0025,8.50889,1014.85
431018,0.243902,9.77044,1.45385,1.61,-3.43,0.28,-23.3792,-46.7381,9.02606,1014.85
431024,0.267814,9.71784,1.41559,1.47,-3.43,0.21,-22.9433,-46.7073,8.76009,1014.81
431030,0.272597,9.69392,1.38211,1.4,-3.01,0.21,-23.786,-48.0025,7.88828,1014.81
431036,0.334768,9.7274,1.40603,2.1,-3.29,0.28,-23.5244,-47.5399,9.11472,1014.81
431042,0.296509,9.68914,1.41081,1.47,-3.29,0.7,-23.5535,-45.9363,9.83876,1014.82
431048,0.349115,9.75131,1.36777,1.89,-3.64,-0.21,-23.9894,-48.4034,10.0013,1014.82
431054,0.33955,9.76566,1.35342,1.61,-2.87,0.21,-23.3211,-48.3418,10.3412,1014.83
431060,0.353898,9.73697,1.35342,1.68,-3.08,0.07,-23.7278,-47.5091,9.88309,1014.83
431066,0.430416,9.79914,1.33429,1.33,-2.24,-0.35,-23.3211,-47.7866,9.09995,1014.81
431072,0.373027,9.84696,1.2769,1.05,-2.52,-0.77,-23.786,-48.8352,9.95698,1014.81
431078,0.373027,9.83261,1.29603,0.7,-2.31,-1.12,-23.4663,-47.725,10.4446,1014.8
431084,0.325203,9.78957,1.38211,0.7,-1.96,-1.26,-23.7569,-47.2007,10.3855,1014.8
431090,0.234338,9.71784,1.3869,0.35,-2.17,-0.98,-23.8441,-48.8969,8.68621,1014.79
431096,0.25825,9.66523,1.42037,0.21,-2.38,-0.77,-23.9312,-46.954,9.60234,1014.79
431102,0.25825,9.64132,1.50646,1.12,-2.52,-0.35,-23.6697,-47.6016,10.1638,1014.79
431108,0.176949,9.66523,1.53037,1.61,-2.73,0.07,-23.9894,-48.5576,9.73533,1014.8
431114,0.291726,9.63654,1.42994,1.68,-2.31,-0.14,-24.0475,-48.4651,10.5037,1014.8
431120,0.25825,9.6461,1.53993,2.24,-2.66,0.7,-23.786,-46.954,10.5333,1014.81
431126,0.291726,9.70349,1.42994,2.52,-2.8,0.21,-23.4663,-48.2801,10.4741,1014.81
431132,0.301291,9.77523,1.41559,2.45,-2.73,0.77,-24.0475,-49.3595,7.90306,1014.84
431138,0.329986,9.74653,1.44907,2.45,-2.52,0.21,-23.9894,-46.2138,10.3116,1014.84
431144,0.392157,9.79914,1.40124,2.52,-2.94,0.35,-23.1758,-47.7866,10.2673,1014.83
431150,0.425634,9.79436,1.3582,2.45,-2.59,-0.56,-24.5124,-48.8044,9.11472,1014.83
431156,0.521282,9.85174,1.30081,2.31,-2.1,-0.91,-23.9312,-47.2624,8.43501,1014.83
431162,0.454328,9.85653,1.3056,1.82,-1.82,-0.63,-23.6407,-47.6016,8.78964,1014.82
431168,0.454328,9.84218,1.24821,1.26,-1.05,-1.47,-23.6116,-48.0642,10.3116,1014.82
431174,0.301291,9.85653,1.37255,0.56,-1.05,-1.89,-23.786,-48.5268,9.82399,1014.86
431180,0.320421,9.80392,1.42516,0.7,-1.05,-1.82,-23.786,-47.2932,10.7253,1014.86
431186,0.315638,9.78479,1.38211,0.84,-1.19,-1.75,-23.8441,-47.6941,9.82399,1014.84
431192,0.306074,9.69392,1.47776,1.61,-1.82,-2.52,-23.1177,-48.2801,8.52366,1014.84
431198,0.23912,9.78001,1.41081,1.61,-1.54,-1.96,-23.6407,-47.2315,10.0309,1014.81
431204,0.267814,9.74653,1.42516,1.26,-1.82,-1.89,-23.4373,-47.725,11.2869,1014.81
431210,0.25825,9.77523,1.40124,0.84,-1.54,-1.54,-24.3671,-48.681,9.67622,1014.81
431216,0.191296,9.75131,1.4682,0.84,-2.45,-1.33,-23.6988,-47.0157,9.72055,1014.82
431222,0.215208,9.7274,1.45863,1.12,-2.52,-1.68,-23.6697,-47.1698,10.1195,1014.82
431228,0.253467,9.67958,1.48254,1.54,-2.52,-1.26,-23.4663,-47.8483,8.44978,1014.79
431234,0.210426,9.78001,1.39646,1.47,-3.78,-1.12,-24.2218,-47.6324,8.77486,1014.79
431240,0.277379,9.66045,1.47298,1.61,-3.71,-1.26,-23.1177,-46.8615,10.7697,1014.8
431246,0.196078,9.77523,1.39168,1.54,-3.64,-0.56,-23.8731,-48.0642,8.98173,1014.8
431252,0.25825,9.65567,1.45863,1.61,-3.64,-0.28,-24.2218,-48.1567,8.16903,1014.83
431258,0.25825,9.73218,1.45385,1.96,-3.43,-0.14,-23.7278,-46.4297,10.814,1014.83
431264,0.272597,9.7561,1.41559,1.82,-4.27,0,-23.4373,-47.6941,10.9618,1014.81
431270,0.353898,9.73697,1.39646,1.54,-3.01,-0.7,-24.1637,-48.6193,8.84875,1014.81
431276,0.153037,9.66045,1.56384,2.17,-3.85,-0.42,-23.3792,-47.8792,8.76009,1014.81
431282,0.272597,9.69392,1.41081,1.61,-3.36,0.14,-23.2339,-46.6147,10.1343,1014.81
431288,0.25825,9.65567,1.5208,2.1,-3.64,-0.42,-24.1928,-48.1876,9.48413,1014.81
431294,0.277379,9.73697,1.40124,2.1,-3.92,-0.42,-24.338,-48.095,9.39547,1014.85
431300,0.329986,9.68914,1.44428,2.24,-3.78,-0.35,-23.2048,-46.7689,11.4642,1014.85
431306,0.296509,9.75131,1.37255,1.61,-3.5,-0.14,-23.786,-47.8175,9.36592,1014.81
431312,0.301291,9.74175,1.41081,1.96,-3.78,-0.63,-24.1346,-48.4651,8.39068,1014.81
431318,0.263032,9.7561,1.40603,2.52,-3.78,-0.28,-23.9312,-47.5399,10.6515,1014.81
431324,0.310856,9.77044,1.37733,1.89,-3.29,0.07,-23.4663,-47.3549,10.2525,1014.81
431330,0.310856,9.79914,1.36298,1.96,-3.29,-0.84,-23.7569,-48.4034,10.2377,1014.81
431336,0.267814,9.76566,1.39646,1.61,-4.13,-0.63,-23.9894,-47.5708,9.51368,1014.83
431342,0.253467,9.7561,1.42994,1.61,-3.57,-0.77,-23.4954,-47.1082,9.51368,1014.83
431348,0.267814,9.70827,1.4682,2.1,-3.5,-0.49,-23.4954,-48.0025,9.35114,1014.82
431354,0.253467,9.74175,1.42994,1.33,-3.71,-0.21,-23.6116,-47.9408,9.82399,1014.82
431360,0.301291,9.77044,1.42516,1.75,-3.71,-0.35,-23.7278,-47.2007,10.6071,1014.82
431366,0.277379,9.79914,1.40124,1.75,-3.85,-0.84,-23.786,-47.9408,10.2673,1014.82
431372,0.291726,9.74175,1.40124,1.4,-3.57,-0.77,-23.5244,-48.4651,9.23293,1014.82
431378,0.253467,9.74653,1.44907,1.68,-3.71,-0.42,-23.7569,-47.3549,9.11472,1014.82
431384,0.25825,9.70827,1.43472,1.96,-3.85,-0.63,-23.6116,-47.0465,10.6367,1014.82
431390,0.23912,9.69392,1.47298,2.1,-3.57,0,-24.1056,-48.7427,8.9374,1014.86
431396,0.263032,9.71784,1.41081,1.96,-3.29,0.07,-23.1467,-46.8615,10.4594,1014.86
431402,0.263032,9.69871,1.44907,1.75,-3.15,-0.14,-23.9603,-46.3063,9.63189,1014.83
431408,0.253467,9.7561,1.42037,1.89,-3.5,-0.14,-24.4252,-47.8483,9.55801,1014.83
431414,0.272597,9.78001,1.36777,1.47,-3.22,-0.14,-23.6116,-47.8175,9.58757,1014.83
431420,0.243902,9.73218,1.41559,2.03,-3.5,-0.21,-22.9724,-46.3372,9.46935,1014.83
431426,0.263032,9.76088,1.42994,1.82,-2.8,-0.28,-23.815,-47.9408,9.1295,1014.82
431432,0.329986,9.78001,1.40124,1.75,-3.5,-0.14,-23.6116,-48.5268,9.51368,1014.82
431438,0.286944,9.7561,1.41081,1.75,-3.57,-0.14,-24.1056,-46.5839,8.24291,1014.84
431444,0.263032,9.78479,1.42994,1.96,-3.22,-0.42,-23.0886,-47.324,9.21815,1014.84
431450,0.234338,9.73218,1.44428,1.19,-2.8,-0.28,-23.9022,-48.4343,9.48413,1014.84
431456,0.25825,9.72262,1.45863,1.89,-2.8,-0.21,-23.5826,-47.0465,9.05562,1014.83
431462,0.310856,9.7274,1.44428,2.03,-2.94,-0.28,-24.4833,-46.4914,10.814,1014.83
431468,0.301291,9.78001,1.40603,1.89,-3.01,-0.7,-23.4082,-47.91,8.31679,1014.86
431474,0.329986,9.75131,1.39646,2.31,-3.22,-0.98,-23.3792,-48.3726,8.74531,1014.86
431480,0.286944,9.7561,1.41559,1.4,-2.73,-0.84,-23.7278,-46.5222,9.58757,1014.83
431486,0.248685,9.72262,1.45385,1.68,-2.31,-0.49,-23.0305,-47.91,9.32159,1014.83
431492,0.253467,9.76088,1.42994,1.4,-2.8,0,-23.6407,-48.2184,9.45458,1014.84
431498,0.282162,9.73697,1.42037,1.54,-2.59,-0.56,-24.0765,-47.0773,9.80921,1014.84
431504,0.25825,9.7274,1.41081,1.68,-3.22,-0.56,-23.7569,-47.725,9.30681,1014.84
431510,0.243902,9.72262,1.42037,1.54,-2.94,-0.63,-23.9312,-49.0511,8.8783,1014.86
431516,0.215208,9.74653,1.4395,1.47,-2.38,-0.49,-23.8441,-47.2007,9.58757,1014.86
431522,0.234338,9.76088,1.40603,1.54,-2.87,-0.49,-24.309,-47.2932,8.67143,1014.82
431528,0.243902,9.70349,1.40603,1.68,-3.5,-0.14,-23.4954,-48.4651,10.1934,1014.82
431534,0.253467,9.69392,1.4395,2.1,-3.22,-0.28,-23.9312,-48.095,9.3807,1014.83
431540,0.248685,9.73218,1.44907,1.54,-3.43,-0.21,-23.5535,-47.7866,9.79444,1014.83
431546,0.282162,9.74653,1.39646,1.75,-2.94,-0.14,-23.786,-48.3726,10.4003,1014.81
431552,0.263032,9.74653,1.42516,1.75,-3.01,0.21,-24.2218,-48.3418,9.64667,1014.81
431558,0.263032,9.7274,1.41559,1.68,-2.66,-0.07,-24.1637,-47.3549,11.8188,1014.81
431564,0.215208,9.73697,1.39646,2.52,-3.15,-0.21,-23.8441,-47.8483,8.58277,1014.81
431570,0.23912,9.68436,1.46341,2.17,-3.36,0.35,-23.8731,-48.7735,9.1886,1014.81
431576,0.248685,9.71784,1.42994,2.1,-3.57,-0.35,-23.7569,-47.6016,8.64188,1014.85
431582,0.320421,9.7561,1.44907,2.31,-3.78,-0.49,-23.5535,-47.0773,10.681,1014.85
431588,0.396939,9.80392,1.31994,1.82,-3.15,-0.7,-23.4954,-48.2801,9.41025,1014.83
431594,0.325203,9.76566,1.39646,1.89,-3.64,-0.63,-23.5244,-48.0642,9.15905,1014.83
431600,0.296509,9.79436,1.34385,1.61,-2.87,-0.91,-23.9312,-46.6456,9.58757,1014.84
431606,0.21999,9.73697,1.44428,1.54,-3.08,-0.49,-23.2629,-47.9717,10.1491,1014.84
431612,0.215208,9.72262,1.43472,2.03,-3.71,-0.7,-24.2509,-47.6941,9.89787,1014.83
431618,0.215208,9.76566,1.43472,1.4,-3.5,-0.7,-23.4663,-47.3857,11.804,1014.83
431624,0.282162,9.71784,1.44428,1.82,-3.29,-0.28,-23.786,-48.1567,9.80921,1014.83
431630,0.243902,9.74653,1.42516,2.38,-3.64,-0.63,-24.2509,-48.1259,8.90785,1014.85
431636,0.224773,9.7274,1.42994,2.17,-3.36,-0.49,-23.6697,-46.8306,9.691,1014.85
431642,0.224773,9.68914,1.44428,2.66,-3.29,-0.28,-23.8441,-47.3549,9.70578,1014.83
431648,0.21999,9.73218,1.45863,1.82,-3.01,0,-24.0765,-47.7866,9.86832,1014.83
431654,0.23912,9.72262,1.45385,2.73,-3.29,0.28,-23.786,-47.3857,9.92742,1014.84
431660,0.25825,9.74653,1.42516,2.31,-3.99,0.14,-23.3211,-46.8923,9.51368,1014.84
431666,0.25825,9.74175,1.39646,2.52,-3.78,0.07,-23.3211,-48.095,10.4446,1014.79
431672,0.272597,9.74175,1.42037,2.31,-3.85,0.21,-24.0184,-48.6193,9.73533,1014.79
431678,0.267814,9.7561,1.40603,2.45,-3.22,0.21,-23.1177,-47.1698,11.0504,1014.79
431684,0.277379,9.70827,1.41559,2.52,-3.43,0.07,-23.5535,-47.9408,10.2673,1014.81
431690,0.291726,9.75131,1.39646,2.31,-3.57,0,-24.5414,-48.2801,9.39547,1014.81
431696,0.315638,9.78001,1.32951,2.17,-3.78,-0.21,-23.9022,-47.5708,8.67143,1014.82
431702,0.349115,9.76088,1.38211,1.96,-3.57,-0.42,-22.769,-47.8175,10.1047,1014.82
431708,0.310856,9.76566,1.41559,2.03,-3.29,-0.49,-24.1928,-48.8044,9.88309,1014.81
431714,0.263032,9.73218,1.4395,1.75,-3.29,-0.42,-23.2629,-48.0025,10.0604,1014.81
431720,0.21999,9.71305,1.42994,1.75,-3.43,-0.07,-23.9312,-46.7381,9.07039,1014.81
431726,0.229555,9.69392,1.47776,2.1,-3.29,-0.28,-23.6697,-47.6016,9.45458,1014.81
431732,0.234338,9.75131,1.41081,2.45,-3.57,-0.49,-23.5535,-48.6193,9.35114,1014.81
431738,0.267814,9.74175,1.42516,2.24,-3.64,-0.56,-23.1467,-47.3549,11.3016,1014.81
431744,0.272597,9.73218,1.42516,1.68,-3.78,-0.14,-24.7448,-47.5708,9.73533,1014.81
431750,0.234338,9.76088,1.45863,1.82,-3.36,-0.77,-23.8441,-48.3418,8.86352,1014.81
431756,0.23912,9.68914,1.4395,2.31,-3.5,0,-23.6988,-47.324,9.9422,1014.81
431762,0.23912,9.71784,1.41081,2.03,-3.43,0.28,-23.6697,-47.0773,9.36592,1014.85
431768,0.263032,9.73697,1.38211,2.17,-3.36,-0.35,-24.1637,-48.7118,9.17383,1014.85
431774,0.282162,9.74175,1.42516,1.89,-3.43,-0.21,-24.2509,-48.0025,9.42502,1014.83
431780,0.306074,9.77523,1.41081,2.1,-3.22,0.07,-23.4954,-46.6764,9.39547,1014.83
431786,0.329986,9.79436,1.37255,1.68,-3.15,-0.35,-23.4954,-48.3109,9.52846,1014.83
431792,0.291726,9.77523,1.40603,1.75,-2.66,-0.56,-24.2799,-48.3418,10.3559,1014.83
431798,0.306074,9.82783,1.36777,1.68,-2.87,-0.49,-24.1056,-46.5531,10.0161,1014.83
431804,0.306074,9.77044,1.41081,1.96,-2.94,-0.84,-24.2509,-47.2624,10.3855,1014.83
431810,0.320421,9.78957,1.37255,1.54,-3.22,-0.77,-23.4954,-48.3726,8.81919,1014.83
431816,0.286944,9.73697,1.40603,1.61,-2.59,-0.63,-24.2799,-47.3857,9.60234,1014.87
431822,0.23912,9.7274,1.50167,1.47,-2.66,-1.12,-22.8561,-47.0773,9.49891,1014.87
431828,0.215208,9.73218,1.42037,2.1,-3.01,-0.91,-24.3961,-48.0025,9.46935,1014.85
431834,0.181731,9.68914,1.4395,1.75,-3.01,-0.21,-24.1637,-47.4474,9.89787,1014.85
431840,0.243902,9.74175,1.44907,1.96,-2.87,-0.56,-23.6116,-46.8615,9.61712,1014.83
431846,0.215208,9.71305,1.42037,1.89,-2.87,-0.49,-24.3671,-48.3726,8.77486,1014.83
431852,0.243902,9.72262,1.45385,2.1,-2.73,-0.35,-23.9603,-47.6633,10.0604,1014.83
431858,0.234338,9.74175,1.41559,1.68,-2.73,0.21,-23.1467,-46.1521,9.61712,1014.82
431864,0.23912,9.75131,1.41559,1.96,-3.29,-0.07,-23.5826,-47.2624,10.0013,1014.82
431870,0.243902,9.75131,1.42994,2.03,-3.43,-0.91,-23.3501,-47.9717,9.20338,1014.82
431876,0.25825,9.72262,1.41081,1.75,-3.43,-0.35,-23.4082,-47.4166,10.7845,1014.82
431882,0.23912,9.73218,1.43472,1.68,-3.08,-0.63,-23.0595,-46.9231,10.814,1014.83
431888,0.248685,9.73697,1.42994,1.82,-2.94,0.21,-23.8731,-47.5399,9.39547,1014.83
431894,0.253467,9.71305,1.44428,1.96,-3.15,0.21,-23.7569,-48.3726,10.2377,1014.78
431900,0.248685,9.70827,1.44907,2.17,-3.22,-0.42,-23.4373,-46.7689,11.0061,1014.78
431906,0.267814,9.75131,1.42037,1.75,-2.94,-0.35,-22.8271,-48.2184,9.1295,1014.81
431912,0.267814,9.76088,1.4395,2.1,-3.5,0.28,-24.2799,-48.1876,9.72055,1014.81
431918,0.253467,9.77044,1.42037,2.31,-3.64,-0.56,-23.0595,-47.1698,11.7745,1014.81
431924,0.282162,9.75131,1.42037,1.61,-3.15,-0.56,-24.1346,-47.0773,9.86832,1014.83
431930,0.296509,9.72262,1.42516,1.96,-3.22,-0.63,-23.6697,-48.0025,9.89787,1014.83
431936,0.272597,9.74653,1.40124,1.75,-3.01,-0.28,-22.8561,-46.9231,10.0604,1014.84
431942,0.229555,9.83261,1.3869,1.61,-3.5,-0.56,-23.4082,-46.8306,11.0209,1014.84
431948,0.267814,9.62697,1.48254,2.03,-2.8,-0.35,-24.338,-48.8969,8.0656,1014.81
431954,0.234338,9.8087,1.3582,1.75,-3.64,-0.56,-23.3501,-47.6324,9.95698,1014.81
431960,0.25825,9.69871,1.51124,1.61,-3.22,-0.21,-23.7569,-47.2932,9.82399,1014.85
431966,0.243902,9.7274,1.40124,2.1,-3.36,0.28,-23.3501,-47.3549,8.86352,1014.85
431972,0.210426,9.7561,1.42037,1.96,-3.5,0,-23.815,-48.6193,8.73053,1014.85
431978,0.263032,9.6748,1.43472,2.38,-3.43,-0.42,-23.5244,-47.2932,9.51368,1014.83
431984,0.234338,9.78479,1.39168,1.61,-3.78,0,-23.3501,-46.954,9.91265,1014.83
431990,0.306074,9.7274,1.45385,2.17,-3.36,0.35,-23.7278,-47.7558,8.30202,1014.82
431996,0.253467,9.76088,1.42516,2.03,-3.64,0,-23.9022,-46.4914,9.35114,1014.82
432002,0.301291,9.74175,1.41559,2.1,-3.85,-0.42,-23.4954,-46.8306,10.2673,1014.83
432008,0.277379,9.74175,1.44907,1.75,-2.94,-0.42,-23.4954,-48.2184,9.64667,1014.83
432014,0.277379,9.77523,1.40603,1.96,-2.52,-0.49,-23.2339,-47.4782,8.99651,1014.83
432020,0.243902,9.79436,1.37733,1.75,-2.59,-0.28,-23.2339,-46.2138,9.77966,1014.83
432026,0.248685,9.77044,1.39168,1.89,-3.01,-0.7,-23.3501,-47.2624,9.42502,1014.83
432032,0.272597,9.73697,1.44907,1.54,-3.57,-0.7,-23.3792,-47.725,9.52846,1014.82
432038,0.229555,9.73697,1.42037,1.61,-3.57,-0.77,-23.1758,-46.7998,9.07039,1014.82
432044,0.272597,9.73697,1.41559,1.61,-2.87,-0.56,-23.6697,-46.8923,10.0752,1014.8
432050,0.25825,9.72262,1.43472,1.26,-2.45,-0.63,-24.0765,-48.8044,7.72574,1014.8
432056,0.186514,9.74175,1.47298,2.03,-4.41,-0.91,-22.4784,-47.0157,11.1095,1014.82
432062,0.248685,9.70827,1.44907,1.61,-3.36,-0.14,-23.1758,-46.4914,10.4446,1014.82
432068,0.200861,9.69871,1.44428,1.96,-2.94,-0.42,-22.6818,-48.1259,9.60234,1014.82
432074,0.25825,9.74175,1.42037,1.33,-3.36,-0.49,-23.4663,-47.5399,9.21815,1014.82
432080,0.229555,9.70349,1.45385,2.24,-3.57,-0.63,-23.7278,-46.6147,11.1686,1014.85
432086,0.23912,9.73218,1.39646,1.75,-3.08,-0.35,-23.8441,-48.1567,9.52846,1014.85
432092,0.267814,9.7274,1.43472,2.24,-3.22,-0.49,-24.0475,-47.5708,8.86352,1014.85
432098,0.23912,9.71784,1.41081,1.89,-3.01,-0.21,-23.6988,-46.2447,10.4446,1014.79
432104,0.248685,9.7274,1.42994,2.1,-3.5,0.07,-22.9724,-48.0025,8.78964,1014.79
432110,0.243902,9.73697,1.41081,1.89,-3.08,-0.56,-23.1467,-48.496,8.50889,1014.83
432116,0.291726,9.77044,1.35342,1.68,-3.36,0.07,-23.786,-47.2007,9.32159,1014.83
432122,0.272597,9.70827,1.42994,2.17,-3.08,-0.49,-23.2629,-46.6456,9.88309,1014.85
432128,0.291726,9.76566,1.3869,1.82,-2.94,-0.42,-23.6116,-48.4343,9.48413,1014.85
432134,0.272597,9.76566,1.4395,1.89,-2.8,-0.98,-23.8441,-47.9408,9.07039,1014.8
432140,0.282162,9.78479,1.33907,1.68,-3.08,-0.56,-23.4082,-47.3549,9.83876,1014.8
432146,0.267814,9.77523,1.33429,1.54,-3.36,-0.84,-23.4082,-48.1876,9.91265,1014.8
432152,0.181731,9.76088,1.44428,1.54,-2.94,-1.12,-23.1177,-47.7558,8.15425,1014.82
432158,0.248685,9.70349,1.44428,1.68,-3.22,-0.63,-23.5244,-47.2007,9.61712,1014.82
432164,0.191296,9.7561,1.48254,1.61,-2.94,-1.19,-23.786,-47.8792,8.77486,1014.84
432170,0.181731,9.73218,1.47776,1.47,-3.01,-0.35,-24.0765,-48.2184,9.07039,1014.84
432176,0.200861,9.71784,1.45863,2.03,-3.5,-0.21,-23.8731,-46.8306,9.29204,1014.79
432182,0.21999,9.7274,1.45863,1.61,-3.08,-0.84,-23.1177,-47.0465,9.15905,1014.79
432188,0.25825,9.74175,1.39168,1.82,-3.22,-0.14,-24.0765,-48.095,8.9374,1014.81
432194,0.243902,9.6748,1.47776,1.75,-3.57,-0.07,-23.4663,-47.4474,9.51368,1014.81
432200,0.215208,9.71784,1.42516,2.03,-3.15,-0.21,-23.4954,-46.0905,10.7549,1014.81
432206,0.229555,9.69392,1.45863,1.68,-2.94,-0.21,-23.9312,-48.2184,9.67622,1014.81
432212,0.243902,9.7274,1.42994,2.17,-3.5,0,-23.9312,-48.3109,8.49411,1014.81
432218,0.253467,9.80392,1.35342,1.82,-3.5,0.21,-23.4082,-46.8306,9.9422,1014.82
432224,0.282162,9.76088,1.37733,1.89,-3.43,-0.63,-23.292,-47.3549,9.23293,1014.82
432230,0.306074,9.74175,1.42037,1.61,-2.94,-0.35,-24.0184,-48.8352,8.67143,1014.82
432236,0.263032,9.73218,1.43472,1.4,-3.08,-1.12,-23.7569,-46.5839,10.4446,1014.82
432242,0.21999,9.70349,1.46341,1.82,-3.29,-0.35,-23.4954,-46.7689,10.0604,1014.82
432248,0.210426,9.70827,1.47298,2.03,-3.36,-0.21,-24.1637,-48.2492,8.81919,1014.82
432254,0.253467,9.74175,1.4395,1.96,-3.08,-0.42,-22.769,-48.0025,10.5037,1014.82
432260,0.229555,9.71784,1.42994,1.61,-2.94,-0.28,-23.9312,-46.3063,9.64667,1014.82
432266,0.248685,9.7274,1.44907,1.75,-3.85,-0.35,-24.1346,-48.0334,10.0161,1014.82
432272,0.263032,9.7274,1.44907,2.1,-3.92,-0.21,-23.7278,-47.6941,9.70578,1014.82
432278,0.23912,9.73218,1.45385,2.38,-3.08,-0.14,-23.4373,-47.1082,11.2869,1014.82
432284,0.243902,9.76088,1.4395,1.96,-3.29,-0.21,-23.4082,-48.4343,9.57279,1014.81
432290,0.210426,9.74175,1.39646,1.96,-3.92,-0.42,-23.2048,-48.1567,9.1295,1014.81
432296,0.23912,9.74175,1.42037,1.82,-3.5,-0.42,-23.6407,-46.8923,9.11472,1014.79
432302,0.215208,9.71305,1.43472,2.31,-3.64,0,-23.0014,-47.4782,10.7845,1014.79
432308,0.200861,9.71305,1.45385,2.17,-3.43,0.14,-23.786,-48.7118,9.48413,1014.83
432314,0.25825,9.7274,1.44907,2.03,-3.22,-0.14,-23.3501,-48.095,9.51368,1014.83
432320,0.282162,9.73697,1.42994,2.24,-3.5,-0.07,-23.5535,-47.1698,10.7697,1014.83
432326,0.23912,9.75131,1.41559,2.1,-3.08,0.49,-23.0305,-47.8175,9.691,1014.83
432332,0.253467,9.76088,1.40603,2.1,-3.22,-0.42,-23.8441,-48.4343,10.7845,1014.83
432338,0.277379,9.76566,1.43472,1.75,-3.85,-0.84,-22.798,-46.5222,11.0652,1014.85
432344,0.243902,9.7561,1.37733,1.89,-3.5,-0.56,-23.9312,-47.3857,9.3807,1014.85
432350,0.234338,9.73218,1.43472,1.96,-2.87,-0.14,-23.6697,-48.4034,9.80921,1014.84
432356,0.229555,9.70827,1.46341,1.68,-3.22,-0.77,-23.7569,-47.139,11.0948,1014.84
432362,0.229555,9.73697,1.4682,2.24,-3.5,0,-23.5244,-46.5531,10.2821,1014.81
432368,0.253467,9.76088,1.40603,1.96,-3.92,-0.56,-23.4954,-48.7735,9.02606,1014.81
432374,0.23912,9.72262,1.44428,1.89,-3.5,-0.56,-23.6697,-48.0025,9.52846,1014.81
432380,0.205643,9.74653,1.42994,2.17,-3.71,-0.42,-23.0014,-47.0157,10.8879,1014.81
432386,0.210426,9.73697,1.41559,2.24,-4.13,-0.07,-23.8731,-47.6941,9.85354,1014.81
432392,0.21999,9.76566,1.40603,2.03,-3.22,-0.21,-23.6407,-48.681,9.11472,1014.79
432398,0.210426,9.73218,1.42037,2.38,-3.15,-0.21,-23.4373,-46.5531,10.3116,1014.79
432404,0.229555,9.73218,1.40603,2.03,-3.36,-0.07,-23.3792,-47.5399,10.4889,1014.79
432410,0.248685,9.71305,1.40124,2.1,-3.71,-0.07,-24.0184,-49.0202,10.415,1014.79
432416,0.234338,9.73218,1.4395,2.24,-3.5,-0.21,-23.1758,-46.6764,10.5924,1014.82
432422,0.224773,9.75131,1.42037,1.75,-3.22,-0.35,-23.0305,-47.0157,9.98653,1014.82
432428,0.21999,9.73218,1.42994,2.24,-3.5,0.14,-23.2629,-48.6193,9.20338,1014.83
432434,0.243902,9.73697,1.44428,2.1,-3.01,-0.07,-23.6407,-47.725,10.4594,1014.83
432440,0.25825,9.75131,1.42994,2.1,-3.57,-0.07,-23.3501,-46.7381,10.9618,1014.83
432446,0.253467,9.73697,1.42037,2.31,-3.57,0.21,-23.2339,-47.6941,10.5776,1014.83
432452,0.272597,9.75131,1.42994,2.03,-3.15,-0.14,-23.9022,-48.3418,9.79444,1014.83
432458,0.210426,9.78001,1.39168,2.24,-3.22,-0.14,-22.8561,-46.7998,11.3903,1014.81
432464,0.243902,9.77044,1.37733,1.96,-2.87,-0.42,-23.5826,-47.6941,9.91265,1014.81
432470,0.23912,9.7561,1.39168,1.82,-2.73,-0.49,-23.6407,-48.1567,9.02606,1014.83
432476,0.224773,9.75131,1.40124,1.96,-3.08,0.07,-23.6988,-47.5091,10.0604,1014.83
432482,0.23912,9.72262,1.39646,1.61,-3.71,-0.56,-23.5535,-47.4782,9.32159,1014.8
432488,0.215208,9.75131,1.3869,1.96,-3.5,-0.56,-23.3211,-48.3418,10.0161,1014.8
432494,0.191296,9.7274,1.44428,1.96,-3.29,-17.78,-23.4663,-47.9717,9.52846,1014.8
432500,0.224773,9.73697,1.4395,2.24,-3.29,-0.14,-22.6237,-46.5531,9.15905,1014.81
432506,0.229555,9.70349,1.4395,1.61,-3.71,0.35,-23.2048,-48.1876,9.691,1014.81
432512,0.224773,9.73218,1.45385,2.31,-3.92,0.21,-22.769,-47.8792,9.63189,1014.82
432518,0.263032,9.77044,1.42516,2.59,-3.99,0,-23.1758,-46.7381,11.0948,1014.82
432524,0.272597,9.72262,1.45863,1.75,-3.15,0,-22.9724,-47.7558,9.77966,1014.84
432530,0.286944,9.77523,1.42994,2.31,-3.08,0.28,-23.3211,-48.0025,8.1247,1014.84
432536,0.263032,9.76566,1.40603,2.1,-3.64,-0.07,-22.8561,-47.4166,9.89787,1014.83
432542,0.248685,9.74653,1.42037,2.24,-3.15,0.21,-23.2629,-47.7866,11.1391,1014.83
432548,0.272597,9.82305,1.34864,1.82,-3.5,-0.21,-23.0305,-49.0202,8.9374,1014.83
432554,0.291726,9.78957,1.3869,2.1,-3.43,-0.77,-23.0886,-48.2184,8.0656,1014.8
432560,0.286944,9.77523,1.37255,2.17,-3.22,-0.56,-23.1467,-47.0773,10.1047,1014.8
432566,0.248685,9.8087,1.39646,1.54,-3.22,-0.7,-24.0184,-48.8352,6.7505,1014.79
432572,0.248685,9.73697,1.3869,1.26,-3.64,-0.35,-24.4833,-47.8175,9.70578,1014.79
432578,0.224773,9.75131,1.37733,2.1,-3.15,-0.35,-23.292,-46.5531,9.76488,1014.84
432584,0.21999,9.75131,1.43472,1.54,-3.15,-0.42,-22.8271,-47.1082,10.1047,1014.84
432590,0.253467,9.69392,1.42037,2.1,-3.08,-0.84,-23.1177,-48.5885,9.08517,1014.82
432596,0.215208,9.73218,1.44907,1.75,-3.36,0.35,-22.8852,-47.2315,8.98173,1014.82
432602,0.210426,9.73218,1.42037,1.54,-3.5,-0.07,-23.0886,-46.5839,9.54324,1014.81
432608,0.229555,9.74175,1.45385,2.03,-3.57,-0.42,-23.4373,-48.8044,9.30681,1014.81
432614,0.21999,9.74653,1.42516,2.38,-3.36,0,-23.2339,-47.4782,9.48413,1014.81
432620,0.210426,9.74175,1.44428,1.68,-3.22,0.35,-23.5244,-46.8923,9.88309,1014.85
432626,0.210426,9.73218,1.46341,2.17,-3.15,0.28,-23.4373,-47.6633,8.74531,1014.85
432632,0.243902,9.7274,1.44907,2.03,-3.29,0,-23.4373,-47.8175,9.09995,1014.81
432638,0.243902,9.73697,1.41081,2.52,-3.57,-0.21,-23.0305,-46.9848,9.9422,1014.81
432644,0.272597,9.7561,1.41559,1.82,-3.22,0.21,-22.9143,-47.2932,9.95698,1014.79
432650,0.23912,9.76088,1.40124,2.24,-3.57,0,-23.9022,-47.8792,9.49891,1014.79
432656,0.23912,9.78001,1.40124,1.89,-3.57,0.07,-23.1758,-46.9848,9.3807,1014.82
432662,0.23912,9.77044,1.3869,1.96,-3.43,-0.14,-23.5535,-46.8306,10.3412,1014.82
432668,0.248685,9.75131,1.39646,1.89,-3.5,0.21,-23.9894,-47.9408,8.81919,1014.82
432674,0.267814,9.77523,1.42994,1.82,-3.01,-0.35,-23.7569,-47.7558,10.5924,1014.8
432680,0.25825,9.76566,1.42994,1.68,-3.22,-0.63,-22.8852,-46.1213,10.223,1014.8
432686,0.243902,9.78001,1.39168,1.68,-3.43,-0.35,-24.0765,-47.6941,9.39547,1014.81
432692,0.234338,9.73218,1.39168,1.61,-3.5,-0.21,-23.3501,-47.7866,9.55801,1014.81
432698,0.186514,9.73697,1.41559,1.68,-3.36,-0.56,-23.6116,-45.8746,10.2968,1014.83
432704,0.176949,9.74653,1.44428,1.96,-3.36,0,-23.4954,-47.3549,9.77966,1014.83
432710,0.181731,9.70827,1.4395,1.89,-3.57,-0.49,-24.309,-48.0334,10.7253,1014.82
432716,0.181731,9.7274,1.44907,2.17,-3.43,-0.49,-23.9312,-47.3857,9.97175,1014.82
432722,0.224773,9.74175,1.41559,2.17,-3.5,-0.14,-23.9603,-46.7689,12.0552,1014.82
432728,0.215208,9.70349,1.41559,1.75,-3.78,-0.14,-23.7278,-48.4034,9.92742,1014.82
432734,0.210426,9.69871,1.42516,1.96,-3.01,-0.14,-23.2339,-48.1259,9.95698,1014.82
432740,0.215208,9.74175,1.42037,1.96,-3.57,0.42,-23.0595,-48.1259,9.85354,1014.82
432746,0.243902,9.75131,1.4395,2.38,-4.13,0,-23.6116,-48.3109,8.95218,1014.82
432752,0.296509,9.74175,1.36777,1.96,-3.43,-0.7,-24.1637,-47.6324,8.53844,1014.84
432758,0.277379,9.79436,1.3869,1.68,-2.87,-0.35,-23.815,-47.3857,11.1243,1014.84
432764,0.248685,9.77523,1.3582,1.75,-2.87,-0.14,-23.5826,-47.3857,9.11472,1014.82
432770,0.224773,9.76088,1.40124,1.68,-3.43,-0.35,-24.1637,-49.1128,9.86832,1014.82
432776,0.229555,9.73218,1.4682,1.54,-3.29,-0.7,-23.9603,-46.7998,11.1834,1014.77
432782,0.224773,9.73697,1.42037,1.82,-3.22,-0.42,-23.786,-46.3063,9.83876,1014.77
432788,0.191296,9.73697,1.41559,1.61,-3.22,-0.28,-23.9022,-48.4651,9.45458,1014.77
432794,0.234338,9.71784,1.4395,1.89,-3.43,-0.28,-24.1056,-47.91,10.09,1014.81
432800,0.186514,9.7274,1.42516,1.89,-3.22,-0.21,-23.8441,-47.0465,10.223,1014.81
432806,0.224773,9.70349,1.47776,2.1,-3.64,0,-24.3961,-48.4651,8.90785,1014.82
432812,0.224773,9.72262,1.42037,2.03,-3.5,0.21,-23.6407,-48.6502,10.0013,1014.82
432818,0.181731,9.71305,1.48733,2.17,-3.71,-0.28,-23.5826,-47.8792,10.6662,1014.81
432824,0.23912,9.7274,1.42037,2.45,-2.94,0,-23.6116,-47.8175,10.1786,1014.81
432830,0.196078,9.7274,1.42516,1.89,-3.01,0.42,-24.1056,-48.0025,8.59755,1014.79
432836,0.23912,9.7274,1.42516,2.03,-3.57,0.28,-23.6407,-47.9717,9.30681,1014.79
432842,0.229555,9.73697,1.41559,2.03,-2.94,0.35,-23.5244,-47.2932,10.9027,1014.79
432848,0.263032,9.71784,1.4395,2.59,-3.57,0.28,-23.7278,-48.6193,9.691,1014.82
432854,0.25825,9.77044,1.41081,2.1,-3.57,0.14,-24.0475,-47.5399,9.70578,1014.82
432860,0.263032,9.76088,1.40124,2.66,-3.85,0.42,-24.5414,-46.4914,10.7253,1014.83
432866,0.205643,9.76088,1.39646,1.89,-3.36,0.14,-23.7278,-48.2801,10.2082,1014.83
432872,0.234338,9.71305,1.45863,2.52,-3.43,-0.21,-23.5535,-48.0025,8.92263,1014.82
432878,0.243902,9.73697,1.44907,1.96,-3.01,0.07,-23.2048,-47.3549,10.6515,1014.82
432884,0.224773,9.74175,1.42516,2.17,-3.36,0.7,-23.3211,-47.725,9.55801,1014.81
432890,0.248685,9.73218,1.37733,2.24,-3.43,0.07,-23.815,-48.9277,9.70578,1014.81
432896,0.210426,9.73218,1.39168,2.45,-3.92,-0.14,-23.1467,-48.0025,9.63189,1014.81
432902,0.181731,9.7274,1.42994,2.52,-3.71,0.7,-23.0595,-47.4782,10.4446,1014.81
432908,0.21999,9.73697,1.45863,2.73,-3.5,0.42,-23.6988,-49.0819,9.95698,1014.81
432914,0.191296,9.70827,1.43472,2.24,-3.92,0.56,-23.1177,-47.6324,10.5185,1014.82
432920,0.234338,9.73697,1.41559,3.08,-3.5,0.56,-23.0886,-47.4166,10.9618,1014.82
432926,0.215208,9.71305,1.4682,2.8,-2.73,0.7,-23.9894,-48.7427,9.09995,1014.84
432932,0.196078,9.77523,1.41559,2.8,-3.57,1.33,-23.7569,-48.0334,9.45458,1014.84
432938,0.224773,9.71784,1.40603,2.66,-3.85,0.77,-23.6988,-47.0773,10.7401,1014.8
432944,0.215208,9.70349,1.4395,3.08,-3.71,1.4,-23.6988,-48.5576,9.64667,1014.8
432950,0.215208,9.70827,1.45863,3.08,-3.57,1.4,-23.9894,-48.9586,7.90306,1014.8
432956,0.21999,9.73218,1.42994,3.15,-3.64,1.4,-23.2629,-48.1259,9.85354,1014.8
432962,0.253467,9.71305,1.4395,3.15,-3.57,1.61,-23.3211,-47.6633,10.0604,1014.8
432968,0.215208,9.69871,1.46341,3.57,-3.43,1.47,-24.5705,-48.9894,9.54324,1014.81
432974,0.234338,9.70349,1.41559,3.36,-4.2,1.89,-24.5705,-49.2669,8.86352,1014.81
432980,0.282162,9.71784,1.3869,3.78,-3.29,1.33,-23.5826,-47.2315,10.1934,1014.79
432986,0.267814,9.77523,1.3869,3.15,-3.5,1.05,-24.0184,-49.2978,9.1295,1014.79
432992,0.272597,9.75131,1.3869,3.64,-3.78,1.61,-23.6116,-47.9408,9.45458,1014.8
432998,0.277379,9.78001,1.33907,3.15,-3.5,1.54,-22.769,-46.7381,11.5528,1014.8
433004,0.215208,9.77523,1.34385,2.87,-3.22,1.19,-23.786,-48.0025,10.5333,1014.83
433010,0.224773,9.75131,1.40603,2.94,-3.99,1.4,-23.8731,-48.1876,10.3116,1014.83
433016,0.23912,9.78479,1.38211,3.29,-3.85,2.17,-23.5244,-47.725,10.1491,1014.83
433022,0.243902,9.78001,1.38211,3.08,-3.71,1.47,-24.2218,-46.9848,12.07,1014.83
433028,0.248685,9.75131,1.40124,2.94,-3.57,1.19,-23.9603,-47.725,11.3607,1014.83
433034,0.272597,9.76566,1.38211,2.87,-3.71,1.75,-23.7569,-47.4166,11.6858,1014.83
433040,0.210426,9.74653,1.41081,2.94,-3.57,1.33,-24.3671,-46.8923,11.8927,1014.83
433046,0.243902,9.75131,1.39646,2.8,-3.99,1.61,-23.9894,-48.9894,10.1638,1014.84
433052,0.286944,9.74653,1.3869,2.31,-3.36,1.33,-24.338,-48.095,10.4889,1014.84
433058,0.33955,9.78957,1.38211,2.8,-3.5,1.19,-24.0475,-46.7689,11.1686,1014.88
433064,0.334768,9.84696,1.35342,2.94,-3.64,0.56,-23.2629,-47.4166,10.7253,1014.88
433070,0.329986,9.80392,1.30081,2.66,-2.94,0.42,-24.8901,-48.4034,9.85354,1014.82
433076,0.291726,9.73218,1.41081,1.82,-3.36,0.63,-23.6988,-47.2932,10.4741,1014.82
433082,0.282162,9.72262,1.44428,2.45,-3.29,0.84,-23.6697,-46.6456,11.1539,1014.82
433088,0.25825,9.76088,1.40124,2.94,-3.57,0.56,-23.6697,-48.6502,10.0161,1014.81
433094,0.306074,9.7561,1.41559,2.31,-3.64,-0.14,-23.5535,-47.6633,9.75011,1014.81
433100,0.310856,9.78001,1.3582,2.52,-3.57,0.63,-22.7109,-47.5091,10.0752,1014.84
433106,0.296509,9.77523,1.34385,2.73,-3.15,0.63,-24.0184,-48.5268,11.0061,1014.84
433112,0.296509,9.78957,1.39646,2.38,-2.94,0.07,-23.9022,-47.3549,8.86352,1014.81
