Timestamp,Point0,Point1,Point2,Point3,Point4,Point5,Point6,Point7,Point8,Point9,Point10,Point11,Point12,Point13,Point14,Point15,Point16,Point17,Point18,Point19,Point20,Point21,Point22,Point23,Point24,Point25,Point26,Point27,Point28,Point29,Point30,Point31,Point32,Point33,Point34,Point35,Point36,Point37,Point38,Point39,Point40,Point41,Point42,Point43,Point44,Label,
224802,356,389,379,902,1356,1382,8,1467,1753,1960,9,845,1061,1119,9,800,943,924,9,766,999,903,9,8,1276,1705,1853,9,9,676,1408,1707,1879,9,9,792,572,651,9,8,410,537,8,9,460,Default,
224818,368,401,389,912,1370,1398,8,1484,1770,1973,10,853,1065,1123,9,811,955,934,10,770,1003,906,11,8,1279,1701,1846,9,9,665,1405,1697,1857,9,9,781,558,636,10,8,402,526,8,9,451,Default,
224834,374,408,396,919,1384,1414,8,1496,1782,1988,9,859,1075,1135,9,814,958,938,10,769,1001,903,8,8,1276,1693,1841,9,9,655,1394,1683,1842,9,8,766,544,617,9,8,390,518,8,8,441,Default,
224850,385,418,406,927,1400,1428,8,1512,1797,2003,9,866,1081,1143,9,819,962,943,9,771,1002,903,9,8,1277,1687,1836,9,8,646,1392,1675,1829,9,9,753,530,599,9,10,381,503,8,9,434,Default,
224866,393,426,413,933,1414,1442,8,1519,1811,2015,9,869,1086,1146,9,821,965,946,10,773,1005,904,10,8,1276,1686,1834,9,8,644,1391,1672,1824,10,8,749,524,592,10,8,377,502,9,9,431,Default,
224882,398,433,421,940,1426,1454,9,1527,1821,2026,11,872,1090,1148,8,827,972,952,9,781,1012,912,9,9,1282,1695,1840,8,8,651,1398,1683,1835,9,8,756,534,605,9,9,383,505,10,8,435,Default,
224898,397,431,419,942,1430,1459,8,1530,1828,2031,9,871,1090,1150,8,830,974,957,8,779,1013,915,9,8,1285,1703,1845,9,9,657,1405,1691,1843,9,8,765,546,617,10,9,391,513,8,8,439,Default,
224914,396,432,418,945,1433,1462,9,1533,1828,2034,9,872,1091,1151,8,833,978,959,9,783,1015,917,9,7,1289,1706,1849,8,8,663,1409,1695,1849,8,8,770,553,626,8,8,397,517,9,9,443,Default,
224930,396,432,418,946,1431,1461,9,1536,1830,2033,9,874,1093,1152,8,836,981,960,9,787,1021,921,9,9,1292,1705,1852,8,9,667,1412,1699,1854,9,8,773,553,629,9,9,399,522,8,8,447,Default,
224946,400,435,422,947,1434,1463,9,1538,1833,2037,8,873,1094,1152,9,837,983,963,8,789,1021,924,9,6,1292,1708,1853,9,8,668,1413,1701,1856,9,8,775,554,630,8,8,400,522,9,8,448,Default,
224962,400,436,423,950,1440,1467,8,1543,1838,2042,11,878,1098,1156,9,842,986,967,9,790,1025,925,9,8,1297,1715,1860,9,9,670,1419,1706,1861,9,9,779,557,633,9,9,403,527,8,9,451,Default,
224978,402,438,425,953,1442,1471,8,1547,1843,2047,10,882,1098,1158,8,846,991,971,10,795,1028,928,8,9,1301,1718,1863,9,9,671,1425,1709,1867,9,8,780,559,634,9,8,403,530,8,8,451,Default,
224994,405,439,427,956,1445,1475,8,1551,1847,2051,9,883,1102,1160,9,848,991,973,10,796,1031,931,9,8,1304,1720,1868,9,9,675,1427,1715,1871,9,9,785,563,638,10,9,406,531,8,9,453,Default,
225010,403,440,427,957,1448,1477,8,1554,1848,2052,9,884,1103,1162,8,850,995,976,9,800,1036,936,9,8,1305,1724,1871,9,8,677,1432,1720,1878,9,9,788,569,646,9,8,409,535,8,8,457,Default,
225026,403,439,425,960,1449,1479,10,1557,1851,2055,9,887,1104,1163,8,855,1000,981,9,804,1040,941,9,9,1309,1726,1874,8,8,681,1437,1724,1885,10,9,790,573,650,9,9,412,539,9,9,460,Default,
225042,404,439,427,963,1452,1481,8,1562,1855,2059,9,890,1107,1166,9,858,1002,982,9,808,1045,947,9,8,1314,1732,1879,9,8,684,1442,1730,1889,10,8,795,576,654,9,8,413,541,9,9,461,Default,
225058,404,440,427,965,1455,1484,8,1565,1859,2061,9,895,1110,1168,9,859,1003,984,8,810,1048,949,11,8,1316,1734,1882,9,9,685,1445,1732,1891,9,8,795,578,655,9,8,414,543,9,9,463,Default,
225074,408,447,432,968,1459,1490,9,1568,1863,2067,9,894,1111,1170,8,860,1005,985,9,813,1053,952,9,9,1316,1736,1883,9,8,687,1445,1732,1892,9,8,795,577,655,9,9,414,543,10,9,461,Default,
225090,410,447,434,972,1467,1496,8,1573,1870,2071,9,895,1114,1172,8,865,1010,990,9,813,1054,953,9,8,1319,1737,1885,9,9,685,1447,1734,1893,10,8,795,576,654,9,8,414,542,9,8,462,Default,
225106,414,451,438,976,1473,1503,8,1579,1878,2077,10,899,1116,1176,9,867,1014,993,9,817,1057,956,9,8,1323,1739,1887,10,8,686,1451,1737,1894,9,8,796,574,650,11,9,413,542,8,9,461,Default,
225122,418,454,441,981,1479,1508,9,1586,1882,2080,9,901,1117,1177,9,874,1019,998,9,822,1061,960,8,9,1326,1743,1890,9,9,689,1455,1742,1898,9,8,798,576,653,9,9,415,543,8,8,462,Default,
225138,418,455,442,983,1483,1512,8,1590,1885,2083,9,903,1120,1178,9,877,1020,1000,8,823,1062,961,9,8,1329,1749,1891,9,8,688,1458,1744,1899,9,8,800,577,654,9,8,415,545,8,10,464,Default,
225154,419,456,442,985,1485,1514,8,1592,1887,2086,8,902,1121,1178,8,877,1023,1001,9,828,1066,964,9,8,1330,1749,1893,8,8,688,1458,1745,1900,8,8,800,574,650,8,8,414,543,9,8,464,Default,
225170,421,458,445,987,1491,1520,8,1595,1892,2089,9,905,1126,1184,9,881,1027,1005,9,829,1068,965,8,8,1331,1749,1896,9,8,689,1459,1744,1902,9,8,799,573,648,10,8,413,538,10,8,460,Default,
225186,423,461,448,991,1500,1529,8,1599,1900,2097,9,907,1129,1187,8,882,1027,1005,9,829,1068,966,9,7,1332,1751,1894,9,8,686,1459,1745,1898,8,9,795,567,639,8,8,409,532,9,8,456,Default,
225202,431,468,455,999,1512,1542,9,1607,1909,2107,9,912,1132,1191,9,886,1031,1008,9,829,1070,967,10,9,1333,1753,1894,11,10,686,1459,1742,1894,9,9,797,555,625,11,8,403,529,8,12,453,Default,
225218,432,472,460,1003,1521,1553,10,1613,1918,2119,9,912,1133,1194,8,887,1032,1011,10,832,1072,969,9,9,1334,1753,1895,8,8,686,1455,1742,1893,11,8,794,547,616,11,9,400,522,10,8,450,Default,
225234,436,476,462,1005,1525,1558,9,1617,1925,2125,9,914,1136,1194,9,889,1034,1012,9,829,1069,967,8,8,1334,1753,1894,9,8,683,1457,1742,1893,11,8,792,539,606,9,9,395,517,9,9,446,Default,
225250,439,479,465,1007,1529,1563,8,1618,1929,2130,9,914,1137,1196,8,891,1037,1016,9,829,1069,965,9,8,1336,1753,1894,9,8,685,1459,1745,1894,9,8,795,538,604,10,9,394,519,8,8,447,Default,
225266,444,485,472,1010,1529,1566,9,1623,1931,2130,11,916,1139,1198,9,895,1040,1019,10,833,1071,969,8,10,1339,1754,1897,9,9,685,1461,1747,1896,9,9,795,540,606,9,9,397,515,8,9,447,Default,
225282,447,487,475,1013,1538,1572,8,1625,1933,2135,9,918,1140,1200,9,897,1041,1021,10,833,1072,969,9,8,1339,1755,1898,9,8,686,1463,1748,1896,9,9,798,538,604,10,10,396,517,9,9,447,Default,
225298,454,493,480,1019,1546,1579,8,1627,1937,2139,10,920,1143,1202,9,897,1041,1022,9,833,1072,968,9,8,1341,1755,1896,9,9,684,1462,1748,1894,9,8,794,537,602,9,9,393,514,8,9,444,Default,
225314,454,494,480,1022,1551,1587,9,1629,1943,2141,10,921,1144,1203,9,898,1041,1021,9,833,1070,966,8,9,1339,1753,1892,9,9,680,1459,1742,1888,9,8,789,531,595,9,8,388,508,8,9,441,Default,
225330,453,493,479,1023,1558,1593,8,1631,1947,2146,9,921,1145,1206,9,898,1043,1023,9,830,1070,965,10,8,1339,1752,1891,9,8,676,1457,1741,1887,9,9,786,526,590,9,8,385,503,8,9,435,Default,
225346,459,497,484,1029,1569,1604,8,1636,1952,2151,9,925,1149,1210,9,900,1044,1025,9,834,1072,968,9,8,1340,1754,1892,9,9,675,1459,1744,1886,9,8,783,525,588,9,9,385,502,8,8,435,Default,
225362,461,501,488,1030,1571,1608,9,1640,1956,2157,9,928,1152,1211,8,902,1048,1028,9,837,1074,970,9,9,1345,1760,1897,8,9,677,1462,1749,1894,9,8,784,535,601,9,9,389,505,10,9,437,Default,
225378,460,501,486,1032,1571,1609,8,1641,1958,2158,9,928,1154,1214,9,903,1049,1028,9,838,1077,973,8,8,1347,1761,1900,10,8,680,1468,1753,1899,9,8,790,543,609,9,8,394,508,8,9,440,Default,
225394,459,501,486,1032,1569,1608,8,1640,1956,2156,9,930,1156,1217,8,903,1050,1028,9,841,1081,976,8,8,1350,1766,1903,8,8,683,1472,1757,1904,8,8,793,549,617,8,8,398,513,8,9,443,Default,
225410,460,500,486,1032,1568,1608,9,1641,1956,2157,9,931,1156,1216,9,905,1050,1030,9,843,1082,976,9,9,1350,1767,1905,9,8,685,1471,1758,1907,9,9,795,552,620,9,9,399,516,9,8,446,Default,
225426,461,500,486,1032,1568,1608,8,1640,1956,2157,9,931,1156,1215,8,904,1051,1030,8,839,1078,973,10,7,1350,1766,1902,9,9,684,1472,1757,1906,9,8,794,554,621,8,8,402,515,9,9,443,Default,
225442,462,502,489,1033,1571,1608,8,1641,1957,2156,9,931,1156,1215,9,903,1048,1028,9,837,1075,970,11,8,1348,1762,1902,9,9,680,1470,1755,1902,9,8,792,553,621,9,8,400,509,8,9,441,Default,
225458,464,505,491,1034,1574,1612,8,1641,1958,2158,10,931,1156,1217,8,902,1048,1028,11,837,1075,970,8,9,1347,1761,1900,9,8,680,1465,1753,1898,9,8,790,548,617,9,9,398,505,8,8,439,Default,
225474,464,505,492,1035,1575,1613,8,1641,1959,2159,9,931,1156,1216,9,903,1048,1028,9,837,1076,971,9,9,1347,1762,1901,11,8,681,1467,1753,1898,9,8,795,549,617,9,9,401,509,8,9,442,Default,
225490,464,504,489,1032,1569,1610,8,1639,1956,2157,9,929,1155,1214,9,901,1048,1028,9,837,1076,970,10,8,1347,1761,1901,9,9,684,1467,1753,1901,11,8,795,552,621,9,10,402,514,8,9,444,Default,
225506,456,497,483,1030,1567,1608,8,1636,1953,2155,10,928,1152,1214,9,898,1045,1027,9,835,1076,970,8,9,1344,1759,1901,8,8,686,1464,1753,1901,10,8,797,555,624,10,9,405,517,9,9,447,Default,
225522,456,497,483,1029,1565,1604,8,1633,1952,2155,11,925,1152,1212,9,897,1044,1023,9,833,1072,968,9,8,1343,1758,1900,9,8,686,1463,1751,1899,9,9,800,554,621,9,8,403,515,8,9,447,Default,
225538,458,498,484,1028,1567,1606,8,1634,1953,2155,11,926,1152,1213,9,893,1041,1023,9,829,1068,964,9,8,1339,1754,1896,9,8,685,1460,1749,1894,9,8,798,549,615,10,9,402,510,8,9,443,Default,
225554,463,503,488,1028,1566,1605,9,1633,1949,2151,9,925,1151,1213,8,890,1037,1017,9,828,1064,960,9,9,1336,1748,1890,8,9,682,1455,1741,1887,10,8,794,537,602,9,9,395,505,10,8,439,Default,
225570,462,503,489,1028,1568,1607,9,1631,1950,2151,11,925,1151,1212,9,888,1036,1018,10,826,1063,959,8,8,1333,1745,1886,9,8,677,1452,1738,1881,11,8,791,531,597,9,8,393,488,8,8,432,Default,
225586,459,501,486,1028,1568,1606,9,1632,1949,2151,11,924,1151,1212,8,887,1036,1017,10,826,1065,960,9,8,1334,1744,1886,8,8,679,1452,1738,1882,9,9,793,529,593,9,8,392,493,8,9,435,Default,
225602,457,497,482,1025,1562,1601,10,1629,1944,2146,9,925,1150,1212,9,887,1036,1017,9,828,1065,961,8,8,1334,1744,1887,10,8,684,1454,1740,1886,8,8,796,531,596,9,8,395,497,9,8,439,Default,
225618,451,490,476,1023,1555,1592,9,1626,1942,2143,11,924,1149,1210,9,886,1035,1016,9,825,1065,961,9,8,1333,1745,1889,10,8,684,1455,1741,1887,8,8,798,537,602,9,9,398,502,8,9,441,Default,
225634,447,487,473,1017,1548,1584,9,1620,1934,2133,9,920,1145,1207,7,882,1031,1011,8,825,1064,959,8,8,1330,1745,1888,9,8,685,1451,1741,1886,8,8,800,542,609,8,8,402,504,8,8,443,Default,
225650,444,484,469,1014,1541,1577,9,1616,1925,2125,9,918,1141,1205,9,878,1027,1008,9,822,1061,956,8,8,1329,1743,1886,9,8,687,1450,1739,1887,9,9,802,544,613,9,9,402,509,7,9,446,Default,
225666,443,482,468,1011,1534,1571,8,1611,1919,2119,9,915,1139,1202,8,874,1023,1004,9,820,1057,953,9,8,1326,1739,1883,9,8,686,1448,1737,1885,10,8,801,546,615,8,8,404,506,8,8,445,Default,
225682,443,481,468,1007,1531,1566,8,1608,1915,2116,9,913,1137,1199,8,870,1020,1002,9,816,1055,949,9,8,1324,1738,1883,9,8,686,1448,1737,1887,9,8,803,547,616,10,8,404,510,8,9,447,Default,
225698,435,472,458,1003,1523,1559,10,1604,1910,2111,9,913,1137,1199,8,867,1019,1001,8,818,1057,951,9,9,1325,1740,1886,8,8,689,1448,1739,1890,8,8,805,554,624,11,9,406,512,9,9,448,Default,
225714,431,468,452,1001,1516,1551,9,1600,1906,2106,12,912,1136,1198,9,869,1019,1001,9,819,1059,953,9,8,1326,1741,1887,9,9,692,1451,1743,1895,9,8,808,559,631,9,8,412,516,8,8,451,Default,
225730,422,459,444,998,1509,1546,8,1596,1898,2101,9,913,1135,1198,9,869,1019,1001,8,820,1061,955,10,8,1326,1742,1890,9,9,696,1451,1744,1899,9,8,814,562,634,9,9,414,520,9,9,455,Default,
225746,419,456,441,995,1504,1541,9,1591,1894,2098,11,911,1133,1195,9,866,1017,999,10,820,1061,955,8,8,1326,1741,1890,8,8,699,1449,1745,1901,10,8,817,564,638,9,10,415,520,9,8,456,Default,
225762,418,456,442,994,1501,1538,8,1591,1892,2096,9,909,1131,1193,9,863,1015,996,9,819,1060,953,8,8,1324,1741,1892,9,9,699,1451,1745,1900,8,8,820,565,639,9,8,417,520,8,8,457,Default,
225778,417,456,440,994,1502,1538,8,1590,1893,2096,9,907,1132,1192,8,862,1015,996,9,820,1061,956,9,8,1326,1744,1892,9,9,700,1451,1746,1902,9,9,820,565,638,11,10,418,521,8,10,457,Default,
225794,419,457,442,995,1503,1538,8,1591,1894,2097,10,911,1134,1196,8,866,1018,999,10,822,1064,957,8,9,1327,1746,1895,9,8,702,1453,1748,1905,9,8,820,565,638,9,8,418,522,8,9,460,Default,
225810,416,453,439,994,1500,1535,8,1591,1891,2095,9,911,1134,1195,9,866,1019,1001,9,825,1069,964,9,8,1329,1749,1898,9,9,705,1455,1752,1910,9,8,826,567,642,9,9,422,521,8,8,460,Default,
225826,413,450,435,985,1487,1519,8,1583,1882,2084,9,906,1130,1188,9,865,1018,999,10,825,1070,965,9,8,1328,1751,1898,9,9,708,1455,1753,1913,11,8,830,576,649,11,9,427,525,9,9,464,Default,
225842,406,442,427,977,1473,1505,9,1571,1869,2072,9,900,1121,1180,9,860,1014,994,9,824,1070,964,9,9,1325,1749,1898,9,9,713,1453,1755,1915,9,9,834,578,655,9,8,429,530,9,8,467,Default,
225858,403,438,423,973,1465,1497,8,1564,1861,2064,8,897,1118,1177,9,858,1009,990,10,820,1068,962,10,8,1322,1747,1898,9,9,714,1452,1755,1917,11,8,837,581,659,9,8,429,532,9,9,470,Default,
225874,408,442,428,972,1465,1497,9,1563,1861,2064,9,895,1117,1175,8,854,1008,987,8,820,1065,958,9,8,1322,1747,1897,8,8,713,1452,1754,1917,9,8,837,582,661,8,8,433,531,9,8,469,Default,
225890,411,445,431,974,1467,1500,9,1566,1863,2067,9,897,1119,1178,8,855,1008,990,9,821,1068,961,9,9,1322,1749,1900,8,8,717,1454,1758,1919,9,8,839,585,663,9,10,434,535,10,9,472,Default,
225906,412,447,432,974,1468,1500,8,1565,1863,2068,9,897,1119,1180,8,856,1010,991,8,823,1069,964,9,8,1325,1750,1901,8,8,715,1455,1757,1921,8,8,839,587,665,8,8,435,537,9,9,472,Default,
225922,412,446,432,974,1469,1501,8,1567,1865,2068,10,897,1120,1180,8,858,1011,993,9,825,1073,966,11,8,1326,1753,1904,9,9,719,1456,1761,1923,9,8,844,589,670,9,8,436,542,9,9,476,Default,
225938,408,442,428,972,1465,1496,8,1562,1863,2066,9,897,1119,1179,9,858,1013,995,9,826,1076,970,8,9,1326,1753,1907,9,9,721,1457,1763,1929,11,8,845,596,675,9,8,441,544,9,8,479,Default,
225954,404,439,426,970,1460,1492,8,1558,1858,2063,9,895,1118,1177,9,857,1012,994,8,827,1077,971,9,8,1325,1755,1908,9,9,725,1458,1767,1932,9,8,850,601,683,9,9,444,550,8,9,484,Default,
225970,403,439,425,969,1459,1491,8,1556,1855,2060,9,895,1119,1178,9,854,1011,993,10,827,1077,973,11,8,1325,1756,1910,8,9,726,1459,1769,1935,9,9,854,605,687,9,9,449,552,8,8,485,Default,
225986,404,438,424,969,1459,1490,9,1558,1855,2060,10,896,1117,1178,9,854,1011,991,10,828,1079,974,8,8,1327,1757,1911,9,8,730,1462,1772,1937,11,8,857,610,694,9,9,451,555,8,9,488,Default,
226002,405,439,426,970,1460,1490,8,1558,1856,2061,10,896,1119,1179,9,856,1012,994,8,829,1079,975,8,8,1328,1758,1914,9,8,731,1463,1772,1941,11,8,858,615,697,9,9,456,557,8,9,489,Default,
226018,406,440,427,971,1461,1492,8,1560,1858,2063,10,898,1121,1181,9,858,1015,997,9,829,1081,976,9,8,1328,1760,1916,9,8,734,1465,1775,1945,11,8,862,617,701,9,8,457,559,8,10,492,Default,
226034,406,440,427,972,1462,1494,9,1562,1861,2066,11,899,1122,1181,8,861,1018,1000,9,833,1084,979,9,9,1332,1766,1921,8,8,736,1468,1782,1956,9,8,864,622,708,9,9,464,559,9,8,493,Default,
226050,403,439,425,972,1459,1491,8,1562,1859,2065,9,899,1122,1182,9,865,1022,1003,9,837,1090,986,9,8,1335,1770,1927,9,8,738,1475,1789,1968,9,8,868,630,717,9,9,468,563,8,8,497,Default,
226066,392,427,414,968,1453,1482,8,1559,1852,2058,9,899,1121,1181,9,866,1023,1005,9,841,1094,990,10,8,1339,1774,1931,9,9,742,1480,1795,1977,11,8,871,639,729,9,8,472,568,9,9,501,Default,
226082,388,422,411,965,1445,1474,9,1554,1844,2051,9,896,1119,1178,10,867,1023,1005,9,842,1097,991,9,9,1339,1777,1936,8,9,746,1482,1800,1985,9,9,874,645,737,10,9,475,573,10,8,505,Default,
226098,385,418,407,961,1439,1468,8,1554,1842,2045,9,895,1115,1174,9,866,1022,1004,9,842,1098,993,9,8,1339,1778,1937,9,8,750,1486,1804,1989,11,8,880,650,742,10,8,480,576,8,9,507,Default,
226114,383,415,405,961,1438,1467,8,1552,1839,2043,9,894,1115,1174,8,866,1020,1000,9,842,1098,994,10,8,1343,1781,1940,9,9,751,1488,1806,1994,8,8,883,651,745,8,8,482,580,8,9,510,Default,
226130,385,418,408,963,1441,1470,9,1554,1842,2044,10,895,1114,1176,9,866,1021,1003,11,844,1100,995,8,8,1344,1783,1942,9,8,754,1490,1809,1998,11,8,886,655,750,9,9,485,582,8,9,513,Default,
226146,386,419,410,964,1442,1471,8,1554,1843,2047,8,895,1116,1177,7,868,1023,1005,9,846,1102,996,8,7,1346,1784,1943,9,8,753,1492,1810,2001,8,8,887,658,753,9,8,487,583,8,9,514,Default,
226162,387,419,408,966,1443,1471,8,1558,1844,2048,9,899,1119,1177,8,870,1024,1006,9,849,1105,1000,9,8,1349,1790,1948,9,9,762,1497,1815,2006,9,8,894,663,759,9,8,493,584,8,8,518,Default,
226178,386,418,407,967,1442,1471,9,1561,1845,2050,11,900,1119,1180,9,874,1028,1007,9,854,1110,1003,9,9,1354,1793,1952,8,9,766,1503,1821,2016,9,8,898,667,764,9,9,493,588,10,8,519,Default,
226194,385,419,407,968,1443,1471,8,1562,1848,2052,9,901,1119,1180,9,874,1028,1009,9,857,1115,1010,9,8,1356,1796,1958,9,8,771,1508,1827,2023,9,8,904,672,771,10,9,497,592,8,8,522,Default,
226210,386,418,407,969,1444,1472,8,1563,1847,2052,10,903,1120,1181,9,876,1028,1010,9,858,1116,1011,9,8,1358,1799,1960,9,8,776,1511,1829,2027,9,8,909,676,775,9,8,503,596,8,8,526,Default,
226226,385,418,408,969,1443,1473,8,1566,1846,2053,11,903,1119,1181,8,874,1027,1007,10,859,1117,1010,11,9,1359,1798,1960,9,8,779,1510,1832,2030,11,8,912,676,775,9,9,503,596,9,9,527,Default,
226242,389,421,410,970,1448,1476,8,1566,1850,2054,11,903,1122,1181,9,875,1028,1008,9,858,1115,1010,8,8,1359,1801,1961,9,8,779,1512,1831,2027,9,9,912,676,775,9,8,504,596,8,9,528,Default,
226258,392,425,414,973,1451,1479,8,1568,1853,2058,11,903,1123,1183,9,875,1028,1010,9,857,1113,1007,9,8,1359,1799,1960,9,9,776,1509,1829,2024,10,8,910,674,771,9,8,501,595,8,9,526,Default,
226274,395,428,417,974,1455,1483,8,1571,1858,2061,9,904,1123,1184,8,875,1028,1009,9,856,1111,1007,8,8,1359,1799,1958,9,9,775,1509,1828,2022,9,8,910,672,771,9,8,501,592,7,9,525,Default,
226290,397,431,419,975,1458,1487,8,1574,1861,2065,10,904,1126,1185,9,876,1028,1009,9,854,1111,1005,9,8,1359,1799,1958,9,8,770,1508,1826,2019,9,8,906,671,767,9,8,499,590,9,9,522,Default,
226306,400,434,422,977,1460,1490,8,1575,1863,2068,9,906,1127,1185,9,876,1028,1010,9,854,1109,1003,9,8,1359,1799,1956,9,9,769,1505,1826,2016,9,9,907,669,765,11,9,497,587,8,9,522,Default,
226322,404,437,425,978,1463,1493,10,1576,1865,2068,10,906,1127,1187,10,872,1025,1006,8,850,1103,999,8,8,1355,1794,1952,10,8,769,1501,1820,2009,9,8,905,659,754,8,9,493,584,8,9,519,Default,
226338,407,441,428,978,1465,1495,8,1576,1865,2069,10,905,1127,1186,9,870,1022,1004,9,844,1097,992,9,8,1352,1790,1949,9,9,768,1495,1815,2001,9,8,903,650,743,9,8,490,580,9,8,516,Default,
226354,410,446,431,978,1468,1498,10,1576,1867,2072,9,904,1126,1187,8,866,1019,1000,8,841,1090,986,10,8,1349,1786,1944,9,8,763,1490,1808,1989,9,8,899,643,735,8,8,483,578,8,9,511,Default,
226370,414,449,435,981,1472,1503,9,1577,1869,2073,11,904,1126,1186,8,863,1017,999,10,837,1086,980,9,9,1345,1780,1938,8,8,762,1484,1802,1982,10,8,896,637,727,9,9,480,576,9,9,510,Default,
226386,415,451,439,981,1477,1507,8,1577,1870,2074,8,904,1127,1186,8,862,1016,997,9,833,1081,974,9,8,1342,1774,1931,9,9,754,1479,1795,1970,8,8,887,631,720,8,8,474,572,9,9,506,Default,
226402,417,454,439,982,1480,1510,8,1576,1870,2076,9,903,1127,1187,9,859,1013,994,10,825,1073,966,10,8,1339,1771,1929,9,9,754,1475,1790,1962,9,9,889,625,713,10,8,469,567,8,10,504,Default,
226418,417,456,441,980,1480,1513,10,1576,1869,2075,9,903,1125,1187,9,854,1009,990,9,819,1066,961,9,9,1333,1764,1923,8,8,749,1468,1782,1953,10,9,883,617,704,10,8,462,563,10,8,499,Default,
226434,420,458,443,981,1484,1514,9,1575,1870,2075,9,903,1126,1185,9,850,1003,987,9,809,1057,949,9,9,1327,1757,1914,9,8,743,1461,1772,1939,9,8,878,607,692,9,8,456,551,8,9,491,Default,
226450,423,461,447,981,1488,1518,8,1578,1872,2077,9,901,1126,1186,9,847,1003,986,9,804,1050,941,9,8,1321,1750,1907,9,8,741,1455,1765,1928,9,8,874,597,680,10,9,451,547,8,8,485,Default,
226466,426,464,450,983,1492,1522,9,1582,1877,2082,9,903,1127,1188,9,849,1005,987,9,805,1051,944,9,9,1320,1749,1907,9,8,741,1452,1762,1927,9,9,875,595,677,9,9,450,541,8,9,483,Default,
226482,427,464,450,986,1497,1527,8,1585,1883,2088,10,904,1130,1190,9,851,1006,990,9,808,1056,947,9,8,1322,1750,1907,9,9,742,1454,1765,1927,9,8,874,593,676,10,8,448,536,8,9,480,Default,
226498,430,467,452,990,1501,1533,8,1589,1887,2093,9,907,1133,1194,9,853,1008,992,10,812,1058,950,10,8,1324,1753,1910,9,8,741,1455,1766,1927,9,9,874,588,671,9,8,447,533,8,8,478,Default,
226514,431,472,457,991,1505,1539,9,1592,1894,2097,10,909,1136,1197,8,854,1011,994,8,813,1060,952,9,9,1324,1753,1910,8,9,740,1454,1763,1925,10,8,870,583,662,9,9,443,526,10,8,473,Default,
226530,435,472,458,994,1510,1542,8,1594,1895,2099,10,911,1139,1200,8,854,1011,994,9,812,1058,951,9,8,1323,1752,1906,9,8,735,1451,1760,1918,9,8,864,571,645,9,8,435,516,9,10,465,Default,
226546,436,476,462,995,1514,1547,8,1595,1900,2102,11,912,1140,1202,9,855,1012,995,10,811,1057,949,9,8,1318,1747,1899,9,8,728,1445,1753,1906,9,8,857,560,631,9,8,429,505,8,9,460,Default,
226562,442,481,468,997,1519,1551,8,1596,1903,2102,11,912,1141,1201,9,854,1011,994,9,808,1053,945,9,9,1314,1739,1891,10,8,719,1438,1745,1894,8,9,847,546,613,9,9,418,491,11,8,449,Default,
226578,444,485,471,998,1523,1554,9,1595,1902,2101,10,912,1141,1201,8,852,1009,994,10,803,1048,939,9,8,1309,1735,1884,9,8,713,1434,1738,1883,8,8,841,532,596,10,9,411,482,8,8,443,Default,
226594,442,484,469,997,1525,1556,8,1595,1903,2101,9,909,1139,1200,8,849,1008,988,9,800,1043,935,9,8,1305,1730,1878,9,9,708,1430,1733,1877,9,7,834,524,586,8,8,406,477,9,9,439,Default,
226610,445,485,471,999,1528,1558,8,1596,1905,2101,10,911,1141,1201,9,849,1007,990,8,799,1044,935,8,9,1304,1730,1878,9,9,708,1429,1731,1874,9,8,833,518,578,9,9,402,472,7,9,436,Default,
226626,444,485,472,999,1531,1562,8,1596,1906,2103,9,909,1140,1200,7,849,1006,988,9,798,1040,932,9,8,1302,1727,1873,8,8,704,1426,1728,1869,8,8,829,515,574,8,8,400,471,9,9,434,Default,
226642,445,486,471,999,1531,1563,9,1594,1905,2102,11,908,1140,1198,9,845,1003,986,10,794,1037,928,11,10,1297,1723,1869,9,9,700,1419,1720,1858,9,8,825,510,567,11,9,396,468,8,10,432,Default,
226658,446,487,473,999,1533,1566,9,1593,1905,2101,9,907,1138,1198,8,844,1002,983,9,788,1032,922,8,9,1294,1718,1863,9,9,699,1415,1715,1850,9,8,822,505,561,10,9,393,464,8,8,429,Default,
226674,448,489,476,1000,1537,1569,8,1595,1907,2104,10,908,1140,1199,9,843,1002,984,8,787,1031,922,10,8,1293,1716,1862,9,9,698,1413,1712,1845,9,8,820,503,558,9,9,393,463,8,9,428,Default,
226690,451,493,479,1003,1542,1576,8,1596,1911,2106,10,910,1143,1202,9,845,1003,985,9,789,1033,924,9,8,1295,1717,1864,9,9,698,1413,1713,1848,9,9,822,501,557,9,8,389,465,9,9,428,Default,
226706,452,493,480,1004,1543,1578,10,1597,1911,2109,9,909,1142,1202,9,845,1004,986,9,792,1035,927,9,9,1297,1718,1864,8,8,699,1412,1715,1848,10,9,820,503,558,10,9,390,464,10,8,428,Default,
226722,453,494,481,1005,1544,1579,9,1599,1913,2110,9,910,1143,1203,8,845,1003,986,10,791,1034,926,10,8,1297,1719,1865,11,8,696,1414,1714,1848,10,8,820,502,558,10,10,389,464,8,9,427,Default,
226738,453,495,481,1004,1543,1578,8,1596,1911,2109,9,907,1141,1202,9,844,1001,984,8,789,1032,924,8,8,1293,1716,1861,9,8,692,1412,1711,1843,9,9,816,501,555,12,11,388,464,10,12,427,Default,
226754,454,494,483,1002,1542,1575,9,1592,1907,2105,10,908,1140,1200,9,840,996,980,9,779,1023,915,8,9,1287,1707,1853,9,8,684,1406,1704,1836,11,8,806,496,551,10,9,383,464,8,8,424,Default,
226770,454,494,482,1000,1539,1574,8,1588,1905,2104,9,907,1139,1199,9,837,994,978,10,776,1019,911,9,8,1284,1701,1849,8,8,677,1403,1700,1832,10,8,800,494,549,9,8,381,462,8,9,423,Default,
226786,451,493,480,999,1537,1571,8,1587,1901,2101,9,905,1137,1198,9,836,992,977,8,776,1019,911,9,8,1281,1701,1848,9,9,679,1404,1700,1832,9,8,802,496,551,10,8,381,460,9,10,423,Default,
226802,451,492,478,996,1532,1567,9,1585,1896,2096,9,905,1134,1196,9,834,991,975,8,778,1019,910,9,10,1283,1702,1850,9,8,682,1403,1700,1832,9,8,804,498,555,9,8,383,463,8,9,426,Default,
226818,450,491,478,994,1529,1562,9,1584,1894,2095,9,904,1134,1194,9,832,989,972,8,776,1017,909,9,8,1283,1702,1851,9,8,683,1405,1702,1834,9,8,806,501,559,9,8,385,464,8,10,427,Default,
226834,447,488,475,994,1526,1560,9,1582,1891,2093,8,903,1133,1193,8,830,986,970,9,776,1017,909,8,8,1283,1703,1849,9,9,684,1405,1701,1836,9,8,807,501,561,9,8,387,464,8,8,427,Default,
226850,447,487,473,994,1523,1558,10,1583,1886,2092,10,903,1131,1192,10,832,988,972,9,779,1020,912,9,9,1285,1703,1853,9,8,688,1406,1704,1840,11,8,812,509,567,10,8,390,468,10,8,429,Default,
226866,445,487,472,992,1519,1556,8,1581,1884,2089,8,901,1131,1190,8,833,990,972,8,779,1021,914,9,8,1286,1705,1854,9,8,689,1409,1706,1845,8,9,815,511,572,9,8,393,471,8,8,431,Default,
226882,444,485,471,992,1518,1553,8,1579,1884,2087,9,901,1130,1191,9,833,988,972,9,779,1022,914,10,8,1288,1708,1857,9,8,692,1412,1711,1849,9,8,818,514,575,9,8,395,474,9,9,433,Default,
226898,442,480,465,991,1514,1550,9,1579,1882,2085,9,901,1130,1189,9,833,989,972,9,782,1023,914,8,8,1289,1708,1859,8,8,693,1413,1712,1852,8,8,820,516,578,9,9,397,476,9,8,434,Default,
226914,441,480,465,992,1516,1550,8,1579,1882,2084,9,901,1129,1189,9,835,989,972,9,780,1023,914,10,8,1289,1709,1859,9,9,694,1414,1712,1853,10,9,821,517,580,11,9,398,478,9,8,435,Default,
226930,439,479,464,990,1514,1548,8,1579,1882,2084,9,903,1130,1190,9,834,989,973,10,781,1024,914,10,8,1290,1710,1861,9,9,696,1416,1714,1855,9,8,822,519,582,9,9,400,479,9,9,435,Default,
226946,436,474,460,989,1509,1539,8,1579,1878,2080,10,903,1129,1188,9,837,991,975,9,783,1028,919,8,9,1293,1713,1865,9,9,700,1421,1719,1862,9,8,825,525,591,9,8,403,485,7,9,440,Default,
226962,431,469,456,986,1501,1532,8,1575,1873,2078,11,903,1127,1188,8,837,993,978,8,791,1034,926,10,9,1297,1719,1872,9,9,707,1426,1728,1873,9,8,834,537,604,10,9,412,493,8,9,443,Default,
226978,427,465,451,982,1493,1524,8,1571,1867,2072,9,900,1125,1185,9,841,996,979,10,797,1041,932,9,8,1302,1727,1882,9,9,714,1434,1737,1890,9,8,843,548,620,10,8,418,505,8,9,451,Default,
226994,424,462,447,978,1484,1515,8,1564,1860,2063,10,900,1123,1183,9,841,996,980,9,800,1044,936,9,9,1305,1731,1886,9,9,719,1438,1744,1900,10,8,850,559,634,9,8,425,509,8,8,456,Default,
227010,424,461,447,977,1481,1512,9,1562,1859,2062,10,898,1121,1181,9,841,994,980,9,800,1046,937,9,8,1307,1732,1890,9,9,725,1440,1746,1905,10,8,857,566,642,9,8,431,516,9,9,460,Default,
227026,422,461,447,977,1481,1513,9,1562,1858,2061,9,896,1119,1179,9,841,995,979,9,800,1047,938,11,8,1309,1736,1891,9,9,726,1442,1749,1906,9,9,861,568,645,9,8,432,517,9,10,464,Default,
227042,422,460,446,978,1481,1511,8,1561,1857,2060,8,898,1119,1179,9,842,996,980,9,804,1049,941,9,9,1313,1740,1895,9,9,730,1446,1755,1914,9,8,865,572,650,9,10,434,519,11,8,465,Default,
227058,414,451,438,975,1473,1504,8,1560,1851,2054,11,897,1118,1178,9,845,998,982,10,810,1057,949,9,8,1320,1746,1905,9,9,737,1454,1763,1927,9,9,874,587,666,9,8,446,528,8,9,474,Default,
227074,407,444,431,971,1465,1493,8,1557,1844,2048,9,894,1115,1175,8,845,999,983,8,816,1066,957,9,8,1324,1753,1911,9,8,742,1459,1771,1940,8,8,881,596,679,9,8,453,535,9,9,481,Default,
227090,406,440,428,970,1460,1489,8,1554,1842,2043,9,895,1114,1173,9,845,999,983,9,819,1070,963,8,8,1328,1757,1917,9,8,750,1466,1779,1950,9,8,888,608,691,9,9,464,540,7,9,488,Default,
227106,405,439,427,968,1458,1488,9,1554,1840,2043,9,893,1112,1172,8,846,999,984,9,821,1072,963,8,7,1329,1759,1919,9,9,752,1467,1782,1956,8,9,891,611,695,8,8,466,544,9,9,490,Default,
227122,406,441,428,970,1460,1491,8,1555,1842,2046,9,892,1112,1172,9,847,1000,984,9,820,1072,965,10,8,1330,1761,1922,8,8,754,1469,1784,1959,9,8,895,613,698,9,9,469,547,8,8,493,Default,
227138,409,444,432,973,1463,1492,9,1558,1847,2050,9,895,1115,1174,9,849,1002,986,8,825,1075,967,8,8,1332,1763,1923,9,8,757,1471,1787,1960,9,8,894,615,700,10,8,470,547,8,8,493,Default,
227154,410,446,433,975,1468,1497,8,1562,1851,2055,9,899,1118,1177,9,852,1004,989,10,827,1077,970,10,8,1336,1766,1927,9,9,759,1475,1790,1965,9,9,899,617,702,10,8,472,547,8,10,494,Default,
227170,411,446,434,977,1468,1497,9,1565,1853,2057,10,901,1120,1180,9,855,1007,992,9,833,1085,977,9,8,1339,1770,1931,9,9,762,1479,1795,1974,9,8,900,621,708,9,8,474,549,9,10,497,Default,
227186,410,444,432,978,1466,1496,9,1567,1852,2058,11,903,1122,1182,8,857,1011,994,9,843,1095,990,9,9,1343,1778,1939,8,9,764,1484,1803,1985,10,8,904,626,713,9,9,476,555,10,8,500,Default,
227202,406,439,428,978,1464,1494,8,1570,1854,2059,9,903,1123,1182,9,860,1015,999,10,849,1105,999,9,8,1349,1784,1945,8,8,766,1490,1811,1995,9,8,907,633,721,11,9,482,555,9,9,502,Default,
227218,399,434,422,976,1460,1488,8,1567,1853,2057,10,905,1124,1184,9,865,1018,1003,10,853,1112,1007,10,8,1354,1790,1953,8,8,777,1496,1817,2006,9,8,916,643,736,9,8,489,564,8,8,509,Default,
227234,396,428,418,972,1452,1481,9,1563,1848,2053,9,905,1123,1184,8,865,1020,1003,9,858,1115,1010,9,9,1356,1794,1958,8,8,783,1501,1823,2017,9,8,920,650,742,9,9,495,571,9,9,516,Default,
227250,388,421,412,968,1445,1472,8,1558,1841,2047,12,901,1119,1181,11,865,1019,1005,8,858,1116,1013,9,9,1356,1794,1959,8,9,785,1501,1824,2018,9,8,923,655,750,9,8,499,578,8,9,520,Default,
227266,385,418,407,964,1438,1467,8,1553,1833,2042,9,899,1117,1178,9,862,1017,1002,9,858,1118,1012,9,8,1356,1795,1962,9,9,788,1503,1824,2023,9,8,927,658,754,9,8,502,581,9,10,524,Default,
227282,384,416,406,961,1429,1459,9,1547,1823,2032,10,896,1113,1174,9,861,1014,999,10,859,1117,1012,8,9,1356,1793,1963,9,9,791,1502,1824,2024,9,9,929,661,758,9,9,505,586,8,8,526,Default,
227298,380,411,402,956,1422,1450,8,1544,1816,2027,9,892,1108,1170,9,859,1013,998,8,858,1117,1013,9,8,1355,1793,1961,9,8,790,1501,1824,2027,9,8,929,665,764,9,8,507,590,8,9,529,Default,
227314,373,405,394,951,1414,1439,8,1538,1810,2019,9,891,1105,1166,8,857,1011,996,8,858,1118,1012,9,8,1354,1792,1962,9,8,791,1502,1826,2030,9,8,931,667,768,8,8,509,588,8,8,530,Default,
227330,365,397,388,946,1403,1430,8,1532,1802,2010,8,887,1100,1160,9,854,1007,992,9,856,1116,1011,8,8,1352,1790,1961,9,8,795,1501,1825,2031,9,8,935,672,773,10,9,512,591,8,8,531,Default,
227346,359,390,381,941,1395,1421,9,1523,1793,2002,8,879,1095,1154,8,850,1003,989,8,851,1113,1008,10,8,1348,1789,1960,8,8,796,1497,1823,2031,9,8,936,672,775,8,8,514,592,9,9,534,Default,
227362,356,386,377,936,1387,1415,8,1521,1787,1994,9,876,1090,1148,8,846,1001,986,10,849,1112,1007,10,8,1347,1787,1960,10,9,798,1496,1822,2031,9,8,939,672,775,10,9,514,595,8,8,534,Default,
227378,352,381,372,932,1380,1409,9,1516,1779,1989,9,871,1082,1140,8,842,997,982,9,845,1109,1004,9,9,1343,1784,1959,8,8,800,1493,1820,2031,10,8,941,675,778,9,9,514,596,9,9,534,Default,
227394,351,381,370,928,1371,1401,8,1511,1773,1981,10,868,1078,1137,9,840,991,978,9,844,1109,1003,9,8,1342,1783,1958,9,8,801,1492,1819,2031,9,8,942,675,779,11,9,516,596,8,8,536,Default,
227410,348,378,368,923,1362,1392,8,1504,1766,1973,9,863,1072,1130,9,838,990,975,9,842,1106,1000,9,8,1339,1782,1958,9,8,804,1492,1819,2032,10,8,945,677,783,9,8,517,596,8,8,537,Default,
227426,346,373,366,917,1353,1384,8,1496,1757,1964,9,856,1066,1124,9,834,987,973,8,837,1102,994,9,9,1335,1779,1956,10,8,807,1488,1819,2032,9,8,950,680,787,8,8,520,600,8,9,540,Default,
227442,341,370,360,914,1348,1377,8,1491,1753,1958,9,854,1065,1121,8,828,981,967,9,831,1095,988,9,8,1331,1776,1953,8,8,808,1484,1816,2031,9,9,953,679,786,9,8,520,602,8,8,541,Default,
227458,338,368,357,910,1343,1371,8,1485,1746,1952,11,850,1061,1118,11,824,978,964,9,826,1091,984,11,9,1329,1774,1951,11,9,810,1480,1813,2029,11,10,953,680,787,11,8,520,602,10,8,543,Default,
227474,339,368,359,907,1340,1370,8,1480,1742,1948,10,845,1057,1114,9,820,974,961,8,824,1088,980,8,9,1325,1771,1949,9,8,811,1476,1812,2027,10,8,953,678,785,11,8,520,602,8,8,542,Default,
227490,339,368,359,905,1339,1366,8,1476,1740,1944,10,845,1055,1113,9,817,970,957,9,821,1086,978,10,8,1322,1770,1948,9,10,811,1474,1812,2028,9,8,954,679,787,9,8,521,604,8,9,542,Default,
227506,335,365,355,903,1332,1359,8,1469,1732,1936,9,842,1053,1110,8,816,972,958,10,820,1087,978,10,8,1322,1771,1949,9,9,814,1474,1813,2030,11,8,958,683,791,10,9,525,605,8,9,545,Default,
227522,331,360,350,895,1318,1347,10,1458,1720,1925,10,837,1046,1103,8,813,970,954,9,821,1088,979,9,9,1319,1770,1950,8,8,818,1471,1813,2033,8,9,961,690,799,9,9,527,608,9,8,546,Default,
227538,327,357,348,888,1308,1336,8,1450,1711,1916,9,831,1040,1097,8,805,961,947,9,819,1086,978,10,8,1317,1770,1948,9,9,819,1471,1814,2035,9,8,964,692,802,9,8,530,611,8,9,549,Default,
227554,328,357,348,885,1305,1330,9,1445,1706,1911,8,829,1038,1095,7,795,947,933,8,817,1082,975,9,7,1314,1767,1947,8,8,820,1469,1811,2035,8,8,965,694,804,9,8,530,613,10,8,550,Default,
227570,329,357,349,883,1299,1326,9,1443,1703,1908,9,829,1036,1094,8,792,945,931,8,814,1078,970,9,9,1313,1766,1946,8,8,822,1467,1811,2034,11,8,967,692,803,9,9,531,614,10,9,551,Default,
227586,326,356,348,880,1299,1326,8,1439,1701,1906,8,821,1032,1090,8,787,941,928,8,808,1073,964,8,8,1308,1762,1943,9,8,822,1463,1807,2031,8,8,969,691,803,8,8,532,614,9,8,551,Default,
227602,326,356,347,881,1301,1328,8,1439,1702,1906,9,823,1032,1089,9,786,939,925,9,806,1073,962,10,8,1309,1763,1944,9,8,825,1463,1808,2031,9,8,971,693,803,9,8,533,616,8,9,551,Default,
227618,325,354,345,880,1298,1326,8,1437,1699,1903,9,822,1029,1088,9,785,938,926,10,808,1074,965,6,9,1309,1764,1946,9,9,828,1464,1810,2033,9,8,974,696,808,9,8,535,617,9,8,554,Default,
227634,321,351,344,876,1288,1314,8,1433,1692,1894,9,820,1028,1085,9,786,938,926,10,810,1076,967,9,8,1310,1765,1948,9,9,830,1466,1812,2039,9,8,978,703,817,10,8,539,620,8,9,555,Default,
227650,320,348,339,870,1273,1301,8,1428,1686,1888,10,819,1025,1082,9,785,936,925,8,809,1077,968,8,8,1309,1765,1948,9,8,831,1468,1812,2043,9,8,979,707,825,10,9,543,620,8,8,556,Default,
227666,318,345,337,865,1265,1293,9,1422,1679,1881,10,816,1022,1079,8,783,936,924,9,808,1074,964,9,9,1310,1764,1949,8,9,834,1466,1813,2045,9,8,982,709,826,9,9,543,622,10,8,558,Default,
227682,316,344,338,863,1264,1291,8,1421,1679,1880,10,815,1021,1078,9,781,931,920,8,804,1069,959,10,8,1307,1763,1948,9,8,835,1466,1814,2044,9,8,982,709,826,9,8,546,623,8,9,559,Default,
227698,316,344,336,864,1266,1293,8,1420,1679,1880,9,813,1020,1078,8,779,930,920,8,801,1065,956,9,8,1305,1763,1948,9,8,834,1464,1812,2043,9,8,982,710,828,9,8,547,625,8,8,559,Default,
227714,316,344,337,866,1269,1297,10,1421,1680,1882,10,816,1022,1081,8,780,932,920,9,801,1065,955,9,9,1306,1763,1949,8,8,835,1463,1813,2045,9,9,982,713,830,9,9,547,626,10,8,559,Default,
227730,316,344,337,867,1271,1299,8,1424,1683,1884,9,816,1023,1082,9,780,931,920,8,802,1067,956,8,8,1308,1764,1951,9,9,837,1466,1815,2046,11,8,984,713,830,9,8,548,625,8,9,561,Default,
227746,315,344,337,866,1268,1293,8,1421,1679,1881,10,816,1023,1081,9,780,929,919,10,801,1067,957,9,8,1309,1766,1951,9,9,836,1468,1816,2049,9,8,986,713,831,9,8,548,626,8,9,561,Default,
227762,310,337,330,862,1263,1289,9,1417,1673,1873,8,814,1019,1077,9,777,926,915,10,799,1065,955,8,8,1306,1763,1950,10,8,837,1465,1814,2047,9,8,984,714,833,9,10,549,627,10,10,563,Default,
227778,310,337,331,860,1260,1285,8,1413,1668,1869,9,813,1019,1077,8,772,920,910,10,794,1059,948,9,8,1304,1760,1948,8,8,837,1463,1811,2047,10,9,986,715,834,9,8,549,627,8,9,563,Default,
227794,311,339,332,860,1260,1286,8,1412,1666,1869,9,812,1018,1076,9,766,917,906,10,790,1050,941,9,8,1299,1756,1944,9,8,833,1458,1810,2043,9,8,982,713,833,8,8,547,625,9,8,563,Default,
227810,312,339,333,860,1264,1289,8,1411,1667,1869,9,812,1018,1076,9,761,912,901,9,784,1048,936,8,9,1297,1753,1942,9,9,833,1456,1806,2039,9,8,982,710,828,9,8,547,626,8,8,561,Default,
227826,315,341,335,862,1268,1294,9,1413,1671,1873,8,812,1019,1077,10,762,913,903,9,784,1045,934,8,7,1297,1753,1940,8,8,832,1455,1806,2036,9,8,982,704,820,8,9,545,622,9,9,559,Default,
227842,315,344,336,865,1272,1298,8,1416,1674,1875,9,814,1019,1078,9,763,914,904,8,785,1046,935,10,9,1298,1753,1941,9,8,833,1457,1805,2036,9,9,984,705,820,9,8,544,623,8,9,559,Default,
227858,316,344,336,865,1272,1299,10,1417,1674,1875,9,815,1020,1078,9,762,913,903,9,786,1047,936,9,9,1299,1753,1941,8,8,834,1455,1807,2038,10,8,984,706,822,9,9,546,626,10,8,561,Default,
227874,316,344,336,865,1272,1298,8,1417,1675,1877,11,816,1021,1080,9,763,914,904,8,787,1048,936,8,8,1300,1753,1943,9,9,833,1457,1807,2036,9,8,984,706,823,9,8,546,625,9,9,560,Default,
227890,317,344,336,866,1273,1300,8,1420,1678,1879,9,816,1022,1082,9,764,913,904,9,786,1048,936,9,8,1298,1753,1944,9,9,833,1459,1806,2036,9,8,984,706,821,10,9,546,625,8,8,560,Default,
227906,319,348,339,871,1281,1309,9,1427,1685,1887,9,820,1026,1086,9,771,922,913,9,789,1052,940,8,9,1303,1755,1944,9,9,834,1459,1807,2035,9,9,985,704,818,9,8,544,622,8,9,561,Default,
227922,323,351,344,878,1295,1319,9,1438,1699,1903,9,826,1033,1094,9,779,929,920,9,798,1060,949,9,8,1308,1760,1948,9,8,834,1464,1811,2038,10,8,986,703,817,11,8,544,623,8,8,560,Default,
227938,327,354,346,883,1305,1329,8,1446,1708,1911,10,831,1038,1098,9,784,936,927,9,805,1069,958,9,8,1313,1766,1952,9,8,836,1470,1815,2041,9,8,985,706,819,9,8,545,624,8,9,560,Default,
227954,328,358,348,887,1308,1332,8,1450,1712,1913,9,833,1040,1100,9,788,941,931,10,809,1073,964,8,9,1317,1770,1954,9,9,837,1473,1819,2044,10,8,987,709,823,9,9,547,625,7,8,561,Default,
227970,329,357,348,887,1308,1331,8,1451,1712,1915,9,833,1041,1101,9,789,942,931,10,811,1076,965,9,8,1318,1771,1956,9,9,838,1474,1820,2045,9,8,989,711,825,11,8,547,626,8,8,561,Default,
227986,328,356,349,886,1308,1331,8,1449,1710,1913,9,833,1040,1100,8,787,940,929,9,810,1076,964,9,8,1317,1770,1954,9,8,837,1473,1818,2045,9,8,989,710,825,10,8,547,626,9,9,562,Default,
228002,330,358,350,887,1307,1332,9,1449,1708,1913,10,832,1038,1098,8,787,938,928,9,809,1073,962,9,9,1314,1766,1951,8,8,837,1470,1815,2043,9,8,987,706,820,9,9,546,626,10,9,562,Default,
228018,330,359,352,887,1310,1335,9,1447,1709,1914,9,832,1039,1100,9,785,936,927,9,805,1069,961,10,8,1312,1763,1949,9,9,835,1467,1811,2036,9,9,986,700,814,9,8,543,624,9,9,559,Default,
228034,331,360,352,888,1315,1339,9,1449,1712,1917,8,831,1040,1102,8,784,936,927,9,806,1070,961,8,7,1311,1763,1948,9,8,835,1466,1811,2034,8,8,986,698,810,8,8,543,622,9,9,558,Default,
228050,334,361,353,890,1317,1341,9,1452,1714,1919,9,834,1042,1102,8,787,938,928,8,808,1073,962,9,9,1313,1766,1950,8,9,837,1469,1811,2037,9,8,987,701,813,11,8,544,623,10,9,560,Default,
228066,333,362,353,890,1317,1341,8,1451,1712,1919,9,834,1042,1102,8,786,938,928,8,809,1072,964,9,8,1313,1766,1951,9,8,836,1467,1811,2036,9,8,987,703,816,7,8,545,624,8,8,560,Default,
228082,333,362,354,888,1316,1339,8,1449,1712,1917,10,833,1041,1100,9,785,936,927,8,807,1073,962,9,8,1312,1765,1950,9,9,837,1467,1812,2037,9,9,989,704,818,9,8,546,625,8,9,562,Default,
228098,334,361,355,889,1317,1340,8,1448,1712,1915,9,832,1040,1100,8,783,934,924,8,804,1069,959,8,9,1309,1762,1947,10,8,837,1463,1810,2034,10,8,986,701,815,9,9,544,624,8,8,560,Default,
228114,331,364,353,887,1317,1340,8,1446,1710,1915,9,830,1039,1099,9,777,929,921,9,797,1062,953,8,8,1304,1758,1943,9,9,834,1458,1806,2026,9,8,985,696,808,9,8,542,622,8,9,558,Default,
228130,334,363,356,887,1319,1343,8,1443,1711,1915,9,829,1040,1100,9,771,925,916,9,791,1056,945,9,8,1298,1753,1937,9,8,830,1451,1800,2017,9,8,982,688,798,9,8,537,618,8,9,556,Default,
228146,337,367,358,888,1324,1347,8,1445,1715,1919,10,829,1041,1101,9,770,925,917,9,787,1053,944,8,8,1297,1752,1933,9,9,829,1449,1797,2011,9,8,978,680,789,10,9,533,613,8,8,551,Default,
228162,338,368,360,890,1327,1351,8,1448,1716,1923,9,830,1041,1102,9,772,926,919,9,791,1056,945,10,8,1297,1753,1935,9,8,829,1449,1798,2013,9,9,982,682,791,9,8,535,613,8,10,552,Default,
228178,338,368,359,889,1326,1349,8,1447,1714,1919,9,829,1041,1100,9,771,924,917,9,791,1055,945,9,8,1297,1752,1935,9,9,829,1450,1798,2014,11,8,982,685,795,9,8,536,613,8,8,552,Default,
228194,338,368,359,887,1322,1346,10,1442,1712,1915,9,827,1038,1098,8,769,924,915,9,788,1053,942,8,8,1295,1750,1934,8,8,831,1447,1796,2012,9,8,982,686,795,9,9,536,613,9,8,554,Default,
228210,337,368,360,885,1321,1344,8,1440,1708,1914,9,824,1034,1094,9,762,917,908,10,779,1044,933,9,8,1289,1745,1928,9,9,826,1443,1794,2009,9,8,980,682,792,9,8,534,612,8,8,551,Default,
228226,337,368,360,883,1321,1345,8,1437,1707,1911,9,823,1034,1094,9,758,911,903,9,770,1032,922,10,8,1283,1737,1923,9,8,823,1436,1785,2000,9,8,977,677,785,10,9,532,608,8,9,549,Default,
228242,339,369,361,881,1322,1345,9,1433,1705,1911,10,819,1032,1093,9,751,907,899,9,761,1022,911,8,8,1274,1727,1915,9,8,821,1426,1776,1990,8,8,974,668,775,9,9,526,604,8,8,546,Default,
228258,339,371,362,882,1326,1350,8,1432,1707,1912,9,819,1033,1093,9,749,904,896,9,754,1014,904,9,8,1269,1724,1910,9,9,818,1421,1771,1979,9,9,972,662,766,9,8,523,601,8,8,543,Default,
228274,342,373,365,882,1330,1354,8,1432,1707,1914,9,819,1033,1096,7,748,904,896,8,751,1011,901,9,8,1267,1721,1907,8,8,816,1418,1768,1974,8,8,970,658,762,8,8,522,596,9,10,542,Default,
228290,346,377,368,885,1334,1359,8,1434,1711,1915,9,820,1035,1096,8,746,903,896,8,749,1010,899,8,9,1266,1720,1904,9,9,816,1417,1766,1970,9,9,971,656,758,9,8,520,595,8,8,541,Default,
228306,344,377,368,883,1335,1359,8,1432,1708,1917,9,816,1034,1096,8,745,900,894,8,745,1004,895,9,7,1262,1717,1902,9,8,814,1412,1761,1965,8,8,968,654,758,8,8,521,592,9,8,540,Default,
228322,346,377,369,883,1335,1359,8,1430,1708,1915,9,816,1032,1094,9,742,897,891,8,740,999,887,10,8,1257,1714,1896,9,9,808,1407,1757,1957,10,8,965,652,754,9,8,518,591,9,9,538,Default,
228338,346,378,369,882,1334,1359,9,1429,1706,1913,10,816,1032,1092,8,737,893,886,10,736,993,883,9,9,1254,1709,1892,8,8,806,1402,1753,1953,11,8,962,646,749,10,8,514,588,9,9,534,Default,
228354,345,379,370,880,1334,1360,8,1425,1706,1913,11,812,1031,1090,9,732,889,883,9,730,990,878,10,8,1249,1707,1890,9,8,805,1397,1750,1946,9,8,963,645,745,10,10,514,585,8,8,535,Default,
228370,345,379,370,878,1336,1359,8,1422,1705,1910,9,808,1028,1089,9,732,887,881,9,728,986,876,9,8,1246,1704,1886,9,9,807,1395,1749,1945,10,8,964,645,745,10,9,514,585,8,9,534,Default,
228386,346,378,370,878,1334,1357,8,1421,1702,1910,9,808,1027,1087,8,729,887,880,9,728,986,875,9,9,1245,1703,1886,8,8,807,1397,1749,1948,9,9,965,646,746,9,9,514,585,9,9,534,Default,
228402,345,377,368,877,1332,1354,8,1420,1701,1907,9,805,1024,1085,9,731,887,881,9,728,987,876,11,8,1245,1703,1886,10,8,807,1397,1749,1949,10,8,966,648,750,10,9,517,588,8,9,536,Default,
228418,345,377,368,875,1327,1351,8,1418,1698,1903,9,806,1023,1084,9,729,885,880,8,728,987,876,9,8,1244,1703,1886,9,8,808,1397,1749,1948,9,8,968,650,752,9,8,517,588,8,9,538,Default,
228434,345,377,368,874,1326,1351,8,1415,1696,1902,9,804,1023,1082,9,724,879,874,10,725,983,872,8,10,1241,1701,1883,9,9,808,1394,1748,1948,9,8,968,650,752,9,8,518,588,7,9,538,Default,
228450,348,379,370,874,1329,1351,8,1414,1697,1903,9,804,1023,1083,8,721,878,874,10,721,978,867,9,8,1239,1699,1882,9,8,805,1391,1746,1943,9,9,967,647,748,9,8,517,587,8,8,535,Default,
228466,348,380,371,875,1330,1355,9,1415,1699,1905,11,804,1023,1083,8,722,878,874,10,719,974,863,9,8,1236,1696,1878,9,9,800,1389,1741,1938,9,8,961,641,741,10,8,510,584,8,9,531,Default,
228482,348,380,371,876,1333,1358,9,1417,1699,1905,9,804,1023,1084,10,722,878,872,9,719,972,862,9,9,1236,1694,1874,9,8,800,1387,1737,1931,9,9,957,635,733,9,8,505,580,8,8,528,Default,
228498,348,381,372,876,1334,1359,8,1416,1699,1905,10,806,1024,1084,9,722,876,871,9,717,970,859,9,8,1235,1692,1873,8,8,797,1386,1737,1927,9,9,958,634,733,9,8,505,577,8,8,526,Default,
228514,348,381,372,875,1333,1357,8,1415,1699,1904,9,803,1023,1083,8,721,876,869,9,717,970,859,8,8,1235,1692,1872,8,8,796,1385,1736,1927,8,8,956,636,734,8,8,506,577,8,8,526,Default,
228530,348,381,371,875,1331,1356,9,1416,1696,1902,11,804,1021,1081,9,719,873,866,9,717,969,858,9,9,1234,1690,1869,8,9,798,1384,1734,1926,10,8,955,635,733,9,9,505,577,10,8,526,Default,
228546,348,381,372,874,1331,1355,8,1413,1693,1899,9,803,1019,1081,8,717,870,864,9,714,965,854,9,7,1231,1687,1865,9,8,791,1384,1731,1923,8,8,951,633,732,8,8,503,576,9,9,524,Default,
228562,348,381,373,874,1332,1355,8,1413,1695,1899,9,800,1019,1079,8,718,869,865,9,711,963,852,11,8,1231,1686,1865,9,8,791,1381,1730,1919,9,9,952,631,729,10,8,501,573,8,9,522,Default,
228578,351,381,373,875,1334,1358,8,1416,1697,1903,9,802,1020,1080,9,718,871,866,10,712,965,853,8,9,1231,1687,1865,8,8,791,1382,1729,1917,9,9,950,628,725,9,9,500,571,8,9,521,Default,
228594,352,384,375,878,1339,1362,8,1421,1703,1908,9,807,1025,1085,9,722,875,870,11,716,968,857,10,8,1235,1690,1868,9,8,791,1385,1731,1918,9,8,949,629,725,9,9,500,571,8,8,519,Default,
228610,352,385,377,882,1342,1366,8,1429,1709,1915,9,811,1030,1090,9,730,886,879,9,721,974,862,9,8,1241,1695,1872,9,9,791,1390,1736,1923,9,8,952,630,726,9,8,500,572,9,9,519,Default,
228626,354,386,377,885,1344,1368,8,1435,1713,1919,10,816,1035,1096,9,737,891,885,8,727,982,869,8,8,1246,1698,1876,9,9,795,1396,1741,1929,11,8,954,632,729,11,8,501,573,8,8,521,Default,
228642,354,385,377,888,1347,1371,8,1439,1717,1924,9,819,1037,1098,9,742,898,892,9,731,988,876,9,8,1252,1703,1881,9,8,798,1400,1743,1933,10,9,957,633,730,9,8,503,574,8,8,522,Default,
228658,354,387,377,890,1348,1372,8,1441,1720,1927,10,821,1039,1100,9,746,902,896,10,737,994,882,11,8,1255,1705,1884,9,9,799,1405,1747,1937,9,8,957,634,731,9,8,503,575,8,9,522,Default,
228674,356,389,380,891,1351,1374,10,1446,1722,1929,11,823,1042,1104,8,747,903,897,9,743,1001,889,10,8,1258,1708,1886,8,8,800,1405,1749,1940,9,8,958,634,731,9,9,504,576,9,8,523,Default,
228690,357,389,381,894,1354,1376,8,1451,1726,1932,9,825,1044,1104,9,751,907,900,9,748,1006,894,10,8,1261,1712,1890,9,8,800,1409,1752,1940,9,8,958,636,733,11,9,505,577,8,9,524,Default,
228706,358,391,382,896,1355,1378,8,1455,1728,1936,9,828,1045,1106,9,756,912,906,10,752,1011,899,9,8,1265,1714,1892,9,9,802,1415,1754,1945,11,8,960,638,733,9,9,506,578,8,9,524,Default,
228722,357,391,382,898,1356,1380,9,1459,1730,1938,10,830,1046,1107,9,759,916,908,9,762,1019,908,9,9,1271,1719,1898,8,9,806,1421,1760,1955,9,8,964,640,739,9,9,507,581,10,8,526,Default,
228738,359,390,382,899,1356,1379,8,1459,1732,1939,9,830,1047,1107,8,763,919,912,9,766,1026,915,10,8,1276,1724,1904,9,8,810,1427,1766,1962,9,8,968,647,746,10,9,514,584,8,8,530,Default,
228754,357,390,381,900,1356,1379,8,1461,1732,1939,9,830,1047,1108,8,767,923,915,9,775,1033,922,10,8,1279,1728,1908,8,8,812,1432,1772,1972,8,8,970,651,753,8,8,517,588,8,8,531,Default,
228770,359,390,381,902,1355,1380,9,1463,1732,1940,10,833,1046,1108,10,771,924,917,9,779,1037,926,9,9,1283,1731,1911,9,8,817,1435,1774,1975,9,8,974,656,758,9,8,519,591,8,9,535,Default,
228786,358,390,381,903,1357,1380,9,1463,1733,1940,9,833,1048,1109,8,771,925,918,8,780,1040,928,9,8,1284,1732,1912,9,8,816,1437,1776,1977,10,8,976,659,761,8,8,522,588,8,8,535,Default,
228802,359,390,381,904,1357,1381,8,1466,1735,1942,9,834,1048,1109,9,775,928,921,9,784,1043,932,9,8,1289,1739,1919,8,8,823,1441,1780,1981,9,8,982,660,765,11,8,523,592,8,8,538,Default,
228818,357,390,381,907,1358,1381,9,1468,1736,1942,10,837,1049,1111,9,781,932,924,9,788,1048,937,8,8,1294,1743,1923,9,9,825,1447,1787,1990,9,8,982,667,771,9,8,526,594,8,8,539,Default,
228834,357,388,379,907,1355,1378,8,1471,1737,1943,9,837,1048,1110,8,784,936,928,9,798,1060,947,9,8,1301,1752,1932,9,8,829,1457,1796,2006,11,8,988,675,782,9,8,532,601,8,10,544,Default,
228850,355,385,376,906,1348,1371,8,1469,1732,1938,9,837,1047,1108,9,789,940,932,9,808,1071,959,9,8,1310,1759,1941,9,9,836,1467,1805,2016,9,8,993,684,793,10,8,539,609,8,9,549,Default,
228866,350,379,372,903,1339,1362,10,1467,1727,1932,9,839,1047,1107,8,791,942,933,9,817,1080,968,8,8,1317,1765,1948,8,8,842,1475,1812,2030,10,8,999,694,805,10,9,547,617,10,8,555,Default,
228882,348,377,368,901,1332,1355,8,1464,1725,1928,9,838,1047,1106,9,795,943,935,11,821,1085,974,8,8,1320,1770,1952,9,8,843,1479,1819,2037,9,8,1002,700,812,9,8,551,621,8,9,559,Default,
228898,346,375,368,901,1330,1354,8,1465,1724,1927,9,838,1046,1106,9,795,945,936,9,822,1088,977,9,8,1322,1772,1955,9,9,846,1481,1821,2041,9,8,1003,704,816,9,9,552,624,8,9,560,Default,
228914,347,376,368,901,1330,1354,8,1465,1724,1927,10,839,1047,1106,8,796,945,936,9,825,1090,978,8,9,1324,1774,1957,9,8,849,1482,1824,2043,9,8,1005,707,820,9,8,554,626,8,8,561,Default,
228930,348,376,368,902,1331,1354,8,1466,1726,1930,9,839,1046,1106,8,797,946,937,9,827,1093,982,10,9,1326,1777,1960,9,8,850,1485,1826,2048,9,8,1008,709,823,9,8,555,629,8,10,563,Default,
228946,344,373,364,901,1329,1354,8,1467,1726,1929,10,839,1047,1107,9,799,947,937,9,829,1095,986,9,8,1326,1779,1962,9,8,850,1486,1830,2052,9,8,1008,713,826,9,9,557,630,8,9,565,Default,
228962,343,373,364,900,1326,1351,9,1466,1725,1927,9,840,1047,1107,8,799,947,937,9,830,1096,986,8,8,1327,1781,1964,9,8,854,1487,1831,2057,9,8,1009,715,830,9,8,559,633,8,8,567,Default,
228978,341,370,362,899,1323,1349,8,1465,1722,1927,9,840,1047,1106,9,798,947,939,9,832,1098,988,9,8,1328,1781,1965,8,8,856,1490,1834,2060,9,8,1011,721,836,9,9,561,633,8,9,568,Default,
228994,341,369,360,897,1321,1346,9,1463,1720,1925,8,838,1044,1105,8,800,949,938,8,834,1100,989,8,8,1329,1782,1965,9,8,855,1490,1835,2062,9,8,1011,722,841,8,8,563,632,8,8,569,Default,
229010,341,370,362,898,1319,1344,9,1463,1718,1923,9,838,1044,1103,8,800,948,939,9,833,1101,990,8,8,1330,1782,1968,8,8,857,1492,1836,2065,9,8,1014,724,841,9,9,562,634,10,8,570,Default,
229026,339,368,360,896,1314,1340,8,1463,1714,1920,8,837,1043,1103,8,801,949,940,8,834,1102,992,8,8,1330,1785,1970,8,8,858,1496,1837,2069,9,8,1015,724,846,8,8,567,634,9,9,571,Default,
229042,336,364,356,893,1307,1334,8,1459,1711,1915,9,836,1041,1101,9,803,950,941,8,837,1106,996,8,8,1333,1787,1973,9,8,857,1498,1842,2076,9,8,1014,733,853,9,8,568,638,9,9,573,Default,
229058,332,360,353,889,1299,1326,9,1455,1704,1907,10,834,1040,1099,8,803,949,940,9,839,1107,997,9,9,1334,1787,1975,8,9,861,1497,1842,2079,9,8,1017,731,854,10,8,567,641,9,8,576,Default,
229074,327,354,348,884,1291,1315,8,1451,1703,1904,9,833,1038,1097,9,803,949,941,9,839,1108,998,9,8,1334,1788,1976,9,8,860,1500,1844,2081,9,8,1018,735,858,10,9,569,645,8,9,578,Default,
229090,327,353,346,883,1290,1314,8,1451,1701,1902,9,833,1037,1096,9,802,949,940,9,838,1107,998,9,8,1333,1788,1976,9,8,862,1500,1844,2083,9,9,1019,737,860,9,8,572,643,8,9,578,Default,
229106,327,353,346,884,1291,1315,9,1451,1701,1902,9,833,1036,1096,9,803,949,939,9,839,1107,997,8,8,1334,1788,1977,9,8,863,1500,1845,2083,9,8,1019,737,861,9,9,572,642,8,8,579,Default,
229122,326,353,346,884,1291,1314,9,1451,1701,1903,9,833,1037,1097,9,803,948,940,9,839,1108,998,9,8,1334,1789,1977,9,8,862,1500,1846,2085,10,8,1020,737,860,9,8,572,643,9,8,579,Default,
229138,326,352,346,885,1291,1314,8,1451,1701,1904,9,833,1038,1097,8,802,949,941,8,839,1109,999,10,8,1334,1790,1979,9,8,863,1502,1848,2086,10,8,1020,739,862,10,8,572,644,8,9,580,Default,
229154,325,352,344,885,1290,1314,10,1451,1701,1902,9,833,1037,1097,8,804,951,941,9,843,1111,1002,9,9,1335,1793,1981,8,8,864,1504,1850,2090,10,8,1021,742,865,9,9,574,646,10,8,582,Default,
229170,322,349,342,882,1289,1310,8,1450,1699,1901,9,833,1037,1096,9,804,951,942,10,843,1114,1003,8,8,1337,1795,1982,9,8,861,1506,1853,2093,9,8,1019,744,869,9,8,573,646,8,8,584,Default,
229186,322,348,341,882,1284,1307,8,1446,1695,1896,9,833,1036,1095,9,804,950,942,10,844,1115,1004,9,8,1338,1795,1984,9,8,862,1507,1856,2097,9,9,1022,746,872,10,9,575,648,8,8,585,Default,
229202,319,346,339,879,1280,1303,10,1445,1692,1894,9,832,1035,1094,8,804,950,941,9,845,1116,1006,9,9,1337,1794,1985,8,8,862,1505,1855,2099,9,9,1020,744,871,9,10,574,650,9,8,587,Default,
229218,317,344,336,877,1275,1301,8,1443,1690,1890,8,831,1033,1093,8,803,949,939,9,844,1115,1006,9,8,1337,1795,1984,9,9,864,1506,1856,2100,10,8,1023,749,876,8,8,576,650,8,8,588,Default,
229234,311,338,331,873,1268,1295,9,1440,1685,1887,9,828,1031,1090,8,801,946,937,8,844,1114,1004,8,7,1336,1794,1983,9,8,865,1505,1854,2100,8,8,1022,749,876,8,8,576,650,8,8,588,Default,
229250,308,335,328,870,1260,1286,8,1434,1679,1880,10,825,1027,1086,9,800,944,935,9,841,1114,1003,8,9,1334,1793,1983,9,9,866,1504,1854,2101,9,9,1023,750,878,10,8,577,654,8,8,589,Default,
229266,306,331,326,866,1253,1281,8,1429,1672,1875,9,820,1023,1081,8,795,940,931,9,840,1111,1000,9,8,1332,1790,1981,8,8,866,1501,1852,2100,8,8,1023,750,878,8,7,576,653,9,9,589,Default,
229282,304,330,323,862,1247,1275,8,1426,1670,1872,9,817,1019,1078,9,794,936,928,10,837,1109,999,10,8,1331,1790,1981,8,8,867,1500,1852,2101,10,8,1025,753,881,9,8,579,654,9,8,592,Default,
229298,304,329,323,862,1247,1274,9,1424,1669,1871,8,816,1017,1076,11,788,935,927,11,837,1109,999,8,9,1328,1790,1981,9,9,868,1498,1851,2101,9,8,1026,753,881,10,9,579,656,11,11,591,Default,
229314,306,333,327,862,1250,1276,8,1424,1670,1872,9,816,1018,1077,9,785,931,923,10,833,1105,994,9,8,1327,1789,1981,9,9,867,1497,1851,2098,10,8,1028,751,879,9,8,579,656,8,9,593,Default,
229330,307,334,327,864,1254,1280,8,1426,1672,1874,9,817,1022,1081,9,786,929,922,10,833,1104,994,8,8,1328,1789,1981,9,9,869,1498,1851,2097,10,8,1028,750,878,10,8,579,656,8,8,592,Default,
229346,308,335,327,866,1254,1281,10,1428,1673,1876,9,821,1023,1082,8,791,936,927,9,837,1109,999,9,10,1330,1791,1984,9,9,871,1500,1853,2102,10,8,1029,754,881,9,9,580,656,9,9,592,Default,
229362,304,331,324,862,1248,1276,8,1424,1670,1873,9,819,1023,1081,9,791,936,927,9,838,1111,1001,9,8,1329,1792,1984,9,8,871,1500,1856,2105,9,8,1032,755,884,9,8,581,656,9,8,594,Default,
229378,298,323,318,852,1230,1258,9,1414,1660,1861,9,814,1018,1076,9,785,932,924,9,837,1111,1001,9,8,1327,1790,1984,9,8,874,1496,1853,2106,9,9,1032,756,885,9,8,583,657,8,9,595,Default,
229394,292,315,310,845,1217,1245,10,1405,1649,1850,9,809,1012,1070,8,783,931,923,9,834,1109,999,8,9,1324,1789,1981,9,8,875,1492,1851,2105,9,9,1033,754,884,9,9,584,658,9,8,596,Default,
229410,290,312,308,841,1209,1236,8,1400,1641,1840,9,805,1008,1066,9,779,927,918,9,831,1106,996,9,8,1322,1785,1981,9,8,876,1492,1848,2102,9,8,1035,757,888,9,8,586,659,8,8,598,Default,
229426,288,311,306,838,1204,1232,8,1395,1634,1834,9,801,1003,1061,9,775,922,914,10,829,1105,994,9,8,1320,1782,1978,9,9,876,1490,1845,2101,9,8,1036,758,890,10,8,587,658,8,10,598,Default,
229442,286,309,304,836,1199,1229,9,1392,1631,1831,9,800,1001,1059,9,775,922,913,9,829,1103,992,8,9,1319,1783,1978,9,8,879,1489,1844,2101,9,8,1036,758,891,11,9,588,659,8,8,597,Default,
229458,286,310,305,834,1195,1225,8,1391,1628,1828,9,797,999,1057,9,774,921,912,9,829,1105,994,9,8,1318,1783,1980,8,8,878,1488,1845,2102,10,8,1038,758,891,9,8,588,659,8,8,597,Default,
229474,281,304,299,829,1185,1215,8,1388,1621,1821,9,796,996,1053,8,775,922,913,9,831,1106,995,9,7,1319,1782,1978,8,8,878,1490,1847,2104,8,8,1036,759,893,8,8,590,659,8,8,599,Default,
229490,278,301,296,823,1173,1203,10,1383,1612,1813,9,792,990,1048,8,773,920,910,10,832,1106,996,9,9,1320,1782,1980,8,8,881,1492,1846,2106,10,8,1040,763,899,9,9,594,661,10,8,601,Default,
229506,274,298,293,821,1171,1201,8,1383,1611,1810,9,789,988,1044,8,772,919,907,8,831,1105,994,10,8,1318,1782,1979,9,8,879,1489,1846,2108,9,8,1040,764,900,9,8,594,663,8,8,602,Default,
229522,278,300,294,825,1174,1204,8,1383,1612,1810,10,789,989,1044,9,771,916,907,9,829,1105,993,9,8,1318,1782,1980,9,9,881,1492,1846,2108,9,9,1044,767,903,9,8,596,663,8,8,602,Default,
229538,280,302,298,826,1179,1207,9,1384,1614,1813,9,790,989,1045,8,770,916,906,10,830,1104,993,9,9,1318,1782,1979,8,8,883,1491,1848,2109,9,8,1044,767,902,10,9,596,663,10,8,602,Default,
229554,282,304,299,829,1185,1214,8,1387,1619,1818,9,791,990,1047,8,771,918,907,9,829,1105,993,9,8,1319,1783,1981,9,8,881,1492,1848,2108,9,9,1044,768,903,9,9,597,663,8,8,602,Default,
229570,283,306,301,832,1189,1218,8,1390,1624,1823,9,793,992,1048,9,775,920,910,10,832,1107,995,9,8,1322,1785,1983,9,9,881,1495,1851,2111,10,8,1044,770,904,9,8,596,663,8,8,602,Default,
229586,284,307,302,833,1189,1217,9,1392,1625,1823,10,794,994,1051,9,777,921,912,10,833,1111,999,8,9,1324,1787,1984,9,8,883,1497,1852,2112,10,8,1044,771,905,9,9,597,664,8,8,602,Default,
229602,285,308,302,833,1190,1219,8,1394,1627,1825,9,795,995,1051,9,778,923,912,9,836,1112,1000,9,8,1326,1788,1985,9,9,881,1499,1853,2115,9,8,1044,771,907,9,9,599,665,8,9,603,Default,
229618,286,307,302,834,1193,1222,8,1396,1627,1826,9,796,995,1052,9,779,924,914,10,836,1112,1000,9,8,1326,1789,1985,9,8,881,1500,1854,2114,11,8,1044,772,908,10,9,598,665,8,9,603,Default,
229634,286,308,304,836,1194,1223,8,1398,1629,1829,10,798,998,1053,9,780,924,914,9,836,1112,1001,8,9,1326,1790,1988,9,8,884,1500,1854,2116,9,9,1046,774,909,9,8,600,665,8,8,605,Default,
229650,288,310,306,838,1198,1226,8,1401,1634,1835,9,800,1000,1057,9,782,925,917,9,838,1114,1003,10,8,1329,1793,1989,9,8,884,1501,1856,2116,9,8,1048,775,909,9,8,600,666,8,9,605,Default,
229666,286,312,307,841,1202,1231,8,1404,1639,1840,9,803,1003,1058,9,783,928,918,10,840,1115,1005,9,8,1331,1794,1990,9,9,885,1504,1857,2119,9,8,1048,775,910,10,8,600,667,8,8,605,Default,
229682,290,313,308,842,1203,1233,9,1407,1641,1843,9,804,1004,1061,9,785,931,920,9,843,1117,1006,9,8,1331,1793,1990,8,8,884,1504,1859,2121,10,8,1047,775,911,9,9,599,667,9,8,605,Default,
229698,291,314,309,843,1206,1236,9,1408,1643,1844,9,806,1004,1061,9,787,932,922,10,845,1119,1007,9,8,1333,1796,1990,10,8,882,1506,1860,2121,9,8,1046,775,912,9,8,599,667,8,9,604,Default,
229714,292,315,310,843,1207,1236,9,1409,1645,1846,9,807,1006,1063,8,787,932,923,9,845,1118,1008,9,7,1334,1796,1992,9,8,880,1509,1861,2122,9,8,1044,776,911,8,8,601,665,8,8,604,Default,
229730,294,319,313,847,1212,1241,8,1414,1650,1852,10,809,1008,1065,9,791,936,926,10,845,1119,1009,8,9,1336,1798,1993,9,8,883,1510,1863,2122,10,8,1046,776,911,9,8,600,668,8,8,605,Default,
229746,295,320,315,851,1219,1247,8,1419,1656,1858,10,811,1012,1069,8,795,940,928,8,846,1120,1011,9,8,1338,1799,1994,9,8,883,1510,1864,2125,9,8,1045,776,911,8,8,600,667,8,8,604,Default,
229762,300,323,318,854,1225,1253,8,1425,1662,1865,11,817,1015,1073,9,799,942,932,9,849,1124,1014,9,8,1341,1802,1996,9,8,881,1515,1867,2125,9,8,1044,777,911,9,8,599,665,8,8,605,Default,
229778,302,327,321,858,1231,1259,8,1431,1668,1869,10,820,1019,1077,9,803,946,936,9,851,1126,1015,8,9,1343,1803,1997,9,9,879,1517,1868,2126,11,8,1041,777,911,9,9,598,666,9,8,603,Default,
229794,306,330,323,862,1237,1265,8,1436,1675,1876,9,823,1022,1079,9,805,949,940,9,854,1128,1017,8,8,1344,1805,1998,9,8,877,1517,1870,2127,9,8,1041,776,910,10,8,597,665,8,9,602,Default,
229810,309,335,328,865,1245,1270,8,1441,1680,1881,9,827,1026,1084,9,808,953,942,10,854,1128,1017,10,8,1347,1806,1999,9,8,876,1520,1870,2127,9,8,1040,774,907,10,8,596,664,9,8,602,Default,
229826,313,338,331,871,1255,1280,9,1452,1688,1892,9,830,1030,1089,8,810,956,944,9,857,1129,1019,9,8,1348,1808,2000,8,8,877,1521,1871,2126,11,8,1039,771,903,9,9,592,662,10,7,599,Default,
229842,317,344,336,879,1272,1297,9,1459,1699,1903,9,834,1034,1093,8,812,958,947,9,856,1129,1019,9,8,1350,1808,2000,9,9,872,1522,1871,2122,9,9,1036,764,895,9,8,588,659,9,8,597,Default,
229858,323,349,342,889,1289,1313,8,1472,1716,1921,10,840,1040,1100,8,818,965,953,9,860,1132,1022,9,8,1354,1811,2000,9,8,868,1525,1872,2122,9,8,1031,759,887,9,8,582,658,8,9,594,Default,
229874,327,354,348,899,1307,1330,9,1484,1729,1934,9,846,1048,1107,8,822,969,957,9,865,1136,1027,9,9,1357,1815,2002,8,9,863,1528,1874,2122,10,8,1027,756,883,9,8,579,657,10,9,591,Default,
229890,332,360,353,903,1319,1339,8,1489,1737,1942,9,850,1052,1112,8,828,976,962,10,867,1139,1030,9,8,1360,1816,2003,9,8,861,1530,1877,2123,9,8,1025,757,883,9,8,580,656,8,8,592,Default,
229906,332,360,353,907,1325,1346,8,1492,1741,1945,9,851,1054,1114,9,830,978,964,9,869,1140,1032,9,8,1360,1817,2003,9,9,863,1530,1877,2122,9,9,1028,750,874,11,9,578,654,8,9,589,Default,
229922,337,363,356,911,1334,1353,9,1500,1746,1949,11,854,1057,1118,9,831,979,965,9,870,1140,1032,8,9,1362,1816,2004,9,8,863,1531,1875,2120,10,8,1026,747,871,9,8,576,654,8,8,590,Default,
229938,339,366,359,916,1342,1360,8,1505,1753,1958,9,854,1057,1119,10,833,979,966,10,870,1141,1032,9,8,1363,1817,2004,9,8,863,1531,1874,2117,9,9,1025,744,867,8,9,575,651,8,9,587,Default,
229954,344,372,364,920,1352,1371,9,1509,1757,1965,9,857,1061,1120,7,834,981,966,8,871,1141,1032,10,7,1363,1817,2003,8,8,860,1529,1873,2114,8,8,1023,739,862,8,8,571,648,8,9,584,Default,
229970,348,376,368,924,1359,1379,8,1513,1762,1969,9,860,1065,1123,9,834,981,967,9,871,1142,1032,8,9,1363,1818,2002,9,8,862,1529,1872,2110,9,9,1022,738,860,9,9,571,648,8,9,584,Default,
229986,352,380,372,926,1364,1382,9,1515,1763,1972,9,861,1065,1126,8,835,982,968,9,870,1140,1031,8,8,1363,1818,2002,9,8,859,1529,1871,2108,8,8,1022,737,858,8,8,570,647,9,9,583,Default,
230002,355,381,373,927,1366,1383,8,1514,1764,1972,9,861,1065,1125,9,833,980,967,8,866,1136,1027,10,8,1361,1817,2000,9,9,859,1527,1869,2106,9,9,1023,734,854,9,8,569,647,9,9,582,Default,
230018,355,381,375,926,1365,1383,9,1514,1762,1969,10,861,1066,1126,8,830,976,963,9,863,1131,1021,9,9,1359,1814,1998,8,9,858,1523,1865,2098,10,8,1020,732,850,10,8,567,646,10,8,580,Default,
230034,356,382,375,925,1366,1384,8,1513,1762,1968,10,860,1065,1126,9,829,974,962,10,861,1129,1019,9,8,1358,1812,1996,9,8,857,1520,1861,2094,11,8,1019,729,845,11,9,567,643,6,8,580,Default,
230050,356,384,377,927,1368,1386,8,1512,1762,1969,11,861,1066,1126,9,829,974,961,9,858,1127,1017,9,8,1355,1809,1994,9,9,855,1517,1857,2089,9,8,1018,724,841,9,9,563,641,8,9,577,Default,
230066,359,386,378,927,1369,1388,8,1513,1762,1970,9,862,1067,1127,9,828,973,962,10,858,1126,1015,8,8,1356,1809,1993,10,8,856,1515,1857,2085,9,8,1018,721,837,9,8,560,639,8,8,576,Default,
230082,357,385,377,928,1371,1389,8,1514,1763,1972,9,860,1067,1127,9,829,974,961,9,859,1127,1017,9,8,1356,1809,1994,9,9,857,1516,1856,2084,10,8,1017,720,835,9,8,560,638,8,9,576,Default,
230098,356,384,377,928,1372,1389,9,1513,1765,1973,9,862,1067,1126,8,828,973,961,8,859,1127,1017,10,8,1355,1809,1993,9,8,857,1516,1855,2084,9,8,1019,718,835,9,8,561,639,8,9,576,Default,
230114,357,385,377,929,1373,1391,8,1517,1766,1975,10,862,1067,1126,9,829,974,962,11,859,1127,1017,8,8,1355,1808,1992,10,8,856,1513,1854,2080,9,8,1015,717,832,9,8,559,635,7,9,572,Default,
230130,357,386,377,931,1377,1396,8,1518,1771,1978,9,863,1069,1129,9,830,976,964,9,859,1127,1017,8,8,1355,1807,1989,9,8,854,1512,1851,2072,9,8,1015,711,825,11,9,557,631,8,9,569,Default,
230146,360,388,379,933,1381,1401,8,1521,1776,1984,9,864,1071,1131,9,830,977,965,9,860,1127,1016,9,9,1354,1807,1989,9,9,852,1511,1848,2068,10,8,1011,708,822,9,8,555,630,9,9,567,Default,
230162,360,389,380,936,1388,1409,8,1523,1782,1989,10,866,1073,1134,9,834,982,969,9,861,1127,1018,10,8,1355,1808,1989,9,8,849,1509,1848,2066,10,9,1009,704,816,9,9,551,626,9,8,563,Default,
230178,365,393,385,939,1395,1413,8,1528,1785,1991,9,867,1077,1136,9,836,984,971,9,860,1127,1016,9,8,1355,1809,1987,9,8,847,1510,1847,2062,10,8,1007,700,809,10,8,549,625,8,9,562,Default,
230194,364,395,386,939,1399,1415,8,1529,1786,1993,9,866,1077,1139,8,837,986,973,8,861,1127,1017,9,8,1356,1808,1986,9,8,845,1509,1847,2063,8,8,1006,699,808,8,8,548,624,8,8,561,Default,
230210,369,397,389,942,1401,1417,9,1531,1787,1994,11,870,1078,1138,9,837,987,974,9,862,1128,1018,9,9,1356,1809,1988,8,9,845,1509,1846,2061,9,8,1005,698,807,9,9,547,625,10,8,560,Default,
230226,368,400,391,942,1402,1420,9,1530,1788,1994,9,870,1079,1138,8,837,989,974,10,861,1126,1017,9,8,1355,1807,1985,9,8,844,1508,1845,2058,8,8,1006,697,806,8,8,550,623,8,8,560,Default,
230242,371,402,393,942,1404,1421,8,1529,1788,1995,9,868,1079,1138,8,837,986,973,9,858,1126,1015,11,8,1354,1807,1985,11,8,845,1505,1842,2055,9,8,1006,693,801,10,9,547,622,8,9,559,Default,
230258,371,402,393,941,1405,1424,8,1529,1788,1994,9,867,1077,1137,9,833,982,970,10,854,1121,1011,9,9,1349,1802,1981,9,8,843,1500,1838,2047,9,8,1004,688,795,10,8,543,621,8,10,558,Default,
230274,371,402,393,942,1408,1424,8,1527,1787,1994,10,866,1077,1136,9,830,979,967,10,850,1115,1006,9,8,1346,1799,1977,9,9,841,1496,1834,2043,9,8,1002,686,791,10,9,542,617,8,9,555,Default,
230290,371,405,395,942,1408,1426,8,1527,1788,1994,9,866,1077,1135,9,831,980,967,9,849,1116,1004,9,8,1346,1799,1977,9,9,842,1496,1833,2042,9,8,1003,684,790,9,8,539,614,8,8,555,Default,
230306,373,404,395,941,1408,1426,9,1526,1786,1991,10,866,1076,1135,9,830,978,966,10,849,1117,1005,8,9,1347,1799,1977,9,9,844,1497,1834,2043,10,8,1003,686,791,9,10,542,615,8,8,555,Default,
230322,372,404,395,941,1405,1423,8,1525,1785,1990,9,865,1075,1134,8,828,976,965,9,846,1112,1002,9,8,1346,1797,1976,9,8,844,1496,1833,2041,10,8,1005,687,792,10,9,543,616,8,9,556,Default,
230338,372,404,396,940,1404,1421,8,1524,1783,1989,9,863,1074,1134,9,825,973,963,9,842,1108,997,8,8,1341,1794,1971,8,8,841,1493,1829,2038,11,9,1003,685,791,9,8,541,614,8,8,555,Default,
230354,373,406,396,938,1404,1421,9,1521,1781,1988,9,862,1073,1133,8,821,970,958,10,836,1098,988,9,9,1336,1789,1967,8,9,841,1488,1824,2034,10,8,1002,681,785,10,8,538,611,9,9,553,Default,
230370,375,406,397,938,1407,1424,8,1520,1782,1989,10,862,1074,1133,9,820,968,957,9,829,1094,983,8,8,1333,1786,1962,9,9,833,1484,1819,2025,9,8,997,675,778,9,9,534,605,8,8,550,Default,
230386,376,408,398,937,1409,1426,8,1519,1782,1987,9,861,1073,1133,9,817,965,957,9,826,1091,980,9,8,1329,1780,1956,9,9,831,1480,1814,2014,11,8,994,669,771,9,9,530,603,8,8,547,Default,
230402,377,409,401,938,1409,1427,9,1518,1782,1987,10,862,1073,1133,9,816,965,955,9,824,1088,977,8,8,1326,1776,1953,9,9,831,1475,1810,2009,9,8,991,664,763,11,9,527,601,8,9,545,Default,
230418,377,411,401,938,1411,1429,9,1517,1782,1989,9,860,1073,1133,9,815,964,953,9,822,1086,974,10,8,1326,1774,1952,9,8,829,1474,1809,2008,10,8,993,662,762,10,8,526,599,8,10,543,Default,
230434,377,410,401,938,1411,1430,8,1517,1781,1988,9,860,1073,1132,7,814,964,954,8,821,1084,974,8,8,1323,1774,1952,8,8,829,1472,1807,2006,8,8,993,662,761,9,8,526,596,8,9,542,Default,
230450,378,411,402,937,1411,1429,8,1516,1779,1986,10,859,1072,1131,8,812,962,953,9,816,1082,970,8,8,1322,1771,1950,9,8,831,1471,1806,2004,10,8,993,661,761,10,10,528,596,10,9,544,Default,
230466,378,411,402,935,1412,1430,8,1513,1777,1985,9,858,1069,1130,9,808,957,948,9,811,1073,961,9,6,1316,1767,1944,9,8,827,1465,1801,1998,10,8,990,657,757,8,8,524,595,8,8,540,Default,
230482,378,412,402,933,1410,1430,8,1511,1776,1984,9,856,1069,1129,9,803,953,945,10,804,1067,957,9,8,1310,1759,1938,9,9,820,1459,1795,1991,10,8,985,657,755,10,8,521,592,8,9,538,Default,
230498,379,411,402,932,1409,1430,9,1508,1774,1982,9,855,1069,1129,8,799,950,942,9,800,1064,954,9,9,1306,1756,1935,8,8,817,1455,1792,1987,9,8,983,651,749,8,9,518,587,10,8,536,Default,
230514,378,412,403,932,1410,1430,8,1507,1775,1983,10,854,1069,1129,8,797,948,941,9,799,1063,953,9,8,1305,1756,1934,9,9,814,1452,1790,1983,9,8,981,650,746,9,8,516,585,8,8,535,Default,
230530,379,413,402,932,1412,1430,9,1507,1775,1982,9,854,1070,1130,8,797,949,941,9,798,1063,953,9,8,1305,1755,1934,9,9,815,1452,1790,1985,9,8,981,649,746,9,9,518,586,8,8,536,Default,
230546,380,412,403,932,1411,1430,10,1506,1774,1982,9,855,1069,1129,8,798,949,941,9,800,1062,953,9,9,1305,1756,1934,8,8,817,1453,1791,1984,9,8,981,649,745,11,9,515,585,9,9,534,Default,
230562,379,412,403,932,1412,1431,8,1506,1775,1982,9,854,1070,1128,9,794,946,939,9,799,1061,953,9,8,1303,1753,1933,9,9,814,1451,1790,1982,9,8,980,647,745,10,9,515,588,8,9,534,Default,
230578,378,412,403,932,1413,1431,8,1505,1775,1983,9,854,1070,1129,9,795,947,939,8,795,1059,950,11,8,1301,1753,1931,9,8,811,1448,1786,1978,9,9,977,645,741,10,8,514,582,8,8,531,Default,
230594,379,412,403,932,1414,1433,8,1504,1775,1981,9,854,1070,1130,9,795,946,937,9,793,1057,947,8,9,1301,1752,1929,9,8,808,1446,1784,1973,9,9,974,642,737,11,9,511,579,8,8,529,Default,
230610,377,411,402,932,1412,1431,8,1504,1774,1981,11,854,1070,1130,9,795,945,938,9,794,1057,948,9,9,1302,1753,1929,9,9,811,1448,1786,1977,10,9,978,645,740,9,8,513,581,8,10,530,Default,
230626,377,410,401,929,1406,1425,8,1503,1770,1977,9,854,1069,1128,9,795,946,939,9,795,1059,949,9,8,1303,1753,1932,9,8,813,1451,1788,1982,9,9,981,647,745,10,8,515,584,8,9,532,Default,
230642,371,403,393,926,1397,1417,9,1497,1761,1970,11,849,1063,1123,9,791,941,933,9,796,1058,949,8,8,1303,1753,1932,9,9,818,1452,1790,1985,10,8,982,652,751,9,9,518,588,9,8,537,Default,
230658,368,401,391,922,1390,1409,8,1492,1753,1961,10,845,1057,1117,9,786,935,928,9,792,1057,946,10,8,1301,1752,1931,8,8,817,1451,1789,1985,9,8,984,655,754,9,8,520,588,8,8,538,Default,
230674,368,401,392,919,1385,1404,8,1484,1748,1953,8,841,1054,1113,8,780,929,922,9,783,1044,934,9,7,1297,1748,1927,9,8,814,1446,1786,1981,8,8,980,654,754,8,8,520,588,8,9,538,Default,
230690,368,402,393,917,1384,1403,9,1484,1745,1952,9,840,1053,1111,8,775,923,915,9,775,1034,923,9,9,1294,1745,1923,8,8,813,1444,1781,1978,9,8,978,654,754,9,9,518,591,10,8,538,Default,
230706,369,402,392,916,1384,1401,8,1481,1742,1949,8,839,1050,1109,8,772,918,911,9,767,1027,915,9,8,1290,1741,1918,9,8,806,1439,1777,1972,9,8,974,650,750,8,8,516,587,9,9,534,Default,
230722,368,401,393,916,1384,1401,8,1480,1742,1949,11,838,1050,1109,9,771,916,910,10,762,1020,908,9,8,1289,1739,1918,9,8,808,1439,1775,1970,9,9,975,650,749,11,9,515,589,8,9,535,Default,
230738,368,401,392,916,1383,1401,8,1479,1742,1948,9,837,1048,1107,9,766,913,906,10,762,1018,906,8,8,1287,1737,1916,9,9,808,1436,1774,1967,9,8,974,649,749,10,9,516,588,9,8,535,Default,
230754,370,402,392,913,1383,1400,8,1478,1741,1946,9,836,1047,1105,8,764,908,903,8,758,1014,901,9,8,1285,1736,1913,9,9,805,1432,1771,1962,9,8,974,648,746,9,8,515,585,8,8,533,Default,
230770,368,401,392,912,1382,1400,8,1475,1739,1944,9,835,1047,1105,8,760,903,898,10,751,1007,895,9,8,1281,1732,1909,9,9,800,1429,1767,1956,9,8,968,644,742,9,8,512,582,8,9,530,Default,
230786,369,402,393,912,1383,1401,8,1473,1739,1944,10,834,1045,1105,10,758,903,896,9,750,1003,891,8,9,1277,1727,1903,9,9,798,1426,1763,1952,9,8,964,638,735,9,9,508,577,8,9,528,Default,
230802,370,403,393,913,1385,1404,8,1476,1742,1948,9,834,1048,1106,9,759,903,898,10,748,1003,891,9,8,1276,1727,1902,9,8,797,1425,1762,1949,11,8,964,634,730,9,8,505,574,8,9,525,Default,
230818,373,405,395,916,1388,1408,8,1480,1746,1952,10,838,1052,1111,8,763,910,903,9,751,1004,893,9,8,1279,1729,1905,9,8,800,1427,1766,1951,9,8,965,635,729,8,8,505,573,8,8,523,Default,
230834,375,408,399,918,1392,1410,9,1483,1747,1956,8,840,1053,1113,9,766,913,907,11,755,1006,895,9,9,1281,1732,1907,8,8,801,1427,1766,1953,11,8,968,635,729,9,9,504,573,10,8,525,Default,
230850,378,410,402,918,1395,1413,9,1485,1752,1960,9,841,1056,1115,9,768,915,909,10,756,1010,898,10,8,1282,1732,1909,11,8,800,1430,1767,1955,10,8,968,635,729,9,8,505,572,8,10,524,Default,
230866,377,411,402,920,1395,1414,8,1486,1753,1962,9,842,1057,1116,9,767,916,910,10,755,1009,898,11,8,1282,1732,1908,9,9,801,1430,1766,1952,9,9,968,634,727,9,8,503,573,8,9,525,Default,
230882,377,411,402,920,1396,1416,9,1484,1753,1960,9,842,1058,1117,9,767,916,909,9,754,1006,896,9,9,1278,1730,1905,8,8,800,1426,1763,1950,9,8,965,626,720,9,9,497,571,9,8,523,Default,
230898,378,411,402,920,1397,1416,8,1484,1752,1960,9,842,1057,1117,9,767,916,909,9,750,1005,894,10,8,1275,1725,1900,9,9,794,1424,1757,1941,11,8,961,615,706,10,9,490,566,8,10,519,Default,
230914,378,412,403,920,1397,1417,8,1484,1752,1960,9,844,1059,1118,8,766,916,910,8,750,1002,891,9,8,1273,1723,1896,8,8,791,1421,1754,1936,8,8,955,607,697,9,8,486,559,9,8,515,Default,
230930,378,414,405,919,1399,1417,9,1483,1753,1958,9,843,1060,1119,9,767,916,911,10,750,1003,893,8,9,1272,1721,1894,9,9,791,1420,1755,1935,9,8,954,605,694,9,8,484,555,8,8,513,Default,
230946,379,413,404,918,1398,1416,8,1483,1749,1959,9,843,1059,1119,7,766,917,911,9,750,1003,892,9,7,1272,1721,1894,9,8,791,1419,1753,1935,9,8,956,605,696,10,8,486,555,9,9,513,Default,
230962,379,413,404,918,1397,1415,8,1481,1751,1958,10,842,1059,1118,9,762,913,907,9,748,1003,892,9,8,1270,1721,1896,9,9,792,1418,1753,1933,10,8,959,607,696,10,9,488,556,8,9,514,Default,
230978,378,412,404,916,1395,1413,8,1478,1748,1956,9,840,1056,1115,9,759,911,904,8,747,1001,891,9,9,1268,1720,1893,8,8,791,1416,1750,1933,9,8,957,604,692,10,9,484,556,10,9,513,Default,
230994,377,412,402,914,1395,1413,8,1476,1746,1954,9,837,1055,1114,8,754,903,900,9,742,998,887,9,8,1263,1716,1889,9,9,789,1413,1749,1931,8,8,956,602,691,9,9,485,555,9,9,513,Default,
231010,378,412,403,912,1393,1412,8,1473,1745,1952,9,836,1053,1113,9,751,901,897,9,738,994,884,10,8,1257,1714,1886,9,8,787,1409,1748,1930,9,9,953,601,689,9,8,483,553,9,9,512,Default,
231026,378,411,403,912,1392,1412,9,1471,1743,1952,9,836,1052,1111,9,750,899,896,9,737,992,881,8,8,1255,1710,1883,8,8,786,1406,1745,1927,11,8,951,601,688,10,8,480,552,10,8,511,Default,
231042,377,413,403,911,1392,1411,8,1471,1744,1951,9,834,1053,1111,9,746,897,892,9,733,988,878,10,9,1252,1710,1881,9,8,783,1407,1745,1924,9,9,952,601,688,10,9,481,547,8,8,509,Default,
231058,377,412,403,912,1393,1411,8,1470,1743,1950,9,834,1052,1111,9,748,897,893,9,731,986,876,8,8,1252,1709,1881,10,8,784,1407,1745,1924,9,9,951,600,688,11,9,481,548,8,9,509,Default,
231074,377,412,403,911,1394,1412,8,1470,1743,1949,10,834,1051,1111,9,747,896,892,8,733,987,876,8,9,1252,1708,1881,9,9,784,1406,1743,1924,9,8,950,600,688,10,8,481,548,8,9,509,Default,
231090,379,413,403,912,1393,1413,8,1471,1744,1951,9,833,1052,1111,9,746,896,891,9,732,987,876,11,8,1251,1708,1880,9,8,783,1405,1742,1921,10,8,949,598,686,9,9,481,548,9,9,508,Default,
231106,378,413,404,912,1395,1413,8,1470,1743,1951,10,834,1052,1110,9,746,895,890,10,731,985,873,9,8,1249,1704,1876,9,9,782,1403,1740,1919,9,8,946,595,683,9,8,477,546,8,8,505,Default,
231122,379,414,406,911,1397,1414,9,1470,1745,1950,9,834,1052,1111,9,744,894,889,9,729,981,869,8,8,1247,1701,1872,9,8,775,1401,1739,1914,9,8,940,591,677,9,8,473,543,8,8,504,Default,
231138,380,414,405,912,1399,1415,8,1469,1745,1950,9,833,1052,1110,9,744,893,889,9,726,978,866,10,8,1245,1700,1869,9,8,772,1399,1735,1910,9,8,938,587,671,9,9,471,539,8,8,501,Default,
231154,380,415,406,911,1397,1415,9,1469,1744,1951,9,832,1052,1111,8,742,892,888,9,728,978,866,9,8,1244,1701,1869,8,8,773,1397,1736,1910,9,8,938,585,671,7,8,470,537,8,8,499,Default,
231170,381,415,406,912,1397,1416,9,1469,1744,1951,9,833,1052,1111,9,744,894,888,9,727,977,865,9,9,1246,1700,1869,8,8,775,1397,1736,1911,9,8,939,584,668,10,8,468,538,9,8,501,Default,
231186,381,415,406,911,1398,1415,8,1468,1743,1950,9,833,1051,1110,8,742,891,887,9,725,975,863,8,8,1243,1699,1867,9,9,771,1395,1732,1908,8,8,936,580,664,10,8,465,535,9,8,499,Default,
231202,381,415,406,910,1398,1414,8,1468,1743,1949,9,833,1051,1110,9,740,888,884,9,722,973,860,9,8,1242,1696,1865,9,8,768,1395,1730,1904,9,9,935,579,661,9,8,464,535,8,9,500,Default,
231218,381,415,406,910,1397,1415,8,1467,1742,1948,10,832,1050,1110,9,737,885,881,9,720,968,856,8,8,1240,1695,1862,9,9,765,1392,1727,1899,9,8,930,573,655,9,9,459,530,8,9,497,Default,
231234,380,414,406,910,1399,1417,8,1467,1743,1949,11,832,1051,1110,9,735,884,881,9,718,967,855,9,8,1239,1693,1861,9,8,765,1391,1726,1898,9,8,929,572,651,9,10,457,531,8,8,495,Default,
231250,378,414,406,911,1400,1418,8,1467,1744,1950,9,833,1051,1110,8,735,884,881,9,720,968,858,10,8,1239,1694,1862,9,8,766,1390,1727,1896,9,9,931,572,652,11,9,459,530,8,9,494,Default,
231266,379,414,405,912,1400,1418,8,1467,1744,1950,9,833,1053,1111,9,736,884,882,10,721,970,860,8,9,1239,1696,1863,9,9,769,1391,1728,1900,9,9,932,574,655,9,9,460,530,8,8,496,Default,
231282,379,415,405,912,1399,1419,8,1467,1744,1950,9,833,1053,1111,9,736,885,882,10,722,973,862,10,8,1240,1696,1864,9,9,771,1392,1728,1900,9,8,933,576,655,9,8,460,529,9,8,496,Default,
231298,379,414,405,911,1400,1418,8,1467,1745,1950,9,833,1052,1111,9,736,884,882,10,722,973,862,10,8,1239,1696,1864,9,8,772,1392,1728,1899,9,8,935,574,654,9,8,460,528,8,8,496,Default,
231314,379,414,405,912,1401,1420,10,1467,1745,1951,11,833,1052,1111,9,736,885,881,9,722,971,860,9,9,1238,1694,1860,8,8,771,1388,1726,1895,9,8,932,571,650,9,9,457,527,10,8,496,Default,
231330,379,414,405,912,1404,1421,8,1467,1746,1952,9,833,1053,1111,9,734,884,880,8,721,971,860,9,8,1237,1694,1858,9,8,770,1388,1724,1890,9,8,931,567,644,10,9,456,518,8,8,490,Default,
231346,381,417,406,912,1405,1423,8,1467,1747,1953,10,833,1053,1112,9,733,883,879,9,721,970,859,9,8,1235,1691,1856,9,8,769,1385,1722,1889,11,8,928,564,642,9,8,455,519,8,8,490,Default,
231362,381,416,406,913,1408,1426,9,1468,1748,1952,9,834,1054,1113,9,734,885,879,8,722,971,861,9,9,1236,1692,1856,8,8,770,1384,1721,1889,11,8,929,563,639,9,9,455,517,10,8,489,Default,
231378,382,418,407,913,1409,1426,8,1468,1749,1954,9,834,1056,1114,9,735,885,881,9,721,971,860,8,8,1235,1691,1856,9,9,769,1385,1722,1887,9,8,929,563,638,9,8,452,516,8,10,489,Default,
231394,382,418,409,914,1411,1427,9,1468,1749,1954,9,832,1055,1114,8,734,885,880,9,723,970,860,9,8,1235,1690,1853,8,8,767,1384,1720,1884,9,8,927,558,634,8,8,450,513,9,9,487,Default,
231410,384,419,410,914,1412,1428,8,1468,1749,1954,9,835,1055,1114,9,735,884,881,9,721,970,860,8,10,1235,1690,1853,9,8,766,1383,1717,1883,9,9,924,556,631,9,9,448,513,8,8,485,Default,
231426,383,419,410,915,1413,1431,9,1467,1751,1956,9,833,1055,1113,8,733,883,879,9,720,967,857,8,8,1231,1687,1848,8,8,759,1379,1714,1877,8,8,918,550,624,9,8,443,504,9,9,478,Default,
231442,385,421,411,916,1417,1434,8,1468,1753,1957,9,833,1057,1114,9,733,883,880,9,717,964,854,10,8,1229,1684,1844,9,8,755,1373,1708,1864,8,8,912,544,615,9,8,439,500,8,10,472,Default,
231458,386,422,412,916,1419,1435,8,1469,1753,1956,9,834,1057,1115,9,734,884,880,9,717,964,854,8,8,1229,1683,1842,9,8,754,1373,1708,1864,9,9,912,544,614,9,8,438,497,8,9,471,Default,
231474,388,422,412,916,1420,1436,9,1471,1754,1958,9,834,1057,1115,9,735,885,882,10,718,965,855,9,8,1231,1684,1844,9,8,754,1376,1708,1866,9,8,912,544,615,9,8,437,496,9,9,470,Default,
231490,388,423,414,918,1421,1436,8,1471,1754,1958,9,834,1057,1115,9,736,886,883,8,720,967,855,9,8,1231,1684,1844,9,9,754,1378,1709,1869,11,8,913,544,614,9,8,438,499,8,8,472,Default,
231506,388,425,414,917,1419,1437,9,1471,1754,1958,9,836,1057,1115,8,734,886,882,10,720,966,855,9,9,1229,1684,1844,8,8,754,1378,1710,1869,10,8,912,543,614,10,9,438,500,10,9,471,Default,
231522,388,425,414,918,1422,1438,8,1471,1757,1960,9,836,1057,1115,9,734,884,881,8,719,965,856,10,8,1230,1683,1842,9,9,749,1376,1708,1863,9,8,907,542,612,10,8,434,498,8,9,470,Default,
231538,389,425,414,918,1426,1441,8,1472,1758,1962,9,835,1058,1117,8,734,884,881,9,719,965,855,9,8,1228,1683,1840,9,9,744,1373,1705,1858,9,8,903,537,605,11,10,431,493,8,8,465,Default,
231554,392,428,417,920,1431,1445,9,1475,1764,1969,9,838,1062,1120,9,735,886,882,10,720,965,857,8,10,1228,1682,1836,9,9,736,1370,1699,1848,10,8,894,526,593,9,8,422,485,8,8,457,Default,
231570,393,431,418,923,1436,1450,8,1476,1769,1973,9,839,1062,1120,8,735,888,884,8,718,965,856,9,8,1226,1679,1831,9,9,730,1367,1695,1840,8,8,887,521,584,9,9,418,476,8,9,452,Default,
231586,394,432,421,925,1441,1455,8,1479,1775,1978,9,840,1065,1123,9,740,894,890,10,720,966,858,10,8,1227,1680,1831,9,9,728,1365,1695,1836,10,8,885,517,580,11,9,415,470,8,9,446,Default,
231602,395,432,419,927,1445,1460,10,1483,1778,1981,10,843,1068,1127,9,742,898,894,11,721,967,858,8,9,1227,1681,1829,9,9,725,1363,1692,1834,9,8,880,511,573,9,9,410,468,9,9,444,Default,
231618,394,431,420,927,1446,1461,8,1481,1778,1982,10,843,1069,1127,9,742,899,895,9,721,968,858,9,8,1223,1678,1825,9,9,717,1359,1687,1826,9,8,872,507,567,9,8,406,465,8,9,439,Default,
231634,396,432,419,926,1447,1462,8,1481,1779,1982,9,841,1069,1127,8,742,899,895,9,720,965,856,10,8,1221,1674,1819,8,8,704,1353,1680,1815,8,8,858,495,552,8,8,395,453,9,10,427,Default,
231650,398,435,422,928,1448,1464,9,1480,1782,1983,9,841,1069,1127,9,741,899,893,9,715,958,847,9,9,1215,1668,1811,8,9,696,1346,1669,1801,9,8,846,483,537,10,8,386,445,10,9,420,Default,
231666,398,438,427,927,1452,1467,8,1478,1783,1983,9,842,1070,1127,10,741,897,894,8,708,949,838,9,8,1213,1663,1805,9,8,688,1339,1661,1790,8,8,838,473,528,8,8,381,432,9,9,409,Default,
231682,403,441,430,928,1455,1470,9,1480,1786,1985,9,842,1070,1129,9,742,898,894,10,707,949,839,9,8,1213,1663,1804,10,8,687,1338,1660,1787,10,8,834,474,524,9,9,377,432,9,9,406,Default,
231698,408,444,433,930,1455,1471,10,1483,1786,1986,9,843,1071,1129,8,743,900,895,9,712,953,844,9,9,1214,1666,1807,8,8,692,1343,1664,1792,11,8,841,479,531,11,9,381,438,10,8,412,Default,
231714,406,446,433,929,1455,1469,8,1484,1787,1985,11,844,1070,1129,9,744,899,897,9,714,957,846,9,8,1216,1668,1810,9,9,696,1346,1666,1796,10,8,845,482,535,11,9,386,440,9,10,414,Default,
231730,406,445,433,931,1456,1471,8,1485,1788,1988,9,844,1071,1129,9,744,900,896,8,715,958,847,8,8,1217,1669,1811,9,9,697,1347,1669,1799,10,8,847,485,539,10,9,389,443,8,9,416,Default,
231746,406,445,432,932,1458,1471,8,1485,1788,1989,9,845,1071,1129,8,743,899,895,9,715,957,848,8,10,1218,1669,1811,9,8,697,1346,1669,1798,9,9,848,488,542,9,8,389,444,8,9,419,Default,
231762,408,447,433,932,1459,1475,8,1488,1791,1989,9,845,1071,1130,9,743,900,896,9,715,957,849,9,8,1218,1669,1811,10,8,696,1346,1669,1797,9,9,847,486,539,11,9,389,443,9,9,417,Default,
231778,410,449,436,932,1460,1476,8,1488,1794,1993,9,845,1073,1131,9,744,900,896,9,717,958,849,9,8,1218,1669,1812,9,9,697,1345,1668,1796,11,8,845,489,542,9,8,389,443,9,9,417,Default,
231794,410,449,435,935,1463,1480,9,1488,1795,1994,9,846,1075,1131,8,745,903,897,9,717,959,849,8,8,1219,1670,1811,9,8,696,1345,1669,1795,9,8,845,488,541,9,8,388,441,8,9,416,Default,
231810,409,449,435,934,1464,1480,8,1488,1797,1997,9,846,1075,1133,9,747,903,899,9,717,960,850,9,9,1218,1670,1812,9,9,696,1346,1668,1795,9,8,846,485,539,10,8,387,442,8,9,415,Default,
231826,410,450,436,936,1465,1483,8,1490,1798,1998,10,847,1076,1133,9,748,904,900,9,719,961,853,9,8,1219,1670,1813,9,9,697,1347,1669,1796,11,8,846,488,541,10,9,387,440,8,10,415,Default,
231842,410,451,438,936,1465,1482,9,1489,1797,1998,10,848,1077,1133,9,748,905,900,9,720,961,853,9,9,1220,1671,1815,8,9,699,1346,1669,1797,10,9,846,488,542,9,9,388,443,10,8,418,Default,
231858,411,451,437,936,1465,1482,8,1490,1798,1997,9,848,1077,1133,8,748,905,900,9,718,961,852,9,8,1221,1672,1814,9,9,697,1347,1669,1797,9,8,845,489,543,9,8,387,441,8,9,416,Default,
231874,412,451,437,936,1466,1483,9,1491,1798,1998,8,847,1076,1133,8,747,905,901,9,719,961,851,9,8,1220,1672,1814,9,8,696,1347,1669,1796,9,8,844,489,544,8,9,389,441,9,9,414,Default,
231890,410,451,437,936,1466,1483,8,1491,1799,1997,10,849,1077,1133,9,748,906,901,9,720,961,852,8,8,1221,1672,1815,9,9,698,1348,1670,1798,9,9,844,489,545,10,9,389,443,9,8,417,Default,
231906,412,451,438,937,1467,1484,8,1491,1799,1999,9,848,1076,1135,8,748,906,901,9,721,962,853,8,8,1222,1674,1815,9,8,697,1350,1672,1800,8,9,844,492,547,8,8,390,443,9,8,417,Default,
231922,413,451,439,938,1468,1484,8,1492,1799,2000,9,850,1077,1135,9,751,907,903,9,723,966,856,9,8,1225,1675,1818,9,8,700,1352,1674,1803,9,9,849,496,551,8,9,394,446,8,8,420,Default,
231938,411,450,437,939,1466,1484,8,1494,1800,1999,9,851,1078,1135,9,753,910,905,9,725,970,859,8,8,1228,1679,1821,9,9,702,1355,1678,1807,9,8,851,498,554,9,8,393,447,7,9,421,Default,
231954,410,450,436,939,1465,1482,8,1496,1800,2000,9,852,1079,1135,9,757,912,907,9,728,972,862,10,8,1231,1683,1827,9,9,704,1359,1682,1814,9,9,855,504,562,9,9,400,451,8,9,423,Default,
231970,410,448,436,940,1464,1481,8,1496,1800,1999,9,853,1078,1135,8,758,914,909,8,730,975,865,9,8,1235,1685,1830,9,9,708,1363,1685,1819,9,8,858,508,567,10,10,400,455,8,10,427,Default,
231986,410,448,436,940,1463,1481,10,1496,1800,2000,9,853,1079,1136,8,758,918,910,10,732,977,867,9,9,1237,1688,1834,8,8,711,1366,1689,1824,10,8,860,512,572,10,8,404,457,10,8,429,Default,
232002,410,448,436,941,1463,1480,8,1498,1800,2001,8,854,1079,1136,9,760,917,912,9,733,982,870,9,8,1239,1691,1837,9,8,713,1368,1691,1828,10,8,863,514,575,9,8,405,458,9,9,431,Default,
232018,409,447,435,941,1463,1480,8,1499,1799,2001,9,854,1079,1137,9,762,919,913,9,737,985,874,10,8,1241,1693,1842,9,9,716,1373,1697,1835,10,8,868,519,581,10,9,411,461,8,10,435,Default,
232034,410,448,435,942,1462,1480,9,1501,1797,2001,8,856,1079,1137,8,764,921,915,9,742,990,879,9,9,1247,1695,1847,8,8,721,1379,1703,1847,9,8,873,526,588,11,8,414,465,10,8,436,Default,
232050,410,447,435,942,1462,1479,8,1503,1798,2002,9,857,1081,1138,9,766,923,918,10,745,994,883,9,8,1251,1699,1852,9,9,725,1384,1709,1857,10,8,878,530,594,10,9,418,470,8,8,440,Default,
232066,407,445,433,943,1461,1477,8,1502,1798,2002,11,857,1080,1138,9,769,926,919,9,750,1000,890,10,8,1254,1703,1856,9,8,727,1388,1715,1862,9,8,883,535,602,9,8,422,472,9,9,443,Default,
232082,408,446,433,945,1460,1478,9,1506,1799,2002,9,858,1080,1138,9,770,927,920,9,754,1004,892,8,9,1257,1706,1860,9,9,731,1392,1718,1866,10,8,884,535,601,9,9,421,472,8,9,444,Default,
232098,409,447,434,945,1462,1480,8,1508,1799,2004,9,858,1081,1139,9,770,927,920,9,754,1006,895,10,8,1260,1708,1862,9,9,731,1395,1720,1869,10,8,888,537,603,9,8,422,476,8,9,445,Default,
232114,408,447,434,946,1463,1481,9,1509,1801,2005,9,859,1081,1140,8,772,930,924,8,757,1008,896,9,8,1263,1710,1865,9,8,733,1397,1723,1872,8,9,889,540,609,8,8,424,476,9,9,447,Default,
232130,409,447,434,948,1463,1481,9,1513,1803,2007,10,862,1081,1140,9,777,933,927,9,766,1018,905,8,9,1268,1716,1872,9,8,738,1405,1732,1884,9,8,892,547,617,9,8,430,478,8,8,450,Default,
232146,406,444,431,949,1461,1480,8,1515,1802,2008,9,862,1083,1142,8,783,938,932,9,772,1023,911,8,8,1275,1721,1878,9,8,740,1413,1738,1894,8,8,897,552,625,8,8,433,487,8,9,456,Default,
232162,406,442,431,950,1458,1475,8,1517,1800,2007,9,863,1083,1141,9,789,942,935,9,780,1033,920,9,8,1280,1726,1886,9,8,745,1420,1746,1907,9,8,903,563,637,9,9,439,492,8,9,460,Default,
232178,403,439,428,950,1454,1472,9,1517,1798,2003,9,864,1082,1140,8,789,944,935,9,783,1037,923,9,9,1283,1730,1890,8,8,752,1425,1752,1915,10,8,911,572,646,9,9,447,497,9,9,464,Default,
232194,403,439,427,949,1453,1471,8,1516,1798,2003,9,863,1082,1139,9,791,944,937,8,783,1039,925,9,8,1287,1733,1894,9,9,756,1428,1755,1919,9,8,916,577,655,9,9,453,500,8,8,468,Default,
232210,403,438,427,951,1455,1472,8,1517,1799,2003,10,864,1083,1140,9,791,945,937,9,787,1041,928,9,8,1289,1737,1896,9,8,759,1430,1758,1922,8,8,918,581,661,9,8,456,502,9,9,469,Default,
232226,403,439,428,951,1455,1473,8,1517,1800,2005,10,866,1083,1140,9,793,946,938,10,787,1044,930,8,9,1291,1739,1899,9,9,761,1430,1760,1925,9,8,920,587,665,9,8,457,504,7,9,472,Default,
232242,403,439,427,952,1457,1474,8,1519,1802,2006,9,866,1084,1141,9,795,947,940,9,791,1047,932,9,8,1293,1743,1904,9,9,764,1433,1764,1928,10,8,924,589,669,9,8,460,507,8,10,474,Default,
232258,402,437,427,952,1454,1472,9,1521,1803,2006,9,866,1085,1142,8,796,949,941,9,796,1053,939,10,8,1297,1745,1907,9,9,766,1436,1766,1936,9,8,928,593,674,9,9,464,509,8,8,476,Default,
232274,402,436,425,952,1451,1468,8,1521,1802,2006,9,867,1084,1141,9,800,952,944,9,799,1057,942,9,9,1301,1749,1911,9,9,770,1439,1770,1936,10,8,932,596,679,9,8,467,514,8,8,480,Default,
232290,399,433,422,952,1449,1466,8,1521,1802,2004,9,868,1085,1142,9,800,954,945,8,801,1058,944,9,8,1302,1751,1912,9,9,772,1441,1771,1940,9,8,935,600,681,9,8,468,514,8,8,482,Default,
232306,398,432,422,952,1449,1467,8,1522,1803,2006,11,869,1086,1144,9,801,954,946,10,802,1060,946,10,9,1303,1752,1914,9,8,775,1442,1773,1940,9,9,937,602,684,11,8,470,518,8,10,485,Default,
232322,399,432,422,953,1451,1468,9,1522,1804,2008,9,869,1086,1144,9,802,957,947,9,804,1060,947,10,8,1305,1752,1915,9,9,777,1442,1774,1941,10,8,937,603,684,9,9,469,519,11,8,485,Default,
232338,400,433,423,954,1452,1469,8,1525,1806,2010,11,869,1087,1145,9,804,957,949,8,804,1062,949,9,8,1305,1753,1915,9,8,776,1443,1775,1943,9,8,938,603,686,9,8,472,520,8,10,485,Default,
232354,400,435,423,953,1452,1470,9,1525,1806,2010,8,868,1087,1145,8,804,957,949,8,806,1062,949,8,8,1305,1753,1915,8,8,777,1443,1776,1942,9,8,938,603,686,8,8,472,519,8,8,485,Default,
232370,401,434,423,954,1451,1470,9,1527,1805,2010,11,870,1087,1146,8,806,960,949,9,808,1065,951,9,9,1308,1756,1918,8,8,779,1446,1776,1945,11,8,941,605,688,10,8,472,523,9,10,486,Default,
232386,397,433,421,953,1450,1467,9,1524,1804,2007,9,869,1086,1144,8,805,960,951,9,808,1065,953,9,8,1310,1756,1919,8,8,779,1446,1778,1947,8,8,940,605,690,8,8,473,522,9,9,488,Default,
232402,396,429,418,952,1446,1462,8,1523,1800,2003,8,869,1086,1144,8,807,960,951,9,811,1069,956,9,8,1311,1757,1922,9,8,779,1451,1781,1952,9,8,942,606,692,9,8,475,527,8,8,489,Default,
232418,393,427,417,950,1442,1459,8,1522,1798,1999,10,870,1085,1142,9,807,961,951,9,812,1071,959,8,9,1312,1758,1923,9,8,783,1452,1782,1956,9,8,944,609,695,9,9,476,527,8,9,490,Default,
232434,392,425,414,949,1440,1457,8,1521,1797,1998,9,869,1084,1141,9,807,960,950,10,812,1072,959,9,8,1312,1759,1925,9,9,783,1453,1784,1958,9,9,946,611,697,11,9,479,528,8,8,492,Default,
232450,390,423,414,950,1440,1456,8,1522,1796,1998,10,868,1083,1141,9,807,959,950,10,812,1072,960,9,8,1314,1760,1926,9,8,787,1454,1786,1961,10,8,949,613,699,9,8,480,531,9,10,493,Default,
232466,390,424,414,949,1438,1455,9,1521,1795,1997,9,868,1082,1140,9,805,957,949,9,813,1072,958,9,9,1314,1761,1926,8,9,790,1453,1786,1961,10,8,952,615,700,10,8,481,532,10,8,494,Default,
232482,391,425,416,949,1435,1452,8,1520,1793,1994,9,867,1082,1140,8,804,957,949,9,813,1072,960,9,8,1314,1761,1927,9,9,789,1455,1787,1962,9,8,953,616,702,9,8,483,532,8,8,495,Default,
232498,390,425,414,948,1434,1452,8,1521,1793,1996,9,867,1082,1140,9,806,957,949,8,816,1075,962,10,8,1314,1761,1928,9,8,789,1457,1788,1966,9,8,953,617,704,9,8,483,532,8,8,496,Default,
232514,393,424,416,949,1435,1452,9,1521,1794,1996,9,868,1083,1140,10,808,960,951,9,819,1076,964,10,9,1317,1764,1931,9,9,794,1459,1792,1970,9,8,957,618,705,9,9,485,535,11,8,497,Default,
232530,391,425,414,949,1434,1452,8,1521,1795,1996,9,869,1082,1140,9,809,961,952,9,818,1078,965,9,8,1319,1767,1935,9,8,799,1463,1795,1977,10,8,961,622,710,9,9,489,538,8,9,500,Default,
232546,391,425,414,948,1431,1450,9,1522,1792,1996,9,869,1083,1140,9,810,961,953,9,820,1079,967,9,8,1322,1769,1936,9,8,801,1465,1799,1979,9,8,965,624,711,10,8,490,541,8,8,501,Default,
232562,390,425,415,948,1428,1447,9,1521,1791,1994,9,869,1082,1140,10,810,961,952,9,820,1079,967,8,9,1321,1770,1937,9,8,805,1466,1799,1981,9,8,965,626,714,9,8,493,542,10,8,501,Default,
232578,390,425,415,947,1427,1447,7,1521,1790,1994,10,868,1082,1140,9,808,961,952,8,819,1078,965,12,8,1320,1768,1937,9,9,805,1464,1798,1981,12,10,968,627,716,8,10,494,541,9,9,504,Default,
232594,390,426,415,946,1427,1446,9,1520,1790,1993,9,867,1082,1141,9,808,959,950,9,820,1078,966,9,7,1322,1770,1939,8,8,806,1467,1799,1981,8,8,968,629,719,8,8,495,543,8,8,501,Default,
232610,389,424,414,946,1425,1444,8,1520,1787,1990,10,869,1082,1140,9,808,959,951,9,820,1078,967,8,9,1322,1770,1940,9,8,809,1466,1800,1984,9,9,968,630,721,10,9,497,545,9,8,504,Default,
232626,385,419,410,944,1419,1438,8,1516,1784,1987,9,866,1079,1139,8,807,958,950,8,820,1079,967,9,8,1322,1770,1940,9,8,810,1467,1801,1985,8,8,970,632,722,8,8,497,545,9,9,505,Default,
232642,384,418,408,941,1416,1435,8,1513,1778,1981,11,865,1077,1135,8,804,955,948,9,817,1077,965,8,8,1320,1769,1939,9,9,812,1467,1799,1985,9,8,974,634,724,9,9,499,547,8,10,507,Default,
232658,385,417,408,941,1413,1434,9,1512,1776,1980,9,863,1076,1133,8,802,953,945,9,816,1074,962,9,9,1318,1767,1938,8,8,812,1465,1798,1984,9,9,974,634,724,9,9,499,548,10,8,507,Default,
232674,385,418,409,940,1416,1434,8,1510,1776,1980,10,863,1076,1133,9,798,949,940,9,814,1073,961,10,8,1318,1766,1937,9,9,811,1464,1799,1982,9,9,975,633,724,9,8,500,549,8,9,508,Default,
232690,385,419,409,940,1416,1435,8,1510,1777,1980,9,862,1076,1133,9,795,948,941,9,812,1072,959,9,8,1316,1764,1936,9,8,807,1460,1796,1981,10,8,971,632,723,9,8,499,551,8,8,508,Default,
232706,386,420,410,940,1417,1436,8,1509,1776,1978,9,862,1076,1133,9,795,947,939,9,808,1069,957,8,9,1314,1762,1933,9,9,806,1458,1794,1975,9,9,972,632,722,9,9,497,548,8,8,508,Default,
232722,385,420,410,939,1417,1436,8,1509,1776,1979,9,862,1075,1132,9,795,945,937,9,807,1068,956,9,8,1313,1762,1931,9,8,806,1458,1791,1975,10,8,972,630,721,11,9,498,549,8,10,509,Default,
232738,385,419,410,937,1415,1434,8,1508,1774,1976,9,860,1072,1129,9,793,945,936,9,806,1066,954,10,8,1312,1761,1931,9,9,807,1457,1791,1974,9,9,973,630,723,9,8,498,548,8,8,507,Default,
232754,385,418,408,937,1413,1432,8,1504,1772,1973,9,858,1070,1127,8,791,943,935,8,805,1065,953,9,8,1312,1761,1931,9,9,808,1456,1791,1974,10,9,973,633,723,10,8,498,549,8,8,508,Default,
232770,385,418,409,937,1413,1432,8,1503,1772,1973,8,858,1071,1128,9,791,943,936,8,805,1065,953,9,8,1311,1761,1931,9,9,807,1455,1791,1973,10,8,974,634,724,9,9,500,550,8,10,509,Default,
232786,386,419,410,937,1413,1434,8,1505,1772,1974,9,858,1071,1129,9,790,941,934,10,805,1065,953,9,8,1310,1761,1931,9,9,809,1455,1792,1974,9,8,973,633,725,10,9,501,550,8,8,509,Default,
232802,387,421,411,938,1417,1436,10,1506,1774,1977,9,859,1074,1131,9,791,943,936,9,806,1066,954,8,8,1310,1760,1932,8,8,809,1453,1790,1974,9,8,974,633,723,9,9,498,550,9,8,509,Default,
232818,391,425,415,940,1421,1439,8,1508,1777,1979,9,860,1075,1132,9,791,944,937,9,805,1065,953,9,8,1310,1760,1931,9,9,808,1455,1790,1972,9,8,974,631,721,10,9,499,550,8,8,509,Default,
232834,391,424,415,941,1422,1441,9,1509,1778,1981,8,860,1076,1133,8,790,944,936,9,805,1065,953,9,7,1310,1760,1930,9,8,808,1453,1788,1969,9,8,972,629,721,8,8,497,547,8,8,508,Default,
232850,391,427,417,941,1421,1442,9,1509,1777,1981,9,861,1076,1133,9,791,944,936,9,806,1065,953,9,9,1309,1760,1931,8,9,809,1452,1789,1972,9,8,974,631,721,9,9,498,550,10,8,509,Default,
232866,391,425,417,939,1419,1438,8,1508,1775,1980,9,860,1074,1132,7,791,944,936,9,805,1065,953,9,8,1309,1759,1930,9,8,807,1454,1787,1972,9,8,974,631,722,9,8,499,548,9,9,508,Default,
232882,388,423,412,939,1417,1436,8,1505,1774,1976,10,858,1073,1132,8,789,942,935,9,804,1065,952,11,9,1308,1759,1930,11,10,808,1453,1789,1972,9,9,975,633,724,9,8,499,550,8,10,509,Default,
232898,389,421,411,936,1415,1434,8,1503,1773,1974,10,858,1072,1129,9,787,940,932,9,801,1061,949,8,9,1308,1759,1930,9,8,810,1452,1789,1971,9,8,973,634,724,8,9,500,550,7,9,510,Default,
232914,386,422,410,936,1414,1434,8,1501,1770,1973,11,857,1070,1128,9,787,938,932,9,800,1060,948,9,8,1307,1758,1929,9,9,809,1451,1788,1970,9,9,975,633,724,9,9,501,550,8,9,509,Default,
232930,387,422,411,937,1414,1434,9,1500,1771,1973,9,857,1070,1128,9,786,937,931,10,798,1057,946,10,8,1307,1758,1929,9,9,810,1451,1786,1969,9,9,974,631,723,10,9,500,550,8,8,509,Default,
232946,386,421,412,936,1415,1434,8,1501,1771,1972,10,858,1071,1129,9,786,936,932,8,796,1058,946,9,9,1306,1758,1929,9,9,810,1450,1787,1969,9,9,975,631,721,9,8,499,551,8,8,509,Default,
232962,388,422,412,936,1415,1434,8,1503,1772,1974,9,858,1072,1130,9,789,939,933,9,800,1061,949,9,8,1307,1759,1931,9,9,811,1452,1789,1971,9,9,977,634,725,10,9,502,551,8,8,510,Default,
232978,386,420,411,936,1413,1433,8,1501,1772,1973,9,858,1073,1131,8,790,941,934,10,801,1065,953,10,8,1310,1762,1934,9,9,819,1455,1793,1975,9,9,981,635,728,9,8,503,554,8,8,511,Default,
232994,382,415,406,932,1407,1425,9,1500,1768,1970,9,858,1073,1131,9,790,944,936,9,806,1067,955,9,9,1310,1763,1936,8,8,820,1455,1795,1982,9,8,982,638,729,9,9,505,555,11,8,515,Default,
233010,380,413,404,931,1405,1422,8,1494,1765,1965,11,858,1073,1130,9,790,944,936,9,804,1067,956,9,8,1309,1763,1936,10,8,820,1455,1795,1982,9,8,984,638,732,9,9,505,556,8,8,514,Default,
233026,379,413,403,929,1402,1419,8,1492,1762,1963,8,856,1071,1129,9,790,945,936,9,804,1067,955,9,8,1308,1762,1935,9,8,820,1453,1794,1981,9,8,984,638,730,9,8,506,557,8,9,515,Default,
233042,380,412,403,928,1401,1420,10,1489,1761,1962,10,856,1070,1129,9,788,943,935,9,802,1065,953,8,9,1307,1761,1934,10,8,821,1451,1792,1977,10,8,982,637,729,10,9,505,557,9,8,515,Default,
233058,379,413,403,929,1402,1420,9,1489,1761,1963,9,854,1069,1128,9,786,939,934,10,800,1062,951,9,8,1305,1760,1932,9,9,820,1450,1790,1975,9,9,984,637,729,11,8,505,555,7,10,515,Default,
233074,380,414,404,928,1403,1421,9,1488,1761,1963,8,854,1070,1128,8,785,941,934,8,798,1060,949,10,9,1302,1757,1929,9,8,813,1446,1788,1972,9,8,978,635,729,7,8,504,554,8,8,513,Default,
233090,382,415,405,929,1405,1423,8,1490,1762,1965,10,856,1071,1129,9,785,939,932,9,795,1060,949,8,9,1301,1758,1929,9,8,814,1445,1786,1970,9,8,978,636,728,9,8,504,554,8,9,514,Default,
233106,381,415,405,928,1405,1423,8,1491,1763,1965,9,854,1070,1129,8,785,937,931,9,798,1059,948,8,8,1301,1757,1928,8,8,814,1446,1787,1969,8,8,978,635,727,8,8,501,553,8,8,513,Default,
233122,382,415,406,929,1406,1423,8,1491,1762,1965,10,854,1070,1127,9,783,936,931,10,795,1059,948,9,8,1301,1758,1929,9,9,814,1445,1786,1968,9,8,979,636,727,9,8,504,553,8,8,513,Default,
233138,381,415,406,928,1404,1422,9,1487,1759,1962,9,852,1066,1124,8,780,934,928,9,794,1057,945,9,9,1298,1756,1927,8,8,815,1441,1785,1967,9,8,980,636,725,9,9,504,554,10,8,514,Default,
233154,381,415,406,926,1403,1419,8,1484,1755,1957,10,848,1062,1119,9,777,928,923,9,787,1050,940,9,8,1295,1752,1924,9,9,813,1439,1782,1965,9,9,980,635,727,10,8,505,553,8,8,512,Default,
233170,381,414,404,924,1399,1417,8,1480,1752,1953,11,845,1060,1116,9,772,920,916,8,783,1045,935,9,8,1292,1749,1922,9,8,812,1438,1780,1963,9,8,978,633,726,9,8,503,555,8,8,513,Default,
233186,380,414,405,923,1399,1417,9,1477,1749,1952,9,844,1059,1115,8,767,917,912,9,779,1042,929,9,9,1289,1749,1919,8,8,813,1435,1778,1960,9,8,978,632,725,10,8,502,554,10,8,513,Default,
233202,381,414,403,923,1400,1418,8,1477,1749,1951,9,844,1058,1115,8,765,914,910,10,775,1037,926,10,8,1287,1745,1917,8,8,811,1432,1774,1952,9,9,979,628,721,10,9,501,552,8,9,512,Default,
233218,382,415,406,923,1402,1420,8,1476,1750,1952,9,844,1060,1116,9,766,914,910,10,772,1034,922,10,8,1285,1743,1914,8,8,810,1430,1772,1949,11,8,976,626,717,9,8,500,551,8,8,512,Default,
233234,383,416,408,924,1403,1421,9,1478,1753,1953,11,845,1059,1117,9,766,915,910,10,771,1032,922,8,9,1283,1742,1914,9,9,809,1429,1770,1948,9,8,974,624,715,9,9,498,550,8,9,510,Default,
233250,383,418,409,924,1405,1422,8,1480,1753,1955,9,845,1061,1117,9,766,916,910,10,772,1034,923,8,8,1284,1742,1913,9,9,808,1430,1771,1948,9,8,976,624,715,9,9,498,550,8,9,510,Default,
233266,383,418,407,924,1405,1421,8,1480,1753,1955,9,845,1061,1117,9,767,916,912,9,775,1036,925,8,8,1286,1744,1915,9,8,809,1431,1772,1950,9,9,978,627,717,9,8,499,551,9,9,510,Default,
233282,382,417,407,924,1404,1420,9,1479,1753,1953,9,845,1059,1117,9,767,917,912,10,775,1036,925,8,8,1286,1745,1915,10,8,811,1431,1773,1952,9,9,976,628,718,9,9,500,551,9,8,511,Default,
233298,382,417,407,924,1402,1420,9,1478,1752,1953,11,845,1061,1116,9,767,917,912,9,774,1036,925,9,8,1286,1745,1916,9,9,811,1432,1774,1952,9,9,978,628,721,10,9,501,551,9,9,511,Default,
233314,382,417,406,923,1402,1418,9,1477,1752,1953,9,843,1059,1116,8,766,918,912,8,776,1036,925,9,8,1288,1745,1916,9,8,811,1431,1774,1952,9,8,978,629,721,8,8,502,549,8,9,510,Default,
233330,382,417,407,924,1402,1419,9,1479,1751,1953,10,845,1059,1117,8,766,917,912,9,775,1036,926,9,9,1286,1745,1915,8,9,812,1432,1774,1952,9,8,978,630,721,9,9,501,551,9,9,511,Default,
233346,381,417,407,923,1402,1418,8,1479,1752,1953,9,844,1061,1117,8,766,917,911,8,776,1037,927,10,7,1289,1746,1917,9,8,812,1433,1777,1956,9,8,978,630,722,9,8,501,553,8,8,511,Default,
233362,379,414,404,922,1396,1413,9,1478,1749,1950,9,845,1059,1116,9,769,919,914,10,781,1044,933,9,8,1292,1749,1922,9,9,818,1436,1780,1963,9,8,984,634,727,10,9,506,554,8,9,514,Default,
233378,374,407,398,918,1387,1402,8,1474,1742,1942,10,843,1056,1113,9,771,918,914,10,785,1048,936,8,9,1294,1752,1925,8,8,824,1439,1784,1970,9,9,988,639,733,11,9,509,556,8,8,515,Default,
233394,371,404,393,914,1378,1397,9,1471,1737,1936,8,841,1053,1111,9,771,918,915,11,785,1048,935,12,9,1296,1751,1927,10,7,825,1442,1786,1975,9,9,990,639,735,9,8,512,558,9,11,518,Default,
233410,370,402,393,915,1376,1392,8,1471,1737,1936,9,841,1053,1109,9,770,917,912,9,786,1048,937,9,8,1297,1753,1928,9,8,826,1443,1786,1977,9,8,990,641,737,9,9,512,559,8,8,519,Default,
233426,370,402,393,915,1377,1394,8,1473,1737,1937,9,842,1052,1109,9,770,918,912,9,788,1050,938,8,9,1298,1755,1929,9,8,828,1445,1788,1979,9,8,990,642,738,9,10,512,559,8,8,518,Default,
233442,372,402,393,917,1379,1396,8,1475,1740,1940,9,842,1053,1111,9,771,920,914,9,788,1052,940,9,8,1299,1755,1929,9,9,827,1446,1789,1977,11,8,991,642,737,11,8,511,559,9,10,518,Default,
233458,372,403,393,919,1383,1400,8,1477,1743,1942,9,843,1056,1112,9,773,923,916,9,791,1053,942,10,8,1301,1756,1931,9,8,827,1446,1790,1979,9,8,991,643,737,9,8,511,559,8,9,519,Default,
233474,373,404,394,920,1384,1401,9,1480,1745,1944,9,845,1057,1113,8,779,928,922,10,798,1061,947,9,9,1305,1760,1935,8,8,829,1452,1795,1985,9,8,991,644,739,9,9,511,559,10,8,517,Default,
233490,373,403,395,922,1384,1401,8,1481,1745,1944,9,846,1057,1113,9,781,929,924,8,800,1064,951,9,8,1307,1761,1938,9,9,829,1455,1797,1987,9,9,993,646,741,10,8,513,559,8,9,518,Default,
233506,373,404,395,923,1384,1401,9,1482,1746,1944,9,847,1057,1113,9,782,930,925,8,803,1067,954,10,8,1310,1763,1940,9,9,831,1458,1799,1989,10,8,995,646,742,9,8,514,559,9,9,519,Default,
233522,373,405,395,922,1385,1401,9,1484,1745,1945,10,849,1057,1114,8,782,932,925,9,805,1067,954,8,8,1311,1766,1940,8,8,831,1458,1799,1990,9,8,994,646,743,10,8,514,560,9,8,519,Default,
233538,374,405,395,923,1387,1402,8,1484,1749,1946,9,848,1058,1115,9,783,932,925,9,804,1068,955,9,8,1311,1765,1940,9,9,829,1457,1800,1989,10,8,994,646,742,9,8,514,559,9,8,518,Default,
233554,374,406,396,925,1389,1406,8,1486,1751,1950,9,847,1060,1115,8,783,934,927,9,806,1068,957,9,8,1312,1767,1940,8,8,831,1459,1800,1991,8,8,992,646,741,8,8,514,559,8,8,518,Default,
233570,374,406,397,927,1390,1408,8,1490,1753,1950,9,851,1061,1116,9,787,936,928,9,809,1073,961,8,9,1316,1768,1943,9,9,830,1463,1804,1994,11,8,994,649,745,10,8,514,560,8,9,520,Default,
233586,374,406,396,927,1388,1405,8,1489,1753,1950,9,850,1061,1119,8,789,939,932,9,813,1076,963,8,8,1318,1770,1945,9,8,829,1468,1807,2000,8,9,993,648,745,8,8,514,559,9,10,518,Default,
233602,374,405,396,927,1388,1405,8,1492,1753,1951,9,852,1061,1117,9,790,939,931,9,816,1079,965,9,8,1321,1774,1948,9,8,826,1471,1810,2004,9,8,993,651,749,10,9,516,563,8,9,520,Default,
233618,375,405,395,927,1388,1403,9,1492,1753,1951,9,853,1061,1117,10,790,941,932,10,819,1080,967,8,8,1322,1775,1948,9,9,828,1472,1811,2006,11,9,990,649,746,10,9,513,563,8,8,520,Default,
233634,374,405,395,928,1388,1404,8,1494,1753,1952,9,854,1062,1117,9,793,942,934,10,820,1082,969,9,8,1325,1779,1952,9,9,827,1475,1814,2008,10,8,994,650,748,9,8,515,566,9,9,521,Default,
233650,374,405,397,930,1389,1405,8,1496,1756,1954,9,857,1064,1120,9,795,945,937,9,824,1087,974,10,8,1328,1781,1954,9,9,829,1478,1816,2013,9,8,993,650,747,10,9,514,564,8,9,522,Default,
233666,375,405,395,931,1388,1405,9,1500,1757,1956,9,858,1066,1123,9,804,953,943,9,830,1091,979,9,8,1333,1786,1959,8,8,831,1482,1819,2018,11,8,994,652,750,9,9,514,567,10,8,522,Default,
233682,373,404,395,932,1388,1404,8,1501,1759,1957,11,860,1068,1124,9,809,956,946,10,833,1097,986,9,8,1336,1789,1962,9,9,829,1487,1824,2021,9,8,994,655,754,10,8,517,566,7,10,524,Default,
233698,372,402,393,931,1383,1399,8,1501,1757,1956,10,861,1069,1124,9,812,960,951,9,839,1103,990,10,8,1340,1794,1965,9,8,830,1491,1827,2027,9,8,994,659,758,9,8,518,569,8,8,526,Default,
233714,369,399,389,928,1374,1391,8,1501,1755,1952,10,862,1068,1124,9,816,963,953,9,844,1110,997,8,9,1344,1799,1973,9,9,838,1495,1832,2034,10,8,999,665,764,9,9,521,575,8,8,530,Default,
233730,367,397,389,927,1368,1386,9,1499,1752,1950,10,861,1067,1124,9,817,964,954,10,847,1112,999,10,8,1347,1800,1976,9,8,837,1497,1833,2038,11,8,999,670,771,9,8,526,575,8,9,530,Default,
233746,364,393,385,924,1365,1384,8,1497,1749,1947,10,861,1067,1123,8,817,965,955,10,848,1114,1001,9,8,1347,1802,1976,9,9,840,1499,1835,2042,10,8,1003,674,776,9,8,530,578,8,8,532,Default,
233762,365,393,385,924,1365,1383,9,1498,1749,1947,10,862,1066,1123,8,818,965,956,9,850,1115,1003,8,8,1349,1805,1978,9,8,844,1500,1837,2044,10,8,1007,676,779,10,9,532,579,10,8,534,Default,
233778,364,393,386,927,1366,1384,9,1500,1751,1949,10,862,1069,1124,9,820,965,957,10,854,1119,1006,9,8,1351,1806,1983,9,9,845,1501,1839,2048,9,8,1007,676,780,9,9,534,582,9,9,535,Default,
233794,364,393,384,927,1365,1384,9,1500,1750,1948,9,862,1068,1124,8,822,968,959,8,858,1123,1011,8,7,1355,1809,1984,9,8,845,1505,1843,2054,9,8,1008,680,784,8,8,535,584,9,8,535,Default,
233810,363,392,385,925,1360,1378,10,1500,1749,1947,10,862,1068,1123,8,825,970,960,9,858,1125,1012,9,9,1355,1812,1988,8,8,848,1506,1845,2057,9,8,1011,684,788,9,9,536,586,10,8,538,Default,
233826,363,393,384,924,1359,1376,9,1498,1746,1945,9,862,1067,1123,9,824,970,960,9,859,1124,1013,9,8,1356,1812,1988,9,8,850,1507,1844,2057,8,8,1013,684,789,8,9,539,592,8,9,541,Default,
233842,364,393,385,926,1360,1378,8,1499,1747,1944,9,862,1067,1123,9,825,970,960,9,858,1126,1014,9,8,1357,1813,1990,9,9,852,1509,1847,2060,9,8,1015,685,790,10,8,538,594,8,9,543,Default,
233858,365,394,386,927,1362,1382,9,1503,1749,1948,9,862,1067,1123,8,827,971,961,9,861,1127,1015,9,9,1359,1815,1991,8,9,854,1511,1848,2064,9,8,1015,686,792,9,9,539,596,9,9,544,Default,
233874,365,394,387,928,1363,1382,8,1505,1753,1950,9,864,1069,1124,8,831,976,965,9,866,1133,1023,9,8,1366,1822,1998,9,8,855,1517,1856,2072,9,8,1019,691,796,9,8,543,598,8,9,546,Default,
233890,363,391,383,928,1359,1378,8,1507,1752,1948,9,866,1070,1126,9,837,981,970,10,876,1145,1035,9,8,1372,1829,2006,9,8,862,1526,1866,2089,9,8,1023,702,809,10,8,549,605,8,9,551,Default,
233906,356,384,377,924,1345,1366,8,1503,1745,1939,9,866,1069,1124,9,842,987,975,8,883,1154,1044,8,8,1378,1838,2014,9,9,867,1536,1880,2106,11,8,1027,710,819,9,9,551,613,8,8,558,Default,
233922,346,373,366,916,1331,1348,8,1496,1739,1931,11,864,1065,1121,8,844,990,977,9,889,1161,1050,11,10,1379,1841,2016,11,9,870,1539,1886,2113,11,9,1029,719,829,9,8,557,619,8,9,563,Default,
233938,340,367,360,912,1323,1341,8,1492,1731,1923,9,862,1063,1118,9,845,990,978,9,892,1165,1056,9,8,1380,1844,2019,9,9,873,1542,1890,2120,9,8,1032,728,840,10,9,563,626,8,8,566,Default,
233954,336,360,354,911,1318,1336,10,1491,1728,1922,9,862,1062,1118,8,846,990,978,9,895,1167,1057,9,9,1383,1846,2023,9,9,875,1543,1894,2126,10,8,1035,733,845,10,8,565,631,11,8,571,Default,
233970,333,360,353,912,1318,1337,9,1492,1730,1923,10,862,1063,1118,9,847,992,979,10,895,1169,1059,10,8,1384,1848,2026,9,8,877,1546,1896,2129,9,9,1040,739,854,10,9,572,631,8,10,571,Default,
233986,335,360,355,913,1322,1339,8,1495,1733,1925,11,864,1065,1119,9,850,995,981,10,898,1170,1061,9,8,1387,1851,2030,9,9,882,1547,1898,2131,9,8,1041,743,858,9,8,575,633,8,8,573,Default,
234002,337,363,356,916,1326,1343,9,1498,1737,1931,9,866,1066,1122,9,854,999,984,9,901,1173,1063,8,8,1391,1853,2032,9,8,883,1549,1901,2135,10,9,1043,746,862,9,9,576,635,9,8,574,Default,
234018,339,365,357,919,1331,1348,8,1503,1743,1934,9,869,1070,1125,9,856,1001,987,9,902,1176,1065,9,8,1393,1857,2033,9,8,883,1554,1903,2136,9,8,1044,746,862,9,9,577,637,8,10,575,Default,
234034,341,367,359,924,1339,1358,9,1506,1747,1940,9,870,1072,1128,8,856,1002,986,8,903,1176,1066,9,8,1393,1857,2035,9,8,883,1553,1903,2135,9,8,1042,744,859,8,8,575,634,8,9,575,Default,
234050,345,373,365,928,1347,1368,8,1513,1755,1950,10,873,1075,1131,9,860,1004,989,9,903,1175,1065,8,8,1396,1857,2035,9,9,882,1552,1902,2133,9,8,1041,734,848,9,8,568,633,9,8,572,Default,
234066,352,378,371,932,1358,1376,8,1520,1763,1959,9,874,1078,1135,8,861,1006,992,8,905,1176,1065,8,8,1396,1857,2034,8,9,878,1552,1899,2127,8,8,1037,725,839,8,8,563,631,8,8,569,Default,
234082,356,383,376,937,1365,1384,8,1526,1770,1965,9,878,1083,1140,9,864,1009,994,10,903,1175,1065,9,8,1397,1859,2035,9,9,878,1554,1898,2128,9,8,1040,724,836,10,9,563,633,8,9,570,Default,
234098,358,385,377,939,1368,1387,8,1529,1772,1968,9,881,1085,1142,9,866,1014,998,9,902,1171,1061,8,8,1398,1858,2035,10,8,877,1554,1898,2126,9,9,1036,723,835,9,8,561,633,8,8,569,Default,
234114,359,387,379,940,1371,1389,8,1528,1774,1968,9,881,1086,1143,8,867,1015,999,10,898,1167,1058,9,8,1397,1856,2033,9,9,874,1551,1894,2120,9,9,1036,719,829,10,9,559,634,8,9,570,Default,
234130,360,388,380,940,1372,1390,8,1530,1774,1969,12,880,1086,1143,9,866,1012,998,8,893,1159,1049,9,8,1392,1850,2026,9,9,870,1544,1883,2103,9,9,1030,708,814,9,8,551,632,8,8,567,Default,
234146,364,390,383,941,1382,1398,10,1533,1776,1971,9,881,1086,1143,9,862,1009,993,9,883,1145,1034,9,9,1386,1841,2016,8,9,862,1532,1869,2081,9,8,1021,690,794,9,9,540,625,9,8,559,Default,
234162,369,397,389,945,1392,1408,8,1536,1780,1977,9,880,1086,1143,9,858,1003,987,9,869,1131,1018,9,8,1375,1826,1999,9,8,847,1519,1849,2053,9,8,1009,671,773,10,8,530,613,8,9,548,Default,
234178,377,406,396,949,1405,1418,8,1538,1786,1981,10,880,1089,1145,9,852,996,980,9,854,1111,997,9,8,1365,1815,1985,9,9,833,1504,1835,2026,11,9,991,650,746,9,8,514,603,8,8,537,Default,
234194,381,410,402,950,1412,1424,8,1540,1789,1983,10,881,1090,1145,9,851,994,978,9,845,1103,989,8,8,1360,1808,1977,9,8,820,1496,1825,2014,11,8,978,642,737,9,9,506,596,8,8,530,Default,
234210,385,414,406,951,1411,1426,8,1541,1787,1984,9,880,1089,1145,9,850,990,976,9,845,1098,982,10,8,1359,1806,1973,9,9,817,1496,1821,2010,10,8,976,642,738,9,8,505,591,8,9,526,Default,
234226,385,414,406,949,1408,1421,8,1538,1784,1980,9,878,1086,1141,9,846,986,971,9,837,1091,973,9,8,1358,1803,1971,9,9,809,1492,1818,2004,9,8,967,638,733,10,8,501,586,8,9,523,Default,
234242,385,414,406,947,1405,1418,10,1534,1782,1973,9,875,1081,1136,9,842,979,964,9,831,1080,962,8,9,1352,1795,1962,9,8,802,1488,1811,1993,9,9,956,633,727,10,9,494,580,8,8,516,Default,
234258,386,416,407,946,1405,1417,8,1533,1778,1969,11,874,1082,1135,9,837,970,953,9,816,1064,939,10,8,1347,1787,1952,9,8,784,1483,1801,1978,9,8,940,623,716,9,8,487,571,8,9,509,Default,
234274,387,418,410,946,1407,1417,8,1533,1778,1969,9,874,1081,1135,8,835,968,951,8,807,1048,920,8,8,1343,1778,1941,9,8,765,1475,1790,1962,9,8,912,608,696,8,8,469,555,8,9,496,Default,
234290,391,420,412,949,1413,1421,9,1535,1781,1971,9,874,1082,1135,8,831,963,942,10,798,1036,903,9,9,1339,1770,1931,8,8,747,1468,1778,1947,9,8,887,595,679,9,8,454,539,9,10,481,Default,
234306,402,433,423,953,1421,1430,9,1542,1786,1977,9,874,1083,1137,8,830,960,941,8,795,1029,897,8,8,1335,1764,1923,8,8,726,1465,1770,1933,8,8,858,582,665,8,8,442,531,8,9,470,Default,
234322,405,436,427,957,1429,1437,8,1545,1794,1982,9,878,1087,1140,9,833,962,945,9,795,1032,899,8,8,1336,1763,1923,9,8,718,1463,1769,1925,9,8,845,576,657,9,9,435,527,8,8,464,Default,
234338,404,435,426,961,1431,1439,9,1552,1799,1988,9,885,1093,1144,8,845,977,958,9,812,1049,919,9,9,1349,1778,1937,9,8,725,1474,1779,1941,10,8,851,588,672,11,9,443,528,10,9,466,Default,
234354,403,434,425,962,1431,1438,8,1558,1803,1989,9,888,1095,1147,9,853,984,965,10,826,1065,934,10,8,1361,1792,1949,8,8,734,1488,1791,1955,10,8,864,597,682,9,8,451,536,8,8,472,Default,
234370,401,431,422,965,1430,1434,8,1563,1807,1990,9,891,1098,1150,10,864,998,977,10,839,1079,946,11,8,1370,1803,1959,9,9,739,1496,1802,1965,10,8,869,609,694,9,8,456,540,8,10,476,Default,
234386,402,432,422,967,1432,1436,8,1568,1811,1994,11,897,1102,1154,9,870,1002,979,8,850,1092,962,8,8,1379,1813,1967,9,8,743,1504,1812,1977,9,9,872,614,701,9,9,460,545,7,9,480,Default,
234402,402,433,422,972,1436,1440,8,1576,1819,2002,9,904,1110,1160,9,879,1010,985,10,864,1110,979,9,8,1388,1823,1977,9,9,746,1513,1821,1988,9,9,874,619,707,10,9,462,545,8,9,480,Default,
234418,410,439,433,982,1450,1456,9,1589,1835,2018,11,918,1123,1177,9,896,1028,1003,10,878,1128,999,10,10,1401,1836,1991,10,9,748,1524,1832,2000,12,10,876,621,709,13,11,462,546,9,11,480,Default,
234434,415,446,435,995,1469,1473,9,1613,1865,2047,10,933,1142,1198,8,912,1048,1021,10,899,1160,1033,8,8,1421,1861,2017,9,8,760,1548,1861,2038,9,8,888,631,721,10,8,469,555,8,9,488,Default,
234450,419,448,439,1008,1484,1488,8,1641,1894,2076,9,947,1160,1215,9,943,1082,1054,9,935,1206,1081,11,8,1457,1909,2061,9,9,791,1590,1911,2101,9,8,922,658,753,10,8,486,582,8,10,512,Default,
234466,419,450,439,1023,1499,1505,8,1671,1934,2113,9,970,1187,1243,9,990,1140,1106,9,964,1256,1131,10,8,1495,1961,2111,9,9,804,1637,1972,2173,9,8,938,690,791,9,8,503,601,8,9,529,Default,
234482,428,458,445,1048,1527,1538,11,1712,1985,2165,10,1003,1227,1283,9,1050,1202,1163,9,1006,1308,1194,9,9,1537,2015,2164,10,8,814,1682,2029,2244,8,8,950,726,833,9,9,514,613,9,8,535,Default,
234498,430,457,442,1085,1564,1584,8,1762,2034,2201,9,1043,1263,1315,8,1108,1263,1222,9,1060,1329,1246,9,8,1604,2087,2237,9,9,836,1742,2097,2317,9,8,967,757,868,9,8,529,624,9,9,543,Default,
234514,450,475,459,1122,1589,1634,9,1838,2106,2262,9,1090,1319,1370,8,1184,1340,1299,8,1149,1414,1331,9,8,1674,2159,2303,9,8,854,1807,2159,2383,9,8,974,783,893,8,8,540,640,8,8,552,Default,
234530,488,515,501,1185,1671,1723,8,1938,2205,2349,10,1172,1404,1455,8,1254,1413,1373,10,1245,1511,1421,8,9,1768,2254,2393,9,8,879,1891,2233,2458,9,9,991,820,931,9,8,557,660,8,8,563,Default,
234546,514,540,528,1252,1766,1812,9,2026,2308,2441,9,1234,1474,1525,10,1330,1484,1450,8,1373,1643,1550,8,7,1869,2359,2499,9,8,897,1973,2319,2549,9,9,977,865,980,8,8,569,692,9,8,572,Default,
234562,539,567,556,1311,1836,1882,8,2101,2387,2520,9,1286,1529,1582,9,1407,1560,1528,10,1504,1781,1683,10,8,1987,2483,2633,10,8,950,2080,2430,2693,10,8,1023,942,1073,9,8,614,730,8,9,593,Default,
234578,561,588,578,1351,1873,1921,10,2157,2447,2569,10,1325,1567,1623,9,1481,1630,1592,9,1638,1922,1824,8,9,2114,2631,2777,9,9,1040,2202,2564,2856,12,8,1110,1031,1179,9,8,679,800,8,8,640,Default,
234594,551,577,567,1366,1866,1911,8,2182,2455,2574,9,1364,1597,1654,9,1537,1675,1640,9,1749,2039,1943,11,8,2221,2748,2897,9,9,1120,2320,2694,3009,12,8,1212,1113,1285,9,8,741,866,8,8,704,Default,
234610,523,545,535,1347,1811,1850,8,2168,2421,2523,9,1368,1594,1645,9,1569,1705,1664,11,1853,2153,2055,9,8,2322,2860,3009,9,8,1234,2421,2825,3150,12,9,1330,1233,1430,10,9,838,936,8,8,776,Default,
234626,465,485,473,1285,1695,1725,10,2100,2312,2402,10,1343,1554,1600,9,1596,1728,1682,9,1949,2259,2155,9,9,2408,2975,3129,9,9,1355,2515,2943,3291,11,8,1474,1376,1607,9,9,961,1014,10,8,863,Default,
234642,401,414,405,1190,1526,1545,8,2000,2172,2259,10,1305,1496,1538,9,1616,1741,1695,9,2018,2330,2230,9,8,2488,3059,3233,10,8,1413,2589,3047,3295,12,9,1620,1507,1767,9,8,1091,1107,8,8,950,Default,
234658,322,333,327,1023,1272,1258,8,1824,1948,2032,9,1243,1411,1444,9,1614,1732,1682,9,2067,2384,2284,9,8,2548,3134,3295,11,9,1604,2669,3138,3296,12,8,1770,1646,1952,9,8,1225,1189,8,9,1042,Default,
234674,228,234,230,772,902,888,10,1592,1649,1731,9,1160,1302,1334,8,1591,1699,1639,10,2102,2411,2315,9,9,2591,3160,3295,9,8,1744,2740,3172,3297,11,8,1944,1784,2172,9,8,1381,1280,10,8,1161,Default,
234690,125,124,124,505,548,548,8,1335,1363,1440,9,1018,1139,1164,9,1539,1639,1572,9,2094,2406,2309,10,8,2603,3179,3295,12,8,1866,2774,3205,3296,12,8,2102,1901,2347,10,8,1523,1370,9,8,1285,Default,
234706,49,45,45,331,341,343,8,1027,1044,1107,9,857,941,961,8,1440,1521,1442,9,2055,2361,2264,9,8,2602,3156,3299,11,8,1956,2772,3245,3297,12,8,2234,2005,2510,9,9,1660,1464,8,9,1389,Default,
234722,13,8,7,250,260,260,10,725,743,781,9,685,742,751,10,1297,1364,1274,8,2002,2319,2195,8,8,2588,3196,3296,12,8,2075,2766,3264,3296,12,8,2391,2098,2670,11,8,1814,1562,8,8,1522,Default,
234738,13,8,6,211,217,216,9,476,481,505,9,518,556,553,9,1091,1124,1035,10,1895,2222,2075,9,8,2546,3160,3297,12,8,2187,2733,3266,3297,12,9,2521,2157,2792,10,8,1953,1679,8,9,1673,Default,
234754,11,7,6,164,167,166,9,277,273,282,10,402,435,428,8,910,942,860,7,1769,2076,1906,9,8,2493,3132,3297,11,8,2301,2684,3265,3297,11,8,2714,2216,2908,10,8,2134,1815,9,8,1868,Default,
234770,12,7,7,136,137,137,9,215,209,215,10,344,370,362,10,792,817,759,9,1563,1828,1665,8,9,2426,3102,3297,12,8,2373,2631,3257,3296,12,9,2846,2272,3026,10,8,2282,1942,7,8,2039,Default,
234786,12,7,6,124,127,124,9,181,173,177,9,283,298,294,10,675,691,650,8,1288,1555,1396,9,8,2318,3030,3295,10,8,2146,2547,3192,3295,10,8,2946,2289,3107,9,8,2397,2043,9,8,2200,Default,
234802,13,7,6,104,104,103,9,159,150,154,11,228,239,233,9,547,564,535,9,1032,1263,1102,9,8,2221,2935,3297,11,8,2392,2459,3168,3297,12,9,3013,2290,3167,11,8,2483,2137,8,8,2333,Default,
234818,14,8,6,86,83,83,9,130,120,122,10,201,210,203,9,439,456,439,9,833,1010,874,8,8,2115,2821,3240,9,9,2126,2373,3076,3297,12,9,2418,2267,3199,10,8,2353,2179,9,9,2360,Default,
234834,12,8,6,67,66,65,9,135,124,124,9,175,184,179,10,328,343,335,9,670,810,704,10,9,1992,2682,3118,10,8,2129,2235,2988,3295,12,8,2494,2237,3231,10,8,2468,2252,8,8,2495,Default,
234850,14,8,6,60,60,59,8,135,123,124,9,165,172,165,11,240,249,245,11,516,621,545,10,9,1905,2533,2973,11,8,2108,2170,2894,3297,12,8,2510,2205,3247,10,9,2533,2308,8,8,2601,Default,
234866,14,7,8,58,55,53,8,129,118,119,10,154,161,156,9,171,177,176,10,407,488,430,9,10,1820,2425,2878,9,8,2118,2084,2812,3297,12,8,3292,2197,3286,10,8,2890,2435,11,9,2895,Default,
234882,12,7,6,45,44,43,8,116,103,104,10,141,145,143,9,128,125,128,10,335,407,357,10,9,1739,2337,2802,9,8,2324,1989,2747,3296,12,8,3295,2159,3290,12,8,2946,2469,8,9,2992,Default,
234898,14,8,6,48,46,45,8,109,98,99,10,135,139,136,9,111,111,109,10,287,348,306,11,8,1674,2209,2707,9,8,2300,1931,2625,3296,12,8,3296,2104,3293,11,8,3027,2529,9,8,3125,Default,
234914,14,8,7,48,41,44,8,115,103,103,9,132,136,132,9,97,96,96,11,238,279,248,9,10,1609,2136,2611,10,8,2270,1868,2561,3297,12,9,3296,2086,3291,13,8,3115,2624,7,8,3284,Default,
234930,14,7,6,51,49,49,8,103,103,102,9,122,125,123,12,80,78,77,12,201,228,206,11,8,1538,2045,2520,12,9,2233,1797,2548,3296,12,10,3296,2067,3295,14,9,3212,2698,9,8,3296,Default,
234946,16,8,7,46,44,42,8,119,107,108,10,116,120,116,9,74,68,69,9,174,194,180,9,8,1471,1967,2403,9,8,2169,1724,2491,3296,12,9,3297,2044,3296,14,8,3289,2781,8,9,3296,Default,
234962,14,8,6,43,40,38,8,124,111,112,10,111,114,111,9,62,58,58,9,164,179,167,10,9,1419,1852,2305,8,8,2066,1654,2346,3296,11,8,3296,1969,3296,11,8,3296,2831,11,8,3296,Default,
234978,17,7,6,44,41,41,8,120,107,108,10,107,111,107,10,59,54,55,8,140,148,141,9,9,1367,1756,2193,9,8,2038,1584,2310,3295,12,8,3296,1949,3296,12,8,3297,2921,9,9,3297,Default,
234994,12,8,6,46,45,43,8,116,103,106,9,104,109,105,8,53,48,48,8,149,154,149,10,8,1332,1504,2114,9,8,1997,1512,2188,3296,11,8,3297,1878,3297,9,8,3296,2990,9,8,3297,Default,
235010,16,8,7,41,38,37,9,121,109,112,10,104,110,105,9,51,47,46,8,140,144,145,9,10,1274,1531,2056,9,9,1969,1422,1982,3297,12,8,3298,1762,3296,11,8,3296,3057,10,8,3297,Default,
235026,10,8,7,37,35,34,8,119,106,109,9,99,107,103,8,45,40,41,8,145,145,150,10,8,1215,1533,2027,8,9,1975,1330,1967,3296,9,8,3297,1759,3296,12,8,3295,3125,9,8,3296,Default,
235042,17,8,7,42,40,38,8,120,105,109,9,106,112,109,10,41,36,36,9,153,159,165,11,9,1152,1517,1986,9,8,1974,1210,1965,3297,12,8,3297,1751,3295,11,8,3297,3189,8,8,3297,Default,
235058,15,7,6,43,39,38,8,126,111,114,10,108,115,111,10,41,35,35,8,165,173,185,9,9,1090,1498,1925,9,9,1972,1131,1890,3297,12,8,3297,1692,3296,11,8,3295,3290,8,8,3297,Default,
235074,15,8,7,41,37,37,8,128,111,115,10,107,114,110,10,40,35,33,8,194,203,228,10,9,1036,1392,1866,9,8,1950,1060,1705,3295,12,9,3296,1522,3221,10,8,3297,3225,8,8,3297,Default,
235090,15,8,7,37,31,31,8,131,112,119,10,107,116,112,9,37,31,30,8,236,250,308,9,8,975,1190,1837,8,8,1970,992,1538,3110,10,8,3297,1383,2949,9,8,3298,3096,8,9,3297,Default,
235106,17,8,7,34,30,30,8,127,109,116,10,96,106,103,9,37,29,29,8,281,324,458,8,9,907,1252,1817,9,9,2002,917,1347,2841,10,8,3295,1206,2586,9,8,3296,2902,9,8,3297,Default,
235122,16,7,7,34,29,29,8,130,109,118,9,101,108,106,9,38,30,31,8,361,412,727,9,8,800,960,1758,9,8,1923,806,844,2560,10,8,3295,842,2187,11,9,3047,2702,8,8,3297,Default,
235138,15,8,7,36,32,33,8,125,107,118,9,77,79,78,9,43,35,36,9,267,311,433,9,8,713,866,1643,11,8,1820,722,721,2184,9,8,2877,715,1687,9,8,2242,2375,9,8,3296,Default,
235154,15,8,7,38,34,35,8,106,88,99,9,40,33,33,8,42,34,33,8,176,200,236,10,9,584,656,1370,8,8,1570,580,514,1753,10,8,1977,460,1044,9,8,1230,1866,10,8,3291,Default,
235170,15,8,7,41,38,40,8,97,80,93,9,39,32,33,8,32,21,20,8,127,149,161,9,8,465,497,1011,8,8,1163,455,377,1305,9,9,1363,290,601,9,8,663,1336,8,9,2522,Default,
235186,18,8,7,37,34,36,8,81,66,82,10,32,24,24,8,26,16,16,7,107,146,153,10,9,301,320,657,9,9,742,291,238,781,8,9,843,165,320,9,8,345,816,8,8,1621,Default,
235202,18,8,7,29,30,32,8,64,54,73,9,29,22,20,8,24,13,13,7,67,101,103,8,9,153,186,335,9,9,372,142,148,385,9,9,420,97,167,10,9,194,368,9,8,776,Default,
235218,16,9,7,20,25,24,8,52,48,54,9,24,24,23,8,17,11,9,6,39,70,80,10,8,61,97,155,9,10,104,65,108,186,9,8,161,56,66,9,8,85,111,9,8,248,Default,
235234,12,9,6,17,25,20,8,52,38,38,8,27,33,33,8,20,17,15,8,23,33,26,8,8,33,42,42,9,9,33,36,63,47,8,8,61,32,20,8,8,29,16,8,8,15,Default,
235250,12,9,6,21,33,29,8,70,47,46,8,33,42,40,8,23,19,15,8,21,21,13,7,8,30,39,38,8,8,27,29,46,35,8,8,23,29,20,8,8,19,14,6,7,8,Default,
235266,12,9,6,23,39,33,8,70,45,45,8,27,45,43,8,20,16,12,8,20,16,12,7,8,25,35,29,8,8,27,26,48,35,8,8,24,25,13,7,8,15,10,6,7,8,Default,
235282,11,9,6,22,44,32,8,69,49,44,9,32,53,44,8,18,14,11,7,19,19,14,7,8,25,34,28,8,8,22,27,47,31,8,8,20,26,10,7,8,11,11,6,7,8,Default,
235298,12,8,7,24,47,37,8,68,46,44,9,33,54,49,8,16,13,8,6,18,17,12,7,8,24,33,25,8,8,20,25,40,28,8,8,16,24,10,6,8,9,10,6,7,8,Default,
235314,12,8,6,27,55,45,8,78,58,57,8,36,63,56,9,20,12,9,7,20,20,14,7,8,27,39,31,9,9,16,26,37,25,8,8,13,26,12,8,8,11,10,6,7,9,Default,
235330,12,8,7,31,65,54,8,82,59,66,8,37,66,58,9,22,14,12,8,21,19,14,8,8,27,35,29,8,8,15,27,33,24,9,8,12,27,12,8,8,12,12,6,7,9,Default,
235346,13,8,6,33,66,58,9,90,58,73,9,38,70,61,8,21,14,12,8,22,15,12,7,8,28,31,25,8,8,17,26,29,21,8,8,12,28,12,7,8,12,11,6,6,9,Default,
235362,12,8,6,33,68,58,9,91,62,74,9,39,70,61,9,23,15,12,8,20,15,12,6,8,28,32,29,8,8,16,25,25,19,7,8,11,25,11,7,8,11,10,6,7,8,Default,
235378,12,8,6,33,68,58,8,91,62,78,9,40,73,62,9,24,14,12,8,20,12,10,6,7,29,29,25,8,8,16,25,24,17,8,8,12,25,10,7,7,10,11,6,7,8,Default,
235394,13,8,7,34,68,58,8,95,61,80,9,42,76,66,9,25,15,13,8,22,14,12,7,8,30,31,27,8,8,16,25,20,15,8,8,10,24,12,7,8,11,11,6,6,9,Default,
235410,12,8,7,35,72,62,8,97,62,82,9,41,76,66,9,24,16,12,7,19,12,9,7,7,29,29,25,8,9,15,24,19,14,8,8,10,22,11,7,8,9,11,6,7,8,Default,
235426,12,8,6,35,77,62,8,103,66,85,9,42,81,70,9,24,15,13,7,21,14,12,7,8,32,33,29,8,8,15,26,20,16,8,8,9,22,11,7,7,9,12,6,6,8,Default,
235442,12,8,6,35,77,62,9,103,66,87,9,43,82,72,9,24,16,13,8,23,13,11,6,8,31,32,29,8,8,15,23,18,15,8,8,9,21,11,7,8,8,12,7,7,8,Default,
235458,10,8,6,36,79,64,8,104,66,90,9,44,84,74,9,24,15,13,8,21,14,12,7,8,32,34,30,8,8,14,24,16,12,8,8,8,21,11,7,8,9,12,6,6,8,Default,
235474,12,8,6,35,78,65,9,104,65,89,9,41,82,74,9,23,15,13,7,24,15,14,7,7,30,33,30,8,8,14,24,18,14,8,8,8,23,11,6,7,9,11,6,6,8,Default,
235490,13,8,6,36,72,62,9,107,62,87,9,45,84,75,8,25,16,13,7,25,17,16,8,8,33,36,33,8,9,16,27,19,16,8,8,9,25,12,7,8,12,10,7,6,9,Default,
235506,12,8,7,33,67,58,8,103,61,83,9,43,84,74,8,24,16,13,8,23,16,14,8,8,33,38,36,8,8,15,26,21,19,8,8,10,24,12,6,8,11,10,6,6,8,Default,
235522,12,8,6,32,61,55,8,103,62,82,9,43,82,77,8,25,15,13,8,21,12,10,6,7,33,41,39,8,8,17,28,24,20,8,8,11,27,14,8,8,16,11,6,6,10,Default,
235538,12,8,6,30,59,53,8,93,58,70,9,43,82,74,9,25,16,13,7,19,12,9,7,8,32,43,40,8,9,17,27,22,20,8,8,11,27,14,8,8,17,10,5,7,10,Default,
235554,12,8,6,32,65,56,8,95,60,74,9,42,82,77,9,26,16,13,8,17,11,9,6,8,33,42,39,8,8,17,27,23,20,8,8,11,27,14,8,8,18,10,6,6,10,Default,
235570,14,9,6,33,63,55,8,99,61,74,9,44,86,78,9,29,16,14,8,21,14,12,7,8,37,45,41,9,9,15,27,20,19,8,8,9,26,14,7,8,16,10,6,6,10,Default,
235586,12,8,8,30,55,49,8,96,61,65,8,45,85,78,9,30,18,15,8,21,13,10,7,8,37,48,43,9,9,16,27,21,20,8,8,9,27,13,7,8,16,9,6,7,10,Default,
235602,13,9,6,31,57,49,8,98,61,64,9,44,85,78,9,31,17,15,8,23,16,12,7,8,37,53,47,9,9,15,26,24,21,8,8,9,31,14,7,8,18,9,6,7,11,Default,
235618,14,9,7,29,54,45,8,99,62,64,10,47,85,80,9,32,19,16,8,22,16,11,8,8,38,56,49,8,8,14,29,26,24,8,8,10,30,14,8,8,16,11,6,7,10,Default,
235634,14,9,6,31,57,48,8,101,60,66,8,47,87,82,8,32,20,16,8,24,14,10,7,8,45,66,75,8,8,15,29,28,27,8,8,10,30,13,7,8,16,9,6,6,10,Default,
235650,12,8,7,34,56,49,10,114,68,75,9,46,89,86,10,32,17,18,8,17,13,10,6,7,53,82,104,9,9,14,32,31,29,8,8,11,30,13,8,8,16,10,6,7,10,Default,
235666,14,9,6,33,60,53,8,117,69,79,9,48,90,84,9,34,19,17,8,23,15,11,7,8,53,82,105,8,8,15,32,33,33,8,8,11,32,14,7,8,17,10,6,7,11,Default,
235682,13,8,7,47,103,87,9,137,87,122,9,52,107,98,9,18,12,9,7,21,18,12,8,8,43,62,56,8,8,15,32,30,29,8,8,10,30,13,8,8,14,10,6,6,10,Default,
235698,255,313,254,194,372,335,8,346,365,480,9,123,181,170,10,18,10,8,6,26,16,12,8,8,58,60,57,8,8,12,33,20,19,8,8,8,24,11,7,7,10,11,6,6,8,Default,
235714,690,828,776,530,1108,1107,8,789,930,1057,9,240,319,315,8,20,12,12,8,28,13,12,8,6,54,53,51,9,8,12,17,8,7,6,6,5,17,9,7,8,10,9,6,6,9,Default,
235730,1109,1330,1329,905,1969,2014,8,1255,1596,1741,9,339,418,425,9,40,34,33,8,81,73,74,8,8,68,61,60,9,8,13,20,12,11,7,8,7,20,11,7,8,10,10,6,6,9,Default,
235746,1424,1654,1676,1255,2609,2711,9,1766,2350,2513,8,632,816,841,9,71,66,65,9,53,42,41,8,7,78,72,71,9,9,12,34,29,27,8,8,11,20,11,6,7,9,10,6,6,8,Default,
235762,1600,1766,1814,1516,2972,3066,8,2184,2831,3089,12,999,1341,1381,9,147,142,140,9,33,20,18,8,8,103,99,97,9,10,12,84,77,75,9,10,12,20,10,7,7,10,9,5,6,8,Default,
235778,1596,1689,1726,1652,3138,3208,11,2430,3045,3295,11,1214,1591,1655,9,379,404,402,9,161,163,156,10,8,298,316,315,8,9,20,155,145,146,10,10,16,25,12,8,7,14,11,7,6,10,Default,
235794,1511,1573,1600,1733,3231,3293,9,2556,3183,3298,12,1343,1751,1803,9,620,705,712,9,405,452,434,9,8,489,526,523,12,9,74,331,309,310,11,9,60,29,19,8,8,27,14,7,7,11,Default,
235810,1407,1451,1455,1847,3278,3297,9,2699,3254,3296,12,1435,1828,1848,10,841,970,972,9,795,904,865,9,8,963,1118,1131,9,9,124,514,483,479,10,9,123,65,59,9,8,61,18,7,7,10,Default,
235826,1423,1456,1456,1989,3295,3295,12,2900,3296,3296,11,1594,1988,2000,8,1040,1164,1156,10,1086,1236,1174,9,10,1235,1451,1479,8,9,164,666,642,638,9,9,184,107,103,10,9,78,35,8,8,29,Default,
235842,1462,1490,1493,2090,3296,3297,9,3034,3297,3296,12,1679,2081,2088,9,1172,1287,1282,10,1293,1469,1399,10,8,1435,1683,1732,9,9,208,827,811,804,9,8,235,136,131,10,10,97,56,8,9,49,Default,
235858,1489,1515,1521,2146,3297,3296,10,3109,3296,3295,11,1740,2138,2155,9,1240,1363,1355,9,1408,1597,1529,9,8,1550,1822,1867,9,9,239,895,883,876,9,9,269,190,187,10,9,128,70,8,9,62,Default,
235874,1453,1486,1492,2150,3295,3297,9,3108,3296,3296,12,1748,2151,2161,10,1245,1375,1363,9,1442,1634,1561,8,8,1597,1886,1920,9,8,270,934,925,916,9,9,298,236,235,11,10,154,84,8,9,71,Default,
235890,1408,1434,1443,2123,3296,3296,9,3068,3297,3297,11,1731,2135,2149,9,1227,1359,1351,9,1438,1637,1563,9,8,1614,1914,1949,8,8,304,955,956,943,9,8,343,262,262,10,9,170,91,8,8,76,Default,
235906,1318,1347,1356,2053,3296,3297,9,2964,3296,3297,12,1662,2067,2083,10,1152,1286,1278,10,1399,1601,1522,11,8,1609,1919,1957,9,9,302,976,985,971,9,8,310,301,304,10,9,183,113,9,9,98,Default,
235922,1192,1207,1215,1932,3260,3294,11,2781,3295,3295,13,1531,1919,1941,9,1032,1160,1156,10,1301,1494,1409,8,8,1570,1896,1928,10,8,365,1019,1048,1031,10,8,381,356,363,11,8,236,134,9,9,119,Default,
235938,1057,1073,1080,1802,3096,3124,9,2578,3144,3298,11,1405,1785,1811,9,924,1044,1039,10,1202,1395,1320,9,8,1538,1876,1920,9,8,446,1073,1110,1092,9,8,491,410,421,9,8,284,161,9,10,145,Default,
235954,907,922,930,1669,2888,2915,10,2375,2926,3182,10,1312,1675,1707,1563,877,1003,1001,874,1139,1343,1281,1075,8,1522,1882,1947,1667,9,513,1154,1214,1206,1143,8,615,462,480,474,9,335,201,191,11,186,Default,
235970,764,782,784,1535,2640,2657,2368,2190,2685,2951,2690,1227,1557,1600,1473,862,991,991,862,1123,1343,1282,1070,9,1513,1890,1979,1695,10,607,1224,1306,1318,1252,9,690,542,576,567,10,389,240,226,10,228,Default,
235986,623,639,644,1400,2371,2394,2176,1997,2419,2696,2528,1142,1443,1509,1391,836,970,970,842,1100,1343,1281,1065,8,1491,1895,2008,1724,10,667,1273,1375,1401,1332,9,770,619,674,659,8,444,287,272,10,274,Default,
236002,514,532,536,1230,1960,2027,1933,1745,2039,2305,2318,1071,1346,1415,1323,825,959,961,833,1088,1345,1281,1060,8,1476,1882,2027,1749,9,729,1322,1429,1471,1410,9,845,676,753,733,10,496,338,319,11,320,Default,
236018,420,431,432,1082,1625,1684,1681,1526,1719,2022,2124,1007,1249,1325,1252,822,954,963,828,1108,1371,1313,1076,9,1498,1900,2097,1806,9,814,1388,1494,1583,1516,10,934,766,888,854,10,566,393,368,11,375,Default,
236034,329,333,335,980,1388,1461,1473,1405,1547,1857,1971,949,1152,1243,1181,845,978,989,849,1147,1413,1363,1107,9,1537,1944,2189,1879,9,908,1477,1600,1747,1660,10,1035,854,1025,974,11,640,475,444,10,455,Default,
236050,252,257,257,884,1181,1250,1287,1282,1382,1681,1803,898,1069,1154,1105,874,1004,1016,869,1214,1482,1442,1169,8,1608,2022,2308,1982,9,1053,1603,1742,1952,1847,9,1193,960,1181,1115,10,766,585,546,9,567,Default,
236066,198,199,201,784,994,1040,1086,1188,1249,1524,1629,833,969,1041,1003,896,1017,1033,885,1285,1558,1529,1234,9,1698,2124,2447,2107,9,1194,1736,1887,2172,2042,11,1363,1114,1413,1320,10,902,721,667,10,700,Default,
236082,124,122,123,696,841,879,926,1102,1153,1391,1471,764,878,941,898,904,1023,1037,890,1358,1641,1621,1313,8,1795,2229,2597,2251,12,1343,1869,2032,2397,2252,10,1531,1276,1651,1553,9,1064,884,822,10,861,Default,
236098,84,82,82,597,684,717,750,982,1009,1193,1251,695,785,818,788,936,1051,1055,907,1467,1749,1723,1410,8,1919,2367,2771,2432,10,1528,2032,2234,2670,2512,11,1735,1488,1943,1865,9,1276,1067,1007,11,1051,Default,
236114,41,37,37,485,530,551,576,829,849,972,1011,605,677,694,658,938,1051,1039,902,1524,1826,1801,1485,9,2039,2525,2968,2607,10,1749,2206,2475,3006,2789,11,2025,1729,2307,2242,9,1562,1322,1249,8,1339,Default,
236130,21,17,16,389,413,425,444,621,636,703,719,478,528,537,509,894,1005,981,861,1517,1844,1829,1537,9,2137,2679,3161,2808,10,2023,2333,2722,3295,3096,11,2372,1973,2669,2628,11,1890,1546,1478,9,1630,Default,
236146,12,7,7,266,278,280,290,390,397,418,425,335,363,360,340,795,894,863,776,1469,1785,1806,1519,9,2187,2781,3295,2967,10,2331,2415,2872,3296,3296,13,2838,2176,3005,2991,11,2299,1840,1774,9,2078,Default,
236162,12,7,7,182,188,189,190,216,212,219,216,260,275,269,259,687,774,755,691,1340,1562,1587,1359,10,2202,2853,3297,3048,10,2539,2470,2980,3297,3297,12,3254,2379,3295,3295,12,2724,2190,2104,9,2603,Default,
236178,13,7,7,159,161,161,164,194,186,194,193,212,222,219,212,574,646,629,596,1025,1165,1130,998,9,2151,2797,3295,3013,12,2632,2464,3011,3296,3297,14,3297,2454,3296,3296,13,3097,2469,2403,10,3072,Default,
236194,11,7,7,122,123,122,123,154,144,148,147,150,156,153,149,402,439,431,427,747,880,828,756,8,2025,2614,3083,2848,10,2562,2377,3018,3296,3297,11,3296,2494,3296,3297,10,3297,2777,2755,10,3299,Default,
236210,14,7,7,111,111,111,110,127,118,119,119,119,121,118,116,266,281,281,286,492,611,559,528,10,1811,2288,2670,2469,11,2299,2186,2873,3297,3297,12,3295,2441,3297,3297,12,3297,3009,3004,10,3295,Default,
236226,12,7,7,116,118,118,119,106,96,97,98,124,128,127,123,180,183,186,189,391,476,456,427,8,1602,1950,2164,1884,9,1852,1978,2774,3296,3296,14,3297,2362,3297,3297,12,3297,3136,3113,9,3297,Default,
236242,15,8,7,105,107,107,107,97,87,89,88,117,120,117,115,131,130,132,134,362,427,447,406,9,1432,1679,1797,1568,9,1550,1728,2595,3297,3298,13,3297,2197,3295,3297,14,3297,3161,3180,11,3297,Default,
236258,16,8,7,92,91,91,91,100,91,93,92,95,95,93,93,29,20,20,20,325,385,427,382,11,1206,1413,1501,1322,9,1326,1394,2284,3297,3297,12,3298,1936,3297,3296,12,3296,3069,3169,11,3296,Default,
236274,15,8,7,93,95,96,97,95,87,88,87,96,98,96,94,19,10,10,10,206,238,247,232,9,1008,1206,1314,1169,9,1189,1127,1760,2980,3053,11,3297,1524,3149,3295,12,3297,2856,3042,11,3296,Default,
236290,16,8,7,75,77,77,78,95,86,90,87,78,79,78,77,24,14,12,12,152,174,174,166,10,858,1045,1163,1020,9,1022,933,1461,2357,2504,10,2553,1167,2413,2741,11,2973,2378,2662,9,3297,Default,
236306,16,7,7,77,79,82,82,91,85,91,88,43,40,39,39,43,35,35,34,169,210,213,198,10,713,876,1054,916,9,901,783,1101,1864,2040,9,2047,813,1509,1882,9,1728,1866,2194,8,3296,Default,
236322,16,8,7,72,72,75,77,87,81,91,87,35,30,29,28,40,32,32,31,169,227,223,196,10,551,748,890,721,10,728,613,768,1355,1413,9,1514,456,795,878,9,875,1290,1414,9,2544,Default,
236338,18,8,7,62,61,66,69,74,66,84,76,31,24,23,23,20,12,12,12,139,209,196,156,9,356,450,516,368,9,402,394,488,737,650,9,757,246,387,369,9,397,744,684,10,1392,Default,
236354,20,9,7,41,48,49,51,58,61,82,59,24,18,14,13,14,9,7,6,84,136,145,87,10,174,207,202,143,10,174,186,169,219,189,11,257,111,152,132,11,174,207,158,10,451,Default,
236370,16,9,7,34,45,43,38,57,56,82,45,27,30,29,20,13,8,7,6,44,74,86,44,9,77,97,116,78,11,67,86,107,75,66,9,87,49,33,27,9,45,38,28,9,44,Default,
236386,12,9,7,35,81,74,62,88,66,100,45,38,68,68,37,18,14,12,15,26,37,40,32,8,29,31,30,27,9,20,30,36,38,84,10,16,30,23,40,8,16,17,9,5,5,Default,
236402,12,9,7,38,85,80,58,99,70,103,46,41,74,75,37,19,15,13,14,32,41,49,30,9,30,31,29,24,9,19,29,34,37,62,9,14,28,14,12,7,12,11,7,6,9,Default,
236418,12,8,6,36,77,78,56,92,66,91,45,39,68,69,34,18,11,10,11,29,40,48,29,9,27,29,23,23,9,19,29,32,34,53,10,16,25,13,10,6,12,10,7,6,8,Default,
236434,10,8,6,33,69,70,46,82,64,91,48,36,70,75,34,19,15,12,12,32,33,45,24,8,28,32,24,21,8,19,27,30,33,39,8,13,24,13,9,7,11,9,7,6,8,Default,
236450,12,8,7,35,69,77,53,87,66,95,49,41,75,78,36,19,13,11,10,32,36,43,24,10,30,33,29,26,9,20,29,31,35,38,9,14,25,12,9,7,11,10,7,6,9,Default,
236466,12,9,6,39,78,82,58,89,70,98,51,43,77,79,36,19,14,10,12,33,37,44,25,8,32,33,30,20,8,17,28,28,29,37,8,12,24,12,9,7,11,10,7,6,9,Default,
236482,12,8,6,40,90,92,68,92,73,104,55,44,82,83,40,22,13,12,10,32,34,42,24,8,33,35,29,27,8,16,28,27,27,33,8,12,24,12,10,6,9,11,6,6,8,Default,
236498,12,8,7,43,95,99,70,96,74,110,55,45,83,89,41,20,14,12,11,34,34,42,23,9,33,33,28,25,9,18,27,29,29,31,9,12,24,12,8,7,8,11,7,6,8,Default,
236514,12,8,6,43,96,100,71,95,77,111,55,45,83,91,42,21,12,12,11,32,35,43,24,8,32,35,29,24,8,16,29,29,30,29,9,12,25,12,9,7,9,11,7,6,8,Default,
236530,12,8,7,45,96,99,70,100,77,113,57,47,86,93,42,22,13,12,11,32,33,41,22,8,32,33,26,22,9,13,29,27,28,27,9,10,28,13,9,8,11,10,7,6,8,Default,
236546,12,8,7,44,98,100,70,99,78,111,56,47,88,95,42,20,14,11,11,32,33,41,23,9,32,32,25,20,8,12,26,24,24,22,8,10,27,13,9,8,9,11,7,6,9,Default,
236562,13,8,7,45,101,103,70,103,81,113,56,47,91,96,42,20,13,11,10,33,35,43,23,8,33,34,27,22,8,11,27,24,21,20,8,9,24,12,9,7,8,11,7,6,8,Default,
236578,13,9,7,45,102,100,70,103,80,114,58,47,93,100,43,20,12,12,10,32,34,42,22,8,31,32,24,20,8,11,27,22,19,19,8,9,23,12,9,7,8,12,7,6,8,Default,
236594,13,9,8,45,100,100,65,102,80,116,58,49,94,101,43,20,13,12,11,30,33,39,22,9,32,35,27,24,9,12,29,25,25,22,8,9,24,12,10,7,9,11,6,6,9,Default,
236610,14,8,6,45,99,97,62,105,83,116,58,49,96,103,43,23,15,14,12,32,33,37,21,8,33,41,31,28,9,12,28,24,21,19,9,8,27,13,11,8,12,10,6,6,8,Default,
236626,13,8,7,45,95,95,59,111,87,119,58,51,99,105,43,26,16,15,12,35,35,38,21,8,38,46,35,30,9,12,29,24,21,20,8,9,27,13,9,7,11,10,7,6,9,Default,
236642,13,8,7,43,90,87,51,106,85,116,54,52,96,106,41,30,19,16,13,37,38,40,22,8,37,45,32,25,9,12,27,24,21,19,8,9,26,13,9,8,11,9,7,6,9,Default,
236658,14,8,7,44,88,87,50,110,84,113,58,52,99,106,41,30,19,18,16,35,38,41,22,8,36,46,33,29,9,12,28,24,20,19,8,9,29,13,10,7,12,12,6,6,9,Default,
236674,14,8,7,43,86,83,47,112,81,105,57,52,99,107,41,30,21,19,17,37,38,41,23,8,35,46,35,29,8,12,27,22,21,18,8,8,25,12,8,7,10,9,7,6,9,Default,
236690,13,8,7,42,82,81,44,107,78,100,56,53,100,107,41,34,22,20,17,36,40,43,22,9,37,49,36,32,10,12,28,21,19,17,8,9,25,12,10,7,10,11,6,6,9,Default,
236706,12,8,6,39,80,78,43,107,78,100,54,47,99,104,41,35,23,20,19,34,33,37,22,8,37,53,39,37,9,12,29,24,24,23,8,10,24,12,9,7,9,9,8,6,8,Default,
236722,12,8,7,41,81,78,45,113,81,99,58,52,101,104,43,33,23,20,19,33,33,35,20,8,42,65,48,49,9,14,32,29,25,26,9,11,27,12,10,8,10,10,7,6,9,Default,
236738,13,8,6,45,85,78,49,128,84,103,66,58,100,103,48,34,24,21,20,32,33,24,19,9,56,87,66,84,11,14,35,31,27,28,8,11,27,11,9,8,9,10,6,6,8,Default,
236754,14,9,7,48,90,84,55,128,92,109,71,56,106,104,53,35,23,20,20,30,33,21,20,8,60,98,70,103,10,12,33,29,26,27,9,10,29,11,9,7,10,10,7,6,8,Default,
236770,15,9,7,46,91,83,60,126,90,111,62,53,96,96,49,27,18,16,16,25,24,16,16,8,45,78,55,85,10,13,30,27,24,26,9,10,25,11,9,7,8,12,6,6,8,Default,
236786,276,333,275,240,475,431,468,405,458,595,309,148,217,206,141,29,20,20,19,32,20,16,15,8,71,72,67,69,10,12,29,12,11,9,7,6,20,9,8,6,6,10,7,6,6,Default,
236802,789,964,958,638,1383,1388,1222,907,1122,1274,944,269,348,347,273,29,23,22,22,29,17,14,13,8,69,65,64,63,9,12,20,10,8,8,6,6,16,9,8,7,8,9,6,6,7,Default,
236818,1304,1584,1616,1082,2307,2424,2087,1487,1889,2058,1672,402,496,508,425,44,37,37,36,70,62,62,60,9,101,93,93,89,10,20,36,27,26,24,8,12,19,10,8,6,8,10,6,6,8,Default,
236834,1670,1954,1974,1484,2983,3096,2838,2077,2747,2986,2475,810,1036,1073,906,113,107,107,107,62,44,42,40,8,111,103,103,100,11,21,87,78,77,74,10,16,20,10,8,6,9,10,7,6,8,Default,
236850,1910,1969,2005,2702,3296,3296,3296,3000,3250,3296,3113,1340,1584,1616,1454,192,186,182,183,45,33,30,29,8,167,165,161,158,10,13,179,165,165,162,11,12,20,10,8,7,9,10,5,6,8,Default,
236866,1756,1768,1787,3083,3296,3297,3297,3295,3297,3296,3297,1755,2021,2045,1882,760,812,804,740,610,643,608,566,9,621,649,635,581,12,62,422,394,392,381,11,49,32,20,19,8,27,25,21,8,24,Default,
236882,1568,1574,1593,3045,3296,3298,3296,3297,3296,3296,3297,1907,2205,2226,2025,1129,1209,1192,1044,1300,1392,1310,1131,10,1255,1379,1386,1190,9,104,630,600,595,567,9,103,117,112,109,11,67,26,19,8,22,Default,
236898,1474,1477,1493,3196,3297,3297,3297,3297,3297,3297,3297,2061,2347,2348,2133,1350,1433,1414,1226,1755,1876,1799,1505,10,1695,1854,1874,1590,10,190,976,932,922,862,11,206,193,194,188,12,107,33,26,8,29,Default,
236914,1457,1451,1465,3285,3297,3297,3297,3296,3297,3296,3298,2151,2430,2423,2195,1534,1626,1604,1372,1984,2088,2009,1665,12,1924,2098,2116,1796,12,261,1258,1210,1194,1101,12,284,317,323,316,11,169,49,44,9,46,Default,
236930,1444,1431,1448,3293,3297,3295,3297,3296,3297,3297,3295,2194,2470,2457,2227,1568,1661,1637,1395,2075,2185,2097,1733,13,2042,2231,2246,1901,15,291,1372,1329,1312,1207,14,316,385,390,381,12,192,61,55,9,58,Default,
236946,1368,1356,1368,3250,3296,3297,3296,3297,3297,3297,3296,2184,2466,2459,2221,1570,1676,1646,1402,2110,2229,2141,1761,11,2104,2309,2324,1969,12,320,1459,1419,1398,1286,12,344,440,450,439,12,217,70,65,9,62,Default,
236962,1227,1212,1225,3138,3297,3297,3295,3297,3297,3295,3297,2124,2404,2401,2178,1568,1683,1654,1405,2164,2300,2213,1816,12,2164,2385,2417,2042,15,348,1601,1570,1553,1413,16,381,519,536,525,14,240,91,87,10,78,Default,
236978,995,984,994,2985,3296,3298,3294,3297,3295,3295,3296,1968,2236,2240,2042,1496,1624,1592,1356,2153,2317,2231,1824,15,2189,2439,2487,2101,12,470,1798,1791,1780,1620,12,509,675,708,686,10,331,154,146,14,131,Default,
236994,768,766,771,2678,3295,3295,2955,3101,3294,3297,3295,1766,2015,2028,1857,1378,1501,1474,1255,2041,2226,2141,1744,8,2124,2396,2450,2079,10,548,1897,1910,1910,1735,10,593,782,835,805,10,406,210,200,11,177,Default,
237010,555,559,562,1744,2681,2734,2442,2504,2942,3117,2926,1470,1759,1786,1631,1199,1346,1322,1127,1792,2059,1975,1591,8,1897,2285,2357,1991,9,600,1833,1935,1952,1757,10,656,850,929,888,10,450,281,267,11,232,Default,
237026,422,425,427,1436,2130,2151,2018,2079,2358,2535,2520,1266,1502,1542,1400,1060,1187,1161,990,1586,1847,1749,1390,9,1749,2139,2230,1873,11,638,1771,1878,1907,1714,10,708,872,974,927,9,486,309,292,11,252,Default,
237042,328,331,335,1221,1804,1798,1732,1723,1968,2139,2173,1079,1293,1334,1207,950,1068,1048,892,1421,1683,1567,1242,8,1609,2018,2124,1782,10,675,1699,1832,1870,1681,9,772,895,1020,966,9,528,342,322,12,283,Default,
237058,253,257,260,1026,1463,1457,1442,1452,1610,1749,1835,937,1104,1144,1042,870,981,967,817,1300,1561,1432,1135,8,1524,1930,2062,1725,11,716,1653,1795,1857,1671,10,829,920,1081,1012,9,569,378,354,10,318,Default,
237074,190,190,191,881,1198,1206,1235,1227,1345,1442,1583,814,950,986,899,825,928,920,774,1248,1518,1384,1097,9,1484,1900,2062,1722,9,777,1641,1815,1921,1721,10,908,966,1173,1084,10,633,431,402,11,373,Default,
237090,142,142,142,797,1042,1057,1102,1114,1213,1297,1427,719,835,866,784,815,907,900,754,1255,1523,1392,1095,8,1500,1935,2126,1765,11,845,1678,1867,2027,1806,10,990,1048,1297,1191,9,715,483,447,11,430,Default,
237106,91,89,90,735,927,950,999,1007,1079,1169,1260,682,791,814,731,802,880,876,733,1268,1519,1401,1101,8,1556,1994,2213,1822,8,944,1745,1936,2168,1909,10,1115,1145,1440,1318,10,829,556,513,11,501,Default,
237122,70,68,68,680,819,851,894,953,1011,1096,1161,636,733,754,679,823,904,890,749,1313,1546,1435,1124,9,1646,2096,2340,1924,10,1041,1844,2064,2371,2056,10,1250,1264,1629,1476,9,941,656,603,9,601,Default,
237138,53,51,50,616,721,747,785,869,931,991,1057,624,718,733,663,830,924,891,756,1390,1622,1521,1193,8,1742,2215,2471,2030,11,1135,1946,2201,2563,2219,10,1366,1385,1807,1647,9,1062,749,692,9,709,Default,
237154,39,38,37,559,634,659,680,808,855,910,965,610,697,710,639,854,944,915,775,1467,1696,1628,1277,8,1858,2346,2625,2155,8,1240,2077,2369,2808,2407,9,1509,1566,2042,1865,8,1202,882,814,10,834,Default,
237170,29,25,25,504,556,581,606,715,750,791,841,571,642,645,589,916,998,963,821,1546,1797,1721,1363,9,2007,2523,2804,2328,11,1386,2237,2579,3058,2638,12,1687,1769,2306,2142,9,1394,1037,970,8,978,Default,
237186,20,16,16,425,457,471,493,613,638,673,708,493,550,551,508,941,1036,990,855,1658,1920,1850,1477,8,2147,2694,2995,2518,9,1565,2407,2788,3294,2902,8,1931,1989,2621,2476,9,1637,1247,1169,8,1198,Default,
237202,12,8,6,329,347,354,369,488,501,520,539,436,477,471,438,960,1047,1001,874,1769,2003,1960,1575,9,2284,2840,3196,2690,9,1776,2568,2967,3296,3166,12,2246,2209,2955,2815,10,1951,1493,1422,9,1493,Default,
237218,12,7,7,222,228,231,236,326,327,338,341,347,373,368,347,919,1009,978,861,1779,2002,1978,1595,9,2377,2965,3296,2838,10,2037,2707,3151,3296,3297,12,2624,2424,3281,3133,10,2329,1824,1745,9,1960,Default,
237234,13,8,7,190,194,194,198,257,255,262,264,296,314,310,297,880,975,933,851,1658,1832,1774,1459,8,2437,3038,3296,2972,12,2238,2795,3241,3296,3296,13,2981,2581,3296,3296,13,2710,2148,2056,9,2446,Default,
237250,12,7,7,169,172,173,176,216,207,211,214,244,254,249,240,721,791,758,722,1318,1417,1365,1170,9,2378,2978,3295,2939,12,2353,2781,3291,3297,3297,13,3284,2678,3296,3297,12,3078,2466,2365,10,2924,Default,
237266,13,7,6,153,157,157,158,188,178,182,184,182,187,182,178,519,563,543,534,1009,1120,1058,947,8,2273,2822,3195,2814,11,2340,2724,3294,3297,3299,12,3297,2744,3297,3299,16,3296,2779,2722,9,3297,Default,
237282,16,7,6,130,132,130,132,153,145,145,145,141,142,140,137,327,345,338,341,760,877,795,742,8,2123,2607,2835,2495,9,2180,2614,3264,3296,3296,13,3297,2732,3296,3297,13,3299,3010,2998,11,3297,Default,
237298,16,8,6,122,124,123,123,117,108,108,107,136,137,134,132,186,186,188,190,520,626,578,549,9,1869,2280,2358,2007,10,1863,2390,3163,3296,3297,14,3298,2663,3297,3297,12,3298,3169,3174,11,3296,Default,
237314,14,8,6,126,128,129,131,102,94,94,94,133,135,132,130,105,102,103,104,433,516,504,472,10,1687,1987,2029,1732,9,1654,2161,3009,3297,3297,12,3296,2528,3297,3297,12,3298,3291,3286,8,3297,Default,
237330,14,7,7,103,103,102,103,111,103,103,103,116,117,114,112,27,19,17,17,316,367,367,342,9,1528,1786,1802,1571,10,1530,1880,2669,3296,3296,13,3296,2258,3296,3296,12,3296,3240,3277,12,3297,Default,
237346,14,7,7,103,105,106,108,111,106,105,106,83,81,80,78,21,14,12,12,215,251,242,234,10,1256,1583,1573,1394,9,1389,1414,2300,3279,3213,11,3295,1935,3296,3296,13,3296,3025,3161,10,3299,Default,
237362,17,7,7,103,106,107,109,107,100,104,103,63,59,58,58,29,22,21,21,209,250,244,230,11,1009,1281,1352,1210,9,1166,1110,1736,2514,2621,9,2466,1366,2622,2918,11,2903,2516,2827,10,3296,Default,
237378,15,7,7,93,99,100,103,102,98,104,101,44,39,39,37,31,22,20,21,224,305,296,270,9,849,1122,1233,1061,9,1023,917,1460,2023,2114,10,2010,990,1645,1912,9,1757,1976,2267,9,3299,Default,
237394,12,8,6,85,88,90,93,91,89,97,93,34,32,32,31,36,30,29,29,214,293,277,244,8,665,974,1034,829,8,806,717,1063,1425,1428,9,1397,535,808,873,9,845,1307,1427,8,2435,Default,
237410,16,8,7,70,71,75,79,86,87,105,91,28,20,20,19,16,8,8,7,153,229,215,171,11,393,580,522,409,11,427,447,609,670,636,9,649,267,382,364,11,364,693,646,9,1300,Default,
237426,16,8,6,46,56,53,54,58,69,87,62,20,16,13,12,12,8,7,6,85,156,154,92,9,164,254,182,140,10,172,182,270,201,229,9,250,128,132,120,10,155,171,149,9,402,Default,
237442,13,9,7,37,56,49,46,53,53,74,41,26,29,30,20,12,8,7,7,37,64,66,37,9,67,99,103,64,11,70,62,82,61,61,9,69,36,20,16,8,25,22,17,8,21,Default,
237458,12,8,7,41,100,103,87,90,78,121,58,37,61,64,38,14,10,8,7,33,51,65,37,9,33,45,40,29,9,33,37,53,61,91,10,29,35,24,28,8,23,15,9,5,7,Default,
237474,12,8,7,42,95,97,72,97,79,116,58,38,65,67,37,15,10,7,7,37,54,83,39,9,34,41,35,24,9,34,36,44,52,69,10,29,29,16,12,8,16,11,8,7,10,Default,
237490,13,9,7,36,80,84,59,89,70,93,51,37,62,70,34,14,9,7,6,33,49,86,35,8,29,32,25,20,8,29,29,33,40,49,10,24,25,14,11,8,15,10,7,6,9,Default,
237506,11,8,7,33,71,74,52,78,66,88,48,37,62,71,33,14,10,8,7,33,46,81,32,10,32,35,27,23,8,31,26,29,31,33,8,24,24,14,11,7,16,10,7,6,10,Default,
237522,12,8,7,37,74,79,58,87,68,91,53,37,61,70,35,16,11,9,8,33,45,72,33,8,33,36,29,27,8,29,27,29,32,38,8,19,25,13,11,8,13,10,7,6,9,Default,
237538,12,8,6,38,84,91,71,87,69,95,54,40,62,72,37,20,13,12,10,37,45,70,33,9,33,36,30,27,9,25,28,30,34,33,9,20,23,12,9,8,11,11,7,6,8,Default,
237554,12,8,7,43,95,95,78,95,68,95,56,44,70,78,40,24,15,13,12,40,45,69,32,10,37,40,32,29,9,25,29,28,30,25,9,20,23,12,9,6,11,10,7,6,8,Default,
237570,12,8,6,42,102,99,84,98,73,99,58,45,74,82,42,24,15,14,12,40,46,72,33,9,36,38,32,29,8,22,29,25,26,22,9,17,24,12,8,7,10,11,6,6,8,Default,
237586,12,8,7,45,104,103,84,98,74,103,59,45,78,85,41,24,15,13,12,41,44,72,32,9,34,36,29,25,9,20,27,26,25,22,8,16,21,11,8,7,8,11,7,6,8,Default,
237602,12,8,6,47,105,103,85,100,72,104,58,47,80,87,44,24,15,14,12,42,45,72,32,10,35,36,29,26,9,21,26,25,25,22,8,16,22,11,8,7,8,12,7,6,8,Default,
237618,12,8,6,45,105,103,82,103,75,105,60,47,81,87,44,25,15,14,12,41,45,74,33,10,36,37,30,27,9,20,28,27,26,24,9,16,22,12,8,6,8,11,7,6,7,Default,
237634,12,8,6,45,106,104,85,99,74,107,60,46,82,89,45,25,15,14,12,42,45,76,33,8,35,37,30,28,8,21,27,24,24,20,8,13,22,11,8,7,8,9,7,6,7,Default,
237650,12,8,6,48,109,106,84,105,75,111,61,49,85,92,45,25,17,15,12,45,49,80,33,9,35,37,29,24,9,20,27,20,19,15,8,10,24,12,8,7,10,11,6,5,8,Default,
237666,12,8,6,47,109,103,78,109,80,111,57,47,90,97,42,25,16,14,12,45,51,85,33,8,37,43,32,25,8,19,26,19,16,12,8,9,24,12,8,7,11,9,6,6,8,Default,
237682,12,8,7,51,104,100,72,110,87,114,56,52,96,103,42,29,18,17,14,47,60,87,34,9,38,48,33,24,9,21,27,20,17,12,8,13,25,12,8,7,12,13,9,8,17,Default,
237698,12,8,7,49,98,95,63,117,87,113,55,56,96,105,43,36,22,20,16,48,58,86,33,9,39,53,39,32,10,22,29,21,18,12,8,16,22,12,8,8,12,17,11,8,26,Default,
237714,12,9,7,46,93,90,59,118,88,116,53,54,102,108,42,34,20,19,15,48,62,87,33,9,38,55,38,33,9,21,28,22,16,12,8,14,21,11,7,7,9,22,12,8,43,Default,
237730,12,8,7,45,89,84,56,112,84,103,55,54,103,108,42,34,20,19,16,48,68,96,37,8,39,58,41,37,9,21,29,20,17,13,8,16,23,11,8,7,11,21,12,8,51,Default,
237746,12,8,6,46,90,88,53,116,86,103,58,55,101,108,43,33,21,19,16,51,73,99,38,9,41,61,43,40,10,20,30,24,18,14,8,16,24,12,9,8,12,20,10,8,48,Default,
237762,11,8,6,45,85,83,51,115,87,101,58,55,103,107,41,35,20,19,16,52,74,96,38,9,43,65,45,39,9,20,32,23,16,13,8,17,21,10,8,7,11,18,11,8,41,Default,
237778,13,8,6,42,80,78,45,110,83,98,55,54,103,106,38,37,21,20,16,51,72,95,34,9,42,66,45,30,9,19,29,20,14,10,8,16,22,10,8,7,12,16,9,8,30,Default,
237794,12,8,6,45,85,82,51,114,82,100,59,54,102,107,41,33,20,19,15,53,80,95,38,10,48,72,49,41,10,22,29,18,13,10,8,15,21,10,8,8,12,14,9,8,25,Default,
237810,13,8,7,49,88,83,49,120,90,101,63,57,103,106,44,37,22,20,19,56,90,95,42,9,66,87,61,53,9,17,34,20,15,11,8,12,24,11,8,7,12,14,8,7,14,Default,
237826,12,8,6,51,93,90,54,133,95,107,66,59,107,110,46,37,24,21,20,58,92,92,43,9,72,95,64,56,11,16,36,24,20,14,8,13,26,12,9,7,12,9,6,6,9,Default,
237842,12,8,6,48,95,91,54,124,95,108,63,57,107,111,46,35,23,20,18,55,87,89,41,10,58,74,54,51,11,15,35,25,23,17,8,12,25,11,8,7,9,12,7,6,8,Default,
237858,223,277,230,218,431,427,445,367,426,558,307,140,208,195,136,35,23,22,21,33,25,21,21,8,61,61,54,52,10,13,34,15,12,12,8,6,20,11,8,7,8,10,6,6,8,Default,
237874,807,992,1002,655,1463,1467,1310,927,1214,1376,1024,287,375,377,296,29,22,20,20,29,19,17,16,7,37,33,31,31,8,13,16,10,8,8,6,6,16,9,8,6,9,9,6,6,8,Default,
237890,1368,1678,1701,1143,2453,2560,2241,1546,2063,2217,1844,443,541,555,472,64,58,58,57,99,92,93,89,9,94,86,85,82,10,19,22,10,8,7,6,6,17,9,8,6,8,10,6,6,8,Default,
237906,1721,1994,1998,1560,3078,3181,2960,2197,2884,3104,2610,924,1196,1235,1047,132,126,124,120,44,28,26,25,7,113,107,106,105,10,14,62,55,53,53,8,11,17,8,6,6,7,10,6,6,7,Default,
237922,1893,1938,1965,2879,3296,3297,3296,3165,3296,3297,3276,1487,1732,1749,1590,284,280,270,274,117,111,105,106,9,218,218,206,206,12,16,200,188,186,185,11,15,20,9,8,6,10,11,7,6,9,Default,
237938,1661,1698,1706,2931,3296,3295,3296,3297,3297,3297,3296,1833,2147,2164,1980,859,914,904,823,692,720,671,626,10,723,762,733,667,11,29,367,341,335,331,10,25,26,12,11,7,12,12,9,6,9,Default,
237954,1440,1477,1485,3005,3297,3297,3296,3296,3296,3297,3297,1918,2203,2213,2018,1148,1217,1201,1048,1253,1329,1231,1063,8,1264,1382,1379,1169,9,68,547,510,496,480,11,65,48,38,37,9,37,34,29,8,25,Default,
237970,1390,1405,1412,3151,3297,3296,3296,3297,3297,3296,3296,2083,2379,2368,2152,1375,1464,1442,1252,1722,1832,1726,1448,9,1687,1855,1882,1561,10,127,923,859,837,790,11,129,118,112,110,10,72,46,42,8,41,Default,
237986,1363,1376,1385,3230,3297,3298,3297,3297,3297,3298,3297,2171,2450,2454,2238,1504,1604,1591,1372,1912,1979,1916,1607,12,1942,2135,2163,1830,12,218,1306,1244,1226,1127,12,236,286,286,284,12,145,64,58,9,58,Default,
238002,1354,1364,1379,3256,3297,3297,3296,3297,3297,3297,3296,2188,2469,2480,2272,1504,1620,1617,1391,2023,2117,2064,1738,9,2083,2314,2335,1993,12,316,1491,1446,1432,1318,13,344,417,425,420,12,216,88,82,8,87,Default,
238018,1305,1315,1332,3211,3297,3297,3296,3297,3299,3296,3297,2166,2462,2486,2286,1498,1625,1628,1402,2083,2201,2158,1824,12,2154,2414,2454,2101,13,403,1609,1578,1576,1455,12,429,522,536,528,12,285,122,115,11,128,Default,
238034,1106,1118,1134,3065,3296,3296,3296,3296,3296,3296,3297,2065,2373,2409,2230,1436,1575,1575,1367,2087,2237,2207,1876,13,2170,2466,2533,2187,13,575,1769,1765,1783,1658,12,592,677,706,696,12,390,190,179,12,219,Default,
238050,860,882,902,2773,3296,3297,3295,3291,3296,3299,3296,1855,2159,2219,2070,1315,1457,1471,1278,1985,2181,2169,1847,10,2119,2450,2553,2217,10,708,1893,1919,1973,1838,10,732,820,878,858,10,493,279,269,11,326,Default,
238066,627,649,659,2410,3137,3294,2950,2822,3242,3297,3295,1603,1900,1965,1846,1154,1297,1322,1151,1811,2048,2044,1741,9,2002,2372,2515,2195,11,825,1927,1994,2081,1940,10,871,983,1076,1044,10,605,363,349,10,435,Default,
238082,439,454,462,1508,2373,2527,2325,2153,2630,2833,2840,1289,1614,1695,1592,963,1127,1161,1011,1503,1813,1802,1531,10,1723,2206,2379,2091,10,943,1785,1947,2071,1945,10,1016,1050,1185,1135,11,713,455,436,10,553,Default,
238098,315,322,328,1216,1876,1979,1861,1722,2049,2288,2369,1084,1349,1436,1362,832,981,1022,887,1264,1571,1553,1307,8,1553,2024,2232,1956,10,1004,1682,1854,2017,1893,10,1106,1091,1278,1210,9,799,508,484,10,635,Default,
238114,232,238,237,982,1481,1563,1502,1415,1677,1939,2014,900,1126,1209,1143,710,853,895,775,1087,1366,1362,1140,8,1405,1859,2126,1862,8,1044,1585,1761,1997,1861,9,1183,1106,1350,1285,9,865,572,543,11,724,Default,
238130,148,149,149,808,1148,1214,1227,1188,1392,1607,1738,756,946,1015,966,616,746,791,684,974,1227,1234,1042,9,1311,1765,2060,1819,10,1087,1504,1710,1985,1861,10,1253,1127,1418,1361,10,933,632,598,9,807,Default,
238146,99,102,99,695,952,1022,1038,1045,1202,1377,1519,659,834,897,838,555,676,716,625,901,1144,1149,980,8,1262,1724,2047,1822,9,1138,1459,1689,2012,1900,10,1333,1172,1519,1472,8,1025,684,652,10,882,Default,
238162,62,61,60,626,826,892,917,927,1068,1240,1341,599,760,806,743,538,661,706,613,894,1157,1158,978,8,1252,1733,2095,1869,11,1202,1458,1711,2109,1981,10,1432,1258,1677,1647,9,1149,756,724,9,982,Default,
238178,45,41,41,576,741,804,828,841,974,1111,1179,550,702,735,677,520,639,681,592,892,1185,1167,1002,10,1266,1785,2173,1949,11,1295,1487,1793,2237,2121,10,1551,1349,1839,1823,10,1276,870,833,10,1140,Default,
238194,39,35,34,518,650,692,717,747,870,978,1034,512,661,681,628,518,646,679,592,902,1222,1185,1029,8,1293,1877,2269,2035,9,1406,1528,1923,2395,2267,9,1695,1491,2030,2035,10,1436,977,943,9,1314,Default,
238210,26,22,21,450,536,560,592,688,791,881,940,477,605,613,570,512,637,656,579,951,1248,1210,1057,8,1369,1977,2356,2122,11,1515,1626,2039,2554,2428,9,1858,1632,2224,2254,11,1620,1122,1085,9,1512,Default,
238226,18,14,13,385,439,456,481,609,691,758,813,439,538,546,509,512,631,639,567,978,1263,1230,1083,11,1452,2098,2482,2220,10,1643,1729,2205,2770,2611,9,2086,1776,2450,2462,9,1846,1321,1270,9,1789,Default,
238242,13,8,7,300,330,342,354,496,543,587,617,388,464,462,432,513,628,636,568,974,1218,1202,1069,8,1531,2197,2619,2317,9,1781,1810,2299,2972,2786,10,2335,1890,2664,2661,10,2100,1534,1468,9,2103,Default,
238258,12,8,7,255,275,281,289,397,422,452,465,339,393,392,367,523,633,641,576,972,1186,1178,1053,8,1644,2324,2783,2504,10,1985,1936,2448,3233,3044,12,2672,2045,2924,2942,11,2437,1802,1753,9,2484,Default,
238274,13,8,6,240,255,261,266,364,379,403,412,290,320,322,308,571,690,703,641,928,1100,1081,962,11,1753,2442,2935,2644,9,2190,2068,2622,3297,3293,13,3026,2212,3254,3262,12,2839,2117,2060,10,2936,Default,
238290,15,7,6,198,210,211,215,315,315,331,337,249,271,270,261,509,603,605,573,767,910,878,787,8,1774,2429,2932,2656,10,2296,2122,2765,3296,3297,14,3294,2356,3296,3296,12,3220,2426,2392,11,3294,Default,
238306,14,7,6,169,177,177,180,260,252,263,266,202,219,215,209,398,457,456,439,615,758,722,659,8,1741,2329,2811,2577,9,2293,2122,2772,3298,3297,14,3296,2414,3296,3297,13,3296,2673,2668,10,3297,Default,
238322,15,7,6,148,152,153,155,209,203,209,210,152,158,156,152,273,295,295,293,468,588,534,509,10,1660,2164,2535,2307,10,2123,2082,2815,3297,3297,13,3296,2445,3295,3296,16,3297,2931,2931,8,3297,Default,
238338,15,8,7,133,136,137,138,185,176,178,178,122,127,122,120,200,206,206,206,382,485,431,421,9,1525,1919,2148,1903,9,1824,1978,2729,3295,3296,13,3297,2400,3297,3297,13,3299,3087,3113,10,3298,Default,
238354,12,7,6,120,122,124,126,140,130,132,133,111,117,114,111,132,132,133,136,348,426,394,381,9,1402,1663,1818,1602,9,1565,1869,2593,3296,3297,11,3298,2304,3296,3296,11,3298,3175,3220,9,3297,Default,
238370,17,8,6,121,124,124,127,112,103,102,103,111,113,111,109,87,82,82,82,316,375,367,347,11,1358,1578,1674,1499,9,1466,1770,2570,3296,3297,14,3298,2238,3296,3297,13,3295,3165,3123,10,3297,Default,
238386,14,7,6,104,106,107,108,103,98,99,98,85,87,87,86,19,12,11,11,237,277,273,260,8,1196,1475,1534,1382,8,1373,1469,2325,3295,11,8,3296,2056,3296,9,8,3297,3081,8,8,3298,Default,
238402,17,7,7,104,107,107,9,103,96,99,10,61,59,58,9,20,14,12,7,207,244,241,11,9,1046,1312,1372,9,8,1210,1214,1969,2868,10,8,3280,1700,3080,10,8,3298,2821,8,9,3297,Default,
238418,15,8,7,101,103,105,10,107,103,109,10,44,39,37,8,34,29,29,8,235,290,286,9,10,921,1229,1296,8,8,1106,1053,1635,2329,10,9,2233,1265,2286,9,8,2519,2289,10,7,3297,Default,
238434,16,8,7,96,95,99,9,88,86,91,9,38,33,32,8,37,32,29,8,230,303,295,10,8,765,1055,1146,8,8,953,863,1376,1890,9,8,1869,884,1366,10,8,1507,1764,8,8,3255,Default,
238450,15,8,6,82,87,89,9,82,84,93,9,38,33,31,8,23,14,12,7,185,282,272,10,9,565,856,877,9,8,681,642,931,1229,9,8,1160,455,683,9,8,699,1108,8,8,2153,Default,
238466,19,8,7,72,78,81,9,78,80,97,10,30,21,19,8,23,14,13,8,136,220,206,9,10,289,393,370,8,9,323,322,322,466,9,8,509,188,286,9,9,292,491,8,8,970,Default,
238482,18,9,6,49,67,63,8,49,53,74,9,23,16,14,8,16,9,7,6,64,116,106,9,8,124,173,156,9,9,136,138,197,136,9,9,190,89,81,10,9,116,104,8,8,238,Default,
238498,13,9,7,48,111,103,8,83,83,120,9,30,47,41,9,15,9,7,6,26,41,38,9,8,41,49,56,8,8,42,44,75,84,9,9,33,46,35,8,9,32,18,6,7,7,Default,
238514,13,9,7,46,109,107,8,110,87,126,10,38,66,63,9,17,11,8,7,37,51,74,8,8,33,37,34,9,9,37,36,45,53,9,8,25,31,20,9,8,20,15,6,7,8,Default,
238530,10,9,6,45,109,99,9,106,88,124,9,37,65,65,9,17,11,8,6,38,53,85,9,8,32,34,26,8,8,32,33,41,45,9,8,25,26,13,7,5,14,11,6,6,9,Default,
238546,12,8,7,37,82,71,8,101,72,91,9,37,65,70,9,16,10,8,6,33,44,78,9,8,30,29,22,8,8,29,29,31,35,8,9,24,24,12,7,7,12,10,6,6,8,Default,
238562,12,8,6,37,86,71,9,96,78,93,9,38,65,70,9,17,10,7,6,33,43,74,9,9,30,30,21,8,8,28,24,27,26,8,8,18,23,12,7,7,12,12,6,7,9,Default,
238578,12,8,6,41,96,86,8,106,82,104,9,40,70,71,9,16,9,7,6,35,45,73,8,9,31,29,21,8,8,25,26,27,25,8,8,18,24,12,8,7,11,11,6,6,9,Default,
238594,12,8,6,44,95,87,9,111,82,107,9,41,70,73,9,20,12,9,7,41,45,79,9,8,34,30,22,8,8,25,29,27,29,8,8,20,22,12,6,7,11,10,6,6,8,Default,
238610,13,8,6,45,95,87,9,114,78,110,9,43,75,77,8,23,14,12,8,44,47,78,9,9,34,33,25,8,8,25,29,28,29,8,8,20,23,10,6,8,9,12,7,6,8,Default,
238626,12,8,7,45,97,88,8,114,82,114,9,45,77,79,8,25,14,12,8,45,47,78,8,8,34,32,24,8,8,19,30,28,29,8,8,19,24,12,7,8,12,10,6,6,8,Default,
238642,12,8,7,47,103,91,8,119,88,115,9,46,79,81,9,28,16,13,8,45,51,81,9,8,33,29,21,8,8,19,27,24,24,9,8,17,23,12,7,8,9,11,6,6,8,Default,
238658,12,8,6,46,100,91,8,119,83,116,9,46,80,83,8,25,16,13,7,45,49,83,9,10,33,29,23,8,8,19,29,23,23,8,8,16,23,10,7,7,9,11,7,7,8,Default,
238674,13,8,7,46,98,91,8,121,87,111,10,47,83,82,9,27,16,14,8,46,50,88,9,9,33,31,24,8,8,18,27,21,19,8,8,15,23,11,6,6,10,12,6,6,8,Default,
238690,12,8,6,48,101,91,9,122,87,111,9,48,87,87,9,28,16,15,8,48,51,90,10,8,36,32,23,8,9,16,25,17,14,8,8,11,22,11,6,7,9,12,6,6,8,Default,
238706,12,8,6,48,101,92,8,129,87,110,9,51,89,92,9,28,16,15,8,48,52,91,8,9,36,33,24,8,8,15,26,17,12,8,8,11,24,12,7,7,12,11,6,6,9,Default,
238722,12,8,6,48,101,91,8,129,81,111,8,53,91,96,11,30,19,13,7,47,58,99,10,9,37,36,28,10,10,15,28,19,16,8,9,12,22,14,6,8,16,9,6,6,11,Default,
238738,12,8,6,47,96,90,8,132,90,112,9,53,95,99,9,29,17,16,8,49,56,95,9,8,38,40,28,8,8,15,29,19,15,8,8,17,24,12,8,8,16,9,6,6,11,Default,
238754,13,8,6,51,98,90,10,133,87,112,10,55,97,103,8,34,20,20,8,53,61,95,9,9,39,43,33,8,9,17,30,19,15,7,8,18,22,11,7,7,14,12,6,7,13,Default,
238770,12,8,6,49,95,87,8,134,93,113,9,54,98,106,9,37,21,19,8,52,62,95,9,9,37,42,32,8,8,16,29,20,15,8,8,16,24,12,7,8,16,12,6,7,15,Default,
238786,12,8,6,47,97,88,8,135,94,114,9,56,99,108,9,36,20,19,8,52,65,100,10,9,37,40,31,8,8,15,29,19,16,8,8,16,24,12,7,7,16,11,6,7,11,Default,
238802,12,8,7,46,96,86,9,130,87,111,9,55,99,107,9,36,21,20,8,53,64,98,9,10,37,37,25,8,8,14,25,20,15,8,7,15,23,12,7,8,16,9,6,6,11,Default,
238818,12,8,6,47,95,87,9,137,90,112,9,58,99,108,8,38,21,20,8,52,60,92,10,9,43,48,34,8,8,15,31,19,15,7,8,14,25,12,8,7,16,9,6,7,11,Default,
238834,12,8,7,46,95,87,8,129,91,107,8,51,100,107,8,38,22,20,8,51,59,87,9,7,43,58,45,8,9,14,32,21,16,8,8,14,24,12,7,7,14,9,6,6,9,Default,
238850,13,8,6,48,95,87,8,140,97,111,9,58,103,111,9,38,24,22,8,49,60,77,8,9,48,67,51,9,9,17,34,27,24,8,8,16,26,12,7,8,11,11,6,6,9,Default,
238866,12,8,6,51,100,90,9,148,99,118,9,58,106,113,9,40,26,25,8,55,73,84,8,8,58,82,65,9,8,16,35,25,24,8,8,13,26,12,6,8,12,10,6,6,8,Default,
238882,12,8,7,52,105,95,8,147,104,125,9,60,109,115,9,38,23,22,8,53,70,82,9,8,53,79,60,8,9,17,36,27,24,8,8,12,26,12,8,6,11,11,6,6,8,Default,
238898,14,8,7,55,110,103,8,148,104,136,8,62,107,115,9,38,22,21,8,51,58,74,8,9,51,64,51,8,8,16,33,20,17,8,8,9,22,11,7,7,8,12,4,6,8,Default,
238914,332,403,340,305,624,588,8,501,580,724,9,162,223,210,10,33,25,24,8,30,20,17,8,8,46,41,37,8,8,14,29,13,11,7,8,7,19,10,7,7,9,12,6,6,8,Default,
238930,901,1119,1127,727,1641,1651,8,980,1348,1497,9,290,372,372,9,37,27,26,8,32,23,21,8,8,56,53,49,8,8,16,20,10,8,6,7,6,16,10,7,7,9,11,6,6,8,Default,
238946,1435,1763,1794,1203,2610,2707,10,1600,2204,2353,9,487,609,618,8,74,68,66,9,117,110,111,9,9,119,109,109,8,9,20,39,29,29,8,8,12,20,9,7,7,9,11,6,6,8,Default,
238962,1788,2085,2146,2560,3297,3296,9,2759,3023,3279,12,1054,1228,1263,9,154,146,145,10,92,82,82,9,8,145,136,135,9,9,20,100,90,88,10,8,15,22,11,7,8,11,10,6,6,9,Default,
238978,2004,2068,2109,2924,3297,3297,10,3170,3297,3297,12,1474,1729,1755,9,249,244,240,9,44,33,32,8,9,190,186,184,10,9,13,160,146,146,9,9,14,23,11,7,8,12,11,6,6,9,Default,
238994,1749,1806,1833,3140,3296,3297,9,3297,3297,3296,12,1786,2065,2086,9,761,801,798,9,476,505,474,9,10,543,562,543,9,9,24,366,339,334,10,9,25,24,15,7,8,13,13,6,7,8,Default,
239010,1529,1583,1600,3205,3297,3297,10,3296,3297,3298,12,1911,2211,2234,9,1039,1104,1095,10,1007,1061,1008,9,8,1003,1089,1077,9,9,49,483,453,446,9,10,46,53,41,8,8,37,29,8,8,22,Default,
239026,1422,1458,1480,3122,3297,3297,10,3296,3296,3296,16,2014,2324,2325,8,1289,1363,1344,12,1500,1589,1505,9,9,1519,1674,1684,12,8,101,838,784,763,8,11,101,105,100,11,8,66,38,9,9,28,Default,
239042,1396,1423,1449,3232,3297,3296,12,3297,3296,3297,13,2124,2429,2428,10,1453,1546,1533,9,1778,1882,1803,8,8,1831,2018,2030,10,8,181,1181,1121,1099,10,8,186,223,222,10,9,117,45,8,8,43,Default,
239058,1392,1417,1442,3294,3297,3297,10,3297,3296,3297,12,2181,2485,2476,9,1504,1600,1586,9,1879,1984,1903,9,8,1981,2186,2195,9,9,228,1356,1291,1276,9,9,248,329,331,9,8,165,54,8,8,53,Default,
239074,1351,1368,1390,3273,3298,3297,11,3298,3296,3296,11,2173,2479,2471,8,1506,1605,1587,9,1930,2039,1960,9,8,2069,2292,2303,8,9,265,1439,1380,1363,9,8,292,409,413,9,8,192,63,8,9,58,Default,
239090,1193,1211,1235,3151,3297,3297,13,3296,3298,3297,12,2109,2413,2422,9,1480,1591,1572,9,1965,2092,2014,9,9,2121,2372,2397,8,8,353,1548,1509,1490,10,8,389,485,494,9,10,249,80,9,9,76,Default,
239106,1019,1036,1060,2956,3295,3297,11,3295,3297,3297,12,1979,2294,2312,8,1426,1550,1537,8,1946,2104,2032,10,8,2118,2405,2454,9,9,459,1683,1658,1654,8,8,496,616,634,8,8,338,112,9,9,104,Default,
239122,803,817,839,2655,3297,3297,10,3087,3296,3297,12,1766,2069,2104,9,1304,1426,1420,9,1832,2024,1957,10,8,2046,2363,2437,9,9,556,1774,1772,1778,9,9,607,708,742,9,8,406,162,10,9,151,Default,
239138,613,628,640,2318,3019,3165,11,2692,3112,3295,13,1575,1848,1898,8,1159,1276,1281,9,1645,1860,1787,9,8,1915,2251,2347,8,8,621,1779,1794,1813,9,8,690,773,821,11,8,455,228,11,8,210,Default,
239154,472,483,494,1949,2482,2642,9,2266,2520,2748,9,1370,1609,1670,9,1054,1169,1177,9,1457,1674,1591,9,8,1778,2107,2238,10,8,663,1745,1759,1801,9,9,746,813,886,10,8,505,273,8,11,252,Default,
239170,340,352,360,1599,2047,2137,9,1858,2100,2292,9,1178,1392,1457,9,966,1075,1085,9,1305,1534,1451,9,8,1652,1994,2151,9,8,696,1720,1749,1810,9,8,797,874,974,9,8,551,328,9,10,297,Default,
239186,241,246,248,1316,1649,1716,8,1581,1753,1954,9,1010,1173,1229,9,944,1047,1057,8,1264,1500,1409,9,9,1608,1977,2168,9,9,729,1749,1799,1904,9,9,848,948,1097,8,8,597,390,8,9,361,Default,
239202,151,153,154,1095,1298,1352,8,1380,1490,1661,9,872,995,1047,9,909,1008,1012,9,1267,1500,1391,8,8,1611,1995,2213,10,8,790,1802,1870,2027,9,8,912,1041,1243,9,8,671,472,9,8,430,Default,
239218,96,95,95,949,1096,1149,8,1203,1310,1453,9,779,909,942,9,887,984,988,9,1262,1498,1375,9,8,1625,2062,2285,10,8,867,1847,1978,2168,9,8,997,1173,1420,9,8,761,526,8,8,480,Default,
239234,62,58,59,838,945,1000,8,1084,1168,1297,9,697,810,841,9,845,934,943,9,1261,1478,1364,8,9,1669,2128,2371,9,9,962,1902,2075,2325,9,9,1127,1297,1608,9,8,881,584,8,8,545,Default,
239250,49,46,46,751,845,891,8,969,1038,1142,9,646,745,766,9,810,897,904,10,1261,1483,1388,9,8,1716,2206,2462,9,8,1044,1966,2188,2495,9,9,1227,1420,1789,10,8,985,665,8,8,640,Default,
239266,38,35,34,673,748,787,8,862,926,1006,9,613,708,721,9,810,897,887,8,1297,1533,1437,9,8,1795,2313,2578,10,8,1152,2066,2332,2687,9,8,1374,1567,1985,9,8,1119,773,8,8,756,Default,
239282,33,29,29,530,599,622,9,776,842,899,9,581,674,683,10,832,926,909,8,1349,1612,1522,9,9,1864,2451,2711,8,8,1295,2153,2509,2906,10,9,1564,1764,2251,9,8,1311,916,9,8,888,Default,
239298,20,16,16,443,485,500,8,683,733,776,8,518,592,599,9,857,973,944,9,1446,1710,1644,9,8,1994,2605,2895,10,8,1469,2303,2704,3196,10,8,1807,1969,2555,9,8,1549,1138,8,8,1102,Default,
239314,13,9,8,364,389,400,9,585,617,653,9,457,517,519,10,893,1014,991,9,1549,1801,1753,9,7,2139,2770,3088,9,8,1696,2467,2919,3296,12,8,2139,2208,2913,8,8,1898,1428,8,8,1462,Default,
239330,12,8,6,273,286,291,9,460,475,502,10,366,396,395,9,923,1058,1043,10,1612,1865,1823,8,8,2263,2909,3270,9,9,1944,2624,3117,3296,12,9,2575,2454,3266,12,8,2325,1765,8,8,1919,Default,
239346,10,7,6,223,232,233,9,372,378,394,8,311,334,329,8,841,968,936,9,1522,1741,1699,8,8,2334,2997,3295,11,8,2198,2720,3296,3297,11,7,2981,2673,3296,11,8,2770,2130,9,8,2405,Default,
239362,12,8,6,202,210,210,9,294,291,301,10,262,277,270,10,682,766,743,9,1229,1375,1330,9,8,2300,2974,3296,11,8,2360,2724,3296,3296,12,8,3289,2787,3295,12,8,3170,2445,9,9,2874,Default,
239378,16,8,6,173,177,178,9,225,220,223,11,200,207,203,10,484,534,518,9,1029,1173,1130,8,9,2200,2800,3189,10,8,2311,2692,3297,3298,12,8,3296,2868,3297,12,8,3296,2784,8,8,3296,Default,
239394,14,8,6,151,156,153,9,192,183,186,10,152,158,157,9,323,341,336,10,799,953,881,9,8,2066,2614,2866,10,8,2174,2610,3297,3296,12,8,3297,2874,3297,12,8,3298,3051,8,9,3295,Default,
239410,13,7,7,134,135,136,9,142,136,136,10,131,135,132,10,191,195,195,10,554,696,638,9,8,1812,2260,2373,9,8,1878,2391,3266,3296,12,9,3297,2791,3297,12,8,3299,3289,9,8,3297,Default,
239426,16,7,7,124,125,123,10,110,103,103,10,139,142,140,9,106,105,105,10,427,519,493,9,9,1640,1948,2009,8,8,1650,2186,3080,3295,14,8,3296,2648,3298,12,9,3298,3296,12,8,3297,Default,
239442,15,8,7,128,132,131,9,104,100,102,9,132,137,135,9,91,87,87,9,323,375,369,9,8,1504,1755,1770,9,9,1525,1956,2807,3296,12,8,3295,2446,3297,12,8,3297,3296,10,11,3296,Default,
239458,17,8,6,111,116,116,8,112,108,110,10,82,82,80,9,18,8,8,7,228,264,261,9,9,1240,1551,1519,9,9,1357,1492,2432,3295,12,8,3297,2090,3295,11,8,3296,3146,8,8,3297,Default,
239474,14,7,7,104,107,108,10,97,94,97,9,67,63,63,8,30,25,24,8,219,259,257,10,9,1017,1320,1325,8,8,1169,1164,1853,2568,10,8,2491,1543,2905,9,8,3280,2667,11,8,3296,Default,
239490,17,8,6,104,110,111,9,105,105,111,9,46,43,41,8,40,33,33,8,233,294,289,10,9,876,1203,1220,9,9,1054,987,1576,2185,9,9,2118,1133,2005,9,9,2183,2184,9,8,3296,Default,
239506,14,8,6,98,103,103,8,103,102,112,10,39,33,33,8,35,29,28,8,215,290,277,10,9,705,941,1019,9,9,831,780,1195,1611,10,8,1548,653,1006,9,8,1029,1507,8,9,2686,Default,
239522,16,7,6,84,91,92,9,93,97,111,10,33,27,25,8,17,9,8,6,175,259,239,9,10,481,676,622,9,9,507,523,700,858,9,9,789,331,501,9,9,477,865,7,8,1419,Default,
239538,22,8,8,65,73,76,10,72,77,102,9,16,7,7,7,23,16,20,8,112,195,180,11,9,229,329,261,9,10,227,259,352,352,10,10,362,165,211,8,9,205,365,8,9,554,Default,
239554,14,8,7,45,64,55,9,45,51,73,9,19,20,15,8,16,12,10,6,52,95,81,9,8,105,141,108,8,8,94,115,149,84,8,8,103,53,36,8,8,58,48,8,9,78,Default,
239570,12,8,7,45,111,107,9,95,85,132,9,29,41,38,8,16,12,9,7,35,56,62,8,9,41,52,52,8,8,41,38,55,62,9,8,29,40,28,8,8,32,16,6,7,8,Default,
239586,12,8,7,46,116,112,8,105,85,140,9,37,63,56,8,17,11,8,6,41,64,92,9,8,38,43,42,8,8,33,38,51,59,9,8,25,30,18,6,8,18,12,6,7,7,Default,
239602,11,9,6,43,103,97,9,102,85,120,9,37,65,62,9,17,11,8,7,41,59,99,9,8,37,37,30,8,8,38,33,37,42,8,8,25,26,14,7,8,17,12,6,6,10,Default,
239618,12,8,7,37,75,78,9,91,70,100,10,37,58,64,9,15,10,7,6,38,54,100,9,9,33,33,25,8,8,37,29,31,35,8,9,23,25,14,8,8,16,10,7,7,9,Default,
239634,12,9,7,40,87,83,8,91,80,107,9,38,65,71,8,16,10,8,6,38,55,97,9,8,33,33,25,8,8,33,29,31,34,8,8,25,24,14,7,8,16,12,6,6,10,Default,
239650,12,8,7,45,105,96,9,104,87,116,9,41,68,73,9,20,12,11,7,43,56,95,9,8,35,33,25,8,8,25,30,32,33,8,8,24,25,12,7,8,13,11,6,7,9,Default,
239666,13,8,6,45,103,97,8,114,85,124,10,43,68,77,9,19,10,8,6,39,49,87,8,9,34,31,24,8,9,20,31,29,30,8,9,20,25,12,8,8,12,12,6,7,9,Default,
239682,12,8,6,48,106,100,9,116,87,130,9,42,70,77,9,19,10,8,6,40,48,78,9,8,33,30,23,8,9,21,30,28,29,9,8,20,25,12,7,8,13,11,6,6,9,Default,
239698,12,8,6,47,103,102,8,120,88,129,9,45,71,80,9,24,13,12,8,44,50,82,9,8,34,31,26,8,8,21,32,28,29,8,8,20,24,12,7,7,12,11,6,7,9,Default,
239714,13,8,7,49,107,102,8,123,88,124,9,47,73,83,9,25,14,13,7,46,51,91,8,9,35,31,26,8,8,23,30,24,25,8,8,17,24,12,8,7,12,12,6,6,9,Default,
239730,12,8,7,50,107,107,9,124,91,128,9,47,74,85,9,26,14,14,8,47,53,91,9,9,33,29,24,8,9,19,29,25,26,8,8,17,25,12,7,8,13,11,6,6,9,Default,
239746,12,8,7,51,110,107,8,128,92,130,9,49,80,86,9,27,16,14,8,48,54,89,9,9,33,30,23,8,8,16,29,21,20,8,8,16,24,12,7,7,12,12,6,7,9,Default,
239762,12,8,6,53,111,108,9,126,88,128,10,49,82,90,9,26,15,14,8,49,53,88,9,9,35,32,24,8,8,17,26,20,18,8,7,16,22,11,7,7,12,10,6,6,9,Default,
239778,13,8,7,53,112,107,8,130,95,132,9,51,88,94,9,29,16,15,8,49,55,91,9,9,37,37,29,8,8,17,29,20,16,8,8,14,24,12,7,8,13,10,6,6,9,Default,
239794,12,8,6,52,110,103,8,134,93,131,8,53,93,101,8,29,17,16,7,49,53,86,8,8,38,41,34,8,8,17,29,17,16,7,8,12,21,11,6,7,11,10,6,6,8,Default,
239810,12,8,6,52,112,105,9,135,95,133,9,55,103,107,9,29,17,16,7,50,58,87,9,10,37,45,39,8,8,19,29,19,16,8,8,14,22,10,7,7,10,10,6,6,8,Default,
239826,12,8,6,52,110,103,9,134,93,126,9,54,101,106,8,29,17,15,8,49,59,84,9,8,38,49,39,8,8,16,31,21,18,7,8,15,23,11,7,7,11,10,7,6,8,Default,
239842,13,8,6,51,106,99,8,140,93,118,9,55,101,107,9,33,19,18,8,49,61,84,10,9,40,51,41,8,8,16,32,21,17,8,8,15,24,12,7,8,12,11,6,6,9,Default,
239858,12,8,7,49,101,95,8,137,89,112,9,56,103,109,9,33,20,19,8,50,64,88,8,9,40,51,39,8,8,15,30,19,16,8,8,11,24,11,7,8,9,12,6,6,8,Default,
239874,11,8,6,47,92,87,8,133,88,105,9,56,102,108,9,38,21,20,8,49,60,82,9,8,45,56,44,8,8,16,33,20,17,7,8,14,25,12,7,7,12,11,6,6,9,Default,
239890,12,8,6,46,91,85,8,141,87,103,9,57,99,110,9,38,23,21,8,49,57,79,9,8,45,59,46,8,8,17,35,26,24,8,8,18,24,11,7,7,10,11,6,7,8,Default,
239906,12,8,6,49,95,89,9,145,89,107,9,59,104,115,9,37,24,22,8,53,72,88,9,9,51,74,58,8,9,20,35,29,28,8,8,16,25,12,6,7,10,12,7,6,8,Default,
239922,12,8,6,51,100,90,8,159,103,115,9,62,111,117,10,41,25,24,8,60,95,99,9,8,64,91,71,9,9,23,38,28,28,8,8,18,28,12,7,8,12,12,5,6,9,Default,
239938,13,8,7,53,103,95,9,163,105,118,8,65,109,119,9,41,25,24,8,61,99,103,10,10,64,89,69,8,9,22,38,30,29,8,8,16,28,12,7,7,12,11,6,6,9,Default,
239954,18,12,10,93,192,180,9,205,165,250,9,82,151,130,9,29,17,17,8,33,25,20,8,9,59,62,52,8,9,19,35,16,14,7,8,8,22,9,7,6,7,12,6,6,8,Default,
239970,568,659,630,481,1055,1007,8,720,919,1063,8,228,303,294,9,31,21,20,8,33,27,24,8,8,58,53,51,8,8,17,26,14,12,7,8,8,19,10,7,7,9,12,6,7,8,Default,
239986,1326,1460,1504,1492,2147,2227,9,1520,1676,1836,11,361,414,422,9,41,35,33,8,66,58,59,8,8,91,83,82,10,9,22,23,15,13,8,8,9,18,9,7,6,9,12,7,6,8,Default,
240002,1899,2040,2068,2392,3102,3218,10,2419,2679,2868,11,695,792,818,10,99,95,95,10,116,105,107,8,9,128,121,121,10,9,24,71,62,62,9,8,16,23,11,6,7,12,11,6,6,9,Default,
240018,1830,2068,2097,2730,3297,3298,9,3005,3286,3297,12,1326,1565,1600,9,196,192,190,9,53,43,41,8,8,167,161,159,10,10,20,169,167,166,10,9,16,22,11,7,7,11,11,6,6,9,Default,
240034,1738,1778,1806,3086,3298,3297,11,3296,3296,3296,11,1745,2016,2047,8,699,737,737,9,333,345,331,9,7,538,562,541,9,9,45,376,348,346,9,9,40,29,18,8,8,24,29,8,8,23,Default,
240050,1496,1529,1547,3278,3296,3298,12,3298,3295,3295,19,1998,2295,2317,9,1139,1227,1215,9,1192,1263,1195,8,8,1291,1420,1438,9,9,132,694,653,645,9,8,145,105,99,9,8,75,45,6,8,41,Default,
240066,1327,1343,1364,3163,3296,3298,11,3296,3297,3297,12,2098,2411,2411,8,1382,1480,1485,9,1720,1842,1769,10,8,1780,1974,2009,8,8,273,1184,1139,1119,9,8,315,294,300,8,8,183,45,8,8,45,Default,
240082,1216,1220,1236,3233,3297,3297,10,3296,3297,3297,12,2164,2440,2428,10,1574,1679,1668,9,2054,2158,2096,10,8,2091,2313,2331,9,9,427,1660,1619,1601,9,9,473,547,560,9,8,298,58,8,9,53,Default,
240098,1132,1128,1144,3262,3296,3297,13,3299,3296,3297,12,2210,2472,2462,9,1655,1757,1747,9,2238,2344,2282,9,10,2305,2572,2573,9,9,538,2010,1991,1974,9,8,576,715,744,9,9,381,58,9,9,56,Default,
240114,1048,1044,1053,3224,3297,3297,10,3297,3297,3298,12,2198,2470,2452,10,1666,1773,1757,9,2296,2422,2354,9,8,2412,2701,2701,10,8,572,2175,2174,2163,10,9,606,823,865,9,8,414,77,8,9,74,Default,
240130,902,895,903,3103,3296,3296,10,3296,3297,3297,12,2137,2400,2392,10,1682,1790,1770,10,2350,2495,2422,11,10,2493,2798,2813,9,11,606,2333,2340,2352,9,11,645,945,1005,9,10,452,108,9,9,104,Default,
240146,670,671,682,2797,3296,3297,13,3295,3296,3297,12,1979,2244,2244,9,1622,1751,1724,9,2334,2506,2430,10,9,2508,2848,2886,8,10,668,2483,2536,2581,9,8,716,1189,1291,9,9,534,180,9,8,165,Default,
240162,456,460,464,2360,2852,2978,8,2894,3188,3229,10,1773,2018,2015,9,1547,1676,1643,10,2228,2430,2342,9,8,2418,2790,2851,10,8,766,2555,2642,2733,10,8,834,1363,1509,9,8,638,322,10,9,285,Default,
240178,273,274,275,1876,2255,2316,7,2291,2478,2613,9,1476,1687,1708,9,1447,1571,1538,9,2046,2275,2186,10,8,2269,2682,2765,9,8,865,2532,2663,2817,10,8,961,1505,1710,9,9,755,449,8,10,392,Default,
240194,168,165,167,1395,1653,1683,9,1855,2015,2204,9,1177,1329,1361,9,1293,1395,1368,9,1839,2084,1986,9,9,2119,2561,2677,9,9,930,2455,2635,2856,11,8,1057,1616,1884,9,8,857,534,7,9,469,Default,
240210,78,74,75,1071,1221,1260,8,1492,1584,1736,10,928,1035,1063,9,1139,1215,1198,9,1652,1899,1776,10,8,1989,2438,2586,9,8,977,2365,2572,2848,9,8,1133,1652,1988,9,8,935,617,8,9,542,Default,
240226,44,41,41,830,907,945,8,1192,1239,1351,9,731,813,833,9,1001,1077,1061,9,1468,1669,1536,11,8,1850,2281,2462,9,8,1010,2251,2496,2831,10,9,1210,1678,2079,9,8,1022,688,9,9,605,Default,
240242,24,20,20,664,720,750,10,949,999,1097,9,576,650,661,9,863,920,910,10,1285,1512,1363,9,9,1718,2176,2351,9,9,1032,2106,2441,2804,9,8,1289,1698,2144,8,8,1103,741,11,8,679,Default,
240258,13,8,7,460,518,539,10,755,797,855,10,488,559,559,9,758,831,816,8,1142,1350,1206,9,8,1583,2065,2219,9,8,1032,1975,2359,2756,9,8,1346,1703,2193,9,8,1170,777,8,8,725,Default,
240274,12,8,6,354,393,402,9,576,600,641,8,400,457,455,7,684,758,743,8,1011,1217,1077,8,8,1496,1980,2118,9,8,1023,1901,2294,2735,9,8,1406,1707,2246,9,8,1231,829,9,8,782,Default,
240290,12,7,6,316,347,357,10,497,525,553,10,375,432,431,9,575,648,628,10,906,1084,978,9,9,1447,1930,2094,9,9,1060,1869,2267,2781,10,8,1504,1728,2325,9,9,1331,883,9,9,849,Default,
240306,11,7,6,291,319,327,9,434,460,486,9,328,375,373,8,481,551,522,9,841,1004,911,10,7,1430,1926,2073,9,8,1094,1872,2311,2850,9,8,1606,1799,2433,9,8,1434,965,9,9,938,Default,
240322,12,8,6,265,290,294,9,376,395,416,9,306,345,343,10,468,532,505,9,840,1003,929,9,8,1496,2009,2163,9,9,1183,1948,2426,3005,9,9,1762,1905,2594,11,8,1575,1118,8,9,1084,Default,
240338,13,8,6,238,255,258,9,352,364,383,10,290,319,321,10,481,553,518,8,887,1076,1032,8,9,1579,2137,2313,9,9,1297,2044,2573,3227,9,9,1952,2051,2811,11,8,1757,1318,9,8,1304,Default,
240354,12,8,7,220,232,234,8,355,356,373,9,279,302,301,9,488,555,522,9,929,1118,1085,9,8,1710,2284,2525,9,9,1480,2184,2786,3296,12,8,2252,2234,3086,11,8,2067,1572,8,8,1637,Default,
240370,12,6,6,211,223,224,9,332,328,341,10,262,283,281,10,475,535,507,11,927,1115,1076,9,8,1829,2452,2740,10,8,1689,2313,2982,3296,12,8,2588,2444,3296,14,8,2426,1898,8,9,2064,Default,
240386,13,7,6,193,200,202,9,294,289,298,11,244,261,261,10,445,495,470,9,903,1091,1041,8,9,1930,2564,2886,10,8,1886,2429,3118,3296,12,9,2947,2609,3297,12,8,2820,2267,8,8,2562,Default,
240402,12,8,6,170,174,176,8,257,248,254,11,201,211,210,10,378,416,397,10,863,1044,987,9,8,1969,2610,2913,9,9,2001,2503,3287,3295,12,9,3273,2766,3298,12,8,3192,2601,8,8,3037,Default,
240418,16,8,6,157,162,162,8,206,198,200,10,165,172,169,9,298,313,306,11,787,964,901,9,8,1949,2512,2722,9,9,1989,2521,3295,3297,12,8,3297,2828,3296,12,8,3296,2886,9,8,3296,Default,
240434,16,7,6,136,136,136,10,172,165,168,10,138,141,137,9,194,198,194,10,656,823,754,10,8,1851,2325,2445,9,8,1874,2434,3294,3296,11,8,3299,2836,3296,12,8,3297,3127,10,8,3296,Default,
240450,16,8,6,116,116,116,9,136,129,131,10,132,136,133,10,124,123,123,11,508,642,588,11,8,1743,2137,2188,10,8,1743,2330,3237,3297,12,8,3296,2788,3297,12,8,3296,3295,9,8,3296,Default,
240466,14,8,6,109,109,109,8,115,107,107,9,126,129,128,10,80,75,75,9,402,481,460,9,8,1653,1963,1991,9,9,1654,2184,3127,3297,12,8,3297,2682,3297,12,8,3299,3297,9,8,3297,Default,
240482,14,7,6,124,128,129,10,117,110,112,11,102,103,100,9,21,14,12,8,307,357,351,9,8,1501,1800,1792,9,9,1538,1939,2758,3297,12,9,3297,2417,3297,12,8,3297,3297,9,8,3297,Default,
240498,16,8,6,112,116,117,9,116,112,114,9,67,66,65,9,23,15,14,7,238,280,269,11,9,1279,1661,1620,9,9,1430,1546,2556,3297,12,8,3297,2180,3297,12,8,3296,3295,8,9,3298,Default,
240514,13,7,6,111,114,117,9,116,114,120,9,49,43,45,8,24,17,16,8,259,316,309,9,8,1090,1504,1500,9,8,1268,1256,2138,2857,9,8,2611,1743,3092,9,8,3288,2889,9,8,3297,Default,
240530,15,7,7,105,107,110,8,99,98,103,10,38,32,32,8,36,31,30,8,260,335,323,8,10,950,1319,1376,8,8,1151,1063,1824,2363,10,8,2209,1299,2177,9,8,2291,2384,9,8,3297,Default,
240546,13,8,7,94,95,98,9,97,98,104,9,30,29,28,8,20,12,10,7,235,319,306,9,8,756,1067,1165,9,9,928,825,1331,1731,9,8,1578,742,1137,8,8,1127,1691,8,8,2727,Default,
240562,16,8,7,87,91,93,9,94,98,110,9,16,8,7,6,24,17,17,8,190,285,256,9,8,514,779,761,9,9,583,572,854,1017,9,8,853,381,562,9,9,522,1007,8,8,1480,Default,
240578,20,8,7,69,78,82,10,74,78,100,10,16,8,7,6,25,21,22,8,121,226,190,9,9,243,356,301,8,9,252,284,423,406,9,8,377,182,228,10,8,209,405,9,8,554,Default,
240594,16,9,7,47,71,61,9,45,49,70,9,15,9,7,6,13,9,8,6,53,115,87,9,8,102,157,120,9,10,103,115,162,91,9,10,117,55,34,9,8,58,51,8,8,85,Default,
240610,13,9,7,49,123,119,9,92,91,143,10,32,49,44,8,17,13,11,8,35,55,58,9,8,41,53,51,8,8,35,41,57,67,9,8,29,39,24,8,8,27,15,7,7,8,Default,
240626,12,8,7,48,116,108,9,107,88,135,9,34,57,52,9,16,12,9,6,41,64,92,8,8,35,40,37,8,9,34,38,49,59,8,9,30,35,20,8,8,27,12,7,6,8,Default,
240642,12,8,7,45,109,97,9,100,87,120,10,35,56,55,8,16,10,7,6,40,58,92,9,8,36,36,27,8,8,33,33,37,41,9,8,21,29,15,7,8,17,11,7,6,9,Default,
240658,12,8,7,41,91,78,8,98,77,106,9,37,59,60,9,15,9,7,5,38,56,96,10,8,34,33,26,8,8,33,32,35,39,8,8,23,27,14,8,8,16,11,6,6,9,Default,
240674,12,8,7,41,99,87,9,95,82,110,9,39,65,69,9,16,10,8,6,37,54,87,8,9,35,35,26,8,8,34,28,28,27,8,8,16,25,12,7,8,12,12,5,7,9,Default,
240690,12,8,7,46,107,98,8,105,89,121,9,41,69,74,8,18,12,10,6,41,56,82,9,8,37,37,26,8,8,33,29,29,29,8,8,20,26,13,7,7,14,11,5,6,9,Default,
240706,12,8,6,49,115,102,8,114,90,132,9,43,70,78,9,22,14,12,8,41,49,76,9,8,36,33,25,8,8,29,29,26,25,9,8,19,26,13,7,8,13,11,7,6,8,Default,
240722,12,8,6,49,112,103,8,118,93,134,9,44,70,78,9,24,14,12,8,44,50,79,9,9,34,32,27,8,8,24,31,25,24,8,9,20,24,12,7,7,12,12,6,7,9,Default,
240738,12,8,7,49,116,107,8,118,93,138,9,43,71,79,9,21,13,12,8,45,53,87,9,8,33,31,25,8,9,21,31,25,25,8,8,19,24,13,7,8,14,11,5,7,9,Default,
240754,12,8,6,51,117,107,8,117,91,138,9,41,72,78,10,16,11,8,7,43,51,84,9,8,31,31,25,8,8,21,28,23,21,8,8,16,24,12,6,8,14,9,6,7,9,Default,
240770,12,8,7,51,117,104,9,124,87,135,9,45,72,78,8,20,12,9,7,45,51,83,9,9,34,32,26,8,8,21,26,20,20,8,8,13,25,12,7,8,14,11,6,6,9,Default,
240786,12,8,6,51,116,105,9,124,90,136,9,45,76,82,9,22,13,12,8,46,52,85,9,8,35,33,29,8,8,19,29,20,17,8,8,16,21,12,6,7,14,9,6,7,9,Default,
240802,12,8,6,53,117,106,8,131,93,136,9,49,78,85,9,25,15,14,8,48,53,85,9,8,37,32,27,8,8,16,30,20,18,8,8,14,24,12,7,8,14,11,6,7,9,Default,
240818,12,8,7,54,118,109,9,130,93,137,9,50,83,87,9,27,16,15,8,48,54,84,8,9,37,33,26,8,8,16,29,19,16,8,8,14,24,12,7,8,13,10,6,6,10,Default,
240834,12,8,7,53,118,106,8,131,95,135,9,51,86,89,9,29,17,16,8,47,53,82,9,8,38,33,27,8,8,17,30,19,16,8,8,16,23,12,8,8,16,10,6,7,11,Default,
240850,12,8,6,51,110,98,8,132,94,130,10,51,88,91,9,29,18,17,8,48,53,84,10,8,41,41,33,8,8,18,30,19,15,8,8,13,24,12,8,8,15,10,6,6,10,Default,
240866,12,8,7,50,103,91,8,128,91,117,9,53,90,92,9,32,19,18,8,48,53,83,8,9,42,45,37,8,8,20,32,21,17,8,8,16,25,12,8,8,15,10,6,7,9,Default,
240882,12,8,6,49,106,94,8,128,89,117,9,53,92,95,9,32,19,18,8,46,54,83,9,8,41,45,37,8,8,18,31,20,16,8,8,14,25,13,7,8,16,9,6,6,10,Default,
240898,12,8,7,49,105,95,8,132,91,118,9,53,94,99,9,33,19,18,8,49,56,88,9,8,39,41,32,8,8,16,29,19,16,8,8,14,24,12,8,8,16,10,6,6,10,Default,
240914,13,9,6,49,96,87,9,135,85,111,9,53,97,98,9,32,20,19,8,53,65,98,9,9,44,53,38,8,8,20,30,20,16,8,8,13,24,12,8,8,14,11,6,6,10,Default,
240930,12,8,6,49,99,89,8,137,93,111,9,55,103,102,8,34,21,20,8,54,74,103,10,8,46,59,47,9,9,18,33,23,19,8,8,14,27,12,8,8,13,11,6,7,9,Default,
240946,12,8,6,49,100,87,9,146,97,115,9,58,102,104,9,41,25,25,8,54,66,96,10,8,51,69,53,8,9,18,35,29,24,8,8,11,29,13,8,8,13,11,6,6,9,Default,
240962,12,8,6,55,107,96,9,163,103,122,9,62,107,111,9,38,25,24,8,63,91,107,9,10,63,86,68,8,8,19,33,30,29,8,8,11,25,10,7,7,7,13,7,6,8,Default,
240978,13,8,6,57,114,99,9,166,110,132,9,62,108,111,9,43,26,25,9,61,87,106,9,8,61,86,67,9,10,17,37,31,29,8,8,12,24,11,7,7,8,13,6,6,7,Default,
240994,130,188,159,162,366,381,8,273,329,465,8,100,161,157,8,18,8,8,6,29,22,20,8,7,53,52,47,8,8,20,30,15,12,7,8,8,20,11,6,7,11,10,6,6,8,Default,
241010,925,990,996,1053,1562,1556,8,1094,1228,1369,9,266,314,313,9,24,16,15,8,29,23,20,8,8,53,49,46,9,9,20,22,14,13,7,7,8,16,9,7,7,8,11,6,6,8,Default,
241026,1623,1760,1801,1910,2561,2670,11,1837,1985,2149,9,418,476,489,9,45,39,38,9,94,85,85,9,8,95,87,87,9,8,21,24,16,15,8,8,9,20,12,7,7,13,10,6,6,8,Default,
241042,2009,2131,2179,2601,3286,3297,10,2612,2870,3089,12,830,961,983,9,107,103,103,10,109,100,103,11,8,132,123,124,9,10,22,70,61,61,9,9,16,24,11,7,8,12,10,7,6,8,Default,
241058,2010,2068,2093,2948,3297,3297,9,3144,3297,3295,12,1446,1681,1711,9,216,209,205,11,49,39,37,8,9,165,157,156,9,9,19,163,151,150,9,10,16,21,11,7,7,12,11,6,6,9,Default,
241074,1737,1771,1794,3134,3297,3298,9,3297,3296,3295,14,1809,2083,2120,12,688,725,721,12,292,303,291,10,9,512,530,518,12,9,31,350,327,323,10,9,30,24,12,7,8,12,25,7,8,16,Default,
241090,1529,1560,1573,3082,3296,3297,10,3296,3296,3297,12,1986,2320,2337,9,1075,1156,1145,9,1072,1145,1077,9,8,1192,1322,1319,9,9,66,619,577,563,9,9,68,74,68,9,9,45,44,8,9,34,Default,
241106,1392,1417,1439,3220,3296,3296,14,3297,3297,3297,12,2139,2458,2449,9,1365,1456,1453,9,1555,1648,1556,9,9,1693,1883,1894,9,8,177,1177,1123,1100,9,8,193,259,257,10,9,126,79,9,8,66,Default,
241122,1345,1359,1379,3281,3297,3298,10,3297,3297,3297,12,2205,2500,2487,9,1497,1602,1592,10,1761,1873,1776,10,8,1919,2127,2142,9,8,294,1612,1555,1538,9,9,327,462,471,12,8,227,91,9,9,82,Default,
241138,1300,1307,1330,3289,3297,3297,10,3296,3297,3296,12,2214,2512,2491,9,1562,1662,1657,11,1863,1969,1877,10,9,2067,2302,2317,9,9,381,1844,1800,1793,9,10,414,617,637,9,8,295,98,9,9,96,Default,
241154,1221,1229,1245,3251,3297,3297,10,3296,3297,3297,13,2187,2487,2479,9,1534,1645,1636,10,1870,1989,1898,8,8,2104,2362,2386,9,8,415,1923,1897,1895,10,8,451,702,729,10,9,324,111,8,9,105,Default,
241170,1052,1065,1082,3106,3297,3297,10,3296,3297,3297,12,2085,2392,2387,10,1490,1609,1600,9,1869,2006,1919,9,8,2101,2386,2431,9,8,493,2005,2004,2012,10,8,539,789,825,10,9,385,157,8,9,140,Default,
241186,801,810,820,2840,3297,3294,10,3284,3297,3297,12,1884,2188,2195,9,1395,1525,1516,9,1794,1967,1883,9,8,2035,2340,2425,9,9,629,2095,2126,2165,9,9,692,970,1036,9,8,509,258,9,8,235,Default,
241202,585,593,603,2456,3183,3294,12,2875,3292,3295,12,1646,1949,1960,9,1237,1370,1364,9,1637,1841,1756,8,10,1892,2212,2320,9,9,736,2112,2193,2253,9,9,813,1096,1201,9,8,609,360,9,9,334,Default,
241218,415,422,427,2039,2659,2745,8,2392,2704,2709,10,1423,1694,1719,9,1082,1201,1202,9,1417,1631,1538,9,8,1734,2047,2179,9,8,800,2045,2158,2246,9,8,910,1160,1296,9,8,688,439,9,9,409,Default,
241234,288,291,294,1643,2162,2259,9,1947,2217,2371,10,1192,1440,1489,8,944,1053,1068,8,1201,1414,1327,8,8,1591,1911,2092,9,9,844,1936,2078,2244,8,8,982,1184,1362,8,8,752,494,9,9,460,Default,
241250,198,199,203,1310,1703,1790,10,1632,1865,2102,10,973,1148,1207,8,839,942,966,10,1044,1232,1151,9,9,1465,1789,2006,9,8,859,1815,1992,2211,10,8,1019,1202,1429,9,9,797,536,9,9,498,Default,
241266,125,124,125,1053,1303,1406,8,1368,1533,1784,9,830,981,1035,7,760,855,877,8,938,1102,1035,9,8,1391,1728,1981,9,8,866,1737,1927,2212,8,8,1030,1207,1495,8,8,829,576,8,8,537,Default,
241282,78,74,76,877,1039,1123,8,1179,1306,1508,10,696,826,870,9,711,796,814,9,878,1048,968,9,8,1372,1722,1998,8,8,891,1716,1926,2263,9,8,1072,1256,1599,10,8,880,617,8,9,575,Default,
241298,45,42,43,737,838,909,10,1039,1135,1290,8,622,740,779,8,667,752,758,9,873,1060,961,9,9,1391,1766,2061,8,8,933,1741,1994,2382,9,9,1136,1352,1766,9,8,961,659,10,8,630,Default,
241314,31,29,28,626,697,749,8,932,1015,1173,9,581,688,712,9,651,732,731,9,866,1067,962,10,8,1438,1840,2160,9,8,991,1800,2081,2537,11,8,1239,1467,1948,9,8,1052,737,8,9,702,Default,
241330,25,21,21,477,552,579,8,845,932,1062,9,523,624,635,9,639,726,718,9,899,1116,999,9,8,1479,1957,2251,9,8,1068,1859,2246,2721,10,8,1362,1620,2147,11,8,1180,829,8,9,781,Default,
241346,13,8,6,418,470,487,8,749,819,907,10,476,553,562,9,661,745,735,9,983,1212,1086,8,9,1595,2113,2394,9,8,1164,1989,2414,2943,9,8,1516,1780,2381,9,9,1325,970,8,8,908,Default,
241362,12,8,6,372,409,418,9,671,729,787,9,445,511,510,8,708,802,783,9,1091,1290,1183,9,8,1732,2288,2566,10,8,1289,2143,2615,3192,10,8,1717,1960,2614,11,8,1517,1149,8,9,1080,Default,
241378,11,8,6,317,342,351,9,596,639,682,9,413,469,470,10,747,851,817,10,1185,1389,1304,9,8,1860,2470,2769,9,9,1441,2276,2837,3295,12,8,1940,2148,2864,9,8,1721,1361,8,9,1281,Default,
241394,12,7,7,265,279,285,11,476,501,527,10,368,407,409,8,746,845,804,9,1295,1500,1431,9,9,2010,2669,3026,8,8,1668,2428,3047,3297,11,8,2252,2354,3160,9,8,2036,1627,10,8,1612,Default,
241410,12,7,6,228,238,240,9,422,435,454,10,341,373,372,10,758,856,820,10,1341,1558,1488,9,8,2153,2878,3234,10,8,1898,2603,3267,3295,12,8,2599,2590,3296,11,8,2404,1926,8,8,1980,Default,
241426,13,7,6,207,215,217,9,398,400,415,10,299,317,316,9,707,796,758,10,1260,1436,1382,9,8,2227,2927,3295,10,8,2061,2698,3295,3296,12,8,2923,2755,3297,12,8,2768,2245,8,8,2403,Default,
241442,13,7,6,179,184,185,10,335,328,338,11,245,260,257,9,566,630,601,9,1098,1235,1185,9,9,2212,2925,3265,9,8,2157,2740,3297,3298,12,8,3209,2887,3295,12,8,3088,2580,9,8,2860,Default,
241458,14,8,7,165,168,169,10,257,248,252,10,193,201,198,10,410,448,428,9,973,1122,1055,10,8,2151,2807,3094,10,8,2170,2716,3295,3296,12,9,3297,2937,3296,16,9,3295,2906,9,8,3287,Default,
241474,12,7,6,147,150,150,9,206,197,198,9,155,160,157,10,280,294,283,9,820,978,911,8,7,2057,2654,2829,9,8,2066,2657,3296,3297,11,8,3294,3007,3297,8,8,3296,3158,8,8,3297,Default,
241490,14,7,6,130,132,132,9,168,161,161,11,142,145,142,10,160,161,161,9,572,719,653,8,9,1853,2332,2411,9,9,1851,2455,3295,3296,12,8,3298,2948,3297,12,8,3296,3298,11,9,3296,Default,
241506,12,6,6,107,106,108,9,126,120,120,9,145,152,151,8,80,77,74,9,442,532,505,8,8,1717,2049,2078,8,8,1669,2304,3208,3296,11,8,3297,2785,3297,9,8,3297,3295,9,9,3298,Default,
241522,15,7,6,115,117,116,9,121,116,116,10,134,138,136,10,68,64,62,9,347,403,398,11,8,1587,1867,1860,9,8,1555,2115,3030,3296,12,8,3296,2632,3299,15,8,3298,3296,9,8,3297,Default,
241538,16,7,7,115,116,116,9,125,123,125,10,81,78,79,10,19,13,12,8,237,271,265,9,9,1376,1723,1674,9,9,1461,1743,2639,3294,12,9,3297,2305,3296,12,8,3295,3296,8,8,3297,Default,
241554,15,8,6,113,116,118,9,106,103,107,10,53,48,49,8,26,20,20,8,237,279,277,9,8,1181,1571,1528,9,8,1280,1363,2297,2972,12,8,2627,1902,3290,10,8,3172,3013,8,9,3297,Default,
241570,17,7,6,109,113,113,9,107,107,113,10,43,39,38,8,31,24,24,8,259,322,312,9,8,1069,1466,1458,9,9,1206,1172,1956,2514,9,8,2226,1406,2437,11,8,2258,2516,8,8,3295,Default,
241586,15,7,7,95,100,101,10,106,108,117,10,37,30,29,8,35,28,28,8,232,315,305,9,10,850,1198,1215,9,8,978,927,1440,1867,9,8,1653,829,1266,8,8,1189,1779,9,7,2682,Default,
241602,16,8,7,91,95,99,9,99,98,111,10,19,12,11,7,22,16,15,8,207,298,273,9,8,612,866,845,8,8,638,677,946,1164,9,9,941,419,650,9,8,581,1109,8,9,1646,Default,
241618,15,8,7,73,81,83,9,79,83,100,11,16,8,7,6,26,20,20,8,142,236,204,10,9,336,484,380,9,9,310,361,478,478,9,9,454,208,274,9,9,248,495,8,9,682,Default,
241634,20,8,7,45,56,51,8,47,49,63,9,16,8,7,6,16,12,11,7,67,131,107,9,10,139,185,133,9,10,120,151,198,118,9,10,149,72,55,9,10,76,79,10,8,139,Default,
241650,12,8,6,43,97,82,8,84,74,99,9,34,60,42,9,16,10,6,6,25,43,33,8,8,45,51,58,8,8,39,46,62,84,10,9,34,37,25,8,8,27,16,7,7,8,Default,
241666,13,9,6,44,111,98,8,101,90,132,9,35,56,51,9,17,11,8,7,38,60,82,9,8,40,46,45,8,8,37,41,53,64,9,9,33,32,19,8,8,23,13,7,6,8,Default,
241682,12,9,7,41,97,83,9,103,86,113,9,37,61,58,9,16,11,7,6,39,56,93,9,9,33,36,31,8,8,31,32,38,43,8,8,20,27,13,7,8,12,12,6,6,9,Default,
241698,12,8,7,37,73,66,8,97,75,98,9,37,61,62,9,16,10,8,6,37,53,89,9,8,35,33,25,8,8,32,31,33,38,9,8,20,26,13,7,8,14,11,6,7,9,Default,
241714,11,8,6,38,80,73,9,91,78,103,9,38,63,66,9,15,10,7,6,37,51,86,8,8,32,33,24,8,9,30,28,29,31,8,8,16,24,12,6,6,13,10,7,6,8,Default,
241730,12,8,6,41,92,80,8,99,77,106,10,39,67,70,8,16,11,8,6,36,45,73,9,9,32,33,26,8,8,29,29,29,33,9,8,17,24,12,6,8,11,11,6,7,8,Default,
241746,12,8,6,45,103,88,9,108,80,120,8,41,68,72,10,19,12,11,6,41,49,75,9,8,33,33,26,8,8,24,30,28,29,8,8,16,22,10,6,7,9,10,6,6,7,Default,
241762,13,9,7,48,103,94,8,117,91,127,9,43,70,74,9,21,12,11,8,41,48,71,9,9,32,29,23,8,9,17,29,24,24,8,8,14,24,12,7,8,12,11,6,6,9,Default,
241778,13,8,6,47,107,95,9,120,89,126,9,45,75,80,8,18,11,8,6,40,50,74,9,9,29,28,23,8,8,20,27,22,20,8,8,12,24,12,8,8,12,10,6,6,8,Default,
241794,12,8,8,47,107,93,8,122,93,124,10,45,77,84,9,19,12,11,7,41,51,78,9,8,30,28,23,8,8,20,27,21,20,8,8,15,22,11,7,7,10,12,6,6,8,Default,
241810,13,8,6,50,108,95,8,127,96,128,9,48,82,87,9,25,14,14,8,45,51,80,9,8,32,29,22,8,8,16,29,19,16,8,8,14,23,13,7,7,12,11,6,6,9,Default,
241826,12,8,6,51,109,94,8,130,94,128,9,49,85,89,9,26,16,14,8,44,53,79,8,8,37,30,25,8,8,19,29,20,18,8,8,16,22,12,7,7,12,10,6,6,9,Default,
241842,12,8,7,51,110,95,9,132,96,132,10,51,89,91,9,27,16,15,8,45,51,76,9,8,37,33,27,8,8,18,30,20,16,8,8,16,23,12,7,7,12,12,6,7,9,Default,
241858,13,8,7,51,105,89,8,130,95,128,9,51,88,91,8,28,16,15,8,45,52,78,9,8,39,36,31,8,8,19,31,22,19,8,8,16,23,12,7,8,13,11,6,6,9,Default,
241874,12,8,6,51,106,91,8,135,95,127,9,54,91,99,9,31,19,18,8,47,52,77,9,10,43,45,37,9,8,18,33,22,20,8,8,16,25,12,8,7,13,10,5,7,9,Default,
241890,13,8,6,49,103,91,8,132,95,127,9,53,95,103,9,31,19,18,8,45,55,79,9,8,41,49,41,9,8,17,33,23,20,8,8,15,25,12,7,7,12,11,6,6,9,Default,
241906,13,8,6,48,100,87,9,135,95,123,9,54,97,104,9,32,20,18,8,47,58,79,9,8,40,49,40,9,9,18,32,23,20,8,8,13,27,12,7,8,12,11,6,7,9,Default,
241922,12,8,6,48,99,86,9,135,91,120,9,54,99,105,9,32,20,19,8,49,61,82,9,9,39,48,40,8,8,20,28,23,19,8,8,16,24,12,6,8,12,10,6,7,9,Default,
241938,12,8,6,45,90,79,8,132,91,116,10,54,99,106,9,32,20,18,8,49,64,91,9,8,38,47,37,8,8,16,32,23,17,8,8,16,24,12,7,8,14,10,6,6,9,Default,
241954,11,8,5,46,86,79,9,135,88,111,8,55,99,105,8,37,22,21,8,53,69,92,9,8,44,58,46,8,8,16,33,20,16,8,8,16,21,11,6,6,12,10,6,7,9,Default,
241970,12,8,6,44,82,75,8,135,89,109,9,58,100,107,9,39,22,20,8,53,70,94,8,10,45,61,46,8,8,19,33,25,23,8,8,15,25,12,7,7,11,11,6,6,8,Default,
241986,12,8,6,45,86,77,10,141,92,110,9,58,101,109,8,39,24,24,8,55,70,95,9,8,47,70,53,8,9,17,34,29,27,8,8,15,26,12,7,8,12,10,7,6,9,Default,
242002,13,8,7,51,90,80,9,154,99,115,9,62,103,111,9,44,27,25,9,61,89,104,10,8,63,87,69,9,9,19,37,29,29,8,8,16,28,11,7,8,12,13,6,7,9,Default,
242018,12,8,7,51,95,82,9,161,106,121,9,64,109,114,9,44,29,26,8,62,98,108,9,9,66,91,71,9,9,20,36,29,27,8,8,12,29,12,7,8,11,13,6,7,8,Default,
242034,104,130,112,155,314,315,8,283,292,416,9,107,169,152,10,30,20,19,8,34,26,21,8,8,81,78,70,9,9,19,33,14,12,7,8,8,21,11,7,8,11,11,6,7,8,Default,
242050,880,946,978,1047,1538,1546,8,1112,1246,1388,9,301,360,360,9,31,24,24,8,32,23,23,8,8,74,68,66,9,10,19,24,15,12,7,7,8,16,9,6,7,8,12,7,6,7,Default,
242066,1420,1729,1813,1981,2619,2744,10,1904,2083,2263,11,466,527,539,8,54,48,47,8,93,82,83,9,10,112,103,102,9,9,24,26,19,18,8,8,11,21,12,7,7,12,10,6,6,9,Default,
242082,2010,2149,2223,2623,3295,3297,9,2647,2926,3202,12,893,1034,1076,9,116,109,108,10,104,98,97,10,8,138,131,129,10,8,24,87,77,74,9,8,17,23,11,7,8,12,12,6,6,8,Default,
242098,2000,2062,2097,2984,3296,3297,10,3199,3296,3298,12,1472,1711,1754,12,223,217,213,13,49,30,35,7,7,169,164,161,11,7,15,172,157,157,12,10,16,24,12,6,8,13,13,5,7,11,Default,
242114,1654,1699,1725,3192,3295,3297,13,3296,3296,3297,12,1887,2188,2218,8,862,918,918,10,661,692,656,8,8,692,734,717,8,8,38,413,385,379,10,9,33,33,20,8,8,23,32,8,8,23,Default,
242130,1431,1461,1493,3289,3297,3297,10,3297,3297,3297,12,2047,2372,2376,9,1205,1301,1304,9,1369,1476,1413,10,8,1375,1530,1558,8,8,106,680,642,631,9,9,109,108,103,10,9,66,61,8,8,49,Default,
242146,1313,1334,1358,3296,3299,3296,11,3297,3297,3296,12,2155,2448,2438,10,1434,1542,1554,9,1807,1944,1877,11,9,1786,1977,2014,9,11,227,1199,1156,1138,9,10,243,307,309,11,10,161,109,9,10,90,Default,
242162,1281,1292,1315,3296,3297,3297,13,3297,3297,3297,13,2224,2454,2450,10,1560,1666,1670,9,2046,2139,2094,9,11,2008,2200,2236,10,10,347,1557,1519,1501,9,10,370,519,531,10,10,255,153,9,10,136,Default,
242178,1262,1262,1290,3297,3299,3297,10,3297,3297,3299,16,2197,2451,2453,9,1529,1648,1652,9,2045,2164,2132,10,9,2056,2287,2323,9,11,413,1679,1659,1648,9,9,432,605,623,10,10,305,193,9,9,178,Default,
242194,1181,1187,1210,3297,3297,3297,11,3296,3297,3297,10,2147,2418,2428,8,1479,1599,1609,9,1998,2130,2100,9,10,2058,2306,2355,9,11,447,1715,1713,1706,9,11,465,644,667,9,11,331,231,9,11,215,Default,
242210,998,1005,1024,3292,3297,3297,10,3296,3297,3296,13,2017,2303,2318,9,1430,1554,1566,9,1989,2147,2121,8,12,2047,2329,2399,10,10,551,1839,1861,1874,10,10,575,748,783,11,9,412,307,8,9,284,Default,
242226,772,779,799,3013,3297,3296,12,3286,3296,3298,11,1819,2115,2135,8,1339,1467,1479,8,1911,2091,2072,9,7,2008,2313,2404,8,8,647,1956,2009,2046,8,8,678,899,957,8,8,505,373,9,9,344,Default,
242242,596,597,610,2657,3266,3297,10,2943,3295,3297,12,1634,1915,1936,9,1214,1334,1351,9,1761,1952,1916,9,8,1910,2227,2331,9,9,712,1986,2063,2123,10,8,768,996,1077,9,8,574,438,9,8,402,Default,
242258,419,426,433,2219,2748,2846,11,2486,2810,2769,12,1412,1669,1703,9,1057,1176,1193,9,1532,1729,1672,9,8,1745,2068,2177,8,8,740,1931,2038,2115,9,8,822,1051,1165,9,9,617,482,10,8,440,Default,
242274,305,303,308,1810,2271,2348,8,2037,2334,2367,9,1197,1436,1477,9,906,1017,1042,9,1267,1454,1396,8,8,1566,1902,2039,9,8,750,1820,1943,2058,11,8,860,1057,1200,10,8,657,512,9,8,466,Default,
242290,223,225,227,1355,1782,1855,8,1679,1941,2118,9,1003,1218,1264,9,785,898,931,9,1082,1257,1217,8,8,1422,1790,1960,9,9,766,1707,1865,2036,9,8,902,1056,1240,9,8,694,538,8,9,487,Default,
242306,154,153,154,1099,1406,1471,8,1417,1657,1877,9,843,1023,1073,9,709,820,852,8,982,1151,1114,8,9,1355,1737,1946,9,8,792,1651,1842,2066,11,8,949,1098,1328,9,8,743,558,10,9,502,Default,
242322,100,99,99,938,1173,1243,8,1248,1444,1682,9,754,917,970,9,664,773,804,9,921,1108,1054,9,8,1338,1744,1979,9,9,835,1636,1864,2133,10,8,1018,1146,1422,9,8,808,574,8,9,525,Default,
242338,77,74,77,849,1028,1094,8,1155,1325,1548,9,697,854,892,9,640,746,775,9,914,1122,1059,10,8,1363,1786,2053,9,9,901,1672,1927,2260,9,9,1111,1212,1532,8,8,894,612,9,8,570,Default,
242354,54,53,54,787,927,988,8,1094,1251,1448,10,675,825,862,8,673,781,798,9,972,1183,1113,8,9,1437,1907,2178,9,9,967,1752,2048,2437,10,8,1189,1348,1722,9,8,968,650,10,9,622,Default,
242370,42,38,38,729,829,892,8,1048,1185,1362,9,668,800,833,8,708,804,816,10,1077,1309,1208,10,8,1565,2076,2337,9,9,1050,1894,2229,2642,11,8,1296,1504,1927,11,8,1076,719,9,8,696,Default,
242386,34,32,31,657,734,779,8,1002,1112,1267,10,643,761,778,9,772,866,860,9,1202,1445,1335,9,8,1741,2288,2533,10,8,1164,2075,2443,2895,10,8,1434,1710,2190,9,8,1230,801,8,8,797,Default,
242402,25,22,21,554,603,634,10,899,999,1123,10,592,688,694,10,835,928,906,10,1344,1592,1487,10,8,1904,2496,2741,10,8,1322,2255,2679,3191,10,8,1647,1937,2507,9,8,1452,992,9,8,974,Default,
242418,16,12,11,434,478,491,9,753,829,904,9,522,603,602,9,858,966,935,10,1431,1677,1598,9,8,2025,2682,2937,10,8,1527,2388,2936,3298,11,8,1944,2180,2834,9,8,1746,1239,8,8,1217,Default,
242434,10,7,6,329,351,359,9,602,645,688,9,415,464,464,8,862,974,942,8,1501,1736,1687,10,8,2147,2839,3128,10,8,1770,2545,3144,3298,11,8,2331,2403,3152,9,8,2120,1558,9,8,1606,Default,
242450,11,7,6,241,251,254,10,426,443,464,10,323,346,345,8,851,975,949,9,1500,1717,1676,9,9,2234,2929,3292,8,9,2030,2664,3286,3297,12,8,2746,2618,3297,12,8,2568,1916,10,8,2103,Default,
242466,12,7,6,205,212,215,10,379,386,402,10,277,297,294,8,733,837,800,9,1322,1488,1450,9,8,2280,2989,3297,11,8,2225,2726,3296,3297,10,8,3115,2780,3297,11,8,2960,2254,9,8,2565,Default,
242482,12,7,7,179,182,186,9,327,323,335,10,203,212,209,9,535,602,583,9,1095,1231,1182,9,8,2212,2854,3237,9,8,2271,2714,3296,3296,12,8,3296,2858,3297,12,9,3286,2575,8,8,3042,Default,
242498,14,7,7,162,165,165,9,246,240,244,10,165,170,169,10,375,406,394,10,896,1057,982,9,8,2132,2732,3013,10,8,2218,2662,3296,3297,12,8,3298,2909,3297,12,8,3297,2909,8,8,3296,Default,
242514,16,6,7,140,142,144,9,207,198,200,10,125,128,124,9,223,228,226,10,665,835,758,9,8,1944,2462,2635,10,8,2016,2512,3296,3295,12,9,3297,2881,3297,12,8,3297,3162,10,9,3297,Default,
242530,16,7,7,122,122,122,9,161,153,153,11,132,135,133,11,136,136,136,11,509,640,593,9,8,1757,2126,2231,9,9,1790,2319,3192,3297,12,8,3296,2750,3297,12,8,3296,3296,10,8,3297,Default,
242546,14,7,7,111,109,109,9,123,116,116,11,139,144,143,9,92,88,90,9,369,439,427,8,9,1568,1859,1911,10,8,1617,2063,3005,3297,12,9,3297,2583,3297,12,8,3297,3296,8,9,3296,Default,
242562,17,8,6,116,120,121,9,132,126,127,10,120,126,124,10,74,70,71,9,287,331,335,10,9,1343,1649,1637,9,9,1453,1734,2508,3295,11,8,3297,2280,3298,12,8,3297,3296,9,8,3297,Default,
242578,15,8,6,113,116,119,9,124,122,124,10,71,70,68,9,23,17,17,8,217,255,252,10,8,1071,1396,1396,9,9,1293,1297,2143,3159,10,9,3296,1864,3295,11,9,3297,3094,8,8,3297,Default,
242594,14,7,7,105,110,111,10,119,118,124,10,47,42,41,8,29,25,24,8,231,283,277,10,9,967,1251,1295,8,8,1153,1095,1737,2578,11,8,2548,1368,2676,9,8,3081,2580,11,8,3296,Default,
242610,17,8,7,97,104,106,9,105,107,116,10,37,32,32,8,35,29,28,8,226,315,309,11,8,788,1102,1149,9,9,1005,880,1365,2047,9,9,2050,951,1645,9,8,1814,1960,9,9,3258,Default,
242626,16,8,6,83,87,89,91,99,99,110,103,33,27,25,25,22,12,11,11,207,294,277,240,10,609,816,899,750,9,744,691,1006,1472,1471,9,1395,544,891,912,9,877,1306,1307,9,2179,Default,
242642,16,8,6,77,82,85,88,85,87,105,91,14,8,7,6,23,18,18,17,151,241,214,167,12,367,517,467,356,10,372,421,554,650,641,9,596,265,387,355,10,349,626,553,9,883,Default,
242658,19,8,7,54,65,63,73,55,62,80,57,13,8,7,6,16,12,11,9,80,155,134,85,9,164,219,173,121,10,153,183,257,196,257,10,230,120,123,112,10,130,150,137,10,240,Default,
242674,12,8,6,42,77,68,66,59,63,85,49,32,56,37,29,14,9,7,6,33,59,54,37,8,63,82,106,55,9,61,58,78,60,94,9,65,33,18,16,8,29,12,8,7,8,Default,
242690,12,9,7,45,107,98,87,98,80,132,65,33,46,45,31,14,10,7,6,35,49,68,39,10,40,43,48,33,9,38,40,51,62,96,10,35,36,25,23,8,29,13,8,6,8,Default,
242706,12,8,7,41,97,90,74,92,78,122,58,33,58,58,34,15,11,8,8,37,53,83,41,8,35,37,35,24,8,33,35,44,55,78,9,28,26,13,10,7,15,11,7,7,8,Default,
242722,11,8,7,36,76,72,64,88,70,102,53,35,58,62,33,14,9,8,6,35,49,87,38,9,33,33,29,20,9,33,33,37,46,62,10,22,24,12,9,6,8,11,7,6,8,Default,
242738,12,8,5,37,73,73,65,85,70,103,54,37,61,67,34,14,10,7,6,33,45,78,33,9,33,33,29,20,8,32,29,32,38,43,10,19,22,12,9,6,8,11,7,6,8,Default,
242754,12,8,6,38,82,77,70,92,77,110,58,39,62,68,36,17,11,9,8,36,44,73,32,8,35,33,30,20,8,31,32,32,37,36,9,17,25,13,9,6,12,11,7,6,8,Default,
242770,12,8,6,41,83,79,80,101,78,111,59,41,66,72,38,16,10,8,8,37,42,70,32,9,36,37,33,23,9,30,33,33,38,34,9,17,24,12,9,7,11,10,6,6,8,Default,
242786,12,8,7,45,92,89,87,106,78,112,61,41,66,71,40,15,10,8,6,34,45,67,33,10,32,33,29,20,9,29,31,29,30,32,9,16,22,11,8,7,8,10,7,6,8,Default,
242802,12,8,7,45,93,91,88,113,84,120,62,42,68,74,39,18,11,9,8,40,45,72,34,9,36,35,32,22,8,26,31,26,27,29,8,14,24,13,10,7,12,12,7,6,8,Default,
242818,12,8,6,46,95,92,86,115,87,121,63,44,71,75,40,22,13,12,11,41,47,74,34,8,37,36,31,22,8,25,31,27,29,27,9,16,24,12,9,7,11,11,7,6,9,Default,
242834,12,8,7,48,95,91,85,116,87,114,62,45,70,75,39,22,14,12,12,41,48,75,34,9,38,37,33,24,11,24,32,26,28,25,8,16,25,12,9,7,11,10,6,6,9,Default,
242850,12,8,7,48,97,91,81,119,87,116,63,45,71,79,40,23,15,13,12,43,49,78,34,9,37,37,33,23,8,19,32,27,26,23,9,16,25,12,9,8,12,10,7,6,8,Default,
242866,12,8,6,46,99,91,81,119,88,116,62,47,78,83,40,26,15,14,13,44,50,78,34,8,37,37,33,23,9,18,30,23,22,16,8,14,24,12,9,7,12,11,7,6,8,Default,
242882,12,8,6,46,97,88,77,120,83,113,61,48,82,84,40,25,16,15,12,45,49,78,35,9,37,38,34,24,10,19,29,22,20,15,8,17,23,12,9,8,12,10,7,6,9,Default,
242898,12,8,7,47,101,87,72,124,86,109,59,50,85,87,41,26,17,16,13,45,49,77,33,8,35,37,33,22,8,18,31,23,20,14,8,17,23,12,8,8,12,10,6,7,8,Default,
242914,12,8,7,46,95,85,66,120,86,111,58,45,86,88,39,28,17,16,14,43,48,73,31,8,35,36,32,20,9,18,29,21,20,13,8,17,22,12,8,7,13,8,6,6,9,Default,
242930,12,8,7,45,94,84,64,124,86,111,58,50,87,88,40,28,17,16,14,44,48,73,31,9,33,37,33,20,9,16,28,19,16,11,8,14,22,12,8,8,13,8,6,6,10,Default,
242946,11,8,6,43,84,80,60,119,76,107,58,49,87,88,37,28,18,16,14,44,49,74,30,8,35,41,35,22,8,17,29,19,15,11,8,15,20,12,8,8,12,8,7,6,9,Default,
242962,12,8,6,41,78,75,53,116,79,102,57,48,88,91,37,27,17,16,14,42,48,76,30,9,33,40,33,20,9,19,27,20,16,12,8,16,21,12,9,7,13,9,6,6,10,Default,
242978,12,8,6,39,71,72,46,111,72,99,54,49,85,91,36,29,18,16,13,44,49,81,30,9,37,45,38,22,9,20,29,20,17,13,8,16,21,12,10,7,12,10,6,6,9,Default,
242994,12,8,6,37,68,70,41,118,73,96,53,49,87,94,34,31,19,18,15,44,49,78,29,9,37,49,41,23,9,19,30,21,18,14,8,16,23,12,9,6,12,10,6,6,8,Default,
243010,10,8,6,39,70,70,40,119,79,99,48,51,97,98,33,35,21,20,16,49,66,93,33,9,42,64,49,25,10,18,33,27,25,17,9,19,24,12,9,7,12,11,7,6,8,Default,
243026,11,8,6,41,75,71,44,127,83,105,53,55,95,101,38,44,26,26,20,52,70,91,34,9,51,75,58,31,10,20,37,29,28,21,9,20,26,12,10,8,12,11,6,6,10,Default,
243042,12,8,7,45,78,75,47,139,92,113,56,57,99,104,39,45,28,26,23,58,85,99,37,9,61,87,71,37,10,20,39,30,30,24,8,17,27,12,10,8,11,11,7,6,9,Default,
243058,11,8,6,45,81,78,49,143,94,114,56,57,99,107,39,40,25,24,20,54,82,99,37,8,49,76,58,30,9,20,35,29,27,21,9,15,29,13,10,8,12,11,7,6,9,Default,
243074,82,103,90,126,251,265,201,252,214,327,122,98,161,145,80,35,23,23,19,35,29,25,21,9,62,66,58,44,10,22,34,14,12,10,8,8,20,9,8,7,8,12,7,6,7,Default,
243090,676,776,802,896,1297,1310,1143,972,1058,1223,920,268,322,319,254,27,20,18,17,35,27,26,24,8,55,53,51,50,9,18,27,18,16,15,8,8,16,8,8,6,5,10,6,6,5,Default,
243106,1421,1560,1630,1612,2310,2404,2070,1620,1799,1965,1708,381,432,444,376,45,38,37,38,67,58,58,56,8,95,91,88,87,9,22,23,13,12,12,7,8,19,12,9,7,12,11,6,6,9,Default,
243122,1933,2085,2137,2353,3188,3289,2972,2503,2786,3024,2610,796,926,949,796,107,103,100,98,82,64,67,60,8,135,128,127,124,14,24,70,65,65,63,12,16,20,9,9,6,12,14,5,7,8,Default,
243138,2056,2087,2129,2922,3296,3297,3297,3227,3296,3297,3289,1443,1663,1696,1515,235,228,223,224,43,33,32,30,8,181,175,173,170,12,18,184,169,169,166,11,15,22,11,9,7,12,12,7,6,9,Default,
243154,1782,1802,1823,3295,3296,3297,3297,3295,3296,3297,3296,1948,2216,2226,2020,955,988,965,893,699,718,671,634,8,926,987,949,845,10,37,621,583,568,549,9,37,54,45,41,8,33,36,29,8,20,Default,
243170,1604,1616,1641,3295,3296,3297,3297,3296,3297,3296,3297,2106,2378,2350,2135,1280,1324,1289,1145,1337,1408,1300,1134,11,1571,1712,1725,1451,10,124,1256,1194,1147,1045,9,130,199,197,191,11,88,49,44,8,40,Default,
243186,1484,1482,1502,3296,3299,3296,3295,3297,3298,3297,3297,2184,2444,2399,2189,1448,1509,1473,1280,1701,1779,1645,1413,9,1931,2141,2117,1794,11,239,1826,1781,1735,1558,9,264,485,495,483,10,191,65,58,9,58,Default,
243202,1369,1362,1381,3293,3297,3297,3296,3297,3297,3297,3296,2187,2429,2383,2177,1526,1580,1542,1340,1881,1945,1820,1546,10,2141,2364,2351,2004,11,306,2196,2171,2140,1911,12,345,746,782,753,10,269,78,73,9,73,Default,
243218,1282,1265,1283,3296,3297,3294,3297,3297,3297,3296,3295,2177,2415,2370,2164,1546,1606,1569,1355,1955,2018,1911,1605,10,2246,2475,2467,2112,10,368,2408,2405,2390,2125,10,415,928,982,941,10,327,114,107,9,99,Default,
243234,1119,1104,1123,3285,3297,3297,3296,3297,3298,3297,3297,2119,2362,2319,2115,1535,1606,1571,1355,2016,2095,1989,1660,10,2350,2599,2603,2237,12,465,2583,2616,2628,2322,12,530,1106,1189,1134,12,417,157,149,12,132,Default,
243250,797,795,806,3042,3297,3295,3294,3295,3297,3297,3297,1964,2195,2160,1968,1490,1575,1531,1319,2045,2139,2026,1674,11,2391,2680,2690,2317,11,594,2734,2817,2868,2505,11,671,1317,1432,1361,10,538,223,214,12,189,Default,
243266,499,496,503,2726,3160,3233,2790,3092,3295,3295,3134,1710,1914,1882,1708,1434,1508,1464,1252,2025,2113,1992,1626,9,2402,2703,2718,2338,9,737,2873,2972,3085,2655,11,851,1580,1757,1663,10,696,361,341,10,286,Default,
243282,302,298,302,2063,2311,2348,2140,2387,2454,2537,2492,1427,1584,1573,1416,1370,1423,1382,1170,1948,2029,1890,1519,8,2346,2643,2684,2277,9,840,2859,2972,3154,2682,10,991,1749,2002,1882,10,828,487,457,10,382,Default,
243298,156,155,155,1371,1542,1560,1490,1795,1851,1961,1941,1099,1210,1207,1071,1272,1310,1260,1053,1820,1899,1717,1359,8,2234,2559,2610,2150,11,854,2750,2910,3143,2615,11,1032,1808,2126,1969,9,886,593,551,10,454,Default,
243314,55,51,52,938,1015,1030,1028,1327,1335,1421,1444,831,894,891,790,1123,1135,1077,907,1664,1736,1488,1202,9,2110,2437,2474,2010,11,839,2632,2789,3070,2539,11,1044,1818,2199,2033,10,912,679,621,10,511,Default,
243330,23,20,20,668,697,721,732,989,979,1043,1033,639,684,682,593,978,985,920,783,1519,1587,1350,1093,8,2015,2334,2364,1877,11,828,2537,2677,3025,2474,10,1061,1809,2253,2064,10,928,733,667,9,543,Default,
243346,12,8,7,452,490,510,526,729,720,757,736,493,533,527,465,899,897,844,725,1300,1464,1224,1001,8,1913,2277,2280,1803,9,856,2422,2643,3021,2461,10,1119,1844,2328,2135,9,993,771,704,9,589,Default,
243362,12,7,7,357,382,391,402,535,538,557,539,414,450,446,398,758,758,701,626,1214,1395,1178,981,9,1857,2240,2208,1810,11,878,2382,2657,3042,2533,10,1162,1894,2414,2225,10,1044,817,749,9,634,Default,
243378,12,8,6,299,316,323,330,436,442,452,443,369,406,403,362,679,679,620,568,1133,1323,1130,951,8,1824,2213,2188,1802,9,936,2361,2723,3113,2612,11,1289,1957,2520,2334,10,1152,888,820,10,715,Default,
243394,11,8,6,277,294,298,303,352,358,366,362,331,358,353,323,638,655,596,562,1035,1214,1073,907,8,1789,2195,2193,1802,9,974,2361,2749,3201,2719,11,1375,2018,2640,2460,9,1253,976,914,10,802,Default,
243410,12,7,7,249,264,266,269,305,308,314,311,293,315,312,290,581,592,547,532,924,1089,978,839,9,1774,2170,2209,1821,9,1015,2369,2777,3284,2825,11,1460,2083,2754,2599,9,1352,1067,1004,9,881,Default,
243426,12,7,6,230,241,244,248,281,285,291,290,264,283,279,260,526,537,497,492,903,1035,953,818,8,1781,2177,2227,1811,8,1053,2400,2838,3296,2906,9,1548,2170,2872,2715,9,1447,1170,1114,8,966,Default,
243442,12,7,6,225,234,235,238,307,306,315,315,244,256,252,240,472,484,451,451,914,1050,983,841,8,1786,2171,2241,1799,9,1096,2439,2872,3297,2983,11,1653,2237,2983,2831,11,1556,1310,1272,9,1097,Default,
243458,11,8,7,211,219,221,224,297,293,301,302,230,238,236,225,408,415,390,392,892,1048,958,827,9,1790,2172,2267,1802,9,1155,2465,2936,3296,3068,11,1791,2313,3104,2947,11,1695,1459,1421,9,1268,Default,
243474,12,7,7,190,198,200,203,272,264,273,273,217,224,220,211,370,383,361,364,903,1084,990,858,8,1823,2230,2334,1861,11,1256,2508,3020,3296,3207,11,1991,2411,3269,3102,11,1915,1688,1643,11,1539,Default,
243490,12,7,6,180,184,185,187,249,240,246,244,180,186,182,177,316,328,312,319,889,1104,986,865,9,1843,2300,2377,1915,10,1378,2544,3117,3294,3297,14,2255,2524,3296,3296,11,2199,1960,1911,9,1875,Default,
243506,12,7,6,163,166,168,170,222,212,215,218,170,174,170,167,284,288,277,284,870,1101,978,865,9,1919,2381,2425,1977,11,1495,2607,3225,3298,3296,12,2527,2643,3296,3295,12,2481,2255,2250,10,2238,Default,
243522,13,7,6,142,142,143,145,193,181,184,185,148,149,145,143,243,243,236,240,857,1079,968,858,8,1949,2390,2420,1991,9,1579,2645,3292,3294,3296,13,2775,2736,3297,3297,13,2758,2546,2553,12,2609,Default,
243538,15,8,6,122,120,122,124,169,160,161,162,136,136,133,131,163,159,157,158,784,998,881,796,8,1949,2371,2375,1959,9,1648,2636,3296,3296,3297,13,3071,2807,3297,3296,13,3115,2828,2843,10,3032,Default,
243554,16,7,6,104,103,103,103,141,132,134,135,116,116,114,111,97,92,92,93,677,851,761,704,11,1938,2333,2315,1947,9,1704,2599,3296,3296,3297,13,3294,2836,3297,12,9,3297,3074,11,8,3295,Default,
243570,16,8,7,95,94,94,9,128,123,124,10,112,112,111,9,52,45,45,10,530,653,590,9,8,1893,2246,2226,10,8,1717,2496,3295,3296,12,8,3297,2810,3297,12,8,3296,3295,8,8,3297,Default,
243586,14,7,7,87,86,86,9,119,113,116,10,98,99,99,10,31,26,25,8,412,489,454,9,8,1824,2105,2107,9,8,1689,2393,3176,3295,12,9,3297,2715,3296,12,8,3297,3297,10,9,3297,Default,
243602,16,7,7,99,99,100,10,106,101,101,9,91,92,91,10,16,9,8,6,319,372,352,9,10,1697,1977,1941,8,8,1625,2205,3005,3297,12,8,3295,2625,3297,12,8,3296,3297,12,8,3296,Default,
243618,12,7,7,100,99,100,9,111,107,109,10,73,73,73,9,18,12,12,7,256,292,283,9,9,1544,1863,1805,9,8,1552,1939,2824,3296,12,9,3296,2441,3296,12,8,3299,3296,9,9,3299,Default,
243634,13,7,6,97,99,99,9,111,109,112,10,53,51,51,9,12,8,6,6,243,286,278,9,8,1330,1703,1658,8,8,1390,1533,2464,3296,10,9,3256,2077,3296,9,9,3299,3296,12,8,3297,Default,
243650,16,8,6,102,103,105,8,108,107,111,10,45,40,38,9,20,12,11,7,243,292,288,10,9,1182,1591,1558,9,8,1288,1281,2150,2865,10,8,2459,1642,2921,9,8,2767,2864,8,8,3296,Default,
243666,14,7,6,93,94,95,10,102,100,104,9,36,34,34,8,32,27,27,8,245,303,298,10,8,1056,1460,1434,9,8,1164,1115,1802,2366,9,8,2049,1190,1977,8,8,1807,2369,10,8,3236,Default,
243682,15,7,7,78,78,79,9,95,92,99,10,33,29,27,8,27,22,21,8,212,270,266,10,8,829,1162,1166,9,9,864,852,1310,1777,9,8,1435,663,999,10,8,916,1649,9,8,2155,Default,
243698,17,8,7,70,74,75,9,90,95,107,10,18,8,7,6,22,16,16,8,169,252,243,9,10,553,780,742,9,10,548,571,831,1020,9,10,798,353,504,9,9,451,961,8,9,1236,Default,
243714,18,8,7,58,61,64,8,66,66,84,9,16,9,7,6,25,19,20,8,120,213,185,11,11,252,348,317,10,10,247,290,274,381,9,10,361,149,212,9,10,199,387,8,10,499,Default,
243730,16,8,6,45,64,56,8,45,46,69,9,16,9,6,6,15,8,7,6,49,98,79,8,9,107,156,129,9,11,95,107,153,86,9,10,119,49,32,8,8,51,43,8,9,74,Default,
243746,12,9,7,45,116,104,9,88,80,123,9,29,41,38,8,20,20,19,8,26,41,33,8,9,41,58,62,8,9,43,41,58,66,9,10,37,36,24,8,8,28,14,7,6,8,Default,
243762,12,8,7,43,103,96,9,98,81,124,9,30,44,41,8,17,14,13,8,29,45,44,8,9,36,39,40,8,8,38,38,48,61,8,8,32,30,20,8,8,24,14,7,7,8,Default,
243778,12,8,7,38,85,79,8,92,69,95,9,29,37,41,8,16,11,9,7,27,38,43,8,8,32,37,34,8,8,38,33,41,51,9,8,24,30,16,8,8,20,12,6,7,9,Default,
243794,12,9,7,37,74,75,9,83,65,91,9,32,47,51,9,16,12,10,6,30,41,51,8,9,31,32,26,8,8,36,29,33,41,9,8,20,25,15,7,8,16,12,6,7,9,Default,
243810,12,8,6,38,79,82,9,88,66,95,9,35,55,59,8,16,10,8,7,29,40,53,9,8,33,34,26,8,8,34,30,30,34,8,8,19,25,13,7,8,14,11,6,6,10,Default,
243826,12,8,6,40,90,87,9,95,72,101,9,37,62,65,9,17,12,9,7,33,45,57,9,8,33,33,26,8,8,32,27,27,27,8,8,16,25,13,7,8,14,11,6,7,8,Default,
243842,12,8,7,43,97,95,9,103,78,113,9,40,64,72,9,16,12,9,7,33,41,57,9,10,32,30,24,8,8,28,27,26,27,8,8,13,24,12,7,8,12,12,6,6,9,Default,
243858,12,8,6,45,99,99,8,109,80,118,9,41,68,72,9,17,12,11,7,35,41,58,9,8,30,28,22,8,8,25,25,22,20,8,8,13,23,12,7,8,12,11,6,7,9,Default,
243874,12,8,6,45,99,98,9,109,80,120,9,41,69,74,8,19,14,12,8,37,42,60,9,8,29,29,23,8,8,26,24,20,18,8,8,11,21,11,6,8,12,9,6,6,8,Default,
243890,12,8,7,45,99,99,8,111,77,119,9,42,69,73,8,18,12,10,7,37,45,65,9,9,31,29,25,8,8,28,24,21,19,8,8,16,21,12,7,7,11,11,6,6,9,Default,
243906,12,8,6,46,100,99,8,116,74,116,8,41,69,74,8,17,11,9,7,37,44,68,9,8,29,25,23,8,8,17,25,20,18,8,8,13,22,12,6,7,11,9,6,7,8,Default,
243922,12,8,6,48,101,101,8,121,85,124,9,44,75,79,9,20,12,10,7,40,48,72,10,8,33,29,25,8,8,17,26,18,14,8,8,12,22,11,7,7,11,11,4,6,8,Default,
243938,12,8,6,52,106,103,9,127,83,127,9,49,83,85,9,27,16,16,8,45,49,74,9,9,36,32,28,8,8,16,29,18,16,8,8,13,21,10,7,8,11,11,6,6,9,Default,
243954,13,8,6,51,104,99,8,124,87,124,10,51,90,91,9,30,19,18,8,45,52,74,9,8,38,42,32,8,8,14,32,20,17,8,8,13,25,12,7,6,12,11,6,6,9,Default,
243970,12,8,7,49,99,95,8,128,87,119,9,51,93,93,9,32,20,18,8,45,52,72,10,9,41,48,40,9,8,14,33,23,19,8,8,14,26,12,8,8,13,11,6,7,9,Default,
243986,12,8,6,47,95,88,8,131,87,111,10,53,96,91,10,30,19,17,8,46,58,75,9,9,43,52,43,8,8,17,33,22,17,8,8,13,25,12,7,8,13,10,6,6,9,Default,
244002,12,8,6,45,86,79,8,129,85,107,9,51,98,94,9,32,20,18,8,45,58,74,9,8,41,52,41,8,8,15,32,22,18,8,8,14,26,12,7,8,14,10,6,6,10,Default,
244018,14,8,6,45,83,80,9,134,87,107,8,53,99,96,9,33,20,18,8,48,61,77,9,8,43,51,41,8,8,16,32,23,19,8,8,14,28,12,7,7,12,10,6,6,9,Default,
244034,14,9,7,45,79,78,8,132,86,99,8,53,99,95,9,33,20,17,8,48,61,78,8,9,41,49,39,8,8,16,31,21,16,8,8,12,24,12,8,7,12,11,6,7,10,Default,
244050,13,8,6,43,78,74,8,131,78,93,9,53,99,95,9,33,20,20,8,48,62,81,9,7,41,53,41,8,8,16,29,20,16,8,8,12,24,12,8,8,15,10,6,6,10,Default,
244066,15,8,6,41,75,71,8,130,78,96,9,51,99,96,9,30,19,17,8,47,62,82,9,8,41,53,41,8,9,16,30,21,16,8,8,13,25,12,7,8,16,14,7,8,11,Default,
244082,16,8,7,45,78,74,10,136,83,99,9,54,96,96,9,36,24,22,8,53,70,91,9,9,45,59,46,8,8,18,29,21,17,8,8,14,26,12,6,8,12,16,7,8,12,Default,
244098,18,9,7,48,84,78,8,145,90,107,9,58,103,102,9,41,25,24,8,56,88,99,9,8,57,74,57,9,9,17,36,25,22,8,8,13,29,12,7,6,12,18,7,8,11,Default,
244114,15,8,7,49,87,83,9,145,88,107,9,56,103,103,8,40,27,25,8,58,87,100,9,8,53,76,60,9,8,19,35,27,25,8,8,16,25,12,7,7,12,12,7,7,9,Default,
244130,24,20,18,99,212,204,9,202,171,265,9,79,141,136,9,22,12,11,7,26,23,20,8,8,64,66,56,8,8,24,33,15,12,8,8,10,24,11,7,8,13,11,6,6,9,Default,
244146,648,730,722,894,1234,1196,8,953,1025,1178,8,251,304,299,8,23,16,16,8,33,25,23,8,7,54,51,49,8,8,19,26,17,16,7,8,10,16,9,6,6,8,12,7,6,6,Default,
244162,1413,1542,1592,1601,2278,2354,8,1640,1798,1947,9,375,425,431,9,42,34,33,8,60,53,54,9,8,94,87,85,9,10,24,24,16,14,7,8,9,21,12,8,8,12,11,7,7,9,Default,
244178,1925,2065,2107,2504,3185,3294,8,2528,2778,3002,11,739,885,903,9,91,86,85,10,79,69,67,8,8,134,124,124,9,9,24,75,66,66,8,9,16,24,12,7,8,12,10,5,5,9,Default,
244194,2043,2081,2122,2928,3295,3296,9,3186,3295,3297,12,1449,1676,1711,8,193,188,185,11,35,25,24,8,8,179,174,170,9,9,13,221,209,206,11,9,15,21,11,7,7,12,11,6,6,10,Default,
244210,1800,1827,1865,3254,3296,3297,10,3297,3297,3297,12,1877,2178,2200,9,845,893,887,9,609,634,596,10,8,712,750,725,9,9,37,431,401,396,9,9,37,29,16,8,8,18,29,8,9,21,Default,
244226,1544,1579,1607,3295,3297,3297,13,3296,3297,3298,15,1998,2300,2303,8,1126,1190,1179,9,1231,1304,1212,8,8,1279,1402,1401,8,8,95,775,734,712,9,9,94,102,93,9,9,66,45,8,8,38,Default,
244242,1435,1440,1467,3297,3297,3295,9,3296,3296,3297,12,2124,2400,2381,9,1336,1405,1397,9,1625,1701,1608,8,9,1705,1869,1874,9,10,176,1210,1150,1124,9,9,192,255,257,9,9,128,57,8,8,52,Default,
244258,1391,1392,1417,3295,3297,3297,10,3298,3297,3298,12,2190,2470,2445,9,1490,1574,1550,11,1901,1989,1882,9,12,1946,2150,2152,9,13,274,1619,1565,1538,9,12,306,456,463,10,14,207,72,9,9,65,Default,
244274,1379,1373,1398,3295,3297,3297,12,3297,3296,3297,12,2204,2484,2466,9,1532,1628,1605,9,2004,2103,1989,9,16,2071,2309,2322,9,14,326,1806,1760,1742,8,14,367,567,578,9,14,256,80,9,10,71,Default,
244290,1312,1305,1330,3294,3296,3297,10,3297,3297,3298,12,2180,2474,2453,9,1528,1626,1606,9,2002,2119,2003,9,16,2089,2348,2370,9,20,341,1844,1819,1802,9,16,382,611,629,9,16,273,84,9,11,76,Default,
244306,1153,1150,1171,3185,3297,3297,10,3296,3296,3298,12,2094,2386,2367,10,1493,1599,1579,9,1989,2124,2001,9,15,2083,2360,2401,9,15,388,1902,1889,1878,10,14,441,679,705,11,13,309,119,9,12,105,Default,
244322,850,848,861,2903,3298,3297,12,3297,3296,3295,13,1908,2191,2180,10,1402,1516,1491,9,1931,2094,1970,8,8,2055,2345,2412,10,8,476,2025,2035,2034,10,8,541,806,848,10,9,387,172,9,9,145,Default,
244338,613,614,625,2562,3238,3295,11,3009,3297,3295,12,1688,1950,1940,9,1292,1395,1368,9,1801,1980,1849,11,8,1998,2325,2399,9,9,537,2097,2137,2144,9,9,613,965,1036,9,8,453,245,9,10,198,Default,
244354,432,431,437,2089,2584,2620,9,2506,2690,2685,10,1451,1683,1679,8,1178,1264,1239,8,1616,1800,1648,8,8,1883,2206,2289,9,8,583,2097,2143,2165,9,9,680,1050,1154,10,8,511,318,9,9,250,Default,
244370,284,284,286,1696,2063,2092,10,2039,2163,2280,9,1227,1413,1421,8,1085,1155,1135,10,1478,1659,1488,9,8,1779,2095,2209,8,9,607,2057,2118,2176,9,8,727,1092,1232,10,8,550,368,10,8,286,Default,
244386,188,188,190,1351,1625,1655,10,1712,1817,1998,9,1016,1152,1169,9,995,1051,1040,9,1384,1571,1384,9,8,1692,2027,2175,9,8,633,2015,2110,2207,9,8,766,1145,1331,8,8,588,412,9,8,327,Default,
244402,122,120,120,1085,1269,1292,8,1414,1503,1666,9,840,941,966,8,925,974,960,8,1322,1507,1311,9,8,1649,1993,2181,9,8,700,1989,2120,2275,9,8,861,1211,1445,9,8,666,478,9,8,397,Default,
244418,60,58,58,881,986,1029,10,1214,1261,1404,8,705,788,808,8,831,877,866,9,1244,1420,1235,9,10,1637,1989,2208,8,9,762,1979,2133,2354,9,8,937,1287,1583,10,8,746,525,10,8,447,Default,
244434,37,33,33,729,803,835,8,1053,1099,1219,8,617,702,719,8,768,804,795,9,1163,1352,1173,9,8,1637,2023,2259,10,8,838,1985,2191,2460,9,8,1035,1389,1748,11,8,845,588,8,10,507,Default,
244450,25,24,21,640,685,726,8,916,955,1062,9,572,649,658,9,737,783,767,9,1177,1356,1193,9,8,1675,2086,2331,10,8,905,2043,2279,2603,9,8,1130,1502,1920,9,8,945,654,8,9,575,Default,
244466,21,18,17,586,634,656,9,832,870,942,9,513,580,583,9,746,794,777,10,1230,1417,1246,8,8,1755,2206,2444,9,8,999,2129,2425,2783,11,8,1264,1644,2100,9,8,1063,734,8,8,662,Default,
244482,14,8,7,472,527,545,8,742,775,833,9,489,555,557,9,800,865,837,10,1297,1490,1330,9,8,1839,2352,2591,10,8,1113,2222,2582,2983,10,8,1413,1795,2307,11,8,1210,835,8,8,778,Default,
244498,13,7,7,432,476,486,8,679,720,762,9,464,527,528,9,837,916,883,9,1376,1587,1452,8,8,1953,2515,2755,9,9,1254,2348,2769,3236,10,8,1614,1981,2558,9,8,1394,971,8,9,912,Default,
244514,12,8,6,395,428,439,8,625,663,696,9,456,508,506,9,874,959,921,8,1488,1693,1575,8,8,2106,2703,2959,10,8,1417,2497,3017,3297,12,9,1839,2193,2846,9,9,1633,1148,8,8,1086,Default,
244530,12,7,6,318,334,342,9,545,570,603,9,424,469,468,9,886,979,942,9,1584,1790,1674,9,8,2215,2849,3130,12,8,1611,2626,3150,3296,12,8,2126,2369,3109,12,8,1902,1358,8,9,1303,Default,
244546,12,8,6,244,252,258,9,430,443,464,10,369,397,395,9,912,1023,978,9,1634,1847,1739,9,8,2308,2989,3286,11,8,1828,2749,3295,3296,12,9,2442,2564,3297,11,8,2230,1644,8,9,1683,Default,
244562,13,7,6,208,215,218,10,377,378,392,10,322,342,341,10,864,965,914,10,1638,1828,1741,9,9,2417,3109,3296,12,9,2068,2872,3296,3297,12,8,2835,2761,3299,12,8,2627,1975,9,8,2093,Default,
244578,11,7,6,190,196,196,9,327,322,329,10,276,287,285,10,754,834,791,8,1474,1605,1541,9,8,2454,3154,3297,11,8,2246,2941,3297,3296,12,8,3163,2880,3297,12,8,2984,2279,8,8,2505,Default,
244594,11,7,6,171,175,177,8,268,261,265,10,217,227,223,8,585,639,613,9,1193,1294,1230,9,8,2385,3024,3295,10,8,2285,2914,3296,3297,10,8,3297,2922,3297,10,8,3287,2613,9,8,2980,Default,
244610,12,7,6,153,155,157,8,228,216,219,10,182,186,182,10,408,439,426,9,927,1036,969,8,9,2255,2880,3135,9,8,2244,2827,3297,3297,12,8,3296,2994,3297,12,9,3297,2906,8,8,3296,Default,
244626,15,7,6,138,140,140,10,194,186,189,9,136,145,145,9,267,277,272,9,703,818,745,9,8,2093,2606,2737,9,8,2035,2697,3297,3296,11,8,3296,2963,3297,11,8,3296,3100,8,8,3297,Default,
244642,14,8,7,109,109,109,9,150,141,143,10,150,155,153,10,139,141,140,10,492,592,543,11,8,1870,2288,2325,9,8,1808,2502,3295,3296,12,8,3297,2881,3297,12,7,3296,3292,9,8,3296,Default,
244658,16,7,6,117,119,118,9,117,111,111,10,145,149,147,10,78,76,77,10,380,439,426,9,9,1732,2039,2047,9,8,1662,2334,3278,3296,12,9,3297,2772,3297,12,8,3297,3295,8,8,3297,Default,
244674,14,7,6,115,117,117,9,119,114,115,10,111,112,110,9,16,8,7,6,241,273,262,10,8,1571,1869,1823,8,8,1545,2085,2969,3296,12,9,3296,2529,3297,12,8,3297,3295,10,8,3297,Default,
244690,13,7,7,111,113,113,9,111,108,109,10,80,78,79,9,20,12,12,8,216,248,240,10,9,1327,1691,1636,9,9,1424,1633,2580,3295,12,8,3295,2193,3296,11,8,3297,3183,8,8,3296,Default,
244706,16,7,6,102,104,106,9,109,105,107,9,53,50,51,10,24,18,17,8,227,269,261,9,10,1134,1508,1467,8,9,1248,1260,2126,2787,11,8,2503,1711,2990,10,8,2940,2732,11,8,3297,Default,
244722,15,8,6,105,110,111,9,106,107,111,10,41,37,37,8,35,29,28,9,245,306,298,10,9,1002,1380,1372,9,9,1132,1090,1735,2322,9,9,2088,1206,2076,9,8,1934,2226,8,8,3296,Default,
244738,15,7,7,98,99,102,9,104,104,115,9,34,29,29,8,35,29,29,8,229,301,287,10,9,796,1052,1094,8,8,857,844,1277,1707,9,8,1518,674,1019,10,8,991,1513,8,8,2412,Default,
244754,16,8,7,86,90,94,10,98,100,117,10,20,11,10,7,25,20,19,8,172,259,235,9,10,523,748,694,8,9,534,570,785,953,9,8,804,339,494,9,9,450,869,9,9,1298,Default,
244770,20,8,6,68,72,76,9,78,81,103,10,16,8,7,6,27,22,23,8,122,202,178,9,8,285,381,311,9,9,252,318,306,391,9,8,370,161,219,9,9,202,373,9,8,522,Default,
244786,16,8,7,43,58,53,8,48,51,75,9,15,9,7,6,14,8,7,6,51,87,85,10,9,111,153,129,9,9,99,117,170,101,9,9,123,56,40,8,9,62,51,8,9,84,Default,
244802,12,9,7,45,119,103,8,93,85,124,9,34,52,45,9,16,11,7,6,25,44,34,8,8,39,52,48,8,9,35,41,59,70,9,9,30,40,26,8,8,33,14,7,6,8,Default,
244818,13,8,7,47,114,101,8,107,91,131,9,37,63,59,9,15,10,7,6,35,51,66,9,8,39,45,42,8,8,33,41,51,65,8,9,25,29,15,8,8,15,11,6,7,9,Default,
244834,12,8,7,41,96,88,8,103,79,106,9,39,66,67,8,15,10,8,7,35,48,71,9,7,33,33,27,8,9,31,34,42,48,8,8,23,28,15,7,8,16,10,6,6,8,Default,
244850,12,8,6,38,77,75,9,96,77,99,9,39,62,69,9,16,10,7,6,35,49,74,8,10,35,33,26,8,8,30,32,34,40,8,8,19,27,14,8,8,14,11,6,6,9,Default,
244866,10,8,7,38,79,72,9,96,78,103,8,38,65,72,9,14,9,7,6,33,44,69,9,8,33,33,24,8,8,29,29,27,25,8,8,15,24,12,6,8,13,10,6,7,10,Default,
244882,12,8,7,43,93,90,9,103,80,113,9,42,69,74,9,19,11,8,6,37,46,65,8,8,34,35,29,8,8,27,31,30,33,8,8,16,25,12,7,8,12,12,7,7,9,Default,
244898,12,8,6,46,97,96,9,109,78,118,9,42,68,77,8,20,12,10,7,39,45,63,9,9,33,33,29,8,8,23,29,29,30,8,8,14,25,12,7,7,8,12,6,6,8,Default,
244914,12,8,6,47,103,102,8,115,85,122,9,42,70,78,9,19,11,8,6,38,46,68,9,8,33,33,29,8,8,25,29,25,24,8,8,15,24,12,8,8,11,12,6,6,8,Default,
244930,12,8,7,48,107,100,9,116,87,122,9,43,72,82,9,18,10,8,6,38,48,70,9,8,33,33,29,8,8,24,29,24,24,8,7,16,22,12,6,8,11,11,7,6,8,Default,
244946,12,8,6,49,104,103,8,120,85,120,9,46,74,83,9,23,13,12,8,41,48,70,8,9,35,33,27,8,8,24,30,24,25,8,8,12,24,12,7,8,9,12,6,7,8,Default,
244962,11,8,6,50,107,103,8,120,87,120,9,46,77,86,9,24,16,13,8,42,48,70,9,8,33,33,27,8,8,20,29,24,23,8,8,15,25,12,7,7,12,12,6,6,9,Default,
244978,12,8,6,51,109,106,8,122,90,125,9,48,82,87,9,25,14,13,8,42,48,68,9,8,33,31,24,8,9,16,29,21,21,8,8,14,24,12,7,7,11,12,6,6,9,Default,
244994,12,8,7,51,109,104,8,126,91,121,10,49,87,91,9,25,16,14,8,43,49,69,8,9,34,32,26,8,8,16,29,20,20,8,8,15,23,11,6,8,12,11,6,6,9,Default,
245010,12,8,6,51,108,103,8,132,91,123,9,51,91,93,9,29,16,15,8,44,52,74,9,9,37,41,36,9,8,19,30,21,19,8,8,15,24,12,7,7,12,12,6,7,9,Default,
245026,12,8,7,51,108,99,8,134,93,124,10,53,93,95,9,30,17,16,8,45,51,73,9,8,40,45,39,8,8,19,31,22,20,8,8,16,24,12,7,8,13,10,4,6,9,Default,
245042,13,8,6,52,109,103,9,132,88,124,9,53,96,99,10,30,18,17,8,45,49,69,9,9,41,46,40,8,8,20,30,24,22,8,8,18,24,12,7,7,12,10,6,6,9,Default,
245058,13,8,7,50,103,98,8,135,92,121,9,53,97,100,9,32,18,16,8,45,53,72,9,8,38,47,40,8,8,20,32,24,20,8,8,16,25,12,7,7,13,10,6,6,9,Default,
245074,12,8,6,49,100,94,9,133,87,118,8,52,97,97,8,30,18,16,8,47,56,78,9,8,38,48,41,8,8,20,30,22,19,8,8,16,23,12,6,8,13,8,6,6,8,Default,
245090,12,8,6,47,91,90,9,128,82,111,9,52,95,99,8,31,18,17,8,48,57,78,9,9,39,49,41,8,9,20,29,18,14,8,8,12,23,12,7,7,14,11,7,6,9,Default,
245106,12,8,6,47,84,84,8,132,86,109,9,53,96,98,8,32,20,19,8,48,57,78,9,8,44,58,45,8,8,19,30,19,15,7,7,10,24,12,6,8,13,9,6,6,8,Default,
245122,13,8,7,45,80,80,9,132,84,106,9,55,99,101,9,37,22,21,8,49,62,82,9,8,45,62,48,8,8,19,32,23,20,8,8,12,25,12,7,8,12,11,6,6,8,Default,
245138,11,8,7,45,81,79,8,140,90,105,9,58,99,105,9,42,26,24,8,50,65,85,9,9,48,66,53,9,9,22,33,30,29,8,8,19,25,12,7,8,12,12,6,7,8,Default,
245154,13,8,7,47,85,81,8,145,91,110,9,58,100,107,9,40,26,24,8,53,77,90,9,9,58,80,65,8,8,21,39,32,30,8,8,17,28,12,7,8,12,11,6,6,8,Default,
245170,12,8,6,49,91,87,8,149,99,116,9,59,103,110,9,41,26,25,8,56,83,95,9,8,54,79,62,8,9,22,39,33,31,8,8,19,25,12,7,7,11,11,6,6,8,Default,
245186,38,39,36,107,228,216,8,219,189,289,9,87,145,138,10,29,16,16,8,29,26,22,8,8,70,70,61,9,9,22,36,19,17,8,8,12,24,11,7,8,12,11,6,6,9,Default,
245202,526,644,650,480,1106,1083,8,707,949,1118,9,219,294,293,9,29,19,18,8,35,28,25,8,8,67,63,59,9,9,23,29,18,16,8,8,13,16,9,7,7,10,10,6,6,8,Default,
245218,1301,1418,1491,1482,2146,2267,8,1542,1712,1892,10,377,437,449,9,39,32,31,8,37,28,26,8,8,87,80,78,9,9,23,27,19,17,8,8,11,20,12,7,8,13,10,6,6,9,Default,
245234,1806,1926,1979,2320,3022,3161,11,2362,2625,2857,9,700,810,838,8,91,86,85,9,58,45,44,8,8,130,122,121,10,10,25,65,59,56,9,9,16,25,12,7,8,13,11,6,6,9,Default,
245250,1878,1983,2019,2650,3296,3296,10,2899,3233,3295,12,1303,1553,1591,9,178,173,169,10,34,23,22,8,8,165,157,155,10,9,15,145,132,134,10,9,14,23,11,7,8,12,12,6,6,9,Default,
245266,1716,1775,1809,2785,3297,3295,10,3227,3297,3296,12,1644,2010,2044,9,706,781,782,9,387,419,396,9,8,538,563,544,9,9,40,372,349,344,9,11,37,25,14,8,8,16,29,7,9,24,Default,
245282,1517,1558,1577,2993,3296,3296,13,3296,3297,3295,13,1878,2195,2226,9,1061,1146,1138,9,1028,1100,1039,8,9,1122,1236,1228,9,9,85,630,605,592,10,8,79,85,78,9,9,56,37,8,8,33,Default,
245298,1339,1361,1376,3080,3297,3296,10,3296,3296,3296,12,1978,2263,2267,9,1293,1363,1349,10,1507,1616,1521,8,8,1596,1774,1783,9,8,145,1076,1021,998,9,9,154,199,199,9,9,103,38,8,9,34,Default,
245314,1269,1284,1305,3171,3297,3297,12,3295,3296,3296,12,2088,2376,2375,8,1492,1583,1571,8,1829,1933,1847,8,7,1907,2105,2127,8,8,245,1524,1473,1455,8,8,270,420,431,8,8,186,56,9,9,54,Default,
245330,1226,1239,1260,3183,3297,3294,9,3296,3297,3295,12,2156,2445,2450,9,1612,1712,1702,9,2049,2159,2074,9,9,2108,2338,2368,10,8,320,1820,1792,1782,10,9,356,594,613,10,9,256,74,8,9,73,Default,
245346,1165,1174,1198,3189,3297,3297,12,3295,3295,3296,11,2151,2438,2446,8,1649,1759,1751,9,2120,2245,2165,9,8,2202,2448,2483,9,9,371,1947,1935,1932,9,8,414,689,717,9,8,297,91,8,9,87,Default,
245362,1015,1019,1040,3044,3296,3297,9,3297,3297,3299,15,2072,2371,2387,9,1631,1757,1746,9,2134,2287,2211,11,8,2222,2504,2545,9,9,430,2049,2062,2073,9,8,476,787,831,9,8,352,101,9,10,99,Default,
245378,789,795,808,2772,3298,3298,12,3225,3295,3297,11,1919,2199,2236,11,1560,1697,1685,12,2106,2289,2219,12,8,2209,2522,2595,8,8,549,2158,2203,2250,9,8,603,945,1015,10,8,448,179,11,8,172,Default,
245394,553,567,576,2395,3034,3195,8,2816,3187,3297,12,1686,1961,2018,9,1439,1587,1580,11,1970,2201,2144,10,8,2101,2470,2574,9,9,675,2209,2303,2394,10,8,748,1114,1224,10,8,572,280,8,10,257,Default,
245410,403,410,417,1528,2239,2338,9,2175,2504,2661,10,1384,1670,1737,9,1250,1409,1409,10,1708,2020,1955,10,8,1875,2346,2474,9,8,775,2084,2285,2421,10,8,871,1200,1351,9,8,667,384,8,9,351,Default,
245426,265,269,275,1241,1774,1848,10,1799,2095,2321,9,1166,1397,1467,9,1106,1246,1253,9,1505,1814,1736,9,9,1747,2227,2390,8,8,833,2018,2258,2446,10,8,957,1250,1446,9,8,738,476,9,8,425,Default,
245442,164,166,166,992,1346,1405,9,1500,1716,1906,9,960,1144,1189,9,981,1103,1107,10,1369,1654,1550,9,8,1648,2118,2298,9,9,870,1951,2194,2422,9,8,1018,1293,1537,9,8,818,536,9,10,486,Default,
245458,85,83,83,798,1029,1069,8,1239,1389,1569,9,774,914,956,9,866,982,994,9,1218,1484,1373,10,8,1558,2018,2235,9,8,909,1865,2117,2413,10,8,1082,1308,1607,10,8,883,580,7,9,541,Default,
245474,59,55,55,639,782,830,8,1007,1111,1250,9,638,756,790,9,752,850,871,9,1057,1296,1213,8,9,1475,1938,2197,10,8,952,1781,2039,2419,9,8,1171,1346,1726,9,9,982,643,8,8,607,Default,
245490,34,31,30,550,662,696,8,891,972,1106,9,552,660,683,9,665,759,779,9,989,1223,1148,9,8,1448,1922,2212,9,8,1017,1754,2053,2487,10,9,1285,1417,1861,10,8,1089,704,8,9,684,Default,
245506,24,20,19,480,563,591,9,772,846,955,9,495,594,607,9,617,714,724,8,920,1164,1077,9,8,1434,1956,2250,9,9,1106,1752,2111,2591,10,8,1420,1506,2008,9,8,1222,791,8,9,793,Default,
245522,16,12,12,418,479,498,9,664,733,816,9,431,520,523,9,579,679,687,9,921,1162,1082,10,9,1471,2030,2334,10,8,1200,1796,2217,2739,11,8,1573,1622,2187,9,8,1379,903,8,8,916,Default,
245538,14,8,6,373,418,429,8,588,648,702,9,402,476,478,9,581,681,689,9,944,1177,1098,8,8,1545,2128,2442,9,8,1309,1870,2339,2902,10,8,1744,1757,2388,11,8,1554,1040,8,8,1066,Default,
245554,12,6,6,302,332,344,9,515,555,596,8,381,446,446,10,581,696,700,9,960,1176,1115,8,6,1622,2253,2562,9,8,1475,1966,2473,3092,9,8,2013,1916,2624,8,8,1807,1236,8,8,1306,Default,
245570,13,7,6,247,261,270,10,426,444,474,9,344,389,389,8,626,746,753,10,1007,1214,1171,10,8,1732,2395,2729,8,8,1674,2093,2640,3295,11,8,2321,2086,2898,10,8,2116,1520,10,8,1687,Default,
245586,12,7,6,219,231,235,10,414,423,447,9,293,319,322,8,642,771,758,9,1019,1214,1173,9,7,1831,2540,2907,10,8,1919,2213,2817,3295,11,8,2698,2293,3211,10,8,2528,1807,8,8,2111,Default,
245602,12,8,6,194,202,203,9,374,374,393,11,257,280,278,10,570,679,662,9,932,1095,1060,8,8,1887,2634,3000,10,8,2077,2299,3004,3296,12,8,3038,2474,3296,12,8,2896,2106,8,8,2535,Default,
245618,12,8,7,181,186,189,8,324,318,328,10,213,228,222,10,476,552,536,9,816,977,939,8,8,1883,2579,2969,9,8,2175,2336,3088,3297,12,8,3292,2582,3297,11,8,3251,2418,8,9,3007,Default,
245634,14,8,7,161,165,165,9,270,261,267,10,173,182,177,9,357,396,389,9,650,800,742,9,8,1821,2423,2790,9,9,2130,2297,3076,3297,12,9,3297,2619,3297,12,8,3297,2698,9,9,3295,Default,
245650,16,7,7,149,151,153,9,206,195,199,10,144,151,149,10,254,271,267,10,514,651,590,9,8,1735,2257,2499,10,8,1998,2243,3055,3297,12,9,3297,2638,3297,11,8,3298,2961,8,8,3296,Default,
245666,13,7,6,128,130,130,8,174,164,167,10,119,123,119,9,149,149,151,10,439,551,504,9,10,1552,1936,2096,9,8,1730,2089,2915,3296,12,8,3297,2557,3297,12,8,3297,3155,8,8,3297,Default,
245682,13,7,6,112,113,112,9,142,136,136,10,132,138,135,10,112,111,113,9,380,464,441,9,8,1436,1718,1824,8,8,1549,1944,2796,3296,12,9,3298,2449,3297,12,8,3298,3295,9,9,3297,Default,
245698,16,7,6,109,109,109,9,120,111,115,9,128,134,132,9,79,75,77,10,290,339,336,9,8,1308,1533,1633,9,8,1446,1710,2495,3295,12,8,3296,2216,3296,12,8,3298,3295,9,8,3298,Default,
245714,16,8,6,114,117,118,10,112,107,109,9,97,99,98,9,19,14,13,8,207,237,237,10,9,1049,1289,1368,8,9,1246,1327,2151,3294,14,8,3295,1915,3298,11,8,3298,3169,11,8,3297,Default,
245730,16,7,7,104,109,110,9,107,103,107,9,64,64,64,9,19,13,12,8,165,190,190,10,9,874,1125,1164,8,8,1111,1061,1820,2840,9,9,3296,1615,3146,10,8,3296,2906,8,8,3297,Default,
245746,14,7,6,103,104,107,9,103,100,107,10,46,43,42,8,30,23,23,8,196,234,236,9,8,798,1027,1065,8,8,994,937,1484,2267,9,8,2511,1203,2398,9,8,3219,2383,8,8,3297,Default,
245762,16,8,7,88,96,99,10,100,103,115,10,40,33,32,8,32,26,25,8,197,277,280,10,10,658,874,937,8,9,850,755,1173,1809,9,8,2035,818,1445,8,8,1794,1779,10,8,3295,Default,
245778,13,8,6,87,93,97,9,99,97,111,9,30,23,22,8,26,20,18,8,198,275,271,10,9,525,754,784,9,9,670,618,821,1370,9,9,1384,471,811,9,8,851,1243,8,8,2279,Default,
245794,16,8,7,74,79,85,9,87,87,109,9,12,8,7,6,23,19,20,8,141,219,206,9,8,333,408,410,9,8,339,385,478,618,10,8,591,235,356,8,9,342,598,9,8,968,Default,
245810,18,8,7,51,61,60,8,54,58,75,10,16,8,6,6,20,15,15,7,77,138,136,9,10,151,176,162,9,9,140,168,179,174,8,8,211,99,116,9,9,121,144,8,8,241,Default,
245826,14,9,7,43,85,74,8,62,70,95,9,32,57,40,8,15,10,6,6,32,55,51,9,8,47,62,78,9,9,54,56,79,62,8,8,58,33,18,7,8,29,15,7,8,12,Default,
245842,12,9,7,48,117,112,8,103,91,141,9,37,62,56,9,16,10,7,6,33,45,57,8,8,38,41,41,8,8,36,38,47,54,9,8,28,33,20,8,8,25,14,6,7,8,Default,
245858,13,8,7,45,107,99,9,105,84,130,9,38,66,65,8,16,11,8,6,39,53,80,9,9,33,31,28,8,8,29,34,41,45,8,8,18,26,11,7,7,9,11,6,6,8,Default,
245874,12,8,7,41,91,84,8,101,77,110,9,37,62,65,9,17,10,9,7,38,51,91,9,9,32,28,22,8,8,28,33,37,41,8,8,24,25,12,7,7,11,11,6,6,8,Default,
245890,12,8,7,40,93,83,9,97,79,111,10,38,62,69,10,17,9,8,8,38,49,94,9,9,32,29,26,8,8,32,30,30,33,9,9,23,24,15,8,8,16,12,6,7,10,Default,
245906,12,8,6,46,104,102,9,104,86,128,10,41,66,72,8,20,12,11,7,42,51,83,9,9,32,28,22,8,8,28,29,25,27,8,8,15,24,12,6,8,11,11,6,6,8,Default,
245922,12,8,7,48,109,103,8,109,91,141,9,43,69,78,9,21,12,11,7,44,52,83,9,8,33,28,21,8,8,26,28,28,28,8,8,16,24,12,7,7,10,12,7,6,8,Default,
245938,12,8,7,53,111,106,9,111,97,147,9,45,71,78,9,25,14,12,8,45,52,80,10,8,33,27,23,8,8,25,28,25,25,8,8,20,21,11,7,7,8,14,7,7,11,Default,
245954,13,8,6,53,116,108,8,113,96,148,10,45,73,79,9,25,14,12,8,44,52,78,8,9,33,29,24,8,8,27,29,23,21,8,9,20,20,11,6,7,9,15,7,8,12,Default,
245970,12,8,7,51,113,109,8,117,96,141,9,45,72,78,8,24,14,12,8,45,51,78,8,8,37,30,25,8,8,23,29,23,21,8,8,19,24,10,7,7,9,12,6,7,8,Default,
245986,12,8,6,50,113,109,8,119,94,135,9,45,71,80,8,20,11,10,7,43,50,80,10,8,38,33,27,8,9,20,30,22,20,8,8,19,20,9,6,6,8,12,7,6,7,Default,
246002,12,8,6,51,113,103,8,122,89,126,10,45,71,78,10,20,11,9,7,44,51,81,8,8,37,33,29,8,8,22,30,23,22,8,8,17,20,10,6,7,8,12,5,7,7,Default,
246018,12,8,7,52,115,105,9,120,91,130,10,45,71,79,9,25,15,13,8,46,51,79,8,9,38,35,29,8,8,20,30,24,22,8,8,17,23,11,7,8,10,12,6,6,8,Default,
246034,12,8,6,52,114,104,9,121,91,132,9,46,72,80,8,26,15,14,8,46,51,79,9,8,36,33,29,8,8,20,29,19,16,8,8,15,21,10,7,7,12,9,6,6,8,Default,
246050,12,8,6,51,111,101,9,126,88,129,9,47,74,82,9,26,16,14,7,47,51,79,9,9,36,33,29,8,8,22,25,18,16,8,8,16,21,10,7,8,12,11,6,6,9,Default,
246066,12,8,6,51,111,101,9,125,90,124,9,47,76,83,8,25,15,15,8,46,51,77,8,8,32,29,24,8,8,20,25,17,12,7,8,15,20,10,6,7,12,9,6,6,8,Default,
246082,12,8,6,51,107,99,8,128,91,122,9,49,80,85,9,29,16,16,8,45,52,78,9,8,33,29,24,8,8,20,25,17,12,8,8,17,20,11,7,7,14,9,6,6,10,Default,
246098,13,8,7,49,92,90,8,126,84,116,9,49,80,87,9,29,17,16,8,46,51,79,8,9,33,30,24,8,8,14,28,19,12,8,8,15,20,11,7,7,12,10,5,6,10,Default,
246114,12,8,7,45,77,80,8,129,80,111,8,49,82,87,9,30,17,16,8,47,53,84,10,8,35,31,25,7,8,16,27,17,12,8,8,16,20,12,7,7,13,9,6,6,10,Default,
246130,12,8,6,42,70,75,8,128,74,106,9,50,83,90,8,32,19,19,8,46,51,85,9,8,40,41,33,8,8,18,29,17,13,7,8,14,22,12,7,8,16,9,6,6,10,Default,
246146,12,8,7,41,69,74,9,124,74,103,9,51,86,91,8,33,20,20,8,48,55,89,8,9,41,45,39,8,8,19,30,19,15,8,8,13,23,12,7,7,14,9,6,6,10,Default,
246162,12,8,6,41,74,74,8,131,81,103,8,52,93,95,9,34,20,19,8,51,69,93,8,9,43,57,45,8,8,17,34,24,21,8,8,16,25,12,7,8,14,10,6,6,8,Default,
246178,12,8,7,45,77,79,8,140,87,109,9,55,98,99,9,45,27,27,8,52,71,95,9,9,45,65,49,8,8,19,36,31,30,8,8,19,27,12,7,8,14,11,6,7,9,Default,
246194,13,8,6,46,81,83,9,138,88,113,9,56,100,100,9,45,30,29,8,57,77,100,9,9,52,79,62,8,9,21,34,32,32,8,8,17,28,13,7,8,13,12,7,7,9,Default,
246210,12,8,6,45,81,82,9,139,94,114,9,55,99,100,9,44,29,29,8,54,78,100,10,8,49,77,61,9,9,20,36,33,33,8,8,14,32,13,7,8,14,11,6,6,9,Default,
246226,14,8,7,78,178,162,8,186,145,230,9,70,120,123,9,22,12,12,7,24,20,16,8,8,41,43,34,8,8,20,34,20,17,8,8,10,27,11,7,8,11,11,7,6,8,Default,
246242,500,567,522,421,905,852,9,659,802,948,8,204,270,259,10,28,22,20,8,32,22,20,8,8,42,38,37,8,8,16,26,19,17,8,8,10,19,10,6,7,8,11,7,6,8,Default,
246258,1055,1240,1298,877,1856,1947,8,1227,1512,1652,10,332,411,419,10,44,38,37,9,32,24,23,8,8,76,70,69,9,9,20,22,14,11,7,8,8,20,11,7,8,12,11,6,6,9,Default,
246274,1554,1792,1851,1351,2733,2844,9,1877,2424,2615,9,602,740,760,8,100,94,93,9,62,53,51,8,7,120,113,112,9,9,19,42,34,33,8,8,12,19,10,6,7,11,9,6,6,8,Default,
246290,1741,1905,1953,2783,3297,3296,9,2976,3136,3295,12,1333,1558,1588,9,217,211,206,10,41,30,29,8,8,153,147,145,9,9,14,116,106,106,10,9,13,22,12,8,8,12,11,6,6,10,Default,
246306,1645,1657,1682,3031,3297,3296,11,3295,3298,3297,12,1775,2035,2032,8,917,957,954,9,591,614,571,9,8,673,708,685,11,8,31,422,389,382,9,9,32,28,19,7,8,16,26,8,8,15,Default,
246322,1404,1435,1463,3259,3297,3297,10,3297,3297,3298,12,1949,2233,2214,9,1273,1351,1335,9,1270,1354,1265,10,8,1339,1475,1475,8,8,90,811,756,730,10,9,90,99,93,9,8,66,41,8,9,34,Default,
246338,1239,1248,1279,3115,3296,3297,13,3297,3297,3297,13,1986,2266,2257,10,1455,1546,1546,9,1661,1780,1696,8,8,1695,1878,1894,9,9,192,1326,1260,1224,11,8,208,300,302,11,9,140,74,8,8,69,Default,
246354,1218,1217,1240,3221,3297,3295,10,3296,3297,3297,12,2093,2357,2316,9,1589,1689,1676,9,1883,2000,1910,9,9,1920,2135,2117,9,10,281,1699,1642,1599,11,10,311,478,486,9,9,218,91,8,9,92,Default,
246370,1224,1221,1248,3279,3297,3297,10,3297,3296,3298,12,2155,2425,2392,9,1682,1790,1775,8,2058,2176,2089,9,11,2061,2304,2288,9,12,331,1882,1848,1811,9,10,365,630,649,9,12,270,88,9,9,91,Default,
246386,1190,1177,1204,3270,3296,3297,14,3295,3297,3296,12,2166,2439,2418,9,1709,1828,1815,9,2122,2260,2182,9,12,2135,2401,2401,8,12,383,1979,1969,1948,8,11,427,723,749,11,12,315,107,10,10,116,Default,
246402,1089,1077,1098,3174,3297,3297,10,3296,3297,3297,12,2129,2408,2394,9,1699,1826,1815,10,2138,2292,2221,9,11,2151,2439,2455,10,11,468,2062,2077,2071,9,12,522,795,829,9,12,376,126,9,11,145,Default,
246418,899,890,908,2966,3297,3297,10,3296,3297,3297,12,2002,2296,2291,9,1645,1786,1775,9,2084,2271,2205,9,8,2125,2432,2479,10,8,547,2137,2183,2202,9,8,609,903,953,10,8,443,154,9,9,186,Default,
246434,676,678,688,2649,3297,3296,9,3094,3296,3296,12,1786,2060,2066,9,1512,1649,1643,10,1923,2144,2078,9,8,2017,2338,2401,11,8,620,2150,2228,2264,9,9,692,1019,1094,8,8,515,183,9,9,217,Default,
246450,493,500,506,1737,2715,2754,9,2495,2920,3051,10,1471,1793,1806,9,1311,1477,1475,9,1629,1911,1832,9,8,1774,2179,2243,9,8,659,2010,2194,2242,9,8,754,1077,1173,9,8,564,214,9,10,254,Default,
246466,368,368,372,1401,2063,2106,8,2064,2268,2466,10,1252,1493,1523,9,1155,1292,1297,10,1410,1670,1581,9,8,1648,1990,2084,9,8,695,1927,2105,2197,9,8,810,1091,1222,9,8,610,233,10,10,274,Default,
246482,265,268,271,1127,1616,1625,9,1658,1836,2046,9,1037,1235,1268,9,1012,1149,1156,9,1227,1488,1392,8,8,1512,1869,1996,10,8,743,1831,2046,2180,9,8,893,1117,1283,9,8,667,276,9,8,317,Default,
246498,175,175,175,909,1248,1259,8,1332,1467,1617,9,882,1046,1077,9,912,1038,1046,9,1140,1392,1298,9,8,1413,1791,1951,9,9,782,1762,1996,2189,9,8,945,1160,1375,9,8,723,330,8,9,376,Default,
246514,100,98,99,751,983,997,8,1098,1197,1310,9,729,860,891,8,831,954,967,8,1065,1305,1218,10,7,1378,1767,1968,8,8,850,1728,1988,2253,8,8,1050,1220,1507,8,8,815,432,9,9,468,Default,
246530,59,54,54,623,772,800,9,919,992,1092,8,604,716,742,8,763,875,888,9,984,1220,1140,9,9,1361,1778,2025,9,8,932,1694,1998,2354,9,8,1164,1318,1694,9,9,939,534,10,8,578,Default,
246546,42,38,40,540,651,677,8,798,866,949,8,539,653,667,8,701,805,819,8,938,1190,1093,8,8,1370,1828,2086,8,8,1007,1712,2079,2472,8,8,1274,1429,1859,8,8,1052,606,8,8,669,Default,
246562,27,23,22,480,563,584,8,696,751,819,9,497,595,605,9,678,785,788,9,927,1187,1089,9,8,1421,1903,2192,9,9,1106,1774,2170,2636,10,8,1415,1538,2049,9,8,1200,696,8,10,763,Default,
246578,19,16,16,425,481,501,11,598,639,684,10,443,521,526,8,671,779,777,10,937,1203,1103,8,9,1496,2014,2315,8,8,1206,1859,2301,2815,12,9,1577,1675,2248,9,8,1352,816,10,8,880,Default,
246594,12,8,7,359,397,410,8,504,539,572,10,414,480,481,9,663,775,769,10,978,1246,1148,9,8,1587,2142,2462,9,9,1355,1957,2422,3034,10,8,1814,1825,2492,9,8,1579,994,8,8,1053,Default,
246610,12,7,6,287,308,320,9,413,438,460,9,379,435,435,10,655,781,771,10,1026,1260,1186,9,8,1689,2298,2624,9,8,1541,2068,2599,3271,10,8,2110,2012,2765,10,9,1879,1272,8,9,1412,Default,
246626,13,7,7,248,264,270,9,356,367,385,10,331,371,371,10,684,811,809,10,1057,1295,1237,8,8,1785,2437,2786,9,8,1757,2180,2821,3295,12,8,2471,2214,3066,10,8,2268,1590,8,8,1859,Default,
246642,12,8,6,212,223,227,9,344,347,363,10,298,327,327,10,661,791,767,9,1007,1218,1163,9,8,1866,2561,2963,10,8,1972,2281,2967,3297,12,9,2842,2399,3295,12,8,2674,1878,8,8,2284,Default,
246658,13,8,7,195,204,205,9,303,299,310,11,262,283,282,10,567,668,645,9,891,1072,1022,9,8,1916,2629,3049,10,8,2126,2355,3096,3296,12,8,3175,2557,3297,12,8,3061,2205,8,8,2739,Default,
246674,11,8,7,169,171,174,12,254,248,254,12,201,214,210,13,437,495,482,10,769,934,884,8,11,1919,2596,2997,12,11,2190,2387,3170,3298,16,9,3296,2668,3296,13,7,3295,2510,8,10,3200,Default,
246690,16,7,6,149,151,153,9,208,202,205,11,171,181,176,9,333,362,355,10,626,776,711,10,8,1864,2479,2798,9,8,2139,2371,3188,3296,12,8,3297,2744,3297,12,8,3297,2768,8,8,3297,Default,
246706,14,8,8,129,131,130,11,168,165,166,10,135,140,135,10,238,252,252,10,468,591,522,9,8,1745,2252,2433,9,9,1942,2280,3190,3296,12,8,3296,2732,3297,12,8,3298,2993,8,9,3297,Default,
246722,18,7,6,110,111,109,10,145,138,139,10,148,154,153,9,150,152,153,11,439,552,506,9,10,1589,1965,2060,8,8,1701,2151,3088,3297,12,8,3296,2668,3297,12,8,3297,3165,10,8,3296,Default,
246738,14,8,6,99,99,99,9,121,116,117,9,146,154,150,10,89,87,85,9,356,431,404,10,8,1483,1758,1827,9,8,1568,1979,2886,3296,12,8,3295,2512,3296,15,8,3296,3287,8,9,3298,Default,
246754,14,8,6,116,118,119,9,117,112,114,10,125,132,130,9,26,20,19,8,266,308,301,10,8,1340,1569,1608,8,8,1422,1730,2644,3297,11,9,3296,2294,3297,9,8,3296,3190,9,8,3297,Default,
246770,13,7,6,105,109,108,10,105,100,103,10,93,95,93,9,18,8,6,6,184,213,207,9,9,1111,1369,1390,9,8,1272,1362,2297,3208,10,8,3297,1986,3296,11,8,3297,3033,8,8,3297,Default,
246786,16,7,6,101,104,104,9,96,93,95,9,62,62,62,8,29,22,21,8,194,224,222,8,8,971,1239,1252,8,8,1183,1123,1837,2695,9,8,3225,1567,2947,8,8,3297,2707,9,9,3297,Default,
246802,16,8,7,101,103,106,9,110,107,116,10,47,43,42,8,32,24,23,8,223,273,272,10,9,864,1081,1147,9,9,1045,985,1530,2192,9,9,2309,1165,2133,9,8,2655,2169,8,8,3297,Default,
246818,16,8,7,91,96,98,9,101,99,110,9,37,32,31,8,37,31,30,7,219,294,287,8,8,711,942,1004,9,8,863,795,1154,1699,9,8,1775,712,1152,10,9,1268,1551,7,8,2989,Default,
246834,16,8,7,78,81,84,9,90,91,105,9,32,25,22,8,24,14,12,7,174,264,248,9,9,533,700,725,8,8,573,603,802,1103,8,8,1062,397,610,9,8,617,997,8,8,1833,Default,
246850,19,8,7,69,75,79,9,82,83,106,9,16,8,6,6,25,19,19,8,136,221,201,11,9,298,403,344,9,10,296,336,433,456,9,8,475,196,261,12,8,257,435,8,9,746,Default,
246866,17,8,7,42,53,53,8,49,54,74,9,16,9,7,6,18,14,12,8,61,107,107,9,9,120,159,149,8,9,116,130,171,123,9,8,157,73,58,9,9,82,69,9,8,133,Default,
246882,13,9,7,40,89,88,8,84,74,110,9,31,51,45,8,14,10,7,6,24,37,30,8,8,41,52,55,9,8,36,41,58,66,9,8,32,35,24,8,8,25,16,6,7,8,Default,
246898,12,8,6,45,103,101,8,101,87,136,9,37,64,60,9,14,9,7,6,33,45,62,8,8,38,39,40,8,8,34,39,49,64,10,8,26,31,16,8,7,17,12,6,7,9,Default,
246914,12,8,7,43,87,89,9,102,78,113,9,38,64,66,9,15,10,7,6,35,49,71,9,9,32,34,29,8,8,30,34,41,49,8,8,20,22,9,6,7,6,11,6,6,6,Default,
246930,12,8,7,36,58,67,8,99,65,99,8,37,59,70,9,16,9,7,6,34,41,76,9,8,33,32,26,8,8,31,33,33,42,9,8,23,23,13,7,8,12,11,6,6,8,Default,
246946,12,8,6,37,64,78,8,95,69,105,9,39,62,72,9,16,8,7,6,33,41,67,9,8,34,30,27,8,8,32,30,29,33,8,8,20,24,13,7,8,14,12,6,7,9,Default,
246962,12,8,7,41,75,86,9,103,70,109,8,41,64,74,9,16,9,7,6,35,43,66,8,8,32,32,27,8,8,32,29,28,32,8,8,16,24,13,7,8,11,11,6,5,8,Default,
246978,12,8,7,45,82,96,8,112,74,120,9,43,67,77,8,15,9,7,6,36,43,66,9,8,33,31,29,8,8,26,32,29,33,8,8,18,24,12,7,8,12,12,6,6,8,Default,
246994,11,8,6,45,85,99,9,118,73,125,8,41,68,79,9,17,10,9,7,40,45,70,8,7,33,32,30,8,8,22,33,30,33,8,8,20,24,12,6,8,12,10,6,7,8,Default,
247010,13,8,6,47,85,99,9,123,74,124,9,45,70,83,8,22,13,12,7,45,48,77,9,9,37,34,33,8,8,23,33,29,32,8,8,20,24,12,7,7,12,11,7,6,8,Default,
247026,12,8,6,48,86,98,9,122,76,119,9,44,71,83,9,24,14,12,8,43,45,70,8,7,37,34,33,8,8,20,33,27,29,8,8,19,24,12,6,8,13,11,6,7,8,Default,
247042,13,8,7,49,88,99,8,126,79,121,9,48,74,85,10,24,14,13,8,44,47,73,9,8,37,36,33,9,9,21,34,28,29,8,8,20,25,12,7,8,11,11,6,7,8,Default,
247058,12,8,6,49,89,101,9,123,78,121,9,47,74,85,8,26,15,13,8,45,47,72,9,8,36,35,32,7,9,21,31,24,25,8,8,19,22,12,7,8,10,11,6,7,8,Default,
247074,12,8,6,49,91,102,8,124,83,122,9,49,82,89,9,28,16,15,8,45,49,74,8,8,35,34,30,8,8,20,29,22,21,8,8,18,22,11,7,7,12,11,6,6,8,Default,
247090,12,8,6,49,91,101,8,125,83,122,9,49,85,91,9,28,16,16,8,45,49,74,9,8,36,35,32,8,8,19,30,21,20,8,8,19,22,12,7,8,12,12,6,6,9,Default,
247106,12,8,6,49,92,100,9,131,83,121,10,52,87,92,9,29,16,16,8,45,49,74,8,8,37,37,33,8,8,18,32,23,20,8,8,17,24,12,8,8,12,11,6,6,9,Default,
247122,13,8,6,48,91,95,8,128,83,121,9,51,90,94,9,30,17,16,8,45,49,72,9,8,38,41,37,8,8,19,32,23,20,8,8,18,24,12,8,7,14,11,6,6,9,Default,
247138,12,8,7,47,87,91,8,129,83,118,9,51,91,97,9,29,17,16,8,44,48,70,9,8,38,44,38,9,8,20,32,24,22,8,8,19,24,12,7,7,13,11,6,6,9,Default,
247154,12,8,7,45,78,84,8,125,83,112,9,52,94,98,9,29,17,16,8,42,47,69,8,9,37,43,37,9,9,20,29,21,20,8,8,16,24,12,8,8,12,12,6,7,9,Default,
247170,12,8,6,41,76,80,8,122,78,107,8,51,96,98,8,29,17,17,8,43,50,72,10,8,35,42,36,8,8,16,29,21,18,8,8,14,24,12,8,5,12,10,5,7,9,Default,
247186,12,8,7,39,65,72,8,117,74,103,9,51,96,99,9,32,19,17,8,43,49,74,9,8,37,49,40,9,8,19,29,22,17,8,8,16,24,12,7,7,12,12,6,6,9,Default,
247202,12,8,6,37,64,68,9,116,71,94,9,51,98,99,9,35,23,21,8,47,62,79,9,9,38,60,46,8,9,20,31,28,25,8,8,19,27,12,7,8,12,11,6,7,9,Default,
247218,12,8,6,41,68,70,9,124,81,101,10,55,101,103,10,43,25,24,8,51,67,85,8,9,42,70,53,9,10,18,33,30,29,7,8,16,27,12,8,7,12,12,6,6,9,Default,
247234,12,8,6,44,70,74,9,132,78,110,8,56,99,103,8,41,28,27,8,53,71,86,9,8,57,75,64,8,8,20,35,26,29,8,8,12,25,12,7,7,12,11,6,6,9,Default,
247250,12,8,6,45,73,77,9,144,83,112,10,60,101,107,8,45,29,29,8,58,78,89,9,9,58,82,69,7,8,22,33,27,29,8,8,12,28,12,8,7,12,11,6,6,10,Default,
247266,29,29,27,99,211,214,8,198,172,283,9,81,143,144,8,23,12,12,7,30,27,22,8,8,62,65,58,9,9,22,33,20,18,8,8,10,22,11,7,7,12,11,6,6,9,Default,
247282,602,701,695,518,1151,1149,8,761,998,1157,9,226,302,298,10,24,17,16,7,33,26,24,8,8,63,60,55,9,9,20,32,22,20,8,8,11,19,11,7,8,11,11,6,6,8,Default,
247298,1247,1488,1531,1014,2188,2256,8,1377,1775,1919,10,354,433,443,9,44,36,35,8,52,45,43,8,9,93,87,85,9,9,19,29,20,18,8,8,9,19,11,7,8,11,10,6,7,8,Default,
247314,1677,1962,2002,1455,2960,3070,9,2013,2681,2899,10,671,847,876,9,94,88,87,9,70,63,62,8,8,128,123,124,10,9,20,75,65,65,9,9,16,20,10,7,7,10,11,6,6,9,Default,
247330,1985,2027,2063,2864,3296,3296,9,3112,3295,3297,12,1401,1638,1666,9,219,211,207,10,35,24,23,8,8,174,167,165,9,9,14,172,158,159,9,10,13,21,11,7,8,11,11,6,6,10,Default,
247346,1670,1696,1719,3147,3296,3297,13,3297,3296,3297,12,1826,2109,2127,10,828,872,868,8,565,582,548,9,9,692,734,714,8,8,41,440,409,405,11,9,38,41,29,8,8,24,35,8,8,24,Default,
247362,1434,1457,1485,3063,3296,3298,10,3297,3297,3297,12,1954,2270,2278,9,1160,1240,1223,9,1190,1277,1192,10,8,1366,1507,1517,9,8,110,800,751,736,9,8,119,120,117,9,8,70,47,8,8,43,Default,
247378,1285,1284,1307,3154,3295,3297,10,3295,3297,3298,12,2059,2344,2334,9,1363,1439,1434,9,1614,1717,1627,11,8,1770,1951,1966,9,9,223,1364,1310,1279,9,8,238,320,324,9,9,160,64,8,8,60,Default,
247394,1177,1166,1185,3228,3296,3297,13,3297,3297,3297,12,2126,2392,2366,8,1532,1616,1597,9,1946,2038,1932,9,9,2056,2276,2259,9,8,310,1838,1797,1773,9,9,346,555,572,11,9,241,82,9,9,78,Default,
247410,1130,1115,1133,3251,3297,3297,10,3297,3297,3297,12,2159,2433,2408,9,1600,1694,1681,10,2031,2114,2036,9,8,2221,2473,2466,10,8,377,2093,2077,2064,10,8,418,729,762,9,9,307,83,8,9,83,Default,
247426,1050,1041,1056,3213,3297,3297,10,3296,3297,3297,12,2153,2427,2409,9,1591,1695,1679,10,2101,2210,2126,11,8,2293,2576,2578,9,9,439,2235,2243,2239,11,9,478,839,884,9,9,357,98,8,10,99,Default,
247442,875,864,878,3064,3297,3297,13,3296,3297,3296,12,2077,2351,2346,10,1584,1699,1682,9,2133,2267,2182,9,10,2361,2683,2702,10,9,521,2376,2416,2432,10,9,564,1017,1082,9,9,430,120,9,9,122,Default,
247458,650,650,663,2781,3296,3296,9,3289,3296,3297,12,1915,2185,2186,9,1536,1663,1645,9,2105,2278,2195,11,8,2366,2732,2776,9,8,646,2508,2595,2666,11,8,711,1236,1345,11,9,549,223,9,10,214,Default,
247474,441,443,449,2356,2879,2999,9,2882,3194,3282,8,1691,1951,1948,9,1449,1583,1560,8,2012,2209,2125,8,8,2288,2682,2746,9,8,762,2556,2704,2811,9,8,849,1405,1551,7,8,671,354,9,8,327,Default,
247490,278,274,278,1864,2235,2276,8,2312,2463,2608,11,1446,1659,1676,9,1343,1462,1437,9,1886,2089,1993,8,9,2186,2577,2662,9,8,852,2508,2685,2843,11,8,972,1491,1686,9,8,765,464,7,9,414,Default,
247506,178,175,178,1409,1648,1676,8,1901,2023,2217,9,1206,1379,1403,8,1218,1311,1291,9,1732,1931,1811,9,7,2079,2470,2583,9,8,891,2429,2636,2852,8,8,1036,1558,1811,9,8,832,525,9,9,470,Default,
247522,90,87,88,1063,1209,1222,8,1527,1616,1797,9,956,1073,1098,9,1097,1175,1163,9,1582,1779,1641,9,8,1956,2358,2494,10,8,920,2326,2561,2829,10,8,1087,1595,1908,9,8,891,579,8,9,524,Default,
247538,47,43,43,827,898,932,9,1260,1314,1463,9,773,863,887,8,963,1044,1029,9,1413,1577,1442,9,9,1828,2234,2393,8,8,950,2222,2476,2805,10,8,1161,1614,1989,10,8,973,650,10,8,590,Default,
247554,29,25,25,672,727,753,9,1064,1109,1235,9,645,733,750,9,867,925,919,9,1206,1397,1253,9,8,1723,2137,2313,9,8,979,2115,2398,2790,10,8,1228,1625,2056,9,8,1044,687,9,8,644,Default,
247570,21,17,16,584,626,654,8,883,927,1031,10,535,609,617,9,750,808,798,9,1092,1275,1131,10,8,1651,2077,2250,9,9,991,2038,2333,2773,10,8,1281,1638,2114,9,8,1107,735,8,9,697,Default,
247586,13,7,6,441,494,514,8,756,800,873,9,489,565,566,9,696,758,749,9,1034,1242,1099,8,8,1610,2076,2238,10,8,1032,1995,2349,2808,9,9,1365,1690,2201,9,8,1177,805,8,8,773,Default,
247602,12,7,7,376,416,426,8,626,659,710,9,446,511,507,10,691,763,753,10,1028,1232,1091,10,8,1617,2107,2260,9,8,1065,2016,2412,2881,9,8,1433,1792,2349,9,8,1260,903,8,9,858,Default,
247618,11,7,6,319,349,359,9,534,569,602,9,394,452,448,9,651,733,714,9,1032,1223,1111,9,8,1645,2172,2327,9,9,1144,2064,2547,3029,12,8,1579,1927,2541,11,8,1426,1020,8,9,965,Default,
247634,12,7,7,312,339,346,8,476,505,530,9,383,437,436,9,631,714,677,8,1064,1260,1156,8,9,1712,2272,2425,10,8,1253,2150,2704,3205,10,8,1755,2073,2744,9,8,1604,1206,7,8,1140,Default,
247650,12,7,6,279,299,307,8,436,459,483,9,349,389,389,10,655,746,715,10,1082,1284,1201,9,8,1787,2334,2544,9,8,1371,2240,2804,3295,15,8,1960,2201,2940,11,8,1805,1405,8,9,1364,Default,
247666,12,7,7,244,257,261,9,435,443,469,10,325,352,354,9,632,720,682,9,1149,1349,1300,8,8,1871,2444,2712,10,8,1517,2355,2950,3297,12,8,2194,2356,3168,9,8,2056,1650,8,8,1685,Default,
247682,12,7,6,222,232,235,10,401,402,422,11,306,326,327,9,583,659,623,9,1147,1328,1283,9,9,1990,2600,2892,8,8,1719,2484,3114,3297,12,8,2499,2538,3295,11,8,2373,1894,9,8,2008,Default,
247698,12,8,6,191,195,197,9,347,342,356,9,255,270,269,9,535,593,567,9,1106,1267,1218,9,8,2080,2699,3007,10,8,1891,2582,3227,3296,12,8,2793,2682,3296,12,8,2679,2164,9,8,2378,Default,
247714,12,7,6,174,178,179,10,291,281,290,9,206,214,211,9,445,490,468,9,1004,1164,1096,8,8,2090,2725,3021,11,8,2003,2632,3296,3296,11,8,3120,2812,3296,9,8,3020,2492,9,8,2819,Default,
247730,15,7,8,159,164,165,13,234,227,232,12,175,178,175,9,357,385,370,12,920,1086,1013,8,8,2076,2682,2920,8,9,2056,2659,3297,3297,12,8,3295,2910,3296,12,8,3295,2812,9,8,3255,Default,
247746,13,7,6,136,137,138,9,190,184,184,10,136,143,140,9,256,265,260,9,769,943,864,8,8,1972,2515,2657,8,8,1966,2598,3297,3296,9,8,3297,2939,3297,10,8,3297,3063,9,8,3295,Default,
247762,16,7,6,120,121,120,8,165,157,157,9,124,126,123,9,162,164,162,10,607,775,696,8,8,1852,2307,2370,9,8,1838,2462,3297,3297,12,8,3297,2899,3296,15,8,3296,3294,8,8,3297,Default,
247778,14,7,6,103,102,103,8,136,129,132,10,141,145,143,10,111,111,110,10,476,591,548,8,9,1724,2051,2077,9,9,1688,2317,3176,3297,12,8,3297,2764,3297,12,8,3297,3295,12,8,3297,Default,
247794,13,7,6,97,99,97,9,113,107,107,10,135,137,134,10,75,70,69,10,365,431,417,9,8,1608,1879,1890,9,9,1592,2154,3059,3297,12,8,3297,2630,3298,11,8,3296,3297,9,8,3296,Default,
247810,13,7,6,116,120,120,9,116,111,111,10,103,106,106,10,17,11,10,7,271,314,306,11,8,1431,1737,1695,9,9,1484,1849,2805,3296,12,9,3296,2408,3297,12,8,3298,3296,9,8,3297,Default,
247826,16,7,7,105,107,108,9,113,111,113,9,72,70,69,9,26,20,19,8,223,259,253,9,9,1201,1569,1523,9,9,1368,1436,2330,3227,10,8,3295,2023,3297,11,8,3297,3058,8,8,3297,Default,
247842,17,7,6,103,106,107,9,114,112,118,10,45,42,41,8,20,12,13,7,243,298,292,10,9,1057,1408,1384,9,9,1206,1197,1936,2585,9,8,2481,1509,2719,9,8,3024,2545,8,8,3297,Default,
247858,14,8,8,99,101,103,8,109,106,113,9,37,33,32,8,36,29,28,9,252,322,311,9,8,936,1292,1295,9,8,1080,1045,1645,2164,9,8,2022,1098,1806,9,8,1883,2014,8,8,3288,Default,
247874,15,8,7,88,90,92,9,108,105,117,9,32,25,24,8,29,22,22,8,219,297,280,9,10,719,1049,1046,8,9,812,796,1202,1585,9,8,1369,596,909,9,9,893,1316,10,8,2232,Default,
247890,16,7,7,78,79,82,9,94,95,112,9,15,8,7,6,25,18,17,8,166,250,224,10,9,452,605,596,8,8,458,523,681,782,9,8,680,300,438,9,8,385,683,8,8,1061,Default,
247906,18,8,7,58,64,67,8,65,68,87,9,16,8,7,6,20,14,13,7,100,182,157,10,9,202,294,229,9,9,190,236,340,276,9,8,273,141,162,9,9,156,207,9,8,323,Default,
247922,14,9,7,37,61,53,9,40,50,70,9,25,32,21,8,16,12,7,6,37,70,60,8,9,71,115,108,8,9,73,75,115,67,9,9,78,35,19,8,8,31,20,8,8,24,Default,
247938,12,8,7,46,111,105,9,99,87,122,9,31,44,43,8,16,9,8,6,33,45,56,10,9,40,47,48,8,8,37,42,54,66,9,8,34,37,23,8,8,30,14,7,6,8,Default,
247954,12,8,7,43,102,99,9,103,82,112,8,36,66,62,8,14,9,7,6,34,48,69,8,6,37,38,37,8,8,32,38,45,56,8,9,23,29,15,7,7,16,9,6,6,8,Default,
247970,13,8,6,41,87,82,8,103,78,100,9,37,58,64,9,15,9,7,6,34,48,67,8,8,37,35,27,8,8,32,33,36,42,9,8,22,25,13,7,8,13,12,6,7,9,Default,
247986,11,8,7,39,79,76,9,98,71,101,9,36,62,70,9,15,10,8,6,35,44,68,9,8,36,32,25,8,8,30,32,33,38,9,8,18,26,13,6,7,14,10,6,8,9,Default,
248002,12,8,7,40,85,82,8,96,74,105,9,39,65,73,9,17,10,8,7,34,45,62,9,8,33,33,28,8,8,30,32,33,36,9,8,20,25,12,7,7,12,12,6,6,8,Default,
248018,12,8,6,45,95,93,9,104,75,111,9,42,70,78,8,18,12,10,7,38,44,62,8,8,37,37,32,8,9,27,31,30,33,8,8,16,28,12,8,8,11,12,6,6,8,Default,
248034,12,8,7,45,98,97,8,108,79,115,9,42,70,81,9,19,10,8,6,33,44,62,8,8,33,35,31,8,8,24,31,29,32,9,9,15,25,12,8,8,11,11,6,7,8,Default,
248050,11,8,6,46,95,103,8,118,78,122,9,43,70,84,8,18,10,8,6,37,43,62,9,9,33,33,31,8,8,26,32,27,30,8,8,15,24,12,7,7,11,11,6,7,8,Default,
248066,12,8,7,48,98,106,9,120,77,122,9,45,74,87,8,19,12,10,7,40,44,64,9,8,34,33,31,9,8,25,33,29,32,8,8,19,23,11,7,8,10,12,6,6,8,Default,
248082,12,8,6,48,100,103,8,120,81,122,9,46,74,87,9,25,14,13,7,41,45,68,9,8,34,33,29,8,8,24,31,25,27,8,8,19,22,12,8,8,11,11,7,7,8,Default,
248098,12,8,6,49,103,106,8,121,82,122,9,47,76,87,9,26,14,14,8,43,49,70,9,8,33,32,28,8,9,20,29,22,22,8,8,17,23,12,7,8,11,12,6,6,8,Default,
248114,12,8,6,51,103,107,9,128,87,122,8,50,83,90,9,27,16,16,8,44,52,72,8,9,33,30,25,8,8,16,28,20,16,8,8,12,22,12,8,8,13,10,6,6,9,Default,
248130,12,8,7,53,104,111,8,132,87,132,9,52,88,95,9,30,16,16,8,45,49,70,9,8,35,32,26,8,8,16,31,23,19,8,8,20,25,12,7,7,14,11,6,7,10,Default,
248146,13,8,7,57,107,110,8,134,91,133,9,53,93,99,10,32,20,19,8,45,51,70,9,8,37,39,30,8,8,20,32,24,21,8,8,21,24,12,7,8,15,16,8,8,24,Default,
248162,12,8,7,57,111,114,9,140,98,139,9,58,102,108,10,33,21,21,8,48,55,74,8,8,40,45,38,8,9,20,36,28,24,8,8,24,24,12,7,8,15,17,7,6,33,Default,
248178,16,9,7,58,116,112,8,143,101,141,9,57,105,108,9,34,22,20,8,49,66,80,10,9,39,49,38,8,8,20,35,29,25,8,8,27,25,12,7,8,16,20,8,8,35,Default,
248194,15,8,6,57,112,108,9,147,99,131,9,57,107,109,9,41,24,25,8,51,67,83,9,8,40,53,42,8,8,22,35,27,24,8,8,26,24,12,5,8,16,21,8,8,41,Default,
248210,15,9,6,57,110,107,10,146,95,128,9,58,109,114,9,39,25,25,8,53,71,87,9,9,41,57,46,8,9,23,37,29,25,8,8,28,24,12,7,7,16,20,8,9,37,Default,
248226,12,8,7,54,107,106,8,145,95,125,9,55,109,113,8,37,24,23,8,52,72,88,10,8,40,58,45,8,8,24,35,28,24,8,8,28,24,12,6,8,17,15,7,8,27,Default,
248242,13,8,6,53,104,99,8,145,97,120,9,58,108,111,9,38,25,22,8,51,71,87,9,8,41,60,45,9,8,22,36,29,24,9,8,28,25,12,8,8,16,14,8,8,16,Default,
248258,12,8,6,49,103,96,9,143,95,114,9,58,108,111,9,39,25,24,8,51,74,90,8,9,43,66,49,9,9,21,36,31,25,8,8,25,24,12,7,7,14,10,5,7,9,Default,
248274,10,8,6,48,99,94,8,140,94,112,9,58,107,110,9,40,25,24,8,52,77,92,10,9,41,69,51,9,9,18,36,29,25,8,8,22,26,12,7,6,14,11,6,7,9,Default,
248290,12,8,7,51,98,94,8,149,100,122,9,61,110,114,9,41,25,25,8,56,87,98,9,8,56,82,65,9,9,19,37,25,22,8,8,20,25,12,7,7,13,11,7,6,9,Default,
248306,12,8,6,53,103,96,8,155,103,124,9,64,109,115,10,37,24,23,8,62,98,101,8,9,60,90,69,9,9,22,37,25,22,8,8,19,24,11,8,7,14,10,6,6,9,Default,
248322,13,8,6,82,171,161,8,198,149,233,10,74,129,127,9,26,14,13,8,37,37,33,8,8,70,79,66,9,9,22,37,20,18,8,8,12,25,12,7,7,12,12,6,7,9,Default,
248338,486,559,542,694,1019,1002,8,797,866,1038,8,230,286,280,10,29,22,20,8,33,24,23,8,8,70,65,62,9,8,24,27,16,13,7,8,13,19,12,7,8,14,10,6,7,9,Default,
248354,1135,1325,1381,1477,2083,2190,10,1558,1664,1819,9,383,443,445,8,40,33,33,8,37,26,24,8,9,82,76,72,8,9,28,23,15,14,7,8,9,18,12,7,7,12,10,6,6,8,Default,
248370,1790,1933,1978,2242,2974,3097,8,2346,2545,2740,10,667,766,779,9,83,75,74,9,64,56,55,8,8,138,130,129,9,9,22,55,47,49,9,9,16,21,11,7,8,11,11,6,6,8,Default,
248386,1982,2050,2085,2798,3296,3297,10,3009,3217,3295,11,1319,1541,1561,9,184,176,174,9,39,30,29,8,8,169,163,160,10,9,16,111,101,103,9,10,13,24,12,8,8,12,11,6,6,9,Default,
248402,1758,1782,1804,2867,3296,3296,12,3288,3297,3297,12,1719,1992,2022,11,655,684,671,9,361,375,352,10,9,555,577,560,9,9,22,352,327,319,10,9,23,18,8,6,8,7,12,6,7,8,Default,
248418,1522,1555,1587,3025,3297,3297,10,3297,3297,3297,12,1918,2246,2261,9,1121,1197,1181,9,957,1008,944,8,8,1088,1178,1174,10,8,53,568,526,514,9,8,49,61,51,9,8,40,33,8,8,20,Default,
248434,1306,1332,1364,3078,3296,3298,10,3292,3297,3297,11,1987,2286,2295,8,1337,1405,1387,8,1467,1548,1454,10,8,1608,1782,1799,9,8,116,986,914,891,8,8,124,153,151,9,8,83,45,8,8,40,Default,
248450,1260,1269,1297,3195,3298,3296,9,3296,3296,3295,13,2119,2415,2409,10,1527,1625,1609,9,1805,1905,1807,8,8,1935,2139,2153,9,9,208,1470,1398,1370,9,8,223,370,378,11,9,156,54,7,8,52,Default,
248466,1259,1265,1295,3262,3297,3297,11,3297,3296,3296,11,2192,2484,2487,8,1639,1746,1729,8,1985,2081,1992,8,8,2114,2349,2366,9,8,280,1739,1679,1653,8,8,307,500,511,9,8,210,70,8,8,70,Default,
248482,1242,1250,1280,3273,3297,3296,10,3296,3296,3295,12,2221,2523,2523,10,1670,1784,1761,9,2050,2168,2076,9,8,2198,2458,2483,9,9,310,1846,1804,1774,9,8,350,592,609,9,8,242,72,8,9,74,Default,
248498,1123,1135,1165,3173,3297,3297,12,3297,3296,3296,12,2181,2490,2497,8,1665,1790,1766,9,2099,2240,2147,10,8,2239,2524,2562,8,8,358,1944,1923,1897,10,8,397,683,708,9,9,289,81,9,8,82,Default,
248514,946,949,972,2983,3297,3297,10,3296,3299,3297,12,2072,2371,2391,9,1626,1766,1741,9,2108,2276,2195,10,8,2259,2571,2636,9,9,475,2071,2077,2062,11,8,524,801,840,8,8,380,127,8,9,136,Default,
248530,719,726,739,2684,3296,3296,9,3127,3296,3297,12,1869,2161,2195,9,1528,1671,1647,10,2009,2217,2142,9,8,2211,2562,2652,9,8,594,2156,2200,2205,9,8,657,937,999,10,9,468,169,8,9,191,Default,
248546,525,537,545,1773,2711,2805,10,2532,3038,3255,10,1565,1909,1953,8,1345,1526,1500,9,1770,2064,1981,10,8,1981,2458,2563,8,8,670,2070,2222,2242,11,9,748,1054,1144,9,9,545,232,10,8,259,Default,
248562,377,381,385,1439,2078,2155,8,2096,2371,2557,9,1349,1620,1675,9,1210,1358,1340,9,1579,1857,1758,9,8,1848,2304,2431,9,9,735,2025,2171,2222,10,8,834,1097,1222,8,8,608,290,8,10,323,Default,
248578,265,269,271,1178,1656,1692,8,1733,1960,2105,9,1150,1368,1413,8,1083,1210,1203,9,1435,1701,1586,9,8,1733,2188,2339,9,9,789,1954,2130,2208,9,8,909,1130,1287,9,9,660,356,8,9,392,Default,
248594,169,171,171,956,1275,1317,8,1447,1612,1743,9,972,1148,1189,9,974,1099,1094,9,1324,1600,1470,8,8,1631,2089,2284,9,9,837,1889,2096,2218,9,9,974,1176,1371,9,8,717,437,8,8,475,Default,
248610,101,100,101,794,1012,1051,8,1224,1356,1484,9,808,964,1003,9,907,1030,1029,9,1237,1523,1392,9,9,1583,2062,2289,9,8,887,1851,2128,2275,9,8,1044,1247,1496,9,8,788,501,9,9,548,Default,
248626,61,58,58,667,811,854,8,1045,1154,1279,9,707,846,877,9,840,942,957,9,1169,1440,1331,9,8,1561,2064,2330,9,9,976,1824,2135,2377,9,9,1155,1348,1656,9,8,899,583,8,8,655,Default,
248642,42,38,38,581,690,721,9,921,1003,1102,9,613,728,750,10,770,873,883,8,1135,1404,1303,8,8,1583,2118,2404,9,9,1086,1848,2205,2501,11,8,1303,1474,1850,10,9,1050,672,8,10,771,Default,
248658,33,29,29,505,586,613,8,791,861,936,9,551,664,675,9,713,820,822,9,1108,1392,1301,9,8,1602,2185,2466,9,8,1187,1882,2317,2641,10,8,1434,1597,2026,11,9,1177,772,8,8,892,Default,
248674,24,20,20,448,508,526,8,688,748,797,9,497,596,596,8,693,797,803,9,1101,1384,1293,9,8,1632,2251,2524,9,8,1290,1923,2404,2788,8,8,1593,1733,2228,9,8,1343,886,8,8,1018,Default,
248690,14,6,6,381,423,433,10,581,633,671,9,426,501,499,9,659,775,775,9,1107,1372,1297,8,8,1689,2333,2636,8,8,1421,1996,2503,2975,9,8,1786,1881,2458,9,8,1558,1054,9,7,1215,Default,
248706,12,7,6,290,315,322,9,501,536,570,8,384,447,443,8,646,771,766,8,1111,1368,1304,8,7,1735,2426,2752,10,8,1557,2063,2624,3175,10,8,2025,2034,2714,9,8,1804,1256,8,8,1501,Default,
248722,12,8,7,257,275,281,9,417,435,463,9,319,355,355,10,667,804,803,9,1092,1324,1280,9,8,1811,2537,2901,9,8,1775,2159,2777,3295,11,9,2359,2201,2987,9,8,2155,1542,8,8,1911,Default,
248738,12,7,6,213,223,226,10,402,413,433,9,278,303,301,9,633,762,745,10,1051,1247,1208,9,9,1883,2620,3017,9,8,1990,2255,2897,3297,12,8,2732,2373,3280,10,8,2553,1862,10,8,2371,Default,
248754,12,8,6,195,203,204,12,351,350,367,12,242,261,259,10,567,671,657,9,973,1153,1118,9,8,1923,2661,3086,10,8,2151,2326,3049,3295,12,9,3063,2538,3296,11,8,2947,2165,8,8,2800,Default,
248770,13,7,7,177,182,182,9,303,298,307,10,211,224,220,10,460,526,516,9,932,1123,1084,9,8,1944,2653,3096,10,8,2276,2378,3170,3298,12,8,3295,2681,3297,12,8,3292,2523,8,8,3268,Default,
248786,13,7,6,161,165,165,9,239,234,240,10,165,174,169,10,333,361,355,10,793,982,917,8,8,1890,2536,2911,10,8,2230,2375,3196,3297,12,8,3298,2736,3297,12,8,3297,2835,8,8,3296,Default,
248802,16,7,6,147,151,151,9,201,194,197,11,144,151,149,9,230,241,238,10,655,849,779,8,8,1778,2341,2591,9,8,2048,2287,3173,3296,12,8,3297,2743,3297,12,8,3296,3070,8,8,3297,Default,
248818,14,6,6,130,132,132,9,166,159,161,10,126,130,126,10,157,158,157,10,530,698,639,9,8,1600,2002,2140,9,9,1753,2125,3015,3296,12,8,3297,2628,3297,12,8,3299,3291,8,8,3297,Default,
248834,16,8,6,108,109,109,9,132,126,127,10,135,140,136,9,104,101,100,11,430,543,506,9,9,1459,1738,1816,9,9,1551,1973,2861,3296,11,8,3296,2495,3298,12,9,3296,3291,12,9,3296,Default,
248850,14,7,7,111,113,112,9,106,101,101,10,123,127,124,9,79,73,75,9,335,406,391,9,8,1355,1562,1642,9,9,1455,1785,2621,3296,12,8,3295,2325,3297,12,8,3297,3295,9,8,3297,Default,
248866,15,7,6,111,113,114,9,111,107,107,10,95,96,94,9,26,20,19,8,271,326,322,11,8,1148,1401,1418,9,9,1295,1410,2359,3267,11,8,3296,2056,3297,12,8,3296,3133,9,8,3297,Default,
248882,15,8,7,108,113,113,10,100,98,100,9,65,64,63,9,27,21,20,8,228,273,273,9,10,990,1269,1278,8,8,1210,1154,1924,2711,9,8,3286,1643,2976,9,8,3297,2805,9,8,3298,Default,
248898,17,7,6,103,107,110,9,102,98,104,10,45,41,40,8,36,29,29,8,244,310,304,10,9,882,1094,1179,8,8,1052,1011,1544,2214,9,8,2292,1184,2225,9,8,2842,2234,8,8,3297,Default,
248914,16,7,6,97,100,101,9,94,95,103,9,37,31,32,8,34,29,27,8,220,318,310,10,8,769,1036,1082,8,8,949,861,1270,1828,9,8,1932,806,1328,8,8,1550,1747,8,8,3271,Default,
248930,16,8,7,78,82,84,9,95,99,113,10,33,26,24,8,21,14,12,8,187,292,272,9,10,589,841,841,9,9,669,665,896,1281,9,9,1210,451,713,10,8,729,1130,8,8,2173,Default,
248946,16,8,6,70,75,78,9,83,87,107,9,12,8,6,6,22,18,19,8,147,245,220,9,7,333,448,415,8,8,350,372,487,567,8,8,562,222,317,8,8,313,553,8,8,994,Default,
248962,20,9,8,46,58,59,9,53,59,78,10,16,8,7,6,19,14,15,8,77,146,132,9,8,146,190,167,9,9,139,161,219,181,10,8,208,98,106,9,9,117,150,8,8,258,Default,
248978,14,9,7,45,91,81,8,78,78,100,9,35,62,44,9,16,10,7,6,25,40,33,8,8,44,72,67,8,9,46,43,62,56,9,9,41,33,16,8,8,23,16,7,8,14,Default,
248994,13,9,6,45,111,102,8,103,88,130,9,35,57,52,8,16,10,8,6,37,57,66,9,8,41,48,46,8,8,38,40,51,59,9,9,30,36,19,7,8,26,11,6,6,10,Default,
249010,12,8,6,43,107,101,8,98,87,114,9,37,62,62,8,16,9,7,6,37,57,81,9,8,35,39,33,8,8,33,37,46,56,9,9,24,27,12,7,7,12,11,6,6,8,Default,
249026,13,8,7,41,90,88,9,99,77,106,9,37,59,65,8,16,11,8,6,37,52,78,8,9,33,34,29,8,9,33,34,39,47,8,9,23,25,11,7,8,11,12,7,6,8,Default,
249042,12,8,5,41,90,91,9,92,79,106,9,38,64,70,9,16,10,9,6,35,49,72,10,8,33,33,29,8,8,32,33,37,43,8,8,24,24,12,7,7,11,11,6,6,8,Default,
249058,13,8,7,44,99,94,8,99,82,116,10,41,66,76,8,17,11,9,6,36,45,63,8,8,33,32,26,8,8,30,30,31,34,8,9,18,25,12,7,7,10,12,6,6,8,Default,
249074,12,8,7,46,103,99,8,106,82,116,9,43,70,77,9,21,12,11,7,38,44,62,8,9,36,34,28,8,8,30,32,32,36,8,8,20,25,12,6,8,11,11,6,6,8,Default,
249090,12,8,6,49,107,106,8,113,85,125,9,42,70,78,9,20,9,9,7,37,44,62,9,8,34,32,26,8,8,25,32,32,35,8,8,16,25,12,7,8,12,10,6,6,8,Default,
249106,14,8,7,50,107,111,8,116,84,125,9,43,71,79,9,19,11,8,6,37,44,62,9,8,35,36,32,8,8,22,33,31,35,8,8,17,27,12,8,8,12,12,6,6,8,Default,
249122,12,8,7,48,106,109,9,116,82,120,9,43,72,80,9,20,12,11,7,39,47,70,9,9,33,33,30,8,8,25,32,32,34,8,8,20,25,12,7,8,12,12,6,5,8,Default,
249138,13,8,6,49,106,110,8,120,85,121,9,45,72,82,9,23,13,12,8,41,49,70,9,8,31,28,23,8,8,17,29,25,26,8,8,16,26,12,8,8,12,12,7,7,9,Default,
249154,11,8,6,49,106,111,8,123,81,121,8,47,75,86,8,25,16,16,8,44,49,74,8,8,29,25,21,8,8,16,26,20,17,8,8,13,24,12,7,8,14,9,6,7,9,Default,
249170,12,7,6,53,107,112,8,130,82,123,9,50,82,89,9,26,16,14,8,47,53,78,9,9,32,26,21,7,8,14,26,22,20,8,8,16,24,12,7,8,14,11,6,4,10,Default,
249186,12,8,6,52,106,111,9,130,86,123,8,49,87,91,8,26,16,16,8,46,53,76,9,8,30,27,21,8,8,12,29,22,20,8,8,17,22,12,6,8,16,9,6,6,9,Default,
249202,16,8,6,54,107,107,8,132,87,125,9,51,90,95,9,30,19,18,8,46,52,75,9,8,33,28,22,8,8,15,30,22,19,8,8,20,24,12,8,8,18,14,7,8,16,Default,
249218,16,8,7,54,104,104,8,139,84,124,9,54,93,101,8,33,22,21,8,47,51,74,9,9,32,30,24,8,8,16,29,21,17,8,8,21,23,12,7,7,18,15,8,8,22,Default,
249234,15,8,6,52,103,99,8,141,91,122,9,56,102,106,9,35,21,21,8,48,58,80,10,8,37,39,33,8,9,18,32,23,17,7,8,23,24,13,7,8,20,16,6,8,22,Default,
249250,16,9,7,51,96,95,9,138,91,119,9,54,103,107,9,34,20,20,8,49,64,88,10,9,36,43,35,8,8,18,32,24,17,8,8,22,24,12,8,7,20,16,8,8,20,Default,
249266,15,10,7,47,83,83,8,136,88,116,9,56,103,106,11,34,22,21,9,49,69,91,9,10,38,44,38,8,8,19,33,24,20,8,8,21,25,13,8,7,21,15,6,7,13,Default,
249282,16,10,7,46,81,82,9,134,87,111,8,54,103,104,9,37,23,22,8,51,71,91,8,8,37,48,38,8,8,16,33,24,18,8,8,22,25,13,7,8,19,12,6,8,12,Default,
249298,11,8,7,42,74,77,8,129,87,109,9,55,103,101,9,41,25,24,8,51,70,92,10,8,38,53,40,8,8,16,34,26,21,8,8,20,26,12,7,8,16,10,6,6,10,Default,
249314,12,8,6,43,74,78,8,134,87,108,9,57,102,102,9,43,25,25,8,53,74,95,8,9,41,55,43,8,8,16,34,24,20,8,9,17,25,12,7,8,15,10,6,7,10,Default,
249330,12,8,6,42,78,79,8,136,95,110,9,56,104,104,9,41,26,24,8,55,91,102,9,9,45,68,50,8,8,16,36,30,24,8,9,21,26,12,8,7,16,10,7,6,10,Default,
249346,12,8,6,45,78,80,8,143,96,112,9,59,103,107,10,41,27,26,8,59,103,106,9,8,54,75,58,8,8,17,36,27,24,8,8,16,29,12,8,8,16,11,6,7,9,Default,
249362,13,8,6,46,82,82,9,139,93,110,9,58,103,105,9,42,28,27,8,61,96,106,9,9,49,71,54,8,9,17,31,25,23,8,8,12,28,13,8,8,13,12,6,7,9,Default,
249378,12,8,6,48,99,93,9,147,91,124,9,53,101,102,9,23,13,12,8,41,51,62,8,8,34,37,29,8,8,13,28,19,16,7,8,8,25,12,7,8,14,11,6,6,9,Default,
249394,298,354,307,276,555,517,8,475,534,667,8,171,236,223,8,33,27,26,8,38,30,27,8,7,46,41,39,8,8,16,29,16,14,6,8,8,20,11,6,8,12,10,6,6,9,Default,
249410,783,919,950,671,1479,1486,8,965,1195,1335,9,288,368,364,9,33,25,24,8,36,28,25,7,8,62,57,55,8,8,20,23,12,10,7,7,8,17,11,7,8,11,10,6,6,9,Default,
249426,1248,1471,1539,1090,2317,2394,9,1517,1922,2071,9,453,569,581,8,66,62,60,9,43,32,29,8,8,109,103,103,8,9,20,33,24,24,8,8,10,20,11,6,7,12,11,6,6,8,Default,
249442,1600,1829,1869,1467,2959,3046,9,2057,2703,2925,10,843,1098,1126,8,126,120,119,10,36,26,24,8,8,133,128,125,9,9,20,85,77,75,9,9,16,22,12,8,8,12,11,6,6,9,Default,
249458,1658,1813,1843,2823,3297,3296,9,3060,3254,3296,11,1462,1695,1720,9,416,427,419,9,203,208,198,8,10,370,385,382,9,9,20,274,255,254,10,9,20,21,10,6,7,8,13,6,6,7,Default,
249474,1546,1588,1612,2818,3297,3297,10,3270,3298,3296,12,1761,2073,2089,9,1035,1114,1102,9,879,937,880,10,8,1070,1184,1180,9,8,78,610,573,563,11,9,77,78,74,10,9,55,23,7,8,17,Default,
249490,1326,1355,1381,2957,3296,3297,9,3296,3296,3297,12,1848,2138,2154,9,1278,1356,1343,10,1430,1519,1434,10,8,1614,1811,1840,9,9,184,1183,1133,1110,9,8,207,243,247,9,9,129,26,7,8,26,Default,
249506,1173,1185,1206,3051,3296,3297,13,3296,3296,3298,12,1969,2240,2235,8,1497,1589,1571,11,1862,1978,1866,9,9,2002,2243,2253,8,8,312,1797,1773,1741,9,8,355,578,599,10,8,245,57,9,9,55,Default,
249522,1089,1097,1111,3092,3296,3296,10,3297,3298,3297,12,2048,2307,2311,9,1650,1753,1726,9,2114,2213,2122,11,8,2246,2514,2533,9,9,372,2156,2159,2148,8,9,422,783,833,9,8,313,89,8,9,91,Default,
249538,1043,1042,1052,3131,3297,3297,10,3297,3297,3297,12,2097,2363,2361,9,1741,1850,1819,9,2222,2329,2250,10,8,2401,2705,2724,9,9,476,2385,2435,2425,10,8,535,953,1021,9,8,400,91,9,9,95,Default,
249554,958,969,982,3050,3295,3297,12,3296,3296,3294,12,2085,2365,2365,9,1764,1883,1850,10,2266,2396,2314,9,8,2481,2815,2841,8,9,534,2484,2566,2565,9,8,601,1060,1138,10,8,450,90,9,9,89,Default,
249570,814,815,822,2843,3295,3296,9,3283,3298,3297,12,1961,2251,2263,9,1732,1873,1839,9,2241,2424,2334,9,8,2541,2901,2951,10,8,634,2593,2706,2739,11,8,701,1194,1305,9,8,529,96,9,8,99,Default,
249586,594,605,609,1970,2912,2935,9,2784,3231,3297,12,1724,2036,2064,9,1638,1817,1780,10,2149,2404,2317,9,8,2392,2900,2973,10,8,715,2560,2839,2911,10,8,800,1328,1473,9,8,604,122,9,9,124,Default,
249602,393,397,399,1583,2212,2216,9,2288,2564,2692,10,1466,1715,1746,10,1536,1712,1662,9,2014,2295,2194,8,8,2289,2818,2909,10,8,825,2549,2855,2983,9,8,930,1440,1637,9,8,714,160,9,8,169,Default,
249618,254,254,255,1240,1626,1645,8,1827,1981,2127,10,1244,1432,1469,9,1430,1578,1530,10,1888,2164,2064,9,8,2204,2719,2835,9,9,878,2511,2824,3001,10,8,1007,1523,1782,9,8,785,193,10,10,208,Default,
249634,134,131,132,942,1158,1173,8,1407,1478,1565,9,982,1111,1136,8,1306,1419,1370,9,1745,2014,1889,9,8,2117,2624,2745,9,8,918,2448,2774,2988,8,8,1072,1591,1894,8,8,849,241,9,9,272,Default,
249650,69,66,68,709,827,837,8,1105,1143,1208,10,774,862,877,9,1149,1218,1186,9,1616,1869,1716,8,8,2043,2530,2678,9,9,967,2387,2706,2972,10,8,1139,1647,2006,11,9,924,299,8,8,332,Default,
249666,42,38,38,584,663,673,8,896,929,989,9,635,710,722,8,1011,1066,1048,9,1461,1683,1542,8,8,1961,2454,2619,10,8,1000,2313,2654,2976,8,8,1209,1694,2097,10,8,996,369,9,9,412,Default,
249682,26,22,22,486,540,553,9,713,737,778,9,514,576,579,9,895,956,936,9,1335,1563,1417,9,8,1888,2403,2562,9,9,1027,2242,2626,2978,10,8,1276,1745,2188,9,8,1078,464,8,9,515,Default,
249698,16,11,10,385,418,431,10,567,585,609,9,445,504,502,10,814,883,860,8,1243,1451,1315,9,8,1844,2375,2516,10,8,1061,2204,2611,3009,8,8,1367,1797,2294,9,8,1170,552,10,8,614,Default,
249714,11,7,7,306,327,335,9,446,462,476,9,406,456,453,9,763,848,819,9,1159,1361,1240,10,8,1825,2375,2508,10,8,1107,2190,2640,3080,9,8,1475,1865,2416,11,8,1268,676,8,9,725,Default,
249730,12,7,7,257,270,277,9,365,375,388,10,375,416,412,9,750,857,832,8,1133,1338,1214,9,8,1845,2417,2555,9,9,1183,2226,2724,3216,9,9,1611,1978,2589,9,8,1413,780,8,8,820,Default,
249746,12,7,6,236,248,249,7,336,344,354,10,355,389,389,9,742,854,816,9,1122,1312,1193,8,9,1901,2481,2644,10,8,1310,2309,2839,3293,11,8,1824,2110,2795,11,9,1620,974,8,9,1011,Default,
249762,12,8,7,219,229,231,8,329,328,340,10,311,335,335,10,689,786,749,10,1099,1284,1172,10,8,1949,2533,2737,9,9,1415,2379,2926,3293,12,8,2006,2217,2970,10,8,1815,1220,7,9,1251,Default,
249778,12,7,6,195,202,203,9,313,309,319,10,289,307,306,10,654,740,703,10,1055,1227,1135,9,8,2000,2597,2831,9,8,1543,2454,3033,3296,12,8,2246,2356,3171,9,8,2064,1463,8,8,1530,Default,
249794,13,7,6,176,181,182,9,284,278,286,10,263,277,274,9,607,678,640,9,1030,1177,1110,8,8,2056,2667,2915,9,9,1680,2524,3135,3297,12,8,2497,2491,3295,11,8,2335,1715,7,8,1869,Default,
249810,11,7,6,164,166,167,9,252,243,248,10,232,244,240,10,523,580,550,10,1033,1173,1121,9,8,2106,2711,2964,9,8,1822,2607,3257,3297,12,8,2790,2621,3296,12,8,2649,1993,8,8,2259,Default,
249826,11,7,7,153,156,154,9,226,217,220,10,190,200,196,10,434,474,452,9,982,1139,1069,9,8,2133,2711,2961,9,8,1923,2669,3296,3295,12,8,3057,2743,3297,12,8,2951,2291,8,8,2669,Default,
249842,12,7,7,140,142,140,10,190,182,183,10,158,162,159,10,344,365,352,9,915,1074,990,9,9,2133,2690,2873,10,8,1981,2700,3296,3297,12,8,3295,2838,3297,12,8,3280,2593,9,8,3134,Default,
249858,16,7,6,124,124,124,9,157,150,151,10,132,133,129,10,263,269,264,11,771,927,844,10,8,2114,2637,2744,10,8,1973,2684,3297,3296,12,9,3296,2895,3296,12,8,3298,2872,9,8,3296,Default,
249874,13,6,6,109,105,105,10,130,124,126,9,124,128,125,9,178,181,181,9,602,747,672,9,7,2008,2458,2519,9,8,1895,2578,3296,3296,11,8,3296,2891,3295,8,8,3296,3078,8,8,3296,Default,
249890,14,7,7,100,101,99,10,114,107,109,10,127,129,127,9,111,108,108,10,463,561,516,9,9,1919,2296,2308,8,8,1818,2479,3296,3298,16,8,3296,2851,3297,12,8,3297,3295,11,8,3297,Default,
249906,14,7,6,111,111,110,9,105,100,101,10,111,114,113,8,72,69,66,9,367,422,405,10,8,1844,2163,2139,9,8,1750,2372,3289,3298,9,8,3298,2747,3297,9,8,3297,3297,9,8,3297,Default,
249922,16,7,7,112,112,111,9,103,99,99,9,91,91,91,9,14,8,7,6,238,269,255,11,9,1702,1991,1944,8,8,1631,2147,3002,3295,16,8,3296,2529,3295,12,8,3297,3295,9,8,3297,Default,
249938,13,7,6,104,106,106,9,111,107,109,9,77,74,74,10,18,12,12,8,204,227,220,9,10,1507,1885,1807,9,8,1554,1805,2860,3297,12,8,3296,2375,3297,12,8,3296,3295,7,8,3297,Default,
249954,14,7,6,103,106,106,8,106,103,107,10,60,58,57,9,19,12,12,8,210,240,232,9,8,1316,1724,1662,9,9,1368,1464,2419,3281,10,8,2710,1952,3290,11,8,3189,2939,8,8,3296,Default,
249970,14,7,7,96,98,96,8,92,90,92,10,49,45,45,8,15,8,7,6,238,290,283,9,8,1176,1619,1562,8,8,1270,1238,2078,2801,10,8,2398,1503,2578,11,8,2360,2551,8,8,3296,Default,
249986,16,7,7,88,87,89,9,87,84,88,9,35,30,29,8,33,28,27,8,248,311,306,9,8,994,1316,1338,9,9,1041,1017,1645,2185,9,9,1845,957,1401,9,9,1313,1883,8,8,2770,Default,
250002,16,7,6,82,83,85,9,86,84,91,10,41,38,34,8,26,19,18,8,206,274,260,9,8,713,1035,1015,9,9,719,736,1092,1456,8,8,1095,486,711,11,9,642,1181,8,8,1687,Default,
250018,18,7,8,68,70,72,9,77,78,92,10,18,9,8,6,25,17,17,8,149,227,211,9,8,399,587,510,9,9,383,422,576,627,9,8,541,240,318,10,8,281,548,8,9,703,Default,
250034,17,8,7,41,45,44,8,46,46,58,9,16,8,7,6,18,13,13,7,74,139,118,9,10,153,228,171,8,8,133,161,224,157,8,8,178,78,66,9,9,82,88,9,8,140,Default,
250050,13,8,7,38,61,56,8,75,56,78,9,34,59,41,8,16,9,7,6,20,30,21,8,8,66,80,77,9,9,45,58,61,81,9,9,41,34,24,8,8,30,14,7,7,8,Default,
250066,12,9,7,40,91,89,8,85,74,103,9,33,53,51,8,16,9,7,6,31,51,57,8,9,38,43,43,9,9,34,38,45,58,9,8,27,30,18,8,8,22,12,6,7,8,Default,
250082,12,8,7,39,89,91,9,87,70,96,8,33,58,57,9,16,12,8,6,32,47,60,8,9,33,40,37,8,8,33,33,41,52,9,9,21,29,15,8,8,15,15,6,7,10,Default,
250098,12,8,6,36,73,78,8,82,62,92,9,34,58,62,9,17,11,8,6,30,41,59,9,8,33,33,28,8,8,32,33,38,51,9,9,26,27,15,8,8,16,11,7,6,9,Default,
250114,12,8,6,35,70,79,9,78,62,91,8,31,58,64,9,15,12,9,6,30,38,58,9,8,31,32,24,8,8,29,28,32,39,8,9,19,24,13,6,8,12,9,6,6,8,Default,
250130,12,8,6,39,83,90,8,84,69,89,9,37,64,68,8,16,11,8,6,31,44,62,8,9,33,33,25,8,8,27,30,31,35,8,8,16,25,13,7,8,11,11,6,7,8,Default,
250146,12,8,6,41,98,96,9,90,68,94,9,35,65,70,8,16,10,8,6,33,43,61,8,8,31,32,23,7,8,22,26,25,26,8,8,14,23,12,6,7,12,11,6,6,8,Default,
250162,12,8,7,45,104,102,8,98,74,101,9,40,68,74,9,17,9,8,6,34,43,64,9,8,30,32,27,8,9,22,28,25,26,8,8,14,22,11,7,7,8,12,7,7,8,Default,
250178,12,8,6,45,105,103,9,102,70,103,11,41,69,78,8,20,14,12,8,38,46,68,9,9,30,33,29,8,8,25,30,25,26,8,8,19,23,12,7,8,11,10,6,6,8,Default,
250194,12,8,7,46,106,106,8,103,75,103,9,42,71,82,10,19,13,12,8,38,48,70,9,8,33,33,28,8,8,22,29,24,23,8,8,18,23,12,7,7,12,12,6,7,9,Default,
250210,12,8,6,47,109,107,8,109,78,105,9,44,74,84,9,26,16,15,8,42,49,74,9,8,33,33,29,8,8,16,29,23,21,8,8,16,24,12,7,7,13,11,6,6,9,Default,
250226,12,8,6,49,108,111,9,112,77,107,9,45,81,85,8,26,17,15,8,43,49,74,9,9,32,33,27,8,8,16,28,20,19,8,8,16,22,12,7,7,11,10,6,6,9,Default,
250242,12,8,7,49,111,112,8,119,80,111,9,48,87,90,9,29,17,16,8,43,49,71,9,8,34,35,32,8,9,17,31,23,20,8,8,17,23,12,7,8,13,10,6,6,9,Default,
250258,12,8,7,51,115,112,8,118,84,112,10,49,89,90,9,29,17,16,7,42,49,70,9,8,37,43,38,8,8,20,30,22,19,8,8,16,23,12,7,7,13,10,6,6,9,Default,
250274,12,8,6,49,111,107,8,115,83,109,9,48,89,88,9,29,17,16,8,41,51,68,8,8,38,49,41,8,8,21,29,21,17,8,8,16,23,12,7,8,14,10,6,6,9,Default,
250290,12,8,7,49,109,106,10,112,85,110,10,49,96,93,11,30,17,15,9,41,53,69,10,10,39,49,42,9,10,20,32,25,21,8,9,17,24,13,8,8,13,11,7,6,11,Default,
250306,12,8,6,47,109,103,8,115,86,107,10,49,97,94,9,29,18,16,8,42,53,70,9,8,37,51,40,8,8,19,29,23,19,8,8,17,25,12,8,7,15,10,6,6,9,Default,
250322,12,8,6,45,94,91,10,116,78,100,9,49,96,93,9,29,19,18,8,45,55,71,9,9,36,49,41,8,8,22,27,24,20,8,8,17,24,12,7,7,13,10,6,6,10,Default,
250338,12,8,7,43,89,87,8,115,78,98,9,49,95,95,9,29,19,16,8,44,58,78,9,8,35,50,39,8,8,19,29,21,16,8,8,16,24,12,7,8,17,10,6,6,9,Default,
250354,12,8,6,38,78,74,9,111,73,87,8,48,95,93,9,31,20,18,8,47,64,87,8,8,36,59,44,8,8,21,29,20,15,8,8,16,24,12,7,8,16,9,6,7,10,Default,
250370,12,8,7,39,75,74,9,111,72,89,9,51,99,99,8,36,21,20,8,48,65,87,9,10,39,62,46,9,9,21,29,21,17,8,8,17,24,11,7,8,15,8,7,7,10,Default,
250386,12,8,7,43,79,77,9,124,77,96,9,53,95,98,9,40,24,22,8,53,70,88,9,8,54,71,58,8,8,20,35,28,25,8,8,18,23,12,6,8,13,10,6,6,8,Default,
250402,13,8,7,48,82,81,8,136,87,102,9,59,102,103,8,41,26,25,9,58,89,100,10,8,74,92,79,9,9,23,40,32,30,8,8,20,29,12,7,7,13,12,6,7,9,Default,
250418,12,8,7,46,83,81,8,139,88,104,10,60,105,106,9,42,28,25,8,57,90,99,8,9,60,86,72,8,9,20,38,32,29,8,8,14,29,12,7,8,12,12,7,6,8,Default,
250434,25,20,18,99,200,186,8,203,156,246,9,83,141,135,10,32,19,18,8,32,28,23,8,8,72,74,62,9,9,23,35,16,13,8,8,9,24,11,6,7,13,12,6,7,9,Default,
250450,632,729,739,521,1135,1077,8,771,971,1134,8,248,330,323,9,31,24,23,8,33,24,22,8,8,65,60,58,9,9,20,30,20,18,8,8,12,18,10,7,7,9,12,6,6,8,Default,
250466,1282,1555,1613,1049,2274,2351,9,1414,1884,2022,11,397,489,497,9,45,39,39,8,53,45,45,8,9,107,99,98,9,9,22,25,16,14,7,8,9,20,11,8,7,12,12,6,6,9,Default,
250482,1765,2068,2130,1540,3097,3196,9,2133,2814,3063,10,807,1026,1053,9,110,103,103,10,44,35,33,9,9,136,128,127,9,9,22,75,66,66,9,8,16,23,11,7,8,12,10,6,5,8,Default,
250498,1987,2074,2100,2945,3296,3297,10,3192,3296,3296,12,1487,1720,1756,9,241,236,229,10,42,33,33,8,8,193,188,184,10,9,14,174,161,159,10,9,14,23,12,7,8,13,10,6,6,9,Default,
250514,1759,1784,1811,3235,3296,3297,13,3296,3297,3297,12,1919,2210,2246,8,947,999,995,9,655,673,634,9,9,798,849,820,8,8,44,465,434,425,10,10,41,37,25,8,8,27,31,8,8,24,Default,
250530,1520,1553,1580,3095,3297,3296,9,3297,3297,3298,12,1973,2287,2303,9,1202,1283,1264,10,1239,1318,1225,9,8,1403,1547,1548,9,8,99,746,703,688,9,9,101,102,96,10,9,66,35,8,9,34,Default,
250546,1384,1393,1418,3198,3295,3297,10,3296,3297,3297,12,2094,2408,2385,9,1408,1488,1475,9,1650,1753,1652,9,8,1834,2029,2023,9,9,168,1242,1180,1149,8,8,178,254,255,10,10,121,43,8,9,41,Default,
250562,1343,1343,1362,3291,3296,3297,13,3296,3297,3297,14,2205,2479,2459,10,1596,1697,1674,9,1957,2048,1946,8,9,2110,2333,2325,10,9,265,1666,1616,1586,9,9,287,472,482,9,9,202,59,8,8,56,Default,
250578,1326,1318,1342,3295,3297,3297,10,3297,3296,3299,16,2234,2507,2491,9,1662,1764,1744,10,2070,2175,2085,9,8,2235,2482,2481,9,8,306,1861,1825,1804,9,8,336,582,597,9,10,239,70,8,9,66,Default,
250594,1249,1243,1267,3289,3297,3298,9,3295,3297,3295,11,2224,2504,2497,8,1671,1778,1763,9,2130,2255,2174,9,7,2301,2577,2595,9,9,354,1969,1954,1938,8,8,382,675,704,8,8,284,85,9,9,81,Default,
250610,1074,1065,1081,3147,3297,3297,13,3296,3297,3295,13,2121,2415,2418,10,1625,1745,1729,9,2135,2293,2218,8,9,2311,2618,2657,9,8,466,2068,2085,2084,9,9,502,798,839,9,8,368,103,9,9,101,Default,
250626,819,821,833,2868,3296,3297,11,3295,3296,3297,12,1949,2246,2265,8,1529,1666,1655,8,2077,2276,2209,8,8,2276,2630,2701,9,8,592,2172,2228,2252,8,8,641,942,1007,9,8,467,186,9,9,169,Default,
250642,615,623,631,2504,3196,3295,11,2943,3295,3296,12,1721,2009,2035,9,1384,1521,1512,8,1923,2162,2097,9,8,2166,2569,2658,8,8,704,2213,2321,2371,10,8,775,1086,1181,9,8,573,294,9,10,261,Default,
250658,412,415,423,2018,2516,2630,9,2392,2641,2770,10,1446,1695,1749,9,1209,1334,1338,9,1677,1921,1842,9,8,1993,2414,2532,10,8,787,2151,2274,2375,9,8,886,1157,1297,8,8,659,371,9,8,327,Default,
250674,283,286,292,1612,2035,2100,8,1931,2175,2362,10,1210,1429,1485,9,1031,1148,1158,9,1436,1670,1583,9,8,1809,2263,2405,9,8,832,2041,2193,2328,11,8,957,1178,1352,9,8,720,432,8,8,385,Default,
250690,197,197,197,1243,1562,1608,8,1580,1801,2034,9,979,1156,1206,8,891,1005,1026,9,1210,1433,1350,9,8,1640,2102,2302,10,8,874,1906,2097,2292,11,8,1028,1190,1410,11,9,781,511,8,9,457,Default,
250706,116,114,115,974,1172,1211,10,1314,1454,1675,10,797,945,990,8,772,873,899,9,1066,1264,1193,9,9,1529,1972,2234,8,8,936,1806,2001,2267,10,9,1115,1214,1498,9,8,869,543,11,8,506,Default,
250722,65,62,62,805,933,984,8,1131,1238,1446,9,667,794,835,9,675,768,799,9,960,1160,1088,9,8,1468,1920,2231,8,8,1006,1749,1977,2325,10,8,1216,1260,1612,9,8,961,592,8,9,565,Default,
250738,38,36,35,679,771,823,9,954,1057,1214,9,588,709,737,9,605,700,726,9,880,1080,1009,9,8,1428,1911,2251,9,9,1077,1712,2000,2408,11,8,1331,1339,1755,9,8,1083,640,8,9,629,Default,
250754,30,27,28,614,692,733,8,865,956,1092,9,543,658,681,9,556,653,671,9,820,1019,954,8,9,1431,1957,2314,9,8,1168,1728,2068,2549,12,8,1460,1439,1923,9,8,1214,707,7,8,724,Default,
250770,23,20,20,476,569,600,8,757,854,970,9,489,604,617,9,528,627,642,9,791,1015,940,9,8,1416,2024,2392,9,9,1264,1708,2159,2682,9,8,1600,1557,2103,9,8,1351,791,8,9,834,Default,
250786,16,12,11,421,489,508,8,670,754,842,9,446,547,549,9,528,635,642,9,820,1050,976,8,8,1486,2129,2500,9,8,1385,1781,2284,2866,10,8,1782,1701,2313,9,8,1542,944,8,8,986,Default,
250802,15,9,6,376,427,439,10,589,658,713,10,414,493,496,10,538,645,647,9,892,1111,1047,8,8,1596,2282,2653,10,8,1542,1902,2459,3104,10,8,2030,1890,2580,9,9,1799,1151,8,8,1196,Default,
250818,13,7,6,313,344,355,9,519,569,610,9,389,452,452,9,554,662,659,9,949,1152,1118,8,8,1695,2428,2818,10,8,1734,2026,2656,3295,12,8,2353,2081,2860,11,8,2117,1434,8,9,1567,Default,
250834,11,7,6,252,267,273,9,439,464,492,9,331,374,374,8,634,767,763,9,1027,1236,1206,9,8,1824,2585,2979,8,8,1976,2178,2860,3297,11,8,2754,2283,3170,8,8,2533,1766,8,8,2037,Default,
250850,12,7,6,208,217,220,11,414,422,443,10,281,306,307,9,611,732,717,10,1008,1198,1170,9,9,1950,2738,3160,8,8,2216,2319,3031,3297,12,8,3135,2483,3297,12,9,2925,2064,10,8,2479,Default,
250866,13,8,7,182,189,191,9,364,363,380,9,233,249,249,10,526,617,601,9,899,1063,1027,8,7,1975,2715,3161,10,8,2317,2383,3140,3295,11,8,3296,2608,3297,9,8,3255,2350,9,8,2901,Default,
250882,12,6,7,174,178,181,8,283,277,285,9,182,192,189,10,399,446,439,11,772,936,891,9,8,1937,2604,3030,10,8,2321,2382,3167,3295,12,9,3297,2677,3297,12,8,3296,2628,8,8,3293,Default,
250898,13,7,6,156,159,161,9,223,218,222,10,147,153,149,9,277,298,294,11,609,768,703,8,9,1836,2432,2761,10,8,2191,2316,3142,3297,12,8,3297,2691,3297,12,9,3296,2897,8,8,3297,Default,
250914,14,7,6,136,139,140,9,184,177,180,10,122,127,124,10,177,181,182,10,503,647,588,10,8,1660,2122,2331,9,8,1907,2169,3040,3296,12,9,3297,2628,3297,12,8,3298,3080,9,8,3297,Default,
250930,14,7,6,116,117,117,9,148,139,139,10,133,137,136,9,132,128,130,10,403,502,468,9,9,1508,1835,1965,9,8,1653,1998,2862,3296,12,8,3296,2491,3297,12,8,3296,3272,8,8,3297,Default,
250946,16,7,6,111,113,111,10,108,102,103,9,128,132,130,10,74,72,70,9,328,390,382,9,10,1363,1589,1679,9,9,1481,1766,2541,3295,12,8,3297,2257,3298,12,8,3297,3284,7,9,3297,Default,
250962,16,8,7,117,121,122,9,113,109,110,9,109,114,109,10,64,60,60,10,238,274,276,10,9,1136,1398,1432,9,9,1307,1412,2330,3295,11,8,3296,2048,3296,12,8,3297,3139,8,9,3297,Default,
250978,16,7,7,110,114,116,9,109,107,109,9,74,74,74,9,24,14,14,8,192,223,223,9,8,954,1206,1235,8,8,1162,1142,1902,2945,9,8,3299,1667,3199,10,8,3299,2885,9,9,3297,Default,
250994,17,8,6,100,103,104,10,100,97,102,10,48,43,41,8,26,20,18,8,214,257,257,9,10,878,1106,1149,8,8,1050,1014,1579,2403,9,8,2591,1254,2464,10,8,3150,2393,11,8,3297,Default,
251010,15,7,6,98,103,104,9,97,99,104,9,38,33,32,8,33,26,25,8,223,306,305,10,8,755,970,1058,8,8,937,854,1310,2045,9,8,2147,940,1680,9,8,1975,1933,8,8,3295,Default,
251026,16,8,7,90,91,95,9,103,101,115,10,29,23,21,8,27,20,20,8,211,290,279,10,9,614,846,887,9,9,733,699,970,1561,9,9,1525,553,926,10,8,949,1340,8,8,2317,Default,
251042,16,8,7,82,86,91,9,91,91,109,10,16,8,7,6,22,17,17,8,159,243,225,9,10,412,531,531,8,8,419,446,606,800,8,8,703,286,429,9,9,388,696,10,8,1063,Default,
251058,18,8,7,59,67,70,8,64,66,86,9,16,8,7,6,23,19,20,8,99,181,164,9,9,204,261,216,9,10,188,217,306,269,9,8,279,143,165,10,8,163,206,8,8,323,Default,
251074,16,8,6,44,74,70,9,43,55,79,9,20,29,20,7,16,10,6,6,39,74,70,9,8,71,110,114,9,8,75,80,109,73,8,8,85,41,25,8,8,41,26,8,8,32,Default,
251090,12,8,7,51,124,119,8,108,91,144,9,34,51,48,9,17,10,7,6,36,46,66,8,9,41,42,49,9,9,37,41,49,62,9,8,29,37,24,8,8,30,14,7,6,8,Default,
251106,12,8,7,46,111,104,8,101,88,129,8,35,64,60,8,15,9,7,6,38,53,82,9,8,37,38,40,8,8,33,36,45,51,8,8,22,27,13,6,8,16,11,6,6,8,Default,
251122,12,8,6,41,91,86,8,98,76,108,8,35,57,58,9,15,9,7,6,35,49,75,9,8,32,30,24,8,9,29,33,38,46,8,9,21,27,14,7,8,13,11,6,7,8,Default,
251138,12,8,7,38,78,74,8,95,74,101,9,38,62,68,8,16,9,7,6,35,47,75,8,8,37,33,28,8,8,30,34,37,42,9,9,26,26,13,7,8,13,11,6,6,9,Default,
251154,12,8,7,40,86,82,9,96,74,106,9,39,62,68,8,17,9,8,7,35,45,66,9,9,34,32,26,8,8,29,32,34,37,9,8,22,25,13,7,8,13,11,6,6,8,Default,
251170,12,8,7,44,92,94,8,99,78,107,9,41,68,74,9,19,11,9,7,37,45,67,9,8,37,34,28,8,8,29,29,26,31,8,8,17,24,12,7,8,11,12,6,6,8,Default,
251186,12,8,7,45,95,94,9,106,78,112,10,41,69,74,8,16,10,8,6,38,47,70,9,9,35,35,31,8,9,29,31,29,34,8,8,19,24,12,7,8,11,11,7,6,8,Default,
251202,12,8,6,46,99,98,8,108,82,114,9,43,70,78,9,18,10,8,6,37,48,73,9,8,35,34,32,8,8,26,33,31,34,8,8,22,24,12,7,8,13,11,6,6,8,Default,
251218,12,8,6,47,98,100,8,110,83,116,9,42,71,78,9,20,12,11,7,40,48,74,9,8,37,36,33,8,8,26,33,31,34,8,9,23,25,12,7,7,12,12,6,7,8,Default,
251234,12,8,6,48,97,99,9,113,85,115,9,45,72,82,9,22,14,12,8,42,49,78,8,9,37,36,33,8,8,25,32,29,30,8,8,20,25,12,8,8,11,11,6,7,8,Default,
251250,12,8,7,48,99,98,8,113,82,116,9,44,74,82,9,25,15,15,8,43,48,77,10,8,38,36,33,8,8,22,33,28,29,8,8,20,24,12,8,7,11,11,6,6,8,Default,
251266,12,8,7,49,103,103,8,120,85,118,8,46,74,84,9,26,16,15,8,44,49,74,9,8,37,36,33,8,8,20,31,23,24,9,8,16,24,11,7,7,10,12,6,6,8,Default,
251282,12,8,7,51,102,101,9,124,90,120,8,49,75,86,9,27,16,16,8,45,49,73,9,9,40,37,33,8,8,18,32,23,20,8,8,16,24,12,7,8,12,11,6,6,9,Default,
251298,12,8,7,51,104,99,8,128,88,122,9,51,84,89,9,30,17,18,8,45,49,73,9,8,39,40,37,8,8,17,33,21,19,8,8,15,23,12,8,7,13,10,7,6,9,Default,
251314,12,8,6,46,95,86,8,124,83,114,9,49,87,91,9,29,20,17,8,44,48,69,9,8,36,41,37,8,8,19,32,24,23,8,8,18,23,12,6,7,12,9,6,6,8,Default,
251330,12,8,6,44,78,81,9,127,79,111,9,51,88,91,9,31,20,19,8,44,49,67,8,8,36,43,39,8,8,21,33,25,25,8,8,20,25,12,7,8,13,10,6,6,9,Default,
251346,12,8,6,44,78,80,8,129,80,111,9,52,91,95,8,33,20,20,8,45,54,70,9,8,39,48,42,8,8,19,33,25,25,8,8,19,23,12,6,6,14,9,6,6,9,Default,
251362,12,8,7,42,74,76,8,126,82,105,9,52,93,97,9,36,23,21,8,46,64,78,9,9,39,52,43,9,9,19,33,29,25,8,8,18,26,12,7,8,14,10,6,7,10,Default,
251378,12,8,7,40,67,71,9,127,78,100,10,53,94,97,9,33,22,20,8,49,69,85,9,9,37,54,45,8,8,22,32,26,24,8,8,18,25,12,7,8,14,9,6,7,9,Default,
251394,12,8,6,38,66,68,8,122,80,99,8,51,95,97,9,35,22,20,8,49,70,87,9,8,41,60,46,9,8,20,33,28,24,8,8,19,26,12,7,7,14,10,6,6,9,Default,
251410,12,8,7,37,64,65,8,124,78,95,9,51,95,97,9,33,22,20,8,49,72,89,9,9,38,63,48,9,9,20,32,29,27,8,8,19,26,12,7,8,13,10,6,6,9,Default,
251426,13,8,6,41,72,74,8,129,82,100,9,53,99,99,9,42,28,27,8,49,69,87,8,9,43,65,49,9,9,20,33,28,26,8,8,16,29,13,8,8,15,10,6,6,10,Default,
251442,12,8,7,44,72,73,8,136,87,106,9,58,101,101,9,44,29,28,9,55,74,95,9,8,58,76,62,9,9,23,37,28,29,8,8,17,28,12,8,7,13,11,6,7,9,Default,
251458,12,8,6,45,76,78,8,145,91,112,9,59,103,103,9,45,29,29,8,59,82,100,9,8,61,83,69,9,9,22,37,29,29,8,8,14,30,13,7,8,13,12,7,6,9,Default,
251474,12,8,6,45,87,82,8,141,92,110,9,58,107,107,9,40,26,24,8,51,73,83,8,8,43,69,51,8,8,20,33,29,29,8,8,11,27,12,8,8,10,11,6,6,8,Default,
251490,336,399,349,321,690,668,8,517,634,787,9,164,226,219,9,30,23,22,8,33,25,23,8,8,48,44,41,8,8,15,33,19,17,8,8,10,21,12,7,8,11,10,6,6,9,Default,
251506,1137,1229,1282,1304,1907,1984,8,1413,1538,1688,9,349,406,410,9,37,29,29,8,32,28,25,9,8,64,60,58,8,8,20,24,16,15,8,8,9,19,12,8,7,12,10,6,6,9,Default,
251522,1766,1895,1944,2260,2902,3025,9,2300,2476,2648,11,632,721,732,8,78,72,70,11,66,51,51,10,10,124,118,116,8,9,21,45,38,37,8,8,13,20,10,7,8,9,11,6,6,8,Default,
251538,1999,2093,2152,2675,3296,3297,10,2913,3181,3297,12,1239,1470,1508,8,174,169,165,10,35,26,24,9,8,154,149,147,9,9,16,116,105,106,10,9,15,22,11,7,8,11,11,6,6,9,Default,
251554,1843,1884,1927,2913,3297,3296,11,3272,3297,3297,11,1623,1909,1934,8,504,526,520,9,214,221,209,10,8,323,335,326,8,8,20,272,253,252,9,8,16,20,10,6,6,11,10,6,6,8,Default,
251570,1512,1546,1580,3214,3297,3297,10,3297,3297,3297,12,1959,2256,2288,9,1084,1164,1155,9,795,834,793,8,8,955,1026,1020,9,9,62,583,547,534,9,8,59,67,58,8,9,44,34,7,8,25,Default,
251586,1316,1334,1375,3067,3297,3297,10,3297,3295,3298,11,1981,2301,2317,8,1293,1384,1376,8,1277,1379,1306,10,7,1439,1608,1624,8,8,150,1098,1049,1023,9,8,161,191,192,10,8,103,55,8,9,51,Default,
251602,1244,1248,1280,3177,3297,3296,10,3297,3297,3297,12,2119,2404,2411,9,1496,1591,1595,11,1598,1718,1638,9,8,1794,2002,2013,9,8,250,1608,1567,1543,9,8,281,425,433,10,9,188,82,8,9,76,Default,
251618,1230,1226,1249,3250,3296,3297,8,3296,3297,3296,13,2190,2481,2475,9,1618,1730,1716,9,1790,1919,1834,8,8,1977,2217,2190,10,8,314,1922,1903,1890,9,8,350,615,638,10,9,260,91,8,8,89,Default,
251634,1206,1198,1225,3276,3297,3297,9,3297,3296,3298,12,2228,2521,2516,9,1691,1803,1786,9,1915,2046,1962,9,8,2094,2358,2329,9,8,334,2061,2059,2052,9,8,374,734,768,9,8,286,80,8,8,82,Default,
251650,1095,1085,1107,3204,3297,3297,10,3295,3297,3297,12,2211,2504,2502,10,1717,1837,1813,9,1991,2133,2043,9,8,2176,2460,2433,9,9,402,2201,2226,2226,9,9,450,845,891,9,8,340,90,8,10,90,Default,
251666,876,872,890,3023,3296,3297,13,3296,3296,3297,12,2106,2400,2403,9,1695,1823,1797,9,2021,2188,2100,9,9,2230,2547,2536,9,9,513,2350,2411,2434,10,9,571,1041,1111,9,9,431,131,10,8,132,Default,
251682,662,663,676,2750,3296,3297,10,3271,3296,3298,11,1940,2213,2222,9,1639,1767,1741,9,1977,2164,2075,9,8,2180,2512,2533,9,8,599,2431,2533,2592,9,8,669,1211,1315,9,9,522,193,9,9,196,Default,
251698,468,472,480,2351,2895,3033,8,2873,3146,3296,12,1708,1966,1985,11,1535,1663,1633,9,1840,2047,1949,11,8,2075,2404,2454,10,8,662,2415,2549,2650,10,8,753,1297,1438,10,9,592,310,9,8,280,Default,
251714,348,345,351,1894,2259,2348,9,2335,2452,2640,10,1483,1691,1723,8,1401,1509,1480,8,1686,1897,1771,9,9,1960,2288,2350,8,8,717,2352,2499,2640,9,8,826,1348,1530,10,8,655,405,10,8,357,Default,
251730,231,228,231,1505,1820,1852,9,1915,2064,2212,9,1256,1434,1459,9,1277,1372,1346,9,1538,1763,1616,9,8,1853,2215,2280,10,8,752,2267,2467,2626,11,8,882,1376,1588,10,8,699,467,8,8,409,Default,
251746,146,145,145,1185,1399,1417,9,1571,1672,1838,9,1022,1152,1182,9,1152,1220,1205,9,1415,1632,1467,9,8,1769,2130,2226,9,9,789,2186,2400,2630,12,9,950,1421,1691,11,8,765,518,8,8,463,Default,
251762,74,72,72,940,1069,1100,9,1296,1348,1497,10,819,913,941,10,1028,1088,1082,8,1297,1504,1330,8,8,1698,2070,2198,10,8,852,2125,2357,2650,11,8,1041,1499,1840,9,8,876,569,8,8,516,Default,
251778,41,40,39,754,833,868,8,1092,1137,1273,9,678,767,789,9,886,946,952,9,1166,1351,1201,9,8,1641,2035,2198,9,8,907,2050,2315,2678,9,8,1132,1542,1953,10,9,967,628,8,9,593,Default,
251794,29,25,25,650,711,743,8,936,987,1096,9,590,680,694,6,783,849,847,8,1071,1270,1123,9,8,1613,2047,2215,8,9,977,2014,2337,2748,9,8,1251,1622,2073,8,8,1095,694,8,8,671,Default,
251810,21,18,17,482,547,572,9,785,830,912,10,512,592,602,8,733,807,789,10,1021,1231,1091,9,9,1600,2082,2256,8,8,1041,1991,2392,2838,10,8,1366,1699,2208,9,9,1197,795,9,9,779,Default,
251826,14,7,6,426,478,495,9,649,692,748,10,449,519,520,10,721,800,788,9,1000,1223,1090,8,7,1641,2148,2328,9,8,1120,2036,2488,2962,9,8,1489,1805,2375,8,8,1318,887,9,9,873,Default,
251842,12,7,6,363,400,407,9,568,610,646,9,413,469,468,10,701,793,775,9,1021,1245,1114,9,8,1713,2265,2423,9,8,1215,2116,2613,3118,10,8,1654,1929,2537,11,8,1471,994,8,8,983,Default,
251858,12,7,7,323,352,360,10,518,550,577,9,394,444,446,8,743,854,832,9,1091,1307,1193,9,9,1827,2429,2599,9,8,1354,2238,2824,3296,11,8,1851,2108,2782,9,9,1685,1158,9,8,1156,Default,
251874,12,7,6,284,303,310,8,441,458,486,9,356,393,390,9,759,874,837,9,1154,1374,1274,10,8,1947,2541,2773,9,9,1538,2366,2953,3295,12,8,2138,2255,3015,10,9,1951,1419,8,8,1439,Default,
251890,12,8,7,232,243,246,9,418,422,444,9,336,362,364,8,747,856,819,10,1206,1434,1349,9,8,2052,2692,3003,9,9,1756,2499,3099,3297,12,8,2472,2453,3290,11,8,2287,1699,8,9,1804,Default,
251906,13,7,7,207,215,217,9,369,365,380,9,290,307,308,10,718,818,779,9,1232,1435,1371,8,8,2179,2849,3196,10,8,1955,2640,3294,3296,12,8,2784,2645,3296,12,8,2628,2003,10,8,2210,Default,
251922,11,6,7,191,195,197,9,315,309,319,10,241,252,250,10,623,698,660,10,1136,1300,1242,9,8,2234,2902,3266,10,8,2126,2704,3297,3295,12,9,3111,2773,3297,12,8,2966,2276,8,8,2599,Default,
251938,12,7,7,177,179,179,9,264,256,261,10,203,211,207,9,503,553,533,9,981,1130,1070,9,8,2227,2889,3246,10,8,2224,2743,3297,3295,12,9,3295,2884,3297,11,8,3275,2577,9,8,3033,Default,
251954,14,7,7,157,160,159,9,214,206,210,10,168,172,169,11,377,406,393,10,870,1032,953,8,8,2160,2765,3031,10,8,2183,2723,3296,3298,12,8,3299,2942,3298,12,8,3298,2893,8,8,3296,Default,
251970,14,8,6,133,136,136,8,180,172,174,9,129,133,131,9,240,248,245,11,702,865,782,9,8,2036,2560,2709,9,9,2036,2616,3296,3296,12,9,3296,2931,3296,12,8,3296,3104,9,8,3296,Default,
251986,16,8,6,112,111,112,8,146,140,140,10,145,149,148,9,145,145,145,10,512,641,576,11,8,1840,2276,2339,9,9,1832,2419,3296,3297,12,8,3296,2880,3298,12,8,3296,3295,9,8,3297,Default,
252002,15,8,6,113,111,111,9,108,104,104,10,141,145,143,10,82,79,78,9,404,476,453,11,10,1732,2054,2068,9,8,1691,2273,3220,3297,12,8,3298,2736,3296,12,8,3296,3298,12,7,3297,Default,
252018,16,7,6,119,122,123,8,119,113,114,9,128,132,129,10,61,58,56,10,300,341,336,10,9,1565,1848,1826,9,8,1551,2033,2971,3296,12,8,3297,2537,3297,11,8,3298,3296,8,8,3298,Default,
252034,11,7,6,109,111,112,9,107,103,104,9,87,88,87,9,12,7,7,6,209,235,232,10,8,1300,1636,1572,9,8,1393,1616,2533,3294,11,8,3291,2175,3297,8,8,3297,3169,8,8,3297,Default,
252050,15,7,6,107,111,112,9,98,96,99,9,62,58,58,9,25,19,18,8,221,260,254,8,9,1109,1417,1372,9,8,1207,1262,2019,2760,10,9,2554,1663,3005,12,8,3278,2726,8,8,3297,Default,
252066,14,7,6,108,111,112,9,108,104,111,9,40,40,40,8,30,24,24,8,238,290,287,9,7,994,1225,1269,8,8,1087,1095,1679,2358,9,8,2237,1224,2182,8,8,2367,2247,9,8,3294,Default,
252082,15,7,6,98,101,103,10,106,103,112,11,35,29,29,8,34,29,28,8,227,298,289,10,9,782,1009,1069,9,9,876,856,1279,1801,9,8,1703,735,1165,9,8,1183,1587,8,8,2751,Default,
252098,16,8,6,85,88,92,9,99,98,114,10,25,18,16,8,29,22,23,8,189,266,248,9,9,542,758,750,9,9,579,626,816,1133,8,8,925,392,625,9,8,574,999,8,8,1595,Default,
252114,16,8,7,72,75,81,9,82,85,107,10,15,8,6,6,21,16,16,8,136,221,200,9,8,323,427,360,9,10,290,352,454,470,8,8,434,199,271,10,9,244,436,8,9,621,Default,
252130,18,8,7,45,54,55,8,50,53,70,9,16,8,7,6,18,12,12,7,66,115,107,9,8,143,176,141,9,10,113,150,191,130,9,9,142,80,69,9,8,82,70,8,8,116,Default,
252146,12,8,7,48,107,107,9,88,78,128,10,32,49,42,9,16,10,7,6,25,45,30,8,8,40,45,46,8,9,34,47,61,73,9,8,34,37,21,8,8,28,13,7,7,8,Default,
252162,12,8,7,50,124,116,8,107,97,145,9,38,67,62,9,16,9,7,6,37,56,70,9,8,40,45,41,8,8,32,42,56,70,9,9,27,33,20,8,8,20,15,6,6,8,Default,
252178,12,8,6,45,107,105,8,102,88,124,9,37,66,64,9,16,9,7,6,36,53,72,9,8,33,31,24,8,8,28,35,44,53,8,9,24,28,12,7,7,11,11,6,6,8,Default,
252194,12,8,7,40,83,86,8,91,72,107,10,37,59,68,9,16,12,8,6,36,48,74,9,9,32,32,25,8,8,30,33,36,45,9,8,23,25,13,7,8,14,10,6,6,9,Default,
252210,12,8,8,39,83,88,8,88,74,111,10,37,59,71,8,16,11,9,7,36,47,74,8,8,34,32,26,8,8,29,32,33,38,8,8,20,25,14,8,8,14,12,6,6,9,Default,
252226,12,8,7,45,95,99,9,99,80,119,9,41,66,78,9,19,11,10,7,37,47,68,9,8,36,34,27,8,8,29,30,28,29,8,8,16,25,13,7,8,12,12,6,7,9,Default,
252242,12,9,6,49,107,110,10,107,81,126,9,44,70,78,9,19,12,12,8,41,49,68,10,9,40,37,33,8,9,32,32,33,34,9,9,12,26,13,7,7,12,11,6,7,8,Default,
252258,13,8,7,51,107,111,8,115,84,132,9,44,71,81,10,19,11,10,7,42,47,70,9,8,35,31,28,8,8,27,32,27,30,8,8,14,26,12,8,8,12,12,6,7,9,Default,
252274,12,8,7,50,104,114,9,111,82,129,9,41,71,80,8,18,11,8,7,40,46,70,9,7,33,31,29,8,8,25,31,29,33,8,8,14,25,12,7,6,12,11,6,6,8,Default,
252290,12,9,7,51,110,120,9,117,84,129,9,45,72,82,9,20,11,9,7,41,49,74,8,9,36,35,30,8,8,27,32,28,30,8,8,17,25,12,7,8,11,11,6,6,8,Default,
252306,12,8,6,53,111,118,8,121,80,130,9,45,73,82,8,22,12,12,7,43,49,74,9,8,37,36,33,8,8,26,32,29,32,8,8,17,25,12,6,7,11,11,6,6,8,Default,
252322,12,8,7,53,110,116,9,121,88,132,8,47,75,85,9,27,15,14,8,45,51,74,9,8,37,36,33,8,8,22,32,25,25,8,8,17,25,12,7,8,12,11,6,7,8,Default,
252338,12,8,6,53,107,112,9,127,84,126,8,49,78,85,8,27,16,15,8,46,51,73,8,9,38,39,37,8,8,23,33,25,25,8,8,20,24,11,7,8,12,11,7,6,8,Default,
252354,12,8,7,53,109,112,9,128,89,128,9,49,79,88,9,28,17,16,8,46,53,74,9,9,39,38,36,8,8,20,33,22,21,8,8,19,23,12,7,6,14,11,7,6,8,Default,
252370,12,8,6,53,109,112,8,126,87,124,9,51,85,91,9,30,17,17,8,44,51,72,10,8,38,40,35,8,8,20,32,22,20,8,8,17,24,12,7,8,13,10,6,6,8,Default,
252386,12,8,6,51,107,105,8,125,88,123,9,52,91,93,9,30,20,19,8,45,51,71,9,9,38,42,38,8,8,20,33,24,22,8,8,19,24,12,7,8,13,10,5,6,9,Default,
252402,13,8,7,48,96,95,8,120,84,119,9,51,92,95,9,33,21,20,8,45,51,72,10,8,39,45,37,8,8,20,33,25,23,8,8,19,27,12,7,7,13,10,6,6,9,Default,
252418,12,8,6,45,82,88,8,124,81,111,9,51,91,96,9,34,21,20,8,45,52,71,9,8,38,45,39,8,8,20,33,24,22,8,8,19,23,12,8,8,15,11,6,7,10,Default,
252434,12,8,7,45,83,87,8,124,82,108,8,52,91,95,9,33,21,20,8,46,54,78,8,8,38,45,39,8,8,18,32,24,20,8,8,17,23,12,7,8,12,11,6,7,9,Default,
252450,12,8,7,41,71,81,9,120,73,99,10,51,91,95,10,33,20,20,8,45,59,84,10,8,38,52,42,8,8,19,31,25,24,8,8,17,25,12,7,8,12,10,6,6,9,Default,
252466,12,8,6,38,70,74,8,115,73,91,9,50,93,96,9,34,22,20,8,47,70,89,8,8,37,58,44,8,8,20,32,31,29,9,8,20,26,12,7,8,14,11,5,6,9,Default,
252482,12,8,7,41,73,78,9,124,72,95,9,53,99,100,9,43,26,28,8,52,71,89,9,10,41,64,49,9,9,21,32,32,29,8,8,22,24,11,7,7,12,11,6,6,9,Default,
252498,12,8,7,45,77,79,8,136,82,105,9,58,103,102,9,44,28,27,9,55,79,98,9,8,58,77,61,8,8,23,40,33,33,8,8,24,25,12,8,8,14,11,6,6,9,Default,
252514,12,7,6,46,78,78,9,139,85,107,9,54,103,103,9,44,29,29,8,60,86,104,9,8,64,86,72,9,9,21,40,33,35,8,9,18,25,12,6,8,12,10,6,7,8,Default,
252530,12,8,6,46,81,82,9,139,83,106,9,58,104,105,8,44,28,27,8,57,81,95,9,9,51,70,57,8,8,21,36,29,28,8,9,15,26,11,7,8,10,11,6,6,8,Default,
252546,174,203,184,194,372,402,8,364,356,509,9,130,189,181,8,37,24,24,8,57,52,51,8,8,64,59,56,8,8,20,31,14,12,7,8,8,17,10,7,7,11,10,6,6,8,Default,
252562,752,887,931,638,1439,1444,9,907,1207,1372,9,277,360,362,9,24,17,16,8,33,25,23,8,8,61,57,55,8,8,20,28,18,18,8,8,11,20,12,7,8,12,10,7,6,8,Default,
252578,1458,1580,1652,1725,2473,2583,8,1784,2003,2160,10,448,517,531,9,49,42,41,8,52,45,43,8,9,103,94,93,9,9,23,25,17,16,8,8,9,18,10,7,8,9,12,6,6,8,Default,
252594,1853,1951,1988,2425,3140,3287,9,2538,2790,3043,10,913,1066,1106,9,109,105,103,10,36,26,25,8,8,124,118,116,9,9,19,64,56,56,9,8,14,22,10,7,7,9,12,6,6,8,Default,
252610,1695,1857,1886,2794,3297,3297,10,3039,3247,3297,12,1433,1674,1702,9,247,240,233,11,55,49,47,8,8,161,157,155,9,9,16,140,134,134,9,10,15,23,11,7,8,11,11,6,6,8,Default,
252626,1587,1630,1649,2856,3297,3297,10,3270,3295,3295,13,1771,2093,2132,10,870,939,940,9,610,640,601,8,8,745,794,778,11,8,48,459,426,416,10,9,41,40,26,8,8,29,32,7,8,22,Default,
252642,1410,1447,1470,2976,3297,3297,9,3295,3296,3297,12,1896,2211,2242,9,1185,1275,1268,10,1165,1250,1174,9,8,1304,1446,1461,9,9,114,900,852,820,9,9,120,120,115,9,9,75,54,8,8,45,Default,
252658,1351,1365,1389,3149,3297,3297,10,3297,3297,3296,12,2061,2368,2378,10,1432,1521,1529,9,1597,1714,1635,10,8,1707,1876,1898,9,9,223,1453,1407,1377,8,8,244,310,313,9,8,160,78,8,9,74,Default,
252674,1384,1392,1417,3270,3295,3297,13,3295,3296,3297,12,2178,2479,2488,8,1572,1680,1691,9,1859,1984,1912,9,8,1942,2140,2168,8,9,289,1803,1770,1754,9,8,314,486,497,9,9,220,83,9,9,83,Default,
252690,1396,1405,1429,3292,3297,3297,9,3297,3297,3297,12,2225,2533,2537,10,1633,1752,1755,9,1957,2092,2020,9,8,2059,2278,2316,10,8,335,1919,1901,1892,9,9,368,576,593,9,8,261,75,8,9,74,Default,
252706,1329,1339,1363,3286,3296,3297,10,3297,3297,3297,12,2213,2533,2534,10,1646,1768,1769,9,2000,2143,2073,9,8,2115,2350,2395,9,8,375,1977,1972,1966,9,8,413,652,677,9,8,294,72,9,10,74,Default,
252722,1140,1144,1170,3139,3297,3297,13,3296,3297,3298,13,2115,2431,2450,10,1617,1751,1750,9,2015,2175,2112,8,8,2143,2400,2466,10,8,456,2072,2089,2101,9,8,499,756,793,8,8,358,91,9,8,91,Default,
252738,907,910,935,2881,3295,3297,10,3289,3297,3296,12,1937,2251,2280,9,1521,1658,1658,9,1940,2130,2069,9,8,2111,2401,2491,9,8,550,2166,2217,2251,11,7,604,879,935,9,8,431,113,8,10,117,Default,
252754,656,665,683,2491,3244,3296,10,2889,3292,3296,11,1695,1999,2042,8,1359,1492,1501,9,1753,1969,1902,9,8,1990,2317,2429,10,8,609,2150,2238,2298,9,9,676,972,1053,9,8,485,138,10,9,143,Default,
252770,477,489,497,1615,2474,2635,8,2280,2722,2893,11,1397,1716,1778,9,1151,1296,1309,10,1478,1742,1651,8,8,1732,2139,2263,9,9,650,1994,2161,2249,9,8,734,1015,1123,9,8,533,169,8,9,178,Default,
252786,365,372,380,1321,1972,2057,8,1879,2193,2383,9,1193,1470,1531,7,1010,1143,1162,8,1283,1527,1429,8,8,1593,1984,2132,9,8,680,1900,2069,2193,9,8,787,1043,1181,8,8,576,212,9,9,219,Default,
252802,261,265,266,1087,1587,1637,8,1584,1857,2086,8,1007,1227,1289,9,894,1017,1037,9,1134,1354,1268,9,8,1492,1880,2067,9,9,711,1821,2009,2179,11,8,839,1057,1231,8,8,616,271,8,10,277,Default,
252818,172,173,174,887,1223,1269,10,1336,1540,1748,10,831,1011,1064,8,804,916,945,9,1019,1229,1144,8,9,1420,1802,2033,8,8,759,1765,1956,2188,9,8,910,1085,1305,9,9,677,362,10,9,365,Default,
252834,103,103,103,764,1009,1055,8,1174,1329,1532,9,725,878,924,9,740,839,870,9,947,1155,1073,9,8,1402,1794,2058,9,8,814,1743,1965,2255,9,8,990,1142,1415,9,9,756,446,9,8,432,Default,
252850,69,67,67,679,860,913,8,1044,1176,1355,9,646,786,823,9,692,790,816,9,907,1114,1030,10,8,1408,1815,2115,9,9,886,1743,1996,2358,10,9,1086,1230,1566,9,8,856,526,9,11,507,Default,
252866,53,49,48,609,745,790,9,968,1074,1235,9,606,728,763,9,675,778,796,8,903,1117,1036,9,9,1463,1899,2226,8,8,993,1795,2089,2512,11,8,1210,1357,1757,9,9,974,634,10,8,614,Default,
252882,35,33,35,563,667,703,8,897,989,1123,10,573,692,709,9,679,783,794,9,941,1171,1082,8,8,1554,2037,2374,9,9,1118,1883,2227,2699,10,8,1372,1509,1961,11,8,1123,761,8,9,732,Default,
252898,29,26,25,521,602,630,9,799,874,974,10,547,655,663,8,694,797,803,9,1024,1269,1181,9,8,1673,2193,2537,10,8,1267,1998,2397,2918,10,8,1562,1690,2206,8,9,1323,906,8,9,873,Default,
252914,22,19,19,456,509,530,8,733,808,876,9,511,601,607,9,729,841,837,9,1126,1379,1287,8,9,1805,2373,2724,10,8,1425,2141,2599,3179,10,9,1781,1886,2487,8,9,1539,1096,10,8,1065,Default,
252930,14,9,9,402,442,457,8,639,696,746,9,464,531,534,10,769,887,874,9,1223,1472,1401,10,8,1940,2553,2912,9,9,1620,2292,2796,3295,12,8,2057,2097,2794,10,8,1829,1298,8,8,1290,Default,
252946,13,8,7,309,327,340,9,545,577,618,10,395,443,443,10,787,902,881,9,1298,1545,1496,9,8,2063,2698,3084,10,8,1807,2436,2951,3296,12,8,2366,2314,3121,12,8,2150,1569,8,8,1631,Default,
252962,12,8,7,240,251,255,10,434,447,471,9,314,337,337,10,768,895,868,10,1290,1512,1466,8,8,2157,2821,3233,10,8,2053,2559,3152,3296,12,9,2797,2518,3295,12,8,2580,1891,8,8,2081,Default,
252978,12,7,6,209,217,219,9,375,374,391,9,267,285,284,10,672,766,742,9,1164,1332,1293,10,8,2206,2881,3294,11,8,2261,2632,3291,3298,12,8,3142,2678,3297,11,9,2949,2188,8,9,2513,Default,
252994,12,6,6,183,189,192,9,299,294,303,9,208,219,215,9,531,601,581,9,1011,1166,1118,9,7,2180,2831,3250,10,8,2331,2644,3293,3297,11,8,3294,2757,3297,10,8,3269,2501,8,8,2987,Default,
253010,13,7,6,174,178,178,11,243,238,240,10,170,176,172,9,406,445,431,9,850,1015,942,9,9,2109,2736,3060,9,9,2288,2630,3297,3297,12,8,3296,2860,3297,12,9,3295,2849,10,8,3297,Default,
253026,13,7,7,154,156,157,10,187,180,182,10,138,143,140,8,247,263,259,10,666,825,747,9,7,1942,2506,2731,9,8,2113,2492,3297,3295,10,8,3297,2846,3296,12,8,3295,3080,9,8,3296,Default,
253042,16,8,6,127,130,130,9,147,140,141,10,135,140,136,10,160,159,161,11,512,650,590,10,8,1754,2181,2302,9,9,1836,2297,3166,3296,12,8,3297,2736,3297,12,8,3297,3290,8,9,3297,Default,
253058,13,7,7,108,109,107,9,110,103,104,10,139,142,140,10,88,84,83,9,404,487,464,8,9,1625,1899,1945,8,8,1625,2151,3063,3297,12,8,3299,2624,3298,12,9,3296,3296,8,8,3297,Default,
253074,14,7,6,116,119,118,9,113,110,109,10,128,132,131,10,86,82,83,10,291,334,329,9,8,1484,1739,1752,9,9,1505,1909,2836,3296,12,9,3297,2433,3297,12,8,3297,3295,9,8,3297,Default,
253090,16,7,6,113,116,117,9,114,111,112,10,99,102,101,10,19,13,12,8,209,240,235,10,9,1233,1515,1496,9,8,1345,1503,2461,3295,12,8,3296,2122,3297,12,8,3297,3148,8,8,3297,Default,
253106,15,7,7,113,117,117,9,99,97,99,10,64,60,61,9,29,23,22,8,210,248,242,9,10,1086,1346,1346,9,9,1185,1220,1998,2773,9,8,2653,1672,3035,10,9,3285,2729,10,9,3296,Default,
253122,16,8,7,109,111,112,9,102,99,105,9,48,45,43,8,37,31,30,8,244,302,299,10,9,964,1188,1250,9,9,1076,1060,1668,2354,9,9,2231,1239,2188,9,8,2293,2256,8,8,3296,Default,
253138,13,8,7,100,103,105,9,108,107,116,10,37,32,29,8,37,31,30,8,244,322,315,9,8,786,1077,1102,8,8,903,868,1297,1859,9,9,1753,780,1202,9,8,1243,1659,8,8,2835,Default,
253154,16,8,7,88,89,94,9,104,103,120,10,23,15,16,7,32,25,25,8,194,276,253,9,10,567,790,759,8,8,593,640,905,1139,8,8,953,400,589,9,9,561,1028,10,8,1699,Default,
253170,19,8,7,77,80,86,8,84,87,107,9,15,8,7,5,22,17,13,8,145,233,205,12,10,349,450,385,8,8,315,374,347,480,8,8,469,198,254,11,9,246,480,9,8,739,Default,
253186,17,8,8,48,61,57,9,52,58,74,11,17,9,7,5,16,10,9,8,67,136,118,10,9,144,191,159,9,9,125,153,199,141,8,9,171,77,66,9,9,91,93,8,9,180,Default,
253202,13,9,6,45,97,100,10,81,76,111,9,32,55,43,8,14,10,6,6,24,38,29,8,8,44,51,60,8,9,37,42,58,82,9,9,32,37,29,8,8,29,19,8,7,8,Default,
253218,13,8,7,50,120,117,8,106,96,154,9,37,63,58,9,18,9,7,6,40,62,82,9,8,41,44,45,8,8,36,42,55,68,9,8,28,34,22,8,8,24,16,7,6,8,Default,
253234,12,8,7,46,111,105,9,105,89,135,9,35,66,64,9,16,10,7,6,41,60,90,9,8,35,34,30,8,8,30,37,44,51,8,8,20,25,11,6,7,9,10,6,6,7,Default,
253250,12,8,7,42,87,82,9,98,82,110,9,38,66,66,8,15,10,8,6,37,53,82,8,9,33,32,24,8,8,31,33,39,46,9,8,20,24,11,6,7,8,16,7,8,16,Default,
253266,12,9,7,43,91,85,9,91,79,113,9,36,66,71,8,16,11,8,6,38,53,80,10,8,32,32,24,8,8,27,29,30,32,8,8,16,24,11,6,6,8,15,7,8,14,Default,
253282,12,8,7,45,103,99,9,99,85,118,9,40,67,74,8,17,11,8,7,40,57,83,9,8,32,31,22,8,8,29,28,29,30,8,9,16,23,12,6,7,8,12,6,6,8,Default,
253298,12,8,6,51,107,106,9,103,82,123,9,42,72,78,8,20,13,10,7,43,53,85,9,9,34,29,23,8,8,25,27,28,30,8,8,15,24,12,7,7,9,13,7,7,12,Default,
253314,12,8,6,49,110,110,8,108,90,127,9,43,74,81,9,22,13,12,8,41,54,87,9,8,32,30,22,8,8,24,27,24,24,8,8,16,23,11,7,7,9,16,6,8,16,Default,
253330,12,8,6,51,113,114,8,111,91,128,10,43,73,78,9,20,12,11,7,42,54,88,10,8,32,31,25,8,8,26,27,22,20,8,8,23,22,12,7,7,12,16,7,8,19,Default,
253346,12,8,6,53,113,114,9,116,87,128,9,43,72,78,8,18,12,9,7,45,58,90,8,9,32,32,25,8,9,28,27,20,18,8,8,20,20,9,6,7,11,16,8,8,20,Default,
253362,11,9,8,53,116,116,9,114,93,129,10,45,74,80,10,21,11,11,8,45,58,92,11,9,33,33,24,7,8,27,26,20,16,7,8,22,20,11,6,7,12,16,7,8,19,Default,
253378,12,8,7,55,118,116,9,122,93,131,9,46,74,82,9,24,14,12,8,46,58,88,9,8,33,31,25,8,8,20,29,20,18,7,8,20,23,12,7,8,15,15,7,8,20,Default,
253394,12,8,6,53,120,116,8,123,93,132,9,48,77,85,9,28,16,15,7,48,58,85,8,9,35,33,27,8,8,22,29,20,16,8,8,21,21,11,7,8,16,10,6,6,11,Default,
253410,12,8,7,54,116,113,8,126,93,132,9,49,80,87,9,30,16,16,8,47,53,81,9,9,37,34,28,8,8,20,31,21,19,8,8,20,23,12,8,8,16,10,6,6,10,Default,
253426,13,8,6,51,110,103,7,132,94,128,9,51,90,90,8,31,17,16,8,47,53,77,9,8,37,38,29,8,8,21,33,24,22,8,8,21,24,12,7,8,15,10,6,7,9,Default,
253442,12,8,7,48,99,92,8,127,93,121,9,51,92,95,10,32,18,19,8,49,61,82,8,9,39,46,38,8,8,26,34,29,27,8,8,25,25,12,7,7,15,11,5,6,9,Default,
253458,12,8,6,46,94,90,8,129,93,120,8,52,92,95,9,32,20,20,8,48,64,82,9,8,39,47,40,8,8,24,33,29,28,8,8,22,26,12,7,8,14,11,6,6,9,Default,
253474,12,8,7,45,91,87,9,125,88,116,9,48,92,95,9,32,21,20,8,49,66,84,9,8,37,48,41,8,8,21,33,29,29,8,8,20,25,12,6,8,14,9,6,6,8,Default,
253490,12,8,7,42,74,79,9,128,82,104,10,52,91,95,8,33,22,21,8,51,68,91,9,9,37,51,41,8,8,24,30,29,27,8,8,18,26,12,8,7,13,11,6,7,9,Default,
253506,12,8,6,40,69,73,9,124,74,94,9,47,91,93,9,31,21,20,8,49,71,93,10,8,38,58,45,8,9,23,33,30,28,8,8,22,25,12,6,8,14,9,6,8,8,Default,
253522,11,8,7,39,69,74,9,126,78,95,9,51,95,95,9,34,22,21,8,49,71,91,9,8,39,60,48,8,8,20,34,29,28,8,8,19,25,12,7,8,12,12,6,6,9,Default,
253538,13,8,7,43,74,77,8,136,85,100,9,58,101,101,9,43,29,27,9,53,79,95,8,8,52,74,62,8,8,22,36,29,29,8,8,19,27,13,7,6,13,12,6,7,9,Default,
253554,12,8,7,47,80,79,8,149,91,110,9,58,103,104,10,45,29,29,8,60,96,107,9,8,64,92,81,9,9,22,38,29,30,8,8,16,29,13,8,8,15,12,6,6,9,Default,
253570,12,8,7,51,103,99,9,154,99,126,9,56,105,105,9,26,15,14,7,41,53,53,9,8,53,70,58,8,8,22,35,27,28,8,8,12,26,12,7,8,12,12,6,7,8,Default,
253586,286,358,310,290,644,637,8,448,592,726,8,154,215,211,9,32,20,20,8,33,24,21,8,8,65,60,57,8,8,25,34,20,20,8,7,11,22,12,7,8,12,12,6,6,9,Default,
253602,924,1049,1084,752,1672,1720,9,1053,1374,1506,9,290,371,373,9,27,20,19,8,37,30,28,8,8,60,57,54,9,8,23,29,20,17,8,8,11,20,12,7,8,12,10,5,6,9,Default,
253618,1459,1698,1751,1240,2593,2719,8,1694,2237,2417,9,479,589,609,9,63,55,54,9,62,53,53,9,8,113,104,103,8,8,20,40,32,31,8,8,12,20,10,6,6,11,10,6,7,8,Default,
253634,1746,1962,1994,2712,3295,3297,13,2843,3091,3295,14,1202,1397,1427,8,157,150,149,10,39,27,26,8,9,140,133,132,9,10,17,116,132,132,10,9,14,22,10,6,8,11,11,6,6,8,Default,
253650,1780,1836,1856,2922,3297,3297,9,3219,3297,3296,12,1619,1898,1940,9,488,499,489,9,219,225,215,9,8,313,320,315,10,9,20,281,263,260,10,10,20,17,8,6,6,8,12,8,6,7,Default,
253666,1554,1585,1610,2937,3294,3297,10,3294,3296,3298,12,1865,2209,2242,9,941,1024,1028,9,748,787,745,10,8,822,882,866,10,9,52,472,440,434,10,9,49,49,39,8,8,36,34,8,8,26,Default,
253682,1289,1312,1339,2933,3298,3298,12,3295,3296,3297,12,1896,2222,2230,10,1129,1206,1202,9,1170,1252,1165,9,9,1278,1409,1415,9,8,96,871,820,795,9,8,99,116,113,9,9,62,40,8,8,33,Default,
253698,1209,1222,1248,3002,3297,3297,10,3296,3297,3297,12,1981,2281,2291,9,1294,1373,1368,10,1478,1583,1490,10,8,1582,1748,1764,9,8,182,1372,1317,1279,9,9,193,310,314,11,9,138,66,9,9,64,Default,
253714,1208,1210,1236,3105,3296,3296,11,3296,3297,3297,12,2081,2359,2361,8,1467,1554,1558,8,1716,1814,1725,9,8,1846,2026,2048,9,9,277,1714,1669,1645,8,8,304,501,517,9,8,221,82,9,9,82,Default,
253730,1210,1213,1243,3149,3298,3297,9,3296,3296,3296,12,2118,2413,2419,9,1517,1625,1636,9,1822,1916,1844,8,9,1970,2186,2216,9,8,325,1870,1844,1833,9,9,362,630,652,10,10,269,77,8,8,75,Default,
253746,1135,1139,1166,3103,3298,3297,10,3296,3296,3297,11,2108,2421,2433,8,1499,1624,1632,8,1892,2004,1941,9,8,2040,2292,2339,9,8,418,1975,1977,1981,9,8,466,733,768,8,8,341,92,8,9,91,Default,
253762,960,961,982,2943,3297,3297,10,3296,3297,3297,12,2010,2342,2368,9,1488,1627,1641,9,1917,2066,2009,9,7,2092,2383,2466,9,8,558,2096,2140,2171,11,8,618,895,953,10,9,451,138,9,9,146,Default,
253778,727,739,754,2673,3295,3297,10,3107,3296,3297,13,1828,2153,2197,9,1390,1541,1558,9,1828,2017,1976,8,9,2061,2401,2516,9,8,700,2168,2255,2321,10,8,780,1068,1160,10,8,584,223,8,9,244,Default,
253794,542,551,560,2516,3107,3275,9,2786,3175,3295,12,1638,1940,1989,9,1260,1399,1422,10,1695,1894,1857,10,8,1984,2334,2474,10,8,823,2180,2288,2384,11,8,929,1197,1322,8,9,707,324,8,10,344,Default,
253810,401,407,415,2102,2582,2755,9,2331,2600,2745,9,1398,1654,1732,9,1066,1196,1227,8,1451,1654,1609,8,8,1817,2164,2335,9,8,887,2077,2195,2329,10,8,1023,1239,1404,9,8,789,412,9,9,419,Default,
253826,297,302,309,1604,2093,2217,10,1907,2185,2398,9,1169,1417,1499,8,871,998,1040,9,1193,1407,1372,9,9,1616,1985,2184,8,8,929,1902,2065,2245,10,8,1097,1236,1438,10,8,855,461,9,8,481,Default,
253842,223,227,230,1295,1728,1834,8,1587,1893,2139,10,974,1214,1287,9,736,863,911,9,988,1206,1181,9,8,1435,1834,2065,9,8,970,1743,1963,2188,9,9,1167,1222,1463,10,8,911,508,9,10,540,Default,
253858,163,164,165,1057,1390,1482,8,1314,1588,1839,9,809,1027,1098,9,615,729,776,9,843,1061,1021,9,8,1297,1712,1989,8,8,1015,1608,1878,2169,9,8,1256,1230,1521,9,8,993,567,8,9,614,Default,
253874,103,103,103,884,1136,1219,6,1122,1350,1602,10,679,878,942,9,533,646,693,9,749,969,934,8,8,1213,1638,1971,9,8,1069,1514,1821,2186,9,8,1345,1239,1593,9,8,1088,621,8,8,696,Default,
253890,68,68,69,781,968,1050,8,992,1200,1432,9,609,787,841,8,485,588,630,9,684,894,866,8,8,1182,1626,1990,9,8,1132,1486,1823,2234,9,8,1445,1273,1696,9,8,1184,691,8,8,789,Default,
253906,53,49,50,688,835,913,8,887,1068,1258,9,557,729,775,8,458,560,600,10,659,863,841,8,8,1185,1659,2071,9,9,1203,1482,1839,2322,10,8,1544,1355,1848,10,8,1289,754,8,9,874,Default,
253922,44,41,41,626,748,808,9,825,990,1168,9,512,675,704,9,441,539,574,9,672,887,866,8,9,1223,1749,2192,10,8,1312,1519,1945,2478,9,8,1683,1471,2020,9,8,1424,866,8,8,991,Default,
253938,27,24,24,491,619,654,8,756,924,1082,9,485,638,662,9,455,563,595,9,713,957,937,9,8,1273,1882,2340,9,9,1440,1558,2100,2661,10,8,1862,1633,2232,10,8,1596,1008,8,9,1143,Default,
253954,20,19,19,433,517,539,9,684,816,925,9,456,580,592,8,485,601,625,9,804,1067,1050,9,7,1378,2052,2520,9,8,1619,1688,2284,2915,10,8,2118,1824,2516,8,8,1865,1218,8,8,1396,Default,
253970,14,8,6,381,439,455,9,583,668,736,9,402,486,495,8,506,622,630,8,869,1135,1126,9,8,1492,2209,2696,8,8,1830,1825,2470,3176,10,9,2464,2017,2823,9,9,2204,1496,10,8,1757,Default,
253986,12,7,6,290,319,328,10,438,477,515,9,315,367,372,8,478,583,590,9,874,1123,1117,9,8,1574,2320,2860,10,8,2065,1925,2600,3296,11,8,2858,2166,3117,8,8,2608,1838,9,8,2241,Default,
254002,13,7,6,224,241,245,8,385,402,427,9,270,302,302,9,467,563,567,9,804,1036,1015,10,8,1662,2430,2975,9,8,2277,2028,2760,3295,12,8,3238,2358,3296,15,8,3051,2167,8,8,2748,Default,
254018,12,7,6,200,211,215,11,339,344,362,10,232,254,254,9,410,479,479,11,653,837,805,9,9,1688,2381,2964,9,8,2372,2079,2819,3297,12,8,3296,2443,3297,12,9,3295,2528,10,8,3258,Default,
254034,16,7,7,178,186,189,8,298,296,306,10,174,184,182,10,318,356,358,11,569,741,699,9,8,1670,2294,2822,9,8,2334,2097,2831,3295,12,8,3297,2490,3297,11,8,3297,2797,8,9,3297,Default,
254050,16,8,7,163,169,170,9,225,218,225,11,132,139,135,10,225,239,240,11,439,561,509,9,8,1565,2145,2524,9,8,2144,2023,2831,3295,16,8,3297,2505,3296,16,8,3298,3071,8,8,3296,Default,
254066,14,8,7,141,145,145,9,183,175,178,10,111,113,110,9,153,153,154,11,377,472,438,8,9,1373,1759,2042,9,9,1759,1872,2624,3295,12,8,3298,2358,3296,11,8,3296,3295,8,8,3298,Default,
254082,16,8,6,115,118,117,9,149,141,141,10,117,122,120,9,109,108,112,10,339,413,402,9,8,1235,1466,1681,9,9,1475,1686,2499,3295,12,9,3296,2225,3297,12,8,3297,3295,9,8,3296,Default,
254098,14,7,7,103,106,107,9,116,108,109,10,113,120,116,9,87,82,82,9,240,277,281,9,8,1016,1253,1411,8,8,1281,1381,2234,3295,11,8,3297,2006,3299,15,9,3298,3289,8,8,3297,Default,
254114,15,7,6,112,120,120,9,116,111,112,10,102,105,103,9,66,64,65,9,203,236,246,9,10,850,1086,1189,9,8,1125,1088,1956,3108,10,9,3297,1748,3296,12,8,3296,3071,8,8,3296,Default,
254130,15,7,6,114,120,123,9,99,96,99,10,69,70,70,9,27,20,20,8,180,210,214,10,9,782,950,1063,9,8,1019,978,1578,2670,12,8,3297,1374,2848,11,8,3297,2723,9,8,3296,Default,
254146,17,8,6,96,107,108,9,95,95,99,10,46,41,42,9,33,24,23,8,182,236,242,9,9,687,911,1003,8,8,941,837,1310,2216,9,8,2569,1057,2190,9,8,3175,2234,8,8,3296,Default,
254162,15,8,6,97,104,106,10,98,97,106,11,38,33,33,8,41,34,35,9,211,272,285,9,10,594,825,916,8,8,838,705,1071,1878,9,8,2122,783,1508,9,8,1862,1754,9,8,3271,Default,
254178,16,8,7,90,93,98,9,95,92,106,10,37,35,34,8,20,12,11,7,192,263,272,11,8,494,624,752,8,8,631,592,791,1419,9,8,1438,472,850,8,10,903,1235,9,7,2222,Default,
254194,13,8,6,77,82,90,9,83,85,105,9,14,8,7,6,26,23,23,8,146,236,226,9,8,314,374,436,8,8,350,356,472,729,8,8,653,242,382,8,8,378,634,8,8,1003,Default,
254210,19,8,7,46,60,66,8,49,57,74,10,16,8,7,6,20,16,16,8,67,136,128,9,9,111,152,170,9,9,146,134,162,191,9,9,235,108,123,9,9,145,156,7,9,272,Default,
254226,12,11,7,30,83,78,9,34,61,87,9,20,50,33,8,12,12,7,6,24,52,45,9,8,32,57,85,9,9,62,38,86,62,8,8,103,35,21,7,8,33,20,8,8,23,Default,
254242,12,8,6,47,116,107,9,103,82,136,9,30,45,40,8,16,11,10,8,28,32,36,8,8,33,35,37,8,8,43,38,47,55,8,9,37,35,24,8,8,29,15,7,8,8,Default,
254258,12,9,7,46,109,107,8,103,88,137,9,35,54,54,8,16,12,9,6,36,49,72,8,9,29,25,25,8,8,34,33,40,46,8,8,27,30,16,8,8,21,11,6,7,10,Default,
254274,12,8,7,41,102,95,8,93,78,112,10,33,53,58,9,17,12,11,7,35,45,78,9,8,28,26,25,8,8,32,29,33,38,8,8,25,25,13,8,7,15,11,6,6,9,Default,
254290,12,8,7,40,90,90,8,92,74,109,9,35,57,64,9,16,12,10,6,36,45,82,8,9,27,25,25,8,8,28,29,32,33,8,8,23,24,12,7,8,12,12,6,6,8,Default,
254306,12,8,7,42,97,103,9,94,75,116,9,37,62,67,9,17,12,9,7,37,45,74,9,10,28,27,25,8,8,24,29,33,35,8,8,21,25,12,7,7,12,12,6,6,9,Default,
254322,12,8,6,45,103,107,8,103,82,119,9,39,65,71,9,19,12,11,7,37,46,68,10,8,29,25,20,8,8,23,29,31,32,9,9,22,25,12,7,8,15,11,6,6,9,Default,
254338,12,8,7,48,105,105,9,111,82,117,8,41,68,75,9,21,13,12,8,39,45,66,9,8,28,21,19,7,8,24,25,22,20,8,8,18,22,12,7,8,16,10,6,6,9,Default,
254354,12,8,7,49,107,109,10,114,80,119,9,42,68,75,8,20,12,12,8,41,45,69,8,9,27,19,17,7,8,26,22,17,15,8,8,12,20,12,8,8,12,11,6,7,9,Default,
254370,12,8,6,48,105,109,8,114,84,124,9,41,69,75,8,18,11,10,6,39,47,74,9,8,26,20,19,8,8,19,23,19,16,8,8,16,20,11,8,7,12,11,6,7,9,Default,
254386,12,8,7,47,99,106,8,113,82,114,9,41,70,78,10,18,11,9,7,37,47,77,11,8,26,23,20,7,8,21,25,24,20,8,9,19,21,11,8,8,13,12,8,7,10,Default,
254402,12,8,7,46,99,102,9,115,79,111,9,44,70,80,9,17,11,9,7,40,49,77,9,9,29,24,20,8,8,23,26,23,23,8,8,19,21,12,7,7,12,11,5,7,9,Default,
254418,12,8,7,47,98,104,8,116,81,114,9,43,70,81,9,18,12,9,7,40,51,80,9,8,29,25,24,8,9,17,29,23,21,8,8,16,23,11,7,7,11,11,6,6,9,Default,
254434,12,8,7,49,99,104,9,124,79,116,9,44,74,82,9,24,15,15,8,45,49,81,9,8,29,25,25,8,8,14,29,24,22,8,8,16,24,12,6,8,12,10,6,5,8,Default,
254450,12,8,6,47,96,103,8,123,78,110,9,46,75,82,9,25,16,15,8,43,50,78,8,9,30,26,23,8,8,14,29,24,21,8,8,16,25,12,8,8,13,10,6,6,10,Default,
254466,12,8,6,46,93,96,8,124,78,110,9,45,79,85,10,26,16,16,8,45,46,74,8,8,30,27,25,8,8,13,28,20,16,8,8,16,20,11,7,7,13,8,6,6,8,Default,
254482,13,8,6,47,93,95,8,128,78,114,9,48,82,87,8,27,17,16,8,43,47,73,9,8,32,32,28,8,8,15,29,19,16,7,8,16,21,12,7,8,14,10,6,6,10,Default,
254498,12,8,6,45,90,90,9,130,75,111,9,49,87,88,8,29,18,17,8,44,49,71,8,9,33,31,28,8,8,14,29,19,16,8,8,16,20,11,6,7,11,9,6,6,9,Default,
254514,12,8,7,43,78,82,9,125,75,107,9,49,87,91,9,29,18,17,8,44,48,72,9,8,33,30,28,8,8,14,29,19,15,7,8,15,20,12,7,7,12,10,6,6,10,Default,
254530,11,8,7,41,73,78,9,130,75,103,9,51,90,92,9,31,19,19,8,45,49,80,10,9,37,37,35,9,8,16,32,22,20,8,7,16,21,11,7,7,10,11,6,6,8,Default,
254546,12,8,7,40,68,75,8,124,73,99,9,51,88,94,9,33,20,19,8,45,49,79,9,10,41,44,39,8,9,15,33,23,21,8,8,16,24,12,7,8,12,11,6,7,8,Default,
254562,12,8,6,40,72,76,8,124,78,101,8,53,96,98,9,37,22,22,8,47,60,87,9,8,41,58,44,8,8,16,36,29,25,8,8,20,23,11,7,7,10,10,6,6,8,Default,
254578,12,8,6,43,80,82,8,133,87,110,9,56,100,103,9,46,28,28,8,52,72,92,10,8,49,74,59,8,8,18,37,29,27,8,8,19,28,10,7,8,12,12,6,6,8,Default,
254594,12,8,6,48,88,90,8,141,91,113,9,59,106,108,8,48,30,30,9,56,85,105,8,9,52,86,73,8,8,21,38,32,30,8,8,17,28,12,7,7,12,12,6,6,8,Default,
254610,13,8,6,48,100,94,8,136,91,124,9,53,103,99,9,25,14,12,8,40,51,58,8,8,41,61,49,8,8,16,34,29,31,8,8,13,26,11,7,7,8,12,6,4,8,Default,
254626,357,414,370,329,735,685,8,528,652,786,9,170,235,227,9,33,22,21,8,33,25,23,8,8,49,48,44,9,9,15,33,20,18,8,8,11,20,11,7,8,9,10,6,6,8,Default,
254642,1110,1178,1219,1224,1828,1880,10,1316,1442,1566,9,315,378,379,10,30,23,23,8,37,27,25,8,8,50,46,45,8,8,20,23,17,16,8,8,9,19,11,7,8,9,9,6,6,8,Default,
254658,1666,1778,1850,2112,2768,2889,9,2170,2331,2503,9,568,644,661,8,75,69,67,9,62,55,54,8,8,111,104,103,9,9,21,33,24,22,8,8,11,20,11,7,7,9,11,6,6,8,Default,
254674,1727,1919,1962,2701,3295,3296,11,2873,3084,3295,11,1210,1420,1456,8,159,153,149,9,36,24,21,8,8,133,131,130,9,8,16,129,121,119,10,9,13,20,11,6,8,12,9,6,6,9,Default,
254690,1642,1662,1707,3039,3295,3297,12,3292,3296,3298,15,1723,1990,2015,8,762,806,802,9,447,469,434,10,9,655,690,671,8,8,41,437,409,399,9,8,41,23,13,7,8,15,17,8,8,12,Default,
254706,1461,1479,1510,3295,3297,3297,11,3297,3296,3297,12,2000,2283,2282,8,1245,1324,1298,8,1261,1333,1232,10,8,1441,1582,1593,8,8,94,974,920,888,8,9,93,140,137,9,8,72,31,8,8,28,Default,
254722,1233,1230,1258,3296,3297,3297,10,3297,3297,3295,12,2059,2317,2282,9,1429,1496,1486,11,1641,1732,1624,9,8,1796,1960,1972,9,9,171,1509,1445,1411,9,9,184,379,387,10,10,140,55,8,8,57,Default,
254738,1159,1154,1176,3279,3298,3298,11,3297,3297,3296,12,2082,2321,2259,11,1556,1629,1602,10,1891,1940,1836,9,16,1998,2197,2184,10,15,241,1894,1855,1804,11,15,258,600,625,9,13,202,64,8,9,66,Default,
254754,1191,1176,1202,3295,3299,3297,12,3296,3297,3296,13,2134,2375,2313,12,1633,1701,1676,12,1969,2016,1919,12,16,2139,2354,2337,12,16,276,2111,2080,2038,12,15,302,737,771,12,16,239,61,9,9,62,Default,
254770,1194,1177,1202,3295,3297,3297,12,3297,3297,3297,14,2143,2400,2343,12,1641,1724,1703,11,2027,2089,1991,11,16,2207,2439,2421,11,15,318,2189,2180,2147,11,14,350,794,831,11,16,276,72,8,9,75,Default,
254786,1087,1073,1097,3283,3296,3297,15,3298,3297,3297,12,2112,2379,2328,10,1637,1733,1712,11,2055,2143,2044,9,17,2229,2491,2491,8,18,362,2266,2286,2270,9,18,401,870,919,11,19,313,91,9,12,95,Default,
254802,878,867,883,3092,3296,3297,10,3296,3296,3298,12,1989,2261,2220,9,1591,1703,1681,9,2018,2145,2052,9,12,2193,2484,2512,10,12,465,2353,2412,2416,9,12,525,999,1065,10,11,406,117,9,10,126,Default,
254818,663,655,664,2798,3296,3297,9,3265,3297,3297,12,1815,2074,2042,8,1489,1610,1581,9,1928,2075,1978,9,8,2134,2437,2479,10,8,543,2395,2499,2524,9,9,615,1131,1219,10,8,481,157,8,8,164,Default,
254834,470,465,471,2404,3071,3044,11,2854,3157,3201,10,1561,1797,1763,10,1340,1448,1417,9,1757,1905,1794,9,9,2016,2325,2370,9,9,602,2346,2486,2527,10,8,684,1177,1285,9,9,538,200,10,8,207,Default,
254850,343,339,345,1981,2438,2401,8,2385,2519,2550,9,1351,1551,1528,9,1220,1300,1273,9,1577,1718,1587,9,8,1884,2175,2224,9,8,620,2259,2396,2454,9,8,725,1177,1314,10,9,569,248,8,10,248,Default,
254866,259,256,257,1583,1935,1869,8,1955,2031,2189,9,1161,1336,1333,9,1108,1169,1159,9,1450,1585,1450,10,8,1761,2054,2136,9,8,620,2151,2303,2405,9,8,737,1165,1329,11,9,583,315,9,10,305,Default,
254882,177,176,178,1245,1515,1446,9,1612,1666,1842,10,957,1088,1096,9,1011,1067,1057,10,1310,1437,1294,8,8,1653,1964,2063,10,8,643,2046,2237,2363,10,8,780,1173,1362,8,9,611,391,9,8,366,Default,
254898,100,97,97,1036,1239,1177,8,1313,1377,1496,9,811,918,934,9,916,974,965,9,1208,1332,1198,9,8,1572,1907,2025,9,9,684,1966,2193,2361,9,9,845,1202,1430,10,8,661,444,8,9,414,Default,
254914,61,59,58,869,1018,986,9,1106,1149,1248,9,696,784,806,8,841,892,881,9,1130,1274,1132,9,8,1548,1894,2030,8,8,721,1928,2180,2404,8,8,902,1251,1526,8,8,721,482,9,9,453,Default,
254930,45,42,42,750,849,845,8,955,995,1084,9,617,703,724,9,786,831,818,11,1048,1219,1077,8,8,1548,1911,2075,9,8,773,1919,2194,2491,9,8,974,1324,1660,9,9,795,522,7,9,507,Default,
254946,33,32,32,674,755,760,8,868,905,992,9,568,655,669,8,764,817,800,8,1061,1256,1097,10,8,1599,1993,2163,9,8,847,1971,2287,2624,8,8,1072,1431,1822,8,8,896,585,9,9,584,Default,
254962,26,22,22,537,619,626,8,787,830,903,9,542,616,626,9,775,833,812,9,1101,1302,1143,8,8,1673,2117,2296,9,8,966,2050,2424,2803,11,8,1228,1583,2024,9,8,1047,673,8,8,680,Default,
254978,19,16,16,491,551,563,9,715,752,808,9,489,557,562,8,816,884,855,10,1186,1399,1238,10,8,1791,2291,2464,8,9,1102,2184,2595,3037,11,8,1412,1765,2280,10,8,1218,787,9,8,811,Default,
254994,13,8,7,437,482,491,9,635,674,711,9,476,538,540,9,835,923,882,10,1275,1493,1336,9,8,1915,2455,2629,10,8,1253,2315,2806,3274,10,8,1632,1962,2541,9,8,1438,972,8,8,986,Default,
255010,12,8,6,373,404,412,8,548,576,604,9,444,497,501,9,858,949,903,8,1351,1571,1431,9,8,2039,2619,2818,9,9,1432,2454,2966,3296,12,9,1895,2147,2809,9,8,1691,1201,8,9,1223,Default,
255026,12,7,6,306,319,326,9,429,451,468,10,401,439,436,9,872,973,927,9,1433,1649,1530,8,8,2168,2802,3051,10,8,1675,2607,3200,3297,12,8,2246,2383,3115,10,8,2020,1499,8,8,1575,Default,
255042,12,7,7,233,239,242,9,337,341,350,11,339,364,362,9,864,965,918,11,1488,1695,1591,10,8,2294,2968,3259,10,8,1884,2753,3297,3295,12,8,2577,2596,3296,12,8,2376,1772,8,8,1952,Default,
255058,12,7,6,194,198,199,9,308,303,312,10,294,310,310,10,791,873,822,9,1438,1624,1518,10,8,2396,3098,3297,11,8,2129,2880,3297,3295,12,8,2979,2797,3298,15,8,2798,2082,8,8,2375,Default,
255074,12,7,7,172,176,176,9,252,245,249,10,236,245,241,9,646,699,660,10,1220,1349,1268,8,9,2380,3062,3296,11,8,2239,2896,3296,3296,12,8,3273,2889,3297,12,8,3161,2391,8,8,2814,Default,
255090,13,7,7,157,158,158,8,207,198,199,10,204,213,212,10,477,512,493,9,988,1126,1056,9,8,2322,2967,3250,9,8,2261,2861,3297,3296,11,8,3297,2968,3297,12,8,3296,2679,8,9,3244,Default,
255106,13,7,6,129,130,132,9,181,174,176,10,150,154,151,10,326,341,332,10,785,932,852,9,8,2159,2729,2931,10,8,2132,2755,3297,3295,12,8,3296,2972,3297,12,9,3298,2938,9,9,3297,Default,
255122,14,7,6,107,103,103,10,138,132,134,9,139,143,140,9,189,193,189,11,601,733,657,9,9,1957,2466,2528,9,8,1927,2572,3296,3297,10,8,3296,2952,3297,12,8,3297,3130,11,8,3296,Default,
255138,16,7,7,94,92,91,9,114,107,107,9,140,144,141,9,97,93,92,10,439,530,493,11,8,1811,2224,2230,9,9,1764,2420,3296,3296,11,8,3297,2846,3297,12,8,3297,3286,8,8,3297,Default,
255154,13,7,6,106,104,104,9,109,103,103,9,137,140,139,8,25,19,17,8,327,377,364,10,8,1696,2011,1994,8,8,1621,2251,3208,3296,10,8,3296,2669,3297,11,8,3299,3293,8,8,3298,Default,
255170,17,7,7,110,111,111,10,104,100,101,11,110,111,110,9,13,7,7,6,214,239,229,10,9,1505,1848,1787,8,8,1509,1916,2860,3296,12,9,3296,2416,3296,12,8,3295,3275,10,8,3296,Default,
255186,15,7,7,107,109,111,9,88,83,85,9,86,87,86,9,20,16,14,8,212,244,236,10,8,1310,1695,1640,8,8,1353,1525,2448,3294,10,8,2735,2069,3295,11,8,3282,2978,8,8,3297,Default,
255202,13,8,6,103,105,106,9,97,93,96,9,52,51,49,8,19,12,12,8,236,284,276,10,8,1189,1571,1534,8,8,1243,1279,2110,2810,10,8,2350,1587,2719,9,8,2491,2557,8,8,3297,Default,
255218,14,7,6,101,103,103,8,101,99,103,9,45,40,39,8,33,27,26,8,254,316,308,8,9,1047,1437,1426,9,9,1115,1121,1778,2341,9,8,1925,1102,1734,9,8,1571,2009,8,8,2922,Default,
255234,13,7,6,98,100,102,9,96,95,101,10,32,28,26,8,33,27,28,8,224,292,282,10,9,824,1157,1156,8,8,837,859,1329,1750,9,8,1331,630,901,9,8,825,1380,8,8,1919,Default,
255250,17,8,7,83,87,92,9,91,93,107,10,16,9,8,6,29,22,23,8,167,252,231,9,8,518,675,663,9,9,446,548,765,864,8,9,642,327,459,10,8,368,696,8,8,808,Default,
255266,18,8,7,59,69,68,9,65,71,85,9,17,8,6,6,20,13,13,8,98,176,160,8,10,196,310,245,9,9,174,225,329,291,9,9,239,135,152,9,8,132,175,8,9,238,Default,
255282,14,8,6,36,52,51,8,40,45,62,9,29,41,25,8,16,9,7,6,36,65,62,8,8,74,126,116,10,9,75,70,113,69,9,9,78,34,17,8,8,29,17,7,8,19,Default,
255298,12,8,7,40,78,84,8,99,79,123,9,36,64,57,9,16,9,7,6,31,47,55,8,8,40,48,49,8,8,38,38,49,58,9,8,32,33,21,8,8,24,14,6,7,8,Default,
255314,12,8,7,38,69,86,9,105,69,111,8,39,66,66,9,14,10,7,6,33,44,62,8,8,37,41,41,8,8,35,35,43,56,9,8,25,27,16,8,8,16,11,6,7,9,Default,
255330,12,9,7,32,56,66,8,95,61,90,9,37,64,71,9,16,10,7,6,31,45,64,9,8,31,35,27,8,9,33,32,38,49,9,8,25,26,16,7,8,20,11,6,6,10,Default,
255346,12,8,6,32,49,59,8,92,56,90,8,38,64,71,8,15,9,7,6,32,42,62,9,8,30,30,25,8,8,32,29,32,40,9,8,20,25,15,8,8,17,11,6,7,9,Default,
255362,12,8,7,35,55,70,9,95,59,92,9,39,66,74,9,17,9,7,6,33,45,67,8,9,34,30,25,8,8,28,29,29,33,8,8,17,24,14,7,7,13,11,6,6,9,Default,
255378,12,8,7,41,71,88,9,106,67,103,8,41,68,78,9,15,9,7,5,34,45,66,9,8,32,33,25,8,8,24,29,28,32,8,8,18,24,13,7,8,13,11,6,6,9,Default,
255394,11,8,6,42,73,94,8,109,66,107,8,41,67,78,9,16,10,8,6,35,42,66,8,8,30,32,29,8,8,23,29,25,28,8,8,13,24,13,7,7,11,11,6,6,8,Default,
255410,12,8,6,44,77,97,8,116,70,112,8,44,70,81,9,20,12,11,7,37,45,67,8,9,32,33,29,8,8,24,29,26,30,8,8,14,25,13,7,8,10,12,6,6,9,Default,
255426,12,8,6,46,77,98,8,120,67,116,8,41,69,84,7,22,13,12,8,41,43,68,9,8,33,33,33,8,8,27,30,24,28,8,8,13,23,12,6,7,11,12,6,6,8,Default,
255442,12,8,6,46,79,99,8,122,72,120,9,46,74,86,9,24,15,14,8,42,45,70,9,8,34,33,32,8,8,24,31,25,29,8,8,13,24,12,7,8,11,12,6,6,8,Default,
255458,12,8,6,47,79,101,9,122,69,118,9,47,75,87,9,25,15,14,8,43,44,67,9,10,35,33,31,8,8,23,29,22,23,8,8,12,23,12,8,8,11,12,6,6,9,Default,
255474,12,8,7,48,82,101,8,122,74,120,9,48,81,91,9,27,14,15,8,43,45,70,9,8,35,33,32,8,8,21,29,21,22,8,8,14,23,12,7,7,11,12,6,6,9,Default,
255490,12,8,7,48,83,99,9,120,74,119,9,49,87,95,9,28,16,15,8,44,47,71,9,8,38,38,35,8,8,21,32,23,22,8,8,19,22,12,7,7,11,11,6,6,8,Default,
255506,12,8,7,46,83,95,9,124,74,117,9,51,93,102,8,29,17,16,8,44,49,70,9,9,37,42,39,8,8,24,31,23,22,8,8,19,24,12,8,8,12,11,7,7,9,Default,
255522,12,8,7,45,78,87,8,129,77,113,9,52,92,100,9,30,17,17,8,42,49,69,8,9,37,45,41,8,8,20,33,26,25,8,8,22,24,12,7,8,13,10,6,6,9,Default,
255538,12,8,6,41,70,79,8,129,77,109,8,53,99,103,9,30,20,19,8,43,53,70,8,8,40,53,45,8,8,22,33,26,24,8,8,22,23,12,7,8,14,10,6,7,9,Default,
255554,12,8,6,40,68,75,8,128,75,107,9,53,100,105,10,32,20,20,8,45,54,72,9,9,38,54,45,8,8,23,33,22,22,8,8,21,23,12,7,7,14,11,6,7,9,Default,
255570,12,8,6,37,62,70,8,123,73,98,9,53,101,104,8,32,20,20,8,45,58,75,9,8,37,53,42,9,9,19,31,24,22,8,8,21,24,12,7,7,14,10,6,6,10,Default,
255586,12,8,6,35,57,64,8,111,68,90,9,51,100,102,9,33,21,20,8,44,60,82,10,8,37,56,45,8,8,20,30,24,20,8,8,20,23,12,7,7,14,10,6,6,9,Default,
255602,12,8,6,36,58,63,9,116,68,87,9,54,99,100,9,38,24,22,8,49,68,89,9,9,38,59,45,8,8,20,32,26,22,8,8,20,25,12,7,7,14,11,6,6,10,Default,
255618,12,8,6,38,58,66,8,125,74,95,9,56,99,103,9,44,26,25,8,52,72,90,10,8,53,72,58,8,8,22,37,30,28,8,8,22,25,12,7,7,15,10,7,6,9,Default,
255634,12,8,6,41,63,69,8,131,78,100,9,58,104,106,7,42,27,27,8,59,91,101,8,8,69,93,78,9,8,24,40,34,33,8,8,21,22,12,6,7,13,10,6,6,8,Default,
255650,12,8,6,44,66,74,9,136,79,107,9,58,107,111,9,45,29,29,8,60,92,105,9,9,60,87,71,8,8,24,38,33,33,8,8,22,26,12,7,8,12,11,6,6,9,Default,
255666,12,8,6,54,96,105,9,146,103,173,9,59,107,111,9,22,13,12,8,33,33,29,8,8,58,67,58,9,8,20,35,23,20,8,8,16,23,12,6,7,12,9,6,6,8,Default,
255682,419,501,485,378,844,837,8,573,781,966,10,192,268,265,9,28,18,16,8,31,23,21,8,8,47,45,43,9,9,19,33,23,20,8,8,15,18,10,7,8,11,11,7,7,8,Default,
255698,1193,1288,1360,1295,1940,2068,10,1379,1557,1725,9,334,406,416,10,26,20,20,8,34,25,24,8,9,66,61,59,8,9,21,25,16,15,8,8,9,20,12,8,8,12,9,7,7,9,Default,
255714,1738,1877,1904,2187,2890,3030,8,2248,2462,2664,9,611,699,717,9,72,65,62,9,62,53,52,9,8,117,110,109,9,9,22,43,35,33,8,8,13,21,11,7,7,11,10,6,7,8,Default,
255730,2012,2062,2099,2760,3297,3296,10,2979,3183,3297,12,1296,1501,1534,9,172,165,163,10,33,23,21,8,8,157,147,145,9,10,14,135,125,125,9,9,13,22,11,7,8,10,10,6,6,9,Default,
255746,1804,1805,1828,2991,3296,3296,10,3291,3296,3296,12,1673,1901,1937,9,524,537,523,11,201,205,193,9,9,473,484,469,9,9,19,336,315,310,11,9,20,19,10,6,7,9,13,6,6,8,Default,
255762,1532,1550,1574,2989,3296,3298,10,3297,3297,3295,12,1894,2197,2205,9,987,1042,1038,9,754,788,737,10,8,957,1031,997,9,9,62,658,611,592,9,9,62,83,74,9,9,48,40,7,8,29,Default,
255778,1336,1342,1368,3059,3296,3297,10,3296,3296,3297,12,1981,2268,2271,9,1234,1291,1279,9,1219,1307,1207,9,8,1447,1570,1563,9,8,137,1240,1170,1123,10,8,149,221,221,10,9,107,56,8,9,49,Default,
255794,1251,1244,1269,3171,3295,3297,13,3296,3297,3297,12,2106,2374,2372,9,1412,1485,1466,10,1567,1666,1558,9,9,1779,1932,1929,8,8,248,1752,1687,1648,9,8,278,486,498,9,9,201,86,9,9,82,Default,
255810,1212,1206,1230,3231,3297,3297,9,3297,3297,3297,12,2151,2425,2429,9,1546,1629,1612,9,1785,1870,1773,9,8,1986,2176,2180,9,9,326,2042,2006,1987,9,9,369,704,731,9,8,282,87,9,9,85,Default,
255826,1166,1156,1178,3221,3297,3297,10,3296,3297,3296,12,2180,2458,2466,9,1594,1683,1672,9,1861,1960,1866,9,8,2091,2304,2317,10,8,359,2174,2158,2143,9,8,411,811,848,9,8,315,96,8,10,97,Default,
255842,1028,1023,1040,3115,3298,3297,11,3297,3297,3297,12,2128,2409,2425,9,1584,1686,1669,9,1879,1987,1893,9,9,2143,2385,2408,10,8,417,2265,2274,2272,9,9,469,911,959,9,9,366,121,10,9,130,Default,
255858,815,816,829,2900,3297,3297,9,3296,3297,3297,12,1995,2288,2304,9,1538,1645,1628,9,1858,1995,1899,9,8,2152,2425,2470,9,8,508,2350,2396,2417,9,8,573,1061,1134,9,8,440,174,9,10,178,Default,
255874,590,593,601,2570,3244,3297,10,3054,3295,3296,11,1801,2077,2103,8,1459,1572,1558,9,1766,1925,1834,11,8,2110,2403,2465,9,9,609,2408,2487,2550,9,8,692,1206,1318,8,8,547,257,9,9,261,Default,
255890,400,399,407,2135,2651,2743,9,2578,2850,2863,10,1566,1813,1850,9,1318,1430,1414,9,1635,1808,1702,8,8,2007,2305,2396,9,8,706,2383,2491,2585,10,8,806,1289,1433,9,8,631,377,8,8,356,Default,
255906,273,275,277,1741,2138,2207,8,2118,2352,2499,10,1348,1575,1632,8,1199,1299,1283,9,1499,1687,1567,9,8,1881,2191,2313,9,8,752,2303,2441,2590,9,8,881,1329,1510,7,8,688,452,9,9,415,Default,
255922,176,175,174,1346,1643,1680,8,1778,1979,2173,9,1135,1319,1372,9,1071,1154,1153,10,1349,1546,1396,9,8,1758,2082,2221,9,8,786,2200,2368,2566,11,9,941,1358,1581,8,9,737,501,9,8,464,Default,
255938,93,89,91,1048,1232,1264,9,1450,1590,1789,9,917,1065,1113,8,955,1027,1031,9,1209,1407,1238,9,9,1651,1974,2139,8,9,804,2084,2273,2542,10,8,985,1366,1645,9,9,783,552,10,8,511,Default,
255954,49,45,46,847,961,1005,8,1233,1325,1510,9,760,886,922,9,828,893,903,9,1082,1247,1104,8,8,1575,1878,2077,9,8,833,2013,2230,2545,9,8,1045,1409,1753,9,8,849,584,8,8,554,Default,
255970,33,30,29,700,788,820,8,1029,1111,1243,9,646,755,784,9,736,799,802,9,954,1142,1003,10,8,1511,1836,2039,9,8,877,1955,2199,2568,9,9,1130,1460,1875,9,8,945,648,8,8,626,Default,
255986,23,20,20,511,592,625,9,860,934,1047,10,551,654,672,8,643,717,713,9,892,1094,956,9,9,1470,1837,2035,8,8,924,1893,2221,2640,9,8,1225,1530,2008,9,9,1037,709,9,9,705,Default,
256002,13,8,6,447,511,530,8,742,805,899,9,485,575,580,9,630,707,698,9,860,1067,932,8,8,1498,1901,2102,10,8,1003,1925,2292,2759,9,8,1351,1635,2165,9,8,1164,774,8,9,791,Default,
256018,13,7,7,397,447,460,8,654,707,779,9,444,524,520,9,628,712,699,10,875,1077,948,9,8,1572,1999,2205,9,9,1098,2010,2403,2923,10,8,1496,1769,2357,10,8,1308,862,8,8,882,Default,
256034,12,8,7,343,375,386,10,572,617,665,9,401,461,458,9,619,708,684,9,935,1130,1015,8,8,1678,2143,2342,10,8,1236,2119,2582,3134,10,8,1712,1948,2598,12,9,1527,1040,7,9,1076,Default,
256050,12,8,7,309,335,342,9,489,519,555,9,377,420,421,9,613,701,664,10,990,1192,1086,9,8,1771,2255,2512,9,9,1401,2228,2707,3295,12,8,1967,2097,2843,11,8,1797,1297,8,8,1357,Default,
256066,12,7,6,249,264,266,9,456,468,495,11,333,365,367,9,662,762,733,10,1060,1264,1178,9,8,1871,2451,2762,10,8,1638,2353,2949,3295,12,9,2350,2329,3159,9,8,2176,1596,8,8,1737,Default,
256082,12,7,6,217,225,229,9,424,429,451,10,297,319,323,11,649,746,712,9,1081,1280,1218,8,8,1997,2644,2984,9,9,1894,2491,3121,3296,12,8,2750,2541,3296,14,8,2603,1919,8,8,2184,Default,
256098,12,7,7,192,198,199,9,357,353,368,10,251,269,268,10,570,645,617,9,984,1150,1097,9,8,2069,2716,3071,10,8,2043,2577,3250,3297,12,8,3057,2682,3297,12,8,2948,2214,8,8,2576,Default,
256114,10,7,6,178,182,184,9,287,282,286,9,194,206,203,9,447,493,475,8,880,1049,986,9,8,2067,2713,3045,9,8,2144,2609,3295,3296,11,8,3295,2790,3297,11,8,3273,2533,8,8,3010,Default,
256130,13,8,6,156,158,160,10,242,232,235,10,162,167,162,9,326,348,339,10,779,944,857,9,8,2037,2602,2881,8,8,2126,2615,3296,3298,16,8,3297,2857,3297,12,8,3296,2830,11,8,3296,Default,
256146,13,7,7,138,139,141,9,194,186,187,10,135,141,138,9,220,229,226,10,659,821,742,9,8,1925,2436,2596,9,8,1997,2524,3295,3296,10,8,3297,2881,3297,10,8,3297,3105,9,8,3294,Default,
256162,16,7,6,116,118,119,9,164,153,157,10,136,141,137,9,150,149,149,10,508,638,577,9,8,1754,2187,2255,9,8,1803,2342,3294,3296,12,8,3297,2826,3296,11,8,3297,3295,8,9,3293,Default,
256178,14,7,6,100,99,99,9,128,122,123,10,143,148,145,10,91,88,88,10,419,508,477,9,8,1678,1989,2033,9,9,1694,2244,3182,3297,12,8,3297,2719,3297,12,8,3297,3296,8,8,3297,Default,
256194,16,7,6,106,109,109,9,116,110,110,10,134,139,136,9,79,76,76,9,328,381,373,8,8,1562,1834,1835,9,8,1576,2043,2898,3297,12,8,3298,2510,3297,12,8,3295,3295,9,8,3295,Default,
256210,12,7,7,113,116,117,8,119,116,117,9,103,107,106,9,16,8,9,6,219,249,244,10,8,1347,1649,1610,8,8,1429,1679,2626,3296,11,8,3296,2258,3297,12,8,3297,3274,9,8,3297,Default,
256226,14,7,6,107,111,111,9,112,108,111,10,66,63,62,9,27,22,20,7,218,254,248,9,10,1134,1461,1414,9,8,1277,1319,2164,2956,12,8,3250,1825,3142,11,9,3296,2841,8,8,3298,Default,
256242,14,7,6,103,106,106,9,111,108,113,10,47,43,42,9,35,26,25,8,252,306,303,9,8,1055,1354,1340,9,9,1172,1171,1836,2461,9,8,2387,1355,2400,10,8,2772,2361,8,9,3293,Default,
256258,15,7,6,92,95,97,8,103,105,114,9,35,29,29,8,40,33,33,8,233,322,315,10,8,893,1202,1196,9,8,1000,976,1476,1969,9,8,1883,878,1343,9,8,1423,1710,8,8,2973,Default,
256274,14,7,6,91,94,97,10,104,103,116,9,33,29,32,8,29,22,21,8,214,298,285,9,10,665,921,903,8,8,674,716,1030,1332,9,8,1060,475,717,9,9,665,1081,9,8,1749,Default,
256290,16,8,7,81,87,90,8,79,87,106,9,16,8,7,6,29,23,24,8,145,238,210,10,9,368,507,419,9,9,346,410,514,539,10,8,493,228,319,9,10,275,472,8,8,684,Default,
256306,16,8,7,49,58,57,8,51,54,71,9,16,8,7,6,19,15,13,7,76,139,125,10,9,155,208,157,9,9,126,169,230,164,9,8,174,90,87,9,9,92,92,8,9,138,Default,
256322,12,8,7,48,99,93,9,91,77,112,10,37,58,45,8,16,9,7,6,27,40,32,8,8,58,61,68,8,9,46,56,64,74,9,9,46,33,19,8,8,25,13,7,6,8,Default,
256338,12,8,6,45,109,102,8,104,85,133,9,33,56,52,9,17,8,8,6,35,53,66,9,8,38,43,44,8,8,38,41,53,68,9,9,31,34,19,8,8,25,12,6,7,9,Default,
256354,12,8,6,43,96,97,9,99,79,124,9,32,53,54,9,15,10,7,6,36,49,75,9,8,33,34,30,8,8,36,37,45,58,8,9,24,29,16,4,8,19,10,6,6,9,Default,
256370,12,9,7,36,70,72,8,91,70,103,8,34,52,56,9,15,11,8,7,36,50,82,8,9,33,32,28,8,8,34,33,38,45,9,8,23,28,16,8,8,17,11,6,6,10,Default,
256386,12,8,6,37,71,74,8,88,71,111,9,34,58,67,9,16,10,7,6,35,49,75,9,8,33,33,28,8,8,31,32,34,40,8,8,18,26,13,6,7,15,9,6,6,8,Default,
256402,12,8,6,42,80,85,8,94,78,116,9,39,65,74,9,18,10,9,7,37,48,67,9,7,34,33,26,8,8,31,30,32,36,9,9,18,26,13,8,8,12,11,6,6,9,Default,
256418,12,8,7,44,90,95,8,99,80,124,8,41,67,78,9,20,12,10,7,38,44,66,9,9,37,35,30,8,8,32,29,27,28,9,8,16,26,13,7,8,13,11,6,6,9,Default,
256434,13,9,6,47,96,103,9,107,87,131,9,45,72,82,11,24,14,14,7,40,49,69,10,8,35,33,28,8,8,26,33,30,33,8,9,16,25,15,7,8,14,12,6,7,9,Default,
256450,12,8,6,48,102,103,8,112,87,134,9,43,72,80,9,23,13,13,7,41,49,72,10,8,36,35,32,6,9,27,33,29,33,8,8,15,27,14,7,8,14,11,6,7,9,Default,
256466,12,8,7,49,102,104,9,114,84,132,10,44,74,82,9,21,13,11,7,41,46,72,9,9,36,35,33,8,9,27,31,29,31,8,8,16,26,13,6,7,12,11,6,6,9,Default,
256482,12,8,7,50,99,106,8,119,88,135,9,45,73,82,9,20,12,11,7,40,48,72,9,8,38,37,35,8,8,27,33,27,29,8,8,19,25,12,7,7,12,11,6,7,9,Default,
256498,12,8,7,51,103,105,8,121,87,128,9,45,74,84,9,22,14,12,8,42,49,75,9,8,39,37,35,8,8,26,32,25,27,8,8,17,26,12,7,8,14,11,6,6,9,Default,
256514,12,8,6,51,103,106,8,119,87,127,9,47,76,87,9,25,16,16,8,45,52,76,8,9,38,38,34,8,8,25,29,20,19,8,8,15,24,12,7,8,14,11,7,6,10,Default,
256530,12,8,7,51,104,103,8,125,90,128,9,49,81,89,9,29,17,16,8,45,51,72,10,9,38,41,37,8,8,25,31,23,21,8,8,19,25,12,8,7,13,11,6,6,9,Default,
256546,12,8,6,51,104,103,8,128,91,126,9,50,87,94,9,30,19,18,8,44,51,74,9,8,40,44,40,9,8,24,30,21,20,8,8,16,24,12,7,7,14,12,6,6,9,Default,
256562,12,9,7,50,99,97,9,132,90,124,9,53,92,95,9,33,20,20,8,46,53,72,8,9,40,48,41,9,8,25,32,25,24,8,8,20,24,12,7,8,14,11,6,7,9,Default,
256578,12,8,6,48,95,93,8,126,90,120,9,51,93,95,9,33,21,20,8,45,56,74,10,9,38,48,41,8,9,23,33,25,23,8,8,20,27,14,8,8,15,11,6,7,9,Default,
256594,11,8,7,45,86,87,9,127,82,113,9,48,92,95,9,33,21,20,8,46,57,75,9,8,37,45,38,8,8,20,29,22,20,8,7,16,23,11,7,8,12,9,6,6,8,Default,
256610,12,8,7,42,75,78,9,128,76,107,9,52,91,92,9,33,22,21,8,49,58,81,9,9,37,46,39,8,8,22,28,24,21,8,8,16,24,12,7,8,12,11,6,7,9,Default,
256626,12,8,6,40,70,72,8,123,70,96,9,52,91,93,9,32,20,20,8,49,59,86,9,8,38,54,44,9,8,21,30,22,20,8,8,15,23,12,6,7,12,8,6,7,8,Default,
256642,12,8,6,37,69,70,9,120,78,96,11,51,94,95,9,32,20,20,9,47,67,88,8,8,37,58,46,8,8,20,32,28,24,8,8,17,25,12,7,8,12,11,7,6,9,Default,
256658,12,8,6,41,73,72,8,132,79,98,9,55,99,98,9,44,29,27,8,52,73,89,9,9,42,66,51,8,8,22,33,31,29,8,9,18,27,12,7,8,13,11,6,7,9,Default,
256674,12,8,7,46,75,74,8,142,90,107,9,58,100,103,9,45,29,28,8,58,85,98,9,8,60,88,68,9,9,24,41,36,36,8,8,24,29,12,7,8,13,11,6,7,10,Default,
256690,12,8,6,46,80,80,8,151,92,112,9,58,101,104,9,46,30,29,9,58,89,104,9,8,58,83,67,9,9,24,40,35,36,9,6,23,29,12,7,7,12,11,6,6,9,Default,
256706,14,8,6,87,188,186,8,196,152,251,9,77,132,133,9,26,16,16,8,29,26,22,8,8,61,65,55,8,8,23,35,20,19,8,8,10,26,12,7,7,10,12,6,6,9,Default,
256722,477,571,566,435,999,999,8,642,865,1039,8,199,271,269,9,25,16,16,8,32,26,24,8,8,58,54,52,8,9,23,33,21,19,8,8,16,20,12,7,8,13,10,7,7,9,Default,
256738,1250,1354,1452,1377,2052,2197,8,1437,1633,1806,9,339,418,429,9,32,24,24,8,34,26,24,8,8,80,74,74,9,9,24,28,20,18,8,8,12,20,12,8,7,12,10,5,6,8,Default,
256754,1704,1852,1920,2180,2883,3055,8,2208,2452,2691,11,602,690,721,9,58,51,52,9,54,44,41,8,8,120,111,111,9,9,25,62,53,52,9,9,15,22,11,7,7,11,10,6,6,9,Default,
256770,1719,1929,1989,2644,3295,3296,10,2790,3040,3295,12,1133,1322,1377,8,128,122,121,9,33,22,20,8,8,130,126,124,9,9,16,120,125,126,9,8,13,20,10,7,7,8,10,7,6,8,Default,
256786,1766,1808,1843,2858,3297,3296,10,3149,3297,3295,12,1515,1749,1798,9,424,431,427,9,144,143,138,10,9,316,324,318,9,9,19,271,259,259,10,9,17,20,10,7,8,12,12,6,6,8,Default,
256802,1513,1546,1575,2902,3296,3296,12,3292,3295,3297,12,1794,2114,2139,10,901,965,955,9,694,720,680,9,8,892,970,950,9,9,74,589,552,537,9,8,70,62,53,8,8,42,38,8,8,31,Default,
256818,1351,1373,1400,3028,3297,3296,9,3295,3297,3295,12,1910,2201,2209,9,1222,1283,1266,9,1247,1330,1235,9,8,1476,1631,1641,9,9,178,1181,1132,1094,9,9,198,218,217,11,10,123,33,8,9,33,Default,
256834,1297,1306,1327,3179,3297,3295,11,3296,3296,3296,12,2065,2363,2366,8,1448,1522,1501,9,1692,1795,1693,10,10,1917,2126,2143,9,10,332,1788,1761,1728,9,9,381,534,549,9,10,265,55,8,9,52,Default,
256850,1242,1247,1273,3268,3296,3297,11,3297,3297,3297,13,2177,2475,2478,10,1637,1726,1708,10,1963,2055,1954,9,13,2214,2474,2497,9,12,450,2182,2201,2188,10,12,509,782,818,9,12,364,71,8,9,71,Default,
256866,1181,1177,1205,3247,3297,3299,10,3296,3296,3298,11,2197,2491,2503,8,1692,1786,1767,9,2073,2162,2076,9,12,2355,2641,2664,10,12,518,2386,2425,2429,9,13,579,944,1000,8,12,427,90,9,10,87,Default,
256882,1032,1035,1061,3136,3297,3296,10,3296,3297,3297,12,2151,2444,2457,10,1708,1801,1784,11,2122,2229,2147,9,14,2424,2745,2779,10,13,635,2532,2611,2644,10,12,702,1142,1230,9,13,521,109,9,11,108,Default,
256898,772,786,805,2878,3296,3297,10,3292,3296,3296,12,1992,2279,2313,10,1633,1745,1730,9,2106,2246,2173,8,9,2411,2783,2843,10,8,777,2644,2792,2868,10,8,858,1359,1487,9,8,653,172,8,9,177,Default,
256914,538,551,561,2470,3154,3291,9,2902,3293,3296,12,1745,2027,2068,9,1521,1654,1641,9,1992,2178,2113,9,8,2301,2716,2812,10,8,895,2640,2864,3007,10,8,1017,1514,1683,9,8,785,296,9,9,293,Default,
256930,357,361,367,1562,2226,2329,8,2228,2570,2765,10,1440,1712,1775,9,1325,1480,1469,9,1736,1976,1900,9,7,2060,2560,2685,9,8,994,2421,2771,2976,10,8,1151,1591,1831,9,8,905,443,8,8,432,Default,
256946,229,230,235,1208,1664,1720,9,1776,2020,2232,9,1167,1381,1443,8,1162,1300,1294,9,1517,1749,1658,8,8,1898,2387,2530,8,8,1053,2272,2652,2920,12,8,1252,1618,1922,9,8,999,538,10,9,523,Default,
256962,136,135,135,914,1180,1227,8,1444,1610,1803,9,924,1104,1140,9,986,1113,1119,9,1334,1547,1451,9,8,1737,2201,2383,9,9,1093,2110,2488,2801,10,8,1334,1594,1952,9,8,1076,590,9,8,587,Default,
256978,59,55,56,702,865,901,9,1152,1269,1434,9,726,860,895,9,839,945,953,9,1113,1311,1218,8,8,1572,2008,2229,9,9,1106,1935,2319,2708,10,8,1392,1563,1992,9,8,1139,643,8,8,646,Default,
256994,36,32,33,551,663,697,10,934,1035,1180,11,584,704,727,8,686,783,795,9,887,1087,1004,9,9,1432,1871,2131,8,9,1118,1778,2201,2658,11,8,1461,1559,2059,9,8,1224,705,10,8,733,Default,
257010,24,22,20,471,554,587,8,778,851,965,9,503,614,627,9,580,678,688,9,748,929,849,9,6,1322,1753,2014,9,9,1103,1669,2096,2600,10,8,1517,1552,2104,9,8,1296,760,8,9,800,Default,
257026,15,8,6,393,460,485,9,628,689,773,10,415,519,519,9,485,585,588,10,621,806,734,9,8,1227,1668,1927,9,9,1099,1556,2000,2545,9,8,1571,1544,2136,9,8,1363,817,8,9,864,Default,
257042,12,8,6,330,384,397,10,521,588,643,10,368,462,462,10,440,542,541,9,576,747,676,8,9,1197,1669,1911,9,8,1112,1526,2049,2579,9,9,1641,1591,2210,9,8,1438,873,8,8,932,Default,
257058,12,7,7,291,326,339,9,461,506,546,9,344,413,412,9,427,515,507,11,621,787,718,9,8,1281,1768,2003,9,9,1200,1631,2161,2727,11,8,1785,1695,2366,9,8,1577,1001,8,9,1069,Default,
257074,10,6,6,276,302,312,9,418,450,478,9,327,381,380,9,446,528,510,9,693,866,791,9,8,1415,1932,2185,9,8,1344,1790,2353,2955,9,8,1994,1861,2596,8,8,1814,1212,8,8,1338,Default,
257090,12,7,6,236,252,258,9,410,430,457,9,308,348,349,9,522,622,593,9,779,960,887,8,8,1558,2114,2366,9,9,1537,1966,2564,3237,10,8,2313,2062,2875,10,8,2157,1477,7,9,1732,Default,
257106,11,7,7,218,229,232,10,394,402,424,10,283,310,312,8,546,646,613,9,800,978,919,9,8,1682,2265,2568,10,8,1745,2119,2724,3297,11,8,2643,2248,3179,9,8,2534,1763,9,8,2149,Default,
257122,12,7,7,195,203,204,9,348,348,361,9,254,275,273,9,507,588,565,9,782,944,897,9,8,1772,2396,2705,9,8,1901,2238,2900,3296,12,8,2912,2433,3296,12,8,2854,2074,8,9,2571,Default,
257138,12,8,6,174,178,178,10,298,294,303,10,211,223,219,9,408,456,439,9,733,883,829,9,9,1826,2443,2761,8,9,2014,2316,3065,3297,12,8,3212,2573,3297,12,8,3169,2383,10,8,3031,Default,
257154,12,7,6,158,163,165,9,253,244,249,11,181,190,186,10,338,372,360,9,673,821,769,10,8,1853,2493,2796,9,9,2078,2375,3184,3296,12,8,3297,2689,3297,12,8,3296,2691,9,8,3296,Default,
257170,16,8,6,143,146,146,8,208,199,203,11,149,155,153,9,252,266,260,11,582,737,667,9,8,1819,2384,2623,10,8,2013,2370,3208,3296,12,9,3297,2742,3297,12,8,3297,2961,8,8,3297,Default,
257186,16,7,7,122,124,123,10,171,163,164,10,136,142,138,10,183,187,188,10,503,636,580,9,9,1713,2180,2305,10,8,1827,2276,3188,3297,12,8,3297,2727,3297,12,8,3297,3146,8,8,3297,Default,
257202,14,7,6,113,116,114,9,148,140,144,10,139,145,142,9,119,118,117,10,439,547,505,9,8,1640,2000,2057,9,9,1685,2208,3083,3296,12,9,3296,2641,3297,12,8,3297,3295,9,9,3297,Default,
257218,14,7,6,103,103,103,9,128,122,122,9,130,134,132,10,62,58,58,8,361,431,414,9,8,1567,1852,1899,9,8,1616,2046,2934,3297,12,8,3297,2501,3297,12,8,3298,3296,9,8,3297,Default,
257234,16,7,6,120,124,125,9,109,103,105,10,99,100,99,9,18,10,10,7,235,270,263,9,10,1399,1676,1690,9,9,1481,1749,2622,3296,12,8,3297,2249,3297,12,8,3297,3295,8,8,3297,Default,
257250,16,7,6,107,111,111,9,111,107,107,10,74,72,72,9,23,16,16,8,215,248,244,9,8,1160,1507,1505,9,9,1358,1372,2300,3262,12,8,3296,1942,3296,11,8,3296,3065,8,8,3298,Default,
257266,17,8,7,105,109,110,9,110,106,110,9,51,48,47,9,27,18,17,8,241,294,291,10,9,1029,1367,1367,9,8,1203,1151,1900,2650,11,9,2586,1505,2750,11,8,3167,2597,8,8,3297,Default,
257282,15,7,7,98,102,103,9,111,111,117,9,41,37,37,8,34,29,29,8,255,327,320,9,9,931,1297,1328,8,9,1100,1003,1629,2234,11,9,2112,1124,1866,9,9,1991,2090,9,8,3297,Default,
257298,15,8,7,95,98,99,9,99,98,105,9,37,33,32,8,35,28,27,8,232,313,299,9,8,748,1102,1117,9,9,866,814,1264,1671,11,8,1480,657,955,9,8,982,1414,8,8,2520,Default,
257314,16,7,6,73,79,83,9,89,95,110,9,20,16,16,8,25,20,18,8,169,265,248,9,8,477,650,645,8,8,501,531,708,866,8,8,750,316,463,8,8,435,795,8,8,1260,Default,
257330,20,8,7,58,64,67,9,70,76,96,10,17,8,7,5,21,19,19,8,107,193,173,9,10,222,312,259,9,9,221,248,352,327,9,8,329,149,176,9,9,174,289,9,9,435,Default,
257346,16,8,7,41,63,56,8,43,49,69,9,20,20,16,8,15,9,7,6,42,78,74,8,8,85,130,122,8,9,86,87,128,74,8,8,129,45,29,8,8,49,33,8,8,49,Default,
257362,12,8,7,45,113,112,8,96,81,114,9,29,43,39,9,15,11,8,6,31,46,59,9,8,39,48,51,8,8,37,41,52,66,9,8,31,36,25,8,8,30,15,6,7,8,Default,
257378,13,8,7,47,113,105,8,104,86,113,9,38,65,60,9,17,10,7,6,36,51,72,8,9,40,41,42,8,8,35,38,45,53,9,9,23,32,16,8,8,20,11,6,7,9,Default,
257394,12,8,6,40,94,87,8,103,74,95,9,37,60,58,8,14,8,7,6,33,47,66,10,8,35,37,33,8,8,35,34,37,44,8,8,20,29,14,7,8,15,11,6,6,9,Default,
257410,12,8,6,37,78,75,8,95,70,93,9,37,61,66,9,16,10,7,6,33,43,66,9,8,34,33,28,8,9,33,32,35,41,9,9,21,26,14,7,8,13,11,6,6,8,Default,
257426,12,8,7,39,84,82,8,92,70,98,9,37,62,70,8,16,9,8,6,33,45,67,9,9,32,33,26,8,8,32,32,33,38,9,8,19,28,13,7,8,13,11,6,6,9,Default,
257442,12,8,7,43,95,92,8,98,81,106,9,40,69,74,9,20,11,10,6,37,47,70,9,8,35,34,29,8,9,30,29,29,32,8,8,16,26,12,7,8,12,11,7,6,8,Default,
257458,12,8,6,45,101,98,8,103,82,112,10,41,70,77,8,18,11,9,7,38,49,72,9,8,36,36,31,8,8,29,30,28,31,8,8,15,26,13,7,8,13,11,6,6,9,Default,
257474,12,8,6,47,103,103,9,111,82,118,10,43,70,78,8,18,11,8,6,38,47,71,8,8,37,35,32,8,9,30,31,27,30,9,8,15,25,12,8,8,12,11,6,6,8,Default,
257490,12,8,6,48,103,107,8,116,87,121,9,43,72,78,9,19,9,8,6,38,49,74,9,8,35,36,33,8,8,27,33,29,32,9,8,16,26,14,7,8,15,11,6,7,9,Default,
257506,13,8,7,49,104,109,8,113,87,121,8,41,72,78,9,20,11,10,7,41,50,75,9,8,36,36,33,8,8,29,30,25,28,8,8,15,27,14,8,8,16,12,7,6,9,Default,
257522,12,8,7,49,104,108,8,116,87,121,9,45,74,80,9,20,13,12,7,42,51,77,8,9,34,34,30,8,8,25,30,25,25,8,9,16,25,13,8,8,15,11,6,6,9,Default,
257538,12,8,6,49,106,105,8,120,87,120,10,45,75,81,9,25,16,14,8,45,52,78,9,8,34,35,30,8,8,25,27,20,19,8,8,16,23,12,7,7,15,10,6,6,9,Default,
257554,11,8,6,49,106,103,8,123,83,120,8,46,78,82,8,27,16,16,8,45,52,73,9,8,34,34,31,8,8,24,28,20,19,8,8,17,22,12,6,8,14,10,6,6,9,Default,
257570,12,8,7,51,104,103,8,128,91,122,9,50,87,86,8,30,17,16,8,45,50,72,8,9,40,41,37,8,8,24,32,21,19,8,8,17,23,12,8,8,14,10,4,6,10,Default,
257586,10,8,7,51,103,99,8,130,91,121,9,51,91,91,8,31,19,18,8,47,54,73,8,8,41,48,43,8,8,25,31,22,20,7,8,19,23,12,6,7,16,10,6,7,8,Default,
257602,12,8,6,48,103,95,8,128,92,116,9,51,95,94,9,33,19,17,8,46,61,74,9,8,41,55,45,9,9,24,32,26,24,8,8,20,26,12,7,7,14,11,6,6,9,Default,
257618,12,8,6,48,96,92,9,132,90,111,9,54,101,96,8,32,20,20,8,49,70,78,9,9,41,61,47,9,9,24,31,28,25,8,8,19,29,12,7,8,14,11,7,6,9,Default,
257634,12,8,6,47,92,90,8,133,94,109,9,53,101,98,9,33,21,20,8,48,71,81,8,8,42,64,49,8,8,24,33,28,26,8,8,19,27,12,7,7,15,11,6,6,9,Default,
257650,11,8,6,44,85,85,8,131,89,103,9,53,103,99,9,33,20,19,8,50,74,87,9,8,42,66,49,8,8,25,34,30,28,8,8,22,26,12,8,7,15,11,6,7,9,Default,
257666,12,8,7,45,84,83,8,136,85,99,8,55,101,99,9,34,20,19,8,50,72,87,9,9,43,67,52,8,8,24,35,29,27,8,8,21,26,13,8,8,16,11,6,7,9,Default,
257682,12,8,6,44,86,83,8,138,89,101,9,54,103,99,9,37,23,20,8,51,75,89,9,8,45,71,53,8,8,22,36,32,28,8,8,22,26,12,8,8,14,10,6,6,9,Default,
257698,11,8,6,47,85,80,9,142,90,103,8,58,101,99,9,41,25,23,8,53,78,90,9,8,56,81,62,8,8,24,37,29,28,8,8,23,26,12,7,7,14,11,6,7,9,Default,
257714,12,8,6,51,86,83,8,156,94,109,9,61,102,99,9,43,26,25,8,59,87,96,9,9,74,95,82,9,9,25,41,32,32,8,8,23,27,12,7,8,13,11,6,6,8,Default,
257730,12,8,6,51,91,88,8,156,99,115,9,61,102,102,9,45,29,28,8,59,87,98,9,8,64,92,76,9,9,25,40,33,33,8,9,22,27,12,7,8,14,12,6,6,9,Default,
257746,184,227,201,212,429,460,8,358,406,565,9,124,182,177,9,29,18,17,8,34,27,23,8,8,70,66,61,9,8,20,37,19,18,8,8,14,22,11,7,7,12,12,6,6,9,Default,
257762,845,973,1011,704,1570,1609,9,970,1280,1440,9,272,347,345,9,26,19,17,8,37,27,26,8,8,77,71,70,9,9,27,25,19,17,7,8,11,19,12,7,7,10,11,6,6,8,Default,
257778,1415,1683,1760,1181,2518,2604,8,1612,2114,2257,9,446,546,558,9,56,49,49,8,70,62,62,9,8,124,116,114,9,9,24,38,29,29,8,8,13,21,11,7,8,11,10,6,6,8,Default,
257794,1944,2079,2147,2502,3295,3296,11,2700,2981,3217,10,983,1177,1212,8,127,122,120,9,41,29,28,8,8,154,146,145,9,8,15,107,97,96,8,9,12,19,11,6,8,12,9,6,6,9,Default,
257810,1959,1997,2047,2931,3296,3297,12,3192,3296,3297,12,1490,1738,1761,8,236,231,223,10,49,37,36,8,8,201,194,189,8,9,17,190,176,175,10,10,13,20,8,6,8,9,10,6,6,9,Default,
257826,1696,1722,1759,3118,3296,3297,11,3295,3297,3297,11,1773,2057,2090,6,752,800,800,8,487,516,485,9,7,567,592,576,9,9,33,405,377,372,9,8,30,20,11,6,8,12,12,6,8,9,Default,
257842,1424,1461,1485,3221,3297,3297,10,3297,3297,3295,12,1939,2226,2237,9,1096,1163,1143,8,1076,1140,1063,10,8,1090,1188,1179,9,9,58,642,600,584,9,8,56,75,68,10,9,45,33,8,9,27,Default,
257858,1331,1343,1372,3154,3296,3297,12,3297,3297,3297,13,2046,2338,2332,9,1362,1444,1428,9,1587,1687,1578,8,12,1641,1802,1815,9,11,125,1094,1029,1005,9,10,129,194,194,9,9,93,38,8,8,37,Default,
257874,1301,1303,1329,3276,3297,3297,10,3297,3297,3297,12,2161,2441,2424,9,1525,1624,1600,9,1875,1980,1883,9,9,1915,2101,2114,9,10,217,1510,1456,1435,9,9,235,418,427,11,10,170,49,8,9,48,Default,
257890,1281,1280,1307,3292,3296,3297,10,3296,3297,3297,12,2203,2481,2461,10,1605,1708,1687,11,2024,2124,2020,10,8,2075,2292,2309,9,9,274,1723,1683,1672,9,9,300,562,584,11,8,216,61,8,9,61,Default,
257906,1197,1194,1220,3281,3297,3297,10,3296,3297,3296,13,2192,2476,2458,9,1625,1728,1707,9,2082,2197,2092,8,9,2169,2412,2439,10,9,298,1860,1837,1827,9,8,328,689,723,8,9,244,71,9,8,70,Default,
257922,995,995,1011,3146,3297,3297,10,3295,3296,3297,12,2105,2383,2383,10,1633,1742,1724,10,2143,2276,2176,9,10,2232,2499,2552,10,10,364,2031,2033,2041,9,9,407,849,902,11,11,309,76,8,9,78,Default,
257938,750,750,761,2864,3296,3297,10,3295,3298,3299,15,1956,2226,2231,9,1574,1690,1670,9,2138,2294,2198,9,8,2272,2578,2651,9,8,476,2225,2278,2302,9,8,530,1094,1186,9,8,415,122,9,9,124,Default,
257954,502,503,508,2483,3101,3207,11,2994,3295,3296,12,1738,1996,2001,8,1473,1600,1573,9,2049,2234,2137,9,9,2213,2570,2664,8,8,603,2317,2420,2496,9,8,675,1278,1416,9,9,535,214,11,8,208,Default,
257970,345,343,349,2006,2437,2520,9,2470,2636,2760,10,1504,1723,1737,9,1376,1501,1471,9,1921,2127,2019,9,8,2120,2501,2614,9,8,698,2319,2450,2565,9,8,787,1393,1576,9,8,630,305,8,10,281,Default,
257986,215,216,219,1575,1911,1958,9,1982,2164,2319,9,1261,1449,1470,8,1264,1381,1355,9,1751,1988,1853,10,8,2015,2438,2574,9,8,776,2271,2470,2631,9,8,900,1500,1738,9,8,721,412,8,10,373,Default,
258002,124,120,120,1197,1423,1442,9,1605,1734,1926,10,1019,1151,1177,10,1141,1239,1224,10,1602,1849,1694,8,8,1889,2334,2502,10,8,825,2212,2437,2668,10,8,974,1568,1876,8,9,795,451,9,8,414,Default,
258018,60,58,59,950,1074,1105,8,1300,1389,1558,8,804,895,923,9,1023,1109,1100,9,1481,1714,1550,9,8,1786,2226,2427,9,9,845,2136,2383,2675,10,8,1023,1610,1972,9,8,858,494,8,8,462,Default,
258034,30,29,29,744,817,854,8,1087,1143,1285,9,656,744,764,9,903,983,971,9,1308,1526,1372,8,8,1676,2131,2363,8,8,885,2046,2317,2697,8,8,1111,1630,2061,8,8,949,536,8,8,505,Default,
258050,24,20,20,635,690,726,8,909,965,1080,9,537,614,626,10,801,866,856,10,1175,1402,1250,8,9,1615,2101,2342,9,9,924,1989,2317,2752,10,8,1184,1677,2157,10,8,1019,573,8,8,559,Default,
258066,13,8,6,471,534,562,9,770,823,903,8,481,553,555,10,744,818,800,9,1124,1348,1199,8,8,1577,2114,2346,9,8,992,1949,2391,2826,10,8,1302,1759,2282,9,8,1144,644,8,8,636,Default,
258082,12,7,7,414,465,477,8,633,668,721,9,423,493,492,10,737,812,791,9,1090,1326,1174,8,8,1606,2173,2385,9,8,1057,1992,2477,2933,10,8,1410,1856,2420,9,8,1254,730,8,8,727,Default,
258098,12,8,6,343,377,389,10,531,566,597,9,399,459,454,8,717,810,773,10,1099,1340,1208,8,8,1657,2265,2455,8,8,1139,2060,2580,3091,9,8,1540,1973,2593,9,8,1389,832,9,9,834,Default,
258114,12,7,6,314,344,349,9,459,485,506,9,373,421,422,9,695,785,740,9,1156,1389,1270,9,8,1750,2379,2585,9,9,1250,2159,2728,3278,10,8,1713,2098,2766,10,8,1563,990,8,8,994,Default,
258130,13,7,7,285,304,310,9,422,441,460,9,358,397,397,9,744,850,804,10,1212,1437,1328,9,8,1857,2479,2749,10,8,1393,2281,2859,3295,12,8,1940,2238,2986,10,8,1791,1218,8,9,1204,Default,
258146,12,7,7,246,261,264,10,421,430,451,11,353,387,386,9,760,862,814,8,1276,1489,1401,9,9,1977,2615,2901,8,8,1562,2418,3021,3297,12,8,2219,2403,3229,10,8,2050,1492,9,8,1513,Default,
258162,12,7,6,220,229,232,9,395,398,414,10,333,358,359,10,751,854,804,9,1312,1519,1449,9,8,2094,2790,3068,10,8,1763,2557,3233,3295,12,8,2540,2598,3296,11,8,2375,1777,8,9,1861,Default,
258178,12,7,7,203,209,211,8,347,343,353,10,286,303,304,10,704,791,741,10,1293,1476,1421,10,8,2198,2904,3204,11,8,1954,2665,3296,3296,12,8,2843,2740,3297,11,8,2700,2071,8,8,2251,Default,
258194,12,7,6,183,187,190,9,290,285,291,10,243,255,252,10,605,671,634,9,1167,1314,1268,8,9,2237,2950,3227,10,8,2097,2734,3296,3297,12,8,3139,2861,3297,12,8,3029,2411,8,8,2706,Default,
258210,12,7,6,165,166,167,9,254,246,248,10,197,207,203,10,472,519,498,9,1075,1218,1173,9,8,2213,2876,3138,9,9,2151,2748,3297,3297,12,9,3295,2924,3297,12,8,3291,2722,9,9,3149,Default,
258226,16,8,7,157,161,161,8,213,203,207,10,163,169,165,10,333,352,344,10,907,1067,998,9,8,2119,2719,2922,10,8,2101,2688,3296,3296,12,8,3297,2954,3297,12,8,3297,2978,8,9,3297,Default,
258242,14,7,6,125,127,128,9,177,169,170,10,133,136,132,10,204,208,205,10,636,778,706,8,9,1948,2452,2559,9,8,1931,2533,3297,3297,12,8,3295,2906,3296,12,8,3297,3159,9,8,3298,Default,
258258,13,7,7,111,111,111,9,146,140,140,10,140,144,140,10,126,124,123,10,472,584,540,9,7,1782,2166,2239,9,8,1763,2356,3294,3295,12,8,3296,2809,3298,16,8,3298,3295,8,9,3295,Default,
258274,14,8,6,114,116,116,9,118,114,116,10,131,136,136,9,42,37,37,8,374,439,422,9,8,1640,1957,1975,9,8,1633,2159,3175,3296,10,8,3298,2685,3297,10,8,3296,3296,10,8,3295,Default,
258290,15,7,6,116,120,118,10,111,107,107,9,96,98,97,9,14,8,7,6,240,275,265,10,9,1462,1793,1760,9,9,1494,1891,2811,3297,12,8,3296,2400,3296,12,9,3298,3294,11,8,3297,Default,
258306,16,7,7,108,110,111,9,103,99,101,9,73,73,72,9,20,16,15,7,222,259,252,9,8,1206,1611,1548,9,8,1361,1466,2428,3295,11,8,3294,2054,3296,11,7,3298,3078,9,8,3296,Default,
258322,12,7,7,107,110,112,9,103,101,103,9,51,49,49,9,24,16,16,8,242,297,291,9,8,1069,1474,1442,8,8,1216,1196,2011,2827,9,8,2491,1580,2889,9,9,2935,2628,8,9,3297,Default,
258338,17,8,6,103,105,106,9,108,107,112,9,44,40,40,8,34,28,27,8,255,327,315,10,10,949,1323,1330,8,8,1098,1043,1731,2368,11,8,2112,1185,1995,9,8,1969,2123,8,8,3295,Default,
258354,15,8,6,93,95,100,8,107,107,118,10,30,25,24,8,33,27,25,8,227,306,287,9,9,754,1098,1101,9,9,838,808,1260,1724,9,9,1481,653,963,8,8,976,1387,8,9,2320,Default,
258370,16,8,7,87,89,94,8,99,99,116,10,14,9,8,6,22,16,16,8,183,270,247,9,8,513,754,702,9,9,526,563,795,1001,9,8,803,344,497,8,8,458,837,8,9,1258,Default,
258386,18,8,6,66,74,78,8,74,77,99,9,16,8,7,6,26,20,22,8,113,193,173,8,9,242,341,283,9,9,228,276,410,364,9,9,331,158,182,9,9,169,304,7,9,432,Default,
258402,15,8,7,42,58,54,8,44,44,64,9,17,12,10,7,14,9,6,6,44,72,74,8,9,107,145,118,9,10,94,104,150,84,9,8,128,49,29,8,8,48,36,8,8,54,Default,
258418,12,8,6,44,111,102,8,103,83,113,9,32,48,44,8,16,9,8,6,29,41,42,8,8,42,50,51,8,9,36,41,52,63,9,9,33,37,26,8,8,33,15,7,8,8,Default,
258434,12,8,7,47,113,107,9,109,85,118,10,38,66,62,8,16,11,7,6,34,46,60,9,9,38,42,42,8,8,32,41,52,65,9,9,24,30,13,7,8,16,11,6,6,9,Default,
258450,12,8,7,41,91,88,9,101,78,103,8,37,62,65,9,15,9,8,6,32,45,62,9,8,34,36,32,8,8,29,36,41,48,9,8,24,29,14,7,7,14,11,6,6,9,Default,
258466,10,8,6,39,80,80,9,94,74,102,9,38,64,70,8,15,10,8,6,33,45,66,9,8,33,30,25,8,8,29,37,38,48,9,8,19,26,14,7,8,12,11,6,6,9,Default,
258482,12,10,7,41,85,82,9,91,74,104,10,40,65,74,9,16,11,8,7,34,43,61,9,9,34,32,26,8,8,31,31,33,38,9,8,19,25,13,7,8,12,11,6,6,9,Default,
258498,12,8,6,44,99,95,9,102,80,110,9,41,70,78,9,16,10,8,6,34,46,62,9,8,35,35,29,8,8,26,32,32,35,8,8,16,24,12,7,7,8,12,6,7,8,Default,
258514,11,8,6,46,101,100,9,108,78,113,8,41,71,78,9,16,11,8,6,38,47,69,9,7,33,33,30,8,8,22,29,24,24,8,8,12,24,12,6,8,12,9,6,6,8,Default,
258530,12,8,7,49,103,107,9,114,82,114,9,44,70,78,9,17,12,9,7,39,49,73,8,9,34,33,29,8,9,24,29,25,26,8,8,12,23,12,7,8,9,12,6,6,8,Default,
258546,12,8,7,49,103,108,9,116,78,118,9,44,72,80,8,18,12,10,6,41,48,74,9,8,33,31,27,8,8,23,29,24,25,8,8,12,22,12,6,8,12,10,6,6,8,Default,
258562,12,8,7,51,104,111,8,122,83,120,9,45,73,82,9,23,12,12,7,42,49,74,9,8,35,34,30,8,8,20,29,19,18,8,8,11,24,13,8,8,13,11,6,6,9,Default,
258578,12,8,7,53,103,110,8,124,85,120,9,48,75,83,9,27,15,14,8,43,49,71,8,9,35,33,29,8,8,23,27,18,17,7,8,11,24,12,8,8,12,12,5,6,9,Default,
258594,12,8,6,49,103,107,9,122,83,120,9,46,77,85,9,27,16,15,8,45,51,74,9,8,33,33,28,8,8,20,28,20,17,8,8,11,23,12,8,8,12,12,6,6,9,Default,
258610,12,8,7,51,106,104,9,129,85,119,9,49,83,90,10,29,16,17,8,45,49,71,9,8,35,36,32,8,8,18,29,20,18,7,8,11,24,12,7,7,10,12,6,6,9,Default,
258626,12,8,6,49,101,99,9,128,85,120,9,51,91,92,8,31,19,17,8,45,51,70,9,9,35,44,37,8,8,21,31,23,20,8,8,17,23,11,7,7,10,11,6,6,8,Default,
258642,13,9,7,49,97,95,10,131,90,117,8,51,94,95,10,30,20,18,8,48,53,71,9,8,38,51,39,8,8,19,34,25,23,8,9,18,27,11,7,8,13,12,7,7,9,Default,
258658,12,8,6,49,99,95,9,131,91,116,8,53,100,97,9,33,20,18,8,46,58,73,8,9,38,56,41,8,8,20,33,25,21,8,8,19,24,12,7,7,12,12,6,6,9,Default,
258674,12,8,7,47,91,91,8,132,91,112,9,54,101,98,9,33,20,17,8,47,66,77,8,9,39,53,43,9,8,20,33,25,22,8,8,19,25,12,8,8,14,11,6,7,9,Default,
258690,12,8,6,43,84,87,8,133,88,109,9,53,101,97,9,33,20,17,8,48,67,78,9,8,39,54,42,8,8,20,32,27,22,8,8,20,26,12,8,8,15,11,6,6,9,Default,
258706,12,8,7,43,79,82,8,128,82,98,9,53,99,99,9,33,20,19,8,48,70,83,9,8,38,56,42,8,8,22,32,25,20,8,8,19,24,12,7,8,16,11,7,7,9,Default,
258722,11,8,7,40,68,71,9,128,79,94,9,55,101,99,10,36,21,20,8,49,66,81,9,9,39,58,45,8,8,22,31,25,20,8,8,19,24,12,7,8,16,10,6,6,10,Default,
258738,12,8,6,39,66,70,9,130,75,91,10,55,100,99,9,41,24,22,8,49,67,86,9,9,40,66,48,8,8,20,34,28,25,9,8,21,25,12,7,8,14,10,7,7,9,Default,
258754,12,8,7,41,66,67,9,129,78,95,8,52,100,99,9,39,24,23,8,54,77,90,9,8,54,75,60,8,8,22,37,29,29,8,8,22,25,12,6,7,14,10,6,7,8,Default,
258770,13,8,6,45,73,71,9,149,85,103,9,61,103,103,8,41,26,25,8,61,90,96,9,9,70,90,69,8,9,22,38,29,29,8,8,18,29,12,7,8,14,11,7,7,9,Default,
258786,12,8,5,46,75,75,9,146,88,106,8,59,104,107,10,41,25,25,8,58,91,96,9,8,60,80,62,8,8,21,37,30,29,8,8,17,26,12,6,8,13,10,6,6,8,Default,
258802,13,8,7,43,77,77,9,137,86,103,9,56,107,109,9,37,22,21,8,49,75,87,9,8,42,61,46,9,9,19,33,28,24,8,8,15,27,11,6,6,10,11,6,6,8,Default,
258818,174,200,174,197,364,396,10,369,341,491,9,139,194,187,9,45,32,32,8,66,63,64,8,8,61,55,51,8,9,18,31,18,16,8,8,13,20,9,7,6,8,11,7,6,8,Default,
258834,736,861,895,620,1369,1380,8,882,1150,1299,9,275,351,349,9,31,24,22,8,34,28,25,8,8,66,62,61,9,9,19,24,15,13,8,8,8,19,11,7,8,11,10,6,6,8,Default,
258850,1467,1576,1649,1843,2431,2545,9,1805,1925,2092,9,443,501,508,10,56,51,49,9,59,52,53,9,8,120,112,112,9,9,22,28,19,16,8,8,11,20,11,7,7,11,11,4,6,8,Default,
258866,1940,2035,2099,2503,3183,3295,9,2573,2773,3027,9,881,1020,1044,9,116,111,111,9,38,29,27,8,8,140,135,132,9,9,23,77,69,69,9,10,15,20,10,7,8,10,11,6,6,9,Default,
258882,1961,2011,2046,2744,3296,3297,10,3077,3290,3297,12,1445,1699,1717,9,242,233,230,9,48,39,37,8,8,189,184,179,9,9,14,198,188,185,11,9,15,21,12,8,8,12,11,6,6,8,Default,
258898,1771,1795,1841,3232,3296,3296,10,3296,3296,3297,12,1882,2175,2191,9,993,1058,1043,10,757,791,742,9,8,800,854,831,8,8,42,500,463,453,9,9,45,41,31,8,8,27,31,8,9,23,Default,
258914,1564,1581,1611,3296,3298,3297,13,3297,3297,3297,12,2027,2309,2316,8,1323,1409,1405,9,1382,1470,1385,9,9,1446,1586,1608,8,8,107,891,846,825,10,9,106,134,131,9,9,75,33,8,8,32,Default,
258930,1472,1486,1515,3296,3297,3297,9,3296,3297,3296,11,2151,2432,2424,9,1546,1639,1637,9,1816,1930,1840,9,8,1859,2043,2070,9,9,189,1347,1302,1278,9,8,202,286,287,10,9,137,45,7,9,43,Default,
258946,1448,1450,1471,3297,3297,3297,10,3297,3297,3297,12,2206,2491,2479,9,1650,1757,1747,9,2043,2165,2063,9,8,2078,2311,2329,9,9,281,1659,1632,1600,9,10,306,412,422,10,9,199,52,8,9,50,Default,
258962,1416,1409,1434,3294,3297,3297,13,3295,3297,3297,12,2231,2507,2492,10,1682,1795,1781,9,2150,2279,2174,9,10,2194,2444,2469,9,9,325,1772,1745,1722,9,8,359,490,501,9,11,233,51,9,8,52,Default,
258978,1326,1318,1347,3292,3297,3297,10,3297,3297,3299,16,2201,2485,2472,10,1682,1800,1780,11,2159,2305,2200,9,8,2231,2500,2528,9,9,334,1797,1778,1757,9,8,376,530,543,10,9,249,51,8,9,49,Default,
258994,1123,1115,1141,3164,3297,3297,15,3295,3298,3295,12,2088,2371,2370,9,1659,1784,1766,12,2159,2324,2223,9,10,2238,2527,2583,11,8,373,1889,1882,1863,11,12,418,620,640,9,9,287,51,8,9,49,Default,
259010,860,857,878,2884,3296,3297,9,3292,3297,3296,12,1907,2174,2187,8,1583,1712,1695,8,2113,2300,2201,8,8,2208,2520,2611,10,8,453,2007,2027,2023,9,9,505,734,771,9,8,352,70,8,8,68,Default,
259026,640,644,658,2541,3241,3294,10,2960,3292,3296,11,1715,1969,1979,8,1471,1606,1583,9,1979,2198,2085,10,7,2136,2491,2586,8,8,509,2064,2118,2120,8,8,576,819,871,8,8,410,92,9,9,87,Default,
259042,455,458,464,2100,2562,2663,8,2451,2601,2735,12,1483,1692,1717,10,1334,1438,1420,9,1821,2035,1903,10,8,2025,2359,2479,10,8,572,2067,2133,2151,9,8,650,892,977,8,8,465,148,9,10,136,Default,
259058,304,305,309,1649,1973,2027,8,1985,2129,2269,10,1237,1410,1428,9,1221,1308,1290,9,1639,1857,1699,8,9,1896,2257,2375,9,8,616,2039,2119,2150,9,9,709,955,1069,9,8,511,220,8,9,199,Default,
259074,223,222,220,1318,1551,1575,8,1657,1767,1918,8,1032,1158,1184,8,1115,1183,1169,9,1522,1737,1559,9,8,1805,2159,2301,10,8,640,2000,2097,2159,9,8,751,1003,1154,9,9,552,300,9,8,258,Default,
259090,136,136,135,1053,1206,1233,8,1398,1473,1616,9,861,970,994,9,1030,1094,1086,9,1436,1648,1457,9,8,1743,2102,2273,10,8,682,1966,2089,2191,11,8,813,1048,1233,9,8,603,360,8,9,318,Default,
259106,70,66,66,861,954,993,9,1182,1229,1365,9,723,808,835,8,922,981,978,10,1345,1539,1358,9,9,1701,2070,2260,8,8,719,1936,2082,2228,9,8,872,1089,1305,9,9,653,436,9,9,387,Default,
259122,53,49,50,754,825,866,8,1047,1092,1219,9,646,739,753,9,866,927,916,9,1245,1437,1272,10,8,1699,2096,2290,9,9,775,1942,2123,2302,10,8,942,1168,1419,9,8,728,493,9,8,441,Default,
259138,37,36,36,660,713,740,8,944,990,1094,9,588,671,681,9,837,902,882,10,1245,1439,1289,9,8,1748,2173,2371,9,8,857,1989,2226,2450,9,8,1046,1291,1587,10,9,825,559,9,8,512,Default,
259154,29,25,25,581,628,650,8,820,866,941,9,541,609,617,9,867,939,911,9,1325,1540,1380,8,9,1845,2328,2521,9,8,997,2106,2405,2676,10,8,1228,1474,1844,9,8,992,671,7,9,638,Default,
259170,21,18,17,479,528,544,9,720,759,812,9,505,569,570,9,916,1012,970,9,1418,1643,1496,9,8,1967,2504,2703,9,8,1148,2242,2603,2943,10,8,1439,1703,2146,12,9,1202,789,8,9,771,Default,
259186,13,8,6,422,460,468,8,642,676,712,9,480,536,534,9,961,1075,1022,9,1503,1746,1613,9,8,2125,2709,2922,10,8,1330,2419,2849,3271,10,9,1683,1972,2499,9,8,1442,976,8,8,951,Default,
259202,12,8,6,336,359,365,10,545,572,597,10,450,496,495,9,972,1087,1035,10,1615,1865,1753,8,9,2275,2916,3148,10,8,1562,2602,3118,3297,11,8,2002,2239,2875,12,9,1751,1237,9,8,1208,Default,
259218,11,7,7,266,277,281,9,443,456,480,10,388,423,425,9,983,1105,1060,9,1667,1900,1795,9,8,2384,3038,3295,11,8,1786,2759,3292,3295,12,8,2363,2473,3208,12,8,2136,1544,8,9,1600,Default,
259234,11,7,6,228,236,238,10,398,399,414,9,333,356,356,8,912,1023,975,9,1632,1828,1732,9,7,2467,3143,3297,11,8,2017,2885,3297,3298,11,8,2732,2665,3297,10,8,2516,1926,9,8,2104,Default,
259250,12,7,6,188,191,192,11,325,317,326,11,288,303,299,9,784,871,829,9,1430,1559,1497,9,9,2466,3126,3296,9,8,2164,2930,3299,3297,12,8,3076,2815,3296,11,8,2916,2260,10,8,2597,Default,
259266,12,8,7,167,169,171,9,264,257,262,9,213,225,221,9,600,652,626,9,1188,1324,1258,9,7,2400,3015,3293,11,8,2224,2914,3296,3295,11,8,3296,2893,3299,8,8,3246,2604,8,8,3080,Default,
259282,15,7,7,148,149,150,10,202,192,194,10,178,183,180,10,388,412,398,11,970,1114,1030,9,8,2290,2852,3048,10,8,2159,2843,3296,3296,12,9,3297,2945,3298,15,8,3296,2895,9,9,3296,Default,
259298,17,7,6,120,120,119,10,161,152,153,10,138,141,138,10,232,235,232,10,693,837,757,9,9,2070,2571,2649,8,8,1967,2612,3298,3297,12,8,3297,2922,3298,12,8,3296,3096,10,8,3296,Default,
259314,16,6,6,106,105,106,9,129,124,124,10,152,156,154,10,130,129,128,11,492,602,549,9,8,1927,2300,2324,9,9,1807,2505,3296,3296,12,8,3296,2819,3297,12,8,3297,3204,8,9,3296,Default,
259330,14,7,6,111,111,111,9,116,109,111,9,140,144,140,9,73,69,69,9,366,429,404,9,8,1795,2114,2082,9,9,1691,2335,3252,3296,12,9,3296,2689,3297,12,8,3297,3292,8,9,3297,Default,
259346,13,7,7,116,115,116,9,112,107,108,9,103,104,104,9,16,8,7,6,257,293,280,8,8,1600,1911,1842,9,9,1538,2002,2840,3297,12,8,3296,2368,3296,15,9,3297,3163,8,8,3297,Default,
259362,13,8,7,115,116,117,9,109,106,107,10,87,88,87,9,22,16,16,8,237,279,269,10,8,1330,1720,1654,9,9,1352,1507,2394,3288,10,8,3088,1965,3285,10,8,3295,2901,9,8,3297,Default,
259378,16,7,6,107,110,109,9,95,91,94,9,58,55,56,8,26,19,20,8,259,320,312,10,9,1124,1542,1507,9,9,1210,1198,1986,2645,9,9,2197,1439,2465,11,9,2292,2399,9,8,3296,Default,
259394,13,8,7,95,99,99,9,99,98,103,10,44,39,38,8,28,21,20,8,253,327,316,8,9,939,1363,1327,8,8,1026,974,1587,2084,9,8,1705,925,1396,9,9,1339,1786,8,8,2827,Default,
259410,13,8,6,87,88,91,9,99,98,110,9,31,25,25,8,33,26,25,8,211,292,273,10,9,675,1005,999,8,8,703,704,1127,1448,9,9,1060,483,687,9,8,639,1144,8,8,1792,Default,
259426,19,8,7,79,83,88,9,87,90,109,9,16,8,6,6,26,22,22,8,153,237,220,9,8,383,526,480,9,9,368,412,578,637,9,9,533,248,330,10,9,304,576,8,8,791,Default,
259442,17,8,7,49,58,58,8,59,65,84,10,17,9,7,6,19,14,14,7,77,125,124,10,8,161,229,161,9,9,134,175,244,179,8,9,181,82,73,9,9,82,107,9,8,196,Default,
259458,14,8,7,51,78,71,8,87,69,84,9,39,52,42,8,16,9,7,6,32,41,35,8,8,82,89,75,9,9,60,78,72,63,8,9,52,33,17,8,8,26,15,7,8,13,Default,
259474,12,7,6,49,120,111,9,110,94,136,9,37,64,59,6,16,9,6,6,35,46,58,9,8,41,45,45,8,8,37,44,55,69,8,8,27,30,16,6,8,20,11,6,7,8,Default,
259490,12,8,7,48,108,106,8,112,93,126,9,41,72,70,9,18,12,9,7,37,53,70,8,9,37,40,33,8,8,31,38,49,54,9,9,23,30,13,7,8,15,11,6,7,9,Default,
259506,12,8,7,41,82,85,8,102,75,109,9,38,63,73,8,16,9,8,6,34,44,66,9,8,34,32,26,8,8,28,34,38,46,8,10,19,26,16,7,8,14,12,6,7,8,Default,
259522,13,8,7,40,73,80,8,93,75,109,9,39,59,73,9,16,9,8,6,35,46,67,8,8,37,35,28,8,8,30,33,33,39,8,9,19,26,14,8,8,14,12,6,6,9,Default,
259538,12,8,6,43,83,92,9,95,78,111,9,41,67,78,9,20,12,10,7,38,48,66,8,9,37,38,31,8,8,32,32,32,35,9,8,17,27,14,7,8,14,12,6,6,9,Default,
259554,12,8,6,48,92,107,8,104,80,120,9,42,70,80,9,23,12,12,8,39,46,63,9,8,37,35,31,8,8,29,29,24,24,8,8,14,25,12,7,7,13,12,6,6,9,Default,
259570,12,8,7,48,97,109,8,109,82,124,9,43,71,82,9,20,12,10,7,38,45,64,9,9,35,35,33,8,8,27,31,27,30,8,8,14,25,13,7,8,12,12,6,6,8,Default,
259586,12,8,7,51,99,111,9,119,82,125,9,44,73,82,9,18,11,8,7,38,48,67,8,9,35,37,33,8,8,25,33,26,28,8,8,14,26,12,7,8,12,11,6,6,9,Default,
259602,12,8,6,49,99,108,8,119,86,124,10,44,74,82,8,20,12,11,7,39,48,70,8,8,37,37,34,8,8,25,29,22,23,8,8,12,24,14,7,8,13,11,6,7,9,Default,
259618,12,8,7,51,101,107,9,121,87,126,9,45,74,84,9,22,12,12,7,42,49,75,9,8,37,37,34,8,8,26,30,22,23,8,8,16,24,12,7,8,12,12,6,6,8,Default,
259634,12,8,6,52,99,107,9,128,85,125,9,48,75,86,9,25,16,14,8,45,51,72,9,9,37,37,34,8,9,26,29,20,20,8,8,16,22,12,7,8,11,11,6,6,9,Default,
259650,12,8,6,51,103,109,8,132,89,127,9,49,78,87,9,28,15,15,8,44,49,68,10,8,41,41,38,8,8,25,31,21,20,8,8,16,23,12,8,7,12,11,6,6,8,Default,
259666,12,8,7,52,101,105,8,130,91,127,9,51,87,91,9,30,17,16,8,43,49,66,9,8,38,45,38,8,8,24,30,20,18,8,8,16,24,12,7,8,15,11,6,6,9,Default,
259682,12,8,7,52,103,104,9,132,92,123,9,54,92,95,9,33,20,18,8,44,51,63,8,8,41,51,43,9,9,23,31,22,18,8,8,16,24,12,7,8,13,11,6,6,9,Default,
259698,12,8,6,52,107,103,8,137,98,123,8,55,99,99,9,37,23,22,8,46,62,69,9,8,40,57,43,8,8,22,32,25,20,8,8,16,25,12,7,8,15,10,7,6,9,Default,
259714,11,8,6,49,93,90,8,136,91,114,9,55,103,104,8,37,23,21,8,44,57,66,8,8,40,64,49,8,8,24,31,27,23,8,8,17,24,12,6,8,14,10,6,6,9,Default,
259730,12,8,6,45,82,83,9,135,87,107,9,57,100,103,9,40,24,23,8,45,58,67,8,9,42,69,51,8,8,23,32,28,23,8,8,16,24,11,7,7,11,11,5,6,8,Default,
259746,12,8,7,45,78,82,9,136,85,108,8,55,101,99,8,40,24,23,8,49,63,75,9,8,41,67,51,8,8,20,31,25,21,8,8,16,23,11,6,6,11,10,6,6,8,Default,
259762,12,8,6,42,72,77,8,132,87,105,9,55,101,97,9,41,23,21,8,50,68,80,9,8,47,72,53,9,9,21,33,24,20,8,8,17,24,12,7,7,12,12,7,7,9,Default,
259778,12,8,6,43,72,74,9,133,82,101,9,56,102,99,9,41,25,24,8,52,72,84,9,9,46,72,56,8,8,22,34,26,22,8,8,18,25,12,7,8,12,10,7,6,9,Default,
259794,12,8,6,45,75,79,8,140,87,107,9,58,103,103,9,42,25,24,9,53,71,87,9,9,53,75,60,8,8,21,35,26,24,8,8,17,25,12,7,8,12,12,6,6,8,Default,
259810,13,8,7,49,79,82,9,149,93,113,8,61,103,105,9,41,27,26,8,58,80,95,9,8,64,83,66,9,9,25,37,27,26,8,8,20,26,12,8,7,14,11,6,7,9,Default,
259826,12,8,6,51,87,85,8,156,95,118,10,65,106,111,9,45,29,28,9,61,89,99,9,9,74,92,74,9,9,25,38,29,27,8,9,20,28,12,8,8,15,11,6,6,9,Default,
259842,61,72,66,128,263,264,8,246,227,338,10,96,153,148,9,32,17,17,8,34,28,24,8,8,89,81,72,9,9,22,40,20,17,8,8,14,25,11,7,8,12,11,6,7,8,Default,
259858,655,741,746,581,1285,1288,8,855,1090,1225,9,248,326,319,10,32,25,24,8,36,28,27,8,8,87,80,76,8,8,29,28,16,16,8,8,15,20,12,7,7,14,10,6,7,9,Default,
259874,1516,1603,1681,1774,2471,2566,9,1890,2025,2159,9,489,562,572,8,64,59,58,9,39,31,29,8,9,119,109,108,9,9,24,28,19,18,8,8,11,20,11,7,8,11,11,6,7,8,Default,
259890,1937,2018,2079,2556,3276,3295,9,2696,2932,3154,12,1016,1177,1210,9,137,131,130,10,42,31,30,8,8,157,149,149,9,9,18,104,95,93,9,10,14,22,11,7,8,12,10,6,6,8,Default,
259906,1953,2006,2053,2912,3297,3297,10,3237,3297,3296,12,1591,1855,1853,9,379,385,369,9,191,194,185,10,9,240,241,233,9,9,19,244,233,228,9,10,20,22,11,7,8,12,11,6,6,9,Default,
259922,1712,1761,1807,3273,3296,3296,13,3298,3297,3297,12,1949,2257,2263,10,1084,1164,1160,9,890,942,889,10,8,837,896,884,10,8,57,445,418,415,9,8,49,53,41,9,9,37,33,8,8,26,Default,
259938,1500,1531,1562,3295,3297,3297,10,3296,3297,3297,12,2021,2310,2309,10,1337,1415,1407,9,1500,1581,1496,9,8,1462,1606,1629,9,9,106,802,755,737,10,9,108,111,107,9,9,70,40,8,8,34,Default,
259954,1393,1409,1435,3295,3296,3297,11,3297,3297,3297,12,2155,2421,2400,8,1580,1674,1670,9,1908,1999,1898,10,8,1915,2103,2120,9,8,188,1310,1253,1218,8,8,191,252,252,9,8,128,54,8,8,52,Default,
259970,1354,1368,1392,3294,3296,3297,13,3296,3297,3297,12,2220,2497,2471,8,1716,1829,1811,9,2151,2241,2142,9,9,2159,2387,2403,9,9,264,1697,1662,1623,11,8,285,423,430,10,9,193,70,9,8,66,Default,
259986,1306,1317,1345,3295,3298,3297,12,3296,3298,3297,12,2257,2525,2513,9,1757,1860,1848,9,2242,2337,2251,9,8,2271,2516,2538,9,8,312,1879,1860,1829,9,8,341,537,549,8,9,235,72,8,9,70,Default,
260002,1185,1198,1222,3179,3297,3296,10,3297,3297,3298,12,2183,2474,2465,10,1731,1842,1835,9,2259,2378,2295,9,8,2295,2562,2600,9,9,357,1977,1976,1952,9,8,394,626,647,9,8,277,74,8,9,74,Default,
260018,985,991,1016,3035,3297,3297,10,3297,3297,3296,12,2056,2345,2343,9,1662,1790,1783,9,2247,2393,2320,9,9,2312,2609,2682,9,8,485,2097,2130,2130,10,8,531,767,805,11,9,371,95,8,9,98,Default,
260034,702,713,727,2678,3295,3296,9,3142,3297,3296,12,1836,2105,2122,9,1526,1668,1667,10,2132,2315,2251,11,8,2246,2574,2682,10,8,616,2178,2253,2277,10,8,673,899,957,9,8,476,148,8,10,149,Default,
260050,481,489,499,2199,2733,2877,8,2595,2843,2974,10,1550,1798,1818,9,1355,1484,1488,9,1910,2113,2044,9,8,2099,2448,2578,9,8,714,2179,2276,2338,10,9,790,1024,1122,9,8,567,225,9,10,222,Default,
260066,315,318,323,1705,2125,2188,10,2024,2209,2385,9,1260,1471,1499,8,1167,1285,1305,9,1619,1836,1767,9,9,1898,2277,2430,8,8,800,2093,2233,2350,9,9,905,1106,1253,9,9,659,310,10,8,293,Default,
260082,195,196,199,1321,1650,1691,8,1649,1816,2027,9,1021,1184,1233,9,1013,1129,1152,10,1384,1613,1546,9,8,1731,2139,2332,9,9,842,1969,2139,2320,9,8,974,1130,1322,9,9,721,383,9,9,364,Default,
260098,102,100,101,1017,1220,1252,8,1347,1475,1659,9,821,953,988,9,874,987,1010,9,1221,1448,1379,8,8,1582,2006,2232,9,9,882,1846,2047,2279,9,8,1032,1156,1396,9,9,779,451,9,8,434,Default,
260114,56,53,52,822,949,991,10,1115,1203,1372,9,662,780,813,9,768,869,896,9,1078,1306,1236,8,8,1490,1928,2187,9,9,907,1760,1987,2287,11,8,1097,1197,1488,9,9,851,511,10,8,490,Default,
260130,37,35,34,683,762,812,8,945,1030,1176,10,569,679,701,9,689,786,810,8,1020,1238,1163,8,8,1443,1902,2200,9,9,976,1716,1991,2360,11,9,1212,1267,1635,10,8,958,547,8,9,543,Default,
260146,25,21,21,588,659,697,8,816,888,1000,9,507,604,620,9,647,742,766,9,945,1169,1090,9,8,1431,1939,2240,9,9,1056,1720,2052,2477,11,8,1323,1378,1803,9,8,1092,622,8,9,636,Default,
260162,16,11,11,498,555,575,10,701,763,845,10,456,547,550,10,615,720,730,9,918,1130,1058,8,8,1462,2012,2322,10,8,1145,1761,2151,2637,10,8,1469,1513,2017,8,9,1242,714,8,8,755,Default,
260178,13,8,7,373,424,436,9,600,664,723,9,414,498,497,9,606,723,721,9,916,1147,1064,9,8,1500,2113,2422,9,8,1210,1816,2289,2808,9,8,1599,1656,2223,10,8,1379,825,8,9,868,Default,
260194,12,7,7,321,352,362,9,522,564,602,8,381,441,440,8,621,738,729,9,964,1196,1110,8,7,1627,2260,2570,9,8,1349,1954,2474,3051,9,9,1807,1834,2483,8,8,1597,990,8,8,1029,Default,
260210,12,7,7,279,298,306,10,457,481,510,9,352,398,399,9,671,791,780,9,1060,1289,1206,8,9,1786,2456,2772,10,8,1568,2141,2699,3295,12,8,2127,2068,2805,9,8,1912,1242,7,8,1292,Default,
260226,12,7,6,223,233,238,10,427,439,464,9,323,358,357,9,696,812,790,9,1112,1336,1256,9,7,1944,2632,2968,9,8,1830,2317,2933,3295,11,8,2534,2287,3123,8,6,2315,1586,8,8,1741,Default,
260242,12,8,7,198,206,208,9,392,391,409,9,286,308,307,10,678,791,759,10,1102,1305,1244,10,8,2077,2782,3138,10,8,2055,2477,3105,3297,12,9,2897,2500,3296,11,8,2706,1911,8,8,2181,Default,
260258,12,7,6,180,185,186,10,344,335,348,11,249,265,261,9,588,671,644,10,979,1160,1104,9,9,2104,2840,3215,9,9,2217,2540,3230,3297,12,8,3226,2661,3297,12,8,3051,2231,10,8,2613,Default,
260274,12,7,7,171,174,175,9,287,276,285,10,195,206,203,10,461,516,496,9,852,1022,971,9,8,2093,2769,3150,9,8,2281,2563,3292,3297,12,9,3297,2772,3297,12,8,3295,2549,8,8,3072,Default,
260290,14,7,6,160,164,164,9,232,221,227,10,163,169,165,10,339,370,359,9,712,874,800,9,8,2050,2666,2976,10,8,2246,2556,3296,3296,12,8,3296,2838,3297,12,9,3296,2872,8,8,3295,Default,
260306,15,7,6,133,135,136,9,188,179,182,9,132,134,132,9,220,228,224,10,534,668,600,8,9,1873,2411,2583,10,8,2035,2414,3295,3296,12,9,3296,2836,3298,16,8,3296,3115,8,8,3295,Default,
260322,16,7,7,119,120,120,9,148,140,141,10,143,149,145,10,145,145,145,10,461,578,531,10,9,1695,2085,2188,10,8,1779,2271,3197,3296,12,8,3295,2761,3296,12,8,3295,3295,9,8,3297,Default,
260338,16,7,6,104,103,103,9,109,103,103,11,136,141,140,10,84,83,82,9,352,418,397,9,8,1585,1866,1919,10,8,1625,2103,3002,3296,12,8,3296,2606,3296,12,8,3297,3295,9,9,3297,Default,
260354,16,8,6,116,116,116,9,112,108,108,9,121,125,124,10,67,63,64,9,245,279,277,11,9,1382,1640,1646,9,8,1461,1766,2673,3296,12,8,3296,2346,3296,15,8,3297,3296,9,9,3297,Default,
260370,16,7,6,109,112,114,9,107,104,106,9,86,87,87,9,16,6,6,6,182,209,207,10,9,1138,1383,1403,9,8,1285,1352,2209,3283,12,8,3296,1944,3296,11,8,3297,3120,8,9,3297,Default,
260386,17,7,5,105,107,107,9,103,101,106,9,56,53,53,9,29,20,20,8,203,236,234,9,8,995,1248,1262,8,8,1149,1119,1776,2603,9,9,2678,1457,2809,9,8,3295,2636,8,8,3297,Default,
260402,16,8,7,99,106,107,10,103,104,109,8,44,41,41,9,32,24,23,8,217,281,280,10,9,841,1142,1161,8,8,1030,915,1475,2160,9,8,2215,1061,1827,9,8,2127,2088,9,8,3297,Default,
260418,13,8,7,94,98,99,9,106,107,118,10,33,27,27,8,38,33,33,8,213,283,275,9,9,684,939,978,8,8,812,746,1089,1637,9,9,1570,622,965,10,8,990,1437,8,8,2401,Default,
260434,16,7,7,84,91,95,9,95,99,116,10,15,11,10,6,25,20,20,8,169,241,233,9,8,476,630,602,9,9,476,504,658,865,8,8,751,309,472,8,8,435,795,8,8,1181,Default,
260450,20,8,7,64,71,73,9,67,70,88,10,16,8,6,6,22,17,16,8,99,162,148,9,10,232,303,235,9,8,210,243,332,281,8,9,293,150,175,9,9,165,234,9,9,347,Default,
260466,15,8,7,44,68,61,8,45,48,74,9,22,21,16,7,16,12,10,6,43,74,78,9,8,82,110,109,8,8,83,87,130,74,8,8,86,39,24,8,8,41,28,8,8,35,Default,
260482,13,8,7,52,128,124,8,111,98,165,9,33,49,47,8,16,10,8,6,32,38,45,9,8,43,45,52,9,8,37,44,54,67,9,9,35,38,26,8,8,32,14,7,7,8,Default,
260498,12,8,7,52,120,112,8,116,97,156,10,41,70,63,9,17,11,7,6,38,53,74,8,9,41,41,42,8,8,35,41,49,62,9,9,24,27,14,8,8,14,12,6,6,9,Default,
260514,12,8,6,41,93,87,9,101,80,116,10,35,55,58,9,17,11,9,7,36,46,70,8,8,32,29,25,8,8,29,35,39,48,9,9,20,27,14,7,8,14,11,4,6,9,Default,
260530,12,9,8,40,88,80,9,98,81,116,11,38,63,68,11,16,12,9,6,37,43,63,10,9,33,30,27,8,9,29,35,38,45,9,8,21,29,14,8,7,15,11,6,6,9,Default,
260546,12,8,7,43,95,91,8,99,82,120,9,41,68,76,9,18,11,8,6,36,45,63,8,9,35,34,30,8,8,29,33,34,39,9,9,20,28,13,8,8,13,11,6,7,9,Default,
260562,12,8,7,46,99,97,8,107,87,124,9,43,71,80,9,20,11,11,7,39,46,66,9,8,37,32,27,8,8,23,32,29,33,8,8,16,25,12,7,8,11,11,6,6,8,Default,
260578,12,8,7,46,98,99,8,108,85,124,10,43,71,80,9,18,11,8,6,38,47,70,10,8,37,35,33,8,8,25,32,29,33,8,8,18,25,12,7,7,12,12,5,6,9,Default,
260594,12,8,7,48,97,99,9,111,82,126,8,44,71,82,8,17,10,8,6,39,47,70,9,9,37,35,33,8,9,27,34,30,35,8,8,20,25,12,7,7,11,11,6,6,9,Default,
260610,12,8,7,49,98,105,8,116,84,130,9,45,72,83,9,18,11,9,7,39,47,71,9,8,37,36,33,9,9,26,34,32,36,8,9,22,25,12,7,8,12,12,6,7,9,Default,
260626,12,8,6,51,103,107,8,122,87,134,8,46,74,87,10,20,12,12,8,41,46,70,8,8,37,33,32,8,8,23,35,30,33,8,9,20,24,12,7,7,12,11,7,7,8,Default,
260642,12,8,6,52,108,111,9,128,91,136,9,49,77,90,9,24,15,14,8,44,47,71,8,9,38,35,33,8,8,25,33,27,28,8,8,20,24,13,7,8,12,11,6,6,8,Default,
260658,12,8,6,53,110,111,8,129,91,136,9,49,78,92,9,28,16,15,8,44,49,67,9,8,37,34,32,8,8,24,32,22,20,8,8,20,22,12,7,8,14,11,6,7,9,Default,
260674,12,8,6,51,107,104,9,128,90,128,8,51,88,95,8,27,18,18,8,44,48,67,9,8,37,37,35,8,8,24,30,21,20,8,8,19,21,12,7,8,13,10,6,6,9,Default,
260690,12,8,6,51,104,103,8,131,91,126,9,53,93,98,9,30,19,19,8,44,50,66,9,9,39,41,38,8,9,26,33,23,22,8,9,21,24,12,8,8,15,11,6,7,9,Default,
260706,12,8,7,49,100,99,8,133,88,124,9,50,95,99,8,32,20,20,8,44,49,65,8,8,37,41,38,8,9,19,33,24,22,8,8,20,23,12,7,8,15,9,6,7,8,Default,
260722,12,8,7,52,104,104,8,138,94,125,9,54,98,103,9,33,21,20,8,45,53,68,9,9,39,47,41,8,8,25,33,25,22,8,8,22,24,12,8,8,16,12,7,6,9,Default,
260738,12,8,6,51,99,101,9,140,89,122,9,55,99,103,9,33,22,21,8,48,60,75,9,9,40,51,43,8,8,26,33,25,24,8,8,22,25,12,8,8,14,11,7,6,10,Default,
260754,12,8,7,49,87,92,8,136,85,118,9,54,95,101,9,33,22,21,8,48,61,80,10,8,39,45,39,9,9,20,35,28,25,8,8,24,25,12,8,7,15,13,7,7,13,Default,
260770,12,8,7,48,83,87,9,132,86,115,8,53,96,99,9,35,22,20,8,49,64,85,9,8,39,48,39,8,9,20,35,27,25,8,8,26,24,12,8,8,15,13,6,8,14,Default,
260786,13,8,7,48,78,83,9,132,81,110,9,53,96,100,8,34,22,22,8,52,70,91,9,10,41,56,44,8,9,22,35,25,21,8,8,25,25,11,8,8,13,12,6,8,16,Default,
260802,13,8,7,45,78,78,8,138,90,113,9,56,103,100,9,45,26,26,8,53,77,92,10,9,42,62,45,8,8,20,37,29,24,8,8,26,25,12,7,8,16,14,7,8,15,Default,
260818,11,8,6,46,80,79,8,145,91,114,9,59,102,103,9,46,28,27,9,55,76,91,9,8,57,79,60,8,8,20,40,30,27,8,8,24,27,12,8,7,15,10,6,6,9,Default,
260834,12,8,6,47,82,82,8,148,92,116,9,61,105,104,9,47,29,26,8,56,80,95,8,9,58,85,66,9,8,24,41,33,31,8,8,25,25,12,7,8,12,12,6,6,9,Default,
260850,12,8,7,46,85,84,8,144,94,116,9,56,103,103,8,37,24,23,8,54,82,95,9,8,46,71,53,9,9,22,37,31,29,8,8,20,27,12,7,7,12,11,6,7,8,Default,
260866,12,8,6,46,91,88,9,144,97,121,9,56,103,104,10,33,24,20,8,46,66,70,9,8,38,54,38,8,8,16,32,27,25,8,8,14,27,12,7,7,10,11,6,6,8,Default,
260882,365,403,355,325,659,633,9,538,608,776,9,174,230,225,9,32,24,23,8,37,27,23,8,8,45,39,37,8,8,17,31,19,16,8,8,12,19,12,8,7,12,12,6,6,9,Default,
260898,1053,1144,1180,1285,1850,1907,8,1351,1485,1602,9,332,414,411,9,39,30,29,8,36,29,26,8,8,72,68,66,9,9,24,23,13,12,7,8,8,19,12,7,8,13,10,6,6,9,Default,
260914,1729,1798,1863,2213,2823,2926,9,2277,2408,2566,9,609,696,709,7,80,74,72,10,57,46,45,9,8,136,128,127,8,9,22,49,41,40,8,8,14,20,11,6,7,10,11,6,6,8,Default,
260930,1998,2043,2084,2798,3295,3297,13,2980,3160,3297,11,1239,1444,1470,8,174,166,164,10,35,24,21,8,8,171,164,161,9,9,16,120,112,112,10,8,15,22,11,7,7,11,11,6,7,9,Default,
260946,1828,1839,1873,2991,3297,3296,11,3291,3296,3295,9,1604,1837,1858,8,465,474,464,8,163,161,151,9,8,458,471,464,9,9,16,348,326,322,10,8,16,20,11,6,7,12,10,6,6,8,Default,
260962,1522,1542,1573,3208,3297,3297,10,3298,3297,3297,12,1903,2187,2195,9,1012,1063,1048,9,789,820,776,9,8,1028,1115,1122,9,9,75,672,630,619,9,9,74,78,68,9,8,51,37,8,8,33,Default,
260978,1314,1322,1354,3120,3298,3297,10,3297,3297,3297,12,1991,2295,2283,10,1302,1367,1355,9,1438,1520,1435,8,11,1606,1802,1836,9,10,159,1240,1185,1150,9,9,177,213,213,11,10,111,36,8,8,34,Default,
260994,1231,1231,1256,3250,3297,3297,10,3297,3297,3297,12,2155,2433,2418,10,1516,1602,1591,9,1848,1938,1864,10,10,1997,2243,2275,9,10,298,1740,1703,1672,9,10,333,446,458,9,10,216,52,9,9,49,Default,
261010,1191,1184,1210,3286,3297,3296,11,3297,3297,3298,12,2228,2516,2499,10,1651,1743,1738,10,2077,2167,2110,9,10,2204,2474,2528,10,11,381,2039,2032,2022,11,11,428,663,688,9,12,296,70,9,9,67,Default,
261026,1123,1114,1137,3268,3297,3297,11,3297,3297,3296,13,2228,2521,2510,10,1675,1777,1774,10,2170,2289,2238,8,12,2325,2613,2673,10,12,482,2214,2240,2242,10,10,535,795,839,9,11,377,78,8,9,74,Default,
261042,996,980,998,3151,3298,3295,13,3296,3296,3295,14,2177,2463,2452,9,1658,1772,1770,9,2186,2342,2288,9,10,2377,2698,2779,10,10,574,2320,2375,2392,10,11,637,909,967,9,11,444,104,9,9,96,Default,
261058,800,795,811,2935,3297,3296,10,3296,3297,3297,12,2041,2335,2339,9,1613,1745,1737,9,2146,2342,2293,10,8,2362,2720,2827,9,8,667,2408,2508,2553,10,8,737,1065,1150,9,8,525,175,8,10,150,Default,
261074,560,559,567,2562,3246,3294,12,3081,3296,3296,11,1807,2086,2102,9,1515,1656,1641,9,2035,2265,2212,9,9,2276,2680,2804,8,8,758,2429,2588,2673,9,8,846,1185,1304,9,9,608,270,10,9,221,Default,
261090,365,368,372,2098,2562,2635,8,2567,2754,2895,9,1540,1774,1798,9,1381,1504,1482,10,1839,2077,2007,9,8,2130,2545,2679,9,9,820,2371,2544,2663,10,8,937,1251,1416,9,8,684,348,9,9,287,Default,
261106,244,243,244,1556,1863,1875,8,1978,2091,2265,9,1264,1445,1467,9,1230,1326,1304,9,1610,1859,1745,9,8,1970,2392,2541,10,8,837,2255,2460,2610,11,8,978,1283,1488,9,9,731,417,8,9,344,Default,
261122,135,132,131,1140,1323,1331,9,1494,1563,1683,9,999,1121,1143,9,1097,1167,1144,9,1457,1701,1549,9,9,1856,2264,2425,8,8,846,2164,2384,2579,10,9,1011,1307,1563,9,9,776,481,9,8,396,Default,
261138,67,62,63,891,990,1004,8,1201,1233,1317,12,787,870,892,9,975,1031,1007,9,1341,1563,1402,10,8,1786,2185,2365,9,8,871,2111,2338,2580,9,9,1066,1355,1666,9,8,831,535,9,9,451,Default,
261154,39,35,36,709,764,794,9,989,1015,1106,9,658,730,750,8,864,916,892,9,1221,1422,1263,8,8,1736,2151,2360,9,8,908,2049,2329,2640,10,8,1135,1423,1795,8,8,909,600,8,8,512,Default,
261170,26,23,23,599,638,660,8,841,867,941,9,545,614,623,9,804,845,824,8,1160,1348,1203,8,9,1711,2157,2375,9,8,978,2038,2335,2725,10,8,1247,1510,1949,10,8,1023,665,8,8,578,Default,
261186,13,9,8,510,547,570,8,713,735,783,9,485,545,547,10,759,804,783,9,1156,1322,1192,9,7,1726,2197,2416,9,8,1061,2065,2406,2834,9,8,1371,1609,2085,8,8,1142,720,8,8,650,Default,
261202,12,8,7,389,425,437,9,593,610,647,9,451,510,509,9,783,845,813,10,1186,1370,1231,9,8,1770,2289,2516,9,8,1153,2119,2516,2986,10,8,1516,1741,2271,11,8,1285,815,8,9,758,Default,
261218,12,7,6,319,342,351,10,507,530,552,9,413,464,462,9,791,865,828,9,1222,1420,1283,9,9,1848,2409,2636,9,9,1265,2211,2676,3192,10,8,1674,1898,2492,9,8,1443,934,9,8,885,Default,
261234,12,7,6,278,293,300,8,432,447,463,11,377,418,418,9,817,900,849,9,1251,1465,1331,9,8,1933,2512,2747,9,9,1370,2308,2816,3295,12,8,1844,2050,2699,9,8,1617,1077,9,9,1025,Default,
261250,11,7,7,251,261,267,9,366,376,387,10,358,391,391,10,827,917,865,9,1305,1522,1392,9,8,2036,2655,2908,10,8,1522,2421,2983,3297,11,8,2075,2210,2915,10,8,1836,1251,8,9,1201,Default,
261266,12,7,7,209,215,219,10,340,344,354,11,348,377,375,8,822,906,853,9,1368,1575,1442,9,9,2151,2781,3053,8,9,1668,2553,3130,3298,11,8,2278,2371,3131,10,8,2056,1462,9,9,1439,Default,
261282,11,7,7,202,207,207,9,335,331,339,10,323,345,344,10,803,883,829,10,1401,1600,1467,9,8,2246,2894,3181,10,8,1840,2672,3278,3295,12,8,2578,2535,3295,11,8,2350,1699,8,8,1767,Default,
261298,11,7,7,169,171,171,9,293,286,292,10,286,299,298,10,739,800,754,9,1381,1554,1440,9,8,2321,2978,3275,10,8,2002,2783,3296,3296,12,8,2857,2669,3295,12,8,2655,1972,9,8,2128,Default,
261314,12,7,6,154,157,156,9,235,226,230,11,249,260,255,10,631,675,644,10,1227,1352,1281,8,8,2335,2960,3291,10,8,2126,2831,3296,3297,12,8,3136,2759,3297,12,8,2976,2267,8,8,2508,Default,
261330,12,7,6,141,141,142,9,223,215,217,11,211,219,212,10,513,543,526,9,1061,1174,1115,9,8,2293,2947,3228,10,8,2161,2831,3296,3297,12,8,3295,2868,3296,12,8,3253,2553,8,8,2905,Default,
261346,13,7,6,126,126,126,9,202,194,196,10,173,178,174,10,339,354,344,11,941,1065,1003,9,8,2197,2807,2994,9,8,2103,2781,3297,3295,11,8,3296,2922,3296,11,9,3297,2836,8,9,3292,Default,
261362,14,7,6,108,107,107,10,158,151,152,10,137,142,137,10,229,236,232,10,708,829,758,8,8,2063,2593,2682,9,9,1977,2661,3297,3297,11,8,3297,2918,3297,12,8,3297,3060,9,8,3297,Default,
261378,16,7,7,102,101,102,9,133,128,128,10,141,145,142,10,119,117,116,10,484,576,533,9,8,1915,2332,2367,9,8,1824,2520,3296,3298,12,8,3297,2836,3297,12,8,3298,3237,8,8,3296,Default,
261394,14,8,6,112,114,114,10,116,111,113,9,138,144,140,9,25,20,20,9,381,437,424,9,8,1794,2146,2141,9,8,1703,2385,3289,3296,10,8,3297,2727,3297,8,7,3297,3296,10,8,3297,Default,
261410,16,8,6,111,112,112,10,100,96,97,9,102,103,101,9,13,8,8,6,236,262,252,10,9,1677,2002,1956,9,8,1596,2184,3124,3297,12,8,3299,2577,3297,12,9,3297,3295,12,8,3297,Default,
261426,12,7,7,109,109,111,9,88,84,85,8,82,83,82,9,20,16,14,7,221,248,238,10,7,1496,1870,1787,8,8,1490,1842,2798,3295,9,8,3241,2316,3296,11,8,3297,3238,9,8,3298,Default,
261442,17,8,7,111,113,113,9,99,96,99,9,58,54,53,9,16,10,8,7,232,269,267,10,9,1329,1772,1708,8,9,1334,1474,2464,3251,10,8,2454,1919,3229,10,8,2715,2910,8,8,3297,Default,
261458,16,7,7,107,110,111,8,105,104,107,10,47,42,42,9,19,12,10,7,262,322,316,9,9,1183,1649,1597,9,9,1223,1241,2079,2743,11,8,2076,1424,2362,9,8,1887,2440,8,8,3270,Default,
261474,13,7,7,99,103,103,9,100,100,103,10,36,30,29,8,37,29,27,8,242,302,297,9,8,992,1445,1377,8,8,993,1008,1654,2135,10,8,1553,860,1239,9,8,1053,1789,9,8,2362,Default,
261490,15,8,7,87,91,92,9,95,99,108,10,18,10,9,6,34,29,29,8,198,281,271,9,8,669,1008,951,8,8,638,700,1086,1406,9,9,926,445,614,9,8,512,1097,8,9,1370,Default,
261506,18,8,7,72,75,79,8,84,87,108,9,17,8,7,6,26,20,20,8,145,221,211,9,10,344,487,427,9,10,310,383,543,573,9,9,428,199,246,10,9,212,480,8,10,580,Default,
261522,18,8,7,45,52,51,8,51,53,70,9,16,8,8,6,17,12,12,8,67,112,113,9,11,142,181,140,9,12,128,161,219,159,8,12,200,57,43,9,9,66,75,8,9,110,Default,
261538,13,8,6,45,85,82,9,91,72,98,9,36,61,44,8,16,10,7,6,27,46,32,9,8,58,66,66,9,9,37,53,65,72,9,9,35,38,22,8,8,28,15,7,7,9,Default,
261554,12,8,6,45,110,102,9,103,82,112,10,36,59,54,9,16,11,7,6,39,67,82,9,9,35,42,40,8,8,39,41,53,64,9,9,30,29,14,7,8,16,11,6,8,9,Default,
261570,12,8,7,41,95,91,8,99,78,96,9,34,59,58,8,15,9,7,6,30,46,59,9,9,31,37,30,8,8,32,33,45,50,8,8,23,33,17,8,8,24,11,6,7,10,Default,
261586,12,8,7,37,75,81,8,88,66,89,9,35,57,62,10,14,10,7,6,32,48,70,9,8,28,30,21,8,8,29,29,37,43,8,8,20,26,14,8,8,16,12,6,6,9,Default,
261602,12,8,7,36,77,87,9,85,63,93,10,35,60,70,8,16,12,8,6,33,45,70,9,9,28,29,22,8,8,29,26,31,36,8,8,18,25,14,7,8,13,11,6,7,9,Default,
261618,12,8,6,38,87,90,9,91,73,95,10,38,66,74,9,16,10,8,6,33,47,69,9,8,28,29,22,7,8,24,25,28,28,8,8,16,25,13,7,7,13,11,6,7,9,Default,
261634,12,8,6,44,97,101,9,99,73,99,9,38,69,78,9,20,13,10,8,38,48,68,9,8,32,31,25,8,7,24,27,26,25,8,8,13,24,13,6,8,13,10,6,6,8,Default,
261650,12,8,6,47,101,104,8,107,74,104,9,42,69,76,8,20,12,10,7,37,44,64,8,8,34,32,26,8,8,25,27,22,21,8,8,12,24,13,7,8,15,11,6,6,9,Default,
261666,12,8,6,48,98,107,8,111,70,110,9,41,69,77,9,19,12,11,7,38,44,66,9,8,32,33,29,8,8,23,26,18,17,8,8,11,23,12,6,8,13,9,6,6,8,Default,
261682,12,8,6,47,102,109,8,116,78,111,9,43,71,80,9,19,12,11,7,39,48,73,9,8,33,32,29,8,8,23,27,18,16,8,8,10,24,12,8,8,14,12,7,6,9,Default,
261698,12,8,7,51,103,110,8,120,82,110,9,46,76,82,9,24,15,14,8,43,50,74,8,9,35,34,31,8,8,24,27,18,15,8,8,9,22,13,8,8,13,11,6,7,8,Default,
261714,12,8,6,49,103,109,8,124,81,111,9,45,77,82,9,25,16,15,8,43,49,71,9,9,35,36,33,8,8,23,27,17,14,7,8,9,22,12,7,8,13,11,6,6,9,Default,
261730,12,8,6,50,103,105,8,124,85,111,9,47,82,85,9,28,16,16,8,43,51,70,9,8,39,45,39,8,8,23,30,20,18,8,8,12,25,13,8,8,14,11,6,6,9,Default,
261746,12,7,7,51,103,103,9,123,82,113,9,50,91,91,9,29,18,17,8,45,53,71,9,9,39,48,41,8,8,23,30,20,17,7,8,14,24,12,8,8,15,11,6,6,9,Default,
261762,12,8,6,48,103,100,8,123,88,112,10,53,95,93,8,33,20,20,9,44,56,73,10,8,38,51,41,9,9,24,33,24,22,8,8,20,26,13,8,7,16,11,5,6,9,Default,
261778,12,8,7,48,100,98,8,126,88,109,9,53,100,100,8,36,23,21,8,45,62,74,9,8,38,56,43,9,9,23,33,27,24,8,8,20,27,12,7,7,16,11,6,7,9,Default,
261794,12,8,7,46,91,92,9,128,85,107,9,54,102,100,9,37,24,22,8,46,64,74,8,8,40,58,44,8,8,24,32,29,24,8,8,22,27,12,8,8,16,10,6,7,9,Default,
261810,13,8,6,46,89,90,8,128,85,105,10,54,103,102,9,37,24,21,8,48,67,79,9,8,37,58,45,9,9,22,33,30,25,8,8,22,27,13,8,8,16,11,6,6,9,Default,
261826,12,8,6,45,84,87,8,128,86,103,9,53,100,99,9,38,21,22,8,48,68,78,9,9,38,61,45,8,8,22,32,27,23,8,8,19,29,12,8,8,16,10,6,6,10,Default,
261842,13,8,6,44,77,76,9,132,83,99,9,57,100,99,9,40,24,22,8,49,66,78,9,9,44,64,48,9,8,24,33,27,21,8,8,21,26,12,8,8,16,10,6,7,10,Default,
261858,12,8,6,44,78,77,8,136,82,102,9,57,102,101,8,38,23,21,8,51,67,84,9,8,49,66,51,8,8,23,36,27,24,8,8,22,24,12,7,8,15,10,6,6,9,Default,
261874,11,8,6,48,81,82,8,141,83,105,9,56,102,105,9,39,23,22,8,58,80,94,9,8,66,78,64,8,8,22,38,28,24,8,8,20,24,12,7,8,15,10,6,7,8,Default,
261890,13,7,7,52,85,84,9,156,92,114,9,66,107,111,9,45,27,26,8,65,95,100,9,9,84,95,73,8,8,28,41,26,24,8,8,20,24,12,8,8,13,12,7,7,8,Default,
261906,12,8,7,55,91,90,8,164,91,117,9,66,107,114,9,44,27,26,8,66,96,100,9,8,84,90,71,8,9,22,37,24,21,7,8,16,24,11,6,7,12,12,6,6,8,Default,
261922,244,295,264,273,542,563,8,435,528,678,9,162,228,222,9,39,27,27,8,37,28,26,8,8,101,88,82,9,9,26,33,13,12,8,8,10,21,12,7,7,12,12,6,7,9,Default,
261938,1068,1125,1185,1231,1823,1903,9,1293,1467,1629,8,352,412,418,9,32,24,24,8,36,27,25,8,9,84,78,76,8,8,33,25,16,15,8,8,11,20,12,8,8,15,9,6,7,8,Default,
261954,1527,1807,1861,2161,2820,2955,9,2139,2329,2524,10,559,631,646,9,66,60,59,8,74,68,67,9,8,127,118,116,9,9,24,42,33,33,8,8,14,22,11,7,8,12,11,6,6,8,Default,
261970,2057,2137,2197,2814,3296,3297,10,2934,3162,3297,12,1203,1388,1431,9,155,146,145,11,38,28,27,8,8,165,157,157,10,9,18,128,120,119,9,8,16,20,10,7,7,11,10,6,6,9,Default,
261986,1887,1939,1957,3038,3296,3297,10,3292,3296,3295,12,1666,1928,1931,9,451,468,452,9,236,244,232,9,9,333,344,335,10,9,20,262,248,244,10,9,17,21,10,6,7,9,12,6,6,8,Default,
262002,1567,1596,1620,3258,3297,3297,10,3298,3296,3297,12,1964,2253,2277,9,1069,1135,1129,9,895,943,883,9,8,1019,1100,1074,9,9,58,508,472,466,9,10,54,62,53,9,8,42,39,8,9,29,Default,
262018,1371,1397,1429,3279,3296,3297,10,3297,3298,3298,12,2018,2307,2314,9,1280,1344,1337,10,1382,1470,1375,9,8,1562,1716,1730,10,8,121,939,886,861,9,8,128,140,137,10,9,82,61,7,9,48,Default,
262034,1275,1289,1318,3182,3297,3297,9,3297,3296,3296,12,2113,2406,2399,10,1455,1544,1542,9,1736,1850,1763,8,8,1894,2090,2100,9,8,250,1440,1385,1359,9,9,275,346,348,9,10,180,74,8,8,68,Default,
262050,1247,1264,1292,3241,3297,3297,9,3297,3297,3297,12,2188,2474,2483,9,1588,1696,1699,10,1939,2060,1980,10,8,2082,2321,2346,9,8,335,1767,1742,1720,10,9,372,526,537,9,9,259,89,8,8,84,Default,
262066,1219,1228,1256,3243,3296,3297,9,3297,3297,3298,12,2191,2487,2497,9,1608,1724,1729,9,2010,2157,2082,10,8,2186,2459,2495,11,9,414,1902,1904,1892,9,8,451,655,674,9,9,323,103,9,9,96,Default,
262082,1101,1112,1140,3124,3296,3296,12,3296,3297,3296,12,2119,2433,2453,9,1550,1683,1689,9,2011,2178,2111,10,8,2200,2506,2556,10,8,496,1965,1990,1982,8,9,536,734,764,9,9,382,120,11,9,116,Default,
262098,895,905,927,3160,3297,3296,9,3297,3296,3297,12,2012,2304,2331,9,1498,1629,1634,8,1986,2170,2110,9,8,2184,2497,2577,9,8,601,2075,2118,2132,10,8,652,870,917,9,9,468,199,9,10,187,Default,
262114,660,674,688,2775,3297,3296,11,3079,3296,3296,11,1786,2087,2124,8,1397,1533,1546,8,1853,2077,2025,9,7,2094,2454,2563,9,8,708,2112,2206,2252,9,8,774,1014,1090,8,8,572,293,10,8,280,Default,
262130,472,485,493,2328,2914,3082,9,2612,3006,3081,10,1545,1824,1878,9,1233,1368,1384,9,1641,1882,1815,8,8,1948,2332,2454,10,8,790,2084,2214,2279,9,9,884,1106,1212,10,9,659,381,7,9,362,Default,
262146,347,351,358,1909,2418,2542,10,2139,2474,2602,9,1303,1563,1631,8,1060,1193,1214,9,1403,1640,1567,8,8,1761,2170,2324,8,8,826,1988,2147,2248,8,8,945,1139,1275,8,8,711,423,9,9,406,Default,
262162,234,236,236,1437,1928,2015,8,1745,2106,2290,9,1086,1328,1384,9,904,1036,1066,9,1204,1434,1370,10,8,1589,2027,2221,9,8,858,1848,2057,2205,9,8,1007,1158,1334,10,8,766,467,9,9,447,Default,
262178,151,151,153,1134,1458,1542,8,1433,1732,1941,9,903,1104,1160,9,786,907,941,9,1076,1294,1231,8,8,1467,1904,2147,9,9,895,1754,1980,2186,10,8,1061,1175,1398,9,8,820,510,8,8,496,Default,
262194,86,84,87,936,1156,1234,8,1224,1441,1655,9,745,915,971,8,692,803,841,9,960,1173,1108,9,8,1403,1836,2126,9,8,939,1699,1931,2213,9,8,1132,1211,1498,10,9,902,553,8,8,542,Default,
262210,54,52,53,787,941,1009,8,1061,1246,1440,9,651,804,846,9,630,735,768,9,894,1113,1042,9,8,1372,1824,2146,9,9,1012,1666,1941,2292,11,8,1247,1272,1614,9,8,1007,604,8,9,608,Default,
262226,43,38,38,688,800,862,9,951,1107,1284,9,597,744,775,8,597,707,726,9,876,1107,1031,9,9,1385,1865,2222,9,8,1088,1679,1997,2409,9,8,1349,1372,1778,9,9,1122,684,9,10,713,Default,
262242,32,27,28,600,689,732,8,864,1007,1158,9,574,716,738,8,592,698,716,9,867,1111,1030,9,8,1410,1948,2311,9,8,1166,1709,2097,2555,9,8,1449,1486,1962,9,8,1234,770,9,9,811,Default,
262258,24,21,20,527,596,626,8,783,907,1023,9,530,659,670,9,605,717,726,9,889,1137,1055,10,8,1478,2065,2430,10,8,1272,1784,2234,2738,10,8,1599,1634,2172,9,8,1385,877,8,8,911,Default,
262274,14,7,7,401,456,475,9,678,779,862,10,484,592,596,9,617,743,744,9,904,1173,1085,9,9,1546,2198,2568,8,8,1419,1859,2400,2953,10,8,1805,1815,2425,11,8,1602,1044,9,9,1071,Default,
262290,14,8,7,341,378,389,9,586,654,706,9,434,517,519,9,627,748,746,9,988,1248,1163,8,8,1667,2362,2715,9,8,1574,2005,2591,3190,12,8,2062,2012,2699,9,9,1867,1252,8,9,1296,Default,
262306,12,8,7,270,289,296,8,467,504,535,9,368,422,424,9,655,783,774,9,1057,1292,1232,10,8,1796,2507,2890,9,9,1786,2156,2781,3295,12,8,2429,2197,2997,12,9,2239,1575,8,9,1712,Default,
262322,12,8,7,234,247,251,10,423,439,464,10,298,327,327,10,672,795,776,9,1069,1288,1237,8,9,1923,2659,3067,12,9,2042,2310,2971,3298,12,9,2834,2418,3295,12,8,2673,1920,8,8,2205,Default,
262338,12,7,7,207,215,218,9,373,380,397,10,274,298,296,10,601,703,680,10,974,1147,1111,10,9,1994,2747,3154,9,8,2201,2412,3134,3297,12,8,3165,2598,3296,15,9,3027,2236,8,9,2657,Default,
262354,11,7,7,180,186,189,9,314,314,327,9,212,225,221,11,492,562,550,8,848,1000,965,8,8,2002,2706,3146,8,8,2281,2457,3232,3297,11,8,3295,2722,3296,11,8,3295,2558,9,8,3137,Default,
262370,14,7,6,167,171,171,10,253,246,251,9,169,177,173,9,377,417,407,9,710,867,806,9,9,1979,2603,2967,9,9,2246,2479,3260,3298,12,8,3296,2783,3297,12,8,3296,2877,10,8,3297,Default,
262386,12,7,6,151,153,155,9,188,181,183,11,140,145,145,8,244,256,255,9,584,735,667,9,8,1858,2412,2636,9,8,2069,2396,3261,3298,9,8,3298,2814,3298,10,8,3297,3103,9,8,3297,Default,
262402,14,8,7,124,125,124,8,169,161,163,10,124,127,124,10,155,156,156,10,500,634,580,9,8,1694,2138,2260,10,8,1823,2248,3175,3296,12,8,3297,2757,3297,12,8,3297,3295,10,8,3297,Default,
262418,16,8,6,111,110,110,10,130,124,124,11,134,138,133,9,111,109,108,11,396,480,454,9,10,1575,1885,1953,8,9,1635,2100,3017,3297,12,8,3295,2607,3296,12,8,3296,3296,12,8,3296,Default,
262434,15,7,7,108,108,107,9,105,99,99,9,120,124,120,9,82,80,78,9,307,355,351,10,9,1447,1698,1732,9,9,1512,1879,2752,3296,12,8,3297,2416,3297,12,8,3297,3297,9,9,3297,Default,
262450,16,8,6,111,114,116,9,109,103,104,11,92,93,91,9,20,12,11,7,225,257,255,10,8,1200,1456,1459,9,9,1322,1485,2368,3295,12,8,3296,2066,3296,12,8,3297,3183,9,8,3297,Default,
262466,17,7,7,104,107,109,8,95,91,94,9,59,56,56,8,30,24,23,8,204,237,238,9,9,1025,1273,1274,9,9,1193,1181,1909,2781,10,8,3170,1629,3005,11,8,3295,2801,7,8,3299,Default,
262482,16,8,7,101,103,106,9,93,90,95,10,46,44,43,9,35,25,25,8,233,285,290,10,8,903,1129,1160,8,8,1031,1007,1596,2296,11,9,2299,1216,2237,9,8,2563,2305,8,8,3297,Default,
262498,13,8,6,94,96,99,9,91,91,98,9,35,32,29,8,40,33,32,8,228,319,314,11,8,757,1048,1065,8,8,929,829,1260,1862,9,8,1895,796,1300,9,8,1436,1721,8,8,3053,Default,
262514,15,8,7,87,87,98,9,94,92,105,9,20,12,12,7,27,21,21,8,198,277,265,8,9,569,707,765,8,8,628,632,879,1280,9,9,1208,433,684,10,8,688,1134,7,8,1987,Default,
262530,19,8,6,76,84,87,8,77,81,95,9,16,8,7,6,26,21,22,8,145,232,207,9,8,346,453,389,9,9,332,371,480,528,9,8,543,219,309,10,8,301,507,8,8,850,Default,
262546,19,8,7,51,60,59,8,51,53,67,9,16,9,7,6,23,18,20,8,74,130,125,9,8,161,182,161,10,8,136,167,226,167,9,9,203,93,87,9,9,106,109,8,8,223,Default,
262562,12,9,7,46,104,95,10,70,71,101,9,33,62,45,9,15,11,6,6,29,45,43,8,8,46,54,63,8,9,51,45,70,72,9,8,55,33,20,8,8,26,16,8,7,12,Default,
262578,12,9,7,46,111,107,9,97,86,133,9,30,45,39,8,16,11,8,7,33,52,72,10,9,40,43,44,8,8,39,39,50,60,9,8,31,35,24,8,8,32,15,6,7,8,Default,
262594,11,8,6,45,107,99,9,99,83,124,9,33,49,47,8,16,9,7,6,38,57,82,8,8,34,34,32,8,8,33,36,45,53,8,8,23,26,12,6,7,14,11,6,7,8,Default,
262610,12,8,7,35,77,68,8,88,69,96,9,32,45,51,9,15,11,8,6,35,47,78,8,9,32,32,28,8,8,33,32,38,45,8,8,21,26,14,7,7,15,11,6,7,9,Default,
262626,11,8,6,33,70,65,8,83,70,99,9,32,51,58,8,15,11,8,6,34,47,76,9,8,30,32,27,8,8,31,30,34,38,8,8,20,26,13,7,7,14,11,6,6,8,Default,
262642,12,8,7,39,83,81,8,91,76,107,9,37,61,68,9,16,12,9,7,35,45,70,9,8,36,36,29,8,8,29,32,35,41,9,8,20,29,14,7,8,14,11,6,7,9,Default,
262658,12,8,6,42,92,87,8,99,76,107,9,40,67,73,9,17,12,9,7,37,45,66,8,9,37,33,29,8,8,25,32,29,35,8,8,15,27,13,8,8,12,12,6,6,9,Default,
262674,11,8,6,45,100,96,8,104,82,120,9,41,71,75,8,20,13,12,8,40,48,72,9,8,37,34,30,8,8,29,30,26,28,8,8,15,25,13,8,8,13,11,6,6,9,Default,
262690,12,8,7,45,103,98,8,104,84,122,9,41,70,75,8,21,13,12,7,40,51,74,9,8,35,33,31,8,8,32,29,29,30,8,8,17,26,14,7,8,15,11,6,6,9,Default,
262706,12,8,7,46,104,95,10,105,80,117,9,41,71,77,8,17,12,9,6,39,49,74,8,8,35,36,34,8,9,30,32,29,33,8,8,20,25,13,7,8,13,11,6,7,9,Default,
262722,12,8,6,45,103,95,8,107,82,117,9,42,72,78,9,19,12,11,7,39,49,77,9,8,36,38,34,8,8,29,32,29,32,8,8,18,27,13,7,8,14,11,6,6,9,Default,
262738,12,8,6,45,103,92,8,110,82,116,9,44,74,81,9,22,13,12,7,41,50,75,9,8,38,37,33,8,8,30,31,27,28,8,8,20,25,13,7,8,15,11,6,6,9,Default,
262754,12,8,7,47,104,93,9,114,80,115,8,45,74,82,9,25,16,12,8,43,49,74,9,9,37,34,33,8,8,29,30,23,23,8,8,18,23,12,8,8,13,11,6,6,8,Default,
262770,12,8,6,46,105,92,8,117,85,116,9,47,78,84,9,27,16,16,8,45,51,73,9,8,37,39,35,8,8,29,30,21,20,8,8,20,22,12,8,8,14,11,6,7,9,Default,
262786,13,8,6,46,99,88,8,119,87,115,9,48,83,87,9,30,19,18,8,43,48,68,9,8,38,45,39,8,8,27,31,23,20,8,8,18,24,12,7,8,14,11,6,6,9,Default,
262802,12,8,7,44,87,80,9,119,82,109,9,51,87,89,10,29,20,19,8,43,47,66,8,9,38,43,40,8,8,29,33,27,27,8,9,21,25,13,7,8,14,11,6,7,8,Default,
262818,12,8,7,41,76,74,8,119,83,107,9,49,88,90,9,32,20,20,8,42,51,67,9,8,38,47,41,8,8,29,33,27,27,8,8,22,25,14,7,8,16,11,7,6,9,Default,
262834,11,8,5,41,76,75,9,120,82,104,8,49,91,92,8,32,20,19,8,44,53,67,9,8,37,48,41,8,8,25,29,23,23,8,8,17,25,12,6,7,16,10,7,6,9,Default,
262850,12,8,6,41,76,75,8,120,82,103,9,51,92,94,9,32,21,20,8,45,58,78,8,9,38,48,41,9,8,23,30,25,21,8,8,16,26,13,8,8,16,11,5,7,9,Default,
262866,12,8,6,39,71,72,8,108,73,97,8,49,91,93,8,33,21,20,8,46,60,84,10,8,36,50,41,8,8,21,31,26,25,8,8,18,24,12,7,8,14,8,6,6,8,Default,
262882,12,8,7,37,66,65,8,114,78,95,9,50,93,95,9,34,22,20,8,49,70,91,9,8,40,62,46,8,8,24,33,30,28,8,8,20,25,12,8,8,13,11,6,7,9,Default,
262898,12,8,7,38,66,63,9,130,79,95,9,55,98,96,9,45,28,26,8,53,73,91,9,10,50,77,58,8,9,25,37,31,30,8,8,23,26,12,7,8,14,11,6,7,9,Default,
262914,12,8,6,41,72,66,8,141,93,105,9,59,103,105,9,45,28,26,8,59,95,104,10,8,66,88,69,9,9,29,38,29,29,8,8,21,27,12,7,8,14,12,6,6,9,Default,
262930,12,8,7,47,78,74,8,155,97,111,9,62,104,106,9,47,29,29,8,64,104,111,9,8,74,97,78,9,9,25,38,30,30,8,8,19,29,13,7,8,15,11,7,7,9,Default,
262946,13,8,7,80,155,144,8,207,137,223,8,79,128,120,9,33,19,18,8,33,29,23,8,9,75,78,64,9,9,24,36,20,19,8,8,11,25,11,7,8,10,12,6,6,8,Default,
262962,441,511,488,422,887,866,8,636,779,945,9,207,274,269,9,34,24,24,8,34,26,24,8,8,70,65,61,8,8,28,33,22,20,8,8,15,20,12,8,8,13,11,6,6,9,Default,
262978,1051,1267,1343,1357,1965,2088,8,1434,1561,1723,9,352,402,412,9,40,32,31,8,34,26,24,8,8,96,88,87,9,10,22,26,17,16,8,8,10,20,11,7,8,12,10,6,6,9,Default,
262994,1725,1839,1921,2185,2910,3055,10,2271,2490,2712,10,653,740,765,9,87,79,78,9,53,41,41,8,8,145,136,137,9,9,25,51,43,42,8,8,14,22,11,7,8,11,10,6,6,8,Default,
263010,2006,2067,2141,2798,3296,3296,9,2935,3164,3297,11,1253,1459,1509,9,174,167,165,11,33,24,22,8,8,167,161,159,9,9,15,110,100,101,9,8,12,22,11,7,7,12,11,6,6,9,Default,
263026,1885,1915,1958,2993,3297,3297,10,3268,3296,3297,12,1608,1865,1881,8,444,457,444,9,167,168,161,10,9,239,243,236,10,8,16,241,229,225,11,9,15,22,12,7,8,12,12,6,6,9,Default,
263042,1593,1623,1652,3136,3299,3296,12,3297,3299,3296,12,1867,2165,2205,9,916,965,958,10,645,667,632,9,9,835,891,863,9,8,45,468,435,428,9,9,41,41,28,8,8,26,30,8,8,23,Default,
263058,1413,1430,1459,3050,3296,3297,10,3297,3297,3298,12,1948,2250,2249,9,1207,1273,1255,8,1173,1244,1158,9,8,1403,1538,1533,9,8,83,888,836,805,9,9,86,95,89,9,8,61,33,8,8,30,Default,
263074,1357,1363,1392,3182,3298,3297,11,3297,3297,3296,11,2083,2376,2371,8,1414,1491,1475,8,1531,1620,1526,9,8,1781,1956,1972,8,8,150,1278,1218,1185,8,8,157,235,236,9,9,110,40,8,8,38,Default,
263090,1355,1347,1377,3260,3296,3297,13,3296,3297,3297,11,2169,2454,2451,8,1538,1627,1612,9,1781,1878,1789,9,9,2015,2213,2237,8,9,219,1586,1539,1505,9,8,250,389,394,11,8,174,46,8,8,48,Default,
263106,1312,1308,1343,3262,3299,3297,11,3297,3297,3297,10,2186,2476,2473,8,1576,1679,1664,8,1866,1977,1888,8,8,2118,2346,2368,9,9,287,1703,1664,1636,9,9,318,472,479,9,9,215,48,8,8,46,Default,
263122,1181,1176,1204,3182,3295,3298,9,3297,3298,3297,12,2135,2429,2433,9,1573,1686,1670,9,1901,2029,1942,9,9,2160,2411,2450,10,9,323,1800,1771,1747,9,9,363,562,576,11,10,257,55,7,9,53,Default,
263138,953,953,976,2972,3297,3297,11,3295,3296,3295,13,2014,2300,2319,10,1521,1639,1634,9,1890,2043,1965,9,9,2166,2439,2520,10,8,462,1932,1942,1940,9,8,512,721,751,9,8,364,82,9,9,82,Default,
263154,720,728,746,2673,3296,3296,10,3101,3297,3297,12,1802,2089,2127,9,1417,1542,1541,9,1803,1984,1915,9,8,2120,2441,2553,10,8,596,2015,2071,2093,9,8,663,859,913,9,8,468,125,9,10,124,Default,
263170,531,546,557,1768,2792,2910,8,2516,3074,3271,10,1503,1854,1902,9,1248,1413,1418,9,1576,1837,1768,11,8,1877,2356,2483,9,9,696,1933,2108,2143,9,8,780,978,1060,9,8,560,179,8,9,180,Default,
263186,401,408,414,1465,2202,2349,8,2094,2437,2631,9,1299,1596,1658,8,1074,1225,1239,8,1384,1625,1544,8,9,1728,2197,2352,9,9,772,1857,2041,2110,9,8,884,1028,1144,9,8,634,257,8,9,257,Default,
263202,303,308,310,1206,1799,1873,8,1741,2035,2260,10,1119,1376,1446,9,926,1069,1090,8,1192,1431,1356,9,8,1587,2047,2237,10,8,827,1764,1953,2059,9,9,953,1050,1198,9,9,694,348,8,10,328,Default,
263218,236,238,240,993,1451,1497,8,1467,1724,2003,9,945,1149,1222,9,813,941,975,9,1048,1274,1207,9,8,1463,1925,2143,9,8,854,1685,1886,2033,9,9,1010,1061,1242,9,8,747,393,8,9,377,Default,
263234,174,176,174,836,1185,1238,10,1255,1480,1738,9,793,982,1043,8,721,855,889,8,914,1140,1066,9,8,1368,1840,2077,8,8,866,1607,1845,2018,11,8,1047,1076,1294,9,9,787,430,10,8,410,Default,
263250,126,127,128,739,1016,1070,8,1128,1321,1565,9,686,854,917,9,631,757,795,9,828,1055,974,10,8,1315,1789,2049,9,8,892,1557,1798,2002,9,9,1088,1073,1323,9,8,816,457,8,9,444,Default,
263266,91,90,91,686,916,975,8,1044,1211,1430,10,648,797,855,9,570,681,719,9,760,981,901,9,8,1301,1781,2053,9,8,912,1557,1796,2018,9,9,1127,1102,1374,9,8,852,472,8,9,464,Default,
263282,74,72,73,646,838,894,10,1000,1158,1358,9,622,769,825,9,572,688,719,10,780,1010,930,9,9,1348,1844,2141,9,9,988,1610,1873,2139,9,9,1218,1177,1475,9,8,917,506,8,9,505,Default,
263298,54,52,52,617,774,820,8,971,1125,1299,9,615,762,804,9,619,737,766,9,858,1106,1012,9,8,1467,2014,2323,9,9,1123,1724,2033,2357,9,8,1366,1336,1696,9,8,1073,592,8,9,620,Default,
263314,45,39,40,580,691,733,8,935,1067,1206,8,617,745,779,9,686,808,832,8,960,1221,1146,8,8,1642,2233,2569,8,9,1296,1901,2280,2671,10,8,1561,1586,2035,9,8,1310,725,8,8,783,Default,
263330,33,32,31,551,641,670,8,862,965,1069,9,588,698,717,9,749,886,887,8,1126,1408,1332,8,9,1818,2486,2825,9,8,1548,2097,2586,3026,10,8,1877,1889,2422,9,8,1637,929,8,8,990,Default,
263346,23,20,19,464,516,532,9,732,811,872,10,542,634,646,8,775,907,898,9,1274,1562,1496,9,7,1969,2673,3038,9,8,1790,2270,2843,3296,10,8,2226,2166,2823,8,8,1988,1250,8,8,1351,Default,
263362,12,8,7,363,394,405,8,588,634,677,9,457,519,522,9,762,885,871,9,1331,1613,1573,9,8,2092,2839,3245,10,8,2105,2416,3009,3296,12,9,2682,2392,3191,10,9,2458,1674,8,8,1900,Default,
263378,12,7,6,248,258,265,10,439,458,487,10,315,339,342,9,706,827,816,9,1234,1476,1448,9,9,2119,2885,3295,11,8,2325,2484,3155,3297,12,8,3078,2580,3297,12,8,2893,2070,10,7,2470,Default,
263394,14,8,6,210,217,220,9,368,372,389,10,257,276,276,10,584,683,663,9,970,1140,1106,9,8,2106,2860,3295,10,8,2474,2503,3238,3299,16,8,3296,2696,3297,12,8,3290,2445,9,8,2996,Default,
263410,14,8,6,175,180,181,9,290,288,296,10,187,195,192,10,426,480,470,10,751,912,868,9,8,2018,2718,3140,9,9,2458,2459,3259,3295,12,8,3296,2755,3296,11,8,3296,2777,8,9,3295,Default,
263426,14,8,6,151,154,155,11,232,226,230,10,139,144,142,9,275,297,295,10,590,746,675,9,9,1842,2468,2772,9,8,2232,2323,3212,3297,12,8,3296,2752,3297,11,8,3295,3043,10,7,3298,Default,
263442,14,7,7,130,131,132,9,178,171,171,10,123,128,124,9,159,161,161,9,454,579,525,9,8,1606,2077,2266,10,8,1862,2092,3058,3296,12,8,3297,2641,3297,12,8,3297,3192,9,8,3297,Default,
263458,14,7,6,109,110,109,8,136,128,128,10,127,133,128,10,108,105,107,10,368,451,433,9,8,1454,1759,1881,9,8,1598,1909,2792,3295,11,8,3297,2431,3297,12,8,3297,3286,8,9,3296,Default,
263474,16,9,8,118,118,120,9,119,112,113,9,122,128,126,10,75,73,74,9,254,294,296,9,9,1231,1493,1565,8,8,1401,1544,2343,3295,12,8,3295,2099,3297,11,8,3297,3154,8,8,3298,Default,
263490,15,8,7,114,117,118,8,121,116,119,10,94,97,95,9,17,8,8,6,198,234,234,10,9,974,1227,1285,9,9,1194,1168,2006,3077,12,9,3297,1769,3290,10,8,3296,2927,8,9,3297,Default,
263506,16,7,7,107,111,113,9,101,97,99,10,63,59,59,9,37,29,29,8,203,243,246,9,8,848,1059,1158,8,8,1072,983,1602,2401,9,8,2599,1326,2494,10,8,3237,2369,8,8,3297,Default,
263522,16,8,7,103,112,114,10,90,90,94,9,41,36,35,8,37,29,27,8,219,301,306,9,10,767,1037,1073,9,9,970,855,1324,1995,9,9,2150,963,1631,10,8,2024,1866,8,8,3295,Default,
263538,14,8,7,86,94,97,9,89,92,99,10,34,29,25,8,36,29,28,8,194,294,290,11,8,527,839,865,9,9,723,513,951,1509,9,8,1499,559,886,10,9,933,1301,8,8,2388,Default,
263554,15,8,6,81,84,91,8,86,87,103,9,17,9,9,7,24,19,19,7,160,243,228,9,8,398,482,472,9,8,386,432,408,709,8,8,653,260,378,8,8,359,622,8,9,1016,Default,
263570,18,8,7,55,62,63,9,60,64,85,9,16,8,7,6,16,11,10,7,85,148,136,9,10,186,208,181,8,8,161,193,249,204,10,8,238,124,132,9,9,146,138,10,8,247,Default,
263586,13,9,6,43,82,78,9,59,67,94,10,32,55,37,8,15,9,7,6,34,59,63,8,8,54,74,99,8,8,68,61,86,71,8,9,80,33,19,8,8,28,16,8,8,15,Default,
263602,12,8,7,51,120,119,8,112,95,161,9,37,61,58,9,16,10,8,7,33,41,54,9,8,41,41,41,9,9,37,41,51,64,9,9,31,37,24,8,8,33,15,6,7,8,Default,
263618,13,8,7,46,96,97,8,112,89,136,9,39,62,62,9,16,12,8,6,40,54,79,8,9,38,37,35,8,8,32,36,41,45,8,8,21,29,13,7,7,15,12,6,6,9,Default,
263634,10,8,7,38,72,75,8,102,74,109,9,37,58,63,9,16,10,8,6,35,45,73,9,9,33,32,30,8,8,32,34,37,45,8,9,22,25,12,7,8,12,11,6,6,8,Default,
263650,12,8,6,37,66,68,8,96,70,107,9,37,58,66,8,16,10,8,7,34,41,66,9,8,37,33,33,8,8,33,34,34,44,9,8,21,26,14,7,8,13,11,6,6,9,Default,
263666,12,8,7,42,82,88,8,95,78,114,9,39,66,70,8,18,12,9,6,37,45,68,8,9,37,34,32,8,8,30,35,36,45,9,9,20,25,13,7,7,12,12,5,7,9,Default,
263682,12,8,6,43,86,91,8,103,80,116,9,41,67,72,9,18,11,9,7,38,49,74,9,8,36,34,29,8,8,25,33,33,38,9,8,16,28,12,7,7,10,12,6,6,8,Default,
263698,11,8,7,45,89,95,8,107,80,112,9,41,70,74,9,20,11,9,7,41,51,81,9,8,37,34,31,8,8,21,31,26,29,8,8,13,26,12,7,8,11,12,6,6,9,Default,
263714,12,8,6,48,95,100,9,116,80,116,10,42,70,74,8,19,13,10,7,42,50,78,9,9,37,33,31,8,8,24,29,24,25,8,8,12,25,12,7,8,12,11,6,6,9,Default,
263730,12,8,7,48,95,103,8,113,85,117,9,41,70,75,9,21,12,12,8,41,49,80,10,8,33,31,28,8,8,22,29,27,28,8,8,16,27,12,7,8,13,11,6,6,9,Default,
263746,12,8,6,47,95,103,8,117,82,117,9,45,72,78,9,22,15,14,8,43,49,82,9,8,33,29,25,8,8,20,29,25,28,8,8,16,25,14,7,8,14,11,6,6,9,Default,
263762,12,8,6,49,96,103,9,117,78,116,9,45,72,80,8,26,16,15,8,45,50,82,8,9,33,30,26,8,8,20,30,27,29,8,8,19,28,13,8,8,14,11,6,6,9,Default,
263778,13,8,6,48,97,102,8,120,82,116,10,45,74,82,9,27,16,16,8,45,51,80,10,8,33,29,26,8,9,18,29,22,20,8,8,16,26,13,7,8,16,11,6,6,9,Default,
263794,11,7,7,49,98,101,8,125,83,116,9,45,78,85,8,27,17,16,8,46,49,77,9,8,33,30,27,8,8,18,29,19,17,8,8,17,22,12,6,8,16,9,6,6,9,Default,
263810,12,8,6,49,94,99,7,127,84,116,8,49,82,85,9,29,17,17,8,44,48,71,8,9,37,33,30,8,8,19,29,20,17,8,8,19,21,12,7,8,16,9,5,6,11,Default,
263826,12,8,6,46,87,90,9,127,79,112,9,48,84,86,8,31,20,20,8,45,49,74,9,8,36,37,34,8,8,17,32,21,18,8,8,20,21,12,6,7,16,9,6,6,9,Default,
263842,12,8,6,45,83,90,8,130,82,115,9,51,90,91,9,33,19,20,8,46,49,74,9,8,39,41,37,8,8,19,33,24,22,8,8,24,23,13,7,8,17,10,6,7,10,Default,
263858,12,8,7,45,85,88,9,128,80,114,8,51,91,92,9,33,20,20,8,46,51,74,9,9,38,43,38,8,9,25,34,24,24,8,8,22,24,13,7,8,16,10,6,6,9,Default,
263874,12,8,7,45,83,87,8,125,82,115,9,51,91,95,9,33,20,20,8,45,53,78,9,8,37,41,38,8,8,24,33,24,24,8,8,24,23,13,7,8,16,10,6,6,9,Default,
263890,11,8,6,41,77,82,9,117,78,107,9,50,93,96,9,33,20,20,8,46,58,85,9,8,38,47,41,8,8,20,32,24,21,8,8,19,24,12,8,7,15,9,6,6,9,Default,
263906,12,8,6,41,77,79,9,122,77,103,10,52,96,97,8,33,22,21,9,49,67,87,9,9,39,58,46,8,8,25,35,29,28,8,8,25,25,12,6,7,15,9,6,8,9,Default,
263922,13,8,7,41,78,78,8,123,84,103,8,52,98,99,9,35,23,21,8,49,74,89,9,8,41,64,49,9,9,24,36,33,31,8,8,24,28,13,8,8,16,11,6,7,8,Default,
263938,12,8,7,47,85,84,8,133,89,111,10,58,101,103,9,46,29,29,8,55,77,94,9,8,55,79,63,9,9,29,38,29,29,8,8,25,25,13,7,8,15,12,6,7,9,Default,
263954,12,8,6,49,88,87,8,138,91,113,9,59,103,105,9,49,32,31,8,58,85,99,8,8,64,88,71,9,9,30,40,33,33,8,8,24,26,13,7,8,14,12,6,7,8,Default,
263970,12,8,6,75,161,157,9,182,140,230,9,70,124,123,9,28,16,14,8,34,36,33,8,8,60,74,62,9,9,24,37,24,22,8,8,14,26,12,7,8,10,11,6,6,8,Default,
263986,394,460,412,371,820,766,8,572,708,819,9,178,235,230,9,34,24,22,8,33,24,21,8,8,71,68,63,8,8,24,30,19,17,8,8,11,21,12,7,8,13,10,6,6,9,Default,
264002,975,1110,1176,812,1766,1817,9,1136,1417,1549,9,302,371,377,9,34,25,23,8,40,31,29,8,9,73,68,67,9,9,24,27,20,17,8,8,10,20,12,8,8,13,10,6,6,9,Default,
264018,1383,1591,1690,1218,2541,2640,8,1689,2197,2369,9,506,628,642,9,72,66,66,9,47,38,36,8,8,139,129,128,9,9,23,58,49,49,9,8,16,21,11,7,8,11,11,6,7,9,Default,
264034,1643,1835,1897,2549,3240,3298,11,2714,2939,3185,9,1078,1266,1301,8,153,145,140,10,38,24,24,8,7,163,158,157,9,8,16,116,107,106,9,9,12,20,10,6,8,12,8,6,6,8,Default,
264050,1782,1806,1861,2888,3296,3297,13,3153,3296,3297,12,1525,1773,1778,8,409,416,405,10,174,173,165,9,9,273,277,272,8,9,17,244,266,267,9,8,15,21,10,7,7,10,12,6,6,9,Default,
264066,1509,1542,1584,3057,3296,3297,10,3295,3297,3297,12,1784,2061,2082,8,903,961,954,8,590,617,587,9,7,802,854,834,8,8,45,476,440,435,8,9,43,39,29,8,8,26,26,8,8,21,Default,
264082,1331,1355,1387,2960,3296,3297,10,3295,3297,3296,12,1853,2151,2153,9,1147,1210,1190,9,1070,1146,1061,9,8,1323,1460,1450,9,9,78,887,835,801,10,9,78,96,89,9,8,57,32,8,8,26,Default,
264098,1251,1258,1289,3113,3296,3297,9,3297,3297,3296,13,2001,2269,2264,9,1377,1441,1415,11,1465,1554,1452,8,8,1697,1844,1861,9,8,149,1394,1334,1285,9,9,155,317,322,11,9,120,38,7,8,36,Default,
264114,1238,1236,1267,3221,3295,3297,12,3297,3296,3295,14,2120,2383,2380,12,1541,1631,1612,8,1737,1828,1725,12,8,1934,2110,2130,8,8,218,1746,1700,1658,9,9,243,507,523,11,8,183,39,8,8,40,Default,
264130,1245,1236,1269,3271,3296,3296,10,3297,3297,3297,12,2174,2439,2437,9,1636,1731,1708,10,1894,1994,1890,9,8,2080,2274,2299,9,9,274,1952,1923,1893,11,8,303,658,688,11,9,230,54,8,9,52,Default,
264146,1128,1118,1146,3203,3295,3297,9,3296,3296,3297,12,2151,2421,2425,9,1668,1770,1744,11,1983,2096,1989,8,9,2169,2388,2437,9,9,323,2107,2110,2090,11,8,355,791,833,10,8,278,70,8,8,70,Default,
264162,923,914,936,3037,3296,3296,10,3296,3297,3297,12,2077,2350,2352,10,1677,1790,1762,9,2006,2136,2039,9,8,2222,2476,2540,9,9,383,2269,2309,2314,10,8,430,973,1042,9,8,345,95,9,9,103,Default,
264178,678,676,689,2746,3296,3296,10,3234,3297,3297,12,1900,2164,2178,10,1622,1749,1720,9,1965,2124,2038,11,8,2217,2520,2583,10,8,520,2393,2481,2528,9,8,595,1181,1283,8,8,472,131,9,10,135,Default,
264194,461,470,476,1836,2777,2832,10,2663,3122,3292,10,1610,1925,1952,9,1480,1650,1624,9,1784,2023,1942,9,9,2018,2454,2517,9,8,623,2280,2528,2609,9,8,721,1293,1436,10,8,580,189,10,8,197,Default,
264210,344,344,348,1511,2159,2226,8,2237,2510,2682,12,1411,1670,1713,9,1343,1500,1475,9,1627,1882,1790,10,8,1917,2340,2416,9,8,691,2219,2488,2613,10,8,804,1338,1517,9,8,652,256,8,8,260,Default,
264226,248,248,250,1214,1672,1699,8,1861,2062,2251,9,1212,1426,1470,8,1210,1345,1323,9,1482,1737,1631,10,8,1810,2236,2328,11,8,751,2143,2452,2596,9,8,891,1379,1602,9,9,729,343,8,9,336,Default,
264242,168,166,167,955,1264,1278,10,1476,1634,1799,9,995,1158,1204,9,1054,1175,1158,9,1334,1589,1463,10,8,1662,2097,2216,10,8,793,2011,2358,2552,8,8,967,1393,1668,9,9,797,438,11,8,418,Default,
264258,91,87,87,783,998,1014,8,1221,1326,1442,11,814,943,978,10,929,1044,1033,9,1187,1445,1302,9,8,1552,1963,2121,9,8,814,1907,2248,2501,10,8,1013,1406,1728,10,8,852,481,8,10,466,Default,
264274,52,49,47,645,785,815,9,994,1066,1177,8,655,754,787,8,820,918,920,8,1028,1251,1121,9,7,1466,1861,2052,9,9,858,1815,2130,2482,9,8,1094,1414,1811,8,8,941,523,9,9,522,Default,
264290,41,38,38,546,653,678,8,837,896,985,9,547,642,662,9,712,796,801,10,897,1128,1004,8,9,1409,1832,2031,9,8,912,1757,2119,2512,10,8,1189,1466,1911,9,8,1035,580,8,8,601,Default,
264306,29,25,25,476,554,578,8,722,780,862,8,496,581,597,8,633,722,724,8,846,1074,960,8,8,1406,1835,2046,8,7,958,1753,2134,2587,9,8,1284,1516,2023,9,8,1130,646,8,8,688,Default,
264322,22,19,19,433,497,520,8,646,703,762,9,436,517,524,9,608,699,698,9,833,1075,960,9,8,1462,1925,2152,9,8,1044,1806,2233,2727,11,8,1414,1621,2180,9,8,1251,745,8,9,804,Default,
264338,14,9,8,401,446,465,9,588,632,675,8,420,491,490,9,634,738,731,11,913,1152,1042,9,9,1592,2090,2327,9,9,1185,1942,2400,2955,9,8,1616,1771,2390,9,8,1437,884,8,8,968,Default,
264354,13,8,6,377,416,432,8,551,594,631,9,429,496,498,9,667,785,764,9,1021,1253,1162,9,8,1729,2305,2556,9,8,1368,2083,2602,3214,12,9,1870,1953,2642,11,8,1664,1094,8,8,1221,Default,
264370,11,7,6,323,348,356,8,486,519,546,9,410,468,468,9,741,872,841,10,1148,1381,1305,9,8,1896,2515,2800,9,8,1593,2255,2865,3296,12,8,2197,2178,2932,12,8,1992,1398,8,8,1615,Default,
264386,11,8,7,259,271,277,10,403,412,430,12,350,387,386,8,751,887,859,9,1198,1425,1374,9,9,2005,2684,3041,8,9,1848,2399,3061,3297,12,8,2582,2399,3258,10,8,2360,1734,9,9,2081,Default,
264402,13,8,7,203,211,212,9,348,345,359,10,273,291,291,10,696,813,783,9,1177,1376,1343,9,8,2093,2788,3174,10,8,2039,2513,3217,3296,12,8,2928,2580,3296,12,8,2753,2019,8,9,2513,Default,
264418,12,7,6,175,179,179,9,291,286,294,11,240,252,252,10,563,647,622,9,1029,1189,1156,10,7,2103,2796,3183,10,8,2174,2552,3292,3296,12,9,3257,2707,3297,12,8,3146,2357,8,9,2999,Default,
264434,13,7,6,157,160,160,8,244,236,240,11,182,189,186,10,437,487,472,9,900,1052,1007,8,9,2064,2701,3059,10,8,2226,2556,3295,3296,12,8,3296,2782,3296,12,8,3297,2667,9,8,3297,Default,
264450,15,8,7,135,137,138,10,186,178,182,10,149,155,151,9,302,323,318,11,707,876,797,10,8,1954,2526,2798,9,9,2127,2460,3297,3298,12,8,3297,2819,3297,12,8,3295,2931,8,8,3296,Default,
264466,16,7,6,115,116,116,9,157,149,150,10,128,132,128,9,178,180,181,10,521,665,598,9,8,1764,2234,2356,9,9,1878,2280,3264,3297,12,8,3297,2751,3297,12,8,3295,3115,9,8,3298,Default,
264482,14,7,7,99,98,97,10,138,131,132,9,146,151,149,10,103,103,103,10,404,497,462,8,9,1597,1953,2023,10,8,1686,2080,3058,3299,15,8,3295,2595,3297,12,8,3297,3287,9,8,3297,Default,
264498,14,7,6,101,101,101,8,116,107,106,10,132,136,134,9,71,66,66,9,297,347,335,10,9,1463,1727,1770,9,9,1537,1873,2713,3296,12,8,3297,2336,3296,12,8,3297,3285,9,8,3298,Default,
264514,12,7,6,107,110,111,10,104,102,103,9,102,104,103,8,14,8,6,6,194,221,213,9,8,1224,1505,1517,8,9,1365,1461,2354,3296,11,8,3295,2050,3297,7,8,3296,3109,9,8,3296,Default,
264530,14,7,6,107,112,112,10,103,99,101,9,80,79,79,8,19,12,12,8,186,218,210,10,9,1005,1266,1269,8,9,1193,1140,1883,2783,11,8,3284,1573,2975,9,8,3295,2726,11,8,3297,Default,
264546,15,7,7,101,105,107,9,98,96,100,9,49,48,49,9,23,17,16,8,217,270,265,10,8,862,1131,1155,9,8,1042,959,1546,2236,9,8,2345,1165,2172,8,8,2828,2211,8,8,3297,Default,
264562,16,8,6,91,94,96,9,101,100,109,10,39,36,34,9,40,33,32,8,219,286,279,9,8,734,1031,1038,9,9,893,825,1243,1794,9,8,1852,766,1248,10,9,1418,1629,8,8,3103,Default,
264578,13,8,7,87,89,91,9,95,91,103,10,36,30,28,8,33,29,28,8,194,269,251,9,9,563,786,791,8,9,632,633,846,1239,9,8,1123,431,690,9,8,688,1082,9,8,1873,Default,
264594,18,8,6,69,73,75,9,85,89,109,10,29,24,21,8,17,9,7,6,136,217,206,10,9,326,441,384,8,8,325,360,457,508,8,9,505,219,310,10,9,292,480,8,8,771,Default,
264610,18,8,6,45,51,51,8,53,55,74,9,25,22,18,8,16,8,7,6,68,112,121,9,8,141,174,153,8,9,131,150,203,157,8,9,186,86,83,9,9,95,96,8,9,162,Default,
264626,12,9,7,38,79,75,8,78,69,94,9,33,51,45,9,15,11,8,6,22,31,25,8,9,44,51,60,8,8,38,45,58,56,9,8,41,33,18,8,8,24,13,7,7,8,Default,
264642,12,8,7,45,109,107,9,99,87,137,9,38,68,66,8,16,11,9,7,34,48,61,8,8,39,44,45,8,9,34,43,53,69,9,9,29,33,19,8,8,23,12,6,7,8,Default,
264658,12,8,7,44,91,99,8,99,80,120,9,38,66,68,8,16,10,8,6,33,48,66,8,8,34,36,33,8,8,30,36,43,55,9,8,22,27,13,7,8,13,11,6,6,8,Default,
264674,12,8,7,37,61,73,8,96,67,101,9,38,64,70,9,16,12,9,6,34,43,66,9,8,34,33,28,8,8,31,33,36,46,8,9,22,25,14,7,8,13,11,6,6,9,Default,
264690,12,8,7,37,64,78,8,92,66,103,8,38,64,72,9,18,10,8,6,33,43,66,9,8,34,33,30,8,8,33,33,34,43,8,8,20,27,16,8,8,16,11,7,7,10,Default,
264706,12,8,7,42,76,91,9,99,68,111,9,41,66,76,9,19,9,8,6,33,41,60,9,8,35,32,28,8,8,29,31,29,33,8,9,17,24,12,7,8,12,11,7,7,8,Default,
264722,12,8,6,45,83,99,9,106,68,116,9,41,67,78,8,19,12,9,7,38,45,64,9,9,36,34,30,8,8,26,29,27,32,9,8,14,25,12,7,8,11,11,7,7,8,Default,
264738,12,8,6,47,88,103,8,114,77,121,9,43,69,78,9,22,12,12,7,41,47,71,9,8,36,33,29,8,8,24,32,28,31,8,8,15,26,13,7,8,13,11,6,6,8,Default,
264754,12,8,6,49,94,106,8,116,75,122,9,45,72,81,9,24,14,14,8,44,45,70,9,8,37,35,33,8,8,27,32,27,30,8,8,16,25,14,6,8,15,8,6,7,9,Default,
264770,12,8,6,49,95,107,8,116,78,123,9,47,74,83,9,25,15,14,8,45,49,78,8,9,38,37,33,8,9,25,32,29,32,8,8,17,27,12,7,8,13,11,6,6,9,Default,
264786,12,8,7,48,93,103,8,111,77,120,9,44,79,87,8,26,16,16,8,45,49,77,9,8,37,38,35,8,8,25,32,29,31,8,8,16,24,12,6,8,12,9,6,6,8,Default,
264802,12,8,7,48,95,104,8,116,78,122,9,46,80,87,10,28,16,16,8,43,48,76,9,9,37,36,34,8,9,24,33,27,29,8,8,18,26,13,7,8,14,11,6,6,9,Default,
264818,12,8,6,49,95,104,9,120,82,123,9,49,83,90,9,28,16,16,8,43,48,69,8,8,37,35,33,8,8,24,29,20,20,8,8,16,24,13,8,8,14,11,6,7,9,Default,
264834,12,8,6,49,96,103,8,121,82,124,10,49,87,91,10,28,16,16,8,43,47,67,9,8,38,38,36,8,8,24,32,22,20,8,8,17,24,12,7,8,16,10,6,6,9,Default,
264850,12,8,6,47,93,95,9,122,80,123,9,50,87,92,9,30,18,17,8,43,48,68,9,8,41,40,37,8,8,22,32,22,21,8,8,17,24,13,7,8,16,12,6,7,9,Default,
264866,12,8,7,45,83,88,9,120,75,116,10,52,90,95,9,30,19,18,8,45,49,72,9,9,37,41,37,8,8,22,32,23,22,8,8,19,24,12,7,8,14,9,6,7,9,Default,
264882,12,8,7,45,82,86,8,122,79,112,9,51,93,99,9,33,20,20,8,45,52,72,10,8,38,45,40,8,8,21,32,23,19,8,8,20,23,12,7,7,15,10,6,6,9,Default,
264898,12,8,6,44,81,85,8,123,81,114,8,53,99,103,9,34,20,20,8,45,54,73,9,8,41,49,43,8,8,22,32,23,20,8,8,20,24,12,8,8,16,10,6,7,10,Default,
264914,12,8,6,42,74,80,9,122,75,111,9,53,101,104,9,33,21,21,8,47,58,79,9,9,37,45,37,8,8,19,29,24,23,8,8,20,24,12,7,7,14,10,6,6,9,Default,
264930,12,8,7,40,69,74,8,113,74,101,9,52,101,103,8,34,21,20,8,46,61,84,9,8,38,49,40,8,8,19,33,25,23,8,8,23,24,12,7,7,14,10,6,6,9,Default,
264946,12,8,7,38,66,72,8,107,76,99,9,52,103,103,9,39,24,23,8,48,72,92,10,9,38,58,44,9,8,23,32,25,22,8,8,24,24,12,8,8,15,11,7,6,9,Default,
264962,12,9,6,39,67,70,8,118,79,99,10,54,100,102,9,45,27,25,8,53,74,91,9,9,44,65,49,9,9,25,30,26,21,8,8,22,24,12,8,7,15,10,6,6,9,Default,
264978,12,8,7,43,72,72,8,130,87,109,9,58,103,105,9,44,27,25,8,54,82,94,10,9,57,81,60,9,9,25,37,29,25,8,8,25,25,12,8,8,16,12,6,7,9,Default,
264994,11,8,6,45,74,75,9,136,86,112,9,59,105,107,8,45,29,29,8,60,95,103,9,8,59,85,66,9,8,24,40,32,30,8,8,25,24,12,7,8,16,11,6,7,8,Default,
265010,12,8,7,49,93,91,9,155,90,130,9,59,106,108,9,27,16,16,8,39,44,41,8,8,48,61,48,8,9,22,34,24,23,8,8,19,24,12,7,7,12,11,6,7,9,Default,
265026,307,354,306,299,614,580,8,493,557,706,8,174,238,233,8,37,29,27,8,36,28,24,8,8,63,60,55,8,8,23,27,18,14,7,8,13,18,12,7,8,12,10,6,6,8,Default,
265042,944,1060,1127,790,1684,1723,8,1123,1347,1485,9,321,398,403,9,39,32,31,8,38,26,28,8,7,79,75,72,9,9,23,26,17,16,8,8,10,22,12,7,8,14,10,6,6,9,Default,
265058,1453,1683,1782,1254,2588,2718,11,1725,2204,2409,9,535,659,679,8,82,77,77,10,78,67,67,9,9,145,136,133,9,9,23,51,44,43,9,8,14,22,9,6,7,9,11,6,6,8,Default,
265074,1978,2043,2121,2756,3297,3298,9,2866,3061,3292,11,1166,1346,1384,9,175,167,164,10,39,29,29,8,8,178,174,170,10,9,14,141,133,130,10,9,14,22,10,7,7,11,10,6,6,9,Default,
265090,1927,1951,1994,3001,3297,3297,10,3273,3297,3297,12,1579,1832,1832,9,358,361,351,10,150,148,143,10,8,274,273,260,9,10,16,268,252,252,9,10,15,22,11,8,7,11,11,6,6,9,Default,
265106,1654,1658,1695,3204,3296,3297,10,3296,3297,3296,13,1876,2164,2181,10,957,1001,988,9,709,734,687,8,8,783,829,807,9,9,39,465,431,421,10,8,37,28,18,8,8,18,20,8,8,14,Default,
265122,1441,1442,1478,3278,3297,3296,10,3297,3297,3297,12,1952,2254,2249,9,1222,1283,1264,9,1216,1280,1184,10,8,1372,1490,1473,8,8,64,860,804,768,9,10,63,89,82,9,9,49,33,8,8,28,Default,
265138,1295,1301,1330,3234,3296,3297,10,3297,3297,3297,12,2088,2363,2354,9,1467,1546,1526,10,1656,1757,1642,9,8,1824,1999,1998,9,9,126,1355,1291,1236,10,8,126,245,246,10,9,95,39,8,9,35,Default,
265154,1265,1262,1295,3292,3297,3297,10,3297,3297,3297,13,2207,2484,2471,9,1657,1749,1725,9,1973,2075,1966,8,8,2106,2319,2319,9,9,219,1766,1721,1674,9,9,234,468,481,11,8,174,46,9,9,47,Default,
265170,1228,1220,1252,3295,3296,3297,10,3297,3297,3297,12,2238,2513,2510,9,1720,1821,1795,8,2064,2179,2074,10,8,2250,2474,2493,9,9,281,1959,1933,1898,9,8,306,613,634,9,8,228,59,8,9,59,Default,
265186,1147,1142,1172,3267,3297,3297,10,3297,3297,3297,12,2203,2488,2485,10,1696,1805,1777,11,2066,2193,2087,9,8,2276,2523,2556,9,9,307,2032,2030,1996,9,9,338,688,717,9,8,249,70,8,9,67,Default,
265202,999,991,1016,3097,3297,3297,13,3295,3298,3297,12,2081,2364,2373,8,1656,1771,1742,9,2028,2178,2071,9,9,2261,2533,2583,8,8,351,2085,2110,2084,9,8,394,775,812,9,9,296,74,9,8,70,Default,
265218,771,769,791,2838,3296,3297,10,3283,3296,3297,12,1896,2172,2181,9,1555,1676,1650,9,1927,2107,2006,10,8,2174,2475,2549,9,9,398,2156,2217,2209,9,8,453,872,927,9,8,350,87,9,9,91,Default,
265234,560,563,575,2452,3137,3196,10,2883,3221,3296,10,1654,1908,1933,8,1406,1526,1504,9,1749,1958,1858,8,8,2048,2389,2477,8,8,491,2153,2258,2274,8,8,559,974,1054,8,8,427,125,9,9,125,Default,
265250,400,401,408,2007,2472,2551,9,2374,2546,2694,11,1412,1616,1654,9,1254,1362,1343,9,1571,1774,1674,8,8,1920,2255,2370,9,9,556,2118,2230,2287,9,8,647,1053,1168,10,9,497,170,8,8,174,Default,
265266,302,302,306,1600,1969,2014,9,1900,2012,2205,9,1210,1387,1426,8,1127,1225,1212,9,1411,1619,1513,9,7,1795,2154,2288,8,8,615,2024,2182,2271,8,8,725,1093,1243,8,8,559,237,10,9,228,Default,
265282,207,207,211,1268,1544,1583,9,1539,1647,1828,9,1011,1158,1204,8,1028,1128,1121,9,1282,1504,1385,10,8,1693,2060,2236,9,9,666,1948,2146,2281,9,9,795,1126,1321,10,9,614,336,9,8,315,Default,
265298,131,128,130,1043,1231,1264,9,1302,1404,1544,9,851,974,1013,9,938,1044,1038,9,1193,1426,1293,8,9,1631,2023,2230,9,8,729,1911,2144,2322,9,9,883,1193,1426,10,8,690,418,8,8,391,Default,
265314,78,75,77,871,999,1039,8,1127,1200,1335,9,731,841,874,9,878,965,970,10,1131,1356,1223,9,8,1610,2018,2255,9,8,785,1883,2146,2395,9,8,959,1252,1542,9,8,762,483,8,9,452,Default,
265330,49,45,45,756,841,887,8,1010,1070,1191,9,646,750,773,9,833,916,920,9,1101,1336,1206,9,8,1633,2072,2334,9,8,867,1915,2209,2527,10,8,1065,1377,1738,9,8,883,536,8,8,518,Default,
265346,41,40,40,654,725,758,9,885,945,1046,9,580,675,691,8,787,878,871,9,1109,1334,1219,8,8,1679,2157,2409,8,8,966,1952,2315,2691,9,9,1212,1531,1959,9,8,1021,617,10,9,607,Default,
265362,29,27,26,501,569,592,9,779,844,922,11,542,625,636,9,788,876,867,9,1111,1350,1238,9,8,1720,2256,2508,9,8,1075,2003,2435,2869,10,8,1364,1671,2158,9,8,1172,725,9,9,729,Default,
265378,20,16,16,443,493,508,8,686,737,791,9,495,574,580,9,785,889,873,9,1159,1409,1306,9,8,1805,2380,2618,9,8,1198,2110,2624,3070,10,8,1546,1850,2405,9,8,1354,847,8,9,862,Default,
265394,12,8,6,387,422,434,10,586,630,667,9,433,492,493,8,809,927,899,9,1240,1485,1397,8,8,1926,2556,2799,9,8,1370,2251,2816,3295,11,8,1804,2060,2704,10,8,1606,1084,9,9,1101,Default,
265410,12,8,7,298,319,326,9,483,508,532,9,392,438,435,9,837,974,945,10,1303,1546,1470,11,8,2031,2687,2955,10,8,1583,2393,2998,3295,12,8,2129,2253,2994,12,8,1932,1400,8,8,1473,Default,
265426,13,7,6,244,256,260,9,403,413,432,9,341,368,373,10,822,954,913,9,1328,1549,1488,9,8,2131,2795,3144,10,8,1839,2533,3176,3295,12,8,2542,2475,3293,11,9,2351,1746,8,8,1955,Default,
265442,12,8,6,217,225,228,10,365,362,376,11,291,309,312,10,738,849,810,9,1260,1446,1399,8,8,2213,2913,3270,10,8,2069,2635,3295,3296,12,8,2937,2669,3297,12,8,2800,2106,8,8,2464,Default,
265458,12,8,6,182,189,190,9,302,296,304,10,240,252,249,10,603,678,654,9,1111,1258,1219,9,8,2230,2906,3281,10,8,2205,2680,3297,3296,12,8,3267,2785,3298,12,8,3177,2443,9,8,2936,Default,
265474,12,7,6,163,165,167,10,235,229,232,10,186,200,195,8,439,484,468,9,961,1120,1069,9,8,2176,2777,3103,9,8,2217,2678,3298,3298,10,8,3297,2852,3295,9,8,3296,2748,9,8,3295,Default,
265490,16,8,6,140,141,142,9,189,182,184,10,144,149,145,10,291,306,301,10,744,915,831,8,9,2040,2578,2783,9,9,2093,2578,3296,3297,12,9,3296,2881,3297,12,8,3295,3016,8,8,3296,Default,
265506,12,7,7,116,116,116,9,153,147,147,10,128,134,132,9,174,178,174,9,549,698,628,10,8,1825,2304,2397,9,8,1879,2386,3297,3297,11,8,3296,2833,3296,10,8,3297,3183,9,8,3297,Default,
265522,16,8,6,97,97,96,8,132,124,126,10,145,149,146,10,109,109,108,11,429,528,490,9,8,1692,2042,2084,9,8,1703,2237,3196,3298,11,8,3297,2704,3297,11,8,3296,3295,9,8,3296,Default,
265538,17,7,6,110,108,109,9,116,107,108,10,138,140,139,9,69,64,65,9,332,389,377,9,10,1567,1831,1836,9,9,1562,2043,2897,3297,12,8,3296,2470,3297,12,9,3295,3295,11,8,3297,Default,
265554,16,7,6,104,104,105,9,103,98,99,10,107,111,109,9,17,12,9,7,219,253,244,9,8,1364,1666,1629,9,9,1423,1678,2599,3296,12,8,3296,2208,3296,11,8,3297,3172,8,8,3297,Default,
265570,16,8,6,112,117,119,9,99,95,99,9,80,81,80,9,23,16,16,8,216,256,250,9,8,1129,1451,1404,9,8,1280,1300,2129,3003,10,8,3195,1786,3179,9,8,3295,2870,8,9,3297,Default,
265586,16,8,6,103,105,106,9,100,95,99,10,48,43,42,8,20,14,14,8,239,295,288,9,9,991,1233,1260,9,8,1094,1097,1716,2396,10,8,2277,1291,2352,10,8,2490,2346,7,9,3297,Default,
265602,13,8,7,96,103,103,8,98,101,106,10,39,34,33,8,35,29,28,8,224,318,306,10,9,836,1165,1164,9,9,960,909,1444,1941,11,8,1798,872,1340,9,8,1380,1743,8,9,2897,Default,
265618,14,8,8,90,95,95,9,99,100,110,9,30,24,24,8,33,24,24,8,207,290,269,9,8,635,898,883,8,8,679,696,1027,1344,8,8,1137,472,701,9,8,671,1131,8,8,1778,Default,
265634,17,8,7,78,83,85,9,87,90,112,11,17,8,8,6,25,18,18,8,146,232,211,9,10,350,464,407,9,9,319,392,375,531,9,8,464,223,297,9,9,263,501,8,8,621,Default,
265650,19,8,6,45,56,54,8,53,58,77,9,16,8,6,6,19,13,13,7,72,133,134,9,8,143,196,143,9,9,123,154,211,155,9,8,169,80,70,9,8,83,92,8,9,149,Default,
265666,14,9,7,48,80,74,9,82,68,91,9,32,38,33,8,16,9,7,6,24,35,27,8,8,66,72,70,9,9,38,62,58,66,9,8,45,34,19,8,8,28,15,6,8,9,Default,
265682,12,8,6,46,103,103,10,100,89,136,9,38,67,63,9,16,11,7,6,37,58,69,9,9,40,46,45,8,8,34,41,57,70,9,8,29,33,18,8,8,17,13,7,6,8,Default,
265698,12,8,8,45,99,102,8,103,83,119,9,37,66,66,9,16,11,8,6,36,52,66,9,8,33,35,29,8,8,26,37,45,54,9,9,21,29,14,7,8,16,12,6,7,9,Default,
265714,12,8,6,38,66,84,8,87,67,107,9,37,60,70,8,14,9,7,6,34,48,74,8,8,29,29,23,8,8,25,33,38,47,9,8,22,26,14,7,7,15,11,6,6,9,Default,
265730,12,8,7,41,70,87,9,95,69,107,9,38,64,73,8,16,11,7,6,37,48,73,9,9,33,30,25,8,8,29,32,33,38,9,8,20,25,14,7,8,14,10,6,6,9,Default,
265746,12,8,6,44,79,97,9,101,73,116,9,39,68,77,10,17,10,8,6,38,48,74,9,8,36,33,27,8,8,29,30,29,33,8,8,16,25,14,6,8,14,9,6,6,9,Default,
265762,13,8,7,46,91,103,8,104,78,123,9,42,69,78,9,16,9,8,6,36,48,70,9,8,35,32,25,8,8,23,29,28,31,8,8,15,25,13,7,8,13,10,6,6,9,Default,
265778,12,8,6,49,96,111,8,114,80,124,9,43,70,78,9,20,11,9,8,40,51,75,8,9,34,32,27,8,8,24,30,27,30,8,8,14,26,12,7,8,13,11,5,6,9,Default,
265794,12,8,7,51,96,113,8,116,82,129,9,45,74,82,9,21,12,10,7,42,49,74,9,8,37,35,32,8,8,26,32,27,28,9,8,14,27,13,7,8,14,11,6,6,9,Default,
265810,12,8,6,51,98,113,8,120,84,132,10,47,74,84,8,25,15,13,7,45,49,75,9,8,37,35,32,8,9,22,32,25,26,8,9,13,27,14,7,8,13,11,6,7,9,Default,
265826,12,8,6,52,95,112,9,122,87,131,9,49,77,87,9,27,16,16,8,44,49,74,8,8,39,37,34,8,8,27,30,20,19,8,8,12,23,12,8,8,12,12,6,6,9,Default,
265842,12,8,6,48,97,111,9,124,86,130,9,48,80,89,9,29,16,16,8,45,50,74,9,8,36,37,33,8,8,24,29,20,18,8,8,12,25,13,6,6,14,11,6,7,9,Default,
265858,12,8,6,50,96,111,9,125,86,130,9,49,84,90,9,29,16,16,8,45,49,71,9,9,37,37,34,8,8,24,29,20,19,8,8,14,24,13,7,7,14,11,6,6,9,Default,
265874,12,8,7,51,96,107,9,121,83,128,10,51,91,95,8,32,18,17,8,47,51,72,9,8,40,43,39,8,9,26,30,20,20,8,8,16,24,12,7,8,14,11,6,7,9,Default,
265890,12,8,6,49,95,99,8,124,87,126,9,51,94,97,9,33,20,20,8,45,54,74,8,8,39,46,40,8,8,20,33,24,21,8,8,19,24,13,7,8,16,11,6,7,10,Default,
265906,12,8,6,46,89,91,8,125,87,120,9,52,98,101,10,32,20,20,8,45,58,75,9,8,39,51,41,8,8,21,33,25,23,8,8,20,25,13,7,8,16,12,6,7,10,Default,
265922,12,8,6,48,91,92,8,130,85,116,9,56,100,103,10,35,22,21,8,48,66,78,8,8,41,57,45,9,8,22,33,26,23,8,8,20,25,13,7,8,16,11,6,7,9,Default,
265938,12,8,6,45,87,89,8,128,83,112,9,53,101,105,9,36,22,21,8,49,70,82,9,8,40,57,45,8,8,20,33,26,24,9,8,20,26,13,7,8,16,10,7,6,8,Default,
265954,10,8,6,43,75,80,8,121,80,107,9,49,101,103,8,34,22,21,8,49,70,85,9,8,38,55,44,8,8,23,32,25,23,8,8,20,24,12,6,8,16,10,6,7,8,Default,
265970,12,8,6,41,73,78,9,117,78,103,9,53,99,103,9,34,21,20,8,49,73,86,8,9,39,59,44,8,8,24,32,28,22,8,8,22,25,13,7,8,16,10,6,6,10,Default,
265986,11,8,7,38,68,75,8,111,72,95,9,48,103,102,9,36,21,20,8,49,68,87,9,8,40,62,49,8,8,24,32,27,22,8,8,20,21,12,6,7,16,9,6,6,8,Default,
266002,12,8,6,38,67,71,8,111,78,95,9,52,103,103,9,40,24,23,8,48,73,85,10,9,41,73,53,9,9,25,33,32,29,8,8,24,25,12,7,7,14,11,6,6,9,Default,
266018,12,8,7,42,67,74,9,124,78,104,10,59,103,105,8,42,26,26,8,56,78,90,9,9,61,87,67,9,8,29,39,32,32,9,8,25,28,12,8,8,14,11,6,7,9,Default,
266034,12,8,7,45,71,78,8,136,85,111,9,59,103,107,9,45,27,27,8,58,85,95,8,9,66,95,76,8,8,28,40,34,34,8,8,26,27,13,7,8,15,11,6,6,9,Default,
266050,12,8,6,45,75,76,9,132,86,112,10,57,105,103,9,34,21,20,8,45,62,64,9,8,51,77,58,9,9,24,37,34,33,8,8,24,25,11,7,5,11,11,6,6,8,Default,
266066,299,360,319,302,639,595,9,493,594,751,8,171,235,228,10,34,25,24,8,37,27,23,8,8,74,66,61,9,9,25,29,20,18,8,8,14,21,12,7,8,14,11,6,6,9,Default,
266082,1061,1094,1147,1240,1811,1832,9,1351,1472,1601,9,356,413,416,9,34,25,24,8,38,30,29,8,8,79,74,73,9,9,29,24,16,14,7,8,10,20,12,7,8,15,10,6,7,9,Default,
266098,1617,1704,1790,1978,2746,2869,9,2130,2344,2520,10,593,677,698,9,81,75,74,10,54,45,43,9,8,147,138,137,9,9,23,64,56,55,9,9,16,21,11,7,8,12,11,6,6,9,Default,
266114,1943,2013,2074,2708,3296,3297,9,2916,3163,3295,12,1283,1503,1551,9,182,174,170,10,35,26,24,8,8,179,173,169,10,8,16,166,157,154,10,9,12,20,11,7,8,11,10,6,6,9,Default,
266130,1848,1870,1923,3010,3297,3296,10,3270,3296,3298,12,1666,1925,1957,9,614,642,638,9,216,223,212,10,9,509,533,528,9,9,25,370,347,343,10,9,26,20,11,7,7,11,12,7,6,8,Default,
266146,1620,1635,1685,3293,3297,3297,10,3297,3295,3297,12,1977,2266,2274,10,1135,1213,1215,9,924,976,932,9,8,1127,1231,1224,9,8,72,639,601,589,9,9,70,82,75,9,8,52,33,8,8,28,Default,
266162,1408,1416,1457,3295,3297,3297,12,3295,3297,3297,11,2019,2281,2279,10,1347,1405,1403,9,1452,1544,1467,9,9,1633,1787,1815,10,8,119,1061,1004,969,10,9,120,171,171,10,8,81,31,8,8,30,Default,
266178,1318,1320,1352,3270,3297,3297,10,3297,3297,3296,12,2107,2366,2340,9,1521,1600,1596,8,1772,1890,1797,9,9,1938,2135,2141,9,9,174,1405,1341,1296,9,9,182,310,314,10,9,129,33,8,8,33,Default,
266194,1318,1310,1344,3295,3296,3297,12,3297,3297,3297,12,2169,2419,2394,8,1628,1712,1703,9,1989,2105,2000,9,8,2134,2354,2369,8,9,232,1649,1595,1552,8,9,247,435,446,9,10,174,40,8,8,41,Default,
266210,1330,1317,1351,3295,3296,3297,13,3296,3297,3297,12,2202,2448,2415,9,1682,1766,1749,9,2099,2210,2093,9,12,2249,2479,2495,8,10,258,1753,1708,1676,10,11,277,519,531,10,10,199,42,8,8,44,Default,
266226,1216,1210,1241,3294,3298,3297,12,3298,3297,3297,11,2186,2437,2406,9,1713,1801,1780,10,2135,2265,2140,9,10,2305,2553,2573,9,11,270,1859,1831,1787,9,9,293,605,626,9,10,216,49,8,8,51,Default,
266242,1032,1021,1048,3155,3296,3297,10,3297,3298,3295,12,2077,2329,2304,9,1700,1799,1778,11,2160,2313,2196,9,8,2354,2630,2673,10,8,322,2031,2027,1994,9,8,352,734,771,9,9,262,68,8,8,69,Default,
266258,762,761,781,2862,3298,3297,9,3293,3296,3295,12,1909,2158,2141,10,1636,1747,1720,10,2126,2309,2191,8,8,2330,2657,2727,9,8,421,2173,2213,2193,9,9,466,903,964,9,9,349,102,8,8,103,Default,
266274,529,534,544,2475,3143,3204,9,2906,3241,3297,11,1682,1918,1911,9,1544,1654,1624,10,1998,2209,2088,9,8,2246,2602,2695,9,8,489,2228,2305,2297,9,9,547,1028,1112,9,8,419,138,9,10,141,Default,
266290,392,393,397,2023,2463,2537,8,2375,2553,2698,9,1454,1649,1650,9,1401,1492,1463,9,1822,2043,1899,9,8,2117,2478,2586,9,8,529,2210,2298,2317,10,8,597,1098,1222,9,8,461,207,7,9,203,Default,
266306,280,283,286,1572,1911,1957,9,1902,2048,2226,10,1216,1380,1411,9,1271,1351,1326,8,1648,1882,1719,8,9,1981,2368,2504,9,8,581,2149,2269,2317,9,9,664,1147,1303,8,8,522,290,8,9,265,Default,
266322,190,190,190,1253,1467,1509,8,1571,1661,1820,10,1008,1130,1163,9,1173,1236,1222,9,1524,1755,1582,8,8,1879,2259,2422,9,8,635,2107,2239,2323,9,8,738,1178,1376,9,8,581,372,8,9,333,Default,
266338,101,98,99,994,1137,1173,8,1295,1351,1475,9,837,930,961,9,1043,1093,1091,10,1413,1647,1476,9,8,1807,2180,2387,9,9,704,2061,2208,2345,10,8,827,1224,1470,10,9,660,442,8,9,395,Default,
266354,61,58,58,813,903,952,9,1095,1138,1249,9,683,756,786,9,908,967,968,9,1268,1483,1347,8,8,1758,2156,2399,9,8,784,2019,2206,2428,9,8,936,1310,1623,10,8,764,499,10,8,460,Default,
266370,47,45,45,700,767,800,8,955,996,1096,8,589,662,685,9,837,910,908,9,1190,1414,1288,9,8,1746,2178,2442,10,8,883,2010,2250,2534,9,8,1070,1426,1805,8,8,899,572,8,9,543,Default,
266386,30,28,27,593,648,677,8,827,881,966,10,519,587,602,8,795,862,855,8,1131,1347,1235,8,8,1747,2226,2479,10,8,961,2021,2332,2649,9,8,1188,1538,1968,9,8,1017,635,8,9,624,Default,
266402,22,19,19,457,511,530,9,686,736,791,10,460,522,529,10,781,880,859,9,1100,1344,1238,8,8,1757,2316,2557,9,8,1063,2041,2455,2819,12,8,1334,1684,2175,10,9,1176,742,8,8,754,Default,
266418,13,8,7,393,430,446,8,576,613,651,9,426,478,482,9,778,880,857,9,1127,1359,1268,10,8,1823,2416,2657,9,8,1188,2127,2591,3007,9,8,1521,1844,2411,9,8,1368,884,8,8,907,Default,
266434,11,7,6,310,331,340,9,499,530,554,9,389,433,435,8,799,920,893,8,1197,1430,1350,8,8,1931,2557,2806,9,8,1342,2255,2762,3282,10,8,1763,2039,2691,8,8,1597,1098,8,8,1125,Default,
266450,12,8,6,285,303,309,10,402,414,432,11,340,373,372,9,793,916,877,8,1213,1428,1361,9,8,2031,2679,2968,9,9,1546,2375,2941,3296,12,8,2071,2227,2983,10,8,1918,1388,7,8,1488,Default,
266466,11,7,6,248,261,262,10,390,393,407,9,323,348,348,9,769,888,846,8,1216,1412,1349,9,8,2136,2806,3108,9,8,1762,2522,3134,3294,11,8,2426,2433,3266,8,8,2259,1695,9,8,1910,Default,
266482,12,8,6,206,213,215,9,325,322,331,9,278,294,293,11,686,778,740,8,1138,1301,1239,9,8,2209,2877,3217,10,8,1965,2622,3283,3296,12,8,2799,2605,3296,15,8,2673,2024,8,8,2380,Default,
266498,14,7,6,171,173,174,10,273,266,270,9,233,243,240,9,555,616,589,9,978,1115,1073,8,8,2201,2856,3196,9,9,2094,2644,3295,3297,12,8,3115,2725,3297,12,9,3034,2355,10,8,2843,Default,
266514,12,7,6,153,154,156,9,222,214,218,10,181,186,182,10,437,481,464,9,865,1015,948,9,8,2164,2744,3041,9,9,2118,2658,3295,3296,12,8,3296,2788,3296,16,8,3292,2636,9,8,3276,Default,
266530,16,7,7,136,136,138,9,183,177,178,9,140,144,140,10,297,312,304,9,714,867,784,8,8,2082,2615,2794,9,9,2044,2622,3297,3295,12,8,3296,2862,3296,11,8,3297,2886,8,8,3297,Default,
266546,14,7,6,119,118,116,10,154,148,149,11,130,133,130,10,194,198,196,9,561,709,631,9,9,1928,2396,2461,8,9,1889,2483,3299,3297,12,8,3297,2854,3297,12,8,3296,3073,12,7,3297,Default,
266562,14,7,6,105,106,104,9,132,127,128,11,140,145,142,9,125,124,122,10,427,516,476,9,8,1833,2179,2197,9,8,1769,2376,3260,3298,12,8,3297,2734,3296,16,8,3297,3192,9,8,3296,Default,
266578,14,7,6,120,120,120,9,110,105,105,9,132,136,135,10,59,53,52,9,344,398,387,9,8,1712,2007,1971,9,9,1633,2217,3084,3295,12,9,3297,2584,3296,12,8,3297,3217,9,8,3297,Default,
266594,16,7,6,112,115,115,9,98,94,95,10,106,107,106,10,14,8,6,6,222,251,241,9,10,1525,1832,1761,9,9,1516,1883,2790,3296,12,8,3296,2338,3297,12,8,3297,3128,8,8,3296,Default,
266610,16,8,7,116,116,119,9,90,86,87,9,90,90,90,9,20,13,12,8,219,254,246,10,9,1304,1637,1591,9,8,1334,1474,2365,3246,10,8,3187,1957,3292,10,8,3297,2891,8,8,3297,Default,
266626,17,8,7,110,113,115,9,95,93,96,10,49,45,46,8,20,14,12,8,247,302,294,11,8,1141,1511,1463,8,8,1222,1215,1940,2634,11,8,2375,1459,2558,9,8,2561,2412,8,8,3297,Default,
266642,16,8,7,102,103,105,9,98,97,100,9,40,34,34,8,32,26,25,8,253,326,314,9,9,951,1272,1295,9,8,1061,1011,1606,2123,10,8,1940,994,1518,10,9,1569,1827,8,8,3084,Default,
266658,14,8,7,91,91,94,9,95,94,103,10,37,33,33,8,33,25,25,8,208,294,281,11,8,724,1014,1019,9,9,764,766,1159,1501,9,8,1260,528,771,9,8,750,1214,8,9,1966,Default,
266674,13,7,6,80,84,88,9,90,93,111,9,20,10,10,7,23,17,16,7,167,252,237,9,8,448,628,551,8,8,422,482,621,666,8,8,597,261,355,8,7,324,584,9,8,880,Default,
266690,17,8,7,53,60,60,8,58,62,77,10,17,8,7,6,20,16,16,8,86,157,139,9,9,176,260,195,8,9,157,190,273,209,10,8,217,109,107,9,9,116,128,9,9,232,Default,
266706,13,8,7,44,62,64,9,67,59,82,9,37,58,43,8,16,9,6,6,33,49,44,9,8,74,99,103,9,9,67,70,87,66,8,9,71,36,20,7,8,35,16,8,8,14,Default,
266722,13,8,7,47,115,106,8,103,92,142,9,37,65,59,9,17,9,7,6,36,51,64,9,9,43,47,49,9,8,41,45,58,71,9,9,33,37,22,8,8,29,14,7,7,8,Default,
266738,12,9,7,45,103,103,8,104,82,119,10,38,64,62,9,17,12,8,6,35,52,66,8,9,37,37,37,8,8,35,40,49,61,9,9,27,29,15,7,8,16,12,6,7,9,Default,
266754,12,8,7,38,76,87,8,95,68,102,9,37,59,67,9,16,9,8,6,32,44,65,9,8,34,33,32,8,8,34,35,40,51,9,8,25,28,16,8,8,16,12,7,6,9,Default,
266770,12,8,7,38,68,80,9,91,66,102,9,38,61,72,8,16,11,8,6,33,47,70,9,8,34,33,29,8,8,28,33,36,46,8,9,21,27,15,7,8,16,11,4,6,9,Default,
266786,12,8,7,42,82,92,8,99,72,107,9,41,70,75,10,17,11,8,6,37,47,67,9,9,34,33,29,8,8,23,33,35,41,8,8,16,28,14,7,8,14,11,6,6,9,Default,
266802,12,8,7,46,88,100,8,107,76,118,9,42,70,81,9,19,9,8,6,35,44,62,9,8,36,33,29,8,8,22,31,28,29,8,8,14,26,14,7,7,14,11,6,6,9,Default,
266818,13,8,6,47,90,103,8,112,78,125,8,44,72,81,9,18,10,8,6,37,48,70,9,8,36,35,32,8,8,22,31,29,33,8,8,14,28,14,8,8,14,11,6,6,9,Default,
266834,12,8,6,49,95,108,9,119,78,124,10,44,72,80,9,17,11,8,6,41,50,74,9,9,35,34,32,8,8,27,33,29,33,8,8,16,27,13,7,7,13,11,7,7,9,Default,
266850,12,8,7,51,99,113,8,120,82,127,9,45,74,84,9,20,12,11,7,41,49,77,9,8,37,37,33,8,8,26,32,26,28,9,8,15,26,13,7,8,14,11,6,6,9,Default,
266866,12,8,7,51,99,107,8,122,83,127,9,46,75,84,9,25,15,14,8,45,51,78,9,8,37,37,34,8,8,22,31,22,23,8,8,13,26,13,7,8,14,11,6,7,9,Default,
266882,12,8,7,52,99,108,9,126,81,128,10,49,79,88,9,26,16,16,8,47,52,78,8,9,38,36,33,8,8,22,28,20,20,8,8,12,24,13,8,8,13,11,7,7,9,Default,
266898,12,8,7,53,99,108,9,128,86,130,10,49,82,90,9,29,16,16,8,46,52,74,9,8,38,38,33,8,8,24,29,20,17,8,8,13,25,13,7,8,15,11,6,6,9,Default,
266914,11,8,6,53,99,107,8,128,85,129,9,47,88,91,8,28,18,16,8,46,53,73,8,8,39,41,37,8,8,22,32,21,19,7,8,16,23,12,7,7,15,10,6,6,9,Default,
266930,12,8,6,51,95,102,8,127,87,124,9,52,93,95,9,30,18,17,8,45,50,70,9,9,40,45,40,8,8,25,32,23,20,8,8,19,24,12,7,8,16,11,5,6,10,Default,
266946,12,8,6,47,87,95,9,121,84,119,9,48,94,95,9,30,20,17,8,45,51,70,9,9,39,45,41,8,8,24,32,24,22,8,8,22,24,12,6,8,16,9,6,7,8,Default,
266962,12,8,7,47,88,95,8,120,86,120,9,52,98,99,9,32,20,19,8,45,53,70,9,8,39,46,41,8,8,20,33,25,22,8,8,21,25,12,8,7,16,11,6,6,9,Default,
266978,12,8,7,45,83,91,8,122,82,114,9,53,103,102,9,33,20,20,8,45,58,74,8,9,39,52,45,9,9,22,33,28,25,9,9,21,28,14,8,7,16,11,7,6,8,Default,
266994,12,8,6,42,74,83,8,123,81,108,9,53,103,102,9,33,20,20,8,45,59,78,9,9,37,51,43,8,8,20,33,25,25,8,8,20,25,12,8,8,15,11,6,7,9,Default,
267010,12,8,7,38,68,73,8,118,78,97,9,51,100,95,9,32,20,19,8,46,69,85,9,8,39,62,46,9,8,23,33,29,25,8,8,20,28,12,8,7,15,10,6,7,9,Default,
267026,12,8,6,37,63,70,9,113,72,92,9,53,103,101,8,36,23,22,8,49,70,88,9,9,37,66,51,8,9,24,34,33,29,8,8,22,26,12,7,8,14,11,7,6,9,Default,
267042,12,8,6,41,66,71,9,120,79,101,9,56,106,103,9,44,25,24,8,52,74,87,9,8,53,81,62,9,9,23,39,33,31,8,8,23,28,12,8,8,16,12,6,6,9,Default,
267058,13,8,6,45,69,77,8,129,86,108,8,60,107,107,9,42,25,24,8,58,90,98,9,8,72,94,78,10,9,32,41,36,33,8,8,27,27,13,7,8,16,12,7,7,9,Default,
267074,12,7,7,46,74,78,9,140,94,113,9,62,107,108,9,42,27,26,8,61,98,103,8,9,74,94,76,8,8,31,41,34,33,8,8,24,25,12,7,8,12,12,6,7,8,Default,
267090,13,8,7,86,151,167,8,194,137,235,9,81,136,136,9,33,19,19,8,32,28,24,8,8,78,79,67,9,9,29,37,19,16,8,8,16,25,11,7,7,11,11,6,7,8,Default,
267106,506,563,570,703,1030,998,8,820,882,1050,9,237,294,286,9,31,23,22,8,34,29,26,8,8,72,67,64,9,8,29,32,23,22,8,8,16,21,12,7,7,15,10,6,7,9,Default,
267122,1229,1315,1384,1455,2089,2210,10,1533,1676,1837,9,395,456,464,10,41,35,34,8,37,25,24,8,8,104,96,95,9,9,26,25,17,16,8,8,9,20,12,8,8,13,10,6,7,8,Default,
267138,1789,1875,1938,2246,2968,3104,9,2336,2555,2790,10,696,802,831,9,83,77,76,10,49,41,40,9,8,147,140,138,10,8,24,62,53,53,8,8,16,22,11,7,8,10,10,7,7,8,Default,
267154,1979,2031,2091,2795,3295,3297,11,2960,3180,3296,11,1296,1508,1552,8,181,175,172,10,37,23,22,8,8,176,170,169,9,9,14,117,109,108,10,8,12,21,11,6,8,12,8,7,6,9,Default,
267170,1675,1783,1823,2812,3296,3297,13,3204,3297,3297,12,1590,1870,1910,8,566,588,588,9,244,251,239,9,10,431,438,432,9,9,28,325,307,301,9,9,25,20,11,7,8,12,12,7,6,9,Default,
267186,1538,1569,1606,2955,3298,3297,11,3296,3296,3296,13,1832,2135,2160,11,1047,1118,1114,8,867,906,860,9,8,973,1059,1036,8,8,69,604,563,551,9,8,67,67,60,8,8,48,33,8,8,29,Default,
267202,1372,1390,1417,3086,3296,3297,9,3297,3297,3297,12,1958,2238,2249,9,1330,1392,1376,9,1440,1528,1426,10,8,1606,1776,1771,9,8,140,1083,1026,997,8,8,146,182,183,9,9,96,31,8,8,29,Default,
267218,1323,1325,1348,3233,3297,3297,13,3297,3297,3297,11,2115,2392,2391,10,1553,1638,1630,9,1850,1961,1855,9,8,1998,2199,2201,8,8,257,1548,1508,1473,9,8,285,408,415,9,9,190,35,8,8,37,Default,
267234,1309,1304,1329,3291,3297,3296,10,3297,3297,3297,12,2217,2487,2487,9,1690,1787,1774,9,2122,2252,2139,11,8,2231,2466,2477,9,8,325,1857,1851,1813,9,8,364,569,581,10,9,251,49,8,8,49,Default,
267250,1219,1213,1241,3279,3299,3297,9,3297,3297,3297,12,2232,2506,2506,9,1754,1858,1836,11,2251,2396,2282,9,8,2354,2608,2626,9,8,353,2052,2058,2021,9,8,394,672,693,9,8,281,61,8,9,60,Default,
267266,1057,1057,1080,3188,3297,3296,11,3297,3297,3296,12,2171,2450,2454,10,1768,1878,1857,9,2291,2451,2340,9,8,2420,2693,2730,9,9,389,2202,2233,2210,9,8,437,797,833,10,8,325,81,8,9,83,Default,
267282,833,833,850,2949,3296,3296,10,3296,3297,3296,12,2041,2311,2318,9,1738,1848,1824,10,2278,2460,2351,9,8,2437,2742,2794,10,8,486,2331,2379,2383,9,8,551,936,994,10,9,412,116,9,10,118,Default,
267298,584,588,599,2564,3200,3288,8,3055,3297,3298,12,1811,2060,2088,9,1655,1766,1743,9,2172,2384,2277,9,8,2363,2706,2787,10,8,563,2397,2492,2535,10,8,638,1096,1184,10,9,483,172,9,10,174,Default,
267314,404,406,412,1645,2284,2407,10,2397,2694,2837,10,1513,1770,1805,8,1490,1629,1600,9,1947,2209,2085,10,8,2143,2587,2693,8,8,644,2298,2488,2573,9,8,737,1202,1334,9,8,563,278,10,8,260,Default,
267330,267,268,269,1300,1743,1779,9,1952,2170,2328,11,1297,1492,1533,9,1370,1493,1457,9,1785,2045,1891,9,8,2042,2494,2607,10,8,701,2260,2474,2580,10,8,807,1248,1413,10,8,621,380,8,9,343,Default,
267346,167,163,165,1019,1296,1314,8,1613,1741,1907,10,1077,1221,1258,8,1264,1354,1330,9,1673,1923,1749,9,8,1973,2399,2532,9,9,731,2234,2442,2598,10,8,867,1310,1520,9,8,673,468,8,9,410,Default,
267362,74,71,71,793,944,970,10,1304,1386,1522,10,839,932,964,9,1137,1202,1182,9,1565,1811,1615,8,8,1898,2321,2487,11,8,798,2184,2405,2645,8,8,957,1388,1668,9,9,760,531,11,8,476,Default,
267378,45,41,41,625,710,740,8,1069,1126,1245,9,688,766,789,9,986,1044,1036,9,1451,1679,1490,10,8,1830,2252,2446,9,8,871,2127,2380,2695,10,8,1064,1477,1842,9,8,874,593,9,9,536,Default,
267394,27,24,23,512,577,599,9,876,921,1007,8,555,627,638,9,878,941,932,9,1263,1484,1334,9,7,1762,2225,2435,9,8,941,2065,2373,2766,8,8,1192,1585,2014,8,8,993,665,8,8,620,Default,
267410,16,12,11,441,489,509,8,700,732,792,9,478,539,544,9,812,884,866,9,1172,1401,1247,8,8,1745,2253,2433,9,9,1033,2062,2458,2847,10,8,1342,1695,2180,9,8,1154,729,8,8,705,Default,
267426,12,8,7,368,404,411,9,564,600,633,9,419,475,476,8,784,878,849,8,1145,1364,1226,9,8,1752,2294,2469,9,8,1106,2084,2536,2960,8,8,1464,1799,2343,9,8,1269,809,9,9,807,Default,
267442,11,8,7,319,344,353,9,495,524,550,10,378,422,421,9,773,878,849,9,1145,1366,1235,9,8,1782,2346,2521,9,8,1188,2139,2624,3112,10,8,1616,1912,2528,10,8,1417,916,9,8,904,Default,
267458,11,8,7,294,315,323,9,450,472,496,10,371,413,412,9,754,858,814,9,1112,1330,1199,8,9,1826,2412,2591,10,8,1307,2213,2747,3283,12,9,1817,2059,2732,9,8,1623,1119,8,8,1113,Default,
267474,11,7,6,253,267,270,9,412,426,447,10,337,369,370,10,711,800,758,11,1101,1307,1191,9,6,1890,2484,2679,9,9,1432,2303,2859,3296,12,8,2042,2183,2927,9,8,1863,1334,8,8,1347,Default,
267490,12,8,6,220,229,233,9,398,402,418,9,306,330,328,10,663,749,701,9,1093,1265,1170,8,8,1970,2569,2781,10,8,1585,2409,3000,3297,12,9,2334,2333,3146,11,8,2135,1619,8,9,1706,Default,
267506,12,7,7,201,209,210,11,364,359,371,10,274,290,289,9,606,676,640,10,1022,1169,1094,9,9,2030,2653,2875,9,9,1744,2491,3136,3297,12,8,2637,2501,3297,11,8,2483,1916,10,8,2095,Default,
267522,12,7,7,174,179,180,9,306,298,306,10,244,257,254,10,514,565,537,9,948,1102,1040,9,8,2058,2709,2936,9,8,1878,2553,3260,3296,12,9,2918,2634,3296,11,8,2805,2206,8,9,2474,Default,
267538,12,7,7,161,164,165,10,248,239,243,10,195,203,200,10,410,446,422,11,870,1034,955,9,8,2096,2682,2906,10,8,1958,2621,3292,3298,12,8,3181,2717,3297,12,8,3105,2503,9,8,2889,Default,
267554,12,7,7,144,145,146,9,199,191,194,10,156,158,154,10,305,323,310,10,784,949,860,8,9,2083,2588,2745,10,8,1956,2653,3296,3296,12,8,3295,2810,3297,12,8,3297,2802,8,8,3279,Default,
267570,14,7,6,117,116,115,9,160,152,153,11,147,152,147,10,236,242,240,9,641,791,706,9,8,1987,2441,2526,10,8,1888,2586,3296,3297,12,8,3297,2843,3297,12,8,3297,3018,8,8,3295,Default,
267586,15,7,6,110,111,111,9,137,131,133,10,142,145,143,10,145,145,147,10,518,648,584,10,9,1868,2273,2294,9,8,1784,2458,3295,3296,12,9,3296,2829,3297,12,8,3297,3283,9,8,3295,Default,
267602,13,7,6,116,116,116,10,114,107,107,9,138,143,141,11,75,71,72,9,415,491,462,8,9,1834,2154,2148,9,9,1740,2392,3289,3296,12,8,3296,2771,3297,12,8,3298,3297,10,8,3298,Default,
267618,16,8,7,127,130,127,9,107,103,103,10,114,115,113,9,19,12,12,8,281,319,302,10,9,1732,2009,1979,9,8,1636,2230,3136,3297,12,8,3297,2611,3296,11,8,3298,3295,10,9,3296,Default,
267634,12,7,6,109,110,111,9,101,96,96,9,85,87,86,9,12,7,7,5,227,257,249,9,8,1547,1855,1800,9,8,1528,1898,2797,3298,11,7,3296,2354,3296,11,8,3298,3295,9,8,3297,Default,
267650,15,8,7,104,106,106,10,97,94,95,9,65,64,62,9,21,16,16,7,229,267,258,9,10,1299,1652,1622,8,8,1351,1467,2393,3221,12,8,2740,1960,3292,11,8,3290,2972,11,7,3296,Default,
267666,13,8,7,103,104,107,9,93,91,94,9,44,42,41,8,17,12,11,7,254,314,302,10,8,1136,1511,1483,8,8,1223,1205,1940,2653,9,8,2342,1453,2550,9,8,2453,2509,9,8,3295,Default,
267682,14,8,7,103,106,107,9,101,100,107,9,37,33,32,8,33,26,25,8,237,328,310,9,8,945,1243,1291,9,9,1031,992,1591,2142,9,8,1902,986,1515,9,9,1500,1912,8,8,2960,Default,
267698,15,8,8,91,91,95,10,96,95,106,10,25,17,16,7,28,20,19,8,213,288,269,9,10,698,915,991,8,8,742,728,1068,1471,10,8,1221,497,742,9,9,714,1217,9,8,1894,Default,
267714,17,8,6,78,84,85,8,91,95,111,10,16,8,7,6,23,15,15,8,164,251,229,10,8,455,626,532,8,8,410,470,608,650,9,8,584,257,344,10,9,315,605,8,9,837,Default,
267730,19,8,7,51,58,59,9,58,63,80,10,16,8,7,6,20,15,15,7,87,163,144,9,9,179,265,204,9,10,155,190,275,226,8,8,207,98,96,10,9,103,140,9,9,219,Default,
267746,14,9,7,46,74,69,8,70,63,84,9,38,64,45,9,16,9,7,6,33,51,43,8,8,77,103,94,9,9,58,74,78,69,9,8,58,33,17,7,8,27,16,6,8,15,Default,
267762,12,8,7,49,119,109,8,104,91,130,9,36,59,54,9,17,8,7,6,36,62,64,10,9,43,47,46,8,8,39,46,61,72,10,9,33,38,20,8,8,29,13,6,7,9,Default,
267778,12,8,7,45,106,101,9,101,85,111,9,37,64,62,9,16,10,8,6,32,46,53,9,8,36,42,36,8,9,33,38,48,56,10,8,25,32,15,8,8,17,12,6,7,9,Default,
267794,12,8,7,38,83,87,8,91,70,89,9,36,59,65,9,16,10,8,6,31,47,66,8,9,30,32,24,8,8,32,33,41,53,8,8,24,27,14,7,8,16,12,6,7,9,Default,
267810,12,8,7,39,84,87,9,90,70,95,9,37,58,71,9,16,10,8,6,32,47,65,9,8,33,32,25,8,8,24,31,33,38,9,8,16,27,14,8,8,15,11,6,7,10,Default,
267826,12,9,6,41,92,95,8,95,75,100,9,40,67,79,8,16,9,8,6,33,45,65,8,8,32,29,23,8,8,20,31,29,34,8,8,15,28,12,8,8,14,11,6,6,9,Default,
267842,12,8,6,46,100,102,9,100,75,107,9,42,70,82,9,17,10,7,6,36,48,69,9,9,34,33,26,8,8,28,28,29,32,9,8,16,26,13,7,8,15,10,6,6,9,Default,
267858,12,8,6,45,100,107,8,104,78,109,9,41,71,82,9,17,10,7,6,35,48,67,9,8,29,29,24,8,8,24,29,29,30,8,8,14,26,13,7,8,12,11,6,7,8,Default,
267874,12,8,7,48,103,109,9,111,79,114,9,41,74,82,9,17,11,9,7,39,49,71,9,8,30,32,25,8,8,20,29,27,29,8,8,12,25,12,7,8,13,9,6,6,8,Default,
267890,13,8,6,49,103,109,8,116,81,114,9,45,74,85,9,18,12,9,7,41,49,74,8,9,35,33,29,8,8,23,30,25,27,8,8,12,27,14,7,8,14,11,6,6,9,Default,
267906,13,8,7,49,105,109,8,119,81,114,9,43,74,86,8,21,12,12,7,41,49,73,9,8,33,33,29,8,8,25,28,21,22,8,8,12,25,13,7,7,14,11,6,6,9,Default,
267922,12,8,6,53,107,111,9,128,84,119,9,48,77,87,9,27,15,15,8,45,49,72,10,8,37,37,33,8,8,28,29,22,23,8,8,16,25,12,8,8,14,11,6,6,9,Default,
267938,12,8,6,53,107,111,8,130,83,117,9,50,78,89,9,28,16,15,8,45,49,74,8,9,40,39,37,9,8,30,31,21,20,8,8,16,24,12,7,8,14,12,6,7,9,Default,
267954,12,8,6,51,103,106,8,128,83,116,9,49,79,90,9,29,16,16,8,44,49,73,9,8,40,41,39,8,9,29,31,21,20,8,8,17,24,13,7,8,16,11,6,6,9,Default,
267970,12,8,6,49,102,103,8,124,85,114,9,50,87,95,9,30,17,16,8,44,50,70,9,8,37,41,38,8,8,28,30,20,20,8,8,18,24,12,8,7,16,11,6,7,9,Default,
267986,12,8,7,49,101,101,9,124,82,113,8,52,94,96,9,30,19,17,8,45,52,71,9,9,37,46,41,8,9,24,31,20,18,8,8,16,24,12,7,8,14,10,6,7,9,Default,
268002,12,8,7,46,90,91,9,126,85,108,8,52,96,99,9,33,20,19,8,45,55,74,9,9,37,51,41,9,9,24,30,24,20,8,8,19,25,12,8,7,15,11,6,6,9,Default,
268018,12,8,7,44,84,87,8,125,82,103,8,52,96,100,9,33,19,17,8,45,58,78,9,8,37,55,44,9,9,23,31,24,22,8,8,17,27,12,8,7,16,12,6,6,10,Default,
268034,12,8,6,43,80,83,9,124,74,99,9,52,95,99,9,31,20,17,8,46,58,75,9,9,37,54,44,8,9,23,30,24,21,8,8,16,26,12,7,8,14,11,6,7,9,Default,
268050,12,8,7,40,74,76,8,120,76,97,9,49,95,100,9,32,19,17,8,45,62,77,10,8,36,56,43,8,8,24,29,25,20,8,8,18,25,12,7,8,15,10,6,6,9,Default,
268066,12,8,7,36,64,66,8,115,74,88,9,51,99,102,10,33,21,20,8,45,69,86,9,8,37,63,48,8,8,26,30,25,20,8,8,20,25,12,7,7,14,10,6,6,9,Default,
268082,12,8,7,38,69,71,9,113,75,89,9,54,101,103,9,34,22,20,8,49,74,87,7,10,43,71,54,8,9,26,32,29,22,8,8,21,25,12,7,8,14,11,6,7,8,Default,
268098,12,8,6,43,74,74,8,124,82,97,9,58,103,103,9,41,25,24,9,54,88,93,9,8,62,90,69,9,8,24,37,31,29,8,8,22,26,12,7,8,14,12,6,6,9,Default,
268114,12,8,6,44,76,75,9,128,84,103,8,55,104,104,10,40,25,24,8,59,99,102,8,8,67,98,79,9,8,24,38,33,30,8,8,23,24,12,8,8,15,10,6,7,8,Default,
268130,12,8,6,45,78,80,9,131,85,103,10,59,106,105,9,44,29,27,8,57,95,99,8,9,58,85,66,8,9,25,38,34,33,8,8,22,28,12,8,7,14,11,6,7,9,Default,
268146,12,8,7,54,109,108,9,145,97,146,8,53,99,102,9,21,12,11,7,28,28,25,8,8,51,59,51,8,8,20,35,24,21,8,8,17,21,11,7,8,12,9,6,6,8,Default,
268162,485,554,536,431,920,878,8,661,801,989,8,200,257,255,9,33,25,22,8,33,26,20,8,8,45,41,40,8,8,16,29,17,15,8,8,12,17,10,7,8,11,9,6,6,8,Default,
268178,1189,1351,1418,965,2058,2135,9,1329,1691,1822,9,349,427,434,9,39,33,33,8,40,29,29,8,8,105,96,95,9,9,25,22,15,13,7,8,9,20,12,6,8,11,11,6,6,9,Default,
268194,1687,1919,1962,1441,2920,3018,9,1984,2611,2819,10,659,820,844,9,87,82,80,10,58,49,48,9,8,146,136,136,9,9,23,49,41,40,9,9,15,22,11,7,8,12,10,6,6,8,Default,
268210,2064,2118,2181,2814,3296,3296,9,3109,3295,3297,12,1384,1615,1647,9,199,191,188,9,33,26,26,10,7,190,184,182,12,8,17,124,115,116,12,11,16,19,12,6,8,15,12,4,7,8,Default,
268226,1811,1853,1896,2970,3297,3297,9,3296,3296,3296,12,1739,1995,2035,9,584,611,600,11,266,279,264,9,8,472,486,474,9,9,19,323,301,298,10,10,20,19,8,7,7,8,12,6,6,8,Default,
268242,1537,1548,1580,3285,3297,3297,10,3297,3297,3296,12,2006,2283,2306,9,1156,1235,1224,10,970,1015,952,9,8,1116,1210,1199,9,9,66,634,590,575,9,9,64,70,63,8,9,48,37,8,9,29,Default,
268258,1352,1354,1393,3167,3297,3297,10,3297,3296,3298,11,2087,2382,2393,9,1396,1473,1466,10,1475,1574,1468,9,8,1605,1766,1761,9,8,142,1219,1159,1120,9,9,153,258,259,10,9,111,58,8,8,51,Default,
268274,1270,1264,1299,3262,3297,3297,9,3297,3297,3295,12,2208,2485,2495,9,1587,1679,1672,9,1776,1898,1794,8,8,1918,2110,2108,9,9,248,1694,1644,1606,9,8,272,576,594,9,8,206,83,8,9,78,Default,
268290,1245,1239,1269,3291,3297,3297,10,3297,3297,3295,12,2280,2556,2552,10,1700,1811,1791,9,1981,2131,2014,11,8,2093,2337,2321,9,9,314,1942,1917,1886,9,8,348,772,806,9,8,269,86,8,8,82,Default,
268306,1194,1184,1213,3287,3298,3297,10,3296,3297,3297,12,2267,2549,2544,10,1744,1856,1832,10,2066,2221,2094,11,8,2172,2431,2409,9,8,343,2056,2050,2015,9,8,380,866,908,9,8,300,94,9,8,95,Default,
268322,1081,1075,1100,3196,3295,3297,14,3296,3296,3297,12,2206,2489,2483,9,1737,1853,1822,9,2084,2239,2110,9,9,2193,2473,2450,9,9,374,2133,2147,2121,10,9,418,950,999,8,8,331,140,9,8,149,Default,
268338,907,901,924,3004,3297,3297,10,3297,3297,3298,12,2080,2367,2363,9,1683,1803,1773,10,2021,2195,2062,11,8,2155,2455,2444,9,8,405,2184,2245,2215,9,8,456,1053,1115,10,8,368,178,9,10,196,Default,
268354,719,716,730,2758,3297,3297,10,3272,3296,3297,12,1901,2170,2176,8,1592,1715,1679,9,1912,2097,1957,9,8,2079,2389,2392,8,8,466,2230,2301,2294,9,8,532,1129,1217,8,8,429,253,9,9,268,Default,
268370,529,533,543,2400,3010,3109,12,2914,3217,3293,11,1689,1942,1960,8,1455,1562,1531,9,1738,1936,1786,9,9,1960,2265,2284,8,8,514,2206,2303,2321,10,8,596,1178,1289,9,9,480,338,11,8,344,Default,
268386,404,402,406,2010,2427,2519,8,2474,2595,2728,9,1500,1715,1746,8,1325,1407,1380,8,1561,1757,1592,8,7,1830,2103,2143,9,9,543,2147,2238,2281,9,8,641,1190,1331,8,8,516,400,9,9,393,Default,
268402,282,281,286,1637,1990,2043,8,2018,2163,2338,9,1287,1478,1517,9,1212,1285,1264,10,1412,1625,1446,9,8,1720,2001,2066,11,8,569,2075,2199,2272,9,8,683,1224,1397,9,9,557,450,9,8,432,Default,
268418,207,207,210,1293,1563,1590,8,1687,1823,2039,10,1080,1231,1278,9,1103,1173,1160,9,1307,1518,1334,8,9,1664,1960,2061,8,8,621,2019,2185,2314,10,8,757,1285,1513,9,9,619,505,8,8,473,Default,
268434,132,131,132,1047,1237,1268,8,1401,1515,1724,9,895,1011,1058,9,982,1048,1049,9,1206,1400,1228,10,8,1616,1936,2071,9,9,671,1985,2180,2392,9,9,836,1356,1649,9,8,692,541,8,8,511,Default,
268450,75,74,73,870,995,1040,9,1206,1289,1472,9,757,871,912,8,870,943,941,9,1120,1314,1156,10,8,1594,1942,2110,9,9,757,1963,2196,2501,12,8,958,1448,1828,8,8,808,605,8,9,580,Default,
268466,47,43,44,710,793,834,9,1040,1117,1268,9,642,736,765,8,790,864,862,10,1057,1247,1105,9,9,1604,1985,2177,8,8,837,1967,2266,2632,10,8,1070,1546,1989,11,8,923,688,9,7,659,Default,
268482,34,31,31,542,627,655,9,911,983,1103,9,548,630,648,8,746,825,814,11,1034,1243,1107,10,8,1624,2072,2268,9,9,937,1971,2350,2776,10,8,1217,1661,2164,8,8,1073,791,8,8,767,Default,
268498,24,20,20,493,558,582,8,773,835,918,9,514,588,596,9,726,809,797,10,1052,1278,1135,9,8,1714,2198,2403,10,8,1065,2072,2469,2963,10,8,1411,1809,2387,9,8,1252,922,8,8,890,Default,
268514,16,10,9,439,488,504,10,660,716,766,9,457,521,520,9,747,844,818,9,1120,1348,1216,9,9,1828,2368,2573,8,8,1217,2192,2665,3203,10,8,1622,1998,2642,10,9,1463,1088,8,8,1060,Default,
268530,12,8,6,357,391,397,8,567,610,643,9,410,460,462,9,769,883,845,9,1189,1417,1297,10,8,1946,2540,2732,9,8,1397,2329,2901,3296,12,9,1914,2195,2893,9,8,1744,1334,8,9,1297,Default,
268546,12,8,6,300,319,327,8,458,475,501,9,352,383,385,10,762,879,836,9,1239,1467,1366,8,8,2066,2673,2958,9,9,1625,2466,3080,3295,12,8,2276,2393,3212,10,8,2109,1629,8,8,1699,Default,
268562,12,8,7,228,238,241,10,408,411,426,10,302,321,323,10,709,816,766,8,1255,1456,1374,8,9,2157,2825,3118,11,9,1847,2606,3285,3297,12,8,2656,2611,3296,12,9,2527,1946,8,8,2147,Default,
268578,12,7,6,200,207,207,9,356,352,363,9,256,271,271,10,633,709,668,10,1152,1311,1247,9,8,2224,2896,3198,10,8,2021,2709,3296,3296,12,8,2997,2773,3297,12,8,2916,2251,9,8,2577,Default,
268594,12,7,6,173,177,181,9,277,269,275,9,210,221,219,9,504,557,534,9,1007,1132,1077,8,8,2228,2844,3139,9,8,2114,2754,3295,3295,11,8,3290,2863,3297,9,8,3258,2586,9,8,3029,Default,
268610,16,8,6,153,153,154,9,215,206,208,10,163,167,163,10,356,382,369,9,881,1036,948,8,9,2172,2748,2960,10,8,2101,2735,3295,3297,12,8,3297,2947,3297,12,8,3296,2887,10,8,3297,Default,
268626,14,7,6,123,124,123,10,184,178,180,9,138,144,141,9,253,263,258,10,688,840,750,9,8,2045,2570,2689,9,8,1998,2622,3296,3297,10,8,3297,2963,3297,10,8,3299,3122,9,8,3296,Default,
268642,16,8,7,109,109,109,9,154,148,149,10,157,161,160,9,154,154,155,10,505,625,567,10,8,1908,2326,2371,9,8,1844,2497,3296,3296,12,8,3297,2939,3297,12,8,3297,3296,9,8,3297,Default,
268658,15,7,6,121,120,122,9,120,116,116,9,141,145,142,10,78,75,74,9,408,479,454,9,9,1832,2164,2156,9,8,1744,2386,3295,3297,12,8,3297,2828,3297,12,8,3296,3296,11,8,3297,Default,
268674,16,7,7,120,123,124,9,115,111,112,10,122,125,123,10,16,12,11,7,270,308,294,11,8,1704,1988,1932,9,9,1604,2189,3166,3295,12,8,3296,2674,3297,11,8,3296,3296,9,8,3297,Default,
268690,16,8,7,119,120,120,9,101,96,98,9,87,85,88,9,14,7,7,6,219,248,238,9,8,1522,1855,1777,8,8,1523,1865,2902,3295,12,9,3296,2437,3296,11,8,3296,3295,9,8,3299,Default,
268706,18,7,7,117,119,120,8,99,95,98,10,74,72,72,10,20,15,13,8,232,271,264,8,11,1348,1723,1641,10,8,1363,1500,2484,3196,10,8,2680,2039,3295,11,8,3212,3022,9,8,3297,Default,
268722,17,8,7,109,111,114,9,104,103,107,9,51,48,46,9,19,12,10,7,260,319,310,10,8,1211,1596,1555,9,9,1253,1269,2077,2748,9,8,2331,1536,2639,8,11,2444,2597,8,8,3295,Default,
268738,14,8,7,113,116,118,9,114,112,122,9,39,34,33,8,31,25,25,8,260,329,316,9,8,1032,1327,1353,8,8,1069,1077,1727,2196,9,8,1874,1037,1547,9,8,1467,1993,9,9,2991,Default,
268754,14,8,6,91,95,96,9,102,103,111,10,21,13,12,8,30,22,21,8,214,281,270,9,10,750,994,1061,9,9,763,775,1220,1542,10,8,1236,551,791,9,8,733,1322,7,9,1956,Default,
268770,16,8,7,81,87,88,9,97,100,116,10,19,11,10,7,25,20,19,8,169,247,225,11,9,494,660,604,10,8,452,516,697,765,9,8,638,289,389,9,8,351,709,9,8,972,Default,
268786,19,8,7,61,68,70,9,65,69,87,9,16,8,7,5,23,18,18,8,105,188,159,9,8,226,317,240,8,9,182,236,327,278,9,9,243,124,132,10,9,131,208,8,9,291,Default,
268802,16,9,7,42,64,58,9,45,47,68,9,29,38,29,8,17,12,9,6,36,62,51,9,8,87,130,109,8,9,74,77,96,69,9,8,86,37,20,8,8,35,23,8,8,25,Default,
268818,13,9,7,45,103,101,8,99,84,114,9,34,54,50,9,16,10,8,6,29,44,44,9,8,41,47,48,8,8,37,41,49,61,9,9,31,33,20,8,8,24,13,6,7,8,Default,
268834,12,8,6,43,95,96,9,103,78,106,8,37,65,62,8,14,9,6,6,30,40,49,8,7,37,41,41,8,8,34,38,46,58,8,8,25,25,13,7,8,14,10,6,6,8,Default,
268850,12,8,6,38,78,87,9,93,68,98,9,37,60,67,9,16,11,8,6,31,41,58,9,9,32,35,32,8,8,33,34,41,51,9,8,23,27,14,7,8,15,10,6,6,9,Default,
268866,12,8,7,37,69,82,9,86,64,98,9,33,58,70,8,15,10,7,6,30,40,58,9,6,30,32,27,8,8,33,32,37,45,8,8,23,25,15,7,7,16,10,6,6,9,Default,
268882,12,8,6,40,82,91,8,91,71,100,9,39,67,77,9,16,10,8,7,33,42,60,9,8,32,31,25,8,8,27,32,33,41,8,8,18,26,14,7,7,13,11,6,6,9,Default,
268898,12,8,7,44,93,103,8,100,77,106,9,42,70,78,10,16,11,8,7,35,44,65,8,9,32,31,25,8,8,22,30,29,34,8,8,14,26,12,7,8,10,11,6,6,9,Default,
268914,12,8,7,47,97,103,8,107,79,113,9,42,71,79,9,19,9,8,6,35,47,67,9,8,33,33,29,8,8,20,31,29,33,8,8,13,27,12,7,8,11,11,7,6,8,Default,
268930,12,8,7,45,99,104,8,108,78,116,9,42,73,80,9,18,11,8,7,37,48,71,9,8,32,33,27,8,8,19,29,27,29,8,8,12,26,12,7,8,12,11,6,6,8,Default,
268946,12,8,7,49,100,107,8,118,82,116,9,45,74,80,9,19,12,9,7,41,49,73,8,8,33,32,27,8,8,21,31,28,30,8,8,13,27,13,7,8,12,11,6,6,9,Default,
268962,12,8,6,49,99,105,8,122,80,123,9,46,75,84,9,23,13,13,7,43,48,72,9,8,36,33,29,8,8,22,30,22,22,8,8,12,25,12,8,8,12,11,6,7,9,Default,
268978,13,8,7,51,103,107,8,128,82,123,9,48,78,87,9,27,16,15,8,45,49,73,9,8,37,35,30,8,8,23,29,19,18,8,8,12,24,14,7,8,14,11,6,6,9,Default,
268994,12,8,8,52,101,107,9,131,81,120,10,49,82,87,8,27,16,16,8,45,51,74,9,10,35,36,33,8,8,25,29,19,17,8,8,11,24,12,7,8,14,10,6,7,9,Default,
269010,12,8,6,49,103,109,8,128,87,123,9,50,89,95,9,29,16,16,8,45,54,75,9,8,37,38,33,8,8,24,29,20,18,8,8,12,25,13,7,8,15,11,6,6,8,Default,
269026,12,8,7,53,103,111,8,128,87,123,9,51,93,98,9,30,19,18,8,45,53,74,9,8,36,37,33,8,8,21,31,20,19,8,8,16,24,12,7,8,14,11,5,6,10,Default,
269042,12,8,6,51,99,106,9,128,88,121,9,53,94,100,10,30,19,19,8,45,51,71,8,8,38,43,38,8,8,22,32,23,20,8,8,18,24,12,8,8,15,10,6,6,9,Default,
269058,12,8,6,51,103,107,8,132,89,119,9,53,99,104,9,33,21,20,8,46,56,74,9,8,38,46,39,9,9,22,33,25,24,8,8,20,26,13,7,8,16,10,6,6,9,Default,
269074,12,8,7,49,99,103,8,129,85,116,9,51,99,105,8,33,21,20,8,47,58,74,9,8,37,48,39,8,8,20,33,25,21,8,8,18,25,12,6,7,15,10,6,6,7,Default,
269090,12,8,6,47,93,99,8,124,88,111,9,53,101,104,9,34,22,20,8,46,59,77,9,9,37,49,40,8,8,20,33,26,24,8,8,20,25,13,8,8,16,10,5,7,9,Default,
269106,12,8,6,43,78,86,8,125,76,105,8,49,99,103,8,33,22,20,8,47,60,78,9,8,37,53,42,8,8,21,29,24,22,8,8,20,23,12,7,8,13,10,6,6,9,Default,
269122,13,9,6,38,71,74,8,122,77,97,9,53,100,103,8,34,20,19,8,49,70,87,9,8,37,60,45,9,8,21,32,27,21,8,8,20,25,12,7,8,14,10,6,7,9,Default,
269138,12,8,7,38,70,73,9,120,73,93,8,53,105,104,8,33,21,20,8,49,69,88,9,9,37,64,47,8,8,23,30,25,20,8,8,22,24,11,7,7,15,10,6,6,9,Default,
269154,12,8,7,42,72,75,8,126,82,103,10,58,104,104,9,41,25,24,8,53,79,95,9,8,53,79,61,8,8,22,37,27,24,8,8,24,24,12,7,8,14,11,6,7,9,Default,
269170,12,8,7,46,75,79,8,136,89,110,9,60,106,105,8,42,26,25,8,59,96,98,10,8,69,98,74,9,9,25,39,29,26,8,8,24,26,12,8,8,16,12,6,7,9,Default,
269186,12,8,6,49,82,87,9,141,91,112,10,62,108,107,8,43,28,26,8,62,99,100,9,9,67,99,77,8,8,27,38,33,30,9,8,24,26,12,7,7,13,11,6,6,9,Default,
269202,14,8,7,77,142,151,8,183,129,212,9,69,113,114,9,25,13,12,8,31,30,25,8,8,72,73,62,9,9,22,37,20,18,8,8,15,23,10,7,8,9,12,6,6,8,Default,
269218,538,595,575,745,1058,1035,8,848,883,1068,9,232,274,271,9,33,24,23,8,32,24,22,8,8,66,63,60,9,9,24,29,20,17,8,8,15,20,11,7,8,12,11,6,6,9,Default,
269234,1355,1434,1497,1551,2188,2271,8,1592,1733,1861,9,381,436,439,9,40,33,32,9,45,37,36,8,8,119,109,109,9,9,25,22,14,13,7,8,9,19,11,7,8,12,10,6,6,8,Default,
269250,1701,1962,2037,1456,2947,3043,9,2009,2619,2833,10,644,796,817,9,85,78,77,10,74,66,66,9,8,164,154,153,9,9,26,58,50,51,9,9,17,24,11,7,8,12,10,6,6,8,Default,
269266,1913,2085,2146,2913,3297,3297,10,3108,3294,3297,12,1364,1591,1619,8,189,182,180,11,41,33,31,8,8,201,194,191,9,9,14,131,121,121,9,9,14,23,12,7,8,12,9,6,6,9,Default,
269282,1828,1847,1894,3178,3297,3297,13,3296,3297,3296,13,1786,2051,2072,10,749,791,791,9,430,447,420,8,8,599,627,606,10,9,36,398,373,363,9,9,33,29,18,8,8,17,22,8,8,15,Default,
269298,1591,1601,1632,3296,3296,3297,9,3295,3297,3298,12,2031,2323,2334,9,1213,1293,1289,10,1220,1289,1210,9,8,1351,1476,1489,9,9,73,725,677,659,10,9,75,91,84,10,9,56,35,8,9,27,Default,
269314,1401,1409,1453,3297,3297,3297,11,3296,3297,3297,12,2123,2388,2392,8,1455,1530,1539,9,1695,1778,1708,8,8,1799,1975,1999,8,8,158,1223,1160,1134,9,8,168,257,258,9,8,119,47,9,8,41,Default,
269330,1359,1347,1384,3295,3297,3297,13,3296,3297,3297,12,2198,2470,2439,10,1597,1691,1686,9,1959,2058,1977,8,8,2082,2300,2317,8,8,266,1646,1604,1575,9,8,286,447,454,9,9,199,75,8,8,70,Default,
269346,1348,1337,1372,3298,3297,3298,10,3296,3297,3297,12,2226,2483,2453,7,1668,1757,1744,8,2076,2162,2068,9,7,2181,2416,2443,9,8,306,1830,1799,1778,9,8,335,544,557,8,8,238,70,9,9,66,Default,
269362,1340,1326,1361,3297,3296,3297,10,3297,3297,3299,16,2205,2464,2437,8,1625,1713,1702,9,2055,2148,2056,9,8,2209,2456,2483,9,9,328,1857,1835,1815,9,8,364,598,613,9,9,262,69,8,9,70,Default,
269378,1228,1218,1253,3271,3297,3297,11,3297,3297,3296,13,2126,2396,2377,9,1565,1660,1652,9,1992,2097,2011,8,8,2163,2429,2465,9,9,351,1819,1807,1795,9,8,393,618,634,9,8,282,65,8,8,62,Default,
269394,1064,1052,1084,3075,3297,3297,10,3297,3297,3297,12,1985,2267,2256,9,1482,1581,1577,9,1915,2039,1954,9,8,2097,2382,2443,9,8,382,1848,1857,1857,10,8,436,688,713,9,8,320,88,9,8,89,Default,
269410,829,830,856,2740,3297,3297,10,3194,3297,3297,12,1766,2047,2050,9,1339,1449,1452,9,1737,1897,1811,9,8,1956,2263,2348,8,8,446,1841,1878,1893,11,8,513,752,791,9,8,377,123,9,9,133,Default,
269426,640,649,664,2437,3206,3279,9,2829,3200,3285,11,1554,1820,1823,9,1156,1253,1267,9,1525,1687,1596,8,8,1792,2090,2197,9,9,480,1770,1815,1836,9,9,562,762,807,9,8,405,159,8,9,170,Default,
269442,502,503,515,2054,2649,2797,11,2382,2624,2702,12,1320,1548,1571,11,993,1096,1110,8,1279,1458,1360,8,590,1599,1882,2006,9,900,505,1677,1724,1764,11,911,602,758,817,9,593,431,199,11,174,203,Default,
269458,353,352,360,1633,2072,2203,9,1927,2106,2301,9,1101,1301,1334,8,855,950,985,9,1094,1275,1180,10,567,1430,1728,1883,9,916,534,1571,1633,1699,11,947,652,768,850,9,631,469,236,9,207,255,Default,
269474,269,270,273,1296,1667,1752,9,1583,1758,1990,9,924,1090,1149,9,762,866,900,9,944,1144,1053,9,560,1307,1637,1825,9,949,573,1493,1596,1691,8,1005,713,808,921,9,699,517,278,11,242,303,Default,
269490,198,203,205,1063,1343,1424,8,1334,1509,1781,9,800,970,1033,9,673,778,816,9,891,1101,1012,9,576,1263,1618,1844,9,1020,621,1469,1620,1745,9,1093,776,862,1019,8,774,575,322,10,281,354,Default,
269506,140,140,141,909,1117,1185,8,1195,1348,1597,9,705,857,921,10,630,737,771,9,871,1089,997,8,613,1269,1654,1915,9,1134,704,1496,1695,1866,9,1236,883,955,1175,9,912,670,394,9,343,417,Default,
269522,92,91,94,822,981,1048,10,1112,1256,1473,8,665,813,865,9,631,745,780,9,883,1119,1030,9,668,1314,1744,2035,8,1269,791,1554,1813,2036,9,1401,988,1089,1350,9,1095,775,472,10,410,504,Default,
269538,70,69,70,778,908,974,8,1055,1198,1401,9,639,778,823,9,650,768,804,10,928,1177,1084,9,724,1390,1864,2187,9,1410,917,1641,1941,2216,9,1562,1134,1218,1530,11,1252,909,565,8,494,609,Default,
269554,53,53,51,736,854,912,9,1019,1157,1338,10,615,749,787,8,689,811,840,9,1015,1268,1186,9,816,1513,2058,2387,8,1591,1063,1769,2143,2473,8,1789,1305,1404,1781,8,1458,1071,663,8,589,736,Default,
269570,51,46,46,686,780,825,8,979,1100,1243,9,622,748,775,9,724,855,872,10,1147,1406,1330,8,940,1699,2299,2638,9,1836,1276,1945,2385,2780,10,2064,1554,1636,2092,9,1754,1318,823,8,738,913,Default,
269586,41,38,38,585,683,716,8,905,1028,1131,9,609,725,743,8,796,941,940,9,1280,1572,1504,8,1110,1846,2537,2879,9,2118,1504,2108,2653,3099,10,2416,1832,1913,2464,8,2149,1591,1026,9,959,1174,Default,
269602,24,21,21,497,559,579,8,765,860,928,9,558,657,665,9,817,963,955,11,1428,1741,1705,11,1310,1999,2751,3122,9,2421,1803,2282,2906,3295,12,2802,2229,2195,2867,10,2572,1989,1367,8,1322,1619,Default,
269618,14,8,7,377,412,418,10,610,666,710,9,476,542,543,9,804,939,926,10,1482,1792,1784,8,1422,2122,2901,3292,9,2678,2088,2427,3106,3298,11,3181,2649,2414,3217,9,2973,2428,1757,10,1744,2168,Default,
269634,11,8,6,282,300,305,9,456,483,514,9,344,379,381,9,762,895,895,9,1407,1676,1685,9,1381,2143,2947,3296,11,2828,2305,2494,3196,3296,12,3296,3080,2580,3296,11,3286,2862,2083,8,2118,2645,Default,
269650,13,8,7,234,244,248,9,385,394,414,10,273,292,291,10,629,737,724,9,1132,1305,1291,9,1109,2135,2926,3296,12,2905,2500,2510,3246,3295,12,3296,3297,2699,3297,12,3297,3295,2441,8,2540,3181,Default,
269666,16,8,6,194,202,203,11,296,295,304,10,200,212,207,9,459,524,518,9,854,1018,982,8,878,2024,2723,3173,9,2758,2459,2450,3279,3297,12,3297,3297,2761,3296,11,3297,3297,2736,11,2899,3297,Default,
269682,17,7,6,165,171,172,9,221,219,224,11,148,154,150,11,284,305,304,12,634,796,736,9,700,1840,2453,2791,9,2445,2224,2313,3199,3295,12,3297,3296,2736,3297,12,3297,3298,2970,9,3168,3297,Default,
269698,16,8,6,136,139,139,10,162,155,157,11,123,127,124,10,169,174,174,11,456,588,532,10,522,1587,2017,2201,9,1910,1818,2070,3026,3296,11,3296,3297,2599,3297,12,3297,3298,3113,9,3295,3296,Default,
269714,19,9,9,120,121,124,9,121,115,119,11,120,122,120,10,116,116,117,10,364,448,427,8,418,1381,1629,1748,9,1489,1503,1856,2646,3296,12,3294,3297,2317,3297,12,3297,3297,3128,8,3295,3297,Default,
269730,19,9,8,120,122,120,10,95,89,89,10,116,120,119,10,88,87,88,11,280,325,327,10,318,1189,1403,1488,9,1300,1289,1525,2375,3295,12,3296,3297,2078,3297,12,3297,3297,3058,8,3295,3298,Default,
269746,16,8,8,113,119,117,9,103,99,101,10,99,103,103,10,20,13,12,8,217,254,257,10,248,956,1180,1252,9,1096,1161,1159,1936,2946,10,3212,3296,1684,3154,12,3296,3297,2828,8,3295,3297,Default,
269762,19,8,7,116,120,124,11,93,90,95,10,64,63,61,9,39,32,31,8,210,252,254,9,244,837,1060,1102,9,987,1018,968,1521,2242,9,2633,2419,1235,2361,9,3088,3154,2284,8,3047,3297,Default,
269778,14,8,7,110,117,120,9,87,81,84,9,45,41,40,8,42,35,33,9,232,298,302,9,280,754,999,1008,9,883,924,839,1272,1851,9,2273,2067,907,1568,9,2029,1940,1789,8,2493,3296,Default,
269794,14,8,7,96,100,103,10,87,87,95,10,37,32,32,8,38,32,32,8,219,296,295,9,259,624,844,852,8,692,715,692,941,1409,9,1658,1442,517,829,8,944,899,1235,8,1819,2384,Default,
269810,16,8,6,82,87,94,11,78,78,91,10,16,8,7,6,21,16,16,8,162,253,236,9,189,394,476,467,9,362,389,425,556,639,8,763,653,263,373,9,433,369,600,9,877,1131,Default,
269826,14,8,6,60,72,72,9,60,67,84,9,15,8,7,6,21,19,20,8,87,151,142,9,103,178,221,180,9,162,162,190,261,211,9,377,248,120,128,8,211,141,145,8,277,305,Default,
269842,9,8,7,49,89,82,9,65,74,96,10,33,57,39,9,18,11,7,6,35,61,56,9,30,61,85,103,9,42,65,66,91,70,9,70,87,37,20,8,18,28,18,8,19,14,Default,
269858,12,8,7,51,114,117,10,108,94,162,9,40,64,61,9,16,11,8,6,34,45,51,9,48,41,45,51,8,23,41,42,51,62,9,31,34,34,22,8,14,28,12,7,6,8,Default,
269874,11,8,7,46,99,104,8,103,88,136,9,37,62,64,9,16,10,8,6,37,53,78,9,49,36,37,36,8,22,33,35,40,49,9,29,21,23,10,6,7,7,11,6,7,7,Default,
269890,10,8,7,39,78,83,8,98,74,107,9,36,55,65,9,16,10,8,7,36,48,76,9,50,33,33,32,8,24,33,32,38,48,9,29,22,25,12,7,9,12,11,6,7,9,Default,
269906,11,8,6,39,77,84,8,91,72,107,9,38,60,71,9,16,10,8,6,33,45,66,9,52,33,35,32,8,25,32,31,35,42,8,25,22,25,13,8,10,13,10,7,7,8,Default,
269922,10,8,7,43,88,100,9,99,78,116,10,41,67,76,9,19,12,10,7,37,48,70,9,53,37,34,31,8,24,32,35,40,50,9,29,22,27,13,7,10,14,10,6,6,9,Default,
269938,11,8,7,45,94,107,9,101,82,122,9,41,68,78,9,22,12,11,7,40,51,75,9,53,33,33,29,8,25,26,29,35,41,8,24,17,29,15,7,10,14,10,6,6,9,Default,
269954,10,8,7,49,94,108,10,106,79,128,11,42,72,80,10,22,12,11,8,41,53,82,11,56,34,29,29,8,26,25,24,24,27,8,18,15,25,14,7,11,17,12,8,8,14,Default,
269970,11,8,6,49,99,110,8,112,86,126,9,43,74,83,9,20,12,10,7,41,52,83,9,52,33,29,26,8,26,22,23,23,23,8,16,13,25,13,7,9,14,13,6,10,15,Default,
269986,11,8,6,49,104,111,9,116,88,130,9,44,75,82,9,22,13,12,7,44,53,87,9,52,32,27,23,8,24,20,24,25,25,8,16,21,24,12,7,10,13,14,7,10,18,Default,
270002,12,8,7,52,105,111,10,117,82,128,10,45,72,85,9,21,13,12,6,45,54,90,9,55,32,25,21,8,21,21,24,25,25,9,17,26,21,12,8,10,14,14,7,9,17,Default,
270018,11,8,7,53,104,115,9,116,87,126,9,45,74,84,10,24,15,14,8,46,55,91,9,53,31,24,20,8,20,16,22,20,16,8,12,22,20,12,6,9,17,12,7,8,16,Default,
270034,10,8,7,51,101,106,9,116,81,119,9,43,74,84,9,24,16,15,7,47,53,87,10,52,33,28,25,8,23,19,22,17,13,8,12,19,19,11,6,9,16,9,6,8,13,Default,
270050,11,7,6,51,96,101,8,120,83,120,9,48,78,87,9,29,17,16,8,45,53,82,8,52,33,30,25,8,23,20,24,21,19,8,14,22,21,12,6,9,16,11,6,8,13,Default,
270066,10,7,6,49,94,95,9,116,82,119,9,46,85,92,10,29,18,17,8,46,51,80,9,47,37,34,31,8,24,23,27,22,21,8,14,24,20,12,6,9,16,12,7,9,16,Default,
270082,11,8,7,50,94,95,8,120,86,120,9,51,91,96,9,33,20,19,8,46,53,75,9,47,39,43,37,8,25,27,28,23,20,8,14,25,21,12,8,9,16,15,8,11,25,Default,
270098,10,8,7,50,92,93,9,127,87,114,10,53,95,100,9,36,23,21,8,49,66,87,9,47,41,49,42,8,27,29,30,25,23,8,15,29,24,12,7,10,16,17,7,12,32,Default,
270114,10,8,7,46,84,87,9,123,87,110,9,53,99,105,9,38,24,23,8,52,76,95,9,46,39,49,41,8,27,29,29,27,25,8,16,30,22,12,7,9,14,17,6,11,35,Default,
270130,11,8,7,46,84,87,9,120,87,108,9,53,101,106,9,40,25,23,8,51,76,91,9,46,40,53,43,9,29,30,29,25,24,8,15,29,23,12,7,9,16,19,8,12,34,Default,
270146,10,8,7,45,81,84,9,120,79,102,9,53,99,102,9,40,27,25,8,53,77,93,9,49,41,58,45,8,29,31,29,27,24,8,16,29,24,11,7,9,13,18,8,12,33,Default,
270162,12,8,8,44,83,85,8,115,86,103,9,52,101,103,9,38,25,23,8,49,81,95,9,45,41,61,45,9,29,31,29,27,23,8,16,30,22,12,7,9,14,17,8,12,33,Default,
270178,10,8,7,45,84,86,9,116,88,107,9,53,106,105,10,41,25,24,8,50,78,95,9,44,41,64,48,9,25,29,31,29,25,8,16,29,24,12,8,9,15,16,8,11,27,Default,
270194,10,8,6,46,84,86,9,116,91,107,10,57,105,105,10,43,27,24,9,49,78,95,9,41,51,84,62,8,30,32,33,29,27,8,16,29,24,12,8,9,16,11,6,8,12,Default,
270210,11,7,6,46,84,87,9,123,91,112,10,58,103,106,10,45,27,26,8,54,82,97,9,39,58,90,70,9,33,33,36,31,29,8,16,28,25,12,8,9,16,11,6,7,9,Default,
270226,11,8,6,45,90,90,9,119,92,108,11,54,103,104,9,40,25,23,8,52,83,96,10,41,50,85,62,9,32,31,32,30,30,8,16,25,25,13,7,8,15,9,6,7,8,Default,
270242,11,8,7,53,110,112,9,140,113,167,9,56,103,103,9,24,15,12,8,33,39,36,8,32,40,51,39,8,25,25,29,24,22,8,16,17,25,12,7,9,13,9,6,6,9,Default,
270258,362,442,407,353,803,766,8,538,705,853,9,174,241,232,10,31,22,22,8,33,25,21,8,41,45,37,37,8,30,24,24,19,15,8,12,15,20,11,8,11,11,11,7,7,11,Default,
270274,1106,1153,1223,1310,1898,1994,9,1382,1493,1637,9,325,377,384,8,33,27,27,8,34,23,21,8,58,81,74,73,9,44,29,20,12,12,7,9,9,16,11,6,9,12,9,6,6,8,Default,
270290,1704,1807,1882,2071,2883,3007,11,2221,2473,2658,11,633,721,742,9,90,82,82,9,77,66,65,9,76,149,140,139,9,58,29,58,52,53,9,25,16,21,10,7,8,10,11,7,6,8,Default,
270306,1982,2051,2119,2761,3297,3296,11,2928,3160,3296,10,1210,1404,1434,8,174,167,163,10,37,26,25,8,53,194,186,182,10,47,16,154,146,145,9,33,13,18,10,7,8,11,9,6,6,9,Default,
270322,1930,1953,2002,2989,3297,3298,10,3266,3296,3297,12,1585,1834,1834,9,325,324,312,10,120,119,116,10,58,240,240,228,10,44,19,271,258,252,10,42,20,20,11,7,9,11,10,7,6,10,Default,
270338,1649,1670,1719,3159,3295,3297,13,3296,3297,3297,12,1859,2151,2175,9,862,910,904,9,599,622,587,9,109,715,757,733,8,100,41,451,420,414,10,85,39,24,12,7,11,13,16,8,11,12,Default,
270354,1456,1480,1517,3282,3296,3297,10,3297,3296,3297,12,1974,2267,2259,9,1177,1240,1222,9,1151,1216,1132,9,178,1280,1407,1403,9,161,63,739,687,664,11,140,64,88,82,9,54,45,33,8,25,23,Default,
270370,1383,1396,1438,3296,3297,3297,10,3297,3297,3297,12,2106,2384,2373,9,1388,1455,1434,9,1539,1640,1539,9,282,1697,1857,1870,9,319,118,1123,1053,1023,9,256,123,205,203,10,132,87,37,8,30,24,Default,
270386,1343,1348,1388,3297,3297,3297,12,3296,3296,3296,12,2187,2461,2451,9,1533,1618,1607,10,1758,1864,1766,8,403,1915,2083,2108,9,477,188,1405,1341,1315,9,411,198,343,347,10,222,143,48,8,44,34,Default,
270402,1323,1318,1358,3296,3296,3297,10,3297,3297,3297,12,2201,2480,2472,9,1564,1652,1641,9,1851,1962,1861,11,460,2013,2200,2230,10,560,234,1540,1484,1459,9,506,257,431,441,10,279,177,53,8,47,41,Default,
270418,1207,1202,1242,3168,3297,3297,10,3296,3297,3297,12,2130,2433,2433,9,1537,1642,1626,8,1842,1975,1871,9,502,2015,2242,2276,9,634,278,1593,1556,1542,9,583,310,511,523,11,332,211,55,8,50,45,Default,
270434,1004,1006,1036,2972,3296,3297,10,3296,3296,3297,13,1990,2285,2293,9,1491,1604,1585,9,1819,1972,1869,8,572,2024,2278,2335,9,746,336,1714,1704,1701,9,708,376,621,644,11,414,267,77,7,70,66,Default,
270450,762,771,791,2909,3297,3296,9,3170,3297,3297,12,1828,2080,2110,9,1415,1520,1502,10,1766,1928,1823,10,628,2020,2274,2366,9,849,402,1858,1856,1876,9,833,464,756,805,11,510,335,115,9,103,109,Default,
270466,550,566,580,2495,3038,3163,9,2756,3068,3271,10,1599,1840,1878,9,1299,1399,1380,9,1644,1826,1709,9,659,1933,2217,2325,9,916,456,1907,1930,1965,9,926,537,860,932,9,590,389,163,9,147,157,Default,
270482,389,394,403,2015,2361,2468,10,2240,2384,2570,10,1383,1574,1616,10,1173,1258,1237,9,1481,1659,1529,9,676,1811,2097,2235,8,979,514,1902,1937,1991,9,1027,612,948,1058,9,687,452,217,11,189,207,Default,
270498,288,290,295,1521,1894,1939,8,1826,2016,2164,10,1162,1350,1386,9,1057,1147,1135,9,1326,1529,1384,9,688,1695,2032,2186,9,1048,588,1861,1950,2023,9,1126,707,1020,1174,9,784,534,279,9,242,270,Default,
270514,199,202,202,1233,1500,1558,9,1530,1677,1843,9,987,1139,1181,8,973,1068,1065,9,1239,1462,1310,9,721,1640,1989,2188,8,1152,664,1859,1970,2099,8,1264,812,1094,1297,9,909,622,350,8,305,348,Default,
270530,128,128,128,1037,1214,1264,8,1348,1442,1615,9,850,971,1019,9,893,982,984,9,1190,1423,1266,8,759,1633,1991,2234,9,1276,771,1868,2006,2197,9,1426,943,1188,1447,9,1077,743,429,8,371,422,Default,
270546,82,82,84,887,1017,1065,8,1179,1264,1432,9,751,871,911,8,845,922,931,8,1155,1386,1241,9,803,1633,2018,2298,9,1420,874,1878,2064,2314,9,1609,1084,1300,1622,8,1268,890,513,9,447,525,Default,
270562,55,53,53,770,862,916,8,1048,1140,1289,10,658,770,798,8,762,846,858,10,1085,1311,1198,9,828,1626,2067,2379,9,1562,984,1878,2143,2468,9,1815,1231,1430,1838,9,1473,1036,580,8,518,620,Default,
270578,45,42,41,670,745,783,8,926,999,1115,9,581,683,702,9,717,809,818,9,1053,1288,1177,8,856,1662,2155,2465,9,1686,1116,1921,2270,2625,9,2016,1413,1587,2049,9,1692,1225,666,8,599,729,Default,
270594,37,34,35,590,654,685,8,823,904,992,9,548,646,662,9,708,804,808,9,1069,1321,1210,8,905,1728,2277,2584,9,1817,1243,1998,2434,2827,10,2205,1592,1744,2273,9,1911,1395,812,8,738,886,Default,
270610,24,22,20,483,547,568,9,724,804,865,9,505,593,602,9,710,825,822,9,1140,1398,1303,9,987,1803,2419,2731,9,1985,1421,2096,2623,3061,12,2435,1844,1948,2558,10,2193,1651,987,8,920,1089,Default,
270626,16,11,10,414,459,473,10,629,688,730,9,461,533,530,8,717,843,832,9,1204,1458,1385,9,1085,1919,2579,2909,8,2201,1662,2238,2833,3295,13,2752,2210,2167,2881,10,2549,2027,1324,9,1268,1504,Default,
270642,13,8,7,318,339,348,9,536,570,613,9,381,425,427,10,744,866,866,11,1239,1464,1413,10,1131,2018,2675,3045,10,2376,1888,2369,2989,3295,12,3051,2603,2338,3183,10,2877,2429,1669,8,1635,1972,Default,
270658,12,8,6,250,264,268,9,440,453,480,9,289,308,308,10,692,812,787,10,1185,1384,1343,9,1111,2073,2738,3134,10,2521,2101,2474,3142,3294,12,3292,2981,2531,3296,11,3205,2882,1974,8,1977,2424,Default,
270674,15,8,5,217,226,226,12,361,362,377,12,254,270,269,12,560,643,623,8,1028,1189,1145,8,986,2097,2759,3147,9,2584,2233,2528,3212,3297,12,3296,3295,2661,3297,12,3297,3295,2348,9,2390,2940,Default,
270690,13,7,6,179,183,185,9,291,287,293,10,190,199,195,10,431,483,469,11,895,1071,1017,9,916,2035,2661,2995,10,2532,2237,2506,3262,3297,12,3297,3298,2744,3297,12,3297,3297,2626,9,2740,3294,Default,
270706,16,7,6,169,174,176,9,224,219,223,10,146,154,150,11,282,302,299,10,693,877,798,9,754,1903,2459,2718,10,2299,2101,2411,3262,3295,12,3297,3297,2770,3297,12,3297,3297,2903,8,3036,3297,Default,
270722,14,7,7,141,143,145,11,177,170,171,11,129,135,130,11,182,188,190,10,534,695,626,8,599,1693,2122,2251,9,1878,1815,2218,3112,3295,12,3297,3297,2680,3296,12,3297,3297,3086,9,3239,3297,Default,
270738,16,7,6,120,123,123,10,146,139,140,10,140,145,144,10,124,124,126,10,424,530,489,9,472,1583,1894,1981,9,1632,1650,2099,2986,3298,12,3296,3297,2583,3296,12,3297,3297,3283,8,3295,3297,Default,
270754,12,8,6,115,116,116,10,107,103,103,10,132,138,138,8,82,82,80,10,332,397,382,10,368,1434,1670,1720,9,1458,1500,1887,2713,3296,11,3296,3298,2383,3297,10,3297,3298,3291,9,3296,3297,Default,
270770,14,7,6,122,126,125,9,108,105,106,11,102,103,103,10,16,10,9,7,243,286,279,9,274,1223,1511,1500,9,1276,1301,1550,2464,3295,12,3295,3296,2151,3297,12,3297,3296,3165,8,3295,3298,Default,
270786,16,7,7,113,117,118,10,92,91,91,9,75,78,77,9,22,16,16,8,212,247,246,10,241,1050,1352,1319,9,1155,1199,1266,2123,2943,10,3076,3297,1844,3289,9,3296,3297,2952,8,3293,3297,Default,
270802,15,8,7,117,122,122,10,99,96,99,10,51,48,47,8,30,24,24,9,242,300,298,11,281,955,1226,1230,9,1063,1104,1099,1792,2443,10,2578,2487,1420,2623,10,3131,3215,2509,9,3085,3297,Default,
270818,17,8,7,104,110,111,10,95,95,99,10,42,37,37,8,35,30,29,9,242,316,308,9,286,800,1149,1152,8,952,1011,941,1511,2101,9,2168,2078,1064,1774,9,2113,2077,2026,10,2508,3296,Default,
270834,13,8,7,95,99,102,9,106,107,117,10,33,28,25,8,37,29,28,8,223,305,288,10,256,690,987,986,8,766,814,770,1167,1564,9,1637,1489,634,939,9,1071,965,1397,8,1858,2379,Default,
270850,13,8,7,87,91,94,9,95,97,112,10,17,12,10,7,25,20,19,8,180,272,249,11,202,463,648,609,9,441,475,528,717,882,9,823,749,319,472,9,522,434,814,8,997,1204,Default,
270866,17,8,8,64,72,77,9,71,78,102,11,18,8,7,5,24,20,21,8,109,211,182,9,131,209,292,235,10,199,205,235,350,305,9,422,308,157,182,10,267,175,261,8,393,385,Default,
270882,12,8,7,42,67,64,9,41,52,75,10,21,21,16,8,16,10,8,6,41,79,78,9,43,79,126,116,9,69,78,87,134,78,8,144,126,46,26,8,36,33,31,8,55,35,Default,
270898,11,8,6,51,124,117,8,110,98,171,9,33,53,49,9,17,11,8,6,31,37,46,10,34,39,41,46,8,20,38,44,56,69,9,34,34,36,23,8,14,29,12,7,7,8,Default,
270914,11,8,7,48,111,107,9,107,88,135,10,39,64,61,9,17,11,8,6,33,43,53,8,46,37,38,39,8,22,35,37,45,55,9,26,24,27,13,7,10,15,10,6,7,8,Default,
270930,12,8,6,42,91,95,8,101,76,114,9,37,59,66,9,16,10,8,6,32,41,56,9,45,32,30,29,8,20,31,35,39,49,9,27,21,24,11,7,8,8,10,6,7,8,Default,
270946,11,8,7,39,74,82,9,95,73,112,10,38,62,72,9,16,10,8,6,33,41,61,9,45,34,31,28,8,20,31,35,38,49,9,29,20,25,13,7,10,12,11,6,7,9,Default,
270962,11,8,7,42,84,93,9,98,72,114,9,40,66,77,9,16,11,8,6,36,46,70,9,51,35,32,28,7,19,31,31,35,41,8,25,18,26,14,8,10,14,10,6,6,10,Default,
270978,9,8,7,45,94,100,8,104,78,120,10,41,69,78,9,18,10,8,6,36,48,70,9,52,34,32,29,8,22,28,32,35,41,9,26,17,26,14,7,9,13,9,6,6,9,Default,
270994,10,8,6,47,99,107,8,106,81,126,9,39,71,78,9,16,10,8,6,37,48,70,10,48,35,36,33,8,26,24,29,31,35,8,20,14,24,12,6,8,8,9,6,6,7,Default,
271010,11,8,6,47,99,109,9,116,82,127,9,45,73,82,9,19,12,10,7,39,46,67,9,49,37,35,32,8,28,29,27,29,32,9,20,14,24,12,7,8,9,10,7,7,8,Default,
271026,11,8,6,51,104,113,9,121,84,129,8,44,75,86,9,20,12,12,7,41,47,68,9,49,37,34,33,9,27,20,28,28,30,8,18,12,24,11,6,8,8,9,6,6,8,Default,
271042,10,8,7,53,105,117,8,126,88,132,9,47,76,86,9,24,15,14,8,43,48,70,9,51,35,33,29,8,25,23,28,26,28,8,17,13,24,12,6,8,8,11,7,6,8,Default,
271058,11,8,7,52,105,116,9,127,86,127,10,48,79,89,10,23,16,14,8,43,49,72,8,50,35,31,28,8,24,23,25,25,25,8,15,12,21,11,7,8,7,10,5,7,7,Default,
271074,10,8,6,53,109,116,9,128,89,128,11,49,87,93,9,26,16,15,8,45,51,73,10,51,34,32,28,8,24,23,25,25,24,8,15,12,25,11,7,8,7,11,6,7,7,Default,
271090,9,8,6,52,110,116,9,132,90,129,9,51,92,93,9,26,15,14,8,45,52,74,9,49,36,32,27,8,26,20,25,24,24,8,15,16,24,11,7,9,12,10,6,6,8,Default,
271106,11,7,6,52,107,113,10,128,86,128,11,51,95,97,9,26,16,15,8,45,54,73,9,49,37,37,33,8,25,19,27,23,22,8,15,16,23,12,6,9,12,9,6,6,9,Default,
271122,11,8,6,48,102,101,9,128,84,123,9,51,95,99,9,28,16,16,8,43,51,70,9,46,37,38,34,8,25,22,25,20,19,8,12,16,23,12,7,9,12,10,6,6,9,Default,
271138,11,8,6,49,99,98,8,132,83,120,9,53,99,103,9,29,17,16,8,43,49,66,9,46,38,45,36,8,26,20,27,20,17,8,12,16,22,12,7,9,13,9,6,6,9,Default,
271154,11,8,6,47,93,94,9,129,81,116,10,54,100,107,9,30,20,19,8,45,49,66,9,45,39,45,39,8,25,23,27,21,19,8,12,20,20,12,7,9,13,9,6,6,9,Default,
271170,10,7,6,44,86,87,8,125,80,111,9,53,101,106,10,29,20,19,8,43,51,71,9,44,37,46,40,8,25,22,28,24,22,8,14,20,23,12,8,8,14,9,6,6,9,Default,
271186,10,8,6,40,73,75,9,119,74,103,8,52,99,103,9,33,20,20,8,44,53,78,9,45,38,50,41,8,28,23,27,22,20,8,14,21,20,12,7,9,13,9,6,6,9,Default,
271202,11,8,6,38,68,70,10,112,72,95,9,53,100,101,10,36,23,21,8,46,58,87,8,43,42,63,49,9,29,22,29,21,18,8,12,20,20,11,7,8,12,9,5,6,9,Default,
271218,11,8,7,38,70,71,8,111,75,92,10,53,103,104,9,39,25,23,8,48,71,85,9,41,43,69,51,9,28,24,31,27,23,8,15,25,22,12,7,8,12,10,6,6,8,Default,
271234,10,8,6,42,75,78,8,118,76,100,9,53,100,105,9,44,28,27,8,52,69,87,9,33,58,78,67,9,27,25,35,27,32,8,16,27,23,11,6,9,12,8,6,6,8,Default,
271250,11,8,6,46,78,79,9,131,85,108,9,61,104,109,10,45,29,27,8,55,78,92,9,40,69,88,82,9,33,29,40,36,37,8,18,28,24,12,7,9,12,11,6,7,9,Default,
271266,10,8,6,45,83,83,9,123,83,104,10,52,103,107,8,42,28,26,8,53,78,91,9,39,51,85,68,8,32,29,34,33,34,8,18,27,24,12,6,9,12,9,6,6,8,Default,
271282,12,8,6,45,93,93,9,127,91,127,11,53,111,103,9,25,16,15,8,33,43,41,9,27,37,49,40,8,25,19,29,24,22,8,12,19,21,11,6,8,10,10,6,6,8,Default,
271298,452,514,489,620,907,874,9,727,774,959,8,209,256,251,11,30,23,22,8,33,23,20,8,38,48,45,42,8,34,21,26,20,19,8,13,16,17,10,7,9,11,10,6,6,10,Default,
271314,1161,1236,1309,1315,1930,2044,9,1397,1522,1670,9,327,392,401,9,40,30,29,8,32,23,21,8,58,80,74,72,9,48,25,20,12,11,7,10,8,19,11,7,9,12,9,6,6,8,Default,
271330,1569,1815,1884,2266,2918,3051,9,2277,2468,2665,10,613,692,714,10,87,81,80,11,75,66,65,9,79,140,129,128,10,55,29,51,45,45,9,23,16,23,11,7,9,12,11,6,7,9,Default,
271346,2054,2107,2172,2764,3296,3297,12,2964,3212,3297,12,1233,1460,1498,9,185,178,177,12,38,28,25,8,60,181,172,169,10,45,24,148,137,136,11,32,18,21,9,7,8,11,10,6,6,8,Default,
271362,1907,1922,1957,2974,3297,3297,10,3284,3296,3297,12,1674,1929,1948,9,490,500,489,10,223,228,220,10,64,400,405,393,10,53,21,310,293,288,10,47,21,22,11,7,9,12,12,6,6,10,Default,
271378,1641,1666,1711,3288,3297,3297,10,3297,3296,3296,12,1977,2274,2285,9,1005,1068,1061,9,832,864,821,12,124,953,1037,1017,9,104,40,562,518,508,10,99,40,44,33,8,24,24,31,8,20,18,Default,
271394,1475,1487,1529,3295,3296,3297,9,3297,3297,3296,13,2093,2385,2387,10,1351,1421,1410,9,1467,1546,1463,9,257,1591,1749,1778,9,277,91,1020,953,916,9,215,84,122,116,10,80,63,46,8,39,28,Default,
271410,1428,1429,1467,3297,3296,3296,10,3297,3297,3298,12,2214,2469,2443,9,1548,1625,1617,9,1811,1895,1812,10,356,1916,2097,2124,9,430,150,1449,1376,1330,9,352,156,253,252,11,167,107,54,8,48,34,Default,
271426,1427,1421,1457,3297,3297,3297,10,3297,3297,3296,12,2275,2490,2466,9,1629,1696,1685,10,1991,2049,1966,9,454,2120,2298,2327,9,567,222,1746,1676,1633,9,497,233,409,413,11,266,164,58,9,53,43,Default,
271442,1387,1378,1414,3296,3296,3297,13,3297,3297,3297,12,2249,2480,2458,10,1596,1669,1658,9,1999,2065,1984,10,476,2178,2384,2409,9,605,242,1850,1794,1750,9,540,257,493,501,9,305,183,62,9,55,45,Default,
271458,1310,1296,1332,3296,3296,3297,9,3297,3297,3297,12,2207,2445,2427,9,1574,1658,1649,9,2001,2084,2002,11,515,2209,2433,2462,9,661,263,1937,1891,1855,9,604,288,570,584,11,356,206,70,9,65,54,Default,
271474,1150,1132,1164,3297,3297,3297,11,3297,3297,3297,12,2097,2346,2327,8,1533,1626,1612,10,1960,2064,1980,8,563,2196,2440,2489,9,740,297,2009,1984,1953,9,688,328,666,690,8,423,239,87,9,80,70,Default,
271490,932,924,950,3232,3297,3297,13,3298,3297,3297,12,1940,2187,2179,8,1429,1517,1504,9,1849,1969,1879,9,574,2130,2394,2453,8,767,331,2020,2013,1988,9,722,368,732,762,9,460,268,123,9,105,95,Default,
271506,769,763,786,2948,3295,3295,11,3189,3297,3298,11,1772,2010,2004,8,1321,1404,1383,9,1682,1811,1702,9,550,2011,2287,2350,9,754,357,1989,1989,1960,9,721,401,761,800,8,473,292,155,9,131,118,Default,
271522,619,622,635,2633,3209,3250,10,2868,3183,3189,10,1580,1803,1802,9,1216,1282,1264,10,1489,1618,1497,8,517,1872,2137,2205,9,721,370,1923,1919,1886,9,695,420,770,815,10,470,305,193,10,155,140,Default,
271538,486,487,496,2267,2669,2786,9,2453,2606,2653,10,1392,1578,1592,9,1083,1136,1131,10,1304,1429,1303,8,488,1715,1955,2042,9,697,380,1860,1844,1814,9,685,439,752,810,9,467,313,230,8,178,168,Default,
271554,382,381,388,1888,2206,2312,10,2065,2173,2331,9,1209,1376,1400,9,1012,1070,1066,9,1213,1355,1215,9,491,1604,1857,1981,9,717,393,1824,1819,1810,9,717,458,780,858,10,493,331,267,9,200,194,Default,
271570,289,290,296,1471,1815,1873,8,1736,1883,2044,10,1035,1186,1215,9,925,995,992,9,1153,1315,1164,9,509,1529,1814,1966,10,751,428,1794,1833,1839,9,771,501,830,928,10,541,367,300,8,225,223,Default,
271586,217,217,221,1211,1467,1529,8,1498,1639,1833,9,916,1044,1080,9,897,961,957,9,1121,1287,1138,8,541,1506,1819,2009,9,823,468,1799,1871,1912,9,860,548,895,1032,9,614,406,342,8,260,262,Default,
271602,170,169,170,1061,1252,1308,8,1359,1459,1658,9,837,961,997,9,874,941,933,10,1119,1304,1144,9,584,1546,1884,2101,9,922,514,1855,1956,2047,9,973,605,986,1157,10,710,456,400,9,308,315,Default,
271618,114,114,116,958,1099,1157,8,1271,1347,1523,10,786,898,933,9,887,950,941,10,1151,1349,1187,9,653,1636,2016,2240,10,1061,592,1949,2093,2230,9,1131,703,1111,1328,9,849,539,472,8,366,391,Default,
271634,81,78,78,841,933,979,10,1173,1248,1388,9,745,850,875,8,904,974,958,10,1246,1455,1293,8,754,1774,2210,2441,8,1257,721,2083,2296,2497,11,1346,853,1314,1593,10,1057,665,544,10,428,466,Default,
271650,52,49,48,776,854,903,8,1104,1181,1300,9,684,779,797,8,912,989,963,9,1373,1579,1426,9,876,1928,2419,2653,9,1478,862,2245,2561,2781,10,1604,1026,1548,1888,8,1295,816,663,8,529,585,Default,
271666,47,45,45,702,767,800,8,1027,1098,1198,9,663,743,757,9,973,1065,1019,10,1504,1733,1593,9,1023,2115,2657,2890,9,1743,1070,2454,2823,3114,10,1936,1279,1807,2218,9,1612,1043,859,8,688,776,Default,
271682,35,33,33,576,639,662,10,903,971,1040,10,637,718,723,9,1019,1123,1071,10,1630,1881,1769,8,1181,2277,2902,3162,9,2053,1331,2627,3091,3296,12,2305,1604,2126,2659,10,2034,1360,1107,8,903,1026,Default,
271698,20,16,16,470,511,522,9,752,806,855,9,551,612,613,9,1058,1173,1117,9,1738,2005,1923,9,1343,2415,3100,3295,11,2322,1607,2802,3295,3297,12,2662,1977,2421,3078,10,2435,1717,1404,8,1177,1362,Default,
271714,12,8,7,331,348,353,9,560,592,618,8,407,446,444,8,1013,1131,1084,9,1777,2027,1957,10,1430,2523,3212,3294,11,2548,1887,2944,3296,3296,11,3035,2388,2667,3299,10,2837,2132,1807,8,1614,1927,Default,
271730,12,7,6,254,263,267,9,384,393,409,11,327,349,349,10,909,1013,965,9,1650,1843,1778,8,1372,2551,3246,3297,12,2683,2156,3018,3296,3297,12,3292,2846,2873,3297,12,3197,2598,2209,8,2015,2491,Default,
271746,12,7,7,208,212,215,10,319,311,323,10,272,286,284,9,732,803,771,9,1326,1448,1405,10,1164,2494,3146,3297,11,2700,2266,3013,3297,3297,11,3295,3192,2952,3295,12,3296,3009,2580,8,2456,3006,Default,
271762,16,8,7,160,161,162,9,238,232,234,10,199,207,203,10,514,555,538,9,1049,1170,1116,9,983,2363,2960,3250,10,2579,2238,2919,3296,3296,12,3294,3296,2997,3296,15,3295,3295,2885,8,2802,3296,Default,
271778,16,8,6,146,146,148,11,181,173,174,10,150,152,148,10,283,296,286,10,768,911,829,9,778,2124,2661,2794,9,2206,2024,2719,3297,3296,12,3297,3296,2988,3297,12,3297,3296,3086,11,3034,3299,Default,
271794,14,8,6,112,113,111,9,145,137,137,11,144,147,145,10,152,152,151,11,488,595,539,11,518,1920,2309,2343,9,1806,1788,2533,3296,3297,12,3296,3295,2869,3296,12,3297,3297,3207,8,3168,3297,Default,
271810,13,7,7,113,112,113,9,120,114,113,10,146,151,150,10,80,77,77,11,371,431,414,11,397,1766,2065,2037,9,1609,1633,2334,3271,3295,12,3297,3297,2717,3297,12,3298,3298,3283,9,3232,3297,Default,
271826,14,7,7,106,106,106,10,110,106,105,10,121,124,123,10,20,13,13,7,252,290,277,10,266,1543,1837,1776,9,1421,1477,1948,2898,3296,11,3155,3295,2390,3297,12,3296,3297,3117,11,3174,3297,Default,
271842,16,9,9,114,118,118,9,99,97,98,9,86,88,88,9,16,8,7,6,247,294,284,11,272,1287,1662,1599,9,1273,1285,1459,2336,3170,12,2731,2952,1936,3249,10,3262,3212,2828,9,3040,3297,Default,
271858,18,8,9,113,118,119,10,90,87,88,10,63,61,60,9,30,24,24,8,266,330,322,11,296,1098,1504,1454,9,1109,1149,1183,1973,2550,10,2129,2093,1397,2336,11,2533,2179,2300,8,2644,3295,Default,
271874,15,8,7,106,108,111,9,91,90,94,10,45,41,38,8,27,19,17,8,254,338,323,9,278,883,1255,1262,9,871,965,945,1499,1977,10,1535,1602,836,1233,9,1377,1193,1688,8,1911,2649,Default,
271890,14,7,7,91,93,97,10,96,95,103,10,37,29,31,8,35,29,28,9,211,296,274,10,225,642,941,937,9,616,658,681,1097,1384,9,1052,1004,480,682,9,798,617,1102,8,1278,1670,Default,
271906,14,7,6,75,80,86,8,85,90,105,10,16,8,7,6,29,22,22,8,148,232,217,11,165,349,476,447,9,322,338,386,548,608,10,598,505,240,309,10,415,283,527,8,655,744,Default,
271922,15,8,7,51,56,58,9,55,58,77,10,16,8,8,5,18,14,15,8,70,116,124,10,79,140,191,150,9,128,118,153,223,175,9,297,165,78,69,8,107,72,94,9,149,158,Default,
271938,12,8,6,48,71,74,8,89,70,90,9,35,49,41,9,17,9,7,6,24,32,24,9,24,61,74,62,9,33,51,67,68,63,9,59,53,33,17,8,13,20,12,7,8,8,Default,
271954,11,8,6,49,101,110,9,111,95,156,8,40,65,67,8,16,11,9,6,37,52,61,9,46,38,45,45,8,22,37,43,54,69,9,37,29,29,16,7,11,16,10,6,6,8,Default,
271970,12,8,7,46,95,105,10,107,89,139,9,41,71,75,9,16,11,8,6,37,49,60,9,47,34,37,32,8,18,33,36,47,56,10,32,24,27,12,7,9,12,10,6,6,10,Default,
271986,12,8,6,41,77,83,9,99,78,113,9,38,66,76,10,16,9,7,6,36,45,67,9,43,34,33,29,8,19,30,34,37,45,8,25,19,24,13,6,10,13,8,6,6,9,Default,
272002,11,8,6,39,74,82,8,96,78,115,9,41,68,78,9,17,10,7,6,36,49,72,10,49,33,34,30,8,19,29,32,34,40,9,27,19,25,14,8,9,13,9,6,6,9,Default,
272018,11,8,7,44,90,99,8,99,82,124,10,42,71,82,9,18,11,8,7,36,48,65,8,46,32,33,29,8,17,30,27,32,34,8,20,16,26,14,7,9,14,10,6,7,9,Default,
272034,11,8,7,47,95,107,9,103,87,131,9,42,72,84,9,20,11,9,6,38,51,72,10,45,33,34,29,8,18,26,27,25,29,8,18,16,25,14,7,9,15,9,6,6,10,Default,
272050,10,7,7,48,103,111,8,106,90,140,9,43,73,84,9,18,11,8,7,39,53,75,9,47,35,37,32,8,25,29,25,24,24,8,15,12,25,14,8,9,16,9,5,6,9,Default,
272066,11,8,7,49,105,116,9,111,89,138,9,45,74,87,10,21,13,12,8,41,51,74,9,47,37,37,33,8,27,28,24,21,21,8,13,12,25,14,8,10,16,10,6,7,8,Default,
272082,11,8,6,50,108,117,8,115,92,140,9,45,75,87,9,24,12,12,8,42,53,77,10,49,36,37,32,9,29,24,22,17,16,7,11,9,24,14,7,11,16,10,6,6,9,Default,
272098,11,8,7,52,109,116,8,120,92,139,10,47,76,88,9,26,15,14,8,44,53,74,9,47,37,37,33,8,28,23,23,16,14,8,9,9,24,12,8,9,16,9,7,5,11,Default,
272114,11,8,6,53,109,116,10,122,91,136,10,49,80,91,9,27,17,16,8,46,53,74,9,49,35,40,34,8,28,23,23,17,16,8,12,14,24,12,7,9,13,9,6,6,9,Default,
272130,10,7,6,53,107,112,9,124,95,132,9,49,88,93,9,29,16,16,8,45,54,73,9,46,41,47,40,8,29,23,27,19,18,8,13,16,23,12,8,8,14,9,6,6,9,Default,
272146,10,8,6,52,104,106,9,125,97,129,9,51,92,95,9,30,17,16,8,46,56,74,9,47,42,51,42,9,30,22,27,20,17,8,12,16,24,12,8,9,14,9,6,6,9,Default,
272162,11,8,6,53,108,111,9,123,97,129,10,53,96,100,10,31,20,19,8,49,61,78,9,46,43,54,45,8,30,24,27,22,20,8,14,16,26,13,7,9,15,10,6,6,10,Default,
272178,12,8,6,51,106,106,8,125,99,127,9,53,102,103,10,33,20,20,8,49,66,81,9,46,41,56,44,9,30,24,28,24,21,8,14,19,24,12,8,9,16,10,6,7,9,Default,
272194,10,7,7,49,103,103,8,124,94,124,9,55,105,107,8,33,21,20,8,49,67,80,9,44,40,58,45,9,30,24,26,22,19,8,13,17,24,12,6,9,16,8,6,6,8,Default,
272210,11,8,6,48,97,97,9,124,95,116,9,53,104,103,9,34,23,22,8,49,70,84,8,46,40,56,44,8,29,24,29,24,22,8,15,20,25,12,8,9,16,9,5,7,8,Default,
272226,8,8,7,45,92,94,8,116,87,113,9,51,103,104,8,34,22,20,8,49,72,84,9,45,37,55,43,9,29,23,27,24,23,8,15,20,23,12,6,9,16,8,6,7,9,Default,
272242,11,8,7,43,86,86,8,117,87,107,9,52,105,103,9,34,22,20,8,46,72,84,10,44,38,59,44,8,29,27,27,26,22,8,14,22,24,12,7,10,16,10,6,6,9,Default,
272258,12,8,7,41,77,81,9,113,78,102,9,52,103,102,10,36,24,22,8,49,73,85,9,43,41,66,47,8,29,29,26,29,24,8,16,22,24,12,7,10,15,10,7,6,9,Default,
272274,10,8,6,42,82,83,8,114,86,106,9,53,103,102,10,40,25,23,8,49,74,88,10,37,45,74,53,9,29,29,30,27,23,8,14,21,26,12,8,9,16,9,6,6,9,Default,
272290,11,7,6,48,86,85,8,131,92,114,10,59,103,107,9,44,28,26,8,58,89,94,9,37,69,91,68,9,29,30,34,28,24,8,15,21,27,13,8,9,17,11,6,6,10,Default,
272306,11,8,6,51,90,89,10,138,94,117,9,62,104,111,9,45,29,30,8,62,98,98,9,39,73,95,71,9,31,32,32,29,25,8,14,20,25,12,8,10,16,11,7,7,9,Default,
272322,95,116,108,152,304,316,8,277,277,414,9,106,163,157,10,31,18,18,8,35,28,24,9,38,93,84,75,9,40,29,37,20,19,8,12,16,20,10,7,8,10,11,6,6,8,Default,
272338,632,732,759,572,1285,1297,9,825,1070,1195,9,248,323,320,10,28,22,21,8,37,28,27,8,53,90,84,78,9,45,33,25,14,12,8,11,12,19,12,7,9,16,10,6,6,9,Default,
272354,1423,1492,1581,1681,2384,2488,8,1741,1913,2066,9,428,485,497,10,59,51,53,9,49,40,39,8,68,139,126,124,9,61,32,32,25,23,8,16,12,20,12,7,9,12,11,6,6,9,Default,
272370,1653,1891,1960,1471,2987,3089,10,2012,2723,2954,10,771,894,919,9,104,99,98,10,53,44,43,8,71,179,168,165,11,55,29,120,111,111,10,36,21,22,10,7,9,10,11,6,6,8,Default,
272386,1967,2018,2073,2889,3297,3295,10,3073,3274,3297,12,1342,1546,1566,9,186,178,175,10,37,29,28,8,42,219,210,205,10,39,17,238,223,220,10,31,14,21,11,7,8,12,9,6,6,9,Default,
272402,1708,1720,1751,2999,3297,3297,13,3283,3297,3295,14,1633,1869,1890,10,524,534,513,9,235,238,225,14,52,519,535,518,10,40,22,375,352,342,12,41,20,21,11,7,9,11,11,7,6,9,Default,
272418,1376,1402,1438,3134,3296,3297,10,3295,3297,3298,12,1834,2093,2083,9,950,984,967,9,806,834,772,10,122,966,1040,1003,9,106,45,580,533,518,9,95,43,60,49,8,33,33,29,8,19,18,Default,
272434,1190,1202,1234,3256,3293,3296,11,3296,3299,3296,10,1987,2239,2226,8,1284,1330,1301,8,1417,1485,1350,8,232,1606,1745,1722,9,242,83,1085,1009,961,9,206,85,182,182,9,109,71,33,8,29,22,Default,
272450,1179,1173,1206,3296,3297,3297,13,3296,3297,3297,12,2175,2387,2385,9,1560,1630,1601,9,1858,1927,1804,9,421,1974,2138,2126,8,495,197,1591,1526,1468,9,437,211,463,473,10,270,164,60,9,53,46,Default,
272466,1190,1186,1219,3296,3296,3297,10,3297,3295,3297,12,2259,2485,2472,8,1661,1743,1725,9,2051,2130,2020,9,567,2182,2382,2383,8,697,298,1911,1856,1808,8,658,330,697,725,8,428,252,58,9,55,49,Default,
272482,1191,1188,1222,3297,3297,3297,10,3296,3297,3297,12,2266,2508,2497,9,1689,1780,1766,9,2077,2175,2070,11,610,2249,2473,2490,9,766,331,2002,1963,1919,9,737,372,774,808,9,479,283,62,8,58,52,Default,
272498,1100,1102,1131,3297,3297,3297,11,3297,3295,3296,13,2211,2479,2476,9,1666,1773,1757,9,2054,2172,2072,9,641,2254,2507,2533,9,830,368,2032,2020,1978,10,799,416,833,874,10,522,315,66,8,62,58,Default,
272514,925,924,945,3291,3297,3297,10,3296,3296,3297,12,2091,2370,2372,8,1597,1721,1702,9,2030,2176,2078,11,695,2219,2516,2559,9,918,400,2118,2138,2106,9,904,456,934,991,9,595,359,74,8,68,67,Default,
272530,684,683,699,2964,3296,3296,10,3274,3297,3296,12,1892,2165,2183,9,1475,1602,1590,9,1909,2087,1993,9,746,2132,2455,2526,10,1013,472,2172,2233,2218,9,1025,549,1060,1144,11,700,427,101,10,91,97,Default,
272546,488,497,505,2572,3161,3258,10,2877,3246,3295,11,1664,1933,1950,10,1318,1439,1434,10,1739,1927,1827,8,750,2002,2332,2408,9,1058,538,2168,2268,2268,10,1098,631,1143,1248,10,778,493,117,9,107,117,Default,
272562,381,381,387,2154,2583,2694,9,2460,2702,2756,10,1452,1687,1724,9,1193,1300,1296,9,1567,1750,1633,9,734,1884,2193,2284,9,1073,568,2119,2230,2247,9,1137,679,1173,1307,9,823,538,130,9,120,132,Default,
272578,286,283,288,1774,2134,2156,8,2078,2311,2408,9,1271,1483,1529,9,1069,1173,1172,10,1407,1587,1463,10,714,1731,2040,2154,9,1082,574,2027,2158,2195,11,1175,703,1163,1322,8,854,557,137,9,128,142,Default,
272594,213,212,213,1446,1754,1779,10,1771,2003,2175,11,1100,1294,1335,8,975,1082,1089,9,1256,1458,1329,9,700,1595,1915,2071,8,1098,594,1935,2106,2184,9,1224,735,1160,1349,10,903,582,165,11,150,176,Default,
272610,145,143,144,1146,1415,1431,8,1513,1739,1922,9,957,1139,1185,9,895,1001,1013,9,1168,1384,1249,9,705,1503,1840,2040,9,1145,637,1860,2072,2192,9,1305,803,1193,1419,9,988,640,193,9,179,211,Default,
272626,95,94,93,988,1182,1211,8,1348,1511,1708,10,857,1012,1065,9,846,948,960,9,1111,1331,1193,8,726,1480,1834,2062,9,1230,679,1836,2074,2249,9,1424,863,1253,1520,9,1120,702,230,9,215,260,Default,
272642,67,65,66,869,1032,1062,9,1212,1372,1546,8,787,932,973,10,805,901,910,9,1082,1311,1169,9,754,1492,1882,2136,10,1315,751,1851,2126,2359,8,1552,952,1356,1676,8,1261,795,273,11,255,310,Default,
272658,44,40,41,781,907,943,9,1123,1272,1434,10,717,859,897,9,781,876,882,9,1069,1302,1156,10,775,1515,1945,2217,9,1401,826,1875,2193,2468,10,1667,1048,1451,1816,10,1374,895,344,9,325,400,Default,
272674,40,37,35,722,816,858,8,1031,1149,1268,8,691,819,848,8,783,871,874,9,1113,1346,1200,9,832,1597,2062,2338,9,1529,917,1959,2318,2629,9,1838,1160,1585,1991,9,1546,1011,426,8,398,493,Default,
272690,39,37,36,671,753,787,8,999,1111,1230,9,676,804,825,9,822,927,920,9,1236,1471,1335,8,942,1739,2250,2539,10,1707,1070,2092,2519,2893,10,2072,1373,1782,2259,11,1795,1212,545,8,505,618,Default,
272706,30,27,28,559,642,666,9,931,1040,1144,8,644,762,775,8,886,990,971,8,1365,1609,1494,9,1067,1874,2475,2761,9,1940,1282,2234,2752,3186,9,2338,1629,2034,2598,8,2097,1470,737,8,686,825,Default,
272722,22,19,19,499,557,574,8,834,931,1008,9,603,704,716,10,920,1038,1011,10,1471,1728,1626,9,1179,2027,2682,2983,10,2162,1508,2396,2994,3296,12,2623,1934,2267,2921,9,2427,1770,1033,8,960,1111,Default,
272738,12,8,6,420,457,464,9,696,761,812,10,541,613,616,9,932,1048,1011,9,1532,1799,1707,8,1277,2181,2864,3186,9,2374,1786,2567,3200,3295,12,2929,2327,2493,3241,12,2760,2175,1475,7,1397,1610,Default,
272754,12,7,7,310,327,335,9,530,563,594,9,429,476,476,10,900,1007,970,11,1560,1826,1747,9,1343,2289,3007,3295,11,2538,1969,2696,3295,3296,12,3171,2637,2681,3296,12,3046,2544,1824,9,1743,2081,Default,
272770,12,8,6,223,232,236,9,388,400,414,10,315,339,340,10,854,957,926,10,1507,1739,1657,9,1316,2350,3069,3297,12,2669,2192,2785,3296,3296,12,3297,2959,2830,3297,12,3295,2932,2196,8,2128,2562,Default,
272786,13,7,7,195,201,203,11,348,349,359,10,260,275,273,9,684,762,729,9,1263,1429,1359,9,1145,2325,3030,3295,10,2699,2306,2807,3297,3297,12,3297,3296,2935,3298,12,3295,3295,2544,10,2537,3077,Default,
272802,16,8,6,175,179,182,9,274,269,276,11,195,203,199,11,472,518,498,10,942,1060,1019,9,899,2222,2860,3223,10,2591,2298,2735,3296,3296,12,3298,3297,2941,3297,12,3296,3298,2843,9,2881,3296,Default,
272818,13,7,6,137,150,153,11,221,215,219,9,147,152,149,11,322,344,338,9,678,807,732,12,681,2055,2628,2848,12,2317,2129,2611,3297,3297,12,3297,3298,2953,3298,19,3295,3298,3080,9,3126,3297,Default,
272834,19,8,7,124,124,125,9,174,167,169,10,130,134,130,11,181,186,188,11,439,538,476,8,470,1782,2248,2320,9,1881,1832,2374,3291,3296,12,3297,3297,2835,3297,12,3297,3296,3295,8,3291,3297,Default,
272850,16,8,6,113,115,116,10,134,127,127,11,136,140,140,10,91,87,87,10,390,466,443,10,434,1630,1984,2008,9,1616,1625,2229,3211,3296,12,3297,3297,2747,3298,16,3297,3297,3297,9,3295,3297,Default,
272866,15,7,6,113,116,115,9,95,88,90,9,114,116,116,10,22,16,16,8,258,294,283,10,270,1480,1749,1745,9,1426,1449,1968,2864,3297,12,3296,3295,2506,3297,11,3297,3297,3295,8,3295,3297,Default,
272882,14,8,7,116,119,118,9,103,99,100,10,78,77,77,10,13,7,6,5,213,248,241,10,236,1251,1538,1502,8,1264,1323,1542,2516,3296,11,3136,3295,2170,3297,11,3296,3297,3128,9,3291,3299,Default,
272898,18,8,7,111,116,116,9,97,94,95,11,66,65,64,9,27,22,21,8,219,259,260,10,248,1058,1366,1333,9,1133,1164,1202,2068,2677,10,2599,2495,1696,2954,9,3273,3126,2680,8,3110,3297,Default,
272914,14,8,6,110,113,117,10,91,90,92,10,47,41,43,8,37,32,32,8,244,302,306,9,278,906,1131,1184,9,969,1015,1023,1678,2225,9,2148,2080,1222,2084,8,2387,2098,2158,9,2623,3295,Default,
272930,15,7,7,100,103,107,11,95,93,100,11,37,32,30,8,40,33,33,8,223,294,289,10,252,717,947,1003,8,758,820,782,1285,1688,8,1590,1534,708,1043,10,1219,1054,1476,9,1890,2543,Default,
272946,13,7,6,91,93,99,10,93,95,106,10,20,16,16,8,31,25,24,8,188,271,255,11,206,514,722,675,8,484,532,584,850,973,8,852,830,371,530,8,626,494,861,8,1082,1389,Default,
272962,14,8,6,72,78,84,9,74,77,93,9,16,8,7,6,25,20,20,8,124,207,194,10,139,267,365,297,9,234,248,312,306,378,10,459,380,161,220,9,336,212,350,8,483,509,Default,
272978,13,8,7,49,66,62,10,49,57,75,10,20,13,11,8,15,10,7,6,57,95,111,10,62,116,167,116,9,98,99,124,176,103,8,211,132,62,41,8,74,53,46,9,81,72,Default,
272994,10,9,7,46,106,101,8,95,83,128,10,34,57,48,9,16,10,6,6,22,37,27,8,31,39,53,51,9,24,34,45,60,70,8,37,35,38,24,9,16,29,13,7,6,8,Default,
273010,11,8,7,49,111,111,8,107,93,142,9,37,61,59,9,16,10,8,6,37,53,70,9,45,38,42,45,9,21,35,42,54,70,9,34,29,32,18,8,12,22,11,6,7,8,Default,
273026,11,8,6,44,108,102,8,97,89,122,10,38,65,64,9,16,10,8,6,35,55,70,9,48,33,34,28,8,17,34,36,48,53,9,31,26,29,14,8,11,16,10,6,7,9,Default,
273042,11,8,6,37,72,72,8,91,78,109,8,36,59,65,9,16,10,8,6,36,51,78,9,51,32,31,24,9,17,31,35,41,49,9,32,25,27,14,7,9,15,9,6,6,10,Default,
273058,10,8,6,37,75,73,8,93,82,111,9,37,65,70,9,18,10,8,6,37,49,74,9,49,33,34,28,8,18,30,32,37,41,9,25,20,28,15,8,9,16,10,6,6,9,Default,
273074,11,8,6,42,89,88,9,94,82,118,9,39,66,72,9,20,12,10,7,39,48,68,9,54,33,34,29,8,20,29,29,35,40,9,26,20,27,13,7,10,14,10,6,6,10,Default,
273090,11,8,6,44,94,100,9,97,86,120,9,40,70,75,10,16,9,7,6,34,46,69,9,53,33,36,32,9,22,29,27,29,33,8,18,17,24,14,7,10,14,10,6,7,9,Default,
273106,11,8,6,45,99,106,8,102,88,122,9,40,70,77,9,18,11,8,7,37,48,73,9,53,33,38,33,8,27,28,29,29,32,9,19,18,25,13,7,10,13,9,5,7,9,Default,
273122,10,8,7,46,104,111,9,107,87,122,10,42,74,80,9,19,12,9,6,40,51,74,8,53,35,37,33,8,28,31,26,28,30,8,17,16,28,12,8,10,13,10,6,6,9,Default,
273138,11,8,7,49,107,109,8,111,92,122,9,45,77,84,10,24,14,13,8,43,53,77,11,53,38,39,34,9,29,26,29,29,31,8,17,14,27,13,7,10,12,9,6,7,9,Default,
273154,10,7,6,50,107,111,9,112,89,120,9,46,78,85,9,25,16,14,8,45,51,75,8,52,37,37,33,8,29,26,28,25,27,8,16,12,24,12,6,10,14,9,6,6,9,Default,
273170,10,8,6,52,109,109,8,119,90,120,10,48,80,87,9,28,17,16,8,44,51,72,8,53,39,39,35,9,29,26,24,19,18,8,12,12,24,13,6,9,12,11,6,7,9,Default,
273186,11,6,6,53,111,109,8,124,91,122,9,47,87,90,9,26,16,14,8,45,49,70,8,51,40,38,37,8,29,24,24,18,17,7,12,10,23,12,6,9,13,9,6,7,8,Default,
273202,11,8,6,51,107,104,8,124,91,123,9,51,92,92,9,29,17,17,8,45,49,69,9,45,43,43,39,8,30,24,26,19,16,8,12,10,24,14,7,10,13,10,6,6,9,Default,
273218,12,8,7,51,103,99,8,124,91,120,10,53,92,95,10,29,18,16,8,45,53,72,8,48,44,51,44,9,32,25,28,20,17,8,12,12,24,13,7,10,14,9,6,6,9,Default,
273234,11,8,7,48,97,95,9,123,92,119,10,52,96,97,9,32,20,17,8,45,55,70,9,48,41,52,45,9,33,24,28,21,20,8,13,14,24,13,7,9,15,9,6,6,9,Default,
273250,11,8,6,48,99,95,8,126,96,117,9,53,100,99,9,33,21,19,8,46,61,74,9,47,42,58,46,8,31,24,27,23,20,8,14,15,25,12,7,8,15,9,7,8,9,Default,
273266,11,7,6,45,88,91,10,118,86,111,9,53,99,102,9,33,22,20,8,47,62,74,9,48,41,57,46,8,32,24,27,23,21,8,14,16,24,12,8,10,13,10,6,6,10,Default,
273282,10,8,7,43,83,86,9,116,87,107,9,52,100,103,9,33,20,20,9,45,66,79,9,45,41,59,46,9,30,26,27,23,22,8,14,16,25,12,8,9,15,9,7,6,8,Default,
273298,12,8,6,43,83,81,8,119,89,106,9,53,103,104,9,37,24,22,8,48,71,84,10,41,43,66,51,9,30,25,29,29,26,8,16,19,29,13,7,10,15,9,6,6,9,Default,
273314,11,8,7,42,84,83,10,115,86,103,9,53,103,104,9,37,24,21,8,48,73,83,9,42,45,71,54,9,31,28,29,29,28,8,16,20,26,12,7,10,14,9,6,6,10,Default,
273330,11,8,6,45,83,80,9,125,91,111,10,58,103,107,10,45,28,27,8,52,72,82,10,36,58,85,65,9,30,32,35,31,30,8,16,23,26,12,8,9,14,10,6,6,9,Default,
273346,12,8,6,49,88,85,8,137,95,116,9,62,104,109,9,46,29,29,8,58,81,91,9,37,73,96,78,9,31,34,37,32,31,9,16,24,25,12,8,9,15,11,6,7,9,Default,
273362,11,8,7,48,87,86,9,139,96,116,9,64,107,112,10,46,31,29,8,58,83,91,9,42,66,88,70,9,32,36,35,32,30,8,16,22,26,12,8,9,12,10,6,7,8,Default,
273378,11,8,6,47,93,90,8,136,94,114,9,58,108,112,9,45,29,27,8,52,76,85,9,40,48,74,55,9,29,29,32,29,26,8,16,19,24,12,7,9,12,10,6,7,8,Default,
273394,258,296,265,263,524,525,9,452,497,654,9,151,208,204,9,37,27,27,8,56,49,47,9,38,58,52,49,8,27,22,30,16,16,7,11,11,20,12,7,9,12,10,6,6,8,Default,
273410,903,1012,1056,1181,1712,1769,10,1267,1360,1510,10,312,362,364,9,31,24,23,8,40,31,28,8,56,78,70,66,8,46,30,20,15,14,7,10,9,19,11,7,9,12,10,6,6,8,Default,
273426,1578,1659,1735,1895,2632,2748,9,1976,2164,2325,9,497,564,576,8,66,61,62,9,65,55,53,8,72,132,120,120,9,53,31,39,33,33,8,19,14,19,12,7,9,12,9,6,7,8,Default,
273442,1952,2026,2086,2617,3292,3295,9,2748,2963,3184,11,1011,1164,1200,9,143,135,135,10,38,29,25,8,66,163,155,153,9,51,19,118,107,106,10,32,17,22,11,7,9,12,11,6,6,9,Default,
273458,1877,1893,1931,2909,3296,3297,13,3163,3296,3296,11,1484,1705,1716,9,245,238,231,10,47,36,33,8,56,209,203,198,9,41,17,243,230,228,10,36,16,20,10,7,8,11,10,6,6,10,Default,
273474,1461,1487,1525,3121,3297,3298,9,3296,3297,3297,12,1840,2116,2141,10,964,1018,1004,9,728,754,700,11,145,898,975,945,9,122,51,552,512,501,10,107,49,56,45,8,31,33,30,8,21,19,Default,
273490,1285,1296,1341,3286,3297,3297,10,3296,3297,3298,12,2044,2327,2325,9,1347,1420,1413,9,1463,1561,1464,9,352,1566,1724,1728,9,380,148,1150,1083,1050,9,306,165,235,236,10,157,110,54,8,47,38,Default,
273506,1223,1222,1261,3297,3298,3297,10,3297,3297,3296,13,2166,2437,2429,9,1558,1645,1649,9,1779,1887,1812,8,519,1889,2082,2097,9,630,281,1659,1607,1583,9,589,320,549,566,9,362,230,95,8,85,79,Default,
273522,1199,1187,1222,3297,3295,3297,10,3297,3297,3299,16,2230,2466,2459,9,1660,1746,1739,8,1981,2073,1989,11,613,2037,2231,2231,9,762,344,1940,1894,1882,9,746,389,774,809,10,486,298,83,9,78,70,Default,
273538,1150,1136,1166,3297,3297,3297,10,3297,3297,3298,12,2254,2494,2486,9,1703,1790,1780,10,2074,2166,2079,9,654,2146,2342,2352,9,829,375,2131,2105,2075,10,826,427,893,940,9,543,333,84,9,77,74,Default,
273554,1056,1040,1066,3296,3297,3296,9,3297,3297,3296,13,2238,2486,2479,9,1709,1807,1794,9,2151,2250,2165,8,727,2222,2441,2457,9,921,418,2273,2270,2247,11,941,473,1051,1111,10,640,377,86,8,78,79,Default,
273570,894,880,901,3293,3296,3295,10,3296,3297,3297,12,2139,2400,2397,9,1673,1779,1764,10,2152,2275,2193,9,787,2254,2491,2526,10,1013,489,2389,2412,2405,10,1053,567,1207,1285,9,748,449,122,9,110,116,Default,
273586,684,684,700,3084,3296,3296,10,3296,3297,3298,12,1985,2249,2255,9,1586,1703,1680,9,2060,2222,2135,11,825,2207,2466,2522,9,1086,562,2436,2496,2514,9,1145,652,1316,1423,9,840,526,161,9,146,156,Default,
273602,514,519,530,2738,3295,3297,11,3105,3296,3297,11,1778,2025,2034,9,1483,1600,1571,9,1942,2110,2009,10,826,2106,2387,2461,9,1128,614,2419,2515,2551,8,1210,722,1371,1497,9,898,584,219,10,190,207,Default,
273618,398,397,407,2357,2818,2936,9,2718,2986,3084,10,1561,1791,1803,9,1357,1462,1438,9,1770,1954,1832,10,812,1972,2246,2341,9,1142,637,2347,2460,2517,12,1244,768,1391,1539,9,935,621,289,9,248,266,Default,
273634,291,291,295,1889,2183,2271,9,2214,2334,2494,9,1369,1557,1587,9,1253,1339,1318,8,1608,1789,1647,8,799,1832,2105,2226,9,1153,661,2272,2383,2477,9,1293,811,1405,1592,8,986,662,375,8,310,331,Default,
273650,192,190,189,1384,1666,1704,8,1819,1943,2136,9,1138,1308,1337,9,1155,1237,1224,10,1484,1674,1519,8,803,1719,2023,2162,10,1186,696,2172,2332,2477,9,1370,874,1444,1683,11,1086,721,432,8,356,379,Default,
273666,121,120,120,1102,1292,1330,8,1519,1628,1846,9,959,1086,1127,8,1065,1140,1140,9,1386,1570,1409,8,807,1660,1974,2151,8,1229,744,2101,2279,2512,8,1463,941,1496,1804,8,1199,792,493,9,406,431,Default,
273682,67,65,66,908,1028,1076,8,1325,1413,1600,9,828,936,966,9,972,1044,1041,9,1311,1491,1322,10,813,1633,1968,2156,9,1274,802,2069,2273,2562,9,1561,1025,1548,1915,9,1316,879,549,8,448,483,Default,
273698,52,48,49,775,857,899,8,1173,1234,1402,9,709,803,829,9,898,950,947,11,1243,1418,1253,8,817,1631,1977,2173,9,1322,850,2064,2285,2625,10,1682,1098,1604,2023,9,1429,959,626,8,507,557,Default,
273714,37,34,34,693,760,800,9,1066,1139,1283,9,643,734,754,8,833,887,883,9,1205,1384,1234,9,835,1647,2021,2235,9,1401,924,2081,2322,2727,9,1805,1210,1670,2144,9,1558,1063,706,8,569,636,Default,
273730,29,25,25,551,630,655,8,982,1065,1189,9,618,709,727,9,822,879,867,8,1225,1398,1253,9,877,1690,2114,2322,9,1494,1007,2120,2467,2869,10,1940,1328,1790,2296,11,1695,1189,786,8,643,723,Default,
273746,24,21,20,518,580,605,10,928,994,1105,10,578,657,674,10,829,897,876,9,1291,1469,1338,9,956,1789,2247,2470,8,1639,1120,2217,2611,3052,12,2120,1475,1934,2487,10,1891,1330,887,9,729,837,Default,
273762,17,12,12,497,551,572,9,852,912,998,9,566,634,647,10,887,965,936,9,1367,1558,1428,9,1033,1897,2403,2615,9,1783,1255,2334,2775,3251,10,2297,1662,2072,2692,9,2085,1517,1031,8,857,978,Default,
273778,12,8,7,458,505,522,8,756,816,876,9,538,608,613,9,905,989,957,9,1438,1645,1525,9,1112,2000,2569,2793,10,1936,1391,2432,2955,3295,12,2487,1851,2235,2903,11,2289,1703,1228,9,1033,1174,Default,
273794,12,8,7,390,423,432,10,669,718,755,9,488,546,546,9,913,1002,960,9,1498,1718,1602,10,1187,2118,2715,2957,9,2105,1550,2554,3108,3297,12,2706,2073,2371,3100,10,2512,1919,1429,9,1241,1401,Default,
273810,12,7,6,337,360,368,9,592,628,660,9,435,478,476,9,934,1032,980,9,1566,1797,1680,10,1264,2231,2855,3117,9,2265,1692,2672,3256,3297,12,2899,2280,2528,3289,11,2717,2123,1612,9,1427,1650,Default,
273826,12,7,6,272,285,290,9,480,497,522,10,381,413,412,10,941,1043,994,10,1617,1848,1731,9,1326,2342,2984,3291,11,2436,1887,2802,3295,3296,12,3120,2554,2673,3296,11,2953,2392,1890,8,1702,1988,Default,
273842,10,8,7,222,228,230,13,422,427,442,12,344,368,367,12,883,970,920,11,1600,1803,1686,9,1323,2425,3076,3298,13,2551,2029,2915,3296,3296,9,3286,2808,2806,3297,12,3183,2711,2155,9,1952,2340,Default,
273858,14,7,6,193,198,201,10,353,350,360,10,278,294,294,10,800,878,831,9,1492,1658,1552,9,1261,2451,3102,3297,12,2616,2182,2962,3297,3296,12,3296,3076,2911,3297,12,3295,3015,2400,8,2245,2699,Default,
273874,11,7,5,174,177,179,9,287,281,287,10,226,236,232,8,620,674,641,9,1201,1305,1235,8,1056,2360,3018,3297,11,2593,2205,2906,3296,3297,10,3296,3295,2973,3297,9,3296,3295,2673,9,2553,3073,Default,
273890,16,7,6,155,157,157,11,236,228,231,11,181,186,182,9,437,464,445,10,924,1034,968,9,863,2255,2831,3082,8,2441,2177,2814,3297,3297,12,3297,3296,2989,3297,12,3297,3296,2922,11,2843,3297,Default,
273906,12,7,6,130,131,132,10,190,182,185,10,140,147,146,9,284,295,290,10,672,792,721,10,667,2053,2611,2736,9,2145,2015,2620,3297,3298,12,3297,3297,2958,3299,12,3297,3298,3074,8,3014,3295,Default,
273922,15,7,7,111,111,111,9,153,144,145,11,152,157,155,10,151,151,152,10,476,574,528,10,500,1864,2325,2334,10,1810,1797,2495,3296,3296,12,3297,3296,2900,3296,12,3297,3296,3202,8,3161,3297,Default,
273938,17,7,6,115,116,116,10,112,106,105,9,139,143,141,9,32,29,28,8,389,455,439,9,410,1715,2082,2076,8,1602,1639,2335,3264,3297,12,3296,3296,2759,3296,12,3297,3295,3295,10,3226,3297,Default,
273954,16,8,6,117,119,119,9,107,104,106,10,120,120,119,10,17,10,9,6,244,277,264,10,255,1591,1878,1861,9,1480,1538,2111,2984,3294,12,3295,3297,2561,3297,12,3296,3297,3294,8,3266,3297,Default,
273970,14,7,6,109,110,110,9,101,97,98,10,87,87,88,9,16,8,6,6,228,262,252,10,247,1381,1741,1683,9,1363,1357,1724,2654,3297,11,3085,3283,2280,3298,11,3297,3297,3156,9,3237,3295,Default,
273986,16,8,7,113,116,118,9,97,95,95,10,73,72,70,10,23,16,14,8,217,255,250,9,240,1210,1597,1543,9,1235,1267,1348,2246,2960,9,2557,2472,1836,3107,10,3173,2910,2788,10,3030,3296,Default,
274002,16,7,7,112,116,118,9,100,99,103,10,48,44,43,9,21,16,14,8,252,312,305,10,283,1087,1463,1433,8,1100,1153,1165,1913,2525,12,2118,2097,1373,2346,9,2458,2106,2394,8,2665,3295,Default,
274018,13,7,6,103,108,110,9,103,105,112,10,37,32,29,8,35,29,29,8,233,317,306,12,269,911,1225,1278,9,887,973,974,1573,2021,10,1578,1633,907,1337,10,1440,1225,1768,8,1962,2601,Default,
274034,12,7,7,93,95,99,9,103,104,115,10,36,33,31,8,27,21,20,8,206,287,270,8,223,659,965,952,9,626,683,699,1111,1409,9,1048,1022,493,709,9,816,626,1164,7,1310,1658,Default,
274050,15,8,7,78,81,87,9,91,93,111,9,16,9,8,6,23,16,16,8,162,244,232,10,178,415,584,509,9,372,386,459,660,692,9,638,545,274,368,9,480,314,621,8,733,750,Default,
274066,16,8,7,56,62,65,8,61,66,85,9,16,8,7,6,22,16,16,8,90,153,149,10,104,180,261,196,9,165,151,215,298,254,9,375,211,111,117,9,176,100,176,8,253,236,Default,
274082,10,8,7,44,67,61,9,60,60,80,10,35,55,36,8,18,10,7,6,38,62,60,9,32,77,99,85,9,43,70,82,99,68,9,70,91,34,16,8,16,24,19,8,24,16,Default,
274098,12,8,7,49,123,116,9,104,98,143,9,37,66,60,9,16,9,7,6,35,57,64,10,41,38,54,48,9,21,44,38,54,64,10,29,29,35,21,8,13,27,12,7,7,9,Default,
274114,11,8,6,46,107,106,9,109,89,124,8,38,67,64,8,14,9,6,6,36,52,67,9,45,33,38,33,8,19,30,37,46,54,8,32,22,29,15,8,10,17,8,6,6,9,Default,
274130,11,8,7,41,87,87,8,103,78,103,10,40,64,70,9,16,9,7,6,37,55,81,9,49,31,31,23,8,16,28,33,41,49,9,31,21,28,14,7,10,15,9,6,7,9,Default,
274146,11,8,7,37,74,77,9,93,70,100,9,36,67,72,9,13,9,7,6,35,49,78,9,45,29,30,22,8,16,24,27,32,35,8,22,19,24,12,7,9,13,8,6,6,9,Default,
274162,11,8,7,41,85,89,9,98,78,104,9,40,69,76,9,20,12,10,7,38,51,74,9,55,30,30,23,8,17,25,28,32,34,8,24,21,25,13,8,9,14,10,6,6,9,Default,
274178,12,8,7,46,97,97,8,104,83,110,9,42,74,78,9,19,11,8,6,37,48,67,8,53,32,33,25,8,17,26,27,29,30,9,18,18,25,14,7,9,15,9,6,7,9,Default,
274194,11,8,6,46,103,104,9,110,86,116,9,41,72,78,9,18,10,8,6,36,46,65,9,51,33,36,31,8,26,27,26,26,26,8,16,16,24,13,7,10,14,9,6,6,9,Default,
274210,11,8,6,48,103,106,8,117,86,120,10,43,74,82,9,20,12,11,7,40,49,70,9,53,35,35,30,8,27,27,25,25,26,8,16,16,24,13,8,10,14,9,6,6,9,Default,
274226,11,8,6,49,103,107,10,119,82,120,10,46,75,86,9,21,13,12,8,43,49,74,9,58,36,34,29,8,29,29,24,24,25,8,16,13,24,12,7,10,13,9,6,7,9,Default,
274242,12,8,7,50,107,111,9,121,87,121,9,47,79,87,9,25,15,14,8,45,51,75,9,55,36,34,29,8,28,25,22,19,19,8,13,12,24,13,8,9,13,10,6,7,9,Default,
274258,11,8,6,51,109,109,8,125,90,122,10,49,82,89,9,26,16,16,8,45,51,72,9,54,35,34,32,8,31,24,23,17,16,8,12,11,23,12,8,9,14,9,6,7,9,Default,
274274,9,8,7,52,108,111,10,129,87,123,9,51,88,92,9,27,17,16,8,45,52,72,9,53,38,37,33,8,29,24,24,17,16,7,12,10,24,13,7,10,12,9,6,6,10,Default,
274290,10,8,6,51,103,104,8,129,88,123,9,51,91,95,10,29,16,16,8,45,53,74,9,51,39,41,37,9,32,24,24,18,16,8,12,10,25,12,8,9,13,9,6,6,9,Default,
274306,11,8,6,49,96,95,9,128,91,119,9,51,92,95,9,30,17,16,8,45,53,74,9,51,43,52,45,9,33,25,25,18,16,8,11,11,24,12,8,9,13,10,6,6,9,Default,
274322,11,8,6,47,95,95,10,124,84,111,10,51,94,98,10,30,18,17,8,46,55,76,9,51,41,52,45,8,33,26,27,20,18,8,13,14,25,12,8,10,15,9,7,6,10,Default,
274338,11,8,6,47,95,95,8,128,87,113,9,52,97,100,9,33,20,19,8,45,55,71,9,48,41,58,45,9,33,25,26,23,20,8,14,16,24,12,7,10,14,9,7,7,9,Default,
274354,10,8,6,46,91,91,9,128,86,110,9,53,99,102,9,33,21,20,8,47,62,75,8,46,41,61,49,9,33,29,27,24,21,8,14,16,23,12,6,9,13,10,6,7,8,Default,
274370,11,8,7,45,82,85,9,125,84,104,9,54,100,103,9,34,22,20,8,47,66,79,8,47,41,58,46,8,32,25,27,24,21,8,15,15,25,12,7,9,13,9,5,6,9,Default,
274386,9,7,6,41,70,78,9,121,73,99,8,51,99,103,8,34,21,20,8,48,67,83,10,44,38,59,45,8,30,25,26,25,24,8,15,17,22,12,7,9,14,9,6,6,9,Default,
274402,11,8,6,39,70,74,8,118,80,99,9,52,99,101,10,34,20,20,8,46,68,84,9,43,40,62,46,9,30,26,28,28,25,8,16,20,25,12,8,9,13,9,6,7,8,Default,
274418,11,8,6,41,69,74,9,121,78,99,9,55,101,103,9,42,26,24,9,52,72,87,9,39,51,77,58,8,30,32,33,29,27,8,16,20,25,12,7,10,13,10,6,6,9,Default,
274434,11,8,6,44,70,70,8,138,87,103,9,60,103,104,9,41,26,24,8,57,84,94,9,37,74,97,78,9,32,32,36,30,28,8,16,24,26,13,7,9,14,12,7,7,9,Default,
274450,10,8,6,47,76,74,8,145,94,109,9,62,107,108,9,46,30,29,8,62,95,102,9,39,79,104,84,9,34,32,37,32,33,8,17,24,25,13,7,9,15,11,6,7,9,Default,
274466,11,7,6,45,76,76,9,142,91,106,9,59,104,106,9,44,27,25,8,54,82,91,8,42,58,82,64,9,31,31,33,29,30,8,16,19,26,12,7,10,14,11,6,7,9,Default,
274482,103,120,111,154,311,318,8,298,273,402,9,113,171,171,10,41,28,25,9,57,56,58,9,39,73,70,62,9,33,27,33,16,15,8,11,14,22,11,7,8,12,10,6,6,9,Default,
274498,573,678,700,783,1196,1194,8,883,998,1173,9,237,307,306,11,21,16,14,8,31,25,22,8,46,62,56,53,9,41,29,26,16,15,7,12,12,18,12,8,10,14,10,5,6,9,Default,
274514,1141,1209,1301,1366,2007,2147,9,1427,1608,1799,9,354,407,422,10,30,24,23,8,36,27,25,8,61,107,97,95,9,55,30,26,19,18,8,12,12,19,12,8,10,12,12,6,6,9,Default,
274530,1582,1675,1738,2010,2808,2984,10,2172,2470,2733,10,672,781,822,9,63,57,55,9,37,27,25,8,61,132,124,120,9,58,30,92,83,82,10,29,19,19,10,6,8,10,9,7,6,8,Default,
274546,1560,1707,1749,2400,3197,3295,9,2707,3004,3258,12,1201,1414,1448,8,145,138,136,12,30,20,19,8,42,186,178,173,9,44,19,214,201,200,10,32,16,22,10,6,8,12,10,6,6,9,Default,
274562,1457,1499,1528,2599,3296,3297,13,2973,3296,3295,11,1575,1864,1905,9,646,692,689,9,471,488,452,11,119,749,806,783,9,98,51,518,489,480,9,85,46,40,29,8,20,31,20,7,12,16,Default,
274578,1284,1326,1358,2697,3296,3297,10,3028,3297,3297,12,1669,1984,2013,9,898,964,963,9,953,1027,956,9,228,1235,1388,1384,9,238,116,794,762,746,9,198,124,170,169,10,107,79,26,7,19,16,Default,
274594,1090,1120,1144,2775,3296,3297,11,3117,3297,3297,10,1799,2088,2117,8,1189,1264,1252,9,1454,1575,1466,9,443,1741,1967,1987,8,561,245,1272,1235,1207,8,474,283,344,355,9,244,174,27,8,24,19,Default,
274610,1003,1024,1043,2915,3296,3297,13,3285,3297,3297,11,1926,2207,2241,8,1438,1539,1533,9,1932,2064,1977,9,679,2097,2374,2417,8,912,395,1761,1754,1737,9,804,455,578,603,9,432,303,49,8,45,41,Default,
274626,994,1006,1024,3265,3297,3297,11,3297,3297,3297,12,2056,2305,2346,8,1586,1699,1701,9,2155,2264,2223,10,869,2350,2632,2681,9,1164,589,2109,2124,2124,8,1063,648,828,874,8,617,446,90,10,85,82,Default,
274642,965,974,995,3250,3297,3297,10,3295,3297,3296,12,2072,2343,2386,9,1602,1732,1736,10,2241,2361,2330,9,1006,2451,2769,2825,10,1335,704,2276,2326,2339,9,1244,770,986,1054,10,766,542,98,9,92,90,Default,
274658,873,877,897,3137,3297,3297,13,3295,3297,3295,12,2035,2312,2364,9,1578,1721,1732,10,2240,2384,2361,9,1099,2504,2844,2907,10,1456,818,2424,2504,2540,12,1405,887,1148,1239,12,918,646,135,9,127,135,Default,
274674,708,718,736,2897,3297,3297,10,3179,3296,3298,11,1920,2207,2273,9,1522,1679,1695,9,2212,2387,2378,10,1193,2497,2895,2972,9,1592,964,2516,2649,2732,9,1574,1042,1330,1459,9,1087,785,207,9,194,216,Default,
274690,529,535,540,2561,3186,3293,9,2869,3293,3296,12,1741,2027,2100,9,1434,1596,1617,9,2121,2340,2344,11,1274,2416,2860,2972,12,1738,1119,2533,2745,2877,10,1749,1222,1483,1650,10,1293,941,304,9,285,331,Default,
274706,380,383,392,2165,2703,2814,11,2480,2889,3061,10,1536,1806,1884,10,1310,1467,1494,10,1972,2220,2222,9,1279,2294,2761,2896,9,1801,1234,2491,2765,2928,10,1855,1361,1567,1774,9,1422,1068,406,9,377,439,Default,
274722,267,269,272,1738,2111,2182,9,2083,2375,2553,9,1346,1587,1667,9,1177,1328,1361,11,1800,2047,2041,10,1231,2136,2591,2760,9,1822,1285,2396,2683,2895,10,1916,1455,1605,1865,11,1512,1150,506,9,465,542,Default,
274738,169,168,168,1145,1533,1578,9,1715,2020,2221,10,1124,1361,1442,9,1040,1192,1233,9,1590,1857,1851,9,1165,1909,2412,2617,9,1815,1300,2188,2565,2833,10,1953,1504,1596,1913,11,1572,1196,612,9,557,653,Default,
274754,103,103,103,946,1223,1261,9,1459,1712,1915,9,976,1189,1250,8,932,1072,1110,9,1438,1679,1659,8,1082,1767,2238,2481,9,1792,1295,2064,2436,2752,9,1967,1532,1575,1942,9,1629,1240,677,10,617,731,Default,
274770,67,65,66,809,1019,1057,8,1258,1473,1664,9,828,1013,1066,9,816,949,991,9,1268,1509,1485,9,1006,1641,2101,2370,9,1782,1301,1948,2323,2690,12,1992,1575,1571,1978,9,1690,1290,744,8,678,801,Default,
274786,50,48,46,655,819,860,8,1086,1277,1463,9,690,855,899,9,717,849,894,10,1077,1320,1290,9,916,1520,2009,2306,9,1767,1285,1803,2229,2649,10,2023,1588,1569,2035,9,1761,1327,787,8,721,849,Default,
274802,36,34,33,573,707,739,9,973,1146,1306,9,638,795,829,9,679,807,844,9,994,1256,1213,8,885,1470,1979,2287,9,1787,1313,1759,2227,2688,10,2112,1646,1607,2115,9,1865,1397,849,9,791,930,Default,
274818,27,24,24,518,628,655,8,869,1019,1160,10,592,738,766,8,642,772,802,9,970,1241,1174,9,889,1451,1970,2290,10,1811,1346,1751,2211,2735,10,2203,1722,1654,2213,10,1978,1481,919,8,865,1009,Default,
274834,23,20,20,468,552,577,9,779,914,1029,9,528,668,679,8,621,754,779,9,951,1219,1139,8,885,1451,1991,2311,10,1850,1373,1756,2252,2815,8,2296,1782,1726,2329,8,2107,1572,1006,8,952,1103,Default,
274850,13,8,8,426,494,510,8,696,807,894,9,503,622,630,9,628,758,777,10,965,1239,1162,8,920,1499,2060,2367,10,1910,1419,1811,2341,2931,10,2406,1874,1815,2462,9,2239,1672,1104,8,1057,1219,Default,
274866,12,7,6,389,442,456,9,635,725,795,9,484,590,599,8,642,775,784,9,1029,1314,1239,9,992,1578,2172,2472,9,2026,1517,1900,2462,3092,11,2549,2019,1936,2628,11,2397,1821,1243,8,1204,1401,Default,
274882,11,8,7,356,396,409,8,589,658,708,9,460,550,553,10,676,805,812,8,1111,1392,1330,9,1068,1691,2307,2613,9,2157,1639,2029,2607,3261,10,2711,2192,2080,2804,10,2577,2002,1426,8,1392,1646,Default,
274898,12,8,7,306,329,339,10,528,583,620,10,429,503,504,8,697,828,825,11,1206,1487,1430,9,1165,1813,2470,2772,9,2309,1802,2161,2800,3296,15,2902,2415,2227,3005,12,2782,2226,1624,9,1607,1936,Default,
274914,12,7,7,252,266,272,9,460,490,515,11,385,438,435,10,736,860,852,9,1269,1546,1500,9,1231,1934,2606,2926,9,2464,1960,2302,2947,3296,12,3085,2644,2371,3226,12,2997,2495,1828,8,1843,2226,Default,
274930,12,7,7,214,222,225,10,413,428,447,11,347,381,384,9,745,860,853,9,1315,1586,1532,9,1266,2068,2753,3104,9,2636,2164,2447,3128,3296,12,3287,2935,2546,3297,12,3239,2794,2066,9,2117,2551,Default,
274946,12,7,6,198,203,204,11,365,371,385,9,309,335,337,9,740,852,837,11,1220,1451,1382,8,1169,2152,2836,3190,9,2748,2321,2551,3242,3296,12,3297,3224,2684,3297,12,3296,3103,2315,10,2395,2924,Default,
274962,13,7,7,174,179,180,9,308,310,321,10,260,278,276,10,637,729,706,9,1004,1169,1102,9,965,2104,2782,3141,10,2720,2367,2541,3273,3296,11,3296,3296,2744,3297,12,3295,3296,2539,8,2647,3234,Default,
274978,13,8,7,154,157,157,10,244,240,246,11,209,219,217,10,514,580,567,10,816,949,904,9,813,2029,2661,3002,10,2607,2321,2502,3273,3295,12,3297,3295,2780,3297,12,3297,3298,2751,8,2890,3296,Default,
274994,16,7,7,144,148,149,10,193,188,188,11,171,178,176,10,382,422,412,11,650,774,721,9,671,1910,2504,2806,10,2416,2200,2412,3234,3297,12,3297,3297,2773,3296,12,3297,3297,2939,8,3083,3297,Default,
275010,13,7,6,126,128,129,9,153,148,150,11,140,145,144,11,243,260,255,10,427,521,468,10,449,1703,2234,2463,9,2117,1968,2221,3067,3295,16,3297,3296,2687,3297,12,3298,3295,3039,8,3214,3297,Default,
275026,14,8,7,104,103,104,9,132,128,128,11,110,111,108,10,161,165,166,10,277,328,292,11,290,1489,1866,1952,9,1654,1605,2091,2860,3296,12,3296,3295,2512,3296,11,3296,3297,3074,8,3281,3295,Default,
275042,14,7,6,103,103,103,10,95,91,91,8,117,121,118,10,120,116,120,10,232,265,252,11,246,1310,1542,1576,9,1319,1356,1867,2671,3297,12,3295,3297,2328,3295,12,3297,3296,3070,10,3291,3297,Default,
275058,14,7,6,100,103,103,9,89,82,83,10,105,107,106,10,45,38,38,9,240,275,277,12,264,1148,1310,1379,9,1171,1173,1543,2346,3295,11,3149,3296,2056,3296,12,3296,3296,2963,8,3276,3296,Default,
275074,12,8,6,91,92,94,10,91,87,88,9,84,84,85,8,14,12,11,6,163,189,183,12,178,924,1086,1158,8,1009,1017,1110,1848,2702,10,2787,2971,1617,3001,11,3294,3295,2690,11,3157,3297,Default,
275090,14,8,7,91,93,95,10,85,80,84,10,62,59,58,8,25,18,17,8,174,204,211,10,204,717,861,959,8,846,864,865,1397,2049,11,2295,2392,1154,2274,9,2845,2931,2200,10,2893,3297,Default,
275106,15,8,6,82,88,91,9,78,76,82,9,41,38,38,8,29,20,20,8,170,225,242,10,223,582,710,791,8,697,733,702,1072,1564,8,1864,1754,810,1520,8,1898,1941,1716,8,2393,3295,Default,
275122,14,8,6,75,83,87,9,84,82,93,10,38,33,33,8,38,32,29,8,157,215,235,10,207,406,585,646,9,552,580,585,589,1117,9,1442,1289,397,756,9,945,872,1166,8,1813,2568,Default,
275138,17,8,6,71,82,87,8,73,72,86,10,35,26,25,8,35,25,24,8,132,201,215,9,178,281,428,439,9,353,373,420,579,714,9,821,703,280,433,9,497,427,730,7,1055,1434,Default,
275154,16,8,6,62,70,72,9,64,64,78,9,29,22,20,8,24,13,12,8,110,163,196,9,140,199,240,216,10,194,195,261,323,359,9,510,336,150,195,9,274,180,347,8,468,519,Default,
275170,13,8,7,48,66,59,9,58,59,82,9,25,24,20,8,16,9,7,6,58,94,137,9,64,92,114,82,9,74,81,120,130,87,9,141,99,55,43,9,64,51,54,8,88,79,Default,
275186,10,8,6,48,116,104,9,99,87,124,9,38,67,60,9,16,12,10,7,34,58,53,8,49,38,53,41,9,24,37,40,57,61,9,37,33,36,21,8,15,22,12,6,8,8,Default,
275202,11,8,7,45,105,95,8,111,87,109,9,41,77,70,9,17,12,9,7,39,59,75,9,57,33,41,33,8,19,28,34,45,49,8,30,22,27,12,7,9,10,10,6,7,8,Default,
275218,11,8,6,43,108,95,9,101,87,105,9,39,72,68,9,16,11,8,6,35,58,73,9,58,28,31,21,8,16,24,32,43,45,9,28,23,27,12,7,8,12,10,6,6,9,Default,
275234,12,8,6,41,90,79,10,103,78,99,9,38,68,67,8,19,12,9,7,38,50,76,9,60,27,29,22,8,17,25,29,37,39,8,25,20,26,13,6,10,13,9,6,6,9,Default,
275250,11,8,6,41,95,80,9,101,82,101,9,39,70,69,8,20,13,12,7,39,47,72,10,58,33,32,24,8,19,28,29,33,36,9,25,19,29,14,7,10,16,9,6,7,10,Default,
275266,11,8,6,45,103,91,8,109,82,106,9,41,72,71,9,23,14,12,8,41,46,69,9,56,34,34,25,8,19,28,28,31,33,8,20,15,27,14,7,10,15,10,6,6,10,Default,
275282,10,8,6,46,107,94,9,111,85,111,9,45,73,75,10,24,16,14,8,41,47,68,8,56,34,33,27,8,20,29,27,29,32,8,18,14,26,13,7,9,13,9,6,6,9,Default,
275298,11,8,6,48,110,100,9,117,87,114,9,45,75,76,9,26,16,15,8,41,46,66,8,59,36,36,30,9,24,32,29,29,32,8,19,16,26,13,7,9,13,10,6,7,9,Default,
275314,11,8,6,49,105,99,9,120,87,116,9,44,78,79,9,24,16,14,8,43,47,68,9,59,38,38,33,8,24,31,29,29,32,8,18,15,24,12,7,9,13,8,6,6,9,Default,
275330,11,8,6,51,108,103,9,124,90,116,10,46,79,78,9,27,17,16,8,41,48,68,9,60,37,36,33,8,25,28,28,28,29,8,16,15,25,12,7,9,12,10,6,6,9,Default,
275346,10,8,6,51,111,104,9,124,87,116,8,44,81,80,10,26,17,17,8,44,49,72,9,59,37,35,32,8,25,26,27,26,27,8,16,13,26,12,7,9,13,8,6,6,9,Default,
275362,11,7,6,51,112,105,8,129,90,117,9,48,83,84,9,27,17,16,8,44,51,72,10,58,37,35,33,9,26,24,27,24,25,8,16,16,27,13,8,9,14,9,5,6,10,Default,
275378,12,7,6,53,110,103,9,129,87,120,9,49,86,86,10,28,19,18,8,45,51,72,9,58,39,37,34,8,27,24,23,19,19,8,12,11,24,13,7,9,14,10,6,5,9,Default,
275394,11,8,7,53,113,103,9,131,91,120,10,49,90,87,10,28,19,17,8,45,51,70,9,55,41,41,37,8,28,23,25,18,14,8,11,11,24,13,7,10,14,9,6,6,10,Default,
275410,11,8,6,52,110,99,9,136,91,119,9,51,91,88,9,30,19,17,8,45,49,70,8,54,43,47,41,8,29,20,26,16,13,7,11,9,25,14,8,9,16,10,5,6,9,Default,
275426,11,8,6,51,107,98,9,138,91,120,9,53,95,95,8,35,23,21,8,49,59,77,8,54,41,49,41,8,28,22,26,19,17,8,12,14,24,12,7,9,14,10,6,7,10,Default,
275442,12,8,6,51,103,92,10,136,96,118,9,53,99,96,9,37,25,22,8,49,66,80,10,49,41,53,43,8,27,24,29,24,20,8,14,18,25,12,7,9,16,12,8,8,15,Default,
275458,11,8,7,51,103,93,9,132,95,116,10,54,100,102,9,39,24,23,8,48,62,77,9,48,39,53,44,8,28,27,29,29,26,8,16,22,25,12,8,9,15,14,8,10,17,Default,
275474,12,8,7,50,95,91,8,132,94,114,10,56,101,103,9,41,26,24,8,47,64,78,8,47,41,56,45,9,29,28,31,32,30,8,17,24,25,12,7,10,14,14,7,10,21,Default,
275490,10,8,7,49,93,90,9,127,94,112,9,53,101,103,10,39,26,25,8,48,69,81,9,48,39,56,44,8,28,27,30,32,29,8,17,20,27,13,7,9,15,16,8,11,24,Default,
275506,8,8,6,49,94,91,9,128,91,114,9,53,103,104,9,41,25,24,8,49,71,87,9,47,40,56,43,9,28,28,30,32,29,8,17,24,25,12,8,10,16,15,6,11,25,Default,
275522,12,8,7,49,95,89,10,125,96,114,10,54,102,103,10,40,25,23,8,51,74,86,8,49,40,52,41,9,28,29,29,29,27,8,16,23,26,12,7,10,16,16,8,10,24,Default,
275538,12,8,7,49,95,88,10,128,93,114,9,54,103,104,9,39,25,24,8,51,75,89,9,51,38,52,41,8,27,25,29,29,26,8,16,21,27,13,7,10,16,14,7,10,23,Default,
275554,10,8,7,48,91,87,9,126,89,113,9,54,103,104,8,40,25,24,8,52,71,87,9,45,41,58,45,8,27,27,29,28,25,8,16,20,23,12,6,10,17,12,7,9,18,Default,
275570,11,8,7,49,87,83,10,136,86,111,9,58,103,105,9,45,29,27,9,54,71,87,9,44,57,75,55,8,29,28,31,27,24,8,15,21,26,12,8,10,16,13,7,8,16,Default,
275586,11,7,7,51,87,82,8,142,87,111,9,59,103,105,8,47,29,28,8,55,70,85,10,41,61,79,59,8,29,29,36,29,29,8,16,25,24,12,7,9,17,12,7,9,14,Default,
275602,11,8,7,49,90,85,9,132,92,109,9,58,103,106,9,44,25,25,8,52,77,89,9,43,48,74,51,10,28,32,33,33,29,8,16,26,26,13,8,10,17,12,6,8,13,Default,
275618,10,8,6,45,91,83,9,131,91,109,10,56,103,103,9,37,24,23,8,50,71,85,9,45,43,57,42,8,27,26,29,27,24,8,16,20,25,12,7,9,15,9,6,6,9,Default,
275634,12,8,6,48,103,94,9,132,92,116,9,56,104,106,10,37,24,21,9,52,74,88,10,48,40,51,38,9,25,26,28,24,22,8,14,19,24,13,7,10,16,9,6,6,10,Default,
275650,49,48,43,115,230,226,9,237,190,297,9,91,139,142,10,39,26,27,9,60,66,67,8,42,59,60,49,9,29,28,30,17,13,7,11,14,25,12,7,10,14,9,6,6,10,Default,
275666,394,442,389,360,725,701,8,586,642,811,9,190,247,237,9,37,27,24,8,33,25,23,7,41,59,52,48,8,33,29,23,11,9,7,9,12,16,10,7,9,12,10,6,7,9,Default,
275682,679,786,757,626,1365,1425,8,916,1163,1319,9,286,362,364,9,37,29,29,8,34,26,24,8,51,79,72,70,9,45,29,22,11,9,7,8,8,19,12,7,10,12,10,6,6,9,Default,
275698,1055,1164,1173,1004,2105,2159,9,1441,1814,1923,9,447,551,560,9,68,62,59,9,36,28,26,8,61,127,114,111,9,60,31,51,42,41,9,20,16,23,11,7,9,11,10,6,6,8,Default,
275714,1326,1461,1491,1307,2649,2722,11,1859,2450,2620,9,742,963,986,9,113,103,104,11,41,28,25,8,56,165,153,150,8,50,26,134,125,124,11,33,19,20,10,7,8,11,10,6,6,9,Default,
275730,1272,1355,1368,1460,2952,3000,8,2556,2769,2962,10,1140,1348,1372,9,193,185,180,10,64,58,56,9,58,220,216,207,10,43,20,248,231,227,10,40,21,20,11,6,9,11,10,6,6,9,Default,
275746,984,1018,1032,2414,3191,3207,9,2797,3038,3218,12,1446,1716,1724,9,714,766,766,11,564,594,552,10,155,791,866,841,9,116,45,581,522,509,10,106,47,46,33,9,27,28,34,8,23,30,Default,
275762,799,840,858,2830,3295,3296,12,3042,3237,3297,12,1650,1891,1906,9,1092,1168,1176,10,1285,1383,1298,9,361,1382,1546,1566,9,386,131,998,916,900,10,300,131,183,182,11,132,83,90,10,67,144,Default,
275778,645,652,669,2759,3295,3297,10,3015,3237,3296,12,1693,1919,1933,9,1339,1442,1467,9,1677,1807,1757,9,565,1648,1849,1875,9,676,277,1500,1416,1411,9,628,310,441,458,10,323,199,185,9,159,267,Default,
275794,565,567,578,2719,3264,3295,10,2993,3200,3297,11,1719,1941,1952,8,1413,1522,1538,9,1888,2029,2010,8,752,1807,2052,2074,8,942,414,1867,1800,1816,9,928,456,841,883,8,580,344,266,9,240,390,Default,
275810,555,557,570,2744,3277,3296,9,3053,3269,3295,11,1770,1999,2008,9,1415,1527,1550,10,2031,2227,2186,8,931,2031,2280,2321,9,1181,561,2117,2068,2101,9,1184,613,1135,1208,11,802,482,343,8,318,518,Default,
275826,563,564,577,2790,3295,3297,12,3117,3295,3297,12,1786,2031,2030,8,1485,1597,1612,8,2185,2412,2352,10,1099,2199,2481,2508,9,1379,684,2283,2255,2284,8,1384,729,1347,1445,8,1008,590,402,9,378,613,Default,
275842,542,543,555,2795,3294,3297,10,3149,3297,3297,12,1815,2065,2069,9,1515,1629,1645,9,2288,2512,2458,9,1198,2293,2604,2640,9,1504,789,2395,2387,2433,11,1518,837,1482,1592,9,1146,692,456,8,428,691,Default,
275858,481,485,493,2740,3290,3297,10,3115,3296,3297,12,1794,2056,2066,9,1513,1633,1648,9,2315,2551,2511,8,1284,2343,2678,2734,10,1621,888,2458,2473,2537,9,1653,942,1593,1715,9,1283,800,515,9,491,758,Default,
275874,445,446,455,2665,3235,3270,10,3050,3295,3297,12,1760,2019,2035,9,1490,1620,1640,10,2310,2559,2526,9,1330,2348,2700,2773,9,1693,957,2487,2518,2600,10,1734,1021,1662,1795,9,1371,874,587,8,561,833,Default,
275890,400,399,406,2573,3143,3175,8,2945,3247,3297,12,1704,1962,1977,9,1444,1580,1600,10,2273,2538,2506,10,1346,2327,2693,2773,9,1722,1001,2481,2531,2615,9,1779,1070,1683,1823,9,1417,917,642,8,617,884,Default,
275906,348,345,350,2425,2988,3022,10,2798,3105,3295,11,1616,1869,1895,9,1392,1525,1549,9,2197,2471,2432,10,1322,2272,2651,2740,9,1722,1039,2445,2514,2607,12,1793,1117,1683,1831,9,1436,953,701,10,671,930,Default,
275922,301,301,306,2267,2815,2842,9,2642,2946,3154,10,1530,1772,1795,9,1329,1461,1486,10,2118,2391,2350,9,1283,2205,2589,2679,9,1704,1048,2390,2466,2562,9,1783,1136,1650,1802,8,1429,966,724,8,694,949,Default,
275938,265,264,267,2119,2637,2667,8,2483,2790,2993,10,1434,1670,1691,9,1251,1378,1408,9,2017,2289,2244,9,1238,2124,2511,2604,10,1676,1040,2323,2405,2506,10,1765,1138,1605,1757,8,1413,964,737,9,712,962,Default,
275954,239,238,240,1999,2497,2534,8,2370,2666,2864,10,1369,1600,1620,9,1183,1308,1343,9,1942,2210,2165,8,1198,2057,2435,2533,9,1645,1031,2261,2348,2448,9,1735,1132,1548,1707,9,1386,953,740,8,717,967,Default,
275970,230,228,229,1912,2394,2431,8,2296,2586,2785,9,1327,1550,1575,9,1140,1260,1297,10,1886,2151,2100,8,1156,2015,2389,2494,9,1610,1016,2213,2297,2397,10,1699,1125,1500,1651,11,1347,936,742,8,721,969,Default,
275986,227,225,228,1882,2344,2392,8,2266,2544,2739,12,1306,1524,1550,9,1119,1235,1273,10,1868,2126,2067,9,1125,2002,2371,2474,9,1583,1010,2184,2259,2357,9,1661,1112,1460,1612,9,1314,923,748,8,725,966,Default,
276002,213,212,214,1868,2321,2372,9,2263,2535,2723,9,1307,1526,1550,9,1132,1247,1285,10,1900,2175,2102,8,1134,2026,2396,2496,9,1579,1023,2197,2267,2359,9,1655,1119,1467,1616,9,1313,920,753,8,726,970,Default,
276018,212,212,215,1872,2310,2360,8,2271,2541,2724,9,1322,1538,1561,9,1159,1273,1310,8,1948,2226,2148,9,1147,2070,2437,2539,9,1579,1027,2218,2286,2373,10,1653,1120,1488,1635,10,1315,919,752,9,713,951,Default,
276034,219,218,219,1894,2328,2377,9,2305,2569,2752,8,1343,1559,1582,8,1202,1315,1351,8,2017,2302,2222,10,1171,2125,2486,2592,8,1582,1013,2250,2318,2402,8,1654,1101,1515,1663,8,1323,902,727,9,675,880,Default,
276050,228,226,228,1940,2371,2427,10,2354,2617,2807,12,1388,1610,1632,8,1256,1374,1408,9,2103,2396,2316,9,1220,2196,2566,2673,9,1615,1015,2305,2375,2469,11,1693,1090,1571,1723,9,1343,887,713,10,662,833,Default,
276066,236,236,236,1985,2416,2470,10,2408,2669,2864,9,1437,1659,1683,8,1323,1449,1480,9,2202,2493,2425,9,1293,2269,2649,2756,9,1671,1023,2377,2450,2562,9,1757,1100,1639,1812,8,1396,909,740,8,688,849,Default,
276082,243,243,246,2018,2445,2503,8,2450,2711,2913,9,1472,1702,1726,9,1383,1513,1540,9,2286,2579,2528,10,1376,2345,2739,2853,9,1756,1080,2449,2526,2660,10,1850,1161,1747,1945,10,1492,970,798,8,743,933,Default,
276098,227,225,227,2018,2448,2511,10,2454,2723,2929,10,1492,1728,1756,8,1426,1567,1593,9,2338,2643,2601,9,1464,2389,2802,2937,9,1857,1160,2507,2607,2768,9,1956,1238,1867,2094,10,1621,1052,872,9,824,1024,Default,
276114,208,208,209,1983,2410,2475,9,2437,2712,2924,11,1494,1737,1770,9,1453,1602,1623,10,2365,2682,2649,9,1530,2421,2852,2993,10,1950,1235,2572,2691,2867,10,2055,1318,1984,2231,11,1754,1144,937,8,892,1119,Default,
276130,196,194,197,1896,2281,2367,9,2377,2644,2853,10,1480,1722,1762,9,1472,1628,1649,9,2377,2702,2683,9,1612,2435,2876,3038,10,2053,1334,2618,2752,2960,10,2175,1428,2092,2380,11,1917,1258,1025,8,986,1229,Default,
276146,177,175,178,1771,2100,2192,8,2248,2462,2657,10,1445,1674,1724,9,1475,1633,1653,9,2371,2696,2685,8,1680,2435,2880,3066,9,2145,1432,2656,2807,3047,10,2289,1538,2174,2506,9,2059,1373,1118,9,1090,1368,Default,
276162,139,137,137,1623,1882,1992,8,2068,2205,2410,9,1391,1610,1670,9,1451,1616,1641,9,2345,2673,2678,10,1726,2421,2870,3082,9,2213,1517,2669,2835,3107,10,2378,1644,2220,2588,10,2159,1477,1203,8,1173,1481,Default,
276178,114,111,112,1500,1718,1821,8,1919,2049,2264,9,1340,1547,1613,9,1404,1579,1604,9,2314,2648,2662,11,1749,2399,2862,3089,10,2263,1583,2666,2844,3149,10,2442,1725,2253,2661,9,2228,1556,1261,8,1235,1583,Default,
276194,90,87,87,1360,1535,1621,10,1804,1923,2147,11,1259,1450,1521,8,1358,1531,1563,9,2275,2613,2634,9,1756,2378,2846,3089,10,2295,1633,2655,2848,3175,10,2489,1799,2269,2707,11,2288,1622,1312,9,1287,1654,Default,
276210,78,77,77,1075,1307,1362,9,1658,1780,1989,10,1165,1352,1417,9,1282,1458,1500,9,2188,2571,2591,9,1747,2300,2823,3078,10,2315,1663,2585,2839,3181,10,2514,1848,2281,2743,11,2327,1670,1358,8,1327,1706,Default,
276226,69,67,67,982,1164,1214,9,1558,1642,1834,9,1097,1262,1318,9,1236,1399,1442,9,2151,2528,2546,10,1738,2282,2799,3064,9,2337,1690,2578,2843,3198,10,2551,1889,2288,2775,11,2367,1708,1399,8,1370,1745,Default,
276242,55,53,51,895,1042,1082,10,1451,1540,1693,9,994,1135,1182,9,1173,1326,1373,9,2074,2459,2469,9,1701,2242,2768,3036,9,2335,1686,2549,2827,3196,10,2563,1903,2284,2792,10,2389,1724,1438,10,1405,1776,Default,
276258,46,43,43,793,913,943,8,1349,1430,1572,8,912,1035,1073,9,1094,1233,1289,9,1975,2345,2371,10,1654,2186,2704,2995,9,2321,1679,2502,2779,3182,10,2567,1912,2256,2796,9,2403,1732,1467,9,1432,1799,Default,
276274,30,27,26,711,807,844,8,1207,1287,1415,8,808,920,949,8,985,1115,1173,9,1787,2114,2147,10,1533,2085,2597,2910,9,2266,1634,2407,2692,3137,9,2537,1886,2198,2781,9,2387,1712,1473,8,1431,1790,Default,
276290,26,24,22,621,695,726,8,1077,1161,1293,9,687,791,815,9,896,1026,1071,10,1503,1793,1812,8,1324,1939,2443,2780,9,2169,1574,2267,2577,3045,12,2478,1852,2111,2719,9,2345,1675,1450,7,1408,1755,Default,
276306,17,10,10,534,599,624,9,942,1032,1156,10,598,704,721,8,773,907,932,9,1180,1480,1492,9,1092,1738,2262,2600,8,2038,1470,2056,2420,2901,9,2391,1778,1998,2621,8,2274,1614,1390,8,1354,1687,Default,
276322,13,8,7,439,501,526,8,802,885,986,9,498,595,609,10,662,788,813,11,1002,1307,1273,9,938,1532,2056,2371,9,1862,1339,1844,2227,2689,10,2258,1666,1836,2437,11,2154,1514,1276,9,1234,1540,Default,
276338,14,8,6,377,431,451,9,668,730,816,9,424,513,520,10,552,667,696,10,865,1110,1063,8,811,1326,1773,2078,9,1629,1156,1626,1929,2406,10,2096,1517,1608,2197,9,1994,1367,1131,8,1082,1345,Default,
276354,12,7,7,327,374,393,9,528,577,638,9,363,449,456,8,451,556,580,9,681,897,836,9,663,1148,1513,1818,9,1438,1021,1430,1675,2139,10,1955,1394,1426,2008,9,1860,1247,1011,8,963,1179,Default,
276370,11,7,7,290,335,352,9,444,489,543,11,318,399,406,10,371,467,486,10,499,700,640,10,536,980,1310,1589,9,1267,914,1259,1487,1940,9,1839,1304,1292,1879,9,1741,1153,928,8,874,1046,Default,
276386,13,7,7,266,319,337,11,386,434,484,9,276,358,362,10,309,398,417,10,327,467,406,10,366,798,1067,1292,8,1021,763,1080,1291,1731,9,1674,1202,1148,1745,8,1551,1034,852,9,783,935,Default,
276402,12,7,7,244,295,312,9,348,387,439,10,242,318,323,10,239,303,319,11,215,287,253,12,236,659,808,966,9,720,601,967,1099,1475,9,1399,1066,983,1554,9,1320,919,731,8,646,794,Default,
276418,12,8,6,213,260,279,9,293,322,365,9,202,265,266,10,169,203,212,11,160,201,185,12,180,514,587,675,9,505,451,852,903,1190,8,1164,904,816,1342,10,1123,797,613,8,526,661,Default,
276434,14,7,6,195,237,259,9,246,269,301,10,174,229,228,10,132,148,161,12,113,133,124,10,120,418,473,534,9,406,360,743,723,931,8,938,734,656,1126,9,954,652,493,8,417,530,Default,
276450,16,7,6,179,225,248,9,224,233,261,10,140,182,180,10,99,110,121,10,83,95,88,10,83,328,368,410,10,301,284,601,552,677,9,692,594,505,854,10,715,528,380,9,309,416,Default,
276466,17,8,6,157,208,226,9,219,215,235,10,116,154,147,10,81,86,98,9,80,88,85,10,83,275,310,351,10,240,208,490,423,442,9,450,335,386,601,9,474,319,253,9,192,270,Default,
276482,17,8,6,147,206,215,10,204,199,216,11,106,148,136,10,67,67,81,10,78,82,82,8,78,237,270,302,10,172,138,385,323,295,9,282,178,273,368,8,255,156,119,9,87,128,Default,
276498,16,8,8,138,207,220,9,203,188,219,10,102,150,137,10,57,55,66,9,90,97,103,10,90,211,238,260,10,119,80,295,211,186,9,155,84,148,203,9,126,69,25,7,14,12,Default,
276514,14,8,6,120,194,199,9,184,179,218,9,90,143,132,11,40,33,34,8,84,91,107,9,64,164,185,223,10,62,55,194,143,124,10,58,56,70,72,8,39,47,12,7,7,6,Default,
276530,13,8,7,94,175,180,10,151,154,190,10,74,133,117,9,33,26,27,8,63,70,87,9,52,105,123,176,9,45,43,107,79,77,10,39,37,41,24,8,14,33,12,6,7,8,Default,
276546,11,8,6,58,143,154,8,109,114,153,9,52,128,111,9,19,14,13,8,42,58,74,9,52,35,38,33,8,27,19,33,41,44,8,33,13,33,14,6,10,19,8,6,6,10,Default,
276562,12,8,6,56,151,153,8,117,120,140,11,52,124,111,9,18,10,8,7,40,53,66,9,53,31,33,26,8,23,15,30,35,34,9,25,14,30,12,8,9,12,10,6,6,8,Default,
276578,12,8,7,62,158,158,10,123,127,159,9,54,126,115,9,18,12,9,6,37,46,52,9,58,31,32,24,8,22,16,29,29,28,8,20,13,26,12,7,8,10,10,6,6,8,Default,
276594,12,8,7,65,162,155,8,130,132,161,9,57,126,113,9,21,12,11,7,22,19,14,8,57,25,30,22,8,27,14,28,28,24,8,16,16,24,11,7,9,11,11,6,6,10,Default,
276610,12,8,7,68,169,159,9,137,135,169,10,59,128,116,11,19,11,11,7,23,20,17,8,61,24,29,20,8,30,14,25,22,16,8,14,9,24,9,8,8,8,11,6,8,8,Default,
276626,12,8,6,68,169,159,8,139,135,170,10,60,127,117,9,20,12,10,7,25,23,16,8,63,27,29,20,8,29,13,26,24,20,8,16,14,23,10,7,8,9,11,6,6,9,Default,
276642,12,8,6,68,170,157,9,138,138,174,9,60,127,119,9,21,12,10,7,25,21,17,8,65,29,33,25,8,33,12,27,22,19,8,15,14,24,10,6,8,8,10,6,7,8,Default,
276658,12,8,6,68,168,149,9,143,136,172,9,60,127,120,10,20,12,11,7,25,23,17,8,63,29,33,26,8,36,14,26,19,15,8,14,14,20,8,7,8,9,11,6,6,9,Default,
276674,12,8,7,68,161,147,8,146,132,169,9,61,127,118,9,20,12,11,7,25,22,17,8,61,30,33,28,8,34,16,26,19,16,8,13,13,21,10,6,8,9,11,6,6,8,Default,
276690,12,8,6,62,143,139,8,139,123,155,9,58,124,115,9,21,12,11,7,23,22,17,8,61,29,34,29,9,37,17,25,20,16,8,14,12,22,11,7,9,9,12,7,6,8,Default,
276706,12,8,6,53,132,111,8,118,108,149,11,52,116,103,9,20,11,10,7,22,21,17,8,55,28,34,27,8,33,16,25,23,19,8,14,11,24,11,7,9,10,10,5,6,8,Default,
276722,104,132,129,157,358,366,9,262,350,468,9,103,174,169,10,36,26,26,8,62,62,65,8,97,62,64,66,9,39,35,43,32,30,8,19,37,23,12,7,9,14,11,6,7,10,Default,
276738,135,173,165,214,485,502,8,332,508,630,9,151,253,269,10,70,68,67,9,125,157,215,10,95,126,160,164,10,66,71,114,109,111,10,59,153,32,20,8,16,21,13,6,8,8,Default,
276754,161,199,188,265,567,580,9,414,634,738,8,198,328,352,8,86,83,85,10,149,193,246,9,78,181,238,238,10,70,94,159,169,171,9,75,163,33,26,8,24,28,20,8,12,13,Default,
276770,184,221,210,309,644,657,9,488,733,834,9,242,391,422,9,116,124,126,10,171,232,276,9,84,222,300,303,10,85,101,198,206,212,10,116,131,46,37,8,37,37,26,8,16,18,Default,
276786,185,217,209,330,662,667,9,533,756,862,8,261,410,431,8,146,167,171,10,174,230,267,11,80,273,375,398,9,100,125,243,219,242,9,169,176,71,68,8,69,70,64,9,42,59,Default,
276802,170,197,190,335,642,634,8,549,744,825,8,268,414,431,9,166,194,198,10,180,239,269,10,104,307,426,462,9,132,147,278,248,283,9,252,237,98,101,10,109,101,96,10,68,93,Default,
276818,144,161,159,325,593,580,8,542,716,786,9,265,399,410,10,169,196,203,11,195,267,302,8,126,331,463,506,9,156,174,321,287,345,9,294,262,123,128,11,138,121,129,8,87,125,Default,
276834,120,130,128,310,542,524,9,522,659,715,9,248,364,372,10,161,186,190,11,199,273,308,9,141,348,480,526,9,176,206,359,319,402,10,330,352,137,149,10,159,143,172,8,117,169,Default,
276850,98,103,105,310,525,518,8,518,634,699,9,250,364,373,10,165,189,195,10,206,289,323,10,154,374,516,573,9,198,232,393,345,456,9,364,386,159,179,9,185,164,194,9,136,194,Default,
276866,99,103,104,323,543,544,10,534,658,734,9,259,381,388,10,176,203,210,10,224,319,344,10,172,397,554,616,9,217,248,427,385,530,8,391,410,194,224,9,220,200,227,10,156,227,Default,
276882,110,116,117,352,603,597,8,581,735,798,9,287,416,427,8,192,225,231,10,229,324,339,10,183,426,601,659,9,238,275,479,559,654,9,418,442,232,264,12,245,227,263,9,177,257,Default,
276898,136,147,148,395,691,680,8,657,832,893,8,330,477,494,9,218,259,263,9,240,333,343,10,194,462,656,706,9,260,302,537,641,728,9,443,483,257,292,10,261,248,298,10,194,286,Default,
276914,173,189,186,447,790,793,9,748,947,1006,8,382,556,582,8,246,301,306,10,243,328,327,10,203,499,707,758,8,292,320,575,700,782,9,479,499,281,315,10,283,264,319,10,211,301,Default,
276930,196,213,209,493,869,891,8,823,1038,1111,10,426,614,652,9,273,340,349,10,232,308,295,10,198,532,750,809,8,322,334,608,737,825,10,505,517,295,331,10,298,277,335,9,223,310,Default,
276946,219,241,239,529,940,971,8,880,1120,1204,10,464,667,713,9,302,381,397,10,219,286,268,11,200,557,786,851,9,364,348,634,775,869,9,540,527,309,346,11,306,287,349,9,237,322,Default,
276962,249,276,271,563,1003,1045,9,932,1189,1276,9,499,715,759,10,323,410,427,9,230,295,276,9,209,583,815,881,9,399,368,661,812,902,10,566,556,323,360,9,320,299,355,8,244,327,Default,
276978,261,289,281,586,1049,1099,8,960,1240,1331,9,518,750,794,9,346,438,457,9,232,298,279,10,207,598,834,901,9,415,375,671,826,917,9,583,570,328,365,11,327,305,357,9,247,328,Default,
276994,274,305,295,604,1097,1144,8,985,1292,1379,8,534,779,824,8,356,455,473,9,235,302,280,9,208,609,853,917,9,421,381,680,840,926,8,584,581,329,364,8,327,307,356,9,244,327,Default,
277010,293,326,319,622,1127,1177,9,1019,1326,1420,9,557,805,849,9,369,470,492,9,239,308,286,9,211,623,869,934,9,425,381,690,843,925,9,586,583,326,359,10,323,302,356,8,241,326,Default,
277026,303,339,330,637,1155,1209,9,1043,1361,1454,8,576,830,876,8,377,480,503,9,247,317,294,10,214,634,880,944,8,421,381,688,837,916,8,582,583,317,348,9,316,296,352,9,240,323,Default,
277042,318,356,344,653,1187,1239,8,1067,1397,1486,10,586,842,889,9,386,493,514,9,250,323,299,10,215,644,892,955,9,419,382,695,838,916,9,578,585,317,348,10,313,294,349,9,237,319,Default,
277058,332,372,360,669,1216,1272,9,1091,1426,1517,9,598,854,904,8,393,497,518,9,255,326,302,10,213,655,907,967,8,417,385,705,846,924,8,579,590,319,348,10,314,296,353,12,236,320,Default,
277074,344,385,374,684,1243,1301,9,1110,1456,1546,9,609,866,916,9,400,505,526,9,264,336,311,9,217,666,920,978,9,422,385,716,851,929,9,579,591,320,348,10,313,293,352,8,237,319,Default,
277090,356,398,386,698,1274,1341,8,1132,1493,1583,9,626,892,946,9,403,516,534,10,271,345,319,10,219,673,930,987,8,420,384,718,850,928,9,577,588,317,344,10,310,290,353,9,236,317,Default,
277106,369,413,398,722,1318,1387,8,1164,1535,1632,9,646,915,971,9,414,526,545,9,277,352,327,9,221,687,942,1000,9,426,385,728,859,935,10,582,588,317,344,10,310,288,352,8,236,315,Default,
277122,381,427,412,738,1354,1427,9,1184,1569,1667,11,660,932,990,9,423,539,560,9,281,356,331,10,224,693,952,1011,8,431,388,734,869,944,8,588,593,319,344,10,310,288,357,9,240,318,Default,
277138,391,436,422,755,1384,1465,8,1206,1596,1698,9,678,953,1010,9,430,547,567,9,285,360,334,11,226,702,960,1018,9,433,388,742,875,953,9,588,591,319,345,10,312,287,360,8,239,318,Default,
277154,396,439,426,768,1409,1489,8,1222,1623,1719,9,686,967,1024,9,438,557,576,9,288,364,338,9,228,708,965,1023,9,433,391,753,887,965,9,592,596,322,346,12,312,288,364,8,240,320,Default,
277170,401,446,432,776,1426,1512,8,1233,1641,1741,9,692,973,1031,9,442,564,582,9,291,368,344,10,230,712,969,1030,9,439,393,758,894,971,9,592,597,323,348,10,314,290,364,9,239,318,Default,
277186,407,454,439,789,1454,1537,8,1251,1667,1765,9,702,984,1042,9,451,573,593,9,300,379,353,9,234,721,978,1039,8,441,394,761,897,973,8,594,598,323,348,10,313,289,362,9,239,316,Default,
277202,418,464,451,800,1468,1553,9,1263,1684,1780,10,710,990,1049,9,454,577,596,9,308,386,358,10,236,727,986,1044,9,443,395,765,899,974,9,594,597,323,348,10,313,289,362,11,239,317,Default,
277218,422,469,455,806,1480,1563,8,1275,1694,1791,9,717,997,1055,8,459,580,600,10,313,395,366,11,241,734,993,1053,9,448,397,778,912,988,10,603,598,328,353,10,317,290,364,10,240,319,Default,
277234,420,467,452,808,1480,1563,9,1277,1695,1794,8,720,1001,1058,10,457,580,596,8,313,393,364,9,241,737,1000,1061,9,456,398,786,925,1007,9,615,598,333,360,8,323,295,365,9,244,319,Default,
277250,417,464,450,810,1476,1558,9,1282,1695,1795,8,723,1003,1059,8,457,579,594,9,320,402,373,10,248,742,1007,1068,8,460,401,797,941,1022,9,619,594,339,366,11,327,298,374,9,249,321,Default,
277266,416,461,447,811,1476,1557,9,1284,1698,1798,9,723,1004,1060,8,459,583,596,9,323,407,377,9,248,746,1010,1073,8,465,402,801,949,1032,8,625,593,348,377,8,334,303,380,10,252,326,Default,
277282,417,464,448,815,1482,1562,9,1290,1706,1805,9,729,1012,1065,9,464,588,605,11,324,410,378,11,250,751,1019,1082,9,468,403,809,961,1042,9,629,597,352,381,11,336,307,381,8,252,327,Default,
277298,420,467,451,818,1492,1571,8,1297,1716,1812,9,734,1019,1073,9,469,597,610,9,326,414,381,8,252,754,1023,1086,9,472,406,814,970,1052,9,630,600,357,387,10,339,310,385,8,255,332,Default,
277314,422,470,454,825,1500,1579,9,1302,1723,1823,9,741,1027,1082,9,473,602,616,11,330,419,388,10,256,762,1035,1098,9,479,409,822,979,1065,9,637,601,360,389,11,342,312,388,8,258,334,Default,
277330,420,466,451,825,1500,1579,8,1305,1726,1827,9,742,1031,1086,8,475,606,621,9,331,420,388,10,257,762,1037,1105,9,489,408,831,997,1090,9,646,594,371,403,9,352,317,393,9,262,340,Default,
277346,416,460,447,827,1493,1573,9,1310,1727,1828,10,746,1033,1088,8,481,610,625,9,338,427,394,9,262,766,1046,1112,8,505,416,841,1018,1115,9,659,601,382,416,9,359,327,396,10,265,343,Default,
277362,415,460,447,829,1493,1572,8,1314,1729,1830,10,748,1035,1090,10,489,618,634,9,340,430,398,11,265,774,1049,1117,9,514,418,851,1032,1132,9,663,605,389,427,11,363,333,398,10,267,347,Default,
277378,415,461,447,829,1495,1572,8,1316,1735,1834,9,751,1040,1095,9,492,622,638,9,346,439,406,9,271,782,1066,1132,9,531,427,860,1048,1148,8,682,615,395,433,10,367,339,402,9,273,350,Default,
277394,418,462,447,833,1500,1575,9,1323,1741,1840,10,755,1045,1098,8,498,633,648,11,352,447,414,10,277,788,1077,1142,8,548,435,866,1061,1165,9,698,627,402,439,10,374,348,406,11,275,353,Default,
277410,417,463,448,838,1504,1579,8,1330,1749,1847,10,761,1051,1104,8,509,646,659,9,359,459,423,10,281,797,1090,1154,8,559,439,878,1076,1180,10,708,638,406,443,10,381,353,407,8,280,358,Default,
277426,413,458,443,836,1493,1564,8,1331,1749,1845,9,763,1053,1105,8,517,659,671,10,362,462,425,13,286,808,1105,1173,8,576,445,891,1097,1204,12,721,646,410,451,12,389,353,414,8,286,362,Default,
277442,411,452,440,837,1480,1551,9,1337,1749,1846,9,769,1053,1107,9,528,665,675,9,367,468,431,9,294,820,1123,1192,8,599,455,909,1119,1234,9,750,651,430,477,10,405,364,420,9,292,367,Default,
277458,408,448,435,836,1471,1539,8,1340,1746,1844,9,773,1055,1107,9,537,674,684,10,374,477,439,11,297,828,1135,1202,9,611,464,923,1136,1256,9,758,663,443,493,11,414,373,431,8,298,375,Default,
277474,399,438,425,834,1462,1525,9,1339,1740,1840,9,771,1053,1105,8,537,675,682,8,380,484,444,8,302,839,1149,1221,8,630,479,934,1156,1281,8,777,678,460,515,9,427,389,437,9,305,381,Default,
277490,397,435,425,837,1460,1522,9,1343,1741,1842,9,775,1055,1107,9,550,689,696,9,385,494,452,8,309,853,1168,1241,9,645,487,947,1175,1302,9,791,682,471,528,9,435,395,444,8,310,388,Default,
277506,398,436,425,840,1463,1525,8,1347,1747,1848,9,775,1058,1111,8,552,696,702,9,396,505,464,9,315,862,1181,1256,8,660,495,956,1187,1318,8,811,695,479,539,9,441,402,451,9,315,393,Default,
277522,394,433,422,842,1463,1525,8,1351,1752,1854,9,782,1065,1118,9,555,704,707,9,405,520,475,10,321,870,1197,1268,9,668,505,969,1207,1342,9,815,707,488,549,9,448,410,459,10,320,404,Default,
277538,386,422,412,845,1453,1512,10,1358,1752,1857,10,787,1065,1119,8,566,714,716,9,418,534,486,10,330,892,1218,1293,8,688,522,994,1234,1375,10,832,720,512,580,11,468,427,471,10,328,414,Default,
277554,381,416,406,848,1438,1495,8,1363,1749,1851,9,793,1067,1121,9,570,717,717,10,434,548,500,10,339,911,1239,1314,9,711,534,1032,1269,1419,9,852,734,534,607,10,492,447,489,9,341,429,Default,
277570,375,410,401,847,1427,1480,8,1359,1744,1844,10,794,1066,1119,9,578,721,725,10,450,569,518,10,354,926,1267,1338,9,747,559,1054,1305,1461,9,891,763,564,644,11,527,473,502,8,354,445,Default,
277586,371,405,397,850,1416,1467,8,1368,1741,1836,9,799,1067,1120,9,587,725,727,9,464,588,532,8,366,948,1295,1368,9,770,584,1077,1333,1494,9,916,791,584,669,10,559,494,523,8,368,463,Default,
277602,367,400,392,852,1411,1461,8,1373,1742,1837,9,803,1066,1119,9,601,742,742,10,478,605,547,10,374,965,1318,1395,9,786,601,1094,1355,1521,9,938,814,598,685,9,572,505,535,8,379,477,Default,
277618,362,392,385,856,1404,1450,9,1381,1741,1835,9,807,1068,1121,9,619,761,758,10,496,623,562,9,387,987,1342,1420,9,809,618,1115,1380,1550,8,964,832,616,708,10,597,523,551,9,390,491,Default,
277634,355,382,376,855,1395,1435,8,1384,1735,1829,11,811,1067,1119,8,626,764,763,11,509,639,575,8,394,1006,1372,1450,9,828,638,1134,1411,1586,9,983,858,638,735,9,619,544,567,8,402,510,Default,
277650,337,365,358,855,1378,1417,9,1384,1721,1818,9,812,1067,1119,9,638,770,766,9,522,656,590,9,406,1022,1388,1467,9,854,644,1156,1434,1612,9,1015,862,656,760,9,642,556,583,8,412,522,Default,
277666,319,346,339,848,1356,1394,8,1373,1702,1802,9,810,1060,1112,9,635,769,764,9,533,671,602,9,417,1033,1405,1488,9,873,659,1169,1457,1647,11,1044,882,675,787,9,666,571,599,8,427,538,Default,
277682,310,335,329,837,1333,1368,9,1363,1684,1785,8,807,1052,1103,9,634,769,762,9,547,688,615,9,427,1039,1413,1498,8,895,675,1178,1472,1670,8,1061,907,694,815,9,685,588,613,10,435,550,Default,
277698,302,326,320,833,1318,1350,8,1362,1674,1773,9,801,1044,1092,9,638,769,763,9,552,698,622,11,434,1048,1425,1507,9,915,687,1188,1484,1683,10,1080,924,705,832,9,698,603,620,8,443,562,Default,
277714,296,319,313,828,1306,1340,9,1356,1665,1765,9,797,1037,1085,8,637,771,764,8,555,704,628,9,438,1049,1432,1513,8,925,696,1193,1493,1695,8,1094,938,712,839,8,707,610,628,9,449,571,Default,
277730,290,314,309,827,1301,1336,9,1355,1661,1760,11,793,1032,1079,9,639,776,769,10,555,707,630,9,442,1049,1438,1520,8,935,707,1195,1502,1703,9,1105,949,721,849,10,717,618,634,9,455,578,Default,
277746,290,312,309,825,1300,1333,9,1355,1661,1761,8,793,1032,1078,9,642,778,771,9,559,710,633,10,444,1055,1441,1526,9,942,711,1198,1504,1708,10,1115,955,725,857,9,724,626,639,8,459,581,Default,
277762,292,313,309,828,1301,1335,8,1356,1660,1762,9,794,1032,1077,9,646,782,775,9,562,715,637,9,447,1061,1446,1531,8,949,715,1205,1507,1715,9,1126,964,730,861,9,730,631,642,8,461,582,Default,
277778,293,312,310,830,1304,1339,8,1355,1660,1763,10,795,1034,1079,9,646,783,777,10,563,717,638,8,451,1063,1451,1537,9,957,724,1207,1513,1720,10,1133,977,735,866,9,735,637,645,8,464,585,Default,
277794,295,316,312,831,1308,1342,9,1359,1666,1768,10,797,1036,1082,9,650,787,781,10,565,719,640,11,453,1065,1452,1538,9,960,724,1208,1515,1718,9,1136,977,734,866,10,737,637,641,9,462,584,Default,
277810,299,322,317,836,1316,1349,8,1365,1673,1776,11,800,1039,1086,9,652,790,784,9,568,722,644,11,454,1068,1456,1539,9,956,724,1210,1516,1715,9,1131,977,728,856,8,728,633,640,9,460,581,Default,
277826,305,327,323,843,1327,1363,8,1376,1684,1786,10,804,1046,1092,9,656,795,788,9,569,724,644,9,452,1072,1459,1542,8,948,724,1210,1516,1711,10,1120,975,721,845,10,718,629,638,8,456,577,Default,
277842,310,335,331,849,1343,1376,8,1383,1696,1798,9,809,1053,1097,9,662,800,794,9,572,726,647,10,451,1075,1465,1546,9,949,722,1214,1519,1712,11,1119,974,718,841,9,713,628,634,8,453,574,Default,
277858,315,340,335,855,1351,1385,9,1391,1708,1807,9,816,1058,1104,8,667,806,800,9,575,731,650,8,452,1079,1471,1550,9,949,721,1221,1522,1716,9,1118,973,717,838,9,711,624,637,8,454,575,Default,
277874,320,344,339,858,1357,1391,9,1395,1712,1814,9,819,1063,1110,8,670,810,803,9,579,733,653,9,456,1082,1474,1554,8,949,725,1223,1523,1718,9,1119,974,719,840,9,713,626,638,10,455,576,Default,
277890,325,349,344,863,1364,1398,8,1401,1719,1819,9,822,1066,1113,9,671,812,804,9,580,735,655,9,455,1086,1476,1557,9,946,723,1227,1524,1716,9,1115,974,718,839,9,709,623,634,8,452,574,Default,
277906,334,357,352,868,1373,1408,8,1409,1728,1828,9,826,1069,1117,8,674,813,808,9,580,734,655,9,453,1089,1478,1556,9,944,721,1227,1522,1712,11,1109,971,714,832,9,704,620,633,8,450,569,Default,
277922,343,368,364,875,1386,1420,10,1419,1741,1836,10,830,1075,1122,10,676,817,808,9,580,733,654,8,451,1090,1477,1554,9,934,717,1227,1519,1703,11,1098,961,706,821,10,696,613,624,8,443,563,Default,
277938,353,380,374,881,1398,1433,8,1428,1753,1848,11,836,1080,1127,9,678,819,811,9,582,735,655,9,450,1094,1480,1556,9,933,716,1227,1519,1699,9,1094,959,702,813,10,692,610,617,9,439,556,Default,
277954,360,385,378,886,1404,1439,9,1434,1762,1855,8,838,1086,1132,8,681,823,815,9,584,736,657,10,451,1096,1483,1559,8,934,716,1230,1522,1701,9,1094,958,703,814,8,691,609,617,9,440,557,Default,
277970,363,388,382,889,1411,1446,8,1438,1769,1861,10,842,1088,1135,9,684,825,816,9,585,740,659,8,453,1099,1487,1562,9,936,719,1233,1525,1704,9,1097,960,705,816,9,693,610,617,8,439,557,Default,
277986,365,393,386,893,1417,1452,9,1445,1776,1869,9,845,1092,1138,8,688,829,821,9,586,741,660,10,451,1103,1488,1564,9,936,718,1235,1528,1707,9,1097,960,704,816,9,692,608,618,9,439,556,Default,
278002,370,397,389,897,1426,1461,8,1451,1787,1877,10,849,1096,1143,9,690,831,825,10,589,743,663,10,453,1104,1489,1565,9,936,717,1238,1529,1704,9,1093,959,701,810,9,689,605,615,8,438,552,Default,
278018,376,403,397,903,1438,1475,9,1460,1800,1890,9,854,1102,1150,8,696,837,829,9,592,746,663,9,454,1107,1492,1565,8,932,715,1237,1525,1699,9,1088,953,693,799,9,684,598,613,10,435,550,Default,
278034,384,411,404,914,1451,1490,8,1476,1818,1907,9,863,1111,1159,9,701,841,833,8,593,747,667,10,453,1112,1496,1569,9,933,713,1242,1528,1699,9,1087,951,692,797,10,681,597,613,8,435,550,Default,
278050,388,415,408,920,1463,1501,8,1484,1828,1918,9,867,1116,1164,8,703,844,836,8,598,753,671,9,456,1117,1500,1572,9,935,714,1247,1533,1704,9,1090,950,696,800,10,682,599,613,8,435,550,Default,
278066,390,418,410,924,1467,1506,9,1491,1832,1923,9,869,1119,1166,8,708,848,839,9,607,759,677,9,460,1120,1504,1578,8,939,716,1251,1538,1711,8,1094,953,704,810,9,689,602,617,9,438,553,Default,
278082,391,419,412,926,1473,1509,8,1492,1838,1928,9,870,1120,1168,9,711,852,843,9,607,761,679,9,462,1123,1509,1581,9,942,716,1255,1542,1714,9,1098,955,708,815,9,691,604,620,9,441,557,Default,
278098,392,421,413,930,1478,1516,8,1496,1843,1932,9,872,1125,1172,8,713,854,845,9,609,762,679,9,461,1125,1510,1583,8,942,717,1257,1542,1716,9,1098,956,708,814,8,691,604,622,8,441,559,Default,
278114,395,422,415,934,1486,1524,8,1503,1853,1942,8,875,1128,1174,9,716,857,846,9,610,763,681,9,462,1126,1510,1581,9,941,715,1256,1542,1712,10,1096,952,703,806,9,686,600,617,8,439,555,Default,
278130,397,425,418,939,1496,1534,8,1512,1863,1951,9,878,1132,1179,9,718,858,849,10,611,763,680,10,462,1129,1513,1584,8,939,714,1258,1541,1708,9,1094,950,700,801,11,684,598,616,8,438,553,Default,
278146,402,429,422,945,1507,1546,9,1519,1875,1962,9,882,1136,1183,9,720,862,850,10,612,764,683,9,461,1131,1517,1587,10,939,715,1260,1544,1712,9,1094,952,701,803,9,684,598,615,8,437,552,Default,
278162,403,431,422,949,1517,1555,9,1525,1883,1969,8,883,1137,1183,8,724,865,854,11,607,762,679,10,460,1135,1519,1590,9,938,715,1262,1546,1716,8,1095,951,704,806,9,685,599,617,9,436,551,Default,
278178,404,432,424,952,1523,1563,8,1531,1891,1975,9,885,1140,1186,9,724,866,852,9,613,766,684,10,462,1136,1521,1591,9,939,713,1266,1550,1718,9,1095,952,707,808,9,687,600,617,8,437,552,Default,
278194,406,435,425,956,1529,1571,9,1538,1898,1981,8,888,1142,1186,8,725,867,853,9,613,765,683,9,460,1140,1523,1592,8,938,714,1268,1550,1718,9,1095,949,705,807,8,685,599,615,8,435,551,Default,
278210,410,436,428,962,1539,1585,9,1544,1907,1990,8,893,1148,1193,9,729,872,858,11,614,767,683,9,460,1141,1524,1594,9,936,713,1267,1550,1717,8,1091,949,699,798,9,680,591,614,9,433,546,Default,
278226,410,440,431,967,1549,1597,8,1552,1915,2000,8,895,1153,1197,8,733,875,860,9,617,769,685,9,459,1141,1525,1592,8,932,710,1268,1548,1712,8,1086,944,692,787,9,671,587,606,9,429,541,Default,
278242,414,443,433,973,1558,1608,8,1562,1924,2009,9,900,1157,1200,9,736,876,864,11,617,771,688,11,460,1144,1527,1596,8,931,710,1270,1549,1711,9,1085,945,691,787,9,669,588,609,8,429,538,Default,
278258,412,442,432,977,1563,1616,8,1565,1928,2015,9,902,1160,1202,9,738,880,866,9,619,775,690,8,462,1147,1529,1599,9,933,710,1272,1550,1712,10,1087,944,692,787,10,670,588,607,8,428,537,Default,
278274,416,445,435,979,1566,1620,9,1566,1932,2018,10,903,1160,1203,9,741,882,868,10,621,778,692,9,463,1148,1532,1600,9,934,709,1274,1553,1714,9,1089,945,695,789,10,673,588,609,9,428,537,Default,
278290,420,448,439,982,1569,1622,8,1571,1935,2019,9,905,1162,1205,9,743,884,872,9,624,778,693,9,463,1150,1533,1600,9,932,709,1276,1554,1715,9,1086,946,694,791,9,672,587,607,8,428,537,Default,
278306,421,450,439,983,1573,1626,8,1573,1938,2022,9,906,1164,1206,9,746,887,874,9,623,777,692,8,462,1150,1532,1600,9,930,709,1275,1551,1712,9,1084,944,691,786,9,668,584,604,8,426,534,Default,
278322,419,450,439,986,1578,1633,9,1577,1943,2028,9,907,1166,1209,9,746,887,874,10,624,778,693,10,460,1150,1532,1600,9,927,707,1274,1549,1709,9,1079,941,688,782,9,663,581,601,8,423,532,Default,
278338,423,452,442,988,1584,1639,9,1580,1947,2035,9,911,1169,1214,8,747,889,877,9,625,779,694,10,461,1152,1533,1600,9,926,707,1275,1550,1709,8,1078,939,686,780,9,663,581,600,9,422,530,Default,
278354,427,456,446,990,1587,1644,10,1583,1950,2039,9,912,1171,1214,8,750,893,879,8,627,781,696,10,464,1154,1536,1603,9,928,709,1277,1554,1712,9,1081,941,689,783,9,665,582,601,10,423,532,Default,
278370,427,456,447,992,1588,1644,8,1584,1953,2041,9,912,1173,1216,8,750,895,880,10,626,783,696,10,464,1155,1538,1606,9,928,709,1280,1557,1717,9,1084,943,692,787,9,667,584,604,8,426,535,Default,
278386,426,456,446,992,1586,1641,8,1584,1952,2039,10,914,1172,1216,8,752,896,883,9,627,783,698,9,464,1157,1542,1608,9,931,710,1283,1560,1721,9,1087,945,696,791,9,670,586,606,8,427,536,Default,
278402,425,456,445,994,1586,1642,9,1584,1952,2041,9,914,1172,1217,10,754,898,884,9,630,784,700,10,465,1157,1542,1609,8,931,712,1283,1562,1723,9,1088,946,697,792,9,672,587,609,9,427,537,Default,
278418,427,457,447,994,1587,1645,8,1586,1953,2042,11,915,1173,1218,9,755,898,885,9,629,783,698,9,464,1158,1542,1610,9,931,711,1284,1562,1723,9,1087,947,697,794,11,672,588,609,9,429,538,Default,
278434,427,458,447,994,1588,1645,8,1586,1954,2043,9,916,1175,1219,8,756,900,887,8,630,785,699,8,464,1158,1543,1611,9,931,712,1285,1563,1725,8,1089,946,698,794,8,673,589,609,9,429,538,Default,
278450,429,459,448,996,1591,1647,8,1587,1957,2046,9,917,1176,1220,9,758,903,890,9,630,786,700,9,466,1160,1544,1612,9,932,713,1287,1565,1727,9,1090,949,700,795,9,674,591,609,8,429,538,Default,
278466,428,459,448,996,1591,1649,9,1589,1957,2047,9,917,1177,1222,8,758,903,891,8,632,788,702,9,466,1160,1546,1612,8,930,708,1287,1566,1728,8,1091,946,701,797,8,675,590,609,8,430,538,Default,
278482,428,458,447,997,1591,1648,8,1590,1958,2047,9,920,1178,1223,8,759,905,892,9,633,790,704,11,467,1160,1546,1612,9,932,709,1289,1568,1732,10,1094,949,704,799,9,679,592,611,8,431,541,Default,
278498,427,457,447,997,1590,1646,9,1589,1957,2047,11,920,1178,1223,8,760,904,891,9,634,791,704,9,470,1160,1546,1615,8,932,713,1290,1571,1734,9,1096,951,706,803,9,684,595,612,10,431,541,Default,
278514,427,459,448,998,1591,1648,8,1589,1959,2048,10,920,1179,1223,9,760,903,891,9,633,790,704,11,468,1160,1549,1614,9,933,713,1289,1571,1733,9,1096,952,708,805,10,684,595,612,8,431,541,Default,
278530,430,459,448,998,1594,1650,8,1591,1960,2050,10,920,1180,1224,9,761,903,892,10,632,789,703,9,467,1160,1547,1615,10,932,713,1288,1570,1732,11,1093,953,705,802,11,679,594,612,8,430,540,Default,
278546,431,460,450,999,1595,1653,9,1593,1962,2052,9,920,1180,1224,8,760,903,892,9,632,788,703,9,468,1160,1548,1615,8,932,714,1288,1568,1730,9,1092,950,704,800,9,679,593,610,11,429,538,Default,
278562,431,461,451,1001,1598,1655,9,1596,1965,2054,11,921,1181,1225,9,761,905,894,10,633,789,704,10,468,1162,1549,1616,8,933,714,1289,1571,1730,9,1094,952,705,800,8,678,594,610,8,429,539,Default,
278578,432,462,450,1003,1601,1658,8,1597,1968,2057,9,924,1184,1229,9,762,907,895,9,634,791,705,10,468,1164,1551,1619,8,934,715,1290,1571,1733,9,1096,953,706,803,9,679,596,611,8,430,539,Default,
278594,433,463,451,1003,1603,1660,8,1599,1969,2058,9,925,1185,1230,9,765,910,899,9,634,791,705,8,468,1165,1552,1620,9,934,716,1293,1575,1735,9,1096,954,707,804,9,680,597,612,9,431,541,Default,
278610,434,464,452,1005,1604,1662,8,1600,1972,2061,9,927,1188,1233,8,766,912,899,8,634,791,705,9,468,1165,1554,1622,9,934,717,1293,1576,1737,9,1096,956,708,805,10,682,598,613,8,430,541,Default,
278626,435,464,454,1007,1608,1665,8,1603,1976,2065,9,928,1188,1234,8,767,914,901,9,634,791,705,9,467,1165,1554,1621,9,931,716,1293,1577,1737,9,1095,957,709,805,10,680,598,613,9,431,542,Default,
278642,435,464,454,1008,1613,1670,10,1607,1979,2068,10,929,1191,1236,9,767,914,901,9,636,793,708,8,468,1167,1554,1622,9,932,717,1294,1578,1737,9,1096,955,708,804,9,682,596,613,8,431,540,Default,
278658,436,466,455,1010,1616,1673,9,1608,1982,2073,12,931,1192,1239,11,768,914,903,10,635,792,706,9,468,1168,1556,1623,9,932,715,1296,1578,1737,9,1096,956,708,804,9,680,597,612,8,428,541,Default,
278674,436,467,455,1011,1620,1677,8,1608,1983,2075,9,928,1192,1237,8,769,916,903,8,636,792,708,9,466,1168,1555,1621,9,927,711,1295,1578,1738,8,1094,953,709,805,8,681,597,612,9,431,540,Default,
278690,436,467,456,1012,1619,1676,8,1610,1983,2075,9,930,1191,1237,8,768,915,900,9,638,794,708,9,468,1169,1556,1622,8,925,713,1298,1581,1742,9,1096,957,712,808,9,686,601,613,10,431,543,Default,
278706,436,467,456,1011,1620,1676,8,1609,1983,2073,9,928,1190,1236,8,769,915,902,8,638,795,709,9,468,1168,1557,1623,9,928,713,1297,1583,1744,9,1098,957,714,811,8,688,602,615,9,431,544,Default,
278722,437,468,456,1012,1619,1675,8,1610,1985,2075,9,929,1191,1236,8,769,915,903,9,637,795,710,9,469,1169,1558,1625,9,929,715,1298,1583,1745,9,1099,963,715,812,9,689,604,616,9,433,544,Default,
278738,436,468,456,1012,1620,1678,8,1611,1985,2077,9,932,1193,1239,9,770,916,903,9,638,796,711,8,470,1169,1558,1626,9,932,718,1298,1583,1745,9,1101,961,715,812,11,688,603,614,8,432,545,Default,
278754,438,468,456,1015,1625,1680,8,1613,1989,2080,9,932,1195,1241,9,770,917,904,9,639,797,711,10,470,1169,1558,1627,9,930,717,1299,1585,1746,9,1101,963,715,812,9,689,605,616,8,432,546,Default,
278770,439,468,456,1015,1630,1683,9,1616,1994,2085,10,934,1198,1244,9,775,921,908,9,641,799,713,11,470,1170,1562,1629,9,928,718,1301,1587,1748,10,1102,964,717,813,10,689,605,616,9,434,547,Default,
278786,440,469,459,1018,1634,1687,8,1619,1998,2088,10,936,1199,1245,9,774,922,908,9,641,800,713,8,471,1172,1562,1629,9,927,717,1302,1588,1749,9,1099,964,718,814,10,690,605,616,8,433,547,Default,
278802,440,471,460,1019,1635,1689,8,1621,2000,2090,9,937,1201,1247,9,775,924,909,9,642,800,713,9,470,1172,1562,1629,9,922,715,1304,1590,1751,9,1098,963,719,815,10,690,606,616,8,432,547,Default,
278818,440,471,459,1021,1637,1693,9,1624,2002,2093,9,941,1204,1250,9,778,927,912,8,646,805,717,10,471,1173,1564,1630,9,920,716,1305,1591,1753,9,1100,965,720,816,9,689,607,617,8,432,547,Default,
278834,442,471,459,1024,1639,1695,10,1626,2003,2096,9,944,1206,1253,8,778,928,912,9,647,807,718,8,472,1177,1565,1631,8,924,717,1305,1591,1754,9,1100,965,719,816,9,690,606,617,9,432,547,Default,
278850,443,473,461,1024,1642,1697,8,1627,2006,2098,9,943,1206,1252,8,779,928,913,9,646,808,720,9,472,1176,1566,1633,9,922,717,1306,1592,1753,9,1099,965,717,813,10,687,604,617,9,432,546,Default,
278866,444,473,461,1026,1643,1700,8,1628,2008,2100,9,943,1208,1254,9,782,930,916,9,650,810,721,10,473,1177,1567,1633,9,923,717,1307,1591,1753,9,1099,966,716,812,9,687,604,615,8,432,545,Default,
278882,443,474,462,1025,1644,1699,9,1629,2008,2101,9,945,1209,1255,10,781,931,914,10,652,812,724,9,475,1179,1567,1634,9,925,719,1308,1596,1756,10,1101,966,718,815,9,688,605,616,11,431,547,Default,
278898,443,474,462,1027,1645,1699,8,1630,2009,2101,9,946,1210,1256,9,783,932,916,9,652,813,726,9,476,1179,1570,1637,9,928,718,1310,1597,1756,11,1102,966,719,816,9,691,606,616,9,433,547,Default,
278914,443,474,462,1028,1645,1701,8,1630,2009,2101,9,946,1210,1256,8,782,932,916,8,655,815,725,9,476,1181,1571,1636,8,928,718,1310,1599,1758,8,1103,967,720,816,8,690,608,616,8,434,547,Default,
278930,446,477,465,1028,1647,1702,8,1632,2012,2102,9,949,1213,1260,9,783,932,916,9,654,814,725,9,476,1181,1572,1638,9,929,720,1312,1600,1759,9,1104,969,721,816,9,690,608,617,8,433,547,Default,
278946,447,478,467,1029,1648,1704,9,1633,2013,2106,8,949,1214,1261,8,782,932,914,8,654,814,725,8,475,1181,1572,1639,8,928,721,1311,1599,1759,10,1102,967,717,813,9,689,607,615,9,432,545,Default,
278962,449,480,467,1031,1651,1707,8,1637,2016,2109,9,951,1217,1263,9,783,932,916,9,655,816,728,9,476,1184,1573,1640,8,929,721,1312,1600,1758,9,1103,970,719,815,9,688,607,613,8,431,545,Default,
278978,448,480,467,1032,1651,1708,8,1637,2018,2109,10,952,1218,1264,8,784,934,916,8,656,817,729,9,477,1185,1574,1642,9,932,721,1314,1601,1759,9,1104,969,719,814,11,688,607,613,7,432,544,Default,
278994,451,480,468,1032,1652,1708,8,1640,2018,2110,11,953,1218,1266,9,787,936,920,8,657,817,729,9,476,1185,1575,1644,9,933,722,1314,1604,1762,9,1106,969,721,816,10,690,608,615,8,432,545,Default,
279010,451,481,469,1032,1652,1709,8,1641,2019,2111,9,954,1221,1268,9,787,936,920,9,658,820,731,9,477,1186,1577,1645,9,934,722,1317,1606,1764,10,1107,971,722,819,9,692,609,617,8,433,547,Default,
279026,451,480,469,1034,1652,1709,10,1641,2018,2111,9,954,1220,1268,8,788,937,921,10,660,820,732,9,479,1186,1577,1645,8,934,724,1318,1607,1766,9,1107,970,721,819,9,692,609,617,10,433,547,Default,
279042,450,481,468,1033,1653,1710,8,1641,2020,2111,9,954,1220,1269,9,788,938,922,10,659,820,733,10,477,1186,1578,1645,8,932,724,1318,1607,1766,9,1106,972,723,819,9,691,609,617,8,434,547,Default,
279058,451,481,470,1033,1653,1710,8,1641,2020,2113,9,954,1220,1269,9,788,938,923,10,659,821,733,9,478,1187,1578,1646,9,933,725,1318,1608,1766,9,1106,973,722,819,9,691,609,617,9,435,547,Default,
279074,450,480,469,1032,1653,1710,8,1640,2020,2111,9,953,1221,1269,9,787,938,922,9,659,820,732,8,479,1187,1579,1646,9,934,726,1318,1608,1766,9,1107,973,722,818,9,691,609,617,8,433,547,Default,
279090,449,478,468,1032,1652,1708,8,1638,2018,2111,9,953,1221,1269,8,787,936,921,9,659,822,733,9,479,1186,1579,1647,9,936,726,1318,1610,1767,9,1108,974,723,820,9,692,610,618,8,434,548,Default,
279106,448,478,466,1032,1650,1705,8,1637,2018,2110,9,954,1221,1269,9,788,938,922,10,659,823,737,11,481,1189,1581,1650,9,939,728,1321,1613,1774,9,1111,977,728,826,9,696,613,621,9,437,550,Default,
279122,446,476,465,1030,1642,1700,10,1635,2015,2108,10,953,1219,1269,9,791,941,924,9,663,826,736,8,481,1191,1583,1656,10,941,730,1323,1618,1782,9,1117,980,739,842,10,704,619,626,9,440,555,Default,
279138,446,475,464,1027,1633,1693,8,1629,2010,2102,9,951,1216,1265,9,791,941,924,9,664,829,740,9,484,1193,1587,1658,9,941,730,1326,1621,1788,10,1120,982,746,854,11,706,623,631,8,442,559,Default,
279154,445,474,464,1023,1626,1687,8,1627,2006,2100,9,950,1215,1264,8,788,940,924,8,667,829,741,9,484,1193,1587,1659,9,941,729,1326,1622,1793,8,1123,982,750,858,8,712,626,633,8,443,562,Default,
279170,445,473,464,1023,1624,1683,9,1626,2006,2099,9,950,1214,1264,8,791,941,924,9,667,833,742,9,486,1194,1587,1661,8,942,733,1328,1627,1797,9,1126,986,753,863,9,716,629,636,10,444,562,Default,
279186,443,472,461,1023,1622,1683,9,1627,2006,2097,8,950,1214,1263,7,791,941,924,9,666,833,742,8,485,1195,1591,1663,8,943,736,1329,1629,1799,9,1127,987,754,865,8,717,631,636,9,446,563,Default,
279202,443,469,460,1023,1621,1680,8,1625,2005,2097,9,949,1214,1263,9,789,941,924,9,667,833,743,9,486,1196,1592,1666,9,945,735,1331,1633,1804,10,1129,990,756,866,8,719,631,639,8,447,567,Default,
279218,437,465,456,1020,1615,1676,10,1623,2000,2095,9,948,1213,1261,8,791,941,924,9,668,835,745,9,488,1197,1592,1666,8,947,739,1334,1636,1811,9,1132,994,758,870,9,722,634,648,9,452,575,Default,
279234,434,463,453,1017,1609,1669,8,1620,1997,2090,11,945,1209,1257,9,789,939,922,9,668,837,746,9,488,1198,1595,1669,9,950,742,1336,1640,1817,9,1137,1000,765,879,8,727,639,652,8,456,580,Default,
279250,430,458,449,1015,1606,1663,8,1615,1993,2087,9,943,1207,1256,8,789,939,922,10,670,837,746,9,489,1198,1597,1671,9,954,745,1337,1643,1823,9,1142,1003,768,882,11,731,642,655,9,457,583,Default,
279266,428,456,447,1014,1603,1659,8,1615,1993,2085,10,943,1206,1256,9,788,941,924,9,670,839,747,9,489,1199,1599,1673,9,951,748,1341,1647,1824,10,1142,1007,772,887,9,733,645,655,8,458,581,Default,
279282,429,457,447,1013,1602,1658,9,1615,1991,2085,9,943,1206,1255,9,789,940,922,10,670,839,747,9,490,1199,1600,1674,9,957,750,1340,1647,1824,10,1147,1010,774,887,8,737,647,658,8,460,586,Default,
279298,428,457,448,1013,1601,1658,8,1613,1991,2083,9,942,1206,1255,8,789,940,923,9,668,838,748,9,491,1202,1604,1679,9,963,754,1343,1650,1828,10,1149,1012,775,889,9,738,649,659,9,462,587,Default,
279314,427,455,445,1012,1594,1651,9,1612,1985,2078,10,942,1205,1255,8,791,941,924,9,671,839,746,8,491,1202,1604,1679,8,965,755,1347,1653,1833,10,1154,1015,779,895,9,744,650,661,10,464,589,Default,
279330,419,448,439,1007,1585,1638,8,1606,1977,2070,9,940,1201,1250,9,789,940,922,10,670,840,747,9,492,1202,1605,1680,9,967,759,1348,1657,1837,10,1158,1021,783,903,9,748,655,662,8,464,591,Default,
279346,415,442,434,1002,1575,1625,8,1600,1969,2062,11,936,1196,1245,9,787,937,920,9,668,837,746,9,492,1202,1606,1683,9,972,762,1348,1658,1840,10,1161,1025,786,906,11,753,657,664,9,467,593,Default,
279362,413,441,431,999,1571,1618,9,1596,1962,2055,9,933,1191,1242,9,785,936,918,10,671,840,746,9,495,1203,1607,1685,8,977,766,1347,1660,1844,10,1164,1028,787,906,10,755,656,667,10,467,595,Default,
279378,412,439,431,998,1569,1615,9,1595,1962,2054,9,932,1190,1241,9,787,934,918,10,669,840,747,9,494,1204,1609,1685,8,980,766,1349,1662,1844,11,1167,1028,787,909,9,757,656,675,8,470,594,Default,
279394,412,441,432,998,1571,1616,9,1595,1963,2053,8,932,1190,1241,8,785,937,917,8,671,840,747,9,496,1204,1609,1686,9,983,767,1349,1662,1848,9,1169,1031,787,908,8,758,655,671,8,471,598,Default,
279410,414,442,433,1000,1572,1619,9,1597,1964,2056,10,933,1192,1243,9,787,936,920,9,671,841,749,8,496,1206,1611,1687,9,982,770,1352,1666,1850,8,1171,1032,791,911,9,759,658,671,8,472,600,Default,
279426,414,442,433,999,1571,1616,8,1596,1964,2056,9,933,1192,1243,7,787,937,919,8,673,845,752,8,496,1207,1613,1691,9,981,772,1354,1669,1856,8,1170,1035,793,914,9,761,660,671,8,472,598,Default,
