Timestamp,Point0,Point1,Point2,Point3,Point4,Point5,Point6,Point7,Point8,Point9,Point10,Point11,Point12,Point13,Point14,Point15,Point16,Point17,Point18,Point19,Point20,Point21,Point22,Point23,Point24,Point25,Point26,Point27,Point28,Point29,Point30,Point31,Point32,Point33,Point34,Point35,Point36,Point37,Point38,Point39,Point40,Point41,Point42,Point43,Point44,Label,
143602,659,717,788,443,489,460,370,681,906,965,842,741,1214,1258,932,518,581,683,526,387,416,414,397,307,431,556,599,625,439,350,645,860,862,828,800,624,593,714,748,513,551,56,51,45,49,Default,
143618,661,717,790,444,490,460,369,682,907,965,844,742,1214,1260,932,519,581,684,526,388,413,414,397,306,430,556,600,624,440,349,644,860,862,826,800,625,594,713,747,512,551,56,50,45,49,Default,
143634,662,718,791,444,490,460,370,683,908,966,845,742,1214,1260,932,520,581,683,529,387,416,415,398,307,430,556,600,626,439,350,646,860,862,826,800,627,596,714,746,513,551,58,51,44,49,Default,
143650,662,718,791,445,491,460,370,683,909,967,845,742,1215,1260,934,522,581,684,528,389,418,417,401,309,431,559,601,626,441,350,646,861,865,829,803,626,596,717,751,514,551,58,51,45,49,Default,
143666,660,716,789,443,490,459,371,683,907,965,843,743,1216,1260,934,522,583,685,529,391,419,421,402,310,432,559,603,627,443,352,647,863,866,832,808,628,598,719,755,516,555,58,49,45,50,Default,
143682,657,713,786,444,489,459,370,681,906,964,843,742,1214,1259,934,522,583,686,530,390,420,420,404,312,433,561,605,630,446,354,650,866,870,837,809,634,601,724,762,518,559,57,49,45,49,Default,
143698,655,710,783,443,489,458,371,680,903,961,841,742,1214,1257,934,522,583,685,529,390,420,420,403,312,433,560,606,631,446,355,651,866,871,837,808,632,601,725,763,520,559,57,52,45,50,Default,
143714,656,710,783,443,489,459,370,682,903,962,841,741,1214,1257,930,521,583,684,529,389,418,419,402,310,431,561,605,631,446,355,650,865,870,837,809,634,602,725,762,520,559,58,52,46,50,Default,
143730,658,713,786,443,490,459,370,681,905,963,843,742,1213,1259,932,521,582,684,528,389,418,418,401,311,432,561,605,630,446,354,648,865,870,837,809,634,601,725,761,519,560,58,53,45,49,Default,
143746,659,714,787,444,491,460,371,682,906,965,843,742,1214,1260,934,522,582,685,530,389,419,419,403,311,433,561,606,631,446,354,650,865,870,837,810,634,603,725,762,521,560,57,53,46,49,Default,
143762,659,713,786,444,491,460,371,683,906,964,842,742,1214,1260,935,522,584,687,530,391,419,419,403,311,434,561,606,630,447,356,651,867,873,839,811,633,603,727,764,522,561,58,52,46,50,Default,
143778,655,709,783,443,489,459,371,681,903,961,841,742,1214,1258,933,522,584,687,530,390,420,420,404,313,433,562,607,631,447,356,654,869,874,842,813,636,603,729,766,522,563,58,53,46,51,Default,
143794,652,705,779,443,488,457,369,679,899,958,838,737,1210,1253,929,521,583,685,529,390,421,420,404,314,432,562,606,631,449,356,652,869,875,842,813,637,603,729,767,522,566,58,53,48,51,Default,
143810,650,704,777,441,488,456,368,679,899,957,838,740,1210,1251,929,521,581,684,527,390,420,419,403,312,434,562,606,632,447,356,654,870,874,842,814,636,604,729,766,522,565,59,53,48,51,Default,
143826,651,706,779,442,487,456,368,678,900,956,837,736,1211,1252,928,521,581,683,527,388,418,417,400,310,433,562,605,631,448,356,650,867,873,840,812,636,603,729,766,522,563,58,53,45,52,Default,
143842,655,709,783,443,489,458,369,681,903,959,840,742,1214,1256,930,521,583,685,528,388,418,417,400,310,434,562,606,631,447,356,650,868,871,837,812,636,603,727,764,522,563,61,53,48,51,Default,
143858,659,712,785,446,491,460,370,684,905,964,842,744,1217,1260,933,522,584,686,530,393,419,420,403,313,435,563,608,633,449,357,652,870,874,841,814,636,605,728,766,524,563,58,53,46,52,Default,
143874,658,711,784,445,490,460,371,682,905,962,844,744,1218,1262,936,524,586,688,532,392,422,422,406,315,435,564,608,633,450,357,655,872,878,844,815,638,607,732,769,524,565,59,54,48,50,Default,
143890,653,707,780,444,489,458,370,682,903,961,842,745,1218,1263,937,525,586,690,533,394,425,424,410,316,435,563,608,634,450,359,659,875,880,848,817,642,609,734,772,526,568,60,53,48,51,Default,
143906,649,700,774,442,485,455,368,680,899,955,840,744,1215,1259,936,525,586,691,534,393,425,424,409,316,435,563,608,634,450,357,659,876,882,850,818,640,609,736,775,527,570,59,51,48,52,Default,
143922,646,695,771,440,483,452,367,679,897,953,838,742,1214,1257,935,524,585,690,533,392,422,423,408,315,435,563,607,634,451,358,659,876,882,850,819,642,609,736,775,526,570,59,53,48,51,Default,
143938,649,700,773,440,485,454,368,678,898,954,839,742,1215,1258,936,523,585,689,532,393,423,422,407,316,435,563,608,634,450,357,659,876,880,847,818,639,609,735,772,526,568,59,54,48,52,Default,
143954,650,704,777,443,487,456,369,679,901,957,840,743,1216,1261,936,524,586,689,533,393,423,425,408,315,435,564,608,634,450,358,658,875,879,847,818,641,607,733,771,526,567,60,54,49,52,Default,
143970,653,705,778,443,489,457,369,680,902,959,842,744,1218,1262,937,524,587,690,534,395,424,424,408,316,435,564,608,634,451,357,659,876,881,848,818,641,609,734,771,526,568,60,54,49,53,Default,
143986,651,704,778,443,487,456,370,680,901,959,841,744,1218,1263,939,526,588,690,534,394,425,425,410,318,436,564,609,634,451,357,660,879,882,850,820,646,610,736,775,529,571,60,55,49,53,Default,
144002,649,697,773,441,485,454,368,679,898,954,841,744,1215,1261,938,526,587,691,534,396,426,427,411,319,437,563,609,635,452,360,662,878,885,853,822,643,610,737,777,529,572,59,54,49,53,Default,
144018,646,693,770,436,480,449,365,677,897,954,841,742,1214,1256,937,524,586,689,534,395,426,426,412,319,436,565,611,638,453,360,662,878,884,854,823,644,609,738,778,528,574,59,54,49,53,Default,
144034,645,689,767,434,477,447,363,675,892,952,837,737,1213,1254,933,522,585,688,533,395,425,425,410,319,434,564,609,637,452,360,659,876,884,854,820,645,607,737,779,529,574,59,54,49,52,Default,
144050,646,692,770,435,479,449,364,676,895,953,838,740,1212,1254,934,524,584,688,533,393,423,423,408,317,435,564,609,637,453,360,659,878,883,852,821,647,609,737,776,528,572,60,53,47,53,Default,
144066,648,696,774,436,481,451,365,675,895,953,837,738,1213,1253,932,522,584,689,532,393,422,423,406,316,435,564,609,636,452,359,656,875,881,849,820,645,607,735,775,527,572,58,53,48,52,Default,
144082,650,703,777,439,484,453,367,678,899,956,840,741,1215,1256,934,523,584,688,533,394,424,425,410,317,437,566,611,637,452,360,658,876,881,850,821,647,608,734,775,528,572,59,54,49,52,Default,
144098,651,702,777,440,484,453,367,679,899,956,840,743,1214,1256,934,525,584,689,532,397,426,426,410,318,436,566,610,638,454,360,658,878,883,852,822,646,609,736,776,529,573,61,54,49,52,Default,
144114,649,696,774,438,482,451,367,678,897,954,841,741,1214,1256,935,523,584,688,533,395,425,426,410,319,436,565,610,638,454,361,659,878,884,854,824,647,610,737,779,530,574,60,54,46,52,Default,
144130,648,695,772,435,480,449,364,676,896,953,839,740,1211,1252,934,524,584,688,531,395,425,425,410,319,437,566,610,638,455,361,659,878,885,855,825,650,610,737,779,530,576,62,54,48,53,Default,
144146,647,695,771,435,480,450,364,675,895,952,837,738,1210,1251,933,521,582,685,530,395,423,423,409,317,435,566,609,638,454,361,658,878,883,854,824,646,609,736,778,529,576,61,54,49,53,Default,
144162,647,696,772,436,480,450,364,675,895,952,837,738,1210,1252,932,520,582,684,528,389,420,419,405,314,435,564,609,636,452,360,655,874,878,849,822,646,608,733,774,528,573,59,54,49,52,Default,
144178,650,703,777,439,485,452,366,675,896,953,837,738,1212,1252,931,520,581,684,528,387,418,417,402,311,434,563,608,634,452,359,653,873,876,845,820,645,606,731,771,527,572,61,54,49,53,Default,
144194,654,705,780,440,486,455,368,677,899,957,838,738,1213,1253,932,520,582,685,529,388,418,417,401,312,435,563,608,634,452,359,651,872,876,845,819,645,605,729,770,528,570,60,54,49,53,Default,
144210,655,708,782,441,488,456,369,678,899,957,837,737,1210,1251,930,518,580,683,526,386,416,416,398,310,432,562,605,634,449,356,650,870,874,843,817,645,605,728,768,526,569,56,54,49,49,Default,
144226,654,707,781,441,487,456,368,679,900,957,839,739,1213,1253,932,521,583,685,528,389,418,418,402,313,435,564,608,636,452,360,652,873,877,846,822,646,607,730,771,530,572,62,55,49,53,Default,
144242,653,706,782,440,487,455,368,677,899,956,839,739,1212,1252,932,520,582,684,528,386,416,415,400,309,434,563,607,634,451,358,651,872,876,848,819,644,605,729,770,527,571,61,54,49,53,Default,
144258,655,708,781,441,488,455,368,679,900,957,838,738,1212,1252,930,520,580,683,526,384,413,410,396,306,432,562,605,633,449,356,650,869,872,841,817,644,605,727,767,526,569,61,55,49,53,Default,
144274,655,709,782,444,490,459,369,678,901,958,838,736,1212,1252,925,518,580,682,525,378,402,403,389,302,431,560,603,630,446,354,646,866,869,837,813,638,599,721,760,523,566,58,53,48,52,Default,
144290,659,713,787,446,490,460,370,678,903,959,841,739,1212,1254,928,521,580,683,525,377,405,401,385,300,431,559,602,629,445,353,645,866,867,835,812,638,597,719,755,522,561,58,51,47,49,Default,
144306,659,715,789,447,493,461,370,679,898,958,837,736,1210,1253,926,516,576,679,522,373,403,398,384,298,428,556,598,626,441,351,641,859,862,829,807,633,594,716,751,518,559,53,51,41,49,Default,
144322,659,716,789,447,493,461,372,680,905,961,841,739,1214,1255,929,519,581,683,526,376,405,401,387,300,431,558,601,629,443,351,645,862,863,832,809,638,599,717,754,521,560,56,51,45,49,Default,
144338,660,717,790,447,491,461,371,680,905,961,841,741,1214,1254,928,519,580,683,526,373,397,395,377,296,429,557,600,627,441,351,643,861,861,830,808,634,596,716,751,519,556,56,50,45,49,Default,
144354,661,717,790,447,493,461,370,680,904,961,840,739,1212,1252,926,518,577,679,522,369,397,393,376,297,428,555,597,625,441,347,640,857,854,825,807,630,593,711,746,518,555,51,45,41,44,Default,
144370,664,720,792,447,494,462,370,680,906,964,838,737,1212,1252,923,515,575,677,520,365,392,386,369,293,426,552,592,620,436,341,634,849,845,813,802,624,587,701,736,514,546,49,45,40,43,Default,
144386,665,723,795,448,495,464,369,681,907,965,839,739,1212,1252,921,515,575,676,520,361,388,381,365,289,424,551,588,616,432,337,630,843,837,803,796,614,584,696,729,507,538,48,41,37,41,Default,
144402,667,725,801,449,497,464,369,683,909,966,841,738,1214,1254,921,514,576,677,518,358,385,377,361,287,422,548,587,614,431,335,625,837,830,795,793,613,581,692,721,505,534,46,45,37,40,Default,
144418,671,730,804,451,497,467,372,683,912,968,841,738,1214,1256,922,514,575,677,519,360,385,378,361,287,422,546,585,613,430,334,624,837,828,794,792,609,580,691,721,505,531,48,41,37,40,Default,
144434,672,732,806,452,499,468,372,684,912,970,842,739,1216,1257,923,516,576,678,519,361,387,380,363,290,422,546,585,613,430,335,623,836,829,795,791,609,580,692,721,506,532,46,41,37,40,Default,
144450,673,732,806,451,499,467,372,684,912,970,841,738,1215,1257,922,514,575,677,519,360,386,378,360,288,422,546,585,611,430,333,624,836,827,792,792,609,580,689,719,505,530,45,41,37,39,Default,
144466,673,732,806,452,500,467,372,684,912,970,840,737,1214,1255,920,514,572,675,516,351,379,370,354,283,419,543,582,607,427,331,621,832,821,788,790,608,576,686,716,503,527,46,39,34,38,Default,
144482,672,733,807,452,501,467,372,681,912,969,840,735,1213,1253,918,512,571,672,514,346,373,364,348,277,415,538,576,600,420,326,612,825,813,779,785,597,573,680,709,499,521,44,37,35,37,Default,
144498,674,734,809,452,502,468,372,681,912,969,839,735,1212,1254,916,509,570,671,512,340,368,358,342,273,412,534,571,595,414,323,609,816,808,773,779,595,569,676,704,496,517,43,37,33,37,Default,
144514,679,739,812,455,505,472,373,683,912,971,840,734,1213,1254,913,509,569,671,514,339,367,358,341,273,411,531,567,592,412,322,604,812,801,766,775,591,563,671,698,492,514,44,39,35,37,Default,
144530,681,742,815,456,509,476,375,684,916,974,842,738,1215,1256,916,512,572,674,515,342,369,359,344,273,414,533,569,593,412,322,605,813,801,769,776,591,567,672,699,493,514,45,40,35,38,Default,
144546,682,743,816,456,509,474,376,685,916,974,842,737,1215,1257,916,512,572,674,514,344,371,360,346,276,413,534,571,594,414,323,611,816,805,770,779,592,564,673,700,495,515,44,40,36,38,Default,
144562,682,742,815,457,509,476,377,687,916,974,841,740,1214,1256,917,511,571,673,514,343,372,362,346,275,414,534,572,595,414,324,613,817,807,771,780,592,567,675,702,496,516,45,40,35,39,Default,
144578,682,741,815,459,509,476,377,685,916,973,841,738,1214,1254,916,510,569,671,513,341,368,358,343,271,414,533,569,593,413,322,609,815,804,770,779,590,567,676,701,495,515,45,39,35,38,Default,
144594,681,742,815,457,511,477,376,686,916,974,841,737,1214,1254,915,509,568,671,513,335,364,354,338,269,412,532,567,591,410,321,606,814,801,767,776,590,566,671,700,492,514,45,40,35,38,Default,
144610,683,744,816,459,514,478,377,685,916,974,841,736,1214,1254,915,509,569,671,512,330,359,349,334,266,410,530,565,589,408,320,604,812,799,765,772,589,564,669,696,490,512,43,38,34,37,Default,
144626,684,746,817,460,514,480,377,685,918,975,842,737,1214,1254,916,510,568,671,510,331,359,348,334,262,409,528,563,588,407,318,600,807,794,761,771,583,561,666,692,488,506,45,37,33,37,Default,
144642,685,746,819,460,518,482,379,687,919,976,843,737,1215,1257,915,509,568,670,509,329,359,348,332,264,409,526,563,586,404,316,599,804,789,758,768,584,558,662,689,487,506,42,38,33,37,Default,
144658,687,748,820,462,520,484,380,688,920,978,844,738,1216,1259,914,510,569,671,512,330,360,349,334,265,409,526,562,586,406,316,600,803,788,757,769,588,556,659,688,487,506,43,37,33,35,Default,
144674,688,749,820,463,520,485,381,688,921,978,846,740,1218,1259,916,511,572,675,514,332,361,350,336,265,408,526,562,587,406,317,596,800,787,756,769,584,555,656,687,487,505,44,38,33,37,Default,
144690,688,750,821,464,522,485,381,688,921,978,845,739,1218,1261,917,511,571,674,514,331,360,349,335,265,409,526,561,586,407,315,598,800,785,755,768,584,555,655,685,485,504,43,38,33,36,Default,
144706,688,750,822,463,523,486,381,687,922,979,844,737,1218,1261,915,510,571,674,513,328,358,346,332,262,406,522,557,582,404,313,594,796,782,750,766,582,551,649,679,483,502,41,37,33,36,Default,
144722,689,753,825,464,526,488,381,689,922,979,843,738,1217,1260,914,512,571,674,513,326,355,343,331,259,404,519,553,579,401,311,591,790,775,745,760,579,547,642,672,480,499,45,38,34,37,Default,
144738,692,754,826,465,528,490,382,690,923,978,844,740,1218,1261,914,513,572,675,514,326,356,343,330,260,402,517,548,573,398,310,588,787,770,741,758,580,546,641,671,480,498,44,38,34,37,Default,
144754,692,754,827,467,529,491,383,691,923,980,843,740,1218,1261,914,512,572,675,514,328,354,345,331,261,403,518,551,575,401,310,589,786,771,741,759,580,545,642,672,482,500,43,38,34,37,Default,
144770,692,753,827,467,528,490,383,690,924,980,845,740,1218,1262,916,513,572,677,516,331,359,348,335,264,405,520,554,578,404,312,590,791,778,746,762,580,549,646,675,485,501,44,38,34,37,Default,
144786,690,752,823,464,525,487,381,688,922,979,843,736,1217,1259,916,513,572,676,515,330,358,348,335,264,404,521,555,580,404,313,591,792,779,748,763,582,549,648,677,485,502,42,38,34,37,Default,
144802,689,751,822,464,523,486,381,688,920,978,844,737,1217,1257,915,509,572,675,513,327,357,345,332,263,404,521,555,580,404,314,592,792,779,748,764,584,549,648,677,485,501,45,41,33,37,Default,
144818,690,748,820,462,522,484,378,685,920,975,841,734,1214,1255,912,506,567,670,511,320,350,339,326,254,402,516,550,574,400,310,588,787,772,742,759,578,546,644,674,483,500,45,33,29,37,Default,
144834,691,753,825,465,527,488,382,688,923,979,842,735,1216,1256,913,508,568,671,511,319,348,334,322,256,402,516,550,573,400,310,587,784,767,740,760,580,547,644,675,483,500,42,38,33,36,Default,
144850,692,754,827,467,529,489,383,688,923,980,842,734,1215,1256,913,507,568,671,511,319,346,334,321,254,402,514,548,572,397,309,585,782,764,737,757,580,546,642,672,480,497,42,38,33,36,Default,
144866,692,754,827,467,529,492,383,689,923,979,842,737,1216,1257,914,509,568,671,511,319,348,335,323,254,402,515,549,574,399,310,585,783,766,739,758,579,546,645,672,482,498,43,37,33,36,Default,
144882,693,755,827,467,530,490,383,689,923,979,843,737,1215,1256,913,508,568,671,510,319,348,335,323,256,402,516,549,574,400,310,588,784,767,742,760,580,546,643,672,481,498,43,37,33,36,Default,
144898,692,754,825,466,529,489,383,687,922,979,841,734,1214,1255,911,505,565,667,508,315,345,332,319,254,401,516,548,573,400,310,586,783,766,742,760,580,547,642,672,482,498,42,38,33,36,Default,
144914,691,754,826,466,529,489,382,687,921,978,841,733,1213,1252,907,501,563,666,505,309,338,324,312,251,400,513,547,572,399,309,580,779,763,738,758,580,541,638,668,480,497,44,37,34,37,Default,
144930,692,755,826,467,530,489,382,684,920,978,840,731,1210,1251,907,499,562,664,505,304,334,321,309,248,398,511,546,569,397,309,580,774,756,733,755,579,539,635,667,478,496,43,39,34,37,Default,
144946,692,755,827,468,531,492,383,686,921,978,838,731,1210,1252,904,498,559,663,502,302,331,319,305,245,395,507,540,565,393,303,577,768,750,728,753,576,534,630,661,477,491,45,37,33,36,Default,
144962,693,756,828,468,534,493,383,686,920,978,839,732,1209,1252,906,499,559,662,502,302,331,319,305,244,394,505,538,562,392,303,576,766,749,725,750,570,533,627,657,476,489,41,35,32,35,Default,
144978,693,756,828,469,534,493,383,687,921,978,839,733,1210,1252,905,497,559,663,502,304,333,321,306,246,396,506,538,563,393,304,576,767,748,729,752,573,534,631,661,477,491,41,37,32,35,Default,
144994,694,755,826,466,531,493,383,687,921,978,839,733,1210,1251,903,498,560,662,502,307,335,323,310,249,395,506,539,563,393,306,576,769,752,729,754,572,536,634,663,479,493,41,37,33,36,Default,
145010,692,754,825,468,530,491,382,687,920,977,838,731,1209,1248,903,498,559,660,502,306,335,322,308,247,396,509,540,563,394,306,578,770,752,729,755,575,537,635,664,480,493,43,37,33,36,Default,
145026,692,754,825,467,531,490,381,684,919,977,838,729,1207,1243,899,493,555,654,497,299,328,315,302,244,391,504,536,560,390,302,572,766,746,725,751,570,534,631,660,476,492,36,37,26,37,Default,
145042,692,754,825,467,532,491,382,684,920,976,837,728,1206,1246,901,490,552,652,497,294,321,307,294,239,393,503,535,559,391,302,572,761,742,722,750,568,534,630,659,476,491,45,36,33,37,Default,
145058,692,757,828,469,534,493,382,684,920,975,836,727,1206,1246,899,489,551,649,494,290,318,305,290,234,390,500,531,555,385,298,566,753,735,715,746,567,529,625,652,472,484,42,37,32,35,Default,
145074,693,757,827,470,535,494,383,684,921,977,837,727,1206,1247,899,489,551,650,494,286,315,301,285,234,389,498,531,554,383,298,562,752,733,712,743,565,530,623,650,470,482,41,37,33,36,Default,
145090,693,757,829,469,536,494,383,684,921,976,837,727,1206,1247,900,489,551,651,495,289,318,303,291,236,390,500,532,556,386,298,565,754,735,714,745,568,531,624,651,472,483,44,38,33,36,Default,
145106,693,755,827,468,534,494,383,684,921,977,837,728,1206,1246,900,491,551,651,497,290,319,304,292,236,392,500,533,557,386,300,563,754,737,717,746,569,533,626,654,473,485,43,37,34,37,Default,
145122,691,755,825,468,533,492,381,684,920,975,836,727,1204,1244,898,489,551,650,495,290,317,302,290,236,391,501,534,559,388,301,567,756,737,717,746,570,534,629,655,474,486,42,38,33,37,Default,
145138,691,754,825,467,532,490,381,682,919,974,833,723,1202,1240,895,487,548,648,493,281,309,294,281,231,390,501,533,557,387,300,567,755,737,716,746,572,532,627,655,474,485,43,38,33,37,Default,
145154,690,753,825,467,531,491,379,679,917,973,833,721,1199,1239,891,484,544,643,489,277,303,286,276,227,385,493,526,551,382,294,561,750,732,709,740,560,528,621,649,469,478,43,37,33,37,Default,
145170,690,754,825,468,534,493,381,679,917,972,830,718,1198,1238,889,480,543,641,487,267,293,278,266,219,382,489,522,546,377,290,555,742,723,700,733,556,523,616,642,464,471,45,39,33,36,Default,
145186,692,756,826,468,535,493,381,679,917,974,830,718,1198,1238,888,480,541,640,486,262,287,273,261,216,381,486,521,542,373,287,551,737,717,692,729,553,522,612,637,460,468,41,36,31,34,Default,
145202,694,758,829,468,538,495,381,679,919,974,831,719,1199,1239,889,479,541,640,485,261,286,271,261,214,381,486,521,543,373,287,547,733,714,689,725,549,520,611,634,455,465,41,36,32,35,Default,
145218,695,758,829,470,538,496,381,679,920,975,831,720,1200,1240,889,480,541,640,486,258,286,272,261,215,381,489,522,545,375,288,547,736,715,691,726,549,521,613,635,455,466,41,36,31,34,Default,
145234,697,760,830,470,539,497,382,679,920,976,833,717,1202,1242,890,481,543,642,489,261,287,273,263,216,383,489,522,547,377,289,548,737,717,691,725,549,520,613,635,456,467,41,36,32,35,Default,
145250,698,761,833,472,540,499,384,683,922,977,834,721,1203,1243,891,482,543,644,489,262,289,275,265,216,383,490,524,547,377,290,551,737,717,692,724,551,519,612,635,455,467,41,35,32,34,Default,
145266,700,763,834,472,545,500,385,682,922,978,833,721,1204,1243,891,483,545,643,488,262,288,274,265,217,381,490,522,544,376,288,547,734,712,690,723,550,517,609,634,456,466,36,32,29,30,Default,
145282,702,766,836,474,548,503,389,684,924,981,834,723,1204,1245,891,481,544,644,487,261,289,274,263,215,381,488,522,543,374,286,545,732,710,686,721,548,519,608,628,453,464,37,33,28,31,Default,
145298,703,767,837,475,550,506,387,683,924,979,833,721,1204,1243,889,481,542,642,486,258,286,270,261,212,379,484,517,538,372,286,541,727,706,682,719,545,516,603,626,452,462,39,29,28,30,Default,
145314,704,767,839,476,551,506,387,684,925,981,835,722,1204,1245,890,481,544,642,485,259,288,273,263,215,381,487,519,541,374,286,544,729,708,684,721,550,518,607,628,453,464,37,33,28,30,Default,
145330,704,769,839,478,553,507,388,686,925,982,835,723,1205,1246,892,483,544,644,488,260,289,273,263,216,381,488,521,543,374,286,545,731,710,685,722,549,519,609,629,456,464,37,32,28,31,Default,
145346,706,769,840,479,553,509,389,686,928,983,837,724,1206,1247,893,484,546,646,489,263,290,276,266,219,381,489,522,543,376,288,543,733,712,687,724,551,521,610,631,456,465,38,33,29,30,Default,
145362,708,773,841,479,557,511,391,688,929,986,838,725,1208,1249,895,485,547,646,489,262,292,277,266,219,383,489,522,543,377,289,547,733,712,686,723,554,522,612,631,456,465,37,33,28,32,Default,
145378,712,775,844,480,562,513,392,688,931,986,838,726,1210,1252,896,485,548,646,491,263,291,277,266,217,381,488,518,540,375,287,545,730,709,684,721,551,519,609,628,454,464,38,32,28,30,Default,
145394,714,779,846,482,563,515,393,689,932,987,838,728,1210,1252,895,485,547,646,489,262,292,277,266,215,379,484,515,536,373,283,542,727,704,678,717,544,516,603,621,451,459,36,29,27,30,Default,
145410,717,782,849,484,565,517,393,690,934,987,839,728,1212,1256,896,485,547,646,489,263,291,277,266,217,378,484,515,534,370,283,540,725,703,676,714,546,515,602,618,448,459,37,32,27,29,Default,
145426,719,785,851,485,567,518,397,691,936,991,841,729,1214,1258,898,485,548,647,489,264,293,280,268,219,379,485,515,536,372,285,541,725,703,676,713,548,516,602,618,451,459,36,32,27,30,Default,
145442,725,787,854,485,570,521,396,693,939,994,842,731,1216,1261,901,486,549,650,491,266,295,281,270,220,381,485,518,538,373,286,543,729,705,677,717,547,516,604,620,453,460,36,30,28,29,Default,
145458,725,787,854,484,571,519,395,694,940,994,844,733,1217,1261,902,489,550,650,492,269,298,284,273,223,382,489,519,541,376,287,544,731,708,682,721,551,518,607,622,454,462,37,30,27,30,Default,
145474,725,787,852,485,570,520,397,692,939,994,844,733,1217,1261,901,487,550,650,493,271,301,286,275,224,381,489,522,543,377,288,545,732,709,684,721,548,518,607,624,454,464,36,30,28,30,Default,
145490,727,788,855,485,571,521,397,695,941,997,845,734,1219,1264,903,489,551,651,494,270,299,285,274,223,384,489,522,543,376,288,543,733,709,684,720,551,519,607,623,455,464,38,32,28,31,Default,
145506,732,792,858,488,574,524,398,694,943,999,847,732,1222,1266,903,490,552,652,494,270,298,286,274,223,382,489,519,542,376,286,544,731,709,682,718,549,518,607,622,452,463,37,31,29,30,Default,
145522,732,794,860,489,575,524,399,697,946,999,849,735,1222,1267,906,493,554,655,495,269,299,285,274,222,382,489,519,540,376,286,544,729,706,682,716,547,517,605,619,452,461,37,29,27,30,Default,
145538,732,795,861,488,574,525,399,696,947,1003,849,737,1223,1268,907,491,554,655,497,270,299,283,275,221,381,488,519,538,373,286,541,727,704,678,712,547,517,601,616,451,460,35,29,27,29,Default,
145554,733,795,862,489,576,526,399,697,948,1003,850,737,1224,1269,907,492,555,657,497,270,300,286,275,222,382,488,519,538,374,286,543,727,704,678,712,547,516,604,617,451,460,37,32,27,29,Default,
145570,734,795,862,489,576,526,399,698,948,1003,850,738,1223,1269,907,493,557,659,499,271,300,287,276,223,383,489,520,540,374,287,544,730,707,681,714,548,518,607,618,453,462,35,29,27,29,Default,
145586,733,792,859,488,576,525,399,697,946,1003,850,737,1223,1268,909,494,558,659,500,271,302,288,278,224,382,489,520,542,376,286,543,731,708,682,715,548,520,607,620,456,462,36,30,28,30,Default,
145602,731,792,858,489,574,523,399,697,946,999,850,737,1223,1268,907,493,557,659,499,273,302,286,277,224,382,488,520,541,375,286,546,730,707,682,715,547,518,608,620,455,461,36,31,27,30,Default,
145618,733,793,858,488,575,524,399,698,946,1001,849,736,1223,1268,906,495,556,659,499,270,300,286,276,223,382,488,519,539,373,284,545,729,707,680,712,547,519,607,617,454,460,39,32,27,30,Default,
145634,734,795,861,489,576,526,397,698,947,1003,849,737,1223,1268,907,493,556,659,499,271,300,286,276,221,381,487,518,538,372,283,544,728,704,678,704,544,518,605,615,451,460,36,29,27,29,Default,
145650,739,799,864,492,579,528,401,702,949,1003,851,740,1226,1270,907,494,558,659,500,271,301,287,276,223,382,487,517,536,371,284,545,727,702,675,702,544,516,603,612,449,459,36,30,26,29,Default,
145666,741,802,868,493,580,529,402,703,952,1007,853,742,1229,1273,911,497,563,663,502,277,306,293,281,226,383,488,518,536,372,284,547,729,705,677,704,546,518,605,613,451,459,36,32,27,30,Default,
145682,742,804,869,494,582,530,404,704,954,1009,857,746,1231,1276,916,500,566,669,505,284,316,301,290,232,385,492,522,541,378,287,550,734,711,684,713,546,522,609,618,455,463,37,31,27,30,Default,
145698,741,802,869,495,583,530,404,705,955,1012,858,746,1234,1278,918,502,568,671,507,287,320,306,295,236,389,499,530,548,381,290,554,740,717,688,719,550,525,614,623,457,465,37,32,27,30,Default,
145714,741,801,866,493,581,530,404,706,955,1011,858,746,1235,1278,918,502,569,671,509,290,325,309,298,239,391,502,534,553,385,291,555,745,722,693,721,551,526,617,626,460,467,37,33,29,30,Default,
145730,741,801,868,495,581,530,404,706,955,1012,858,747,1235,1277,919,504,570,672,509,291,323,309,298,237,392,501,534,554,385,292,557,746,723,693,723,552,527,619,627,460,467,37,33,29,32,Default,
145746,742,802,868,495,583,530,404,706,956,1012,858,744,1234,1278,920,503,569,671,509,291,323,310,298,238,392,502,534,552,386,293,556,745,721,693,722,551,526,617,626,461,466,37,31,28,31,Default,
145762,746,806,870,496,583,532,406,708,957,1013,860,748,1235,1279,919,504,570,672,510,290,323,308,298,239,393,503,533,552,385,293,556,744,721,692,722,551,526,618,626,460,467,37,31,28,30,Default,
145778,750,809,873,497,584,533,406,708,958,1015,861,750,1236,1281,920,505,571,673,509,291,324,308,299,238,393,503,534,552,386,293,559,745,722,692,721,551,528,617,626,460,467,37,29,28,30,Default,
145794,749,809,874,497,584,534,406,709,958,1016,862,750,1236,1281,921,505,571,674,510,293,326,313,302,241,393,505,536,555,386,293,559,747,723,695,724,551,528,621,628,460,468,37,33,29,31,Default,
145810,745,804,870,497,584,532,406,710,958,1015,863,751,1236,1281,924,506,572,675,512,301,335,321,310,246,396,506,538,557,390,294,564,751,729,701,730,555,531,624,634,464,470,37,32,28,32,Default,
145826,741,800,866,493,580,530,406,708,956,1012,862,750,1235,1281,925,507,573,675,513,304,337,323,314,248,397,509,542,562,393,297,567,755,734,708,733,558,534,629,640,470,474,38,33,29,33,Default,
145842,738,797,862,494,578,530,406,706,952,1007,858,746,1232,1276,921,505,569,673,511,304,336,323,313,248,395,507,539,560,393,296,567,756,733,707,732,556,533,629,642,468,473,40,29,31,29,Default,
145858,738,796,862,495,580,530,406,707,953,1011,862,750,1235,1279,924,507,572,675,513,304,338,324,314,249,398,510,542,563,395,298,568,758,737,711,737,560,537,634,644,471,476,38,33,30,32,Default,
145874,741,799,864,496,580,530,406,708,955,1011,862,750,1236,1281,924,507,572,675,513,304,338,323,314,248,397,510,543,563,395,298,567,758,737,709,736,559,536,633,642,470,476,40,31,29,33,Default,
145890,745,802,867,497,582,534,409,709,957,1014,862,752,1237,1282,925,508,573,675,513,305,339,325,315,249,398,510,543,564,396,298,569,758,738,709,737,560,537,632,642,470,476,39,33,29,33,Default,
145906,746,803,868,498,584,533,408,711,958,1015,864,754,1238,1283,927,509,574,676,515,307,340,327,317,250,399,510,543,564,396,298,571,760,738,711,737,559,538,634,644,472,476,38,33,30,32,Default,
145922,744,801,867,497,584,532,407,708,957,1015,865,751,1237,1283,928,509,573,676,515,308,342,328,319,251,400,510,543,564,396,299,568,761,740,713,738,559,538,634,646,472,478,39,33,31,33,Default,
145938,742,800,865,497,582,530,407,710,957,1014,863,754,1238,1281,928,509,574,677,515,310,343,330,319,252,402,513,546,568,397,299,572,763,742,716,741,563,538,636,648,473,480,39,33,30,33,Default,
145954,739,797,863,496,581,531,409,708,954,1012,862,749,1236,1281,927,508,572,678,515,310,344,331,320,253,402,514,547,569,399,302,573,766,744,717,742,562,539,638,649,472,482,38,33,30,33,Default,
145970,740,798,863,497,581,530,408,710,955,1011,863,753,1237,1281,928,509,574,677,516,310,344,330,322,252,402,514,548,571,400,302,575,766,746,718,742,563,540,638,650,475,483,41,31,30,33,Default,
145986,742,799,865,497,580,530,408,709,956,1012,862,751,1237,1281,926,508,575,677,515,310,343,331,319,254,402,514,547,571,400,302,573,766,746,719,744,564,539,638,650,474,483,40,34,30,32,Default,
146002,743,800,866,497,583,532,408,710,957,1013,864,754,1239,1281,928,509,575,678,516,310,343,330,320,253,402,514,546,570,400,303,575,766,746,718,743,565,542,639,650,476,482,39,33,30,33,Default,
146018,746,801,866,497,581,531,409,711,957,1014,866,754,1238,1283,928,510,576,678,515,310,345,331,323,254,403,515,548,571,402,303,576,766,747,720,744,564,542,640,651,476,484,37,33,30,33,Default,
146034,742,800,866,497,581,532,409,711,957,1014,865,754,1238,1284,929,509,575,678,516,313,346,334,323,255,403,516,549,572,402,304,578,769,749,723,746,567,543,642,654,476,486,40,33,31,33,Default,
146050,737,794,862,496,580,530,408,708,953,1011,864,751,1236,1281,928,509,575,679,516,313,348,335,326,257,403,517,551,572,403,306,578,772,752,727,750,569,545,644,656,480,489,41,33,31,33,Default,
146066,733,788,857,493,576,526,406,706,949,1006,862,750,1233,1278,927,509,574,678,514,315,349,336,327,254,403,518,552,576,402,307,576,774,754,729,751,572,546,646,660,483,491,42,35,31,37,Default,
146082,730,786,854,493,573,526,404,705,947,1003,859,749,1231,1276,926,509,572,676,516,314,347,334,324,257,404,516,552,576,405,309,578,773,754,729,753,574,547,647,662,483,493,41,36,31,35,Default,
146098,730,787,854,493,573,524,405,705,948,1002,859,749,1231,1274,926,508,572,675,515,312,347,335,324,257,404,518,552,576,406,309,579,775,754,729,752,573,549,649,662,483,493,41,37,33,36,Default,
146114,734,789,858,493,575,524,405,706,949,1004,860,750,1232,1277,927,508,573,677,516,312,348,335,326,256,404,518,552,578,403,309,578,775,756,730,753,572,549,648,663,483,493,41,35,33,35,Default,
146130,737,791,859,495,577,527,406,708,951,1007,862,751,1234,1279,928,509,573,677,517,315,348,335,326,257,405,519,552,577,406,310,580,775,754,731,754,574,550,650,663,484,494,42,36,32,36,Default,
146146,737,791,860,496,578,527,407,709,953,1009,863,752,1235,1281,929,509,574,678,517,316,352,340,331,263,406,520,555,580,408,310,580,778,758,733,756,576,551,650,664,485,495,44,37,33,36,Default,
146162,736,790,858,494,576,526,407,708,950,1007,863,753,1235,1281,931,510,576,679,518,323,356,345,335,265,406,521,556,580,408,312,583,781,763,738,760,578,551,653,667,488,497,43,37,33,37,Default,
146178,725,782,851,490,568,522,404,705,947,1003,862,749,1232,1277,932,509,575,679,518,325,360,349,339,269,408,522,558,582,410,314,588,790,771,746,765,584,556,659,673,493,503,43,38,33,37,Default,
146194,717,775,845,485,558,514,400,698,941,997,858,742,1229,1271,927,506,573,675,517,325,359,348,339,269,407,524,559,584,412,315,588,792,771,750,767,584,558,661,678,495,506,43,38,35,37,Default,
146210,715,775,845,484,555,511,397,698,939,995,858,743,1227,1266,925,506,572,674,515,323,358,347,337,268,408,524,559,584,414,318,588,793,774,750,767,586,559,663,679,497,508,45,37,35,38,Default,
146226,717,775,845,485,558,511,398,698,939,996,858,741,1227,1267,924,505,572,674,514,322,355,345,335,267,408,523,560,585,414,318,588,793,774,750,768,587,559,663,679,497,507,44,39,36,38,Default,
146242,719,778,847,487,559,514,400,701,942,999,858,746,1228,1271,928,507,572,675,515,323,358,346,336,267,409,526,559,584,414,318,590,794,775,751,769,589,560,665,680,497,508,45,39,35,37,Default,
146258,724,780,850,489,563,518,402,703,945,1001,861,750,1231,1276,932,509,575,678,518,327,361,352,340,270,410,526,561,587,415,318,592,796,777,753,771,587,561,665,681,498,509,42,37,35,38,Default,
146274,725,781,852,491,567,519,404,706,946,1005,863,751,1234,1281,933,512,576,680,521,332,367,356,344,274,412,528,563,588,416,319,594,800,780,757,774,590,562,667,683,499,510,45,39,35,38,Default,
146290,724,781,852,490,566,519,403,707,948,1006,864,753,1236,1283,936,514,579,684,522,334,369,359,346,277,413,531,566,592,421,322,596,804,784,759,777,595,567,671,688,503,513,45,37,35,39,Default,
146306,725,781,851,490,564,518,403,707,948,1006,865,755,1237,1285,936,514,580,684,523,336,370,360,347,277,413,532,567,592,422,323,598,804,786,760,779,595,567,673,689,505,514,45,40,37,38,Default,
146322,725,781,852,490,564,518,404,707,949,1006,864,754,1237,1284,938,515,580,684,523,335,371,359,347,277,414,532,566,593,422,323,597,804,784,759,779,595,567,673,688,504,514,43,40,36,38,Default,
146338,725,783,852,492,567,519,405,707,949,1006,864,754,1238,1285,937,514,579,684,523,335,369,359,347,276,414,532,567,594,423,323,597,802,783,757,778,594,567,674,688,504,514,45,40,35,38,Default,
146354,724,780,849,489,562,517,402,706,948,1005,863,753,1236,1281,937,512,577,683,522,335,369,359,347,274,412,533,568,596,424,324,598,804,785,760,779,595,567,674,688,505,514,46,39,36,39,Default,
146370,721,779,850,489,560,516,403,706,947,1004,865,755,1239,1287,941,515,580,686,525,339,375,364,352,281,417,535,571,597,427,327,601,811,795,766,785,600,572,680,696,508,518,45,40,35,39,Default,
146386,714,770,840,483,551,509,398,702,944,1002,864,752,1236,1284,941,514,581,686,526,343,377,368,355,283,416,536,572,600,427,327,603,816,802,771,787,603,577,684,701,510,520,45,41,37,40,Default,
146402,708,762,833,477,541,499,394,698,939,998,863,749,1232,1277,939,514,580,685,525,346,379,370,356,283,417,539,576,602,431,330,605,819,808,776,791,605,573,683,700,513,520,47,42,37,41,Default,
146418,703,761,831,473,535,495,390,697,937,994,859,746,1231,1274,936,514,580,684,526,344,379,369,356,286,417,539,576,603,432,331,606,820,809,779,794,609,578,688,704,514,524,47,42,37,41,Default,
146434,704,759,830,473,535,495,390,697,936,992,858,746,1230,1272,933,513,579,683,524,344,377,368,355,286,418,539,577,605,433,332,607,821,808,778,794,611,577,685,704,515,525,46,42,38,41,Default,
146450,706,761,832,475,536,497,391,699,938,994,860,747,1231,1272,936,514,579,685,525,344,378,368,353,285,418,539,576,604,435,332,608,821,808,779,795,609,579,687,705,516,526,47,41,40,42,Default,
146466,708,763,834,476,542,499,393,699,939,995,861,746,1231,1275,936,514,580,684,525,344,379,368,356,286,418,539,576,604,433,332,607,821,809,779,795,613,573,684,701,513,521,48,43,33,42,Default,
146482,709,766,836,479,543,501,395,701,941,998,862,750,1233,1276,940,515,580,686,526,347,382,373,360,287,418,540,576,605,435,331,610,825,812,783,798,613,580,689,708,518,526,48,43,37,41,Default,
146498,708,763,835,477,538,499,393,702,940,998,864,751,1234,1277,941,516,582,687,526,352,385,376,363,290,420,543,581,609,436,333,612,829,818,787,801,611,580,692,710,521,529,48,42,38,41,Default,
146514,707,762,833,475,537,497,393,701,940,996,862,750,1234,1276,941,517,582,687,528,353,387,377,365,291,422,547,584,613,441,337,613,835,824,793,808,616,585,697,717,524,532,49,42,38,41,Default,
146530,703,758,829,472,534,493,391,699,937,994,861,748,1232,1274,941,516,582,687,527,353,387,378,365,292,422,547,585,613,441,337,613,836,825,795,809,619,587,699,718,525,535,49,41,38,41,Default,
146546,701,758,829,471,531,492,389,698,936,992,861,747,1231,1272,941,515,581,685,526,355,387,379,365,290,422,547,585,613,443,339,613,837,826,796,810,619,588,700,721,527,537,49,45,40,43,Default,
146562,704,758,829,472,532,492,389,698,937,991,861,748,1231,1272,941,515,580,685,526,352,387,377,364,291,422,547,585,613,443,339,614,836,826,796,811,621,588,702,721,527,537,49,44,40,43,Default,
146578,704,759,830,472,534,493,390,698,938,991,861,747,1231,1272,940,515,580,685,526,352,386,377,364,291,423,547,585,613,444,339,615,836,825,795,811,621,588,700,718,527,537,49,44,39,43,Default,
146594,705,760,830,472,533,493,389,700,938,992,861,749,1231,1272,941,515,581,686,526,354,389,381,367,292,423,547,587,613,444,339,615,838,827,798,811,621,588,701,720,527,538,51,45,40,43,Default,
146610,702,758,828,471,531,490,389,698,936,992,861,747,1231,1272,941,516,581,686,526,356,389,381,368,294,423,550,588,616,447,339,617,843,832,802,815,625,591,704,723,529,541,51,44,41,44,Default,
146626,695,749,820,465,522,483,385,695,932,986,857,746,1229,1270,938,516,580,686,526,357,392,383,369,295,426,554,592,620,451,344,620,845,836,807,819,626,593,707,726,531,544,49,45,40,43,Default,
146642,688,742,811,462,518,480,383,689,926,982,851,744,1225,1266,938,514,580,684,526,358,392,384,369,294,426,554,593,620,451,345,619,849,840,811,820,629,595,708,730,533,543,49,45,41,43,Default,
146658,686,739,810,461,518,480,382,688,924,979,849,742,1223,1266,936,514,577,683,524,357,393,384,370,297,427,555,594,621,454,346,620,849,841,812,820,630,593,707,730,534,545,52,45,41,44,Default,
146674,686,738,810,462,518,479,382,689,923,979,850,741,1223,1264,934,514,578,682,523,360,391,384,370,297,426,555,595,622,455,345,621,850,841,813,820,631,592,708,730,534,547,51,47,42,45,Default,
146690,688,742,812,464,520,481,384,691,926,981,852,744,1225,1266,936,514,579,683,525,359,393,385,371,296,427,555,594,623,455,348,622,852,843,815,821,631,593,709,731,534,547,53,45,41,46,Default,
146706,691,744,816,464,520,482,385,692,928,983,854,742,1227,1268,937,516,580,687,527,360,393,385,373,297,427,556,594,623,456,347,623,852,844,815,822,632,595,710,731,534,547,51,47,42,45,Default,
146722,688,742,812,464,520,480,384,692,927,982,854,746,1228,1268,940,519,583,690,529,362,396,389,373,299,430,558,599,626,457,348,630,858,850,820,825,636,597,715,737,536,551,52,46,41,45,Default,
146738,680,733,804,460,514,476,382,689,918,974,850,745,1225,1266,940,518,582,688,529,369,402,395,380,301,432,563,604,633,460,355,631,866,860,830,828,642,601,720,745,538,559,52,47,42,45,Default,
146754,671,721,791,456,510,472,381,682,912,966,845,739,1221,1264,939,517,581,685,528,375,406,400,385,306,431,563,604,634,460,358,634,869,864,837,832,650,603,723,751,540,567,52,45,42,46,Default,
146770,663,712,783,450,501,464,375,679,906,961,841,735,1216,1256,936,516,580,684,526,374,406,399,385,306,431,563,606,636,462,359,635,870,867,839,834,654,605,728,754,542,571,52,47,41,45,Default,
146786,660,709,781,446,497,461,373,675,903,957,838,733,1213,1255,932,514,577,681,524,372,402,396,381,303,431,563,607,637,464,360,634,871,868,840,835,651,605,727,754,543,572,54,44,42,46,Default,
146802,663,710,783,447,499,462,374,676,903,958,839,732,1213,1254,932,514,577,681,524,368,402,396,379,304,431,564,607,637,464,360,634,871,867,840,836,653,605,727,754,543,570,52,48,42,45,Default,
146818,664,714,785,450,502,466,376,678,904,960,839,733,1214,1256,934,515,577,682,526,372,403,397,381,304,432,566,608,638,464,360,636,873,870,841,836,654,606,729,754,544,572,53,48,43,46,Default,
146834,664,714,786,451,502,465,377,679,907,961,841,736,1216,1257,936,517,580,684,528,377,409,404,388,307,435,567,610,641,466,361,638,876,874,845,838,653,610,733,759,546,574,57,49,46,48,Default,
146850,662,710,783,449,500,463,375,679,905,961,841,734,1216,1258,938,519,581,686,529,378,410,406,390,310,435,568,611,640,465,363,641,879,878,851,841,659,612,737,765,550,580,57,52,46,50,Default,
146866,658,703,778,443,495,459,372,676,901,959,841,734,1214,1256,937,518,581,692,526,379,410,407,390,309,432,565,608,637,462,362,639,881,880,854,838,659,609,737,764,545,580,57,51,44,53,Default,
146882,655,700,775,443,493,456,371,675,899,957,839,735,1213,1254,938,519,581,687,530,382,413,408,393,310,435,568,613,642,467,365,646,885,885,858,843,663,612,740,771,550,583,58,53,47,51,Default,
146898,656,701,776,443,493,456,371,677,899,957,840,735,1214,1255,938,518,581,686,529,381,413,407,393,311,436,569,613,644,468,367,648,887,886,858,844,663,612,738,771,549,584,60,53,48,53,Default,
146914,659,702,778,444,493,457,371,676,900,957,840,733,1212,1254,936,520,580,685,529,382,412,407,393,313,435,571,613,645,469,366,647,887,887,858,844,663,610,738,771,551,584,58,53,48,52,Default,
146930,659,703,778,445,493,458,372,676,900,958,840,737,1215,1256,938,518,583,687,529,383,414,410,395,313,438,571,615,646,471,368,650,889,888,861,847,661,612,740,772,551,584,58,51,49,51,Default,
146946,654,697,772,440,489,452,368,675,896,957,839,732,1213,1256,937,520,582,687,530,389,418,415,399,317,436,570,616,646,470,367,650,891,893,865,849,664,614,745,779,554,588,58,53,49,52,Default,
146962,642,685,761,431,477,443,363,667,889,949,834,730,1210,1251,934,518,580,686,527,389,421,417,401,319,436,572,615,647,470,368,652,895,895,870,852,671,617,744,783,553,591,58,53,48,52,Default,
146978,632,676,754,425,471,437,358,659,883,942,830,725,1206,1244,929,518,580,686,526,391,422,418,402,319,433,571,616,648,468,370,649,895,896,873,853,675,616,742,785,555,594,59,53,47,51,Default,
146994,628,674,750,425,468,435,357,659,881,938,829,724,1206,1245,932,518,580,686,528,390,422,418,403,321,435,572,617,650,470,372,650,898,899,874,854,679,617,748,787,556,596,62,54,49,53,Default,
147010,632,678,754,425,471,437,359,662,884,942,832,726,1208,1247,932,518,581,687,529,390,422,418,403,320,436,573,618,650,472,373,652,899,899,875,854,679,617,748,787,556,596,62,57,51,54,Default,
147026,638,684,762,430,478,443,362,665,889,947,834,731,1211,1252,937,521,584,688,531,392,422,418,404,320,438,574,619,651,472,372,654,899,899,875,854,675,618,746,786,555,594,62,53,51,55,Default,
147042,642,691,768,435,483,447,366,671,895,952,839,736,1217,1259,942,526,589,695,537,393,422,419,404,322,439,576,620,652,472,372,656,901,901,875,854,675,620,748,787,556,594,62,55,50,55,Default,
147058,646,693,769,436,485,450,367,673,897,953,841,739,1219,1262,945,528,592,699,540,395,427,423,408,323,441,577,622,655,472,374,657,902,904,878,856,677,623,751,789,557,595,62,56,51,55,Default,
147074,645,689,766,435,482,449,367,672,896,953,841,739,1220,1263,947,530,595,700,542,396,427,426,409,325,442,578,625,657,473,375,660,906,907,881,857,680,623,754,791,558,599,62,54,51,55,Default,
147090,642,686,764,434,480,446,366,671,895,951,839,738,1219,1262,947,530,594,701,543,401,430,428,412,327,442,578,625,657,472,375,660,907,907,883,858,684,623,755,793,559,600,62,58,51,56,Default,
147106,641,684,762,434,480,445,365,671,894,952,840,738,1218,1261,948,530,594,701,543,401,431,430,413,327,443,580,626,659,473,375,662,907,910,885,858,684,625,757,795,559,599,62,56,51,55,Default,
147122,642,687,763,434,480,447,365,671,895,953,841,739,1219,1262,948,530,594,702,543,402,431,430,412,327,443,580,626,659,473,375,660,906,909,883,858,680,626,756,794,559,598,64,57,51,54,Default,
147138,645,691,769,438,485,451,368,675,898,957,842,741,1222,1264,948,531,596,703,544,402,431,430,413,327,443,582,626,659,474,375,663,905,908,882,856,679,623,755,792,559,595,63,57,51,55,Default,
147154,651,696,775,441,489,454,371,680,902,961,845,746,1225,1267,949,534,596,704,544,404,431,430,414,327,444,580,626,659,474,373,663,906,909,880,855,678,623,755,791,558,596,62,58,52,56,Default,
147170,656,704,781,445,493,460,374,684,907,964,848,750,1228,1272,953,534,598,704,546,405,433,432,414,327,446,581,626,659,475,375,666,907,909,883,858,679,625,756,791,558,596,62,54,51,56,Default,
147186,659,707,783,447,494,460,375,686,907,965,849,749,1229,1271,953,536,599,705,547,408,435,433,415,330,446,582,626,660,476,375,667,909,910,884,858,679,626,758,793,559,596,62,58,53,56,Default,
147202,658,704,782,447,494,460,375,687,907,965,849,751,1229,1272,955,537,599,706,547,406,435,434,416,330,447,582,629,662,475,375,671,912,913,886,858,683,629,760,795,560,597,63,58,52,56,Default,
147218,659,704,781,447,494,460,376,686,907,965,849,751,1229,1271,954,537,600,706,547,410,434,435,416,330,448,584,629,663,475,377,670,911,915,887,858,680,630,760,796,559,596,63,58,53,57,Default,
147234,661,708,785,448,497,462,377,688,909,966,851,753,1230,1272,954,538,599,705,547,409,436,437,418,330,447,584,630,663,476,376,671,911,913,885,859,680,627,758,795,560,596,63,56,52,57,Default,
147250,666,717,792,452,502,468,380,692,913,970,854,754,1232,1276,956,538,601,708,547,408,436,435,417,330,448,584,630,662,474,375,671,911,911,883,858,679,626,756,791,558,594,64,58,53,58,Default,
147266,674,727,799,456,510,472,383,696,920,977,857,758,1235,1279,959,539,602,708,549,410,435,435,417,328,452,583,630,662,472,374,671,910,911,880,855,673,624,754,786,555,590,64,56,52,57,Default,
147282,679,733,806,460,514,476,386,700,926,984,862,760,1239,1284,960,540,603,708,550,409,438,435,417,329,450,584,630,661,472,373,673,910,911,878,853,673,623,751,781,555,588,63,58,52,56,Default,
147298,684,737,812,463,518,480,386,703,929,988,865,764,1241,1287,961,541,604,709,549,410,437,435,418,329,451,584,630,661,472,373,674,909,909,876,852,671,622,749,779,556,585,64,58,52,57,Default,
147314,688,741,815,464,519,481,389,704,932,990,867,766,1243,1289,962,543,605,710,551,410,437,435,417,329,452,585,630,662,472,373,673,908,908,875,851,671,622,749,777,556,582,65,58,53,57,Default,
147330,691,744,818,466,521,482,389,706,933,991,867,767,1244,1290,964,543,605,711,551,410,437,435,416,328,451,585,630,663,472,373,671,907,905,872,850,671,623,749,777,555,583,64,58,53,57,Default,
147346,694,747,822,467,522,484,390,707,934,993,869,767,1245,1291,963,543,605,710,551,409,436,434,416,326,451,584,628,659,471,369,670,903,900,869,848,667,620,744,772,552,579,62,58,52,55,Default,
147362,697,750,825,469,523,486,391,709,937,995,870,768,1246,1291,962,543,605,711,549,407,434,431,412,322,451,583,626,658,468,366,666,900,895,859,842,659,617,740,764,550,574,62,56,51,54,Default,
147378,702,755,829,472,529,489,392,713,940,998,871,771,1247,1293,962,544,605,711,550,406,433,428,411,323,451,582,631,653,466,362,664,895,891,855,838,655,613,734,758,547,568,54,46,43,47,Default,
147394,705,758,833,474,533,493,394,713,943,1000,874,772,1250,1297,964,545,607,712,551,406,433,429,411,323,451,583,625,657,468,364,668,898,892,858,839,654,616,737,760,549,568,56,51,46,50,Default,
147410,708,762,837,477,535,496,397,717,946,1003,877,776,1253,1300,967,546,608,713,551,410,435,433,414,324,452,584,626,658,470,365,671,900,895,860,842,655,619,738,762,551,571,58,49,47,51,Default,
147426,711,764,839,478,538,498,399,719,949,1006,878,775,1256,1302,967,547,609,713,551,410,436,434,415,326,453,584,628,659,471,365,671,900,895,861,842,657,616,738,762,552,570,53,53,46,51,Default,
147442,713,769,842,482,544,500,402,721,950,1009,881,779,1257,1305,970,550,609,714,551,409,437,434,415,326,454,584,629,659,469,364,671,899,893,858,841,655,617,736,760,550,567,59,52,46,50,Default,
147458,720,773,848,486,551,510,406,723,954,1013,883,782,1260,1309,972,549,610,717,552,412,437,433,415,324,454,584,627,658,468,364,668,895,888,853,841,650,614,733,755,549,561,58,51,47,49,Default,
147474,724,780,855,493,559,515,410,729,960,1018,885,785,1263,1312,973,551,611,717,552,410,437,433,415,324,454,584,626,655,467,360,667,891,883,849,837,651,612,728,750,548,559,55,52,45,49,Default,
147490,735,788,862,497,567,522,414,735,965,1024,888,791,1268,1316,974,552,612,717,552,411,438,435,416,324,456,584,626,655,468,360,669,890,880,845,837,649,611,724,746,547,558,55,49,45,48,Default,
147506,740,791,865,502,574,528,416,740,971,1028,891,795,1272,1319,976,552,613,717,551,412,439,435,416,322,457,585,626,656,468,361,670,891,882,845,836,645,610,724,746,547,556,56,49,45,49,Default,
147522,742,795,866,504,576,530,418,742,975,1032,894,795,1274,1322,978,554,615,719,554,414,441,438,419,326,457,587,629,657,468,361,672,893,883,847,838,647,612,725,748,547,557,58,49,45,48,Default,
147538,746,798,868,505,579,532,420,744,976,1032,895,798,1275,1321,977,555,616,719,554,415,441,439,419,325,458,587,629,658,468,362,671,893,883,847,838,648,612,725,747,547,557,54,49,45,49,Default,
147554,751,802,872,507,584,535,422,746,979,1037,898,800,1275,1324,978,555,617,721,554,416,441,438,419,324,460,588,630,658,468,362,671,891,882,845,834,644,610,724,745,544,555,55,47,45,49,Default,
147570,759,811,878,511,590,541,425,750,984,1042,901,803,1279,1328,981,556,617,721,555,414,441,438,419,324,459,587,628,658,467,361,671,889,878,841,833,646,609,721,742,543,553,56,51,45,49,Default,
147586,768,819,885,503,596,547,427,755,992,1050,904,807,1283,1334,979,557,618,722,555,415,443,439,420,323,460,585,626,655,464,360,671,887,875,834,830,645,607,717,737,538,549,53,48,43,47,Default,
147602,776,829,891,506,601,551,430,760,999,1056,908,811,1286,1339,982,559,620,724,555,416,442,439,419,322,459,583,624,651,460,357,667,881,866,829,826,640,601,708,729,534,545,49,45,41,44,Default,
147618,782,836,897,518,605,555,431,763,1004,1060,912,814,1290,1343,982,561,620,725,555,415,441,439,420,322,459,585,625,652,461,358,668,882,868,829,826,640,601,708,729,534,546,51,45,41,45,Default,
147634,784,837,899,519,607,559,433,766,1006,1065,914,815,1291,1345,986,561,622,726,556,415,440,439,418,323,460,585,627,654,462,358,668,882,870,833,827,642,599,709,731,535,547,51,46,41,45,Default,
147650,783,837,899,519,608,559,434,766,1006,1063,912,815,1292,1344,986,560,619,726,555,416,441,444,417,323,459,585,625,652,463,360,670,884,871,833,830,643,605,713,733,538,548,52,46,42,45,Default,
147666,780,833,897,517,605,555,431,761,1002,1062,912,813,1291,1343,985,560,621,725,555,414,439,438,418,321,457,584,624,652,460,357,666,878,866,829,825,638,600,708,727,536,544,49,42,43,44,Default,
147682,784,837,899,520,609,559,435,763,1004,1062,912,814,1286,1341,980,557,616,721,553,413,439,437,418,322,458,583,624,651,460,356,667,877,866,828,825,640,597,704,726,536,543,51,44,39,42,Default,
147698,787,841,899,521,611,561,433,762,1005,1062,910,812,1289,1343,980,557,619,721,551,410,436,433,414,318,452,576,617,645,452,346,659,865,855,817,818,631,589,692,716,530,534,49,45,40,43,Default,
147714,793,845,907,528,620,572,439,768,1010,1067,914,816,1291,1345,979,559,618,721,549,411,437,435,415,319,453,573,612,638,450,345,655,858,845,808,812,629,583,684,707,524,531,52,45,41,43,Default,
147730,798,851,911,535,630,580,443,771,1017,1073,916,820,1296,1349,981,561,620,724,551,409,435,431,413,315,451,571,609,634,445,342,648,848,834,798,804,618,576,676,697,518,526,50,45,40,43,Default,
147746,804,858,916,537,636,584,446,775,1021,1077,919,825,1299,1351,979,560,621,725,551,409,435,432,414,315,451,571,608,632,443,341,648,843,829,795,803,617,573,671,692,513,524,49,41,39,41,Default,
147762,807,862,920,540,639,588,447,776,1023,1080,920,826,1301,1357,981,562,621,726,551,411,437,435,416,317,453,572,609,634,445,342,651,846,833,796,803,617,575,673,694,515,523,51,45,40,43,Default,
147778,808,864,921,542,641,588,448,779,1026,1082,922,828,1305,1359,982,563,624,729,554,413,439,436,417,319,454,572,610,634,447,343,654,849,834,800,804,618,575,675,696,515,524,49,45,41,44,Default,
147794,813,866,924,544,643,592,449,779,1028,1086,921,829,1305,1360,981,564,625,729,554,414,439,438,418,317,454,572,611,635,447,343,652,848,835,797,804,617,575,674,696,515,523,49,45,40,43,Default,
147810,813,868,927,546,646,594,451,779,1029,1086,922,829,1306,1360,982,565,624,730,553,412,438,436,416,317,452,571,609,632,443,340,650,841,826,793,800,613,571,668,689,514,518,48,43,39,42,Default,
147826,816,871,928,547,651,596,451,779,1030,1086,921,828,1306,1359,980,563,623,729,551,409,435,432,413,313,450,567,605,628,440,335,642,833,813,783,793,608,563,659,679,507,512,46,41,37,41,Default,
147842,818,877,932,551,658,602,454,779,1033,1087,921,828,1309,1362,981,562,623,728,551,406,431,428,410,310,447,566,601,626,436,334,636,825,807,775,787,602,564,658,678,502,507,47,40,36,38,Default,
147858,822,881,935,555,662,607,457,783,1037,1090,924,831,1311,1365,981,565,626,731,554,406,432,428,410,310,449,566,601,626,436,333,636,826,804,773,786,601,563,655,675,501,505,43,38,33,37,Default,
147874,823,883,936,558,667,612,458,783,1039,1094,925,831,1314,1368,978,563,625,729,551,410,435,432,414,311,449,567,604,627,439,334,638,827,808,775,787,601,565,659,677,501,507,43,39,35,37,Default,
147890,826,886,938,559,668,613,460,784,1040,1095,925,833,1316,1369,983,565,627,733,556,414,438,437,417,314,452,570,607,631,441,337,642,833,812,779,791,605,570,663,681,506,511,46,37,35,37,Default,
147906,825,883,936,559,667,611,460,782,1038,1094,927,833,1315,1369,984,563,628,732,556,414,440,438,418,317,451,571,607,633,443,338,643,835,816,783,791,606,570,667,684,509,514,45,39,37,38,Default,
147922,825,883,937,559,667,613,460,782,1040,1094,928,833,1315,1368,987,563,628,733,558,414,439,436,417,314,453,572,607,633,443,338,644,835,815,783,791,607,571,667,684,507,514,45,40,35,38,Default,
147938,824,882,937,557,667,612,459,779,1036,1094,926,833,1316,1368,986,562,626,730,555,414,438,435,415,312,451,570,608,632,441,337,639,833,813,779,788,606,569,664,681,505,511,45,40,37,39,Default,
147954,831,889,941,565,673,617,464,784,1042,1098,927,834,1317,1371,986,565,626,730,555,406,435,430,411,310,451,570,605,629,438,335,640,829,808,775,783,605,566,660,677,498,505,45,41,36,39,Default,
147970,831,894,945,569,679,622,466,787,1046,1101,928,837,1321,1372,986,565,626,730,554,410,435,431,412,310,451,568,605,630,438,334,638,828,806,773,782,603,563,650,679,497,505,45,39,36,38,Default,
147986,837,895,945,572,681,624,468,792,1049,1104,930,841,1322,1375,990,568,630,733,556,413,438,436,415,311,453,572,608,633,437,335,641,829,808,774,783,601,576,663,679,498,508,45,37,36,38,Default,
148002,834,891,944,572,681,623,468,792,1049,1104,932,842,1323,1377,993,569,632,737,559,420,446,443,422,319,458,576,613,638,447,341,654,846,830,792,795,609,575,671,688,509,517,45,40,37,39,Default,
148018,825,879,934,565,672,616,465,787,1044,1101,932,841,1321,1379,996,569,631,738,561,423,448,447,425,322,461,582,621,647,453,345,660,857,845,806,804,615,579,684,700,518,525,47,41,37,41,Default,
148034,816,867,923,559,663,608,459,783,1039,1096,932,838,1319,1372,997,569,631,738,562,421,445,445,424,321,462,586,626,653,456,350,664,867,854,815,809,621,589,693,710,523,530,48,45,39,41,Default,
148050,812,864,920,558,659,604,460,783,1036,1094,932,838,1319,1371,998,571,633,739,563,421,447,446,426,323,464,588,626,654,459,351,669,873,858,819,812,624,595,700,717,526,534,49,42,39,41,Default,
148066,814,866,921,558,660,605,461,783,1038,1094,932,839,1320,1373,999,569,632,738,563,421,447,446,427,323,464,588,627,655,460,352,671,874,862,820,812,624,594,700,717,528,534,48,44,39,42,Default,
148082,817,869,924,561,665,608,463,786,1042,1098,934,840,1322,1376,1002,570,633,739,564,422,449,447,427,323,466,588,630,656,460,352,672,878,863,821,814,624,596,701,718,528,534,49,42,39,43,Default,
148098,820,873,927,563,667,610,464,787,1044,1101,936,843,1326,1380,1003,570,634,740,563,419,447,444,424,323,467,591,632,659,461,354,673,881,867,826,814,626,597,704,720,529,536,48,43,39,42,Default,
148114,821,871,926,561,666,609,464,787,1044,1102,937,840,1326,1382,1003,572,636,742,567,420,445,446,423,324,467,592,634,659,464,356,676,887,875,830,820,630,605,713,726,534,539,49,44,39,43,Default,
148130,815,866,923,559,660,605,463,788,1042,1100,937,843,1328,1383,1007,573,638,744,568,421,448,447,425,325,470,597,639,665,466,360,683,896,886,841,826,639,613,723,737,541,546,52,45,41,45,Default,
148146,802,855,912,548,645,592,456,782,1037,1095,936,840,1325,1380,1009,576,640,749,571,418,446,446,425,325,468,597,638,667,461,360,687,903,893,851,833,646,621,733,750,543,554,49,47,42,45,Default,
148162,790,841,901,538,632,580,450,778,1031,1088,934,835,1322,1376,1011,576,640,750,573,419,446,445,427,325,466,595,634,664,453,359,691,910,902,861,834,650,625,739,757,546,558,56,48,43,46,Default,
148178,786,836,896,535,626,574,447,776,1027,1083,934,836,1320,1374,1011,575,638,748,572,421,447,447,428,326,465,592,634,663,451,360,692,912,906,866,837,652,627,743,761,548,561,56,45,43,47,Default,
148194,787,837,899,535,626,574,447,778,1028,1085,933,835,1320,1375,1011,574,638,748,572,421,447,447,429,327,465,593,634,663,451,361,694,914,908,866,837,655,628,745,762,551,563,58,49,44,47,Default,
148210,791,840,901,537,628,576,449,779,1030,1088,936,837,1322,1376,1012,575,639,749,573,424,448,449,431,327,465,592,634,662,451,360,696,916,910,868,838,655,629,746,763,551,564,55,49,44,48,Default,
148226,791,841,903,538,629,577,449,781,1032,1089,937,839,1323,1377,1015,578,640,750,574,421,448,448,431,327,465,592,636,663,452,362,700,919,914,872,840,657,633,751,767,553,567,55,49,45,48,Default,
148242,791,841,903,538,630,577,450,782,1032,1090,937,840,1323,1379,1015,579,642,752,576,423,448,448,431,328,467,594,635,663,451,362,703,921,917,878,843,659,634,753,771,554,567,58,49,45,48,Default,
148258,788,837,899,534,625,573,447,779,1028,1088,937,838,1323,1378,1018,576,641,751,576,427,451,452,434,331,464,589,633,659,447,361,702,924,924,885,845,663,635,757,776,555,573,58,53,47,51,Default,
148274,783,833,895,530,619,566,444,777,1027,1085,936,837,1322,1377,1018,576,641,752,576,430,455,456,436,333,465,592,636,663,447,364,707,930,931,891,848,668,638,760,782,557,577,60,54,49,53,Default,
148290,781,833,894,529,617,566,445,778,1025,1084,936,837,1321,1377,1019,579,642,753,579,427,453,455,435,333,467,594,638,666,451,367,708,932,932,892,849,673,640,763,785,558,580,64,58,52,56,Default,
148306,782,832,894,530,617,565,444,778,1026,1084,936,837,1322,1376,1019,577,639,752,580,428,454,456,435,333,468,595,638,668,453,366,708,932,933,893,851,671,641,766,785,560,580,63,58,52,56,Default,
148322,783,833,895,530,619,566,445,778,1027,1085,937,837,1322,1376,1020,577,642,753,581,429,456,457,438,333,468,596,639,669,454,368,709,933,934,894,852,671,642,766,787,561,580,62,58,52,57,Default,
148338,784,833,895,531,619,567,445,779,1027,1086,938,837,1322,1377,1020,580,644,754,582,430,455,456,436,334,468,596,638,669,453,367,712,935,934,895,853,671,642,767,788,562,582,63,58,52,56,Default,
148354,781,829,892,529,617,564,444,778,1024,1083,935,835,1322,1376,1019,578,645,756,584,431,456,457,438,333,467,595,638,667,449,365,711,936,936,899,851,672,643,770,791,561,585,62,58,51,56,Default,
148370,771,820,884,525,609,559,441,775,1020,1079,934,835,1320,1375,1019,580,644,756,583,434,457,460,439,335,467,595,638,667,449,365,711,938,940,901,855,672,644,769,794,563,586,64,58,53,58,Default,
148386,766,815,879,523,605,555,439,770,1017,1076,931,830,1319,1373,1019,578,642,754,583,435,458,462,439,337,465,595,638,667,447,365,709,938,939,903,855,673,645,768,796,564,590,63,61,53,58,Default,
148402,765,816,879,524,606,555,440,771,1018,1076,932,833,1318,1373,1019,576,642,753,583,435,460,462,438,335,465,594,636,668,450,365,708,938,939,903,857,673,643,768,795,563,588,62,59,53,57,Default,
148418,770,818,882,524,609,556,441,775,1019,1077,933,837,1320,1375,1021,577,642,754,583,434,460,462,442,337,468,596,640,669,451,367,713,940,941,904,857,676,645,769,795,566,588,66,58,54,58,Default,
148434,771,820,884,526,609,558,442,777,1021,1078,935,838,1322,1377,1022,580,642,754,584,438,460,460,442,338,469,598,640,670,454,368,715,942,943,905,859,678,647,771,796,567,591,66,60,53,58,Default,
148450,766,817,881,525,608,557,441,774,1019,1078,933,837,1323,1380,1023,580,645,758,586,437,461,463,442,339,469,597,642,669,452,368,717,945,947,910,860,679,649,775,800,567,594,66,61,54,59,Default,
148466,758,808,873,521,600,549,437,771,1015,1073,932,837,1320,1377,1024,582,646,760,588,437,460,464,442,338,468,596,641,668,447,368,717,947,949,914,861,683,651,779,808,567,598,65,60,54,61,Default,
148482,753,802,868,514,591,543,433,767,1011,1069,928,833,1319,1374,1023,580,646,758,588,438,460,463,443,340,467,597,638,668,448,369,718,949,951,917,863,688,652,780,812,568,601,65,60,53,58,Default,
148498,750,800,866,514,589,541,431,767,1008,1068,928,833,1318,1373,1024,582,645,758,588,440,465,467,446,342,466,595,639,667,447,369,720,949,953,918,863,689,654,781,813,569,604,68,62,55,60,Default,
148514,753,803,869,515,592,543,434,768,1009,1069,929,834,1319,1374,1023,583,645,758,588,444,467,468,447,344,468,597,642,669,449,369,718,951,954,920,866,689,655,780,812,571,604,67,62,56,60,Default,
148530,760,808,874,519,599,548,437,773,1013,1073,932,837,1322,1378,1026,583,645,759,590,443,468,469,448,344,468,597,642,669,450,371,721,951,953,920,866,689,653,778,810,570,603,67,62,56,61,Default,
148546,765,812,877,522,603,552,439,775,1019,1076,934,838,1323,1380,1028,585,647,760,591,446,468,470,449,344,469,600,642,671,451,370,723,953,953,920,866,688,653,779,809,571,603,68,62,56,60,Default,
148562,766,814,878,525,605,554,440,777,1020,1077,936,840,1324,1380,1031,590,650,765,595,445,468,469,448,343,470,597,641,670,449,371,725,954,956,921,866,689,656,783,814,571,605,68,62,56,61,Default,
148578,765,812,878,522,603,552,439,775,1019,1077,936,839,1324,1380,1029,587,648,764,593,446,470,472,451,344,470,600,641,671,451,371,725,956,957,922,867,691,659,787,817,573,606,68,63,56,61,Default,
148594,764,809,874,521,600,549,438,773,1015,1074,932,838,1323,1377,1028,585,648,762,592,447,468,470,449,344,469,600,641,671,451,370,726,958,959,926,868,692,659,787,818,574,609,66,62,56,60,Default,
148610,761,808,874,520,597,547,437,772,1012,1072,932,838,1321,1375,1027,586,647,762,592,448,471,472,451,345,472,601,642,673,454,373,725,958,961,925,870,695,659,787,819,574,608,67,62,56,60,Default,
148626,761,808,875,518,600,548,436,772,1011,1072,932,835,1320,1374,1025,585,646,762,590,447,470,470,449,344,470,601,642,673,455,373,726,957,960,924,869,695,657,786,817,573,609,70,62,55,60,Default,
148642,763,810,876,521,600,550,438,773,1013,1073,932,837,1321,1374,1027,585,646,761,592,447,470,471,450,344,471,601,644,674,456,373,726,957,959,924,870,696,659,786,817,573,610,67,62,56,61,Default,
148658,764,812,878,522,601,551,439,773,1015,1073,932,839,1322,1376,1028,585,646,761,590,447,472,473,451,344,472,602,645,674,456,375,729,960,961,926,871,696,660,788,819,575,611,67,62,56,60,Default,
148674,762,808,875,520,598,548,438,772,1013,1072,932,839,1322,1375,1028,588,647,762,592,449,473,474,453,346,472,603,645,675,456,376,729,961,964,928,871,698,661,790,820,574,613,65,60,53,59,Default,
148690,755,803,869,516,592,543,434,769,1007,1068,928,835,1320,1371,1026,588,646,762,591,449,472,474,453,346,472,603,646,675,459,377,729,961,965,931,872,700,659,791,823,576,615,64,59,53,59,Default,
148706,745,793,861,508,580,534,427,764,1000,1059,924,832,1315,1367,1023,584,644,758,588,448,473,474,453,346,471,602,645,676,458,377,727,962,966,932,874,702,660,791,824,576,617,66,60,52,59,Default,
148722,742,790,857,505,575,530,425,761,995,1053,920,829,1312,1363,1021,582,642,757,587,447,471,473,452,347,470,600,644,675,459,377,725,961,965,931,874,704,659,791,824,576,618,66,59,53,58,Default,
148738,743,790,858,505,576,530,425,761,994,1053,920,829,1311,1362,1019,581,641,754,585,447,472,473,452,347,471,601,644,675,459,378,725,960,965,930,873,703,659,790,823,576,618,67,60,54,59,Default,
148754,745,791,860,506,576,530,426,760,994,1054,920,829,1311,1361,1020,581,641,754,584,444,469,470,450,343,471,601,646,677,457,378,724,959,963,930,872,703,659,790,823,576,618,66,61,55,60,Default,
148770,746,792,860,507,577,531,427,761,995,1054,921,829,1312,1362,1021,580,641,754,586,443,470,471,451,344,471,602,646,678,460,379,725,960,965,931,874,706,659,792,824,576,620,66,62,55,60,Default,
148786,742,789,857,505,572,530,424,758,992,1051,920,827,1310,1360,1020,580,640,752,585,444,470,470,451,345,471,603,646,678,461,380,724,960,963,932,876,706,662,793,828,579,621,66,61,55,59,Default,
148802,732,780,847,496,559,518,417,750,982,1042,912,819,1303,1353,1014,578,638,751,583,445,470,472,451,344,468,601,646,679,462,380,722,958,965,931,878,702,659,793,827,579,621,64,58,53,57,Default,
148818,725,772,841,490,552,509,412,747,978,1037,910,815,1299,1349,1011,576,635,749,580,444,468,470,451,346,467,601,646,676,462,379,721,958,964,932,876,702,659,794,828,580,621,66,60,53,59,Default,
148834,724,770,838,490,552,510,412,744,975,1036,907,812,1297,1347,1008,575,634,748,580,443,468,470,450,344,468,601,646,678,462,380,721,957,963,932,877,701,659,793,828,580,622,65,59,54,58,Default,
148850,725,774,841,493,555,513,414,746,976,1037,909,816,1297,1348,1011,576,635,748,581,443,469,469,450,345,468,601,646,678,463,381,719,957,962,931,878,703,659,794,827,580,621,67,62,56,61,Default,
148866,728,777,846,493,558,514,415,747,978,1039,910,817,1300,1348,1011,574,635,748,580,441,466,468,449,344,467,601,646,678,462,380,720,957,963,930,878,703,659,792,826,579,621,66,62,56,62,Default,
148882,731,778,848,497,561,518,417,750,981,1040,912,817,1301,1350,1012,576,635,749,581,442,467,468,450,345,469,601,647,679,463,381,721,957,962,932,878,706,661,794,827,580,622,67,63,56,62,Default,
148898,731,779,848,495,559,517,416,749,981,1040,912,818,1301,1350,1013,576,636,749,582,443,466,470,451,345,471,604,647,679,464,382,721,960,964,932,879,705,662,795,829,581,625,67,63,56,61,Default,
148914,725,773,841,490,553,509,412,742,975,1035,910,812,1296,1347,1010,572,632,746,578,440,467,468,450,343,468,601,646,678,463,381,719,957,963,931,878,705,661,795,828,580,621,67,62,53,62,Default,
148930,724,771,840,491,555,510,414,745,975,1036,908,814,1295,1345,1009,575,634,748,580,443,469,470,451,347,469,604,648,679,465,383,721,959,965,934,879,707,661,796,830,582,625,66,62,55,59,Default,
148946,721,769,837,491,551,509,412,742,972,1035,907,812,1293,1342,1007,573,633,744,578,443,468,468,449,346,469,603,648,679,465,384,721,958,964,933,880,708,661,794,829,581,626,68,62,55,61,Default,
148962,723,771,840,491,553,509,413,743,974,1035,908,812,1293,1342,1007,573,632,743,579,439,466,467,447,345,468,602,647,679,464,383,721,960,963,932,879,708,659,795,829,581,625,66,62,56,60,Default,
148978,725,775,843,493,555,512,414,744,976,1036,909,812,1293,1343,1007,571,631,742,577,438,464,466,447,344,468,603,648,679,464,383,720,956,961,929,878,707,660,795,829,581,625,67,62,56,62,Default,
148994,729,779,847,497,560,517,415,746,976,1038,909,814,1293,1344,1009,570,630,742,577,436,463,464,446,344,468,601,647,675,464,381,717,953,958,928,878,706,657,791,825,580,622,67,62,55,60,Default,
149010,734,782,851,500,565,520,418,746,978,1039,910,814,1296,1345,1008,571,630,741,576,434,460,461,443,342,468,600,646,675,464,381,717,951,957,927,878,706,656,790,822,580,621,66,62,56,61,Default,
149026,734,783,850,499,565,520,418,746,978,1039,910,813,1294,1345,1008,571,630,741,577,435,460,462,443,342,468,600,646,675,464,381,717,953,957,927,878,708,656,791,823,580,621,68,64,56,62,Default,
149042,733,780,849,496,559,517,416,745,975,1036,908,811,1292,1343,1007,568,629,737,576,432,458,460,442,339,467,600,645,676,464,381,715,952,959,927,877,705,657,791,824,580,621,69,63,56,60,Default,
149058,730,779,848,495,558,514,415,744,975,1036,907,808,1289,1340,1005,567,626,735,572,430,456,457,441,339,466,599,644,675,461,381,714,950,954,924,878,708,656,790,822,580,621,68,62,57,62,Default,
149074,729,778,846,494,559,515,414,742,974,1036,906,806,1289,1338,1002,564,625,733,572,425,451,452,435,335,464,596,642,671,461,379,711,946,950,922,874,704,651,784,819,578,620,68,63,58,62,Default,
149090,732,780,850,497,563,518,417,742,975,1036,907,807,1289,1339,1001,563,625,734,571,423,451,452,435,335,462,594,639,669,460,378,705,943,948,918,873,701,650,781,814,577,616,68,62,57,62,Default,
149106,736,784,854,501,568,523,419,743,978,1038,907,807,1291,1339,1001,563,625,733,570,419,449,449,434,335,460,593,637,667,459,376,698,936,941,912,870,696,644,772,806,575,613,66,62,56,60,Default,
149122,739,788,858,503,572,526,421,747,981,1041,909,810,1293,1343,1004,565,626,734,571,420,451,451,434,335,462,595,638,668,461,377,701,937,939,911,871,696,646,773,806,575,611,66,62,55,61,Default,
149138,740,787,858,501,570,525,420,747,982,1041,910,811,1295,1343,1006,564,626,736,572,421,451,453,436,335,463,595,639,668,463,377,700,937,940,911,872,695,647,774,806,575,612,70,61,55,60,Default,
149154,738,787,856,501,570,525,421,745,979,1039,909,809,1293,1343,1004,564,626,735,572,420,451,452,436,335,462,594,638,667,460,377,701,936,938,910,871,696,646,774,807,576,611,66,62,55,60,Default,
149170,736,786,855,501,568,524,419,743,978,1038,906,807,1292,1341,1003,563,625,735,571,417,448,448,432,331,460,593,638,667,460,377,697,934,936,906,870,696,644,771,804,574,609,66,62,55,60,Default,
149186,737,787,856,501,569,524,419,742,978,1039,907,807,1291,1340,1003,563,625,734,570,417,447,447,431,331,460,592,635,665,459,375,692,932,933,903,868,689,641,766,797,572,605,68,62,56,61,Default,
149202,738,787,858,501,571,525,420,742,979,1040,907,807,1291,1341,1002,563,624,733,570,415,445,445,430,331,459,591,634,663,457,373,691,928,928,898,866,688,638,762,792,570,602,66,61,54,59,Default,
149218,743,791,862,505,576,530,422,746,982,1041,907,808,1293,1341,1001,563,625,734,569,411,443,442,427,328,460,591,634,663,456,372,689,923,923,893,862,685,635,758,786,567,598,66,62,54,59,Default,
149234,749,798,867,509,580,533,424,749,986,1044,909,810,1296,1343,1003,564,626,734,570,412,443,443,428,327,459,589,632,661,454,371,688,920,919,889,859,680,633,754,783,566,595,61,53,49,54,Default,
149250,750,801,870,509,584,535,426,751,989,1048,911,812,1297,1345,1003,565,626,737,571,413,443,443,429,330,460,591,633,663,456,372,691,921,920,890,862,683,635,756,783,567,596,61,55,49,54,Default,
149266,753,801,870,509,584,536,427,751,990,1047,912,812,1297,1345,1004,565,626,736,572,413,444,443,429,329,460,592,634,663,456,372,690,922,920,891,862,684,635,757,784,567,596,60,56,49,55,Default,
149282,751,801,870,510,584,534,426,750,988,1045,911,811,1295,1345,1004,564,625,734,570,414,443,443,428,327,461,591,634,663,457,372,690,920,920,891,860,680,634,757,784,567,596,62,55,50,54,Default,
149298,750,802,870,509,584,534,426,750,987,1045,910,809,1294,1343,1002,561,622,732,568,409,441,439,425,326,459,590,633,662,455,371,688,919,917,887,860,681,634,755,783,567,595,60,55,49,54,Default,
149314,754,802,870,511,586,536,426,750,987,1045,908,809,1293,1340,999,560,621,729,567,407,438,437,422,324,458,588,630,660,455,368,685,914,909,879,857,678,630,750,779,564,592,61,55,50,54,Default,
149330,757,805,875,514,591,542,429,751,990,1048,910,810,1293,1343,999,560,621,730,566,406,438,436,420,321,458,587,628,658,450,369,680,909,904,874,854,678,629,747,774,561,589,61,53,49,53,Default,
149346,761,810,879,518,599,547,432,754,992,1052,912,808,1296,1344,1000,559,622,730,567,404,435,433,418,321,456,586,627,656,451,368,678,906,900,869,849,675,626,744,770,560,586,57,53,46,51,Default,
149362,763,814,882,521,604,550,435,755,998,1057,915,813,1298,1347,1003,563,623,732,568,406,438,436,422,323,458,586,629,657,452,368,680,907,902,871,851,677,629,746,771,561,587,58,53,47,51,Default,
149378,766,816,883,521,604,551,435,756,998,1057,916,815,1298,1347,1005,564,624,733,570,409,440,439,423,323,460,588,630,659,454,371,683,910,904,873,852,676,630,749,772,562,585,58,49,47,51,Default,
149394,766,816,883,522,604,551,435,757,998,1058,916,814,1299,1347,1004,563,624,732,569,408,441,439,423,323,460,589,631,660,455,370,681,909,904,874,853,680,629,749,774,562,589,58,53,47,52,Default,
149410,766,816,884,522,603,551,435,757,998,1058,916,814,1298,1347,1003,562,623,731,568,406,439,436,422,323,459,588,630,659,454,370,681,909,903,872,853,679,630,747,772,563,588,58,53,47,51,Default,
149426,766,814,883,518,601,551,433,754,996,1055,913,810,1294,1343,1000,558,620,727,563,402,433,430,417,319,456,585,626,655,449,366,675,902,895,862,847,674,625,740,765,559,584,57,51,41,48,Default,
149442,773,821,890,524,608,555,437,758,999,1060,916,813,1298,1347,1002,561,621,729,567,402,434,430,416,318,456,584,626,654,447,366,675,899,892,859,847,672,622,736,761,555,580,55,51,45,49,Default,
149458,779,829,895,527,614,559,439,760,1003,1063,919,817,1302,1351,1005,563,622,730,567,403,435,431,416,318,457,585,625,654,446,364,676,899,887,857,845,667,619,733,756,552,576,57,51,46,49,Default,
149474,783,831,898,529,616,563,441,762,1006,1064,920,820,1305,1353,1007,564,625,732,567,405,437,434,419,321,459,587,627,655,449,365,677,901,891,859,848,670,624,737,760,555,577,55,48,45,49,Default,
149490,783,831,898,530,615,562,441,762,1006,1065,920,819,1303,1353,1008,563,625,733,569,404,438,435,421,322,460,588,628,657,451,368,679,902,895,862,849,671,626,740,762,559,580,56,50,45,49,Default,
149506,781,829,896,530,615,562,441,762,1005,1064,920,817,1303,1351,1008,563,622,732,568,402,436,433,419,321,459,588,628,657,451,368,679,903,894,862,849,673,626,741,763,559,580,56,51,45,49,Default,
149522,781,829,895,529,615,563,441,759,1003,1062,919,817,1301,1350,1006,561,621,728,566,400,432,429,415,317,457,584,627,656,449,367,674,900,892,859,847,671,624,738,761,558,576,56,49,46,49,Default,
149538,780,829,895,529,615,561,440,758,1003,1063,918,813,1298,1347,1003,560,619,727,564,389,424,421,406,310,456,583,624,653,445,364,672,895,887,853,844,667,618,732,754,553,576,56,51,45,51,Default,
149554,783,830,896,529,615,562,439,757,1003,1062,916,809,1298,1346,998,557,616,722,560,385,419,416,402,306,453,581,621,651,442,362,664,891,883,847,840,663,617,728,752,551,573,54,49,45,49,Default,
149570,785,833,899,531,617,564,440,758,1003,1061,915,812,1297,1347,999,555,617,723,560,383,418,414,398,303,452,579,617,648,440,360,664,885,876,842,838,661,611,723,746,551,569,54,48,43,48,Default,
149586,786,833,900,531,620,565,440,758,1002,1062,916,809,1297,1346,999,556,616,722,560,384,417,414,401,306,452,580,618,649,441,360,664,885,875,842,838,661,612,724,746,550,570,53,49,44,47,Default,
149602,784,833,899,531,619,563,440,758,1003,1062,915,810,1297,1344,998,555,615,722,559,383,419,417,401,307,451,579,618,650,442,360,666,887,877,843,840,666,616,727,749,551,571,53,48,42,47,Default,
149618,781,830,898,530,617,563,439,757,1001,1061,914,808,1294,1342,995,553,611,717,557,382,420,414,398,304,451,579,617,649,441,360,664,886,877,842,840,663,616,726,749,552,569,53,45,42,47,Default,
149634,781,829,896,530,617,563,439,755,1001,1059,912,807,1292,1340,992,549,608,714,555,380,415,412,394,303,451,577,616,647,443,360,663,883,874,840,840,663,614,725,748,551,572,55,48,43,47,Default,
149650,779,829,897,530,617,563,439,753,999,1059,910,803,1289,1339,989,547,604,711,551,372,407,402,385,298,447,574,610,642,439,356,657,880,870,836,837,661,612,721,744,550,568,53,48,43,48,Default,
149666,782,829,897,530,617,562,437,753,998,1057,908,804,1288,1334,986,546,603,709,550,364,397,391,377,291,444,567,605,636,434,353,651,870,861,827,831,657,603,711,735,544,563,52,47,42,46,Default,
149682,782,829,897,530,617,562,437,754,999,1057,907,804,1286,1335,984,546,604,709,549,361,396,389,372,289,443,567,605,634,433,352,654,870,860,825,830,657,601,711,734,543,561,54,49,43,47,Default,
149698,778,827,894,529,616,562,437,751,996,1055,908,802,1285,1334,986,546,603,709,550,367,399,393,378,292,445,572,608,639,438,356,655,873,863,829,833,662,607,717,740,547,566,53,48,43,48,Default,
149714,770,818,887,526,609,555,434,749,990,1047,903,800,1281,1330,983,544,603,708,550,367,402,395,380,294,447,572,611,642,440,358,655,878,866,835,837,664,611,721,746,551,569,53,46,44,48,Default,
149730,762,810,880,521,601,549,430,745,985,1042,899,795,1275,1324,978,544,601,708,548,367,401,394,379,294,445,574,612,643,441,360,656,880,871,838,839,664,613,725,748,553,572,56,51,45,49,Default,
149746,760,808,878,518,597,546,427,742,982,1039,897,790,1272,1321,974,542,600,706,548,361,395,388,371,290,445,573,611,643,441,360,656,880,872,837,838,664,613,727,749,553,572,55,51,45,50,Default,
149762,759,808,878,516,596,546,426,741,980,1039,895,790,1271,1318,972,542,600,705,547,359,390,382,366,286,443,569,609,640,439,357,654,878,869,834,837,663,611,725,747,551,571,56,52,46,50,Default,
149778,762,809,878,518,599,546,427,740,982,1040,895,789,1271,1318,970,541,599,704,544,352,385,377,359,281,442,569,606,637,437,355,652,875,863,827,833,663,611,721,744,550,567,54,49,44,49,Default,
149794,763,811,880,519,601,549,428,741,983,1040,895,787,1271,1319,969,538,596,700,544,348,380,372,357,279,439,564,603,633,431,351,649,870,860,825,830,658,607,719,741,547,566,53,49,44,48,Default,
149810,768,816,884,522,606,552,430,744,986,1043,897,792,1273,1321,971,540,598,704,546,349,383,374,359,279,440,564,602,630,431,352,650,871,859,825,829,658,609,717,740,546,565,53,48,44,48,Default,
149826,768,815,883,522,605,551,430,746,984,1044,896,791,1274,1322,972,542,600,705,547,354,387,380,363,283,441,567,603,633,435,353,650,873,863,827,832,659,608,720,742,548,567,53,48,43,47,Default,
149842,763,811,880,520,599,547,428,745,985,1044,897,793,1276,1323,974,543,601,708,549,359,393,385,369,288,443,570,608,638,439,356,655,878,867,834,837,664,612,725,746,551,570,55,50,45,49,Default,
149858,758,806,876,514,589,540,423,740,981,1040,897,791,1274,1322,977,543,602,709,550,363,396,389,373,290,445,572,611,642,443,358,655,881,874,839,840,665,616,729,751,555,572,56,52,47,51,Default,
149874,753,801,872,511,584,537,422,740,980,1040,897,791,1273,1323,977,543,601,709,551,362,397,389,372,291,444,573,612,643,443,358,656,883,876,841,841,665,616,732,753,555,573,56,52,47,51,Default,
149890,751,802,873,512,584,536,422,739,981,1039,897,791,1273,1324,978,543,602,709,550,364,397,389,373,291,446,573,612,643,444,359,656,883,874,840,841,667,616,732,753,555,573,58,52,47,52,Default,
149906,756,804,874,512,585,538,422,741,981,1040,896,793,1275,1325,977,543,603,711,551,364,397,389,373,290,446,574,613,644,444,360,656,881,873,837,840,665,614,729,750,555,572,58,53,47,52,Default,
149922,758,805,876,514,588,540,424,742,983,1041,898,795,1276,1326,980,544,603,712,552,363,397,389,373,291,446,576,612,643,445,360,658,882,873,837,840,665,614,728,750,555,572,57,52,46,51,Default,
149938,759,807,878,515,592,542,426,746,986,1043,899,796,1276,1326,981,544,603,711,551,361,397,388,373,290,445,572,612,642,443,358,655,880,871,837,839,664,613,726,747,552,569,54,51,47,48,Default,
149954,759,806,877,514,588,540,425,743,984,1042,902,797,1280,1330,987,547,607,716,557,371,404,398,383,297,449,577,616,649,447,364,659,886,878,845,843,667,618,733,754,557,575,57,52,47,51,Default,
149970,752,802,874,511,584,537,424,742,982,1041,900,794,1277,1330,987,547,608,717,558,372,407,402,385,298,448,579,617,650,448,364,663,891,882,850,845,671,621,738,759,559,576,58,53,48,49,Default,
149986,747,795,866,509,580,533,421,739,978,1037,899,792,1275,1326,985,547,608,717,559,373,407,402,387,299,450,580,621,654,451,367,666,894,888,854,848,672,621,740,762,560,579,58,53,48,52,Default,
150002,744,791,862,505,576,530,418,737,974,1035,898,791,1273,1325,983,547,606,715,555,374,408,402,388,300,451,582,623,655,453,368,665,896,890,857,848,675,622,742,764,561,580,58,53,49,53,Default,
150018,744,791,863,505,575,530,418,737,975,1033,897,791,1273,1323,983,547,606,715,555,373,409,404,388,300,451,582,623,656,455,369,667,896,891,856,849,675,623,743,765,561,580,58,53,48,52,Default,
150034,745,792,865,506,576,530,418,737,976,1036,899,791,1275,1324,984,547,608,715,558,375,410,405,388,301,451,583,624,656,454,369,667,897,891,857,849,675,623,744,765,562,580,58,53,48,53,Default,
150050,746,795,866,507,577,531,421,739,976,1036,899,794,1276,1326,986,549,609,717,559,379,414,410,394,304,455,586,629,660,458,373,671,901,895,863,853,679,626,747,768,564,586,59,52,49,53,Default,
150066,745,791,864,505,576,529,419,738,976,1037,900,791,1277,1329,988,552,613,722,562,390,424,422,404,313,456,589,633,664,461,376,676,908,907,870,858,685,631,756,776,567,592,60,55,49,54,Default,
150082,737,784,854,497,561,518,414,737,972,1033,899,793,1275,1325,989,553,613,722,563,397,431,429,411,317,460,592,636,669,466,379,680,914,915,880,863,691,635,762,784,571,599,61,56,49,55,Default,
150098,727,775,845,493,555,512,410,731,967,1027,895,790,1272,1319,987,551,613,721,563,401,433,431,412,319,459,594,638,671,468,381,681,920,918,889,869,693,638,768,791,574,605,62,54,51,55,Default,
150114,721,769,840,489,550,507,408,729,962,1023,892,787,1268,1315,985,551,613,721,563,400,435,433,414,321,460,596,639,672,472,382,682,922,924,892,870,697,640,772,795,577,607,66,62,55,60,Default,
150130,719,769,840,489,550,507,408,728,963,1023,893,787,1268,1314,983,551,613,721,562,401,435,433,415,322,460,595,640,673,472,384,684,923,925,893,872,700,642,772,796,578,609,66,61,55,59,Default,
150146,720,769,841,489,550,506,407,729,962,1023,893,787,1268,1314,983,550,613,721,563,402,435,435,415,321,460,596,641,673,473,384,683,924,927,894,873,699,641,773,797,579,610,67,60,55,60,Default,
150162,718,767,837,488,545,505,406,727,962,1023,894,787,1269,1317,986,552,613,722,563,402,438,436,418,324,460,597,642,675,474,385,688,929,932,903,877,704,642,776,803,580,616,67,62,55,60,Default,
150178,705,754,822,479,538,497,402,721,956,1017,891,783,1268,1314,989,552,615,725,566,409,443,443,425,331,463,601,646,680,480,389,690,936,941,912,883,709,649,784,814,584,621,67,62,55,60,Default,
150194,687,735,804,468,524,485,394,710,941,1000,879,777,1261,1307,985,550,613,722,566,415,448,449,431,335,461,602,649,684,483,392,689,939,946,921,887,712,650,789,822,585,630,67,60,55,60,Default,
150210,666,708,781,451,505,469,385,700,926,987,870,766,1252,1295,977,547,612,721,564,414,449,450,432,337,459,601,649,682,483,393,689,942,952,925,890,721,652,793,827,586,634,66,61,55,60,Default,
150226,655,695,769,445,493,460,377,693,918,977,864,761,1245,1289,974,544,608,717,559,414,448,449,432,337,459,601,650,685,486,395,690,943,953,928,890,723,650,791,828,583,636,66,61,53,59,Default,
150242,652,692,768,441,490,456,374,692,913,974,863,758,1243,1286,970,543,605,715,559,414,447,448,431,335,458,601,650,685,487,396,689,942,953,928,891,722,648,791,827,585,637,67,60,56,60,Default,
150258,655,696,771,444,493,459,377,692,915,977,862,758,1243,1288,972,543,605,715,557,414,448,449,431,336,459,601,650,684,489,395,689,944,952,928,891,723,649,791,828,583,637,68,63,56,61,Default,
150274,660,701,776,447,496,460,378,694,919,979,865,760,1246,1289,973,543,605,715,558,415,449,450,433,336,460,602,650,685,488,394,690,945,953,928,890,721,648,792,828,582,638,68,63,58,62,Default,
150290,660,700,775,446,496,462,379,696,920,980,866,763,1247,1291,976,545,609,717,561,416,451,451,435,336,460,602,650,687,486,393,692,947,955,930,892,722,651,794,830,584,638,67,60,55,61,Default,
150306,656,696,772,443,494,460,377,691,915,977,864,760,1245,1289,975,544,609,717,561,417,450,451,435,338,460,602,652,687,486,394,692,946,957,932,891,724,647,791,829,583,641,66,59,53,59,Default,
150322,646,688,762,436,482,450,372,686,910,972,861,756,1242,1285,974,543,606,717,559,415,451,451,435,338,459,604,652,688,486,395,692,949,958,936,893,725,649,791,834,584,642,64,58,53,57,Default,
150338,634,679,753,427,475,442,364,679,903,966,857,749,1235,1281,968,539,604,714,557,416,450,451,435,339,458,603,654,690,488,396,690,947,959,936,893,725,649,793,833,584,643,66,60,54,59,Default,
150354,630,675,750,427,473,440,364,675,902,964,853,746,1235,1276,966,538,602,712,556,414,450,451,434,339,460,605,655,690,489,397,691,948,961,936,895,725,650,793,836,588,643,66,60,53,58,Default,
150370,628,675,751,424,473,439,364,675,902,963,854,746,1234,1275,965,538,603,711,555,414,449,451,434,338,459,605,656,690,490,397,689,947,959,936,895,726,650,793,836,587,644,67,59,53,56,Default,
150386,629,675,752,425,474,441,365,677,902,964,854,746,1234,1276,966,539,603,713,557,414,450,451,435,339,457,605,655,690,489,397,690,948,959,936,895,727,651,793,837,587,645,65,58,53,58,Default,
150402,629,676,753,425,471,439,364,675,902,963,855,745,1235,1276,966,539,604,711,557,414,453,452,436,340,460,608,657,691,491,400,691,949,961,938,896,727,650,793,837,587,645,66,59,53,58,Default,
150418,621,670,745,421,470,436,362,672,899,961,853,743,1232,1274,965,538,602,711,553,415,452,454,437,341,457,608,657,692,493,398,690,950,961,941,898,728,651,793,839,591,647,62,56,50,54,Default,
150434,613,661,737,412,458,427,356,665,891,953,849,738,1229,1270,964,534,601,708,552,415,451,453,436,341,457,605,655,689,492,397,688,950,962,942,899,724,651,795,841,591,646,62,55,51,56,Default,
150450,609,657,733,407,453,422,352,662,887,949,845,734,1227,1268,961,533,598,707,551,414,449,451,435,340,456,603,655,688,492,397,687,949,962,942,899,725,650,796,842,592,647,64,58,52,56,Default,
150466,609,659,735,408,454,422,353,662,887,951,845,735,1224,1268,961,532,597,705,549,413,449,451,434,339,456,604,655,688,492,397,687,949,961,941,899,724,651,796,841,590,647,65,58,53,58,Default,
150482,613,661,738,412,459,428,355,663,890,953,846,736,1225,1268,961,532,596,704,549,413,448,450,434,339,455,605,655,688,493,398,685,949,961,939,898,724,651,795,841,589,644,63,58,53,58,Default,
150498,614,664,740,413,459,429,355,665,890,952,847,737,1227,1268,961,533,597,705,549,413,449,451,435,340,456,604,655,688,493,398,688,949,961,941,899,725,652,798,843,592,648,64,59,53,57,Default,
150514,608,658,732,411,456,426,353,659,886,948,843,731,1225,1266,959,530,596,704,549,414,449,451,435,341,453,603,655,688,493,398,686,950,962,942,901,726,652,797,844,592,648,65,62,53,58,Default,
150530,595,641,719,398,439,412,344,655,879,942,837,728,1218,1258,954,530,594,701,547,413,449,451,435,340,451,601,652,688,493,398,682,949,961,943,902,726,653,798,845,593,650,62,53,51,57,Default,
150546,581,630,707,388,430,405,338,642,870,933,830,714,1212,1250,947,524,589,698,543,412,450,448,434,339,448,601,652,687,494,399,677,948,962,943,903,728,650,800,845,592,650,63,58,53,57,Default,
150562,576,626,703,388,430,403,338,642,869,931,827,713,1210,1247,945,521,587,693,538,407,445,444,431,338,447,600,651,687,494,400,675,947,961,941,902,729,650,794,844,591,648,66,58,52,57,Default,
150578,574,626,704,389,431,405,338,642,870,933,828,714,1211,1247,945,520,585,692,538,406,443,443,428,336,447,600,651,685,493,398,675,945,957,938,901,727,649,793,841,591,647,66,59,53,58,Default,
150594,578,634,710,391,435,406,339,644,874,936,831,717,1214,1252,947,522,587,695,538,406,442,443,428,336,447,600,650,684,493,397,675,945,957,938,899,725,649,791,841,590,645,64,59,53,58,Default,
150610,584,641,717,391,437,409,341,645,876,938,833,718,1218,1259,950,524,590,697,541,406,446,446,431,337,447,601,652,685,493,397,675,945,957,937,899,725,647,791,839,590,643,66,60,53,58,Default,
150626,587,642,718,392,438,409,342,645,878,940,835,721,1219,1260,955,526,592,700,544,408,447,447,433,338,448,601,653,686,495,398,676,948,959,941,902,725,651,793,843,592,646,65,58,53,59,Default,
150642,581,633,712,391,435,407,341,645,876,938,834,719,1217,1259,954,526,591,700,545,410,446,448,434,339,448,602,653,688,496,399,677,948,959,941,903,726,651,795,843,592,646,66,61,55,58,Default,
150658,576,627,704,387,431,403,338,640,870,934,831,717,1215,1255,953,525,592,700,546,409,447,447,433,339,447,602,653,687,497,399,677,947,958,943,903,729,650,794,843,592,646,67,61,55,58,Default,
150674,574,625,703,384,427,401,335,639,868,929,828,714,1214,1251,951,522,589,697,543,406,445,445,432,337,447,601,653,687,496,398,673,946,957,941,902,727,650,795,844,592,646,67,60,55,60,Default,
150690,575,626,704,382,428,400,335,638,867,931,828,712,1213,1249,949,521,588,695,541,403,443,443,429,336,447,601,652,687,495,398,672,945,955,939,901,725,650,793,843,592,645,66,61,55,60,Default,
150706,576,629,708,385,429,401,336,639,870,932,829,711,1214,1249,949,519,587,695,540,401,442,441,427,335,447,601,651,686,495,398,669,943,952,936,900,725,649,792,841,592,643,66,60,53,58,Default,
150722,580,634,715,388,433,404,338,640,873,936,831,713,1214,1252,949,520,587,693,539,400,439,438,423,332,445,599,650,684,493,397,667,941,950,933,897,725,649,791,838,588,642,66,60,55,58,Default,
150738,582,639,717,389,435,406,339,642,874,936,831,714,1215,1253,949,519,586,693,539,400,439,438,423,332,445,600,650,684,494,398,667,940,949,932,897,725,647,789,837,588,642,65,59,53,58,Default,
150754,582,638,717,389,435,406,339,642,874,936,831,711,1214,1251,948,518,585,692,538,400,438,438,422,331,445,599,650,684,494,397,667,941,949,932,897,725,647,790,838,589,642,63,60,53,59,Default,
150770,580,636,715,389,435,406,339,641,871,933,829,712,1212,1247,947,514,582,689,536,395,435,433,418,329,445,599,650,685,493,399,666,940,948,932,896,726,648,791,839,588,642,66,57,54,58,Default,
150786,580,636,715,389,435,406,338,637,870,932,826,706,1209,1243,941,513,578,684,531,388,428,427,413,326,443,596,647,682,492,397,663,937,945,928,895,724,644,788,835,588,642,65,59,54,58,Default,
150802,583,640,720,389,437,406,339,638,871,934,826,707,1208,1243,939,511,576,681,529,381,422,420,406,323,442,595,646,679,493,397,660,934,941,924,894,724,642,783,831,587,639,64,60,53,58,Default,
150818,589,650,728,393,440,410,341,641,874,936,828,708,1210,1244,939,511,576,681,528,378,418,414,400,316,441,594,643,677,488,395,656,929,936,918,889,721,641,779,824,582,636,63,58,53,57,Default,
150834,597,661,739,401,451,418,347,644,878,942,833,710,1213,1250,941,511,576,681,527,375,415,410,396,315,441,592,642,676,488,393,656,928,932,914,888,717,634,772,816,577,632,66,58,53,56,Default,
150850,601,667,745,405,458,425,351,647,883,945,837,716,1216,1256,943,513,578,684,529,378,418,415,399,317,441,593,642,676,488,393,659,928,933,916,889,718,635,772,817,578,630,64,59,53,58,Default,
150866,604,667,746,407,459,427,353,648,886,947,838,717,1218,1256,945,513,578,684,529,379,420,417,402,318,443,594,643,676,489,394,658,929,933,917,891,717,637,772,817,580,631,65,58,53,58,Default,
150882,604,667,747,407,460,427,352,647,883,946,837,715,1216,1256,944,514,576,683,530,378,418,416,402,318,444,595,644,677,489,394,659,929,933,916,889,719,638,773,819,579,631,67,61,55,60,Default,
150898,604,667,746,408,459,427,352,646,883,945,836,714,1215,1255,943,511,576,683,528,376,415,411,396,315,442,592,642,675,489,394,658,928,930,915,888,717,635,771,816,578,630,65,60,53,58,Default,
150914,604,668,747,408,460,427,352,646,882,945,835,714,1214,1252,941,510,575,679,526,369,408,402,387,308,439,590,639,672,486,392,654,924,927,909,885,716,630,766,811,574,626,65,61,54,58,Default,
150930,609,671,751,410,464,431,354,647,886,947,836,714,1216,1254,940,508,573,676,524,364,404,398,383,305,439,588,636,669,483,392,654,920,921,903,881,713,630,762,806,571,625,66,60,53,61,Default,
150946,613,677,757,414,469,435,357,654,889,950,837,715,1216,1256,939,506,572,675,523,360,399,393,378,302,439,587,634,665,481,390,650,915,916,895,878,709,627,758,801,568,619,64,59,49,58,Default,
150962,618,684,764,418,474,439,359,657,893,955,837,718,1217,1257,938,507,572,675,522,355,391,385,368,296,439,585,633,663,480,390,650,912,914,891,876,709,623,754,793,565,615,63,55,53,53,Default,
150978,623,689,767,421,477,443,362,660,895,957,840,721,1218,1258,940,509,572,676,522,356,391,385,368,295,439,586,633,664,481,389,653,912,915,892,877,708,623,752,795,566,617,66,59,54,58,Default,
150994,624,688,767,422,477,444,362,660,895,957,841,721,1218,1259,941,507,572,676,521,357,392,387,370,298,439,586,633,665,482,389,653,913,915,893,875,708,623,754,797,565,617,65,61,55,59,Default,
151010,623,688,767,422,477,444,362,660,895,955,840,721,1218,1258,939,507,571,675,520,356,391,385,368,295,440,587,634,664,483,390,652,914,916,893,878,712,625,754,798,567,619,66,59,54,59,Default,
151026,621,687,766,421,477,444,361,659,894,955,839,717,1217,1256,937,505,568,671,518,352,389,382,365,295,438,584,632,662,480,389,651,911,914,891,875,708,621,753,796,566,618,65,60,54,59,Default,
151042,623,688,767,422,480,444,362,659,895,955,838,717,1216,1254,936,502,566,670,516,346,381,375,358,288,438,584,629,660,477,388,650,908,907,887,873,706,622,750,794,564,616,65,58,52,57,Default,
151058,626,690,771,422,480,445,362,660,895,955,837,717,1215,1254,934,500,563,667,514,341,377,369,353,284,435,581,626,659,474,386,643,903,903,883,870,703,620,746,791,562,610,62,58,52,57,Default,
151074,629,698,775,425,481,447,363,660,898,958,839,717,1216,1255,934,501,564,667,514,339,376,368,351,284,435,580,625,656,474,385,643,902,900,878,870,700,618,744,786,562,609,62,56,51,55,Default,
151090,630,702,779,427,484,450,365,662,900,959,840,719,1218,1257,936,501,565,667,515,342,377,370,353,285,436,580,625,656,474,385,646,904,902,880,871,700,619,746,787,563,609,62,57,50,56,Default,
151106,632,703,779,426,485,451,366,664,901,961,841,721,1219,1257,937,500,565,668,515,342,379,371,354,283,436,580,626,658,474,385,646,904,902,880,871,702,621,746,788,563,609,62,55,51,56,Default,
151122,633,702,779,427,485,451,365,663,899,960,841,720,1218,1256,936,500,565,667,515,340,377,370,353,286,436,580,626,657,475,385,646,904,903,881,873,702,621,746,789,564,609,62,58,52,58,Default,
151138,632,702,779,428,485,451,365,661,900,961,839,717,1218,1256,935,497,563,666,514,337,374,366,348,283,434,580,624,655,473,384,644,903,900,879,871,700,619,745,787,563,608,64,58,51,56,Default,
151154,633,704,781,430,486,452,366,663,901,961,841,719,1218,1256,935,497,563,664,512,336,372,362,347,281,434,576,619,651,469,379,640,899,895,874,866,695,616,739,779,559,602,58,53,48,51,Default,
151170,635,707,783,432,489,454,367,665,904,962,841,719,1218,1254,933,495,562,664,511,331,369,359,344,277,429,572,614,646,465,376,637,892,887,863,863,689,613,734,771,557,598,58,52,47,53,Default,
151186,638,711,787,435,493,458,369,667,906,964,842,720,1218,1256,933,496,562,663,511,331,368,357,343,277,430,572,612,645,464,374,634,890,883,860,861,688,613,731,769,557,596,57,52,46,51,Default,
151202,641,712,787,437,496,460,372,668,907,965,843,721,1219,1257,936,497,564,666,513,331,368,358,344,278,430,572,613,646,466,375,636,890,883,862,863,688,614,733,771,559,596,58,53,46,52,Default,
151218,640,711,787,435,494,460,370,668,907,965,842,721,1219,1256,934,497,563,665,513,331,368,359,344,277,430,573,614,647,467,376,637,893,886,864,863,689,616,735,774,560,598,58,52,47,52,Default,
151234,642,711,787,435,494,459,369,667,906,964,841,717,1218,1253,931,495,562,662,509,331,367,356,342,277,430,573,615,647,467,374,636,892,887,863,863,689,614,736,773,560,599,58,53,48,51,Default,
151250,640,710,787,435,493,457,368,666,905,962,841,720,1217,1253,932,495,560,660,509,327,364,353,339,274,431,572,613,646,464,375,636,892,883,862,863,687,615,734,771,559,597,58,53,48,52,Default,
151266,640,711,788,435,493,459,368,665,904,962,839,717,1215,1252,929,493,559,659,508,322,358,348,333,272,427,567,608,640,460,371,633,887,880,858,859,685,613,733,769,555,594,58,53,48,53,Default,
151282,641,713,789,436,496,460,370,666,905,963,839,717,1215,1252,928,493,558,658,505,319,356,344,331,269,423,563,604,636,456,367,630,883,871,851,856,681,609,728,763,554,591,58,53,47,53,Default,
151298,642,713,791,439,497,462,370,669,907,965,840,718,1216,1254,928,493,559,659,506,318,353,343,328,267,423,561,601,631,453,365,626,879,870,848,851,679,608,726,762,551,588,58,52,49,52,Default,
151314,644,715,792,439,500,464,372,669,909,968,841,720,1218,1256,930,494,559,660,508,318,356,344,331,269,423,561,601,632,452,365,628,878,867,845,849,681,609,727,760,551,589,58,53,47,51,Default,
151330,646,717,795,443,501,465,374,670,911,970,842,721,1220,1258,932,495,562,662,509,320,356,346,331,270,423,562,601,632,452,366,627,878,867,846,849,681,609,728,760,551,589,58,52,46,53,Default,
151346,646,717,795,442,502,466,373,671,911,969,844,722,1221,1260,933,497,563,664,510,322,358,348,334,267,424,562,603,634,454,367,630,879,869,847,851,679,609,729,762,552,588,58,49,47,53,Default,
151362,646,717,795,443,504,466,374,671,910,969,844,721,1221,1260,934,497,563,665,512,320,358,348,334,272,424,562,604,634,454,367,629,879,869,847,851,681,610,731,762,552,587,58,51,47,54,Default,
151378,646,717,795,443,503,466,375,671,911,969,844,721,1222,1260,935,497,563,665,512,320,358,347,333,271,422,560,601,633,451,365,628,878,866,844,849,681,608,727,759,551,586,57,51,47,51,Default,
151394,646,718,795,443,503,467,374,671,912,970,843,721,1221,1260,935,495,562,663,510,315,353,343,330,267,421,559,596,628,447,361,623,874,863,840,845,675,605,721,754,546,581,58,52,46,51,Default,
151410,647,721,797,445,505,468,376,670,913,970,845,720,1222,1260,935,493,562,663,509,313,352,341,328,266,418,554,592,625,444,357,622,869,859,836,842,671,603,717,749,543,577,56,52,45,52,Default,
151426,650,724,800,443,507,470,376,671,914,974,845,719,1222,1262,935,493,562,665,511,313,351,341,328,266,418,553,592,624,442,356,621,869,858,835,842,671,602,717,750,543,577,56,51,46,51,Default,
151442,652,725,802,445,508,470,377,671,915,973,847,721,1222,1262,936,496,563,667,512,314,352,343,330,266,418,553,593,625,444,358,621,871,861,838,843,671,604,720,751,545,579,57,53,46,51,Default,
151458,651,725,802,446,507,470,376,671,915,974,846,721,1223,1263,938,497,563,666,512,314,353,343,331,269,419,556,596,627,445,361,624,874,862,840,846,678,606,722,754,547,581,58,52,46,52,Default,
151474,650,723,801,445,507,470,376,671,914,973,845,719,1222,1260,936,494,563,665,512,315,350,341,327,265,418,554,592,626,443,359,618,871,861,837,842,674,600,721,751,545,579,57,49,43,47,Default,
151490,651,725,802,446,508,470,376,671,914,973,846,721,1222,1261,935,493,562,663,510,312,352,339,328,265,418,554,593,623,444,359,623,872,861,838,844,674,605,722,753,547,580,57,50,47,52,Default,
151506,652,725,804,446,509,471,377,669,914,972,844,718,1222,1260,931,493,560,661,509,306,344,333,320,260,416,549,588,617,439,356,618,866,855,832,841,671,601,717,750,542,576,56,52,46,52,Default,
151522,656,729,808,447,510,472,377,671,916,975,845,720,1222,1261,932,493,561,662,509,303,343,332,319,257,414,548,587,615,438,355,614,861,849,826,840,667,600,713,745,541,572,57,51,45,51,Default,
151538,659,732,812,448,511,472,377,672,919,977,848,721,1223,1263,934,493,561,662,509,308,345,335,323,262,416,549,588,617,441,356,613,862,851,829,843,668,602,714,745,544,573,57,51,46,51,Default,
151554,660,734,813,448,513,474,378,675,920,979,849,722,1225,1265,936,494,562,663,509,310,350,339,327,266,418,552,591,620,443,357,618,866,854,831,844,670,603,717,748,547,574,56,51,46,51,Default,
151570,660,734,814,451,514,474,379,675,921,981,849,722,1226,1265,938,495,563,664,511,311,352,341,328,267,418,554,592,621,446,359,620,869,858,834,845,671,604,718,750,546,575,56,51,45,50,Default,
151586,663,736,814,451,514,475,380,675,921,980,850,724,1226,1265,938,497,563,664,510,313,352,342,330,265,419,554,592,622,446,358,619,868,858,834,845,669,604,718,749,547,575,55,47,45,51,Default,
151602,663,737,816,451,515,475,380,675,922,981,850,724,1227,1265,937,496,563,663,509,310,350,339,327,266,418,552,592,620,444,357,618,865,854,829,844,669,601,717,747,546,573,55,49,45,52,Default,
151618,667,739,819,451,514,476,380,677,924,982,850,725,1226,1265,936,495,562,663,509,309,346,336,324,264,417,551,588,617,441,355,615,860,847,823,841,667,601,713,743,542,570,54,49,45,49,Default,
151634,668,741,822,452,515,478,380,679,925,983,852,725,1227,1265,935,497,563,663,510,309,347,335,323,263,417,551,587,617,441,353,613,858,845,820,839,663,599,710,741,542,567,55,50,45,49,Default,
151650,671,745,825,454,516,479,381,681,928,986,854,726,1228,1268,938,497,563,665,512,312,351,340,328,266,417,551,589,617,443,355,617,860,847,823,841,664,600,713,743,543,569,55,49,45,50,Default,
151666,673,745,825,452,516,478,381,681,928,986,854,728,1229,1268,940,499,566,668,514,315,353,344,331,268,419,553,591,621,444,356,619,865,854,829,844,667,604,717,747,543,572,57,51,44,49,Default,
151682,671,743,825,451,516,478,381,681,928,985,854,728,1229,1268,940,500,566,669,514,317,355,344,331,269,420,555,592,622,446,357,621,868,858,832,845,667,605,720,747,545,573,56,51,45,51,Default,
151698,669,743,822,452,515,478,381,679,927,985,854,728,1228,1268,940,498,565,666,513,316,354,344,331,269,420,555,592,621,446,357,621,868,856,831,844,667,605,720,750,545,572,56,51,45,51,Default,
151714,671,743,823,453,516,478,381,680,927,985,854,726,1228,1268,938,497,565,666,513,315,352,342,329,266,419,553,591,621,445,356,619,865,854,826,843,667,602,717,746,544,571,54,51,45,49,Default,
151730,673,746,826,453,518,480,381,682,928,986,854,727,1228,1268,937,497,563,665,512,310,348,337,324,263,419,551,589,617,442,354,614,859,848,823,841,663,597,711,742,542,567,53,49,45,49,Default,
151746,675,748,828,456,521,482,382,683,929,987,855,727,1228,1268,936,497,564,665,512,309,345,335,323,262,416,550,587,615,440,353,613,856,843,820,837,661,594,708,738,540,566,53,49,43,47,Default,
151762,678,750,831,457,522,484,384,685,932,988,857,733,1231,1271,940,500,566,667,513,313,351,340,328,266,418,551,588,617,443,353,617,858,845,821,840,662,596,708,739,542,566,53,48,43,48,Default,
151778,678,750,831,458,524,485,385,685,932,990,858,733,1232,1273,941,501,567,670,514,317,355,344,331,268,420,553,590,619,444,354,618,863,850,825,842,664,601,713,743,544,567,54,48,44,48,Default,
151794,678,750,830,459,523,484,385,686,932,989,858,733,1233,1272,942,503,568,670,516,319,357,347,335,271,422,555,592,620,446,356,623,866,855,829,845,667,605,718,747,547,571,54,50,45,49,Default,
151810,676,748,829,458,521,483,385,685,930,989,858,732,1231,1271,941,501,567,669,515,321,358,348,335,272,422,555,593,621,447,358,623,868,858,831,846,667,605,720,748,548,572,56,52,45,51,Default,
151826,676,748,829,458,522,482,384,684,930,989,856,732,1231,1269,941,500,566,666,514,317,355,345,332,268,422,555,592,621,447,356,623,866,855,829,845,667,605,719,748,547,572,58,47,45,49,Default,
151842,678,749,829,459,521,482,384,684,930,988,856,730,1230,1269,939,499,564,667,513,315,352,341,328,266,421,553,591,620,447,356,620,863,849,825,843,665,604,716,745,545,568,55,51,45,49,Default,
151858,679,751,831,459,524,484,385,684,932,989,857,730,1231,1270,940,499,563,665,512,311,348,338,323,263,420,552,590,617,444,356,617,859,846,820,841,664,600,712,742,544,567,53,49,44,49,Default,
151874,677,753,833,459,523,484,385,685,934,990,858,733,1232,1271,938,500,566,666,513,310,347,335,322,260,418,551,588,615,442,352,615,857,843,817,839,661,599,708,738,543,564,57,47,43,47,Default,
151890,681,754,834,460,526,487,386,686,936,991,859,733,1234,1272,940,501,567,668,514,312,350,339,326,263,420,551,587,616,441,353,617,858,844,818,841,662,600,709,739,545,564,52,46,42,45,Default,
151906,681,754,833,460,525,486,385,687,935,991,858,734,1233,1272,941,501,568,668,515,315,354,344,331,268,420,553,590,618,447,354,618,861,846,823,845,665,598,712,743,547,567,53,49,44,48,Default,
151922,678,750,831,459,523,484,385,684,932,990,858,733,1231,1270,941,501,567,668,515,315,356,344,331,268,422,555,591,621,448,356,620,862,851,826,847,665,603,717,746,549,569,54,48,43,49,Default,
151938,675,747,828,457,522,482,384,683,929,985,855,730,1229,1268,939,500,565,667,513,315,353,342,330,267,422,555,593,620,449,357,621,862,853,827,847,667,605,718,747,551,570,55,49,45,49,Default,
151954,675,745,826,457,519,481,383,680,928,984,853,728,1228,1265,935,498,564,665,513,310,346,335,322,261,419,554,592,620,447,356,618,863,852,825,845,663,602,717,746,549,569,54,50,45,49,Default,
151970,676,746,827,458,521,481,383,681,928,985,853,728,1227,1264,936,498,563,663,509,305,339,328,315,257,419,551,589,617,446,355,616,860,846,822,843,665,601,715,744,547,567,55,49,45,49,Default,
151986,676,748,829,459,522,484,383,680,928,986,854,726,1227,1264,933,497,561,662,509,300,336,323,311,255,417,548,585,614,441,352,613,857,844,815,837,659,597,708,739,543,563,51,47,44,44,Default,
152002,679,751,832,460,525,485,385,683,932,987,854,729,1229,1266,935,497,562,663,510,299,336,323,311,253,417,548,584,613,439,351,614,856,841,816,839,662,600,710,740,544,565,52,46,42,46,Default,
152018,679,753,833,460,526,485,385,684,933,988,857,732,1230,1268,937,498,563,663,509,304,339,328,315,256,418,549,584,614,439,352,614,856,843,816,839,662,601,711,740,544,566,51,45,42,46,Default,
152034,682,754,833,461,526,486,386,686,934,990,858,733,1233,1271,938,501,565,666,512,309,347,335,322,263,419,551,586,616,441,353,618,860,845,820,843,664,604,713,743,547,568,52,48,43,46,Default,
152050,680,751,832,461,525,485,386,686,934,990,858,732,1232,1271,941,501,566,667,513,311,350,338,326,266,420,552,588,617,445,354,620,863,849,825,845,667,605,716,746,548,567,55,48,43,48,Default,
152066,679,749,829,461,524,484,385,685,932,988,858,733,1233,1271,941,500,566,667,514,312,349,339,327,264,420,552,589,618,444,356,620,862,849,825,846,664,604,716,746,548,568,53,46,45,47,Default,
152082,679,750,829,461,524,485,385,684,932,988,856,731,1231,1270,941,500,566,667,513,310,348,335,323,263,419,551,588,617,443,354,618,862,848,823,845,665,604,716,745,547,567,53,49,44,46,Default,
152098,679,750,831,460,524,485,385,685,932,988,856,731,1233,1270,940,500,565,667,513,308,346,334,321,261,419,551,587,616,443,352,617,859,845,820,843,663,603,713,742,547,567,53,48,45,48,Default,
152114,680,750,832,461,525,485,385,685,933,990,857,733,1233,1272,939,501,566,667,513,309,345,333,321,261,420,551,587,617,443,353,615,858,844,819,841,663,601,712,742,546,566,52,46,42,46,Default,
152130,680,752,833,462,526,486,386,687,935,990,858,733,1233,1272,941,500,567,667,514,307,344,332,320,261,419,551,588,617,442,353,616,857,841,818,841,663,601,712,742,546,565,53,47,43,45,Default,
152146,681,751,832,460,525,485,385,686,934,990,858,733,1233,1272,941,501,566,669,514,309,346,335,322,261,419,551,588,617,443,354,615,856,845,819,842,663,599,711,740,547,566,53,47,42,46,Default,
152162,679,750,830,460,525,485,385,684,932,989,858,730,1232,1272,941,501,567,669,514,310,348,337,324,264,419,552,589,618,445,355,618,860,847,821,845,663,603,713,744,548,568,54,50,45,49,Default,
152178,679,746,829,460,522,483,385,683,930,987,856,730,1231,1270,941,500,566,667,514,310,348,337,323,264,420,552,589,619,445,355,617,859,847,823,845,666,604,716,746,550,568,54,50,45,49,Default,
152194,677,746,827,459,522,483,385,683,929,987,855,729,1231,1268,939,499,565,667,514,308,345,333,321,261,419,552,588,619,445,356,617,860,846,821,843,664,602,715,745,549,568,54,49,46,49,Default,
152210,678,748,829,460,522,485,385,683,930,987,856,730,1231,1268,940,498,565,665,512,306,342,330,318,258,418,551,588,619,444,355,617,859,845,821,843,666,605,715,745,548,568,56,49,45,49,Default,
152226,679,750,831,460,526,485,386,683,928,988,855,728,1231,1269,937,497,564,665,511,304,338,328,316,258,418,551,587,617,442,353,613,857,843,819,841,663,600,713,742,547,567,53,49,45,48,Default,
152242,680,750,831,460,527,486,386,683,932,988,856,729,1231,1268,939,497,564,665,512,303,341,329,317,259,418,551,587,617,442,354,614,858,844,819,843,665,602,713,742,548,567,53,48,43,48,Default,
152258,680,750,832,462,526,486,386,684,931,988,857,732,1231,1270,941,499,564,666,514,308,345,333,321,261,419,551,588,619,444,354,617,861,846,822,844,665,604,715,745,550,569,55,47,45,49,Default,
152274,678,748,829,461,525,485,386,683,929,987,855,730,1231,1268,940,499,564,667,512,310,348,336,324,265,420,552,589,621,446,356,620,862,850,827,848,667,605,718,748,552,571,55,50,45,49,Default,
152290,673,744,825,459,524,484,385,681,928,985,853,729,1229,1268,939,497,563,665,513,310,348,337,323,265,419,554,591,621,447,356,620,865,853,829,849,671,606,720,750,553,572,58,51,45,49,Default,
152306,672,742,823,460,523,483,385,679,926,982,853,729,1228,1268,938,497,563,665,512,309,348,336,323,264,419,552,591,621,447,356,619,865,854,829,849,669,606,721,750,551,572,56,49,48,50,Default,
152322,673,743,822,458,524,483,385,679,926,983,852,727,1228,1267,937,497,563,663,511,308,344,331,319,262,419,552,590,621,447,356,619,863,853,826,848,671,605,720,748,552,572,56,51,46,51,Default,
152338,675,745,825,460,524,483,385,680,927,983,852,727,1229,1265,936,496,561,663,509,302,340,328,316,259,419,552,590,620,446,356,617,862,848,825,846,668,604,717,747,552,572,56,51,48,51,Default,
152354,678,746,829,460,522,485,385,681,928,985,854,729,1229,1267,936,496,561,662,509,305,341,329,316,260,419,551,589,621,446,356,617,862,849,825,847,668,604,717,746,551,570,55,51,45,49,Default,
152370,677,748,829,460,526,485,385,683,928,986,854,729,1230,1268,938,497,562,663,510,307,346,333,321,263,419,552,590,621,447,356,618,862,849,826,849,669,605,718,748,552,571,56,52,45,49,Default,
152386,675,746,827,460,524,485,385,680,927,984,854,729,1230,1268,940,497,564,665,512,310,348,338,323,265,420,555,592,624,449,358,620,866,855,830,850,671,607,722,750,554,575,58,52,46,51,Default,
152402,671,741,820,459,523,483,385,679,925,982,852,728,1228,1268,940,497,564,664,513,311,349,339,326,265,421,555,596,626,451,359,621,869,860,835,852,672,609,725,754,555,577,58,52,46,52,Default,
152418,667,736,816,458,520,480,384,676,921,979,850,728,1228,1266,939,496,563,663,512,311,350,339,327,267,422,558,596,627,452,360,623,872,860,838,854,676,609,727,755,556,578,57,53,48,52,Default,
152434,665,733,814,456,519,480,383,675,920,977,849,722,1227,1264,937,495,563,663,512,311,349,338,325,267,421,558,595,628,452,360,622,873,862,838,851,673,609,727,756,555,579,56,53,48,53,Default,
152450,666,735,814,456,520,480,382,677,920,977,849,725,1227,1264,935,496,563,663,509,310,348,337,324,265,422,555,595,626,451,360,621,872,862,837,853,675,609,726,756,556,577,58,53,48,52,Default,
152466,670,737,817,458,521,480,383,676,920,978,849,723,1227,1265,935,495,562,661,509,310,346,335,323,265,420,556,595,626,452,359,621,869,858,832,852,671,608,726,754,555,577,58,53,48,52,Default,
152482,671,741,822,459,522,482,386,677,923,981,850,727,1227,1265,937,497,562,663,509,310,346,335,323,265,422,555,593,626,451,359,621,867,858,832,852,672,607,725,752,554,577,58,53,48,51,Default,
152498,673,742,822,459,523,483,385,679,924,982,853,727,1227,1264,936,493,559,660,509,307,346,334,321,263,418,553,592,623,448,356,619,866,857,829,850,671,606,722,750,554,576,55,50,44,46,Default,
152514,671,741,820,460,523,483,385,679,924,981,852,729,1230,1268,940,497,563,664,512,313,351,340,327,269,422,559,596,629,453,361,625,874,863,839,854,674,611,728,756,557,580,59,53,47,52,Default,
152530,668,737,817,457,521,480,385,679,922,980,852,728,1230,1267,941,497,563,666,513,313,353,343,330,270,423,559,599,630,455,361,626,877,866,842,855,678,613,730,759,559,580,58,53,46,52,Default,
152546,667,735,814,456,519,478,383,675,920,977,850,726,1227,1264,939,497,563,665,511,315,355,344,332,269,424,560,600,633,455,363,624,876,868,841,857,678,613,731,760,559,580,59,53,49,53,Default,
152562,664,733,814,454,517,477,382,675,919,976,849,725,1227,1264,938,497,563,664,511,315,354,343,331,270,423,561,601,634,456,363,626,878,867,843,856,681,613,732,760,556,581,58,53,48,49,Default,
152578,666,735,815,456,518,478,383,676,919,977,850,725,1227,1264,937,496,563,663,511,314,354,343,330,272,425,560,600,633,456,364,626,877,868,843,856,678,613,732,760,558,581,58,53,49,53,Default,
152594,667,736,816,457,520,480,384,678,920,979,850,727,1227,1266,937,496,563,664,511,315,352,343,331,270,424,561,600,633,456,364,625,878,868,841,854,679,613,732,759,558,580,58,53,49,53,Default,
152610,669,739,819,458,521,480,386,679,924,981,852,727,1229,1266,941,497,563,665,512,314,355,344,331,271,425,562,601,632,456,364,627,878,868,844,856,679,613,732,761,558,581,58,54,47,53,Default,
152626,668,737,818,458,521,480,385,678,923,981,852,728,1230,1267,941,497,564,666,513,315,356,345,332,272,425,562,601,634,456,363,628,878,870,845,857,679,614,734,762,559,582,58,53,49,51,Default,
152642,667,736,814,456,518,479,383,678,920,977,851,728,1227,1265,941,497,564,666,513,320,358,348,335,273,426,562,603,634,458,364,629,881,871,847,857,680,614,734,763,559,584,59,54,49,53,Default,
152658,663,732,810,455,515,476,381,674,917,974,849,727,1226,1261,938,497,563,664,511,319,358,347,335,273,426,563,602,636,459,365,628,880,869,847,858,682,614,735,764,560,585,59,53,50,53,Default,
152674,662,730,808,453,514,475,380,673,915,972,847,722,1223,1256,934,497,562,663,509,313,352,342,329,270,424,562,603,636,459,364,626,880,871,845,858,681,612,735,764,560,586,59,53,49,53,Default,
152690,663,730,809,455,515,476,381,674,915,972,845,724,1222,1258,933,495,562,662,509,314,351,340,327,269,426,562,602,635,458,365,627,878,871,845,857,682,614,735,764,559,585,60,54,49,53,Default,
152706,665,733,812,455,516,477,382,675,917,974,846,725,1224,1260,933,495,561,660,509,312,348,339,326,268,424,563,602,634,459,365,626,878,870,844,857,680,612,733,761,558,584,58,53,49,53,Default,
152722,667,734,814,456,518,478,382,677,920,975,849,726,1227,1264,938,497,563,663,509,315,352,343,330,271,426,563,602,635,459,364,628,879,870,845,858,683,613,733,762,561,585,58,54,49,53,Default,
152738,667,735,816,456,518,479,383,679,921,978,851,729,1229,1266,941,497,564,665,512,321,359,349,336,274,427,563,604,638,459,365,629,882,872,848,859,682,617,737,765,561,587,58,51,49,53,Default,
152754,665,733,812,456,517,478,383,678,920,977,851,729,1231,1268,944,498,567,671,516,326,364,353,340,277,428,569,609,643,462,370,630,885,877,854,861,687,617,741,769,562,588,59,55,49,53,Default,
152770,662,729,808,454,514,475,382,677,919,975,852,729,1231,1268,945,500,567,671,517,329,368,359,345,283,431,574,615,647,468,375,634,889,883,860,866,692,621,746,775,566,595,59,54,49,54,Default,
152786,658,723,803,448,505,469,377,673,913,972,850,727,1230,1268,945,500,571,672,518,333,372,364,348,282,434,576,617,650,469,377,634,893,888,863,868,693,625,751,779,567,596,61,54,51,54,Default,
152802,655,721,800,448,506,468,377,673,912,971,849,725,1228,1266,945,500,568,671,518,332,370,360,347,281,433,576,617,650,470,377,635,893,887,863,868,694,625,751,779,567,597,60,55,49,53,Default,
152818,657,721,801,448,506,469,377,672,912,971,849,727,1228,1265,944,499,567,671,517,327,368,357,344,281,432,575,615,650,470,376,634,891,883,861,866,693,624,749,777,566,596,62,55,49,54,Default,
152834,659,725,804,450,509,472,379,675,915,972,849,728,1228,1267,945,499,567,671,518,327,368,357,345,280,432,574,617,650,469,375,634,890,882,861,865,690,621,746,775,565,595,61,54,49,54,Default,
152850,661,726,806,451,510,472,381,675,916,974,851,729,1231,1269,947,500,569,672,518,330,369,360,347,282,433,576,617,650,470,377,636,891,884,861,867,693,621,748,776,566,596,62,56,49,54,Default,
152866,661,726,805,448,509,472,381,676,916,974,852,729,1232,1270,949,501,572,674,519,335,374,364,350,285,435,577,619,652,471,378,637,895,889,866,870,697,627,754,781,569,600,62,54,50,54,Default,
152882,655,717,797,446,504,467,377,673,913,972,851,729,1229,1268,949,502,571,675,521,339,377,369,355,287,436,580,626,658,475,381,640,901,897,874,874,699,627,757,786,570,604,63,56,51,56,Default,
152898,646,702,786,438,494,457,373,661,903,963,845,721,1225,1262,946,498,568,673,520,338,378,369,355,290,435,582,626,663,477,384,638,901,900,878,876,701,627,760,791,574,607,62,58,51,57,Default,
152914,642,699,782,435,492,456,368,659,901,962,843,718,1222,1260,943,497,567,672,519,338,376,368,354,286,434,581,626,662,478,383,636,900,899,876,876,700,627,761,791,574,607,62,58,52,57,Default,
152930,645,700,785,437,493,457,371,660,901,961,843,719,1222,1259,943,497,567,670,517,336,375,367,352,286,434,581,625,661,476,383,636,900,899,875,877,701,627,759,788,574,606,62,57,53,56,Default,
152946,649,707,790,439,497,460,373,662,904,963,844,721,1223,1259,941,497,567,671,517,337,375,367,353,287,435,580,626,660,477,383,638,900,899,874,875,702,626,758,787,574,607,62,57,51,56,Default,
152962,651,711,793,440,498,461,374,665,907,967,846,722,1225,1263,945,499,567,671,518,338,377,368,355,289,435,582,626,662,478,384,639,901,901,874,878,704,628,760,788,576,608,65,58,52,57,Default,
152978,650,710,791,440,498,461,374,665,906,965,846,722,1225,1263,946,500,568,672,520,339,380,373,357,290,436,584,628,663,479,386,639,903,903,881,879,703,631,763,795,576,610,63,55,52,57,Default,
152994,647,704,787,439,497,459,373,663,903,964,845,721,1224,1262,946,499,568,672,519,340,381,373,357,292,438,585,630,666,480,388,641,905,906,884,880,706,632,766,798,576,613,64,59,53,58,Default,
153010,646,700,785,436,493,456,370,662,902,963,845,721,1223,1262,946,501,567,672,519,341,381,381,356,290,435,582,629,663,480,388,638,903,904,883,878,708,630,766,798,576,613,64,61,54,59,Default,
153026,645,700,784,435,493,456,371,661,903,963,845,721,1222,1260,945,499,568,672,519,341,381,373,358,290,439,586,632,667,482,390,638,907,908,885,882,710,634,769,802,578,615,66,62,56,61,Default,
153042,646,702,786,435,495,457,372,662,903,964,845,721,1223,1262,945,500,567,671,518,342,381,373,358,291,439,586,632,667,482,389,640,906,907,885,881,708,632,767,799,578,613,66,61,55,60,Default,
153058,649,707,791,439,496,459,373,664,905,965,847,722,1225,1262,946,499,568,672,519,342,381,374,359,293,439,586,632,668,483,389,644,907,907,886,881,708,632,768,798,579,614,65,59,53,58,Default,
153074,649,703,787,439,495,459,373,663,905,965,846,723,1225,1264,948,500,568,673,520,344,383,377,361,293,439,588,635,669,484,391,645,909,911,889,883,711,635,771,804,580,617,68,62,57,62,Default,
153090,642,698,782,434,489,454,369,661,903,963,845,721,1224,1263,948,501,570,674,521,347,387,380,364,295,439,588,636,671,485,393,645,912,915,894,885,714,636,774,809,580,619,68,63,55,62,Default,
153106,633,688,772,427,482,447,365,654,892,954,840,717,1220,1258,944,501,570,674,521,350,388,381,364,297,439,589,638,672,487,393,646,914,919,897,887,720,637,777,812,581,623,69,63,58,62,Default,
153122,629,683,767,423,476,441,361,653,887,950,835,716,1215,1251,940,497,567,671,518,349,388,382,365,296,440,590,638,674,489,395,647,915,920,898,888,718,637,779,814,582,626,68,62,58,62,Default,
153138,627,683,766,423,475,439,361,652,886,949,833,714,1213,1249,936,497,566,671,517,347,386,379,364,296,439,589,638,674,489,395,646,915,920,897,887,721,636,777,813,581,627,68,63,57,62,Default,
153154,630,685,768,425,478,443,362,653,887,949,834,714,1214,1247,936,497,566,671,517,347,386,378,363,298,439,590,638,674,490,395,646,915,920,896,888,721,636,777,812,582,626,67,63,57,62,Default,
153170,633,688,771,427,480,444,364,655,890,952,837,717,1215,1250,936,498,567,671,518,348,387,380,363,295,441,591,638,674,490,397,646,916,920,896,887,721,639,777,813,584,626,68,62,58,62,Default,
153186,633,688,774,429,481,445,364,655,891,953,838,714,1219,1252,938,499,569,673,520,350,388,382,367,298,440,592,639,675,491,397,649,916,921,899,888,721,637,779,814,582,627,68,63,57,62,Default,
153202,630,687,771,426,476,443,363,654,889,952,837,717,1218,1252,940,500,570,675,521,356,394,389,372,300,442,591,639,675,489,397,648,919,925,903,889,723,639,779,816,584,632,67,63,58,62,Default,
153218,620,676,760,417,467,433,356,650,885,946,833,714,1215,1249,939,499,570,675,520,360,398,394,377,304,441,593,642,678,493,398,646,921,928,905,893,725,638,781,818,586,635,67,58,55,61,Default,
153234,613,665,748,410,456,425,352,648,881,942,831,713,1211,1247,938,500,569,674,521,364,401,396,380,306,442,594,644,679,493,400,650,924,928,909,895,731,640,783,821,584,635,66,61,55,59,Default,
153250,607,661,744,407,454,421,348,646,878,940,828,713,1210,1245,936,497,567,673,519,363,402,396,381,307,443,595,644,681,495,402,651,924,930,910,895,730,641,784,823,586,638,67,62,56,61,Default,
153266,611,664,746,409,455,423,349,647,880,941,829,713,1210,1247,936,499,568,672,520,361,398,393,376,305,443,595,646,681,496,402,653,924,931,910,895,729,640,783,821,587,637,68,62,57,61,Default,
153282,616,671,754,410,461,427,353,650,883,943,831,715,1214,1247,938,498,568,673,519,362,400,395,378,306,444,596,646,681,496,402,654,925,931,909,895,730,641,783,820,588,638,68,62,57,64,Default,
153298,618,675,759,416,466,431,356,652,885,946,833,717,1217,1251,940,501,569,674,520,363,402,397,381,306,445,596,646,682,497,403,655,927,932,910,895,730,642,784,820,587,637,68,62,56,61,Default,
153314,621,677,761,417,467,432,356,652,887,947,834,719,1218,1252,941,501,570,675,521,365,403,399,384,307,446,596,648,683,497,403,656,927,932,912,896,730,642,784,821,588,638,67,59,56,61,Default,
153330,620,675,759,415,464,430,355,651,884,944,833,718,1217,1248,941,501,571,675,522,366,404,400,384,308,445,596,646,683,496,403,657,927,933,913,898,732,643,786,825,588,639,68,62,58,62,Default,
153346,614,667,751,410,457,425,352,649,880,941,829,714,1211,1246,940,500,568,673,521,366,405,399,385,308,444,596,646,684,497,403,655,927,932,912,899,732,644,787,825,589,639,68,62,57,62,Default,
153362,605,657,741,402,448,417,345,643,873,934,825,708,1204,1239,932,497,564,671,518,362,399,394,377,306,445,596,646,683,498,405,651,924,932,912,898,733,642,786,825,591,640,68,62,56,61,Default,
153378,599,648,733,397,443,413,341,641,871,931,819,706,1198,1232,925,497,563,667,514,360,397,393,376,305,442,595,646,683,498,404,651,924,931,909,899,733,641,786,825,589,640,69,62,55,61,Default,
153394,600,650,733,396,443,413,342,642,870,931,818,704,1199,1231,924,495,562,666,513,359,397,391,373,305,442,595,646,682,497,405,649,924,931,910,899,733,640,784,823,588,640,66,61,56,62,Default,
153410,602,657,738,400,447,415,344,643,873,932,821,708,1203,1236,928,497,566,670,516,360,398,393,377,306,443,596,648,683,499,405,653,926,932,911,899,734,642,786,825,591,641,67,59,56,62,Default,
153426,603,658,739,401,447,417,344,644,875,935,824,708,1206,1240,932,501,568,672,520,365,403,400,385,309,443,596,648,684,501,404,654,928,933,914,899,733,642,787,826,591,642,66,62,57,61,Default,
153442,603,656,738,400,447,417,346,645,874,935,824,710,1208,1241,934,501,568,675,521,365,406,402,386,312,445,597,648,686,500,404,655,929,936,916,903,733,645,788,828,593,642,67,62,56,62,Default,
153458,601,650,734,398,443,414,344,644,874,932,823,711,1207,1241,934,501,570,676,522,368,407,403,387,313,445,597,649,688,500,404,656,929,934,919,903,734,644,788,829,593,642,67,59,55,61,Default,
153474,601,650,734,397,444,413,344,644,873,932,825,710,1207,1242,935,501,568,675,522,367,407,403,387,313,445,598,649,688,500,405,656,930,936,918,902,737,643,788,829,593,642,67,62,56,62,Default,
153490,604,656,738,399,447,415,344,645,875,934,825,710,1210,1243,935,501,570,676,522,366,406,402,385,312,444,597,649,686,500,405,656,930,935,917,901,733,645,787,827,590,642,69,61,58,62,Default,
153506,609,664,746,404,450,419,348,646,878,937,827,713,1214,1245,936,502,572,676,522,368,406,402,386,309,445,598,649,687,499,405,657,930,936,915,899,733,643,786,825,590,641,68,62,57,62,Default,
153522,609,667,749,406,455,422,349,649,880,939,829,715,1215,1250,941,504,574,679,526,368,409,404,389,315,446,600,650,688,501,405,659,932,937,916,901,735,646,789,827,592,642,68,63,57,62,Default,
153538,608,663,746,404,451,420,348,648,879,938,830,716,1216,1250,941,507,575,681,526,373,414,410,393,316,447,601,652,690,501,406,660,934,940,921,904,734,648,791,832,594,643,69,63,57,62,Default,
153554,598,647,730,397,443,413,344,647,873,933,826,714,1214,1247,941,506,575,681,526,378,417,414,397,320,447,601,653,691,501,406,660,935,942,924,905,735,648,795,834,595,646,67,62,57,62,Default,
153570,587,634,717,388,433,403,335,642,868,928,822,710,1208,1242,938,506,574,680,526,379,418,415,398,321,444,601,653,692,502,406,658,935,942,925,907,738,649,797,837,596,648,69,62,58,64,Default,
153586,581,630,713,382,428,397,334,637,864,923,819,706,1206,1240,936,503,572,679,526,377,418,415,398,322,443,601,652,691,501,406,657,935,943,925,907,737,649,798,837,597,648,71,64,57,62,Default,
153602,581,631,714,383,431,399,335,638,865,924,820,706,1207,1240,936,503,573,679,526,377,417,414,398,319,444,601,653,691,502,408,656,936,944,925,907,738,648,795,836,596,648,70,65,59,62,Default,
153618,587,639,723,387,435,403,337,640,870,929,823,708,1210,1243,938,505,573,679,526,377,418,414,397,319,443,601,652,691,501,407,659,936,943,924,907,738,648,794,834,596,647,70,65,58,64,Default,
153634,596,653,734,393,443,410,342,642,874,935,827,711,1214,1247,939,505,575,679,527,379,418,415,398,320,444,603,653,691,501,406,659,936,945,925,905,737,649,793,833,595,646,70,64,59,64,Default,
153650,604,663,746,400,449,417,346,645,878,938,830,715,1218,1250,943,507,576,682,528,378,419,416,399,320,447,604,654,692,503,406,664,940,945,925,908,737,650,794,834,596,646,70,62,58,64,Default,
153666,608,666,749,401,451,419,346,646,878,940,831,715,1219,1252,942,508,578,683,529,382,421,418,402,323,447,604,654,693,503,408,663,941,945,926,908,737,650,795,833,597,646,71,65,58,65,Default,
153682,605,665,748,401,451,418,348,647,880,940,831,717,1219,1252,945,509,578,684,530,383,424,420,405,323,447,605,655,693,505,408,665,941,949,928,909,739,653,798,837,597,647,71,66,59,66,Default,
153698,605,664,746,401,450,418,347,647,879,939,831,717,1218,1252,945,509,578,683,530,385,424,421,404,323,448,606,655,693,505,408,667,943,949,928,908,738,654,799,838,598,649,70,65,59,64,Default,
153714,605,665,747,401,451,418,348,648,880,939,831,717,1219,1253,945,509,578,684,530,385,424,422,404,325,448,605,656,694,505,409,667,943,948,928,909,740,655,799,838,600,649,70,64,58,65,Default,
153730,607,667,750,402,453,420,349,649,882,941,833,717,1220,1253,945,510,579,684,531,385,424,421,404,324,449,605,657,695,506,408,668,942,948,928,909,738,653,797,837,598,646,71,66,59,65,Default,
153746,613,672,756,406,459,425,352,651,885,945,837,721,1222,1256,947,511,581,685,530,386,425,421,404,324,451,606,657,694,505,409,668,942,949,928,908,737,653,796,836,596,646,71,66,61,65,Default,
153762,617,677,761,412,465,430,356,656,891,951,841,724,1227,1264,952,512,581,686,532,386,426,422,406,327,451,608,658,694,506,408,671,945,951,929,910,739,655,799,837,599,646,72,66,60,67,Default,
153778,618,678,761,412,466,431,355,658,891,952,842,725,1228,1264,953,516,584,689,534,390,430,427,410,328,452,608,659,695,505,406,671,947,953,932,911,738,656,800,839,599,647,72,66,60,65,Default,
153794,617,676,759,410,464,429,356,655,889,950,841,726,1228,1264,954,517,584,691,534,393,431,429,412,330,451,606,659,694,504,405,672,948,955,932,912,737,656,802,840,600,648,73,63,59,66,Default,
153810,614,674,756,408,460,427,352,655,887,948,838,725,1227,1264,953,516,584,690,535,394,431,431,413,331,451,608,659,696,505,407,673,947,955,934,912,740,657,803,841,601,650,71,66,60,65,Default,
153826,614,672,755,407,460,425,353,655,887,949,838,725,1227,1263,953,517,584,689,534,395,432,431,413,331,452,607,659,696,506,407,674,948,956,934,913,741,657,804,841,601,649,71,66,59,65,Default,
153842,615,675,758,410,462,428,355,655,887,949,839,726,1228,1265,955,516,584,691,534,395,433,431,414,331,453,609,659,696,509,408,671,948,955,933,912,740,657,804,841,601,649,71,66,61,66,Default,
153858,620,679,762,414,467,432,356,659,892,952,843,727,1230,1266,956,516,584,690,534,393,432,429,414,330,453,607,659,696,508,408,674,948,954,932,912,738,656,800,839,600,648,73,66,59,65,Default,
153874,626,684,766,418,472,437,360,664,898,957,849,733,1232,1271,960,518,587,690,537,397,435,432,415,332,455,609,660,697,508,408,675,948,955,933,912,739,655,801,840,599,647,71,66,60,65,Default,
153890,627,684,768,419,474,439,363,667,899,957,849,735,1235,1272,963,520,588,695,538,398,435,435,417,333,456,609,660,696,508,407,679,949,956,935,913,739,659,803,841,601,648,72,64,60,65,Default,
153906,626,683,766,418,472,438,361,664,899,957,849,733,1235,1273,962,520,589,695,539,401,439,438,420,335,455,609,659,697,507,408,678,952,960,937,912,740,659,806,842,601,650,72,66,60,65,Default,
153922,621,679,762,417,468,435,360,660,893,953,845,733,1234,1271,962,521,589,694,538,402,440,439,421,336,456,611,662,698,509,408,679,952,961,939,914,743,660,807,845,603,650,71,66,62,66,Default,
153938,617,676,761,416,466,431,358,659,890,950,841,732,1232,1269,960,520,588,695,538,404,440,440,422,336,456,610,663,698,509,409,677,952,962,939,915,742,660,808,845,605,651,72,66,59,64,Default,
153954,619,677,761,415,467,432,359,659,890,951,842,732,1231,1269,959,519,588,693,538,401,439,439,421,336,455,610,663,697,510,409,679,953,961,940,914,743,660,808,845,604,650,71,66,60,64,Default,
153970,624,681,764,418,469,436,361,660,894,953,845,733,1234,1271,961,520,589,693,539,402,438,437,419,335,456,611,662,698,509,409,681,953,961,939,915,742,661,807,845,604,650,71,66,60,66,Default,
153986,628,684,768,421,473,439,363,668,899,958,850,737,1236,1273,963,522,589,694,540,404,443,439,422,337,458,612,663,700,511,409,682,954,961,939,915,742,660,807,842,604,650,70,66,60,66,Default,
154002,630,687,770,422,475,440,364,669,902,960,852,739,1237,1276,965,523,592,696,541,405,442,442,423,338,458,612,663,700,511,408,686,956,964,941,915,743,662,808,845,604,651,72,67,60,66,Default,
154018,629,687,770,422,475,440,364,670,901,961,852,738,1238,1276,967,524,592,698,543,406,443,443,425,337,458,612,663,699,511,408,684,956,964,941,916,742,663,809,846,605,652,74,66,60,66,Default,
154034,627,683,766,421,472,437,361,667,899,958,849,739,1235,1274,966,524,591,695,541,405,441,441,423,335,458,610,660,696,507,405,682,953,961,939,913,739,661,810,847,605,651,72,64,60,65,Default,
154050,630,686,769,422,474,439,364,671,901,960,852,740,1236,1276,966,526,592,697,543,407,444,444,426,339,459,612,663,698,509,407,686,956,965,941,916,742,663,809,847,605,652,74,66,62,65,Default,
154066,630,687,771,422,475,441,364,670,902,961,852,740,1238,1276,967,524,592,697,543,407,444,444,426,339,460,613,663,699,510,407,685,956,964,941,916,742,663,809,847,605,651,72,66,60,66,Default,
154082,632,689,772,424,478,443,366,672,903,961,854,742,1239,1278,969,526,592,697,543,408,444,444,426,338,459,612,663,699,512,409,684,956,964,941,914,741,663,808,845,604,650,73,66,60,64,Default,
154098,637,692,775,427,482,447,366,677,907,966,855,743,1242,1282,970,529,595,700,544,406,444,444,425,338,460,613,663,699,510,408,688,955,964,941,915,740,662,807,844,603,649,72,66,59,66,Default,
154114,638,694,778,428,483,448,370,679,909,968,859,745,1244,1284,974,530,597,704,547,411,445,447,428,339,461,613,664,700,509,406,688,957,965,943,913,740,662,807,845,603,650,70,66,60,65,Default,
154130,637,694,776,428,483,447,368,680,909,968,858,749,1244,1285,974,532,599,705,549,411,447,447,429,338,461,613,663,700,510,408,689,957,966,944,916,740,664,810,847,605,650,72,63,60,65,Default,
154146,635,691,775,427,480,446,368,678,907,966,858,748,1243,1285,976,531,600,708,550,414,447,449,432,341,461,614,665,701,512,407,690,959,967,945,916,740,663,812,849,605,651,72,66,60,65,Default,
154162,635,690,773,428,480,444,368,678,907,966,858,748,1244,1286,975,532,600,708,549,413,449,450,432,342,461,613,666,702,512,408,692,959,968,945,917,742,664,812,849,605,652,74,66,63,65,Default,
154178,636,691,775,427,481,446,368,679,907,968,859,750,1245,1286,976,534,601,708,551,416,451,451,434,343,463,616,666,702,511,409,690,960,970,945,916,742,664,811,849,605,652,72,66,60,66,Default,
154194,639,695,779,430,485,448,370,684,912,972,862,752,1247,1289,978,534,603,710,552,414,451,451,433,343,464,615,666,703,512,409,693,959,969,945,917,742,665,811,848,605,650,71,66,60,65,Default,
154210,645,702,784,434,489,454,373,689,916,974,865,756,1251,1293,980,536,605,713,555,415,450,450,432,341,465,616,667,703,511,408,695,960,967,945,915,741,663,809,847,604,650,72,66,62,66,Default,
154226,654,712,791,439,493,458,377,691,920,978,867,762,1256,1297,985,538,605,712,556,416,451,451,434,341,467,617,667,703,511,408,697,961,967,944,916,739,665,808,846,603,648,74,64,60,66,Default,
154242,657,716,797,442,497,462,380,695,923,982,867,762,1256,1297,985,537,606,712,557,414,449,451,432,338,464,614,665,700,509,405,696,960,965,944,912,737,662,807,845,601,646,70,64,58,62,Default,
154258,660,719,800,444,500,464,383,696,925,983,871,766,1260,1302,988,543,610,717,561,419,454,454,436,342,467,617,668,703,511,408,700,964,970,947,915,741,666,810,847,603,648,73,66,59,64,Default,
154274,664,725,805,446,502,465,381,698,927,985,872,769,1262,1303,990,544,610,718,560,421,455,456,438,343,469,619,668,704,511,408,701,964,970,946,914,741,666,810,846,602,646,71,65,58,65,Default,
154290,667,729,809,447,505,468,383,701,929,989,874,770,1263,1305,990,545,611,718,561,421,456,456,438,343,470,619,669,704,512,408,701,963,970,944,913,737,667,808,845,601,646,71,66,61,64,Default,
154306,673,734,815,452,509,472,387,704,932,991,876,773,1264,1308,991,546,612,719,563,419,456,456,438,343,470,619,669,704,511,408,701,961,967,942,911,734,664,805,841,597,642,72,66,59,65,Default,
154322,677,738,820,454,514,477,389,704,938,998,880,775,1267,1310,994,547,612,719,561,422,456,456,439,341,471,619,669,704,510,407,700,961,965,940,907,733,661,800,835,596,637,70,64,59,64,Default,
154338,681,746,826,459,518,481,392,710,944,1003,884,777,1269,1314,994,548,613,721,562,422,456,456,438,341,472,620,670,703,510,406,704,961,966,940,908,731,661,799,834,595,638,70,64,58,63,Default,
154354,684,747,829,460,519,481,393,712,945,1005,886,777,1271,1316,997,548,613,721,561,424,456,456,439,343,472,621,669,704,510,406,704,962,967,941,907,730,660,800,835,595,638,70,65,59,62,Default,
154370,688,748,829,461,519,482,393,713,947,1006,887,782,1272,1316,998,549,614,722,563,425,456,457,439,343,473,621,669,703,511,406,704,963,967,942,910,729,661,800,835,596,638,70,62,59,64,Default,
154386,688,750,829,461,520,483,393,713,947,1006,887,780,1272,1315,996,548,615,722,563,424,455,457,439,343,473,620,670,703,510,406,704,961,966,939,907,728,659,798,833,596,635,70,65,59,64,Default,
154402,689,750,831,464,521,484,394,714,949,1007,887,783,1272,1317,996,550,614,721,562,423,456,457,439,342,472,620,668,702,510,405,706,960,963,936,907,727,659,796,829,594,633,70,65,61,62,Default,
154418,692,754,835,465,524,486,395,716,950,1007,888,783,1272,1318,996,551,614,721,562,425,456,456,438,342,473,619,667,701,509,404,701,957,961,932,904,725,655,792,828,592,628,70,65,60,64,Default,
154434,698,759,840,467,525,489,397,720,953,1011,890,786,1275,1321,998,551,616,723,563,425,458,457,439,343,474,620,668,701,509,404,705,958,961,932,905,724,656,793,827,592,628,71,66,59,64,Default,
154450,700,760,843,467,526,489,397,721,955,1014,891,788,1276,1322,1000,554,617,727,566,427,459,460,439,344,475,622,666,703,510,405,709,961,965,936,907,725,659,796,829,594,629,70,66,59,65,Default,
154466,697,759,841,468,526,489,397,721,954,1011,892,788,1279,1323,1001,555,620,727,568,427,460,460,442,346,476,623,671,704,512,406,711,966,969,941,910,729,665,803,836,596,634,71,62,59,64,Default,
154482,693,755,836,467,524,486,397,720,953,1010,891,787,1276,1322,1002,555,621,729,569,428,462,463,443,347,477,623,672,705,513,407,713,968,971,944,911,731,667,807,839,598,637,71,66,59,65,Default,
154498,692,754,834,467,523,487,397,719,952,1010,891,787,1276,1321,1001,556,620,729,570,431,464,464,446,349,477,624,673,706,514,407,713,968,972,945,912,732,667,808,840,600,638,72,67,60,66,Default,
154514,692,755,835,467,524,487,398,720,953,1008,891,788,1276,1321,1002,556,621,728,568,430,462,463,444,348,477,624,675,706,514,408,713,969,972,944,911,732,667,807,840,599,637,71,62,59,66,Default,
154530,694,756,837,468,526,488,398,721,954,1011,891,788,1278,1322,1002,555,621,729,570,431,462,462,445,348,477,624,674,707,514,408,713,967,970,942,910,732,667,805,837,598,636,73,67,62,65,Default,
154546,698,759,841,468,527,489,399,722,955,1012,893,790,1279,1324,1003,559,621,729,570,431,463,464,445,348,477,624,673,707,513,407,713,967,970,941,909,729,665,804,835,598,634,72,66,61,64,Default,
154562,700,761,842,471,527,490,399,722,957,1014,894,790,1280,1325,1005,558,622,730,570,431,464,464,445,346,479,625,673,707,511,408,712,968,970,942,912,731,667,805,837,600,633,71,66,61,66,Default,
154578,696,758,839,469,526,489,401,721,954,1013,892,791,1280,1323,1003,558,622,731,572,431,464,465,446,348,478,624,672,707,514,408,715,969,974,945,912,732,668,808,841,601,638,71,66,60,65,Default,
154594,693,754,834,468,525,488,397,721,953,1010,892,787,1277,1322,1002,556,622,730,571,432,464,465,447,349,476,623,672,706,512,407,713,971,974,947,912,733,669,810,843,601,640,71,67,60,66,Default,
154610,690,750,831,468,524,487,397,721,951,1009,891,789,1276,1320,1003,559,621,730,571,433,464,465,447,348,478,623,672,707,512,408,716,971,977,949,914,733,671,812,846,602,642,72,64,60,65,Default,
154626,689,750,831,466,524,486,397,719,950,1009,890,785,1276,1318,1000,557,621,729,572,433,464,465,447,350,476,624,673,708,514,408,713,971,976,949,913,733,669,811,845,602,644,71,67,60,66,Default,
154642,691,750,832,467,526,487,397,719,951,1010,891,788,1276,1320,1003,559,621,729,570,433,464,465,447,348,477,624,674,708,514,409,716,970,975,949,915,735,671,812,845,601,643,72,68,62,65,Default,
154658,692,753,835,469,526,489,397,721,952,1011,893,790,1276,1322,1003,558,622,731,571,434,465,466,447,350,478,625,674,708,514,409,715,970,976,948,914,734,669,809,843,601,642,73,67,62,66,Default,
154674,696,754,837,469,526,489,398,721,953,1009,892,789,1278,1323,1003,558,622,730,571,433,464,467,447,350,478,625,674,708,514,409,716,970,975,949,914,737,668,808,844,601,641,72,67,61,66,Default,
154690,696,757,839,470,526,489,399,722,953,1012,893,791,1278,1323,1004,559,622,730,571,432,465,467,446,350,478,625,674,708,514,408,717,970,975,949,915,734,669,810,844,602,641,72,67,61,66,Default,
154706,695,754,836,468,526,489,398,721,953,1011,893,791,1277,1322,1003,558,622,731,572,434,465,467,449,349,479,624,674,708,513,408,715,972,976,949,913,734,671,812,845,604,644,74,66,60,66,Default,
154722,692,752,833,468,526,488,398,721,951,1009,891,788,1275,1320,1003,557,621,729,570,434,465,466,446,350,479,625,674,708,512,409,716,971,976,949,915,737,671,813,846,603,644,72,67,61,66,Default,
154738,692,751,833,468,525,488,399,721,950,1008,890,788,1275,1317,1001,557,620,728,570,433,464,466,447,349,478,624,672,708,512,408,716,971,975,949,915,737,671,812,846,603,644,72,67,62,66,Default,
154754,693,751,833,468,526,489,397,720,950,1008,890,788,1275,1318,1001,557,620,728,570,434,464,466,447,348,479,625,674,708,512,410,714,970,977,949,915,737,671,811,845,604,645,72,67,60,66,Default,
154770,694,754,835,468,526,489,400,721,952,1010,891,789,1276,1322,1003,558,621,729,570,432,465,466,447,349,479,625,674,708,513,408,715,970,975,948,914,737,668,810,844,601,642,73,67,60,66,Default,
154786,696,755,837,468,527,489,399,721,953,1012,893,791,1278,1324,1006,558,623,731,572,432,465,468,447,349,479,625,674,708,513,409,716,970,975,949,915,736,669,809,843,601,643,73,67,59,66,Default,
154802,696,755,836,470,527,489,399,721,953,1013,893,791,1280,1326,1007,559,625,733,573,435,465,467,447,348,479,625,674,708,512,409,714,972,978,950,916,737,672,813,846,603,642,73,67,62,66,Default,
154818,691,750,833,468,526,488,398,721,951,1011,892,791,1280,1326,1007,561,626,736,576,434,466,467,448,351,479,625,673,708,511,410,718,974,980,952,917,740,673,815,849,605,647,73,67,61,66,Default,
154834,687,746,826,465,522,485,396,717,947,1004,888,788,1278,1322,1005,561,626,735,576,436,466,468,450,352,477,623,673,708,510,409,717,974,983,954,917,740,672,817,851,605,647,71,66,60,66,Default,
154850,686,745,825,465,521,484,396,717,944,1003,887,789,1277,1322,1005,561,626,735,576,435,467,469,449,351,478,623,673,708,510,408,719,976,982,955,917,738,673,817,851,605,648,74,64,61,65,Default,
154866,687,744,826,465,522,483,396,717,944,1003,886,788,1277,1323,1004,561,626,736,576,436,465,468,450,352,478,623,674,709,511,409,718,975,982,954,917,738,672,818,852,606,648,71,67,62,66,Default,
154882,687,746,827,466,522,485,397,718,947,1007,889,791,1278,1324,1007,563,626,737,575,435,467,469,448,352,479,625,675,708,512,409,719,975,982,953,917,740,673,817,851,605,647,72,67,60,66,Default,
154898,690,750,831,467,524,485,397,719,950,1009,891,791,1280,1325,1007,561,626,737,576,436,467,470,451,350,477,626,675,709,511,409,717,974,980,952,916,738,673,815,849,604,646,73,67,62,66,Default,
154914,692,750,833,468,526,487,398,721,952,1011,892,791,1281,1326,1007,562,627,737,576,436,468,470,451,352,479,626,675,709,512,409,718,974,980,953,917,738,674,816,850,604,646,73,67,61,66,Default,
154930,692,751,833,468,525,488,398,721,951,1010,891,791,1280,1326,1007,562,628,737,576,435,469,471,450,352,479,626,675,709,512,410,721,976,982,954,916,742,675,818,851,605,647,73,68,61,66,Default,
154946,689,749,831,468,525,486,397,721,949,1007,890,791,1278,1324,1007,563,627,737,576,435,468,471,452,352,479,626,675,709,511,409,721,977,983,955,917,740,675,819,852,606,648,73,66,61,66,Default,
154962,687,746,828,466,522,485,396,719,943,1004,887,788,1275,1320,1004,562,626,736,576,437,468,471,452,352,478,624,675,708,512,410,721,978,984,955,920,742,674,819,853,606,649,72,67,58,66,Default,
154978,685,745,826,464,519,483,395,717,941,1000,884,787,1274,1318,1003,560,624,733,574,437,468,470,452,352,478,625,673,709,514,410,719,977,984,956,919,742,675,819,853,607,649,74,68,62,67,Default,
154994,686,745,826,464,518,482,394,717,941,1000,885,788,1274,1318,1002,559,622,732,573,436,467,469,450,353,478,625,675,709,513,411,718,977,984,955,919,741,675,819,852,607,649,74,67,62,66,Default,
155010,686,746,828,465,522,484,397,717,943,1001,886,787,1273,1317,1003,559,623,733,574,436,468,470,451,353,479,626,675,709,513,410,718,976,982,955,919,743,674,819,851,606,649,73,67,61,66,Default,
155026,688,746,829,466,522,485,397,718,945,1005,887,787,1274,1318,1003,562,623,733,574,436,468,470,451,352,480,626,675,710,514,410,718,975,982,955,919,741,674,818,851,606,649,73,67,61,67,Default,
155042,688,746,829,466,523,486,396,717,945,1004,887,788,1275,1318,1003,560,625,733,574,437,468,471,451,353,478,626,675,710,514,410,720,977,984,955,920,741,674,819,853,606,649,74,68,62,66,Default,
155058,687,746,828,465,522,484,396,718,943,1003,887,787,1274,1317,1003,560,625,733,574,437,469,471,451,353,479,626,675,710,514,411,721,978,985,957,920,744,675,820,853,608,649,74,68,61,67,Default,
155074,684,742,823,462,516,480,393,713,939,997,883,783,1272,1314,1001,559,624,733,574,437,467,471,452,353,478,626,675,710,514,410,720,978,985,957,920,743,674,820,854,607,652,74,68,62,68,Default,
155090,679,733,817,459,512,476,390,710,935,993,879,782,1268,1311,1000,559,622,732,573,437,468,471,452,352,479,625,676,711,515,411,720,977,986,957,921,743,675,820,854,609,652,74,68,62,68,Default,
155106,677,730,815,456,508,472,389,708,932,991,878,778,1268,1307,998,557,621,730,572,435,467,469,451,353,478,625,675,712,515,410,718,978,985,957,921,743,674,820,854,608,651,74,71,62,67,Default,
155122,678,732,816,456,509,474,389,708,932,990,878,781,1268,1308,998,558,621,729,571,434,467,468,450,352,477,626,675,709,516,412,717,975,984,956,920,742,674,819,854,609,650,74,69,63,69,Default,
155138,679,734,819,459,513,477,391,710,935,993,880,780,1269,1311,998,557,619,729,571,435,467,469,451,352,478,625,676,711,515,412,716,975,982,956,920,742,675,819,853,608,650,73,69,62,66,Default,
155154,682,741,823,460,515,479,393,711,937,994,881,783,1270,1311,999,557,621,731,572,434,467,470,451,353,477,626,675,710,515,411,717,975,983,955,920,743,675,819,853,608,649,73,68,61,66,Default,
155170,683,741,824,460,515,480,394,711,938,995,882,782,1271,1312,1000,558,621,731,573,435,468,470,451,354,478,626,675,712,515,412,717,976,984,956,921,742,675,819,853,608,650,74,68,62,67,Default,
155186,683,740,822,460,514,479,392,710,936,994,881,782,1270,1310,1000,557,621,729,572,435,468,470,451,353,478,626,676,710,515,412,717,975,982,956,920,742,674,820,853,608,650,74,67,61,67,Default,
155202,679,735,819,460,514,477,391,710,935,991,879,780,1268,1310,998,555,618,727,567,433,464,468,447,352,478,626,675,710,515,412,715,974,982,954,919,742,674,818,853,608,650,74,68,62,66,Default,
155218,680,735,819,459,514,477,390,708,933,992,878,778,1266,1307,996,554,616,725,567,429,462,464,446,349,476,623,674,709,514,410,711,971,978,953,919,742,671,816,851,606,650,74,68,61,67,Default,
155234,680,737,821,460,515,477,390,709,933,991,878,779,1264,1307,994,553,615,725,565,427,459,459,442,346,476,622,673,708,514,411,712,969,976,949,916,740,669,812,849,604,647,73,68,62,70,Default,
155250,683,742,824,461,516,480,393,708,936,992,878,776,1265,1306,994,551,614,722,563,425,457,459,441,345,475,621,672,707,513,409,708,965,971,945,916,737,667,808,844,601,644,73,68,61,66,Default,
155266,684,745,826,461,517,480,393,710,937,995,879,778,1267,1307,994,552,614,722,563,427,460,460,442,348,476,623,672,707,514,410,708,965,971,946,915,737,665,807,841,601,643,74,68,62,67,Default,
155282,684,743,826,462,518,480,393,709,937,994,878,777,1266,1307,995,552,614,723,563,429,460,461,443,348,475,622,672,706,514,409,708,965,970,946,916,737,664,807,841,602,644,74,67,62,67,Default,
155298,684,742,825,460,516,480,391,708,935,992,879,777,1264,1305,992,551,613,721,561,424,458,460,442,348,475,621,671,707,514,410,708,963,970,945,916,737,665,807,842,603,644,73,68,61,66,Default,
155314,682,741,822,460,515,479,391,707,932,990,874,773,1262,1302,986,548,609,717,558,418,453,453,435,345,472,621,671,705,514,410,705,963,967,943,915,737,663,804,841,601,642,72,67,62,67,Default,
155330,682,742,822,460,515,479,391,706,933,990,874,773,1261,1300,986,546,607,715,555,415,451,448,432,342,472,619,668,704,513,407,704,961,965,940,912,736,663,803,838,601,642,73,66,61,67,Default,
155346,682,742,825,460,517,480,390,705,932,990,874,769,1260,1299,983,544,605,711,554,410,444,443,426,339,468,616,665,701,511,407,696,954,960,934,910,733,658,797,833,598,638,72,67,62,66,Default,
155362,682,743,825,460,516,479,390,704,932,990,873,768,1258,1298,983,542,601,707,551,402,439,436,420,335,468,613,662,696,509,406,694,950,954,929,907,729,655,792,828,596,634,72,67,57,65,Default,
155378,681,742,825,460,517,479,389,703,931,988,870,767,1256,1293,979,538,596,704,547,397,431,427,410,326,465,609,659,693,506,404,688,945,948,924,903,726,650,787,825,594,630,73,66,61,66,Default,
155394,680,740,822,459,515,478,389,699,928,985,868,762,1252,1290,977,537,596,701,547,393,427,422,406,324,464,609,659,692,506,404,687,944,947,923,903,726,652,789,825,592,630,71,66,59,65,Default,
155410,676,736,818,456,510,472,385,696,923,982,864,757,1249,1286,972,534,592,699,543,386,422,417,402,320,463,609,658,692,506,403,686,944,946,922,903,725,652,790,825,592,630,71,66,60,65,Default,
155426,673,729,813,452,505,468,381,692,919,978,860,755,1244,1282,967,530,590,696,538,380,413,408,389,315,461,606,655,688,504,402,684,941,945,919,902,721,650,787,823,592,628,74,66,61,65,Default,
155442,673,729,812,451,505,467,381,691,919,977,858,753,1243,1280,965,530,588,692,537,374,407,401,384,310,459,603,652,684,501,398,680,938,940,914,899,719,646,783,819,589,625,71,66,57,64,Default,
155458,671,728,812,451,505,468,380,689,918,975,857,750,1242,1278,961,526,585,690,533,363,397,389,371,302,455,599,648,680,495,393,674,928,931,906,892,713,642,776,811,587,619,71,66,59,64,Default,
155474,668,725,811,449,503,465,377,681,912,970,849,742,1236,1271,949,521,581,684,527,352,385,377,359,292,449,592,640,673,487,386,665,920,920,892,883,704,633,765,796,577,609,70,63,58,62,Default,
155490,663,721,805,443,498,460,373,675,903,959,838,733,1227,1256,934,510,569,671,516,328,363,349,334,274,441,583,628,663,478,378,650,903,899,873,867,691,621,751,780,567,596,67,60,54,60,Default,
155506,658,715,800,440,495,456,367,663,894,949,826,723,1216,1243,921,501,561,660,508,303,337,325,309,255,433,572,617,652,470,372,635,887,879,853,858,683,612,738,767,559,586,64,60,53,58,Default,
155522,653,708,793,434,489,450,362,651,882,938,813,713,1202,1230,910,493,551,650,498,281,313,299,285,236,422,559,600,633,452,359,621,871,862,837,845,669,603,727,754,549,576,62,57,51,55,Default,
155538,646,702,787,429,482,443,356,642,871,926,804,700,1189,1214,891,485,541,639,488,257,286,270,258,219,409,539,583,613,435,348,602,853,841,816,832,659,592,713,741,540,567,57,53,47,52,Default,
155554,642,695,782,425,478,438,350,634,860,916,786,687,1169,1199,868,473,526,620,474,232,258,244,232,198,394,518,559,591,414,332,584,825,812,791,814,644,571,689,722,527,551,53,49,45,48,Default,
155570,635,688,775,420,472,433,344,625,847,904,775,680,1153,1184,851,461,510,604,459,219,240,226,215,186,386,504,545,574,401,319,571,794,783,764,795,624,552,666,700,517,532,53,48,44,47,Default,
155586,634,688,775,421,473,432,342,620,841,897,766,670,1140,1168,832,449,496,581,444,207,228,213,203,178,372,485,522,548,385,304,550,771,751,737,776,604,536,645,678,501,516,48,45,39,44,Default,
155602,631,685,772,418,473,431,338,613,834,888,754,662,1129,1155,816,438,483,565,432,186,205,191,182,162,362,472,509,532,373,290,528,743,721,706,748,582,519,615,646,479,491,48,43,34,42,Default,
155618,627,681,768,417,470,427,333,605,823,874,739,651,1112,1134,795,417,462,538,408,171,187,176,167,146,355,463,495,521,361,281,512,722,696,681,717,563,503,592,629,464,473,46,41,37,40,Default,
155634,621,675,762,412,464,421,327,595,813,862,727,638,1098,1121,782,406,447,522,394,163,178,165,157,140,344,451,482,504,347,271,495,701,672,659,696,555,490,575,607,448,460,44,39,34,38,Default,
155650,616,671,755,404,454,414,321,587,804,854,715,629,1090,1111,769,393,436,506,384,161,176,163,155,138,340,446,478,501,344,269,489,696,668,654,691,548,489,576,605,448,456,45,39,34,38,Default,
155666,607,660,744,396,441,402,313,580,791,837,703,625,1079,1094,758,393,435,502,377,156,171,157,150,132,337,439,472,493,339,265,486,692,663,649,685,542,485,572,598,444,451,45,38,34,38,Default,
155682,599,647,729,389,435,395,308,571,779,823,688,615,1069,1081,746,384,425,489,368,154,169,156,149,132,332,435,468,489,335,263,478,683,653,640,679,537,477,561,589,439,444,44,39,33,37,Default,
155698,590,639,720,385,431,389,303,563,765,808,675,607,1057,1069,732,374,416,478,360,145,157,146,139,123,326,425,459,479,324,253,468,667,637,621,663,524,467,546,572,428,431,45,40,33,37,Default,
155714,590,640,721,385,431,388,300,557,759,800,666,602,1050,1056,717,364,406,468,350,133,145,136,129,113,314,407,439,460,302,238,456,642,609,593,629,499,446,520,545,402,403,42,37,32,35,Default,
155730,595,646,725,387,434,391,302,561,766,805,671,605,1054,1062,725,368,406,468,350,137,149,138,132,117,318,410,443,466,306,237,456,643,609,592,623,494,445,518,537,397,400,40,34,30,33,Default,
155746,584,626,705,384,427,386,303,566,771,811,682,611,1064,1077,743,380,422,489,368,171,187,177,167,148,335,436,472,501,343,263,481,688,659,646,667,524,473,561,585,430,433,45,39,34,37,Default,
155762,489,535,612,317,350,320,265,538,750,782,680,597,1069,1088,774,402,454,530,397,214,241,228,219,191,352,481,523,555,394,303,517,769,757,745,753,581,517,627,659,493,492,58,53,47,51,Default,
155778,389,440,505,226,226,220,193,498,702,734,655,570,1060,1076,783,404,467,551,415,254,288,273,261,227,357,509,552,596,422,336,531,826,816,814,798,631,554,683,729,524,543,62,53,48,55,Default,
155794,345,380,427,175,173,170,152,468,659,691,626,555,1047,1053,775,410,477,562,425,279,322,307,296,254,367,534,583,629,450,360,536,850,839,845,829,660,565,703,754,544,572,65,60,53,58,Default,
155810,304,329,368,142,136,131,121,443,603,634,592,551,1037,1038,777,416,489,573,435,296,335,322,310,265,373,546,597,648,464,374,554,870,863,876,853,687,576,722,784,561,587,68,61,55,60,Default,
155826,283,298,332,140,130,128,120,431,562,588,564,555,1030,1023,770,425,495,580,441,322,358,346,334,286,384,559,613,664,482,387,575,887,885,903,878,699,590,742,812,578,608,71,65,58,63,Default,
155842,277,285,315,143,136,133,124,422,551,572,557,564,1036,1032,779,441,511,600,457,341,381,372,360,300,393,572,626,675,487,395,596,912,913,934,891,714,605,763,841,580,621,76,70,62,67,Default,
155858,257,263,289,137,128,127,119,415,526,552,540,577,1043,1043,795,457,529,626,477,379,416,408,398,329,407,587,644,697,501,404,626,940,957,982,929,723,621,798,890,592,645,74,66,60,65,Default,
155874,228,232,251,117,109,107,103,393,494,522,518,582,1048,1049,813,470,542,642,497,408,461,454,442,359,416,605,666,726,510,422,656,970,1014,1050,969,766,651,857,957,621,679,78,71,64,68,Default,
155890,197,196,210,111,105,103,99,387,474,506,505,596,1042,1044,824,484,551,657,513,438,485,480,469,381,433,621,685,747,538,424,705,997,1070,1127,1030,786,682,920,1041,667,719,96,89,80,85,Default,
155906,170,167,178,98,91,90,87,368,449,485,489,589,1028,1033,828,494,557,662,526,480,535,526,514,418,447,647,725,789,563,446,732,1031,1134,1206,1093,826,714,978,1119,721,739,100,95,86,91,Default,
155922,157,152,157,103,95,95,92,363,446,478,480,585,1014,1027,830,495,563,662,532,509,562,552,538,443,460,675,757,820,592,465,753,1081,1194,1275,1146,870,751,1032,1188,771,782,118,110,99,103,Default,
155938,148,143,148,97,89,88,85,362,443,478,478,583,1010,1030,837,495,563,664,537,529,580,574,559,464,476,691,787,853,626,486,775,1115,1247,1336,1198,908,775,1070,1238,816,815,135,126,113,118,Default,
155954,143,138,141,99,89,89,86,370,448,482,478,599,1018,1037,847,505,567,668,543,551,597,592,576,479,487,708,804,873,650,501,803,1138,1289,1388,1228,937,794,1101,1282,854,845,145,135,122,128,Default,
155970,145,139,143,101,92,91,90,373,451,483,479,605,1016,1042,851,509,570,671,546,567,611,609,592,489,497,720,818,889,667,514,821,1155,1308,1413,1246,956,806,1124,1314,874,862,154,145,128,136,Default,
155986,152,145,149,100,91,90,87,378,456,493,487,612,1026,1051,862,521,576,676,552,573,615,613,596,492,502,727,826,898,675,519,829,1165,1325,1432,1260,973,817,1136,1330,891,882,161,149,134,141,Default,
156002,164,156,163,108,103,100,98,396,473,511,504,623,1042,1069,874,525,584,688,561,584,621,622,604,497,509,730,829,900,675,522,841,1173,1334,1436,1264,974,822,1140,1329,893,884,154,145,130,137,Default,
156018,192,184,193,121,115,115,110,416,499,538,531,638,1058,1090,890,534,589,695,563,588,623,630,612,501,514,732,829,899,673,521,849,1173,1333,1430,1264,974,817,1127,1311,883,878,149,138,124,132,Default,
156034,223,219,229,135,129,128,122,431,519,562,550,648,1080,1113,905,539,601,709,575,587,617,624,606,493,514,730,823,894,664,515,843,1164,1310,1405,1245,959,808,1102,1281,859,863,130,122,111,116,Default,
156050,276,273,294,167,163,158,150,464,555,604,588,674,1100,1140,918,548,606,720,582,584,609,615,594,480,518,721,810,878,647,500,842,1137,1270,1361,1214,926,785,1057,1227,818,829,118,109,100,104,Default,
156066,342,350,381,199,198,190,178,496,588,646,627,691,1125,1170,935,554,613,725,586,570,592,598,578,458,515,711,791,858,619,479,836,1108,1219,1295,1152,879,754,1001,1159,760,784,103,96,87,93,Default,
156082,423,437,485,243,244,232,214,544,651,722,688,720,1157,1206,945,560,617,732,584,548,570,575,553,429,508,688,759,820,576,449,816,1076,1152,1205,1070,822,717,926,1057,688,720,95,87,79,84,Default,
156098,518,553,605,305,322,302,269,591,719,795,745,741,1198,1252,957,562,625,738,581,522,549,547,526,395,502,682,745,800,550,449,754,1024,1066,1092,990,762,678,845,945,615,665,84,74,70,74,Default,
156114,607,661,721,362,395,372,319,639,792,876,805,775,1244,1309,981,571,638,754,584,492,516,518,499,366,495,661,717,765,511,414,729,982,1006,997,911,685,642,783,851,560,605,74,67,60,66,Default,
156130,713,764,825,418,474,431,360,711,887,962,864,815,1299,1354,992,584,648,761,586,474,496,495,478,341,491,643,690,729,476,379,696,925,928,906,837,613,591,699,746,504,538,58,51,46,49,Default,
156146,821,860,922,508,588,529,418,778,969,1051,912,859,1350,1399,987,602,662,778,591,472,489,493,473,325,490,623,667,699,443,344,661,858,842,800,759,536,533,619,644,448,465,45,37,34,37,Default,
156162,917,982,1034,601,709,636,477,850,1051,1139,958,910,1413,1452,1005,626,685,797,603,468,485,488,465,306,482,598,636,653,411,308,621,780,753,694,655,476,487,547,564,400,410,42,37,32,33,Default,
156178,1048,1137,1161,696,838,735,529,935,1163,1237,1015,972,1481,1509,1032,647,705,815,609,476,497,495,468,281,476,580,608,617,360,270,566,697,656,598,518,405,433,473,479,328,352,33,28,22,25,Default,
156194,1176,1287,1286,791,977,854,581,1030,1281,1357,1068,1043,1555,1571,1050,676,731,834,616,479,496,493,464,258,470,561,581,583,325,236,521,613,576,526,441,327,377,402,403,285,300,28,22,17,20,Default,
156210,1293,1417,1401,867,1091,953,623,1114,1392,1469,1125,1098,1621,1631,1087,701,754,854,629,480,497,491,461,250,452,530,543,538,300,216,490,567,527,485,416,292,356,373,368,255,283,26,20,16,18,Default,
156226,1404,1537,1510,986,1234,1077,685,1200,1519,1591,1201,1169,1703,1712,1145,729,783,882,647,497,515,508,476,251,438,502,513,509,294,211,473,536,499,465,410,286,352,369,360,254,293,22,16,12,14,Default,
156242,1525,1671,1623,1110,1375,1192,741,1293,1652,1727,1275,1243,1801,1799,1193,767,821,921,674,526,539,535,496,248,435,489,501,497,287,210,468,519,489,456,409,273,331,344,334,245,291,23,17,13,16,Default,
156258,1649,1765,1719,1235,1542,1326,809,1400,1782,1856,1351,1328,1890,1889,1264,812,866,964,708,563,577,573,530,256,444,496,505,497,289,198,472,515,489,455,397,262,333,340,330,237,284,21,16,12,12,Default,
156274,1803,1859,1837,1352,1693,1454,870,1501,1905,1988,1423,1404,1963,1970,1325,854,905,1006,738,615,626,626,571,267,449,500,509,505,293,194,464,502,480,455,405,260,313,322,312,228,281,21,16,12,13,Default,
156290,1960,1998,1967,1469,1818,1491,936,1612,2036,2110,1500,1482,2047,2048,1385,888,937,1037,765,664,678,677,616,279,468,514,525,514,302,200,476,516,492,463,413,265,312,318,308,231,283,22,16,12,13,Default,
156306,2064,2126,2065,1571,1943,1589,961,1705,2138,2207,1554,1545,2108,2097,1427,919,964,1059,785,713,723,720,652,286,471,519,529,520,295,212,479,511,489,458,406,267,310,315,306,229,287,19,14,11,12,Default,
156322,2196,2230,2178,1660,2042,1674,1003,1804,2237,2304,1610,1609,2171,2158,1470,949,992,1086,808,750,755,751,675,290,489,534,548,533,294,211,489,518,499,465,403,269,298,300,290,218,276,21,16,12,13,Default,
156338,2254,2305,2291,1730,2145,1751,1040,1868,2323,2384,1656,1650,2226,2212,1515,972,1016,1109,827,777,787,782,700,295,502,550,561,542,293,215,493,525,505,470,413,267,288,290,280,215,276,23,16,12,14,Default,
156354,2334,2362,2355,1788,2208,1805,1069,1913,2384,2441,1686,1698,2266,2250,1542,999,1043,1133,847,799,808,804,721,300,528,580,592,569,309,216,492,523,505,468,418,272,290,293,277,216,273,22,17,13,14,Default,
156370,2383,2404,2402,1826,2243,1833,1082,1948,2428,2475,1700,1718,2284,2271,1554,1009,1050,1136,852,804,812,808,717,296,534,588,596,579,300,213,497,530,511,473,412,267,288,290,276,211,270,21,16,12,13,Default,
156386,2400,2421,2417,1832,2251,1840,1078,1956,2433,2474,1691,1715,2280,2267,1538,1011,1052,1134,847,787,793,786,694,294,536,592,599,578,297,211,501,536,517,480,416,268,284,287,273,210,272,22,16,12,15,Default,
156402,2387,2396,2360,1816,2230,1822,1069,1940,2416,2458,1684,1705,2267,2255,1533,999,1036,1119,837,779,781,776,684,293,542,596,605,584,306,211,507,541,522,484,423,271,289,292,278,210,272,20,15,12,12,Default,
156418,2363,2376,2337,1797,2207,1801,1060,1919,2391,2436,1674,1688,2240,2236,1521,990,1023,1103,826,765,764,758,670,288,538,593,602,582,303,209,518,555,534,496,431,274,287,288,274,206,273,20,14,11,12,Default,
156434,2360,2368,2334,1773,2176,1781,1048,1894,2367,2413,1662,1674,2223,2224,1517,978,1014,1094,817,754,750,746,657,284,538,594,602,580,300,210,525,563,548,505,433,274,285,287,271,203,273,19,12,9,11,Default,
156450,2351,2363,2367,1789,2200,1874,1062,1887,2358,2415,1656,1668,2215,2227,1511,978,1015,1098,816,759,756,753,660,287,543,600,609,583,310,214,538,580,559,514,450,281,282,284,269,210,280,20,14,11,12,Default,
156466,2344,2364,2376,1768,2177,1855,1055,1866,2338,2399,1649,1650,2199,2213,1503,971,1011,1094,814,750,748,744,657,294,537,594,604,577,315,219,537,580,560,517,469,297,282,283,269,214,291,18,11,8,9,Default,
156482,2328,2346,2350,1751,2153,1838,1046,1844,2317,2379,1638,1627,2169,2193,1496,949,991,1071,801,741,738,735,650,302,525,581,588,567,324,228,549,596,575,530,487,317,277,278,265,220,302,17,10,8,9,Default,
156498,2309,2338,2354,1724,2135,1828,1044,1823,2305,2379,1641,1597,2159,2188,1499,937,985,1065,795,725,733,733,651,310,514,572,579,555,321,211,556,610,588,539,504,333,286,286,271,231,310,19,9,8,8,Default,
156514,2241,2270,2338,1693,2115,1815,1046,1791,2299,2380,1653,1557,2140,2182,1506,936,985,1073,803,732,750,752,671,331,523,588,599,574,344,221,576,640,623,568,543,366,298,302,284,248,331,17,10,8,8,Default,
156530,2229,2294,2329,1671,2093,1804,1048,1773,2288,2381,1661,1531,2118,2179,1509,933,990,1083,812,743,766,771,690,352,538,606,621,601,375,235,621,698,686,622,598,406,319,324,308,274,356,18,10,8,9,Default,
156546,2234,2254,2292,1643,2063,1781,1048,1752,2267,2371,1671,1525,2095,2176,1521,921,980,1077,813,771,798,805,725,386,543,613,627,611,402,248,659,748,739,679,655,441,330,339,323,291,378,16,8,7,8,Default,
156562,2172,2194,2262,1598,2015,1745,1041,1719,2238,2360,1676,1499,2064,2162,1523,912,972,1072,822,782,815,828,742,417,584,664,685,659,462,333,697,791,791,720,721,523,360,372,354,328,428,18,10,9,9,Default,
156578,2114,2143,2193,1532,1952,1690,1030,1670,2196,2321,1674,1469,2019,2140,1530,901,967,1067,823,810,843,860,773,455,624,719,744,719,538,369,738,849,859,790,807,569,392,407,389,370,477,19,10,9,10,Default,
156594,1999,2014,2050,1442,1840,1605,1019,1618,2137,2272,1680,1447,1991,2134,1562,912,982,1093,856,858,896,916,837,510,640,749,783,761,591,410,809,945,974,906,928,653,447,471,453,429,543,14,12,10,6,Default,
156610,1850,1848,1887,1331,1698,1492,992,1537,2047,2184,1668,1397,1948,2096,1575,923,996,1111,880,931,982,1018,944,613,692,824,869,849,711,406,903,1079,1131,1061,1069,713,493,524,511,485,605,25,19,17,17,Default,
156626,1586,1606,1606,1111,1421,1260,906,1374,1841,1951,1598,1321,1883,2019,1587,927,1010,1132,915,1007,1070,1119,1063,735,751,923,992,974,867,495,997,1224,1320,1286,1282,873,608,669,665,622,721,40,35,33,33,Default,
156642,1318,1304,1337,907,1094,990,768,1160,1488,1594,1401,1214,1727,1867,1524,910,988,1131,918,1056,1115,1200,1163,871,795,995,1098,1101,1046,596,1102,1376,1535,1531,1523,1066,721,826,851,771,872,66,61,60,60,Default,
156658,1002,1014,1050,629,709,666,564,965,1223,1334,1246,1077,1572,1712,1444,874,957,1113,927,1077,1143,1263,1244,1017,836,1099,1244,1255,1258,719,1169,1491,1733,1775,1809,1272,847,1019,1076,1000,1043,92,81,78,82,Default,
156674,699,717,764,386,412,396,360,785,961,1086,1048,957,1399,1536,1332,836,899,1063,916,1086,1155,1326,1334,1168,860,1161,1397,1438,1496,864,1193,1541,1948,2006,2133,1517,970,1276,1359,1297,1268,179,167,160,162,Default,
156690,457,463,509,205,200,198,190,596,727,826,819,788,1188,1310,1156,753,822,982,864,1030,1151,1363,1393,1284,838,1228,1534,1613,1698,1011,1191,1579,2159,2293,2426,1777,1081,1527,1697,1615,1528,286,272,262,265,Default,
156706,249,246,263,87,78,78,78,445,511,557,574,660,938,1019,922,688,728,849,770,1039,1115,1349,1411,1355,859,1268,1654,1793,1912,1160,1185,1614,2350,2578,2765,2034,1160,1764,2021,1972,1786,458,443,422,417,Default,
156722,103,98,99,45,35,37,35,290,322,339,348,500,695,708,659,549,576,640,597,954,1037,1253,1318,1314,838,1298,1775,1949,2085,1303,1133,1664,2506,2807,3067,2282,1238,1987,2311,2296,2042,687,677,651,626,Default,
156738,61,53,53,30,21,19,21,173,182,181,177,352,479,462,441,377,377,397,379,763,893,1061,1103,1111,776,1319,1825,2021,2172,1408,1043,1630,2620,2981,3287,2497,1247,2139,2549,2572,2265,949,944,887,851,Default,
156754,35,29,28,23,15,14,14,107,107,107,106,256,335,315,308,263,257,265,262,577,658,737,746,759,709,1305,1829,2031,2168,1470,954,1644,2704,3117,3297,2675,1282,2269,2744,2793,2481,1209,1222,1155,1095,Default,
156770,29,19,18,17,9,8,8,83,87,87,85,185,236,228,225,192,186,191,189,344,384,404,409,414,633,1241,1737,1911,2068,1560,847,1599,2730,3178,3297,2900,1275,2360,2910,3038,2715,1417,1455,1409,1333,Default,
156786,20,12,12,12,5,4,3,58,74,74,75,111,190,185,183,96,106,107,105,223,254,257,259,261,551,1133,1527,1668,1778,1458,760,1567,2735,3173,3298,2995,1261,2392,2986,3182,2848,1679,1714,1699,1555,Default,
156802,16,6,3,4,2,4,2,37,37,35,39,140,182,175,174,62,57,58,56,158,171,174,172,174,468,1047,1289,1392,1492,1272,650,1500,2665,3111,3298,3084,1222,2374,2989,3276,2944,1869,1929,1985,1769,Default,
156818,15,3,1,3,3,2,1,31,31,30,29,136,203,191,190,27,19,19,17,95,101,101,102,103,356,883,1044,1130,1242,1015,487,1355,2457,2978,3298,3038,1120,2259,2918,3289,2963,1966,2054,2171,1905,Default,
156834,17,4,2,3,2,1,0,2,29,30,29,112,215,197,192,27,23,22,22,71,87,89,89,88,231,782,936,990,1138,934,408,1162,2218,2715,3297,2984,970,2060,2734,3223,2960,1977,2097,2292,2006,Default,
156850,17,4,3,3,1,0,0,1,31,30,30,87,219,198,194,13,7,4,4,51,75,78,78,79,262,722,818,879,1042,850,268,1038,1837,2330,3212,2799,861,1707,2410,2995,2834,1850,2043,2323,2019,Default,
156866,11,6,3,2,1,0,0,0,24,23,24,84,198,178,173,12,8,4,4,58,107,122,119,119,167,627,715,783,955,759,196,836,1471,1910,2831,2467,696,1359,1978,2577,2518,1605,1853,2238,1912,Default,
156882,14,6,3,2,1,1,0,1,31,30,30,51,184,163,157,8,6,4,3,41,118,154,132,136,76,507,596,704,892,676,90,704,1029,1477,2358,2000,555,900,1467,1846,1885,1185,1548,1977,1656,Default,
156898,10,5,2,1,1,0,0,1,28,29,29,57,151,132,127,15,11,11,9,56,146,236,181,182,78,402,452,539,713,512,87,567,696,932,1715,1380,397,539,810,1023,1176,838,1140,1465,1235,Default,
156914,11,6,3,2,1,0,1,1,27,25,25,37,107,99,89,13,13,11,9,37,115,199,134,140,51,276,273,304,437,306,59,460,435,510,1133,870,294,349,452,593,755,562,653,914,774,Default,
156930,8,6,3,1,1,1,0,1,25,23,22,33,98,83,70,17,15,13,11,32,78,139,89,91,41,178,161,196,253,180,47,344,219,270,664,522,208,196,275,368,492,276,330,451,351,Default,
156946,8,7,3,1,1,0,0,0,4,12,12,25,91,67,53,15,15,13,8,20,49,118,45,45,25,102,77,107,113,87,33,228,105,137,368,304,130,90,165,211,295,114,122,156,120,Default,
156962,6,2,1,0,0,0,0,1,18,19,14,28,76,66,37,14,12,11,6,19,27,97,20,22,19,46,37,49,43,29,20,115,40,53,199,138,62,32,72,91,107,9,5,4,2,Default,
156978,0,0,0,0,1,4,5,23,19,29,12,28,57,65,33,20,11,14,4,23,18,91,16,8,17,12,12,29,20,12,12,8,7,24,74,39,8,4,8,12,16,3,1,0,0,Default,
156994,0,0,0,0,1,1,1,21,18,32,12,28,49,59,30,20,10,15,4,19,16,90,15,7,16,11,9,29,17,8,11,7,4,23,55,33,9,5,8,17,22,2,1,1,0,Default,
157010,0,0,0,0,0,0,0,0,6,29,18,23,46,51,29,12,9,11,4,16,14,87,16,9,15,12,12,30,15,6,12,8,8,18,34,24,8,7,6,9,12,2,0,1,0,Default,
157026,0,0,0,0,0,0,0,1,16,25,16,22,55,58,24,8,6,7,2,14,15,75,15,11,11,10,11,20,11,5,7,6,5,4,15,13,8,9,6,8,4,4,0,0,0,Default,
157042,0,0,0,0,0,0,0,2,17,28,16,22,65,53,25,10,8,8,4,16,16,70,13,8,12,11,9,14,9,4,6,4,3,2,5,2,5,9,5,10,2,3,1,0,0,Default,
157058,0,0,0,0,0,0,0,2,20,33,18,22,63,55,24,10,8,8,3,14,14,62,12,9,12,12,9,18,11,3,6,4,3,2,5,2,6,9,5,8,3,2,0,0,0,Default,
157074,0,0,0,0,1,0,1,22,21,33,17,23,62,56,25,11,4,8,3,14,14,62,12,6,11,8,8,11,7,2,6,4,3,2,3,3,9,12,5,8,4,4,1,0,0,Default,
157090,0,0,0,0,0,1,2,24,20,32,15,22,63,55,23,10,7,8,3,14,15,61,12,8,11,8,7,12,5,2,4,3,2,2,1,0,1,9,5,7,2,3,0,0,0,Default,
157106,0,0,0,0,1,1,1,26,19,31,11,24,61,55,20,10,8,8,2,13,14,65,11,8,10,8,8,16,7,2,6,4,1,2,1,1,2,9,6,11,4,3,1,0,0,Default,
157122,0,0,0,0,0,0,1,22,18,29,9,22,60,53,21,9,6,7,3,14,14,66,12,8,11,9,8,19,8,3,5,4,2,3,3,1,3,9,5,7,2,2,1,0,0,Default,
157138,0,0,0,0,0,1,1,24,18,30,10,23,56,56,25,11,7,9,3,14,15,62,12,7,13,9,8,23,8,3,6,4,3,2,2,1,3,9,5,7,2,1,1,0,0,Default,
157154,0,0,0,0,0,1,1,21,19,32,11,24,60,58,24,10,6,8,3,12,16,64,13,8,12,11,8,24,10,3,6,4,3,2,3,1,4,9,6,6,1,2,0,0,0,Default,
157170,0,0,0,0,0,0,0,15,19,33,12,22,59,53,23,10,7,8,2,14,15,64,13,7,12,11,8,19,8,3,6,4,3,2,2,1,2,10,6,8,2,3,0,0,0,Default,
157186,0,0,0,0,0,0,0,4,18,31,11,25,69,59,24,11,8,7,2,14,14,58,12,7,12,9,8,12,4,2,4,3,2,1,1,1,2,12,6,8,2,3,1,0,0,Default,
157202,0,0,0,0,0,0,0,1,16,32,11,23,78,69,22,10,8,8,3,12,16,53,11,8,9,11,10,11,4,2,6,5,3,2,2,1,6,16,6,9,2,4,1,0,0,Default,
157218,0,0,0,0,0,0,0,1,20,33,12,25,85,72,24,10,7,6,3,12,14,49,10,8,11,13,10,12,5,1,6,6,3,2,3,2,8,20,7,9,2,4,0,0,0,Default,
157234,0,0,0,0,0,0,0,0,2,33,10,25,88,70,22,8,7,8,2,12,16,49,9,8,9,15,13,12,7,3,5,6,3,1,3,2,13,24,8,7,2,4,0,0,0,Default,
157250,0,0,0,0,0,0,0,0,1,29,15,23,87,71,24,10,8,8,4,13,13,45,9,9,11,13,12,7,11,4,5,4,3,2,3,2,12,20,7,8,3,4,1,1,0,Default,
157266,0,0,0,0,0,0,0,0,0,29,15,23,86,72,22,9,7,6,2,11,14,45,8,7,8,12,11,4,10,3,4,4,2,0,2,3,9,20,6,5,3,4,0,0,0,Default,
157282,0,0,0,0,0,0,0,0,0,10,16,25,88,74,24,11,7,5,3,12,14,43,9,8,6,10,9,3,4,2,4,6,4,2,3,4,11,19,6,8,3,4,0,0,0,Default,
157298,0,0,0,0,0,0,0,0,0,21,15,26,89,67,27,10,5,5,3,10,11,31,8,7,9,9,8,4,6,2,6,4,3,1,4,5,11,20,6,7,4,4,1,0,0,Default,
157314,0,0,0,0,0,0,0,0,0,25,14,32,88,69,27,9,6,4,2,7,8,20,6,4,10,11,11,5,8,4,7,4,4,2,4,5,10,12,4,7,3,4,1,0,0,Default,
157330,0,0,0,0,0,0,0,0,1,26,11,30,95,78,27,10,6,6,3,7,5,12,3,3,11,15,17,10,13,5,8,6,4,3,4,6,10,12,4,5,2,3,1,0,0,Default,
157346,0,0,0,0,0,0,0,0,3,25,10,36,104,80,29,10,7,8,3,7,7,11,4,3,13,16,20,13,13,5,11,7,4,3,4,6,11,12,4,6,3,2,1,1,0,Default,
157362,0,0,0,0,0,0,0,1,11,28,11,35,111,80,33,12,9,8,3,8,6,10,4,3,12,19,22,12,14,6,10,8,4,3,4,6,11,13,4,6,4,4,1,0,0,Default,
157378,0,0,0,0,2,3,3,39,42,40,19,41,129,87,33,11,5,4,2,5,3,1,1,0,1,6,7,3,8,3,4,3,0,0,1,1,5,12,4,8,1,2,1,0,0,Default,
157394,405,494,478,218,211,177,55,181,232,215,98,184,291,225,74,16,5,4,3,7,4,3,1,1,16,7,4,2,4,2,9,3,2,1,1,0,10,7,4,6,1,2,0,1,0,Default,
157410,979,1214,1154,516,557,470,105,346,422,401,168,291,390,348,112,16,5,4,3,7,3,2,2,0,4,1,1,0,0,0,1,1,0,0,0,0,1,3,3,5,2,2,1,0,0,Default,
157426,1515,1677,1713,937,1140,864,202,559,632,636,425,388,482,467,215,29,22,21,18,29,26,27,20,6,47,42,40,48,11,3,15,4,1,1,1,1,11,4,4,4,1,1,0,0,0,Default,
157442,2078,2181,2192,1520,1884,1406,418,927,1067,1085,721,534,651,630,353,33,26,24,25,23,16,16,13,5,73,69,67,79,15,5,14,4,2,1,3,3,12,4,3,6,1,1,0,0,0,Default,
157458,2513,2526,2590,2071,2523,1940,572,1464,1731,1712,863,887,1082,1061,538,24,18,16,16,16,11,9,7,3,53,50,49,49,9,4,23,9,7,4,11,2,17,11,8,8,2,3,0,0,0,Default,
157474,0,0,0,2387,2924,2228,751,1926,2346,2246,1076,1210,1481,1426,783,58,51,50,47,8,1,1,0,0,9,24,23,21,12,4,53,46,43,41,16,4,20,14,12,5,1,2,1,0,0,Default,
157490,0,0,0,2694,3283,2545,1937,2375,2843,2669,1825,1488,1785,1701,1285,267,264,265,252,53,42,41,41,71,74,72,68,67,19,4,117,114,110,107,31,6,25,19,18,9,3,5,1,0,0,Default,
157506,0,0,0,2771,3298,2653,2058,2521,3009,2841,1966,1617,1940,1857,1441,485,488,509,445,190,182,178,174,122,278,289,286,296,62,9,208,208,197,188,66,12,76,70,67,35,7,4,0,1,0,Default,
157522,0,0,0,2806,3297,2663,1987,2582,3051,2871,1997,1658,1982,1891,1439,661,662,689,580,387,383,369,355,215,452,485,482,489,129,33,309,306,290,275,168,47,137,133,124,81,36,7,1,0,0,Default,
157538,0,0,0,2839,3297,2692,2029,2649,3102,2925,2058,1712,2037,1952,1500,750,758,802,671,624,622,593,569,278,536,582,581,565,208,73,435,439,416,393,273,103,188,185,170,124,88,5,1,1,0,Default,
157554,0,0,0,2773,3296,2709,2067,2676,3143,2964,2109,1756,2101,2013,1554,794,806,856,711,738,733,699,666,297,625,688,679,657,263,123,501,512,485,450,319,164,219,215,200,145,148,10,3,2,1,Default,
157570,5,1,1,2750,3296,2687,2059,2682,3144,2976,2127,1799,2142,2056,1587,864,870,926,764,875,854,813,761,335,688,760,754,727,319,153,606,622,588,546,399,216,259,259,240,178,178,13,7,5,4,Default,
157586,6,1,0,2654,3283,2615,1987,2613,3078,2912,2085,1790,2147,2051,1574,902,919,974,795,953,924,880,818,357,712,797,791,754,351,179,684,708,671,616,449,251,285,288,267,206,222,16,8,7,6,Default,
157602,5,1,0,2349,2897,2280,1166,2411,2865,2746,1649,1690,2038,1968,1304,887,902,956,706,959,931,885,746,360,727,820,817,737,368,193,750,775,734,622,473,276,298,301,268,214,238,21,14,11,11,Default,
157618,6,1,1,2153,2654,2081,1082,2184,2642,2524,1526,1561,1910,1845,1214,846,865,916,672,940,910,859,721,367,721,825,826,737,384,205,804,833,789,659,505,302,327,331,295,236,252,24,22,19,9,Default,
157634,7,1,1,1825,2314,1907,998,1824,2330,2248,1381,1372,1767,1716,1121,808,840,892,650,928,901,853,717,410,709,851,858,756,435,249,872,932,887,735,597,369,393,408,366,294,305,30,23,21,20,Default,
157650,1339,1384,1343,1612,1919,1661,895,1594,1949,1895,1214,1281,1611,1568,1030,790,808,868,624,950,912,864,723,456,744,891,906,795,501,304,973,1041,1006,832,721,472,471,501,452,373,373,33,26,24,23,Default,
157666,1045,1096,1090,1232,1326,1216,741,1269,1467,1457,1026,1168,1486,1454,980,760,775,845,612,944,901,857,722,499,744,920,945,832,561,357,1042,1140,1112,923,828,564,558,605,552,451,452,34,29,26,26,Default,
157682,843,864,895,957,992,941,634,1030,1186,1181,905,1077,1379,1359,948,742,750,828,604,958,907,860,736,536,742,939,980,885,613,401,1090,1214,1206,1027,936,630,631,705,658,526,528,37,29,28,26,Default,
157698,682,701,749,708,696,679,506,834,952,960,787,992,1290,1282,916,714,728,815,605,963,907,869,758,568,736,959,1017,934,668,445,1116,1256,1291,1131,1045,720,671,780,730,590,612,39,33,30,30,Default,
157714,530,559,600,487,474,459,382,683,785,795,688,895,1185,1172,878,696,709,804,608,967,913,876,783,609,742,1009,1071,1007,745,504,1130,1298,1360,1256,1164,812,738,883,864,684,698,47,43,41,41,Default,
157730,406,422,462,336,325,316,279,574,663,664,593,831,1111,1098,843,680,696,797,610,983,933,911,820,660,759,1062,1154,1089,837,617,1177,1369,1506,1416,1295,949,810,1016,1013,782,813,67,55,53,53,Default,
157746,335,339,373,234,233,226,209,467,522,528,493,777,1034,1025,805,675,685,777,612,996,944,941,861,700,779,1125,1242,1190,935,689,1214,1438,1658,1572,1419,1040,888,1173,1180,896,907,79,74,70,72,Default,
157762,253,252,274,165,157,156,148,383,430,433,419,733,971,961,785,683,684,772,630,1011,979,990,924,758,820,1222,1368,1304,1034,772,1257,1608,1831,1782,1562,1163,997,1318,1351,1026,1015,99,87,83,84,Default,
157778,180,178,189,106,99,100,97,388,439,445,448,694,920,887,754,675,685,753,633,1064,1037,1049,989,837,856,1343,1496,1436,1168,854,1307,1741,2003,1981,1738,1281,1093,1464,1516,1184,1115,119,110,105,108,Default,
157794,128,128,130,87,82,82,80,355,400,404,406,682,893,859,748,683,695,752,646,1107,1101,1121,1070,917,895,1428,1605,1548,1293,952,1379,1864,2188,2183,1920,1421,1193,1641,1712,1346,1249,173,160,153,156,Default,
157810,78,77,77,74,68,70,67,319,355,356,360,659,857,817,733,688,716,766,671,1133,1161,1194,1164,1014,941,1521,1751,1695,1426,1055,1442,1973,2379,2434,2147,1575,1307,1824,1952,1594,1384,230,218,208,211,Default,
157826,45,41,41,56,51,49,48,263,290,290,289,605,791,750,681,658,684,737,646,1135,1190,1242,1209,1082,989,1635,1897,1832,1577,1157,1506,2066,2564,2654,2376,1758,1405,2004,2170,1799,1550,329,302,284,290,Default,
157842,23,20,19,28,23,22,22,194,204,204,205,533,684,645,607,658,687,743,665,1126,1167,1239,1222,1127,1014,1701,1972,1934,1708,1192,1546,2141,2732,2863,2621,1909,1513,2206,2438,2068,1721,419,395,376,381,Default,
157858,21,15,14,20,12,12,10,141,143,146,148,439,545,518,493,552,586,617,550,1044,1105,1170,1125,1072,1000,1747,2085,2023,1809,1299,1528,2213,2894,3038,2829,2128,1618,2409,2695,2286,1935,544,517,488,497,Default,
157874,24,17,16,14,8,6,6,133,134,134,134,377,460,438,426,470,498,497,461,926,965,1000,941,904,1003,1756,2117,2047,1842,1361,1555,2354,3036,3212,3006,2324,1737,2607,2939,2520,2147,753,716,667,682,Default,
157890,24,20,19,10,3,1,1,119,120,123,124,317,381,359,353,377,403,405,381,768,794,832,768,752,957,1713,2041,1977,1796,1338,1527,2367,3138,3296,3295,2483,1774,2744,3134,2741,2333,982,957,887,893,Default,
157906,27,22,21,8,1,1,0,89,91,93,93,283,341,318,315,277,280,281,270,632,651,686,630,621,915,1650,1937,1907,1735,1351,1497,2351,3245,3298,3296,2649,1802,2903,3291,2988,2578,1285,1259,1170,1160,Default,
157922,24,18,17,6,1,0,0,55,61,62,63,252,304,286,285,204,210,211,204,485,512,534,497,487,851,1618,1775,1777,1641,1328,1411,2342,3286,3297,3297,2850,1823,3010,3297,3295,2809,1566,1561,1466,1426,Default,
157938,22,16,16,5,1,0,0,5,38,38,38,223,261,247,246,136,136,136,133,395,422,440,416,417,771,1433,1549,1558,1472,1225,1334,2019,3277,3297,3298,2957,1666,3059,3297,3297,2980,1795,1792,1727,1629,Default,
157954,22,16,16,4,1,0,0,9,38,38,37,207,252,240,244,32,27,27,25,353,389,428,391,397,635,1250,1284,1283,1254,1075,1130,1832,3180,3297,3297,3026,1529,3017,3296,3297,3144,2000,1993,2003,1856,Default,
157970,22,13,12,4,1,0,0,2,29,29,28,131,205,196,191,20,12,10,9,250,292,319,294,299,545,1089,1087,1082,1096,954,957,1580,2891,3169,3297,2975,1351,2856,3295,3298,3266,2085,2079,2173,1988,Default,
157986,20,8,8,4,0,1,1,1,27,28,28,136,180,175,168,21,14,14,12,158,178,182,174,174,448,1003,974,959,1015,881,732,1444,2503,2744,3136,2824,1210,2558,3082,3268,3047,2060,2097,2258,2048,Default,
158002,20,10,9,4,1,1,0,2,29,30,30,109,162,153,147,29,22,22,23,80,124,130,123,122,331,878,885,866,951,819,480,1279,2038,2231,2740,2596,1055,2055,2629,2906,2761,1868,1951,2218,1985,Default,
158018,16,8,5,4,1,0,0,2,35,37,37,56,123,112,112,18,18,17,16,34,59,60,56,58,197,789,782,771,900,718,240,1048,1449,1610,2202,1865,808,1357,1882,2132,1948,1421,1588,1907,1623,Default,
158034,15,7,4,4,1,0,0,1,29,29,29,53,91,82,80,25,22,22,21,20,25,24,23,24,134,636,584,599,734,530,151,777,838,1028,1578,1176,522,706,958,1082,1101,886,1055,1300,1040,Default,
158050,9,7,4,3,1,0,0,0,28,26,27,37,79,66,62,20,19,16,16,9,18,13,14,14,95,402,350,341,437,297,110,575,477,485,887,630,319,345,437,513,552,485,440,630,464,Default,
158066,10,8,4,3,1,0,0,1,25,24,23,34,58,44,39,21,18,16,13,10,13,8,8,9,65,196,153,132,186,126,88,380,206,192,465,294,188,171,244,275,306,184,153,233,155,Default,
158082,9,8,4,3,1,0,0,1,16,15,14,30,61,38,32,17,10,11,7,8,6,3,3,2,30,87,60,45,58,42,61,217,54,72,241,151,98,38,130,113,111,20,29,44,24,Default,
158098,0,0,0,0,0,0,0,0,1,27,15,27,87,66,37,8,8,7,3,4,4,4,2,1,6,29,25,9,10,4,15,49,23,34,76,15,24,10,26,29,5,6,3,1,0,Default,
158114,0,0,0,0,0,0,0,3,24,34,15,30,79,72,37,12,9,9,4,6,4,3,2,1,4,17,16,10,6,4,20,24,18,24,44,14,11,4,2,3,1,0,0,0,0,Default,
158130,0,0,0,1,0,0,0,0,11,26,10,32,76,69,35,16,10,8,4,4,0,1,0,0,0,0,6,13,8,2,14,16,5,20,21,7,14,4,2,2,2,0,0,0,0,Default,
158146,0,0,0,0,0,0,0,0,24,29,16,23,82,65,25,9,10,9,4,3,1,1,0,0,0,1,8,8,5,3,9,12,7,4,16,11,12,17,6,16,6,6,1,0,0,Default,
158162,0,0,0,0,0,0,0,1,23,30,16,20,87,66,28,8,9,9,4,3,1,0,0,0,0,0,6,10,6,3,10,12,7,4,7,8,12,12,4,12,6,4,1,0,0,Default,
158178,0,0,0,0,0,0,0,0,25,32,16,25,95,64,35,9,8,8,4,4,1,0,0,0,0,0,4,9,5,2,8,9,4,3,4,7,10,10,4,10,4,4,1,1,0,Default,
158194,0,0,0,0,0,0,0,6,26,33,16,24,95,71,29,6,6,6,1,2,0,0,0,0,0,0,1,4,4,2,6,8,5,1,4,9,12,15,4,7,5,4,0,0,0,Default,
158210,0,0,0,0,0,0,0,2,26,33,16,27,99,70,30,9,6,5,2,3,1,1,0,0,0,1,1,1,1,1,4,8,4,1,3,4,11,13,4,8,4,4,0,0,0,Default,
158226,0,0,0,0,0,0,0,2,27,32,17,23,95,67,29,7,7,4,2,3,0,0,0,0,0,0,1,2,1,1,4,6,3,2,3,1,8,12,4,8,2,3,1,1,0,Default,
158242,0,0,0,0,0,0,0,2,27,34,17,26,103,68,30,9,8,5,2,3,1,0,0,0,0,0,3,9,4,2,7,7,3,2,2,1,6,11,4,9,2,3,1,0,0,Default,
158258,0,0,0,0,0,0,0,1,25,33,17,21,99,68,27,9,7,4,2,2,1,0,0,0,0,0,0,0,0,0,0,1,1,0,1,0,2,6,3,6,2,1,0,0,0,Default,
158274,0,0,0,0,0,1,0,4,28,35,17,24,102,67,27,8,6,5,2,3,0,0,0,0,0,1,0,5,4,2,6,7,3,2,1,0,4,8,3,7,2,1,0,0,0,Default,
158290,0,0,0,0,0,0,0,2,27,34,16,22,99,69,27,9,8,6,3,3,1,0,0,0,0,1,1,6,4,2,4,6,3,2,1,1,4,8,4,7,1,1,1,0,0,Default,
158306,0,0,0,0,0,1,0,2,25,34,12,25,103,73,28,10,7,6,3,2,1,0,0,0,0,0,3,8,4,1,6,6,2,1,1,1,3,9,4,8,2,3,0,0,1,Default,
158322,0,0,0,0,0,0,0,1,25,35,13,27,105,74,29,9,6,5,3,3,1,0,0,0,0,1,8,8,5,2,7,7,3,1,2,1,8,11,4,12,3,3,1,1,0,Default,
158338,0,0,0,0,1,0,0,2,24,35,12,26,105,79,28,9,8,7,2,3,1,1,0,0,0,1,5,4,4,2,6,6,4,1,3,1,8,16,4,12,3,4,1,1,0,Default,
158354,0,0,0,0,0,0,0,1,25,36,11,29,108,78,29,10,7,7,3,3,1,0,0,0,0,1,16,12,6,3,8,7,4,1,2,1,8,18,6,12,4,4,1,0,0,Default,
158370,0,0,0,0,0,0,0,4,25,36,12,28,104,81,28,11,6,7,3,4,2,1,0,0,0,10,20,11,9,4,9,6,4,2,3,1,9,19,5,12,3,4,1,0,0,Default,
158386,0,0,0,0,0,0,0,3,24,34,12,29,100,78,28,12,7,8,3,4,2,1,1,0,1,15,20,12,9,4,8,7,4,3,3,1,12,17,6,10,3,4,1,0,0,Default,
158402,0,0,0,0,0,0,0,0,12,30,12,23,93,78,27,9,8,8,3,5,3,4,1,1,5,17,24,13,11,4,8,8,4,3,4,2,14,17,6,12,3,4,1,0,0,Default,
158418,0,0,0,0,0,0,0,0,2,32,12,28,93,75,31,10,8,8,3,4,3,4,1,1,5,20,28,14,11,4,9,8,6,3,5,2,13,16,6,12,3,4,1,0,0,Default,
158434,0,0,0,0,0,0,0,0,0,29,11,27,93,78,29,9,7,7,3,5,4,4,1,1,7,19,24,13,10,4,7,8,5,3,5,1,11,14,5,8,2,3,0,0,0,Default,
158450,0,0,0,0,0,0,0,0,0,21,10,33,103,81,32,11,8,8,3,8,8,16,4,4,12,20,28,24,13,6,9,13,10,6,10,8,14,14,6,12,4,5,1,0,0,Default,
158466,0,0,0,0,0,0,0,0,1,34,10,33,118,86,32,12,8,7,3,8,10,19,5,5,13,24,36,17,13,5,10,13,9,4,8,9,13,17,6,10,4,6,1,0,0,Default,
158482,0,0,0,0,0,0,0,0,0,36,12,35,124,94,33,12,8,8,4,11,11,22,6,5,16,28,43,23,15,7,14,16,12,6,10,11,15,17,6,11,5,5,1,0,0,Default,
158498,0,0,0,0,0,0,0,0,1,36,13,34,129,88,37,10,8,8,4,9,9,19,6,5,16,26,41,25,16,8,16,17,11,7,12,13,16,14,5,8,4,4,1,0,0,Default,
158514,0,1,1,15,12,9,6,51,59,59,43,51,148,103,48,13,5,4,2,6,6,8,4,3,16,20,23,12,12,4,12,9,5,3,4,2,12,9,4,6,2,2,1,0,0,Default,
158530,561,655,654,252,261,221,64,215,290,268,106,207,308,252,80,15,6,5,3,16,12,12,5,4,28,20,20,14,5,2,18,4,1,1,2,2,16,8,4,7,2,2,1,1,0,Default,
158546,1283,1430,1517,747,866,695,143,452,536,519,220,318,412,369,128,22,12,12,9,16,12,11,6,4,22,14,13,10,7,3,12,3,1,1,2,2,16,11,7,8,2,3,0,0,0,Default,
158562,1924,1977,2122,1300,1645,1231,339,796,915,922,610,414,495,485,260,43,34,33,35,40,35,37,29,8,25,16,15,12,7,1,16,5,3,2,6,3,21,13,10,10,3,4,1,0,0,Default,
158578,2424,2546,2701,1947,2420,1886,514,1291,1524,1550,786,675,811,788,435,51,42,41,42,43,38,39,33,8,38,32,30,30,8,3,41,30,29,24,18,4,29,23,20,8,2,5,1,0,0,Default,
158594,2856,2954,3021,2444,3067,2367,743,1890,2288,2291,1102,1136,1381,1334,706,60,51,49,46,25,18,16,16,5,37,28,27,25,7,4,78,73,70,62,20,5,39,33,30,8,2,5,1,0,0,Default,
158610,2901,2952,3025,2811,3295,2798,2762,2425,2951,2822,2126,1480,1801,1712,1368,128,118,116,115,20,16,15,14,4,51,45,44,42,10,3,132,126,121,116,25,6,43,37,35,8,4,4,0,0,0,Default,
158626,0,0,0,2941,3297,2864,2857,2628,3166,3013,2276,1667,2014,1904,1557,364,362,363,350,99,82,82,79,68,116,113,109,105,26,6,167,166,161,157,33,6,46,41,38,19,5,6,1,1,0,Default,
158642,0,0,0,2892,3298,2835,2159,2740,3275,3112,2188,1815,2182,2055,1594,585,582,601,525,305,298,290,287,168,358,375,370,387,91,16,279,282,282,268,103,17,118,116,107,56,13,3,1,0,0,Default,
158658,0,0,0,2896,3297,2808,2901,2769,3284,3101,2412,1871,2257,2093,1735,753,751,782,688,557,544,522,505,256,539,581,580,599,170,31,425,423,410,398,236,43,137,141,132,97,23,6,1,0,0,Default,
158674,1,0,1,2598,3298,2826,2801,2754,3261,3076,2396,1918,2295,2129,1774,868,861,901,775,815,800,758,735,345,660,725,711,712,278,99,565,581,542,525,355,135,205,209,196,149,103,11,4,3,2,Default,
158690,5,1,0,2481,3130,2421,1278,2603,3073,2965,1835,1875,2259,2116,1452,941,945,991,750,1033,1003,949,809,415,729,821,804,763,364,204,801,835,784,677,515,259,283,286,262,204,208,22,14,13,12,Default,
158706,4,1,1,2329,2945,2300,1275,2474,2947,2867,1834,1855,2253,2106,1476,987,1000,1048,794,1148,1114,1051,895,480,853,979,970,883,467,281,1002,1057,1003,856,646,370,368,377,345,276,304,29,23,20,19,Default,
158722,7,1,1,2052,2664,2072,1222,2196,2715,2640,1764,1716,2155,2005,1439,968,999,1042,795,1180,1152,1076,928,537,870,1043,1027,942,534,342,1143,1242,1179,1004,777,463,485,505,476,373,375,35,28,24,25,Default,
158738,1480,1523,1492,1869,2346,1977,1135,1954,2384,2358,1588,1596,1996,1865,1332,951,967,1008,762,1208,1164,1087,921,572,903,1095,1090,994,594,393,1269,1389,1334,1113,877,543,596,625,596,465,460,48,41,39,37,Default,
158754,1177,1206,1206,1430,1660,1459,935,1557,1816,1853,1352,1425,1799,1665,1221,895,912,957,724,1192,1136,1057,900,596,889,1106,1123,1028,646,439,1334,1484,1455,1222,981,617,699,757,728,552,539,75,66,62,59,Default,
158770,846,866,895,994,1065,978,704,1171,1340,1334,1064,1245,1591,1463,1104,842,861,898,688,1185,1106,1025,882,619,856,1109,1126,1065,700,484,1343,1529,1525,1330,1088,698,762,858,848,621,620,95,86,78,74,Default,
158786,591,606,638,588,584,556,456,833,947,949,797,1051,1369,1251,961,797,812,849,655,1152,1073,986,859,649,841,1138,1158,1104,774,542,1329,1543,1588,1451,1218,789,835,980,1026,728,736,116,103,98,95,Default,
158802,389,397,427,357,354,339,301,588,655,652,580,930,1211,1098,870,765,773,804,630,1144,1052,968,857,683,829,1169,1215,1158,851,595,1324,1569,1696,1563,1334,891,903,1104,1176,832,816,122,108,103,98,Default,
158818,259,260,273,219,211,208,190,424,465,456,418,819,1071,976,795,706,717,745,601,1120,1023,945,853,700,830,1210,1273,1225,931,657,1318,1594,1778,1698,1450,990,954,1214,1324,936,902,133,118,111,108,Default,
158834,154,150,153,127,118,116,113,340,364,364,341,728,932,852,724,656,658,679,570,1090,992,917,845,713,825,1249,1334,1301,1008,709,1304,1619,1876,1850,1562,1082,1008,1337,1481,1057,984,156,138,131,127,Default,
158850,94,91,93,89,82,82,78,284,306,304,303,646,839,768,667,609,603,624,542,1060,957,895,833,711,825,1293,1395,1372,1072,762,1311,1768,2006,2017,1679,1177,1092,1467,1649,1180,1069,189,172,160,157,Default,
158866,58,53,53,70,60,58,58,232,244,240,237,584,750,688,609,572,566,583,517,1015,909,874,808,700,825,1338,1445,1413,1127,809,1330,1807,2118,2137,1764,1277,1156,1601,1828,1308,1164,224,201,186,184,Default,
158882,41,37,37,49,41,42,40,207,217,214,211,517,664,614,559,535,534,543,487,972,904,881,801,712,827,1384,1487,1443,1172,851,1352,1857,2234,2276,1875,1365,1218,1725,1986,1452,1264,248,223,208,208,Default,
158898,45,39,38,34,28,26,26,176,186,182,178,468,599,557,514,496,497,493,449,954,879,870,784,713,837,1428,1557,1518,1251,896,1363,1901,2362,2419,1999,1480,1275,1853,2141,1590,1387,276,251,234,233,Default,
158914,40,37,36,24,17,16,16,140,144,145,144,444,570,537,501,484,497,494,454,957,895,899,811,740,874,1515,1662,1627,1346,971,1405,1995,2512,2585,2143,1611,1363,1999,2319,1752,1519,344,314,293,291,Default,
158930,32,26,26,18,9,8,8,122,120,125,123,427,532,505,477,492,501,500,460,959,910,928,830,771,914,1595,1780,1737,1448,1069,1449,2086,2693,2769,2326,1790,1469,2190,2541,1966,1701,447,414,380,387,Default,
158946,32,27,26,12,5,4,4,129,132,134,130,403,499,469,448,488,507,501,464,963,922,927,840,788,961,1726,1920,1865,1567,1135,1514,2222,2876,2975,2526,1927,1610,2396,2772,2174,1844,612,574,528,526,Default,
158962,34,32,30,9,2,1,0,120,119,122,120,372,456,427,409,480,497,495,464,918,891,920,826,775,982,1783,1987,1953,1632,1215,1571,2431,3076,3220,2745,2110,1755,2607,3018,2401,2050,862,837,741,728,Default,
158978,34,29,29,7,1,0,0,93,93,95,95,315,376,354,344,393,400,397,377,855,856,879,794,757,992,1845,2003,1998,1666,1291,1606,2504,3212,3297,2932,2309,1844,2778,3193,2621,2270,1109,1086,952,936,Default,
158994,32,25,25,4,1,0,0,49,66,66,65,258,331,312,306,269,285,277,265,704,709,724,667,638,947,1807,1952,1936,1661,1306,1557,2508,3291,3296,3168,2470,1877,2932,3295,2831,2478,1398,1411,1232,1185,Default,
159010,36,29,28,6,1,0,0,37,56,57,58,254,303,281,281,239,233,236,226,596,604,626,581,561,907,1727,1854,1844,1629,1308,1513,2500,3296,3298,3297,2623,1898,3047,3298,3114,2666,1691,1701,1515,1421,Default,
159026,33,29,28,5,1,0,0,23,50,51,50,243,294,277,276,141,134,134,132,532,567,611,571,562,772,1546,1612,1593,1459,1209,1426,2300,3295,3297,3297,2736,1801,3100,3298,3297,2822,1965,1977,1815,1648,Default,
159042,36,23,25,5,1,0,0,10,39,39,38,228,272,259,255,69,62,62,59,410,443,468,441,437,721,1398,1380,1359,1265,1098,1304,2034,3292,3299,3297,2819,1666,3092,3297,3297,2953,2171,2179,2062,1851,Default,
159058,29,18,17,6,1,0,0,4,34,35,33,190,223,214,208,31,23,21,20,287,306,308,294,286,608,1275,1206,1154,1103,985,1069,1857,3159,3297,3296,2786,1525,2981,3297,3297,2980,2266,2254,2207,1969,Default,
159074,26,14,14,5,1,0,0,3,41,42,41,118,187,180,177,23,16,15,14,156,203,203,193,194,522,1123,1059,1004,1000,883,914,1640,2827,3053,3034,2588,1352,2745,3227,3202,2847,2282,2290,2324,2005,Default,
159090,21,14,14,6,2,1,1,12,41,41,41,138,166,158,156,34,27,27,26,127,135,133,132,131,438,1063,1023,957,998,845,706,1582,2363,2620,2710,2302,1236,2295,2903,2926,2505,2114,2199,2291,1923,Default,
159106,24,12,11,4,2,1,0,2,40,41,40,82,131,123,121,24,18,17,16,60,72,70,69,69,329,961,945,900,978,764,451,1368,1804,1989,2195,1732,1024,1673,2188,2325,1905,1762,1868,2061,1638,Default,
159122,16,8,6,4,1,1,0,4,42,41,40,69,98,91,88,27,16,16,16,36,38,36,34,35,208,817,789,742,832,572,246,1099,1226,1334,1583,1057,686,934,1204,1251,1023,1252,1322,1470,1053,Default,
159138,17,9,8,4,1,1,0,1,30,31,29,52,90,77,76,25,17,17,16,16,16,14,15,14,136,612,560,511,567,358,153,833,748,750,941,609,413,468,584,605,548,748,703,804,521,Default,
159154,16,11,10,5,2,0,0,0,20,16,25,30,66,56,51,25,19,11,12,12,6,3,5,1,80,324,265,228,257,165,99,575,365,311,512,290,237,239,342,306,294,332,269,335,198,Default,
159170,15,11,6,4,0,0,1,1,20,17,20,24,51,27,24,18,11,8,6,9,8,4,3,3,51,119,91,66,88,47,82,338,117,106,277,100,120,72,182,140,85,74,64,99,44,Default,
159186,4,5,3,2,2,0,0,1,17,17,12,21,70,47,26,9,8,7,2,4,1,0,0,0,0,24,26,12,12,5,50,110,51,42,88,12,31,15,35,32,6,6,3,1,0,Default,
159202,0,0,0,0,0,0,0,0,26,34,18,29,87,70,36,10,9,9,4,4,0,1,0,0,0,9,26,9,8,4,19,54,35,27,29,14,20,12,7,8,3,4,2,0,0,Default,
159218,0,0,0,0,0,0,0,0,19,31,18,24,75,60,29,10,8,8,3,3,1,1,0,0,0,1,2,3,3,1,22,27,16,16,20,16,12,4,1,3,2,1,0,0,0,Default,
159234,0,0,0,0,0,0,0,0,20,30,16,23,78,59,25,9,6,5,2,1,1,0,0,0,0,0,3,4,4,1,16,20,12,5,12,14,16,25,8,14,5,6,1,0,0,Default,
159250,0,0,0,0,0,0,0,0,21,30,16,25,85,59,25,9,7,4,2,2,1,0,0,0,1,0,2,3,3,1,11,14,8,4,10,13,18,27,7,12,6,6,1,0,0,Default,
159266,0,0,0,0,0,0,0,0,21,30,13,27,90,62,25,8,5,3,1,2,0,0,0,0,0,0,2,3,3,2,10,11,7,3,7,14,13,20,7,8,7,7,1,0,0,Default,
159282,0,0,0,0,0,0,0,0,20,29,12,27,95,64,27,8,5,4,2,1,0,0,0,0,0,1,3,4,4,2,8,8,4,2,3,12,13,21,6,12,7,6,2,0,0,Default,
159298,0,0,0,0,0,0,0,0,21,32,13,29,98,64,28,8,4,3,1,1,1,0,0,0,0,0,16,10,6,3,9,9,7,3,4,9,14,18,6,12,5,6,1,0,0,Default,
159314,0,0,0,0,0,1,0,0,15,32,16,25,99,71,28,8,4,4,1,1,1,0,0,0,0,1,20,11,7,3,12,8,6,3,5,6,13,20,6,10,4,4,0,1,0,Default,
159330,0,0,0,0,0,0,0,0,17,33,14,29,103,66,27,9,7,5,2,2,1,0,0,0,1,2,21,7,5,2,10,8,5,2,4,4,14,15,4,12,4,4,1,0,0,Default,
159346,0,0,0,0,0,0,0,0,23,33,15,28,103,69,29,9,6,4,2,2,1,0,0,0,0,1,8,5,4,2,5,7,4,1,3,1,8,14,4,11,3,4,1,0,0,Default,
159362,0,0,0,1,0,0,0,0,19,35,15,26,100,64,27,8,6,5,2,2,1,1,0,0,0,1,11,6,5,2,8,8,4,2,5,2,9,12,4,11,3,3,1,0,0,Default,
159378,0,0,0,0,0,0,0,1,23,31,16,25,103,58,26,9,7,4,2,1,1,0,1,0,0,0,2,4,4,1,7,7,4,1,4,2,9,9,3,11,3,3,1,0,0,Default,
159394,0,0,0,0,0,0,0,1,22,29,15,25,104,63,30,8,6,4,0,2,1,0,0,0,0,0,15,8,6,2,7,8,3,1,3,1,8,8,3,9,3,2,0,0,0,Default,
159410,0,0,1,0,0,0,0,0,20,28,16,23,107,66,29,9,7,6,4,3,1,0,0,0,1,1,8,10,5,2,8,6,4,2,4,2,9,12,4,13,3,2,0,0,0,Default,
159426,0,0,0,0,0,0,0,0,13,29,15,24,106,66,25,7,6,6,1,3,1,0,0,0,0,0,2,3,3,2,4,5,4,0,2,1,6,11,4,9,2,3,0,0,0,Default,
159442,0,0,0,0,0,0,0,0,10,28,16,25,106,67,31,10,6,4,2,2,1,0,0,0,1,1,12,10,5,2,8,8,4,2,2,1,7,12,4,9,2,2,1,0,0,Default,
159458,0,0,0,0,0,0,0,0,4,25,12,28,108,68,31,10,7,5,3,3,1,0,0,0,0,0,4,4,4,2,6,7,4,2,2,1,8,16,4,11,2,4,1,0,0,Default,
159474,0,0,0,0,0,0,0,0,2,22,13,27,111,68,31,9,5,4,2,3,1,1,0,0,0,3,19,11,6,3,8,8,4,2,3,1,8,15,4,10,2,3,1,0,0,Default,
159490,0,0,0,0,0,0,0,0,1,20,11,29,113,71,31,9,8,4,3,4,2,1,0,0,2,14,20,12,5,3,8,8,4,1,2,1,6,16,5,9,2,3,1,1,0,Default,
159506,0,0,0,0,0,0,0,0,1,12,11,31,117,70,30,11,7,4,2,5,2,2,1,0,2,18,24,16,7,3,10,8,4,2,3,1,12,16,6,11,2,4,1,0,0,Default,
159522,0,0,0,0,0,0,0,0,0,2,11,31,116,77,30,11,6,4,2,6,3,2,1,1,4,19,26,16,8,4,9,12,6,4,5,2,15,18,6,13,3,4,1,1,0,Default,
159538,0,0,0,0,0,0,0,0,1,22,12,35,127,87,41,12,7,4,3,4,1,2,1,0,5,24,33,27,9,4,12,12,7,3,7,2,16,18,6,11,3,4,1,0,0,Default,
159554,0,0,0,0,0,0,0,0,1,25,16,35,131,91,42,12,7,4,2,5,1,0,1,0,1,32,42,36,11,4,12,11,6,3,7,2,14,12,5,10,3,2,1,0,0,Default,
159570,0,0,0,0,0,0,0,0,3,27,16,36,136,86,35,15,8,5,3,6,2,0,0,0,0,30,44,33,11,4,13,12,7,4,8,2,16,16,6,13,3,4,1,0,0,Default,
159586,0,0,0,0,0,0,0,0,9,25,11,32,137,79,29,11,7,4,1,3,1,0,1,1,1,2,20,12,6,3,9,12,9,4,11,3,12,16,5,6,2,3,1,0,0,Default,
159602,452,509,491,222,221,188,55,182,244,225,97,194,318,243,73,18,8,8,4,4,1,0,1,0,1,12,17,9,5,2,16,4,2,1,1,1,8,3,1,2,1,0,0,0,0,Default,
159618,1370,1414,1455,694,781,636,130,441,522,493,208,336,439,373,121,17,8,4,2,12,10,9,5,3,22,16,15,12,4,1,16,4,2,1,2,2,7,1,0,1,0,0,0,0,0,Default,
159634,2063,2100,2249,1359,1721,1285,365,847,988,986,653,476,580,554,282,46,37,37,37,37,30,32,25,5,28,20,20,17,4,1,16,6,3,3,8,3,11,5,4,6,2,1,0,0,0,Default,
159650,2686,2802,2945,2191,2720,2119,613,1672,2017,1990,1596,878,1075,1015,820,58,53,53,53,39,32,31,31,7,40,31,34,30,6,3,34,28,24,23,15,4,24,16,14,6,1,4,1,1,0,Default,
159666,3064,3192,3283,2821,3297,2851,2846,2338,2877,2778,2133,1393,1719,1626,1290,98,87,84,87,46,41,39,35,8,47,41,44,41,8,3,104,96,93,91,23,4,35,29,26,4,3,2,1,0,0,Default,
159682,3057,3097,3164,3029,3297,3294,3149,2763,3293,3287,2429,1712,2097,1960,1619,300,298,294,287,64,62,63,61,10,101,94,93,91,13,5,152,148,143,138,22,4,28,22,20,7,3,5,0,0,0,Default,
159698,0,0,0,3154,3298,3231,3173,2914,3297,3297,2582,1903,2309,2187,1831,626,617,632,572,381,363,351,352,132,263,269,270,270,69,6,238,242,228,223,68,8,88,83,81,49,6,5,1,0,0,Default,
159714,0,0,0,3084,3298,3072,3150,2865,3295,3297,2583,1920,2305,2176,1842,827,818,853,751,711,684,655,634,260,584,638,629,650,168,12,392,410,381,371,190,22,136,137,129,87,12,7,0,0,0,Default,
159730,0,0,0,2957,3297,2980,3042,2803,3291,3157,2538,1907,2292,2145,1812,905,904,949,822,940,892,842,802,327,662,736,719,723,237,35,534,529,493,480,315,45,177,178,168,123,26,14,5,4,2,Default,
159746,4,1,1,2832,3297,2873,2892,2686,3211,3066,2484,1844,2252,2101,1780,914,927,972,838,1116,1072,1007,953,397,767,870,852,846,327,118,671,688,640,621,405,141,218,220,209,155,87,18,10,8,7,Default,
159762,5,1,0,2416,3092,2421,1320,2489,2978,2926,1925,1800,2206,2089,1481,966,992,1042,791,1234,1189,1119,928,451,863,999,989,903,407,165,870,901,848,733,526,212,286,288,262,204,173,29,22,19,13,Default,
159778,2020,2021,2009,2230,2851,2259,1285,2274,2788,2767,1897,1730,2161,2057,1480,987,1019,1071,818,1297,1266,1190,983,514,928,1105,1099,988,495,234,1012,1057,1007,851,640,313,354,364,329,261,264,29,23,20,17,Default,
159794,1719,1753,1720,1977,2542,2121,1214,1999,2505,2499,1768,1592,2052,1950,1410,958,1000,1047,797,1300,1264,1189,981,545,957,1177,1175,1048,561,339,1119,1196,1148,961,731,428,444,463,431,327,356,33,27,23,22,Default,
159810,1320,1372,1376,1595,1940,1742,1033,1659,2079,2072,1530,1413,1861,1770,1279,913,952,1001,756,1252,1214,1140,941,559,932,1184,1188,1061,594,376,1174,1284,1238,1026,816,497,519,551,513,387,404,38,27,25,24,Default,
159826,982,1026,1043,1131,1309,1234,799,1272,1557,1562,1234,1208,1628,1546,1132,844,885,937,700,1175,1143,1067,881,579,895,1189,1199,1076,639,432,1223,1373,1332,1096,903,592,617,668,623,472,480,49,44,39,39,Default,
159842,712,711,758,693,715,716,530,929,1124,1122,928,1023,1396,1307,985,788,816,868,651,1112,1072,999,828,588,854,1177,1200,1095,696,482,1233,1420,1413,1187,1010,675,680,772,722,544,560,63,56,53,52,Default,
159858,490,484,521,401,393,386,327,674,775,774,675,891,1181,1094,841,749,763,819,617,1099,1036,957,802,616,825,1177,1217,1120,762,538,1236,1444,1485,1287,1135,766,744,883,850,643,669,90,80,74,72,Default,
159874,331,327,347,236,228,220,201,489,548,551,499,779,1015,958,758,703,716,767,592,1082,1017,944,807,652,814,1207,1273,1188,852,601,1247,1493,1629,1449,1280,874,820,1021,1028,754,779,110,98,92,90,Default,
159890,202,202,213,142,135,135,128,371,421,417,382,683,895,845,692,660,676,715,567,1058,988,916,809,684,810,1241,1337,1255,948,663,1244,1542,1749,1610,1432,985,911,1174,1222,887,878,127,113,106,105,Default,
159906,138,136,138,100,92,91,87,327,367,363,364,620,826,775,655,629,632,655,551,1030,952,891,804,688,816,1294,1397,1320,1018,714,1262,1605,1862,1769,1532,1069,977,1303,1372,993,977,146,130,124,123,Default,
159922,91,89,88,87,80,78,77,263,288,282,283,559,752,696,601,610,602,617,537,1009,923,889,800,683,829,1349,1463,1381,1070,754,1291,1766,1999,1910,1629,1148,1076,1439,1542,1117,1047,174,154,144,143,Default,
159938,58,50,50,63,57,55,53,223,241,236,234,525,696,638,565,596,601,605,530,1020,953,912,808,717,845,1427,1513,1439,1144,799,1334,1863,2144,2053,1756,1239,1162,1594,1712,1268,1133,204,182,171,169,Default,
159954,49,42,41,41,36,33,34,191,203,200,198,490,642,594,534,572,564,557,494,1016,945,917,798,725,858,1476,1576,1497,1200,830,1368,1921,2273,2188,1861,1310,1234,1726,1882,1409,1219,229,208,193,190,Default,
159970,49,45,43,27,17,18,19,167,172,172,173,478,620,577,525,573,572,561,503,1023,956,946,813,744,898,1538,1671,1589,1281,898,1428,2018,2429,2371,1983,1428,1318,1864,2055,1561,1339,273,244,227,226,Default,
159986,41,35,34,21,15,14,14,152,156,158,159,451,567,530,491,561,568,559,501,1058,990,982,841,775,945,1645,1778,1683,1382,961,1509,2116,2607,2528,2140,1549,1417,2028,2246,1734,1459,350,314,294,292,Default,
160002,37,33,32,10,3,2,1,136,140,141,141,427,532,495,465,549,559,546,497,1087,1023,1017,878,820,990,1764,1898,1801,1489,1040,1579,2246,2785,2732,2322,1685,1558,2238,2490,1942,1602,438,398,373,368,Default,
160018,41,37,36,8,1,1,0,139,140,145,145,399,481,447,424,556,562,547,504,1133,1071,1075,935,867,1052,1885,2026,1935,1592,1144,1686,2388,2983,2958,2524,1879,1713,2460,2739,2170,1799,587,534,495,490,Default,
160034,45,41,40,8,1,1,0,112,112,114,114,360,427,401,385,501,505,494,461,1120,1064,1072,947,893,1102,1979,2149,2064,1708,1241,1760,2511,3198,3236,2793,2064,1848,2713,3029,2452,1994,858,814,730,701,Default,
160050,45,40,39,7,1,1,0,68,73,74,72,319,375,351,344,449,451,441,418,1027,1006,986,890,842,1100,2068,2193,2113,1775,1323,1783,2719,3295,3297,3018,2255,1983,2916,3249,2672,2201,1139,1102,965,908,Default,
160066,46,42,40,8,2,1,0,55,58,61,61,295,346,320,316,341,339,335,320,920,907,894,827,787,1074,2056,2165,2105,1793,1354,1778,2766,3297,3298,3295,2401,2059,3105,3297,2918,2385,1467,1426,1248,1129,Default,
160082,45,42,41,7,1,0,1,62,62,65,63,271,314,293,291,229,220,219,215,824,828,848,787,758,1037,1948,2023,1956,1720,1336,1757,2748,3297,3298,3299,2528,2077,3226,3297,3265,2556,1778,1726,1533,1345,Default,
160098,45,38,38,6,1,1,0,41,58,60,59,244,286,271,271,168,160,158,156,677,684,705,659,646,929,1785,1774,1701,1521,1243,1645,2686,3299,3297,3297,2611,2050,3275,3298,3297,2673,2051,2009,1817,1538,Default,
160114,38,34,33,5,1,0,0,17,44,44,45,198,232,222,219,111,104,105,104,514,538,547,514,501,811,1604,1501,1418,1295,1109,1509,2388,3296,3296,3297,2611,1898,3241,3298,3297,2714,2226,2184,2019,1686,Default,
160130,37,31,30,5,1,0,0,7,44,45,45,153,177,169,167,78,77,79,77,360,381,377,356,356,618,1460,1306,1206,1152,990,1281,2058,3229,3295,3295,2499,1703,3119,3297,3297,2650,2325,2272,2181,1768,Default,
160146,37,27,27,5,1,0,0,8,40,42,41,109,162,155,152,64,67,70,68,215,252,248,240,238,601,1321,1215,1082,1106,915,1059,1814,2868,2958,2920,2308,1480,2822,3233,3096,2404,2311,2260,2259,1745,Default,
160162,30,22,20,6,1,0,0,4,47,48,48,93,135,128,125,53,49,49,49,186,194,188,182,186,423,1206,1133,996,1065,823,808,1695,2304,2386,2495,1858,1285,2237,2731,2682,1950,2057,2067,2139,1553,Default,
160178,27,16,16,8,2,1,0,4,45,45,49,87,100,96,98,37,25,32,30,138,143,137,138,137,364,1118,1013,895,1005,662,499,1435,1662,1712,1886,1199,996,1446,1772,1741,1184,1558,1535,1647,1080,Default,
160194,19,11,11,4,1,1,0,3,35,35,35,70,111,97,98,25,15,14,15,77,85,80,81,81,217,904,788,662,766,431,261,1107,1072,1067,1261,696,605,713,793,807,596,1057,950,1001,566,Default,
160210,22,12,9,4,0,1,0,2,26,26,26,37,73,58,60,20,11,9,8,30,34,32,33,33,117,520,431,344,426,228,136,771,555,484,731,360,343,349,424,417,332,594,421,473,245,Default,
160226,19,11,8,6,1,0,0,1,22,20,21,25,62,37,38,16,12,8,6,12,16,8,9,9,75,214,161,114,163,94,104,462,211,175,377,170,165,130,232,210,140,189,133,186,96,Default,
160242,15,12,7,5,2,0,0,1,16,12,13,24,56,25,21,12,4,3,1,1,4,3,2,1,21,69,56,29,43,15,75,240,49,56,194,41,70,25,100,76,16,21,18,25,7,Default,
160258,0,0,0,0,0,0,0,0,2,26,16,23,70,45,29,8,4,1,1,0,0,0,0,0,0,11,28,11,9,4,33,78,36,33,43,6,19,7,5,14,3,4,2,2,1,Default,
160274,0,0,0,0,0,0,0,0,21,33,16,24,73,47,24,9,4,3,1,2,0,0,0,0,0,1,15,6,5,2,26,36,28,22,27,12,13,12,7,10,3,4,1,0,0,Default,
160290,0,0,0,0,0,0,0,0,13,29,15,25,74,43,22,8,4,1,1,1,0,0,1,0,0,0,1,2,2,1,22,29,16,11,16,12,12,4,1,2,0,0,0,1,0,Default,
160306,0,0,0,0,0,0,0,0,1,26,10,29,78,46,25,9,4,1,1,0,0,0,0,0,0,0,1,1,2,2,23,29,16,7,12,19,19,25,6,9,4,4,1,0,0,Default,
160322,0,0,0,0,0,0,0,0,3,25,14,28,83,51,25,9,4,2,1,1,0,0,0,0,0,0,0,2,2,1,19,20,12,6,11,19,16,23,7,9,6,6,0,0,0,Default,
160338,0,0,0,0,0,0,0,0,4,27,16,27,92,57,28,8,6,3,1,1,0,0,0,0,0,0,2,4,4,3,15,20,11,6,11,14,18,22,7,12,4,6,1,0,0,Default,
160354,0,0,0,0,0,0,0,0,14,29,16,24,91,55,27,7,4,2,0,1,0,0,0,0,0,0,1,3,4,2,10,11,7,3,7,11,12,19,6,11,5,4,1,0,0,Default,
160370,0,0,0,0,0,0,0,0,19,30,17,27,100,58,29,9,5,3,1,1,0,0,0,0,0,0,6,6,4,2,11,8,6,3,6,6,12,15,4,13,5,4,1,1,0,Default,
160386,0,0,0,0,0,0,0,0,17,30,16,27,103,62,26,8,4,3,1,1,0,0,0,0,0,0,4,7,5,2,8,8,5,1,4,4,12,18,5,11,4,5,1,1,0,Default,
160402,0,0,0,0,0,0,0,1,19,32,16,27,107,61,29,8,5,4,1,1,0,0,0,0,0,0,10,9,7,3,8,7,4,2,2,1,8,15,6,14,4,4,0,0,0,Default,
160418,0,0,0,0,0,0,0,1,17,32,16,26,109,65,29,9,5,4,2,2,1,0,0,0,0,1,10,9,5,2,8,7,4,1,2,2,9,14,5,10,4,4,1,0,0,Default,
160434,0,0,0,0,0,0,0,0,19,32,15,25,112,64,27,8,4,4,1,1,0,0,0,0,0,0,6,9,4,3,9,8,6,2,4,4,10,15,4,11,4,4,1,0,0,Default,
160450,0,0,0,0,0,0,0,0,21,31,16,25,114,65,26,9,6,4,2,1,0,1,0,0,0,0,3,6,4,1,7,8,5,1,4,4,11,13,4,9,3,4,1,1,0,Default,
160466,0,0,0,0,0,0,0,1,21,29,16,21,117,66,24,8,5,3,1,1,0,0,0,0,0,0,2,4,4,1,6,6,4,1,3,2,11,12,4,8,4,2,1,0,0,Default,
160482,0,0,0,0,0,0,0,0,16,27,13,27,116,64,26,8,5,3,2,1,0,0,0,0,0,1,1,2,2,2,3,6,4,2,2,2,10,12,4,9,2,3,1,0,0,Default,
160498,0,0,0,0,0,0,0,0,13,24,12,27,116,61,26,9,5,3,2,1,0,0,0,0,0,1,1,3,3,1,4,5,4,1,2,1,8,14,4,9,3,3,1,0,1,Default,
160514,0,0,0,0,0,0,0,0,13,23,10,29,116,62,26,8,5,3,1,1,0,0,0,0,0,0,1,1,1,1,2,4,3,1,2,1,6,14,4,9,3,3,0,0,0,Default,
160530,0,0,0,0,0,0,0,0,4,21,8,29,117,63,26,9,6,4,1,1,1,1,0,0,0,0,1,4,3,2,6,6,4,2,1,2,8,12,4,9,3,3,1,0,0,Default,
160546,0,0,0,0,0,0,0,0,2,21,12,24,120,65,28,8,6,4,2,2,0,0,0,0,0,0,2,3,3,1,4,6,4,2,1,1,6,14,4,9,2,3,1,1,0,Default,
160562,0,0,0,0,0,0,0,0,1,16,11,25,120,66,22,9,6,3,1,1,1,0,0,0,0,1,20,5,4,2,8,6,3,1,1,1,8,16,4,8,2,0,1,0,0,Default,
160578,0,0,0,0,0,1,0,0,0,4,9,29,122,67,25,10,6,4,1,2,0,0,1,0,0,2,26,19,8,3,8,7,4,1,1,0,5,13,6,12,3,3,1,0,0,Default,
160594,0,0,0,0,0,0,0,0,1,16,9,31,119,78,26,8,6,4,1,4,3,1,1,0,2,23,35,23,8,5,9,9,5,4,4,2,13,16,6,11,3,4,1,0,0,Default,
160610,0,0,0,0,0,0,0,0,7,24,14,32,136,86,40,9,4,2,0,2,2,3,1,1,11,32,48,42,9,4,14,14,8,4,8,3,16,16,6,9,3,3,1,0,0,Default,
160626,0,0,1,0,0,0,0,0,24,27,16,36,141,88,41,9,6,4,1,4,2,2,1,0,9,32,41,43,12,4,12,12,8,4,6,2,14,11,4,12,3,4,1,0,0,Default,
160642,0,0,1,0,0,0,1,47,66,61,44,48,222,102,45,11,5,3,1,4,11,15,5,4,17,33,33,20,8,4,17,12,6,3,6,2,16,14,7,5,1,4,1,1,0,Default,
160658,733,825,779,326,335,283,70,261,331,308,116,251,384,298,82,12,2,1,1,16,20,20,9,7,25,14,12,6,6,2,14,4,1,0,2,1,10,3,2,4,2,1,0,0,0,Default,
160674,1633,1755,1842,949,1115,901,229,592,684,679,414,398,501,456,197,27,20,20,19,25,20,20,14,5,25,16,15,12,8,3,14,4,3,1,3,4,12,4,4,7,2,2,0,1,0,Default,
160690,2239,2327,2487,1647,2061,1571,470,1041,1215,1237,844,543,653,625,360,47,43,44,43,51,41,47,36,12,35,27,19,23,8,2,36,23,28,18,21,10,29,17,13,8,3,2,0,1,0,Default,
160706,2682,2850,3002,2265,2832,2207,656,1645,1984,2020,987,968,1173,1125,596,55,49,49,48,52,47,45,40,9,39,33,33,31,8,4,78,70,66,60,23,7,34,26,23,8,4,4,1,0,0,Default,
160722,0,2860,2951,2581,3283,2524,878,2151,2624,2611,1289,1364,1676,1600,901,114,103,103,98,52,46,46,41,8,58,50,48,45,9,3,135,131,125,111,22,5,36,29,26,6,3,6,1,1,0,Default,
160738,2519,2840,2852,2687,3296,2586,1029,2551,3033,2936,1489,1627,1955,1849,1119,366,357,354,317,114,111,111,107,41,126,129,125,114,23,7,178,174,167,160,27,7,34,28,26,8,3,6,0,0,0,Default,
160754,0,0,0,2910,3297,2848,3065,2769,3269,3105,2492,1875,2270,2130,1786,734,729,757,671,493,468,451,446,206,387,410,406,412,110,6,302,305,290,282,112,11,116,115,110,70,8,4,1,1,0,Default,
160770,0,0,0,2833,3299,2930,2960,2749,3210,3067,2482,1940,2365,2197,1856,916,910,961,829,878,840,795,758,350,612,676,667,668,214,34,513,507,473,456,277,45,180,186,175,126,28,9,2,1,0,Default,
160786,4,1,1,2846,3295,2924,2972,2707,3181,3070,2509,1956,2392,2217,1915,1001,1018,1073,925,1110,1072,1017,972,416,758,857,837,831,312,95,629,638,595,578,388,120,228,231,219,163,84,13,8,5,4,Default,
160802,4,1,0,2490,3202,2548,1397,2611,3083,3034,2010,1925,2351,2225,1626,1042,1073,1130,873,1253,1217,1161,994,483,853,971,962,899,397,164,810,833,782,689,511,205,298,303,277,215,183,16,8,7,5,Default,
160818,2155,2185,2255,2376,3063,2444,1410,2479,2966,2956,2043,1875,2333,2214,1661,1052,1095,1160,902,1341,1318,1262,1104,548,940,1106,1103,1009,489,228,946,986,936,832,617,303,377,388,356,280,279,20,14,12,11,Default,
160834,1915,1941,1980,2146,2791,2254,1368,2232,2720,2754,1999,1754,2217,2132,1641,1051,1103,1181,923,1395,1380,1334,1185,621,978,1181,1183,1086,572,308,1078,1135,1098,971,737,427,481,504,470,370,372,21,16,14,13,Default,
160850,1562,1592,1616,1849,2379,1956,1245,1923,2363,2412,1834,1559,2013,1956,1524,999,1057,1140,891,1360,1351,1311,1181,674,968,1199,1213,1116,650,371,1157,1247,1219,1086,860,533,583,619,587,460,451,28,21,20,19,Default,
160866,1199,1224,1263,1457,1803,1659,1073,1538,1876,1957,1596,1346,1795,1761,1401,918,986,1077,844,1262,1265,1246,1140,692,922,1181,1214,1128,691,412,1186,1318,1305,1169,949,602,675,737,706,538,522,29,23,21,22,Default,
160882,881,888,944,1034,1185,1159,820,1190,1440,1489,1323,1150,1552,1525,1248,836,897,997,781,1151,1149,1143,1061,694,870,1164,1198,1142,734,464,1196,1366,1387,1258,1061,696,742,844,809,613,618,32,26,24,24,Default,
160898,634,621,675,614,655,660,522,886,1068,1085,998,971,1313,1285,1073,751,801,912,717,1032,1018,1015,955,684,818,1133,1197,1162,797,588,1180,1383,1446,1357,1171,849,795,948,933,708,761,35,23,23,23,Default,
160914,453,443,479,377,368,368,324,667,779,809,751,820,1106,1077,913,683,717,837,663,938,917,912,869,675,775,1102,1183,1178,863,646,1150,1372,1486,1448,1299,973,820,1025,1039,795,855,44,37,35,33,Default,
160930,334,327,358,240,232,228,211,497,567,584,557,709,957,928,799,621,645,759,609,883,857,851,821,663,737,1064,1177,1195,906,688,1116,1353,1532,1544,1409,1066,858,1131,1183,905,953,51,45,42,45,Default,
160946,222,216,230,141,131,129,125,385,450,458,439,613,857,820,706,572,601,713,573,833,792,800,763,647,708,1061,1203,1222,949,721,1083,1351,1605,1636,1528,1170,895,1235,1320,1004,1048,68,60,58,58,Default,
160962,146,141,147,116,103,106,104,310,356,362,347,544,782,745,635,526,563,655,535,805,771,779,752,655,656,1079,1247,1266,1005,771,1071,1371,1688,1741,1623,1260,936,1330,1445,1118,1133,72,64,61,62,Default,
160978,104,97,99,97,88,87,87,267,295,298,312,500,725,695,610,506,535,626,521,779,743,774,750,664,698,1111,1302,1324,1061,811,1073,1405,1792,1878,1724,1348,992,1455,1597,1252,1226,85,78,74,76,Default,
160994,62,56,55,80,70,69,67,236,265,261,267,472,676,645,573,498,521,583,505,770,752,782,754,674,714,1177,1381,1384,1136,868,1094,1492,1936,2014,1844,1446,1064,1597,1749,1392,1333,120,105,103,106,Default,
161010,54,49,49,41,35,33,33,198,214,215,221,431,625,592,539,483,516,569,501,769,772,807,761,696,721,1235,1449,1431,1209,892,1113,1554,2077,2141,1993,1533,1137,1737,1919,1549,1425,140,131,125,131,Default,
161026,51,45,45,35,29,27,27,174,183,185,188,410,580,561,518,461,491,531,466,779,783,829,758,712,754,1310,1538,1525,1293,986,1152,1745,2234,2307,2135,1683,1247,1869,2092,1703,1555,191,178,173,178,Default,
161042,42,35,35,19,12,10,9,147,156,159,161,390,551,528,491,445,490,514,462,791,816,861,786,752,759,1426,1645,1637,1414,1050,1205,1850,2444,2543,2364,1837,1351,2067,2335,1953,1719,286,266,257,264,Default,
161058,41,36,35,15,6,5,4,136,157,161,163,397,532,513,480,468,515,533,480,849,878,942,841,823,849,1542,1803,1774,1544,1127,1328,2008,2705,2787,2627,2015,1505,2328,2620,2224,1901,435,405,389,398,Default,
161074,41,36,36,8,2,1,1,150,155,161,161,361,460,446,423,446,490,498,456,870,893,963,861,843,920,1679,1977,1932,1687,1254,1427,2180,2968,3067,2898,2244,1666,2603,2924,2516,2159,655,621,599,610,Default,
161090,42,37,37,8,1,0,1,127,124,127,128,318,394,377,363,395,422,427,397,809,828,881,796,780,939,1813,2085,2056,1791,1365,1459,2399,3207,3296,3266,2466,1832,2864,3223,2793,2429,938,922,858,867,Default,
161106,45,39,38,7,1,0,0,88,90,92,93,266,319,306,300,350,371,377,353,706,731,763,701,688,948,1810,2060,2063,1806,1417,1488,2485,3294,3298,3297,2652,1909,3040,3295,3055,2665,1236,1235,1140,1146,Default,
161122,46,41,40,7,1,0,0,57,62,63,63,237,286,273,270,251,256,260,249,579,598,619,576,570,911,1743,1955,1962,1753,1413,1469,2487,3295,3298,3298,2826,1932,3164,3298,3298,2868,1529,1564,1454,1413,Default,
161138,45,41,41,8,2,1,0,64,62,62,62,219,256,242,243,190,196,196,188,431,452,461,441,434,824,1571,1690,1716,1579,1306,1376,2406,3296,3297,3297,2942,1888,3192,3298,3297,3045,1774,1844,1756,1659,Default,
161154,42,38,37,7,2,0,0,32,55,58,59,203,240,228,228,73,69,69,66,386,410,446,417,421,719,1401,1432,1421,1369,1165,1252,2018,3295,3297,3297,3016,1686,3191,3298,3298,3259,1970,1992,2001,1841,Default,
161170,40,34,33,6,1,0,0,4,42,44,44,149,215,206,201,36,31,31,29,214,268,283,266,268,539,1236,1214,1188,1181,1024,1025,1807,3107,3297,3298,2923,1525,3059,3298,3298,3251,2075,2114,2189,1971,Default,
161186,38,33,31,6,1,1,0,3,37,38,38,95,155,151,147,24,20,20,17,123,178,184,173,176,486,1051,996,974,1003,878,835,1566,2742,2989,3206,2876,1324,2780,3267,3297,3013,2078,2145,2317,2050,Default,
161202,36,26,25,6,1,1,0,6,41,43,43,119,147,140,136,35,25,25,25,112,120,124,118,118,375,937,908,876,935,806,575,1449,2251,2473,2822,2522,1166,2309,2879,3091,2681,1928,2058,2305,1981,Default,
161218,19,11,10,4,1,0,0,4,43,45,45,75,102,96,94,24,17,16,16,47,55,54,54,52,236,858,841,819,929,739,302,1203,1625,1803,2259,1858,924,1567,2147,2377,2006,1523,1701,2052,1682,Default,
161234,22,12,10,6,1,1,0,2,37,35,38,49,78,70,71,20,16,14,14,22,29,28,27,27,135,709,650,640,759,541,162,941,953,1140,1550,1095,609,784,1022,1146,1070,942,1081,1346,1038,Default,
161250,18,11,8,5,1,1,1,1,33,33,33,36,82,70,71,18,14,12,11,18,29,25,25,26,87,468,414,398,482,314,99,689,545,566,886,584,362,397,523,559,540,532,486,663,476,Default,
161266,16,12,9,4,1,1,0,1,27,25,25,25,63,43,45,16,11,9,8,8,9,5,5,5,58,200,161,136,185,128,75,452,228,210,449,283,204,188,289,290,284,196,170,258,167,Default,
161282,13,12,8,6,1,0,0,1,19,15,18,20,49,29,25,11,8,6,4,5,3,2,1,1,19,72,48,29,45,31,58,217,58,67,228,118,94,41,130,121,97,30,32,57,28,Default,
161298,0,0,0,0,0,0,0,0,0,25,15,21,76,51,26,8,6,4,2,3,2,0,0,1,0,11,24,10,10,4,17,62,25,39,78,9,24,10,32,27,4,7,4,3,1,Default,
161314,0,0,0,0,0,0,0,0,22,31,16,25,70,52,24,8,7,6,1,3,1,0,0,0,0,1,11,5,4,3,24,36,25,26,46,8,13,12,6,7,3,4,0,0,0,Default,
161330,0,0,0,0,0,0,0,1,22,33,14,23,66,42,24,9,6,5,2,2,0,0,0,0,0,0,1,4,3,2,24,29,17,19,36,14,10,4,2,5,2,1,1,0,0,Default,
161346,0,0,0,0,0,0,0,0,1,29,15,19,71,44,20,4,5,4,0,1,0,0,0,0,0,1,1,0,1,0,3,20,13,8,20,11,13,14,6,12,4,4,0,0,0,Default,
161362,0,0,0,0,0,0,0,0,3,33,15,22,78,46,22,8,5,3,1,1,1,0,0,0,1,0,0,1,1,1,3,16,12,5,12,11,12,20,6,10,4,5,1,0,0,Default,
161378,0,0,0,0,0,0,0,0,17,33,17,22,81,48,26,8,5,3,1,1,0,0,0,0,0,1,1,1,2,2,9,10,8,4,8,11,12,21,6,11,5,4,0,0,0,Default,
161394,0,0,0,0,0,0,0,0,14,30,15,24,83,45,22,8,5,3,1,1,1,0,0,0,0,0,1,1,1,1,3,9,8,3,10,9,11,20,5,8,4,4,1,0,0,Default,
161410,0,0,0,0,0,0,0,0,20,29,12,22,90,45,24,8,4,2,1,0,0,0,0,0,0,0,1,1,1,2,5,7,4,1,3,9,12,16,4,8,4,4,1,0,0,Default,
161426,0,0,0,0,0,0,0,0,21,30,15,20,95,49,24,8,4,3,1,1,1,0,0,0,0,1,2,4,4,3,9,9,5,2,4,9,12,16,4,8,6,4,1,0,0,Default,
161442,0,0,0,0,0,0,0,1,24,33,16,24,98,47,29,8,5,3,1,1,0,0,0,0,0,0,1,1,3,2,6,7,4,2,4,8,9,12,4,8,4,4,1,0,1,Default,
161458,0,0,0,0,0,0,0,1,26,33,16,22,99,49,29,7,5,3,1,1,0,0,0,0,0,0,1,4,6,2,6,8,4,2,4,4,9,7,3,8,3,3,1,0,0,Default,
161474,0,0,0,0,0,0,0,1,22,33,15,23,100,50,31,8,4,3,1,1,0,0,0,0,0,0,1,4,5,2,6,8,4,1,3,2,8,9,3,9,3,3,0,0,0,Default,
161490,0,0,0,0,0,0,0,0,21,32,16,23,101,47,29,8,5,2,1,1,0,1,0,0,0,0,0,1,1,0,1,2,3,1,2,2,9,11,3,8,2,3,0,0,0,Default,
161506,0,0,0,0,0,0,0,0,20,31,16,23,99,46,29,8,6,4,2,1,1,0,0,0,0,0,0,1,1,1,3,4,4,1,2,1,7,10,4,8,3,3,1,0,1,Default,
161522,0,0,0,0,0,0,0,1,20,29,16,25,103,54,25,8,6,4,1,1,1,0,0,0,0,0,1,1,1,0,2,3,3,1,1,2,10,11,4,7,3,3,0,0,0,Default,
161538,0,0,0,0,0,0,0,0,7,25,14,25,103,51,28,8,6,4,2,2,0,0,0,0,0,0,0,1,0,0,1,2,2,1,2,1,9,12,4,9,3,3,1,1,0,Default,
161554,0,0,0,0,0,0,0,0,12,24,13,24,103,53,28,7,6,4,1,2,0,0,0,0,0,0,1,0,0,0,1,1,1,0,1,1,7,13,4,9,3,3,1,0,0,Default,
161570,0,0,0,0,0,0,0,0,8,24,12,25,109,51,30,9,5,5,3,2,0,1,0,0,0,0,2,8,5,3,7,7,4,1,3,2,10,16,5,10,3,4,1,0,0,Default,
161586,0,0,0,0,0,0,0,0,2,20,10,24,107,53,27,8,6,5,2,2,1,0,0,0,0,0,7,10,4,3,7,7,3,1,2,1,8,15,5,9,3,4,0,0,0,Default,
161602,0,0,0,0,0,0,0,0,1,20,10,28,109,53,29,10,8,6,2,3,0,1,0,0,0,0,20,10,6,3,8,9,6,3,6,3,13,17,6,12,3,4,1,0,0,Default,
161618,0,0,0,0,0,0,0,0,1,18,11,28,107,56,30,10,7,5,2,3,1,1,0,0,0,3,25,12,6,4,11,13,4,6,4,2,17,19,5,12,2,4,1,0,1,Default,
161634,0,0,0,0,0,0,0,0,1,18,10,30,108,66,33,12,8,6,4,6,2,1,1,0,1,20,32,20,9,5,13,16,10,5,11,8,13,14,5,14,4,4,1,0,0,Default,
161650,0,0,0,0,0,0,0,0,6,23,8,34,124,76,43,12,8,4,2,5,1,1,0,1,2,30,44,37,12,6,15,20,13,7,13,9,13,13,5,11,4,4,1,0,0,Default,
161666,0,0,0,0,0,0,0,0,20,26,13,33,140,78,44,12,8,5,3,5,1,1,0,0,1,37,49,39,12,6,15,20,12,7,11,10,14,12,5,14,4,4,1,0,0,Default,
161682,0,0,0,0,0,0,0,0,20,25,10,35,142,74,37,12,8,4,2,5,1,1,0,0,1,28,42,25,9,5,16,18,10,4,12,7,13,12,4,8,2,3,1,0,0,Default,
161698,359,475,502,206,214,178,53,179,247,234,97,182,308,246,73,16,4,4,2,12,10,10,4,4,27,19,17,7,5,2,20,6,2,1,4,2,18,12,6,9,3,4,0,0,0,Default,
161714,1353,1512,1596,742,829,681,143,446,532,515,232,333,434,394,136,22,12,11,8,20,17,17,10,5,23,12,10,6,7,2,16,2,1,1,1,1,12,6,4,2,2,1,0,0,0,Default,
161730,1963,2050,2221,1271,1612,1189,342,739,849,858,658,398,475,469,254,40,33,33,32,47,45,45,35,8,24,16,15,13,4,1,22,11,8,6,12,4,20,13,10,9,3,4,1,0,0,Default,
161746,2487,2660,2841,1944,2432,1888,541,1280,1518,1536,851,713,861,847,477,45,37,37,37,49,44,44,39,8,33,25,23,22,7,3,45,33,30,26,16,6,29,23,20,8,3,5,0,0,0,Default,
161762,2611,2812,2910,2375,3011,2369,826,1923,2370,2384,1239,1234,1529,1500,860,67,59,61,61,42,36,39,34,8,42,32,34,29,7,3,116,112,108,97,20,5,41,33,31,8,3,5,1,0,0,Default,
161778,2675,2789,2831,2536,3202,2503,996,2304,2812,2757,1455,1500,1843,1779,1098,264,261,264,248,51,42,40,41,40,88,84,83,79,18,5,149,148,143,129,29,6,43,39,37,16,6,6,1,1,0,Default,
161794,0,0,0,2796,3297,2875,2991,2599,3135,3024,2443,1742,2157,2063,1753,633,643,677,602,364,364,349,349,212,372,393,391,411,111,13,293,298,279,273,125,17,122,120,116,71,13,4,1,0,0,Default,
161810,0,0,0,2852,3297,2918,3063,2633,3130,3050,2504,1844,2268,2161,1872,855,872,944,817,823,812,781,765,403,625,697,689,691,247,84,511,523,491,482,338,116,228,233,217,154,87,5,0,0,0,Default,
161826,0,0,0,2863,3299,2967,3189,2704,3188,3086,2577,1902,2329,2201,1964,961,990,1057,920,1091,1072,1024,996,460,782,883,874,863,357,188,663,690,646,626,469,228,319,326,305,218,226,3,1,0,0,Default,
161842,0,0,0,2926,3297,3037,3261,2736,3251,3149,2634,1930,2363,2243,2012,1012,1051,1130,977,1245,1237,1181,1157,497,847,967,959,940,414,219,751,788,746,718,541,303,358,368,344,254,287,4,1,1,0,Default,
161858,0,0,0,2778,3297,2874,3240,2656,3196,3125,2632,1864,2307,2217,1987,990,1035,1115,967,1297,1293,1245,1228,543,891,1032,1024,997,476,262,851,892,854,833,617,377,401,414,391,300,337,5,1,1,0,Default,
161874,0,0,0,2656,3297,2840,3030,2470,3014,2986,2535,1771,2209,2160,1928,965,1014,1099,950,1320,1324,1284,1269,596,915,1072,1073,1042,537,310,908,958,922,901,710,477,458,474,451,361,394,9,2,1,1,Default,
161890,1916,2029,2109,2120,2756,2248,1333,2156,2659,2715,1963,1584,2003,2006,1560,906,960,1053,830,1251,1260,1244,1130,622,901,1063,1086,996,580,339,923,980,961,873,762,523,478,502,468,391,432,10,3,1,1,Default,
161906,1686,1701,1755,1825,2384,1973,1192,1823,2289,2363,1772,1386,1777,1805,1397,814,866,967,761,1121,1135,1130,1044,621,837,1002,1031,962,599,364,902,963,950,868,813,595,505,534,501,433,484,9,2,1,1,Default,
161922,1327,1382,1434,1468,1855,1692,1014,1454,1840,1928,1522,1166,1540,1579,1236,701,752,854,673,943,959,963,900,558,755,928,971,911,588,379,850,926,930,860,832,647,518,561,528,456,527,14,4,3,3,Default,
161938,1029,1053,1125,1092,1231,1272,795,1096,1311,1381,1228,981,1304,1350,1073,599,641,753,594,804,808,826,795,536,684,861,910,865,595,402,817,904,928,883,881,707,526,594,564,492,572,13,6,4,4,Default,
161954,804,805,884,785,849,896,605,861,1025,1095,1013,824,1097,1147,924,530,568,686,536,706,705,728,704,520,635,825,896,854,626,436,806,910,963,916,974,798,549,647,610,567,646,14,5,5,4,Default,
161970,618,614,700,535,572,594,443,673,822,872,823,700,958,994,815,481,526,650,500,645,662,680,659,506,575,797,878,841,645,461,765,903,972,933,1055,863,570,702,663,609,695,17,9,8,8,Default,
161986,479,482,554,371,372,377,310,543,655,708,675,621,869,903,741,449,501,631,485,627,645,674,656,522,551,791,896,862,684,494,753,921,1032,1019,1130,921,594,775,733,669,765,20,9,8,8,Default,
162002,373,385,436,257,246,246,222,447,546,581,570,560,811,837,698,436,491,619,479,627,640,672,671,547,545,828,946,918,746,541,750,976,1106,1130,1232,1002,634,845,822,744,836,23,14,13,12,Default,
162018,310,318,360,190,180,182,169,364,451,474,473,516,764,787,667,426,488,619,489,635,654,696,699,592,558,878,1032,1009,845,671,765,1034,1189,1257,1376,1135,704,976,971,877,946,33,23,23,21,Default,
162034,255,266,297,153,145,142,133,326,402,416,415,485,733,758,646,434,497,621,498,683,700,750,756,663,586,949,1124,1106,946,756,814,1116,1335,1423,1544,1275,790,1135,1161,1035,1065,36,28,28,28,Default,
162050,214,221,247,111,103,103,101,350,424,452,487,464,704,730,629,443,501,632,515,715,760,833,840,754,628,1040,1256,1225,1086,854,885,1208,1526,1592,1774,1426,893,1324,1368,1255,1223,51,40,42,45,Default,
162066,174,174,186,93,85,84,81,315,365,384,406,458,682,689,603,466,522,646,534,756,808,891,910,833,675,1130,1380,1343,1226,945,971,1382,1723,1774,2005,1567,1013,1507,1557,1469,1377,94,85,83,87,Default,
162082,128,128,135,77,69,69,68,273,307,315,331,466,700,692,615,488,557,663,558,804,895,993,1002,944,738,1275,1559,1496,1392,1082,1055,1542,1981,2025,2259,1793,1150,1734,1823,1736,1589,149,138,137,142,Default,
162098,103,98,101,64,58,58,58,239,268,273,281,459,673,652,599,510,580,677,584,861,981,1127,1140,1076,801,1404,1764,1702,1603,1247,1144,1723,2321,2356,2596,2038,1312,2022,2168,2097,1820,236,219,222,232,Default,
162114,70,64,64,40,34,33,33,183,195,199,203,429,605,591,557,505,588,646,567,915,1090,1241,1206,1204,841,1517,1905,1833,1734,1277,1243,1881,2613,2655,2910,2228,1455,2312,2499,2412,2060,410,377,384,388,Default,
162130,57,50,49,27,20,20,20,153,161,165,168,384,517,505,480,497,573,603,539,929,1110,1252,1189,1210,904,1637,2071,2001,1911,1451,1340,2143,2909,2989,3232,2628,1656,2610,2850,2769,2409,618,576,588,596,Default,
162146,59,54,54,15,8,6,6,117,135,137,142,269,430,423,406,444,493,505,461,848,959,1048,974,994,930,1711,2119,2077,1981,1538,1378,2254,3136,3230,3297,2855,1775,2869,3159,3109,2665,918,870,883,883,Default,
162162,54,51,49,8,2,1,0,120,121,127,127,289,349,339,331,358,397,402,374,703,785,854,775,793,884,1674,2046,2010,1933,1494,1357,2280,3276,3297,3298,3034,1822,3052,3297,3297,2895,1240,1206,1210,1195,Default,
162178,54,47,46,8,1,0,0,90,91,95,95,233,275,265,262,232,242,246,234,485,526,542,512,513,810,1554,1829,1835,1756,1429,1287,2240,3292,3298,3298,3297,1796,3153,3298,3298,3170,1554,1534,1547,1502,Default,
162194,49,43,41,6,1,0,0,40,58,59,59,149,225,217,213,151,157,160,153,356,371,385,371,373,743,1401,1575,1600,1571,1316,1220,2067,3289,3297,3297,3298,1666,3201,3298,3297,3297,1811,1807,1893,1763,Default,
162210,50,42,42,7,1,0,0,22,54,55,54,202,241,233,232,85,82,84,82,287,316,339,322,325,625,1220,1293,1308,1333,1135,1056,1803,3215,3297,3297,3297,1497,3166,3297,3297,3297,1969,1960,2135,1944,Default,
162226,49,38,37,6,1,0,0,4,45,45,45,125,209,206,202,20,15,14,13,157,237,249,236,241,515,1037,1054,1057,1113,957,881,1585,2951,3219,3298,3297,1339,2989,3298,3296,3299,1988,2077,2315,2079,Default,
162242,43,33,30,4,0,0,0,3,42,44,44,136,163,159,154,27,16,16,16,132,148,156,148,147,400,907,927,915,998,859,637,1429,2569,2824,3297,3196,1206,2652,3175,3297,3294,2001,2057,2378,2111,Default,
162258,33,27,26,5,1,0,0,4,41,43,44,87,115,107,106,30,24,24,22,55,58,59,58,59,284,808,823,828,943,788,383,1177,1994,2308,3060,2657,994,2030,2689,3161,2741,1730,1904,2316,1997,Default,
162274,19,14,13,5,1,0,0,10,48,49,49,53,74,71,70,29,21,20,20,29,33,33,33,32,183,728,712,761,905,693,217,976,1309,1728,2460,1844,758,1239,1899,2197,1842,1221,1504,1923,1569,Default,
162290,24,16,15,5,1,0,0,2,44,45,47,42,82,70,72,27,20,18,19,29,42,42,42,43,123,563,514,568,713,474,139,741,734,1009,1549,999,468,597,815,913,858,705,850,1157,885,Default,
162306,22,17,14,5,1,0,0,2,36,36,36,28,60,47,51,23,16,14,12,21,27,22,23,23,87,323,266,290,389,248,104,508,364,435,890,528,290,310,445,506,512,357,343,529,344,Default,
162322,18,22,12,6,1,0,0,1,28,25,26,14,55,32,33,14,12,9,7,8,15,8,8,9,41,143,113,97,139,95,77,297,136,154,416,258,155,136,248,258,203,103,91,152,93,Default,
162338,11,12,5,5,1,1,0,1,23,25,17,17,48,37,24,8,7,4,1,3,3,2,1,1,4,60,54,37,41,24,45,138,45,51,181,90,61,27,87,86,47,11,9,9,3,Default,
162354,0,0,0,0,1,1,1,24,20,30,14,22,48,43,29,10,4,4,2,3,0,0,0,0,1,3,20,11,8,3,26,29,20,29,71,9,13,8,14,19,4,4,1,1,0,Default,
162370,0,0,0,0,1,1,1,23,26,38,17,21,60,51,25,10,4,4,2,2,0,0,0,0,0,1,14,16,8,4,19,19,13,22,65,18,9,4,3,6,3,2,1,0,0,Default,
162386,0,0,0,0,0,0,0,3,23,33,16,19,61,48,19,8,6,4,1,2,1,0,0,0,0,1,15,12,8,4,15,20,16,21,41,19,13,16,8,8,4,5,1,0,0,Default,
162402,0,0,0,0,0,0,0,0,17,32,14,20,67,48,18,8,7,4,1,2,1,0,0,0,0,1,2,5,4,2,9,13,8,5,21,16,14,22,8,14,5,6,1,0,0,Default,
162418,0,0,0,0,0,1,0,3,24,34,16,20,73,45,23,8,6,4,2,1,0,1,0,0,0,0,1,1,0,1,1,4,4,2,12,8,13,20,6,16,5,5,1,0,0,Default,
162434,0,0,0,1,0,1,0,13,24,35,16,22,76,52,24,8,5,4,1,1,0,1,0,0,0,1,1,1,1,1,3,8,4,3,7,6,15,18,5,12,4,4,1,0,0,Default,
162450,0,0,0,1,0,1,0,12,25,37,15,22,82,48,29,8,5,4,2,1,0,0,0,0,1,0,0,1,1,1,2,4,4,2,4,1,11,17,6,11,3,4,0,0,0,Default,
162466,0,0,0,1,1,1,1,18,25,37,17,22,87,53,29,8,5,3,1,1,0,0,0,0,0,0,1,1,2,1,4,8,4,3,6,7,13,14,4,8,4,4,1,0,0,Default,
162482,0,0,0,1,1,1,0,16,26,37,16,22,87,54,27,8,6,6,2,0,1,0,0,0,0,1,1,2,2,2,6,8,5,2,4,8,11,13,4,8,5,4,1,0,0,Default,
162498,0,0,0,0,1,1,1,14,24,35,16,22,87,52,32,8,4,4,2,0,0,0,0,0,1,0,1,2,2,1,5,8,4,2,4,6,10,12,4,6,4,4,1,0,0,Default,
162514,0,0,0,0,0,0,0,3,24,29,16,20,88,51,34,4,4,3,1,1,0,0,0,0,0,1,1,8,5,2,7,7,3,2,3,3,10,8,3,6,3,2,1,0,0,Default,
162530,0,0,0,0,0,0,0,1,3,30,16,22,90,47,32,8,5,3,1,1,0,0,1,0,0,0,1,1,3,2,3,6,3,2,3,2,7,7,3,8,1,2,0,0,0,Default,
162546,0,0,0,0,0,0,0,0,0,27,16,22,90,46,29,5,4,3,1,0,0,0,0,0,0,0,0,0,0,0,0,0,1,1,0,1,2,7,3,6,2,2,1,0,0,Default,
162562,0,0,0,0,0,0,0,0,1,27,13,22,93,45,30,8,5,3,2,1,0,0,0,0,0,0,0,0,0,0,1,1,1,0,1,1,6,11,4,10,2,3,0,0,0,Default,
162578,0,0,0,0,0,0,0,0,1,23,14,21,93,48,31,7,5,3,1,1,0,1,0,0,0,0,0,0,0,0,0,1,0,0,0,0,2,7,4,9,2,3,1,0,0,Default,
162594,0,0,0,0,0,0,0,0,1,22,12,21,90,52,31,7,5,3,1,1,0,0,0,0,0,0,0,0,0,0,0,0,0,0,0,0,1,1,2,6,2,2,1,0,0,Default,
162610,0,0,0,0,0,0,0,0,1,20,11,24,90,48,29,8,6,3,1,1,0,1,0,0,0,0,0,1,1,1,2,4,3,2,1,1,4,11,4,8,1,3,0,0,0,Default,
162626,0,0,0,0,0,0,0,1,1,19,10,25,93,45,32,8,5,3,1,1,0,0,0,0,0,0,0,1,2,1,2,6,4,3,4,2,12,13,5,9,1,3,1,0,0,Default,
162642,0,0,0,0,0,0,0,0,0,7,8,25,94,43,30,8,7,4,2,2,0,0,0,0,0,0,1,1,1,1,3,5,4,2,3,2,12,16,4,11,1,4,0,0,0,Default,
162658,0,0,0,0,0,0,0,0,0,5,9,26,94,55,29,10,8,5,2,3,0,1,0,0,0,1,10,11,7,4,7,9,5,4,4,6,13,15,6,13,4,5,1,1,0,Default,
162674,0,0,0,0,0,0,0,0,0,9,9,29,91,52,29,9,7,5,3,3,1,0,0,0,0,1,17,12,6,4,11,15,8,4,8,10,15,14,5,13,5,4,1,0,0,Default,
162690,0,0,0,0,0,0,0,0,1,22,12,28,103,63,34,9,8,4,3,3,1,0,0,0,0,2,20,12,7,4,10,15,8,4,8,10,16,16,6,14,6,5,1,0,0,Default,
162706,0,0,0,0,0,0,0,0,6,21,8,30,119,58,38,11,7,4,2,3,1,1,0,0,1,7,29,24,10,6,12,18,8,6,8,10,16,12,5,13,6,4,1,0,0,Default,
162722,0,0,0,0,0,0,0,0,20,25,11,32,126,58,34,11,7,4,3,4,1,1,0,0,0,1,18,8,6,4,13,16,10,6,11,12,13,16,5,10,5,5,1,0,0,Default,
162738,0,110,82,58,60,48,25,72,105,91,72,80,207,135,58,11,3,2,1,3,9,12,4,4,22,19,16,12,9,2,17,7,3,2,3,2,16,9,4,4,2,2,1,0,0,Default,
162754,1138,1158,1094,482,489,402,100,362,447,414,154,287,388,322,103,12,5,4,3,32,29,31,16,6,19,8,6,4,7,1,11,3,1,1,2,0,14,9,6,7,2,1,0,0,0,Default,
162770,1862,1968,2050,1167,1423,1061,307,725,849,832,563,426,526,501,248,35,29,29,28,33,24,25,20,7,35,26,25,25,6,3,19,5,2,1,4,3,18,12,9,10,3,4,1,0,0,Default,
162786,2422,2477,2685,1828,2313,1803,511,1210,1445,1451,800,645,786,759,435,45,38,37,37,47,41,40,35,8,66,61,59,62,16,4,45,36,33,29,16,8,38,33,30,9,4,5,1,0,0,Default,
162802,2675,2790,2980,2356,2977,2332,808,1927,2356,2380,1215,1213,1480,1447,827,70,61,61,58,35,29,29,27,7,49,39,37,34,12,4,102,98,95,85,20,5,52,47,42,13,4,7,0,1,0,Default,
162818,2480,2748,2806,2545,3250,2520,1015,2381,2913,2864,1488,1535,1878,1799,1119,271,272,273,257,63,54,52,51,36,81,76,76,73,17,6,161,162,155,140,28,5,53,47,45,20,4,6,1,1,0,Default,
162834,0,0,0,2856,3298,2875,2923,2695,3232,3072,2450,1826,2255,2114,1789,701,711,746,657,402,395,377,378,233,394,417,417,435,122,12,286,290,273,268,129,20,129,130,124,81,12,6,1,0,0,Default,
162850,0,0,0,2793,3298,2867,2982,2657,3169,3036,2488,1876,2330,2159,1867,892,905,967,839,820,812,781,760,418,619,685,681,688,259,87,531,543,508,497,363,122,236,241,225,163,89,6,0,0,0,Default,
162866,0,0,0,2714,3299,2697,2945,2646,3063,2934,2441,1868,2277,2114,1850,986,1002,1067,920,1079,1050,1003,975,464,743,842,823,837,350,177,675,700,655,638,481,231,315,319,302,220,223,11,3,1,1,Default,
162882,4,1,1,2715,3298,2822,3000,2620,3052,2944,2468,1876,2305,2140,1880,1002,1037,1108,955,1173,1158,1100,1071,487,791,895,883,887,398,217,777,815,769,746,554,306,365,375,356,263,283,12,3,3,2,Default,
162898,5,1,0,2598,3295,2678,3018,2599,3052,2961,2500,1884,2316,2179,1929,1047,1092,1163,1000,1273,1257,1213,1181,535,845,967,957,946,464,256,891,935,888,858,633,366,434,444,422,315,345,16,8,8,7,Default,
162914,4,1,1,2521,3289,2696,2829,2439,2891,2842,2422,1831,2273,2162,1923,1064,1114,1191,1017,1357,1344,1303,1272,615,901,1057,1057,1033,545,315,1036,1101,1057,1017,765,464,515,537,514,396,402,18,11,9,8,Default,
162930,1734,1735,1752,2078,2682,2255,1342,2159,2569,2612,1912,1691,2114,2064,1593,1032,1088,1177,912,1355,1341,1329,1179,673,924,1093,1113,1032,623,372,1141,1230,1211,1076,885,562,613,653,617,489,485,20,15,12,12,Default,
162946,1389,1411,1434,1778,2286,2036,1223,1826,2196,2251,1720,1497,1916,1886,1461,967,1031,1124,868,1292,1287,1280,1138,685,894,1085,1107,1034,645,406,1175,1294,1281,1141,962,633,692,751,714,549,544,31,25,23,23,Default,
162962,1069,1086,1119,1357,1596,1503,979,1429,1631,1703,1426,1299,1672,1653,1302,900,957,1065,819,1193,1181,1172,1052,667,833,1025,1064,1008,659,429,1178,1309,1323,1180,1015,674,743,836,795,599,597,33,26,25,24,Default,
162978,850,831,890,1001,1088,1077,762,1173,1343,1403,1250,1144,1478,1464,1174,837,890,1007,774,1103,1086,1082,974,646,778,985,1034,992,672,508,1162,1322,1355,1224,1062,764,768,895,858,636,678,36,29,28,30,Default,
162994,665,642,704,683,694,705,543,960,1117,1144,1023,1007,1322,1285,1046,773,820,943,716,1026,1003,1001,900,636,746,967,1025,999,701,525,1148,1333,1386,1265,1119,808,793,949,928,688,724,39,33,31,31,Default,
163010,508,485,530,445,435,435,369,746,882,899,823,886,1177,1123,936,721,766,892,679,965,940,932,842,622,717,957,1038,1020,733,561,1116,1334,1412,1326,1196,890,817,1014,1019,748,793,45,37,35,36,Default,
163026,403,389,427,315,302,299,267,616,710,734,680,809,1086,1035,868,679,718,849,646,936,899,892,813,617,707,964,1059,1053,763,588,1109,1337,1453,1405,1264,946,842,1087,1120,805,848,47,41,37,38,Default,
163042,314,301,323,228,215,215,198,504,575,585,560,752,1014,965,823,663,693,820,639,924,883,883,816,639,706,990,1094,1094,812,629,1116,1368,1531,1525,1350,1023,887,1181,1243,893,920,52,45,42,44,Default,
163058,241,240,257,156,146,146,138,427,493,503,479,672,929,889,748,639,675,798,630,916,870,887,814,668,705,1019,1150,1141,874,666,1119,1396,1649,1619,1465,1086,932,1293,1358,999,985,62,53,53,54,Default,
163074,168,166,174,127,120,120,114,352,407,418,398,614,865,825,700,607,649,763,610,907,864,885,812,683,708,1058,1210,1198,929,709,1120,1439,1747,1720,1546,1166,982,1403,1465,1078,1050,75,67,63,66,Default,
163090,135,131,135,100,92,91,88,359,409,421,427,592,833,797,687,603,632,733,600,907,874,902,843,717,732,1113,1284,1269,999,756,1164,1594,1882,1879,1666,1253,1076,1517,1610,1212,1128,91,83,80,82,Default,
163106,99,93,95,86,76,75,75,314,354,360,366,574,804,765,673,616,651,735,608,907,903,924,863,761,762,1210,1380,1359,1123,832,1196,1688,2037,2029,1819,1367,1150,1645,1758,1375,1251,125,113,111,116,Default,
163122,74,70,70,64,57,57,55,279,311,310,319,551,783,740,666,607,646,716,610,967,976,1010,953,854,808,1322,1513,1487,1244,920,1255,1799,2190,2209,2017,1505,1253,1797,1957,1575,1390,156,147,140,145,Default,
163138,68,62,62,50,43,42,42,255,282,283,290,551,772,725,666,637,698,774,675,1023,1062,1116,1071,953,857,1431,1644,1626,1378,987,1332,1925,2406,2464,2226,1651,1354,1971,2167,1773,1539,223,209,202,209,Default,
163154,68,62,64,39,33,33,32,233,251,251,257,538,727,689,639,647,701,767,665,1084,1141,1217,1148,1064,927,1548,1824,1792,1552,1127,1422,2052,2644,2707,2505,1861,1490,2213,2433,2081,1738,320,302,288,298,Default,
163170,54,51,51,23,16,16,16,170,178,181,184,483,635,601,567,627,678,713,627,1121,1197,1292,1198,1142,986,1694,2003,1952,1713,1293,1500,2201,2864,2920,2740,2086,1633,2468,2703,2325,1960,451,429,415,426,Default,
163186,55,51,49,13,4,3,3,165,169,170,172,433,548,518,496,603,655,690,610,1114,1201,1292,1186,1152,1034,1840,2164,2097,1866,1368,1558,2334,3097,3161,3018,2293,1782,2723,3000,2605,2192,663,637,613,631,Default,
163202,47,43,44,9,3,1,1,159,161,168,168,395,474,457,439,536,568,580,528,1016,1075,1152,1047,1013,1052,1853,2218,2143,1921,1417,1631,2471,3287,3297,3295,2560,1933,2969,3279,2872,2462,917,900,845,861,Default,
163218,44,41,41,8,1,1,0,117,119,124,123,310,372,352,341,454,483,482,451,856,915,964,873,855,1029,1902,2221,2137,1926,1475,1610,2563,3297,3297,3297,2697,1984,3123,3297,3285,2672,1179,1168,1098,1090,Default,
163234,44,41,40,5,1,0,0,71,70,71,73,264,315,299,297,336,352,350,333,688,714,734,676,669,956,1805,2050,2027,1821,1455,1533,2535,3296,3296,3298,2870,1976,3206,3299,3296,2857,1416,1442,1351,1308,Default,
163250,46,41,41,6,1,0,0,35,60,65,65,241,290,270,270,239,241,242,232,499,526,543,509,500,887,1694,1811,1806,1667,1365,1470,2490,3296,3297,3299,2973,1968,3242,3297,3297,3012,1660,1708,1613,1522,Default,
163266,48,41,41,5,1,0,0,59,60,61,62,240,290,277,273,120,118,116,113,411,447,472,443,442,738,1467,1494,1481,1421,1197,1276,2334,3295,3297,3296,3018,1862,3229,3297,3297,3170,1813,1882,1840,1693,Default,
163282,47,38,37,6,1,1,0,10,55,56,57,145,232,227,223,55,49,48,48,269,290,305,290,290,601,1238,1189,1178,1164,1013,1042,1829,3107,3296,3298,3009,1548,3106,3298,3298,3283,1923,1965,2028,1818,Default,
163298,44,36,34,6,1,1,0,7,44,45,43,138,174,165,163,41,35,36,34,168,182,189,180,180,468,1003,949,914,954,841,833,1612,2743,2999,3293,2857,1341,2831,3281,3298,3097,1918,1989,2127,1886,Default,
163314,36,26,25,5,1,1,0,4,42,42,43,122,153,146,143,42,38,37,35,78,81,84,80,82,358,874,827,782,853,746,559,1375,2232,2491,2994,2662,1131,2324,2904,3186,2847,1746,1903,2139,1860,Default,
163330,23,17,16,5,1,0,0,3,43,45,45,72,96,90,87,26,20,20,18,23,20,21,21,20,230,762,705,666,783,642,302,1059,1574,1823,2462,1989,837,1523,2116,2475,2023,1310,1521,1849,1523,Default,
163346,19,12,12,4,1,0,0,1,37,38,39,49,84,74,72,25,17,16,16,20,26,25,25,24,140,630,556,552,680,496,163,840,864,1157,1752,1192,563,775,1089,1230,1114,761,935,1223,954,Default,
163362,21,14,11,6,1,1,0,2,40,39,41,36,71,56,59,22,14,12,12,17,20,16,18,17,100,414,352,331,456,292,116,631,483,545,1010,625,354,379,501,573,535,392,390,555,380,Default,
163378,20,16,11,5,1,0,0,1,29,27,29,25,58,38,39,20,14,13,11,12,14,9,10,12,66,203,165,132,193,132,90,418,232,202,493,302,204,196,272,308,306,149,132,200,136,Default,
163394,11,13,7,4,1,1,0,1,18,14,16,24,55,29,24,11,8,5,3,7,8,4,4,3,24,88,61,32,50,36,70,207,56,64,223,145,89,37,120,124,82,14,15,23,11,Default,
163410,0,0,0,0,0,0,0,0,1,28,16,20,67,51,31,7,4,2,1,1,0,0,1,0,0,6,25,12,10,4,24,62,31,37,83,12,27,12,30,29,5,7,3,1,0,Default,
163426,0,0,0,0,0,0,0,3,26,38,19,25,78,60,30,11,8,8,3,4,1,1,0,0,0,1,16,7,4,4,29,37,30,29,42,15,26,42,14,18,6,7,1,1,0,Default,
163442,0,0,0,1,0,0,0,3,26,40,18,28,78,56,25,12,7,6,2,2,1,0,0,0,0,0,3,4,3,2,28,33,25,28,36,13,23,39,12,17,5,6,1,0,0,Default,
163458,0,0,0,0,0,0,0,0,10,38,18,23,79,52,25,8,7,4,2,2,0,0,0,0,0,0,4,4,4,3,19,21,16,11,20,12,20,28,8,13,4,6,1,1,0,Default,
163474,0,0,0,0,0,0,0,0,22,36,18,21,83,51,30,6,5,4,1,1,0,0,0,0,0,0,1,2,4,2,14,17,11,4,13,10,16,28,8,12,5,6,0,0,0,Default,
163490,0,0,0,0,0,0,0,1,22,38,19,20,90,55,30,8,5,4,1,1,1,1,0,0,0,0,2,3,4,2,10,10,7,4,6,2,16,22,6,10,3,4,1,0,1,Default,
163506,0,0,0,0,0,0,0,2,25,36,18,24,93,54,32,6,5,5,1,1,1,0,0,0,0,0,1,1,2,1,7,10,7,3,4,6,14,21,6,7,4,6,0,1,0,Default,
163522,0,0,0,0,0,0,0,2,27,37,18,24,99,53,34,8,6,4,2,1,0,0,0,0,0,0,1,3,4,2,8,8,4,2,4,4,12,19,6,10,4,6,1,0,0,Default,
163538,0,0,0,0,1,1,0,3,27,38,16,23,101,57,32,9,4,4,1,1,1,1,0,0,0,1,3,4,6,3,8,9,6,2,4,8,13,19,6,8,5,6,1,0,0,Default,
163554,0,0,0,0,0,0,0,2,26,37,19,22,100,51,32,8,5,3,1,1,1,0,0,0,0,1,0,1,3,1,7,8,4,0,4,7,11,12,4,10,4,4,1,0,0,Default,
163570,0,0,0,0,0,0,0,1,26,36,16,24,99,48,30,8,5,3,1,0,0,0,0,0,0,1,2,4,4,3,7,8,5,0,4,6,12,12,4,11,4,4,1,0,0,Default,
163586,0,0,0,0,0,0,0,1,25,34,17,20,100,53,31,8,4,3,1,1,0,1,0,0,1,1,1,2,2,2,6,7,4,2,3,4,11,12,4,10,4,3,1,0,0,Default,
163602,0,0,0,0,0,0,0,0,22,32,15,24,103,52,28,7,5,3,2,1,0,0,0,0,0,0,1,1,3,2,5,8,4,2,3,3,12,12,4,10,3,3,0,0,0,Default,
163618,0,0,0,0,0,0,0,0,6,31,15,24,103,51,27,7,5,3,1,1,1,0,0,0,0,0,1,0,1,1,3,4,3,1,3,1,7,9,3,8,1,2,1,0,0,Default,
163634,0,0,0,0,0,0,0,0,3,29,16,20,103,55,28,7,5,3,1,0,0,0,0,0,0,0,0,0,0,0,1,2,2,1,2,2,9,9,3,8,3,3,1,0,0,Default,
163650,0,0,0,0,0,0,0,0,1,29,16,25,102,50,26,8,4,3,1,1,0,0,0,0,0,0,0,0,0,1,0,3,3,1,2,1,8,10,4,9,3,3,0,0,0,Default,
163666,0,0,0,0,0,0,0,0,1,25,13,26,102,53,26,8,5,2,1,1,0,0,0,0,0,0,1,1,2,2,3,6,3,2,2,2,8,10,4,9,3,3,1,0,0,Default,
163682,0,0,0,0,0,0,0,0,2,24,11,25,103,49,25,8,5,4,2,1,0,0,0,0,0,0,1,0,1,0,0,1,2,0,1,1,5,12,4,10,3,3,1,0,0,Default,
163698,0,0,0,0,0,0,0,0,1,22,10,26,103,58,27,8,6,4,2,2,0,0,0,0,0,0,0,1,0,0,0,1,1,1,1,1,8,16,5,12,4,4,0,0,0,Default,
163714,0,0,0,0,0,0,0,0,0,11,11,25,100,49,25,8,6,4,0,1,0,0,0,0,0,0,1,0,2,0,0,3,1,1,2,1,8,14,4,8,3,3,0,0,0,Default,
163730,0,0,0,0,0,0,0,0,0,16,11,29,110,51,30,10,7,4,1,1,0,0,0,0,0,0,1,1,1,1,2,6,4,2,3,1,13,17,4,12,3,4,1,1,1,Default,
163746,0,0,0,0,0,0,0,0,1,16,9,28,112,55,29,7,6,3,1,2,1,0,0,0,0,0,1,3,2,1,3,10,5,3,6,3,12,16,5,10,3,4,0,1,0,Default,
163762,0,0,0,0,0,0,0,0,1,24,13,34,133,64,37,14,4,4,2,3,0,0,0,0,0,1,3,6,5,2,4,8,7,4,7,3,19,20,7,13,4,4,1,0,0,Default,
163778,0,0,0,0,0,0,0,0,17,25,12,30,142,71,33,8,4,2,1,0,0,0,0,0,1,2,29,16,9,2,11,14,8,4,8,2,16,17,6,14,4,5,1,1,0,Default,
163794,0,0,0,0,0,0,0,0,18,24,13,33,146,66,31,12,7,4,3,2,0,0,0,0,0,2,25,8,6,3,12,12,7,2,9,3,12,12,4,10,3,4,1,0,0,Default,
163810,0,79,62,42,42,36,19,66,96,80,59,87,234,133,51,16,4,3,1,4,2,1,1,0,3,24,24,10,8,3,18,7,4,2,4,2,15,9,3,4,1,1,1,0,0,Default,
163826,950,1086,1027,422,434,350,91,344,421,389,157,295,418,336,95,11,4,4,2,24,23,24,12,6,19,8,6,4,2,1,15,4,2,1,1,0,8,3,2,3,1,1,1,0,0,Default,
163842,1580,1794,1867,999,1188,955,258,623,730,724,476,425,534,498,225,36,28,26,24,34,28,27,20,5,18,10,8,8,3,2,14,4,2,2,3,3,14,8,6,7,3,3,1,0,0,Default,
163858,2117,2246,2355,1574,1998,1541,485,1049,1232,1260,934,597,729,693,412,49,40,40,38,47,42,44,38,8,33,25,24,24,6,3,35,27,24,20,13,4,25,17,15,5,2,4,1,0,0,Default,
163874,3,2630,2777,2213,2732,2155,706,1763,2145,2152,1060,1123,1369,1327,704,73,65,66,62,36,29,27,25,8,38,31,28,24,9,4,67,60,58,54,16,5,36,29,25,8,4,6,0,0,1,Default,
163890,2544,2736,2756,2460,3101,2400,926,2258,2752,2685,1359,1475,1805,1719,1022,170,164,161,151,31,27,26,24,6,47,41,36,40,8,4,124,120,116,106,23,6,38,33,30,9,4,6,0,1,0,Default,
163906,0,0,0,2837,3297,2798,2854,2679,3207,3028,2374,1830,2221,2081,1734,609,604,626,563,364,351,335,333,93,197,206,199,195,49,6,205,211,200,196,52,8,78,74,72,38,7,6,0,0,0,Default,
163922,0,0,0,2808,3297,2856,2966,2698,3225,3080,2503,1907,2341,2197,1875,894,896,953,829,803,774,738,709,345,582,646,633,637,202,24,451,451,422,408,236,34,174,178,165,126,27,5,0,0,0,Default,
163938,0,0,0,2487,3148,2504,1358,2630,3089,3038,1994,1915,2329,2222,1615,1018,1040,1112,856,1131,1094,1044,901,447,738,835,828,780,321,105,632,647,604,543,399,135,250,255,232,181,99,10,4,2,2,Default,
163954,4,1,1,2436,3092,2477,1412,2615,3074,3052,2077,1929,2367,2269,1699,1074,1115,1196,921,1310,1275,1226,1067,510,854,975,971,902,409,194,859,889,836,737,536,262,348,357,323,249,245,13,6,4,4,Default,
163970,4,1,1,2462,3261,2681,2919,2577,3105,3067,2597,1934,2437,2321,2070,1103,1163,1250,1070,1445,1431,1384,1355,583,961,1148,1148,1106,514,266,1061,1125,1069,1028,667,362,448,465,442,331,331,17,9,8,7,Default,
163986,1874,1867,1892,2148,2767,2269,1436,2351,2856,2914,2151,1842,2321,2275,1793,1088,1153,1255,1044,1501,1492,1456,1394,684,1017,1246,1257,1186,621,348,1236,1333,1294,1219,836,498,601,637,610,455,430,20,13,11,10,Default,
164002,1596,1596,1616,1907,2445,2028,1341,2089,2575,2637,2030,1708,2171,2155,1724,1048,1117,1226,970,1471,1475,1454,1320,739,1027,1273,1301,1181,699,402,1316,1453,1426,1271,944,576,709,761,722,541,496,24,18,16,16,Default,
164018,1239,1247,1264,1568,1936,1810,1181,1724,2140,2213,1773,1493,1939,1948,1557,978,1053,1160,921,1376,1398,1396,1276,748,990,1275,1314,1208,735,438,1328,1505,1506,1347,1018,626,784,866,830,609,552,32,25,24,24,Default,
164034,912,905,956,1091,1231,1216,877,1309,1538,1604,1432,1276,1680,1697,1394,894,965,1089,861,1270,1289,1297,1210,749,924,1214,1280,1202,776,528,1331,1526,1563,1422,1104,725,825,951,921,672,644,40,33,30,29,Default,
164050,653,640,696,665,685,703,563,965,1135,1191,1097,1065,1418,1443,1206,820,881,1016,800,1142,1160,1178,1107,731,859,1160,1252,1203,816,563,1283,1504,1586,1494,1196,795,853,1028,1015,739,730,40,33,31,31,Default,
164066,444,435,475,376,368,367,327,696,801,838,784,880,1170,1164,997,743,789,932,739,1044,1040,1051,1003,726,800,1097,1224,1202,873,611,1233,1455,1594,1574,1322,901,881,1122,1163,838,822,46,39,37,37,Default,
164082,307,292,315,217,206,207,197,510,576,603,572,760,1011,995,864,679,718,851,678,956,932,947,906,704,763,1071,1229,1219,919,650,1193,1428,1642,1669,1412,985,914,1226,1307,940,903,58,51,48,49,Default,
164098,187,180,190,126,117,117,114,391,448,457,436,655,883,858,749,621,665,785,630,907,874,890,847,688,738,1073,1256,1252,965,692,1157,1417,1704,1753,1525,1079,956,1343,1455,1069,1000,72,66,62,62,Default,
164114,113,106,108,106,97,97,94,272,298,299,288,566,771,743,647,567,604,710,580,862,808,835,786,679,720,1061,1276,1268,1007,728,1135,1386,1774,1836,1620,1160,999,1449,1587,1183,1065,83,72,72,74,Default,
164130,60,53,53,94,83,82,80,248,275,275,282,509,717,678,598,538,570,648,543,814,792,797,753,662,708,1103,1308,1295,1052,756,1120,1517,1873,1929,1719,1243,1047,1544,1725,1288,1142,95,87,83,84,Default,
164146,53,48,47,53,45,43,44,218,236,236,238,473,674,632,567,521,550,607,533,808,783,800,748,668,716,1141,1343,1332,1106,795,1150,1581,1983,2056,1832,1341,1118,1672,1902,1449,1243,132,122,116,119,Default,
164162,49,44,43,41,35,34,33,184,194,196,199,453,629,596,544,509,532,573,495,809,774,796,718,667,739,1190,1408,1382,1160,845,1193,1662,2140,2163,1958,1455,1193,1812,2047,1603,1379,161,145,142,145,Default,
164178,46,41,40,26,20,18,19,172,178,181,184,427,593,564,517,466,490,514,455,782,758,786,695,659,747,1242,1457,1425,1201,887,1217,1730,2265,2301,2049,1555,1256,1931,2204,1722,1489,226,208,200,206,Default,
164194,41,37,35,20,14,12,12,148,159,162,163,389,542,518,483,449,489,503,451,792,787,816,722,691,777,1318,1541,1511,1290,953,1264,1841,2446,2497,2223,1707,1364,2105,2393,1931,1629,306,283,274,280,Default,
164210,41,37,35,12,4,3,2,156,164,167,169,391,519,497,465,474,507,525,469,833,820,866,762,735,829,1416,1654,1620,1400,1030,1366,1993,2661,2711,2433,1872,1503,2313,2620,2134,1794,431,405,389,399,Default,
164226,40,37,36,8,2,1,0,140,159,164,165,356,456,440,418,465,498,504,460,879,876,930,810,786,891,1562,1808,1754,1512,1133,1445,2130,2898,2947,2655,2056,1640,2557,2870,2348,1989,623,591,566,572,Default,
164242,40,37,36,8,2,1,0,122,124,128,128,328,406,393,373,429,457,460,426,829,839,878,780,756,934,1668,1948,1882,1627,1235,1521,2244,3110,3174,2879,2245,1743,2779,3096,2603,2197,848,832,774,768,Default,
164258,43,37,37,7,1,0,0,78,80,83,82,293,351,334,323,385,406,404,380,754,760,770,708,696,957,1723,1990,1935,1674,1312,1571,2323,3252,3296,3121,2435,1815,2956,3275,2842,2436,1134,1127,1037,1030,Default,
164274,45,39,38,7,1,0,0,76,74,77,77,268,319,303,300,315,321,322,308,651,676,683,633,618,938,1757,1941,1896,1669,1330,1568,2376,3293,3297,3296,2600,1878,3084,3297,3100,2634,1405,1428,1320,1277,Default,
164290,45,40,40,6,1,1,2,62,64,64,64,252,298,281,278,239,241,243,233,536,553,556,526,513,892,1635,1808,1764,1607,1305,1522,2337,3297,3298,3297,2744,1867,3172,3298,3298,2821,1662,1703,1608,1512,Default,
164306,45,37,38,8,0,0,0,44,58,60,61,243,287,276,275,148,145,140,141,485,540,560,521,522,766,1512,1563,1525,1439,1210,1406,2296,3297,3298,3298,2872,1856,3231,3296,3297,2978,1870,1878,1876,1724,Default,
164322,45,37,36,6,2,0,0,38,61,62,61,219,260,249,247,62,56,54,54,373,403,425,400,402,687,1368,1355,1322,1268,1098,1264,2029,3293,3297,3298,2922,1691,3196,3297,3298,3096,2001,2008,2073,1882,Default,
164338,38,33,32,5,1,1,0,14,58,58,59,138,210,198,196,41,37,36,35,242,262,269,254,253,594,1227,1152,1102,1092,962,1077,1857,3132,3295,3297,2846,1548,3051,3297,3297,3092,2078,2093,2231,1989,Default,
164354,37,31,33,5,1,1,0,32,57,58,60,145,167,163,158,38,32,33,30,171,180,183,176,175,492,1073,977,912,945,833,875,1593,2775,2960,3113,2644,1326,2770,3204,3297,2897,2078,2108,2325,2028,Default,
164370,34,27,26,6,1,0,0,8,47,48,49,108,128,120,118,37,30,32,29,92,99,99,95,94,394,973,902,836,914,774,639,1564,2274,2440,2723,2331,1211,2276,2801,3050,2532,1897,1994,2294,1939,Default,
164386,24,11,10,5,1,1,0,3,42,44,44,82,100,93,90,23,15,15,13,53,58,58,56,54,285,887,838,767,888,700,393,1239,1638,1804,2170,1702,954,1529,2041,2320,1863,1487,1644,2026,1621,Default,
164402,17,9,8,4,2,0,0,2,38,39,40,54,90,82,82,19,13,10,11,27,31,32,32,32,162,759,693,665,793,542,194,1007,1011,1186,1515,1023,626,787,1015,1111,970,964,1080,1351,1007,Default,
164418,17,8,5,4,1,0,0,2,37,37,37,36,78,65,68,20,12,11,9,15,22,20,20,18,94,502,438,392,493,316,108,735,596,619,900,571,389,426,555,594,569,534,504,688,484,Default,
164434,14,8,5,4,1,0,0,1,30,29,32,25,60,44,45,16,11,8,7,9,10,6,6,6,60,225,172,134,186,129,78,453,244,219,443,282,206,202,279,290,296,207,172,271,174,Default,
164450,11,10,5,4,1,1,0,1,16,14,17,15,49,26,21,8,8,4,3,4,8,4,3,3,24,72,51,31,46,31,66,223,62,69,220,105,94,46,126,120,91,32,31,54,25,Default,
164466,0,0,0,0,0,0,0,0,0,20,12,22,62,43,29,6,4,3,1,2,1,0,0,0,0,3,21,8,8,3,25,60,26,37,75,8,22,10,33,23,4,6,3,2,0,Default,
164482,0,0,0,0,0,0,0,0,23,36,15,24,70,51,28,9,8,6,2,4,1,0,0,0,0,1,17,7,5,3,24,33,25,26,41,12,16,12,7,8,3,4,1,0,0,Default,
164498,0,0,0,0,0,0,1,0,24,35,13,22,66,43,20,9,5,4,1,2,1,0,0,0,0,1,4,4,4,3,24,25,16,20,27,12,16,8,4,10,3,4,1,0,0,Default,
164514,0,0,0,0,0,0,0,0,1,32,16,21,75,49,24,7,5,3,1,1,0,0,0,0,0,0,2,4,7,3,16,24,17,11,19,11,19,32,9,16,4,6,1,0,0,Default,
164530,0,0,0,0,0,0,0,0,2,31,16,22,79,45,24,8,6,2,1,1,0,0,0,0,0,1,2,4,8,4,13,17,12,6,12,11,16,19,6,10,4,6,1,1,0,Default,
164546,0,0,0,0,0,0,0,0,16,33,16,25,83,48,26,8,5,3,0,1,0,0,0,0,0,0,0,1,2,1,8,7,7,3,4,7,13,20,6,11,5,4,1,0,0,Default,
164562,0,0,0,0,0,1,0,2,24,36,16,22,88,49,24,8,4,3,1,1,0,1,0,0,0,0,2,1,4,3,9,9,6,2,5,10,14,20,5,8,4,5,0,1,0,Default,
164578,0,0,0,0,1,1,1,24,25,36,16,28,91,49,25,8,4,3,1,1,0,0,0,0,0,0,1,2,4,2,7,7,4,1,4,7,11,16,4,8,4,4,1,0,0,Default,
164594,0,0,0,0,0,2,2,24,24,36,15,25,95,53,24,9,4,3,1,1,1,0,0,0,0,0,3,5,6,3,8,8,4,2,3,5,12,16,4,7,4,4,1,0,0,Default,
164610,0,0,0,0,0,1,1,13,25,37,16,26,98,49,23,9,4,3,1,1,0,0,0,0,0,1,3,6,8,4,7,7,4,1,3,4,12,13,4,9,4,4,1,0,0,Default,
164626,0,0,0,0,0,0,0,5,26,35,18,27,95,48,25,8,4,3,1,1,0,0,0,0,0,0,2,3,7,3,6,7,3,1,3,3,12,14,4,11,4,4,1,0,0,Default,
164642,0,0,0,0,0,0,0,1,24,34,16,24,99,49,21,8,4,2,1,1,0,0,0,0,0,0,1,1,1,1,4,5,4,2,3,4,11,13,4,10,4,3,1,0,0,Default,
164658,0,0,0,0,0,0,0,1,23,34,16,25,100,45,22,8,5,2,1,1,1,0,0,0,0,0,1,2,4,3,6,6,4,1,2,2,11,15,4,10,4,4,1,0,0,Default,
164674,0,0,0,0,0,0,0,1,22,32,16,25,98,45,22,6,4,3,0,0,0,0,0,0,0,0,1,1,3,2,4,4,3,1,2,2,9,15,4,8,4,3,0,0,0,Default,
164690,0,0,0,0,0,0,0,0,3,29,15,25,103,44,28,8,4,2,1,2,1,0,0,0,0,0,0,1,1,0,0,1,1,1,0,0,2,7,7,8,2,4,0,0,0,Default,
164706,0,0,0,0,0,0,0,0,1,28,14,26,97,49,22,6,4,2,0,0,1,0,0,0,0,0,0,0,1,1,1,3,2,1,2,3,8,13,4,7,3,4,0,1,0,Default,
164722,0,0,0,0,0,0,0,0,2,25,12,27,102,49,25,8,5,2,1,0,0,0,0,0,0,0,1,0,1,1,3,6,4,2,4,4,11,13,4,12,3,4,1,0,0,Default,
164738,0,0,0,0,0,0,0,1,1,24,12,26,103,46,26,9,5,3,1,1,0,0,0,0,0,0,1,0,1,1,3,5,3,2,4,4,11,14,5,12,4,4,1,0,0,Default,
164754,0,0,0,0,0,0,0,0,1,22,11,29,103,46,26,8,4,3,1,1,0,0,0,0,0,0,1,0,0,0,1,2,2,1,2,3,9,16,4,12,4,4,1,0,1,Default,
164770,0,0,0,0,0,0,0,0,1,19,11,29,105,42,24,10,6,4,2,3,1,1,0,0,0,0,1,1,1,1,3,5,4,1,2,3,12,16,4,12,4,4,0,0,0,Default,
164786,0,0,0,0,0,0,0,0,1,3,14,35,109,52,29,12,8,5,2,2,0,0,0,0,0,0,0,0,1,0,0,2,1,1,2,1,6,19,10,16,4,2,1,0,1,Default,
164802,0,0,0,0,0,0,0,0,1,19,10,30,111,52,29,9,7,4,2,2,0,0,0,0,0,0,2,2,2,2,6,12,7,4,7,4,17,24,7,15,4,4,1,0,0,Default,
164818,0,0,0,0,0,0,0,0,2,24,10,30,115,58,33,9,7,3,1,2,1,0,0,0,0,1,20,8,6,3,10,15,9,4,12,6,17,19,6,17,4,4,1,1,0,Default,
164834,0,0,0,0,0,0,0,0,5,24,11,32,139,65,32,12,6,4,2,3,1,0,0,0,0,2,19,7,6,3,11,16,11,6,12,8,15,16,6,14,4,4,1,0,0,Default,
164850,0,6,30,20,21,16,9,56,70,72,53,62,206,112,51,10,3,1,1,2,17,29,9,5,20,21,16,8,8,3,20,12,8,4,9,3,20,19,6,6,2,4,1,0,0,Default,
164866,823,982,1018,393,407,330,87,321,413,391,152,265,390,316,98,16,7,5,3,33,32,33,16,7,21,8,7,4,6,2,14,4,3,2,4,4,19,13,6,8,4,5,0,0,0,Default,
164882,1773,1964,2044,1106,1323,1079,298,700,811,804,550,429,534,501,241,34,27,26,26,38,32,33,26,6,16,8,6,4,2,1,12,4,2,1,4,4,19,9,8,11,3,4,1,0,0,Default,
164898,2291,2508,2690,1777,2246,1725,572,1151,1378,1375,1076,594,721,698,439,54,47,47,47,45,41,41,37,8,47,41,39,41,8,4,49,40,37,33,17,7,33,25,22,9,3,6,0,0,0,Default,
164914,2772,2882,2949,2355,2967,2315,769,1891,2311,2295,1149,1150,1397,1367,761,61,55,54,56,31,24,24,24,4,38,34,33,29,8,2,103,99,96,85,19,4,42,38,35,9,4,5,1,0,0,Default,
164930,2533,2698,2742,2697,3298,2694,2708,2483,3036,2879,2213,1579,1916,1803,1485,306,298,298,291,78,69,66,70,37,114,111,112,109,23,7,163,165,156,153,33,6,45,41,39,16,4,6,1,0,0,Default,
164946,0,0,0,2860,3297,2888,3030,2685,3184,3051,2476,1811,2226,2089,1786,696,700,726,656,501,482,460,464,255,503,547,538,548,137,8,381,385,362,353,144,8,147,149,138,87,9,4,1,0,0,Default,
164962,0,0,0,2795,3297,2843,3026,2596,3049,2969,2490,1828,2253,2113,1845,909,920,979,854,969,936,884,859,422,680,768,754,748,271,78,630,637,591,577,357,104,269,280,261,182,88,7,2,1,0,Default,
164978,0,1,0,2709,3297,2843,3098,2571,2995,2951,2503,1852,2271,2136,1884,966,990,1057,920,1166,1132,1077,1042,476,822,945,929,914,374,214,848,875,824,791,505,268,387,402,375,265,263,12,4,3,2,Default,
164994,4,1,0,2708,3297,2851,3109,2568,2998,2960,2526,1839,2242,2122,1904,1025,1063,1137,983,1286,1256,1193,1160,512,874,1008,1003,971,433,248,982,1023,965,928,584,342,460,478,451,312,344,12,4,4,3,Default,
165010,5,1,1,2520,3270,2679,2370,2470,2930,2931,2411,1825,2237,2147,1886,1023,1074,1160,977,1381,1368,1310,1268,594,957,1140,1140,1078,537,319,1155,1228,1177,1109,741,460,555,583,552,401,422,17,10,8,8,Default,
165026,1852,1841,1863,2149,2769,2385,1459,2265,2703,2780,2095,1749,2135,2116,1724,1029,1079,1178,938,1422,1402,1374,1260,705,1013,1222,1244,1123,663,406,1297,1398,1371,1224,916,598,713,762,718,531,522,21,14,12,12,Default,
165042,1580,1575,1589,1903,2431,2029,1342,1997,2425,2516,1986,1590,1990,1993,1650,998,1057,1162,938,1397,1395,1374,1280,772,1020,1262,1301,1180,748,466,1373,1521,1509,1357,1057,701,825,907,860,638,627,26,17,17,17,Default,
165058,1253,1245,1281,1583,1944,1833,1200,1663,2018,2128,1761,1402,1794,1827,1517,931,994,1106,891,1309,1320,1321,1243,789,974,1239,1296,1193,782,513,1393,1567,1596,1442,1146,795,895,1008,974,720,726,27,19,17,17,Default,
165074,965,936,981,1164,1320,1326,932,1286,1489,1571,1439,1192,1546,1579,1343,833,887,1013,819,1181,1178,1183,1136,748,894,1150,1231,1155,794,534,1337,1521,1579,1469,1196,848,891,1046,1023,757,768,33,23,23,24,Default,
165090,742,717,775,798,839,867,663,999,1167,1235,1169,1011,1330,1350,1160,746,791,920,743,1044,1039,1035,990,690,814,1083,1167,1115,789,547,1260,1461,1549,1475,1239,897,889,1084,1076,789,803,42,35,31,33,Default,
165106,530,512,561,475,489,480,412,752,875,908,879,852,1119,1125,986,668,707,832,672,938,918,910,874,644,766,1052,1155,1118,825,628,1204,1418,1545,1521,1308,994,892,1140,1173,849,874,48,38,37,36,Default,
165122,393,381,420,296,285,279,257,572,644,682,658,737,957,978,857,619,646,766,622,883,845,839,800,630,737,1032,1167,1138,860,651,1166,1388,1579,1587,1378,1048,915,1230,1299,928,937,51,43,41,41,Default,
165138,258,251,267,186,178,177,168,436,501,514,503,657,871,885,768,567,591,698,573,849,799,794,756,626,712,1033,1187,1162,908,674,1135,1384,1648,1665,1463,1096,949,1334,1419,1026,992,61,53,53,53,Default,
165154,178,171,180,132,124,124,120,357,410,414,404,596,809,808,695,548,565,661,549,829,768,775,732,631,707,1057,1228,1201,960,713,1132,1412,1735,1757,1579,1169,997,1442,1551,1142,1075,68,62,59,62,Default,
165170,120,116,118,103,95,94,92,286,314,320,315,555,764,758,653,525,540,622,519,827,768,775,729,642,714,1090,1283,1246,1016,758,1142,1455,1834,1861,1683,1262,1061,1538,1667,1253,1149,79,70,70,72,Default,
165186,81,74,76,86,78,75,74,272,303,308,321,515,733,713,629,509,527,590,505,815,771,767,730,653,717,1148,1335,1297,1083,794,1149,1603,1954,1989,1799,1334,1121,1656,1825,1402,1237,101,94,90,95,Default,
165202,64,58,58,68,60,60,58,260,283,281,290,494,693,667,596,509,530,576,508,837,811,815,777,686,744,1204,1401,1364,1135,831,1198,1682,2072,2132,1915,1432,1202,1766,1981,1536,1339,136,128,122,126,Default,
165218,63,57,56,45,37,37,37,223,244,244,252,462,643,614,563,522,545,584,516,870,840,873,797,728,779,1284,1504,1456,1229,907,1242,1772,2245,2270,2066,1567,1270,1907,2128,1691,1475,186,174,168,174,Default,
165234,49,44,43,33,27,25,25,184,196,199,202,436,598,576,535,497,526,550,489,887,877,919,833,774,802,1370,1594,1533,1310,941,1277,1868,2409,2460,2223,1664,1363,2071,2308,1874,1575,244,224,219,227,Default,
165250,45,40,40,18,9,8,8,167,175,180,184,421,565,541,504,501,538,560,501,911,917,981,878,836,854,1463,1731,1668,1438,1038,1343,2005,2615,2678,2440,1852,1492,2264,2531,2108,1758,349,324,313,325,Default,
165266,44,39,38,13,5,4,4,169,178,182,186,405,530,513,484,497,548,563,509,932,973,1040,921,891,913,1613,1907,1826,1579,1154,1446,2149,2848,2889,2676,2043,1641,2508,2788,2348,1960,488,454,445,460,Default,
165282,40,37,37,10,3,1,2,168,173,178,182,381,481,460,439,482,529,535,488,913,967,1044,917,897,957,1741,2050,1975,1727,1281,1491,2274,3075,3134,2939,2264,1766,2755,3063,2626,2207,724,684,663,672,Default,
165298,43,37,37,8,2,0,1,145,146,149,149,342,417,402,386,441,471,476,439,862,887,952,845,831,991,1813,2102,2044,1789,1366,1576,2351,3259,3295,3292,2474,1863,2976,3286,2878,2448,970,952,897,907,Default,
165314,41,37,37,8,1,0,1,107,109,113,113,297,352,338,329,360,385,385,362,735,757,790,721,712,979,1815,2072,2034,1811,1419,1586,2533,3296,3297,3298,2667,1973,3133,3298,3292,2690,1267,1263,1197,1181,Default,
165330,45,41,40,8,1,1,0,75,74,76,77,273,326,310,304,273,281,281,270,617,641,652,606,601,927,1748,1950,1929,1759,1407,1549,2537,3299,3297,3297,2831,1994,3254,3297,3297,2888,1525,1547,1474,1422,Default,
165346,45,41,41,8,2,0,0,58,58,58,59,240,293,277,275,211,216,216,209,473,498,501,480,468,861,1635,1737,1720,1609,1326,1467,2504,3297,3297,3297,2955,1979,3288,3297,3297,3063,1753,1774,1758,1655,Default,
165362,49,40,40,8,1,0,0,58,65,66,63,236,277,267,265,101,96,95,94,425,462,485,456,464,754,1418,1428,1408,1362,1164,1360,2216,3295,3297,3297,3033,1804,3285,3297,3298,3285,1958,1948,2041,1859,Default,
165378,41,34,34,6,1,1,0,10,56,57,58,158,242,233,232,41,35,34,33,244,293,301,283,286,572,1212,1189,1140,1136,999,1090,1861,3147,3295,3297,2964,1579,3176,3298,3298,3295,2058,2031,2210,1983,Default,
165394,38,32,32,5,1,0,0,16,49,49,49,116,183,174,171,33,34,33,33,146,197,197,188,188,507,1019,953,903,941,830,947,1575,2828,2984,3254,2827,1337,2931,3294,3297,3173,2068,2071,2330,2051,Default,
165410,39,29,28,5,1,0,0,2,41,41,42,103,163,156,152,41,35,36,33,95,124,121,118,121,415,916,868,803,875,762,704,1340,2363,2512,2904,2611,1127,2500,2980,3283,2764,1958,2023,2358,2024,Default,
165426,22,16,16,4,1,0,0,16,45,45,46,78,103,97,95,24,17,16,16,74,77,78,76,75,296,833,775,714,826,690,423,1292,1793,1932,2441,2064,1006,1832,2367,2729,2261,1632,1755,2196,1811,Default,
165442,22,11,9,5,1,1,0,4,46,47,47,58,78,72,71,26,21,20,20,37,41,41,41,41,194,741,679,617,758,577,244,994,1111,1347,1828,1366,711,1038,1488,1627,1410,1080,1280,1652,1322,Default,
165458,20,9,8,4,1,1,0,2,43,44,43,43,86,74,74,20,12,11,11,16,18,15,16,15,109,557,487,433,578,388,127,772,649,739,1146,762,435,513,634,747,684,637,660,960,705,Default,
165474,17,11,8,4,1,1,0,1,35,35,36,30,65,47,48,20,12,11,10,11,12,8,8,8,79,310,234,194,273,183,102,539,346,331,646,400,273,273,356,420,433,322,273,441,276,Default,
165490,15,12,7,4,1,0,0,1,26,23,25,24,58,33,33,15,9,8,6,8,11,5,4,5,49,124,99,66,97,71,82,319,125,111,307,196,142,111,178,194,168,86,65,124,77,Default,
165506,7,4,1,1,0,0,1,1,18,18,12,17,57,36,19,9,8,4,3,2,2,0,1,0,0,49,48,22,36,15,50,104,47,35,133,42,49,37,65,77,32,12,5,9,3,Default,
165522,0,0,0,0,0,0,0,1,27,36,16,21,67,49,29,9,8,5,2,4,1,1,0,0,0,3,22,8,7,4,25,38,22,35,68,15,16,8,10,13,3,4,2,1,0,Default,
165538,0,0,0,0,1,1,1,25,27,38,16,25,76,51,29,9,4,4,2,1,1,0,0,0,0,1,11,6,7,3,28,32,21,30,46,13,12,5,3,8,3,2,1,0,0,Default,
165554,0,0,0,0,0,0,0,1,15,40,17,24,79,51,27,8,5,4,1,1,0,0,0,0,0,1,13,7,8,4,24,27,25,22,29,13,18,32,12,16,6,7,1,0,0,Default,
165570,0,0,0,0,0,0,0,0,1,36,16,24,85,51,27,8,5,3,1,1,1,0,0,0,0,0,2,4,7,3,16,19,14,9,19,12,19,29,8,16,5,7,1,0,0,Default,
165586,0,0,0,0,0,0,0,0,2,37,17,26,90,57,26,8,5,3,1,1,1,0,0,0,0,1,3,4,8,4,17,18,13,6,17,11,17,28,8,12,5,6,1,0,0,Default,
165602,0,0,0,0,0,0,0,0,9,37,19,21,94,58,30,8,6,4,1,1,1,0,0,0,0,1,2,4,5,3,14,14,11,5,10,10,16,24,7,9,4,3,1,1,0,Default,
165618,0,0,0,0,0,0,0,4,25,37,16,26,99,52,27,8,5,4,1,1,0,0,0,0,0,1,1,1,2,2,9,12,8,4,7,8,17,21,6,10,5,6,1,1,0,Default,
165634,0,0,0,0,2,1,1,18,27,37,16,21,101,56,27,7,4,3,1,1,0,0,0,0,0,0,1,4,6,3,10,11,5,3,5,13,14,20,5,9,5,4,1,0,0,Default,
165650,0,0,0,0,0,0,0,2,25,38,18,25,104,58,30,8,5,4,2,1,1,0,0,0,1,1,3,5,8,3,9,10,5,3,7,12,13,16,4,6,4,5,1,0,0,Default,
165666,0,0,0,0,0,0,0,3,25,37,17,23,102,51,24,8,5,5,2,1,0,1,0,0,0,1,2,4,7,4,8,8,4,2,4,8,12,15,4,7,5,4,1,0,0,Default,
165682,0,0,0,0,0,0,0,2,25,38,17,26,103,49,24,10,4,3,1,0,0,0,0,0,0,0,2,4,8,4,8,7,4,2,4,8,10,14,4,7,4,4,1,0,0,Default,
165698,0,0,0,0,0,0,0,0,22,37,19,22,104,52,26,8,4,3,1,1,1,0,0,0,0,0,3,4,8,4,8,6,4,1,4,5,11,12,4,8,4,3,0,1,0,Default,
165714,0,0,0,0,0,0,0,0,19,35,16,24,104,57,24,7,5,4,1,1,0,0,0,0,0,0,4,5,7,3,5,6,4,0,3,4,12,9,3,8,3,3,1,0,0,Default,
165730,0,0,0,0,0,0,0,1,23,33,17,26,106,50,25,9,4,4,1,2,1,0,1,0,0,1,2,4,6,3,6,7,4,1,3,3,8,11,4,8,1,3,0,0,0,Default,
165746,0,0,0,0,0,0,0,0,20,32,15,27,106,55,24,8,6,4,1,1,1,0,0,0,0,0,2,4,6,3,5,6,4,1,3,2,11,14,4,9,3,4,2,0,0,Default,
165762,0,0,0,0,0,0,0,0,9,31,14,29,103,58,28,8,4,3,1,1,0,0,0,0,0,0,2,3,5,3,5,6,4,2,4,3,12,16,4,9,3,4,1,0,0,Default,
165778,0,0,0,0,0,0,0,0,6,27,12,28,104,56,28,8,4,1,1,1,0,0,0,0,0,0,1,1,3,2,4,5,4,2,3,2,12,15,4,10,3,4,1,0,0,Default,
165794,0,0,0,0,0,0,0,0,1,24,12,31,105,47,25,8,5,4,1,0,0,0,0,0,0,0,1,1,3,2,6,6,3,1,3,2,10,16,4,9,3,4,0,1,0,Default,
165810,0,0,0,0,0,0,0,0,2,25,12,27,107,48,26,9,6,4,2,1,1,0,0,0,0,0,1,1,3,1,3,6,3,1,2,2,12,17,5,11,3,4,0,0,0,Default,
165826,0,0,0,0,0,0,0,0,1,18,11,29,109,43,24,11,8,6,3,3,1,0,1,0,0,1,8,8,6,3,8,9,6,3,7,3,16,17,6,12,4,4,1,0,0,Default,
165842,0,0,0,0,0,0,0,0,0,12,8,32,110,49,29,12,6,5,2,3,1,0,0,0,0,1,5,6,4,3,9,14,8,5,9,7,16,18,7,13,4,5,1,0,0,Default,
165858,0,0,0,0,0,1,0,0,4,24,12,31,111,54,30,11,7,4,1,3,0,0,0,0,0,1,9,6,4,3,12,16,10,6,11,10,16,21,8,16,5,5,1,0,0,Default,
165874,0,0,0,0,0,1,0,0,20,26,14,30,128,59,33,8,7,4,2,3,1,1,0,0,0,2,22,16,8,4,14,16,8,6,8,9,17,18,7,15,5,5,1,1,0,Default,
165890,0,0,0,0,0,0,0,0,18,25,9,36,141,59,37,12,5,4,1,3,1,1,0,0,0,3,24,19,8,4,15,18,10,8,8,12,16,20,7,12,5,5,1,0,0,Default,
165906,0,44,35,24,25,19,13,63,85,81,66,65,218,117,61,10,3,2,1,8,23,39,12,7,25,26,20,18,9,2,17,12,8,4,8,1,20,14,6,5,2,2,1,0,0,Default,
165922,965,1111,1085,454,468,381,103,361,456,428,174,301,429,349,113,13,4,4,2,30,30,31,16,6,22,10,8,4,8,3,12,4,1,1,3,4,16,8,4,6,3,4,0,0,0,Default,
165938,1805,1971,2071,1163,1393,1109,307,718,840,831,565,425,514,493,243,37,29,30,28,37,31,32,24,7,24,13,12,10,4,1,14,5,3,1,5,6,23,15,12,11,4,4,1,1,0,Default,
165954,2373,2504,2665,1815,2263,1775,601,1202,1434,1429,1124,627,763,733,467,52,44,43,45,55,50,51,44,9,64,59,58,61,10,4,48,38,33,30,17,7,35,28,25,9,4,5,1,0,0,Default,
165970,2639,2767,2927,2357,2942,2309,796,1925,2338,2346,1189,1214,1478,1446,820,73,65,65,63,27,22,21,20,6,29,23,21,20,5,2,67,62,60,54,17,5,46,41,37,13,4,5,0,0,0,Default,
165986,2540,2700,2744,2553,3207,2491,1021,2407,2885,2852,1484,1573,1906,1820,1129,311,310,310,287,79,66,61,60,53,96,94,92,87,21,7,151,151,146,134,30,5,47,42,39,17,5,5,1,0,0,Default,
166002,0,0,0,2846,3297,2894,2960,2687,3228,3110,2479,1845,2277,2143,1828,698,702,740,655,418,404,388,381,225,390,415,414,427,116,7,295,302,286,280,121,9,120,120,114,74,9,6,1,0,0,Default,
166018,0,0,0,2818,3297,2885,2996,2658,3147,3069,2528,1877,2311,2182,1902,919,931,994,866,915,895,857,839,397,643,716,717,707,257,72,514,528,496,487,341,90,223,228,213,158,72,6,1,0,0,Default,
166034,0,0,0,2744,3298,2914,3025,2676,3165,3117,2598,1917,2371,2235,1998,993,1026,1099,956,1203,1181,1128,1100,472,823,939,934,915,373,189,678,698,659,649,489,252,330,336,317,237,245,11,3,2,1,Default,
166050,4,1,0,2470,3147,2537,1473,2625,3104,3123,2160,1918,2368,2287,1765,1070,1118,1203,941,1368,1351,1314,1173,535,892,1028,1036,951,468,254,873,903,866,792,598,351,396,406,373,289,334,16,5,4,3,Default,
166066,6,2,0,2381,3048,2480,1515,2571,3063,3120,2238,1941,2407,2347,1863,1114,1173,1268,1000,1531,1527,1499,1354,652,1007,1187,1210,1099,592,334,1032,1088,1057,962,748,480,527,552,513,397,426,16,9,8,7,Default,
166082,1908,1948,1999,2197,2823,2328,1509,2387,2893,2983,2253,1858,2345,2318,1898,1133,1202,1309,1044,1624,1629,1616,1486,800,1095,1331,1359,1244,725,420,1213,1299,1285,1180,928,614,688,739,704,543,520,22,16,15,15,Default,
166098,1614,1629,1657,1923,2474,2171,1432,2102,2603,2703,2118,1708,2207,2201,1821,1090,1175,1281,1029,1585,1629,1622,1506,867,1113,1409,1444,1326,825,483,1313,1453,1454,1334,1054,703,828,904,867,658,627,29,23,20,20,Default,
166114,1206,1234,1271,1546,1931,1792,1220,1700,2106,2232,1840,1480,1965,1983,1643,1015,1108,1224,986,1465,1522,1538,1446,893,1053,1379,1433,1339,878,534,1330,1518,1550,1442,1169,789,907,1019,990,746,730,33,27,25,25,Default,
166130,895,895,954,1044,1175,1160,865,1251,1498,1582,1417,1233,1663,1689,1438,911,989,1119,898,1290,1338,1369,1309,847,949,1288,1364,1293,890,568,1285,1496,1571,1497,1230,870,920,1078,1065,796,794,45,38,36,35,Default,
166146,640,625,684,611,647,658,543,926,1095,1158,1076,1021,1401,1413,1231,805,874,1009,811,1141,1172,1200,1177,788,857,1197,1283,1251,890,588,1223,1448,1554,1538,1285,927,910,1119,1135,839,838,44,40,37,37,Default,
166162,443,435,475,374,364,364,327,671,784,824,777,832,1148,1120,993,714,758,886,715,1018,1030,1044,1015,734,787,1139,1243,1213,916,689,1160,1417,1563,1571,1352,1040,916,1178,1224,899,929,47,40,37,38,Default,
166178,324,314,344,236,220,218,204,505,578,596,567,729,985,965,839,649,682,797,639,934,909,911,876,662,760,1119,1250,1227,924,699,1123,1387,1595,1622,1405,1086,925,1249,1329,961,980,52,43,41,41,Default,
166194,229,226,241,149,139,140,133,414,477,485,462,642,869,857,734,580,611,709,581,887,852,851,812,654,733,1123,1270,1244,968,717,1099,1458,1659,1698,1496,1128,966,1326,1421,1046,1020,69,62,58,60,Default,
166210,132,130,134,116,105,104,103,309,349,350,339,566,793,765,661,547,578,655,540,834,793,791,748,643,718,1152,1309,1274,1013,741,1090,1472,1731,1775,1583,1184,1004,1415,1537,1142,1076,80,72,70,70,Default,
166226,99,93,95,104,96,94,91,279,315,316,323,526,752,715,639,530,557,627,531,801,787,783,748,649,721,1193,1355,1319,1064,771,1103,1523,1823,1901,1676,1232,1053,1510,1666,1240,1123,83,74,74,75,Default,
166242,60,53,53,83,74,74,72,257,287,283,289,497,717,671,605,534,558,601,524,805,787,790,754,653,735,1244,1415,1376,1128,804,1123,1602,1949,2026,1763,1294,1115,1616,1795,1352,1178,103,95,90,93,Default,
166258,55,51,51,47,42,41,41,221,244,243,248,474,679,634,582,535,560,608,531,834,815,838,779,692,754,1302,1487,1446,1194,841,1148,1691,2095,2166,1890,1369,1189,1738,1955,1492,1262,132,122,115,120,Default,
166274,52,45,45,32,26,24,25,191,206,207,208,450,625,582,536,538,564,595,522,873,862,885,801,732,795,1415,1591,1537,1283,904,1208,1814,2259,2334,2043,1471,1283,1875,2120,1657,1374,157,146,140,145,Default,
166290,46,41,41,20,12,12,12,168,178,182,183,441,600,563,525,546,576,596,530,924,914,957,866,790,842,1502,1701,1651,1376,976,1275,1933,2443,2545,2184,1596,1378,2024,2317,1811,1498,244,226,216,223,Default,
166306,41,35,34,17,9,8,8,166,172,175,177,446,593,554,519,561,588,609,545,994,982,1040,938,868,916,1623,1857,1802,1514,1079,1391,2081,2678,2774,2408,1769,1517,2257,2557,2050,1658,343,325,312,317,Default,
166322,44,40,37,8,3,2,1,144,159,163,163,439,559,533,506,583,616,630,570,1039,1052,1102,987,928,987,1786,2035,1948,1669,1200,1509,2267,2950,3031,2648,1965,1700,2535,2861,2298,1867,505,479,451,457,Default,
166338,43,38,38,8,1,1,0,140,140,145,145,412,507,484,460,563,595,596,545,1053,1053,1086,970,923,1047,1905,2171,2081,1789,1314,1603,2409,3165,3270,2885,2167,1828,2754,3110,2548,2081,717,697,650,649,Default,
166354,41,37,35,6,1,0,1,113,113,116,116,354,425,406,389,513,534,531,495,995,982,1007,899,862,1068,1989,2222,2147,1833,1364,1674,2623,3292,3298,3100,2334,1963,2960,3293,2785,2280,994,986,895,884,Default,
166370,47,41,40,6,1,0,0,66,76,77,78,252,352,333,323,446,456,455,428,851,863,894,807,787,1036,1990,2200,2145,1852,1418,1638,2657,3297,3297,3298,2524,2019,3124,3297,3095,2506,1289,1309,1181,1151,Default,
166386,48,43,42,7,1,1,0,64,61,62,62,274,321,305,303,321,330,324,311,697,689,713,662,640,999,1886,2085,2054,1811,1428,1641,2636,3297,3298,3296,2691,2020,3223,3298,3296,2725,1550,1596,1455,1379,Default,
166402,49,40,40,6,2,0,0,52,64,65,65,237,300,281,281,212,232,229,219,542,555,573,535,518,845,1770,1872,1850,1683,1357,1521,2582,3297,3297,3297,2819,2002,3283,3297,3298,2899,1769,1768,1701,1571,Default,
166418,44,37,37,7,1,1,0,29,62,64,63,189,283,271,269,106,99,97,96,476,485,510,484,484,811,1579,1580,1547,1446,1222,1412,2428,3297,3298,3298,2904,1899,3278,3298,3297,3018,1973,1954,1953,1778,Default,
166434,45,34,33,6,1,1,1,15,48,49,49,170,241,232,227,45,39,38,37,229,279,281,268,268,646,1382,1311,1254,1216,1060,1101,1977,3275,3298,3298,2851,1638,3166,3297,3298,3051,2074,2056,2120,1896,Default,
166450,42,34,33,6,1,1,0,13,46,46,46,161,190,181,178,26,18,17,16,184,191,193,187,184,556,1178,1091,1034,1036,906,995,1728,2955,3215,3179,2673,1438,2932,3296,3297,2891,2123,2117,2234,1971,Default,
166466,35,25,24,6,1,0,0,4,45,45,45,140,169,162,159,23,13,13,12,103,103,102,100,101,430,1037,973,906,952,823,744,1596,2462,2688,2814,2441,1284,2486,3058,3130,2663,1973,2039,2245,1939,Default,
166482,22,16,15,6,2,0,0,4,42,44,44,93,118,111,108,27,17,18,16,61,61,61,58,60,325,957,921,866,948,766,449,1354,1861,2053,2296,1894,1036,1789,2392,2527,2074,1651,1776,2072,1703,Default,
166498,22,12,12,4,1,0,0,2,43,43,44,65,89,80,79,29,21,23,21,33,34,33,32,29,198,810,768,733,830,588,236,1087,1200,1415,1645,1151,728,1032,1440,1470,1184,1128,1276,1490,1108,Default,
166514,16,10,8,5,1,0,0,2,37,38,38,43,87,78,78,22,15,15,13,12,10,7,7,6,109,583,522,488,567,362,124,801,693,757,982,634,431,494,617,676,590,648,637,817,541,Default,
166530,18,13,11,5,1,0,0,1,33,33,33,30,66,51,53,20,19,16,13,9,13,8,8,8,74,290,245,195,248,165,95,549,347,297,531,322,252,266,340,345,338,295,236,319,206,Default,
166546,14,11,7,5,1,0,0,1,26,22,24,25,58,33,28,18,11,9,7,8,11,6,5,7,34,112,83,54,78,55,78,319,113,93,261,145,118,76,161,134,111,57,45,78,46,Default,
166562,0,0,0,0,0,0,0,0,0,4,12,22,62,42,29,12,7,4,2,4,1,1,0,0,0,31,26,13,16,6,45,89,46,34,91,16,37,27,53,51,7,9,4,1,0,Default,
166578,0,0,0,0,0,0,0,8,29,37,15,25,82,52,28,10,7,5,3,3,1,0,0,0,0,2,22,8,7,4,29,40,27,28,40,14,16,9,6,6,3,3,1,0,0,Default,
166594,0,0,0,0,0,0,1,21,27,40,18,26,82,53,24,9,6,5,2,2,1,0,0,0,0,0,3,5,5,3,23,28,18,21,35,8,16,8,4,4,1,1,0,0,0,Default,
166610,0,0,0,0,0,0,0,0,3,37,17,26,82,52,25,7,4,3,1,1,1,0,0,0,0,0,1,2,3,2,21,24,17,12,26,12,19,29,8,8,3,6,1,0,0,Default,
166626,0,0,0,0,0,0,0,0,24,33,16,24,89,52,27,5,4,2,0,1,0,0,0,0,0,0,1,3,5,3,16,20,12,6,20,13,15,23,6,6,3,4,0,0,0,Default,
166642,0,0,0,0,0,0,0,0,21,38,17,24,90,55,23,8,6,3,2,1,0,0,0,0,0,0,3,4,7,3,14,15,12,7,15,11,16,27,7,8,4,5,1,0,0,Default,
166658,0,0,0,0,0,0,0,1,26,38,17,25,98,56,25,8,4,4,2,1,1,1,0,0,0,1,2,4,6,3,13,13,8,4,12,16,13,22,6,7,4,6,1,0,0,Default,
166674,0,0,0,0,1,1,0,4,27,38,20,22,100,55,29,8,4,4,2,1,0,0,0,0,0,0,0,1,1,1,9,12,9,4,11,13,14,23,6,7,4,5,0,0,0,Default,
166690,0,0,0,0,0,1,0,17,27,37,19,24,103,52,26,8,4,3,1,1,0,0,0,0,0,0,0,1,1,1,3,8,7,2,7,11,12,17,4,7,4,4,1,1,0,Default,
166706,0,0,0,0,1,1,0,8,29,40,19,24,105,56,25,9,4,3,1,0,1,0,0,0,0,0,0,2,4,2,8,8,5,3,7,7,14,16,4,5,3,3,1,1,0,Default,
166722,0,0,0,0,0,1,0,5,28,40,20,23,103,53,25,7,4,3,1,0,0,0,0,0,0,0,1,3,6,3,8,7,4,2,4,5,11,16,5,7,3,4,1,0,0,Default,
166738,0,0,0,0,0,0,0,4,28,40,18,27,105,53,25,8,5,3,1,1,1,0,0,0,0,0,1,2,4,3,8,8,6,2,6,6,12,16,4,7,3,4,1,0,0,Default,
166754,0,0,0,0,0,0,0,0,22,34,18,25,105,53,22,6,4,3,1,1,0,0,0,0,0,1,1,3,5,2,7,6,4,1,4,4,12,17,4,8,3,4,1,0,0,Default,
166770,0,0,0,0,0,0,0,1,14,32,16,27,107,51,24,8,5,3,1,1,1,0,0,0,0,0,1,3,4,2,4,8,4,0,4,4,11,16,4,8,3,4,1,0,0,Default,
166786,0,0,0,0,0,0,0,0,22,30,16,27,107,49,24,8,4,3,1,1,0,0,0,0,0,0,0,1,2,1,4,7,4,1,4,4,11,16,4,8,3,4,1,0,1,Default,
166802,0,0,0,0,0,1,0,0,21,29,16,26,106,51,29,8,4,3,1,1,1,1,1,0,0,1,0,2,3,1,6,8,5,1,3,4,9,16,4,8,4,4,0,0,0,Default,
166818,0,0,0,0,0,0,0,0,14,28,16,27,106,56,29,8,5,3,1,1,1,0,0,0,0,0,1,2,4,3,6,8,4,2,4,4,11,14,4,8,3,3,1,0,0,Default,
166834,0,0,0,0,0,0,0,0,2,24,12,25,104,54,26,6,4,3,0,1,0,0,0,0,0,0,0,0,0,0,0,1,1,0,1,0,3,14,6,6,4,1,0,0,0,Default,
166850,0,0,0,0,0,0,0,0,1,24,12,32,105,52,27,6,4,3,1,1,0,0,0,0,0,0,1,1,1,1,2,5,4,1,4,3,11,17,4,10,3,4,1,0,0,Default,
166866,0,0,0,0,0,0,0,0,2,18,11,28,105,42,29,8,6,4,2,1,1,0,0,0,0,0,1,1,1,1,1,5,3,2,3,2,10,17,4,7,3,3,0,0,0,Default,
166882,0,0,0,0,0,0,0,0,1,19,11,29,111,39,29,11,7,4,3,3,1,0,1,0,0,1,2,3,3,1,4,8,4,2,4,3,12,18,5,8,3,3,1,0,0,Default,
166898,0,0,0,0,0,0,0,0,1,6,8,29,113,42,24,11,5,4,2,1,1,0,0,0,0,0,2,3,4,1,7,12,7,4,7,4,16,21,6,10,3,4,1,0,0,Default,
166914,0,0,0,0,0,0,0,0,1,16,8,33,118,44,32,11,6,4,2,3,0,0,0,0,0,1,14,8,4,3,8,13,9,6,9,6,17,20,7,12,4,4,1,0,0,Default,
166930,0,0,0,0,0,0,0,0,3,24,13,31,124,45,34,11,6,4,2,2,1,0,0,0,0,3,25,17,8,4,12,15,9,6,8,5,14,16,6,13,4,4,1,0,0,Default,
166946,0,0,0,0,0,0,0,0,10,21,9,32,138,45,33,10,6,4,2,3,0,0,0,0,0,2,22,15,8,4,12,17,10,7,12,5,16,20,7,13,4,4,1,0,0,Default,
166962,0,0,0,0,0,0,0,0,29,29,12,30,153,38,16,12,6,2,1,4,9,26,6,4,12,15,10,6,3,2,9,12,8,4,6,4,13,14,4,6,2,3,1,0,0,Default,
166978,520,571,529,261,268,217,62,206,277,240,111,204,321,241,74,12,3,1,1,2,1,1,0,0,1,3,10,4,8,3,11,2,1,1,1,0,8,8,4,6,2,2,1,0,0,Default,
166994,1423,1557,1620,803,930,745,158,515,625,600,260,365,470,416,146,14,7,5,3,49,44,46,29,9,20,7,4,4,3,1,10,3,2,1,3,3,17,8,5,8,2,3,1,1,0,Default,
167010,2000,2153,2264,1396,1760,1352,422,919,1083,1090,781,525,641,610,335,48,39,39,41,41,37,37,32,8,22,12,12,12,4,2,33,24,20,18,14,6,25,19,15,7,3,4,0,0,0,Default,
167026,2416,2611,2756,2014,2514,1975,623,1512,1848,1864,961,912,1116,1075,588,54,45,44,42,40,35,36,33,8,34,29,27,26,7,3,53,45,41,36,18,7,41,33,30,8,3,6,1,1,0,Default,
167042,2499,2688,2740,2388,3058,2375,907,2125,2655,2603,1344,1412,1735,1692,993,155,146,145,140,34,27,29,25,8,44,35,36,31,7,3,120,114,110,99,21,4,43,37,33,7,3,6,1,0,0,Default,
167058,0,0,0,2830,3297,2839,2927,2661,3205,3060,2428,1824,2235,2067,1765,646,642,665,603,335,315,307,309,106,230,238,237,232,57,6,200,202,192,187,53,8,61,58,55,37,5,6,1,0,0,Default,
167074,0,0,0,2777,3297,2916,3084,2705,3202,3121,2567,1937,2396,2226,1947,911,924,982,856,801,769,742,721,389,600,667,655,664,219,39,468,468,439,428,258,49,172,172,163,128,41,11,4,3,2,Default,
167090,5,1,1,2769,3297,2934,3078,2694,3170,3105,2632,1969,2415,2259,2049,1048,1079,1156,1001,1193,1158,1111,1090,509,845,970,955,946,386,198,750,763,718,705,489,248,306,311,296,230,213,14,8,5,5,Default,
167106,4,1,0,2474,3171,2546,1470,2628,3087,3079,2151,1927,2354,2226,1760,1086,1124,1204,942,1289,1269,1229,1098,573,912,1052,1048,957,481,292,912,953,906,811,623,381,395,405,373,297,348,16,9,7,6,Default,
167122,6,1,0,2419,3111,2504,1484,2574,3042,3057,2177,1890,2328,2220,1776,1087,1129,1218,957,1341,1341,1303,1185,617,936,1096,1099,1011,543,315,1004,1059,1017,914,749,472,461,473,440,366,415,19,12,9,9,Default,
167138,2066,2080,2156,2283,2958,2400,1466,2436,2910,2960,2164,1817,2263,2185,1770,1070,1122,1210,956,1373,1382,1351,1238,687,959,1139,1143,1057,627,373,1111,1190,1159,1042,892,574,568,593,557,467,490,21,14,12,12,Default,
167154,1824,1853,1905,2062,2702,2211,1398,2179,2656,2740,2076,1660,2111,2059,1697,1021,1082,1175,936,1351,1370,1346,1250,731,939,1129,1144,1072,687,418,1169,1281,1256,1151,1000,663,655,690,663,539,562,25,17,17,16,Default,
167170,1446,1490,1542,1729,2271,1970,1260,1830,2260,2367,1877,1471,1915,1877,1553,946,1013,1119,891,1247,1273,1267,1192,754,891,1101,1126,1069,723,466,1197,1347,1344,1241,1099,767,742,795,771,635,675,29,22,20,20,Default,
167186,1097,1129,1194,1276,1587,1505,1007,1367,1614,1757,1530,1236,1629,1615,1374,842,898,1027,813,1104,1124,1128,1085,751,818,1040,1083,1050,762,517,1161,1342,1381,1309,1213,901,795,890,878,722,766,33,26,24,24,Default,
167202,791,798,880,838,937,958,704,1006,1245,1348,1245,1003,1385,1367,1184,721,775,916,729,941,965,979,949,720,728,962,1015,1013,780,549,1098,1318,1400,1363,1310,1007,815,958,950,794,854,40,29,27,28,Default,
167218,539,547,627,501,514,534,439,733,897,969,923,811,1144,1124,999,610,654,795,638,777,802,820,818,659,667,912,990,1018,829,659,1011,1266,1380,1411,1375,1140,813,1011,1043,872,955,37,30,28,29,Default,
167234,389,388,438,295,287,286,258,538,648,704,674,667,967,958,848,519,567,702,562,667,687,707,710,601,609,873,969,1015,853,690,930,1224,1366,1443,1466,1222,807,1053,1124,946,1024,46,39,36,37,Default,
167250,8,0,1,194,190,190,178,424,525,545,529,567,846,844,742,459,518,649,522,599,636,663,661,584,576,862,982,1037,896,727,883,1209,1413,1504,1580,1318,835,1149,1264,1072,1106,54,47,45,45,Default,
167266,212,216,237,148,137,137,131,346,438,455,442,476,757,752,647,409,480,592,480,555,597,624,629,575,550,862,1014,1070,951,751,841,1203,1462,1561,1680,1392,862,1234,1363,1205,1183,61,53,51,53,Default,
167282,147,149,158,116,105,107,103,292,353,368,356,436,707,698,605,398,456,563,460,540,575,609,607,579,549,876,1058,1123,1015,800,828,1194,1531,1610,1806,1494,885,1324,1469,1347,1285,72,62,60,61,Default,
167298,112,111,115,99,91,90,88,277,329,338,353,423,684,676,592,389,447,542,448,546,586,620,618,597,561,908,1116,1178,1075,837,852,1236,1624,1720,1936,1583,936,1446,1616,1500,1383,96,87,87,90,Default,
167314,80,75,76,70,64,62,62,250,297,296,310,407,642,628,567,384,429,507,439,576,613,657,661,636,580,963,1189,1259,1156,903,892,1364,1748,1878,2108,1721,1031,1579,1802,1676,1509,143,133,131,134,Default,
167330,54,49,47,49,43,41,41,208,240,245,253,386,586,574,528,393,429,499,434,590,638,703,675,671,607,1023,1260,1334,1232,966,929,1416,1923,2051,2313,1856,1101,1757,2009,1907,1650,182,169,171,177,Default,
167346,53,45,45,37,29,26,29,176,191,200,203,364,533,528,492,378,414,459,406,591,650,719,671,684,630,1100,1375,1434,1331,1004,961,1504,2139,2251,2517,1994,1184,1943,2222,2110,1811,277,261,261,269,Default,
167362,53,47,47,23,16,16,15,164,186,193,196,327,483,476,450,377,428,459,405,560,653,717,648,670,626,1205,1504,1540,1443,1108,1021,1641,2401,2498,2744,2189,1291,2181,2452,2334,2035,397,370,372,380,Default,
167378,47,40,38,12,5,4,3,133,167,174,178,244,439,431,409,292,394,414,374,435,646,711,635,648,396,1303,1651,1683,1556,1182,1104,1753,2642,2789,2983,2386,1412,2435,2768,2607,2295,553,518,522,535,Default,
167394,44,38,38,8,2,1,0,141,146,154,156,284,356,352,338,342,373,379,354,555,635,704,633,644,753,1384,1786,1798,1662,1284,1148,1897,2899,3041,3216,2592,1557,2707,3038,2888,2562,762,733,730,742,Default,
167410,43,37,37,8,2,1,0,112,116,121,121,259,323,308,298,304,327,330,313,509,570,601,556,563,775,1463,1817,1851,1710,1359,1198,2097,3107,3291,3297,2938,1710,2924,3285,3181,2833,1034,1011,994,999,Default,
167426,45,41,41,6,1,0,1,61,70,74,74,236,290,273,273,224,231,231,223,428,482,502,463,468,753,1455,1782,1821,1691,1388,1161,2163,3227,3297,3297,3190,1756,3061,3297,3297,3036,1285,1288,1255,1261,Default,
167442,49,43,42,7,0,0,0,44,53,53,53,227,273,258,256,191,197,198,191,368,410,428,403,402,722,1381,1620,1666,1578,1319,1144,2159,3273,3297,3298,3297,1763,3142,3297,3297,3295,1492,1525,1495,1484,Default,
167458,48,41,41,6,1,1,0,42,59,59,61,216,262,250,251,134,136,138,133,279,306,333,310,311,652,1248,1421,1462,1415,1208,1048,1861,3262,3297,3297,3297,1575,3159,3298,3298,3297,1668,1736,1739,1691,Default,
167474,46,37,37,6,1,0,0,10,45,46,47,209,254,244,247,35,27,27,28,237,273,297,277,281,529,1102,1169,1191,1199,1039,949,1703,3112,3297,3297,3297,1452,3086,3297,3298,3297,1776,1859,1946,1846,Default,
167490,44,34,33,6,0,0,0,11,44,43,43,146,182,174,173,29,18,17,16,156,175,182,173,175,468,967,993,1009,1043,910,808,1646,2923,3241,3297,3299,1391,2939,3297,3298,3297,1858,1945,2097,1952,Default,
167506,33,26,25,5,1,1,0,3,43,44,45,88,165,158,153,16,12,11,10,66,101,107,99,101,393,889,895,897,957,837,627,1444,2620,2962,3297,3292,1222,2669,3253,3298,3296,1864,1961,2208,2016,Default,
167522,29,15,14,4,1,0,0,4,45,46,45,75,101,97,97,20,12,10,9,26,26,28,25,25,261,820,812,825,915,779,352,1295,2058,2495,3116,2739,1058,2078,2813,3176,2824,1644,1878,2197,1946,Default,
167538,22,11,10,4,1,1,0,3,44,46,46,58,81,75,74,19,12,12,10,16,16,15,13,14,175,733,721,768,891,708,207,1016,1448,1927,2632,2078,800,1385,2072,2437,2075,1261,1567,1948,1651,Default,
167554,15,9,8,4,0,0,0,3,41,41,41,42,81,72,73,20,14,13,12,18,23,21,21,21,120,631,555,619,764,530,134,832,865,1254,1851,1227,553,713,1027,1158,1039,737,937,1224,990,Default,
167570,15,12,8,4,1,0,0,1,34,35,35,22,69,54,58,16,14,9,8,12,20,15,16,16,89,377,308,344,444,286,105,596,435,587,1044,638,334,344,532,567,550,358,395,545,393,Default,
167586,18,15,10,4,1,0,0,1,29,27,29,16,54,36,37,13,13,10,9,9,11,7,7,7,49,164,135,122,172,113,78,360,204,194,486,286,179,174,267,277,248,122,116,177,119,Default,
167602,9,10,4,4,1,1,0,0,11,12,15,19,48,29,21,12,8,7,3,6,5,3,1,1,16,66,48,31,40,28,51,171,45,58,207,129,75,29,99,113,84,11,9,13,5,Default,
167618,0,0,0,0,0,0,0,0,0,21,15,21,72,51,31,9,8,6,3,4,1,1,0,1,0,2,16,8,5,3,20,37,20,33,74,9,19,10,25,26,4,6,3,1,0,Default,
167634,0,0,0,0,0,0,0,2,24,37,18,25,78,49,26,11,8,8,3,3,1,1,0,0,0,1,12,8,6,3,28,30,25,28,77,21,12,4,4,6,3,1,0,0,0,Default,
167650,0,0,0,0,0,0,0,0,21,36,19,25,74,53,22,9,8,4,2,3,1,0,0,0,0,1,7,5,4,3,20,19,17,23,41,16,13,22,9,15,4,6,1,0,1,Default,
167666,0,0,0,0,0,0,0,0,0,26,14,24,85,50,23,8,5,3,1,1,0,0,0,0,0,0,2,2,4,2,14,20,15,9,34,16,18,24,7,12,4,8,1,0,0,Default,
167682,0,0,0,0,0,0,0,0,8,30,13,24,88,46,24,8,6,3,1,1,1,0,0,0,0,0,1,2,4,3,11,14,10,4,20,11,14,25,6,13,4,6,1,0,0,Default,
167698,0,0,0,0,0,0,0,0,11,33,16,22,95,48,25,7,6,3,1,1,0,0,0,0,0,0,1,1,4,3,8,10,6,4,14,10,13,20,6,12,4,5,1,0,0,Default,
167714,0,0,0,0,0,0,0,1,23,34,16,24,99,53,25,9,4,3,1,0,0,0,0,1,0,0,1,1,2,1,7,9,6,4,10,7,14,22,8,9,4,5,1,0,0,Default,
167730,0,0,0,0,0,0,0,1,24,36,16,24,101,48,26,8,5,3,1,1,0,0,0,0,0,0,1,1,2,2,6,8,4,2,4,8,12,20,5,10,4,5,1,1,0,Default,
167746,0,0,0,0,0,0,0,1,24,36,16,23,100,45,24,8,5,2,1,1,0,1,0,0,0,0,0,1,2,3,8,8,5,2,5,8,11,19,4,10,5,5,1,0,0,Default,
167762,0,0,0,0,0,0,0,0,22,33,14,23,100,46,24,8,6,3,1,1,0,0,0,0,0,0,1,1,1,1,3,8,5,2,6,8,12,15,4,8,4,4,1,0,0,Default,
167778,0,0,0,0,0,0,0,0,8,30,14,24,99,45,25,7,5,3,1,1,0,0,0,0,0,1,0,0,1,1,2,6,4,2,4,7,12,16,4,8,4,4,1,0,0,Default,
167794,0,0,0,0,0,0,0,0,14,29,12,21,95,43,24,6,4,2,1,1,1,0,0,0,0,0,0,0,0,1,2,4,4,2,4,8,10,12,4,6,4,3,1,0,0,Default,
167810,0,0,0,0,0,0,0,0,14,29,14,21,100,41,24,7,5,3,1,1,1,0,0,0,0,1,1,1,1,1,4,6,4,2,3,9,10,12,3,6,4,2,0,0,0,Default,
167826,0,0,0,0,0,0,0,1,20,27,14,22,101,38,24,7,4,2,1,0,0,0,0,0,0,1,0,0,0,0,0,1,1,1,2,7,10,12,4,6,3,4,1,0,0,Default,
167842,0,0,0,0,0,0,0,0,2,28,15,24,103,43,21,8,5,3,1,0,0,0,0,0,0,0,0,0,0,0,1,3,4,2,4,5,10,13,4,6,3,4,1,0,0,Default,
167858,0,0,0,0,0,0,0,0,5,27,17,27,103,34,17,10,5,4,1,2,1,1,0,0,0,0,0,0,0,0,0,0,1,0,1,0,1,6,6,6,1,3,1,0,0,Default,
167874,0,0,0,0,0,0,0,0,1,26,13,27,103,38,22,8,5,3,1,1,0,0,0,0,0,1,0,0,1,0,0,1,2,0,2,1,4,13,4,8,2,2,1,0,0,Default,
167890,0,0,0,0,0,0,0,0,1,24,11,27,106,40,20,8,5,2,1,1,0,0,0,0,1,0,0,0,0,0,0,1,0,1,0,1,1,13,4,8,2,2,1,0,0,Default,
167906,0,0,0,0,0,0,0,0,3,23,12,30,106,37,27,8,4,2,1,1,0,0,1,0,0,0,0,0,0,0,0,0,0,1,1,0,4,17,5,7,1,3,0,0,0,Default,
167922,0,0,0,0,0,0,0,0,1,19,10,29,107,36,29,10,6,4,2,2,0,0,0,0,0,0,0,0,0,0,0,0,1,0,2,1,10,17,4,8,1,3,1,0,0,Default,
167938,0,0,0,0,0,0,0,0,1,12,9,29,108,39,24,10,7,4,1,2,1,1,0,0,0,0,2,3,3,1,6,9,6,2,5,3,14,16,4,9,3,3,1,0,0,Default,
167954,0,0,0,1,0,0,0,0,1,11,9,29,109,40,32,10,6,4,2,3,0,0,0,0,0,1,12,9,6,4,11,14,8,5,8,12,14,22,7,15,6,5,0,0,0,Default,
167970,0,0,0,0,1,0,0,1,3,23,12,28,123,40,30,11,6,4,2,3,1,0,0,0,0,2,19,19,8,4,14,18,11,7,11,14,14,20,8,16,7,6,1,0,0,Default,
167986,0,0,0,0,0,0,0,0,4,24,12,28,136,37,30,12,8,4,2,3,0,0,1,0,0,1,22,19,9,5,13,19,13,7,11,13,16,20,7,13,6,5,1,1,0,Default,
168002,0,0,0,8,16,9,7,51,58,66,51,54,190,71,41,9,4,2,1,5,15,35,10,6,16,20,19,14,8,4,20,14,8,5,8,4,20,19,8,7,2,3,1,0,0,Default,
168018,778,867,809,353,373,306,78,288,373,337,134,257,373,298,91,12,2,1,1,13,17,18,8,5,24,13,11,6,9,2,12,3,1,1,1,1,15,10,5,7,2,3,0,0,0,Default,
168034,1758,1886,1919,1009,1184,953,211,630,746,736,339,421,530,486,191,24,17,16,15,36,31,33,20,5,16,7,5,6,3,1,14,4,2,1,2,3,20,16,10,10,4,4,1,0,0,Default,
168050,2259,2399,2545,1695,2134,1646,530,1079,1279,1270,978,556,673,644,396,54,46,46,47,45,37,37,32,8,58,52,51,53,8,4,45,36,32,28,16,6,35,29,25,10,2,4,1,1,0,Default,
168066,2773,2756,2970,2228,2788,2195,688,1666,2031,2057,1053,1029,1264,1231,654,48,42,43,41,34,30,29,27,6,42,37,34,33,7,3,49,41,40,36,17,6,46,42,38,10,4,4,1,1,0,Default,
168082,2603,2775,2933,2447,3141,2441,903,2103,2624,2607,1343,1372,1710,1660,955,122,116,116,113,27,22,22,20,5,38,31,29,27,7,3,128,123,118,106,24,6,51,46,42,11,3,7,0,0,0,Default,
168098,2479,2617,2633,2497,3175,2454,1040,2387,2897,2819,1522,1596,1929,1830,1173,431,427,436,375,138,129,126,118,69,131,132,131,123,28,7,173,172,163,148,29,5,52,46,42,22,5,5,1,1,0,Default,
168114,0,0,0,2504,3161,2463,1181,2495,2975,2907,1727,1748,2135,2014,1366,696,696,737,579,468,451,430,397,245,414,444,439,449,130,13,297,302,286,259,132,24,118,117,109,78,12,6,1,1,1,Default,
168130,0,0,0,2680,3297,2835,2936,2642,3119,3028,2487,1881,2305,2152,1863,931,946,1008,872,940,918,874,852,398,646,730,725,718,257,84,534,547,509,497,348,111,215,219,206,151,79,6,1,0,0,Default,
168146,0,0,0,2482,3188,2541,1388,2630,3119,3079,2026,1903,2327,2221,1641,1006,1033,1106,856,1133,1110,1068,935,466,780,882,883,817,365,209,660,679,646,578,483,273,309,312,285,226,242,12,4,3,2,Default,
168162,5,1,0,2496,3192,2555,1442,2648,3158,3121,2108,1926,2371,2276,1724,1042,1082,1161,906,1260,1257,1215,1077,521,847,965,966,892,444,237,787,820,777,697,576,348,344,348,322,267,301,13,6,4,4,Default,
168178,2252,2253,2345,2433,3112,2508,1467,2594,3117,3109,2152,1906,2372,2296,1775,1068,1119,1199,941,1351,1354,1322,1190,590,904,1042,1056,969,519,298,894,936,899,808,660,460,397,405,377,321,361,16,9,8,7,Default,
168194,2050,2047,2113,2223,2893,2350,1423,2373,2911,2939,2111,1790,2271,2220,1744,1058,1112,1200,946,1401,1417,1396,1268,679,937,1107,1128,1039,605,344,957,1018,990,894,766,529,468,487,451,389,422,18,10,9,9,Default,
168210,1754,1781,1817,1962,2599,2183,1335,2084,2603,2666,1970,1604,2093,2060,1626,985,1048,1143,903,1328,1355,1339,1241,717,927,1113,1141,1050,657,379,1004,1086,1063,963,855,583,551,582,545,469,481,21,14,12,12,Default,
168226,1413,1450,1488,1641,2141,1865,1169,1739,2180,2260,1746,1410,1863,1834,1455,881,941,1044,829,1191,1229,1218,1147,701,864,1061,1094,1019,678,414,1009,1119,1108,1013,911,662,601,642,605,509,555,25,18,16,16,Default,
168242,1102,1140,1181,1248,1520,1453,938,1335,1632,1707,1433,1190,1606,1579,1281,762,821,936,739,1008,1040,1039,999,655,789,997,1033,979,684,447,962,1092,1094,1015,970,746,625,688,655,565,623,26,20,16,17,Default,
168258,874,875,950,908,1015,1026,714,1025,1251,1314,1209,1012,1401,1381,1140,670,723,849,670,883,912,914,900,625,718,942,976,955,698,468,914,1060,1074,1015,1024,816,638,724,697,608,666,27,19,17,17,Default,
168274,666,660,741,596,637,654,501,813,978,1041,966,854,1211,1186,1003,598,642,775,610,789,828,831,829,617,664,912,952,940,727,502,883,1044,1089,1048,1127,890,646,769,750,667,742,29,23,21,20,Default,
168290,493,490,555,413,402,407,344,653,796,833,788,750,1076,1053,911,559,605,747,581,748,787,798,797,624,638,911,972,970,779,541,868,1077,1145,1131,1222,971,679,829,827,740,813,33,25,25,25,Default,
168306,5,0,1,286,277,273,248,521,639,682,655,655,973,977,834,518,578,720,563,721,766,785,794,651,608,924,1014,1019,842,584,845,1108,1208,1259,1336,1049,732,921,953,837,887,33,26,24,25,Default,
168322,7,1,1,197,188,189,177,453,556,580,563,597,891,894,771,487,547,686,541,721,759,789,802,675,610,960,1068,1077,914,638,861,1157,1295,1379,1440,1142,781,1028,1084,931,970,53,45,43,44,Default,
168338,6,1,1,151,144,140,136,375,480,495,485,540,839,840,724,476,551,687,547,731,788,825,833,719,622,1037,1180,1193,1026,808,863,1289,1444,1549,1599,1306,876,1176,1250,1084,1103,62,49,49,50,Default,
168354,6,1,1,135,126,127,123,335,406,421,413,518,787,798,688,477,542,664,535,751,810,854,861,758,658,1119,1274,1282,1113,890,927,1356,1589,1689,1770,1442,946,1319,1417,1251,1237,70,61,59,62,Default,
168370,11,4,1,102,97,97,95,286,333,344,338,485,745,741,650,492,557,675,555,787,844,907,921,829,689,1209,1388,1397,1250,982,975,1460,1779,1902,1985,1583,1040,1496,1614,1444,1382,96,87,89,88,Default,
168386,8,2,1,77,72,71,70,290,337,344,357,480,729,725,646,508,578,684,576,830,916,985,996,920,745,1333,1551,1540,1394,1088,1051,1599,2002,2120,2211,1741,1162,1691,1842,1693,1546,146,136,134,139,Default,
168402,77,72,73,62,57,56,55,249,285,285,295,473,693,679,617,520,589,681,584,876,970,1065,1073,998,791,1431,1692,1666,1539,1192,1127,1750,2251,2379,2444,1913,1297,1902,2105,1931,1716,200,187,184,190,Default,
168418,53,47,49,43,37,37,37,194,208,213,220,435,613,599,555,543,613,692,611,916,1040,1160,1150,1092,845,1562,1857,1832,1682,1317,1212,1880,2536,2665,2685,2111,1410,2148,2385,2195,1919,315,298,288,298,Default,
168434,45,41,40,20,12,12,12,172,181,186,188,397,533,513,489,521,583,618,555,935,1058,1172,1113,1094,888,1663,2000,1936,1807,1330,1290,2021,2806,2914,2975,2268,1576,2405,2678,2488,2111,468,439,438,444,Default,
168450,49,41,41,15,8,6,5,137,158,162,165,290,482,464,439,399,538,557,500,884,987,1070,998,995,920,1760,2122,2069,1919,1451,1338,2228,3031,3163,3222,2501,1693,2652,2962,2754,2386,686,654,649,661,Default,
168466,48,42,41,9,2,1,1,139,142,145,148,293,363,352,339,410,451,459,427,763,820,887,818,822,909,1710,2123,2067,1938,1496,1345,2288,3204,3297,3297,2688,1760,2856,3228,3013,2636,936,918,891,910,Default,
168482,49,45,44,8,1,1,0,91,93,96,96,245,294,282,278,314,330,333,316,589,632,671,617,621,858,1636,2005,1970,1851,1437,1314,2289,3286,3297,3297,2832,1791,3009,3296,3297,2810,1231,1226,1195,1193,Default,
168498,49,42,41,7,1,0,0,29,52,52,52,222,265,250,246,212,215,216,207,431,468,489,456,460,800,1529,1810,1807,1702,1369,1246,2243,3291,3298,3297,2955,1768,3071,3297,3298,2960,1447,1466,1434,1408,Default,
168514,46,41,40,5,1,0,1,53,60,60,61,209,252,240,236,149,154,155,150,319,336,356,338,332,683,1343,1521,1535,1481,1221,1127,1915,3270,3298,3298,3015,1601,3089,3297,3299,3131,1656,1683,1688,1624,Default,
168530,47,37,37,5,1,1,0,7,53,51,55,145,236,228,227,37,29,27,27,292,331,368,342,348,587,1182,1254,1259,1255,1066,974,1753,3132,3297,3298,3130,1477,3022,3297,3298,3290,1824,1853,1920,1812,Default,
168546,43,35,35,5,1,0,0,17,41,41,41,155,188,182,180,29,23,21,20,198,224,240,228,233,496,1013,1019,1028,1065,924,844,1661,2856,3155,3296,3172,1372,2833,3293,3296,3157,1911,1951,2104,1941,Default,
168562,33,27,26,6,1,0,1,15,43,43,43,133,169,161,157,17,6,5,4,98,110,114,109,112,373,878,888,891,954,822,559,1423,2467,2789,3229,2992,1183,2474,3071,3287,2993,1882,1981,2214,2016,Default,
168578,25,18,17,6,1,1,0,5,49,51,52,77,112,105,103,22,15,14,12,38,43,44,42,41,232,804,815,817,920,768,294,1184,1836,2168,2783,2445,965,1822,2488,2807,2533,1591,1762,2119,1864,Default,
168594,22,14,12,4,1,0,0,4,51,52,53,55,82,77,76,22,16,16,16,21,25,25,24,25,149,703,681,711,836,643,170,946,1181,1570,2169,1652,709,1066,1658,1756,1654,1086,1322,1650,1406,Default,
168610,16,11,9,4,2,0,0,2,45,46,47,39,78,68,67,23,17,16,15,15,18,16,16,17,103,544,478,504,630,430,116,727,683,876,1404,932,438,525,718,819,788,641,674,925,763,Default,
168626,20,14,11,5,1,1,0,1,35,37,37,29,66,51,53,23,17,14,14,12,16,10,12,12,66,287,238,252,321,211,93,483,352,384,754,460,265,277,421,433,457,313,269,385,264,Default,
168642,16,16,10,5,1,1,0,1,29,26,26,23,59,34,33,19,16,14,10,8,10,5,4,6,33,124,91,80,107,79,62,292,120,124,338,228,140,102,203,191,176,74,65,103,70,Default,
168658,8,8,4,4,1,1,0,1,21,22,15,18,53,37,25,11,6,5,3,3,1,0,0,0,0,49,44,32,38,21,29,115,44,45,154,72,56,33,78,80,55,10,3,2,0,Default,
168674,0,0,0,0,1,3,3,28,26,34,16,24,59,48,27,11,7,8,3,3,1,1,0,0,0,1,15,6,5,3,24,25,20,35,71,7,13,7,9,16,4,3,1,0,0,Default,
168690,0,0,0,1,1,2,2,27,26,38,17,24,64,45,25,13,8,10,4,4,1,1,0,0,0,1,4,5,4,2,19,19,12,21,66,18,9,4,4,6,3,2,0,0,0,Default,
168706,0,0,0,0,0,1,0,8,23,34,18,25,68,45,25,9,4,6,3,2,0,0,1,0,0,0,1,1,1,1,8,17,13,22,33,6,12,19,9,12,3,4,1,0,0,Default,
168722,0,0,0,0,0,0,0,1,20,33,16,24,77,51,23,8,7,5,2,2,1,0,0,0,0,0,0,0,0,0,1,2,4,3,15,5,12,20,6,12,4,4,1,1,0,Default,
168738,0,0,0,0,1,1,0,19,22,33,16,24,82,41,24,11,5,4,2,1,1,0,0,0,0,0,0,1,0,1,1,2,3,2,6,3,12,24,6,15,3,4,1,0,0,Default,
168754,0,0,0,0,1,3,2,26,23,33,16,25,87,48,29,8,5,4,2,1,0,0,0,0,0,0,1,0,1,0,1,3,2,1,3,1,8,20,6,11,2,4,0,0,0,Default,
168770,0,0,0,0,1,1,1,24,24,35,16,24,91,52,24,9,4,4,1,1,1,0,0,0,0,0,0,1,2,1,6,7,4,2,4,7,12,20,6,9,5,6,1,0,0,Default,
168786,0,0,0,0,1,1,1,23,25,36,16,24,90,51,24,8,4,3,1,1,0,0,0,0,0,0,0,1,1,1,4,7,4,3,6,8,12,16,5,8,4,4,1,0,0,Default,
168802,0,0,0,0,1,1,1,24,26,37,18,25,94,49,25,8,4,3,2,1,0,0,0,0,0,1,1,1,1,1,4,8,4,3,7,9,11,15,6,8,4,4,1,0,0,Default,
168818,0,0,0,0,0,0,0,5,22,33,16,22,95,52,25,8,5,3,1,1,1,0,0,0,0,0,0,0,0,1,1,3,4,3,6,9,12,16,4,9,4,3,1,0,0,Default,
168834,0,0,0,1,0,0,0,2,22,32,16,24,96,41,22,9,6,3,2,1,0,1,0,0,0,0,0,0,0,0,1,1,2,1,4,10,10,13,4,8,4,4,0,0,0,Default,
168850,0,0,0,0,1,0,0,1,21,29,15,27,95,39,23,9,4,3,1,1,0,0,0,0,0,0,0,1,1,1,1,5,4,3,4,8,9,8,4,8,3,3,1,0,0,Default,
168866,0,0,0,0,0,0,0,1,20,29,14,26,96,37,23,8,4,4,2,1,0,0,0,0,0,0,0,1,1,2,2,5,4,3,5,6,8,11,5,8,4,3,1,0,0,Default,
168882,0,0,0,0,0,0,0,1,16,29,16,27,98,35,22,9,7,4,1,1,0,0,0,0,0,0,0,0,1,0,1,2,3,1,2,2,7,12,5,8,4,3,1,0,0,Default,
168898,0,0,0,0,0,0,0,0,4,30,16,26,99,39,25,8,5,4,2,1,0,0,0,0,0,0,1,1,1,0,2,4,3,2,2,1,4,14,5,8,2,3,1,0,0,Default,
168914,0,0,0,0,0,0,0,0,4,30,14,29,99,36,25,9,6,4,2,1,1,1,1,0,0,0,0,0,1,1,1,3,2,2,3,2,8,14,5,8,4,4,1,0,0,Default,
168930,0,0,0,0,0,0,0,1,1,29,15,25,99,37,20,8,5,4,1,1,0,0,0,0,0,0,0,1,1,0,0,2,2,1,1,1,7,16,6,8,2,3,0,0,0,Default,
168946,0,0,0,0,0,0,0,1,3,28,12,29,103,40,23,8,5,2,1,1,0,0,0,0,0,1,1,0,0,0,0,1,1,1,1,1,4,14,5,9,2,3,1,0,0,Default,
168962,0,0,0,0,0,0,0,0,2,24,13,24,103,33,21,9,6,4,2,1,1,0,0,0,0,0,0,0,1,1,2,3,3,3,4,3,11,16,6,8,3,3,1,1,0,Default,
168978,0,0,0,0,0,0,0,0,1,21,12,27,107,32,24,10,7,4,3,3,1,0,0,0,0,1,1,4,4,1,6,6,3,2,3,2,12,17,6,10,4,4,1,0,0,Default,
168994,0,0,0,0,0,0,0,0,0,16,10,28,109,37,26,8,7,4,2,3,1,0,0,0,0,0,3,7,4,2,8,12,8,4,8,9,14,18,6,13,5,5,0,0,0,Default,
169010,0,0,0,0,0,0,0,0,1,14,8,30,112,37,28,12,8,4,2,3,0,0,0,0,0,1,9,6,5,3,12,15,9,4,9,12,16,20,6,18,6,4,1,0,0,Default,
169026,0,0,0,0,0,0,0,0,3,22,12,25,120,47,34,8,6,4,2,2,0,0,0,0,0,3,24,20,9,5,12,17,11,6,11,12,14,19,7,14,6,4,0,0,0,Default,
169042,0,0,0,0,0,0,1,0,9,27,12,30,136,49,35,12,7,4,2,3,0,0,1,0,0,14,29,24,12,7,15,19,12,8,12,13,18,20,8,17,6,4,1,0,0,Default,
169058,0,0,0,0,0,0,0,0,14,20,8,30,132,47,24,12,7,4,3,3,1,0,0,0,0,3,16,12,8,3,12,14,9,8,12,3,16,20,6,8,2,2,1,0,0,Default,
169074,395,401,411,203,206,167,57,174,248,208,109,168,274,193,74,15,4,6,4,4,1,1,0,0,1,3,6,4,5,2,12,3,2,1,1,0,11,11,5,7,1,4,1,1,0,Default,
169090,1362,1525,1500,711,808,650,139,480,585,555,226,339,448,385,129,18,6,2,4,37,32,33,20,7,21,9,8,6,4,2,14,4,2,1,2,3,15,10,6,8,2,4,1,0,0,Default,
169106,1902,2037,2232,1318,1660,1276,396,855,1008,1008,740,483,591,565,310,45,33,33,33,33,25,26,23,6,48,42,41,42,8,4,25,12,9,7,12,3,29,23,19,10,3,4,0,0,0,Default,
169122,2409,2554,2795,1917,2407,1911,578,1383,1676,1702,893,787,961,928,533,46,39,40,39,32,29,27,24,6,62,56,53,55,15,6,51,43,38,34,18,9,37,31,28,9,4,6,1,0,0,Default,
169138,2653,2708,2913,2355,3009,2346,840,1975,2450,2459,1254,1293,1595,1556,885,85,78,78,78,24,18,17,16,4,45,37,33,31,11,4,103,99,95,87,23,5,49,45,40,11,4,6,0,0,0,Default,
169154,2515,2705,2734,2512,3212,2476,1030,2391,2875,2835,1508,1590,1924,1833,1148,374,376,376,337,95,87,85,86,88,129,128,128,124,32,6,166,168,161,147,38,8,45,42,37,19,4,6,0,1,0,Default,
169170,0,0,0,2828,3298,2859,2939,2676,3221,3087,2469,1845,2285,2139,1820,733,746,782,691,453,445,423,423,261,470,505,502,513,141,13,317,322,306,297,149,18,124,126,117,84,11,6,1,1,0,Default,
169186,0,0,0,2831,3297,2902,3008,2703,3172,3073,2534,1937,2383,2217,1924,958,966,1027,895,951,934,893,868,427,699,787,781,776,285,89,588,599,559,546,389,124,248,255,239,176,87,6,1,0,0,Default,
169202,4,1,0,2812,3297,2938,3041,2752,3222,3125,2578,1985,2450,2278,2005,1034,1061,1127,975,1170,1140,1089,1052,480,832,946,934,923,385,211,782,815,769,743,521,272,350,359,336,252,252,12,4,3,3,Default,
169218,4,1,1,2542,3226,2573,1442,2734,3175,3125,2087,1989,2428,2295,1716,1071,1100,1175,903,1273,1247,1197,1039,523,864,984,981,906,438,242,926,961,914,807,599,340,380,389,357,279,315,16,8,6,6,Default,
169234,6,1,0,2462,3150,2527,1486,2682,3144,3118,2155,1985,2450,2330,1782,1131,1171,1250,971,1411,1390,1342,1185,594,960,1115,1116,1015,538,313,1080,1137,1100,975,735,460,495,514,478,373,403,16,10,9,8,Default,
169250,1982,2023,2087,2284,2943,2390,1472,2489,2973,2985,2155,1910,2393,2302,1791,1111,1165,1249,980,1455,1449,1412,1272,693,1027,1218,1229,1120,656,394,1214,1308,1279,1150,914,590,616,646,615,494,497,22,14,14,14,Default,
169266,1761,1815,1860,2105,2758,2329,1432,2257,2742,2796,2068,1759,2261,2192,1720,1075,1139,1227,967,1444,1451,1423,1293,750,1037,1260,1275,1179,723,444,1271,1393,1378,1252,1016,683,690,735,708,561,568,29,23,20,21,Default,
169282,1434,1516,1551,1796,2365,2010,1294,1911,2375,2445,1891,1542,2055,2001,1596,996,1069,1160,916,1328,1355,1337,1235,746,979,1223,1244,1169,752,485,1257,1413,1417,1302,1090,769,750,813,787,623,664,34,25,24,23,Default,
169298,1136,1200,1243,1408,1764,1614,1071,1517,1847,1926,1592,1330,1800,1745,1412,893,957,1064,835,1177,1201,1189,1102,714,901,1150,1179,1130,766,520,1214,1392,1422,1325,1173,858,796,888,867,692,741,38,32,31,31,Default,
169314,893,927,986,1024,1198,1136,815,1155,1369,1455,1272,1148,1568,1533,1261,784,839,957,754,1029,1042,1038,971,673,820,1077,1115,1087,781,544,1154,1347,1411,1343,1230,938,796,919,904,733,796,43,36,33,33,Default,
169330,684,704,769,688,738,729,567,869,1049,1094,994,974,1355,1314,1102,704,748,874,687,898,917,910,854,637,744,1019,1069,1069,798,626,1085,1323,1400,1379,1289,1036,804,953,959,785,870,42,33,33,33,Default,
169346,499,516,564,421,425,426,359,671,811,858,787,836,1178,1135,970,636,678,801,627,820,820,813,778,605,704,994,1071,1091,846,654,1036,1302,1418,1433,1376,1101,804,991,1015,844,925,43,33,33,33,Default,
169362,388,394,439,285,278,276,252,532,620,657,617,732,1030,979,857,594,619,756,594,785,781,775,750,606,676,974,1072,1108,893,691,1015,1284,1431,1513,1451,1161,818,1057,1111,914,994,43,35,35,34,Default,
169378,5,1,1,190,182,183,174,435,527,538,514,635,908,874,760,540,577,693,559,758,747,753,734,622,665,998,1120,1164,951,729,982,1298,1493,1597,1544,1243,852,1137,1219,995,1066,60,51,49,50,Default,
169394,12,2,0,140,138,135,129,349,431,443,423,556,827,809,703,506,547,654,533,737,726,747,721,635,647,1032,1171,1214,1019,773,957,1394,1606,1708,1666,1318,908,1250,1339,1112,1140,75,64,63,63,Default,
169410,156,157,165,117,111,111,107,304,359,373,358,528,781,762,664,500,536,640,528,738,737,756,733,656,667,1093,1254,1293,1090,836,986,1429,1714,1845,1807,1435,966,1367,1478,1257,1260,79,71,69,71,Default,
169426,110,107,109,98,90,90,87,306,356,362,373,509,754,726,646,513,551,646,541,769,780,817,792,715,693,1151,1340,1370,1153,909,1034,1527,1877,2027,1924,1552,1053,1511,1653,1413,1382,107,99,95,98,Default,
169442,75,72,74,74,71,69,67,272,313,311,318,488,729,694,634,520,566,637,554,820,868,906,898,797,752,1300,1493,1515,1306,1007,1099,1666,2080,2249,2151,1698,1181,1709,1889,1646,1525,151,140,136,140,Default,
169458,59,58,55,45,38,38,40,255,292,289,298,485,701,668,621,540,583,655,579,891,941,1011,973,894,799,1415,1633,1645,1439,1107,1178,1803,2323,2499,2370,1857,1301,1916,2139,1874,1683,213,198,193,198,Default,
169474,49,45,43,34,28,29,28,186,200,200,207,456,627,596,558,545,593,630,559,953,1023,1111,1036,988,863,1576,1840,1822,1620,1249,1264,1962,2604,2763,2636,2068,1442,2169,2433,2165,1905,324,302,296,306,Default,
169490,49,45,43,20,15,15,13,149,169,176,177,359,560,527,501,534,605,621,553,1004,1104,1193,1104,1069,936,1731,2065,2027,1815,1333,1389,2164,2913,3084,2959,2259,1623,2487,2795,2495,2126,501,465,455,465,Default,
169506,48,43,42,12,6,5,4,149,152,157,158,390,486,470,448,545,588,605,553,998,1064,1147,1051,1021,1004,1853,2209,2155,1925,1459,1479,2396,3177,3295,3295,2499,1792,2756,3101,2770,2408,715,680,659,668,Default,
169522,45,39,38,8,1,0,0,127,128,131,131,325,393,373,363,482,508,510,479,883,930,977,896,882,1006,1900,2237,2202,1983,1538,1505,2487,3294,3297,3297,2706,1894,2961,3296,3112,2667,1003,993,929,945,Default,
169538,45,40,39,7,1,0,0,86,89,91,91,262,309,294,289,371,386,386,364,709,738,766,706,697,953,1834,2132,2100,1915,1498,1463,2474,3297,3297,3298,2868,1914,3126,3298,3297,2871,1345,1341,1272,1258,Default,
169554,48,43,43,7,1,0,0,38,58,59,59,240,284,268,268,261,264,265,255,534,565,586,551,547,880,1707,1932,1936,1772,1434,1399,2442,3297,3297,3296,3019,1909,3192,3298,3298,3032,1577,1616,1529,1482,Default,
169570,47,43,41,7,1,1,0,30,65,66,68,179,279,263,260,159,184,184,178,393,412,433,404,398,771,1493,1625,1637,1549,1285,1270,2067,3296,3298,3299,3134,1716,3200,3299,3297,3285,1803,1840,1811,1708,Default,
169586,47,37,36,5,1,0,0,6,54,55,56,146,249,240,237,41,39,38,38,314,327,346,324,329,630,1284,1311,1308,1289,1103,1059,1870,3192,3297,3298,3042,1580,3113,3297,3298,3295,1972,2014,2068,1878,Default,
169602,40,27,33,9,2,0,0,12,45,46,45,168,200,192,189,33,29,28,25,178,196,200,192,194,519,1078,1046,1052,1064,922,897,1604,2955,3240,3297,2956,1367,2931,3298,3298,3278,2040,2088,2214,1984,Default,
169618,36,29,29,6,1,0,0,2,41,42,42,91,170,161,159,14,9,8,7,68,103,103,99,99,401,942,930,913,964,840,628,1476,2504,2782,3145,2850,1214,2544,3108,3292,2967,1976,2069,2283,2028,Default,
169634,32,20,20,6,1,0,1,4,41,42,43,81,111,103,101,25,19,19,18,29,28,27,25,26,261,855,848,834,934,771,345,1218,1838,2110,2615,2236,973,1811,2454,2732,2400,1633,1808,2125,1817,Default,
169650,23,13,12,4,1,1,1,4,41,41,42,53,79,73,74,28,21,21,20,17,17,16,16,16,165,738,692,719,847,619,194,984,1144,1500,1974,1423,706,1030,1586,1629,1422,1098,1355,1611,1286,Default,
169666,20,13,11,5,1,1,0,2,41,41,41,42,88,78,79,20,16,14,14,12,15,12,12,12,104,539,474,491,611,398,118,738,650,840,1233,810,420,482,654,736,683,619,696,914,663,Default,
169682,21,16,12,6,1,1,0,2,33,32,33,29,66,48,51,24,18,16,15,13,16,10,11,11,79,290,219,215,278,186,96,500,312,320,630,388,253,252,360,389,397,267,234,335,223,Default,
169698,12,15,8,4,1,0,0,0,29,24,23,16,49,29,29,16,16,14,8,7,12,6,6,7,40,109,88,62,90,62,67,281,105,100,281,184,120,70,178,154,134,58,53,87,52,Default,
169714,0,0,0,0,0,0,0,0,0,19,12,17,55,41,29,8,7,5,1,4,2,0,1,0,1,37,24,15,22,8,26,82,34,35,112,30,37,19,56,55,9,7,3,1,0,Default,
169730,0,0,0,0,1,1,1,24,25,33,14,25,73,51,25,12,6,7,3,3,1,0,0,1,0,0,9,6,4,1,26,32,22,30,69,9,14,4,2,4,1,1,1,0,0,Default,
169746,0,0,0,0,1,1,1,29,25,37,17,29,81,53,32,11,7,6,3,3,1,0,0,0,0,1,8,6,4,3,28,29,16,25,45,14,11,4,2,4,2,1,0,0,0,Default,
169762,0,0,0,0,0,0,0,1,25,37,17,25,79,49,28,8,4,3,2,1,0,0,0,0,0,0,0,1,1,1,10,24,19,20,35,13,16,21,9,10,4,6,1,1,0,Default,
169778,0,0,0,0,0,0,0,1,20,27,12,20,89,50,24,8,6,4,2,1,0,0,0,0,0,0,1,1,1,2,9,16,11,6,20,11,17,24,7,11,4,4,1,1,0,Default,
169794,0,0,0,0,0,0,0,2,24,33,16,24,97,42,24,9,6,4,1,2,0,0,0,1,0,0,1,2,2,1,8,9,8,3,11,5,12,23,6,13,4,4,0,0,0,Default,
169810,0,0,0,0,1,0,1,12,26,35,16,24,100,46,25,8,6,4,2,2,0,0,0,0,0,0,1,2,3,2,6,8,4,3,8,4,12,21,6,11,4,4,0,0,0,Default,
169826,0,0,0,0,1,1,1,16,26,34,14,25,104,46,26,8,5,3,1,1,0,1,0,0,0,0,0,1,2,2,8,8,6,3,8,8,14,19,4,10,5,5,1,0,0,Default,
169842,0,0,1,0,0,0,1,18,27,36,17,27,107,51,28,9,5,3,1,1,0,0,0,0,0,0,1,3,5,3,8,9,6,3,4,8,12,20,5,8,5,5,1,1,0,Default,
169858,0,0,0,0,1,1,1,14,27,34,16,26,109,49,26,8,4,3,1,3,1,0,0,0,0,1,1,3,4,3,8,8,4,2,4,9,12,15,4,6,4,4,0,0,0,Default,
169874,0,0,0,0,1,1,0,12,25,33,16,23,109,48,24,8,4,3,1,1,0,0,0,0,0,0,1,1,3,2,7,8,5,3,4,9,12,15,4,8,5,3,1,0,0,Default,
169890,0,0,0,0,0,0,1,14,24,30,16,24,109,37,22,8,5,3,1,1,1,0,0,0,0,0,0,0,0,1,1,3,4,1,3,4,9,12,3,8,4,4,1,0,0,Default,
169906,0,0,0,0,0,0,0,1,22,29,15,25,110,33,23,8,5,3,1,1,0,0,0,0,0,0,0,0,0,0,0,2,3,2,3,2,9,10,3,8,2,3,1,0,0,Default,
169922,0,1,0,0,0,0,0,1,21,28,14,26,108,38,24,8,4,2,1,1,0,0,0,0,0,0,0,0,1,0,1,1,2,1,2,1,6,11,3,7,3,3,0,0,0,Default,
169938,0,0,0,0,0,0,0,0,13,27,14,25,107,35,25,8,5,3,1,1,0,0,0,0,0,1,0,1,1,1,2,4,3,2,2,2,6,12,4,8,2,3,1,0,1,Default,
169954,0,0,0,0,1,0,0,0,14,25,12,25,103,38,27,5,4,2,1,1,1,0,0,0,0,0,0,0,0,1,0,0,0,0,1,0,0,13,4,6,3,3,0,0,0,Default,
169970,0,0,0,0,0,0,0,0,1,28,13,29,107,40,27,8,5,2,1,0,0,0,0,0,0,1,0,0,0,0,1,1,1,1,0,1,3,12,4,8,2,3,1,0,0,Default,
169986,0,0,0,0,0,0,0,0,1,24,13,26,106,32,25,8,4,1,1,0,0,0,0,0,0,0,0,0,0,0,0,0,1,0,0,0,2,13,4,8,3,3,1,0,0,Default,
170002,0,0,0,0,0,0,0,0,3,24,13,29,110,32,24,10,6,3,1,1,1,0,1,0,0,0,1,1,0,1,1,1,1,0,1,0,2,14,4,9,3,3,1,1,0,Default,
170018,0,0,0,0,0,0,0,0,1,21,12,24,110,30,24,8,6,3,1,1,0,0,0,0,0,1,0,0,0,0,1,2,2,1,1,0,7,15,4,9,3,2,0,0,0,Default,
170034,0,0,0,0,0,0,0,0,1,16,12,28,116,35,24,10,7,3,2,3,1,0,0,0,0,0,1,3,3,1,5,8,4,2,4,2,12,16,4,12,2,4,1,0,0,Default,
170050,0,0,0,0,0,0,0,0,0,5,14,33,120,41,21,7,4,4,2,2,1,0,0,0,0,0,2,2,4,1,4,4,4,3,1,4,16,20,6,12,7,5,0,0,0,Default,
170066,0,0,0,0,0,0,0,0,0,6,10,31,122,41,28,11,7,4,2,3,0,0,0,0,0,1,12,6,5,3,8,14,8,6,8,3,18,22,7,18,4,4,1,0,0,Default,
170082,0,0,0,0,0,0,0,0,4,22,12,29,128,48,32,9,8,4,2,3,0,0,0,0,0,2,21,14,8,4,10,14,8,5,8,4,17,21,7,17,4,4,1,1,0,Default,
170098,0,0,0,0,0,0,0,0,13,22,11,32,137,47,32,11,6,3,1,2,1,0,0,0,0,1,18,11,6,3,9,13,8,4,8,4,16,16,6,16,4,5,1,0,0,Default,
170114,0,0,0,0,0,0,0,1,16,23,11,31,140,45,23,10,6,4,1,2,1,0,0,0,0,1,4,4,4,2,7,11,4,4,6,2,14,13,5,8,2,3,1,1,0,Default,
170130,4,128,82,68,68,49,26,78,105,80,62,95,219,85,53,14,4,4,3,3,1,0,0,0,0,1,6,5,4,1,13,4,3,1,2,1,10,5,3,3,1,1,1,0,0,Default,
170146,925,1066,1024,427,443,358,93,339,432,398,163,294,411,330,98,12,4,3,2,7,4,4,3,1,16,8,6,4,3,1,13,4,1,1,1,1,7,3,1,3,1,1,0,0,0,Default,
170162,1617,1746,1906,981,1188,966,211,633,738,731,339,407,512,467,183,29,23,23,18,40,33,32,23,7,20,8,7,4,3,1,13,4,1,1,2,1,11,4,3,5,1,1,0,1,0,Default,
170178,2029,2243,2360,1522,1960,1518,497,1020,1235,1247,930,572,698,667,397,41,34,34,34,35,32,32,27,7,38,31,29,29,6,3,31,20,17,14,14,4,21,15,12,6,2,4,1,0,0,Default,
170194,2433,2603,2756,2126,2659,2081,695,1699,2088,2076,1043,1094,1332,1293,690,67,62,60,60,27,20,20,17,4,29,22,21,20,7,2,47,41,39,36,12,4,34,30,28,9,3,3,1,0,0,Default,
170210,2463,2669,2659,2369,3024,2321,932,2180,2698,2624,1372,1461,1774,1688,1036,289,286,284,264,75,68,69,62,37,95,94,92,83,19,6,123,118,111,103,25,6,31,22,20,10,3,5,1,0,1,Default,
170226,0,0,0,2511,3215,2509,1218,2570,3070,3008,1785,1802,2207,2098,1410,754,764,810,633,451,441,422,395,294,433,464,465,468,141,12,339,341,320,292,161,18,127,129,119,88,15,4,0,0,0,Default,
170242,1,0,0,2486,3208,2545,1370,2640,3146,3109,2020,1904,2336,2227,1607,954,973,1053,823,956,950,920,825,494,705,785,787,757,338,138,633,650,610,555,451,191,251,254,233,193,136,12,4,3,2,Default,
170258,4,0,0,2505,3233,2578,1461,2703,3184,3158,2148,1989,2438,2324,1749,1062,1093,1173,920,1178,1164,1128,1015,563,837,947,946,895,444,239,837,873,825,742,607,344,357,363,335,277,310,13,4,4,3,Default,
170274,5,1,0,2521,3233,2593,1511,2736,3229,3207,2218,2010,2466,2363,1825,1096,1136,1220,959,1297,1290,1261,1142,612,900,1028,1036,969,518,291,936,986,941,850,709,437,427,435,406,343,386,17,8,6,6,Default,
170290,2287,2302,2392,2482,3190,2571,1535,2701,3217,3214,2264,2016,2492,2406,1876,1133,1178,1268,995,1372,1369,1343,1235,674,950,1086,1098,1027,596,348,1041,1115,1077,977,820,544,505,519,490,416,449,19,11,9,9,Default,
170306,2121,2130,2206,2324,3015,2446,1513,2540,3066,3096,2244,1921,2428,2356,1865,1120,1173,1262,1003,1399,1402,1384,1289,729,971,1127,1147,1084,659,396,1140,1232,1207,1102,928,616,577,601,576,485,514,22,14,15,14,Default,
170322,1878,1884,1936,2101,2756,2243,1426,2285,2813,2865,2136,1769,2271,2221,1771,1073,1130,1222,977,1341,1351,1329,1251,735,947,1113,1136,1087,690,422,1170,1287,1267,1163,994,667,630,663,639,537,567,26,17,16,16,Default,
170338,1542,1568,1597,1813,2405,2043,1285,1945,2438,2508,1913,1549,2048,2004,1593,973,1028,1127,894,1193,1218,1194,1127,704,864,1033,1060,1029,675,440,1155,1300,1289,1181,1035,727,666,708,685,577,631,26,20,17,18,Default,
170354,1196,1231,1281,1426,1795,1654,1057,1529,1885,1958,1581,1311,1770,1729,1393,851,903,1016,796,1043,1065,1049,994,656,768,954,986,964,667,464,1103,1271,1277,1183,1074,802,689,752,731,606,704,28,20,18,19,Default,
170370,891,900,970,975,1114,1077,762,1152,1370,1449,1256,1120,1516,1499,1223,757,793,923,722,912,926,920,880,629,711,884,937,931,681,486,1055,1239,1272,1211,1149,882,703,793,779,664,762,29,20,19,19,Default,
170386,644,638,713,601,634,642,500,829,996,1054,952,915,1287,1252,1051,667,699,837,655,807,829,823,799,600,638,832,900,916,704,512,994,1222,1294,1264,1237,958,719,849,847,728,824,30,22,21,20,Default,
170402,443,436,489,371,360,359,312,615,748,789,725,768,1082,1039,896,604,631,774,599,753,771,771,752,596,627,851,937,972,782,623,962,1233,1336,1362,1343,1082,763,941,961,823,925,34,26,24,22,Default,
170418,7,1,385,248,239,234,216,496,595,613,580,669,959,938,799,567,598,730,577,725,739,750,730,611,621,872,981,1027,855,671,953,1256,1403,1484,1472,1167,801,1037,1089,924,1003,40,33,36,36,Default,
170434,262,261,290,156,149,149,139,408,505,515,496,588,870,858,735,528,573,700,561,713,728,749,732,627,610,904,1042,1092,931,727,930,1279,1510,1603,1592,1269,846,1154,1251,1049,1086,58,51,48,48,Default,
170450,191,193,205,137,129,130,124,336,407,420,400,541,812,800,688,512,551,670,544,723,731,760,743,659,624,952,1124,1174,1017,762,947,1318,1646,1742,1757,1354,912,1303,1432,1221,1178,75,66,64,64,Default,
170466,129,127,135,103,95,93,89,284,327,331,325,514,762,757,657,517,552,663,548,754,759,795,779,704,659,1018,1219,1285,1124,870,1009,1464,1803,1911,1909,1500,1009,1459,1612,1384,1324,85,77,75,77,Default,
170482,101,97,99,88,80,78,78,293,337,338,347,508,751,728,650,523,574,667,563,803,825,864,849,785,701,1133,1343,1393,1256,957,1073,1587,1995,2106,2137,1654,1133,1649,1837,1615,1477,128,120,116,118,Default,
170498,70,66,66,56,52,50,51,253,291,287,296,493,724,697,638,524,580,652,570,859,910,974,970,892,756,1251,1495,1550,1400,1076,1132,1720,2200,2367,2374,1840,1256,1860,2101,1861,1670,174,160,160,165,Default,
170514,55,49,48,41,37,37,37,212,232,233,238,460,657,632,587,551,609,679,590,901,973,1061,1009,969,793,1355,1636,1672,1536,1164,1186,1825,2444,2587,2599,2012,1358,2064,2346,2114,1832,255,235,231,237,Default,
170530,55,51,51,19,13,12,11,169,182,188,190,435,602,575,542,538,596,634,562,962,1030,1143,1067,1042,857,1471,1840,1844,1689,1314,1278,1983,2740,2847,2871,2226,1496,2333,2640,2384,2063,377,349,344,355,Default,
170546,52,46,45,20,14,13,13,174,180,186,187,410,538,515,489,547,603,634,567,960,1044,1139,1053,1041,932,1639,2023,2003,1834,1359,1397,2146,3006,3133,3134,2383,1644,2607,2952,2678,2267,571,541,530,544,Default,
170562,50,45,42,9,2,1,1,139,146,153,153,355,453,438,414,480,534,544,499,890,953,1038,947,937,939,1689,2088,2059,1884,1393,1419,2234,3196,3296,3296,2531,1746,2825,3204,2931,2485,813,780,759,766,Default,
170578,47,40,41,8,2,0,1,124,125,128,129,315,385,373,360,431,457,462,431,762,805,878,794,786,946,1738,2122,2093,1906,1455,1454,2408,3295,3297,3297,2739,1867,3018,3297,3295,2704,1106,1094,1048,1061,Default,
170594,47,43,42,6,0,0,0,87,89,91,91,274,329,313,306,333,348,349,335,620,665,688,635,629,920,1766,2066,2042,1868,1475,1439,2479,3297,3298,3298,2897,1931,3150,3298,3299,2902,1420,1421,1374,1352,Default,
170610,52,45,44,5,1,0,0,45,63,65,65,261,310,292,290,252,258,261,249,497,540,555,523,523,877,1656,1882,1888,1761,1422,1409,2454,3297,3298,3298,3068,1928,3221,3297,3298,3104,1644,1655,1652,1600,Default,
170626,51,42,42,6,1,0,0,37,61,62,61,215,302,285,284,170,185,184,177,316,443,461,435,431,709,1469,1600,1600,1545,1281,1236,2218,3298,3297,3298,3199,1797,3243,3298,3298,3296,1882,1883,1968,1849,Default,
170642,50,41,40,6,1,0,0,10,58,59,60,221,279,267,264,54,48,47,46,287,325,331,312,319,587,1267,1309,1296,1289,1106,1058,1892,3280,3297,3298,3154,1589,3155,3297,3298,3297,2047,2047,2210,2041,Default,
170658,45,36,35,6,1,0,0,4,48,49,49,133,216,207,204,26,23,22,20,242,240,245,235,239,532,1101,1095,1084,1100,958,917,1667,2992,3223,3297,2968,1404,2933,3297,3298,3292,2097,2136,2355,2135,Default,
170674,38,32,30,5,2,1,0,23,47,48,49,106,177,169,165,16,9,8,8,98,130,123,120,121,438,1007,959,946,995,867,696,1566,2526,2777,3113,2809,1283,2537,3150,3295,2988,1994,2095,2393,2138,Default,
170690,38,25,27,5,0,0,0,6,47,49,48,95,128,119,117,24,15,13,12,78,89,83,82,82,302,915,897,874,980,808,409,1322,1926,2159,2609,2230,1050,1894,2549,2799,2429,1686,1844,2259,1940,Default,
170706,21,14,13,5,0,0,0,6,44,47,47,66,93,87,86,21,17,17,16,43,46,45,44,43,193,822,784,772,906,673,224,1076,1283,1516,1946,1445,768,1149,1674,1750,1527,1222,1397,1786,1442,Default,
170722,21,12,11,4,1,0,0,3,44,45,45,48,94,82,82,26,20,19,17,14,11,8,8,9,121,641,572,534,654,443,133,840,766,874,1220,837,484,573,736,831,767,734,754,1014,800,Default,
170738,20,15,12,5,1,0,0,2,37,35,36,33,77,62,61,22,16,15,13,8,9,5,5,6,76,323,265,249,308,204,91,555,373,362,649,400,286,291,414,438,420,332,288,451,277,Default,
170754,15,13,8,6,1,0,0,1,29,25,28,23,58,37,36,20,15,13,10,8,11,5,5,6,39,131,105,86,112,78,74,327,136,130,338,211,145,116,212,203,171,97,82,151,97,Default,
170770,7,4,2,3,1,1,0,1,19,19,17,18,49,33,24,11,5,4,2,4,2,1,0,0,1,49,52,38,40,20,45,135,41,49,158,53,58,26,95,79,47,11,8,12,4,Default,
170786,0,0,0,0,0,0,0,2,24,34,12,24,58,45,29,11,8,8,4,4,1,0,0,0,0,3,19,8,7,4,29,35,22,38,78,8,13,8,9,16,4,4,2,1,0,Default,
170802,0,0,0,0,1,0,0,23,28,37,19,24,70,46,29,10,5,4,3,3,1,0,0,0,0,1,12,8,6,3,28,33,18,29,60,18,11,4,3,5,2,1,1,0,0,Default,
170818,0,0,0,0,1,0,0,1,24,35,19,26,78,48,31,10,6,4,3,3,1,0,0,0,0,1,2,3,3,2,21,20,20,23,41,14,18,34,13,16,6,6,1,0,0,Default,
170834,0,0,0,0,0,0,0,1,9,28,14,20,87,49,24,8,6,4,1,2,1,0,0,0,0,0,2,3,4,3,13,20,14,10,21,9,19,25,8,9,4,4,1,1,0,Default,
170850,0,0,0,0,0,0,0,0,17,28,15,26,96,50,22,9,7,4,2,1,1,0,0,0,0,0,1,3,4,3,11,12,8,4,14,8,16,27,7,12,4,5,1,0,0,Default,
170866,0,0,0,0,0,0,0,2,23,28,15,27,103,45,24,9,6,3,1,1,0,0,0,0,0,0,1,1,3,1,7,8,6,3,8,2,13,20,6,12,2,4,1,0,0,Default,
170882,0,0,0,0,0,0,0,4,25,35,15,25,107,50,26,8,5,4,2,0,1,0,0,0,0,0,0,1,2,0,3,5,4,2,4,7,12,20,7,11,5,5,1,0,0,Default,
170898,0,0,0,0,0,1,1,22,27,36,17,24,108,47,26,9,6,4,1,1,1,1,0,0,0,0,1,1,1,0,2,4,2,1,1,1,3,20,6,12,2,4,1,0,0,Default,
170914,0,0,0,1,1,1,1,20,29,36,16,25,106,44,23,8,4,3,1,1,1,0,0,0,0,0,1,1,2,1,4,5,3,1,1,1,12,18,4,8,6,5,1,0,0,Default,
170930,0,0,0,0,1,0,0,4,29,30,16,19,107,38,28,10,7,4,2,1,0,0,0,0,0,0,0,0,0,0,0,0,1,0,0,0,2,8,3,7,5,4,1,0,0,Default,
170946,0,0,0,0,0,1,1,21,25,33,19,25,107,42,27,9,4,3,0,1,0,0,0,0,0,0,0,0,0,0,1,3,3,2,2,6,12,14,4,8,4,5,0,0,0,Default,
170962,0,0,0,0,1,1,1,12,25,30,17,23,107,37,26,8,4,2,1,1,0,0,0,0,0,0,0,1,1,2,3,6,4,1,2,4,10,14,4,9,4,4,1,0,0,Default,
170978,0,0,0,0,0,0,0,1,23,29,16,25,110,37,25,8,4,2,1,1,0,0,0,0,0,0,1,0,0,0,1,2,2,0,2,4,8,12,4,9,4,4,1,0,0,Default,
170994,0,0,0,0,0,0,0,1,20,26,14,27,111,39,25,9,5,2,1,1,1,0,0,0,0,0,0,1,1,1,1,5,4,2,3,4,11,12,4,9,4,4,1,0,0,Default,
171010,0,0,0,0,0,0,1,1,20,28,15,25,112,33,24,8,4,2,1,0,0,1,0,0,0,0,1,1,1,1,3,5,3,1,2,2,8,16,4,12,3,4,1,0,0,Default,
171026,0,0,0,0,0,0,0,0,8,27,14,29,113,34,25,6,4,2,1,1,0,0,0,0,0,0,1,1,1,1,3,6,4,2,3,2,11,16,4,12,4,4,1,0,0,Default,
171042,0,0,0,0,0,0,0,0,2,26,10,27,112,38,25,8,4,2,1,1,0,0,0,0,0,0,1,1,1,1,3,6,4,3,3,3,13,25,7,9,4,4,1,0,1,Default,
171058,0,0,0,0,0,0,0,0,2,23,11,29,114,34,24,8,4,2,1,1,0,0,0,0,0,0,0,1,1,1,1,4,4,2,4,3,14,19,4,12,3,4,1,1,0,Default,
171074,0,0,0,0,0,0,0,0,1,19,9,30,117,38,25,8,6,3,2,1,0,0,0,0,0,0,0,1,1,1,1,5,4,2,4,4,16,20,6,13,4,4,0,1,0,Default,
171090,0,0,0,0,0,0,0,0,1,7,9,28,120,37,22,11,6,3,2,1,0,0,1,0,0,0,2,3,4,3,6,9,6,3,5,4,15,17,4,12,4,4,0,0,0,Default,
171106,0,0,0,0,0,0,0,0,0,4,8,29,120,41,22,10,6,4,2,2,0,1,0,0,0,0,3,4,3,2,7,12,8,4,9,6,15,15,4,11,4,4,1,0,0,Default,
171122,0,0,0,0,0,0,0,0,1,20,10,31,121,45,27,9,5,3,2,1,1,0,0,0,0,2,18,12,8,4,11,16,10,8,9,9,14,19,8,11,4,6,1,0,0,Default,
171138,0,0,0,0,0,0,0,0,3,22,12,29,136,48,33,10,5,3,2,3,1,0,0,0,0,3,23,14,9,5,12,16,9,5,9,8,15,16,6,15,5,5,1,0,0,Default,
171154,0,0,0,1,0,0,0,0,8,20,11,31,136,52,30,8,6,4,1,2,0,0,0,0,0,2,26,15,8,4,12,19,12,8,11,8,14,19,8,13,4,4,1,0,0,Default,
171170,0,0,0,1,12,8,6,50,49,58,45,51,182,53,33,13,6,4,2,6,8,15,4,4,15,17,20,11,9,3,14,7,4,2,1,1,11,12,4,6,2,2,0,0,0,Default,
171186,866,913,887,363,382,317,84,298,395,352,142,257,370,305,92,9,2,0,1,1,0,0,0,0,0,0,0,1,1,0,7,1,1,0,0,0,3,3,1,4,1,0,0,0,0,Default,
171202,1539,1750,1831,920,1083,874,194,580,700,677,311,397,505,455,177,18,8,8,6,45,41,41,29,7,18,8,6,5,2,1,13,4,1,1,3,2,13,6,4,6,1,3,0,0,0,Default,
171218,2103,2210,2360,1492,1916,1458,383,975,1166,1171,600,539,663,636,327,45,38,37,36,37,30,30,25,8,32,24,22,22,6,2,32,17,14,11,14,4,25,19,16,8,3,5,1,0,0,Default,
171234,2508,2657,2800,2101,2607,2059,638,1596,1930,1944,970,1004,1227,1185,619,35,27,27,26,29,25,24,21,5,28,20,17,14,7,3,46,41,39,36,14,4,33,28,24,9,3,5,1,1,0,Default,
171250,2516,2707,2736,2350,3007,2334,883,2081,2574,2541,1298,1391,1728,1636,970,122,118,117,114,29,24,24,21,6,46,38,34,37,8,3,109,105,99,91,20,6,36,30,29,6,2,4,1,0,0,Default,
171266,2367,2518,2533,2658,3296,2755,2696,2518,3071,2928,2288,1730,2117,1982,1654,612,612,630,574,312,302,287,292,166,282,294,298,296,79,9,219,222,209,204,78,8,84,82,78,47,6,5,1,0,0,Default,
171282,0,0,0,2524,3193,2530,1602,2611,3139,3037,2461,1833,2264,2121,1813,866,878,936,821,750,734,713,693,422,617,689,686,683,252,53,516,524,489,473,343,69,192,196,178,146,51,7,1,0,0,Default,
171298,4,1,0,2758,3297,2900,3087,2674,3168,3075,2548,1940,2378,2229,1948,1017,1035,1106,964,1135,1114,1066,1039,529,813,928,916,907,402,195,722,742,695,675,522,240,312,315,298,238,232,12,4,4,3,Default,
171314,5,1,0,2493,3177,2559,1438,2666,3142,3096,2081,1967,2411,2289,1707,1076,1109,1188,924,1316,1291,1245,1098,574,889,1015,1014,936,481,238,889,924,871,769,621,319,362,368,338,286,314,17,6,5,4,Default,
171330,2245,2209,2267,2466,3125,2520,1478,2653,3127,3099,2141,1985,2428,2317,1771,1151,1186,1270,989,1450,1421,1375,1227,603,984,1133,1140,1040,546,272,1018,1065,1014,908,669,367,412,425,387,317,342,19,11,8,8,Default,
171346,2065,2044,2068,2292,2930,2388,1455,2484,2973,2972,2126,1904,2363,2278,1757,1152,1195,1285,1007,1525,1504,1467,1318,687,1036,1235,1242,1130,617,325,1148,1226,1186,1053,790,452,501,525,485,385,395,24,13,12,11,Default,
171362,1785,1757,1768,2049,2617,2164,1377,2214,2676,2703,2022,1778,2239,2172,1697,1124,1178,1268,1000,1522,1513,1478,1346,739,1054,1284,1298,1188,695,385,1262,1361,1336,1185,903,538,613,653,613,472,472,22,13,12,12,Default,
171378,1421,1413,1442,1722,2157,1899,1231,1863,2267,2308,1808,1583,2029,1988,1558,1059,1120,1219,953,1436,1442,1416,1305,762,1027,1285,1315,1215,746,427,1325,1464,1449,1285,991,605,711,769,729,549,543,25,16,15,14,Default,
171394,1065,1054,1099,1266,1467,1422,972,1387,1629,1661,1456,1347,1762,1737,1390,965,1027,1141,887,1308,1321,1313,1224,761,951,1236,1280,1195,767,468,1314,1486,1501,1339,1069,675,775,876,826,620,626,29,22,19,20,Default,
171410,747,732,788,793,845,849,648,1027,1189,1237,1135,1126,1489,1480,1201,868,921,1045,816,1172,1177,1173,1106,740,877,1181,1243,1181,802,503,1291,1486,1551,1413,1151,743,807,957,911,684,694,41,33,31,31,Default,
171426,509,501,549,449,450,449,384,736,849,874,819,919,1214,1190,999,773,819,941,732,1048,1044,1039,979,704,804,1113,1221,1195,844,605,1231,1466,1565,1483,1245,867,841,1047,1025,765,788,45,39,37,37,Default,
171442,358,339,375,255,241,242,222,524,583,602,569,776,1027,992,854,700,737,851,670,956,935,926,874,667,772,1099,1214,1199,883,631,1191,1425,1595,1556,1348,953,866,1134,1154,846,860,55,49,44,49,Default,
171458,6,1,1,136,128,127,123,393,446,454,431,653,871,848,726,630,657,753,609,891,866,853,805,667,744,1098,1239,1234,948,688,1156,1504,1686,1667,1475,1064,935,1263,1308,965,956,66,58,55,57,Default,
171474,8,2,1,109,103,100,99,279,307,305,296,576,780,754,645,572,594,671,553,839,809,797,752,655,724,1116,1269,1261,1011,728,1133,1520,1753,1761,1597,1149,982,1372,1427,1072,1028,72,63,61,62,Default,
171490,6,2,1,100,92,91,90,228,245,242,240,501,712,669,590,522,541,605,508,774,746,742,704,626,700,1120,1297,1292,1052,775,1093,1529,1827,1865,1721,1275,1026,1479,1575,1202,1130,88,80,78,82,Default,
171506,8,2,1,66,61,61,59,219,240,240,244,452,650,616,554,490,518,562,500,728,707,715,682,612,690,1135,1320,1322,1103,826,1077,1572,1940,2015,1832,1416,1090,1613,1748,1374,1273,109,99,95,98,Default,
171522,9,3,2,49,47,45,45,198,217,219,223,428,610,578,533,455,492,529,463,719,701,717,660,623,697,1168,1355,1351,1156,878,1099,1648,2071,2126,1988,1573,1169,1745,1919,1567,1437,135,126,119,123,Default,
171538,47,43,42,34,28,23,26,183,196,200,202,404,579,547,508,419,455,478,424,687,685,717,636,623,714,1231,1450,1434,1256,961,1126,1725,2210,2253,2203,1756,1245,1883,2094,1803,1609,181,168,164,170,Default,
171554,44,39,38,20,13,12,13,164,176,180,183,396,559,538,503,421,461,484,433,692,726,773,688,684,745,1323,1564,1535,1375,1021,1169,1819,2431,2468,2460,1937,1348,2101,2334,2077,1802,276,252,250,256,Default,
171570,49,45,45,15,7,6,4,170,181,186,190,402,551,525,494,443,499,514,462,746,822,895,786,793,809,1457,1737,1702,1537,1136,1267,1991,2705,2721,2751,2143,1525,2381,2631,2369,2030,402,364,361,369,Default,
171586,49,45,45,12,4,3,2,172,182,189,190,384,507,489,465,435,490,502,458,788,862,932,829,836,874,1596,1909,1879,1693,1266,1347,2149,2951,3004,3023,2369,1690,2658,2930,2664,2277,584,541,538,544,Default,
171602,52,44,43,8,1,1,0,136,159,165,165,335,439,425,408,394,448,452,417,711,789,828,754,755,891,1694,2047,2005,1813,1377,1367,2246,3167,3250,3254,2571,1790,2903,3208,2954,2537,839,799,785,787,Default,
171618,44,42,41,8,1,1,0,124,127,132,135,300,366,351,338,368,396,395,373,664,711,728,674,675,920,1732,2068,2048,1856,1438,1430,2307,3291,3297,3298,2737,1863,3083,3297,3296,2740,1101,1074,1042,1026,Default,
171634,44,40,39,6,1,0,0,87,87,88,87,294,355,333,324,306,323,323,310,587,624,628,588,592,925,1780,2040,2054,1863,1473,1466,2504,3297,3297,3297,2905,1981,3231,3298,3298,2952,1398,1392,1355,1316,Default,
171650,49,41,39,8,1,1,1,73,72,73,72,260,310,294,290,225,233,234,226,474,503,509,485,484,869,1640,1830,1844,1716,1395,1422,2468,3297,3297,3297,3033,1973,3291,3297,3297,3092,1666,1676,1651,1576,Default,
171666,44,37,37,6,1,1,0,46,58,60,58,194,295,279,278,149,175,174,170,362,397,405,384,379,725,1485,1604,1594,1538,1278,1325,2404,3297,3297,3297,3155,1920,3292,3298,3298,3296,1860,1867,1911,1766,Default,
171682,45,38,38,6,1,0,0,37,61,62,63,233,278,266,265,59,53,52,53,306,334,354,334,339,665,1293,1327,1299,1285,1108,1183,1968,3295,3296,3298,3291,1671,3265,3297,3299,3298,1981,1975,2095,1919,Default,
171698,45,33,33,5,1,0,0,4,46,45,46,137,223,211,209,29,25,24,24,156,209,213,206,206,557,1127,1082,1062,1077,945,1003,1749,3059,3264,3297,2998,1497,3083,3299,3298,3296,2048,2066,2242,2017,Default,
171714,36,29,29,6,2,1,0,8,45,46,47,145,172,165,163,21,12,12,11,109,118,119,115,116,444,970,924,882,934,826,806,1483,2694,2854,3276,2934,1268,2775,3209,3298,3147,2013,2046,2313,2066,Default,
171730,39,29,28,5,1,1,0,8,45,46,46,104,128,120,117,26,18,17,16,56,54,53,53,52,349,901,846,791,886,758,523,1441,2146,2312,2859,2455,1139,2184,2721,3084,2636,1757,1872,2233,1927,Default,
171746,28,16,14,4,1,0,0,3,46,48,49,66,82,78,78,20,14,13,12,18,16,13,12,13,222,801,766,718,851,664,282,1131,1476,1615,2226,1689,847,1381,1890,2213,1766,1285,1455,1832,1527,Default,
171762,23,15,13,6,1,1,0,3,46,47,48,44,75,64,65,20,13,12,12,10,11,8,8,8,132,662,582,551,700,480,148,880,847,995,1524,978,537,672,854,989,886,758,854,1127,920,Default,
171778,16,14,10,4,1,0,0,0,36,36,37,32,72,56,56,21,14,12,11,12,11,8,8,8,88,390,307,267,375,243,103,629,436,419,817,485,323,335,418,473,472,362,327,484,345,Default,
171794,14,12,8,4,0,0,0,1,31,29,31,26,59,38,39,19,16,14,11,10,14,8,7,9,48,147,119,85,128,87,81,356,178,145,372,215,165,154,228,227,194,106,88,147,95,Default,
171810,7,7,3,3,1,1,0,1,22,20,16,14,53,37,26,8,8,5,3,4,5,3,2,1,12,64,59,29,41,19,56,182,45,53,190,59,71,29,107,100,53,9,9,13,4,Default,
171826,0,0,0,0,1,1,1,23,29,35,16,25,85,54,30,8,4,3,1,1,1,0,0,0,1,4,26,9,8,4,29,54,32,36,66,8,19,10,20,17,4,6,3,0,0,Default,
171842,0,0,0,0,0,1,1,28,29,42,20,30,89,60,32,9,6,4,2,2,1,0,0,1,0,1,8,5,4,2,30,33,22,32,44,13,16,4,3,4,2,1,1,0,0,Default,
171858,0,0,0,0,0,0,0,2,29,41,20,26,89,58,29,8,4,3,1,1,0,0,0,0,0,1,11,6,8,4,24,29,24,24,34,12,22,39,12,13,4,6,1,0,0,Default,
171874,0,0,0,0,0,0,0,0,24,34,16,24,90,52,29,6,4,3,1,1,1,0,0,0,0,0,6,4,7,4,16,26,16,10,20,12,19,33,9,11,4,6,1,0,0,Default,
171890,0,0,0,0,1,0,0,2,26,38,16,25,95,53,24,8,4,3,1,0,1,0,0,0,0,0,3,6,8,3,16,20,14,8,12,11,19,29,8,10,4,6,2,0,0,Default,
171906,0,0,0,0,0,0,0,4,24,37,16,22,94,52,22,5,6,5,1,1,1,0,0,0,0,0,3,3,6,3,10,10,8,3,8,8,14,23,7,8,4,6,0,0,0,Default,
171922,0,0,0,0,0,1,0,10,25,37,16,24,101,48,21,8,4,3,1,1,0,0,0,0,0,0,1,1,3,2,8,9,6,2,8,8,12,20,6,10,4,4,1,0,0,Default,
171938,0,0,0,0,0,1,0,20,26,38,15,24,103,53,21,8,4,3,1,1,0,0,0,0,0,0,3,5,5,3,10,10,6,2,7,9,13,21,6,11,6,5,0,0,0,Default,
171954,0,0,0,0,0,0,0,0,29,39,19,25,103,52,17,10,4,3,0,1,0,0,0,0,0,0,0,1,1,2,3,4,5,2,1,5,17,22,9,8,4,4,1,0,1,Default,
171970,0,0,1,0,0,1,0,10,27,37,17,23,107,46,19,8,4,3,1,1,1,0,0,0,0,0,1,4,8,4,7,6,4,2,3,4,10,14,4,7,4,4,1,0,0,Default,
171986,0,0,0,0,0,1,0,3,22,37,17,21,108,53,16,8,4,2,1,1,1,0,0,0,0,0,2,4,8,4,6,4,4,2,3,3,12,15,4,7,4,3,1,0,1,Default,
172002,0,0,0,0,0,0,0,1,25,37,16,24,108,49,20,8,4,2,1,1,0,0,0,0,0,0,2,3,6,3,7,6,3,1,2,2,9,16,4,8,2,3,0,0,0,Default,
172018,0,0,0,0,0,0,0,1,24,31,15,24,109,45,22,7,4,2,0,1,0,0,0,0,0,1,1,4,7,3,6,5,3,1,2,1,8,14,4,6,3,3,1,0,0,Default,
172034,0,0,0,0,0,0,0,0,22,29,12,26,108,41,22,8,4,2,1,1,0,0,0,0,1,0,0,2,2,2,4,5,3,0,2,2,9,12,4,6,2,3,1,0,0,Default,
172050,0,0,0,0,0,0,0,0,17,29,14,25,110,43,23,8,4,2,1,1,0,0,0,0,0,0,1,2,3,2,6,5,4,1,2,1,8,18,4,8,3,4,2,1,1,Default,
172066,0,0,0,0,0,0,0,0,8,28,11,26,107,41,24,7,4,2,1,1,0,0,0,0,0,0,0,0,2,1,3,4,3,1,2,2,9,14,4,8,2,3,1,0,0,Default,
172082,0,0,0,0,0,0,0,0,1,26,12,21,107,43,25,7,4,3,0,1,0,0,0,0,1,0,0,0,0,0,1,2,4,2,3,2,11,17,4,7,2,2,0,0,1,Default,
172098,0,0,0,0,0,0,0,0,1,25,12,25,106,35,22,8,5,1,1,0,0,0,0,0,0,0,1,1,2,1,3,5,4,1,1,2,9,18,5,8,2,3,1,0,0,Default,
172114,0,0,0,0,0,0,0,0,3,24,9,28,106,35,20,6,4,3,1,1,0,0,0,0,0,0,1,1,1,0,3,7,4,2,5,2,10,22,6,7,2,3,0,0,0,Default,
172130,0,0,0,0,0,0,0,0,0,13,12,24,109,41,24,8,5,1,1,1,1,0,0,0,0,0,0,1,1,1,2,4,4,2,3,2,11,21,6,9,3,3,1,0,0,Default,
172146,0,0,0,0,0,0,0,0,1,20,10,26,116,41,24,8,5,3,0,1,1,0,0,0,0,0,1,1,3,1,5,9,5,2,5,1,13,22,6,9,3,4,0,0,0,Default,
172162,0,0,0,0,0,0,0,0,1,13,9,29,116,46,27,11,6,4,2,2,1,0,0,0,0,1,1,2,3,0,4,7,8,7,12,10,21,25,9,12,4,7,1,0,0,Default,
172178,0,0,0,0,0,0,0,0,7,24,11,32,134,48,36,10,5,4,2,2,1,0,0,0,0,2,24,16,8,4,14,19,13,8,11,10,16,19,6,19,6,5,1,0,0,Default,
172194,0,0,0,0,0,0,0,0,13,25,11,34,144,48,37,11,7,4,2,3,1,0,0,0,0,4,24,16,8,4,15,19,15,8,12,10,16,21,8,16,5,5,1,0,0,Default,
172210,0,0,0,0,1,0,0,0,16,25,12,32,150,49,30,12,8,4,2,3,0,0,0,0,0,3,19,11,7,3,10,15,9,6,8,3,18,16,6,11,3,4,1,1,0,Default,
172226,229,274,291,152,152,120,46,140,200,165,90,134,249,157,62,14,4,3,2,4,1,1,0,0,1,8,11,6,8,3,16,4,2,1,3,2,18,9,4,6,2,2,0,1,0,Default,
172242,1185,1315,1315,605,655,541,117,437,539,508,188,331,444,377,116,11,3,1,1,8,10,10,6,3,14,5,4,3,1,1,8,3,2,1,3,3,16,11,6,6,2,3,1,0,0,Default,
172258,1732,1955,2055,1137,1398,1058,315,742,876,873,595,464,576,546,263,33,25,24,22,37,31,36,26,6,16,7,4,4,2,0,15,4,2,1,4,4,17,11,8,9,3,4,2,0,1,Default,
172274,2189,2376,2504,1716,2201,1714,506,1215,1491,1494,777,719,890,853,472,43,37,37,37,37,33,33,27,7,30,20,17,16,5,3,33,22,20,16,16,5,26,20,16,7,3,4,0,0,0,Default,
172290,2434,2600,2788,2195,2743,2188,796,1843,2294,2305,1185,1264,1580,1539,871,101,95,94,95,22,17,16,15,4,27,19,18,16,8,3,54,50,49,45,13,4,35,29,26,8,3,6,1,0,0,Default,
172306,2335,2471,2500,2370,3012,2352,1044,2296,2786,2725,1542,1620,1981,1883,1206,568,565,591,487,222,213,207,194,94,182,186,178,175,42,8,161,158,154,141,41,8,37,31,29,20,4,6,1,0,0,Default,
172322,0,0,0,2348,3098,2458,1261,2473,3031,2987,1872,1812,2261,2161,1480,880,898,964,746,780,755,735,655,409,545,599,601,584,221,35,405,406,389,349,244,44,144,140,127,111,33,15,7,4,4,Default,
172338,6,2229,2322,2327,3026,2411,1336,2444,2978,2950,1973,1817,2251,2151,1582,1007,1030,1117,862,1130,1107,1068,936,510,781,896,893,858,381,176,680,693,650,583,459,206,250,250,232,197,185,19,9,7,5,Default,
172354,2093,2163,2234,2313,2985,2394,1384,2462,2992,2962,2039,1859,2313,2207,1661,1059,1097,1182,916,1332,1308,1264,1115,571,868,1008,1001,936,475,228,883,920,858,760,600,310,360,368,338,280,286,18,12,9,8,Default,
172370,2022,2085,2138,2267,2917,2363,1433,2455,2982,2965,2120,1886,2364,2265,1747,1117,1172,1257,978,1474,1475,1428,1285,642,979,1159,1160,1078,584,306,1072,1142,1087,959,736,428,460,476,439,355,379,24,15,14,14,Default,
172386,1890,1940,1977,2149,2788,2280,1455,2379,2935,2937,2175,1883,2393,2297,1823,1135,1198,1290,1015,1561,1554,1516,1391,770,1057,1281,1285,1201,700,391,1254,1360,1307,1175,907,566,616,642,611,475,473,25,20,17,17,Default,
172402,1677,1718,1750,2000,2608,2226,1445,2217,2787,2820,2150,1824,2358,2287,1839,1148,1216,1316,1051,1591,1607,1578,1461,852,1130,1414,1428,1319,803,456,1403,1546,1505,1352,1061,661,755,800,773,588,555,29,23,21,20,Default,
172418,1384,1428,1456,1704,2191,1905,1305,1944,2482,2508,2001,1672,2203,2143,1742,1093,1169,1269,1023,1540,1579,1553,1456,903,1116,1446,1464,1365,864,507,1496,1687,1661,1496,1174,730,869,942,918,680,650,37,31,29,29,Default,
172434,1056,1079,1115,1305,1542,1463,1052,1581,2021,2031,1712,1471,1985,1933,1609,1015,1096,1202,972,1451,1490,1480,1405,909,1056,1409,1437,1365,891,542,1483,1710,1708,1574,1260,792,923,1025,1015,750,721,43,34,32,31,Default,
172450,783,780,833,854,922,920,725,1190,1417,1466,1331,1263,1712,1681,1421,941,1014,1133,917,1320,1350,1359,1318,874,967,1322,1363,1328,907,567,1430,1663,1704,1620,1320,843,941,1093,1109,812,768,45,38,37,36,Default,
172466,534,522,572,532,530,521,456,864,1014,1042,975,1078,1459,1410,1218,860,916,1047,842,1213,1229,1243,1210,840,899,1251,1317,1301,926,599,1372,1610,1699,1666,1400,925,972,1173,1236,889,833,63,58,54,54,Default,
172482,400,389,424,310,298,292,273,642,721,751,707,907,1218,1155,1014,786,829,947,760,1107,1106,1113,1073,784,855,1210,1307,1307,951,700,1312,1572,1706,1708,1447,1036,994,1246,1336,947,917,58,51,48,49,Default,
172498,273,265,281,180,171,170,165,474,543,553,531,763,1028,967,844,712,750,859,691,1008,998,989,943,732,803,1180,1293,1294,968,725,1251,1548,1744,1739,1506,1098,1010,1328,1424,1028,987,78,70,67,69,Default,
172514,8,148,150,130,119,120,116,336,382,381,366,646,883,826,715,629,675,767,625,940,916,918,873,712,767,1159,1300,1295,1006,728,1205,1517,1783,1803,1596,1147,1027,1412,1541,1119,1035,84,74,72,74,Default,
172530,101,94,95,107,99,97,95,267,289,287,286,579,807,749,659,594,621,701,584,895,860,871,825,696,753,1170,1321,1322,1044,765,1193,1604,1859,1915,1664,1221,1070,1496,1655,1210,1102,102,95,91,91,Default,
172546,57,52,49,82,73,71,71,248,273,267,273,515,723,674,599,563,585,640,547,857,854,846,803,692,749,1209,1360,1353,1104,797,1189,1658,1954,2018,1758,1302,1130,1611,1797,1325,1177,107,99,94,96,Default,
172562,49,41,44,44,37,36,35,226,244,243,246,503,684,638,582,576,603,645,568,877,871,883,821,721,775,1263,1434,1425,1172,836,1238,1731,2096,2171,1887,1390,1208,1749,1971,1484,1269,135,126,118,122,Default,
172578,52,45,45,38,32,29,29,201,213,214,215,472,651,607,558,551,577,614,533,869,870,895,805,731,792,1316,1500,1488,1238,889,1268,1803,2234,2285,2006,1495,1272,1864,2112,1622,1376,182,170,165,169,Default,
172594,42,38,38,21,16,16,14,186,196,199,203,451,609,572,531,540,560,583,518,876,867,895,801,744,829,1392,1579,1563,1318,945,1329,1896,2400,2456,2155,1600,1357,2014,2291,1801,1493,240,225,217,219,Default,
172610,41,35,34,19,11,9,9,173,181,184,186,456,607,566,531,528,558,565,511,899,899,930,826,776,870,1484,1691,1664,1410,1025,1392,2023,2591,2659,2335,1749,1477,2205,2498,2003,1651,331,306,294,302,Default,
172626,45,37,36,11,4,4,2,145,163,166,169,357,565,533,500,462,558,560,501,936,932,970,855,817,926,1612,1819,1778,1525,1097,1483,2176,2814,2882,2557,1914,1628,2424,2758,2239,1819,455,432,411,418,Default,
172642,41,37,37,8,2,1,0,150,153,159,160,398,496,472,447,509,542,543,497,946,941,980,861,829,963,1731,1982,1919,1655,1210,1534,2312,3053,3117,2806,2122,1757,2682,3020,2503,2036,650,619,584,586,Default,
172658,40,36,36,8,1,0,0,122,124,127,124,356,431,408,393,454,483,476,446,891,881,932,827,798,1008,1819,2100,2042,1756,1322,1597,2400,3266,3295,3118,2350,1856,2910,3264,2758,2285,888,866,801,806,Default,
172674,42,38,37,7,1,1,0,84,86,87,87,296,353,335,323,412,424,423,400,799,809,837,759,742,1015,1878,2129,2074,1804,1394,1632,2604,3297,3297,3297,2557,1992,3091,3297,3055,2533,1177,1171,1073,1059,Default,
172690,45,41,38,8,1,0,1,74,70,71,71,287,339,322,316,304,308,305,294,659,691,695,646,626,976,1874,2053,2010,1779,1417,1601,2656,3297,3299,3297,2723,2047,3223,3298,3298,2750,1455,1465,1351,1310,Default,
172706,45,40,39,8,1,1,0,51,57,57,57,261,309,287,286,241,240,240,233,530,553,565,531,520,913,1725,1826,1799,1650,1340,1546,2599,3297,3298,3298,2864,2014,3279,3297,3298,2919,1695,1716,1629,1529,Default,
172722,45,38,37,7,1,0,0,45,61,63,62,247,293,280,277,122,112,111,111,467,508,527,498,497,800,1556,1568,1533,1455,1223,1395,2495,3297,3297,3298,2944,1952,3287,3297,3298,3056,1898,1894,1894,1730,Default,
172738,40,34,33,6,1,0,0,12,58,58,58,168,254,241,237,58,55,53,53,280,310,314,297,298,631,1348,1306,1259,1228,1068,1148,2027,3296,3298,3298,2976,1680,3241,3297,3298,3179,2034,2022,2105,1878,Default,
172754,39,33,33,6,1,1,0,8,45,47,47,166,193,185,182,29,24,24,22,200,213,217,207,210,563,1157,1074,1023,1028,909,1032,1789,3046,3262,3295,2825,1502,3052,3297,3297,3090,2093,2099,2255,1980,Default,
172770,37,27,26,6,1,0,0,8,41,41,43,149,174,167,164,20,11,11,10,136,144,143,140,139,464,1040,967,899,937,826,836,1569,2718,2867,3045,2681,1313,2769,3227,3296,2909,2088,2117,2329,2015,Default,
172786,28,17,16,5,1,1,0,2,40,40,40,114,124,117,116,29,19,19,16,82,84,82,79,83,378,972,917,833,920,758,580,1436,2143,2261,2550,2099,1131,2183,2726,2893,2292,1881,1956,2238,1824,Default,
172802,15,6,4,4,1,0,0,3,42,42,43,69,84,80,78,22,14,13,12,38,33,32,31,31,264,871,825,766,874,654,336,1185,1478,1597,1928,1410,855,1366,1861,1930,1496,1388,1508,1796,1385,Default,
172818,16,6,4,3,1,0,0,2,43,44,44,53,89,78,78,23,12,10,10,14,12,9,9,8,152,703,644,581,706,455,176,944,921,1015,1315,837,548,677,821,912,743,865,917,1090,777,Default,
172834,13,4,2,2,0,0,0,1,36,35,36,35,77,65,62,20,14,14,13,12,12,9,8,9,88,435,361,303,393,242,103,662,501,451,751,434,332,359,456,470,457,448,377,501,311,Default,
172850,12,5,3,3,1,0,0,1,32,29,32,25,60,39,40,20,14,11,9,11,10,7,6,7,53,171,128,98,139,91,78,407,204,176,361,210,172,160,244,227,168,165,139,191,109,Default,
172866,10,6,4,3,1,0,0,1,15,15,15,22,58,32,25,12,7,4,3,7,4,2,2,1,29,72,56,30,43,18,62,213,50,58,201,45,75,29,111,99,34,14,14,21,7,Default,
172882,0,0,0,0,0,0,0,0,1,29,12,25,84,54,30,9,6,2,1,2,1,1,0,0,0,9,22,10,8,4,33,71,33,43,68,7,22,9,16,17,4,6,3,0,0,Default,
172898,0,0,0,0,0,0,0,3,26,38,17,24,91,53,27,10,6,4,2,2,1,0,0,0,0,2,17,7,5,3,29,35,25,29,42,11,18,12,7,9,3,3,1,1,0,Default,
172914,0,0,0,0,0,0,0,1,25,38,19,26,90,49,26,8,4,3,1,1,0,0,0,0,0,1,9,7,7,3,20,24,18,20,29,6,17,29,10,9,3,5,1,1,0,Default,
172930,0,0,0,0,0,0,0,0,22,32,13,24,90,51,20,8,6,3,1,1,0,0,0,0,0,0,11,6,9,4,13,14,12,8,20,11,16,33,8,10,4,8,1,1,0,Default,
172946,0,0,0,0,0,0,0,1,25,34,14,24,93,44,24,8,4,3,1,1,0,0,0,0,0,1,4,5,8,4,14,17,11,4,15,10,14,24,6,10,4,6,1,0,0,Default,
172962,0,0,0,0,0,0,0,1,26,37,16,23,94,46,24,7,4,2,0,1,0,0,0,0,1,0,1,1,3,2,10,11,8,4,8,8,13,23,6,11,4,4,1,0,0,Default,
172978,0,0,0,0,0,0,0,0,16,33,12,26,98,42,16,12,1,2,1,1,0,0,0,0,0,0,0,0,1,1,2,8,5,3,4,10,9,16,4,10,4,4,1,0,0,Default,
172994,0,1,0,0,0,0,0,2,23,35,16,20,103,53,20,7,4,3,1,1,0,0,0,0,0,0,1,2,3,2,9,8,6,3,5,6,13,18,5,8,4,5,1,0,0,Default,
173010,0,0,0,0,0,0,0,2,27,36,16,23,103,46,22,7,4,3,1,1,0,0,0,0,0,0,2,5,7,4,8,8,4,1,2,4,10,16,4,7,4,5,1,0,0,Default,
173026,0,0,0,0,0,0,0,0,26,34,17,24,103,41,21,7,4,3,1,0,1,0,0,0,0,0,2,4,7,3,7,7,3,2,3,3,9,16,4,8,3,4,1,0,0,Default,
173042,0,0,0,0,0,0,0,1,24,33,16,21,105,45,22,8,4,3,1,1,1,0,0,0,0,0,1,3,4,3,7,6,4,1,3,3,11,18,5,9,4,3,1,0,0,Default,
173058,0,0,0,0,0,0,0,1,25,32,15,24,105,39,19,8,4,2,0,1,0,0,0,0,0,0,1,2,2,1,5,7,4,1,4,3,9,15,4,9,3,3,1,0,0,Default,
173074,0,0,0,0,0,0,0,1,24,31,15,22,101,40,19,5,3,2,0,1,0,0,0,0,1,0,0,0,0,0,1,3,4,1,4,3,8,14,4,6,2,2,0,1,0,Default,
173090,0,0,0,0,0,0,0,1,23,30,13,24,106,37,20,7,4,2,1,1,0,0,0,0,0,0,1,1,1,1,3,6,4,2,3,2,9,16,4,8,2,3,0,0,0,Default,
173106,0,0,0,0,0,0,0,0,20,25,16,27,109,38,18,4,4,2,0,0,0,0,0,0,0,0,0,0,0,0,0,1,1,1,1,1,6,16,4,6,2,3,0,0,0,Default,
173122,0,0,0,0,0,0,0,0,17,26,14,29,112,40,22,9,6,4,0,1,1,0,0,0,0,0,0,1,0,0,1,3,2,1,2,1,9,16,4,10,3,4,1,0,0,Default,
173138,0,0,0,0,0,1,0,0,10,29,14,32,118,43,23,10,6,4,1,2,1,0,0,0,0,1,1,1,1,1,4,5,3,1,3,2,10,16,4,9,2,2,0,1,0,Default,
173154,0,0,0,0,0,0,0,0,9,28,12,31,122,38,24,10,6,4,1,2,1,0,0,0,0,1,3,4,3,1,5,8,6,2,7,3,12,16,4,7,2,3,0,0,0,Default,
173170,0,0,0,0,0,0,0,0,5,24,13,29,123,30,22,11,6,4,2,2,1,0,0,0,1,0,3,4,4,1,7,9,5,3,7,2,11,17,4,8,3,3,1,0,0,Default,
173186,0,0,0,0,0,0,0,0,1,14,9,30,127,29,19,12,7,4,2,2,1,0,0,0,0,0,2,3,3,2,4,8,4,3,4,2,12,16,4,11,3,4,1,0,0,Default,
173202,0,0,0,0,0,0,0,0,1,16,8,30,131,37,23,10,6,3,1,2,0,0,0,0,0,1,3,4,3,2,5,8,4,3,4,2,14,19,6,13,3,4,1,0,0,Default,
173218,0,0,0,0,0,0,0,0,0,4,8,29,130,41,24,11,7,4,2,2,0,1,0,0,0,0,2,3,3,1,8,12,8,4,9,4,15,23,7,17,4,4,1,1,0,Default,
173234,0,0,0,0,0,0,0,0,4,20,10,25,131,49,25,9,5,3,1,1,1,0,0,0,0,1,6,6,4,2,10,12,9,6,8,5,19,24,8,15,4,4,1,0,0,Default,
173250,0,0,0,0,0,0,0,1,8,22,9,29,133,41,28,10,6,2,1,1,0,0,0,0,0,1,10,6,6,3,11,16,10,3,9,6,15,18,5,18,4,4,1,0,0,Default,
173266,0,0,0,0,0,0,0,0,9,23,10,33,136,46,26,11,4,3,1,2,0,0,0,0,1,1,17,8,8,4,12,14,9,4,10,6,14,17,5,12,4,4,1,0,1,Default,
173282,0,110,79,62,70,48,25,81,105,85,70,85,219,84,48,15,3,1,1,1,1,0,1,0,0,2,10,7,8,3,15,6,3,1,3,1,15,10,4,5,1,2,1,0,0,Default,
173298,849,982,1004,402,414,329,90,325,423,382,161,282,402,323,102,11,3,2,1,4,3,3,1,1,15,8,7,4,3,0,13,3,1,1,1,0,6,8,4,5,1,3,1,0,0,Default,
173314,1671,1845,1948,1009,1228,989,232,653,784,777,513,426,538,501,232,33,28,26,25,61,56,58,44,8,17,8,7,6,3,0,13,4,1,1,3,3,14,8,4,8,3,2,1,0,0,Default,
173330,2034,2266,2421,1566,2031,1578,538,1090,1319,1342,1020,613,757,725,432,43,36,37,36,44,37,36,32,8,29,20,18,15,4,3,46,37,34,30,15,6,33,26,21,8,3,6,0,0,0,Default,
173346,2456,2598,2757,2101,2655,2081,700,1728,2139,2138,1054,1114,1365,1322,700,66,61,59,59,29,25,25,24,6,34,28,25,22,5,1,71,65,62,57,16,4,41,37,33,9,4,5,1,0,0,Default,
173362,2439,2568,2657,2370,2997,2321,927,2216,2732,2659,1351,1484,1805,1712,1041,269,261,260,242,41,37,38,40,12,66,64,62,61,12,4,127,124,121,109,22,6,29,23,22,9,4,5,0,0,0,Default,
173378,2215,2338,2392,2454,3162,2458,1183,2550,3067,2978,1734,1793,2201,2079,1381,715,722,755,589,442,423,413,381,232,363,385,381,382,112,11,310,315,298,269,117,8,100,96,90,62,6,5,1,0,0,Default,
173394,2161,2217,2284,2422,3137,2475,1322,2592,3105,3055,1959,1876,2313,2193,1576,944,958,1023,797,957,926,887,785,463,666,747,740,708,288,81,599,602,563,508,385,105,211,213,196,164,77,12,5,3,2,Default,
173410,2143,2192,2248,2436,3140,2500,1414,2636,3147,3101,2087,1941,2383,2274,1712,1035,1068,1148,899,1214,1184,1140,995,533,809,924,916,858,416,206,830,861,809,721,571,284,341,346,318,261,263,16,8,7,6,Default,
173426,2111,2151,2207,2409,3113,2500,1484,2633,3162,3143,2189,1965,2432,2336,1821,1102,1148,1235,972,1359,1343,1301,1153,593,907,1053,1048,976,517,290,999,1057,1006,903,700,418,445,460,422,345,377,17,10,8,8,Default,
173442,2054,2093,2149,2355,3055,2477,1535,2616,3157,3173,2280,1954,2462,2367,1902,1128,1189,1284,1016,1461,1471,1440,1319,713,1008,1184,1190,1111,651,385,1175,1260,1225,1113,895,584,594,620,585,476,481,20,14,12,11,Default,
173458,1891,1913,1959,2188,2878,2358,1525,2450,3013,3072,2295,1881,2394,2329,1911,1120,1195,1297,1040,1504,1534,1517,1407,799,1034,1243,1268,1186,740,459,1274,1405,1383,1283,1054,716,739,782,754,593,605,24,18,16,16,Default,
173474,1645,1664,1700,1957,2582,2139,1434,2182,2742,2836,2192,1714,2225,2182,1827,1058,1140,1247,1009,1468,1505,1504,1413,857,1016,1248,1283,1202,787,522,1356,1525,1531,1411,1169,854,854,923,895,694,732,29,20,20,20,Default,
173490,1351,1368,1409,1651,2175,1918,1290,1877,2369,2484,1994,1529,2030,2002,1677,973,1053,1169,949,1359,1401,1413,1347,873,957,1210,1242,1173,819,561,1348,1558,1579,1467,1284,971,907,1002,976,768,813,32,29,22,21,Default,
173506,1043,1053,1101,1268,1559,1504,1039,1492,1831,1961,1670,1296,1749,1734,1487,858,920,1053,851,1180,1218,1231,1198,819,865,1110,1154,1118,820,581,1271,1495,1542,1461,1338,1045,908,1038,1020,813,870,36,25,23,24,Default,
173522,812,800,862,878,994,1007,745,1106,1338,1445,1341,1060,1476,1451,1266,737,792,927,752,971,1001,1008,1007,726,752,990,1028,1032,792,582,1152,1391,1459,1417,1352,1103,884,1048,1046,842,924,34,26,25,26,Default,
173538,595,589,656,602,638,657,526,820,1008,1090,1028,867,1234,1225,1073,613,661,798,646,796,828,841,840,642,661,899,955,977,770,585,1040,1295,1393,1389,1382,1157,851,1049,1078,874,962,37,30,30,30,Default,
173554,440,436,485,377,372,378,330,623,782,833,796,705,1043,1041,920,509,564,694,560,652,703,720,723,577,588,840,918,953,774,597,927,1231,1361,1404,1419,1207,825,1061,1119,922,1007,36,30,29,29,Default,
173570,350,343,389,240,236,236,217,476,592,634,609,604,926,932,812,434,500,620,500,564,615,638,635,535,563,849,944,988,820,702,870,1216,1367,1440,1496,1326,841,1122,1227,1007,1094,44,35,33,35,Default,
173586,262,261,288,170,163,161,151,396,514,528,514,503,803,829,704,397,468,584,472,525,566,599,593,527,531,827,957,1003,867,721,821,1181,1397,1469,1592,1386,838,1179,1309,1118,1159,53,46,45,46,Default,
173602,195,198,214,140,130,130,124,339,433,448,435,456,743,757,642,381,445,553,447,514,556,581,578,536,522,834,977,1029,912,744,814,1197,1435,1518,1713,1455,864,1247,1388,1222,1216,56,49,47,49,Default,
173618,142,141,149,118,107,107,102,281,346,358,349,422,692,696,599,375,433,525,433,518,558,589,583,551,533,870,1032,1090,990,795,820,1229,1521,1593,1836,1538,907,1341,1492,1340,1316,76,66,63,66,Default,
173634,105,101,106,95,87,86,85,283,338,351,369,415,670,672,587,381,428,515,433,543,576,615,613,587,567,936,1120,1182,1078,863,870,1301,1650,1757,1985,1648,970,1468,1636,1484,1412,103,95,94,99,Default,
173650,78,71,73,64,57,55,55,267,315,316,333,415,641,638,576,390,432,503,438,604,643,686,688,650,611,1037,1235,1310,1197,953,929,1459,1840,1974,2191,1807,1087,1643,1867,1699,1560,147,138,136,140,Default,
173666,52,47,46,43,36,35,36,219,251,256,266,401,603,586,543,419,460,530,465,669,732,794,768,749,661,1156,1395,1467,1351,1017,993,1581,2106,2231,2447,1950,1202,1877,2135,2005,1725,214,200,199,204,Default,
173682,43,38,38,27,20,20,20,174,188,196,199,380,544,537,505,406,446,484,431,697,780,871,810,816,710,1272,1567,1615,1498,1135,1058,1717,2387,2507,2705,2157,1326,2127,2406,2267,1970,355,331,330,335,Default,
173698,44,40,40,16,10,9,9,174,186,193,196,358,483,469,447,419,466,497,447,741,812,917,846,851,783,1374,1749,1774,1647,1212,1180,1868,2699,2828,3006,2351,1468,2432,2740,2586,2213,534,505,508,514,Default,
173714,46,40,39,12,4,3,2,146,152,158,162,330,443,427,406,376,427,443,406,690,787,864,783,801,827,1546,1931,1918,1798,1349,1241,2105,2986,3096,3284,2583,1649,2728,3048,2930,2522,781,752,746,750,Default,
173730,45,41,40,7,2,1,0,134,138,141,143,289,358,344,334,348,376,382,358,655,722,795,721,729,845,1583,1993,1983,1853,1424,1280,2197,3188,3295,3297,2854,1749,2947,3290,3241,2790,1074,1062,1045,1036,Default,
173746,43,39,39,8,2,0,0,97,99,104,103,257,307,294,290,272,284,287,274,561,605,650,596,596,837,1575,1951,1964,1837,1466,1289,2238,3291,3297,3298,3100,1797,3104,3297,3298,3020,1355,1362,1339,1318,Default,
173762,45,40,40,6,1,1,0,48,65,66,66,228,273,258,257,195,203,204,196,399,445,468,442,442,773,1456,1761,1792,1682,1393,1215,2234,3294,3298,3298,3297,1801,3185,3297,3299,3295,1600,1625,1616,1570,Default,
173778,45,40,39,7,1,0,1,61,63,65,66,199,239,228,229,128,132,133,129,291,321,339,323,318,643,1282,1469,1519,1447,1234,1113,1891,3281,3298,3297,3298,1549,3185,3295,3297,3299,1751,1795,1851,1752,Default,
173794,42,36,35,5,1,0,0,26,58,59,60,136,236,227,225,24,19,17,17,182,290,319,299,304,576,1133,1203,1231,1232,1065,972,1715,3118,3297,3297,3296,1452,3094,3297,3299,3298,1901,1927,2081,1924,Default,
173810,45,35,34,6,1,0,0,8,45,46,47,159,193,186,182,25,18,15,16,166,184,193,186,190,473,949,971,982,1023,891,802,1596,2850,3117,3297,3295,1352,2877,3295,3298,3296,1942,1987,2193,2011,Default,
173826,34,26,27,4,1,0,0,18,44,45,45,124,162,154,151,14,6,4,3,82,91,97,94,91,348,854,846,851,912,798,536,1373,2456,2756,3292,3056,1153,2528,3101,3298,3147,1887,1998,2279,2047,Default,
173842,20,13,11,5,1,0,1,7,45,45,46,79,113,104,103,20,13,12,12,20,20,18,17,16,233,774,771,777,876,742,305,1151,1840,2184,2885,2535,957,1848,2541,2963,2632,1559,1784,2173,1894,Default,
173858,16,10,8,4,1,1,0,3,48,50,50,49,74,68,69,20,14,12,12,16,18,17,16,16,157,673,650,695,833,637,186,932,1138,1563,2249,1709,700,1058,1692,1867,1663,1048,1327,1685,1428,Default,
173874,16,8,6,4,1,1,0,3,46,46,47,37,70,60,61,21,12,12,12,13,14,12,12,10,107,514,456,470,617,422,124,738,670,890,1434,971,448,536,733,858,784,616,702,999,790,Default,
173890,16,11,8,5,1,1,0,1,37,37,37,28,59,45,46,22,16,15,14,11,15,9,9,10,76,277,227,215,294,196,95,502,340,360,795,463,265,276,401,446,447,279,252,388,270,Default,
173906,12,11,6,4,1,1,0,1,29,25,27,21,47,29,26,18,13,10,7,8,12,6,5,7,38,107,88,66,93,66,68,282,117,114,327,198,136,107,195,200,149,63,50,91,58,Default,
173922,0,0,0,0,0,0,0,0,0,18,16,19,56,39,29,9,6,4,2,4,1,0,0,0,0,45,38,23,33,16,31,95,38,41,134,54,46,23,67,70,33,8,3,2,0,Default,
173938,0,0,0,0,1,3,4,28,26,39,17,25,74,52,23,10,6,4,2,2,1,0,0,0,0,1,12,6,5,3,27,30,22,31,66,7,16,7,6,8,3,3,1,0,0,Default,
173954,0,0,0,0,1,1,1,29,26,41,20,29,83,56,27,9,6,4,2,2,1,0,0,0,0,0,8,5,4,1,26,26,15,26,62,17,13,4,2,4,2,1,1,0,0,Default,
173970,0,0,0,0,0,0,0,0,24,37,17,25,83,49,29,8,4,3,1,1,0,1,0,0,0,0,0,0,1,0,7,27,19,19,42,17,21,28,9,12,4,5,1,0,0,Default,
173986,0,0,0,0,0,1,0,0,24,37,18,25,92,48,29,8,6,3,2,1,1,0,0,0,0,0,1,1,3,2,15,22,13,9,29,6,16,20,8,11,2,4,1,0,0,Default,
174002,0,0,0,0,0,0,0,3,24,37,16,23,94,47,25,8,6,4,2,0,0,0,0,0,0,0,1,2,4,2,9,11,6,3,13,3,16,28,8,13,3,4,1,0,0,Default,
174018,0,0,0,0,0,0,0,20,25,38,17,24,99,49,27,8,5,4,2,1,0,0,1,0,0,0,2,2,5,3,9,10,6,4,14,3,14,25,8,14,3,4,1,0,0,Default,
174034,0,0,0,0,0,1,1,29,26,38,16,23,103,49,25,7,6,4,2,2,1,0,0,0,0,0,1,3,5,1,6,7,4,2,6,2,12,19,6,10,2,3,1,0,0,Default,
174050,0,1,0,0,1,1,1,27,23,38,17,21,102,48,22,8,6,4,1,1,1,0,0,0,0,0,1,2,4,3,8,4,5,2,5,8,14,21,5,11,5,6,1,0,0,Default,
174066,0,0,0,0,1,1,1,25,27,37,16,23,101,43,24,8,4,2,0,1,0,0,0,0,0,0,1,2,6,3,8,8,4,2,3,8,12,16,5,7,4,5,0,0,0,Default,
174082,0,0,0,0,1,0,0,1,25,37,16,24,103,38,23,7,4,2,0,1,1,0,0,0,0,0,1,1,2,2,7,8,4,2,4,8,11,15,4,8,4,4,1,0,0,Default,
174098,0,0,0,0,0,0,0,0,18,30,15,24,102,35,20,8,5,3,1,1,0,0,0,0,0,0,1,0,0,0,1,3,3,2,3,8,12,13,4,8,4,4,1,0,0,Default,
174114,0,0,0,0,0,0,0,0,20,30,14,24,103,36,23,8,5,2,1,1,0,0,0,0,0,1,1,0,1,1,3,6,4,2,3,4,11,14,4,8,4,4,1,0,0,Default,
174130,0,0,0,0,0,0,0,0,20,29,14,25,105,29,20,8,4,2,0,1,0,0,0,0,0,1,1,1,1,1,1,4,4,1,2,4,10,17,4,8,4,4,2,1,0,Default,
174146,0,0,0,0,0,0,0,1,19,29,13,25,108,31,20,8,4,2,1,0,0,0,0,0,0,0,0,1,1,1,3,4,3,2,4,2,8,13,4,8,2,3,0,0,0,Default,
174162,0,0,0,0,0,0,0,0,10,28,15,25,111,36,22,8,4,2,1,1,1,0,0,0,0,0,0,0,1,1,1,3,3,1,2,1,8,13,4,7,2,3,1,0,0,Default,
174178,0,0,0,0,0,0,0,1,20,28,12,24,111,37,22,6,4,2,1,0,0,0,0,0,0,0,0,0,0,0,0,1,1,0,1,0,1,11,4,8,2,3,1,1,0,Default,
174194,0,0,0,0,0,0,0,0,2,26,12,22,112,39,20,8,4,2,1,0,0,0,0,0,0,0,0,0,0,0,0,0,0,0,0,1,2,16,4,8,3,3,0,0,0,Default,
174210,0,0,0,0,0,0,0,0,3,24,12,25,111,39,20,7,4,1,1,1,1,0,0,0,0,0,0,0,0,1,1,2,2,2,1,1,9,17,4,9,2,3,0,0,0,Default,
174226,0,0,0,0,0,0,0,0,1,19,11,28,113,37,25,7,4,2,1,0,0,0,0,0,0,0,1,1,0,1,1,4,4,2,3,1,11,18,4,11,3,3,1,0,0,Default,
174242,0,0,0,0,0,0,0,0,0,17,8,29,120,40,26,9,6,3,1,1,1,0,0,0,0,0,1,2,2,1,5,7,4,2,4,3,11,19,5,12,4,4,0,0,0,Default,
174258,0,0,0,0,0,0,0,0,1,16,11,29,117,44,25,12,7,2,2,1,1,0,0,0,0,1,4,4,4,2,7,8,4,3,3,3,13,17,5,17,4,4,1,1,0,Default,
174274,0,0,0,0,0,0,0,0,1,17,9,27,124,43,25,8,5,3,0,1,0,0,0,0,0,0,1,0,0,1,4,10,6,4,8,4,14,20,6,18,4,5,0,0,1,Default,
174290,0,0,0,0,0,0,0,0,4,24,14,24,133,51,33,10,7,3,2,2,1,0,0,0,0,2,19,14,7,4,10,15,8,6,9,6,16,16,6,19,5,4,1,1,0,Default,
174306,0,0,0,0,0,0,0,0,12,22,12,31,142,52,35,8,4,3,1,1,0,0,0,0,0,2,23,13,8,4,9,15,9,6,8,9,14,16,6,16,6,4,0,0,0,Default,
174322,1,116,91,61,74,55,26,79,110,91,75,84,214,94,47,12,3,3,1,1,0,0,0,0,1,3,11,6,9,2,14,7,4,3,4,1,20,14,6,6,1,3,1,0,0,Default,
174338,918,1034,976,406,418,333,88,325,417,377,155,277,385,316,95,14,6,5,4,9,5,4,3,3,15,4,2,1,1,0,4,3,1,1,1,1,14,12,6,7,2,4,1,0,0,Default,
174354,1526,1712,1805,944,1116,889,197,589,709,690,312,394,497,447,177,17,7,4,4,46,44,46,31,8,18,8,6,5,3,1,13,4,1,1,2,1,18,12,8,8,3,3,1,0,0,Default,
174370,1953,2164,2266,1421,1816,1385,443,938,1128,1137,831,510,627,603,349,45,37,35,35,35,30,30,25,6,25,16,15,14,4,2,37,29,25,21,16,5,33,26,22,8,3,6,1,1,0,Default,
174386,2316,2509,2675,1933,2441,1920,596,1447,1779,1790,919,891,1106,1068,571,38,32,32,29,27,21,21,20,7,29,21,21,20,7,3,51,41,38,35,14,4,37,33,28,9,4,5,0,0,0,Default,
174402,2387,2562,2678,2196,2773,2179,791,1881,2344,2317,1175,1247,1557,1499,858,78,73,72,68,22,17,16,16,4,37,29,26,25,6,2,112,108,106,93,20,5,47,44,37,12,4,5,1,0,0,Default,
174418,2263,2398,2474,2317,2955,2300,997,2206,2676,2614,1461,1518,1848,1747,1121,450,447,460,387,203,203,197,194,74,203,211,208,194,45,6,213,217,206,184,54,6,72,70,66,32,6,7,1,0,0,Default,
174434,2152,2296,2371,2308,3000,2350,1160,2296,2827,2759,1703,1658,2054,1947,1332,704,715,754,589,535,526,507,460,308,547,604,609,596,192,48,474,479,447,395,271,58,186,189,168,128,44,5,1,0,0,Default,
174450,0,0,0,2374,2999,2375,1262,2384,2885,2852,1846,1730,2149,2044,1459,901,914,982,757,956,935,895,775,434,710,808,805,748,320,134,695,713,667,587,442,173,287,298,269,207,142,7,1,1,1,Default,
174466,0,0,0,2371,3055,2450,1356,2477,2972,2957,1979,1830,2274,2176,1597,1008,1034,1111,857,1154,1133,1095,945,494,820,944,953,864,418,240,891,936,886,771,563,315,358,372,336,267,276,12,4,3,1,Default,
174482,4,1,1,2390,3063,2479,1455,2545,3059,3055,2126,1914,2383,2296,1743,1096,1146,1235,961,1325,1325,1297,1161,567,916,1061,1088,984,517,275,1034,1099,1062,944,681,372,472,489,453,362,363,16,8,7,6,Default,
174498,2123,2166,2235,2316,2979,2430,1508,2504,3035,3053,2216,1933,2428,2358,1850,1118,1177,1273,1007,1466,1473,1453,1343,704,1023,1219,1255,1124,651,360,1203,1308,1285,1163,851,504,617,650,620,490,466,25,17,15,16,Default,
174514,1878,1901,1965,2124,2763,2272,1488,2325,2885,2922,2209,1865,2395,2334,1878,1133,1208,1306,1040,1524,1547,1524,1440,821,1100,1355,1389,1250,766,427,1367,1510,1498,1365,1018,595,758,813,788,603,565,26,21,20,19,Default,
174530,1594,1628,1662,1894,2474,2118,1403,2070,2618,2660,2077,1706,2237,2188,1766,1076,1160,1255,1015,1465,1509,1495,1415,865,1092,1386,1425,1292,810,476,1445,1633,1641,1496,1130,676,875,952,926,694,645,32,25,24,23,Default,
174546,1268,1301,1333,1559,2011,1753,1218,1732,2216,2234,1823,1505,2032,1984,1626,994,1083,1185,957,1361,1415,1409,1354,852,1021,1335,1383,1277,820,500,1421,1650,1676,1548,1185,725,899,1002,980,734,701,40,35,32,33,Default,
174562,1004,1020,1075,1160,1352,1296,939,1351,1645,1681,1469,1300,1762,1735,1426,901,975,1091,872,1214,1252,1257,1218,790,929,1234,1294,1218,817,518,1351,1580,1639,1546,1214,779,893,1028,1018,763,746,45,40,37,39,Default,
174578,750,745,813,781,833,837,656,1026,1242,1281,1168,1108,1509,1495,1257,802,867,994,793,1081,1104,1112,1096,742,843,1149,1225,1172,820,538,1257,1504,1592,1546,1259,831,889,1060,1064,805,789,53,44,41,43,Default,
174594,559,555,614,498,509,505,434,772,941,974,908,941,1310,1275,1101,716,771,898,721,964,988,983,980,700,772,1091,1185,1145,832,564,1172,1444,1561,1551,1315,909,883,1094,1123,853,837,62,55,51,53,Default,
174610,431,433,482,343,328,331,298,615,725,774,723,818,1144,1101,955,649,696,825,657,883,891,903,891,660,733,1063,1184,1150,854,601,1112,1402,1567,1597,1372,1031,887,1143,1203,914,927,62,56,52,54,Default,
174626,332,325,364,216,209,207,194,497,592,609,584,700,990,962,835,594,641,762,616,833,831,845,838,646,717,1078,1231,1203,912,720,1069,1388,1621,1677,1463,1126,903,1207,1309,979,992,68,60,57,59,Default,
174642,252,257,281,167,157,156,148,404,493,506,488,618,896,883,764,534,576,687,564,803,826,837,828,666,697,1090,1266,1244,974,756,1037,1456,1696,1761,1571,1204,947,1293,1397,1070,1057,66,59,56,58,Default,
174658,185,186,198,124,120,122,117,343,404,413,398,561,829,808,704,514,559,657,547,771,804,831,821,687,686,1117,1306,1277,1029,771,1040,1469,1774,1876,1706,1285,980,1383,1504,1193,1122,70,62,59,61,Default,
174674,130,128,133,111,101,99,97,302,348,357,348,531,789,773,679,517,556,652,550,787,817,851,839,722,708,1176,1392,1366,1123,869,1061,1534,1909,2025,1853,1440,1060,1529,1661,1355,1265,93,82,82,84,Default,
174690,99,98,100,88,82,80,80,310,362,365,378,522,772,750,671,530,572,658,562,806,847,892,877,773,742,1261,1504,1460,1243,961,1109,1641,2082,2191,2038,1582,1158,1684,1844,1544,1415,116,107,103,107,Default,
174706,70,66,66,67,61,60,59,276,313,313,322,498,740,713,646,540,590,667,576,866,928,990,983,881,777,1357,1619,1571,1376,1069,1150,1764,2266,2412,2267,1740,1255,1857,2066,1753,1567,162,153,149,155,Default,
174722,49,44,43,41,37,36,35,231,258,260,265,478,687,664,615,562,623,692,615,907,982,1054,1044,951,834,1503,1784,1752,1561,1193,1210,1898,2489,2655,2508,1931,1389,2077,2322,2027,1753,232,215,210,217,Default,
174738,46,41,41,27,19,19,19,193,207,210,215,453,630,606,571,558,615,660,587,948,1041,1126,1086,1026,876,1597,1917,1879,1685,1222,1275,2010,2717,2872,2736,2064,1495,2286,2570,2255,1899,348,329,327,339,Default,
174754,39,36,35,16,10,8,8,177,187,192,194,423,572,545,517,566,621,650,582,990,1082,1166,1114,1073,948,1737,2099,2060,1863,1356,1384,2174,2970,3142,3020,2282,1636,2528,2872,2543,2135,517,496,489,504,Default,
174770,41,36,35,12,4,3,2,145,168,173,174,306,492,472,451,445,572,585,532,934,1015,1070,1007,974,965,1836,2197,2153,1948,1467,1421,2380,3171,3296,3297,2485,1794,2757,3139,2803,2373,712,692,680,696,Default,
174786,42,37,36,8,1,1,0,132,136,139,140,335,413,393,380,455,498,503,469,831,891,950,878,859,962,1835,2210,2170,1969,1525,1428,2431,3291,3299,3298,2675,1856,2937,3296,3071,2603,956,956,922,933,Default,
174802,44,40,39,8,2,0,1,95,94,98,99,267,319,306,300,367,388,391,368,692,730,770,700,694,913,1822,2139,2095,1924,1484,1393,2449,3296,3297,3298,2805,1891,3060,3298,3296,2775,1201,1209,1177,1183,Default,
174818,45,38,38,5,1,0,0,43,64,63,63,237,279,265,261,259,264,261,254,516,543,562,532,526,870,1699,1962,1947,1791,1438,1367,2391,3296,3298,3297,2946,1865,3137,3299,3297,2955,1439,1484,1443,1431,Default,
174834,42,36,37,6,1,0,0,22,62,63,62,169,261,245,245,163,187,188,182,406,429,445,422,418,778,1513,1700,1707,1608,1321,1250,2305,3295,3295,3297,3044,1811,3159,3298,3297,3115,1628,1678,1695,1629,Default,
174850,43,37,36,5,1,0,0,12,54,55,56,156,255,242,240,52,47,45,44,232,369,399,379,381,592,1323,1402,1418,1364,1155,1055,1897,3255,3298,3297,3097,1577,3090,3298,3297,3293,1793,1867,1932,1819,Default,
174866,41,33,32,4,1,0,0,10,48,48,49,173,208,198,198,22,12,11,10,191,207,216,207,211,540,1111,1101,1106,1117,965,929,1657,2909,3293,3297,2936,1389,2875,3297,3297,3146,1859,1962,2089,1943,Default,
174882,39,29,29,6,1,1,0,6,43,45,46,143,173,165,162,20,13,12,12,102,107,109,107,103,427,943,942,930,971,842,693,1526,2604,2989,3261,2805,1254,2595,3238,3296,3005,1853,1984,2186,1994,Default,
174898,30,20,19,4,1,0,0,3,43,45,45,107,142,133,131,21,10,11,10,36,35,35,33,33,293,848,844,827,907,773,410,1365,2016,2361,2821,2479,1081,1999,2699,2923,2622,1610,1797,2108,1885,Default,
174914,18,10,8,4,1,0,0,2,40,41,41,62,92,87,87,21,15,14,14,14,10,8,8,8,186,754,745,744,867,671,219,1024,1363,1605,2152,1666,750,1231,1805,1978,1708,1169,1387,1715,1471,Default,
174930,14,8,7,4,2,1,0,3,45,45,46,46,74,66,65,24,16,15,14,10,8,5,4,4,122,586,517,519,650,447,138,792,755,942,1438,951,485,588,773,903,814,646,742,990,822,Default,
174946,15,8,5,4,1,0,0,1,38,37,39,33,66,53,54,25,20,19,17,14,16,11,11,12,83,338,257,238,320,217,100,561,380,365,721,470,288,294,387,427,451,299,265,391,285,Default,
174962,12,8,4,3,1,0,0,1,30,27,29,20,52,32,29,16,10,8,7,8,12,7,6,8,41,128,100,71,106,74,66,330,141,122,331,194,147,124,217,197,168,74,59,94,62,Default,
174978,5,3,1,0,0,0,0,1,12,18,15,17,53,37,23,9,5,4,2,3,3,2,1,0,5,43,47,22,31,13,48,127,43,43,148,47,55,24,86,77,33,8,5,5,3,Default,
174994,0,0,0,0,0,0,0,17,26,34,18,26,80,53,36,8,4,4,1,2,1,0,0,0,0,1,24,7,8,3,23,37,22,32,66,6,12,5,5,7,2,1,0,0,0,Default,
175010,0,0,0,0,0,1,0,10,23,38,20,24,84,54,29,10,6,4,2,2,1,0,0,0,0,0,6,5,4,2,27,31,20,30,49,12,13,4,2,4,2,0,0,0,0,Default,
175026,0,0,0,0,0,0,0,0,19,37,18,23,83,53,25,6,4,4,1,1,0,0,0,0,1,0,3,3,4,3,6,25,22,24,37,10,22,36,19,17,3,8,1,0,0,Default,
175042,0,0,0,0,0,0,0,0,3,32,13,25,90,46,24,8,5,4,1,1,0,0,0,0,0,1,2,4,6,3,17,22,16,9,24,12,20,29,8,12,4,6,1,0,0,Default,
175058,0,0,0,0,0,0,0,0,8,33,15,24,97,49,24,8,7,5,2,2,0,0,0,0,0,1,1,1,3,1,8,10,6,4,12,8,14,29,8,12,5,6,1,0,1,Default,
175074,0,0,0,0,0,0,0,1,23,34,16,23,100,54,24,8,6,4,1,1,0,0,0,0,0,1,3,3,6,3,11,10,8,3,9,8,14,25,8,13,4,6,1,0,0,Default,
175090,0,0,0,0,0,0,0,4,25,34,15,26,104,53,25,8,6,3,2,1,1,1,0,0,0,0,1,4,6,3,8,12,8,4,9,10,16,24,7,9,4,6,1,0,0,Default,
175106,0,0,0,0,0,0,0,9,24,38,18,21,104,45,24,8,4,3,1,1,1,0,0,0,0,0,2,4,4,3,10,8,5,2,5,8,16,24,6,12,6,4,1,0,0,Default,
175122,0,0,0,0,0,0,0,12,27,37,17,25,108,42,25,8,5,3,1,1,0,0,0,0,0,0,1,1,2,1,6,10,6,3,8,11,16,25,6,11,5,6,1,0,0,Default,
175138,0,0,0,0,0,0,0,22,25,35,17,24,104,41,25,8,4,3,1,1,0,0,0,0,0,0,0,0,0,0,0,4,7,3,9,12,14,22,6,13,6,6,1,0,0,Default,
175154,0,0,0,0,0,0,0,3,25,32,16,25,105,38,25,7,5,3,2,1,0,0,0,0,0,0,0,0,0,0,0,1,3,4,11,14,13,20,7,14,6,6,1,0,0,Default,
175170,0,0,0,0,0,0,0,1,24,31,16,23,104,37,24,8,5,3,1,1,0,0,0,0,0,0,0,0,0,0,0,1,3,4,12,12,15,23,6,16,5,6,1,1,0,Default,
175186,0,0,0,0,0,0,0,2,25,32,16,25,103,33,21,8,5,3,1,1,0,0,0,0,0,0,0,0,0,0,0,0,1,1,6,12,12,21,5,12,6,6,1,0,0,Default,
175202,0,0,0,0,0,0,0,1,18,30,16,20,106,33,25,8,4,3,1,1,1,0,0,0,0,0,0,0,0,0,0,0,1,2,7,9,11,18,5,11,5,5,1,0,0,Default,
175218,0,0,0,0,0,0,0,1,20,29,16,24,107,33,21,7,4,2,1,1,0,0,0,0,0,0,0,0,0,0,0,1,3,2,6,11,9,16,5,8,4,4,1,0,0,Default,
175234,0,0,0,0,0,0,0,0,19,28,16,23,110,41,25,5,4,2,1,1,0,0,0,0,0,0,0,0,0,0,2,4,4,2,4,8,8,14,4,5,3,4,1,0,0,Default,
175250,0,0,0,0,0,0,0,1,18,27,14,23,115,43,23,8,4,2,0,0,0,1,0,0,0,0,0,1,0,1,1,2,1,1,1,0,4,13,3,6,2,1,1,0,0,Default,
175266,0,0,0,0,0,0,0,1,7,25,13,27,118,43,22,6,4,3,1,1,1,0,0,0,0,0,1,1,1,0,3,4,3,1,1,1,9,16,4,4,2,2,1,0,0,Default,
175282,0,0,0,0,0,0,0,1,3,24,11,26,120,41,22,8,6,1,2,1,1,0,0,0,0,0,0,0,0,0,1,2,2,1,1,0,6,17,4,8,2,3,1,0,0,Default,
175298,0,0,0,0,0,0,0,0,1,19,10,28,123,44,25,7,4,2,1,0,0,0,0,0,0,0,0,1,0,0,0,3,3,1,3,2,10,17,4,9,1,3,1,0,0,Default,
175314,0,0,0,0,0,0,0,0,0,6,8,29,119,43,24,9,8,4,1,2,0,1,0,0,0,0,2,3,3,1,5,9,6,3,4,3,15,20,5,11,3,4,1,0,0,Default,
175330,0,0,0,0,0,0,0,0,0,3,8,29,119,38,22,10,7,3,1,2,0,0,0,0,0,1,3,4,4,3,8,13,8,4,7,8,18,18,5,17,5,5,1,0,0,Default,
175346,0,0,0,0,0,0,0,0,1,16,11,27,137,49,29,10,6,3,1,2,1,0,0,0,0,1,20,12,7,4,14,15,10,7,8,11,18,20,8,15,6,4,1,0,0,Default,
175362,0,0,0,0,0,0,0,0,3,24,12,25,144,47,30,10,6,4,1,2,1,0,0,0,0,2,24,16,8,5,12,19,12,6,11,9,18,17,6,17,6,4,1,1,0,Default,
175378,0,0,0,0,0,0,0,0,2,22,11,28,146,49,29,10,7,4,2,2,0,0,0,0,0,3,27,16,8,4,10,18,12,7,11,8,17,20,7,16,5,6,1,1,0,Default,
175394,0,0,0,0,0,0,0,29,50,48,27,43,175,51,38,13,4,4,2,5,5,9,3,3,12,19,16,13,8,3,12,12,8,4,7,2,14,13,5,5,1,2,1,0,0,Default,
175410,595,653,627,269,275,229,67,227,294,269,120,216,319,237,79,12,3,1,1,1,1,1,0,0,0,1,1,1,2,1,7,3,1,1,1,0,7,7,4,5,1,2,1,1,0,Default,
175426,1392,1559,1518,716,800,650,136,477,585,557,215,336,435,383,126,13,6,5,4,35,33,34,20,7,19,6,4,4,2,1,13,4,2,1,3,4,13,7,4,7,1,2,1,0,0,Default,
175442,1858,2064,2128,1235,1538,1164,329,772,907,899,592,448,549,514,256,40,33,31,29,46,39,40,32,8,20,9,8,7,4,1,20,12,9,6,11,3,24,16,12,8,1,4,1,0,0,Default,
175458,2343,2535,2693,1794,2249,1775,489,1235,1473,1489,751,689,839,806,439,42,33,32,31,32,28,29,25,8,30,24,22,20,5,3,47,39,36,31,17,8,36,30,27,11,4,6,0,0,0,Default,
175474,2767,2773,2952,2316,2908,2287,791,1890,2322,2341,1171,1240,1525,1477,833,71,64,64,63,29,20,20,19,4,38,33,31,29,6,2,61,55,51,47,12,3,46,42,38,10,3,4,1,1,0,Default,
175490,2566,2785,2802,2724,3297,2745,2853,2524,3062,2949,2311,1696,2079,1915,1619,528,525,540,499,225,219,211,217,90,215,222,218,219,46,8,194,197,188,184,45,6,62,58,57,30,6,7,0,0,0,Default,
175506,2569,2718,2748,2819,3298,2918,3138,2710,3288,3179,2564,1915,2385,2211,1894,841,859,912,798,630,626,606,593,367,585,640,637,656,215,55,473,481,449,439,296,74,201,206,193,144,53,5,0,0,0,Default,
175522,2438,2502,2582,2857,3298,3005,3107,2680,3233,3150,2582,1931,2376,2215,1931,986,1012,1077,935,992,989,957,929,481,755,849,842,847,350,164,696,721,679,662,485,222,317,323,304,225,180,11,3,3,3,Default,
175538,2417,2454,2526,2773,3297,2872,3039,2690,3225,3135,2578,1947,2395,2226,1942,1054,1078,1144,986,1159,1140,1096,1054,508,841,958,953,936,416,224,891,933,878,841,580,315,365,373,353,269,277,16,8,7,6,Default,
175554,2431,2444,2499,2502,3176,2532,1418,2577,3061,3030,2042,1911,2334,2200,1623,1053,1082,1155,890,1214,1196,1152,997,533,894,1025,1026,948,476,265,1036,1097,1044,907,657,376,427,440,404,308,331,17,10,8,8,Default,
175570,2273,2280,2317,2375,3020,2425,1415,2468,2953,2944,2051,1877,2327,2193,1647,1086,1124,1199,921,1312,1294,1256,1089,596,953,1113,1125,1028,564,331,1175,1270,1222,1071,787,485,530,555,518,390,406,19,12,9,9,Default,
175586,2039,2028,2036,2201,2817,2363,1405,2259,2755,2768,1998,1791,2246,2143,1637,1098,1140,1222,942,1354,1346,1316,1155,657,1015,1214,1239,1125,663,402,1314,1438,1412,1231,924,595,652,696,655,496,486,25,18,16,16,Default,
175602,1654,1676,1670,1915,2424,2061,1293,1975,2426,2433,1842,1629,2090,1991,1552,1057,1100,1189,922,1327,1336,1306,1160,700,1021,1256,1288,1186,729,444,1387,1558,1533,1344,1030,669,744,807,762,564,546,35,29,27,25,Default,
175618,1245,1272,1283,1490,1799,1641,1085,1581,1947,1932,1579,1423,1878,1784,1409,973,1035,1128,876,1248,1272,1252,1121,725,971,1236,1293,1206,780,489,1388,1607,1616,1429,1119,750,807,896,856,636,617,41,36,32,33,Default,
175634,958,959,1005,1023,1111,1082,793,1177,1388,1420,1239,1227,1637,1559,1268,906,949,1061,817,1164,1177,1166,1053,729,920,1207,1274,1216,829,536,1365,1602,1645,1509,1223,833,841,970,940,702,699,41,32,32,31,Default,
175650,680,671,725,611,631,621,509,874,1017,1040,944,1055,1426,1343,1118,841,868,980,761,1081,1088,1077,981,712,870,1184,1263,1236,877,634,1304,1574,1650,1575,1304,953,862,1031,1029,757,790,49,41,39,41,Default,
175666,479,468,511,392,377,369,329,646,739,770,707,904,1227,1139,970,778,799,914,714,1007,999,989,907,690,816,1142,1239,1228,903,619,1252,1529,1676,1625,1381,986,873,1095,1117,822,839,52,45,42,41,Default,
175682,374,360,393,265,252,247,229,515,584,590,560,786,1053,972,836,731,748,865,679,974,956,941,863,698,815,1157,1285,1273,968,693,1246,1531,1737,1695,1463,1067,917,1187,1239,902,912,61,52,49,49,Default,
175698,275,267,284,164,157,157,151,402,460,462,440,708,943,878,750,687,700,803,642,950,924,917,841,702,804,1186,1333,1324,1026,728,1229,1533,1806,1773,1552,1127,956,1286,1357,996,970,69,62,59,58,Default,
175714,173,170,176,122,112,113,110,328,369,371,357,644,878,819,711,644,664,755,617,948,913,915,848,725,797,1232,1388,1377,1086,777,1231,1645,1911,1908,1669,1209,1028,1394,1492,1112,1067,99,91,87,87,Default,
175730,107,101,103,107,98,99,96,267,294,293,286,597,808,758,666,631,650,733,604,949,916,924,858,747,813,1291,1467,1448,1158,837,1251,1718,2035,2035,1757,1312,1104,1526,1643,1233,1160,117,107,103,104,Default,
175746,73,68,64,87,82,80,80,271,305,299,302,550,759,701,629,628,646,702,598,957,941,948,893,768,832,1360,1541,1521,1211,887,1284,1823,2159,2176,1867,1409,1188,1659,1791,1355,1256,152,140,134,136,Default,
175762,59,55,54,48,42,40,40,240,262,256,260,525,725,675,613,629,663,717,632,978,978,1004,941,815,860,1445,1639,1604,1295,957,1327,1910,2304,2352,1995,1526,1279,1812,1977,1514,1382,179,168,160,161,Default,
175778,53,49,48,44,37,37,36,213,223,225,229,504,682,640,592,621,658,707,617,1006,1002,1053,963,870,893,1498,1731,1674,1396,1040,1378,1995,2486,2529,2184,1666,1367,1961,2156,1713,1523,248,230,219,221,Default,
175794,47,44,43,29,23,23,22,180,189,192,194,488,654,613,572,596,635,667,584,1038,1072,1127,1016,945,924,1600,1833,1776,1500,1089,1422,2079,2640,2692,2380,1793,1453,2122,2340,1909,1653,305,286,273,277,Default,
175810,45,38,38,19,14,13,12,167,170,176,178,480,632,592,556,594,646,671,596,1059,1087,1168,1052,996,982,1714,1999,1925,1660,1243,1500,2193,2843,2914,2612,1999,1584,2337,2588,2155,1859,407,382,365,371,Default,
175826,46,41,41,11,4,3,2,159,160,166,168,443,558,524,499,590,634,658,589,1065,1115,1200,1077,1041,1036,1827,2144,2058,1788,1303,1591,2337,3084,3148,2865,2165,1724,2587,2860,2429,2039,588,549,526,530,Default,
175842,45,39,39,8,1,1,0,135,136,140,140,390,475,454,434,530,576,579,528,1007,1065,1139,1011,986,1050,1871,2226,2135,1870,1363,1635,2408,3265,3296,3115,2361,1819,2794,3114,2673,2262,825,791,747,751,Default,
175858,45,41,41,8,2,0,0,113,116,120,120,319,385,361,348,467,494,494,460,882,916,982,877,855,1055,1906,2255,2178,1926,1444,1657,2468,3296,3297,3297,2562,1888,2990,3294,2960,2495,1127,1106,1030,1019,Default,
175874,49,45,43,6,1,1,0,74,78,78,79,285,332,315,310,356,374,373,354,730,766,786,726,721,1019,1895,2180,2144,1907,1484,1633,2490,3298,3298,3297,2764,1944,3146,3297,3297,2745,1436,1437,1348,1303,Default,
175890,53,45,44,7,1,1,0,58,59,61,61,286,340,321,319,276,287,286,274,579,614,634,591,582,949,1803,2000,1986,1819,1447,1564,2611,3299,3298,3298,2927,2018,3242,3297,3298,2943,1701,1730,1645,1563,Default,
175906,49,44,44,7,1,1,0,36,58,61,60,255,306,285,285,194,198,198,192,489,527,547,517,508,876,1670,1758,1744,1652,1354,1483,2525,3298,3299,3298,3056,1976,3271,3297,3298,3142,1927,1951,1931,1774,Default,
175922,49,41,39,5,1,0,0,48,61,61,62,167,273,264,262,67,60,61,60,356,389,404,384,389,721,1467,1488,1460,1430,1205,1275,2077,3296,3299,3298,3107,1721,3222,3298,3297,3258,2070,2073,2146,1947,Default,
175938,45,35,35,7,1,1,0,8,45,46,45,190,223,215,215,43,38,41,38,222,240,245,233,235,574,1250,1218,1173,1183,1025,1022,1785,3138,3296,3297,2985,1497,3047,3297,3297,3291,2132,2147,2314,2050,Default,
175954,35,29,28,4,0,0,0,23,43,44,44,151,178,168,160,37,32,33,31,138,148,149,145,144,467,1077,1031,965,1032,887,834,1479,2714,2921,3215,2770,1246,2728,3162,3297,2997,2068,2122,2377,2072,Default,
175970,33,25,25,5,1,0,0,8,48,51,51,107,132,124,123,31,23,24,22,70,73,73,70,70,373,942,923,850,961,804,556,1432,2139,2341,2826,2425,1120,2084,2629,2963,2521,1782,1915,2282,1935,Default,
175986,17,10,9,4,1,0,0,11,45,46,47,73,101,95,94,22,15,14,14,20,15,12,12,12,235,823,762,718,874,667,301,1096,1401,1666,2189,1670,794,1256,1795,2008,1674,1260,1485,1842,1502,Default,
176002,15,6,4,3,1,0,0,2,42,42,44,51,82,72,72,20,8,8,8,12,8,5,5,5,138,661,575,569,731,480,157,845,803,1023,1486,970,497,607,783,918,795,729,831,1106,858,Default,
176018,16,6,3,4,0,0,0,1,35,34,36,30,76,58,60,15,9,6,5,11,9,6,6,7,74,378,307,265,381,239,103,590,402,435,782,476,308,302,434,467,472,338,326,472,315,Default,
176034,14,8,4,4,1,1,0,1,29,28,30,24,54,35,33,17,9,6,5,9,9,4,4,6,57,158,124,87,139,92,87,352,161,141,362,220,161,135,219,211,193,105,89,147,88,Default,
176050,9,7,3,1,1,0,0,0,6,17,20,16,49,35,25,12,4,4,1,4,4,1,1,1,4,62,60,33,44,23,61,156,40,53,186,62,65,25,101,89,46,12,10,14,4,Default,
176066,0,0,0,0,0,0,0,1,24,30,12,25,74,45,31,8,3,2,1,1,1,1,0,0,0,1,25,10,8,3,29,41,25,35,67,8,16,8,12,11,3,4,2,0,0,Default,
176082,0,0,0,0,0,1,1,28,26,36,19,25,83,48,30,9,4,4,2,1,1,0,0,0,0,1,10,6,4,3,25,29,19,26,48,16,10,4,2,4,2,1,0,0,0,Default,
176098,0,0,0,0,0,0,0,0,25,33,16,26,82,43,24,9,7,3,1,1,1,0,0,0,0,1,9,7,8,4,21,27,24,25,34,12,19,20,8,12,4,6,1,0,0,Default,
176114,0,0,0,0,0,0,0,0,4,30,13,26,86,47,22,8,5,3,0,1,0,0,0,0,0,1,4,6,8,4,16,23,15,10,24,12,17,16,6,9,3,4,1,0,0,Default,
176130,0,0,0,0,0,0,0,0,18,29,16,24,95,37,22,8,7,3,1,1,0,0,0,0,0,0,2,4,8,3,10,16,9,4,15,3,17,21,7,10,3,4,1,0,0,Default,
176146,0,0,0,0,0,0,0,1,21,29,16,24,97,35,23,7,4,3,1,1,0,0,0,0,1,0,2,4,8,4,8,9,6,3,7,6,12,23,6,9,4,6,1,0,0,Default,
176162,0,0,0,0,0,0,0,4,23,29,16,23,103,40,23,8,5,2,0,1,1,0,0,0,0,0,1,2,3,2,6,6,3,1,2,0,5,17,4,11,3,4,1,0,0,Default,
176178,0,0,0,0,0,0,0,18,24,29,15,22,102,31,20,8,5,2,1,0,0,0,0,0,0,0,2,6,10,4,8,7,4,1,4,4,11,16,4,10,4,4,1,0,0,Default,
176194,0,0,0,0,0,1,2,25,27,29,16,21,104,32,22,7,4,2,1,1,0,0,0,0,0,0,0,1,3,3,6,5,3,3,2,2,11,12,4,6,3,3,1,0,0,Default,
176210,0,0,0,0,0,1,0,7,23,29,15,24,106,33,19,8,4,2,0,1,0,0,0,0,0,0,0,2,5,3,6,5,3,0,1,1,6,9,3,6,2,2,0,0,0,Default,
176226,0,0,0,0,0,0,0,1,22,27,15,24,105,35,19,5,3,1,1,0,0,0,0,0,0,0,1,2,8,3,4,5,3,0,2,1,7,8,2,4,2,2,0,0,0,Default,
176242,0,0,0,0,0,0,0,1,20,28,13,27,110,37,22,8,5,2,1,1,0,0,0,0,0,1,1,2,6,3,7,5,3,1,1,1,6,8,3,5,2,3,1,0,0,Default,
176258,0,0,0,0,0,0,0,1,20,29,14,24,117,44,24,8,4,2,1,1,0,0,0,0,0,0,1,2,5,3,6,4,3,2,3,2,10,12,4,8,3,2,0,0,0,Default,
176274,0,0,0,0,0,1,0,0,19,29,13,28,117,39,20,8,4,2,0,1,0,0,0,0,0,1,0,1,1,1,1,5,4,2,4,4,12,12,4,10,2,3,1,0,0,Default,
176290,0,0,0,0,0,0,0,0,4,29,12,29,120,37,21,9,6,3,1,1,0,0,0,0,0,0,1,0,0,0,1,3,3,2,3,3,10,16,5,11,4,4,1,1,0,Default,
176306,0,0,0,0,0,0,0,0,5,26,11,33,124,44,26,10,5,3,2,1,0,0,0,0,0,1,2,3,3,1,7,9,5,3,5,3,13,22,6,12,4,4,1,0,0,Default,
176322,0,0,0,0,0,0,0,0,2,26,13,32,132,43,24,10,6,3,1,2,0,0,0,0,0,1,2,3,3,2,6,9,5,3,6,3,14,23,6,13,4,4,1,0,0,Default,
176338,0,0,0,0,0,0,0,0,6,27,12,31,134,42,25,10,6,3,1,1,0,0,0,0,0,0,3,4,4,2,8,8,4,2,4,1,16,25,7,15,4,5,1,0,0,Default,
176354,0,0,0,0,0,0,0,0,2,24,12,31,135,44,25,10,6,3,1,2,1,0,0,0,0,1,6,5,4,2,8,8,4,2,4,2,13,21,7,14,4,4,1,0,0,Default,
176370,0,0,0,0,0,0,0,0,0,19,11,31,135,43,23,10,5,3,1,2,1,0,0,0,0,1,7,5,4,2,8,11,7,3,8,4,15,20,6,15,4,4,1,0,0,Default,
176386,0,0,0,0,0,0,0,0,1,18,10,32,137,46,24,9,7,3,1,1,1,0,0,0,1,1,9,5,4,3,8,13,8,4,8,4,18,17,5,12,3,4,1,1,0,Default,
176402,0,0,0,0,0,0,0,0,0,16,11,27,128,46,24,10,6,3,1,1,0,0,0,0,0,0,1,2,2,1,4,12,8,4,7,4,16,20,6,14,4,3,1,0,0,Default,
176418,0,0,0,0,0,0,0,0,3,20,9,29,135,40,27,10,5,3,1,1,0,1,0,0,0,0,1,2,2,1,7,13,7,4,8,4,16,16,5,17,4,4,1,0,0,Default,
176434,0,0,0,0,0,0,0,0,3,19,10,29,145,41,27,9,5,3,1,1,0,1,0,0,0,1,19,10,8,4,11,14,9,6,8,8,16,16,6,16,4,4,1,0,0,Default,
176450,0,0,0,0,0,0,0,0,7,20,8,33,149,46,30,11,5,3,1,2,1,0,0,0,0,1,18,6,7,4,12,16,11,6,9,8,16,19,6,15,4,5,0,0,0,Default,
176466,0,57,39,30,33,25,12,57,65,66,45,53,185,51,33,9,2,1,1,1,0,0,0,0,0,1,11,6,9,3,12,6,3,2,3,1,15,14,4,6,1,1,0,0,0,Default,
176482,840,895,895,381,404,331,84,305,390,355,146,269,381,304,94,11,3,2,1,7,9,9,4,3,16,7,5,4,3,1,13,3,2,1,1,2,16,12,6,7,3,4,0,0,0,Default,
176498,1628,1865,1958,996,1184,959,220,639,766,755,351,421,533,489,192,18,11,11,8,42,37,39,31,8,14,6,4,3,2,0,15,4,2,1,4,4,20,14,10,9,2,5,1,0,0,Default,
176514,2118,2313,2504,1581,2030,1575,414,1067,1287,1304,928,574,705,669,390,45,39,37,36,39,33,33,29,7,34,26,24,24,7,3,43,33,27,26,17,6,32,26,23,8,3,4,0,0,0,Default,
176530,2559,2723,2922,2159,2715,2140,664,1658,2030,2052,1002,1033,1280,1222,633,57,51,50,48,32,26,27,24,6,36,29,28,25,6,3,52,43,40,37,13,6,43,37,33,10,4,6,1,0,0,Default,
176546,2664,2833,2920,2476,3160,2440,903,2192,2688,2650,1319,1448,1778,1705,972,137,128,126,120,29,22,21,20,6,41,38,34,34,8,4,124,121,116,104,22,4,45,42,38,9,4,7,0,0,0,Default,
176562,2434,2585,2613,2796,3298,2819,2795,2636,3186,3014,2321,1745,2130,1960,1637,530,521,533,493,230,219,218,222,72,196,200,194,193,44,8,206,207,198,192,45,8,72,66,62,36,6,7,1,0,0,Default,
176578,0,0,0,2872,3295,2882,2943,2716,3273,3102,2468,1886,2307,2130,1813,780,788,826,721,594,576,558,540,294,534,577,568,577,175,16,407,409,385,372,215,27,155,157,145,107,16,6,1,0,0,Default,
176594,0,0,0,2521,3232,2543,1331,2677,3114,3052,1930,1920,2309,2165,1521,936,936,999,771,972,935,895,772,406,670,741,744,707,282,89,619,634,592,532,384,119,260,265,241,184,82,11,4,2,2,Default,
176610,4,1,0,2519,3190,2527,1375,2676,3127,3084,2012,1928,2333,2208,1596,989,1002,1070,832,1115,1079,1040,893,455,811,916,918,846,384,198,796,820,775,688,511,256,321,327,300,234,219,16,8,7,6,Default,
176626,2221,2192,2238,2465,3125,2486,1405,2653,3111,3083,2064,1931,2354,2235,1645,1039,1064,1135,883,1218,1181,1139,983,493,881,1008,1018,931,450,240,921,964,916,804,605,327,373,382,350,279,294,20,10,8,8,Default,
176642,2105,2076,2098,2317,2950,2371,1416,2512,2993,2991,2093,1905,2349,2248,1701,1081,1122,1198,933,1334,1311,1267,1108,592,965,1129,1140,1037,562,312,1092,1167,1127,986,758,440,507,530,493,384,384,18,11,10,9,Default,
176658,1818,1810,1813,2093,2676,2174,1370,2271,2768,2793,2041,1805,2272,2180,1692,1085,1138,1220,958,1394,1376,1326,1181,659,1023,1240,1251,1142,646,386,1238,1343,1308,1146,894,566,652,691,654,488,476,32,26,24,20,Default,
176674,1459,1478,1489,1751,2209,1934,1278,1936,2416,2454,1854,1624,2124,2040,1600,1028,1092,1176,924,1362,1360,1322,1186,689,1034,1308,1322,1218,708,493,1327,1483,1455,1266,990,681,771,833,791,570,567,37,32,29,29,Default,
176690,1124,1145,1173,1339,1595,1484,1016,1519,1826,1868,1549,1423,1897,1815,1455,961,1024,1123,873,1300,1296,1260,1147,706,989,1288,1316,1232,750,534,1353,1542,1542,1365,1074,748,829,927,889,634,642,44,36,36,36,Default,
176706,858,849,901,920,996,978,736,1184,1422,1437,1244,1236,1676,1609,1324,894,957,1065,829,1215,1210,1179,1083,707,920,1245,1280,1227,783,562,1339,1558,1586,1446,1160,816,870,1011,989,706,719,43,37,33,33,Default,
176722,609,595,644,562,568,567,471,870,1011,1047,945,1066,1454,1378,1157,829,886,993,779,1143,1129,1105,1023,713,874,1212,1276,1242,841,601,1304,1542,1618,1531,1264,883,903,1095,1111,797,801,47,39,38,39,Default,
176738,441,431,469,354,339,335,302,637,725,754,696,911,1236,1152,980,773,818,926,729,1098,1069,1048,970,718,841,1198,1290,1270,902,643,1285,1535,1699,1627,1375,961,948,1204,1259,889,868,62,54,52,52,Default,
176754,6,1,1,226,215,211,200,503,580,583,559,783,1048,970,843,730,774,879,701,1065,1028,1011,940,729,830,1210,1326,1313,963,692,1275,1542,1771,1718,1468,1049,983,1296,1374,976,932,70,61,58,58,Default,
176770,6,2,1,145,141,137,132,397,457,464,436,692,933,871,761,684,715,807,650,1033,990,981,908,740,816,1232,1369,1351,1023,739,1257,1565,1855,1832,1585,1127,1035,1402,1503,1092,1016,91,83,79,80,Default,
176786,8,1,1,120,112,113,109,310,344,342,334,624,833,781,690,650,668,754,617,1005,942,945,877,743,813,1255,1417,1399,1082,775,1257,1669,1960,1952,1687,1207,1093,1505,1636,1208,1086,105,95,91,93,Default,
176802,8,1,1,100,95,92,89,291,324,320,327,567,769,721,643,624,649,704,596,992,936,925,872,743,823,1319,1481,1458,1147,829,1276,1734,2085,2085,1780,1308,1157,1637,1795,1326,1174,130,120,114,116,Default,
176818,51,45,45,73,66,64,62,272,301,296,301,545,737,688,621,617,635,684,600,982,943,945,890,768,846,1388,1554,1529,1227,883,1320,1822,2225,2251,1917,1406,1251,1789,2001,1499,1272,165,150,143,145,Default,
176834,49,44,44,46,39,39,39,227,246,246,245,509,679,637,584,599,617,655,571,992,957,970,884,790,866,1452,1629,1587,1296,923,1345,1907,2383,2402,2056,1484,1325,1914,2167,1664,1369,214,198,186,190,Default,
176850,38,32,32,22,16,16,15,177,183,185,186,484,635,596,552,585,599,614,550,990,957,983,887,804,893,1530,1720,1694,1388,1003,1380,1983,2522,2574,2198,1610,1397,2058,2340,1818,1498,275,254,241,247,Default,
176866,40,36,35,22,16,16,16,147,151,153,154,464,600,556,525,589,609,626,559,1044,1010,1044,931,857,935,1628,1831,1788,1486,1057,1460,2107,2708,2752,2373,1733,1513,2234,2532,2006,1625,368,346,326,332,Default,
176882,43,38,37,11,3,2,1,136,137,139,140,433,538,505,479,580,604,613,552,1080,1053,1073,959,902,1003,1749,1966,1919,1616,1162,1566,2246,2931,2973,2597,1916,1654,2459,2779,2244,1807,501,472,447,452,Default,
176898,43,38,39,8,1,0,0,122,121,124,124,409,497,467,443,559,579,579,532,1090,1050,1068,953,898,1040,1850,2070,2034,1717,1227,1626,2375,3109,3208,2794,2061,1778,2663,3023,2456,1977,681,655,610,607,Default,
176914,46,41,41,7,1,0,0,106,106,107,107,363,431,406,387,534,542,535,502,1069,1028,1052,929,884,1090,1935,2143,2106,1767,1301,1750,2494,3287,3297,2976,2225,1882,2858,3234,2649,2163,893,885,800,788,Default,
176930,49,45,43,7,2,0,0,57,61,61,62,324,374,354,345,442,443,439,416,984,953,986,878,838,1098,1995,2180,2130,1802,1362,1787,2717,3296,3297,3291,2379,2022,3040,3295,2866,2346,1165,1165,1047,1020,Default,
176946,48,42,40,6,1,0,0,54,58,58,58,245,349,320,316,312,315,310,298,816,836,841,769,732,1067,2019,2125,2082,1778,1368,1764,2756,3297,3298,3296,2474,2071,3164,3298,3050,2478,1400,1425,1280,1215,Default,
176962,48,43,43,7,1,0,0,41,59,61,61,264,310,289,286,211,206,200,196,729,732,763,707,689,1008,1897,1981,1907,1710,1336,1718,2707,3297,3298,3297,2577,2051,3222,3297,3297,2611,1637,1646,1523,1385,Default,
176978,48,40,39,5,1,0,0,13,58,58,58,194,286,271,273,114,104,103,95,466,550,556,516,512,875,1740,1707,1637,1497,1229,1580,2620,3298,3296,3297,2644,1994,3222,3298,3299,2703,1886,1900,1818,1598,Default,
176994,41,35,34,7,1,0,0,17,60,61,61,160,237,224,221,53,45,43,42,329,393,382,364,358,776,1554,1460,1371,1282,1090,1430,2168,3296,3297,3298,2628,1757,3168,3297,3297,2719,2039,2033,2014,1731,Default,
177010,39,33,33,6,1,1,0,11,46,47,46,174,197,188,184,33,25,25,25,254,258,255,244,241,657,1381,1264,1165,1140,969,1203,1973,3147,3292,3159,2484,1596,2998,3297,3297,2647,2116,2098,2150,1786,Default,
177026,36,27,26,6,1,1,1,14,43,41,44,142,162,156,154,33,23,23,22,166,165,160,157,157,568,1249,1167,1061,1104,918,974,1739,2743,2907,2880,2341,1401,2664,3144,3089,2501,2083,2098,2222,1811,Default,
177042,25,17,16,5,1,1,0,8,45,46,46,103,117,110,109,33,24,24,24,105,104,99,99,98,454,1169,1108,1003,1094,844,691,1605,2143,2300,2417,1864,1208,2022,2566,2586,2006,1805,1869,2078,1600,Default,
177058,21,12,10,5,1,0,0,4,41,41,42,76,95,88,89,27,18,18,17,62,59,55,54,55,307,1010,919,847,961,639,397,1270,1442,1579,1768,1156,849,1188,1561,1526,1144,1285,1352,1530,1065,Default,
177074,18,6,5,7,1,0,0,1,32,30,38,46,83,71,74,17,8,14,13,26,22,19,20,19,154,679,621,547,661,391,177,920,850,875,1113,655,489,552,675,706,592,779,713,827,533,Default,
177090,20,14,12,5,1,1,0,1,33,32,33,33,66,51,51,20,11,10,8,20,22,16,15,16,95,368,314,248,317,194,113,630,423,367,636,352,289,291,385,375,344,381,293,384,225,Default,
177106,14,14,8,4,1,0,1,1,24,20,21,16,56,33,32,13,9,6,4,6,9,4,4,4,53,163,107,79,114,75,99,391,157,135,319,175,142,99,203,166,139,97,76,120,73,Default,
177122,8,3,2,1,0,1,0,1,12,16,12,20,56,32,22,11,6,3,1,4,3,1,1,1,12,58,43,22,38,11,58,154,47,39,165,29,56,20,73,65,10,11,6,9,3,Default,
177138,0,0,0,1,1,1,1,27,26,33,14,27,66,47,31,12,6,4,2,4,1,0,0,0,1,9,24,11,9,4,40,71,41,44,63,7,18,10,8,12,3,4,1,1,0,Default,
177154,0,0,0,0,1,6,5,28,28,37,16,25,68,48,29,9,5,3,2,2,1,0,0,0,0,0,1,3,4,2,21,26,19,29,45,9,16,12,7,9,3,4,1,1,2,Default,
177170,0,0,0,0,0,0,0,1,25,33,16,25,75,45,22,8,5,2,1,1,0,0,0,0,0,0,3,3,4,3,18,24,17,16,29,11,20,32,11,12,4,6,1,1,0,Default,
177186,0,0,0,0,0,0,0,1,19,26,12,25,83,38,20,6,5,3,0,1,1,0,0,0,0,0,1,2,4,3,13,27,14,7,19,12,18,27,7,6,4,5,0,0,0,Default,
177202,0,0,0,0,0,0,0,1,23,30,13,26,88,40,21,9,6,3,1,1,0,0,0,0,0,0,2,4,8,4,12,16,9,5,9,8,17,24,6,11,4,4,1,0,0,Default,
177218,0,0,0,0,1,1,1,28,24,32,17,26,95,40,18,8,4,2,1,1,0,0,0,0,0,1,1,1,2,2,13,10,7,4,7,9,17,24,6,10,5,4,1,0,0,Default,
177234,0,0,0,0,0,1,2,25,25,33,16,26,99,32,17,8,4,1,1,1,0,0,0,0,0,0,0,1,4,3,12,9,8,3,6,11,12,20,6,12,6,5,1,0,0,Default,
177250,0,0,0,0,0,2,1,25,25,34,16,25,103,30,16,9,5,2,1,1,0,0,0,0,0,1,1,1,5,3,9,8,6,1,1,5,13,18,5,8,6,5,1,0,0,Default,
177266,0,0,0,1,1,1,0,25,25,32,18,25,104,37,19,9,4,2,1,0,0,0,0,0,0,0,1,2,4,3,8,7,4,2,4,8,10,17,5,9,4,4,1,0,0,Default,
177282,0,0,0,0,0,1,1,25,23,33,20,26,105,34,22,13,6,2,1,0,0,0,0,0,0,0,0,0,0,0,0,1,1,0,0,2,8,6,4,10,5,4,0,0,0,Default,
177298,0,0,0,0,1,1,2,25,25,32,16,28,110,38,26,8,4,2,1,1,1,0,0,0,0,0,0,0,1,0,2,4,3,1,2,4,10,12,4,8,4,4,1,0,0,Default,
177314,0,0,0,0,0,0,0,3,24,31,16,27,111,45,22,8,4,2,0,0,0,0,0,0,0,0,0,0,1,1,1,3,3,1,3,2,10,16,4,8,4,2,1,0,0,Default,
177330,0,0,0,0,0,0,0,2,24,31,16,31,114,45,24,8,4,2,1,0,1,0,0,0,0,0,1,1,1,1,1,3,3,1,1,2,10,16,4,8,3,4,1,0,0,Default,
177346,0,0,0,0,0,0,0,1,23,31,15,31,113,41,25,8,4,1,1,1,0,0,0,0,0,0,1,0,1,1,1,3,4,1,4,4,12,15,4,9,2,3,1,0,0,Default,
177362,0,0,0,0,0,0,0,1,22,29,16,30,115,45,22,8,4,2,1,1,0,0,0,0,0,0,1,0,0,0,1,1,2,1,4,5,9,13,4,9,3,3,1,0,0,Default,
177378,0,0,0,0,0,0,0,1,20,28,13,31,120,39,23,9,5,1,1,1,0,0,0,1,0,0,1,1,1,0,2,6,5,2,4,4,11,13,4,8,3,4,1,0,0,Default,
177394,0,0,0,0,0,0,0,0,14,25,11,31,121,41,22,6,4,2,0,1,0,0,0,0,0,0,0,0,0,0,1,1,0,0,1,1,4,13,4,7,2,3,0,1,0,Default,
177410,0,0,0,0,0,0,0,0,6,22,12,27,120,41,20,8,4,2,1,1,0,0,0,0,1,0,0,0,0,0,0,0,0,0,1,0,1,14,4,9,2,3,0,0,0,Default,
177426,0,0,0,0,0,0,0,0,1,16,9,29,122,41,21,9,5,3,2,1,0,0,0,0,0,1,0,1,1,0,1,5,3,1,4,3,12,15,5,8,2,3,0,0,0,Default,
177442,0,0,0,0,0,0,0,0,1,6,7,33,126,40,21,11,6,3,1,2,1,0,0,0,0,0,1,1,1,1,4,9,5,3,7,4,13,13,4,10,3,4,1,0,0,Default,
177458,0,0,0,0,0,0,0,0,0,9,7,29,124,38,22,10,5,3,2,2,0,0,0,0,0,0,1,1,1,1,5,12,8,4,9,5,16,22,7,15,4,4,1,0,0,Default,
177474,0,0,0,0,1,0,0,0,5,20,12,29,131,41,29,11,5,3,1,2,1,0,0,0,1,1,12,9,6,3,11,14,8,5,7,4,15,18,6,10,3,4,1,1,0,Default,
177490,0,1,0,0,0,0,0,0,9,24,11,33,144,45,29,12,6,3,1,2,0,0,0,0,0,1,19,11,8,4,14,16,10,6,11,5,15,19,7,12,4,4,1,0,0,Default,
177506,0,0,0,0,0,0,0,0,10,20,10,30,148,45,29,9,4,3,2,2,0,0,0,0,0,1,13,9,8,2,11,14,7,4,10,4,15,11,4,5,1,2,1,0,0,Default,
177522,196,213,220,125,124,103,38,123,176,137,83,128,250,133,55,14,3,2,1,1,1,0,0,0,1,3,11,6,8,2,13,4,1,1,1,1,15,11,5,8,2,3,1,0,0,Default,
177538,1203,1373,1308,588,637,525,124,427,532,498,206,334,441,376,126,12,3,3,1,16,14,13,7,4,18,8,8,4,4,2,12,3,2,1,2,1,11,8,4,7,1,2,0,1,0,Default,
177554,1854,1982,2131,1211,1498,1131,339,787,923,931,631,468,573,541,271,40,33,31,29,46,39,41,34,8,24,16,15,14,4,2,20,12,9,7,11,5,20,12,9,9,1,4,1,0,0,Default,
177570,2393,2487,2562,1861,2297,1785,515,1338,1605,1600,777,768,928,881,470,45,40,39,38,38,33,33,29,8,32,24,23,21,6,3,54,49,45,41,16,7,38,32,28,9,4,6,0,0,0,Default,
177586,2568,2663,2839,2301,2829,2223,767,1939,2358,2320,1140,1269,1558,1502,804,84,75,74,72,32,26,26,22,5,36,29,27,17,8,1,93,87,84,77,20,8,45,33,37,6,2,8,2,0,0,Default,
177602,2484,2490,2569,2431,3016,2340,978,2329,2761,2673,1412,1582,1895,1781,1102,407,398,398,355,165,149,141,139,77,130,132,130,123,31,7,165,165,157,141,33,5,53,47,44,23,5,5,1,0,0,Default,
177618,0,0,0,2476,3089,2411,1148,2458,2953,2852,1676,1752,2137,2012,1334,700,700,736,568,441,426,406,381,232,408,436,439,445,127,19,330,335,316,286,136,26,123,124,112,80,14,7,1,0,0,Default,
177634,0,0,0,2371,3021,2393,1250,2452,2957,2894,1836,1800,2212,2098,1475,898,908,970,746,833,804,772,673,402,631,704,701,664,257,75,571,584,547,489,364,101,221,226,207,162,74,8,4,3,1,Default,
177650,5,1,0,2346,2979,2392,1342,2495,3010,2951,1981,1866,2307,2203,1617,1011,1036,1115,860,1103,1082,1040,909,477,792,905,905,838,385,182,776,810,757,680,523,238,313,317,290,235,229,16,7,4,4,Default,
177666,4,1,1,2291,2901,2356,1410,2479,3012,2984,2096,1916,2373,2295,1758,1090,1139,1225,954,1321,1309,1275,1130,544,909,1070,1072,982,488,265,985,1044,1003,893,636,367,398,412,381,305,344,18,12,9,8,Default,
177682,1939,1940,1969,2169,2757,2271,1463,2389,2954,2972,2204,1917,2427,2363,1894,1156,1217,1322,1048,1511,1513,1492,1369,737,1057,1279,1300,1175,680,391,1256,1361,1339,1199,900,571,589,617,587,477,488,25,18,16,16,Default,
177698,1749,1730,1770,1989,2524,2164,1459,2235,2819,2860,2190,1847,2376,2346,1907,1164,1235,1349,1082,1583,1612,1604,1506,891,1135,1424,1451,1314,843,480,1430,1591,1587,1434,1115,698,778,829,804,640,626,34,26,25,24,Default,
177714,1467,1452,1484,1720,2151,1900,1326,1952,2516,2557,2056,1688,2224,2210,1836,1122,1210,1329,1075,1542,1594,1587,1521,947,1122,1451,1485,1368,908,546,1499,1712,1737,1598,1230,806,895,976,948,741,750,41,34,31,32,Default,
177730,1136,1143,1179,1290,1486,1442,1056,1578,2023,2060,1757,1481,1991,2000,1687,1028,1117,1248,1015,1427,1494,1512,1476,982,1055,1407,1467,1378,963,598,1475,1729,1790,1696,1357,913,947,1070,1051,831,830,44,37,36,35,Default,
177746,849,833,893,891,942,956,753,1177,1408,1497,1338,1264,1712,1743,1492,924,1003,1147,940,1295,1342,1386,1369,957,974,1326,1424,1362,989,641,1412,1678,1806,1761,1451,1004,977,1153,1162,912,909,54,42,41,41,Default,
177762,615,601,654,544,558,553,482,860,1027,1070,1003,1055,1447,1454,1277,836,893,1049,856,1164,1201,1241,1249,903,895,1247,1376,1331,999,668,1334,1603,1784,1794,1502,1074,980,1210,1256,969,974,66,55,53,55,Default,
177778,418,406,440,335,319,319,294,624,710,750,723,883,1191,1174,1044,755,792,947,774,1054,1057,1102,1115,841,832,1174,1337,1314,1016,692,1265,1532,1782,1823,1562,1121,976,1276,1370,1034,1029,73,65,62,62,Default,
177794,6,1,1,182,176,174,169,456,526,543,523,730,991,978,862,672,698,831,676,966,957,980,971,766,783,1142,1334,1304,1028,718,1208,1583,1827,1865,1621,1248,1011,1349,1467,1125,1122,82,73,70,71,Default,
177810,173,169,175,127,116,116,113,335,377,385,376,625,852,845,737,605,626,727,601,900,882,895,873,714,761,1161,1366,1338,1060,810,1173,1571,1867,1921,1669,1274,1029,1420,1554,1193,1144,97,87,82,84,Default,
177826,104,100,100,106,98,96,95,254,269,268,265,551,767,743,650,550,576,660,557,844,824,834,805,693,739,1169,1377,1347,1089,811,1144,1586,1917,1983,1732,1311,1064,1497,1660,1289,1192,109,99,95,99,Default,
177842,61,56,53,82,73,71,70,254,279,277,281,493,701,660,596,526,538,594,519,815,792,792,750,666,738,1198,1424,1376,1138,844,1144,1645,2015,2076,1815,1377,1116,1609,1783,1392,1267,120,112,107,111,Default,
177858,48,41,41,52,44,42,41,223,241,243,246,463,642,606,554,510,530,574,513,792,777,793,746,659,744,1238,1467,1421,1189,891,1158,1704,2124,2182,1907,1476,1169,1724,1929,1522,1379,146,136,129,136,Default,
177874,39,34,33,36,29,29,29,178,189,194,196,422,573,551,504,470,492,529,465,790,770,799,724,670,750,1276,1523,1467,1249,932,1170,1750,2258,2296,2041,1585,1221,1840,2074,1668,1482,188,178,173,178,Default,
177890,37,32,31,23,16,15,15,165,174,178,181,395,545,519,483,439,464,485,437,774,762,804,712,679,762,1330,1584,1532,1322,986,1193,1826,2415,2458,2209,1709,1295,1986,2255,1855,1599,266,249,238,248,Default,
177906,41,36,35,12,8,6,6,141,166,172,173,313,496,474,446,376,445,458,412,687,730,770,673,646,795,1388,1652,1625,1398,1055,1256,1915,2578,2640,2391,1863,1377,2147,2445,2047,1757,362,341,326,343,Default,
177922,41,38,37,12,4,2,2,146,151,157,158,355,460,440,418,418,447,464,422,779,789,853,739,721,833,1488,1776,1729,1509,1112,1305,2029,2781,2839,2611,2014,1498,2352,2677,2264,1914,502,476,457,475,Default,
177938,45,40,39,8,1,1,0,111,132,136,133,256,398,383,363,323,406,406,372,764,783,837,746,730,887,1625,1938,1897,1654,1239,1372,2180,2996,3102,2864,2231,1646,2599,2961,2537,2153,735,707,674,689,Default,
177954,50,45,44,7,1,1,0,105,107,111,112,298,361,343,332,355,379,382,358,700,719,741,679,669,916,1670,2001,1967,1731,1325,1438,2255,3188,3295,3080,2441,1733,2805,3205,2793,2396,982,974,910,927,Default,
177970,50,45,45,7,1,0,0,77,80,82,82,286,342,323,320,298,307,307,294,650,689,694,639,630,934,1753,2023,2006,1778,1398,1482,2462,3294,3297,3297,2645,1872,2984,3296,3081,2650,1272,1277,1193,1209,Default,
177986,49,45,44,7,1,1,0,37,59,58,60,236,292,273,270,229,240,240,233,524,573,584,547,537,896,1704,1919,1910,1721,1389,1470,2473,3297,3298,3298,2802,1899,3125,3297,3298,2848,1550,1583,1495,1464,Default,
178002,51,44,43,6,1,0,0,31,57,58,58,240,281,266,268,178,182,183,177,476,525,533,505,495,852,1619,1772,1765,1637,1341,1410,2457,3299,3297,3298,2928,1896,3186,3297,3297,3020,1765,1806,1763,1687,Default,
178018,49,43,42,7,1,0,0,29,56,58,58,238,285,273,271,63,60,59,60,408,456,474,451,453,755,1487,1550,1533,1480,1241,1285,2216,3297,3297,3298,3089,1777,3204,3297,3297,3292,1987,2013,2044,1906,Default,
178034,48,38,37,6,2,0,0,4,43,43,44,145,240,227,227,34,33,30,30,206,294,296,286,286,637,1306,1330,1297,1276,1105,1078,1894,3273,3297,3298,3061,1568,3138,3297,3298,3295,2127,2163,2264,2071,Default,
178050,38,32,31,5,1,1,0,4,42,43,43,157,182,170,170,33,28,28,26,180,192,189,182,186,534,1158,1114,1093,1106,966,934,1670,3001,3237,3297,2960,1399,2966,3297,3296,3295,2183,2237,2421,2174,Default,
178066,36,27,25,5,1,0,0,5,49,49,49,132,173,164,160,28,23,23,21,123,136,132,128,129,450,1025,989,938,999,875,733,1440,2632,2794,3125,2848,1211,2658,3138,3297,3042,2140,2198,2465,2197,Default,
178082,25,18,17,5,1,0,0,4,42,41,43,98,124,116,114,26,16,17,16,76,79,78,77,78,353,974,936,899,1015,833,500,1441,2063,2244,2722,2333,1115,2043,2607,2927,2487,1855,1992,2357,2016,Default,
178098,24,7,6,4,0,1,0,2,42,42,41,65,85,80,80,16,6,11,5,35,34,32,31,33,232,886,833,836,980,733,283,1146,1396,1670,2180,1631,836,1268,1827,1980,1678,1356,1559,1944,1587,Default,
178114,14,4,2,2,1,0,0,2,42,42,44,49,83,74,75,20,9,8,8,11,9,6,7,7,144,700,612,601,757,502,158,883,841,1042,1493,975,528,642,812,956,852,821,921,1188,924,Default,
178130,12,4,2,2,1,0,0,1,29,29,29,29,74,61,62,17,14,11,9,12,16,10,10,11,87,415,341,288,413,260,103,634,437,457,802,490,323,323,454,493,484,397,374,534,377,Default,
178146,12,5,3,3,1,0,0,1,25,24,23,20,60,39,39,14,9,7,5,8,10,5,4,6,58,177,134,103,152,102,90,355,174,162,377,229,161,144,243,236,219,133,116,182,116,Default,
178162,8,5,2,2,1,0,0,1,9,12,11,20,55,31,25,10,4,3,1,4,4,2,1,2,24,74,60,33,46,24,56,178,43,58,199,77,77,29,109,106,62,11,11,12,5,Default,
178178,0,0,0,0,0,0,0,0,0,8,13,21,69,41,29,8,4,1,1,1,0,0,1,0,0,4,25,10,8,3,26,55,30,41,73,8,20,8,22,13,3,4,3,1,1,Default,
178194,0,0,0,0,0,0,0,0,4,33,18,24,82,46,29,8,7,4,2,3,1,1,0,0,0,1,19,7,8,4,24,38,30,37,60,15,16,9,6,11,3,4,2,0,0,Default,
178210,0,0,0,0,0,0,0,0,2,28,12,25,82,45,20,8,6,2,1,1,0,0,0,0,0,1,8,6,8,4,19,29,22,29,46,14,19,26,10,13,4,6,1,0,0,Default,
178226,0,0,0,0,0,0,0,0,1,21,10,25,82,37,19,8,7,4,2,1,1,0,0,0,0,1,12,8,8,4,17,22,15,12,29,13,16,16,6,9,4,4,1,1,0,Default,
178242,0,0,0,0,0,0,0,0,1,24,12,23,87,37,20,6,6,3,1,1,1,1,0,0,0,1,5,5,9,4,12,21,13,8,17,9,16,24,6,11,3,5,1,0,0,Default,
178258,0,0,0,0,0,0,0,0,4,29,12,22,95,41,20,7,5,2,1,1,0,0,0,0,0,0,2,3,7,3,8,10,8,4,12,8,13,24,6,15,4,6,1,0,0,Default,
178274,0,0,0,0,0,0,0,0,7,29,12,24,99,37,24,8,4,2,1,1,0,0,0,0,0,0,0,1,4,4,10,11,8,4,9,10,12,24,6,12,4,5,1,0,0,Default,
178290,0,0,0,0,0,0,0,0,7,29,14,23,100,36,20,7,4,1,1,0,0,0,0,0,0,0,0,2,4,3,6,10,7,4,7,8,13,20,5,8,4,4,1,0,0,Default,
178306,0,0,0,0,0,0,0,0,12,29,12,23,105,31,20,8,5,2,1,1,0,0,0,0,0,0,1,3,7,4,8,9,6,2,5,11,11,16,4,12,6,5,1,0,0,Default,
178322,0,0,0,0,0,0,0,0,8,28,11,25,105,36,22,7,4,2,0,1,0,0,0,0,0,0,0,4,8,4,8,7,4,1,2,4,12,15,4,8,4,4,1,0,0,Default,
178338,0,0,0,0,0,0,0,1,20,28,14,24,107,37,20,7,4,2,1,0,0,0,0,0,0,0,2,6,9,4,8,8,6,3,3,3,10,12,4,4,3,3,1,0,0,Default,
178354,0,0,0,0,0,0,0,1,19,26,14,24,105,39,20,4,4,2,0,0,0,0,0,0,0,0,1,1,4,3,4,4,2,1,1,1,6,10,3,4,2,2,0,0,0,Default,
178370,0,0,0,0,0,0,0,1,17,27,14,22,110,43,23,7,4,1,1,1,0,0,0,0,0,0,1,3,6,3,7,5,3,1,2,1,4,14,4,6,3,3,1,0,0,Default,
178386,0,0,0,0,0,0,0,1,21,25,14,24,110,41,22,6,4,2,1,1,0,0,0,0,0,0,1,3,5,3,6,6,3,1,2,2,8,13,4,8,3,3,0,1,0,Default,
178402,0,0,0,0,0,0,0,0,19,27,14,28,115,40,29,8,4,1,1,0,1,0,0,0,0,0,1,2,4,2,7,8,4,2,7,4,12,14,4,12,3,4,1,0,0,Default,
178418,0,0,0,0,0,0,0,1,20,26,13,28,120,41,26,8,4,1,1,0,0,0,0,0,0,0,0,1,1,0,2,6,4,2,4,3,12,15,4,10,3,4,1,0,0,Default,
178434,0,0,0,0,0,0,0,1,9,25,12,29,117,45,28,8,4,2,1,1,0,0,0,0,0,0,1,0,1,0,2,7,6,3,7,4,13,16,4,11,3,4,0,0,0,Default,
178450,0,0,0,0,0,0,0,0,6,25,12,30,120,43,28,8,4,1,1,0,0,0,0,0,0,0,1,0,1,0,1,4,4,3,4,3,13,20,6,12,3,4,1,0,0,Default,
178466,0,0,0,0,0,0,0,0,6,22,11,28,121,46,26,8,4,2,1,0,0,0,0,0,1,0,0,0,0,0,1,2,3,1,3,1,12,20,4,12,3,3,1,0,0,Default,
178482,0,0,0,0,0,0,0,0,3,20,9,29,121,43,29,9,4,1,1,0,0,0,0,0,0,0,0,0,0,0,1,2,3,2,4,3,14,20,6,14,3,4,1,0,0,Default,
178498,0,0,0,0,0,0,1,0,0,12,8,29,123,45,25,8,4,2,1,1,0,0,0,0,0,0,1,2,4,3,6,9,6,3,7,3,17,20,6,14,3,4,1,1,0,Default,
178514,0,0,0,0,0,0,0,0,0,7,8,29,125,41,25,11,4,3,2,1,0,0,0,0,0,0,2,3,4,2,8,12,8,4,10,4,15,19,5,13,3,4,1,1,0,Default,
178530,0,0,0,0,0,0,0,0,0,9,8,29,124,45,26,9,6,3,1,2,1,0,0,0,0,1,3,4,4,3,8,13,8,4,9,4,17,18,5,12,3,4,1,0,0,Default,
178546,0,0,0,0,0,0,0,0,1,17,9,29,131,42,29,10,6,3,1,1,1,1,0,0,0,1,4,6,4,3,11,16,11,6,11,11,15,18,6,16,5,4,1,0,0,Default,
178562,0,0,0,0,0,0,0,0,1,20,12,29,139,45,27,10,5,3,2,1,0,0,0,0,0,1,14,8,6,3,12,17,12,7,11,11,14,14,4,12,5,5,1,0,0,Default,
178578,0,0,0,0,0,0,0,0,2,22,11,27,136,44,27,11,6,3,2,1,0,0,0,0,0,1,8,5,4,2,10,15,12,6,10,4,12,12,4,9,2,3,1,0,0,Default,
178594,76,116,82,58,70,49,25,84,107,84,71,74,189,67,40,12,3,0,1,2,0,0,0,0,0,2,8,5,9,3,12,4,1,1,2,1,16,12,5,7,2,1,1,0,0,Default,
178610,907,1064,1093,422,451,364,103,339,447,418,182,278,392,319,105,11,3,2,2,13,19,11,12,4,26,14,12,3,5,3,20,3,1,1,2,1,16,9,5,8,3,3,1,0,0,Default,
178626,1539,1751,1881,957,1144,933,223,614,762,750,373,394,500,459,193,13,6,6,4,41,37,37,27,7,24,16,14,12,4,1,16,6,3,2,6,3,19,13,9,9,2,3,1,0,0,Default,
178642,2043,2169,2397,1465,1890,1494,422,1024,1264,1281,673,551,687,656,363,43,37,34,33,41,35,36,29,7,35,26,25,24,6,3,43,33,31,26,16,7,29,21,17,8,3,6,1,0,0,Default,
178658,2458,2637,2868,2097,2676,2114,714,1700,2126,2143,1090,1091,1356,1319,718,55,47,45,45,35,27,25,25,8,35,26,25,23,5,3,73,72,69,62,16,4,40,33,32,8,3,6,0,1,0,Default,
178674,2535,2790,2849,2395,3102,2390,965,2198,2754,2691,1427,1496,1853,1761,1085,270,270,268,257,51,45,41,41,33,99,98,99,95,21,6,145,142,136,126,27,5,45,39,37,19,4,6,1,0,0,Default,
178690,2363,2557,2628,2508,3259,2543,1220,2529,3083,3030,1795,1794,2229,2114,1415,703,709,746,592,422,414,395,372,257,419,451,462,464,135,12,362,368,348,313,157,21,138,138,124,87,12,8,1,0,0,Default,
178706,2209,2364,2461,2459,3192,2518,1334,2578,3099,3071,1968,1887,2334,2212,1563,917,928,994,768,872,859,829,731,466,694,784,780,738,302,120,648,667,626,559,451,164,281,289,261,203,128,4,1,0,0,Default,
178722,2233,2271,2371,2439,3135,2492,1397,2605,3062,3076,2060,1936,2375,2259,1661,1010,1030,1098,854,1162,1133,1098,960,541,845,964,960,897,427,251,867,907,860,758,617,329,389,404,364,286,309,16,7,4,4,Default,
178738,2131,2164,2247,2389,3063,2454,1455,2597,3054,3072,2142,1956,2405,2290,1737,1084,1119,1197,941,1357,1334,1294,1139,620,972,1133,1142,1056,540,302,1069,1133,1088,957,746,424,493,514,471,372,397,16,8,7,7,Default,
178754,2014,2064,2130,2300,2952,2393,1488,2541,3009,3055,2205,1960,2445,2333,1828,1119,1164,1241,984,1521,1506,1478,1309,723,1086,1299,1320,1211,668,377,1242,1338,1300,1144,891,538,610,643,602,468,468,24,16,16,15,Default,
178770,1820,1867,1911,2139,2773,2258,1465,2395,2878,2935,2188,1894,2400,2292,1836,1124,1189,1266,1014,1566,1567,1535,1380,787,1158,1428,1449,1328,746,428,1378,1502,1466,1296,999,604,730,784,738,554,521,37,31,30,29,Default,
178786,1560,1593,1625,1934,2512,2122,1389,2138,2627,2690,2065,1753,2259,2164,1741,1073,1143,1221,979,1528,1545,1515,1365,812,1164,1487,1504,1373,795,472,1465,1624,1587,1393,1060,674,823,899,846,612,577,42,35,33,29,Default,
178802,1236,1287,1319,1575,2010,1732,1201,1799,2238,2271,1820,1556,2059,1958,1597,1011,1085,1162,928,1445,1473,1441,1314,791,1112,1467,1496,1376,821,504,1471,1681,1654,1467,1115,721,879,973,928,663,631,53,46,43,41,Default,
178818,956,980,1029,1149,1359,1263,920,1381,1642,1704,1457,1350,1808,1722,1418,946,1010,1091,871,1323,1340,1318,1202,754,1031,1406,1456,1344,829,521,1431,1650,1656,1491,1157,753,895,1022,980,699,673,48,40,37,36,Default,
178834,672,690,741,714,786,750,604,1000,1194,1226,1097,1127,1530,1459,1207,852,910,986,787,1187,1202,1174,1076,712,939,1336,1397,1315,849,604,1354,1603,1644,1507,1197,832,903,1075,1044,739,750,53,46,44,43,Default,
178850,460,460,496,411,413,406,356,691,804,827,766,953,1312,1224,1023,785,830,914,727,1092,1089,1060,981,676,883,1300,1383,1314,869,623,1307,1554,1646,1538,1252,877,910,1135,1129,791,791,56,50,45,45,Default,
178866,331,326,353,267,261,255,236,526,601,602,565,840,1157,1065,883,732,770,852,679,1042,1023,996,919,676,848,1263,1382,1310,908,646,1270,1535,1683,1582,1325,927,929,1204,1217,848,837,68,62,60,58,Default,
178882,219,218,231,165,156,158,150,408,472,468,439,727,1011,920,779,658,696,770,620,984,953,932,858,668,812,1260,1404,1320,941,677,1231,1612,1754,1650,1392,990,976,1293,1309,921,899,68,61,58,58,Default,
178898,135,136,138,124,116,117,111,329,379,375,356,650,904,831,706,605,638,702,572,937,899,878,811,664,795,1287,1442,1351,999,708,1210,1620,1819,1720,1487,1041,1011,1386,1413,1006,956,83,73,70,70,Default,
178914,88,85,85,106,98,95,93,273,302,298,286,589,819,748,650,581,601,658,549,916,873,858,791,669,789,1304,1457,1363,1032,723,1217,1659,1886,1813,1556,1081,1061,1459,1517,1076,994,103,95,90,91,Default,
178930,51,45,45,83,75,74,73,256,281,275,276,553,766,704,628,580,598,643,552,878,870,863,811,677,795,1355,1505,1420,1074,752,1235,1731,1989,1947,1641,1155,1126,1572,1636,1179,1053,122,113,107,107,Default,
178946,39,35,34,55,49,47,46,228,253,248,249,527,725,674,610,593,612,660,575,887,878,877,811,704,816,1423,1569,1488,1151,795,1273,1826,2139,2095,1777,1241,1206,1698,1799,1334,1138,142,130,123,123,Default,
178962,42,38,38,38,32,32,32,204,219,218,220,505,677,634,580,605,632,667,579,942,934,954,866,769,862,1519,1677,1597,1261,884,1323,1919,2298,2263,1941,1384,1295,1834,1985,1518,1287,175,161,154,160,Default,
178978,45,40,40,25,20,19,19,175,183,186,188,506,670,626,580,613,646,673,589,1005,1013,1048,945,858,920,1625,1836,1745,1411,981,1393,2041,2515,2498,2151,1531,1407,2022,2210,1757,1441,252,233,225,224,Default,
178994,36,31,30,18,11,11,11,156,158,161,161,490,627,592,557,632,656,686,607,1064,1076,1124,1015,949,984,1735,2001,1903,1571,1107,1500,2200,2756,2780,2428,1754,1562,2262,2491,2038,1653,370,347,332,334,Default,
179010,40,35,34,13,4,4,3,145,147,150,151,469,586,551,522,645,683,711,627,1102,1140,1174,1065,1007,1054,1914,2150,2084,1746,1246,1598,2454,3009,3065,2707,1991,1743,2507,2785,2292,1884,533,501,480,482,Default,
179026,39,37,37,9,2,1,0,140,141,143,144,432,526,498,476,611,642,657,595,1094,1111,1160,1053,1005,1086,1973,2222,2172,1848,1315,1662,2454,3196,3292,2963,2189,1832,2732,3071,2571,2113,752,721,679,673,Default,
179042,41,37,36,8,1,1,1,117,117,120,120,388,468,440,425,563,583,592,542,985,1000,1030,936,895,1099,2010,2269,2231,1900,1406,1711,2516,3296,3297,3293,2398,1915,2938,3291,2819,2344,1009,994,906,904,Default,
179058,43,39,38,7,1,0,0,66,73,74,74,323,381,361,350,461,471,471,443,854,869,899,816,789,1068,1994,2231,2209,1908,1456,1678,2546,3297,3298,3297,2571,1958,3088,3297,3106,2561,1277,1264,1170,1147,Default,
179074,44,40,37,6,1,1,0,46,46,48,45,286,339,319,314,327,335,330,322,688,697,727,670,653,999,1918,2084,2085,1841,1447,1607,2648,3297,3297,3297,2734,2010,3192,3297,3297,2759,1533,1557,1429,1381,Default,
179090,45,37,37,8,2,0,0,36,59,58,58,198,292,273,272,207,222,222,215,452,555,584,544,531,909,1770,1855,1850,1678,1362,1502,2567,3297,3298,3298,2844,1977,3216,3297,3298,2909,1717,1755,1670,1575,Default,
179106,40,35,34,6,1,0,0,54,55,55,55,233,279,266,263,104,97,95,95,448,478,504,472,471,742,1542,1549,1525,1434,1204,1370,2292,3297,3297,3298,2906,1820,3181,3298,3297,3005,1901,1931,1913,1762,Default,
179122,37,31,31,6,1,0,0,6,45,45,46,203,246,235,230,52,44,44,41,257,273,281,268,266,650,1347,1301,1251,1213,1059,1141,1938,3229,3298,3297,2877,1597,3074,3297,3298,3048,2025,2070,2094,1901,Default,
179138,33,29,27,6,1,0,0,7,43,44,44,165,194,186,183,29,21,21,20,178,187,186,181,180,547,1190,1101,1047,1048,916,960,1700,2884,3154,3162,2651,1402,2819,3295,3297,2892,2050,2116,2231,1960,Default,
179154,29,22,21,6,1,0,0,7,42,44,43,145,174,165,162,26,17,17,16,92,93,91,89,89,432,1030,994,927,981,833,688,1566,2395,2653,2792,2371,1246,2378,2992,3074,2585,1906,2034,2215,1891,Default,
179170,24,12,11,5,1,1,0,7,49,49,48,86,111,105,103,24,16,16,16,45,41,40,41,39,294,963,914,858,953,743,401,1392,1802,2007,2249,1741,1030,1697,2274,2416,1897,1542,1703,1977,1584,Default,
179186,16,5,4,3,1,0,0,3,43,44,45,56,79,72,72,19,12,12,11,15,13,11,12,12,171,813,762,723,822,556,203,1067,1139,1343,1592,1040,687,911,1257,1268,1010,1025,1152,1334,988,Default,
179202,15,5,3,3,1,0,0,1,40,40,40,33,70,60,58,20,14,12,12,11,11,8,7,8,94,576,512,456,553,334,104,801,699,732,992,576,415,473,603,619,534,561,515,651,451,Default,
179218,11,6,3,3,1,1,0,1,32,30,31,24,58,41,43,18,12,9,8,10,14,8,8,9,67,276,219,174,233,153,86,531,319,278,549,308,241,238,348,310,315,236,188,268,178,Default,
179234,8,6,4,3,1,0,0,0,19,16,18,14,49,27,23,9,10,4,3,7,12,5,5,7,20,103,78,51,72,49,60,310,99,95,271,140,111,60,168,127,105,46,36,62,34,Default,
179250,0,0,0,0,0,0,0,0,0,1,4,24,57,42,24,12,7,3,1,4,1,0,0,0,0,32,32,16,21,8,41,94,42,41,102,16,33,16,42,40,8,8,4,1,1,Default,
179266,0,0,0,0,0,0,0,0,24,35,14,32,79,46,31,11,5,4,2,2,1,0,0,0,0,1,17,8,6,4,30,41,29,33,58,13,16,12,7,7,3,4,2,0,0,Default,
179282,0,0,0,0,0,0,0,1,20,36,18,24,78,44,25,8,5,3,1,1,1,0,0,0,0,1,15,8,10,4,22,27,21,29,41,14,19,16,8,8,4,4,1,1,0,Default,
179298,0,0,0,0,0,0,0,0,2,26,11,26,79,42,20,10,6,4,1,2,1,1,0,0,0,0,3,5,8,4,19,29,19,19,34,14,20,30,9,9,4,7,1,0,0,Default,
179314,0,0,0,0,0,0,0,0,2,25,10,21,85,37,24,6,6,3,1,1,1,0,0,0,0,1,1,2,8,3,14,23,14,9,21,14,15,29,7,9,4,4,0,0,0,Default,
179330,0,1,0,0,0,0,0,0,7,26,13,24,95,37,22,8,5,3,1,1,0,0,0,0,0,1,8,6,10,4,15,23,16,8,16,13,16,28,8,12,4,6,1,1,0,Default,
179346,0,0,0,0,0,0,0,0,19,28,14,24,100,38,20,6,4,3,0,1,1,0,0,0,0,0,1,1,8,4,11,12,8,4,9,13,13,22,6,7,4,4,0,0,0,Default,
179362,0,0,0,0,0,0,0,0,19,30,12,24,102,33,20,8,5,3,1,1,0,0,0,0,1,0,2,4,9,4,10,12,9,4,9,12,13,21,5,8,4,5,1,1,0,Default,
179378,0,0,0,0,0,0,0,0,22,29,12,24,103,29,19,8,5,2,1,1,0,0,0,1,0,0,1,3,8,4,9,8,5,2,4,11,11,20,4,9,4,4,1,0,0,Default,
179394,0,0,0,0,0,0,0,0,20,31,14,24,103,34,22,8,4,2,1,1,0,0,1,0,0,0,0,1,3,3,8,8,4,2,4,8,10,15,4,6,3,4,1,0,0,Default,
179410,0,0,0,0,0,0,0,1,20,29,14,27,103,34,23,8,5,1,1,1,0,0,0,0,0,0,0,1,2,2,8,8,4,3,6,7,12,16,4,7,3,4,1,0,0,Default,
179426,0,0,0,0,0,0,0,0,12,28,15,23,103,41,23,7,4,1,0,0,1,0,0,0,0,0,1,3,8,4,8,8,5,2,4,6,12,16,4,6,3,2,1,0,0,Default,
179442,0,0,0,0,0,0,0,1,19,28,15,23,107,37,22,8,5,2,1,1,0,0,0,0,0,0,1,2,6,4,8,8,7,3,6,6,9,12,4,6,2,3,1,0,0,Default,
179458,0,0,0,0,0,0,0,1,20,27,14,28,112,40,27,8,4,2,1,1,0,0,0,0,0,1,1,2,4,3,5,6,4,2,3,3,11,10,3,6,2,2,1,0,0,Default,
179474,0,0,0,0,0,0,0,1,19,27,14,31,114,43,26,8,4,2,1,1,0,0,0,0,0,0,0,1,2,1,7,6,4,1,3,4,8,13,4,7,3,4,1,0,0,Default,
179490,0,0,0,0,0,0,1,0,20,29,14,33,116,41,26,8,4,2,1,1,0,0,0,0,0,0,0,1,2,2,4,5,3,2,2,3,12,16,4,8,2,3,0,0,0,Default,
179506,0,0,0,0,0,0,0,0,16,25,11,31,115,41,23,9,5,3,1,1,1,0,0,0,0,1,1,0,1,0,1,3,3,1,3,3,9,16,4,8,2,3,1,0,0,Default,
179522,0,0,0,0,0,0,0,0,2,21,10,30,116,44,26,10,5,3,1,1,1,1,0,0,0,0,1,0,1,1,1,3,2,1,3,2,9,15,3,8,3,3,0,0,0,Default,
179538,0,0,0,0,0,0,0,1,3,21,10,33,117,41,25,9,6,3,2,2,0,0,0,0,0,0,1,1,3,1,3,4,3,2,3,2,10,14,4,8,3,3,1,0,0,Default,
179554,0,0,0,0,0,0,0,0,0,9,9,29,118,41,24,8,5,3,1,1,0,0,1,0,0,0,1,2,3,2,5,8,4,1,5,3,11,14,4,7,2,2,0,0,0,Default,
179570,0,0,0,0,0,0,0,0,0,1,5,30,119,40,25,10,7,4,2,2,1,1,0,0,0,0,2,3,4,2,6,8,4,3,8,4,14,17,4,8,1,3,1,0,0,Default,
179586,0,0,0,0,0,0,0,0,0,0,1,28,116,38,21,8,6,2,1,2,1,0,0,0,0,0,1,2,3,2,6,12,7,3,9,7,12,17,5,15,4,4,0,0,0,Default,
179602,0,0,0,0,0,0,0,0,0,1,8,22,127,41,24,8,7,3,1,1,0,1,0,0,0,0,2,4,5,2,7,14,9,6,10,7,16,21,7,16,4,5,1,0,0,Default,
179618,0,0,0,0,0,0,0,0,0,8,10,22,136,47,28,9,6,4,2,3,1,0,0,0,0,2,20,13,9,4,12,16,10,6,11,4,16,16,7,14,4,3,1,0,0,Default,
179634,0,0,0,0,0,0,0,0,1,9,9,20,140,45,22,10,6,4,1,2,1,0,0,0,0,1,7,8,7,2,7,16,8,7,10,4,19,12,5,11,5,5,2,0,0,Default,
179650,0,0,0,0,10,8,6,45,48,56,40,43,198,49,33,12,2,1,1,1,2,4,2,1,8,16,11,6,8,4,11,7,3,1,2,2,12,12,4,6,3,4,1,0,0,Default,
179666,812,874,927,372,397,331,91,295,380,346,165,265,377,305,96,12,4,2,1,2,1,0,0,0,1,2,4,4,4,1,15,3,1,1,2,0,8,6,3,6,2,1,1,0,0,Default,
179682,1564,1801,1876,942,1131,919,219,592,729,721,514,400,511,469,222,24,16,16,15,54,49,53,41,8,20,11,9,8,3,2,16,4,2,2,3,5,13,6,4,6,3,3,1,0,0,Default,
179698,2043,2242,2379,1469,1912,1487,513,1049,1285,1310,963,588,725,694,422,39,32,33,33,41,36,36,30,7,31,22,20,19,5,2,35,25,23,20,12,7,23,15,12,6,3,4,1,0,0,Default,
179714,2368,2557,2723,2020,2539,2018,696,1645,2060,2089,1070,1070,1322,1285,711,65,58,60,58,33,27,26,22,6,26,19,17,14,4,2,58,51,49,44,15,6,40,34,31,10,3,6,0,0,0,Default,
179730,2362,2505,2570,2243,2798,2196,888,2081,2582,2539,1309,1422,1742,1675,1010,257,252,249,241,43,38,39,39,19,55,49,48,47,10,4,100,94,91,87,20,5,33,27,24,9,4,5,0,0,0,Default,
179746,1569,2166,2208,2251,2878,2272,1092,2317,2827,2751,1608,1692,2089,1973,1305,712,713,753,580,402,383,368,341,208,317,336,332,336,95,7,225,228,216,201,82,8,89,87,81,53,8,5,0,0,0,Default,
179762,1974,2014,2046,2180,2776,2235,1207,2331,2839,2790,1799,1752,2171,2069,1482,909,919,992,768,887,863,825,729,436,588,667,662,624,259,69,563,580,536,481,346,88,191,193,174,152,71,12,4,3,2,Default,
179778,1919,1942,1956,2148,2693,2214,1301,2362,2824,2829,1955,1828,2287,2195,1645,1010,1045,1140,887,1180,1159,1112,980,527,812,937,945,874,416,212,845,881,823,731,563,292,346,352,321,265,275,19,11,8,8,Default,
179794,1877,1898,1914,2097,2649,2209,1368,2349,2847,2868,2073,1848,2351,2261,1762,1075,1132,1235,969,1353,1361,1325,1202,618,937,1106,1121,1019,550,310,1064,1145,1098,975,727,444,485,507,468,376,401,22,16,15,14,Default,
179810,1831,1843,1874,2035,2601,2193,1428,2305,2861,2911,2187,1849,2387,2301,1874,1109,1185,1295,1035,1483,1523,1503,1400,800,999,1222,1237,1156,706,424,1224,1351,1316,1205,969,642,691,731,697,547,543,30,20,20,20,Default,
179826,1684,1675,1717,1936,2464,2096,1421,2206,2777,2856,2205,1799,2325,2276,1896,1109,1198,1317,1065,1533,1581,1582,1491,911,1079,1329,1357,1274,829,507,1361,1525,1507,1385,1137,783,838,903,866,675,687,31,26,23,23,Default,
179842,1500,1486,1519,1710,2172,1957,1338,1988,2534,2646,2110,1642,2155,2144,1800,1050,1138,1267,1036,1481,1551,1567,1505,996,1069,1338,1399,1320,912,572,1433,1636,1661,1532,1279,904,931,1030,999,785,804,41,33,32,31,Default,
179858,1177,1162,1200,1347,1609,1533,1112,1650,2098,2214,1869,1438,1907,1929,1654,956,1044,1177,976,1383,1460,1496,1476,1031,1014,1305,1377,1336,970,622,1415,1654,1708,1633,1405,1014,977,1115,1106,864,892,42,35,33,32,Default,
179874,903,873,930,982,1092,1115,849,1284,1525,1649,1519,1227,1633,1674,1463,854,926,1079,900,1227,1293,1351,1370,999,919,1191,1289,1295,983,656,1338,1579,1684,1685,1487,1122,974,1162,1178,932,975,49,42,39,40,Default,
179890,665,650,708,671,718,740,604,965,1153,1241,1198,999,1378,1406,1258,746,816,979,812,1048,1123,1180,1229,932,812,1093,1201,1236,983,674,1220,1483,1620,1670,1538,1192,953,1180,1221,970,1040,57,49,47,48,Default,
179906,493,483,532,433,435,435,383,722,868,923,899,832,1145,1177,1061,633,691,850,708,893,962,1019,1079,864,733,1003,1148,1195,988,695,1112,1374,1557,1654,1591,1272,924,1206,1291,1041,1104,58,48,48,49,Default,
179922,373,360,402,277,273,271,252,546,647,697,679,687,967,1001,891,534,588,737,615,787,853,908,965,800,668,941,1114,1173,992,712,1019,1300,1529,1656,1658,1335,912,1252,1366,1139,1169,60,51,49,51,Default,
179938,265,255,278,169,161,161,157,413,499,523,516,555,835,863,765,447,518,655,540,662,732,808,847,725,605,899,1102,1171,1015,740,926,1238,1550,1688,1729,1419,899,1305,1439,1236,1252,72,66,62,62,Default,
179954,177,170,181,131,120,120,116,326,395,410,406,460,726,742,663,405,479,606,501,577,654,718,746,664,576,903,1147,1229,1075,907,846,1194,1547,1712,1828,1575,901,1369,1533,1354,1389,86,74,73,77,Default,
179970,113,107,111,109,98,98,95,246,292,296,293,406,658,671,594,372,439,562,460,515,594,661,683,629,547,863,1145,1230,1113,917,809,1135,1565,1728,1938,1650,883,1429,1615,1490,1460,112,103,101,105,Default,
179986,81,74,75,89,76,77,74,202,227,228,228,381,612,607,542,372,428,537,454,512,570,640,658,622,550,856,1156,1238,1135,922,822,1133,1620,1794,2036,1725,903,1502,1712,1601,1531,147,137,137,142,Default,
180002,51,44,45,60,53,53,51,211,245,247,256,371,585,588,531,358,397,480,421,493,560,636,643,614,549,882,1192,1295,1200,969,828,1261,1741,1918,2173,1840,990,1627,1884,1773,1629,172,163,161,168,Default,
180018,45,40,40,42,35,35,34,183,203,209,215,352,542,538,501,352,398,464,414,499,574,650,639,628,569,946,1272,1344,1267,1033,867,1320,1886,2066,2346,1947,1041,1762,2027,1962,1727,226,211,211,215,Default,
180034,37,32,32,28,22,21,22,161,174,181,187,339,503,500,470,332,372,421,377,530,601,684,657,653,596,1001,1351,1424,1347,1028,906,1395,2061,2238,2503,2033,1106,1920,2201,2126,1837,334,314,317,324,Default,
180050,40,35,35,20,12,12,11,144,151,157,161,319,448,447,422,333,362,402,361,537,605,685,640,657,634,1055,1450,1524,1436,1116,957,1496,2287,2445,2722,2226,1196,2122,2421,2363,2069,464,437,443,453,Default,
180066,41,33,35,10,4,3,3,119,149,157,158,216,408,401,381,249,331,352,323,363,583,646,589,610,661,1134,1547,1596,1511,1147,1002,1615,2522,2655,2960,2394,1305,2356,2665,2640,2323,650,613,626,638,Default,
180082,42,38,38,8,2,1,0,122,126,132,133,274,360,345,333,275,298,310,290,482,567,640,575,596,687,1199,1648,1679,1593,1240,1058,1814,2783,2907,3218,2717,1460,2591,2929,2927,2571,866,846,855,852,Default,
180098,47,42,41,7,1,0,0,97,102,103,103,236,295,278,273,220,240,244,229,431,509,543,502,508,708,1280,1712,1756,1660,1321,1090,1927,2974,3174,3298,2943,1556,2783,3198,3194,2798,1137,1127,1125,1095,Default,
180114,46,40,40,5,1,0,0,56,71,74,74,219,269,252,249,175,188,184,178,366,421,447,419,427,690,1269,1625,1679,1602,1301,1088,1993,3105,3295,3298,3287,1619,2932,3295,3298,2997,1360,1370,1378,1319,Default,
180130,42,37,37,7,1,0,0,56,60,62,61,191,232,215,214,139,145,146,143,312,350,366,350,350,671,1247,1517,1570,1528,1264,1075,2025,3181,3297,3297,3296,1655,3032,3297,3299,3295,1602,1625,1660,1550,Default,
180146,45,38,38,5,2,1,0,8,62,61,60,140,234,228,228,76,87,87,85,258,288,310,292,289,601,1115,1318,1378,1363,1146,986,1728,3178,3298,3297,3297,1469,3055,3298,3297,3291,1761,1811,1887,1733,Default,
180162,41,37,37,6,1,0,0,12,49,50,49,188,228,220,220,30,23,22,20,226,252,269,255,257,547,1030,1140,1183,1202,1029,923,1610,3064,3295,3297,3295,1368,3005,3297,3298,3297,1876,1919,2081,1871,Default,
180178,38,32,29,5,1,1,0,3,45,47,47,111,178,169,165,27,20,20,22,154,174,184,174,178,449,905,946,971,1023,886,760,1529,2829,3153,3298,3297,1297,2835,3295,3298,3298,1888,1985,2186,1953,Default,
180194,32,24,24,5,1,1,0,2,41,43,44,112,154,145,143,20,12,13,11,77,82,87,83,78,316,820,847,855,932,807,529,1330,2515,2841,3297,3295,1130,2521,3105,3297,3296,1854,1969,2243,1985,Default,
180210,19,9,8,5,1,1,0,4,42,44,43,80,111,104,104,16,9,8,8,16,12,12,11,9,244,731,762,762,870,732,327,1177,1961,2372,3104,2737,974,1911,2615,3063,2802,1559,1765,2131,1847,Default,
180226,16,8,6,3,1,0,0,2,42,43,43,37,73,65,67,14,10,8,8,12,15,14,13,14,149,632,632,671,806,634,190,902,1253,1803,2520,2018,703,1167,1853,2203,1901,1048,1352,1674,1433,Default,
180242,12,4,2,2,0,0,0,1,41,41,43,28,71,62,62,14,11,8,8,12,14,11,11,11,117,527,477,521,689,474,132,716,745,1081,1731,1175,474,605,867,1001,928,581,691,950,795,Default,
180258,10,4,3,2,1,0,0,1,39,38,39,28,66,49,53,20,12,9,9,14,11,8,8,8,86,313,255,246,378,236,100,522,385,452,973,565,291,317,434,514,493,264,252,360,264,Default,
180274,8,6,3,3,1,0,0,1,27,21,24,15,52,30,28,13,13,8,6,8,9,4,5,6,22,124,99,77,120,82,64,288,135,130,384,238,147,128,190,244,175,64,58,99,62,Default,
180290,4,3,2,1,0,0,0,0,8,16,13,18,49,35,22,8,6,4,2,2,1,1,0,0,1,55,53,24,41,26,38,126,57,40,145,81,67,58,94,97,61,10,3,1,1,Default,
180306,0,0,0,0,0,0,0,0,11,31,13,23,69,49,27,8,4,3,1,1,0,0,0,0,0,1,20,8,11,4,25,37,32,29,66,8,18,30,11,16,4,6,1,0,0,Default,
180322,0,0,0,0,0,0,0,3,27,38,21,27,79,53,29,9,6,4,1,2,1,0,0,0,0,1,1,3,4,2,27,34,33,27,58,12,20,40,13,18,6,7,1,0,0,Default,
180338,0,0,0,0,0,0,0,0,19,28,16,29,80,47,24,8,4,2,1,0,1,0,0,0,0,0,1,3,4,3,23,26,21,25,51,20,18,29,9,14,5,5,1,0,0,Default,
180354,0,0,0,0,0,0,0,1,19,28,12,22,85,48,25,7,4,3,1,1,1,0,0,0,0,0,1,1,4,2,16,24,17,15,34,15,18,26,8,12,4,6,1,0,0,Default,
180370,0,0,0,0,0,0,0,1,20,29,13,24,91,40,25,8,6,3,1,1,1,0,0,0,0,0,1,1,2,2,9,16,12,6,19,6,16,26,8,15,4,5,1,0,0,Default,
180386,0,0,0,0,1,0,0,0,22,29,12,22,95,36,25,8,6,4,2,2,1,0,0,0,0,1,1,1,4,3,9,15,9,5,13,5,16,20,6,13,3,4,1,0,0,Default,
180402,0,0,0,0,0,0,0,0,23,31,14,23,99,35,24,8,6,4,2,2,1,1,0,0,0,0,1,2,6,3,9,14,8,5,11,5,16,22,7,12,4,4,1,0,0,Default,
180418,0,0,0,0,0,0,0,3,25,33,13,24,98,38,27,6,5,2,1,1,0,0,0,0,0,0,1,1,3,2,4,9,6,3,8,2,14,18,6,11,2,4,1,0,0,Default,
180434,0,0,0,0,0,0,1,1,20,30,15,21,94,34,20,6,5,2,0,1,1,0,0,0,0,0,0,1,1,2,6,10,5,3,7,8,14,18,5,9,5,4,1,1,0,Default,
180450,0,0,0,0,0,0,0,0,24,29,13,22,96,30,20,6,5,2,1,1,0,0,0,0,0,0,2,1,4,4,6,11,6,3,7,8,13,17,5,8,4,4,1,0,0,Default,
180466,0,0,0,0,0,0,0,1,20,28,12,22,99,31,20,7,4,1,0,0,0,0,0,0,0,0,1,1,1,1,7,8,6,3,7,9,11,16,4,8,4,4,1,0,0,Default,
180482,0,0,0,0,0,0,0,1,20,28,10,25,103,33,23,8,4,1,1,1,0,0,0,0,0,0,0,0,0,0,1,4,4,2,5,7,12,14,4,7,4,4,2,0,0,Default,
180498,0,0,0,0,0,0,0,1,21,26,13,26,104,36,25,8,4,2,1,1,0,0,0,0,0,1,0,0,1,0,1,3,4,1,4,5,12,15,4,8,4,4,1,1,0,Default,
180514,0,0,0,0,0,0,0,1,23,27,13,24,106,40,23,6,4,1,1,1,1,0,0,0,0,0,0,0,0,0,0,2,1,0,0,0,0,4,3,4,1,2,0,0,0,Default,
180530,0,0,0,0,1,0,0,1,21,28,12,25,110,41,24,8,4,2,1,1,1,0,0,0,0,0,0,1,1,1,1,4,4,1,1,1,4,10,4,6,2,2,1,0,0,Default,
180546,0,0,0,0,0,0,0,1,21,28,16,28,111,44,25,6,3,1,0,0,0,0,0,0,0,0,0,0,0,0,0,1,1,0,1,1,3,8,4,7,2,2,0,0,0,Default,
180562,0,0,0,0,0,0,1,1,22,28,17,29,113,40,25,8,4,1,1,1,0,0,0,0,0,0,0,0,0,0,0,1,2,1,2,1,4,10,4,8,3,2,1,0,0,Default,
180578,0,0,0,0,0,0,0,0,4,25,13,26,116,44,28,5,3,2,1,1,0,0,0,0,0,0,0,0,0,0,0,1,1,0,1,1,4,12,4,8,2,2,0,0,0,Default,
180594,0,0,0,0,1,0,0,0,8,26,12,28,116,42,27,8,4,1,0,1,1,0,0,0,0,0,0,0,0,0,0,1,1,0,1,1,5,15,4,8,2,3,1,0,0,Default,
180610,0,0,0,0,0,0,0,0,9,25,11,28,117,46,25,7,4,1,0,0,0,0,0,0,0,0,0,0,0,1,0,1,1,1,1,1,2,16,5,11,2,4,1,0,0,Default,
180626,0,0,0,0,0,0,0,0,1,19,10,29,120,49,27,6,4,1,0,0,0,0,0,0,0,0,0,1,1,1,2,4,3,1,1,1,4,18,6,11,2,3,1,0,0,Default,
180642,0,0,0,0,0,0,0,0,0,4,10,30,120,45,27,9,7,3,1,1,1,0,0,0,0,0,1,1,3,1,5,9,6,3,5,4,15,16,5,14,4,4,1,0,0,Default,
180658,0,0,0,0,0,0,0,0,0,4,13,33,120,47,29,7,8,3,1,1,0,0,0,0,0,0,1,7,3,3,12,7,8,4,6,12,10,11,8,16,4,7,0,1,0,Default,
180674,0,0,0,0,0,0,0,0,1,22,12,32,128,49,30,11,7,4,1,2,2,0,0,1,0,2,20,15,6,4,13,15,8,5,8,12,16,19,6,16,7,4,1,0,0,Default,
180690,0,0,0,0,0,0,0,0,3,23,11,31,133,49,33,10,5,3,2,3,0,0,0,0,0,1,20,16,8,4,13,17,11,9,9,15,14,16,8,11,5,6,2,1,0,Default,
180706,0,0,0,0,0,0,0,0,4,22,8,31,130,44,27,11,6,3,2,1,0,0,0,0,1,1,12,8,6,4,12,16,10,6,11,12,13,13,4,6,3,4,1,0,0,Default,
180722,270,323,352,170,184,145,50,148,211,174,104,127,225,138,62,12,3,3,2,3,0,0,0,0,1,4,8,4,8,3,12,3,2,1,1,1,12,8,4,6,2,3,1,0,0,Default,
180738,1244,1351,1419,616,679,564,130,447,559,534,216,322,428,371,128,12,4,4,3,25,25,26,16,5,14,4,3,1,1,0,6,3,1,1,1,1,11,8,5,6,1,2,0,0,0,Default,
180754,1840,1944,2067,1124,1391,1069,328,742,892,895,622,433,542,513,269,30,23,24,24,33,26,27,23,5,20,13,11,12,4,1,17,9,6,4,10,0,24,20,16,8,2,4,1,0,0,Default,
180770,2178,2362,2483,1685,2153,1687,483,1190,1455,1460,749,654,804,772,434,41,33,31,31,37,31,30,27,8,29,19,18,16,6,3,41,33,30,26,15,4,37,32,28,12,4,7,0,0,0,Default,
180786,2517,2574,2769,2150,2703,2120,737,1774,2209,2192,1102,1177,1473,1419,785,60,51,48,49,17,11,10,9,3,30,25,23,20,8,2,68,64,62,57,13,4,45,41,38,9,4,4,1,0,0,Default,
180802,2283,2474,2497,2325,2934,2272,972,2199,2682,2620,1416,1517,1845,1753,1104,425,422,429,377,120,109,102,98,80,151,156,150,143,33,6,192,193,185,164,38,8,56,53,48,26,6,7,1,0,0,Default,
180818,0,0,0,2431,3096,2425,1239,2460,2994,2942,1820,1790,2226,2105,1455,804,821,876,684,556,547,528,491,389,514,555,560,569,206,84,511,517,488,442,328,124,230,235,211,155,94,4,1,0,0,Default,
180834,0,0,0,2337,3048,2413,1325,2457,2971,2944,1945,1824,2268,2169,1574,940,950,1028,808,921,923,896,808,542,684,760,762,756,379,223,767,801,754,675,570,327,373,388,349,275,306,12,4,3,1,Default,
180850,4,1,1,2352,3051,2430,1396,2523,3022,3000,2062,1875,2338,2238,1673,1011,1043,1126,879,1127,1120,1090,978,599,755,843,854,825,468,280,946,994,940,834,714,435,492,514,472,368,392,16,6,4,4,Default,
180866,4,2,1,2333,3018,2422,1448,2532,3052,3042,2140,1914,2400,2292,1781,1058,1100,1189,940,1245,1255,1230,1109,658,838,947,959,911,551,337,1101,1171,1126,994,820,530,587,617,573,445,463,16,5,8,8,Default,
180882,1988,2042,2106,2248,2922,2360,1469,2469,3009,3018,2185,1911,2411,2304,1837,1115,1169,1256,995,1373,1392,1368,1251,747,903,1034,1051,1006,638,393,1216,1307,1264,1129,945,621,689,733,690,527,544,20,14,12,12,Default,
180898,1807,1840,1899,2095,2728,2219,1429,2316,2860,2883,2140,1819,2328,2240,1806,1118,1172,1263,1006,1411,1436,1421,1304,798,909,1051,1074,1036,663,438,1323,1437,1400,1248,1038,717,798,860,812,608,646,25,18,19,16,Default,
180914,1550,1592,1620,1872,2449,2068,1330,2056,2573,2624,1988,1657,2159,2088,1667,1053,1113,1201,956,1346,1376,1367,1261,797,869,1016,1049,1019,676,470,1362,1497,1471,1303,1094,793,862,945,897,658,731,33,26,23,24,Default,
180930,1239,1290,1323,1541,1987,1707,1154,1739,2199,2237,1766,1468,1974,1898,1551,981,1042,1135,903,1251,1286,1274,1186,775,818,978,1014,1009,693,493,1347,1515,1500,1349,1160,862,893,996,955,708,787,33,27,25,25,Default,
180946,952,972,1029,1099,1289,1213,867,1303,1566,1644,1407,1265,1706,1651,1359,896,938,1052,833,1119,1135,1126,1054,731,758,920,970,968,695,508,1296,1472,1482,1353,1215,927,901,1042,1009,752,841,43,37,34,34,Default,
180962,674,692,756,685,728,723,567,961,1144,1200,1075,1070,1474,1420,1185,804,830,949,751,998,987,980,916,682,703,874,936,958,706,596,1226,1429,1477,1383,1272,1022,904,1095,1085,804,912,43,36,34,34,Default,
180978,486,485,541,410,402,401,347,713,845,886,818,919,1272,1214,1031,733,743,863,683,922,890,892,834,645,684,872,959,994,749,613,1177,1377,1476,1415,1323,1068,897,1154,1170,862,961,51,44,41,43,Default,
180994,368,363,402,264,252,247,227,555,639,659,633,808,1102,1042,891,692,698,818,653,883,828,834,781,633,675,872,975,1019,781,629,1175,1359,1521,1487,1401,1111,907,1232,1271,938,1018,62,55,51,52,Default,
181010,215,258,282,176,169,168,159,448,528,542,522,699,965,903,785,631,644,750,612,848,795,803,754,642,670,897,1024,1075,846,671,1150,1373,1602,1581,1505,1170,940,1338,1396,1043,1086,66,57,53,53,Default,
181026,171,171,179,143,138,137,130,360,420,434,408,629,879,828,715,592,602,688,563,833,769,783,733,649,670,929,1076,1123,907,714,1138,1398,1690,1672,1603,1252,978,1434,1501,1143,1160,70,66,62,66,Default,
181042,109,104,108,107,99,100,97,297,331,336,325,572,800,749,662,579,590,667,555,816,770,787,743,668,686,971,1134,1185,972,754,1166,1455,1809,1814,1720,1329,1036,1539,1639,1269,1251,95,91,87,89,Default,
181058,67,64,65,87,81,79,78,279,312,310,314,549,766,713,642,570,573,642,550,834,800,812,770,694,714,1049,1218,1264,1061,808,1203,1629,1972,1988,1854,1429,1140,1674,1821,1435,1354,136,128,124,126,Default,
181074,41,35,35,53,46,43,45,261,291,288,294,509,713,666,608,570,586,645,565,873,851,867,816,743,742,1126,1314,1351,1139,850,1248,1727,2127,2158,1994,1520,1217,1801,1989,1577,1458,186,171,165,171,Default,
181090,45,38,38,38,33,32,33,220,237,240,240,490,663,618,573,551,567,603,526,915,897,925,846,788,793,1231,1443,1476,1253,949,1301,1827,2305,2329,2144,1645,1304,1956,2164,1757,1575,238,223,215,223,Default,
181106,37,33,32,24,16,16,16,167,172,178,179,460,615,570,532,555,579,599,533,945,927,972,875,834,829,1318,1550,1585,1355,1002,1363,1932,2497,2541,2341,1771,1396,2110,2373,1951,1683,331,306,298,306,Default,
181122,41,35,34,20,12,11,10,161,165,169,169,446,560,530,500,569,592,611,545,962,960,1007,894,867,905,1451,1728,1747,1496,1086,1462,2072,2723,2764,2537,1940,1520,2334,2604,2160,1846,473,444,427,435,Default,
181138,41,35,37,11,4,1,2,140,144,147,147,410,508,480,456,538,561,568,517,961,952,1001,891,861,950,1568,1894,1881,1607,1190,1531,2216,2966,3012,2753,2135,1661,2577,2877,2409,2053,650,613,586,595,Default,
181154,41,35,35,8,2,1,0,124,123,129,129,359,434,405,389,496,509,508,472,926,905,945,837,813,1004,1675,2031,1985,1711,1294,1637,2329,3194,3268,2993,2338,1766,2819,3149,2678,2276,917,890,831,835,Default,
181170,40,38,38,4,2,1,0,80,87,90,88,310,360,341,331,439,443,443,417,857,854,892,798,785,1028,1790,2117,2058,1782,1376,1684,2566,3295,3297,3295,2513,1932,3035,3295,2918,2496,1187,1175,1077,1075,Default,
181186,41,37,37,8,2,0,0,35,54,54,54,274,324,304,300,321,320,316,304,705,740,746,692,672,999,1819,2073,2011,1761,1401,1663,2629,3297,3296,3297,2662,1995,3188,3297,3294,2696,1504,1525,1398,1346,Default,
181202,42,35,34,6,1,0,0,49,63,62,64,266,311,291,291,245,241,243,236,605,626,650,606,593,951,1729,1855,1812,1645,1340,1641,2615,3298,3299,3298,2785,2003,3236,3298,3297,2848,1736,1786,1678,1568,Default,
181218,41,33,35,6,1,1,1,35,57,55,55,225,295,279,275,128,116,113,112,524,548,572,524,520,772,1620,1603,1542,1441,1219,1544,2530,3297,3297,3297,2847,1945,3250,3299,3297,2943,1950,1965,1949,1764,Default,
181234,36,30,30,5,1,1,0,46,56,58,58,191,235,223,220,53,49,49,48,288,352,360,342,338,649,1480,1383,1301,1247,1090,1336,2086,3294,3297,3297,2805,1692,3167,3296,3297,2952,2101,2094,2146,1911,Default,
181250,30,24,23,5,1,0,0,3,42,42,41,129,195,186,182,31,27,26,26,198,224,229,223,225,595,1290,1189,1111,1108,956,1111,1850,3080,3197,3188,2631,1516,3009,3296,3297,2806,2180,2170,2309,1963,Default,
181266,27,19,18,5,1,0,0,27,45,45,45,155,178,171,169,24,17,17,16,141,145,143,140,144,535,1192,1099,1004,1053,892,923,1630,2680,2779,2914,2450,1342,2705,3100,3199,2595,2118,2131,2341,1948,Default,
181282,16,8,6,3,1,1,0,3,45,46,46,78,119,114,111,33,25,26,24,81,80,78,77,77,412,1069,1022,923,1031,823,619,1580,2101,2166,2503,1998,1194,2100,2557,2769,2146,1855,1908,2232,1768,Default,
181298,19,6,4,4,0,0,0,2,48,49,48,53,85,81,81,20,16,15,14,40,39,37,37,37,277,940,887,826,961,666,355,1207,1367,1525,1862,1272,846,1235,1668,1721,1291,1314,1428,1705,1241,Default,
181314,12,4,4,3,1,0,0,1,39,41,41,43,84,74,77,24,16,15,14,26,25,23,24,22,157,706,640,577,731,442,176,918,839,893,1239,758,514,616,734,825,679,796,804,1028,682,Default,
181330,12,5,3,1,1,1,0,0,33,33,33,23,66,51,52,16,12,9,8,12,18,14,13,14,66,418,345,258,378,222,101,625,435,380,721,395,308,324,419,451,415,405,322,461,285,Default,
181346,12,6,4,3,1,0,0,1,25,21,24,20,53,33,32,20,9,8,5,10,12,6,6,8,58,148,109,79,118,80,88,339,143,134,323,189,145,107,207,208,157,109,96,148,88,Default,
181362,7,4,2,1,1,1,0,0,8,10,11,17,55,30,24,12,5,2,1,4,4,2,1,1,25,62,58,25,40,14,62,159,41,41,170,43,65,23,81,79,25,10,9,14,4,Default,
181378,0,0,0,0,0,0,0,0,0,7,10,24,64,37,32,10,5,3,1,3,0,0,0,0,1,8,24,11,8,4,33,62,29,39,67,7,15,6,6,10,2,4,2,1,1,Default,
181394,0,0,0,0,0,0,0,0,15,30,18,24,66,43,26,7,5,3,1,1,0,0,0,0,0,0,14,7,6,3,24,33,23,31,41,13,16,10,6,8,3,4,1,0,0,Default,
181410,0,0,0,0,0,0,0,0,15,24,10,25,70,42,19,8,4,2,1,1,0,0,0,0,0,1,1,4,5,3,20,27,20,29,33,14,20,30,11,11,4,6,1,0,0,Default,
181426,0,0,0,0,0,0,0,0,1,20,10,25,74,37,19,8,5,2,1,1,0,1,0,0,0,0,3,4,9,4,14,24,16,12,23,12,18,25,8,10,3,5,1,0,0,Default,
181442,0,0,0,0,0,0,0,1,13,22,10,24,81,41,16,9,4,2,1,1,0,0,0,0,0,0,1,1,5,4,16,20,15,6,17,12,13,28,7,12,5,6,1,0,0,Default,
181458,0,0,0,0,0,0,0,0,19,25,12,24,92,47,20,8,4,2,1,0,0,0,0,0,0,0,1,2,6,4,12,16,10,4,10,12,18,25,6,16,6,6,1,0,0,Default,
181474,0,0,0,0,0,0,0,1,20,26,14,24,91,38,19,4,3,2,1,0,0,0,0,0,0,0,1,1,4,4,11,12,8,3,8,14,12,23,6,9,5,5,0,1,1,Default,
181490,0,0,0,0,0,0,0,1,20,29,16,25,93,41,20,8,4,1,0,1,0,0,0,0,0,0,1,2,6,4,10,8,6,3,7,12,12,21,6,12,6,4,1,0,0,Default,
181506,0,0,0,0,0,0,0,1,22,29,15,23,95,39,19,5,3,2,0,1,0,0,0,0,0,0,1,1,2,3,8,7,4,1,1,4,11,16,6,7,5,4,1,0,0,Default,
181522,0,0,0,0,0,0,0,1,22,29,15,25,98,38,18,7,4,2,1,1,0,0,0,0,0,0,0,1,4,3,6,6,3,2,1,1,12,13,4,5,3,4,1,1,0,Default,
181538,0,0,0,0,0,0,0,1,20,29,14,24,99,36,20,8,4,1,0,1,0,1,0,0,0,0,1,4,6,4,6,8,3,2,1,2,10,11,4,6,2,3,1,0,0,Default,
181554,0,0,0,0,0,0,0,0,19,26,13,23,100,29,16,7,4,1,0,0,0,0,0,0,0,0,1,1,2,2,5,6,4,1,1,2,7,11,4,7,3,3,1,0,0,Default,
181570,0,0,0,0,0,0,0,2,19,27,12,25,103,30,20,8,5,2,1,0,1,0,0,0,0,0,1,2,3,3,6,8,4,3,4,4,11,14,4,9,2,3,1,0,0,Default,
181586,0,0,0,0,0,0,0,1,18,26,10,27,101,32,20,8,4,1,0,0,0,0,0,0,0,0,1,1,1,1,3,6,4,1,4,3,9,14,4,8,2,2,1,0,1,Default,
181602,0,0,0,0,0,0,0,1,18,24,9,26,104,33,18,8,4,1,1,0,0,0,0,0,0,0,0,0,0,0,0,1,1,0,2,1,6,14,4,8,2,3,1,0,0,Default,
181618,0,0,0,0,0,0,0,0,17,22,10,29,107,36,16,8,3,1,0,0,0,0,0,0,0,0,0,1,0,0,1,1,1,1,1,1,4,14,4,8,3,2,1,0,0,Default,
181634,0,0,0,0,0,0,1,0,2,22,11,29,107,43,20,8,4,1,0,1,1,0,0,0,0,0,0,0,0,0,1,1,0,0,1,0,2,12,4,8,2,2,0,0,0,Default,
181650,0,0,0,0,0,0,0,0,3,21,10,31,112,44,20,8,4,1,1,1,0,0,0,0,0,0,0,0,0,0,0,0,0,0,0,0,1,4,4,7,2,3,0,0,0,Default,
181666,0,0,0,0,0,0,0,0,1,12,9,30,112,43,21,8,4,2,1,1,0,0,0,0,0,1,0,0,0,0,1,0,0,0,0,0,1,9,4,8,1,3,1,1,0,Default,
181682,0,0,0,0,0,0,0,0,0,0,0,16,110,33,29,7,7,2,1,2,1,0,0,0,0,0,0,0,0,0,0,0,1,0,0,1,4,13,4,9,2,3,0,0,0,Default,
181698,0,0,0,0,0,0,0,0,0,0,0,15,116,40,22,9,6,1,1,1,0,0,0,0,0,0,0,0,1,0,1,3,4,3,3,3,12,14,4,11,2,3,1,0,0,Default,
181714,0,0,0,0,0,0,0,0,0,0,1,28,116,38,24,8,5,3,0,2,0,0,0,0,0,0,0,0,1,0,0,4,4,3,4,3,12,16,5,16,4,4,1,0,0,Default,
181730,0,0,0,0,0,0,0,0,0,8,9,23,124,41,27,8,4,2,0,1,0,0,0,0,0,1,1,2,1,1,6,16,9,4,11,5,17,21,5,11,4,4,1,0,0,Default,
181746,0,0,0,0,0,0,0,0,1,14,9,22,127,41,29,6,5,2,0,1,1,0,0,0,0,0,9,5,6,3,6,14,8,4,9,4,13,14,4,14,3,4,1,0,0,Default,
181762,0,0,0,0,0,0,0,0,1,14,10,28,135,43,29,9,4,2,1,2,0,0,0,0,0,1,13,7,8,4,10,14,9,4,11,4,13,16,5,12,3,4,0,0,0,Default,
181778,167,219,227,125,133,107,40,124,180,140,86,115,232,119,53,12,2,2,0,1,0,1,1,1,0,3,11,6,10,3,14,4,2,0,2,1,19,14,6,8,2,3,0,0,0,Default,
181794,1100,1283,1324,576,644,533,126,422,544,508,211,330,447,381,124,12,3,2,2,4,3,2,1,0,8,8,7,4,4,2,12,3,1,1,1,1,12,9,6,8,2,3,1,0,0,Default,
181810,1837,2036,2106,1181,1465,1127,342,783,936,933,640,454,562,531,271,35,29,29,28,34,30,29,25,6,25,17,16,14,4,1,21,10,8,6,10,4,20,13,10,8,3,4,1,0,0,Default,
181826,2284,2426,2636,1785,2251,1790,511,1278,1539,1562,780,700,855,822,450,41,33,32,31,32,26,26,23,7,29,21,20,19,6,3,52,48,46,39,16,6,34,29,24,8,2,4,1,0,0,Default,
181842,2545,2673,2812,2229,2785,2193,754,1826,2257,2239,1131,1185,1458,1407,775,60,52,51,51,30,26,25,23,6,32,26,20,20,6,2,86,80,77,69,16,5,43,37,35,8,3,6,1,0,0,Default,
181858,2393,2509,2574,2365,2977,2302,911,2191,2653,2586,1314,1459,1757,1658,1014,289,281,278,265,68,60,65,61,51,103,103,106,97,24,4,143,144,138,127,28,7,38,32,29,16,4,4,1,0,0,Default,
181874,0,0,0,2452,3074,2409,1158,2450,2943,2873,1682,1744,2131,2000,1347,685,692,725,577,415,400,385,361,281,439,476,473,481,139,15,354,356,339,302,152,23,137,136,122,86,14,6,1,0,0,Default,
181890,0,0,0,2399,3005,2379,1274,2450,2864,2856,1869,1795,2217,2096,1510,871,885,953,749,817,795,765,696,476,650,729,724,705,299,130,662,681,633,569,442,178,265,269,244,194,155,11,4,3,1,Default,
181906,5,0,1,2341,2988,2390,1335,2450,2863,2889,1952,1847,2292,2177,1604,948,972,1051,828,1051,1030,998,885,534,772,890,887,829,422,252,866,909,858,759,601,346,366,375,342,279,317,13,5,4,4,Default,
181922,5,1,1,2323,2967,2403,1395,2446,2892,2935,2038,1847,2296,2205,1687,1019,1057,1144,899,1154,1146,1113,1004,604,854,984,981,918,527,302,1007,1079,1032,920,745,456,451,465,429,360,395,17,8,8,8,Default,
181938,5,1,0,2304,2945,2400,1439,2454,2912,2979,2111,1850,2300,2226,1744,1064,1106,1206,951,1243,1241,1210,1109,645,899,1044,1052,967,594,364,1126,1220,1187,1062,851,576,547,573,538,441,470,21,14,12,12,Default,
181954,1970,1966,2011,2194,2827,2324,1441,2334,2830,2916,2132,1782,2246,2201,1770,1073,1124,1226,974,1289,1293,1277,1189,714,920,1076,1098,1015,659,415,1219,1337,1320,1188,975,674,657,695,660,534,559,24,19,17,16,Default,
181970,1776,1761,1795,2010,2602,2160,1380,2139,2618,2736,2057,1668,2110,2098,1708,1016,1077,1180,945,1271,1285,1275,1199,750,913,1088,1115,1033,700,462,1259,1402,1397,1265,1067,775,749,802,762,617,656,27,22,20,20,Default,
181986,1559,1562,1595,1807,2332,2040,1284,1899,2345,2483,1908,1502,1936,1950,1576,929,989,1102,882,1179,1206,1201,1139,747,874,1058,1089,1021,717,491,1243,1408,1416,1281,1124,854,789,858,811,662,730,29,23,21,22,Default,
182002,1301,1308,1343,1511,1885,1710,1141,1603,1990,2123,1702,1333,1747,1769,1448,848,907,1027,818,1058,1085,1082,1032,709,812,999,1036,983,712,508,1192,1375,1397,1278,1176,936,808,892,848,704,782,29,24,20,21,Default,
182018,1023,1026,1061,1169,1362,1362,909,1240,1481,1581,1415,1136,1518,1546,1299,735,791,917,734,906,925,927,896,650,725,915,963,932,701,522,1115,1320,1367,1276,1203,1004,798,910,874,724,838,33,27,24,24,Default,
182034,832,803,864,861,945,979,699,987,1193,1286,1185,967,1326,1350,1144,654,702,833,665,787,808,819,798,613,663,854,925,898,709,530,1042,1258,1334,1262,1256,1057,783,924,893,768,880,32,24,22,22,Default,
182050,658,640,708,616,657,678,526,799,970,1019,966,829,1161,1196,1023,580,640,771,621,717,747,763,750,597,625,835,916,901,735,558,990,1247,1350,1313,1313,1126,794,974,951,834,943,36,29,27,27,Default,
182066,523,521,579,445,452,451,381,655,808,859,812,737,1054,1082,920,522,578,709,571,664,684,704,691,572,596,822,924,911,757,586,953,1229,1368,1347,1366,1200,795,1011,1015,878,1002,43,33,31,32,Default,
182082,431,431,486,321,316,319,283,549,681,728,702,651,961,993,843,473,536,665,536,617,647,671,659,568,596,861,986,978,833,714,920,1233,1397,1423,1465,1321,816,1073,1104,962,1092,45,37,35,36,Default,
182098,367,370,413,243,237,236,219,474,580,618,608,598,903,941,795,446,516,647,519,601,634,663,648,580,587,875,1028,1020,888,754,907,1256,1490,1508,1577,1401,851,1169,1214,1073,1174,61,51,49,51,Default,
182114,304,307,343,177,171,172,161,409,522,543,537,545,840,883,744,442,513,637,517,601,630,666,661,601,587,905,1082,1080,957,804,896,1281,1578,1608,1716,1490,899,1267,1330,1211,1251,62,51,51,53,Default,
182130,244,251,281,159,151,153,146,357,452,467,464,509,801,837,708,430,498,617,510,605,642,687,677,637,594,947,1155,1148,1042,869,907,1398,1703,1716,1877,1593,970,1383,1447,1359,1357,91,78,75,78,Default,
182146,199,203,220,130,122,123,119,323,397,414,408,485,754,785,667,438,503,614,509,664,697,748,744,716,625,1025,1233,1235,1169,957,962,1472,1845,1862,2089,1726,1043,1524,1610,1563,1488,126,117,116,120,Default,
182162,151,153,161,103,95,95,93,337,411,432,452,471,728,750,654,447,511,617,522,709,778,841,838,819,665,1131,1367,1386,1323,1072,1019,1569,2059,2106,2321,1892,1152,1737,1868,1790,1652,158,149,149,152,Default,
182178,111,111,112,71,65,65,64,287,331,344,360,467,703,703,631,467,516,613,529,776,855,933,936,909,734,1248,1534,1551,1459,1169,1094,1684,2296,2365,2556,2077,1259,1944,2120,2056,1829,236,216,219,228,Default,
182194,69,65,63,45,39,38,38,242,271,274,282,437,617,617,567,470,518,594,528,817,903,1002,990,967,800,1394,1688,1724,1633,1325,1195,1828,2557,2657,2825,2292,1383,2173,2412,2309,2086,362,338,339,349,Default,
182210,47,42,41,29,23,23,23,151,160,164,168,372,501,489,460,434,478,516,462,804,888,999,938,949,827,1499,1836,1821,1746,1339,1238,2033,2788,2877,3112,2456,1548,2445,2707,2616,2293,535,502,507,524,Default,
182226,45,39,38,18,13,11,12,136,160,165,167,263,431,419,401,393,430,450,413,752,821,893,836,840,873,1604,1985,1961,1857,1442,1307,2138,3018,3161,3297,2822,1661,2691,3007,2922,2603,730,697,703,723,Default,
182242,45,41,41,11,4,2,1,133,137,140,144,289,361,345,335,328,353,361,341,638,703,756,694,705,859,1587,1969,1932,1832,1440,1325,2201,3196,3296,3298,2966,1730,2893,3247,3173,2805,1003,982,980,997,Default,
182258,49,42,41,8,1,0,0,100,103,104,106,236,283,271,265,230,236,236,226,468,499,522,486,493,806,1505,1826,1835,1737,1400,1280,2196,3256,3298,3298,3275,1749,3022,3297,3298,3024,1276,1276,1280,1287,Default,
182274,49,45,44,6,1,0,0,43,62,64,64,211,250,235,234,157,162,162,157,379,403,427,402,402,749,1372,1600,1615,1548,1305,1237,2172,3279,3297,3298,3297,1741,3090,3297,3297,3295,1524,1541,1554,1541,Default,
182290,49,44,43,6,2,1,0,32,57,58,57,200,239,227,226,96,95,98,94,263,288,305,290,289,608,1189,1313,1343,1322,1131,1097,1822,3204,3297,3297,3298,1481,3079,3297,3298,3297,1686,1720,1799,1736,Default,
182306,43,37,36,7,1,0,0,8,52,53,53,179,226,215,215,23,16,13,14,214,277,302,282,286,490,1033,1079,1093,1116,976,946,1642,3034,3294,3298,3297,1354,2993,3298,3298,3297,1797,1882,2042,1915,Default,
182322,42,33,32,6,1,0,0,14,51,54,54,151,180,172,172,25,17,16,16,154,171,181,171,172,445,905,917,932,981,854,771,1529,2744,3063,3296,3297,1292,2786,3279,3298,3297,1870,1940,2162,2002,Default,
182338,38,30,28,5,1,0,0,4,42,43,43,116,153,144,142,16,6,5,5,45,46,45,45,46,332,785,795,799,871,761,523,1268,2313,2685,3291,3043,1066,2367,2986,3295,3111,1784,1930,2226,2035,Default,
182354,26,21,20,6,1,1,0,4,45,46,46,71,102,93,92,18,9,9,8,16,15,13,12,12,227,722,722,736,847,708,290,1071,1705,2085,2841,2460,883,1658,2354,2806,2496,1423,1663,2072,1833,Default,
182370,22,12,10,5,1,0,1,4,42,45,45,54,78,70,72,23,16,14,14,10,8,4,4,4,152,600,586,624,768,584,178,820,1047,1467,2198,1643,599,951,1499,1672,1485,922,1237,1562,1346,Default,
182386,18,11,8,4,1,1,0,2,45,45,46,35,62,53,54,23,14,12,12,12,14,9,12,12,108,439,374,385,531,367,124,641,580,779,1410,934,394,460,626,783,734,491,572,838,701,Default,
182402,12,12,7,4,1,1,0,1,34,34,34,27,58,39,40,24,10,14,12,14,14,7,5,9,78,233,184,157,244,165,101,427,261,274,706,409,229,219,310,372,404,183,165,259,186,Default,
182418,13,11,6,4,1,1,0,1,27,21,21,17,50,28,24,13,8,4,3,6,10,4,4,5,30,103,74,49,77,52,71,239,94,84,311,177,113,73,140,180,110,37,33,55,30,Default,
182434,0,0,0,0,0,0,0,0,1,18,13,20,58,46,33,5,4,3,1,2,1,1,0,0,0,4,27,15,22,8,32,63,33,36,103,32,29,16,52,53,10,8,4,2,1,Default,
182450,0,0,0,0,1,1,0,30,29,39,18,25,80,58,28,9,6,4,2,2,0,0,0,0,0,1,16,7,6,3,25,29,27,29,56,8,20,23,9,12,3,4,1,0,0,Default,
182466,0,0,0,0,0,0,1,27,27,40,18,25,82,54,29,8,4,3,1,1,0,0,0,0,0,1,3,4,4,3,21,26,25,26,64,12,22,41,13,16,4,6,1,0,0,Default,
182482,0,0,0,0,0,0,0,1,23,32,17,23,82,49,27,8,5,3,2,2,1,0,0,0,0,0,1,3,3,2,15,21,17,21,41,16,16,28,11,12,4,6,1,0,0,Default,
182498,0,0,0,0,0,0,0,0,20,32,12,23,85,49,26,8,5,4,2,2,1,0,0,0,0,0,1,2,4,2,12,17,11,7,22,4,16,27,8,12,3,4,1,0,0,Default,
182514,0,0,0,0,0,0,0,0,10,34,12,22,87,39,23,8,5,3,1,1,0,0,0,0,0,0,0,1,3,2,6,9,6,3,14,4,12,21,6,15,3,4,1,0,1,Default,
182530,0,0,0,0,0,0,0,2,23,34,15,23,92,40,25,8,6,4,1,2,0,0,0,0,0,0,2,3,6,3,6,8,5,3,10,3,14,22,7,14,4,4,1,0,0,Default,
182546,0,0,0,0,0,0,0,5,22,33,15,21,90,41,21,8,4,3,0,1,1,0,0,0,0,0,1,2,3,2,7,7,4,2,8,3,13,21,7,12,3,3,1,0,0,Default,
182562,0,0,0,0,0,1,0,5,23,31,16,22,88,37,20,7,4,2,1,0,0,0,0,0,0,1,1,1,1,1,3,7,4,1,8,6,12,21,6,11,4,4,1,0,0,Default,
182578,0,0,0,1,0,0,0,3,22,33,16,22,87,30,19,7,4,2,1,1,0,0,0,0,0,0,0,1,1,1,5,8,5,2,8,9,12,21,6,12,5,5,1,1,0,Default,
182594,0,0,0,0,0,0,0,0,17,32,14,22,89,32,20,7,4,1,1,0,0,0,0,0,0,0,1,1,2,1,5,9,6,3,7,9,12,20,5,9,5,5,1,0,0,Default,
182610,0,0,0,0,0,0,0,1,13,28,14,22,95,33,19,7,4,2,1,0,0,0,0,0,0,0,0,0,0,0,1,1,2,1,2,6,14,17,5,11,5,5,1,0,1,Default,
182626,0,0,0,0,0,0,0,0,19,27,13,23,98,36,22,8,5,2,1,1,0,0,0,0,0,0,1,0,1,1,2,6,4,2,4,6,11,16,4,9,4,4,1,0,0,Default,
182642,0,0,0,0,0,0,0,1,12,26,14,21,99,40,19,6,4,2,0,1,0,0,0,0,0,0,0,0,0,0,0,1,1,1,1,2,9,13,3,8,4,4,1,0,0,Default,
182658,0,0,0,0,0,0,0,0,20,25,14,26,101,38,23,7,4,2,1,0,0,0,0,0,0,0,0,0,0,0,0,1,1,1,1,2,7,9,3,9,3,3,1,0,0,Default,
182674,0,0,0,0,0,0,0,0,12,21,14,25,99,42,22,6,3,1,0,1,0,0,0,0,0,0,0,0,0,0,0,0,1,0,0,0,2,5,2,7,2,1,1,0,1,Default,
182690,0,0,0,0,0,0,0,0,6,27,12,26,102,40,25,6,4,2,1,0,1,0,0,0,1,0,0,0,0,0,1,1,1,1,0,1,3,10,4,9,3,3,1,0,0,Default,
182706,0,0,0,0,0,0,0,0,2,16,15,29,103,43,26,4,4,2,1,0,0,0,0,0,0,0,0,0,0,0,0,0,0,0,0,0,0,1,1,7,2,2,1,1,0,Default,
182722,0,0,0,0,0,0,0,0,7,24,9,26,110,49,24,7,4,1,0,0,0,0,0,0,0,0,0,1,1,0,1,3,2,1,1,1,2,13,4,10,2,4,1,0,0,Default,
182738,0,0,0,0,0,0,0,0,4,23,9,29,112,44,25,7,4,2,1,0,0,0,0,0,0,0,1,0,1,1,0,3,3,2,2,2,11,16,5,9,2,4,1,0,0,Default,
182754,0,0,0,0,0,0,0,0,1,19,10,29,113,44,27,7,4,2,0,0,0,0,0,0,0,0,0,0,0,0,0,1,1,0,1,1,4,17,5,11,4,4,0,2,0,Default,
182770,0,0,0,0,0,0,0,0,0,14,10,29,115,48,24,7,4,2,1,1,0,0,0,0,0,0,1,1,1,0,2,3,4,2,3,1,9,18,5,12,3,4,1,1,0,Default,
182786,0,0,0,0,0,0,0,0,1,11,9,29,111,41,22,9,5,4,1,1,1,0,1,1,0,0,1,1,1,1,5,9,7,4,7,7,16,19,6,17,6,3,1,0,0,Default,
182802,0,0,0,0,0,0,0,0,0,5,12,32,117,42,26,9,6,3,1,1,1,0,0,0,0,0,3,5,4,3,10,14,9,5,9,11,16,18,6,19,6,5,1,0,0,Default,
182818,0,0,0,0,0,0,0,1,2,24,12,31,132,53,26,11,6,3,2,2,0,1,0,0,0,0,4,5,4,3,9,14,10,6,9,11,16,19,7,18,6,5,2,0,0,Default,
182834,0,0,0,0,0,0,0,0,1,19,9,30,135,48,30,9,4,3,2,2,0,0,0,0,0,1,20,13,8,4,13,16,12,8,16,16,14,18,7,15,5,5,0,0,0,Default,
182850,0,0,0,0,0,0,0,0,3,21,9,29,137,49,28,10,6,3,1,1,1,0,0,0,0,1,6,9,5,3,9,12,8,4,10,4,16,18,6,10,3,4,1,0,0,Default,
182866,111,149,99,91,100,69,34,87,120,86,73,92,197,85,58,13,4,3,2,2,1,0,0,0,0,1,4,4,4,2,14,6,2,1,2,2,15,10,4,8,2,3,1,0,0,Default,
182882,1027,1140,1102,497,528,427,105,364,469,434,182,278,369,314,106,11,3,1,1,9,6,5,4,3,21,11,9,5,7,3,9,3,1,1,1,1,13,9,5,7,1,3,1,0,0,Default,
182898,1574,1818,1860,991,1212,978,228,634,764,752,369,407,512,472,195,23,16,16,13,34,31,33,23,6,22,14,12,10,4,1,17,6,3,2,8,2,22,16,12,9,3,4,1,0,0,Default,
182914,2090,2226,2306,1463,1926,1486,415,1031,1275,1289,652,555,688,664,361,34,26,22,21,28,23,20,20,4,29,20,18,11,4,3,39,34,30,19,10,5,32,30,17,10,3,5,0,0,0,Default,
182930,2405,2515,2668,2006,2519,1983,670,1621,2022,2026,1019,1045,1299,1274,692,45,39,37,38,27,24,22,20,7,35,28,22,20,5,3,51,45,42,39,11,3,44,39,35,12,4,7,1,0,0,Default,
182946,2328,2417,2497,2247,2810,2195,866,2052,2552,2470,1273,1370,1695,1613,965,238,236,232,227,51,45,44,45,32,87,85,85,79,16,4,133,133,130,116,22,5,59,56,51,23,5,5,1,1,0,Default,
182962,0,0,0,2405,3003,2344,1118,2379,2897,2805,1626,1658,2053,1934,1285,652,654,685,543,361,352,338,319,215,373,401,398,407,123,22,293,291,273,252,143,32,140,143,128,82,19,6,1,0,0,Default,
182978,0,0,0,2379,2989,2363,1231,2456,2971,2893,1794,1774,2197,2067,1442,873,886,947,729,746,741,720,636,411,613,683,683,665,253,103,505,517,486,446,373,153,240,246,222,171,98,6,1,1,0,Default,
182994,5,1,1,2353,2975,2363,1297,2521,2999,2926,1904,1848,2266,2130,1531,960,970,1044,810,1039,1017,979,864,474,761,864,865,819,373,211,677,707,669,610,530,282,333,340,308,245,252,12,4,3,3,Default,
183010,5,1,0,2385,2999,2387,1350,2574,3049,2971,1965,1890,2317,2188,1603,1015,1039,1109,862,1175,1143,1098,958,494,803,915,912,862,418,240,820,851,813,731,598,356,368,376,346,279,312,16,9,7,6,Default,
183026,5,1,0,2372,2986,2398,1395,2609,3096,3035,2035,1951,2400,2271,1667,1078,1111,1183,920,1315,1289,1240,1089,580,906,1032,1039,963,517,298,983,1029,986,878,728,443,443,457,420,351,384,19,11,9,9,Default,
183042,6,1,1,2306,2897,2350,1426,2558,3073,3028,2101,1975,2447,2334,1749,1139,1188,1264,985,1450,1434,1389,1235,671,1004,1177,1185,1094,615,360,1128,1200,1168,1036,855,537,545,571,531,436,439,19,11,10,8,Default,
183058,1873,1852,1875,2125,2691,2184,1394,2380,2914,2884,2075,1903,2396,2292,1753,1146,1197,1283,1006,1500,1496,1456,1308,740,1049,1255,1268,1172,692,406,1229,1328,1305,1169,972,608,634,675,636,518,510,24,18,16,15,Default,
183074,1524,1552,1557,1902,2404,2039,1312,2125,2653,2632,1944,1747,2247,2159,1663,1098,1160,1240,972,1463,1468,1434,1298,761,1041,1288,1304,1206,731,442,1293,1430,1420,1268,1040,661,706,762,721,576,559,24,16,16,16,Default,
183090,1308,1318,1325,1620,2017,1795,1169,1816,2283,2250,1718,1573,2064,1982,1533,1045,1108,1193,928,1384,1399,1367,1240,753,1001,1274,1289,1202,754,470,1305,1473,1475,1314,1101,711,758,829,789,616,615,29,21,19,20,Default,
183106,1015,1004,1037,1185,1322,1247,893,1429,1699,1719,1417,1378,1836,1770,1398,973,1031,1134,877,1290,1289,1269,1165,743,934,1212,1243,1177,772,497,1290,1473,1504,1363,1153,771,785,887,849,656,674,29,21,20,20,Default,
183122,780,760,815,803,827,822,640,1106,1301,1342,1148,1199,1629,1583,1281,899,950,1065,829,1201,1194,1185,1099,746,891,1194,1240,1198,815,598,1246,1467,1526,1414,1225,885,824,960,924,715,767,33,26,24,25,Default,
183138,576,559,615,549,542,538,456,881,1039,1065,952,1070,1480,1421,1174,850,902,1027,801,1140,1127,1125,1056,742,849,1166,1227,1199,848,630,1224,1468,1554,1484,1297,961,854,1025,1015,783,828,43,37,34,34,Default,
183154,453,444,488,370,361,358,320,675,780,813,749,946,1303,1230,1054,798,845,974,771,1094,1073,1073,1021,748,819,1164,1235,1226,897,668,1190,1464,1581,1554,1397,1032,890,1111,1121,867,893,51,45,42,42,Default,
183170,360,350,384,258,249,244,228,549,636,655,632,844,1149,1090,943,746,787,921,731,1057,1036,1050,1007,757,806,1175,1270,1268,943,708,1174,1461,1644,1659,1467,1105,930,1211,1251,938,969,60,51,50,51,Default,
183186,278,273,298,175,167,165,156,449,526,533,518,745,1010,977,845,689,737,871,697,1027,992,1020,983,769,786,1193,1303,1301,999,742,1165,1539,1741,1757,1569,1177,974,1301,1365,1033,1035,62,54,51,53,Default,
183202,203,203,216,133,124,124,120,375,437,447,430,671,944,901,786,656,709,838,677,1002,987,1022,982,781,701,1235,1367,1368,1060,805,1156,1584,1847,1877,1667,1293,1031,1418,1486,1141,1127,87,80,75,78,Default,
183218,146,145,152,111,103,102,99,321,370,376,367,629,882,847,747,650,688,803,662,990,986,1031,997,816,802,1304,1455,1451,1142,880,1183,1648,1971,2013,1788,1400,1102,1546,1645,1276,1231,107,98,92,96,Default,
183234,107,106,108,91,85,85,82,325,369,373,386,603,854,812,729,641,680,786,656,978,997,1053,1019,859,810,1353,1525,1540,1236,958,1207,1743,2118,2160,1947,1530,1202,1696,1805,1455,1366,137,128,121,128,Default,
183250,82,78,78,73,66,66,64,292,330,334,342,563,808,768,696,612,663,762,646,992,1014,1086,1063,932,846,1443,1652,1640,1359,1039,1242,1842,2258,2329,2141,1680,1293,1834,1990,1655,1510,178,169,161,171,Default,
183266,58,53,53,49,44,43,44,261,290,290,294,542,770,721,666,605,661,733,639,1036,1082,1144,1123,1012,887,1555,1778,1764,1506,1139,1297,1936,2438,2516,2363,1820,1375,1989,2173,1859,1648,247,232,225,234,Default,
183282,51,43,45,37,33,30,30,229,248,251,253,515,701,662,619,630,689,762,663,1061,1123,1207,1160,1081,924,1615,1861,1847,1633,1236,1369,2043,2640,2715,2591,1997,1480,2186,2419,2106,1821,356,335,323,336,Default,
183298,44,34,37,18,10,9,9,157,165,169,170,472,626,589,556,593,650,690,612,1085,1164,1256,1181,1133,978,1753,2044,1998,1782,1373,1447,2172,2860,2923,2850,2205,1608,2419,2671,2367,2033,480,452,438,449,Default,
183314,41,37,35,14,8,6,6,160,169,174,176,420,544,522,497,571,628,655,585,1044,1141,1227,1131,1102,1007,1857,2172,2147,1917,1486,1485,2404,3101,3175,3095,2427,1785,2680,2965,2649,2278,698,655,639,659,Default,
183330,43,39,38,8,2,1,0,139,141,145,147,380,464,440,423,509,554,557,514,928,1007,1059,979,951,1007,1881,2208,2172,1956,1482,1510,2451,3251,3295,3297,2574,1851,2858,3208,2912,2480,946,915,878,889,Default,
183346,45,41,39,8,1,0,0,110,111,113,114,302,369,349,339,414,434,435,407,792,833,878,795,788,969,1821,2168,2110,1924,1472,1495,2447,3295,3297,3298,2740,1883,3038,3296,3294,2685,1221,1198,1149,1146,Default,
183362,47,41,41,6,1,0,0,58,70,70,69,251,294,278,273,299,310,310,294,635,657,688,627,621,917,1741,2046,2010,1837,1459,1441,2421,3297,3297,3297,2897,1898,3157,3297,3298,2885,1481,1475,1423,1397,Default,
183378,45,35,38,8,2,1,0,53,57,56,56,219,278,261,258,199,223,223,214,500,539,575,537,528,833,1631,1808,1801,1674,1371,1348,2383,3296,3298,3297,3000,1887,3203,3297,3297,3037,1699,1704,1668,1604,Default,
183394,41,38,37,5,1,0,0,32,60,58,60,165,269,254,252,132,132,132,129,381,393,422,397,397,730,1406,1513,1504,1441,1214,1218,1987,3296,3298,3297,3059,1662,3194,3297,3297,3241,1890,1887,1921,1797,Default,
183410,41,34,33,6,1,1,0,17,59,60,61,153,240,233,233,37,33,32,32,274,323,336,313,317,596,1227,1234,1207,1210,1051,1017,1799,3172,3297,3297,3063,1521,3085,3297,3298,3295,2007,1997,2124,1948,Default,
183426,41,31,25,8,0,0,0,4,46,47,46,158,194,183,181,23,20,25,24,190,209,216,207,207,497,1040,1015,1001,1023,899,867,1549,2859,3050,3291,2928,1325,2862,3293,3298,3282,2035,2045,2238,2027,Default,
183442,36,26,25,4,2,0,0,4,40,41,40,142,174,168,165,21,12,13,14,107,116,116,114,115,398,925,891,880,936,820,621,1413,2390,2589,3066,2812,1164,2431,3001,3262,2933,1940,2018,2286,2050,Default,
183458,27,15,14,5,1,0,0,3,41,42,42,82,108,103,101,20,13,12,11,46,48,47,46,46,277,837,810,788,895,744,377,1193,1800,1997,2547,2209,949,1783,2366,2714,2320,1604,1753,2129,1818,Default,
183474,12,4,4,3,1,0,0,2,43,45,45,55,80,74,72,21,15,15,14,16,14,12,12,12,172,723,676,687,820,609,199,964,1132,1372,1915,1428,679,1018,1509,1633,1392,1097,1318,1630,1328,Default,
183490,11,3,2,2,1,0,0,1,41,41,42,39,71,61,62,22,16,14,13,12,12,8,8,8,107,547,474,451,581,393,118,746,670,739,1203,804,412,493,627,732,665,638,696,961,728,Default,
183506,13,4,2,2,0,0,0,1,31,31,33,32,69,53,53,19,12,10,9,12,13,9,10,11,81,294,217,194,268,181,100,504,323,312,633,400,254,260,368,401,399,310,273,414,265,Default,
183522,8,5,2,2,1,1,0,1,29,26,27,14,54,30,28,14,12,8,5,10,12,6,6,7,53,128,99,74,108,76,83,305,127,122,335,200,140,108,205,189,163,90,82,133,84,Default,
183538,5,2,1,0,1,0,0,1,16,20,16,17,53,34,26,10,7,4,3,4,3,2,1,0,4,53,50,25,36,16,54,130,42,45,145,49,53,28,87,87,34,12,11,12,4,Default,
183554,0,0,0,0,0,0,1,17,25,34,15,24,62,43,30,10,5,4,2,2,1,1,0,0,1,2,22,8,8,3,30,36,26,37,70,7,13,6,6,8,3,4,2,1,0,Default,
183570,0,0,0,0,0,0,1,27,28,37,17,29,70,43,33,12,7,5,3,3,1,0,0,0,0,1,0,2,3,1,27,30,17,27,59,14,11,4,2,6,2,2,1,0,0,Default,
183586,0,0,0,0,0,0,0,1,27,40,21,26,74,49,29,9,6,5,3,3,1,0,0,0,0,1,3,4,4,1,23,29,26,30,37,10,21,33,12,15,4,7,1,0,0,Default,
183602,0,0,0,0,0,0,0,0,24,37,19,24,81,51,29,9,6,4,1,1,1,1,0,0,0,0,1,1,1,1,14,20,16,10,20,4,18,27,9,11,4,3,1,0,0,Default,
183618,0,0,0,0,0,0,0,0,27,38,16,25,87,49,24,8,7,4,2,2,0,0,0,0,0,0,1,1,2,1,9,12,9,4,12,3,14,25,7,12,3,4,1,0,0,Default,
183634,0,0,0,0,0,0,0,1,25,37,19,25,93,42,25,5,4,2,1,1,0,0,0,0,0,0,1,1,4,3,10,10,8,4,9,2,11,22,7,11,3,4,1,0,0,Default,
183650,0,0,0,0,0,0,0,4,27,38,16,27,99,41,24,9,5,3,1,2,1,0,0,0,0,0,1,3,4,3,10,9,8,4,8,5,12,22,6,12,4,5,1,0,0,Default,
183666,0,0,0,0,0,1,0,22,27,37,20,25,98,41,22,6,4,2,0,0,0,0,0,0,0,0,0,0,3,2,6,6,4,1,3,1,11,21,7,8,2,4,0,0,0,Default,
183682,0,0,0,0,0,0,0,4,28,39,20,25,103,41,22,8,4,2,1,1,0,0,0,0,0,0,1,4,6,3,8,6,4,2,3,2,10,20,6,10,3,4,1,1,0,Default,
183698,0,0,0,0,0,1,0,2,24,33,19,29,103,36,23,8,4,2,1,1,0,0,0,0,0,0,1,4,6,3,8,4,4,2,3,1,8,16,4,8,2,3,1,0,0,Default,
183714,0,0,0,0,0,0,1,2,26,33,19,25,103,33,22,8,4,2,1,1,0,0,0,0,0,0,0,3,4,3,6,7,3,2,3,1,8,13,4,8,2,3,1,0,0,Default,
183730,0,0,0,0,0,0,0,1,19,29,16,28,105,38,25,11,4,1,1,1,0,0,0,0,0,0,0,1,1,1,1,3,2,0,1,0,2,4,4,9,3,3,1,0,0,Default,
183746,0,0,0,1,0,0,1,1,23,29,16,26,107,40,25,8,4,1,0,0,0,0,0,0,0,0,0,1,2,1,4,6,3,2,2,2,8,8,3,6,3,2,1,0,0,Default,
183762,0,0,0,0,0,0,0,1,23,29,17,29,107,38,25,8,4,1,1,1,0,0,0,0,0,0,1,2,4,2,6,6,3,0,1,1,4,11,4,8,3,3,1,0,0,Default,
183778,0,0,0,0,0,0,0,1,24,28,14,29,108,45,21,8,4,1,1,0,0,0,0,0,0,0,1,1,4,2,4,5,2,1,1,0,2,8,3,6,1,2,1,1,0,Default,
183794,0,0,0,0,0,0,0,1,21,27,15,29,115,44,24,7,4,2,0,0,0,0,0,0,0,0,0,1,1,0,1,3,2,0,2,1,6,10,3,8,2,2,1,0,0,Default,
183810,0,0,0,0,0,0,0,0,4,27,12,29,116,41,20,8,4,1,1,1,0,0,0,0,0,0,0,1,1,1,2,4,3,2,2,2,8,14,4,10,3,3,1,0,0,Default,
183826,0,0,0,0,0,0,0,0,8,26,12,29,115,44,22,8,4,1,1,0,0,1,0,0,0,0,1,0,1,0,1,4,4,2,6,3,12,16,4,12,3,4,0,0,0,Default,
183842,0,0,0,0,0,0,0,0,4,23,12,33,117,42,21,9,4,2,0,1,0,0,0,0,0,0,0,0,0,0,0,0,1,0,0,1,4,17,4,15,4,5,0,1,0,Default,
183858,0,0,0,0,0,0,0,0,0,16,11,30,122,43,21,10,6,3,1,2,0,0,0,0,0,0,0,1,1,0,1,3,3,1,2,2,13,19,5,13,3,4,1,1,0,Default,
183874,0,0,0,0,0,0,0,0,0,2,7,29,123,40,21,8,5,2,1,1,1,0,0,0,0,0,1,2,3,1,5,8,4,1,4,2,12,12,4,14,3,4,0,0,0,Default,
183890,0,0,0,0,0,0,0,0,0,14,10,31,129,44,26,10,6,3,1,2,0,1,0,0,0,0,0,0,1,1,3,12,7,4,8,4,18,18,4,17,4,4,1,1,0,Default,
183906,0,0,0,0,0,0,0,0,6,21,11,26,125,43,26,8,4,2,1,1,1,0,0,0,0,0,4,9,5,2,8,13,8,5,8,3,14,9,4,12,3,3,0,0,0,Default,
183922,0,0,0,0,0,0,0,0,4,21,9,29,135,43,28,10,5,3,1,1,0,0,0,0,0,0,12,11,7,3,10,15,8,6,9,4,16,17,7,16,4,4,1,0,0,Default,
183938,0,0,0,1,5,7,5,44,52,58,43,47,192,54,36,10,4,3,0,2,3,4,2,2,9,16,12,8,8,3,14,7,4,2,4,2,14,12,4,5,1,1,1,0,0,Default,
183954,634,794,792,308,338,266,78,257,344,315,139,234,352,278,89,10,3,1,1,1,0,0,0,0,0,1,2,3,3,1,12,3,2,1,1,0,6,6,3,6,2,1,1,0,1,Default,
183970,1437,1590,1681,822,961,781,183,528,653,641,296,376,481,432,173,18,7,5,3,41,38,38,24,8,15,4,3,3,1,1,7,3,1,1,1,1,16,12,6,8,2,4,1,0,0,Default,
183986,1841,2087,2169,1314,1696,1293,420,896,1073,1090,789,508,628,605,341,38,29,29,28,38,33,33,29,7,24,15,12,12,4,1,30,20,16,15,12,4,24,18,15,8,2,4,0,0,0,Default,
184002,2323,2458,2607,1897,2394,1886,592,1459,1791,1801,909,902,1117,1075,572,39,28,27,26,35,26,24,23,6,26,19,18,15,4,2,48,41,38,33,16,5,40,33,29,10,3,6,1,0,0,Default,
184018,2392,2524,2610,2234,2783,2182,804,1975,2433,2400,1179,1303,1610,1533,866,99,91,89,87,25,21,22,19,5,37,30,29,27,7,3,117,114,107,99,21,4,45,42,37,11,3,5,0,0,0,Default,
184034,0,0,0,2401,2984,2303,1019,2371,2823,2702,1488,1612,1949,1808,1165,504,490,497,421,277,264,252,246,75,157,161,152,147,36,7,228,233,219,197,44,8,86,83,78,36,7,4,1,0,0,Default,
184050,0,0,0,2268,3039,2379,1196,2464,2984,2893,1753,1761,2160,2033,1404,758,760,799,631,527,508,484,452,319,492,535,536,541,178,31,508,512,474,416,234,38,203,207,187,136,36,5,1,0,0,Default,
184066,0,0,0,2344,2986,2383,1289,2515,3001,2964,1906,1825,2241,2135,1530,921,929,994,784,892,859,822,712,468,645,724,717,691,303,138,797,816,758,658,469,192,339,349,312,239,183,10,4,3,2,Default,
184082,4,1,1,2336,2975,2392,1351,2561,3023,3001,1993,1906,2350,2235,1643,1009,1030,1097,859,1090,1053,1006,874,524,740,826,820,781,402,245,1003,1046,983,846,609,342,458,476,430,321,341,14,7,4,4,Default,
184098,4,1,1,2334,2960,2405,1409,2577,3065,3070,2093,1949,2420,2315,1739,1088,1121,1194,939,1200,1180,1135,986,576,803,907,905,856,487,320,1140,1207,1148,995,737,468,591,625,576,420,434,16,10,7,7,Default,
184114,5,1,0,2255,2885,2366,1448,2528,3059,3078,2174,1950,2457,2374,1826,1130,1181,1264,995,1314,1306,1260,1111,657,864,999,995,941,576,390,1263,1359,1304,1152,885,570,730,779,732,529,517,19,12,11,11,Default,
184130,1809,1803,1831,2110,2711,2240,1419,2361,2926,2957,2153,1886,2411,2342,1828,1124,1180,1266,1003,1372,1368,1327,1178,708,907,1072,1077,1005,634,442,1363,1493,1437,1263,982,653,836,898,849,606,597,26,16,16,16,Default,
184146,1554,1552,1564,1915,2458,2121,1339,2123,2681,2734,2026,1729,2258,2209,1720,1069,1142,1227,974,1327,1333,1302,1152,710,915,1102,1115,1034,664,481,1429,1584,1542,1338,1035,717,901,982,933,653,671,29,22,20,20,Default,
184162,1267,1263,1288,1590,2015,1771,1170,1814,2299,2355,1810,1555,2077,2031,1590,991,1070,1156,914,1216,1230,1199,1059,692,870,1071,1092,1020,675,502,1413,1601,1569,1375,1091,775,925,1032,987,687,725,41,35,33,33,Default,
184178,983,955,1003,1210,1388,1330,914,1424,1719,1772,1471,1349,1812,1777,1398,903,965,1058,830,1083,1082,1047,926,641,808,1011,1040,986,676,509,1357,1549,1538,1368,1123,806,908,1044,1011,708,761,42,37,34,35,Default,
184194,761,733,789,823,869,867,648,1115,1301,1356,1183,1165,1579,1539,1239,806,856,951,750,970,954,912,815,590,747,945,988,953,671,512,1289,1485,1490,1360,1138,831,887,1059,1039,727,785,49,39,37,37,Default,
184210,550,534,585,537,533,532,438,855,1011,1038,927,1006,1377,1306,1073,724,757,846,665,889,858,818,733,554,705,922,969,948,678,522,1231,1438,1470,1372,1169,864,878,1090,1094,763,806,45,37,34,35,Default,
184226,425,409,450,358,344,341,302,679,780,819,741,890,1208,1137,944,677,697,783,621,862,814,778,695,558,688,913,978,961,712,545,1214,1419,1506,1425,1246,911,891,1156,1189,823,851,53,41,42,43,Default,
184242,333,319,349,247,239,236,217,546,631,648,614,796,1068,1019,855,626,642,718,580,840,781,748,677,568,680,926,1007,997,752,577,1204,1431,1577,1514,1322,986,926,1238,1293,897,913,60,53,49,49,Default,
184258,245,239,257,168,157,157,148,459,541,547,525,713,970,924,775,607,615,689,557,845,784,750,678,591,684,959,1059,1044,815,617,1197,1463,1672,1608,1447,1053,974,1345,1401,1011,978,66,56,53,57,Default,
184274,178,174,182,136,129,128,120,387,447,460,432,659,919,875,737,597,602,669,550,854,785,764,694,615,698,1008,1135,1114,894,665,1198,1507,1797,1737,1554,1135,1028,1459,1533,1119,1054,87,78,74,78,Default,
184290,134,132,136,119,112,113,109,340,393,403,384,638,891,845,727,592,602,655,551,877,827,800,734,658,731,1087,1231,1206,980,724,1233,1593,1936,1887,1691,1228,1097,1585,1671,1242,1134,115,105,98,100,Default,
184306,98,95,98,107,100,98,96,351,397,404,417,633,866,819,725,623,638,679,581,939,885,867,800,704,782,1183,1343,1326,1077,784,1312,1808,2132,2101,1828,1327,1213,1735,1857,1384,1223,142,131,125,128,Default,
184322,70,64,65,75,70,68,67,330,371,373,383,610,844,793,708,634,642,674,592,1011,953,935,869,765,841,1315,1472,1449,1194,881,1397,1935,2317,2300,1997,1468,1321,1894,2070,1583,1373,200,180,173,178,Default,
184338,43,38,39,61,54,54,53,304,333,334,341,616,829,772,707,675,680,724,640,1109,1036,1049,963,860,903,1401,1588,1570,1301,947,1512,2068,2537,2547,2178,1598,1437,2076,2284,1779,1513,264,244,233,239,Default,
184354,39,36,33,41,36,35,35,252,275,274,281,587,770,715,659,676,702,721,634,1189,1147,1152,1042,956,986,1579,1767,1734,1461,1092,1613,2237,2759,2749,2405,1796,1587,2290,2517,2014,1698,335,310,298,306,Default,
184370,40,33,33,26,20,19,18,195,202,204,206,534,680,631,592,671,685,687,621,1242,1206,1232,1102,1025,1058,1754,1973,1920,1633,1222,1708,2393,2991,3007,2632,1987,1748,2527,2794,2242,1888,454,421,406,412,Default,
184386,41,36,35,15,8,6,6,158,161,166,168,480,590,555,523,649,666,673,609,1256,1221,1254,1111,1049,1126,1882,2178,2094,1800,1297,1805,2520,3231,3250,2896,2142,1868,2756,3046,2511,2060,633,596,575,568,Default,
184402,41,37,36,8,2,1,0,130,139,140,139,425,523,495,472,575,592,589,543,1170,1139,1180,1036,983,1143,1963,2274,2176,1857,1351,1807,2606,3297,3299,3084,2293,1958,2956,3266,2724,2226,862,837,775,764,Default,
184418,43,39,37,7,1,1,0,113,113,116,115,375,435,407,392,517,525,522,492,1044,999,1023,917,886,1158,2015,2317,2220,1904,1433,1888,2795,3297,3297,3297,2487,2074,3134,3297,2968,2443,1150,1124,1044,1003,Default,
184434,45,40,39,6,1,1,0,53,66,67,69,319,372,350,339,389,388,381,364,856,846,861,787,766,1098,2002,2212,2118,1844,1433,1825,2794,3297,3297,3297,2622,2101,3247,3297,3295,2626,1410,1401,1300,1237,Default,
184450,45,38,39,7,2,1,0,48,58,61,60,273,320,298,297,268,264,262,253,683,695,725,656,642,999,1855,1987,1895,1705,1367,1726,2723,3298,3297,3297,2720,2075,3283,3295,3297,2755,1637,1610,1537,1417,Default,
184466,41,36,35,6,2,0,0,46,66,66,67,243,290,274,272,140,130,126,128,538,577,597,555,553,855,1637,1647,1553,1449,1214,1577,2588,3295,3299,3298,2793,1988,3276,3297,3297,2871,1857,1814,1809,1629,Default,
184482,41,33,32,5,1,0,0,28,56,58,59,220,261,244,241,58,49,48,48,337,370,376,358,341,725,1397,1327,1247,1193,1040,1372,2096,3295,3298,3299,2756,1712,3204,3298,3298,2901,1978,1926,1985,1761,Default,
184498,38,28,27,4,1,1,0,7,45,46,46,133,203,194,190,28,24,22,22,188,232,225,219,219,581,1205,1120,1038,1033,906,1061,1848,3052,3169,3154,2608,1522,2994,3295,3298,2798,2035,1977,2111,1834,Default,
184514,33,23,22,6,1,0,0,7,45,45,46,160,190,183,178,24,16,16,16,149,152,148,145,146,480,1041,965,879,917,789,863,1542,2586,2703,2791,2353,1268,2587,3031,3072,2508,1968,1947,2142,1800,Default,
184530,20,12,11,5,1,1,0,8,46,46,46,106,132,123,120,24,15,14,13,76,74,71,71,71,361,951,857,762,845,696,562,1483,1976,2064,2292,1840,1098,1915,2401,2531,2030,1644,1689,1965,1600,Default,
184546,14,4,3,2,1,0,0,3,46,48,49,72,91,83,80,24,15,14,14,43,43,38,38,37,243,841,760,671,784,562,310,1119,1314,1379,1669,1148,770,1123,1498,1520,1178,1172,1236,1446,1090,Default,
184562,12,4,3,3,0,0,0,2,43,43,45,45,78,67,67,20,14,13,12,18,17,14,16,15,132,640,568,468,588,371,150,874,789,769,1090,646,458,539,635,703,594,692,626,776,561,Default,
184578,11,4,2,1,1,0,0,1,37,36,36,32,70,54,54,19,12,9,8,12,12,9,10,9,82,351,306,216,293,189,94,623,426,343,632,355,291,307,389,394,373,347,266,367,236,Default,
184594,9,4,2,1,1,0,1,0,28,27,31,20,51,31,27,16,12,10,8,8,9,4,4,6,42,121,95,62,85,62,84,331,148,127,313,166,133,99,203,166,136,85,64,107,68,Default,
184610,4,3,1,1,0,0,0,0,22,20,15,19,58,36,21,9,7,3,2,4,3,1,1,1,11,65,70,26,41,12,65,164,58,41,154,27,58,37,89,82,8,14,8,9,2,Default,
184626,0,0,0,0,1,1,1,30,31,37,19,30,78,50,40,11,5,4,1,3,1,1,0,0,0,4,22,10,8,3,42,75,37,44,44,7,18,8,6,7,3,4,0,0,0,Default,
184642,0,0,0,0,1,1,1,33,33,43,23,32,96,56,37,11,5,4,2,2,1,1,0,0,0,2,18,8,6,4,28,34,24,29,38,16,16,12,6,11,4,5,1,0,1,Default,
184658,0,0,0,0,0,0,0,0,27,41,20,29,91,54,28,8,5,3,1,1,1,0,0,0,0,1,8,6,6,3,19,26,20,19,24,15,20,34,9,11,4,5,1,0,0,Default,
184674,0,0,0,0,0,0,0,0,4,33,12,24,91,51,22,7,4,1,1,1,1,0,0,0,0,0,3,5,7,4,13,27,18,10,20,13,20,27,8,10,4,6,1,0,0,Default,
184690,0,0,0,0,0,0,0,0,16,35,16,24,97,38,22,8,5,1,1,1,0,0,0,0,0,0,1,2,3,2,12,19,12,5,14,12,19,29,8,12,4,6,1,0,0,Default,
184706,0,0,0,0,0,0,0,1,24,37,16,29,102,41,24,8,4,2,0,1,1,0,0,0,0,0,2,4,4,3,15,13,9,4,9,14,12,25,7,12,7,6,1,0,0,Default,
184722,0,0,0,0,0,0,1,3,25,37,18,27,103,41,24,8,4,2,1,1,0,0,0,0,0,1,1,2,2,1,13,14,9,4,9,12,14,24,7,11,5,6,1,0,0,Default,
184738,0,0,0,0,1,1,1,27,27,40,18,26,103,39,21,9,4,2,1,1,0,0,0,0,0,0,0,0,1,1,2,8,6,2,4,7,12,16,4,8,4,4,1,0,0,Default,
184754,0,0,0,0,1,0,0,11,24,39,18,23,107,41,20,8,4,2,1,1,0,0,0,0,0,0,0,1,1,1,5,6,4,2,1,1,12,19,5,7,4,3,1,0,0,Default,
184770,0,0,0,1,0,0,0,0,28,40,17,25,108,37,19,7,4,2,1,1,0,0,0,0,0,0,0,1,1,0,2,4,4,2,3,4,12,14,4,8,3,4,1,0,0,Default,
184786,0,0,0,0,0,0,0,1,26,38,17,24,111,33,19,8,4,1,1,1,1,0,0,0,0,0,1,0,1,0,1,4,4,2,3,4,11,16,4,9,4,4,1,0,0,Default,
184802,0,0,0,0,0,0,0,0,25,35,16,22,112,33,18,7,4,3,1,1,1,0,0,0,0,0,1,1,2,1,4,7,4,1,3,4,8,14,4,8,3,4,1,0,0,Default,
184818,0,0,0,0,0,0,0,1,27,34,16,25,114,33,20,8,6,3,1,1,0,0,0,0,0,1,0,1,1,0,2,4,4,2,3,3,10,12,4,8,2,2,1,0,0,Default,
184834,0,0,0,0,0,0,0,1,28,31,18,25,114,38,22,6,4,2,1,1,0,0,0,0,0,0,0,0,0,0,0,1,2,1,4,4,8,12,4,6,2,3,0,0,0,Default,
184850,0,0,0,0,0,0,0,0,20,30,20,22,116,41,22,8,5,3,1,1,1,0,0,0,0,1,0,0,0,0,1,1,2,1,2,2,9,15,4,8,2,3,1,0,0,Default,
184866,0,0,0,0,0,0,0,0,11,29,16,25,116,45,22,5,4,2,1,1,0,0,0,0,0,0,1,0,0,0,0,1,2,0,2,2,8,16,5,7,3,3,1,0,0,Default,
184882,0,0,0,0,0,0,0,0,4,29,13,29,119,42,21,8,6,3,1,1,0,0,0,0,0,0,1,0,0,0,0,1,1,0,1,1,7,15,4,8,2,3,1,0,0,Default,
184898,0,0,0,0,0,0,0,0,4,26,13,27,121,42,24,8,4,2,1,1,0,0,0,0,0,0,0,0,1,0,1,2,1,1,2,2,9,15,4,8,2,3,1,1,0,Default,
184914,0,0,0,0,0,0,0,0,3,24,11,30,123,45,23,8,5,3,1,1,0,0,0,0,0,0,1,1,1,1,1,2,3,2,2,2,12,16,5,8,1,3,1,0,0,Default,
184930,0,0,0,0,0,0,0,0,1,13,8,31,122,44,25,9,6,3,1,2,0,0,0,0,1,0,1,1,1,1,2,8,4,3,4,3,14,18,5,10,3,4,1,1,0,Default,
184946,0,0,0,0,0,0,0,0,0,2,8,29,127,39,23,10,5,2,1,1,0,1,0,0,0,0,2,3,2,1,6,13,6,4,8,4,16,17,6,16,4,4,1,1,0,Default,
184962,0,0,0,0,0,0,0,0,1,15,11,32,128,45,25,10,6,2,1,2,1,1,0,0,0,0,1,2,1,1,8,16,9,6,9,5,17,20,6,16,4,4,1,0,0,Default,
184978,0,0,0,0,1,0,0,0,2,23,11,30,136,46,29,11,5,2,1,1,0,0,0,0,0,0,8,10,6,3,13,19,12,7,13,5,18,17,6,17,4,4,2,0,0,Default,
184994,0,0,0,0,0,1,0,0,11,22,12,35,140,48,25,10,5,3,1,1,1,0,0,0,0,1,13,6,4,3,14,17,12,8,13,4,17,16,5,15,4,4,1,0,0,Default,
185010,0,0,0,0,0,0,0,11,39,45,25,33,159,39,27,11,4,1,1,1,3,6,2,1,11,16,15,9,8,3,15,16,10,7,13,3,15,15,5,5,2,2,1,0,0,Default,
185026,362,407,448,209,219,176,53,177,236,202,105,154,253,176,64,12,2,1,1,2,1,0,0,0,0,1,4,4,4,1,15,4,2,1,1,1,12,9,4,6,2,3,1,0,0,Default,
185042,1356,1484,1519,756,874,707,153,504,622,597,241,348,448,394,140,15,8,8,4,18,15,15,8,5,13,3,2,1,1,1,7,3,1,1,2,1,16,12,7,8,3,4,1,0,0,Default,
185058,1818,1942,2105,1256,1620,1230,331,880,1057,1071,530,514,637,612,294,41,33,33,30,34,27,29,23,6,17,6,4,3,3,0,40,29,27,21,16,7,31,24,19,8,3,6,0,0,0,Default,
185074,2271,2337,2475,1814,2333,1836,596,1453,1803,1820,903,899,1131,1092,584,36,29,29,28,25,20,20,19,4,27,20,19,18,4,2,58,53,49,45,16,5,41,35,29,7,3,4,1,0,0,Default,
185090,2287,2445,2503,2161,2706,2139,826,1973,2467,2427,1215,1329,1654,1610,924,185,178,175,176,24,13,12,9,4,45,43,41,38,9,4,116,111,109,97,24,5,46,42,38,12,4,5,1,0,0,Default,
185106,2111,2198,2230,2245,2863,2233,1040,2244,2747,2687,1523,1549,1923,1807,1205,596,594,626,503,299,292,286,273,159,289,306,304,304,86,6,248,255,243,221,96,4,107,104,95,61,6,6,1,0,0,Default,
185122,1931,2090,2127,2188,2823,2245,1156,2285,2805,2779,1703,1642,2050,1945,1352,795,819,888,680,663,658,638,575,378,547,611,612,590,223,53,469,480,451,411,325,70,191,196,175,143,53,5,1,0,0,Default,
185138,0,1,0,2182,2773,2227,1245,2355,2835,2824,1836,1723,2132,2027,1475,934,953,1029,799,999,993,961,853,464,735,841,842,801,370,168,671,696,658,600,481,219,295,299,272,228,216,12,4,4,3,Default,
185154,5,1,0,2216,2791,2255,1301,2424,2910,2888,1924,1786,2215,2111,1572,1003,1034,1116,866,1176,1154,1107,984,497,825,955,961,887,422,206,814,851,804,721,545,277,334,340,310,255,262,15,6,5,4,Default,
185170,5,1,1,2203,2770,2261,1368,2473,2968,2956,2041,1866,2323,2233,1696,1098,1140,1231,957,1341,1334,1286,1177,559,952,1122,1133,1028,526,255,946,1005,959,856,613,338,381,391,360,294,323,18,12,9,8,Default,
185186,1800,1781,1801,2099,2675,2195,1405,2413,2954,2958,2122,1884,2386,2305,1809,1140,1198,1296,1019,1492,1493,1463,1337,683,1067,1293,1322,1201,654,353,1130,1228,1199,1069,782,483,530,555,520,411,429,29,22,20,20,Default,
185202,1644,1611,1628,1999,2537,2169,1417,2312,2850,2886,2140,1865,2380,2317,1856,1158,1217,1317,1053,1573,1581,1550,1444,800,1152,1431,1458,1331,775,415,1298,1428,1413,1256,942,571,662,704,671,528,502,38,33,30,29,Default,
185218,1409,1355,1375,1759,2203,1919,1309,2079,2609,2653,2024,1742,2272,2220,1794,1124,1190,1293,1036,1561,1580,1557,1463,864,1156,1484,1515,1390,849,460,1393,1555,1550,1377,1032,626,761,817,785,605,571,41,37,33,33,Default,
185234,1138,1102,1135,1451,1731,1613,1129,1762,2237,2255,1792,1566,2097,2050,1671,1061,1131,1235,994,1480,1512,1500,1416,869,1090,1434,1476,1372,878,485,1388,1591,1601,1439,1102,663,812,887,858,666,625,47,41,40,38,Default,
185250,913,874,925,1031,1109,1098,829,1359,1634,1679,1432,1380,1874,1838,1521,980,1044,1163,934,1373,1394,1400,1346,854,1009,1349,1410,1337,897,506,1349,1557,1606,1471,1148,704,816,921,895,696,681,46,40,37,36,Default,
185266,675,650,705,707,717,724,593,1052,1255,1288,1144,1214,1665,1635,1385,912,967,1096,880,1282,1295,1310,1286,835,942,1293,1371,1322,903,538,1312,1547,1632,1536,1205,765,836,979,961,738,730,46,38,37,36,Default,
185282,476,466,509,438,435,428,380,795,928,965,881,1046,1458,1406,1208,849,892,1026,827,1199,1214,1229,1214,827,883,1244,1341,1315,932,572,1278,1541,1672,1611,1277,830,874,1056,1065,809,795,45,37,37,36,Default,
185298,355,339,366,288,279,271,254,608,705,721,693,913,1275,1206,1052,798,845,974,791,1137,1142,1164,1169,820,851,1236,1352,1336,970,609,1256,1545,1746,1708,1363,906,919,1143,1185,879,853,69,64,61,60,Default,
185314,249,244,258,182,174,173,165,481,570,566,542,808,1132,1058,932,739,786,903,733,1102,1111,1132,1131,826,841,1265,1401,1406,1052,757,1262,1634,1818,1803,1480,1054,983,1267,1337,978,974,85,78,74,78,Default,
185330,6,1,1,141,132,132,130,377,438,438,419,705,971,921,809,692,738,849,693,1057,1052,1070,1061,817,841,1301,1471,1446,1123,804,1251,1661,1917,1924,1629,1142,1050,1384,1485,1114,1054,97,90,86,88,Default,
185346,6,1,1,106,95,94,91,286,325,319,310,631,870,826,731,648,689,783,650,1024,1015,1028,1020,807,828,1322,1505,1485,1173,839,1235,1698,1995,2035,1741,1226,1097,1491,1621,1230,1123,114,108,102,104,Default,
185362,58,52,53,84,76,74,73,286,317,310,316,557,769,728,656,634,661,746,634,989,990,1009,996,820,829,1358,1556,1542,1230,892,1243,1750,2112,2156,1861,1330,1150,1603,1752,1349,1206,145,134,127,130,Default,
185378,47,43,42,52,44,43,42,259,286,280,284,535,742,692,630,605,626,684,594,974,988,1009,986,833,844,1417,1621,1593,1300,945,1267,1838,2237,2292,1982,1423,1235,1747,1912,1507,1312,174,161,155,159,Default,
185394,45,40,40,43,37,37,37,220,236,236,239,510,697,658,605,615,642,700,621,993,995,1036,989,854,874,1486,1708,1685,1388,1000,1313,1915,2392,2462,2105,1523,1303,1872,2077,1658,1402,219,205,194,198,Default,
185410,40,34,33,27,20,19,19,192,200,202,206,486,645,609,565,606,635,671,593,1019,1018,1053,974,863,903,1545,1782,1747,1454,1069,1359,1993,2541,2603,2239,1657,1370,2005,2226,1794,1533,286,264,252,259,Default,
185426,40,33,33,19,12,9,10,170,181,185,186,457,622,586,547,544,597,610,543,1047,1046,1087,989,908,930,1637,1890,1832,1552,1109,1260,2117,2727,2786,2435,1770,1487,2196,2433,2009,1663,363,339,324,332,Default,
185442,40,34,33,12,4,3,1,148,162,165,165,386,572,537,502,533,609,617,551,950,1045,1073,1023,954,1014,1761,2050,1970,1691,1264,1541,2269,2935,2992,2621,1970,1639,2421,2683,2217,1853,460,429,405,414,Default,
185458,41,34,35,9,3,1,1,132,144,146,145,356,523,498,476,576,605,613,558,1096,1090,1126,1012,948,1053,1887,2148,2057,1782,1302,1627,2522,3159,3224,2837,2129,1826,2668,2960,2454,2027,636,602,563,576,Default,
185474,43,38,37,8,2,0,0,107,109,111,111,373,435,410,395,530,546,546,503,1050,1025,1063,947,902,1088,1941,2237,2138,1856,1399,1700,2612,3296,3297,3113,2342,1926,2893,3228,2713,2267,924,892,815,827,Default,
185490,43,39,38,7,1,1,0,67,74,74,74,306,358,335,325,455,467,461,438,921,907,934,841,815,1077,1973,2252,2159,1893,1426,1717,2682,3299,3298,3297,2504,2005,3089,3297,2984,2467,1221,1196,1089,1074,Default,
185506,42,40,38,8,2,1,1,65,61,61,59,281,328,310,306,323,323,320,308,773,783,806,734,716,1046,1958,2199,2120,1873,1460,1699,2711,3298,3298,3298,2678,2055,3229,3297,3296,2686,1509,1505,1376,1322,Default,
185522,43,39,39,7,1,1,0,43,58,58,58,260,307,286,285,243,243,240,232,609,620,640,599,580,958,1760,1945,1891,1699,1372,1619,2638,3298,3297,3298,2794,2023,3279,3298,3298,2836,1751,1742,1632,1533,Default,
185538,42,34,33,6,2,1,0,29,54,55,56,248,291,277,274,103,95,91,91,522,554,576,542,536,834,1596,1663,1606,1504,1252,1471,2535,3297,3297,3297,2893,1966,3288,3297,3297,2972,1971,1942,1896,1737,Default,
185554,37,31,29,4,1,1,0,35,58,56,56,155,241,232,226,40,37,37,37,323,346,351,331,331,685,1369,1347,1293,1246,1077,1229,2054,3295,3298,3298,2890,1690,3224,3298,3299,3050,2113,2081,2124,1900,Default,
185570,36,27,26,5,1,0,0,3,44,45,44,127,191,180,178,24,20,16,17,175,217,212,205,204,571,1176,1101,1052,1051,923,1036,1803,3042,3223,3262,2760,1494,3001,3296,3297,2960,2155,2141,2250,1988,Default,
185586,27,19,18,4,1,0,0,22,44,45,45,157,186,176,173,18,11,12,10,136,137,138,136,136,464,1014,945,892,926,813,798,1516,2610,2752,2945,2615,1266,2629,3120,3188,2766,2093,2120,2289,1998,Default,
185602,20,9,8,4,1,0,0,2,46,45,46,68,118,110,110,24,16,16,14,60,55,54,54,54,352,919,874,812,901,746,518,1360,2008,2108,2455,2081,1062,1971,2515,2707,2238,1785,1857,2126,1788,Default,
185618,17,5,4,4,1,1,0,3,46,45,46,64,87,78,78,22,14,13,12,27,25,23,23,24,218,808,767,715,836,622,264,1082,1334,1409,1805,1357,760,1165,1618,1650,1395,1254,1356,1594,1307,Default,
185634,15,4,3,3,1,0,0,2,42,43,44,44,83,72,72,23,15,14,14,17,16,13,14,12,128,605,547,491,627,410,144,839,790,805,1177,779,462,564,663,761,692,739,733,936,715,Default,
185650,11,5,3,2,1,1,0,1,34,35,35,32,69,54,53,19,10,9,9,12,14,9,9,11,81,339,273,212,288,195,99,576,412,340,659,393,275,292,371,407,413,339,280,399,273,Default,
185666,11,5,3,3,1,0,0,1,32,27,31,23,51,32,33,16,10,8,6,10,12,6,6,8,45,131,99,72,103,73,79,344,153,132,330,195,145,114,212,188,161,91,79,117,78,Default,
185682,8,4,2,1,1,0,0,0,22,20,18,22,49,33,27,12,7,6,3,5,5,2,1,1,13,56,62,25,36,13,59,164,46,48,174,44,64,29,95,90,29,12,10,12,4,Default,
185698,0,0,0,0,0,0,0,2,27,34,16,29,77,46,36,9,4,3,1,2,0,0,1,0,0,4,28,12,9,4,38,65,36,42,70,6,13,6,4,7,2,2,1,0,0,Default,
185714,0,0,0,0,0,0,1,30,29,39,16,29,87,53,32,12,6,5,2,4,1,0,0,0,0,1,15,6,5,3,23,26,16,24,42,6,11,4,3,4,2,1,0,1,0,Default,
185730,0,0,0,0,0,0,0,1,26,38,19,24,84,43,23,8,5,3,1,1,0,1,0,0,0,0,2,4,3,3,20,27,20,21,33,6,20,27,11,15,4,5,1,1,0,Default,
185746,0,0,0,0,0,0,0,1,22,29,13,27,91,52,25,7,4,3,1,1,0,0,0,0,0,0,3,4,5,2,14,25,16,10,22,6,21,24,7,11,3,4,2,0,0,Default,
185762,0,0,0,0,0,0,0,1,25,33,15,25,99,47,23,8,5,4,1,1,1,0,0,0,0,0,6,5,6,3,16,20,16,8,16,12,20,30,8,13,5,7,1,0,0,Default,
185778,0,0,0,0,1,0,0,2,24,35,22,29,95,38,17,6,2,3,0,0,0,0,0,0,0,0,0,1,1,2,9,8,9,3,9,6,16,22,6,14,7,7,2,0,0,Default,
185794,0,0,0,0,0,0,1,23,25,36,16,26,101,41,23,6,4,2,0,0,0,0,0,0,0,0,3,4,6,3,9,10,7,3,5,6,12,24,7,10,4,4,0,0,0,Default,
185810,0,0,0,0,0,0,0,29,24,36,18,24,108,44,25,8,4,3,1,1,0,0,0,0,0,0,5,6,8,4,9,8,6,3,6,7,14,22,6,11,4,4,1,0,0,Default,
185826,0,0,0,0,0,0,1,28,29,37,17,23,107,34,20,7,4,3,0,1,0,0,0,0,0,0,2,4,4,3,7,7,3,1,4,4,12,16,5,8,3,4,1,0,1,Default,
185842,0,0,0,0,0,0,0,12,28,37,17,24,109,33,20,8,5,3,1,1,0,0,0,0,0,0,1,2,3,1,6,7,3,1,1,0,4,15,4,7,4,4,1,0,0,Default,
185858,0,0,0,0,0,0,0,4,29,32,16,23,111,36,23,7,4,2,0,1,0,0,0,0,0,0,1,1,4,3,6,8,4,2,2,3,11,12,4,8,3,3,0,0,0,Default,
185874,0,0,0,0,0,0,0,16,26,32,16,25,111,34,20,8,5,2,1,1,0,0,0,0,0,1,1,3,5,3,7,8,4,2,3,4,9,14,4,8,3,3,1,0,0,Default,
185890,0,0,0,0,0,1,0,10,27,33,16,25,116,38,21,8,4,3,1,1,0,0,0,0,0,0,2,4,4,2,6,8,4,1,4,4,10,11,4,8,3,3,1,0,0,Default,
185906,0,0,0,0,0,0,0,1,21,29,14,24,116,43,21,8,4,3,1,0,1,0,0,0,0,0,0,0,0,0,2,3,4,2,4,5,10,11,4,8,3,2,1,0,0,Default,
185922,0,0,0,0,0,0,0,1,24,29,12,28,119,45,26,8,4,3,1,1,0,0,0,0,0,0,1,0,1,0,2,5,4,3,5,4,11,12,4,9,3,4,1,1,0,Default,
185938,0,0,0,0,0,0,0,1,22,29,13,27,120,42,23,8,6,3,2,1,0,0,0,0,0,0,1,1,2,1,5,8,4,2,4,4,10,14,4,9,3,4,1,0,0,Default,
185954,0,0,0,0,0,0,0,0,18,25,11,29,116,41,23,9,6,3,1,0,1,0,0,0,0,0,1,1,1,1,3,6,4,2,2,2,12,16,4,9,2,4,1,0,0,Default,
185970,0,0,0,0,0,0,0,0,4,25,12,30,120,43,20,8,4,2,1,0,0,0,0,0,0,0,1,1,1,1,2,4,3,2,3,2,11,17,4,9,2,3,1,0,0,Default,
185986,0,0,0,0,0,0,0,0,9,24,12,30,120,39,25,9,4,2,1,0,0,0,0,0,0,0,0,0,1,0,1,3,4,2,6,3,11,16,4,10,2,3,1,0,0,Default,
186002,0,0,0,0,0,0,0,0,1,17,11,26,123,40,23,8,5,3,1,1,1,0,0,0,0,0,1,1,0,0,1,4,4,2,5,3,14,17,5,8,3,4,0,0,0,Default,
186018,0,0,0,0,0,0,0,0,0,6,9,33,127,40,23,9,6,2,1,1,0,0,1,0,0,1,3,4,4,2,8,12,6,4,6,4,16,16,7,14,3,4,1,1,0,Default,
186034,0,0,0,0,0,0,0,0,0,2,8,28,124,41,21,7,4,3,1,1,0,0,0,0,0,0,1,2,3,1,8,13,8,6,8,5,16,17,5,13,4,4,1,0,1,Default,
186050,0,0,0,0,0,0,0,0,1,19,10,34,132,44,28,11,6,3,1,2,1,0,0,0,0,1,8,8,5,3,14,16,12,7,10,7,17,17,6,16,4,3,1,0,0,Default,
186066,0,0,0,0,0,0,0,0,4,19,9,34,138,48,26,9,4,2,0,1,0,0,0,0,0,1,20,11,7,4,12,16,11,6,8,6,15,16,6,15,4,4,1,0,0,Default,
186082,0,0,0,0,0,0,0,0,8,21,12,33,152,46,25,12,7,3,2,2,1,0,0,0,0,1,14,8,5,3,12,16,11,6,9,4,15,17,6,16,4,4,1,0,0,Default,
186098,0,64,46,35,37,29,16,64,75,74,51,65,195,61,39,10,3,1,0,0,1,1,0,0,1,15,12,8,8,3,14,5,1,1,1,1,4,12,5,4,2,2,0,0,0,Default,
186114,799,882,874,373,394,336,86,302,392,352,145,262,367,294,94,11,3,2,1,5,5,5,3,2,20,10,9,5,3,0,16,3,2,1,1,1,12,11,5,8,2,4,1,0,0,Default,
186130,1611,1790,1869,987,1165,930,216,648,774,754,355,410,520,472,190,19,12,12,9,57,52,53,37,8,16,5,4,2,1,1,10,3,2,1,2,3,18,15,10,10,3,5,0,0,0,Default,
186146,2114,2279,2456,1590,2017,1572,522,1107,1341,1350,957,571,702,670,397,48,40,39,39,37,30,29,25,8,27,20,18,18,4,2,47,37,37,33,15,5,32,25,21,8,3,4,1,0,0,Default,
186162,2482,2651,2839,2120,2641,2079,672,1674,2051,2055,1017,1056,1304,1258,662,53,47,47,45,30,25,25,22,6,29,20,19,17,6,3,69,63,58,58,16,6,46,41,37,11,4,6,1,0,0,Default,
186178,2531,2773,2831,2383,3030,2353,891,2127,2649,2598,1316,1434,1780,1703,977,145,138,139,137,20,16,20,16,4,45,40,40,37,8,4,133,129,124,109,23,5,41,36,33,7,3,5,1,0,0,Default,
186194,2376,2504,2549,2438,3125,2435,1098,2404,2916,2857,1609,1667,2043,1942,1269,590,587,613,494,264,257,253,244,111,220,230,227,219,58,8,227,232,216,198,65,8,92,92,83,45,7,6,0,0,0,Default,
186210,2201,2325,2405,2396,3098,2439,1233,2452,3002,2947,1810,1774,2197,2088,1446,810,829,893,691,644,642,625,559,379,532,585,587,572,212,52,452,456,432,389,315,70,200,204,184,149,52,7,1,0,0,Default,
186226,2088,2246,2342,2401,3073,2449,1351,2526,3055,3018,1986,1860,2296,2204,1608,967,990,1068,836,1051,1043,1011,889,494,740,834,840,795,371,172,687,714,675,612,507,231,320,327,295,238,228,11,4,3,2,Default,
186242,2216,2259,2333,2433,3100,2495,1447,2607,3151,3123,2129,1956,2436,2347,1771,1061,1102,1184,928,1256,1243,1202,1082,571,866,994,1001,931,477,248,876,922,876,791,621,348,387,396,364,298,331,15,6,5,4,Default,
186258,2228,2278,2367,2439,3099,2520,1517,2641,3215,3199,2242,2012,2524,2437,1891,1132,1191,1284,1011,1401,1410,1374,1259,664,978,1138,1156,1065,597,331,1019,1089,1046,941,771,490,485,501,463,388,427,20,10,8,8,Default,
186274,2161,2201,2288,2356,3027,2478,1542,2581,3192,3192,2293,1988,2534,2460,1938,1148,1215,1312,1038,1488,1518,1491,1369,764,1040,1232,1265,1166,688,399,1137,1239,1209,1094,921,603,588,612,573,489,511,22,16,14,14,Default,
186290,1973,2011,2073,2176,2839,2331,1498,2391,3019,3046,2249,1869,2425,2376,1898,1121,1193,1290,1032,1480,1525,1506,1406,819,1065,1284,1314,1228,758,447,1206,1324,1311,1194,1007,678,657,692,659,551,584,29,20,17,17,Default,
186306,1733,1770,1815,1976,2603,2218,1413,2136,2751,2807,2107,1709,2249,2222,1768,1044,1122,1222,982,1395,1446,1441,1363,833,1015,1242,1278,1214,785,480,1202,1339,1339,1236,1073,749,704,753,721,612,674,26,20,19,19,Default,
186322,1400,1467,1521,1637,2159,1876,1234,1787,2353,2424,1885,1489,2012,1997,1601,933,1004,1115,895,1247,1305,1305,1253,794,932,1154,1213,1171,779,501,1160,1314,1329,1239,1106,813,722,787,756,643,733,29,20,19,20,Default,
186338,1068,1111,1165,1246,1520,1432,982,1397,1782,1848,1554,1252,1717,1717,1404,820,878,1003,802,1082,1127,1137,1125,742,843,1065,1131,1119,786,526,1090,1257,1299,1224,1158,898,734,824,795,689,795,28,19,18,20,Default,
186354,806,820,894,859,951,966,703,1030,1269,1351,1213,1043,1463,1471,1215,715,773,909,722,925,981,997,994,703,745,986,1063,1075,801,555,1022,1206,1275,1216,1214,980,738,860,833,740,861,31,24,23,20,Default,
186370,601,592,672,557,573,588,475,783,958,1003,942,870,1233,1227,1061,622,669,808,648,812,860,877,888,673,693,934,1024,1058,832,586,954,1169,1260,1257,1303,1060,750,905,899,816,923,37,29,27,27,Default,
186386,446,441,504,377,368,369,323,604,737,804,758,737,1070,1066,920,554,602,742,590,745,783,818,829,660,634,891,1015,1065,859,617,900,1139,1290,1318,1391,1140,760,968,973,886,990,40,33,30,31,Default,
186402,356,356,403,262,261,256,232,493,596,640,615,650,959,971,829,500,560,694,555,705,746,787,795,655,616,905,1051,1101,910,656,874,1166,1338,1409,1490,1210,783,1028,1050,961,1053,44,37,35,37,Default,
186418,8,1,1,174,166,166,157,410,518,537,525,566,870,882,762,464,529,651,530,676,724,771,781,666,600,931,1109,1169,986,777,860,1203,1414,1530,1612,1334,833,1136,1186,1082,1146,66,58,54,57,Default,
186434,203,207,224,137,130,130,125,338,418,434,425,519,795,819,710,460,520,638,526,692,745,801,808,701,619,993,1211,1266,1077,873,879,1264,1563,1683,1753,1465,894,1285,1366,1236,1264,64,54,53,56,Default,
186450,149,149,157,124,112,112,109,302,353,365,357,489,742,757,655,449,504,617,513,736,773,842,845,756,653,1056,1307,1343,1183,944,924,1397,1712,1844,1924,1578,979,1418,1526,1401,1377,95,82,78,81,Default,
186466,108,106,110,86,79,78,77,295,343,349,367,489,733,734,656,479,530,639,541,808,850,920,929,843,708,1188,1442,1476,1318,1048,1015,1513,1910,2071,2147,1720,1086,1606,1738,1620,1525,135,125,123,127,Default,
186482,71,67,67,62,58,57,55,258,296,298,308,478,702,694,634,519,572,666,570,858,921,1020,1038,960,771,1303,1615,1633,1486,1173,1099,1674,2171,2347,2395,1915,1235,1839,2035,1889,1709,183,171,169,172,Default,
186498,42,37,36,51,45,44,43,209,229,232,239,448,637,618,576,533,589,667,593,915,1022,1133,1150,1062,829,1449,1785,1803,1656,1292,1187,1840,2443,2656,2667,2106,1373,2104,2357,2172,1915,277,258,253,263,Default,
186514,36,32,30,24,18,16,16,152,176,181,182,412,559,543,511,535,594,637,572,959,1065,1173,1135,1103,879,1571,1919,1923,1799,1323,1272,1998,2717,2906,2954,2271,1520,2365,2645,2467,2119,427,399,399,406,Default,
186530,37,33,33,21,14,13,12,157,161,167,169,381,497,474,453,526,576,598,545,957,1032,1111,1053,1028,944,1693,2089,2064,1918,1446,1383,2237,2997,3189,3194,2490,1692,2645,2965,2740,2379,633,597,590,610,Default,
186546,38,35,35,10,3,2,1,127,128,131,132,325,410,389,376,460,503,513,475,870,909,974,901,881,950,1757,2135,2109,1954,1498,1419,2341,3199,3299,3297,2669,1788,2856,3237,2988,2614,875,850,821,849,Default,
186562,43,36,36,8,3,1,1,88,95,97,96,244,319,306,296,356,389,393,372,669,707,729,670,671,878,1724,2093,2056,1911,1521,1376,2368,3293,3298,3298,2848,1844,3034,3297,3297,2820,1200,1183,1141,1164,Default,
186578,44,40,39,7,1,0,0,32,52,52,52,232,268,256,252,251,252,252,246,530,546,570,530,526,871,1570,1909,1885,1776,1413,1390,2358,3295,3298,3298,2943,1850,3134,3298,3297,2974,1467,1469,1426,1424,Default,
186594,42,38,38,6,1,0,0,39,62,62,62,164,240,228,228,174,178,180,177,391,427,442,418,414,778,1417,1639,1635,1552,1287,1303,2040,3295,3297,3298,3044,1699,3176,3298,3298,3175,1682,1699,1688,1642,Default,
186610,46,37,37,6,1,1,0,33,60,62,62,204,248,236,235,55,49,46,47,332,386,431,397,400,600,1302,1376,1361,1343,1137,1065,1889,3263,3299,3298,3089,1600,3154,3297,3299,3296,1882,1904,1960,1855,Default,
186626,40,31,30,5,1,1,0,33,58,59,61,162,198,189,186,22,18,16,16,154,225,236,225,226,550,1111,1097,1089,1111,961,970,1688,3004,3264,3297,2996,1434,2983,3297,3298,3146,1984,2002,2146,1990,Default,
186642,37,26,25,6,1,0,0,9,46,47,48,149,177,170,166,24,16,15,14,125,135,138,134,136,445,977,937,924,971,848,770,1591,2693,2934,3271,3046,1322,2731,3237,3298,3218,1979,2027,2244,2084,Default,
186658,23,16,16,6,1,1,0,11,43,44,44,101,128,122,119,21,14,14,13,45,45,45,43,41,332,887,867,847,932,797,479,1245,2142,2389,2886,2582,1042,2190,2759,3027,2710,1782,1915,2209,1991,Default,
186674,20,12,10,4,1,0,0,3,45,46,46,64,87,81,81,23,16,16,15,12,10,8,7,7,209,828,795,783,917,718,257,1124,1515,1676,2296,1807,853,1425,1948,2203,1898,1369,1525,1865,1625,Default,
186690,14,9,8,4,1,1,0,3,45,47,49,45,74,66,67,24,17,17,16,10,12,9,9,8,127,683,605,589,750,507,140,893,884,1063,1575,1032,549,709,912,1028,947,806,920,1133,952,Default,
186706,19,12,10,4,2,1,0,1,42,40,41,31,70,54,60,19,18,16,11,9,11,14,8,9,93,431,340,322,452,283,110,661,467,493,923,549,349,356,490,555,520,389,356,515,381,Default,
186722,15,12,8,4,1,1,0,1,35,30,33,22,53,35,37,22,16,13,12,12,10,7,6,8,62,185,132,109,170,108,87,396,191,174,433,263,179,158,255,265,214,124,110,173,113,Default,
186738,7,8,3,3,1,0,0,0,20,16,15,16,53,31,27,8,9,6,3,6,8,4,3,3,19,74,59,32,45,26,58,198,49,61,198,84,77,29,119,92,68,10,12,16,6,Default,
186754,0,0,0,0,0,0,0,3,25,30,13,26,75,48,34,8,5,4,2,2,1,0,0,0,0,2,21,8,8,3,33,58,33,47,74,4,19,9,18,17,3,6,2,1,0,Default,
186770,0,0,0,0,0,1,2,31,30,37,20,29,86,53,31,12,6,6,3,3,1,0,0,0,0,1,12,6,5,2,25,33,23,33,70,16,16,5,3,7,2,2,1,1,0,Default,
186786,0,0,0,0,0,0,0,8,26,38,20,26,85,53,26,6,6,4,1,2,1,0,0,0,0,0,8,4,5,3,20,29,26,31,46,16,20,37,13,15,5,6,1,0,0,Default,
186802,0,0,0,0,0,0,0,1,20,30,16,25,87,45,28,7,5,3,1,1,1,0,0,0,0,0,0,1,0,1,4,24,17,17,37,6,19,29,10,13,4,5,1,1,0,Default,
186818,0,0,0,0,0,0,0,1,22,32,18,24,89,42,22,8,7,5,2,1,1,0,0,0,0,0,1,2,3,1,14,22,14,8,20,5,20,30,9,12,4,4,1,1,0,Default,
186834,0,0,0,0,0,0,1,4,25,34,19,24,94,37,26,7,4,3,1,1,0,1,0,0,0,1,1,4,6,3,11,11,8,4,12,4,12,25,8,16,4,5,2,0,0,Default,
186850,0,0,0,0,0,0,0,22,25,35,20,24,96,34,25,8,4,2,1,1,0,0,0,0,0,0,1,1,4,3,10,12,10,5,11,7,13,25,8,12,4,5,0,0,0,Default,
186866,0,0,0,0,0,0,0,20,25,36,21,24,101,37,24,8,3,2,1,0,0,0,0,0,0,0,1,3,6,1,12,10,8,4,8,9,15,24,7,10,4,5,1,1,0,Default,
186882,0,0,0,0,0,1,1,24,27,36,20,24,103,34,25,8,4,2,1,1,0,0,0,0,0,0,1,1,3,2,8,12,10,4,10,8,15,23,6,13,4,5,1,0,0,Default,
186898,0,0,0,0,0,0,0,1,27,36,21,24,104,37,25,7,4,2,1,0,1,0,0,0,0,0,0,1,1,1,4,11,8,4,7,7,15,20,6,14,4,5,1,1,0,Default,
186914,0,0,0,0,0,0,0,0,14,34,19,21,105,42,22,8,3,2,1,1,1,0,0,0,0,0,0,0,0,0,1,1,2,3,3,3,9,12,7,12,6,3,2,0,0,Default,
186930,0,0,0,0,0,0,0,1,24,30,16,27,107,39,26,8,4,2,1,0,0,0,0,0,0,0,1,1,2,1,4,8,4,2,2,2,11,12,4,8,3,3,1,0,0,Default,
186946,0,0,0,0,0,0,0,1,23,29,17,26,111,41,27,8,4,1,1,0,0,0,0,0,0,1,1,3,3,1,5,8,4,2,3,3,12,13,4,8,3,4,1,0,0,Default,
186962,0,0,0,0,0,0,0,1,20,28,18,23,111,45,27,8,4,2,1,1,1,0,0,0,0,0,1,2,2,1,4,6,4,1,1,1,4,9,2,4,2,1,0,0,0,Default,
186978,0,0,0,0,0,0,0,1,22,29,14,28,112,41,24,8,4,2,1,1,0,0,0,0,0,0,1,1,2,1,4,6,4,1,2,1,6,12,4,8,3,3,1,1,0,Default,
186994,0,0,0,0,0,0,0,1,22,28,15,28,111,44,26,5,4,2,0,1,0,0,0,0,0,0,0,0,1,0,1,3,2,1,1,1,8,16,5,8,3,4,0,1,1,Default,
187010,0,0,0,0,0,0,0,0,1,29,19,22,113,48,30,11,4,2,1,0,0,0,0,0,0,0,0,0,0,0,0,0,0,1,1,0,1,3,6,8,3,1,1,0,0,Default,
187026,0,0,0,0,0,0,0,0,11,24,14,27,116,43,22,5,4,2,0,1,0,0,0,0,0,0,1,1,1,0,0,1,1,1,0,0,1,16,4,8,2,3,0,0,0,Default,
187042,0,0,0,0,0,0,0,0,8,24,14,29,120,39,27,8,4,2,1,1,0,0,0,0,0,0,0,0,1,1,0,3,2,2,1,1,8,19,4,11,3,3,1,0,0,Default,
187058,0,0,0,0,0,0,0,0,1,17,10,30,122,38,28,6,4,1,1,1,0,0,0,0,0,0,0,0,0,0,1,3,3,3,5,2,12,18,4,13,3,3,1,0,0,Default,
187074,0,0,0,0,0,0,0,0,0,6,9,29,124,34,24,9,7,3,1,2,0,0,0,0,0,0,1,2,3,2,7,9,6,3,6,5,15,19,6,17,5,4,1,0,0,Default,
187090,0,0,0,0,0,0,0,0,0,1,4,29,122,41,25,9,6,2,1,1,0,1,0,0,1,1,4,4,4,3,8,12,7,4,8,4,17,16,5,16,4,4,1,1,0,Default,
187106,0,0,0,0,0,0,0,0,0,5,9,31,126,43,29,11,6,3,1,2,0,0,0,0,0,1,4,5,4,3,11,16,11,5,12,11,16,17,6,17,6,4,1,0,0,Default,
187122,0,0,0,0,0,0,0,1,3,24,12,30,132,53,30,11,6,3,2,2,1,0,0,0,0,2,21,13,7,4,11,16,8,6,9,9,16,16,7,16,6,6,1,0,0,Default,
187138,0,0,0,0,0,0,0,0,3,20,10,33,134,46,29,10,5,3,2,2,0,0,0,0,0,2,21,13,8,4,12,19,12,11,11,8,16,19,8,14,5,5,1,1,0,Default,
187154,0,0,0,0,1,0,1,38,55,53,40,36,169,56,42,10,4,3,1,4,9,19,6,5,12,21,19,14,8,2,13,15,8,6,6,1,14,11,5,4,1,2,1,0,1,Default,
187170,749,779,750,331,350,286,78,280,355,320,138,234,323,246,90,11,3,1,1,1,1,0,0,0,0,1,1,1,4,1,10,3,1,0,0,1,6,6,4,4,1,2,0,0,0,Default,
187186,1520,1536,1686,854,982,855,168,542,650,638,269,351,443,397,148,12,4,3,2,48,47,49,31,8,16,4,3,2,1,0,5,4,2,1,1,1,17,12,8,8,2,4,1,0,0,Default,
187202,2004,2200,2285,1422,1811,1365,360,929,1101,1117,566,495,602,584,300,38,31,29,29,35,25,26,20,7,29,21,20,18,4,3,39,33,30,26,16,4,32,27,22,8,2,4,1,0,0,Default,
187218,2404,2583,2726,1982,2481,1948,598,1465,1771,1786,925,870,1073,1040,558,43,36,37,34,29,24,24,20,6,31,22,20,17,6,3,53,45,45,39,16,5,43,38,34,11,4,6,0,0,0,Default,
187234,2664,2668,2792,2316,2912,2287,839,1998,2466,2446,1244,1315,1628,1574,899,87,82,80,78,20,12,12,12,3,33,25,24,23,6,2,120,116,111,100,20,4,49,46,41,11,4,4,1,0,0,Default,
187250,2350,2498,2528,2457,3133,2435,1073,2431,2925,2839,1562,1629,1986,1869,1214,494,493,507,429,230,223,215,216,74,187,194,190,182,44,8,215,219,207,188,54,5,77,74,68,34,6,6,0,0,0,Default,
187266,0,0,0,2469,3150,2479,1240,2531,3081,3015,1821,1799,2219,2097,1442,747,757,803,635,579,571,551,501,345,532,577,581,589,199,49,435,443,417,381,295,65,195,200,180,143,52,3,1,0,0,Default,
187282,0,0,0,2404,3070,2437,1328,2552,3012,2984,1945,1850,2271,2153,1555,916,927,992,775,938,914,881,786,482,702,781,783,760,345,161,676,704,662,599,505,225,313,322,293,235,209,11,4,2,1,Default,
187298,4,1,1,2388,3038,2427,1359,2570,2985,2964,1991,1897,2339,2224,1614,974,990,1061,827,1108,1074,1037,903,501,800,905,901,854,419,229,856,897,846,754,588,325,371,382,347,278,296,12,5,4,4,Default,
187314,3,1,1,2397,3030,2437,1412,2585,3016,2998,2072,1951,2421,2296,1720,1057,1086,1159,907,1256,1224,1181,1031,557,895,1021,1023,943,512,287,995,1052,1001,889,687,414,447,465,426,343,368,16,8,7,6,Default,
187330,6,2012,2109,2345,2966,2407,1456,2548,3009,3005,2143,1952,2442,2333,1790,1117,1164,1244,974,1404,1384,1340,1191,642,994,1162,1167,1068,617,364,1126,1202,1163,1038,829,552,558,584,541,431,457,19,11,9,8,Default,
187346,1905,1894,1942,2183,2788,2288,1440,2399,2883,2909,2142,1878,2374,2294,1805,1115,1170,1257,993,1469,1457,1418,1280,721,1037,1238,1253,1142,700,421,1239,1341,1322,1187,962,641,663,706,663,532,529,25,18,16,17,Default,
187362,1643,1646,1681,2012,2575,2204,1392,2164,2655,2706,2047,1736,2235,2170,1719,1078,1131,1227,970,1434,1430,1401,1285,746,1024,1249,1271,1165,729,461,1294,1426,1426,1290,1042,717,750,813,771,603,618,27,18,16,16,Default,
187378,1406,1428,1459,1701,2166,1879,1238,1857,2313,2373,1857,1544,2039,1989,1593,1007,1062,1166,925,1338,1344,1317,1220,744,960,1191,1216,1138,745,493,1291,1449,1462,1334,1099,793,804,883,840,660,700,34,24,22,22,Default,
187394,1111,1123,1159,1330,1595,1505,1017,1491,1831,1892,1574,1348,1813,1770,1437,902,953,1065,842,1194,1196,1180,1098,713,866,1102,1140,1085,744,516,1238,1421,1455,1339,1156,867,831,938,890,704,766,33,27,24,24,Default,
187410,874,866,927,944,1036,1034,757,1158,1376,1438,1278,1167,1597,1565,1292,808,853,982,774,1079,1068,1060,1007,699,806,1060,1098,1057,762,544,1189,1397,1458,1374,1231,945,839,986,941,753,834,37,29,27,28,Default,
187426,638,626,693,647,673,689,542,880,1058,1098,1010,991,1383,1356,1147,725,766,903,713,965,953,947,907,679,737,995,1062,1039,783,574,1130,1367,1470,1419,1314,1035,849,1040,1007,825,908,45,37,36,36,Default,
187442,493,480,537,431,427,419,367,699,829,870,815,861,1208,1182,1021,667,706,843,672,895,884,883,862,675,715,991,1077,1072,834,616,1103,1351,1491,1491,1409,1121,877,1118,1111,911,986,51,44,41,41,Default,
187458,409,398,447,306,296,292,267,569,663,708,672,755,1075,1053,914,615,654,791,633,860,853,857,844,688,698,999,1106,1112,892,664,1078,1350,1533,1590,1529,1214,907,1204,1238,1004,1074,57,48,45,46,Default,
187474,325,317,353,208,203,200,189,476,571,591,577,677,990,974,849,563,617,744,605,825,825,849,835,702,686,1025,1154,1164,958,717,1057,1376,1631,1695,1650,1384,950,1318,1373,1131,1196,59,51,49,49,Default,
187490,246,248,266,169,158,161,154,400,494,508,495,612,911,905,791,525,582,696,577,789,800,829,822,712,675,1055,1206,1227,1044,853,1034,1473,1710,1795,1778,1465,1007,1397,1486,1256,1276,77,66,66,68,Default,
187506,202,206,219,136,127,129,124,347,420,436,424,559,846,844,735,498,559,667,552,779,795,835,822,725,689,1117,1295,1305,1124,924,1039,1490,1807,1892,1889,1582,1048,1507,1591,1382,1385,88,78,76,78,Default,
187522,154,153,161,123,114,115,111,315,364,381,465,536,815,804,714,494,549,655,552,804,809,858,850,774,714,1180,1377,1385,1217,986,1065,1554,1920,2035,2076,1679,1106,1605,1721,1542,1478,123,109,106,112,Default,
187538,111,107,111,99,91,91,87,329,385,395,412,516,786,774,694,502,564,667,566,824,858,927,920,854,742,1264,1504,1516,1355,1079,1074,1662,2108,2244,2291,1825,1214,1778,1932,1752,1619,163,153,149,155,Default,
187554,78,74,74,78,68,68,67,279,330,331,344,486,747,733,669,515,590,676,584,858,948,1016,1015,947,774,1381,1641,1667,1508,1193,1137,1807,2292,2470,2513,1985,1336,1957,2167,1995,1773,209,196,192,203,Default,
187570,53,47,46,48,42,42,42,233,262,263,273,463,685,670,624,536,609,688,615,899,1019,1110,1101,1038,822,1526,1800,1831,1670,1322,1196,1940,2537,2715,2763,2190,1452,2187,2441,2257,1985,315,294,288,299,Default,
187586,49,42,41,28,16,16,16,165,197,200,206,425,581,563,532,519,576,617,555,935,1031,1133,1079,1065,879,1603,1922,1929,1794,1343,1275,2025,2781,2913,3022,2350,1559,2446,2701,2542,2193,475,444,445,458,Default,
187602,42,37,36,21,15,14,14,168,173,179,182,382,506,488,463,495,551,582,526,903,998,1103,1028,1026,911,1691,2089,2081,1935,1465,1279,2121,3022,3159,3283,2571,1668,2697,2989,2827,2445,692,655,653,671,Default,
187618,41,37,36,12,4,3,2,151,156,162,164,327,408,390,377,431,473,486,450,803,876,939,874,867,932,1732,2132,2126,1985,1529,1372,2291,3221,3297,3297,2761,1790,2915,3246,3094,2678,961,925,903,918,Default,
187634,44,38,37,7,1,0,0,106,116,120,119,252,330,312,306,334,359,364,347,618,692,729,664,671,833,1686,2056,2021,1899,1471,1301,2303,3291,3298,3297,2894,1825,3071,3297,3297,2843,1241,1227,1204,1212,Default,
187650,46,41,41,6,2,1,0,63,70,71,70,239,289,274,269,228,232,234,225,469,505,534,497,501,804,1554,1886,1894,1782,1426,1269,2253,3295,3297,3297,3042,1795,3157,3297,3297,3044,1492,1513,1499,1468,Default,
187666,48,41,41,7,1,0,0,43,62,62,62,216,265,248,246,162,172,174,167,366,394,413,394,394,731,1418,1606,1638,1568,1302,1190,2200,3294,3297,3298,3297,1757,3195,3297,3298,3297,1710,1749,1763,1708,Default,
187682,44,37,37,6,1,1,0,22,67,69,70,157,265,252,249,66,68,66,66,212,325,348,324,331,627,1225,1331,1355,1350,1142,1038,1807,3217,3298,3298,3297,1499,3158,3298,3297,3297,1823,1896,1994,1890,Default,
187698,41,35,33,6,1,0,0,8,59,61,62,128,228,219,216,19,13,12,12,148,232,248,236,240,529,1019,1077,1092,1123,971,911,1584,2985,3289,3297,3297,1346,3007,3297,3297,3298,1928,1984,2157,2009,Default,
187714,37,29,28,4,0,0,0,23,45,46,46,149,189,182,178,16,9,7,8,123,136,142,133,132,414,921,936,936,994,866,683,1452,2651,2980,3298,3132,1233,2729,3240,3299,3294,1933,2019,2262,2074,Default,
187730,29,19,18,6,1,1,0,6,47,47,48,102,137,130,128,19,11,11,9,29,27,25,25,25,289,825,827,828,927,789,410,1227,2081,2467,3141,2814,1027,2125,2790,3189,2859,1708,1897,2244,2018,Default,
187746,19,11,10,4,1,1,0,4,45,47,46,61,88,83,83,19,13,12,12,17,15,15,14,13,186,716,734,751,895,710,223,1008,1484,1840,2623,2125,800,1424,2040,2454,2110,1287,1541,1951,1690,Default,
187762,20,12,8,4,1,1,0,3,49,49,50,46,71,64,66,24,16,16,16,13,12,9,9,9,128,598,546,577,738,522,141,783,829,1180,1836,1256,523,704,1028,1188,1073,751,963,1258,1059,Default,
187778,19,12,10,4,0,0,0,2,41,41,44,38,77,60,65,20,17,14,13,15,16,13,14,14,103,375,324,316,455,298,123,571,445,524,1069,671,329,356,497,587,574,377,388,564,446,Default,
187794,17,12,8,5,1,0,0,2,35,33,37,26,57,36,39,21,15,12,12,11,12,7,8,9,70,176,139,125,190,125,97,367,190,195,540,312,186,174,270,302,291,121,119,177,123,Default,
187810,8,7,3,3,1,1,0,0,22,16,16,16,49,29,26,8,8,4,2,5,9,4,3,5,24,72,56,36,48,32,53,180,49,62,234,137,78,35,103,118,83,12,10,14,6,Default,
187826,0,0,0,0,0,0,0,7,25,34,14,25,78,47,27,8,4,4,2,1,1,0,0,0,0,1,19,9,8,2,29,41,22,37,75,8,22,10,29,24,4,5,1,1,0,Default,
187842,0,0,0,0,1,2,2,30,28,42,20,28,79,53,29,10,6,4,2,3,1,0,0,0,1,1,13,6,6,2,27,32,32,33,69,7,22,36,14,16,4,6,1,0,0,Default,
187858,0,0,0,0,0,0,0,14,26,40,19,26,77,52,25,9,4,3,1,1,1,0,0,0,0,1,5,4,5,3,20,24,21,25,60,20,19,37,13,13,4,7,1,0,0,Default,
187874,0,0,0,0,0,0,0,0,2,30,16,25,79,49,24,6,6,4,2,1,1,1,0,0,0,0,1,1,2,1,16,24,17,20,40,15,17,26,8,12,4,8,1,1,0,Default,
187890,0,0,0,0,0,0,1,1,25,33,17,23,84,41,24,7,4,4,1,1,0,0,0,0,0,0,0,1,1,0,4,17,11,10,23,5,14,25,8,12,3,4,1,0,0,Default,
187906,0,0,0,0,0,1,1,16,27,36,19,23,89,41,24,8,6,4,2,3,1,0,0,0,0,0,2,4,6,3,11,11,8,4,14,3,13,22,7,11,3,4,1,0,0,Default,
187922,0,0,0,1,0,1,0,28,29,35,20,26,95,42,24,8,5,3,1,0,1,1,0,0,0,0,0,1,3,1,8,10,6,4,11,2,16,24,8,9,2,4,1,0,0,Default,
187938,0,0,0,0,0,1,1,29,27,37,20,24,97,33,25,9,4,3,1,1,1,0,0,0,0,0,1,2,4,3,9,8,5,3,7,2,11,22,6,10,3,3,1,0,0,Default,
187954,0,0,0,0,0,0,0,16,28,35,19,22,102,38,27,7,4,2,2,1,1,0,0,0,0,0,2,4,6,3,6,6,3,1,3,1,8,20,6,11,3,3,0,0,0,Default,
187970,0,0,0,0,0,0,0,3,27,31,17,25,103,37,25,8,4,2,1,1,0,0,0,0,0,0,1,0,2,1,4,7,5,3,5,5,13,19,6,11,4,4,1,0,0,Default,
187986,0,0,0,0,0,0,0,2,25,29,17,23,103,38,25,6,4,2,1,1,0,0,0,0,0,0,0,0,0,0,1,3,2,1,3,2,8,16,4,8,2,3,1,1,0,Default,
188002,0,0,0,0,0,0,0,1,22,29,14,28,105,40,26,8,5,2,0,0,0,0,0,0,0,0,0,0,0,0,0,2,2,1,1,1,3,14,5,8,2,3,1,0,0,Default,
188018,0,0,0,0,1,0,0,0,20,28,16,24,106,45,25,7,4,2,1,0,0,0,1,0,0,0,0,1,0,0,0,1,1,1,2,1,8,12,3,7,2,1,1,0,0,Default,
188034,0,0,0,0,0,0,1,0,13,30,11,25,107,41,30,8,4,2,1,0,0,0,0,0,0,0,0,0,1,0,0,2,1,1,2,1,12,12,4,8,3,3,1,0,0,Default,
188050,0,0,0,0,0,0,1,1,22,26,15,29,109,41,27,8,4,2,1,0,0,0,0,0,0,0,1,0,0,0,1,3,3,1,4,3,10,9,3,8,3,3,1,0,0,Default,
188066,0,0,0,0,0,0,0,0,17,27,12,30,110,45,27,8,2,2,1,0,0,0,0,0,0,0,0,1,1,1,1,5,4,2,3,3,10,9,3,7,3,3,1,0,0,Default,
188082,0,0,0,0,0,0,0,0,9,29,14,31,111,48,29,8,4,2,1,0,0,0,0,0,0,0,0,0,0,0,2,4,4,2,3,1,11,15,4,7,2,3,1,0,0,Default,
188098,0,0,0,0,0,0,0,0,4,27,13,29,114,45,28,6,4,2,0,0,0,0,0,0,0,0,0,0,0,0,1,2,2,1,1,1,3,14,4,8,2,3,1,0,0,Default,
188114,0,0,0,0,0,0,0,0,3,26,13,29,116,49,29,8,4,2,1,1,0,0,0,0,0,0,0,0,1,0,0,2,2,1,1,1,6,16,4,11,3,4,1,1,0,Default,
188130,0,0,0,0,0,0,0,0,1,20,12,31,118,50,24,7,4,2,1,1,0,0,0,0,0,0,0,0,0,0,1,1,1,1,1,1,3,16,6,12,3,4,1,0,0,Default,
188146,0,0,0,0,0,0,0,0,0,19,12,32,122,44,24,9,7,3,1,1,0,0,0,0,1,0,1,1,2,1,4,7,2,1,2,1,6,16,5,13,3,4,1,0,0,Default,
188162,0,0,0,0,0,0,0,0,0,13,9,31,120,38,24,11,7,3,1,2,1,0,0,0,0,0,2,4,4,2,7,11,8,4,9,3,16,20,5,19,4,4,1,0,1,Default,
188178,0,0,0,0,0,0,0,0,1,18,10,30,128,51,32,10,6,3,2,2,0,1,0,0,1,1,7,9,5,3,10,16,11,8,12,8,16,14,6,18,4,5,1,1,1,Default,
188194,0,0,0,0,0,0,0,0,6,22,10,29,140,52,33,10,5,4,2,2,0,0,0,0,0,1,15,12,6,3,12,15,10,7,8,8,15,16,6,17,5,5,1,1,0,Default,
188210,0,0,0,0,0,0,0,0,9,20,10,28,140,53,31,11,6,4,2,2,1,0,0,0,0,0,14,7,5,3,14,16,12,8,12,9,18,20,8,16,5,4,1,0,0,Default,
188226,82,151,116,97,100,78,32,98,135,103,70,85,204,78,41,12,2,0,1,1,0,0,0,0,0,1,6,4,7,3,12,4,1,2,2,0,16,12,4,7,2,3,1,0,0,Default,
188242,1035,1076,1102,503,526,451,107,367,460,434,180,296,400,338,109,10,2,1,1,2,5,6,4,3,14,6,4,3,2,1,11,3,1,1,1,1,16,13,7,9,2,4,1,0,0,Default,
188258,1648,1807,1964,1053,1264,1027,235,675,803,804,536,415,523,480,230,23,15,14,12,48,45,45,37,8,23,12,11,8,3,2,13,4,2,1,2,1,22,16,13,11,3,4,0,0,0,Default,
188274,2080,2250,2369,1557,2006,1557,530,1082,1315,1339,997,576,713,686,419,45,37,37,37,32,27,27,23,6,24,16,13,10,4,1,39,31,29,24,14,4,35,30,25,11,3,6,2,0,0,Default,
188290,2436,2575,2742,2085,2598,2057,691,1678,2084,2079,1044,1077,1347,1305,704,59,53,53,53,23,22,22,20,6,33,25,24,21,6,2,58,49,48,43,13,4,48,42,38,12,4,7,1,1,0,Default,
188306,2441,2497,2594,2336,2922,2272,896,2141,2607,2547,1312,1416,1718,1627,991,229,227,226,215,39,35,38,35,9,73,70,67,63,12,4,127,126,120,111,20,4,42,39,37,12,4,5,1,0,0,Default,
188322,0,0,0,2492,3130,2442,1127,2469,2985,2891,1653,1717,2114,1981,1287,607,605,628,507,308,297,286,274,160,292,305,306,301,85,9,285,290,278,251,99,8,112,116,104,62,8,6,1,0,0,Default,
188338,0,0,0,2466,3113,2453,1264,2520,3041,2972,1857,1821,2241,2101,1468,829,847,901,700,643,630,610,547,389,611,680,687,671,238,61,559,565,527,475,346,84,240,249,223,166,62,6,1,0,0,Default,
188354,0,0,0,2438,3117,2483,1361,2623,3090,3034,2007,1922,2372,2243,1612,969,986,1061,827,1013,986,950,831,496,777,877,881,834,364,172,804,826,771,675,509,223,334,344,309,241,203,10,4,3,2,Default,
188370,6,1,1,2446,3108,2496,1424,2650,3141,3100,2101,1978,2448,2320,1716,1051,1082,1154,899,1178,1154,1113,970,542,886,1011,1017,944,455,241,969,1013,961,841,616,328,421,434,394,306,304,13,5,4,3,Default,
188386,6,1,1,2401,3059,2482,1493,2649,3163,3140,2214,2014,2519,2395,1841,1127,1179,1262,988,1345,1336,1297,1153,639,978,1142,1155,1069,567,326,1152,1223,1183,1049,771,461,555,582,540,416,419,16,8,7,6,Default,
188402,6,2016,2060,2263,2900,2374,1507,2537,3067,3064,2254,1985,2490,2383,1886,1177,1231,1320,1046,1495,1486,1451,1309,755,1082,1288,1313,1205,700,408,1331,1428,1401,1255,947,593,689,733,700,543,507,24,15,13,13,Default,
188418,1732,1751,1785,2092,2686,2283,1455,2319,2860,2875,2157,1866,2381,2285,1804,1152,1215,1301,1028,1508,1510,1472,1337,806,1111,1360,1386,1268,775,456,1440,1571,1547,1377,1047,670,819,883,841,634,580,29,23,21,20,Default,
188434,1422,1467,1499,1769,2289,1966,1299,2002,2509,2540,1961,1665,2189,2095,1666,1105,1169,1254,989,1431,1437,1406,1266,796,1064,1343,1381,1272,800,482,1458,1630,1625,1438,1102,713,878,962,919,685,627,36,29,28,26,Default,
188450,1115,1143,1177,1385,1662,1543,1052,1602,1981,2017,1633,1451,1942,1844,1467,1008,1066,1150,906,1298,1288,1252,1125,738,987,1269,1314,1225,796,502,1413,1608,1629,1451,1133,750,893,1011,961,717,670,43,37,34,34,Default,
188466,850,849,907,942,1036,1019,750,1212,1450,1492,1289,1236,1684,1593,1279,905,949,1035,816,1151,1127,1087,981,671,894,1177,1231,1169,784,510,1359,1562,1604,1446,1144,779,882,1030,988,733,704,45,38,35,35,Default,
188482,596,595,646,595,588,592,482,907,1055,1090,981,1075,1466,1371,1114,838,863,952,746,1058,1014,966,870,635,831,1111,1183,1147,791,534,1290,1501,1571,1460,1180,820,875,1065,1047,772,757,50,44,41,40,Default,
188498,435,422,468,344,327,327,290,656,747,776,712,936,1287,1193,978,774,787,877,692,999,944,900,816,622,795,1098,1187,1165,827,588,1249,1479,1594,1513,1228,874,893,1132,1143,828,809,45,37,36,37,Default,
188514,5,2,0,223,216,214,197,519,597,600,572,820,1121,1032,868,716,726,808,653,965,901,861,783,637,781,1103,1217,1195,887,620,1231,1480,1658,1604,1339,936,929,1226,1274,905,858,60,49,46,48,Default,
188530,7,1,1,157,149,149,141,422,493,494,469,712,982,901,766,652,656,727,588,928,852,820,748,628,756,1119,1251,1226,936,650,1202,1480,1731,1682,1426,1009,960,1318,1376,999,927,66,58,54,55,Default,
188546,7,2,1,124,114,115,110,335,382,389,369,645,895,825,712,615,630,688,572,916,841,812,748,644,762,1178,1314,1281,995,705,1203,1600,1848,1804,1519,1082,1044,1435,1512,1102,1001,80,71,68,71,Default,
188562,8,2,1,103,97,96,94,307,338,340,349,588,808,745,655,604,606,655,555,921,854,833,777,669,782,1238,1391,1357,1077,750,1237,1670,1969,1940,1640,1156,1094,1540,1645,1217,1067,93,86,82,83,Default,
188578,8,3,3,84,79,78,75,282,312,305,308,572,781,713,638,629,627,670,580,931,890,885,814,696,817,1313,1474,1437,1144,800,1276,1779,2114,2093,1735,1243,1178,1674,1797,1338,1140,131,118,111,114,Default,
188594,46,41,41,61,55,54,53,263,291,286,289,560,752,704,635,623,640,678,595,1005,947,953,862,760,855,1406,1574,1516,1231,868,1354,1898,2297,2256,1892,1363,1277,1820,1993,1513,1260,163,150,144,148,Default,
188610,43,39,38,45,39,38,37,232,250,250,252,528,697,658,599,623,646,670,583,1032,983,1005,897,808,892,1492,1679,1612,1330,921,1426,1977,2458,2424,2063,1454,1348,1949,2147,1687,1365,205,188,182,185,Default,
188626,45,39,39,32,25,25,24,208,219,219,219,522,676,632,587,640,659,680,602,1098,1062,1102,978,894,963,1612,1826,1757,1452,1035,1505,2096,2649,2632,2226,1613,1456,2119,2341,1861,1531,284,262,252,258,Default,
188642,38,36,34,24,18,17,17,168,172,175,178,507,643,603,565,656,678,697,621,1164,1160,1211,1074,997,1035,1781,2021,1915,1608,1185,1604,2268,2894,2881,2473,1824,1625,2367,2602,2126,1731,378,348,337,347,Default,
188658,39,36,36,12,7,6,5,160,161,165,165,479,591,559,530,657,683,704,630,1207,1231,1276,1140,1067,1098,1941,2218,2110,1799,1268,1692,2435,3142,3145,2734,2000,1804,2647,2904,2373,1915,518,480,458,465,Default,
188674,39,36,33,8,1,1,0,142,145,149,149,450,544,513,489,627,656,668,604,1209,1213,1265,1127,1064,1160,2057,2363,2250,1924,1392,1770,2555,3295,3298,2993,2225,1931,2888,3177,2654,2158,724,684,653,656,Default,
188690,42,36,37,7,2,0,0,120,120,122,122,393,467,435,419,561,583,581,538,1101,1094,1133,1011,967,1168,2080,2384,2267,1944,1436,1841,2761,3298,3297,3296,2414,2065,3087,3297,2902,2375,1020,982,910,907,Default,
188706,42,39,38,5,1,0,0,81,78,81,82,312,362,341,332,444,457,456,431,903,914,949,852,825,1123,2102,2359,2242,1969,1499,1794,2781,3299,3298,3297,2615,2109,3246,3295,3291,2629,1326,1302,1209,1189,Default,
188722,44,40,39,8,2,1,1,61,58,59,59,286,333,314,308,311,316,311,300,728,737,757,700,679,1039,1973,2179,2111,1869,1480,1703,2740,3297,3297,3298,2778,2109,3292,3297,3297,2820,1568,1565,1460,1401,Default,
188738,45,38,39,6,1,0,0,58,66,67,67,258,306,286,284,240,240,241,231,566,590,605,564,553,959,1837,1911,1848,1701,1384,1626,2666,3297,3298,3298,2902,2071,3295,3298,3299,3013,1808,1796,1750,1634,Default,
188754,42,35,34,6,2,0,0,20,62,65,64,174,278,262,262,88,84,81,82,435,465,480,451,454,799,1566,1539,1484,1417,1201,1434,2342,3297,3297,3297,2945,1878,3292,3297,3298,3103,1983,1953,1992,1814,Default,
188770,38,32,32,4,1,1,0,6,58,58,58,144,228,219,215,29,26,24,24,201,264,266,253,251,642,1339,1264,1199,1174,1028,1141,1936,3212,3297,3298,2859,1606,3142,3297,3298,3084,2055,2034,2142,1921,Default,
188786,33,27,27,5,1,1,0,10,45,47,46,154,186,176,174,20,12,12,11,161,171,170,165,163,505,1117,1029,950,993,872,915,1614,2821,3001,3145,2768,1351,2831,3273,3297,2947,2046,2040,2227,1980,Default,
188802,32,21,20,5,1,1,0,3,45,46,46,116,153,143,140,26,17,16,14,61,62,58,56,55,378,966,911,820,916,768,633,1426,2226,2372,2682,2263,1128,2253,2761,2920,2448,1829,1870,2139,1827,Default,
188818,19,11,10,5,1,0,0,4,47,48,49,76,92,85,83,25,14,15,14,37,31,30,30,29,275,854,789,695,830,639,368,1165,1517,1631,2054,1546,855,1405,1882,1997,1622,1332,1434,1691,1394,Default,
188834,14,6,4,4,1,0,0,2,45,45,45,53,87,77,76,21,14,14,12,16,16,14,14,16,156,685,593,524,682,436,176,885,815,913,1314,815,512,610,757,858,711,730,750,951,721,Default,
188850,19,8,5,3,1,1,0,1,39,30,34,28,65,49,51,25,11,11,15,9,9,8,10,11,90,402,315,248,364,227,106,612,427,379,739,427,309,318,404,453,452,341,278,406,274,Default,
188866,9,8,4,2,1,0,0,1,31,26,28,14,52,33,31,12,11,8,5,8,12,7,6,8,39,169,128,92,138,92,87,373,186,153,372,207,163,143,239,214,178,101,84,124,82,Default,
188882,6,3,1,0,0,0,0,1,16,16,16,17,50,29,23,9,9,5,3,5,5,3,2,2,23,66,66,29,41,16,67,172,44,49,186,46,66,28,96,100,33,10,7,10,4,Default,
188898,0,0,0,0,0,0,0,2,28,32,14,29,82,51,36,8,4,2,1,1,0,0,0,0,0,4,29,11,8,4,38,68,37,42,66,7,18,6,6,10,2,3,2,0,0,Default,
188914,0,0,0,0,1,3,4,30,32,41,21,29,91,53,30,9,6,4,2,3,1,0,0,0,0,1,20,8,7,3,27,37,29,37,44,4,14,8,4,8,2,1,1,0,0,Default,
188930,0,0,0,0,0,0,0,1,27,39,20,24,85,52,30,8,5,4,1,1,0,0,0,0,0,0,17,8,8,4,22,28,24,28,34,6,20,30,12,14,4,4,0,0,0,Default,
188946,0,0,0,0,0,0,0,0,11,28,16,25,85,51,24,5,4,2,1,0,1,0,0,0,0,0,1,3,7,4,14,23,18,13,25,12,17,27,8,8,4,6,0,1,0,Default,
188962,0,0,0,0,0,0,0,0,4,32,17,25,89,44,24,7,4,2,1,0,0,0,0,0,0,0,2,4,8,4,14,21,16,8,18,12,18,28,8,16,4,6,1,1,0,Default,
188978,0,0,0,0,0,0,0,0,25,37,14,24,94,39,23,7,4,2,1,1,0,0,0,0,0,0,1,3,6,4,12,12,11,4,12,11,13,27,7,13,6,6,1,0,1,Default,
188994,0,0,0,0,0,0,0,1,26,36,17,26,101,41,27,8,4,2,1,1,0,0,0,0,0,1,1,4,8,4,11,12,8,4,8,6,14,24,7,11,4,5,1,1,0,Default,
189010,0,0,0,0,0,0,0,1,26,37,18,24,106,37,23,8,5,3,1,1,0,1,0,0,0,0,2,4,6,4,9,9,7,3,8,7,14,20,6,12,5,5,0,0,0,Default,
189026,0,0,0,0,0,0,0,1,24,38,20,21,107,37,20,8,4,2,0,1,0,0,0,0,0,0,1,3,6,3,10,8,6,2,6,6,12,21,4,9,4,4,1,0,0,Default,
189042,0,0,0,0,0,0,0,1,26,33,17,25,112,32,23,7,4,2,1,1,0,0,0,0,0,0,1,2,4,3,6,8,4,2,2,2,12,15,4,9,4,4,1,0,0,Default,
189058,0,0,0,0,0,0,0,0,23,33,12,23,111,36,24,12,3,3,1,0,0,0,0,0,0,0,0,1,0,0,0,3,3,1,2,4,11,13,4,8,3,3,1,1,0,Default,
189074,0,0,0,0,0,0,0,2,24,31,16,26,116,40,23,7,4,2,1,1,0,0,0,0,0,0,1,1,4,3,6,6,4,1,2,2,9,12,4,7,4,4,1,0,0,Default,
189090,0,0,0,0,0,0,0,1,25,31,15,28,116,40,23,7,4,2,1,0,0,1,0,0,0,0,0,1,1,1,3,5,3,1,1,2,8,7,3,6,2,3,1,0,0,Default,
189106,0,0,0,0,0,0,0,0,24,29,16,26,115,39,23,8,4,1,0,1,0,0,0,0,0,0,0,1,3,1,5,7,4,2,3,4,9,11,4,10,3,3,1,0,0,Default,
189122,0,0,0,0,0,0,0,0,22,29,15,29,116,43,20,8,4,1,1,0,1,0,0,0,0,0,0,1,1,1,4,8,4,2,4,5,10,13,4,10,3,4,1,0,0,Default,
189138,0,0,0,0,0,0,0,0,4,28,12,28,114,44,22,8,4,2,0,1,0,0,0,0,0,1,0,0,0,0,0,1,1,1,3,3,9,12,4,11,3,3,1,1,0,Default,
189154,0,0,0,0,0,0,0,0,4,27,12,27,114,43,22,8,4,2,1,1,0,0,0,0,0,0,0,0,0,0,0,1,1,0,1,1,7,12,4,8,3,3,1,0,0,Default,
189170,0,0,0,0,0,0,0,0,4,25,13,29,120,45,20,8,4,2,1,1,1,0,0,0,0,0,0,0,0,0,0,0,1,1,2,3,10,12,4,8,3,3,0,0,0,Default,
189186,0,0,0,0,0,0,0,0,5,22,12,28,120,44,21,8,4,2,1,0,0,0,0,0,0,0,0,0,0,0,1,0,1,0,0,0,4,13,4,8,1,3,1,0,0,Default,
189202,0,0,0,0,0,0,0,0,1,8,10,30,119,38,19,9,6,3,2,2,0,0,0,0,0,1,1,3,2,2,5,8,5,3,4,3,14,15,4,9,2,3,1,0,0,Default,
189218,0,0,0,0,0,0,0,0,0,2,8,28,121,37,22,10,6,3,1,1,0,0,0,0,0,0,3,5,4,2,6,11,6,3,5,3,17,19,5,12,3,5,1,0,0,Default,
189234,0,0,0,0,0,0,0,0,0,4,8,32,127,42,24,10,5,3,1,1,0,0,0,0,0,1,2,4,4,3,8,14,7,4,8,4,16,19,6,16,4,4,1,0,0,Default,
189250,0,0,0,0,0,0,0,0,0,4,10,28,130,41,27,9,6,2,1,1,0,1,0,0,0,0,3,8,5,3,11,17,11,6,8,5,17,20,8,15,4,4,2,0,0,Default,
189266,0,0,0,0,0,0,0,0,1,19,10,29,137,44,29,10,5,2,1,1,1,0,0,0,0,0,8,8,4,2,9,13,8,6,8,2,16,14,6,15,4,2,1,1,0,Default,
189282,0,0,0,0,0,0,0,0,1,17,8,25,140,49,25,8,5,3,1,2,0,0,0,0,0,0,6,6,5,3,10,17,11,6,12,6,16,17,4,18,4,4,1,0,0,Default,
189298,0,0,0,0,1,1,2,41,46,51,31,49,186,49,25,12,4,2,1,1,2,4,2,1,5,15,9,5,6,3,12,8,4,1,4,1,12,16,5,5,1,2,1,0,0,Default,
189314,590,665,646,290,320,255,66,232,302,271,115,219,333,248,78,11,2,2,1,0,0,0,0,0,0,0,1,1,1,0,11,4,1,0,2,0,9,9,4,8,3,3,0,0,0,Default,
189330,1415,1492,1671,813,941,766,170,519,627,619,277,368,472,417,154,19,9,8,4,30,29,27,16,6,14,4,4,2,2,1,8,3,2,1,2,1,14,8,5,8,3,3,1,1,0,Default,
189346,1942,2115,2242,1325,1683,1296,410,883,1042,1055,787,511,633,597,323,39,32,32,30,41,37,36,31,8,27,19,19,17,4,1,36,27,24,20,12,6,26,19,15,8,3,5,1,0,0,Default,
189362,2322,2474,2695,1880,2368,1873,594,1421,1717,1761,924,878,1073,1039,569,45,37,34,38,52,49,49,41,10,29,11,15,6,4,2,58,49,47,41,17,6,37,30,27,10,4,6,0,0,0,Default,
189378,2464,2625,2785,2226,2793,2211,823,1938,2389,2397,1229,1307,1606,1559,895,114,107,106,103,32,27,27,25,6,39,32,30,29,6,3,104,99,94,86,20,5,40,34,31,8,3,6,0,1,0,Default,
189394,2377,2437,2462,2359,2988,2327,1000,2284,2781,2721,1467,1583,1931,1819,1148,502,497,509,424,199,194,190,187,70,146,146,145,136,33,5,173,181,173,155,33,6,49,45,44,23,5,5,1,0,0,Default,
189410,2155,2267,2338,2338,3026,2379,1185,2394,2942,2894,1752,1741,2155,2056,1396,768,781,830,638,511,491,478,435,288,488,531,530,534,162,17,360,367,345,315,178,20,138,139,125,96,13,6,1,1,0,Default,
189426,2080,2111,2184,2334,2989,2379,1289,2479,2968,2953,1920,1833,2257,2146,1538,961,976,1048,808,928,908,874,775,434,679,763,765,729,290,90,606,623,583,528,397,122,232,236,217,181,86,12,4,3,1,Default,
189442,2089,2101,2173,2355,2989,2407,1369,2539,3048,3031,2035,1927,2367,2273,1659,1075,1095,1175,907,1162,1137,1093,955,497,841,961,970,902,411,204,829,863,813,732,562,273,329,334,306,252,256,14,5,4,4,Default,
189458,2019,2032,2087,2302,2934,2387,1432,2541,3080,3081,2146,1979,2454,2366,1783,1135,1183,1268,991,1378,1364,1323,1162,617,972,1132,1145,1046,544,304,1056,1123,1085,966,729,437,465,482,445,359,384,19,12,10,9,Default,
189474,1911,1935,1982,2187,2820,2321,1484,2490,3055,3085,2253,1986,2495,2426,1902,1206,1264,1358,1068,1535,1539,1511,1368,746,1086,1296,1324,1214,697,412,1259,1364,1346,1210,950,613,640,675,643,519,517,22,15,13,13,Default,
189490,1787,1795,1833,2022,2613,2164,1456,2344,2924,2975,2245,1926,2470,2412,1931,1204,1272,1369,1091,1596,1608,1589,1468,866,1155,1422,1459,1339,834,485,1393,1544,1536,1408,1135,720,791,842,816,646,622,29,23,21,21,Default,
189506,1475,1504,1551,1772,2309,2019,1381,2074,2673,2761,2154,1773,2334,2320,1880,1177,1260,1369,1098,1579,1617,1616,1509,949,1152,1459,1503,1405,917,554,1492,1695,1723,1594,1294,831,911,993,968,762,750,36,28,26,26,Default,
189522,1199,1249,1297,1453,1814,1649,1191,1765,2324,2422,1967,1591,2160,2168,1780,1123,1214,1334,1077,1513,1566,1582,1500,987,1095,1442,1504,1433,978,613,1471,1727,1778,1690,1406,951,960,1066,1053,844,833,44,37,35,35,Default,
189538,958,963,1032,1069,1221,1216,917,1378,1708,1836,1605,1408,1917,1948,1641,1042,1123,1262,1023,1411,1450,1490,1436,986,1023,1368,1454,1409,1001,646,1413,1678,1777,1747,1487,1034,974,1123,1131,906,899,45,37,35,35,Default,
189554,716,713,784,744,780,798,646,1061,1287,1368,1254,1222,1679,1712,1463,958,1024,1173,953,1296,1317,1368,1338,948,953,1301,1408,1395,1016,675,1347,1629,1770,1785,1538,1095,982,1173,1207,960,955,47,37,38,38,Default,
189570,529,523,584,472,479,474,420,804,970,1015,972,1048,1454,1463,1281,871,924,1079,877,1185,1197,1232,1227,887,882,1247,1357,1371,1023,693,1272,1585,1764,1819,1582,1142,986,1215,1287,1010,997,52,45,42,42,Default,
189586,403,400,436,302,301,298,273,615,729,759,733,892,1234,1202,1072,804,844,999,816,1103,1106,1126,1120,857,853,1242,1384,1409,1077,821,1217,1556,1788,1868,1662,1256,1003,1288,1399,1091,1090,61,53,50,48,Default,
189602,298,295,323,194,186,186,177,482,580,589,580,745,1058,1035,920,700,749,890,725,1022,1007,1054,1040,830,791,1212,1375,1403,1106,858,1160,1532,1848,1944,1747,1328,1028,1376,1509,1198,1153,79,71,68,70,Default,
189618,203,206,217,143,136,136,131,368,455,471,456,609,916,891,782,601,667,789,652,919,927,978,953,787,791,1222,1413,1446,1158,877,1160,1526,1897,2023,1837,1397,1058,1465,1623,1299,1226,93,85,81,83,Default,
189634,142,140,148,116,107,107,104,301,345,349,340,582,832,811,717,583,609,725,607,898,858,900,881,762,767,1218,1437,1467,1198,904,1133,1529,1988,2117,1926,1464,1098,1547,1738,1418,1297,101,93,88,91,Default,
189650,79,75,77,85,78,76,75,289,327,327,339,526,765,736,658,534,574,659,564,815,816,846,825,736,750,1260,1475,1486,1245,935,1117,1658,2087,2222,2019,1545,1153,1664,1872,1549,1388,132,122,118,122,Default,
189666,55,51,51,56,51,51,51,252,284,281,291,489,707,674,618,541,580,651,579,829,833,869,839,742,763,1322,1546,1551,1304,973,1139,1734,2213,2373,2120,1623,1226,1795,2044,1685,1476,150,140,136,141,Default,
189682,44,38,37,47,42,41,40,203,219,223,228,453,634,607,562,519,555,612,535,849,840,888,820,750,787,1363,1614,1600,1360,993,1173,1819,2356,2503,2238,1687,1293,1920,2185,1803,1565,215,204,198,203,Default,
189698,38,33,33,26,18,17,19,178,190,195,198,430,596,567,528,508,545,571,510,862,865,912,822,771,825,1473,1717,1707,1460,1089,1236,1921,2532,2670,2408,1834,1383,2085,2379,1996,1703,294,271,265,273,Default,
189714,38,33,31,23,15,14,14,169,181,186,187,403,536,510,480,496,540,558,505,865,875,926,825,786,854,1549,1807,1785,1544,1134,1289,2021,2716,2846,2582,1958,1479,2274,2593,2184,1846,385,360,351,361,Default,
189730,39,35,35,11,3,3,2,140,158,163,165,357,490,465,440,452,514,523,472,829,874,917,815,786,895,1671,1938,1891,1650,1206,1361,2275,2947,3074,2822,2126,1655,2504,2852,2437,2042,538,504,489,506,Default,
189746,41,36,35,8,1,1,0,129,129,134,133,341,421,403,388,439,475,477,441,821,837,888,787,767,933,1746,2055,2006,1749,1309,1432,2288,3159,3292,3039,2338,1756,2744,3128,2682,2269,749,718,684,701,Default,
189762,43,40,39,8,2,1,0,100,101,104,104,284,340,323,313,392,420,423,396,781,804,845,758,745,953,1821,2121,2073,1828,1391,1467,2487,3295,3298,3297,2528,1880,2952,3295,2964,2508,1039,1020,954,961,Default,
189778,46,41,41,7,1,0,0,59,69,70,69,265,311,294,288,302,310,306,294,674,700,719,663,652,938,1798,2084,2055,1813,1427,1470,2537,3296,3299,3297,2698,1944,3108,3297,3296,2716,1341,1343,1256,1241,Default,
189794,45,41,41,8,2,1,1,64,63,63,62,252,298,281,280,240,243,242,235,573,609,638,591,574,891,1699,1916,1888,1705,1375,1447,2503,3297,3298,3297,2841,1939,3201,3297,3297,2893,1576,1598,1506,1460,Default,
189810,45,40,39,6,1,0,1,61,64,65,66,236,281,265,265,139,138,133,132,506,546,589,545,545,822,1604,1716,1691,1587,1302,1369,2481,3299,3297,3298,2955,1927,3237,3298,3297,3048,1811,1821,1782,1686,Default,
189826,45,37,37,6,1,1,0,13,59,61,62,182,257,245,243,53,52,49,49,339,394,410,384,384,633,1407,1437,1415,1359,1158,1140,2035,3296,3298,3297,3002,1683,3205,3297,3296,3255,1990,1983,2044,1876,Default,
189842,41,33,33,5,1,0,0,37,44,45,45,181,215,207,203,28,20,19,17,230,246,252,240,238,518,1227,1170,1140,1126,983,1009,1798,3083,3297,3297,2890,1494,3015,3297,3297,3217,2082,2110,2214,2010,Default,
189858,38,28,27,5,1,1,0,8,45,46,45,154,186,177,174,16,5,7,7,143,157,154,148,149,483,1072,1023,969,999,874,822,1565,2819,3057,3206,2854,1311,2793,3292,3297,2988,2093,2130,2308,2065,Default,
189874,32,23,13,6,1,1,0,8,42,42,41,120,152,144,141,22,11,7,8,74,79,76,76,72,374,982,953,895,978,820,569,1446,2266,2492,2775,2391,1152,2240,2864,2976,2582,1892,2003,2247,1946,Default,
189890,17,5,4,3,1,0,0,3,46,47,47,74,99,92,90,20,12,11,11,21,20,17,19,18,248,914,870,832,948,732,308,1197,1610,1819,2176,1707,892,1469,2051,2143,1786,1443,1632,1893,1570,Default,
189906,12,4,3,2,1,0,0,4,44,45,46,53,81,75,74,19,12,11,10,13,11,8,8,7,156,751,679,643,783,522,177,958,951,1154,1501,990,581,726,945,1016,870,893,1015,1206,914,Default,
189922,12,4,2,1,1,0,0,1,37,37,37,36,76,62,62,20,12,10,8,12,13,9,9,9,94,467,386,335,449,279,106,682,521,516,858,517,356,370,483,538,506,433,395,548,375,Default,
189938,11,6,4,3,0,0,0,0,31,28,30,21,58,40,40,13,10,6,5,8,12,6,6,7,49,205,154,119,174,115,90,419,217,194,439,254,188,172,265,263,230,171,133,211,137,Default,
189954,7,6,3,2,1,0,0,1,20,16,16,16,51,29,25,9,8,4,2,6,8,4,4,4,19,76,66,35,50,29,67,204,50,69,228,94,82,31,122,98,64,14,17,22,9,Default,
189970,0,0,0,0,0,0,0,0,1,24,14,25,83,51,35,8,5,3,2,2,1,1,1,0,0,12,28,12,10,4,30,71,37,48,75,8,24,11,20,18,4,6,4,2,0,Default,
189986,0,0,0,0,0,0,0,1,25,37,20,32,84,50,32,9,7,4,2,3,1,1,0,0,0,3,22,8,6,4,26,33,21,36,62,10,13,4,3,4,2,1,0,0,0,Default,
190002,0,0,0,0,0,0,0,1,26,39,20,25,87,49,27,9,6,3,2,2,1,1,0,0,0,1,4,4,4,3,23,27,21,29,45,8,19,33,12,16,4,6,1,0,0,Default,
190018,0,0,0,0,0,0,0,0,2,28,12,24,90,42,21,8,5,3,1,0,0,0,0,0,0,0,3,5,8,4,12,23,15,12,29,7,20,27,9,12,3,5,1,0,0,Default,
190034,0,0,0,0,0,0,0,0,1,28,9,22,90,29,18,8,6,3,1,1,0,0,0,0,0,0,4,6,9,4,15,20,15,7,19,10,16,24,6,12,4,5,1,0,0,Default,
190050,0,0,0,0,0,0,0,0,6,29,15,24,98,35,23,8,6,2,1,1,1,1,0,0,0,0,4,6,9,4,14,12,12,4,13,11,11,29,8,15,6,6,1,0,0,Default,
190066,0,0,0,0,0,0,0,1,21,30,16,23,100,42,26,6,4,1,1,1,0,0,0,0,0,1,2,4,8,4,9,10,6,3,8,6,12,23,6,12,4,5,0,1,0,Default,
190082,0,0,0,0,0,0,0,1,21,21,22,16,103,40,21,11,7,3,1,0,1,0,0,0,0,0,0,1,1,3,8,8,3,2,4,6,15,17,8,18,8,5,1,0,0,Default,
190098,0,0,0,0,0,0,0,0,21,31,16,24,106,38,22,7,4,2,1,1,0,1,0,0,0,1,2,4,9,3,7,7,3,1,1,2,9,18,5,7,4,4,1,0,0,Default,
190114,0,0,0,0,0,0,0,0,24,29,16,22,106,41,22,5,4,2,0,0,0,0,0,0,0,0,1,1,5,3,5,6,3,1,1,1,4,15,4,6,3,4,0,0,0,Default,
190130,0,0,0,0,0,0,0,0,8,29,13,25,107,41,22,7,4,2,1,0,1,0,0,0,0,0,1,1,3,2,5,6,3,0,1,1,4,16,5,7,4,4,1,0,0,Default,
190146,0,0,0,0,0,0,0,0,9,29,14,23,108,41,20,6,4,2,1,0,0,0,0,0,0,0,1,1,3,2,4,7,4,1,3,4,8,12,4,7,4,4,0,0,0,Default,
190162,0,0,0,0,0,0,0,1,21,27,16,25,112,43,24,7,4,2,1,0,0,0,0,0,0,0,1,2,4,3,6,6,3,1,2,2,8,11,4,8,3,3,1,0,0,Default,
190178,0,0,0,0,0,0,0,1,22,27,12,25,113,41,24,7,4,2,1,1,0,0,0,0,0,0,1,3,4,2,4,6,3,1,2,2,9,11,4,8,3,4,1,0,0,Default,
190194,0,0,0,0,0,0,1,1,19,25,12,26,117,36,26,7,4,2,0,0,1,0,0,0,0,0,1,2,3,2,6,7,4,1,4,4,11,10,4,8,3,4,1,0,0,Default,
190210,0,0,0,0,0,0,0,1,19,26,12,28,116,37,25,8,4,2,1,1,0,0,0,0,0,0,0,0,0,0,0,2,3,2,4,4,12,15,4,9,3,4,1,0,0,Default,
190226,0,0,0,0,0,0,0,0,3,25,12,26,113,40,27,8,4,2,1,1,1,0,0,0,1,0,0,1,1,1,3,4,3,1,4,3,10,16,4,8,3,3,1,0,0,Default,
190242,0,0,0,0,0,0,0,0,7,25,12,30,116,37,26,9,4,2,1,1,1,0,0,0,0,0,0,0,1,1,2,6,4,2,6,4,10,13,4,9,2,3,1,0,0,Default,
190258,0,0,0,0,0,0,0,0,2,22,11,29,117,33,23,8,4,1,1,1,0,0,0,0,0,0,0,1,1,0,0,4,4,2,4,4,12,14,4,8,2,3,1,0,0,Default,
190274,0,0,0,0,0,0,0,0,1,16,10,31,118,37,23,9,5,2,1,1,1,0,0,0,0,0,1,1,1,1,3,8,5,2,5,4,12,15,4,9,3,3,1,0,0,Default,
190290,0,0,0,0,0,0,0,0,0,0,4,29,123,38,23,9,6,3,1,1,0,0,0,0,0,0,1,2,2,1,3,8,4,3,4,3,13,16,4,11,3,4,1,0,0,Default,
190306,0,0,0,0,0,0,0,0,0,1,1,28,123,35,24,10,5,4,2,2,0,1,0,0,0,0,1,4,3,1,6,13,8,4,7,4,14,16,6,17,4,4,1,0,0,Default,
190322,0,0,0,0,0,0,0,0,0,2,8,24,126,48,27,10,6,4,1,2,1,0,0,0,0,0,8,8,5,3,10,14,8,6,8,6,16,20,7,16,5,5,1,1,0,Default,
190338,0,0,0,0,0,0,0,0,0,8,10,25,128,46,30,8,6,3,1,1,0,0,0,0,0,2,22,13,8,4,9,17,10,7,12,6,20,13,5,15,4,4,1,0,0,Default,
190354,0,0,0,0,0,0,0,0,1,17,9,29,136,46,25,8,4,3,1,2,0,0,0,0,0,1,23,13,8,4,11,16,11,8,11,7,16,16,7,14,4,4,1,0,1,Default,
190370,0,0,0,0,0,0,0,0,1,16,7,29,135,44,28,11,5,4,1,2,1,0,0,0,0,1,16,11,6,3,10,15,8,6,9,3,13,14,6,9,3,4,1,0,0,Default,
190386,273,313,327,161,163,132,49,145,195,169,95,128,234,127,61,14,4,3,2,4,1,0,0,0,1,10,12,6,7,1,14,4,2,1,3,0,17,12,4,5,4,1,0,0,0,Default,
190402,1160,1332,1311,558,617,513,122,422,530,503,207,319,431,364,121,12,8,7,4,14,11,10,6,4,12,4,3,2,1,0,7,3,1,1,1,1,6,3,1,4,1,1,0,1,0,Default,
190418,1821,2055,2139,1213,1524,1156,345,779,924,928,651,460,567,536,269,39,31,30,29,47,40,41,32,8,29,20,17,16,4,2,22,12,10,7,10,4,17,9,7,6,1,3,1,0,0,Default,
190434,2338,2456,2712,1828,2312,1833,538,1295,1591,1619,838,730,893,862,490,43,36,33,32,41,37,39,34,8,35,29,29,25,7,2,44,37,33,30,16,5,30,24,20,10,3,6,1,0,0,Default,
190450,2645,2806,2994,2317,2952,2328,816,1907,2374,2399,1235,1252,1540,1499,846,75,68,68,66,26,21,20,19,5,36,29,28,26,6,2,67,61,59,54,17,4,39,33,29,8,4,5,1,0,0,Default,
190466,2619,2806,2873,2474,3179,2467,982,2266,2820,2778,1451,1524,1871,1806,1090,244,240,240,227,20,16,17,16,5,53,44,44,42,9,4,124,118,111,101,21,4,37,32,29,8,3,4,0,0,0,Default,
190482,2424,2561,2604,2504,3229,2512,1123,2495,3051,2973,1660,1715,2097,2001,1300,599,593,615,495,228,219,212,203,86,192,203,198,186,46,8,194,195,188,170,50,7,68,65,60,37,6,6,1,0,0,Default,
190498,2239,2375,2440,2464,3166,2494,1233,2540,3086,3031,1828,1826,2242,2137,1434,827,831,883,678,559,548,531,473,306,542,593,592,584,178,18,379,384,363,332,203,27,145,145,132,105,20,8,1,0,0,Default,
190514,2292,2314,2370,2489,3151,2501,1325,2645,3184,3088,1960,1934,2364,2234,1545,984,991,1059,812,918,897,857,746,418,704,785,777,740,289,73,630,641,600,538,396,91,226,231,211,170,66,12,3,3,2,Default,
190530,2324,2337,2402,2483,3134,2514,1394,2700,3250,3162,2068,2021,2472,2346,1670,1089,1105,1177,906,1144,1115,1068,916,466,826,936,933,870,385,178,854,891,835,736,519,233,301,304,279,225,211,17,10,8,7,Default,
190546,2269,2295,2363,2438,3079,2501,1467,2715,3262,3220,2190,2083,2553,2458,1813,1196,1231,1310,1011,1392,1370,1328,1142,576,971,1125,1131,1032,509,245,1061,1119,1073,932,645,323,385,393,362,292,283,19,12,12,9,Default,
190562,2085,2111,2185,2296,2930,2411,1504,2604,3197,3182,2275,2093,2591,2513,1916,1253,1303,1385,1083,1559,1554,1516,1330,676,1105,1326,1333,1213,638,329,1263,1356,1317,1148,795,446,516,537,509,387,383,28,21,19,18,Default,
190578,1863,1895,1938,2120,2692,2234,1455,2425,3021,3022,2231,2010,2530,2454,1895,1238,1293,1379,1087,1602,1600,1564,1391,738,1148,1409,1423,1292,710,393,1401,1527,1494,1293,916,548,662,698,664,497,459,36,28,24,25,Default,
190594,1553,1591,1624,1834,2320,2025,1346,2120,2703,2723,2088,1828,2350,2302,1795,1206,1269,1359,1069,1585,1586,1560,1405,766,1140,1444,1462,1344,751,441,1484,1637,1621,1409,1006,622,783,841,802,584,528,36,33,29,30,Default,
190610,1203,1242,1278,1411,1690,1583,1103,1686,2166,2188,1776,1584,2107,2077,1637,1129,1201,1294,1018,1499,1510,1498,1349,782,1084,1413,1459,1372,805,552,1504,1712,1729,1513,1095,750,852,942,904,658,627,45,39,36,36,Default,
190626,881,895,954,920,1008,994,762,1218,1519,1568,1369,1335,1814,1800,1462,1030,1106,1214,949,1347,1376,1376,1253,776,1022,1376,1449,1369,851,596,1451,1695,1762,1595,1189,829,890,1028,1007,721,721,45,39,37,39,Default,
190642,614,613,663,567,570,563,480,877,1049,1083,995,1139,1538,1514,1260,950,1014,1128,887,1251,1260,1259,1156,787,950,1324,1418,1360,912,643,1387,1660,1798,1672,1306,916,937,1127,1140,833,807,57,49,47,48,Default,
190658,438,435,469,324,315,308,282,609,718,733,688,932,1268,1206,1024,861,919,1030,804,1144,1153,1143,1048,768,882,1273,1397,1354,959,674,1325,1636,1826,1738,1421,1008,965,1216,1267,916,879,66,59,57,55,Default,
190674,8,298,333,191,182,178,169,465,551,553,532,801,1083,1026,882,782,827,935,741,1084,1065,1062,974,756,844,1275,1420,1378,1017,728,1287,1617,1882,1808,1526,1099,1007,1318,1401,1009,958,88,79,74,76,Default,
190690,205,205,215,140,129,129,127,362,419,431,410,660,921,879,758,675,722,816,658,988,953,957,872,729,802,1276,1450,1402,1071,764,1270,1609,1940,1898,1638,1175,1038,1407,1517,1118,1036,104,97,91,94,Default,
190706,132,128,131,116,104,105,101,278,311,307,301,610,829,777,688,625,642,715,595,959,896,892,829,712,816,1285,1475,1427,1117,797,1247,1633,2022,1998,1716,1239,1080,1507,1642,1224,1104,116,104,100,103,Default,
190722,73,69,70,91,83,82,81,273,308,303,308,547,752,699,630,583,607,650,565,916,860,857,802,684,791,1322,1504,1453,1145,820,1248,1765,2116,2108,1768,1304,1157,1629,1771,1322,1168,149,136,128,131,Default,
190738,48,41,40,54,48,47,47,236,257,256,259,508,685,645,586,572,593,638,557,907,870,887,799,713,813,1372,1550,1496,1205,866,1265,1830,2234,2209,1882,1380,1225,1745,1917,1478,1259,166,154,145,149,Default,
190754,44,39,39,42,36,35,35,193,203,206,208,471,630,590,540,538,565,592,515,887,865,883,769,709,827,1434,1618,1543,1262,909,1285,1894,2354,2318,1985,1453,1279,1853,2049,1592,1353,234,212,204,209,Default,
190770,37,33,32,24,17,16,16,167,174,178,182,463,610,568,525,528,547,558,501,902,884,909,786,739,851,1501,1682,1616,1353,970,1318,1966,2488,2478,2148,1566,1348,1977,2200,1759,1457,276,255,244,250,Default,
190786,41,36,36,18,12,12,11,145,164,168,169,370,557,528,489,479,571,584,519,923,920,949,825,772,874,1595,1794,1721,1446,1023,1388,2071,2670,2671,2300,1674,1455,2161,2404,1952,1575,366,337,323,331,Default,
190802,45,38,38,11,2,1,1,137,157,161,160,363,539,508,478,540,567,576,516,965,976,1020,879,829,936,1720,1947,1862,1562,1111,1469,2211,2897,2904,2517,1855,1600,2385,2656,2185,1754,499,464,441,447,Default,
190818,45,40,39,8,1,1,0,138,140,143,145,404,495,468,445,542,572,575,523,1018,1032,1070,924,887,1017,1851,2099,1998,1692,1217,1578,2369,3109,3128,2759,2048,1749,2617,2920,2424,1957,694,650,612,617,Default,
190834,44,38,38,6,1,1,0,110,110,111,112,356,433,406,389,509,531,525,486,1008,999,1037,911,874,1048,1935,2212,2121,1799,1324,1644,2480,3292,3297,3005,2239,1865,2859,3204,2673,2187,970,946,862,853,Default,
190850,48,42,42,9,2,1,1,76,73,74,74,323,382,359,349,439,452,451,426,920,920,945,847,825,1072,2001,2229,2164,1862,1409,1711,2687,3297,3297,3296,2452,2005,3066,3297,2965,2440,1277,1258,1149,1115,Default,
190866,49,44,44,8,1,1,1,58,54,55,54,300,362,339,334,330,338,331,321,786,789,791,737,713,1024,1966,2155,2114,1845,1430,1660,2722,3295,3297,3298,2605,2044,3183,3297,3292,2632,1536,1540,1408,1334,Default,
190882,51,44,43,8,1,0,1,58,60,61,60,269,322,299,297,246,246,245,240,669,681,708,656,632,975,1837,1989,1934,1735,1383,1625,2659,3295,3298,3298,2727,2027,3272,3297,3297,2790,1799,1780,1683,1548,Default,
190898,50,42,42,6,1,1,1,28,62,64,64,257,295,280,277,124,117,114,112,536,592,621,566,564,783,1660,1724,1666,1551,1278,1517,2430,3297,3297,3297,2839,1971,3279,3297,3297,2928,2039,2002,1981,1766,Default,
190914,49,41,40,5,1,0,0,12,56,58,58,209,253,241,239,58,52,51,49,355,391,396,381,378,605,1479,1463,1413,1331,1138,1319,2127,3297,3297,3298,2844,1740,3220,3297,3298,2989,2153,2110,2155,1890,Default,
190930,45,37,37,5,1,1,0,16,41,41,41,182,214,204,198,33,26,25,25,246,261,265,252,251,604,1334,1277,1209,1178,1020,1037,1923,3199,3297,3296,2715,1570,3052,3298,3297,2912,2216,2195,2284,1983,Default,
190946,35,28,27,6,1,1,0,3,44,45,45,116,186,177,174,18,12,11,12,132,152,146,142,144,531,1165,1106,1034,1052,912,907,1647,2799,3012,3009,2596,1351,2751,3234,3237,2750,2173,2188,2335,2002,Default,
190962,29,21,20,6,1,0,0,3,46,48,47,87,153,143,141,24,15,14,13,89,91,88,87,84,418,1099,1047,970,1046,851,614,1615,2234,2427,2574,2125,1223,2149,2743,2831,2313,1919,2001,2223,1830,Default,
190978,22,11,12,5,1,0,0,2,46,47,47,69,103,98,96,24,14,13,12,38,35,31,31,31,281,964,924,880,978,714,352,1244,1604,1767,2000,1459,894,1418,1924,1935,1527,1461,1559,1807,1389,Default,
190994,20,8,6,4,1,0,0,2,41,41,41,47,77,70,70,15,9,8,8,19,18,16,16,16,158,794,719,658,771,488,176,994,990,1123,1341,847,578,690,853,914,723,921,961,1094,784,Default,
191010,15,8,5,4,1,1,0,1,37,37,37,32,73,59,58,17,13,12,10,12,14,11,11,10,87,478,410,344,430,261,99,704,551,497,788,447,347,373,485,486,443,467,381,501,321,Default,
191026,12,12,8,4,1,1,0,1,29,24,27,24,55,38,38,16,10,8,6,7,12,6,5,5,57,200,149,112,156,103,87,431,240,188,381,229,178,159,270,242,180,176,134,201,118,Default,
191042,9,7,4,3,1,1,0,0,15,12,14,20,51,29,24,12,7,4,4,8,8,4,3,4,20,67,57,29,39,17,62,218,51,67,203,48,78,27,119,100,37,16,19,22,8,Default,
191058,0,0,0,0,0,0,0,0,1,4,12,28,81,53,33,10,5,3,1,4,1,1,0,0,0,17,24,11,10,4,39,73,38,51,67,7,21,8,14,14,3,6,3,2,1,Default,
191074,0,0,0,0,0,0,0,0,8,33,20,25,78,49,32,11,7,6,3,3,1,0,0,0,0,1,20,7,7,3,22,33,26,33,41,6,12,12,6,8,3,4,0,0,0,Default,
191090,0,0,0,0,0,0,0,0,20,37,16,27,78,37,24,8,4,4,1,1,1,0,0,1,0,1,8,6,6,3,20,25,20,25,37,5,17,30,11,12,3,5,1,0,0,Default,
191106,0,0,0,0,0,0,0,0,2,24,12,27,82,32,21,5,4,1,1,1,0,0,0,0,0,0,1,4,7,3,13,19,18,8,30,17,17,30,12,12,4,3,0,0,0,Default,
191122,0,0,0,0,0,0,0,0,2,24,12,24,91,35,24,7,4,1,1,0,0,0,0,0,0,0,1,3,8,4,15,17,12,8,16,12,15,20,7,9,4,5,1,0,0,Default,
191138,0,0,0,0,0,0,0,0,4,24,13,25,96,38,25,6,4,3,1,0,0,0,0,0,1,0,2,4,9,4,12,12,8,4,12,9,13,25,6,11,4,7,1,0,0,Default,
191154,0,0,0,0,0,0,0,0,16,27,14,28,105,38,25,8,4,2,1,1,0,0,0,0,0,0,1,2,5,4,10,9,8,3,8,8,13,22,5,12,4,4,1,0,0,Default,
191170,0,0,0,0,0,0,0,1,19,29,15,26,111,41,26,9,6,3,1,1,0,0,0,0,0,0,1,3,7,4,8,7,6,3,6,7,12,18,4,9,4,4,1,0,0,Default,
191186,0,0,0,0,0,0,0,0,20,29,14,28,110,44,27,8,4,3,1,1,0,0,0,0,0,1,1,1,5,3,7,6,4,2,4,6,8,14,4,9,4,4,1,0,0,Default,
191202,0,0,0,0,0,0,0,0,20,30,17,26,109,37,24,8,5,3,1,1,1,0,0,0,0,0,1,2,4,3,6,6,4,1,3,3,11,12,4,7,3,3,0,0,0,Default,
191218,0,0,0,0,0,0,1,0,16,29,16,25,111,40,23,8,4,2,2,0,0,0,0,0,0,0,0,1,1,1,3,4,3,1,1,1,6,16,4,7,3,4,1,0,0,Default,
191234,0,0,0,0,0,0,0,0,10,29,16,29,107,39,22,7,4,3,1,1,1,0,0,0,0,0,1,1,2,2,6,7,4,1,2,3,10,15,4,9,4,4,1,1,0,Default,
191250,0,0,0,0,0,0,0,0,6,28,15,25,111,35,21,8,5,1,1,1,0,0,0,0,0,0,0,0,1,1,1,4,3,1,2,2,10,15,4,9,3,4,1,1,0,Default,
191266,0,0,0,0,0,0,0,0,4,29,16,26,111,38,20,8,4,3,1,1,0,0,0,1,0,0,0,0,1,1,3,4,4,2,2,3,8,16,4,9,4,4,1,0,0,Default,
191282,0,0,0,0,0,0,0,0,20,29,14,28,111,37,20,8,4,1,1,1,0,0,0,0,0,0,1,0,1,1,3,4,4,0,4,3,10,16,4,9,3,4,1,0,0,Default,
191298,0,0,0,0,0,0,0,0,20,26,12,27,111,39,21,9,5,3,1,1,0,0,0,0,0,0,1,1,2,1,6,6,4,1,4,4,9,16,4,9,3,4,0,0,0,Default,
191314,0,0,0,0,0,0,0,0,11,24,12,29,106,40,23,6,3,1,1,1,0,0,0,0,0,0,0,0,0,0,0,2,2,1,3,2,8,13,4,6,2,2,0,0,0,Default,
191330,0,0,0,0,0,0,0,1,4,23,10,32,111,37,24,9,4,2,0,1,0,0,0,0,1,0,0,0,0,1,0,1,1,1,2,1,8,12,3,9,1,3,1,0,0,Default,
191346,0,0,0,0,0,0,0,0,3,18,10,29,114,39,22,7,4,2,1,0,0,0,0,0,0,0,1,1,0,0,0,2,1,0,3,3,8,13,4,7,3,2,0,0,0,Default,
191362,0,0,0,0,0,0,0,0,4,20,10,29,117,37,23,9,5,3,1,1,1,0,0,0,0,0,0,0,1,0,1,4,4,3,8,4,12,13,4,8,2,3,1,0,0,Default,
191378,0,0,0,0,0,0,0,0,0,8,8,29,121,38,24,9,7,3,1,1,0,0,0,0,0,0,1,2,2,1,4,9,4,2,4,3,12,15,3,7,2,3,0,0,0,Default,
191394,0,0,0,0,0,0,0,0,1,16,8,33,123,43,22,11,6,3,2,2,0,0,0,0,0,1,1,1,1,1,2,9,4,3,7,3,15,16,4,7,1,2,1,1,0,Default,
191410,0,0,0,0,0,0,0,0,0,1,3,29,132,39,24,10,5,3,1,1,1,0,0,0,0,0,1,2,3,2,5,12,7,3,8,3,17,20,6,16,3,4,1,0,0,Default,
191426,0,0,0,0,1,0,0,0,1,4,8,28,131,37,28,9,6,2,2,1,1,0,0,0,0,1,6,9,6,3,10,16,10,5,10,4,16,19,6,13,4,4,1,0,0,Default,
191442,0,0,0,0,0,0,0,0,0,16,9,30,140,47,30,10,4,2,1,1,0,0,0,0,0,1,16,10,7,4,12,18,8,6,11,4,16,14,5,14,4,4,1,0,0,Default,
191458,0,0,1,0,0,0,0,0,1,11,10,24,139,35,26,8,5,3,1,2,0,0,1,0,0,0,10,6,5,4,11,17,11,6,14,5,15,19,6,15,4,4,1,0,0,Default,
191474,15,133,86,66,74,53,27,82,101,80,63,91,216,75,45,14,4,3,2,4,1,1,1,0,1,4,11,6,5,2,14,4,2,1,3,1,14,10,4,8,1,3,1,0,0,Default,
191490,953,1010,973,394,408,361,91,322,409,371,161,280,396,314,101,12,4,3,2,3,1,1,0,0,0,1,2,2,3,1,11,3,2,1,1,1,8,8,4,8,2,3,1,0,0,Default,
191506,1572,1809,1885,962,1161,928,253,595,715,704,492,408,510,465,210,22,16,16,13,62,58,62,45,9,16,7,5,4,3,0,16,4,2,2,3,3,14,7,4,7,2,3,0,1,0,Default,
191522,2098,2279,2408,1537,1965,1525,506,1057,1267,1273,945,587,718,677,400,44,35,34,34,45,38,40,35,8,33,26,24,23,5,3,48,38,35,29,17,6,28,19,16,7,3,4,0,0,0,Default,
191538,2524,2693,2865,2164,2701,2129,700,1745,2116,2124,1064,1140,1384,1333,702,61,53,52,51,32,26,25,26,6,36,29,28,25,7,3,78,72,70,62,16,5,39,33,29,9,3,6,0,1,1,Default,
191554,2773,2846,2825,2467,3158,2425,947,2266,2804,2723,1397,1518,1877,1781,1053,200,195,198,182,29,24,25,24,6,55,54,53,48,9,4,128,127,120,110,20,4,36,30,28,8,3,4,1,0,0,Default,
191570,2449,2611,2662,2603,3293,2590,1159,2628,3190,3063,1689,1823,2215,2089,1340,626,617,636,509,298,286,281,269,89,198,203,200,183,44,8,198,199,190,173,45,5,68,64,62,36,6,5,0,0,0,Default,
191586,2379,2464,2521,2562,3270,2582,1268,2664,3212,3135,1857,1898,2326,2208,1486,850,858,906,692,566,549,538,480,255,532,580,574,559,156,13,355,356,339,308,156,15,133,135,122,89,12,4,1,0,0,Default,
191602,2365,2396,2461,2550,3229,2562,1349,2698,3219,3140,1984,2003,2436,2309,1596,1011,1019,1093,833,900,878,845,734,382,677,754,752,706,249,38,551,555,525,477,319,49,192,195,180,141,38,14,5,3,2,Default,
191618,2326,2342,2422,2506,3188,2546,1405,2696,3229,3162,2069,2035,2486,2367,1689,1077,1092,1164,889,1089,1053,1020,886,406,793,895,897,845,322,97,650,663,621,568,393,118,229,233,217,173,83,14,6,4,3,Default,
191634,2267,2284,2375,2439,3105,2497,1426,2657,3188,3152,2114,2044,2509,2409,1753,1135,1161,1241,952,1208,1173,1138,984,459,895,1022,1027,951,396,160,818,840,796,718,494,204,286,290,269,216,162,16,9,8,6,Default,
191650,2082,2100,2175,2283,2932,2382,1428,2544,3078,3069,2142,2031,2521,2424,1812,1177,1213,1292,1002,1363,1334,1297,1140,549,1006,1177,1200,1075,500,235,978,1015,977,871,612,312,367,377,348,275,275,19,12,10,8,Default,
191666,1802,1829,1873,2062,2639,2164,1376,2331,2855,2868,2093,1927,2425,2338,1778,1193,1239,1326,1030,1451,1442,1405,1257,645,1081,1305,1339,1198,612,322,1143,1205,1183,1048,762,442,472,493,460,360,379,25,16,16,14,Default,
191682,1484,1529,1563,1779,2252,1958,1265,2023,2528,2553,1940,1729,2246,2180,1683,1139,1195,1287,998,1433,1435,1407,1264,689,1067,1339,1381,1243,671,387,1242,1343,1326,1168,887,549,580,614,578,444,455,30,24,21,20,Default,
191698,1195,1227,1265,1439,1737,1593,1070,1675,2068,2086,1674,1538,2019,1966,1530,1076,1131,1224,945,1349,1352,1328,1203,696,1036,1338,1386,1256,714,431,1285,1416,1408,1233,953,626,655,706,666,504,513,37,30,27,26,Default,
191714,924,932,989,1003,1115,1073,785,1293,1544,1594,1339,1326,1768,1724,1362,1000,1051,1154,887,1247,1234,1216,1102,684,976,1303,1363,1248,735,530,1281,1436,1457,1276,1023,733,725,808,759,566,600,44,38,35,34,Default,
191730,662,662,721,639,653,654,527,965,1146,1183,1043,1140,1536,1488,1198,933,974,1090,839,1164,1141,1132,1031,681,924,1281,1355,1252,775,518,1264,1437,1494,1343,1092,785,754,876,828,619,671,47,39,36,35,Default,
191746,490,485,531,401,390,385,338,713,837,865,783,984,1322,1252,1031,861,891,1012,771,1102,1067,1066,971,683,891,1271,1370,1281,846,607,1249,1453,1552,1431,1202,862,791,953,926,698,753,52,41,39,39,Default,
191762,388,373,410,274,265,261,238,568,659,671,626,886,1194,1128,940,819,847,971,746,1078,1036,1044,955,713,883,1289,1421,1325,926,663,1252,1486,1655,1548,1337,962,847,1057,1053,792,828,60,52,49,49,Default,
191778,286,284,303,186,179,178,167,472,554,559,529,792,1074,1011,847,774,810,925,716,1060,1032,1040,946,729,869,1320,1465,1371,982,707,1258,1533,1768,1660,1430,1045,930,1174,1195,877,894,77,69,64,67,Default,
191794,206,207,219,147,140,141,134,389,451,456,429,724,989,933,789,730,771,868,688,1048,1024,1031,945,756,870,1375,1526,1427,1053,756,1265,1654,1884,1795,1546,1116,992,1296,1338,977,971,97,89,83,87,Default,
191810,133,129,132,111,103,103,100,324,364,362,346,666,912,862,743,696,736,816,661,1037,1017,1022,939,779,877,1435,1598,1498,1135,808,1283,1749,2012,1943,1685,1198,1080,1434,1488,1107,1038,114,106,99,100,Default,
191826,83,79,81,93,87,85,83,298,330,333,341,615,843,795,703,678,717,783,655,1038,1022,1030,975,808,890,1504,1687,1585,1222,873,1317,1847,2164,2117,1820,1311,1179,1599,1677,1258,1140,144,134,127,128,Default,
191842,55,51,49,54,49,47,47,252,277,277,281,563,772,725,654,679,716,781,673,1036,1036,1055,1000,847,911,1585,1778,1678,1328,941,1353,1947,2324,2302,1977,1429,1284,1789,1902,1459,1252,185,172,161,167,Default,
191858,43,37,36,41,36,34,34,209,221,222,225,522,705,665,608,664,709,756,652,1040,1063,1095,1003,895,928,1659,1854,1761,1434,987,1389,2043,2503,2500,2166,1528,1376,1953,2108,1655,1362,245,228,220,223,Default,
191874,38,32,33,26,20,20,19,176,184,189,191,497,664,621,579,648,687,725,631,1085,1106,1158,1044,949,973,1757,2007,1907,1574,1106,1459,2174,2715,2712,2353,1687,1488,2143,2323,1854,1522,316,291,280,285,Default,
191890,41,37,37,19,12,10,10,162,165,170,170,487,631,596,555,657,693,726,635,1106,1140,1185,1053,974,1026,1906,2152,2035,1701,1210,1543,2325,2934,2924,2555,1854,1638,2370,2570,2069,1691,413,385,370,377,Default,
191906,45,41,39,9,2,1,0,142,156,162,158,442,572,540,507,625,683,703,622,1090,1129,1163,1030,965,1073,2008,2271,2135,1786,1276,1644,2465,3141,3157,2766,2027,1790,2599,2841,2301,1886,575,534,506,509,Default,
191922,44,40,39,7,1,1,0,125,137,140,138,393,505,478,456,588,613,625,568,1055,1067,1103,978,932,1097,2074,2329,2213,1867,1336,1711,2563,3294,3297,3023,2201,1904,2813,3101,2582,2079,788,755,707,700,Default,
191938,46,43,42,7,1,1,1,80,79,81,81,346,404,381,371,524,539,538,503,991,979,1011,897,863,1125,2121,2342,2236,1918,1413,1759,2756,3297,3297,3296,2400,2028,3029,3292,2861,2315,1086,1052,958,940,Default,
191954,48,44,43,9,3,1,1,57,60,61,60,251,366,345,337,358,396,390,368,812,816,837,756,733,1069,2052,2227,2165,1873,1441,1728,2773,3297,3297,3297,2584,2070,3169,3297,3170,2544,1385,1379,1257,1206,Default,
191970,51,45,44,5,1,1,0,37,66,67,67,271,330,303,302,274,274,269,261,662,672,690,641,618,982,1890,2034,1977,1765,1393,1620,2706,3298,3298,3299,2718,2053,3258,3298,3297,2720,1615,1611,1488,1407,Default,
191986,49,45,42,6,2,0,0,56,65,66,67,254,304,285,283,175,162,159,159,564,609,638,592,585,889,1724,1766,1709,1573,1292,1519,2630,3298,3298,3297,2829,2018,3275,3297,3298,2879,1862,1848,1784,1629,Default,
192002,46,41,39,6,1,0,0,19,62,63,63,168,255,240,237,76,68,66,66,299,391,406,381,382,645,1515,1481,1423,1352,1149,1197,2148,3298,3298,3297,2836,1756,3225,3299,3297,2945,2031,2010,2007,1794,Default,
192018,45,36,35,6,1,1,0,5,45,45,45,145,226,215,212,29,26,24,25,190,252,252,240,239,626,1362,1275,1202,1174,1015,1089,1954,3205,3296,3299,2695,1597,3059,3297,3299,2889,2118,2076,2147,1885,Default,
192034,35,29,29,5,1,0,0,10,45,47,46,160,198,190,187,20,12,12,11,147,156,151,148,145,517,1166,1095,1012,1040,899,866,1674,2793,2997,2981,2564,1367,2738,3226,3173,2729,2102,2072,2225,1916,Default,
192050,35,22,22,6,1,0,0,7,48,49,49,116,146,139,136,25,18,17,16,61,76,72,71,70,356,1081,1036,946,1017,828,570,1608,2221,2421,2491,2043,1202,2118,2700,2708,2220,1884,1948,2147,1762,Default,
192066,20,12,12,4,1,0,0,7,49,49,51,58,95,88,85,20,15,15,15,36,37,34,34,34,257,979,938,866,960,680,323,1249,1554,1745,1897,1300,870,1359,1819,1803,1355,1420,1517,1728,1280,Default,
192082,17,12,9,4,1,1,0,2,46,46,46,37,87,78,77,18,13,11,11,16,16,15,14,15,151,796,744,644,749,456,173,1009,1003,1108,1256,764,569,675,824,849,671,922,917,1022,688,Default,
192098,15,11,7,4,1,1,0,1,38,37,38,33,73,58,58,19,13,11,10,13,15,12,11,10,88,434,366,289,370,219,103,680,501,436,685,379,310,324,413,406,370,430,338,438,261,Default,
192114,16,13,8,5,1,0,0,1,29,25,28,25,58,38,39,15,10,9,6,9,10,5,4,6,56,178,129,97,128,86,85,385,206,174,362,205,152,126,221,202,157,166,131,198,116,Default,
192130,10,10,5,4,1,0,1,0,17,14,16,24,55,33,26,12,6,4,3,6,8,4,3,3,20,62,62,30,41,14,63,225,52,64,198,37,66,26,106,83,18,16,17,22,7,Default,
192146,0,0,0,0,0,0,0,0,1,20,13,24,77,48,37,9,6,3,2,4,1,1,0,0,1,30,29,12,12,4,34,83,42,46,69,7,19,6,7,12,2,4,2,2,0,Default,
192162,0,0,0,0,0,0,0,0,14,33,17,29,85,37,31,11,6,4,2,3,1,0,0,0,0,2,24,9,8,4,27,47,33,43,49,12,17,12,6,9,3,4,1,0,0,Default,
192178,0,0,0,0,0,0,0,0,22,34,16,24,83,40,26,9,7,6,3,3,1,0,0,0,0,2,18,8,8,4,17,29,24,28,43,14,21,37,12,16,4,6,1,0,0,Default,
192194,0,0,0,0,0,0,0,0,1,23,11,25,85,32,24,7,5,3,1,2,0,0,0,0,0,1,15,8,12,5,20,29,21,15,31,12,19,34,7,8,4,7,1,1,0,Default,
192210,0,0,0,0,0,0,0,0,1,24,11,28,97,39,25,8,5,2,1,1,0,0,0,0,0,1,8,6,12,5,16,29,20,10,21,12,21,29,7,9,3,6,1,0,0,Default,
192226,0,0,0,0,0,0,0,0,16,27,13,29,104,45,29,8,4,2,1,1,0,0,0,0,0,1,7,8,11,4,17,27,17,8,20,14,20,30,8,13,6,6,1,0,0,Default,
192242,0,0,0,0,0,1,0,1,22,29,14,26,108,41,25,8,4,2,1,1,0,0,0,0,0,0,6,7,12,5,15,20,13,7,12,14,16,23,6,8,4,5,1,1,1,Default,
192258,0,0,0,1,0,0,0,2,22,27,13,25,111,43,26,6,4,2,1,1,0,0,0,0,0,0,1,4,7,4,12,14,11,4,11,12,13,23,6,8,4,5,1,0,0,Default,
192274,0,0,0,0,0,0,0,2,23,28,14,24,111,42,26,5,4,2,1,1,0,0,0,0,0,0,1,1,4,3,8,9,6,3,7,9,9,17,5,6,4,4,0,0,0,Default,
192290,0,0,0,0,0,0,0,1,24,27,15,25,116,44,26,4,5,3,0,1,0,1,0,0,0,0,2,5,6,3,9,12,6,3,7,6,11,13,4,7,3,4,1,0,0,Default,
192306,0,0,0,0,0,0,0,1,20,25,14,24,112,37,23,4,4,3,1,0,0,0,0,0,0,0,0,1,2,1,4,8,4,1,1,2,8,12,4,3,2,3,0,1,0,Default,
192322,0,0,0,0,0,0,0,0,11,27,16,25,116,42,24,7,5,3,2,2,1,0,0,0,0,0,1,1,3,1,5,7,4,1,1,1,8,14,4,5,2,4,1,0,0,Default,
192338,0,0,0,0,0,0,0,0,8,28,12,25,116,36,25,8,6,2,1,1,1,0,0,0,0,0,1,3,3,2,5,8,4,1,3,3,10,12,4,8,3,4,1,0,0,Default,
192354,0,0,0,0,0,0,0,1,7,28,14,27,115,41,23,8,6,1,1,1,0,0,0,0,0,0,1,2,3,2,4,8,4,2,3,4,10,16,4,8,3,3,0,0,0,Default,
192370,0,0,0,0,0,0,0,0,5,27,13,29,118,37,24,8,5,2,1,1,0,0,1,0,0,0,1,1,2,1,5,8,5,1,4,6,9,16,4,8,3,4,0,0,1,Default,
192386,0,0,0,0,0,0,0,0,8,25,13,29,120,39,23,8,4,2,1,2,1,0,0,0,0,0,0,0,1,1,3,6,4,1,3,4,10,16,4,8,3,4,0,0,0,Default,
192402,0,0,0,0,0,0,0,0,8,25,11,29,119,38,24,8,4,2,1,1,0,0,0,0,0,0,1,2,2,1,4,7,4,1,4,3,10,15,4,8,1,3,0,0,0,Default,
192418,0,0,0,0,0,0,0,0,3,22,12,29,124,36,24,9,5,2,1,1,0,0,0,0,0,0,1,1,2,1,4,5,3,1,2,2,8,13,4,8,1,2,1,0,1,Default,
192434,0,0,0,0,0,1,0,0,3,20,11,25,126,41,24,8,4,3,1,0,1,0,0,0,0,0,1,1,1,0,4,7,4,3,4,4,10,12,4,8,2,2,0,0,0,Default,
192450,0,0,0,0,0,0,0,0,0,9,9,29,127,38,24,9,6,2,1,1,0,1,0,0,0,0,1,0,1,0,0,1,2,1,4,2,11,14,4,8,1,2,1,0,0,Default,
192466,0,0,0,0,0,0,0,0,0,1,2,32,127,37,23,10,6,2,1,1,0,0,0,0,0,1,0,1,0,0,1,7,5,3,8,4,13,14,4,9,2,3,1,0,0,Default,
192482,0,0,0,0,0,0,0,0,0,0,1,29,131,37,25,12,6,3,2,1,1,0,0,0,0,0,4,8,4,3,10,15,11,6,11,7,16,21,7,13,4,4,1,0,0,Default,
192498,0,0,0,0,0,0,0,0,0,4,10,30,132,45,29,10,5,2,1,1,0,0,0,0,0,2,19,11,8,4,12,19,10,7,11,6,17,19,6,15,4,4,1,0,0,Default,
192514,0,0,0,0,0,0,0,0,1,16,10,28,136,46,28,7,6,3,1,2,0,0,0,0,0,1,24,11,8,4,12,18,10,6,11,4,14,13,5,12,4,4,1,1,0,Default,
192530,0,0,0,0,0,0,0,0,1,16,10,25,145,43,27,10,5,3,1,1,1,0,0,0,0,2,25,14,7,4,12,16,12,7,11,7,16,17,5,9,3,3,1,1,0,Default,
192546,304,364,394,186,195,159,53,164,224,186,108,148,267,154,64,16,4,3,1,3,1,0,0,0,0,4,11,6,7,1,12,4,1,0,1,0,15,12,4,8,2,3,1,0,1,Default,
192562,1424,1579,1549,781,872,699,153,511,621,594,252,372,480,413,145,12,5,4,3,24,22,22,12,5,16,6,4,3,3,0,15,4,2,1,3,2,17,9,6,8,4,4,1,0,0,Default,
192578,2102,2243,2333,1452,1825,1375,413,943,1104,1090,769,517,623,592,314,48,35,33,33,33,28,28,24,7,29,20,19,16,4,3,46,35,33,27,16,5,32,25,20,9,3,6,1,0,0,Default,
192594,2587,2747,2885,2095,2586,2038,608,1540,1848,1860,928,903,1096,1045,572,54,45,45,43,35,30,30,28,6,29,20,20,19,5,2,64,58,53,47,16,5,41,35,33,9,4,5,1,0,0,Default,
192610,2762,2826,2918,2466,3109,2409,866,2106,2591,2535,1267,1385,1689,1618,914,103,98,96,92,23,20,20,17,5,39,32,32,29,6,3,124,117,113,103,19,5,48,42,38,7,3,6,1,0,0,Default,
192626,0,0,0,2622,3244,2483,1016,2464,2942,2846,1473,1629,1950,1824,1134,364,359,359,323,101,93,90,87,54,120,120,120,111,26,7,162,161,153,139,29,5,49,45,41,19,6,4,1,0,0,Default,
192642,2316,2353,2386,2558,3219,2507,1180,2636,3126,3010,1730,1821,2197,2061,1363,696,688,718,570,410,397,381,360,164,313,331,327,318,87,9,258,265,247,226,87,8,106,105,97,57,7,6,1,1,0,Default,
192658,2191,2255,2312,2460,3108,2446,1256,2591,3041,2964,1848,1903,2305,2155,1484,898,899,958,729,780,753,726,626,338,597,659,654,636,207,27,438,435,408,369,251,42,167,170,153,119,27,6,0,0,0,Default,
192674,2169,2159,2201,2408,3043,2422,1334,2570,3003,2967,1954,1956,2396,2258,1620,1015,1030,1113,853,1065,1041,1001,873,433,738,834,836,779,309,97,620,634,590,538,397,126,245,250,228,183,93,12,4,3,3,Default,
192690,2073,2080,2118,2363,2983,2403,1390,2561,3009,3001,2054,1979,2448,2315,1716,1098,1135,1222,941,1264,1249,1196,1053,518,864,993,1004,917,418,174,820,847,795,717,536,215,317,322,294,242,204,16,11,8,7,Default,
192706,1998,2004,2042,2285,2905,2376,1453,2516,2999,3026,2160,2019,2532,2415,1845,1178,1239,1339,1035,1467,1483,1438,1293,614,1001,1187,1219,1088,532,240,1001,1056,1008,904,635,303,389,398,368,293,293,20,13,11,9,Default,
192722,1832,1830,1857,2129,2723,2257,1446,2371,2883,2940,2177,1970,2511,2423,1890,1199,1260,1362,1066,1564,1582,1551,1403,742,1119,1365,1408,1256,671,325,1146,1220,1189,1066,780,420,496,517,485,386,389,24,18,16,16,Default,
192738,1560,1566,1580,1897,2399,2121,1374,2138,2632,2703,2066,1823,2366,2298,1804,1157,1226,1333,1049,1562,1592,1565,1430,812,1141,1439,1488,1324,757,379,1266,1384,1368,1205,904,498,610,648,609,485,459,33,24,22,20,Default,
192754,1243,1245,1270,1585,1925,1791,1191,1824,2259,2318,1841,1609,2149,2085,1645,1098,1176,1281,1011,1465,1514,1494,1391,825,1098,1431,1480,1340,791,415,1310,1460,1446,1281,977,550,696,755,713,543,515,35,27,28,27,Default,
192770,961,939,984,1164,1323,1311,925,1441,1716,1811,1529,1393,1898,1840,1477,987,1057,1173,923,1330,1384,1380,1297,802,1025,1368,1451,1308,815,450,1310,1480,1494,1330,1030,604,745,835,783,598,575,44,37,34,33,Default,
192786,737,715,756,764,806,813,637,1108,1293,1349,1203,1207,1660,1597,1309,907,970,1097,861,1222,1258,1251,1202,759,947,1298,1393,1280,828,486,1285,1471,1510,1370,1081,670,775,903,854,644,644,45,39,37,35,Default,
192802,505,491,530,472,474,476,406,825,965,998,914,1037,1426,1355,1130,827,877,1015,794,1115,1144,1140,1100,742,879,1240,1354,1258,853,513,1252,1455,1525,1409,1142,716,803,967,918,698,702,51,45,42,41,Default,
192818,389,378,410,310,301,300,268,628,719,759,699,905,1246,1161,982,772,807,945,735,1048,1060,1061,1006,713,854,1218,1361,1277,895,625,1239,1461,1571,1488,1218,829,837,1048,1021,772,785,52,41,40,40,Default,
192834,280,273,293,197,187,184,174,512,594,602,567,798,1102,1033,866,731,768,894,692,1011,1017,1011,950,710,825,1214,1370,1276,920,652,1228,1474,1633,1552,1301,893,877,1125,1125,832,834,70,62,57,58,Default,
192850,190,183,190,149,140,139,132,421,495,500,467,711,991,932,784,694,721,840,659,975,967,976,909,703,808,1229,1417,1323,974,687,1210,1500,1711,1648,1390,968,924,1221,1253,910,899,87,78,74,75,Default,
192866,123,117,120,111,103,102,97,329,372,374,358,640,912,858,737,651,679,791,634,946,926,942,876,716,804,1265,1471,1370,1044,734,1210,1543,1833,1774,1524,1069,977,1337,1386,1017,982,105,95,90,91,Default,
192882,76,72,70,102,94,91,91,323,364,367,377,613,878,812,712,644,667,758,622,957,945,957,907,758,825,1322,1551,1450,1135,786,1246,1623,1976,1947,1677,1160,1087,1484,1546,1156,1067,118,111,106,109,Default,
192898,55,49,49,78,71,69,69,293,326,323,330,584,822,762,679,657,687,750,640,970,976,988,945,791,856,1420,1637,1533,1218,864,1300,1812,2130,2103,1815,1289,1174,1629,1713,1306,1171,153,140,133,137,Default,
192914,46,40,39,49,42,41,40,241,264,263,265,545,759,707,639,656,693,758,655,1021,1025,1052,981,851,894,1508,1720,1618,1309,926,1360,1907,2300,2278,1977,1410,1269,1794,1900,1477,1282,197,180,172,180,Default,
192930,38,33,32,33,26,25,26,210,221,223,224,510,696,654,596,637,682,722,626,1037,1057,1102,999,895,914,1585,1816,1712,1398,971,1394,1989,2462,2469,2117,1508,1349,1931,2088,1658,1403,248,232,220,226,Default,
192946,37,33,32,20,12,12,11,180,190,194,198,482,658,614,569,632,674,703,619,1090,1135,1189,1074,986,959,1725,2000,1882,1567,1108,1489,2124,2691,2701,2339,1683,1467,2136,2314,1873,1540,338,315,300,306,Default,
192962,42,37,36,12,5,4,4,182,187,192,195,499,650,606,569,663,698,728,638,1170,1197,1251,1118,1046,1057,1848,2136,2024,1715,1231,1612,2292,2939,2939,2584,1875,1633,2395,2591,2142,1739,438,409,389,401,Default,
192978,43,39,37,10,2,1,2,156,175,179,180,448,584,555,520,621,675,691,616,1146,1187,1229,1103,1032,1111,1969,2273,2188,1850,1355,1674,2437,3150,3181,2795,2080,1790,2636,2883,2392,1947,610,568,536,547,Default,
192994,42,38,38,7,1,0,0,128,138,139,141,359,503,479,456,598,627,633,578,1151,1147,1182,1057,999,1140,2047,2367,2244,1921,1395,1754,2548,3295,3297,3051,2238,1905,2857,3149,2652,2151,823,787,732,733,Default,
193010,47,43,42,6,1,0,0,88,90,92,91,354,413,389,376,535,544,542,505,1039,1021,1045,928,899,1150,2062,2367,2234,1933,1423,1822,2614,3298,3298,3295,2406,1970,3034,3295,2883,2342,1098,1066,977,962,Default,
193026,49,45,43,8,2,1,0,73,71,72,71,299,346,327,317,451,456,452,427,894,878,908,820,797,1114,2059,2305,2208,1916,1463,1795,2772,3296,3298,3298,2571,2064,3182,3297,3109,2553,1352,1326,1217,1189,Default,
193042,51,46,45,8,1,0,0,62,66,68,67,282,328,306,302,319,324,316,304,717,743,754,702,680,1043,1954,2122,2054,1818,1424,1724,2744,3297,3297,3297,2690,2065,3261,3298,3297,2705,1590,1570,1451,1384,Default,
193058,51,45,44,6,1,1,0,62,71,70,74,261,305,287,287,216,211,203,202,604,637,669,620,612,936,1840,1878,1806,1656,1335,1625,2685,3296,3299,3298,2769,2026,3287,3299,3297,2823,1837,1802,1712,1579,Default,
193074,45,40,39,5,1,0,0,23,61,61,62,219,269,256,253,112,103,100,99,467,482,499,472,463,783,1611,1569,1504,1410,1191,1428,2375,3297,3297,3298,2806,1861,3268,3297,3298,2904,2025,2001,1956,1761,Default,
193090,45,37,37,6,1,0,0,17,64,64,65,192,215,201,198,46,44,43,43,228,272,269,259,257,679,1406,1305,1215,1172,1023,1221,1997,3287,3297,3299,2707,1628,3140,3298,3298,2883,2123,2070,2098,1858,Default,
193106,37,31,30,5,1,0,0,6,44,45,45,165,194,185,182,28,21,20,20,170,174,172,168,165,550,1196,1094,999,1026,890,960,1681,2893,3067,3067,2582,1378,2824,3249,3272,2722,2089,2068,2148,1879,Default,
193122,35,27,26,5,1,0,0,3,47,48,48,128,157,149,147,31,23,24,22,76,77,73,71,72,418,1080,1003,887,968,788,641,1526,2304,2478,2622,2082,1223,2223,2767,2842,2238,1848,1890,2041,1706,Default,
193138,20,15,13,5,1,0,1,4,48,49,49,59,95,87,87,21,17,18,18,41,37,34,34,35,268,927,861,736,856,630,369,1302,1637,1722,1984,1386,906,1436,1861,1916,1449,1351,1424,1568,1240,Default,
193154,16,11,9,4,1,0,0,3,43,45,46,51,88,78,78,23,16,15,14,17,19,16,16,16,147,704,652,538,672,416,173,941,982,986,1293,763,524,642,771,827,646,804,777,887,626,Default,
193170,13,9,7,4,1,0,0,1,37,36,37,32,70,55,54,20,15,14,12,12,15,11,12,11,90,416,342,246,362,215,105,663,504,386,729,392,307,327,433,409,392,380,281,346,244,Default,
193186,13,11,8,4,1,0,0,1,29,24,27,25,62,41,39,14,8,6,4,9,13,8,8,9,45,156,115,80,115,78,87,364,191,151,364,191,161,131,236,203,165,95,64,90,59,Default,
193202,3,3,1,1,1,1,0,1,16,16,13,24,60,37,24,11,6,4,3,6,2,1,0,0,4,58,65,25,41,14,58,180,50,46,164,35,55,20,86,70,11,12,8,3,2,Default,
193218,0,0,0,0,0,0,0,0,26,33,14,25,83,48,37,8,5,2,1,1,1,1,0,0,0,2,25,11,9,4,40,70,37,36,65,7,16,7,4,9,3,2,1,0,0,Default,
193234,0,0,0,0,0,1,2,25,28,36,20,26,98,49,31,8,7,5,1,2,1,1,0,0,0,2,20,8,5,3,22,34,25,29,41,4,16,11,6,9,2,4,1,0,0,Default,
193250,0,0,0,0,0,0,0,0,16,37,17,25,95,47,26,8,4,2,0,1,0,0,0,0,0,0,19,9,11,4,16,27,20,23,40,6,18,26,9,10,3,4,1,0,0,Default,
193266,0,0,0,0,0,0,0,0,3,29,12,23,98,41,24,4,3,2,0,1,0,0,0,0,0,0,16,7,12,5,14,28,20,14,29,12,16,24,7,8,3,6,1,0,0,Default,
193282,0,0,0,0,0,0,0,0,8,29,14,25,108,33,20,8,5,2,1,1,0,1,0,0,0,1,9,7,11,5,13,21,15,7,18,9,14,19,6,12,3,4,1,0,0,Default,
193298,0,0,0,0,0,0,0,0,24,32,15,25,114,37,24,9,4,3,1,1,0,0,0,0,0,1,13,6,11,4,13,15,10,4,12,3,16,24,7,11,4,4,1,0,0,Default,
193314,0,0,0,0,0,0,0,1,24,31,18,26,118,39,24,8,4,3,1,1,0,0,0,0,0,0,9,7,9,4,14,16,12,6,8,8,14,21,6,6,3,4,1,0,0,Default,
193330,0,0,0,0,0,1,0,2,24,29,17,25,119,41,24,8,4,3,1,1,1,0,0,0,0,1,3,5,8,4,11,10,8,4,8,6,12,14,4,8,3,3,1,0,0,Default,
193346,0,0,1,0,0,0,0,3,23,29,17,26,118,46,20,8,4,2,1,1,0,1,0,0,0,0,1,3,6,3,9,8,4,3,6,7,13,12,4,7,3,3,1,0,0,Default,
193362,0,0,0,0,0,0,0,0,25,31,17,25,122,41,22,8,4,2,1,0,0,0,1,0,0,0,1,1,3,2,7,8,4,2,3,4,11,14,4,8,3,4,1,0,0,Default,
193378,0,0,0,1,0,0,0,0,22,30,17,24,117,40,23,7,4,2,1,1,0,0,0,0,0,0,1,1,2,2,7,8,4,2,4,4,10,12,4,9,3,3,0,0,0,Default,
193394,0,0,0,0,0,0,0,0,20,30,16,24,116,40,23,7,4,2,1,0,0,0,0,0,0,0,1,3,5,3,7,7,4,2,5,6,8,14,4,8,3,4,1,0,0,Default,
193410,0,0,0,0,0,0,0,1,13,30,13,27,112,45,21,6,4,1,1,1,0,0,0,0,0,1,1,1,4,3,5,6,4,1,3,4,12,16,4,8,3,4,1,1,0,Default,
193426,0,0,0,0,0,0,0,0,14,29,16,26,116,39,22,7,4,2,0,0,0,0,0,0,0,0,0,1,1,1,2,6,4,2,5,6,11,13,4,8,3,4,1,0,0,Default,
193442,0,0,0,0,0,0,0,1,7,29,16,28,118,43,20,8,4,2,0,1,0,0,0,0,0,0,0,1,1,1,3,6,4,1,6,7,11,14,4,7,3,2,1,0,0,Default,
193458,0,0,0,0,0,0,0,0,5,29,14,31,117,41,24,8,5,2,1,0,0,0,0,0,0,0,0,0,1,1,1,4,4,2,6,6,11,11,4,8,3,3,1,0,0,Default,
193474,0,0,0,0,0,0,0,0,5,26,12,29,116,39,24,6,4,2,0,1,1,0,0,0,0,0,0,0,0,0,0,1,1,1,4,5,8,11,4,7,3,3,1,0,0,Default,
193490,0,0,0,0,0,0,0,0,3,25,14,27,120,40,26,8,4,1,1,1,0,0,0,0,0,0,0,0,0,0,0,1,2,1,3,4,11,11,4,8,2,3,0,0,0,Default,
193506,0,0,0,0,0,0,0,0,13,21,12,29,120,40,27,5,4,2,1,1,0,0,0,0,0,0,0,0,0,1,0,1,2,1,3,4,11,12,4,9,3,3,1,1,0,Default,
193522,0,0,0,0,0,0,0,0,1,16,11,32,121,41,27,9,7,3,1,1,1,0,0,0,0,0,1,3,3,2,7,10,6,3,7,6,13,13,4,7,1,2,1,0,0,Default,
193538,0,0,0,0,0,0,0,0,0,2,8,30,127,41,24,10,4,3,1,0,0,0,0,0,0,1,0,2,2,1,4,8,4,2,6,3,10,12,4,8,2,3,0,0,0,Default,
193554,0,0,0,0,0,0,0,0,0,1,6,32,126,37,25,11,4,2,0,1,0,0,0,0,0,0,6,8,5,3,9,16,9,7,12,7,16,18,6,11,3,4,2,1,0,Default,
193570,0,0,0,0,0,0,0,0,1,16,8,31,137,38,29,9,5,1,1,0,0,0,0,0,0,0,3,6,4,2,12,19,12,7,12,6,18,20,6,9,3,4,1,0,0,Default,
193586,0,0,0,0,0,0,0,0,4,19,11,29,138,42,28,10,5,2,1,1,0,1,0,0,0,1,18,11,6,3,17,19,12,8,12,5,16,16,6,12,3,3,0,0,0,Default,
193602,0,0,0,0,0,0,0,1,4,20,12,29,144,36,27,9,4,2,1,1,0,0,0,0,0,0,14,11,7,4,15,18,14,8,14,5,15,16,6,12,3,4,1,0,0,Default,
193618,0,1,16,17,16,9,7,46,49,56,43,55,199,58,37,9,2,1,0,1,0,0,0,0,0,1,8,8,6,3,12,6,3,1,2,1,9,11,4,7,2,3,1,0,0,Default,
193634,916,987,938,431,450,364,93,335,427,384,156,284,398,313,102,10,2,2,1,1,1,0,0,0,0,1,2,1,2,1,9,3,1,1,1,1,4,2,1,3,1,1,0,0,0,Default,
193650,1701,1911,1938,1044,1221,982,264,662,786,773,486,412,514,463,213,25,20,20,17,53,49,51,37,8,14,4,3,2,1,0,9,4,1,1,3,4,13,7,4,7,2,3,0,0,0,Default,
193666,2269,2404,2512,1681,2102,1621,520,1131,1335,1345,955,605,730,691,400,49,41,41,42,47,41,42,36,8,33,28,25,24,6,3,56,48,45,38,18,7,30,22,17,6,2,4,1,0,0,Default,
193682,2672,2812,2968,2313,2848,2246,705,1816,2220,2198,1036,1144,1400,1339,682,65,58,56,54,33,24,24,21,6,36,27,26,24,6,3,82,77,74,67,16,5,39,32,29,8,3,5,1,0,0,Default,
193698,2633,2814,2863,2549,3216,2474,928,2281,2778,2718,1356,1512,1848,1753,1007,163,157,151,146,26,20,20,18,4,49,45,41,42,8,3,136,132,127,114,19,5,43,38,33,7,3,4,1,0,0,Default,
193714,2528,2492,2537,2790,3297,2784,2856,2728,3281,3109,2400,1844,2228,2072,1708,609,605,620,556,347,335,322,327,95,199,210,205,203,52,5,235,238,224,219,53,8,95,93,87,46,6,4,1,0,0,Default,
193730,2201,2305,2370,2796,3297,2897,2973,2730,3272,3154,2539,1944,2384,2226,1896,834,841,890,780,684,665,643,630,347,603,663,649,663,206,33,487,492,460,447,255,40,200,203,190,136,35,6,0,0,0,Default,
193746,2205,2206,2271,2509,3197,2538,1374,2663,3121,3088,2015,1964,2408,2284,1626,994,1003,1077,835,1017,982,941,824,452,728,819,815,771,301,95,696,708,660,595,405,122,264,272,248,190,92,12,5,4,3,Default,
193762,2167,2173,2222,2455,3139,2504,1417,2620,3102,3086,2081,1972,2445,2315,1706,1041,1072,1144,894,1195,1169,1115,968,510,862,984,986,914,410,167,903,935,877,771,538,216,337,347,316,247,182,16,9,7,6,Default,
193778,2118,2120,2168,2395,3061,2479,1461,2587,3084,3101,2163,2004,2508,2397,1804,1135,1183,1265,982,1351,1343,1290,1113,592,983,1149,1157,1042,518,261,1086,1152,1097,950,669,349,443,459,416,323,316,17,10,8,8,Default,
193794,1969,1965,2010,2255,2911,2387,1492,2485,3009,3057,2235,1985,2512,2428,1894,1172,1233,1328,1044,1509,1509,1475,1306,699,1089,1308,1321,1196,650,344,1266,1358,1314,1152,853,476,573,603,561,435,418,20,14,12,12,Default,
193810,1736,1739,1773,2081,2676,2306,1464,2286,2812,2893,2164,1879,2423,2356,1854,1156,1227,1321,1040,1527,1536,1517,1354,775,1113,1370,1384,1250,742,410,1380,1514,1476,1289,986,572,704,746,700,537,497,30,24,21,20,Default,
193826,1471,1488,1527,1804,2304,2020,1318,2001,2494,2576,1996,1704,2239,2180,1726,1093,1172,1267,999,1455,1475,1452,1308,783,1068,1346,1366,1247,771,445,1421,1589,1554,1359,1044,636,779,840,792,595,555,37,30,28,26,Default,
193842,1173,1177,1211,1459,1767,1659,1111,1641,2038,2094,1721,1509,2027,1975,1575,1022,1099,1202,939,1328,1351,1335,1206,758,994,1279,1303,1216,780,464,1399,1589,1579,1385,1099,679,809,895,845,639,602,45,37,36,35,Default,
193858,908,889,949,1036,1144,1138,820,1272,1541,1610,1402,1312,1774,1740,1398,941,1004,1119,874,1199,1210,1196,1089,717,917,1202,1244,1178,779,481,1368,1571,1599,1423,1139,711,827,949,904,675,648,46,35,33,33,Default,
193874,667,659,716,676,706,716,564,995,1161,1212,1091,1129,1544,1497,1222,854,907,1024,795,1091,1090,1073,968,686,850,1151,1205,1156,798,563,1318,1554,1597,1457,1189,800,849,1000,973,723,738,47,39,37,37,Default,
193890,499,491,535,430,427,427,366,757,889,918,843,984,1358,1270,1062,791,835,948,733,1011,999,974,881,667,833,1161,1230,1185,847,588,1281,1532,1613,1502,1273,849,874,1069,1058,790,786,44,37,34,34,Default,
193906,7,2,1,287,277,273,250,598,680,702,659,889,1200,1135,946,753,779,891,699,983,956,931,839,663,824,1164,1252,1211,887,626,1287,1528,1678,1582,1338,922,911,1152,1172,860,843,62,53,51,49,Default,
193922,293,286,308,189,182,178,167,497,587,592,567,779,1061,1005,845,694,723,825,653,957,924,907,819,680,800,1178,1293,1247,945,660,1257,1558,1773,1683,1452,978,965,1262,1305,950,896,59,51,50,49,Default,
193938,220,219,232,157,147,149,142,419,489,495,470,716,979,935,793,678,697,792,638,937,902,890,808,688,797,1207,1339,1290,1007,700,1252,1674,1870,1792,1555,1052,1033,1363,1419,1044,967,87,78,75,77,Default,
193954,143,140,145,133,124,120,119,347,395,398,382,659,912,875,748,664,677,754,616,942,909,895,817,715,813,1265,1406,1360,1078,745,1285,1728,1981,1919,1675,1132,1093,1480,1557,1159,1034,96,92,84,88,Default,
193970,91,87,87,105,97,97,94,328,370,376,385,637,887,841,731,661,685,746,624,952,942,924,855,743,837,1348,1503,1449,1149,800,1318,1827,2136,2084,1780,1231,1178,1633,1731,1283,1123,130,118,113,116,Default,
193986,64,59,58,77,73,70,69,298,332,335,339,592,830,779,694,686,704,772,666,992,961,985,907,791,874,1415,1595,1528,1243,864,1375,1927,2301,2253,1929,1351,1269,1783,1905,1465,1234,168,155,147,150,Default,
194002,55,50,51,53,49,48,48,276,307,308,315,576,789,739,671,677,717,769,659,1057,1053,1070,975,870,917,1538,1697,1643,1344,944,1440,2037,2466,2436,2080,1475,1367,1924,2097,1628,1359,215,197,187,193,Default,
194018,54,49,49,36,33,32,32,238,257,259,262,554,745,702,645,678,713,754,654,1097,1091,1135,1019,932,957,1641,1832,1768,1471,1035,1496,2133,2659,2644,2277,1608,1458,2109,2301,1838,1489,294,271,258,262,Default,
194034,42,37,37,24,17,18,18,200,213,216,220,525,698,655,608,688,723,754,660,1164,1181,1230,1090,1020,1015,1774,2014,1911,1629,1149,1574,2286,2867,2860,2487,1774,1616,2325,2540,2073,1666,366,337,326,334,Default,
194050,41,37,35,18,11,10,9,174,193,197,198,431,651,613,568,663,716,742,649,1176,1226,1275,1131,1058,1061,1929,2215,2106,1778,1296,1669,2434,3105,3113,2723,1975,1778,2597,2835,2311,1859,507,472,452,457,Default,
194066,41,38,37,9,3,1,1,145,157,163,162,470,580,551,520,665,705,719,642,1199,1223,1276,1123,1067,1141,2039,2337,2214,1865,1299,1779,2555,3292,3297,2960,2104,1906,2818,3088,2577,2022,721,669,638,634,Default,
194082,44,41,40,7,1,1,0,138,139,142,143,426,509,484,461,616,642,648,593,1129,1127,1175,1040,990,1173,2106,2401,2271,1927,1390,1837,2649,3296,3298,3273,2293,1998,3004,3289,2779,2231,927,900,833,826,Default,
194098,45,41,41,7,1,0,1,98,99,101,101,356,418,394,382,528,543,545,504,1000,987,1028,913,880,1164,2140,2383,2266,1949,1454,1860,2694,3297,3299,3297,2474,2061,3161,3299,3025,2445,1182,1159,1069,1046,Default,
194114,51,46,46,8,1,1,0,71,68,70,70,335,394,373,364,402,410,409,387,811,805,830,760,743,1086,2047,2255,2176,1911,1467,1798,2671,3298,3298,3297,2638,2076,3268,3298,3296,2653,1425,1430,1327,1275,Default,
194130,50,47,46,9,2,1,1,67,67,69,70,278,350,322,323,307,309,306,297,652,664,683,636,615,1032,1940,2043,1971,1775,1407,1746,2749,3297,3297,3298,2751,2096,3290,3298,3297,2788,1644,1662,1554,1459,Default,
194146,49,45,45,6,1,1,0,45,72,74,75,205,310,289,287,176,168,161,160,530,584,601,562,551,838,1755,1728,1674,1562,1281,1554,2661,3297,3297,3299,2844,2028,3289,3299,3297,2907,1847,1861,1814,1653,Default,
194162,47,40,39,5,1,1,0,53,63,64,64,162,252,241,238,72,69,66,65,285,358,364,345,342,769,1546,1450,1372,1320,1131,1400,2298,3297,3298,3298,2828,1815,3225,3297,3297,2954,1998,2007,2035,1818,Default,
194178,46,37,38,6,1,1,1,24,45,49,49,174,207,196,193,41,43,41,41,216,238,241,232,228,547,1305,1203,1105,1112,961,1102,1869,3129,3295,3297,2674,1537,3022,3298,3296,2882,2036,2052,2159,1881,Default,
194194,36,31,33,5,1,0,0,38,51,52,53,145,174,166,163,45,41,41,41,151,159,157,152,153,507,1152,1062,957,1020,863,858,1597,2719,2877,2978,2471,1296,2640,3122,3205,2640,1957,2004,2190,1857,Default,
194210,33,23,22,6,1,0,0,9,51,52,53,100,123,112,111,41,33,35,32,63,58,55,56,58,377,1023,948,832,936,745,559,1524,2045,2181,2416,1864,1126,1915,2450,2600,1977,1620,1709,1984,1590,Default,
194226,16,12,12,4,1,1,1,10,46,49,49,66,94,84,87,20,13,13,13,24,19,18,17,17,229,845,754,651,791,551,281,1136,1290,1463,1720,1127,741,1043,1436,1475,1108,1089,1212,1383,1046,Default,
194242,20,11,9,4,1,1,0,1,40,40,41,47,87,74,77,20,11,11,10,14,15,12,12,12,132,630,548,451,584,352,149,868,766,799,1093,623,442,509,628,647,559,584,553,694,487,Default,
194258,14,12,8,5,0,0,0,1,32,30,31,19,64,45,44,14,13,8,6,9,12,7,6,8,74,312,235,162,258,159,93,559,348,268,589,313,248,243,339,331,306,249,183,276,183,Default,
194274,12,12,7,5,1,0,0,0,22,18,19,16,53,30,27,12,7,4,3,8,10,4,4,6,46,107,90,47,77,53,79,278,110,93,291,152,114,74,169,147,113,61,41,75,41,Default,
194290,0,0,0,0,0,0,0,0,0,0,6,24,61,41,29,8,3,1,0,1,0,0,1,0,0,29,32,17,25,9,46,105,44,39,113,32,40,25,62,60,11,7,3,0,0,Default,
194306,0,0,0,0,0,0,0,1,30,37,20,25,83,44,34,9,6,4,2,3,1,0,0,0,0,2,20,8,7,4,34,45,32,39,62,12,16,11,6,7,2,4,1,1,0,Default,
194322,0,0,0,1,1,2,2,29,30,37,19,24,87,38,28,8,6,4,2,2,1,0,0,0,0,0,4,6,4,2,14,23,12,24,43,6,9,4,2,3,1,1,1,0,0,Default,
194338,0,0,0,0,0,0,0,2,24,31,14,24,85,36,27,8,4,3,1,1,0,0,0,0,0,0,12,8,11,4,16,24,19,25,42,8,19,32,11,8,3,5,1,0,0,Default,
194354,0,0,0,0,0,0,0,0,2,25,12,20,94,33,17,6,5,2,1,0,1,0,0,0,0,0,6,6,12,5,14,24,16,15,30,14,18,22,8,11,3,5,1,1,0,Default,
194370,0,0,0,0,0,0,0,0,4,27,12,24,104,42,23,6,5,2,0,1,1,0,1,0,0,1,3,5,8,4,11,20,13,8,21,12,18,28,8,12,4,6,1,0,0,Default,
194386,0,0,0,0,0,0,0,0,6,29,12,24,115,41,25,7,6,3,1,1,0,0,0,0,0,0,1,4,6,4,10,12,9,3,14,8,15,24,5,11,4,4,1,0,0,Default,
194402,0,0,0,0,0,0,0,1,17,29,16,21,116,45,23,8,4,2,1,0,0,0,0,0,0,0,1,3,5,3,11,8,8,3,7,7,14,19,5,9,5,4,1,0,0,Default,
194418,0,0,0,0,0,0,0,1,24,30,16,25,120,41,25,8,4,1,0,0,0,0,0,0,0,0,0,3,6,3,8,9,6,2,4,5,13,16,4,9,4,4,1,0,1,Default,
194434,0,0,0,0,0,0,0,0,23,30,16,25,120,43,18,7,3,1,1,1,1,0,0,0,0,0,0,1,3,2,8,7,4,2,4,7,12,13,4,8,4,6,1,0,0,Default,
194450,0,0,0,0,0,0,0,0,4,29,11,29,123,43,21,8,4,1,1,0,0,0,0,0,0,0,0,2,4,3,8,6,4,1,3,4,10,15,4,9,4,4,1,0,0,Default,
194466,0,0,0,0,0,0,0,0,12,29,13,27,120,41,19,6,3,1,1,1,0,0,0,0,0,1,0,0,1,2,5,5,3,1,2,4,8,14,4,6,4,4,1,0,0,Default,
194482,0,0,0,0,0,0,0,0,6,29,12,25,124,41,20,7,4,2,1,0,0,1,0,0,0,0,0,2,5,4,8,6,4,1,4,6,8,12,4,8,4,4,1,0,0,Default,
194498,0,0,0,0,0,0,0,0,4,27,13,25,124,42,21,8,4,1,1,0,0,0,0,0,0,0,0,1,4,3,7,6,4,2,3,4,10,13,3,7,4,4,1,0,0,Default,
194514,0,0,0,0,0,0,0,0,8,29,14,29,125,38,24,8,4,1,0,1,0,0,0,0,0,0,0,0,0,0,2,5,4,2,4,6,11,16,4,8,4,4,1,0,0,Default,
194530,0,0,0,0,0,0,0,0,8,29,13,31,125,45,22,8,4,2,1,1,0,0,0,0,0,0,0,0,0,0,1,1,1,1,2,5,11,13,4,7,3,3,1,0,0,Default,
194546,0,0,0,0,0,0,0,0,3,28,13,30,126,37,23,8,4,2,0,1,0,0,0,0,0,0,1,0,0,0,0,1,1,0,2,4,10,13,4,8,2,3,0,0,0,Default,
194562,0,0,0,0,0,0,0,0,4,27,13,32,128,38,24,8,4,2,1,1,0,0,0,0,0,0,0,0,0,0,0,0,1,1,4,8,10,12,4,8,3,3,1,0,0,Default,
194578,0,0,0,0,0,0,0,0,4,24,12,29,129,36,22,9,5,2,1,1,0,0,0,0,0,0,0,0,0,0,0,0,1,0,1,5,11,12,4,8,4,3,1,0,0,Default,
194594,0,0,0,0,0,0,0,0,8,21,12,27,131,44,26,8,4,2,1,1,0,0,0,0,0,0,0,1,1,0,2,6,4,1,9,7,12,15,4,8,3,2,1,0,0,Default,
194610,0,0,0,0,0,0,0,0,1,13,10,33,133,37,23,11,6,3,2,1,1,0,0,0,0,1,1,1,1,0,2,7,4,1,5,6,12,14,4,9,3,3,1,0,0,Default,
194626,0,0,0,0,0,0,0,0,1,1,7,34,136,37,22,12,7,4,2,2,1,0,0,0,1,0,2,1,2,1,4,10,5,3,7,4,14,14,4,8,2,2,1,0,0,Default,
194642,0,0,0,0,0,0,0,0,0,0,4,32,133,42,24,10,4,2,1,1,0,0,0,0,0,0,1,0,1,0,3,15,9,5,11,9,15,20,6,12,5,4,0,0,0,Default,
194658,0,0,0,0,0,0,0,0,1,17,9,27,134,44,27,9,6,2,1,2,0,0,0,0,0,1,4,4,4,2,12,20,12,6,12,8,19,18,6,11,2,4,1,1,0,Default,
194674,0,0,0,0,0,0,0,0,2,19,11,26,142,41,27,8,6,3,1,1,1,0,0,0,0,1,9,6,6,3,12,19,12,6,8,6,12,16,5,10,3,3,0,0,0,Default,
194690,0,0,0,0,0,0,0,1,43,51,27,46,201,46,29,10,3,1,0,1,6,20,5,4,14,20,21,11,11,4,20,19,13,7,13,5,21,23,7,6,2,4,1,0,0,Default,
194706,474,501,522,236,252,206,62,193,265,230,116,190,319,221,74,12,3,1,1,3,0,0,0,0,0,3,11,6,4,1,13,3,0,0,0,0,4,8,4,7,1,1,0,0,0,Default,
194722,1343,1439,1521,744,849,694,155,497,612,592,251,360,472,407,144,14,7,6,4,11,7,6,4,3,11,4,3,1,1,0,6,3,1,1,2,2,12,6,4,7,2,3,0,0,0,Default,
194738,1880,2106,2208,1305,1662,1257,392,869,1015,1020,742,509,630,593,311,45,37,36,32,45,37,37,30,8,23,12,10,8,4,1,42,32,29,24,15,9,24,16,12,8,3,4,1,0,0,Default,
194754,2363,2480,2694,1873,2358,1860,561,1390,1678,1712,867,820,1003,959,526,47,41,40,38,42,37,38,33,8,30,20,20,18,6,2,62,55,52,46,18,8,33,28,24,10,4,6,1,0,0,Default,
194770,2511,2682,2826,2297,2889,2269,823,1965,2438,2425,1227,1318,1626,1566,887,102,94,93,92,30,24,24,22,6,34,28,28,27,6,1,101,95,91,82,17,4,41,36,33,8,3,6,1,0,0,Default,
194786,0,0,0,2482,3089,2379,1008,2299,2823,2756,1479,1575,1907,1798,1147,403,396,399,356,116,109,103,103,92,116,119,114,104,31,6,153,150,145,133,33,8,41,34,32,18,4,5,0,0,0,Default,
194802,2288,2396,2495,2407,3127,2448,1180,2403,2989,2945,1748,1726,2154,2043,1391,688,699,743,584,364,361,344,332,238,361,387,385,389,117,16,289,290,274,253,140,24,116,116,106,74,13,6,0,1,0,Default,
194818,2217,2288,2398,2340,3062,2431,1290,2432,3017,3006,1919,1793,2249,2148,1534,854,879,950,745,751,750,731,659,438,611,679,684,659,268,97,524,538,509,460,378,144,212,214,192,164,95,12,4,3,2,Default,
194834,2167,2234,2338,2321,3019,2426,1371,2467,3059,3061,2055,1838,2322,2247,1662,947,982,1066,841,984,994,969,883,505,783,897,900,849,394,215,690,723,686,628,561,316,314,318,293,245,273,15,7,4,4,Default,
194850,2060,2123,2242,2253,2950,2393,1409,2426,3028,3054,2120,1833,2346,2288,1733,989,1032,1129,895,1152,1170,1144,1045,605,869,1011,1016,951,518,311,907,961,924,843,739,501,406,414,385,351,400,18,10,8,8,Default,
194866,1955,2058,2154,2129,2834,2321,1453,2341,2991,3046,2213,1809,2354,2316,1818,1023,1084,1193,956,1326,1373,1355,1260,762,966,1165,1184,1112,680,416,1090,1193,1173,1083,961,672,572,596,565,507,547,24,18,16,16,Default,
194882,1753,1819,1901,1951,2620,2168,1426,2165,2827,2926,2210,1714,2276,2271,1813,1020,1096,1210,980,1403,1473,1481,1402,889,1010,1256,1291,1204,805,508,1248,1409,1416,1315,1154,819,744,799,763,655,731,26,18,17,18,Default,
194898,1460,1543,1607,1674,2275,1958,1318,1885,2524,2640,2080,1543,2102,2110,1716,954,1039,1157,950,1344,1430,1444,1404,957,1006,1293,1342,1254,894,586,1298,1511,1536,1438,1318,974,850,932,898,778,874,37,27,26,27,Default,
194914,1138,1203,1264,1328,1688,1545,1100,1550,2096,2205,1840,1340,1873,1898,1565,868,957,1091,895,1242,1337,1366,1355,992,949,1266,1317,1262,970,641,1285,1560,1611,1524,1454,1091,936,1050,1026,899,982,49,38,37,37,Default,
194930,849,878,950,923,1090,1098,820,1148,1488,1623,1475,1115,1583,1629,1387,756,845,991,824,1068,1160,1204,1242,972,845,1162,1238,1220,994,674,1207,1518,1610,1581,1557,1198,965,1130,1141,1015,1066,53,44,44,45,Default,
194946,639,646,725,617,676,697,569,870,1106,1220,1148,934,1355,1397,1211,645,737,888,734,932,1032,1079,1141,930,765,1082,1173,1181,1002,697,1120,1452,1562,1597,1628,1292,961,1173,1221,1113,1145,54,46,45,46,Default,
194962,486,485,547,410,417,417,369,663,850,923,887,779,1160,1173,1036,569,654,810,668,829,931,981,1050,887,694,1026,1122,1159,1012,723,1045,1392,1537,1613,1704,1376,960,1225,1316,1216,1233,70,63,61,62,Default,
194978,6,369,415,268,265,265,246,522,664,707,690,667,1026,1030,907,514,599,758,620,757,854,910,976,846,656,1011,1128,1179,1048,756,987,1360,1554,1686,1812,1439,967,1282,1422,1336,1308,86,78,76,82,Default,
194994,279,286,316,179,172,169,164,414,544,562,551,557,909,913,800,460,551,698,571,682,785,850,908,801,613,986,1130,1247,1136,945,924,1326,1580,1729,1915,1612,981,1355,1521,1472,1452,101,91,90,95,Default,
195010,199,202,219,136,126,126,124,356,443,465,453,482,785,803,700,436,518,659,539,634,724,800,855,785,616,1014,1206,1272,1189,982,906,1273,1615,1757,2006,1687,974,1417,1607,1597,1542,132,119,118,123,Default,
195026,146,145,153,116,104,104,101,280,335,342,338,443,713,725,634,420,488,626,511,592,668,752,795,751,600,992,1215,1306,1248,1015,890,1257,1665,1830,2155,1800,994,1518,1748,1753,1653,163,153,154,161,Default,
195042,91,84,88,88,82,81,78,269,320,324,343,406,648,649,587,397,457,571,480,560,631,706,742,724,606,1006,1279,1348,1297,1044,899,1260,1743,1931,2280,1888,1017,1616,1884,1907,1728,189,178,182,190,Default,
195058,56,52,53,58,52,51,51,225,260,267,277,381,584,588,542,393,447,551,480,551,618,699,717,704,605,1022,1315,1368,1308,997,910,1356,1865,2064,2365,1932,1071,1737,2023,2016,1781,222,211,212,219,Default,
195074,46,41,40,50,42,41,41,195,219,226,232,363,539,544,509,352,389,447,397,542,621,693,673,673,622,1094,1389,1444,1385,1104,922,1430,2016,2206,2504,2064,1129,1860,2157,2155,1895,285,268,273,284,Default,
195090,52,46,45,29,23,22,22,176,196,203,211,354,512,515,485,349,387,436,386,520,601,673,636,648,630,1124,1414,1467,1399,1070,953,1496,2155,2333,2619,2118,1187,1970,2300,2280,1969,354,327,335,345,Default,
195106,47,42,41,19,12,12,10,178,190,203,208,325,449,453,429,334,369,412,368,501,581,655,603,626,650,1148,1480,1524,1440,1077,999,1571,2343,2506,2781,2225,1251,2129,2483,2457,2089,450,420,432,445,Default,
195122,38,32,31,13,7,6,5,148,159,169,171,303,427,424,403,313,359,384,348,476,587,649,588,606,665,1249,1600,1642,1550,1170,1003,1679,2557,2724,3000,2404,1355,2360,2714,2675,2287,580,545,560,573,Default,
195138,40,33,33,8,1,1,0,125,161,174,172,256,381,373,357,290,323,342,316,480,581,638,580,593,700,1319,1704,1737,1629,1260,1084,1788,2788,2967,3229,2735,1463,2587,2981,2927,2565,759,722,729,737,Default,
195154,43,37,36,6,2,1,0,118,120,125,128,264,339,320,311,266,288,295,277,445,514,543,510,517,737,1348,1761,1797,1674,1322,1126,1969,2986,3204,3297,2921,1584,2781,3207,3163,2780,977,960,945,945,Default,
195170,46,40,40,8,1,0,0,87,89,92,93,239,299,282,276,207,222,221,213,381,448,464,431,438,722,1368,1753,1786,1674,1355,1111,2027,3130,3297,3297,3085,1645,2957,3296,3298,2976,1236,1244,1235,1192,Default,
195186,45,41,40,5,1,1,0,48,62,66,64,215,263,248,248,168,179,178,173,302,381,382,361,363,715,1331,1636,1687,1619,1314,1118,2067,3212,3298,3298,3295,1676,3052,3295,3297,3292,1473,1496,1493,1437,Default,
195202,49,44,43,8,2,0,0,60,65,67,62,208,251,238,240,122,127,128,124,269,298,313,299,299,659,1241,1480,1531,1500,1251,1044,1921,3237,3297,3297,3298,1554,3107,3295,3295,3295,1643,1714,1750,1646,Default,
195218,49,39,40,6,1,0,0,4,42,43,43,149,251,241,241,41,41,40,40,199,310,339,320,326,586,1127,1273,1315,1323,1123,962,1675,3188,3298,3298,3299,1435,3092,3297,3297,3298,1784,1865,1942,1805,Default,
195234,45,41,39,6,1,0,0,6,42,43,42,181,219,209,209,30,21,20,20,182,206,215,208,211,505,1035,1101,1141,1176,1011,852,1563,2994,3295,3298,3299,1336,2980,3297,3298,3297,1911,1954,2096,1923,Default,
195250,41,31,29,6,1,0,0,6,43,43,44,147,178,171,168,18,9,8,8,111,125,130,123,124,438,968,993,999,1069,924,698,1531,2802,3153,3297,3297,1293,2806,3296,3298,3297,1956,2018,2248,2022,Default,
195266,32,21,20,6,1,1,0,8,46,49,47,107,142,134,132,16,6,4,4,29,26,25,24,25,327,884,913,912,1019,864,464,1379,2425,2848,3298,3205,1152,2422,3105,3298,3292,1860,2015,2296,2035,Default,
195282,18,11,9,4,2,1,0,3,45,46,45,71,96,91,90,17,10,9,8,12,9,8,8,6,223,840,861,878,1016,826,276,1215,1936,2412,3128,2667,1006,1873,2615,3047,2702,1606,1824,2209,1901,Default,
195298,16,7,4,4,1,1,0,4,45,45,45,46,73,67,68,17,9,8,7,16,17,16,16,15,150,738,728,816,971,724,169,983,1306,1873,2578,1947,755,1176,1824,2058,1771,1170,1441,1792,1481,Default,
195314,17,9,8,4,1,1,0,2,41,42,45,40,75,66,69,19,11,9,9,14,12,9,10,10,120,606,541,611,796,508,129,771,794,1125,1742,1109,479,590,820,935,829,697,806,1073,825,Default,
195330,15,12,9,4,1,1,0,0,34,32,33,22,64,49,55,16,12,8,8,12,16,12,12,12,69,364,292,340,466,281,102,544,413,540,1075,614,317,323,498,548,525,353,362,505,340,Default,
195346,13,12,8,4,1,0,1,1,20,19,19,20,45,27,32,18,10,8,8,10,12,6,7,8,53,153,120,107,174,106,83,333,161,169,491,283,168,140,249,281,209,103,97,153,97,Default,
195362,5,3,1,0,0,1,0,0,0,3,6,13,44,25,21,8,6,3,1,4,8,3,3,4,18,69,53,33,49,31,41,164,41,54,219,138,72,29,99,114,78,10,9,13,6,Default,
195378,0,0,0,0,0,0,0,0,0,1,9,19,46,34,21,9,7,4,2,4,1,1,0,0,0,1,15,8,8,4,21,30,20,32,87,19,18,10,23,23,6,5,3,0,0,Default,
195394,0,0,0,0,0,0,0,0,8,29,18,18,53,32,18,8,6,4,1,3,1,0,0,0,0,1,14,10,9,4,24,27,21,35,76,16,11,4,3,7,2,2,0,0,0,Default,
195410,0,0,0,0,0,0,0,0,5,20,10,20,52,29,16,8,6,3,1,1,1,0,0,0,0,1,3,5,4,3,19,22,15,29,62,14,12,8,4,9,3,3,0,0,0,Default,
195426,0,0,0,0,0,0,0,0,1,6,11,18,58,30,14,5,5,2,1,1,0,0,0,0,0,0,0,0,0,0,5,18,14,26,50,20,12,18,9,9,4,5,0,0,0,Default,
195442,0,0,0,0,0,0,0,0,0,10,10,22,68,33,17,8,6,2,1,1,0,0,0,0,0,0,1,2,5,4,10,14,12,11,33,16,12,17,7,11,4,4,1,0,0,Default,
195458,0,0,0,0,0,0,0,0,6,22,9,24,74,37,19,7,5,2,1,0,0,0,0,0,0,0,1,1,2,2,7,10,8,4,17,4,12,15,4,12,3,3,1,0,0,Default,
195474,0,0,0,0,0,0,0,0,12,24,11,20,75,30,19,6,5,1,0,0,0,0,0,0,0,0,1,1,2,2,4,10,6,4,12,3,10,15,5,12,2,3,1,0,0,Default,
195490,0,0,0,0,0,0,0,1,19,27,13,21,78,31,21,6,5,1,1,0,0,0,0,0,0,0,0,1,3,3,5,8,4,3,10,3,11,15,4,14,2,3,0,1,0,Default,
195506,0,0,0,0,0,0,0,1,18,26,11,20,79,30,16,7,4,1,1,1,0,0,0,0,0,0,1,1,2,2,4,4,1,1,3,2,5,18,6,11,4,3,1,0,1,Default,
195522,0,0,0,0,0,0,0,1,16,26,12,19,81,30,20,6,4,1,1,0,0,0,0,0,0,0,0,1,1,1,2,5,3,2,4,2,8,14,5,10,3,3,1,0,0,Default,
195538,0,0,0,0,0,0,0,1,19,27,14,22,82,32,22,6,4,1,0,0,0,0,0,0,0,0,1,1,0,0,1,2,2,1,4,1,7,12,4,10,2,3,1,1,0,Default,
195554,0,0,0,0,0,0,0,1,15,25,15,20,87,37,21,6,4,2,0,1,0,0,0,0,0,0,0,0,0,0,0,0,0,1,2,3,8,9,3,8,3,2,1,0,0,Default,
195570,0,0,0,0,0,0,0,0,3,24,12,24,89,37,21,6,4,1,1,1,0,0,0,0,0,0,0,0,1,0,0,1,1,1,2,4,8,8,3,6,3,2,1,0,0,Default,
195586,0,0,0,0,0,0,0,0,1,24,12,24,91,41,26,6,4,1,0,1,0,0,0,0,0,0,0,0,0,0,0,0,0,0,0,0,0,1,2,4,2,1,0,0,0,Default,
195602,0,0,0,0,0,0,0,0,1,24,10,26,93,39,24,8,4,1,0,0,0,0,0,0,0,0,0,0,0,0,0,1,0,0,0,0,0,0,1,0,1,0,0,0,0,Default,
195618,0,0,0,0,0,0,0,0,3,25,12,25,96,46,22,7,4,1,1,1,1,0,0,0,0,0,0,0,0,0,0,0,0,0,0,0,0,1,2,4,3,3,1,0,1,Default,
195634,0,0,0,0,0,0,0,0,3,22,13,28,101,41,21,6,3,2,0,0,0,0,0,0,0,0,0,0,0,0,1,1,0,0,1,0,1,9,4,7,2,3,1,0,0,Default,
195650,0,0,0,0,0,0,0,0,1,20,12,32,103,43,23,8,4,1,0,0,0,0,0,0,0,1,0,0,0,0,1,1,1,0,0,0,1,4,4,7,1,2,0,0,0,Default,
195666,0,0,0,0,0,0,0,0,1,17,11,24,110,41,21,5,3,1,0,0,0,0,1,0,0,0,0,0,0,0,0,0,0,0,0,0,0,0,1,2,1,2,1,0,0,Default,
195682,0,0,0,0,0,0,0,0,1,18,12,28,116,41,24,9,3,2,1,1,0,0,0,0,0,0,0,0,0,0,0,0,0,0,0,1,0,11,6,14,4,4,1,0,0,Default,
195698,0,0,0,0,0,0,0,0,1,1,3,29,121,36,23,8,4,2,1,1,0,0,0,0,0,0,0,0,1,1,0,1,1,1,2,1,8,16,4,12,3,4,1,0,0,Default,
195714,0,0,0,0,0,0,0,0,0,1,1,22,126,38,19,10,6,2,1,1,0,0,0,0,0,0,1,2,2,1,4,8,4,2,4,3,12,17,5,16,4,4,0,1,1,Default,
195730,0,0,0,0,0,0,0,0,0,0,0,26,124,41,23,11,5,2,1,1,1,0,0,0,0,0,0,1,2,1,4,9,7,3,9,4,16,19,5,16,4,4,1,0,0,Default,
195746,0,0,0,0,0,0,0,0,0,5,8,29,129,41,27,9,4,2,1,1,0,0,0,0,0,1,4,8,6,3,9,12,8,4,14,4,12,16,7,19,4,4,0,1,0,Default,
195762,0,0,0,0,0,0,0,0,1,8,10,29,140,42,28,10,4,2,1,1,0,0,1,0,0,0,15,10,7,3,10,12,8,4,12,4,12,12,4,17,4,4,1,1,0,Default,
195778,0,0,0,0,0,0,0,0,0,1,2,29,136,41,17,8,4,1,0,1,0,0,0,0,0,1,1,1,3,2,8,12,7,4,10,3,14,11,4,11,2,3,0,0,0,Default,
195794,449,523,494,229,232,194,59,196,259,231,114,174,279,178,67,14,4,3,2,3,1,0,1,0,0,7,14,8,7,2,17,3,1,1,1,0,10,7,4,7,1,2,0,0,0,Default,
195810,1280,1432,1384,619,675,561,122,444,547,522,200,342,455,387,118,10,3,2,1,1,1,0,0,0,0,0,0,1,1,1,6,3,1,1,1,1,4,2,1,0,1,0,0,0,0,Default,
195826,1819,2003,2035,1152,1419,1078,311,733,867,873,585,444,553,517,248,29,21,20,17,51,46,49,38,8,25,17,16,15,4,1,15,4,1,1,2,1,11,4,4,7,2,1,0,0,0,Default,
195842,2290,2468,2616,1799,2243,1782,516,1297,1582,1600,787,743,904,869,474,35,25,23,23,45,39,40,35,8,29,21,20,19,6,2,32,21,18,16,13,4,25,21,17,9,3,5,1,1,0,Default,
195858,2559,2689,2779,2269,2816,2223,781,1911,2374,2342,1145,1268,1542,1488,825,87,78,78,76,20,16,15,13,4,29,20,17,16,5,2,66,60,57,53,16,5,38,32,30,9,4,4,0,0,1,Default,
195874,2513,2486,2534,2414,3036,2371,966,2324,2813,2721,1400,1579,1902,1779,1079,434,428,431,375,128,112,109,104,91,111,115,111,104,29,5,149,149,144,130,35,6,35,30,29,17,4,4,1,0,0,Default,
195890,2330,2408,2458,2470,3142,2485,1198,2579,3097,3000,1745,1823,2213,2095,1384,804,809,854,661,505,486,466,426,313,464,506,503,505,158,25,336,338,315,288,176,36,148,149,134,100,20,6,1,1,0,Default,
195906,2250,2271,2339,2402,3066,2443,1289,2547,3031,2976,1896,1847,2246,2129,1471,949,962,1037,798,895,879,849,755,453,692,781,781,731,304,107,581,591,557,501,406,154,235,240,220,183,103,12,5,4,3,Default,
195922,2212,2227,2296,2392,3030,2434,1328,2559,3007,2983,1953,1882,2308,2180,1529,1021,1038,1123,858,1099,1079,1040,917,512,807,919,917,850,399,198,771,795,751,663,551,276,329,335,303,252,240,16,8,6,5,Default,
195938,2203,2209,2263,2391,3009,2436,1356,2580,3034,3011,1990,1913,2338,2213,1564,1047,1073,1154,888,1218,1199,1154,1003,548,883,1014,1008,924,469,244,929,967,915,792,625,339,391,402,360,301,310,16,8,6,5,Default,
195954,2185,2184,2230,2371,2980,2429,1394,2577,3055,3042,2051,1942,2392,2271,1641,1084,1123,1207,932,1308,1293,1255,1087,584,958,1107,1119,1009,522,296,1030,1083,1036,902,703,427,456,471,424,354,371,23,15,12,12,Default,
195970,2021,2016,2054,2244,2845,2340,1401,2472,2968,2975,2081,1915,2381,2278,1682,1109,1153,1238,971,1385,1375,1341,1189,655,1007,1209,1224,1098,621,368,1148,1225,1187,1040,823,548,542,567,521,431,463,26,16,15,15,Default,
195986,1836,1832,1858,2049,2616,2168,1349,2269,2760,2788,2018,1792,2265,2179,1641,1082,1134,1221,962,1399,1397,1362,1223,720,1040,1256,1276,1157,701,429,1221,1328,1301,1139,943,657,643,684,632,530,545,26,17,18,18,Default,
196002,1532,1538,1574,1799,2311,2009,1251,1973,2454,2499,1873,1590,2070,2008,1520,1008,1065,1157,912,1324,1339,1314,1186,742,990,1230,1252,1145,735,465,1252,1387,1373,1204,1032,722,708,763,708,588,632,34,27,24,24,Default,
196018,1243,1255,1294,1501,1863,1745,1095,1648,2040,2080,1645,1410,1864,1807,1388,922,971,1072,844,1218,1230,1218,1103,733,941,1186,1221,1125,763,503,1233,1392,1392,1224,1085,809,762,839,779,650,708,33,32,28,22,Default,
196034,968,963,1023,1099,1275,1261,853,1265,1469,1523,1350,1216,1622,1586,1242,829,864,984,772,1083,1074,1073,995,699,853,1091,1136,1074,776,531,1180,1344,1366,1229,1169,902,767,868,810,706,775,37,29,29,29,Default,
196050,775,763,825,788,846,856,634,1007,1182,1227,1119,1049,1429,1393,1123,761,799,920,724,974,967,965,912,686,791,1044,1092,1057,799,554,1123,1313,1349,1242,1241,968,772,897,838,742,825,40,30,28,29,Default,
196066,587,588,651,549,573,579,464,793,945,961,913,912,1252,1233,1014,699,742,873,692,903,903,907,878,688,746,1008,1077,1065,845,587,1078,1300,1365,1311,1323,1038,787,947,905,811,895,39,30,29,29,Default,
196082,460,459,514,373,365,370,320,635,774,805,767,807,1140,1130,944,631,685,825,656,858,863,884,866,700,709,1007,1103,1109,920,722,1036,1314,1407,1406,1421,1179,826,1023,1009,893,995,45,37,37,37,Default,
196098,398,391,435,267,261,261,238,542,646,686,656,719,1046,1044,876,580,640,788,625,812,823,854,845,707,690,1011,1137,1152,984,775,1009,1316,1460,1491,1538,1276,858,1107,1122,982,1082,55,46,45,45,Default,
196114,336,331,371,189,186,183,172,461,566,586,569,647,957,970,814,542,611,754,601,787,808,854,854,734,691,1058,1215,1239,1053,842,990,1396,1570,1616,1683,1397,921,1228,1266,1135,1193,59,55,53,54,Default,
196130,264,270,296,156,145,145,136,389,492,503,489,575,882,891,758,507,588,726,585,742,782,835,841,754,677,1094,1282,1301,1133,913,970,1413,1678,1749,1865,1522,970,1339,1417,1295,1326,82,70,68,70,Default,
196146,200,207,220,137,128,130,123,364,443,467,454,542,840,845,725,494,564,700,572,765,804,878,879,817,693,1137,1357,1380,1227,966,1006,1435,1786,1877,2021,1618,1023,1467,1562,1474,1424,109,99,98,101,Default,
196162,165,168,175,114,103,104,105,366,440,464,484,528,796,804,702,511,574,699,578,803,860,958,963,899,733,1215,1480,1487,1343,1051,1059,1522,1962,2058,2187,1741,1106,1629,1741,1656,1543,150,141,138,140,Default,
196178,128,125,130,82,77,76,74,318,376,389,396,509,767,766,684,525,597,715,601,830,916,1016,1029,966,765,1316,1609,1616,1475,1139,1090,1633,2150,2261,2392,1878,1217,1817,1969,1867,1683,201,185,186,194,Default,
196194,79,75,74,62,56,53,54,275,318,322,330,490,733,717,652,534,607,702,610,870,978,1083,1096,1033,810,1428,1759,1757,1620,1266,1148,1771,2367,2498,2624,2072,1330,2018,2218,2105,1872,283,265,264,272,Default,
196210,48,44,42,41,35,35,35,198,215,219,223,441,626,616,575,534,605,688,602,887,1008,1142,1097,1089,829,1502,1858,1828,1720,1385,1206,1885,2614,2717,2874,2275,1442,2249,2482,2371,2086,432,397,400,408,Default,
196226,45,39,39,20,12,12,13,154,165,170,174,373,516,505,476,489,553,594,534,834,957,1077,1015,1020,869,1591,1998,1975,1869,1397,1266,2008,2844,2962,3141,2439,1563,2497,2788,2667,2298,598,560,566,581,Default,
196242,46,41,41,16,8,8,8,149,152,158,161,360,471,458,436,444,490,519,471,791,863,957,886,895,891,1629,2080,2039,1933,1474,1302,2188,3050,3174,3296,2615,1691,2720,3039,2935,2534,834,795,793,800,Default,
196258,45,41,40,8,2,0,0,124,126,130,131,301,381,362,352,384,415,426,397,661,728,794,731,738,866,1615,2055,2034,1931,1504,1297,2212,3183,3297,3298,2818,1733,2904,3276,3200,2777,1116,1097,1085,1082,Default,
196274,45,41,41,8,1,1,0,95,99,101,102,252,308,295,289,280,290,294,281,519,572,616,565,574,825,1547,1933,1924,1832,1430,1271,2223,3275,3297,3298,2940,1761,3042,3297,3297,2938,1395,1385,1384,1361,Default,
196290,48,42,42,6,1,0,0,54,68,70,69,221,265,252,249,210,217,217,211,397,447,468,439,441,756,1408,1708,1724,1650,1339,1192,2178,3284,3295,3297,3067,1752,3100,3297,3298,3130,1614,1613,1650,1587,Default,
196306,47,39,41,8,1,0,0,41,60,62,62,183,234,220,221,111,132,130,127,267,294,307,296,295,623,1231,1423,1455,1423,1185,1082,1836,3246,3298,3298,3290,1556,3110,3298,3298,3295,1807,1809,1892,1775,Default,
196322,47,37,36,5,1,1,1,7,41,42,41,143,232,223,223,22,17,16,16,257,297,325,306,309,508,1073,1140,1156,1185,1007,858,1681,3068,3281,3297,3125,1439,3017,3298,3298,3297,1922,1911,2070,1929,Default,
196338,38,33,32,5,1,0,0,3,42,42,42,112,183,174,170,18,13,12,10,116,182,190,181,184,476,953,978,995,1043,895,810,1608,2835,3084,3298,3285,1360,2835,3288,3298,3295,1971,1980,2207,2032,Default,
196354,33,26,25,4,1,0,0,2,41,42,41,124,161,154,150,20,11,10,8,64,69,68,70,70,364,871,879,887,964,835,555,1361,2457,2749,3263,3027,1141,2481,3056,3296,3149,1890,1972,2255,2068,Default,
196370,26,19,18,5,1,0,0,4,45,46,46,82,114,106,104,18,11,10,10,24,21,21,20,21,248,791,807,805,928,772,316,1186,1885,2191,2844,2477,962,1856,2504,2898,2587,1594,1765,2164,1925,Default,
196386,20,11,9,4,1,1,0,5,44,45,45,51,78,71,71,22,15,13,12,8,3,2,1,2,161,699,703,730,880,671,186,967,1253,1631,2255,1724,729,1135,1737,1900,1703,1127,1380,1731,1511,Default,
196402,15,10,8,4,1,1,0,3,43,45,45,41,66,58,59,20,12,11,11,12,11,8,8,8,120,564,515,524,688,467,132,756,748,970,1525,1007,467,583,759,918,842,674,766,1060,887,Default,
196418,18,12,8,4,1,1,0,1,36,35,37,29,60,45,49,20,13,12,11,12,14,10,12,12,93,323,257,254,360,235,109,533,371,412,847,515,290,298,417,488,503,308,284,443,333,Default,
196434,14,11,6,4,2,1,0,1,25,24,24,22,49,30,31,17,10,7,6,8,10,5,5,7,52,145,108,92,145,96,78,309,149,144,420,257,157,129,213,241,207,85,71,122,82,Default,
196450,6,5,3,3,1,1,0,1,16,14,11,16,47,32,25,10,6,4,2,4,4,2,1,1,17,62,53,29,40,23,45,154,44,53,173,82,68,28,93,95,58,9,7,6,3,Default,
196466,0,0,0,0,0,0,0,0,2,32,19,25,61,40,32,9,5,4,2,3,1,0,0,0,0,1,17,9,7,3,23,33,26,40,72,6,15,8,11,13,4,3,1,1,0,Default,
196482,0,0,0,0,0,0,1,4,25,33,20,25,70,43,29,9,5,4,3,3,1,0,0,0,0,1,6,6,4,2,24,24,17,29,64,13,11,4,3,6,2,1,0,0,0,Default,
196498,0,0,0,0,0,0,0,0,8,29,12,24,73,37,25,8,6,3,1,0,0,0,1,0,0,1,2,4,4,2,18,22,21,24,62,20,19,32,11,12,4,7,1,0,0,Default,
196514,0,0,0,0,0,0,0,0,1,25,12,20,74,32,20,8,7,4,1,1,1,0,0,0,0,0,2,4,5,3,16,21,20,19,40,16,15,25,8,10,4,6,1,1,0,Default,
196530,0,0,0,0,0,0,0,0,1,15,16,26,80,41,17,12,8,3,1,1,0,0,0,0,0,0,0,0,2,1,2,16,10,4,14,6,12,14,9,12,6,5,1,1,0,Default,
196546,0,0,0,0,0,0,0,0,2,27,11,22,89,38,25,6,5,2,1,0,0,0,0,0,0,0,1,2,4,3,10,16,11,9,20,6,16,25,8,12,2,4,1,1,0,Default,
196562,0,0,0,0,0,0,0,1,16,27,16,22,91,42,25,7,4,2,1,1,0,0,0,0,0,0,0,1,4,2,8,10,8,5,16,4,14,22,7,9,3,4,1,0,0,Default,
196578,0,0,0,0,0,0,0,1,19,28,14,24,92,41,28,7,4,2,1,1,0,0,0,0,0,0,0,1,3,2,8,11,8,4,14,9,15,22,7,8,4,4,1,0,0,Default,
196594,0,0,0,0,1,0,0,1,20,26,13,23,93,44,26,4,3,1,0,1,0,0,0,0,0,0,0,0,0,1,5,7,4,3,11,6,12,18,6,10,4,4,1,0,0,Default,
196610,0,0,0,0,0,0,0,0,17,27,15,20,95,42,27,6,4,2,0,1,0,0,0,0,0,1,0,2,4,3,5,6,4,2,5,2,9,18,5,10,2,3,0,1,0,Default,
196626,0,0,0,0,0,0,0,0,5,28,13,24,99,41,27,6,4,2,0,1,0,0,0,0,0,0,0,0,1,0,0,2,3,1,4,4,8,14,5,7,3,4,0,0,0,Default,
196642,0,0,0,0,0,0,0,0,2,28,11,25,101,39,26,7,4,1,0,1,0,0,0,0,0,0,0,0,1,0,1,2,2,1,2,0,3,13,4,8,2,3,1,0,0,Default,
196658,0,0,0,0,0,0,0,1,8,25,9,26,105,40,25,8,4,1,0,0,0,0,0,0,0,0,0,0,0,0,1,1,1,0,1,0,2,11,4,8,2,2,0,0,0,Default,
196674,0,0,0,0,0,0,0,0,1,24,11,27,106,40,27,6,4,2,0,1,0,1,0,0,0,0,0,0,0,0,0,0,0,0,0,0,1,2,3,6,2,3,1,0,0,Default,
196690,0,0,0,0,0,0,0,1,3,23,10,29,108,43,25,7,4,2,1,1,0,0,0,0,0,0,0,0,0,1,1,2,1,0,0,0,2,10,4,6,3,3,1,0,0,Default,
196706,0,0,0,0,0,0,0,0,3,23,11,29,111,40,26,6,4,1,1,1,0,0,0,0,0,0,1,0,0,0,1,3,1,1,1,0,3,15,4,7,4,4,1,0,0,Default,
196722,0,0,0,0,0,0,0,0,3,25,10,30,110,37,25,8,4,2,1,0,0,0,0,0,0,0,0,0,1,1,1,3,2,1,0,0,1,12,4,8,3,4,1,0,0,Default,
196738,0,0,0,0,0,0,0,0,4,22,12,28,111,41,24,15,2,1,1,0,0,0,0,0,0,0,0,1,0,0,0,0,0,0,0,0,0,0,1,1,1,2,1,0,0,Default,
196754,0,0,0,0,0,0,0,0,4,22,9,30,113,39,24,8,4,1,1,0,0,0,0,0,0,0,0,0,0,0,1,0,0,0,0,0,0,4,4,7,3,4,1,1,0,Default,
196770,0,0,0,0,0,0,0,0,2,21,12,28,115,40,25,7,4,1,1,0,0,0,0,0,0,0,0,0,0,0,0,1,0,0,0,0,0,2,5,8,3,4,1,0,0,Default,
196786,0,0,0,0,0,0,0,0,0,5,8,30,116,43,29,8,4,1,1,1,0,0,1,0,0,0,0,0,0,0,0,1,1,2,2,2,12,18,5,12,3,4,1,1,0,Default,
196802,0,0,0,0,0,0,0,0,0,1,3,30,119,38,26,10,5,3,1,1,0,0,0,0,0,0,1,0,0,0,2,4,4,2,4,4,12,19,5,14,4,4,1,0,0,Default,
196818,0,0,0,0,1,0,0,0,0,1,4,29,121,44,28,9,6,3,1,1,1,1,0,0,0,0,0,1,2,1,4,8,6,3,8,4,15,17,4,20,4,4,1,0,0,Default,
196834,0,0,0,0,0,0,0,0,1,15,8,26,120,43,29,8,4,2,1,1,0,0,0,0,0,0,1,4,4,3,8,11,8,4,11,5,12,20,6,18,4,4,0,0,0,Default,
196850,0,0,0,0,0,1,0,0,1,14,9,25,136,42,33,8,4,2,1,1,0,0,0,0,0,1,4,6,6,3,9,14,8,5,12,7,13,13,6,19,4,4,1,0,0,Default,
196866,0,0,0,0,0,0,0,0,0,12,9,28,132,46,25,6,4,3,1,1,0,0,0,0,0,0,8,7,6,4,8,14,8,6,12,6,12,15,6,16,4,4,0,0,0,Default,
196882,0,0,1,0,3,4,4,40,49,55,33,51,186,60,43,11,3,2,1,2,1,0,0,0,0,3,10,9,10,4,12,8,4,2,6,2,13,12,5,8,2,3,1,0,0,Default,
196898,700,752,764,316,336,277,73,271,339,314,123,246,356,269,83,10,2,1,1,0,0,0,0,0,0,0,1,0,1,1,7,3,1,0,2,1,12,7,4,7,2,2,0,0,0,Default,
196914,1319,1480,1513,746,840,744,149,489,593,577,236,356,461,405,138,12,4,5,4,25,23,25,14,6,15,5,4,2,2,1,10,3,1,1,2,1,13,8,4,8,2,3,0,1,0,Default,
196930,1864,2035,2077,1247,1554,1181,296,824,963,968,464,499,619,580,252,33,25,25,21,53,51,53,40,10,24,13,12,11,4,1,27,18,16,12,12,4,26,16,12,8,3,4,1,0,0,Default,
196946,2311,2411,2512,1821,2262,1781,519,1351,1615,1650,775,830,1010,961,497,40,33,32,31,57,51,51,45,10,29,20,19,16,5,3,45,39,37,32,15,4,36,30,26,10,3,5,1,0,0,Default,
196962,2442,2561,2652,2192,2708,2113,717,1840,2269,2232,1051,1219,1476,1409,749,95,87,88,82,26,21,20,19,6,33,25,25,24,6,2,84,79,74,69,18,6,46,42,37,12,4,6,0,0,0,Default,
196978,2341,2405,2404,2363,2953,2275,941,2311,2764,2652,1343,1576,1885,1741,1057,493,479,479,403,233,216,207,194,86,133,140,132,128,36,6,168,169,161,143,36,8,45,43,37,20,4,5,1,0,1,Default,
196994,2206,2283,2346,2407,3065,2408,1184,2501,3017,2934,1732,1817,2217,2076,1387,814,820,863,663,551,529,506,464,317,506,554,550,555,169,16,398,402,373,335,185,25,136,136,124,95,15,12,3,3,1,Default,
197010,2151,2197,2258,2332,2989,2375,1289,2498,3011,2943,1891,1857,2267,2146,1535,990,1007,1077,825,998,965,926,814,497,697,787,785,750,329,112,725,740,688,613,456,156,243,246,228,190,103,12,5,4,3,Default,
197026,2087,2122,2175,2288,2918,2364,1356,2503,3054,3002,2003,1888,2350,2245,1645,1083,1111,1190,924,1213,1189,1141,995,573,848,978,976,909,461,269,1008,1065,1007,877,647,364,392,402,367,303,316,15,7,5,4,Default,
197042,2010,2041,2092,2222,2853,2330,1419,2493,3064,3034,2119,1912,2394,2303,1743,1129,1177,1263,988,1392,1380,1340,1191,690,951,1114,1115,1040,596,342,1219,1310,1260,1120,835,494,572,595,563,443,438,19,12,9,9,Default,
197058,1940,1958,2008,2159,2775,2280,1445,2452,3029,3018,2170,1933,2425,2342,1803,1175,1227,1315,1035,1470,1472,1430,1304,772,1012,1205,1210,1135,703,405,1361,1477,1435,1285,997,601,701,733,708,554,518,24,17,16,15,Default,
197074,1727,1744,1779,2006,2579,2124,1413,2329,2905,2915,2155,1877,2392,2321,1814,1187,1242,1333,1057,1520,1528,1494,1378,836,1055,1276,1293,1216,762,445,1489,1629,1605,1442,1110,653,815,870,849,650,581,29,23,21,21,Default,
197090,1421,1452,1481,1736,2260,1952,1322,2023,2630,2661,2033,1710,2268,2218,1758,1130,1214,1306,1042,1475,1520,1502,1387,868,1033,1317,1339,1269,820,483,1566,1743,1744,1587,1218,717,898,981,959,728,641,41,35,33,32,Default,
197106,1127,1135,1169,1434,1753,1630,1136,1755,2236,2263,1792,1559,2074,2023,1619,1083,1152,1247,993,1438,1451,1442,1334,892,1033,1314,1348,1293,867,600,1579,1788,1811,1688,1310,820,957,1072,1069,793,732,43,39,37,36,Default,
197122,837,835,887,948,1038,1023,785,1314,1562,1616,1396,1349,1810,1766,1436,991,1061,1161,927,1321,1329,1329,1241,862,998,1311,1365,1318,912,625,1545,1755,1836,1745,1376,875,994,1151,1172,861,797,63,53,51,51,Default,
197138,595,588,643,592,591,589,500,976,1140,1181,1061,1151,1559,1503,1247,928,986,1090,871,1214,1215,1210,1135,814,930,1261,1333,1301,926,625,1477,1702,1832,1784,1428,897,1009,1220,1276,918,821,62,53,53,53,Default,
197154,457,446,485,388,377,372,335,721,838,875,802,1004,1375,1292,1083,870,917,1016,808,1138,1131,1126,1053,792,883,1224,1319,1299,955,654,1420,1660,1851,1817,1478,954,1028,1298,1381,987,870,65,58,53,54,Default,
197170,327,314,337,240,236,233,219,563,642,656,628,895,1213,1120,950,825,870,958,774,1084,1063,1046,970,766,863,1231,1341,1316,988,670,1389,1652,1899,1896,1548,1000,1083,1388,1488,1063,916,78,70,66,66,Default,
197186,7,1,1,145,137,136,127,443,510,522,495,779,1061,983,849,764,808,877,721,1036,1019,984,915,761,841,1246,1365,1345,1037,709,1363,1723,1948,1970,1621,1072,1101,1463,1596,1152,986,91,83,77,78,Default,
197202,8,2,1,120,112,112,111,380,437,438,418,714,981,910,795,724,755,815,676,1011,988,961,904,761,835,1272,1401,1383,1073,737,1360,1749,2035,2075,1702,1142,1141,1554,1725,1243,1037,104,96,91,92,Default,
197218,73,68,68,100,94,91,88,309,344,345,334,655,906,835,743,694,728,771,659,990,963,949,895,760,841,1304,1449,1425,1127,772,1368,1788,2126,2188,1787,1207,1185,1658,1861,1339,1102,133,123,116,117,Default,
197234,34,29,27,72,67,67,66,306,338,338,344,616,849,782,711,693,719,766,675,974,960,951,896,769,845,1340,1484,1477,1180,789,1376,1834,2229,2317,1863,1254,1243,1779,2016,1463,1144,160,142,136,139,Default,
197250,39,34,34,62,56,56,54,283,316,315,319,591,795,743,682,680,705,746,653,976,961,967,881,781,867,1396,1544,1535,1239,835,1419,1908,2340,2433,1977,1332,1305,1869,2131,1583,1222,176,162,156,157,Default,
197266,35,33,31,48,43,41,41,252,274,277,280,561,750,697,646,673,700,732,642,990,974,989,896,808,887,1451,1617,1603,1314,883,1437,1974,2464,2551,2096,1424,1374,1987,2273,1719,1321,236,215,207,210,Default,
197282,36,29,29,25,19,17,17,223,241,246,248,547,721,676,632,663,688,708,630,1036,1018,1047,941,856,932,1548,1712,1712,1413,956,1499,2174,2617,2707,2239,1546,1501,2128,2434,1870,1438,279,258,247,248,Default,
197298,33,27,27,23,18,17,17,184,215,217,219,528,710,661,618,647,687,698,623,1014,1040,1061,949,874,916,1645,1817,1808,1500,1032,1582,2292,2782,2869,2393,1671,1612,2293,2633,2038,1567,364,339,323,327,Default,
197314,32,30,29,17,11,11,9,185,191,195,197,519,663,617,584,661,688,700,627,1111,1100,1122,1004,936,1032,1759,1940,1923,1610,1123,1661,2415,2945,3046,2562,1826,1729,2460,2813,2202,1727,465,440,417,419,Default,
197330,37,32,31,8,2,1,0,153,169,174,174,491,606,563,535,665,691,697,630,1134,1123,1141,1015,952,1060,1852,2052,2018,1696,1174,1691,2529,3115,3224,2718,1938,1826,2622,3000,2368,1846,574,538,514,515,Default,
197346,37,34,35,7,1,0,1,136,138,142,142,432,523,494,472,615,634,634,580,1113,1074,1094,976,918,1105,1935,2143,2101,1765,1246,1781,2603,3255,3297,2862,2067,1895,2764,3150,2522,1985,729,705,660,655,Default,
197362,42,36,36,5,1,1,1,114,116,117,115,387,456,424,409,584,592,588,547,1055,1013,1035,925,876,1130,1944,2199,2141,1806,1305,1833,2533,3295,3297,2991,2205,1902,2909,3284,2689,2132,903,880,809,804,Default,
197378,44,39,36,7,1,1,1,82,82,83,81,345,404,381,368,502,506,505,475,909,881,912,816,784,1105,1967,2177,2109,1795,1346,1821,2558,3296,3297,3246,2347,1952,3037,3296,2868,2296,1138,1123,1039,1015,Default,
197394,44,39,38,6,2,1,0,66,62,63,63,318,377,351,344,384,387,382,368,746,750,771,713,682,1040,1927,2059,2009,1750,1338,1729,2546,3296,3297,3296,2464,1966,3115,3297,3091,2433,1316,1321,1229,1198,Default,
197410,41,37,35,7,2,1,1,62,59,59,58,288,344,316,313,257,251,248,242,658,667,700,644,630,970,1780,1892,1822,1635,1295,1662,2474,3299,3297,3297,2564,1936,3175,3298,3296,2578,1511,1510,1431,1359,Default,
197426,42,36,35,7,0,1,0,54,65,66,67,248,295,274,273,160,148,142,141,491,542,552,509,504,717,1579,1607,1539,1417,1173,1505,2487,3296,3297,3296,2635,1902,3146,3297,3298,2677,1703,1708,1670,1542,Default,
197442,38,30,29,6,1,0,0,37,61,60,60,223,263,247,244,79,70,69,68,352,359,368,348,343,721,1383,1337,1264,1181,1024,1334,2039,3291,3297,3297,2635,1654,3063,3297,3297,2709,1839,1841,1855,1693,Default,
197458,34,26,25,5,1,1,0,5,41,43,42,186,223,211,207,36,27,27,25,209,215,212,205,203,592,1254,1176,1094,1047,916,1056,1839,3085,3293,3081,2499,1500,2889,3295,3295,2628,1911,1931,1970,1766,Default,
197474,28,21,20,6,0,0,0,7,46,45,46,167,200,189,186,25,16,15,14,128,136,131,128,129,487,1087,994,911,909,785,839,1552,2631,2892,2697,2203,1252,2478,3005,2936,2371,1828,1901,1976,1742,Default,
197490,22,16,15,6,2,0,0,6,44,45,45,132,165,155,152,20,11,11,10,74,79,74,74,74,380,1005,910,810,859,693,582,1517,2060,2255,2235,1705,1102,1897,2421,2463,1833,1585,1691,1848,1541,Default,
197506,15,4,3,3,1,1,1,5,47,49,49,82,106,98,96,24,14,15,13,37,35,31,32,32,252,894,825,721,783,551,318,1166,1413,1553,1617,1048,792,1172,1500,1533,1050,1170,1252,1367,1056,Default,
197522,12,4,3,3,1,1,0,2,43,42,45,51,82,73,71,18,13,12,11,17,13,10,9,9,139,705,631,510,582,360,157,927,925,940,1118,606,484,580,684,751,542,715,713,772,542,Default,
197538,9,3,1,1,1,0,0,0,32,32,32,29,58,48,46,18,12,13,11,11,9,4,4,4,83,379,317,245,281,181,101,644,503,423,614,321,298,317,431,377,320,356,284,335,214,Default,
197554,10,3,3,2,0,0,0,0,7,15,23,23,50,33,29,22,12,9,11,16,5,4,8,5,54,134,107,74,88,51,85,370,169,159,324,113,145,111,240,177,103,111,81,107,57,Default,
197570,6,4,2,1,1,1,0,0,14,16,14,21,70,42,31,7,8,6,2,3,2,1,0,1,1,52,66,27,38,11,49,173,65,45,135,23,67,43,98,78,21,20,12,12,4,Default,
197586,0,0,0,0,0,0,0,0,0,20,12,24,84,55,33,6,3,1,1,1,0,0,0,0,0,1,16,7,6,3,17,70,35,34,35,5,16,10,6,8,3,3,0,0,0,Default,
197602,0,0,0,0,0,0,0,1,24,31,16,32,78,44,33,9,5,3,1,1,1,0,0,0,0,0,16,6,5,3,25,29,20,25,16,12,16,4,1,3,0,1,0,0,0,Default,
197618,0,0,0,0,0,0,0,1,20,30,14,28,84,41,25,8,4,2,1,0,1,0,0,0,0,0,3,5,4,3,16,15,12,13,5,6,20,37,10,11,4,4,1,0,0,Default,
197634,0,0,0,0,0,0,0,1,20,27,12,27,87,26,22,9,5,2,1,1,0,0,0,0,0,0,0,1,1,0,2,13,8,4,4,4,18,36,8,12,3,4,1,1,0,Default,
197650,0,0,0,0,0,0,0,0,20,26,11,29,97,35,24,8,5,3,1,1,0,0,0,0,0,0,1,2,3,2,11,19,12,5,12,11,19,33,7,10,4,6,1,0,0,Default,
197666,0,0,0,0,0,0,0,1,19,26,11,30,103,40,25,10,6,3,1,1,0,0,0,0,0,0,0,0,0,0,0,2,5,3,10,10,15,29,7,11,6,6,2,0,0,Default,
197682,0,0,0,0,0,0,0,1,20,26,14,30,108,40,23,11,6,3,1,1,0,0,0,0,1,0,0,1,1,1,1,8,7,3,8,8,11,20,5,10,4,5,1,0,0,Default,
197698,0,0,0,0,0,0,0,2,21,27,15,30,110,40,25,9,5,3,1,1,1,0,0,1,0,0,0,0,0,0,1,2,2,0,4,6,12,20,5,11,4,5,1,0,0,Default,
197714,0,0,0,0,0,0,0,1,21,29,14,32,115,38,26,9,5,2,1,1,0,0,1,0,0,0,0,1,1,0,0,3,4,1,3,6,12,21,6,12,4,4,1,0,0,Default,
197730,0,0,0,0,0,0,0,2,22,31,17,30,111,38,25,8,4,2,1,1,0,0,0,0,0,0,0,0,0,0,1,1,3,2,3,4,12,22,5,11,4,5,1,0,0,Default,
197746,0,0,0,0,0,0,0,4,24,30,16,29,114,42,26,8,4,1,1,0,0,0,0,0,0,0,0,0,0,0,0,0,1,1,1,1,8,23,6,11,4,5,1,1,0,Default,
197762,0,0,0,0,0,0,1,3,19,28,16,27,116,41,27,8,4,1,0,1,0,0,0,0,0,0,0,0,0,0,1,1,1,1,3,3,12,23,5,12,5,4,1,0,0,Default,
197778,0,0,0,0,0,0,0,1,22,28,14,32,121,37,26,8,4,1,1,1,0,0,0,0,0,0,0,0,0,0,0,0,0,1,1,3,10,20,4,9,4,4,1,0,0,Default,
197794,0,0,0,0,0,0,0,2,22,26,15,29,119,36,25,8,3,1,0,1,0,1,0,0,0,0,0,0,0,0,0,1,1,0,3,4,9,14,4,8,3,3,1,0,0,Default,
197810,0,0,0,0,1,0,0,0,19,29,14,32,120,37,24,9,4,2,1,1,0,0,0,0,0,0,1,0,0,0,0,1,1,1,4,4,12,17,5,12,3,4,1,0,0,Default,
197826,0,0,0,0,0,0,0,0,10,27,13,31,121,41,25,7,4,2,0,1,0,0,0,0,0,0,1,0,0,0,1,2,2,1,4,4,10,20,5,9,3,4,1,0,0,Default,
197842,0,0,0,0,0,0,0,0,4,29,14,33,135,43,28,8,4,2,0,1,0,0,0,0,0,1,0,1,0,0,1,8,7,3,11,4,15,24,4,8,3,4,1,0,0,Default,
197858,0,0,0,0,0,0,0,0,2,24,14,29,139,43,29,10,4,2,1,1,0,0,0,0,1,0,1,1,2,1,8,11,8,4,11,5,16,24,7,10,3,4,1,0,0,Default,
197874,0,0,0,0,0,0,0,0,3,23,12,33,142,41,29,11,5,2,1,1,1,0,0,0,0,0,2,4,3,2,11,12,8,3,10,5,13,24,6,11,4,4,1,0,0,Default,
197890,0,0,0,0,0,0,0,0,3,22,12,32,141,41,28,9,5,2,1,1,0,0,0,0,0,0,1,1,1,1,5,9,6,2,7,5,13,24,6,12,4,4,1,0,0,Default,
197906,0,0,0,0,0,0,0,0,0,16,12,32,137,40,31,10,5,3,1,1,0,0,0,0,0,0,1,1,1,1,3,8,5,2,5,4,15,23,6,13,4,5,1,0,0,Default,
197922,0,0,0,0,0,0,0,0,1,4,6,30,139,35,22,11,5,2,1,1,0,0,0,0,0,1,2,3,3,2,8,11,7,3,8,4,13,18,5,11,3,4,1,0,0,Default,
197938,0,0,0,0,0,0,0,0,1,3,6,29,131,36,22,9,4,1,1,1,0,0,0,0,0,0,1,1,2,1,6,13,8,4,9,4,18,25,5,11,3,4,1,0,0,Default,
197954,0,0,0,0,0,0,0,0,0,18,9,28,131,45,29,9,4,2,1,1,0,0,0,0,0,1,3,7,4,2,16,13,9,6,10,6,17,27,8,16,4,4,1,0,0,Default,
197970,0,0,0,0,0,0,0,0,6,22,10,36,149,37,29,12,6,3,2,2,1,0,0,0,0,1,12,6,4,2,13,14,8,4,9,4,17,21,6,12,3,4,1,0,0,Default,
197986,0,0,0,0,0,0,0,0,4,20,8,31,154,38,28,12,7,4,1,2,0,0,0,0,0,1,16,6,4,3,12,13,10,4,10,4,14,21,6,10,3,4,1,0,0,Default,
198002,0,99,65,53,61,42,22,75,90,78,55,90,213,73,39,13,4,1,1,2,1,0,0,0,0,0,3,3,3,1,14,5,3,1,2,1,16,16,5,8,2,3,1,0,0,Default,
198018,850,904,849,360,354,303,85,309,386,348,153,281,390,316,100,16,4,4,2,3,0,0,0,0,0,1,2,2,2,1,11,3,1,1,2,1,11,8,4,7,2,2,0,0,0,Default,
198034,1612,1517,1552,849,994,781,218,539,621,612,407,381,476,431,191,16,8,6,5,39,37,38,26,6,16,7,6,4,2,0,12,4,1,1,2,1,12,5,4,7,2,2,1,0,0,Default,
198050,1946,2068,2061,1321,1709,1238,393,882,1016,1008,730,533,644,605,321,47,37,38,37,65,59,62,51,11,25,15,12,10,3,2,44,33,30,25,14,6,22,15,12,6,2,4,0,0,0,Default,
198066,2466,2417,2420,1864,2317,1782,535,1426,1697,1670,790,909,1087,1018,515,57,51,47,48,64,59,61,53,6,24,20,18,20,4,2,59,53,49,49,10,6,38,30,20,14,4,6,0,1,0,Default,
198082,2323,2404,2381,2154,2653,2019,717,1928,2330,2205,1030,1289,1571,1437,783,137,128,128,119,36,32,33,30,7,44,37,35,33,7,3,101,94,89,80,19,5,37,31,27,8,3,6,1,1,0,Default,
198098,2044,2103,2070,2214,2753,2087,928,2212,2604,2427,1310,1586,1918,1727,1075,594,579,592,481,347,330,308,294,101,219,229,223,202,53,8,225,231,217,191,53,7,59,54,51,37,4,5,1,1,0,Default,
198114,1814,1928,1911,2128,2698,2106,1082,2251,2708,2585,1578,1693,2103,1940,1307,856,877,933,706,687,659,626,553,387,537,601,592,566,200,24,461,465,427,375,228,31,128,128,115,99,22,12,4,3,3,Default,
198130,1662,1693,1702,1957,2489,1982,1180,2172,2616,2553,1757,1704,2160,2023,1495,1011,1044,1137,883,1102,1084,1032,933,573,774,902,889,837,407,181,783,812,747,660,513,238,258,257,237,205,230,18,11,8,9,Default,
198146,1525,1549,1577,1858,2370,2006,1249,2093,2576,2570,1877,1699,2211,2114,1642,1065,1135,1240,970,1254,1266,1231,1171,727,852,1021,1030,969,572,303,1014,1079,1028,928,729,427,440,451,431,356,381,33,25,24,27,Default,
198162,1465,1492,1504,1773,2246,1929,1260,2048,2528,2545,1932,1675,2188,2098,1689,1086,1158,1272,1010,1318,1349,1326,1293,847,868,1033,1055,1022,649,380,1153,1241,1196,1111,916,585,606,629,619,503,497,47,41,37,42,Default,
198178,1327,1336,1352,1632,2081,1813,1241,1948,2467,2499,1965,1608,2142,2089,1720,1040,1133,1264,1023,1355,1411,1402,1389,970,908,1109,1135,1109,742,449,1266,1401,1368,1291,1084,704,741,785,789,631,630,58,51,48,53,Default,
198194,1134,1121,1160,1397,1719,1550,1132,1775,2264,2326,1920,1510,2014,2009,1700,998,1086,1236,1021,1364,1443,1468,1496,1107,941,1181,1234,1209,861,529,1370,1542,1547,1500,1285,830,903,994,1020,813,771,87,78,73,83,Default,
198210,924,896,940,1102,1257,1239,944,1545,1936,1998,1730,1368,1836,1842,1605,949,1050,1211,1011,1355,1446,1481,1547,1208,953,1228,1285,1294,977,597,1419,1626,1656,1684,1442,953,1025,1169,1257,979,897,113,104,100,113,Default,
198226,712,695,747,816,877,889,726,1250,1492,1581,1451,1207,1629,1658,1489,896,990,1161,978,1310,1408,1475,1575,1286,933,1239,1326,1359,1083,673,1396,1620,1731,1807,1624,1091,1098,1316,1455,1178,1039,139,127,123,140,Default,
198242,562,543,598,573,602,596,523,999,1168,1241,1193,1063,1469,1497,1359,848,937,1121,950,1257,1352,1443,1565,1317,896,1219,1326,1383,1138,716,1364,1604,1781,1898,1741,1177,1124,1406,1587,1297,1130,165,156,152,173,Default,
198258,469,447,495,414,411,412,378,810,949,1001,986,939,1325,1346,1235,795,881,1066,911,1197,1289,1393,1530,1311,857,1190,1314,1384,1161,748,1311,1563,1787,1942,1803,1249,1128,1460,1670,1387,1222,186,178,174,198,Default,
198274,368,346,374,288,283,280,266,655,751,803,789,841,1182,1192,1109,738,808,997,853,1137,1200,1311,1451,1267,816,1140,1288,1374,1164,766,1268,1507,1763,1963,1842,1296,1115,1500,1737,1455,1281,196,188,181,210,Default,
198290,252,236,252,198,187,186,183,529,602,630,626,741,1061,1059,974,678,745,931,791,1069,1121,1233,1369,1204,777,1105,1264,1359,1156,779,1219,1455,1748,1972,1849,1333,1099,1526,1804,1504,1330,207,199,195,226,Default,
198306,152,146,151,149,140,140,136,435,501,517,518,667,976,964,895,624,697,873,742,999,1053,1164,1301,1145,741,1086,1248,1351,1226,1008,1173,1442,1753,1997,1892,1488,1119,1590,1902,1579,1486,234,226,220,255,Default,
198322,116,110,111,132,120,120,118,348,403,404,403,587,892,869,804,569,644,816,688,924,986,1080,1212,1073,729,1090,1290,1413,1214,1012,1112,1414,1751,2003,1922,1534,1110,1616,1969,1625,1529,252,243,239,281,Default,
198338,66,59,59,103,93,91,92,321,365,375,404,524,822,804,750,515,591,755,637,845,920,1007,1140,1011,690,1057,1276,1402,1207,1011,1057,1377,1770,2056,1954,1580,1098,1654,2039,1680,1587,290,282,276,328,Default,
198354,43,37,37,90,78,79,78,275,314,316,335,473,741,729,668,484,567,721,609,792,881,956,1073,961,672,1062,1283,1410,1222,1033,1032,1391,1795,2085,2000,1628,1113,1695,2098,1741,1645,320,316,310,370,Default,
198370,43,37,37,72,64,63,63,250,286,285,301,452,727,703,645,457,547,686,575,753,850,918,1016,922,663,1077,1295,1421,1238,1047,1029,1409,1833,2116,2068,1680,1133,1737,2160,1806,1685,346,341,337,402,Default,
198386,43,37,37,54,48,47,47,220,253,249,260,447,700,677,618,468,550,677,569,748,828,903,978,885,679,1102,1330,1456,1264,1077,1054,1446,1910,2174,2106,1727,1164,1799,2225,1855,1728,385,373,370,445,Default,
198402,37,32,32,34,29,29,29,190,208,210,215,434,683,659,611,463,559,672,576,752,854,945,1007,916,671,1116,1347,1494,1305,1110,1065,1496,2001,2267,2184,1795,1198,1869,2303,1933,1778,420,412,408,485,Default,
198418,33,28,27,31,24,23,23,159,188,192,198,391,670,658,604,438,561,669,580,760,893,999,1044,949,658,1172,1438,1547,1355,1127,1121,1544,2106,2357,2288,1865,1241,1952,2379,2017,1828,469,448,445,524,Default,
198434,31,25,24,20,14,15,13,162,187,192,198,422,643,637,588,488,580,684,599,804,944,1067,1119,1018,754,1222,1498,1604,1405,1102,1166,1688,2225,2499,2420,1919,1322,2043,2487,2146,1862,523,505,504,584,Default,
198450,29,22,21,19,12,10,11,163,175,180,185,438,648,639,600,545,626,721,640,919,1040,1168,1229,1124,804,1323,1602,1714,1509,1175,1247,1779,2353,2650,2547,2019,1396,2164,2614,2263,1956,597,581,576,652,Default,
198466,29,23,22,16,8,7,6,145,163,167,170,374,657,638,603,599,673,771,692,1027,1129,1281,1339,1235,870,1414,1735,1844,1652,1257,1338,1902,2549,2844,2746,2135,1505,2332,2802,2473,2055,696,682,673,743,Default,
198482,29,22,21,13,4,4,4,138,153,157,158,360,607,593,562,518,680,775,699,807,1117,1279,1305,1225,600,1480,1855,1948,1774,1357,698,1944,2669,2958,2890,2266,1573,2488,2968,2658,2209,803,787,778,841,Default,
198498,32,25,24,8,3,2,1,124,133,138,139,344,558,547,518,517,657,738,661,804,1121,1262,1270,1216,603,1499,1899,1995,1836,1410,1444,2037,2840,3118,3041,2388,1626,2608,3085,2800,2341,916,910,886,950,Default,
198514,29,25,24,9,3,1,1,120,120,122,124,402,514,505,481,563,605,663,600,1038,1091,1236,1233,1197,945,1513,1915,2013,1880,1460,1462,2053,2911,3183,3126,2495,1658,2701,3171,2927,2464,1030,1031,1001,1059,Default,
198530,33,28,27,8,2,1,0,106,105,106,107,368,467,452,433,499,532,563,516,988,1018,1131,1111,1084,932,1493,1907,2017,1888,1471,1455,2067,2993,3263,3208,2585,1675,2784,3262,3038,2584,1151,1158,1123,1170,Default,
198546,32,29,28,6,1,1,1,80,78,82,82,326,413,397,385,447,471,490,456,851,870,948,912,901,909,1463,1872,1989,1860,1461,1430,2047,3062,3295,3297,2665,1661,2862,3295,3254,2691,1282,1298,1252,1292,Default,
198562,33,25,25,5,1,0,0,46,64,65,65,271,352,333,324,360,391,402,377,638,661,708,667,669,783,1411,1791,1902,1797,1418,1346,2017,3090,3296,3297,2742,1645,2923,3297,3297,2786,1394,1426,1375,1401,Default,
198578,24,20,15,11,0,1,0,29,58,62,62,234,278,265,260,294,291,295,284,503,514,550,517,517,762,1285,1607,1715,1619,1277,1275,1935,3076,3297,3297,2777,1597,2955,3297,3297,2848,1492,1532,1471,1490,Default,
198594,22,16,16,7,1,1,0,23,49,49,49,158,241,225,219,182,201,198,191,273,335,356,335,333,697,1151,1434,1511,1426,1171,1174,1750,3041,3295,3297,2814,1486,2944,3297,3298,2912,1545,1612,1550,1563,Default,
198610,20,12,12,4,1,1,0,9,41,45,45,177,209,194,196,126,125,124,121,274,284,305,293,288,583,968,1166,1216,1160,989,1034,1627,2921,3285,3237,2806,1398,2889,3296,3298,2933,1599,1681,1609,1631,Default,
198626,19,11,10,5,1,1,0,2,43,44,45,128,206,193,190,57,60,61,60,157,231,258,241,240,467,808,911,946,903,800,866,1467,2742,3123,3085,2746,1266,2766,3291,3202,2919,1612,1708,1649,1676,Default,
198642,22,10,9,5,1,1,0,13,49,51,52,147,181,173,169,25,16,14,12,162,186,215,197,196,369,681,732,733,736,666,679,1271,2477,2801,2902,2651,1096,2549,3072,3045,2873,1605,1720,1687,1717,Default,
198658,15,3,1,1,1,0,0,0,37,37,37,117,168,156,154,16,16,14,15,55,103,113,105,103,264,606,648,670,676,613,402,1177,2057,2358,2593,2453,996,2164,2773,2759,2741,1507,1669,1671,1715,Default,
198674,12,4,4,2,0,1,0,2,38,41,41,80,149,135,132,12,6,4,3,33,45,48,44,44,147,511,547,578,609,540,189,927,1492,1760,2113,2102,767,1557,2209,2305,2369,1239,1487,1544,1588,Default,
198690,13,5,3,1,1,0,0,1,35,38,38,53,103,83,84,11,4,3,3,3,3,1,1,1,107,422,444,478,522,442,129,737,1040,1227,1648,1494,559,1052,1567,1641,1620,922,1207,1252,1290,Default,
198706,10,4,2,1,1,1,0,1,34,34,36,39,76,65,65,10,7,5,4,4,3,2,1,0,82,325,309,335,385,311,103,586,637,762,1158,971,401,584,809,908,926,579,748,834,867,Default,
198722,8,4,2,1,1,0,0,1,33,30,31,24,66,49,47,10,11,8,6,5,10,5,5,5,60,233,207,198,248,188,92,486,402,374,695,531,274,329,393,497,518,302,308,429,384,Default,
198738,9,4,2,2,1,0,0,1,25,22,22,26,54,37,35,12,9,8,6,6,10,5,4,5,40,121,107,89,112,91,66,308,198,186,389,289,166,166,235,263,299,105,108,155,118,Default,
198754,6,4,2,1,1,0,0,0,19,14,13,17,69,41,34,7,8,6,4,4,3,2,0,1,4,56,58,27,35,26,49,202,66,66,205,125,95,62,117,125,120,15,11,18,12,Default,
198770,0,0,0,0,0,0,0,0,0,20,15,29,105,62,42,8,5,3,2,2,1,1,0,0,0,3,22,9,8,4,34,74,45,54,77,9,33,19,47,31,13,8,2,1,1,Default,
198786,0,0,0,0,0,0,0,0,8,35,19,27,103,70,36,7,8,8,3,2,1,1,0,0,0,0,10,4,4,3,23,34,31,29,49,5,22,48,14,12,3,6,0,0,0,Default,
198802,0,0,0,0,0,0,0,0,8,36,17,32,101,70,37,9,6,4,2,2,0,0,0,1,1,0,1,3,6,3,23,31,25,27,25,4,25,43,12,14,3,6,1,0,0,Default,
198818,0,0,0,0,0,0,0,0,4,31,16,28,95,67,27,6,4,3,2,1,0,0,0,0,0,0,1,2,4,3,20,25,19,18,16,11,22,36,10,12,4,6,0,0,0,Default,
198834,0,0,0,0,0,0,0,0,4,31,15,28,96,65,26,8,5,4,1,2,0,0,0,0,0,0,1,1,1,1,6,12,10,4,11,3,18,30,8,12,3,4,1,1,0,Default,
198850,0,0,0,0,0,0,0,0,20,32,16,27,94,49,26,8,4,3,1,0,0,1,0,0,0,0,0,1,0,0,2,7,6,3,5,1,11,28,7,12,3,4,1,0,0,Default,
198866,0,0,0,0,0,0,0,1,23,33,15,24,87,44,26,8,4,3,1,1,0,0,0,0,0,0,0,1,1,1,4,7,6,2,7,2,9,20,6,13,3,4,1,0,0,Default,
198882,0,0,0,0,0,0,0,2,23,29,16,22,80,26,21,8,4,3,1,1,0,0,0,0,0,1,0,1,2,1,4,6,4,2,4,2,6,17,5,11,3,4,1,0,0,Default,
198898,0,0,0,0,1,0,0,6,24,32,16,23,81,33,23,7,4,2,1,1,0,0,0,0,0,0,0,0,1,1,1,5,6,3,6,4,9,16,4,10,4,4,0,0,0,Default,
198914,0,0,0,0,0,0,0,3,20,32,16,22,86,38,27,8,4,3,1,1,1,0,0,0,0,0,1,1,1,1,3,5,3,1,1,1,4,12,4,7,3,1,1,0,0,Default,
198930,0,0,0,0,0,0,1,1,25,32,17,25,91,38,25,8,4,3,1,1,1,0,0,0,0,0,1,0,1,0,0,1,1,0,0,0,0,4,4,6,2,3,1,0,1,Default,
198946,0,0,0,0,0,0,0,0,17,30,15,26,91,42,22,7,4,2,1,1,0,0,0,0,0,0,0,0,0,0,1,0,1,0,0,0,1,4,4,7,2,3,1,0,0,Default,
198962,0,0,0,0,0,0,0,0,1,29,13,25,91,36,23,8,4,1,1,1,0,0,0,0,0,0,0,0,0,0,0,0,0,0,0,1,3,11,3,9,3,3,0,0,0,Default,
198978,0,0,0,0,0,0,0,0,1,29,12,25,91,39,23,7,4,2,1,1,0,0,0,0,0,0,0,0,0,0,0,0,0,0,1,1,1,8,3,5,2,2,0,0,0,Default,
198994,0,0,0,0,0,0,0,0,0,27,12,24,91,39,23,7,3,1,1,0,0,0,0,0,0,0,0,0,0,0,0,0,0,0,0,1,1,3,2,3,1,1,0,0,0,Default,
199010,0,0,0,0,0,0,0,0,1,25,12,30,95,38,26,6,4,1,1,1,0,0,0,0,0,0,0,0,0,0,0,1,0,1,1,1,2,4,2,3,1,2,0,0,0,Default,
199026,0,0,0,0,0,0,0,0,1,24,10,27,96,38,22,4,3,1,1,1,0,0,0,0,0,0,0,0,0,0,0,0,1,0,1,1,2,4,2,3,1,1,0,0,0,Default,
199042,0,0,0,0,0,0,0,0,3,26,12,26,97,37,21,7,4,1,1,0,0,0,0,0,0,0,0,0,0,0,0,1,0,0,1,1,1,4,2,3,0,1,0,0,0,Default,
199058,0,0,0,0,0,0,0,0,4,27,12,27,99,36,25,8,4,2,1,1,0,0,0,0,0,0,0,0,0,0,0,1,0,0,1,1,1,4,3,6,0,1,0,0,0,Default,
199074,0,0,0,0,0,0,0,0,2,25,12,29,103,34,24,8,4,2,1,0,0,0,0,0,0,0,0,0,0,0,0,0,1,0,1,1,2,7,3,7,2,2,0,0,0,Default,
199090,0,0,0,0,0,0,0,0,1,19,14,34,107,37,24,10,6,3,2,1,0,1,0,0,0,0,0,0,0,0,0,0,0,1,1,0,1,1,1,3,0,1,0,0,0,Default,
199106,0,0,0,0,0,0,0,0,2,25,11,28,108,33,21,9,6,2,1,1,1,0,0,0,0,0,0,1,0,1,0,1,1,1,1,1,4,8,2,6,1,2,0,0,0,Default,
199122,0,0,0,0,0,0,0,0,1,23,12,29,116,33,23,9,6,2,1,1,1,0,0,0,0,0,0,0,0,0,0,0,0,0,0,1,1,5,3,8,3,2,0,0,0,Default,
199138,0,0,0,0,0,0,0,0,1,21,11,30,121,32,22,8,5,2,1,1,0,0,0,1,0,0,0,0,0,0,0,1,0,0,1,1,4,9,4,9,2,2,0,0,0,Default,
199154,0,0,0,0,0,0,0,0,0,16,12,33,120,32,25,8,6,3,1,2,0,0,0,0,0,0,0,0,0,0,0,0,1,1,2,1,8,14,4,14,3,4,0,1,0,Default,
199170,0,0,0,0,0,0,0,0,1,25,11,33,118,37,26,10,4,2,1,1,0,0,0,0,1,0,0,0,0,0,0,0,0,0,1,1,1,16,5,13,4,4,1,0,0,Default,
199186,0,0,0,0,0,0,0,2,27,37,16,36,145,40,29,11,4,2,1,1,0,0,0,0,0,0,0,0,0,0,0,0,1,1,1,1,3,18,5,8,1,3,1,0,1,Default,
199202,0,0,0,0,1,2,2,37,40,44,21,41,158,45,23,10,3,1,1,1,0,0,0,0,0,0,1,0,0,0,0,1,1,1,2,1,8,20,6,6,2,3,1,0,0,Default,
199218,0,130,113,90,103,82,33,97,145,117,70,103,231,136,51,17,6,4,3,6,4,3,2,1,9,7,5,3,2,1,9,5,4,1,3,1,20,17,7,6,2,4,1,0,0,Default,
199234,593,587,577,257,273,212,67,217,290,261,116,204,324,248,80,9,1,1,0,0,0,0,0,0,0,0,0,1,1,0,7,4,1,1,1,0,13,13,7,8,2,3,1,1,1,Default,
199250,1000,1057,1048,522,576,472,113,406,498,485,175,302,408,348,111,10,3,1,1,3,2,1,1,1,3,3,2,1,1,0,3,3,2,1,1,1,16,12,8,8,2,3,1,1,0,Default,
199266,1281,1384,1311,791,956,723,162,551,633,622,244,367,476,419,152,19,9,8,6,48,45,49,31,8,16,6,4,4,2,1,20,12,8,5,8,2,19,12,8,8,2,2,1,0,0,Default,
199282,1559,1672,1529,1044,1307,928,236,779,901,878,352,476,601,550,221,29,21,21,17,58,54,57,40,10,20,11,10,7,3,2,32,24,21,15,11,3,24,17,12,6,1,4,1,1,0,Default,
199298,1813,1821,1719,1348,1670,1223,321,1056,1233,1176,458,665,815,744,313,39,33,33,29,39,33,33,28,8,22,12,10,8,4,1,52,45,41,33,13,4,33,28,21,8,3,5,1,0,0,Default,
199314,1825,1805,1721,1546,1857,1377,378,1272,1467,1344,518,833,993,886,385,64,58,57,47,32,28,28,21,6,23,13,12,9,4,1,84,78,73,63,16,5,36,29,23,8,3,5,1,0,0,Default,
199330,1728,1708,1616,1665,1948,1443,428,1463,1676,1473,578,981,1165,1007,456,145,133,130,111,43,37,35,29,8,45,41,40,33,8,3,125,120,111,90,17,4,38,33,26,14,4,6,0,0,0,Default,
199346,1713,1723,1640,1804,2147,1608,553,1709,2003,1793,748,1177,1405,1243,617,321,305,296,252,119,109,111,95,53,91,90,87,74,21,6,161,162,150,125,30,5,47,41,36,22,5,6,0,0,0,Default,
199362,1666,1749,1671,1849,2215,1682,671,1811,2102,1964,916,1274,1550,1372,756,418,402,399,326,215,207,197,187,68,128,132,127,114,34,6,242,244,226,193,50,7,69,65,58,38,6,8,1,0,0,Default,
199378,1637,1734,1665,1861,2246,1721,730,1839,2166,2045,1019,1307,1612,1443,831,477,467,475,366,290,286,270,243,132,223,233,231,220,74,7,309,315,286,242,94,8,85,79,70,53,6,11,2,1,1,Default,
199394,1614,1713,1650,1878,2272,1749,782,1876,2220,2093,1102,1326,1649,1471,886,529,515,528,404,358,341,320,280,158,327,350,344,345,97,12,356,358,327,279,117,14,96,95,84,61,8,11,3,1,1,Default,
199410,1625,1708,1640,1888,2281,1755,808,1918,2256,2126,1145,1367,1700,1505,924,553,541,555,423,392,373,349,300,166,383,416,410,418,111,16,419,423,381,321,141,19,107,106,94,71,11,11,3,1,1,Default,
199426,1696,1728,1645,1908,2291,1773,841,1959,2305,2176,1196,1398,1728,1548,974,617,610,625,469,490,464,430,360,209,454,501,489,494,151,34,520,518,463,387,225,44,134,133,117,95,24,13,4,3,2,Default,
199442,1696,1733,1657,1920,2309,1814,897,2008,2369,2261,1289,1436,1778,1610,1036,691,691,718,535,588,553,519,428,257,488,536,526,527,185,60,617,619,559,471,319,77,194,197,175,136,58,12,4,4,3,Default,
199458,1738,1777,1711,1945,2340,1861,956,2047,2431,2352,1394,1478,1841,1695,1123,754,758,803,595,685,647,611,503,286,516,574,565,554,228,121,721,730,660,554,393,177,265,268,236,182,161,16,8,6,5,Default,
199474,1773,1813,1757,2006,2403,1929,1036,2126,2520,2454,1510,1543,1915,1774,1220,812,821,876,670,819,783,742,634,338,557,624,619,601,270,156,817,838,766,649,455,229,323,332,294,226,228,13,8,4,4,Default,
199490,1819,1861,1817,2050,2467,1999,1099,2194,2604,2553,1607,1596,1978,1855,1301,871,891,955,729,914,876,829,713,373,599,670,661,646,316,194,891,926,850,729,502,288,377,389,345,253,287,16,8,6,6,Default,
199506,1855,1897,1853,2077,2518,2047,1152,2255,2688,2632,1691,1637,2026,1912,1379,909,940,1007,771,973,932,891,766,389,623,699,689,667,338,220,968,1011,937,809,543,339,451,468,423,302,334,16,10,8,8,Default,
199522,1854,1898,1865,2080,2524,2064,1194,2280,2740,2691,1769,1683,2080,1981,1446,949,989,1064,817,1038,999,957,833,439,671,758,752,721,398,252,1064,1118,1048,903,627,389,540,563,514,363,377,19,11,9,9,Default,
199538,1807,1853,1831,2067,2536,2168,1247,2269,2750,2726,1829,1686,2101,2016,1500,968,1016,1096,848,1120,1082,1040,924,489,725,829,825,787,452,287,1135,1202,1137,993,696,444,607,639,593,417,414,20,12,12,11,Default,
199554,1754,1788,1782,2007,2479,2114,1247,2242,2724,2714,1847,1663,2078,2009,1514,980,1028,1113,865,1152,1120,1077,959,512,752,863,862,817,493,305,1181,1246,1188,1044,748,474,650,692,642,452,431,23,16,14,13,Default,
199570,1674,1699,1699,1939,2402,2055,1239,2182,2682,2678,1852,1635,2056,1991,1520,977,1029,1115,874,1155,1127,1085,980,530,758,878,876,833,511,326,1209,1282,1226,1081,793,514,691,740,692,483,460,25,19,17,16,Default,
199586,1616,1634,1634,1876,2326,1998,1219,2122,2621,2629,1835,1591,2014,1951,1497,955,1011,1096,862,1152,1126,1082,978,542,766,891,893,847,530,336,1232,1312,1250,1109,819,528,717,774,724,504,477,29,21,19,18,Default,
199602,1546,1567,1575,1821,2253,1946,1196,2065,2557,2578,1809,1562,1981,1920,1482,940,992,1078,850,1135,1111,1073,972,541,767,895,900,854,535,344,1235,1315,1256,1116,834,550,729,787,738,514,492,27,20,18,17,Default,
199618,1471,1473,1485,1751,2154,1872,1173,1995,2479,2513,1795,1539,1955,1906,1478,937,998,1087,859,1138,1115,1078,976,550,764,897,904,858,538,352,1255,1348,1292,1146,856,564,750,818,767,528,506,27,20,18,18,Default,
199634,1365,1350,1372,1664,2036,1783,1150,1921,2400,2449,1788,1513,1930,1894,1490,935,995,1088,865,1152,1127,1091,1000,576,790,933,949,899,568,374,1305,1410,1368,1214,893,597,787,870,822,550,540,36,28,29,27,Default,
199650,1268,1250,1273,1581,1941,1714,1135,1853,2338,2397,1790,1492,1917,1889,1502,926,994,1092,873,1175,1156,1126,1047,605,807,966,987,941,596,404,1355,1472,1442,1297,953,658,829,926,883,585,592,39,34,30,30,Default,
199666,1227,1224,1245,1521,1865,1656,1127,1817,2297,2367,1803,1481,1907,1890,1523,945,1011,1114,895,1214,1199,1174,1102,650,825,994,1019,980,627,432,1406,1533,1517,1385,1018,709,876,989,956,635,646,40,35,31,32,Default,
199682,1207,1202,1227,1495,1820,1625,1127,1794,2272,2345,1813,1478,1907,1893,1544,945,1011,1114,902,1252,1243,1218,1156,700,850,1030,1056,1021,668,460,1452,1590,1577,1460,1103,764,924,1042,1023,685,681,41,35,33,33,Default,
199698,1208,1201,1231,1487,1805,1620,1133,1787,2271,2350,1831,1482,1921,1908,1564,955,1027,1132,916,1272,1268,1246,1191,728,862,1051,1076,1041,685,476,1474,1623,1616,1517,1157,804,959,1084,1072,714,706,45,39,36,37,Default,
199714,1223,1220,1252,1494,1809,1629,1146,1802,2287,2368,1852,1498,1947,1933,1588,971,1045,1155,937,1303,1293,1278,1217,750,891,1091,1119,1085,711,495,1503,1653,1656,1557,1186,833,984,1119,1113,737,721,42,37,34,34,Default,
199730,1230,1235,1268,1498,1813,1638,1162,1800,2296,2383,1877,1516,1977,1964,1621,986,1064,1172,958,1338,1335,1318,1260,781,913,1127,1152,1117,734,511,1525,1684,1690,1596,1222,862,1015,1151,1150,762,737,45,40,36,37,Default,
199746,1210,1225,1260,1476,1786,1623,1161,1775,2284,2381,1887,1518,1992,1985,1647,997,1080,1189,976,1360,1359,1349,1289,816,928,1155,1185,1144,757,518,1551,1720,1740,1649,1264,870,1052,1205,1210,799,747,42,36,33,33,Default,
199762,1177,1198,1236,1417,1730,1577,1146,1741,2249,2358,1890,1516,1997,1998,1669,1006,1090,1203,990,1388,1396,1388,1331,845,939,1177,1212,1172,777,530,1581,1756,1797,1703,1289,889,1092,1260,1277,828,765,49,41,37,37,Default,
199778,1139,1161,1200,1375,1673,1533,1127,1715,2206,2324,1883,1511,1998,2001,1683,1012,1094,1210,995,1405,1416,1412,1356,883,958,1209,1247,1208,822,551,1602,1790,1846,1761,1340,918,1125,1301,1330,870,795,43,37,34,34,Default,
199794,1112,1133,1173,1335,1615,1492,1107,1679,2168,2288,1873,1501,1988,1998,1688,1015,1101,1216,1003,1416,1429,1427,1375,898,971,1235,1272,1231,842,563,1612,1803,1867,1789,1366,933,1143,1330,1358,888,811,46,39,37,40,Default,
199810,1077,1101,1136,1293,1554,1444,1080,1645,2122,2246,1848,1486,1973,1983,1679,1017,1103,1221,1008,1416,1428,1430,1376,905,970,1239,1280,1236,854,570,1616,1811,1884,1803,1380,949,1154,1349,1377,899,821,42,36,33,33,Default,
199826,1028,1037,1082,1214,1439,1356,1026,1583,2025,2156,1790,1457,1932,1948,1654,1009,1091,1211,1003,1399,1403,1410,1363,897,964,1233,1277,1238,854,576,1606,1790,1870,1796,1378,957,1148,1355,1381,900,832,42,30,29,29,Default,
199842,962,965,1012,1151,1331,1325,981,1492,1891,2044,1709,1401,1863,1886,1596,979,1058,1182,974,1351,1346,1360,1313,860,933,1197,1246,1210,829,571,1572,1750,1836,1765,1361,957,1131,1345,1372,891,830,39,32,29,31,Default,
199858,890,889,945,1017,1127,1152,868,1386,1728,1882,1602,1329,1772,1799,1527,941,1016,1144,941,1284,1269,1287,1239,803,887,1135,1183,1160,792,556,1512,1676,1757,1704,1326,949,1094,1314,1341,869,820,39,32,29,30,Default,
199874,812,813,874,870,942,961,744,1239,1504,1662,1446,1228,1662,1689,1434,891,958,1091,891,1177,1158,1170,1130,746,817,1040,1092,1090,750,537,1411,1570,1640,1610,1289,938,1028,1252,1279,837,808,41,33,33,32,Default,
199890,737,743,811,770,808,833,652,1119,1332,1467,1293,1137,1560,1578,1336,834,893,1035,835,1058,1033,1041,1019,664,767,971,1027,1040,717,574,1312,1472,1527,1514,1232,962,971,1191,1215,798,816,43,37,34,35,Default,
199906,674,676,749,649,675,705,558,992,1184,1287,1155,1041,1447,1461,1236,761,814,960,770,928,905,904,883,579,695,880,938,958,663,530,1188,1355,1404,1392,1166,928,894,1107,1127,754,782,48,39,36,37,Default,
199922,619,615,695,571,581,601,481,881,1054,1144,1019,948,1346,1355,1138,696,745,885,707,803,783,779,758,509,630,797,858,876,611,498,1080,1243,1285,1265,1111,893,823,1027,1044,706,751,44,37,34,35,Default,
199938,569,561,645,518,529,541,437,788,943,1024,916,873,1256,1255,1053,643,686,822,655,712,688,690,662,457,580,733,792,815,569,465,1002,1159,1202,1176,1063,865,768,968,979,674,725,45,37,34,35,Default,
199954,534,526,608,461,459,468,385,724,882,957,855,801,1187,1184,982,573,618,746,591,621,604,608,581,407,536,686,748,768,539,447,923,1069,1115,1085,1017,834,717,907,921,642,704,41,35,33,33,Default,
199970,522,512,599,442,438,442,362,695,847,920,816,766,1140,1138,937,534,583,703,554,552,543,548,522,375,509,650,709,730,516,422,865,1009,1045,1007,977,801,678,854,864,609,670,34,28,24,25,Default,
199986,522,509,602,435,433,442,356,680,842,919,799,731,1115,1104,901,502,551,662,522,480,487,490,466,333,472,609,657,679,466,386,803,938,958,920,920,749,632,787,787,559,621,28,21,19,19,Default,
200002,523,521,615,440,437,439,353,666,837,903,787,717,1102,1094,889,473,526,627,493,443,456,453,434,306,456,589,634,655,443,366,758,883,888,858,879,712,605,742,737,526,594,27,20,17,19,Default,
200018,522,521,616,431,425,430,344,654,820,894,778,704,1087,1084,882,462,508,613,477,406,422,418,402,284,437,567,611,638,431,357,722,852,866,831,864,696,584,721,715,514,580,26,16,16,18,Default,
200034,504,512,605,417,413,417,336,630,800,874,763,684,1073,1072,873,451,500,603,473,389,408,404,388,279,426,557,601,632,423,350,694,839,846,820,860,695,576,707,704,508,580,29,20,17,19,Default,
200050,490,496,590,388,388,389,316,599,767,834,733,660,1050,1051,857,429,480,576,457,366,381,375,361,264,413,548,588,621,414,342,665,816,820,798,840,679,554,684,679,489,559,29,20,17,18,Default,
200066,477,485,583,381,379,381,308,573,741,809,708,642,1030,1028,839,411,464,555,441,344,366,356,344,252,392,523,560,590,392,315,631,783,784,768,816,645,532,651,651,465,517,27,17,15,16,Default,
200082,479,482,580,380,377,379,304,572,739,803,693,626,1015,1015,825,402,452,540,427,323,348,335,323,236,385,515,552,580,381,306,617,763,766,746,800,626,518,632,628,456,507,29,18,16,18,Default,
200098,471,476,573,368,373,370,299,559,725,786,687,610,1006,998,812,381,440,524,416,299,327,313,300,224,374,505,538,570,373,308,602,750,744,725,784,614,504,608,607,443,501,26,19,16,17,Default,
200114,449,464,554,356,356,352,286,539,700,755,663,595,990,974,791,378,439,522,412,294,321,308,296,220,370,501,543,579,381,307,592,732,728,711,785,609,490,587,586,448,507,29,18,16,18,Default,
200130,422,434,523,330,329,325,269,516,661,721,638,584,974,961,783,376,435,524,414,298,326,311,301,229,377,505,543,585,392,306,584,730,723,716,798,606,491,588,592,464,516,29,23,20,21,Default,
200146,389,403,483,298,295,292,246,480,623,684,613,553,949,930,765,361,425,515,406,290,319,308,300,230,372,503,547,594,404,320,571,718,723,721,809,625,492,595,608,487,546,34,26,23,25,Default,
200162,352,367,444,270,269,269,228,452,588,645,581,525,926,903,739,348,416,509,400,270,307,294,289,223,360,494,540,596,409,325,551,704,713,722,817,631,489,593,611,493,555,37,29,28,29,Default,
200178,340,355,429,264,270,269,227,435,578,624,567,508,910,893,727,335,406,497,393,265,304,290,283,223,353,490,534,594,410,326,541,699,710,721,825,640,489,600,618,506,567,51,41,37,39,Default,
200194,339,352,425,269,269,271,228,435,584,629,561,502,901,890,714,336,409,498,391,252,288,277,268,213,350,488,528,589,409,325,533,691,702,713,825,640,489,597,616,507,574,51,43,39,43,Default,
200210,345,357,434,263,268,265,223,442,593,636,560,504,893,887,708,324,394,480,374,238,266,257,248,200,344,476,515,578,401,323,525,686,699,700,822,645,487,592,610,502,580,51,44,41,44,Default,
200226,345,362,440,262,269,266,223,440,591,638,560,498,895,889,708,319,390,475,367,230,261,250,239,196,342,475,514,575,397,323,526,685,700,697,825,649,485,592,611,504,585,52,45,41,45,Default,
200242,351,368,447,273,283,277,232,442,592,644,568,503,902,897,717,323,393,475,370,234,265,256,242,197,343,477,514,576,396,323,531,692,707,702,829,654,494,606,621,510,593,51,42,39,41,Default,
200258,343,361,440,269,277,272,229,442,592,637,572,505,907,901,725,325,397,483,376,244,276,265,252,207,348,486,523,582,402,329,543,705,721,719,844,666,508,621,637,522,605,47,38,37,39,Default,
200274,331,354,425,260,268,261,222,430,585,625,563,497,912,898,723,326,402,486,378,244,280,267,252,207,350,497,536,593,412,337,546,717,731,733,858,685,518,636,654,536,615,48,40,37,39,Default,
200290,319,341,411,254,260,253,217,426,581,617,559,499,911,893,725,331,406,492,381,240,274,261,242,205,351,500,538,595,412,339,549,726,739,741,866,697,524,646,663,544,623,47,39,37,38,Default,
200306,319,343,414,252,260,254,216,414,580,610,551,489,895,876,707,327,402,487,376,236,267,254,236,198,348,497,533,592,403,337,543,725,738,738,870,703,522,647,664,548,626,45,37,35,36,Default,
200322,318,342,405,252,259,254,215,410,576,601,543,477,888,871,703,318,393,478,369,223,253,240,219,189,340,493,528,583,396,333,537,723,735,734,873,707,519,644,659,547,627,40,29,29,31,Default,
200338,323,348,418,247,252,248,211,420,584,612,551,484,885,870,695,319,392,476,365,215,246,232,213,182,339,492,526,583,401,337,534,720,734,730,878,714,518,642,662,550,629,37,30,28,30,Default,
200354,328,353,425,252,260,252,215,425,590,616,552,492,886,874,689,324,395,478,366,220,247,234,215,182,344,495,530,580,403,337,546,729,744,733,883,714,522,647,660,552,632,41,31,28,30,Default,
200370,331,355,425,249,257,250,213,431,598,621,562,493,892,878,696,327,399,479,368,227,254,240,220,189,345,500,531,587,408,339,553,737,750,742,887,722,528,655,667,557,635,37,29,28,29,Default,
200386,327,350,419,253,260,253,215,430,596,621,561,493,897,880,696,327,402,480,370,235,265,248,228,197,348,508,541,595,418,347,560,746,758,751,897,725,534,665,680,565,642,37,30,27,29,Default,
200402,327,351,421,248,255,250,212,433,593,623,563,498,900,883,700,334,405,487,376,240,270,253,233,199,359,513,547,601,426,351,565,752,766,761,901,730,542,672,689,569,646,37,30,28,29,Default,
200418,330,351,422,252,255,251,214,434,597,621,567,497,902,881,698,338,408,490,378,242,273,257,235,203,361,517,548,605,428,353,571,759,769,764,906,733,543,673,692,571,649,37,30,28,29,Default,
200434,338,358,431,249,257,252,214,439,602,627,572,499,905,886,703,339,408,488,378,244,272,260,236,205,363,518,551,607,431,353,576,764,775,768,906,732,546,677,693,573,650,36,29,27,26,Default,
200450,348,366,442,261,269,265,223,447,607,634,580,516,915,901,713,344,413,497,381,245,275,261,239,206,368,521,556,611,434,356,584,770,781,773,911,733,551,684,698,575,650,37,27,27,29,Default,
200466,357,378,453,269,274,270,228,449,615,643,590,514,924,906,716,345,416,496,385,252,281,266,244,211,369,523,559,614,435,356,585,773,786,773,912,736,552,684,699,576,651,35,29,27,29,Default,
200482,362,384,460,274,278,273,231,459,626,652,595,526,931,914,722,348,417,499,385,258,287,272,248,215,373,524,560,614,436,357,593,777,791,779,916,738,556,690,703,579,653,36,29,27,28,Default,
200498,368,391,467,281,283,279,235,464,633,658,597,531,943,920,729,352,420,501,388,265,292,278,254,220,377,530,566,618,442,360,599,783,797,783,918,738,560,695,706,581,655,37,29,28,29,Default,
200514,374,398,474,281,285,281,236,467,638,665,605,534,945,926,730,356,425,507,392,269,298,284,260,223,379,531,568,618,443,360,605,787,803,786,920,743,563,696,707,583,655,37,30,28,29,Default,
200530,381,407,484,283,288,284,239,474,643,675,610,543,953,938,734,360,430,512,396,271,300,286,261,226,382,532,571,618,443,360,609,791,808,785,920,742,563,698,705,583,655,37,31,28,29,Default,
200546,384,416,494,291,296,294,246,476,652,685,617,549,961,948,743,363,433,514,402,274,304,288,265,228,385,538,577,624,445,362,611,791,812,787,920,742,563,700,705,583,654,40,29,28,29,Default,
200562,394,424,502,302,305,302,251,484,660,696,622,555,970,953,742,368,440,522,407,278,309,294,270,235,389,542,581,626,447,364,617,799,817,789,923,744,567,702,706,584,655,36,29,27,29,Default,
200578,399,428,506,306,311,307,256,492,667,702,630,568,975,961,752,373,443,527,410,286,316,302,277,240,394,548,587,634,455,368,627,804,825,797,928,747,571,708,713,588,659,38,31,29,30,Default,
200594,404,431,511,309,315,310,260,498,672,709,638,573,976,965,755,377,449,534,416,299,329,315,292,251,402,556,596,644,463,373,636,818,838,811,936,754,579,716,725,593,665,38,29,28,30,Default,
200610,405,433,511,308,313,310,259,499,675,709,638,573,985,973,766,381,453,539,421,307,337,323,301,260,406,563,601,647,468,378,640,828,848,820,943,761,586,725,733,599,669,40,33,30,32,Default,
200626,407,436,514,310,312,309,260,498,678,713,640,574,986,975,768,382,454,539,420,311,344,331,308,265,406,565,605,650,470,378,642,833,854,828,946,766,588,729,738,601,673,42,36,25,33,Default,
200642,412,439,518,312,314,312,261,508,688,724,646,583,993,981,771,384,460,544,426,319,348,336,312,269,412,570,610,657,476,383,652,841,862,833,950,766,594,734,742,604,674,41,33,30,31,Default,
200658,421,447,526,319,321,319,265,516,692,729,651,594,1004,993,779,391,464,550,428,319,350,338,314,270,416,573,613,660,477,383,659,839,861,833,950,766,594,733,742,605,675,40,33,30,32,Default,
200674,428,457,534,323,327,324,269,522,704,739,659,601,1011,1000,783,397,469,554,433,327,356,346,323,274,418,576,616,662,479,383,661,843,865,834,953,765,596,735,742,605,677,37,33,30,32,Default,
200690,435,464,542,331,335,331,275,533,714,750,673,609,1023,1014,799,402,476,563,439,339,369,360,335,281,423,581,620,671,483,388,667,851,871,845,956,769,603,741,749,609,680,40,30,30,32,Default,
200706,439,468,547,335,337,333,278,534,718,754,677,612,1027,1019,805,406,480,567,441,347,377,368,343,288,426,586,625,675,486,392,672,857,878,849,960,774,608,749,754,611,684,40,33,31,32,Default,
200722,442,472,550,339,342,339,282,537,724,759,679,617,1032,1023,808,410,484,573,446,355,387,378,352,298,430,589,629,678,491,393,680,866,884,855,964,778,614,755,759,615,688,40,33,31,32,Default,
200738,445,474,552,341,345,341,284,538,725,760,682,621,1036,1032,817,413,486,576,451,358,388,380,356,297,433,592,633,680,494,396,684,867,888,857,964,779,617,758,761,617,688,39,31,29,32,Default,
200754,445,479,557,344,349,345,287,543,729,766,687,621,1036,1035,823,412,488,580,451,359,388,381,356,298,434,595,636,683,496,397,684,868,889,858,964,779,617,759,762,617,688,38,30,29,30,Default,
200770,455,485,562,351,353,350,291,551,737,775,696,626,1044,1040,825,414,489,582,452,364,391,385,361,301,437,598,638,686,497,397,687,867,891,858,963,779,615,757,758,616,686,39,31,29,30,Default,
200786,462,492,569,356,361,356,295,556,745,783,704,636,1057,1049,835,419,494,588,460,367,396,389,365,303,440,599,640,688,497,397,690,871,893,861,964,779,615,757,758,616,687,38,31,29,31,Default,
200802,464,495,574,360,364,359,298,563,753,790,709,637,1061,1054,834,421,497,589,459,371,399,394,370,308,440,601,642,688,500,398,694,874,897,865,967,781,617,761,762,617,689,38,32,29,30,Default,
200818,465,497,575,359,364,359,298,563,757,794,713,638,1064,1053,837,422,499,592,462,371,402,396,372,308,442,602,642,688,501,399,695,874,900,867,969,783,620,763,766,619,691,38,32,29,31,Default,
200834,465,497,576,357,363,358,299,563,758,795,716,638,1062,1055,841,423,499,592,463,368,400,393,368,306,441,601,641,689,501,399,694,874,902,870,968,783,621,764,766,621,691,38,32,29,31,Default,
200850,465,496,576,359,364,359,298,561,758,794,715,637,1061,1052,840,421,498,591,462,366,397,389,367,305,440,599,641,688,500,399,694,875,900,867,968,783,621,764,766,619,690,41,33,31,33,Default,
200866,468,500,580,360,365,361,299,563,762,798,717,637,1065,1055,840,422,498,589,461,364,396,388,364,302,438,595,639,685,497,397,693,876,899,864,965,780,619,762,762,617,688,41,33,31,33,Default,
200882,469,502,580,361,368,362,301,564,765,800,719,640,1069,1058,844,422,499,592,462,365,396,389,365,302,439,596,638,684,496,396,693,874,896,864,964,780,618,759,759,617,686,41,33,32,32,Default,
200898,471,504,583,363,370,364,302,565,766,802,721,641,1073,1063,846,424,501,594,464,366,398,390,367,304,439,598,639,685,497,397,696,877,898,865,967,781,618,759,761,617,687,41,33,32,33,Default,
200914,470,504,582,363,370,364,302,565,767,803,723,639,1073,1065,846,425,502,596,466,368,401,393,371,307,440,598,640,688,499,398,695,877,902,869,969,782,618,763,764,618,689,40,34,32,33,Default,
200930,471,504,583,363,371,364,302,567,767,803,722,642,1074,1064,849,425,503,596,467,368,401,393,372,307,440,599,644,688,500,399,698,879,903,871,970,783,622,765,766,620,690,37,31,31,33,Default,
200946,471,504,584,363,370,364,302,567,768,805,723,639,1076,1066,849,426,504,596,467,370,402,394,372,308,441,600,645,690,500,400,696,881,903,871,970,783,621,764,766,618,691,39,33,32,33,Default,
200962,473,509,588,365,375,368,305,568,772,807,726,645,1081,1071,854,427,505,597,468,370,404,396,373,311,441,600,643,689,499,398,696,882,902,870,970,784,622,762,764,619,688,43,35,32,33,Default,
200978,480,514,592,370,380,372,307,571,776,811,732,650,1090,1078,862,428,507,602,470,373,406,398,377,308,443,601,644,690,499,398,696,882,900,869,968,781,622,759,762,617,687,41,35,30,33,Default,
200994,482,517,596,370,381,374,310,571,776,813,733,651,1095,1084,865,431,509,605,472,376,410,402,380,312,444,602,646,691,501,398,700,882,904,870,970,781,620,758,759,618,688,41,33,32,33,Default,
201010,484,521,599,375,385,377,312,576,780,819,737,655,1101,1090,874,432,511,608,473,377,410,402,380,313,447,605,650,694,502,399,702,882,906,870,970,783,621,759,761,618,688,44,33,32,33,Default,
201026,485,522,600,376,386,377,312,577,784,822,739,657,1104,1092,878,433,513,609,475,378,411,405,383,314,447,609,650,696,503,401,703,887,907,874,970,781,623,761,762,619,688,41,33,32,33,Default,
201042,487,522,601,377,389,380,315,577,783,822,738,658,1104,1091,877,433,512,609,474,377,412,406,383,315,447,608,650,695,503,400,703,885,906,872,970,783,621,758,758,618,687,41,34,32,32,Default,
201058,487,523,602,379,389,381,315,576,784,823,738,658,1103,1090,873,434,513,609,475,377,410,404,382,314,445,605,647,692,500,397,701,882,903,866,967,779,616,751,748,615,684,41,34,31,33,Default,
201074,489,526,604,382,392,385,317,576,783,823,738,659,1102,1092,874,431,511,605,474,374,409,402,380,311,445,603,645,690,496,397,698,878,899,864,964,775,613,746,745,613,683,40,33,31,33,Default,
201090,490,526,605,384,393,385,318,577,785,825,739,658,1101,1093,874,431,512,607,475,375,407,401,379,310,444,601,642,688,496,394,697,877,898,863,964,775,613,748,744,613,683,40,34,31,33,Default,
201106,490,528,606,385,393,385,318,578,784,825,738,658,1099,1091,870,430,510,604,473,373,406,400,374,310,443,602,641,685,496,395,698,878,898,862,964,775,614,750,745,613,683,40,33,30,32,Default,
201122,492,526,605,383,391,384,315,576,783,825,737,657,1099,1090,868,428,509,603,472,372,405,397,374,307,443,603,642,685,494,394,696,880,899,862,964,776,614,748,745,613,682,39,32,31,32,Default,
201138,491,526,607,385,393,384,317,576,783,822,736,656,1096,1084,865,429,509,601,470,368,401,393,370,306,442,600,640,683,494,394,697,878,899,861,962,777,611,746,744,611,684,40,33,29,33,Default,
201154,491,526,608,383,393,384,316,575,783,823,735,653,1091,1081,863,427,506,597,468,364,393,385,362,300,440,596,638,679,491,392,694,874,895,858,959,771,604,739,737,608,681,37,31,29,30,Default,
201170,493,529,609,384,393,384,316,576,784,824,736,652,1090,1080,862,427,505,596,468,357,386,378,354,294,439,594,634,676,486,389,688,869,887,850,951,769,601,732,730,604,676,37,29,28,29,Default,
201186,493,529,610,387,397,388,318,576,783,825,737,651,1089,1079,861,425,503,595,465,355,383,374,352,292,437,591,631,673,482,387,687,864,882,844,947,763,596,726,725,597,672,37,29,28,29,Default,
201202,495,530,612,388,397,389,319,578,787,827,737,655,1092,1081,862,427,504,594,464,352,382,373,348,294,437,592,630,670,481,386,686,862,878,840,946,765,596,722,721,594,669,36,30,27,28,Default,
201218,496,533,614,389,397,389,319,579,787,827,738,655,1093,1080,862,425,504,593,463,354,384,374,350,291,438,592,630,671,478,385,684,863,878,838,943,762,594,719,720,592,668,37,29,27,28,Default,
201234,498,534,615,389,398,390,319,579,788,829,739,654,1092,1079,860,425,502,591,461,354,381,370,347,290,436,591,628,668,476,385,684,862,874,835,938,763,595,718,718,588,667,37,29,25,28,Default,
201250,497,534,615,392,401,391,320,580,789,828,740,654,1091,1076,858,422,500,586,459,347,374,362,339,283,433,587,622,664,469,381,684,860,872,834,934,759,592,714,715,584,663,34,27,25,26,Default,
201266,499,535,616,393,402,393,321,580,790,829,738,655,1091,1075,854,422,496,583,456,340,367,355,333,277,431,580,616,655,465,377,679,853,864,825,930,754,585,706,707,580,658,34,24,24,26,Default,
201282,499,537,618,395,406,396,323,580,791,829,740,654,1094,1076,854,420,494,580,454,338,366,354,331,277,427,576,612,652,460,373,672,849,858,820,925,748,584,701,702,578,653,34,29,24,25,Default,
201298,503,539,621,396,406,397,323,582,791,830,739,656,1096,1078,856,422,494,579,454,343,370,360,335,281,428,576,609,651,460,373,676,849,858,820,924,746,583,700,701,577,653,34,27,24,25,Default,
201314,503,540,621,397,407,397,323,583,792,830,740,659,1098,1080,858,422,496,580,455,351,379,368,343,286,431,578,614,657,465,377,679,854,864,825,925,750,588,705,706,581,656,37,24,24,27,Default,
201330,502,538,619,396,406,396,323,584,792,831,740,658,1097,1080,859,422,496,581,456,353,382,372,347,291,433,582,617,664,470,380,682,856,868,832,929,756,592,712,712,584,662,34,28,25,27,Default,
201346,500,536,619,393,403,393,322,582,790,829,737,656,1094,1077,857,421,495,579,454,353,383,372,347,290,433,584,618,667,472,381,683,858,870,833,930,758,593,713,713,585,663,33,28,24,27,Default,
201362,500,535,617,389,401,390,319,580,790,827,737,655,1094,1074,857,420,493,578,453,350,377,366,341,286,432,582,617,664,469,381,680,860,870,833,929,757,595,716,714,586,663,35,28,25,29,Default,
201378,501,537,621,393,404,393,320,580,791,828,735,654,1095,1077,856,419,495,578,452,346,375,363,336,282,431,580,613,661,467,378,682,861,869,830,927,754,597,714,712,584,661,33,27,25,27,Default,
201394,504,541,623,397,409,397,323,583,795,830,737,655,1098,1077,855,419,493,576,451,343,373,359,335,281,428,576,610,660,465,375,678,858,865,828,926,752,593,709,708,582,658,33,27,24,26,Default,
201410,508,544,626,401,412,402,326,585,798,833,741,659,1103,1082,859,422,495,578,454,347,376,363,338,282,431,578,611,658,464,375,679,859,866,829,925,750,592,708,707,582,655,34,25,24,26,Default,
201426,510,546,628,400,413,402,326,586,798,835,742,658,1105,1084,860,422,495,579,454,348,377,364,339,283,426,576,609,655,464,373,678,858,865,826,925,748,590,706,705,580,654,33,27,25,26,Default,
201442,511,548,630,402,414,404,327,589,801,837,743,661,1107,1086,862,422,497,581,455,349,379,365,342,285,426,577,609,655,464,374,679,858,866,829,924,750,592,709,707,581,654,35,28,24,26,Default,
201458,511,550,632,402,415,405,328,589,803,838,744,663,1109,1087,864,423,498,584,456,352,381,368,344,286,428,578,609,657,464,375,679,858,868,829,924,750,592,712,708,582,654,35,28,26,27,Default,
201474,512,550,631,403,415,406,329,589,804,838,745,661,1108,1086,864,423,497,582,456,352,382,368,345,287,427,578,609,658,463,374,679,857,867,829,923,749,591,709,707,581,655,34,28,25,27,Default,
201490,513,551,633,404,415,406,329,590,805,841,746,661,1108,1084,862,422,497,580,454,349,380,365,342,286,426,575,605,654,460,371,678,858,864,825,921,746,591,708,705,580,652,33,27,25,26,Default,
201506,514,553,634,404,416,406,328,590,808,841,746,663,1110,1086,862,422,496,580,455,351,380,367,344,285,426,576,605,652,460,370,675,856,863,825,922,742,591,708,705,579,652,33,24,25,26,Default,
201522,514,554,636,403,417,407,330,593,808,843,746,663,1111,1086,862,423,497,580,454,352,380,366,342,286,427,576,607,655,462,372,679,855,864,825,921,745,591,707,704,580,652,37,28,25,27,Default,
201538,515,555,637,405,418,408,331,593,809,845,748,665,1114,1089,865,423,498,581,455,354,383,371,347,288,428,579,609,657,462,373,683,863,868,829,922,747,595,709,707,582,652,34,28,25,26,Default,
201554,518,556,638,406,419,409,331,596,812,848,750,667,1115,1092,866,425,501,584,457,357,387,374,349,290,430,579,613,658,463,373,684,861,869,829,922,747,596,712,709,582,653,35,28,25,27,Default,
201570,518,557,639,407,419,410,331,598,813,849,753,667,1119,1093,869,428,502,587,460,357,387,375,351,291,431,580,613,659,464,374,688,864,871,831,924,746,597,713,709,583,654,35,29,25,28,Default,
201586,519,558,640,407,419,410,332,601,815,850,754,670,1121,1095,871,429,502,588,460,357,386,375,351,289,431,582,614,659,464,374,688,866,872,831,924,748,596,714,709,584,654,36,29,26,28,Default,
201602,521,559,642,410,422,413,334,601,816,852,755,671,1123,1095,872,429,503,588,460,359,387,375,350,288,431,580,611,656,461,373,687,860,868,829,920,746,592,709,705,580,650,36,28,26,28,Default,
201618,522,560,642,412,425,414,335,603,820,854,755,670,1123,1096,872,428,504,588,458,357,388,376,351,290,428,576,606,650,460,368,682,859,863,824,921,742,594,706,702,580,647,35,28,25,27,Default,
201634,522,560,643,412,427,415,335,604,821,855,757,671,1123,1096,874,429,505,592,463,360,389,375,352,292,428,576,609,653,461,370,680,858,864,825,920,742,592,707,703,580,647,34,28,25,27,Default,
201650,521,559,642,411,422,413,334,604,820,854,757,672,1124,1097,878,431,505,592,464,360,389,377,353,294,430,580,611,656,464,373,685,862,869,829,923,746,596,711,706,582,652,34,25,25,28,Default,
201666,519,557,638,410,421,412,333,602,819,853,756,669,1123,1094,876,429,506,592,464,362,390,378,355,296,431,587,616,661,468,377,688,864,871,832,924,747,596,715,707,583,655,33,28,25,27,Default,
201682,518,555,638,410,421,410,333,605,816,851,755,672,1122,1094,874,430,503,588,462,362,392,379,355,294,438,588,617,662,469,377,689,865,873,831,926,752,599,715,709,584,656,37,29,25,27,Default,
201698,517,555,637,409,421,410,332,602,816,851,755,672,1122,1093,874,430,503,588,460,362,389,378,354,293,438,587,617,662,468,377,688,865,873,832,925,751,598,716,710,584,655,36,29,26,27,Default,
201714,519,555,638,409,420,410,333,605,817,854,757,673,1123,1095,875,431,503,588,461,363,390,379,355,295,437,585,617,662,468,377,692,865,871,833,927,750,600,717,711,585,656,35,29,26,27,Default,
201730,522,559,640,410,423,413,335,606,820,855,758,674,1124,1094,875,431,505,588,462,361,391,379,354,294,438,585,616,662,468,377,692,865,873,832,927,750,600,717,709,584,655,35,29,25,28,Default,
201746,523,559,642,411,423,414,335,608,822,857,760,676,1126,1098,879,432,505,590,464,364,395,383,359,297,440,588,621,665,471,378,692,870,877,836,928,750,602,719,713,586,658,36,27,26,28,Default,
201762,521,558,640,410,422,413,335,607,820,856,760,676,1126,1098,880,434,507,591,465,368,402,389,364,302,441,591,622,668,474,381,696,873,879,840,932,756,604,721,715,588,660,38,29,24,28,Default,
201778,519,555,638,408,420,411,333,605,816,854,758,676,1125,1096,878,435,507,592,465,374,406,393,368,305,443,594,625,672,478,383,698,876,882,845,936,759,604,721,719,591,663,36,29,26,27,Default,
201794,516,551,635,407,419,410,332,604,816,852,757,675,1123,1094,877,434,507,592,466,376,407,394,369,306,443,595,627,674,479,384,696,878,884,847,940,762,604,724,722,594,664,35,29,27,29,Default,
201810,515,552,634,406,419,410,333,602,814,851,756,674,1122,1093,876,433,506,591,464,373,406,393,368,306,443,597,628,676,481,385,700,879,885,848,941,762,607,725,722,595,666,37,29,27,29,Default,
201826,518,553,636,408,421,411,333,604,816,852,757,673,1123,1093,876,432,505,590,464,373,406,393,367,305,444,596,628,675,480,385,699,880,887,848,941,762,608,726,722,596,666,37,29,27,29,Default,
201842,520,555,638,410,422,414,335,606,819,854,759,676,1123,1097,877,433,506,592,465,374,404,393,368,304,445,596,630,675,481,385,700,881,887,849,941,762,609,727,723,595,667,36,27,26,28,Default,
201858,515,553,637,410,422,413,334,607,818,855,759,675,1126,1096,878,435,506,593,465,376,408,397,372,307,443,598,630,676,480,385,700,880,887,850,943,762,609,728,722,595,667,39,24,19,29,Default,
201874,518,554,636,409,422,412,335,605,819,856,759,675,1127,1098,880,436,510,595,469,381,412,400,376,310,447,601,633,679,485,389,702,884,892,855,946,770,610,734,729,602,675,36,29,27,29,Default,
201890,514,549,631,403,417,407,331,603,815,851,756,675,1124,1097,880,436,510,596,469,381,412,402,377,311,447,601,635,679,489,391,706,885,895,860,953,771,612,739,733,608,679,37,30,29,29,Default,
201906,507,544,627,394,410,399,327,599,808,847,752,670,1121,1092,875,435,509,595,466,381,412,402,377,312,446,602,634,680,489,393,703,886,897,859,956,775,612,740,734,608,681,36,29,28,29,Default,
201922,504,541,625,393,407,398,325,597,810,847,753,670,1119,1090,876,434,509,593,466,379,411,400,373,311,446,601,635,679,490,393,704,887,898,861,957,775,614,742,736,609,682,37,29,28,29,Default,
201938,505,541,626,395,410,400,326,600,811,847,754,671,1120,1090,876,434,509,592,466,377,410,399,373,309,446,602,635,681,490,393,703,888,899,861,955,775,616,743,737,610,682,37,31,28,29,Default,
201954,507,542,628,397,413,402,329,600,812,848,755,672,1121,1092,878,435,509,593,465,378,410,400,373,310,447,602,636,681,492,393,707,889,899,862,956,775,617,744,737,609,682,38,30,28,30,Default,
201970,509,543,629,399,413,405,330,601,812,849,756,675,1123,1095,879,436,509,596,468,382,414,403,378,314,447,603,637,683,492,394,708,891,902,865,959,777,617,747,740,611,684,37,30,28,29,Default,
201986,509,543,630,399,412,403,330,601,813,849,757,676,1123,1097,883,436,511,596,469,383,414,404,379,314,449,603,638,683,493,393,708,891,903,866,960,778,618,749,743,613,685,37,28,27,29,Default,
202002,509,545,630,397,412,402,327,602,813,850,758,676,1124,1097,883,437,510,596,469,383,415,404,380,314,448,603,638,684,494,395,710,893,908,870,963,781,620,751,745,614,688,37,31,28,29,Default,
202018,509,544,630,399,412,403,330,601,814,850,758,675,1125,1097,883,437,512,596,469,382,414,406,379,314,449,605,639,684,494,395,711,893,906,870,962,782,621,750,745,614,688,39,30,27,29,Default,
202034,510,547,633,400,415,406,331,603,815,854,759,678,1125,1098,884,438,512,598,469,384,414,405,381,314,449,603,639,684,495,396,711,894,907,869,961,780,620,750,742,614,687,37,30,29,28,Default,
202050,514,550,635,404,420,410,332,607,819,856,761,677,1127,1100,886,439,514,599,472,382,414,404,380,312,449,604,638,681,493,395,714,895,908,869,961,779,619,750,741,613,686,37,31,29,29,Default,
202066,517,554,638,406,421,412,335,609,822,858,764,682,1131,1102,890,442,515,601,474,382,414,406,381,312,451,605,640,683,493,396,716,896,910,870,961,781,620,751,742,614,688,37,31,28,29,Default,
202082,518,555,639,407,422,412,335,611,824,861,766,683,1132,1103,891,441,515,601,474,387,418,409,385,315,452,605,642,685,496,396,716,898,912,874,964,781,622,753,743,615,688,40,30,29,29,Default,
202098,517,554,638,406,422,412,336,610,823,861,766,683,1132,1104,891,441,516,603,475,389,419,410,385,316,451,606,642,685,496,397,717,899,914,875,965,783,626,755,746,616,690,38,31,29,29,Default,
202114,515,551,637,406,421,413,335,609,822,858,764,682,1131,1102,891,440,516,602,474,389,420,410,385,316,452,606,642,687,497,397,717,899,915,876,965,783,624,756,747,619,690,37,31,29,29,Default,
202130,515,552,637,408,422,414,336,609,820,858,763,682,1131,1102,887,439,514,600,472,388,419,409,383,315,452,605,642,687,497,397,717,900,915,875,965,783,626,756,747,617,690,38,30,29,29,Default,
202146,517,554,639,410,424,414,337,609,820,859,764,681,1130,1101,885,440,514,598,470,386,415,406,382,315,451,605,640,684,495,397,717,899,915,874,964,783,621,754,744,616,688,37,31,29,30,Default,
202162,518,555,641,411,424,414,337,611,823,861,766,684,1131,1102,887,439,514,598,470,385,418,406,381,315,451,605,641,684,496,397,719,901,914,874,962,784,624,754,744,616,688,40,32,28,29,Default,
202178,521,557,642,411,424,415,338,613,825,864,766,685,1133,1106,890,440,515,600,472,388,418,408,383,315,452,605,642,684,496,397,719,901,916,876,964,782,625,754,744,615,689,38,30,29,29,Default,
202194,522,559,642,412,425,415,339,614,827,865,769,685,1135,1108,893,440,515,601,472,389,420,411,385,318,452,607,642,685,497,397,721,903,916,878,964,783,626,756,746,617,689,38,30,29,32,Default,
202210,522,560,644,413,427,416,339,615,829,866,770,687,1136,1109,895,442,516,601,473,389,421,411,387,318,453,607,642,686,497,397,721,903,917,878,965,783,627,757,747,617,688,40,31,29,30,Default,
202226,524,562,646,414,427,418,340,615,830,867,771,689,1138,1111,898,443,517,602,474,390,420,412,388,317,455,608,642,688,498,398,721,906,918,879,965,783,627,758,747,617,690,37,30,29,29,Default,
202242,526,563,646,415,429,419,341,617,833,867,772,690,1141,1113,899,443,518,603,475,391,421,413,388,317,456,608,643,687,497,396,722,905,917,878,963,779,626,755,746,616,689,37,30,29,29,Default,
202258,526,564,649,415,429,419,342,617,834,870,773,689,1141,1115,901,445,518,605,476,389,418,410,386,315,455,609,643,688,497,397,721,904,915,878,960,781,623,751,743,613,685,37,30,29,29,Default,
202274,528,565,649,416,430,421,342,620,835,873,775,692,1142,1116,903,444,520,606,479,389,419,412,387,315,456,609,645,688,497,397,721,905,916,878,962,782,626,754,744,613,687,37,30,28,29,Default,
202290,527,565,649,415,428,419,340,619,835,870,775,689,1142,1115,903,444,519,605,478,392,420,413,388,316,456,611,646,689,499,398,723,907,919,881,965,783,628,757,746,616,689,37,31,28,29,Default,
202306,526,563,647,416,428,419,342,617,832,869,773,692,1141,1115,902,444,519,605,478,393,421,412,388,319,457,612,647,692,500,400,725,908,920,883,966,786,628,758,749,619,691,37,31,29,29,Default,
202322,525,563,647,415,428,418,340,616,832,867,771,691,1141,1115,901,444,519,605,479,393,421,413,388,318,457,613,647,691,501,399,725,908,922,883,966,783,629,758,750,617,691,37,31,29,30,Default,
202338,525,563,648,416,429,419,342,617,833,869,771,692,1141,1116,903,445,519,605,479,391,420,412,387,318,457,613,648,692,501,401,725,909,920,883,966,786,630,760,750,619,690,38,31,29,32,Default,
202354,527,564,650,417,430,421,342,617,833,870,772,692,1143,1117,903,445,520,605,479,393,420,410,388,317,458,613,647,692,501,399,725,908,920,883,965,783,629,760,750,616,691,37,32,29,30,Default,
202370,529,566,651,418,431,420,344,619,835,872,775,694,1144,1120,904,446,521,608,479,393,421,412,388,316,459,614,649,692,501,401,724,909,923,883,965,783,630,761,750,617,690,39,31,29,30,Default,
202386,530,567,651,418,431,422,343,619,837,874,775,692,1145,1122,906,446,522,607,480,394,423,415,390,319,460,616,650,694,501,401,727,912,923,886,966,783,631,762,751,618,691,38,31,28,29,Default,
202402,529,565,650,416,429,421,343,620,835,872,775,696,1145,1123,907,446,518,605,476,397,427,417,393,322,461,617,651,696,504,402,729,914,926,890,971,787,634,766,758,621,694,38,31,29,30,Default,
202418,525,559,647,412,426,417,341,619,830,868,773,695,1144,1120,908,446,519,606,477,401,429,420,397,323,462,617,653,698,507,403,733,917,932,896,976,789,636,771,763,625,699,38,32,29,31,Default,
202434,522,558,643,407,421,412,337,615,828,866,772,692,1144,1119,909,445,520,606,478,402,431,424,400,326,462,620,656,701,512,407,732,919,934,901,979,794,638,772,768,628,701,38,32,29,31,Default,
202450,520,557,642,406,419,410,336,616,827,866,772,692,1143,1119,908,447,521,608,480,404,431,425,399,327,463,621,658,700,515,408,734,921,936,903,982,795,638,775,771,629,703,38,33,29,30,Default,
202466,522,559,644,406,422,412,338,617,829,867,773,693,1144,1119,909,447,521,607,479,404,432,424,398,327,464,621,658,702,515,408,737,924,936,903,981,796,639,774,772,629,703,38,29,29,29,Default,
202482,523,560,644,408,423,414,338,619,831,870,775,694,1144,1120,909,447,522,609,480,404,432,423,400,327,464,621,659,702,515,408,737,924,937,903,980,796,640,775,772,630,703,38,31,30,31,Default,
202498,526,563,647,410,423,414,339,621,833,871,775,696,1148,1123,912,448,523,611,481,409,436,429,404,330,464,621,657,701,515,408,740,926,940,907,982,797,640,776,775,630,704,41,32,29,31,Default,
202514,521,560,646,408,422,413,339,621,832,870,777,696,1147,1124,913,452,528,617,489,410,439,433,407,333,464,621,658,702,514,408,737,928,942,912,985,801,644,779,780,632,708,38,31,29,29,Default,
202530,519,556,642,404,418,410,337,619,830,870,776,696,1148,1123,915,451,528,617,487,413,440,434,410,335,465,622,660,703,517,410,742,931,945,917,990,803,645,782,787,635,711,38,32,29,32,Default,
202546,514,555,639,402,416,407,335,619,829,867,776,696,1147,1120,915,452,528,617,489,414,442,435,412,337,466,626,663,706,518,412,747,936,949,922,992,806,648,787,793,637,713,39,33,29,32,Default,
202562,516,555,639,402,417,407,335,620,830,869,776,696,1145,1120,915,451,526,615,485,414,442,433,410,336,468,626,665,709,521,413,748,937,950,923,993,807,650,787,793,638,715,40,32,30,32,Default,
202578,516,556,642,404,418,407,337,621,832,869,778,697,1148,1121,916,451,526,615,485,412,443,435,409,335,467,626,665,708,521,413,750,938,949,922,992,808,650,787,793,637,717,41,33,30,31,Default,
202594,518,558,644,406,421,411,338,621,833,870,779,698,1149,1124,916,452,527,617,487,415,447,438,415,339,468,626,665,709,522,414,749,939,953,923,994,808,650,789,793,637,716,39,32,30,32,Default,
202610,520,559,644,408,422,411,339,621,832,870,781,700,1151,1125,919,454,530,619,490,420,450,443,420,341,470,627,667,710,522,414,751,942,957,927,995,810,651,792,795,640,715,39,33,31,32,Default,
202626,519,559,643,403,418,408,337,621,831,869,780,699,1151,1124,918,454,530,620,493,420,449,443,420,341,469,630,667,711,524,415,754,942,958,928,998,811,651,792,796,640,717,39,33,30,33,Default,
202642,519,557,642,404,417,407,336,620,829,869,779,700,1150,1123,919,454,530,619,492,420,451,444,421,342,471,629,668,709,524,415,756,944,961,931,1000,812,651,791,797,642,719,40,33,32,32,Default,
202658,517,555,641,403,418,407,337,621,829,866,777,699,1149,1123,919,454,528,619,491,422,451,446,422,344,472,631,671,713,527,416,757,945,961,932,1003,812,653,793,800,642,721,39,32,30,33,Default,
202674,518,556,642,404,419,408,338,621,829,867,778,692,1148,1122,916,451,528,617,489,418,449,443,418,341,470,629,669,711,525,415,755,945,961,930,1000,812,650,792,796,641,717,43,30,27,33,Default,
202690,521,559,646,406,421,412,339,625,831,870,779,702,1151,1126,919,455,530,620,492,422,451,444,422,344,473,632,671,713,528,418,760,946,964,932,1000,814,656,795,800,642,720,40,33,31,33,Default,
202706,524,562,648,408,425,414,343,626,834,872,782,704,1153,1128,923,455,530,621,492,423,453,446,424,345,474,633,672,715,529,418,759,947,964,932,1002,813,656,796,800,642,721,40,32,30,32,Default,
202722,525,563,649,410,425,415,342,626,836,874,783,704,1154,1129,923,456,531,621,493,425,454,447,424,347,475,633,673,716,530,418,759,949,965,933,1003,815,659,798,801,644,721,42,33,32,32,Default,
202738,526,563,649,409,426,416,342,627,836,874,783,704,1155,1130,924,455,530,620,492,422,452,447,423,347,476,635,673,717,530,418,760,949,966,934,1003,817,659,798,802,645,721,40,34,31,33,Default,
202754,526,564,650,410,425,416,342,630,836,875,782,704,1155,1128,921,454,526,617,485,425,453,447,422,346,476,637,675,718,530,419,758,949,964,932,1002,815,659,798,801,645,721,41,33,30,32,Default,
202770,528,566,651,411,427,417,342,627,837,877,783,704,1154,1128,919,452,526,617,485,422,449,444,418,342,475,636,675,716,530,420,760,948,962,930,1000,815,659,797,800,642,721,42,33,30,32,Default,
202786,530,567,653,412,427,418,343,628,840,878,783,703,1155,1128,919,452,526,614,484,418,447,440,414,340,476,637,675,716,530,418,756,946,960,924,999,813,655,794,792,642,718,40,33,29,32,Default,
202802,531,569,654,414,429,418,343,629,841,880,783,703,1155,1127,919,452,526,614,484,418,446,440,414,339,475,637,675,715,530,417,757,944,959,923,999,810,653,791,788,639,717,38,32,30,31,Default,
202818,532,570,655,414,431,420,344,630,842,880,783,704,1156,1127,918,454,526,615,483,418,447,441,414,341,476,637,675,716,530,419,758,945,959,924,999,815,653,791,791,640,718,39,32,30,32,Default,
202834,531,570,656,414,430,420,345,630,842,880,784,704,1156,1128,918,452,527,616,485,421,450,445,418,344,476,638,677,717,533,419,758,945,961,924,999,813,654,795,793,640,718,38,33,29,32,Default,
202850,532,570,656,415,430,420,344,630,843,882,786,704,1156,1129,920,454,528,617,486,422,450,446,419,344,477,640,678,718,533,421,757,947,961,926,1000,813,655,795,794,643,718,41,32,31,32,Default,
202866,533,570,655,415,431,421,344,630,843,882,785,705,1156,1129,920,454,529,617,486,419,448,444,417,341,476,639,676,717,531,419,757,945,960,925,999,812,654,794,791,641,719,37,33,31,32,Default,
202882,534,572,657,417,431,422,346,630,845,883,786,704,1156,1130,918,453,528,617,486,416,447,440,414,339,476,638,676,717,529,418,754,941,956,920,998,809,649,787,787,638,713,39,33,29,32,Default,
