Timestamp,Point0,Point1,Point2,Point3,Point4,Point5,Point6,Point7,Point8,Point9,Point10,Point11,Point12,Point13,Point14,Point15,Point16,Point17,Point18,Point19,Point20,Point21,Point22,Point23,Point24,Point25,Point26,Point27,Point28,Point29,Point30,Point31,Point32,Point33,Point34,Point35,Point36,Point37,Point38,Point39,Point40,Point41,Point42,Point43,Point44,Label,
182466,6,6,6,6,6,6,7,6,6,6,6,8,8,8,8,4,5,6,8,5,5,6,7,6,6,6,5,6,6,5,5,5,7,6,6,5,6,6,6,6,6,5,6,5,5,Default,
182482,6,6,6,6,6,6,6,6,6,6,6,8,8,8,9,4,4,6,8,5,4,6,8,5,6,5,5,7,6,5,5,6,6,6,6,5,5,6,6,6,6,6,6,5,6,Default,
182498,6,6,6,6,6,5,6,6,6,6,6,8,8,7,8,4,6,6,8,5,5,6,7,5,6,5,6,7,6,5,6,7,5,6,6,5,6,6,7,6,6,6,6,6,6,Default,
182514,6,5,6,6,6,6,6,6,5,6,7,8,8,8,8,5,5,6,8,5,4,6,7,5,6,5,6,7,5,6,6,6,6,6,6,5,6,6,6,5,6,6,5,5,6,Default,
182530,4,5,6,6,5,6,6,6,6,6,6,8,8,8,8,5,5,6,8,5,5,6,7,5,6,6,6,7,5,6,6,5,5,6,5,6,6,6,6,6,6,6,6,6,5,Default,
182546,6,6,6,6,6,6,6,6,6,6,6,8,7,8,9,5,5,6,8,4,5,6,7,5,5,5,6,7,6,6,6,5,6,7,5,6,6,6,6,6,6,6,6,5,6,Default,
182562,6,6,6,6,5,6,6,6,6,5,6,8,8,8,9,6,5,6,8,5,5,6,8,5,5,5,6,8,6,6,6,5,6,7,6,6,5,6,6,6,6,6,6,6,5,Default,
182578,7,7,8,4,8,6,8,7,5,6,8,10,9,8,11,7,4,4,8,5,6,6,7,5,5,5,6,7,5,6,6,6,6,7,5,6,6,6,6,6,6,6,6,6,5,Default,
182594,7,7,7,7,8,8,7,6,7,4,8,6,6,7,9,5,5,6,8,5,5,6,8,4,6,5,4,8,7,4,4,6,6,8,6,4,7,7,7,4,7,7,4,7,7,Default,
182610,6,6,6,5,6,6,7,6,6,6,6,8,8,8,8,5,4,6,8,6,5,6,8,5,6,5,6,7,5,5,6,5,6,7,6,6,6,6,6,6,6,6,6,6,6,Default,
182626,6,6,6,4,5,6,5,6,6,6,6,8,8,8,9,5,5,6,8,4,5,6,8,5,5,5,6,7,5,6,6,5,5,7,6,6,6,6,7,5,5,6,6,6,6,Default,
182642,6,6,6,5,6,6,6,6,6,6,6,8,7,7,8,5,5,6,8,4,4,6,7,5,6,6,6,7,5,5,6,5,6,6,6,6,6,6,7,6,6,6,5,6,5,Default,
182658,6,6,6,6,6,6,7,6,5,6,6,8,8,7,8,4,5,6,8,5,5,6,8,5,6,5,5,7,6,6,6,6,5,7,5,6,6,6,7,6,6,6,6,5,6,Default,
182674,6,6,6,6,6,6,7,6,6,6,6,8,7,7,8,4,5,6,8,5,5,6,6,4,5,6,5,7,5,6,6,4,5,6,5,6,6,6,7,6,5,5,6,6,5,Default,
182690,6,6,6,5,6,6,7,6,6,6,6,8,7,8,8,5,6,6,7,5,6,6,7,5,6,5,6,6,5,5,5,6,6,6,6,6,6,6,6,5,6,5,6,6,6,Default,
182706,6,5,6,6,5,6,6,6,4,6,6,8,8,7,8,4,5,6,7,5,4,6,7,5,5,6,6,7,6,5,6,6,6,7,5,6,6,6,6,6,6,5,6,5,6,Default,
182722,6,6,6,5,6,6,6,6,6,6,6,8,7,7,8,5,5,6,8,4,5,6,7,5,5,6,6,7,5,6,6,5,5,7,5,6,6,6,7,4,5,6,5,6,6,Default,
182738,6,7,6,5,6,6,7,6,4,6,6,8,7,7,8,5,6,7,7,5,5,6,7,5,6,6,6,6,6,6,6,6,6,7,6,5,6,5,7,6,6,6,6,5,6,Default,
182754,6,6,6,6,5,6,6,6,5,6,6,8,8,6,8,4,5,6,7,4,6,6,7,5,6,6,5,6,5,6,6,5,6,6,6,6,6,6,6,5,6,6,6,6,6,Default,
182770,5,6,6,5,6,5,8,6,6,6,6,8,7,7,8,5,4,6,8,6,5,6,7,5,5,6,6,7,6,6,5,6,6,6,6,6,6,6,6,4,6,4,6,6,6,Default,
182786,6,6,6,6,6,6,6,6,6,6,6,8,8,8,8,4,5,6,8,5,5,6,7,5,5,5,6,7,6,6,6,5,6,7,5,6,6,6,6,6,5,6,6,6,6,Default,
182802,5,6,6,6,6,5,7,6,6,5,6,8,8,7,8,4,5,6,7,6,4,6,7,5,6,6,6,7,6,6,6,6,6,6,6,5,6,6,6,5,6,5,6,6,6,Default,
182818,6,6,6,4,6,6,7,6,5,6,6,8,7,7,8,5,4,6,7,5,5,6,7,5,6,6,6,7,6,6,6,6,6,7,5,6,6,6,7,5,6,6,6,6,6,Default,
182834,5,6,6,6,6,6,7,6,6,6,6,8,7,6,6,5,5,6,6,5,6,6,6,5,6,6,6,6,6,5,6,6,5,6,6,5,6,6,6,5,6,6,6,5,6,Default,
182850,6,6,6,5,6,6,6,6,5,6,6,7,7,6,6,5,5,6,6,5,6,6,6,6,6,6,5,6,5,5,6,6,6,6,6,6,6,6,6,6,6,6,6,6,6,Default,
182866,6,6,6,6,5,6,6,6,6,6,6,7,6,6,5,6,5,6,6,6,6,6,6,6,6,6,6,6,6,6,6,5,6,6,6,5,5,6,6,5,6,6,6,6,6,Default,
182882,6,6,5,6,6,6,6,6,6,6,6,6,6,5,5,5,6,5,6,6,6,5,6,6,5,6,6,4,6,6,5,6,6,5,6,6,5,6,5,6,6,6,6,6,6,Default,
182898,6,6,6,5,6,6,7,5,6,6,7,8,7,7,8,4,5,6,8,6,6,6,8,5,6,5,6,6,5,6,6,5,6,7,5,6,6,6,6,5,6,6,6,6,5,Default,
182914,6,6,6,6,6,6,7,6,6,6,6,8,7,7,8,5,5,6,7,5,5,6,7,5,5,5,6,7,5,5,6,6,5,7,5,5,6,6,6,6,6,6,6,6,4,Default,
182930,6,6,5,6,6,6,6,6,6,6,6,8,8,7,8,5,5,6,8,4,4,6,7,5,6,5,6,7,6,5,6,5,6,7,5,6,6,6,6,6,5,6,6,6,6,Default,
182946,6,6,6,6,6,6,6,6,5,6,6,8,8,7,8,4,5,6,8,5,5,6,7,5,5,6,6,7,6,5,6,6,5,6,5,5,6,6,6,6,6,4,6,6,5,Default,
182962,6,6,6,5,6,5,6,6,6,5,6,8,7,8,8,5,5,6,8,5,5,6,7,5,6,6,6,7,5,6,6,5,6,6,6,6,6,6,6,6,6,6,6,6,6,Default,
182978,6,6,6,6,5,6,7,6,6,6,6,8,8,8,9,5,4,6,8,4,5,6,8,5,6,5,6,7,5,6,6,6,6,7,5,5,6,6,6,5,6,6,6,6,6,Default,
182994,6,6,6,6,6,6,6,6,6,6,6,8,8,7,9,6,4,6,8,4,5,6,8,4,6,5,6,7,5,5,6,5,5,7,6,6,6,6,6,6,6,6,6,6,6,Default,
183010,6,6,6,5,6,6,6,6,6,6,6,8,8,8,9,5,4,6,7,5,5,6,8,6,5,6,6,7,5,6,6,5,6,7,6,5,6,6,6,6,6,6,5,5,6,Default,
183026,5,6,6,6,6,6,7,6,6,6,6,8,8,6,6,4,5,6,6,6,5,6,6,6,6,6,6,6,6,6,5,6,6,6,6,5,6,6,6,6,6,6,6,5,6,Default,
183042,6,6,6,6,5,6,6,7,6,6,6,7,6,6,6,5,5,6,6,6,5,6,6,6,6,6,5,6,7,6,6,6,6,6,6,6,6,6,6,5,6,6,6,6,6,Default,
183058,5,6,6,5,6,5,6,5,6,6,7,8,8,7,9,5,5,6,8,5,4,6,8,5,6,6,6,7,5,6,6,5,6,7,5,5,6,6,6,6,6,6,5,6,6,Default,
183074,6,5,7,6,6,6,7,6,6,6,6,8,8,7,8,5,5,6,8,6,5,6,7,4,5,6,6,6,5,6,5,5,6,7,6,6,6,6,6,6,6,6,6,6,5,Default,
183090,5,6,6,6,6,6,6,6,6,5,6,8,8,8,9,4,4,7,8,5,5,6,8,5,6,5,5,7,5,6,6,6,6,6,6,5,5,6,6,6,5,6,6,6,6,Default,
183106,6,5,5,5,6,4,6,6,6,6,6,8,7,6,7,4,5,6,6,6,6,6,6,6,6,5,5,6,6,5,6,6,6,6,6,6,5,6,6,5,6,6,6,5,6,Default,
183122,6,6,6,6,6,6,7,6,6,6,7,8,8,7,7,4,5,6,7,6,6,6,6,6,6,6,6,6,6,4,7,6,6,6,6,6,6,6,6,5,6,7,6,6,6,Default,
183138,6,6,6,6,6,6,6,6,5,6,7,8,8,8,9,6,6,6,8,5,5,6,8,5,6,6,5,7,5,6,6,6,6,7,5,6,6,6,6,4,5,6,6,6,6,Default,
183154,6,6,6,6,5,6,7,6,6,6,6,8,7,7,8,5,5,6,7,5,5,5,8,5,6,6,6,8,5,6,6,5,5,7,5,5,6,7,6,6,6,6,6,6,5,Default,
183170,6,6,6,6,6,6,6,7,6,5,6,8,8,7,8,5,5,6,8,5,5,6,7,5,6,5,6,7,6,5,6,6,6,6,6,6,6,6,6,4,6,6,6,5,6,Default,
183186,6,6,5,6,6,6,7,6,6,6,6,8,7,8,8,5,6,6,8,4,4,6,7,5,6,5,6,7,5,6,5,6,6,6,6,6,6,6,6,6,6,5,6,6,6,Default,
183202,5,6,6,6,6,6,6,6,6,6,6,8,8,7,7,5,4,6,6,5,6,6,6,6,6,6,5,6,6,5,5,6,6,6,6,6,6,6,6,5,6,6,6,6,6,Default,
183218,5,6,6,5,5,6,6,6,6,6,6,8,6,6,6,5,6,6,6,6,5,4,5,6,5,6,6,6,6,6,6,6,5,6,5,5,6,6,6,6,6,6,6,6,6,Default,
183234,5,6,6,6,5,6,5,4,7,6,6,7,6,6,6,6,5,6,5,6,5,5,6,6,6,6,6,5,6,6,6,6,6,6,6,6,6,6,6,6,6,6,6,6,6,Default,
183250,6,5,6,5,6,6,6,6,6,6,6,7,6,6,6,5,5,6,6,6,6,6,6,6,5,6,5,5,6,6,6,6,6,6,6,6,5,6,6,6,6,6,6,6,6,Default,
183266,5,6,5,6,6,6,6,6,5,6,5,6,6,6,6,5,6,6,7,6,6,6,6,6,6,6,5,6,6,6,6,6,5,5,6,6,6,6,6,4,6,6,6,6,6,Default,
183282,6,6,5,5,6,5,6,6,6,6,6,6,6,5,6,6,6,6,5,5,6,6,5,6,6,6,5,6,6,5,6,5,6,6,6,6,6,6,6,5,6,6,6,5,6,Default,
183298,6,6,6,5,6,7,4,6,6,6,6,6,6,6,6,6,6,6,5,6,6,5,6,5,6,6,5,6,6,6,7,6,6,5,6,6,5,6,6,6,5,7,6,6,5,Default,
183314,6,6,5,6,6,6,6,6,6,5,6,6,5,5,6,6,6,6,6,6,6,6,6,6,6,6,6,6,6,4,5,6,6,6,6,6,6,6,6,6,6,6,6,6,6,Default,
183330,5,6,6,5,6,6,6,5,5,6,6,6,6,6,6,6,5,6,6,6,6,6,6,6,6,6,5,6,5,5,6,4,6,6,6,6,5,6,6,6,6,6,5,6,6,Default,
183346,5,6,5,6,6,6,6,6,6,6,6,6,6,6,6,5,5,6,6,5,6,6,6,6,6,6,5,6,6,6,6,6,6,6,6,6,6,6,6,6,6,6,6,5,5,Default,
183362,6,6,6,6,6,6,5,5,6,5,6,6,6,6,4,6,6,6,6,6,6,6,6,6,6,6,6,5,6,6,6,6,6,6,6,6,5,6,6,6,6,6,6,6,6,Default,
183378,4,6,6,6,6,6,6,6,6,6,6,6,6,6,6,6,6,6,6,6,5,6,6,5,5,6,5,6,6,6,6,6,6,6,6,5,6,6,6,4,6,6,6,6,6,Default,
183394,7,6,5,6,6,6,6,6,6,6,6,6,6,5,5,6,6,6,6,6,6,6,6,5,6,6,6,6,6,6,6,6,5,6,5,5,6,6,5,5,6,6,6,6,6,Default,
183410,6,6,6,6,5,5,6,6,6,6,6,6,6,6,5,6,6,6,6,6,6,6,6,6,5,5,6,6,6,6,6,6,6,6,5,6,6,6,6,6,6,6,6,6,6,Default,
183426,6,5,6,6,6,6,6,6,6,6,6,5,6,6,6,6,6,6,6,6,6,6,6,6,6,6,6,6,6,6,6,6,6,6,6,5,6,6,5,5,6,6,6,6,5,Default,
183442,6,6,5,6,6,6,6,5,6,5,6,6,5,5,6,6,5,6,6,5,5,6,6,6,6,6,6,6,6,5,5,6,6,6,6,6,6,6,5,5,6,6,5,6,6,Default,
183458,6,6,6,6,6,6,6,6,6,6,6,6,6,6,6,6,5,5,6,5,6,6,6,5,6,6,6,6,6,5,6,6,6,6,6,6,6,6,6,5,6,6,5,6,6,Default,
183474,6,6,5,5,6,6,6,6,6,6,6,6,6,5,6,6,6,6,6,6,6,6,6,6,6,6,5,6,6,5,6,6,6,5,6,6,5,6,6,6,6,6,6,6,6,Default,
183490,5,5,6,6,6,6,6,6,6,6,6,6,6,6,6,6,6,6,5,6,6,6,6,6,6,6,6,6,6,6,6,6,6,5,6,6,5,6,6,5,6,6,6,6,6,Default,
183506,6,6,6,6,6,6,6,6,6,5,6,6,6,6,6,6,6,6,6,6,5,6,5,5,6,6,6,6,6,6,6,6,6,5,6,6,6,6,6,6,6,5,6,6,6,Default,
183522,6,6,5,5,6,6,5,6,6,6,6,6,6,6,6,6,5,6,6,6,6,6,6,5,6,6,4,6,6,5,6,6,6,6,6,6,5,6,6,6,6,6,6,6,6,Default,
183538,7,7,6,6,6,6,6,6,6,6,5,7,7,6,6,6,5,6,6,6,6,5,7,6,6,6,6,6,6,6,7,6,6,6,6,6,6,7,6,5,6,6,6,6,6,Default,
183554,6,6,6,6,6,6,6,6,6,6,6,4,6,5,5,6,6,5,6,6,5,6,4,5,6,5,6,5,6,5,6,6,6,6,5,6,5,6,6,5,6,6,6,6,6,Default,
183570,6,6,6,5,6,6,6,6,6,6,5,6,6,6,6,6,6,6,5,6,6,6,6,5,5,6,6,6,6,6,6,6,6,5,5,6,5,6,6,6,6,6,6,6,6,Default,
183586,5,6,6,5,6,6,4,6,5,5,6,6,6,6,5,6,5,6,6,6,6,6,6,6,6,6,5,6,6,6,6,5,6,6,6,6,6,6,6,6,6,6,6,5,5,Default,
183602,6,6,5,6,6,6,5,5,6,6,6,6,6,6,6,6,6,6,6,6,6,6,6,6,6,6,6,6,5,6,6,6,5,6,6,6,6,6,6,5,6,6,6,6,6,Default,
183618,4,6,6,5,6,6,6,6,6,6,6,6,6,6,5,5,6,6,6,6,6,5,6,5,6,6,5,6,6,6,6,5,7,6,6,6,6,6,6,6,5,6,6,6,6,Default,
183634,6,6,6,6,6,6,6,6,6,6,6,6,6,6,6,5,6,6,5,6,6,6,6,5,6,5,5,6,5,6,6,6,6,6,6,5,6,6,6,6,6,6,6,5,5,Default,
183650,5,6,6,6,5,6,6,6,6,5,6,6,6,5,6,6,6,6,5,5,5,6,6,6,6,6,6,6,5,5,6,6,5,6,6,6,6,6,6,5,6,6,6,6,6,Default,
183666,6,6,6,6,6,6,5,6,5,6,6,6,6,6,6,6,6,6,6,6,5,6,6,5,6,6,6,6,6,6,6,6,6,6,5,5,6,5,5,5,6,5,6,6,5,Default,
183682,6,6,6,5,6,5,4,6,6,6,6,6,6,4,6,6,5,6,5,6,6,6,6,6,6,6,5,6,5,6,6,6,5,6,6,5,5,6,6,6,6,6,6,6,6,Default,
183698,6,6,6,6,6,6,6,6,6,6,5,6,6,5,5,6,6,6,6,6,5,5,5,6,5,6,6,6,6,6,6,6,5,6,6,6,6,6,6,6,6,6,6,5,5,Default,
183714,5,6,6,6,6,6,6,6,6,6,6,5,6,6,6,5,6,6,6,5,6,6,6,6,6,6,6,6,6,5,6,6,6,6,5,5,6,6,6,6,6,6,6,7,6,Default,
183730,5,6,6,6,5,6,4,6,6,6,6,6,6,5,5,5,5,6,6,6,6,6,6,6,6,6,6,6,6,6,6,6,6,6,6,6,5,6,6,4,6,6,5,6,6,Default,
183746,6,6,6,6,6,6,6,6,6,6,6,6,6,6,6,6,6,6,6,6,5,6,6,6,6,6,5,6,6,6,6,5,6,6,6,6,6,5,6,6,6,6,6,6,5,Default,
183762,6,6,6,4,6,6,4,6,6,6,5,6,6,5,6,6,6,7,6,6,6,5,6,6,6,6,5,6,6,5,5,6,6,6,6,6,6,6,6,5,5,6,5,6,6,Default,
183778,6,6,6,5,6,6,6,6,6,6,6,6,6,6,6,6,6,6,6,7,6,5,6,6,6,6,6,6,6,6,6,6,6,6,6,6,6,6,6,6,6,6,6,6,6,Default,
183794,6,6,6,6,6,6,6,4,6,5,5,6,6,6,5,6,6,5,6,5,6,5,6,6,6,6,6,6,6,5,7,6,6,6,6,6,6,6,6,6,6,6,6,6,6,Default,
183810,6,6,6,6,6,6,6,6,6,6,6,6,6,6,6,6,6,6,6,6,6,6,6,5,6,6,5,6,6,6,6,6,6,6,6,6,5,6,6,5,6,6,6,5,5,Default,
183826,6,6,6,5,6,6,5,6,6,6,6,6,6,5,6,6,5,6,6,6,5,5,6,6,6,6,5,6,6,6,5,6,6,6,6,6,5,6,6,4,5,6,6,6,6,Default,
183842,6,6,6,6,5,6,6,6,6,6,6,6,5,6,5,6,6,6,6,5,6,6,6,6,6,6,6,6,6,6,5,6,6,6,6,6,6,6,6,5,6,6,6,6,6,Default,
183858,6,6,6,5,5,6,6,6,5,6,6,6,6,6,6,6,6,6,6,6,6,6,6,6,6,5,5,6,5,6,6,5,6,6,7,6,6,6,6,6,6,6,6,6,6,Default,
183874,6,6,6,6,6,6,6,6,6,6,6,6,6,6,6,6,6,6,5,6,5,6,5,6,6,6,5,6,6,6,6,6,6,6,5,5,6,6,6,6,6,6,6,6,6,Default,
183890,5,6,6,6,5,6,5,6,6,6,6,6,6,6,6,6,6,6,6,6,6,6,5,5,5,5,6,6,6,6,6,6,6,5,5,6,6,6,6,6,6,6,6,6,6,Default,
183906,6,6,6,6,6,6,6,6,6,5,6,6,6,6,6,6,6,6,6,6,6,6,6,6,6,6,6,6,6,6,6,6,6,6,6,6,5,6,6,5,5,6,6,6,6,Default,
183922,6,6,6,6,6,6,4,6,5,6,6,6,6,5,6,6,4,6,6,6,6,6,5,5,6,6,5,6,6,6,6,6,6,6,5,6,6,6,6,6,5,6,6,5,6,Default,
183938,6,6,6,5,6,6,5,6,6,5,5,6,6,6,6,6,6,6,6,6,5,6,6,6,6,5,5,6,6,6,6,4,6,6,6,5,6,5,6,5,6,6,6,5,6,Default,
183954,6,6,6,6,6,6,5,6,6,6,6,6,6,6,6,6,6,6,5,5,6,6,6,5,6,5,5,6,6,6,6,6,6,6,6,6,6,6,6,5,5,6,6,6,6,Default,
183970,6,6,6,6,6,6,6,6,6,6,6,7,6,6,6,5,5,6,6,6,6,6,6,6,6,6,5,6,6,6,6,6,5,6,6,6,6,6,6,6,6,6,6,6,6,Default,
183986,5,6,6,6,6,5,6,6,6,6,6,6,6,6,6,6,6,6,6,6,6,7,6,5,5,6,6,5,6,6,5,6,6,6,6,5,6,6,6,6,6,6,6,6,6,Default,
184002,6,6,6,6,6,6,6,6,6,6,6,5,6,6,6,6,6,6,6,6,6,6,5,5,6,6,4,6,6,6,6,6,6,6,6,6,6,6,6,6,6,6,6,6,5,Default,
184018,6,6,6,5,6,6,6,6,6,6,6,6,6,6,6,6,6,6,6,5,6,5,6,6,5,6,6,6,6,5,6,6,5,6,6,6,6,6,6,6,5,6,6,6,6,Default,
184034,6,6,6,6,5,5,8,5,7,7,4,7,6,7,5,5,5,6,5,6,7,5,5,6,6,7,6,4,5,6,6,6,4,6,4,6,4,5,6,6,6,7,6,5,6,Default,
184050,6,6,5,6,6,6,6,6,6,6,6,6,6,6,6,6,6,6,5,5,6,6,6,5,6,6,6,6,6,6,6,6,6,6,6,6,5,6,6,6,6,6,6,6,6,Default,
184066,5,6,5,6,6,5,6,6,6,6,6,6,6,5,6,5,6,6,5,6,6,6,6,6,6,6,6,6,6,6,6,6,6,6,6,6,5,6,6,5,5,5,6,6,6,Default,
184082,6,6,6,6,6,6,6,5,5,6,5,6,6,6,5,6,5,6,6,6,5,6,5,6,6,6,6,6,5,6,6,6,6,6,5,6,6,6,6,6,5,6,6,6,6,Default,
184098,6,6,6,5,6,6,5,6,6,6,6,5,6,5,6,5,5,6,6,5,6,6,5,6,6,5,6,6,6,6,6,5,6,6,6,6,5,6,6,6,6,6,6,6,6,Default,
184114,6,6,6,6,6,6,6,6,6,6,6,5,5,6,6,6,6,6,6,6,5,6,6,5,6,6,6,6,6,6,6,5,5,5,6,5,6,6,6,6,6,6,6,6,6,Default,
184130,4,6,6,6,6,6,6,6,5,5,6,6,6,6,6,6,5,6,6,5,6,6,6,6,6,6,6,6,6,6,6,6,6,6,6,6,5,6,6,5,6,6,6,6,6,Default,
184146,5,6,6,6,6,6,5,6,6,6,6,6,6,6,6,5,6,5,6,6,6,6,6,6,6,6,6,6,6,6,6,6,5,6,6,6,6,5,5,6,6,6,6,6,5,Default,
184162,6,6,5,5,6,6,6,6,6,5,6,6,6,5,6,6,6,5,6,6,6,6,6,6,6,6,5,6,6,6,6,6,6,6,6,6,6,6,6,5,6,6,6,6,6,Default,
184178,5,7,5,6,6,6,6,6,6,6,5,5,6,6,6,6,5,6,6,5,6,6,6,6,6,6,6,6,6,6,6,6,6,6,6,6,6,6,5,6,6,6,5,6,6,Default,
184194,6,6,6,5,6,5,6,6,5,6,6,6,6,6,6,6,6,6,6,6,6,6,5,5,6,6,6,6,5,6,6,5,6,6,6,6,5,6,6,6,6,6,6,6,6,Default,
184210,6,6,6,5,6,6,6,6,6,6,6,6,6,6,6,6,6,6,6,6,5,6,6,6,6,6,5,6,6,6,6,6,6,6,6,6,6,6,6,5,6,6,6,6,6,Default,
184226,5,5,6,6,6,6,6,6,6,6,6,5,6,6,5,6,6,6,5,6,6,6,6,6,6,6,6,6,6,6,6,6,6,6,6,6,6,6,6,6,6,6,5,6,6,Default,
184242,6,6,6,6,6,6,6,6,6,5,6,6,6,6,6,6,6,6,6,8,7,7,6,6,5,6,4,6,7,7,5,4,4,4,4,4,6,4,6,5,6,3,6,5,3,Default,
184258,5,6,6,6,6,6,6,6,6,6,5,6,6,6,6,5,5,6,6,6,6,6,6,5,6,6,5,5,6,6,6,5,6,6,6,6,5,6,6,5,6,6,6,6,6,Default,
184274,7,6,6,5,6,6,6,6,6,5,6,6,6,6,6,6,6,6,6,5,6,6,6,5,6,6,5,6,6,5,6,6,6,6,6,6,6,6,6,6,6,6,6,6,6,Default,
184290,6,6,5,6,6,6,5,6,6,6,6,6,6,6,6,6,6,6,5,6,6,6,6,6,6,6,5,6,6,6,6,5,6,5,6,6,5,7,6,6,6,6,6,6,6,Default,
184306,4,6,6,6,6,7,6,6,6,6,6,6,6,6,6,6,6,6,6,6,6,6,6,6,5,6,6,6,6,6,6,6,6,5,6,5,5,6,7,6,6,5,5,6,6,Default,
184322,6,6,5,6,4,6,5,6,6,5,6,6,6,6,6,6,6,6,6,5,6,6,6,6,6,6,6,6,6,6,6,6,6,6,6,6,6,6,6,6,6,6,5,6,6,Default,
184338,6,6,6,5,6,6,6,5,6,6,6,6,6,6,6,6,6,6,6,5,6,6,6,6,6,6,6,5,6,6,6,6,6,6,6,6,5,6,6,6,5,6,6,6,6,Default,
184354,7,7,4,3,5,7,4,4,3,4,4,4,6,4,6,7,6,5,6,5,3,4,6,6,4,5,4,6,5,6,6,6,6,6,6,5,6,6,6,6,6,6,6,6,5,Default,
184370,6,6,6,6,6,6,6,6,6,5,6,6,6,6,5,6,6,6,6,6,6,6,4,6,5,6,6,6,6,6,6,6,6,6,5,5,6,6,6,6,5,6,6,6,6,Default,
184386,5,6,6,5,6,5,5,6,6,6,6,6,6,5,6,6,6,6,6,6,6,6,6,6,6,6,6,6,6,5,6,6,6,6,6,6,6,6,5,5,6,4,6,6,5,Default,
184402,6,6,5,6,6,6,6,6,6,5,6,6,6,6,6,6,5,6,6,6,6,6,6,6,6,6,6,6,5,5,6,6,6,6,6,5,6,6,6,6,6,6,6,6,6,Default,
184418,6,6,6,6,5,6,6,6,6,6,6,6,5,6,6,6,5,6,6,6,5,6,6,6,5,6,6,6,6,5,6,6,5,6,4,5,6,6,6,6,6,5,6,5,6,Default,
184434,6,6,6,5,6,6,6,6,6,6,6,6,6,6,6,5,5,6,6,6,6,6,6,6,5,6,6,6,6,4,6,6,6,6,6,6,5,6,5,5,6,6,6,6,6,Default,
184450,6,6,5,6,6,6,6,6,6,6,6,6,6,6,6,6,6,6,6,6,6,6,6,5,5,5,5,6,6,6,6,6,6,5,6,6,5,6,6,6,6,6,6,6,5,Default,
184466,6,5,5,6,6,6,6,6,6,5,6,6,5,6,5,6,5,5,6,6,6,6,6,6,6,6,6,6,6,6,6,6,5,6,6,6,6,6,6,6,6,6,6,6,6,Default,
184482,6,6,6,6,6,6,6,6,5,5,6,6,6,5,6,5,5,5,6,6,5,6,6,6,6,5,5,6,5,5,6,6,6,6,6,6,6,6,6,5,6,6,6,5,6,Default,
184498,7,6,5,6,6,6,6,6,5,5,6,5,6,6,6,6,5,6,6,4,6,6,6,5,6,6,5,6,6,5,6,5,6,6,6,6,5,6,5,6,6,6,5,6,6,Default,
184514,6,6,6,5,5,6,5,6,6,4,6,6,6,6,5,6,6,6,5,5,6,6,6,6,6,6,6,5,6,6,6,6,6,5,6,5,6,6,6,6,5,6,6,6,6,Default,
184530,6,5,5,6,6,6,6,6,6,6,6,6,6,6,6,6,5,6,6,6,6,6,6,5,6,6,4,6,6,5,6,6,5,5,6,6,6,6,6,6,6,6,6,6,6,Default,
184546,5,6,5,6,6,6,5,6,5,6,6,6,6,6,6,6,6,5,6,5,6,6,6,6,6,6,5,6,5,6,6,6,6,6,6,6,6,6,6,5,6,6,6,6,6,Default,
184562,6,6,5,6,6,6,5,6,6,6,5,6,6,6,5,6,6,5,5,6,6,6,5,6,5,6,6,5,6,6,6,6,6,6,6,6,6,6,6,6,6,6,6,6,6,Default,
184578,6,7,6,6,6,6,5,6,5,6,6,6,6,6,6,6,5,6,6,6,6,6,6,5,5,5,6,6,5,6,6,6,6,6,5,6,6,6,6,5,6,6,6,5,6,Default,
184594,5,5,6,6,6,6,6,6,6,6,6,6,6,6,5,6,6,6,5,6,6,6,6,6,6,6,6,6,5,6,6,6,6,6,6,6,6,6,5,6,6,6,6,6,6,Default,
184610,5,6,6,6,6,6,6,6,6,5,6,6,6,5,6,6,6,6,6,6,6,5,6,6,6,6,5,5,6,6,5,6,6,6,6,6,6,6,6,5,6,6,6,6,6,Default,
184626,6,6,6,5,5,5,6,6,6,6,6,6,5,6,6,6,6,6,5,6,6,6,6,6,7,6,6,6,6,5,6,6,6,6,6,5,6,6,6,6,4,6,6,6,5,Default,
184642,5,6,6,6,6,6,5,6,6,6,6,6,6,6,5,6,6,6,6,6,6,6,6,5,5,6,5,5,5,6,6,6,6,6,6,6,5,6,6,6,6,6,6,6,6,Default,
184658,6,6,6,6,6,6,5,6,6,5,6,6,5,5,6,5,6,6,6,5,6,6,6,6,6,6,6,6,6,6,6,6,6,6,6,6,6,6,6,6,6,6,5,5,6,Default,
184674,6,6,6,6,6,6,6,6,5,6,6,6,5,5,6,6,6,6,6,6,5,5,6,5,6,6,6,6,6,6,7,6,6,6,5,6,6,6,6,4,5,6,6,6,6,Default,
184690,6,6,6,5,5,6,6,6,6,5,6,6,6,6,5,6,5,6,6,6,5,6,6,6,6,5,6,5,6,6,6,6,5,6,5,5,6,6,6,6,5,6,6,5,6,Default,
184706,6,6,5,6,6,6,6,6,6,6,6,6,6,6,6,6,6,6,6,6,6,6,6,6,6,6,6,6,6,6,6,6,6,6,6,6,6,6,6,6,6,6,6,6,5,Default,
184722,6,6,6,5,6,6,6,6,6,6,6,5,6,6,5,7,5,6,6,5,5,6,6,6,6,6,5,6,6,6,6,6,5,5,6,6,5,6,6,6,6,6,6,6,6,Default,
184738,6,6,6,6,6,6,6,6,6,6,6,5,6,6,6,6,6,6,5,6,5,6,6,6,6,6,5,6,6,6,6,6,6,5,6,6,5,6,6,5,5,6,6,6,6,Default,
184754,6,6,6,6,6,6,6,6,6,5,5,5,6,5,6,6,6,6,6,6,6,6,5,6,6,6,6,5,6,6,6,6,5,6,5,6,6,6,6,6,6,6,5,6,6,Default,
184770,6,6,6,6,6,6,6,6,6,6,6,6,6,5,6,6,5,6,6,6,6,6,6,6,6,6,6,6,6,6,6,5,5,6,6,6,6,6,6,6,6,6,6,6,6,Default,
184786,6,6,5,5,6,6,4,6,6,6,6,8,6,6,5,6,5,6,6,6,6,6,5,6,6,6,5,6,6,6,6,6,6,6,6,6,5,6,6,6,6,6,5,6,6,Default,
184802,6,6,6,5,6,5,5,6,6,5,6,6,6,6,5,6,6,6,5,5,6,6,6,4,6,6,6,6,6,5,6,6,6,6,6,5,6,5,6,5,5,6,5,6,5,Default,
184818,6,6,6,5,5,5,6,6,6,6,6,6,6,6,6,6,5,6,6,6,6,6,6,5,6,6,6,6,5,6,6,5,6,6,6,6,6,6,6,5,6,6,6,6,6,Default,
184834,6,6,5,6,6,5,6,6,6,6,6,6,6,6,6,6,5,6,6,6,6,6,5,5,6,6,6,5,5,5,6,6,6,6,6,6,6,6,6,6,6,5,6,6,5,Default,
184850,5,6,6,6,6,6,6,6,6,6,6,6,6,5,6,6,6,6,6,6,6,6,5,6,6,6,5,6,6,6,6,6,6,6,6,6,6,6,6,5,6,6,6,6,5,Default,
184866,5,5,6,6,5,5,6,6,6,6,6,6,6,6,6,6,6,6,5,6,6,6,5,6,6,6,5,6,6,6,6,6,6,6,6,6,6,6,5,6,6,5,6,6,6,Default,
184882,6,6,6,5,6,6,6,6,6,6,6,6,6,5,6,6,5,6,6,6,5,6,6,4,5,6,6,6,6,6,6,5,6,6,6,6,5,6,6,6,6,6,5,6,6,Default,
184898,6,6,6,6,6,6,5,6,6,6,6,6,6,6,6,6,6,6,6,6,6,5,6,6,5,6,6,6,5,6,6,6,6,5,6,6,6,5,6,6,6,6,6,6,6,Default,
184914,5,6,6,6,6,5,6,6,6,5,6,6,6,6,6,6,6,5,6,6,6,6,6,6,6,6,5,6,6,5,6,6,6,5,6,6,6,6,6,5,6,5,5,5,6,Default,
184930,6,6,6,5,6,6,6,6,6,6,6,6,5,5,6,6,5,6,6,6,6,6,6,6,6,5,6,6,6,5,6,5,6,6,6,6,7,6,6,5,6,6,6,6,6,Default,
184946,6,6,6,6,6,6,6,5,5,6,6,6,6,6,6,6,6,6,6,6,6,5,6,6,6,6,6,6,6,6,5,6,6,5,6,6,6,6,6,5,5,5,6,6,6,Default,
184962,6,6,6,5,6,6,6,6,6,5,6,5,6,6,6,6,6,6,6,6,6,6,6,5,6,6,6,6,6,6,6,6,6,6,5,5,5,6,6,6,6,6,6,6,6,Default,
184978,5,6,6,5,6,6,6,6,6,6,6,5,6,6,6,6,6,5,6,5,6,6,6,6,6,6,6,6,6,6,6,6,5,6,6,6,6,5,6,6,6,6,6,6,6,Default,
184994,6,6,6,6,6,6,6,6,6,6,6,6,6,6,6,6,5,6,6,5,6,6,6,6,6,6,6,6,6,6,6,6,6,6,5,6,5,6,6,4,6,6,6,5,6,Default,
185010,6,6,6,6,5,6,6,6,6,6,6,6,6,5,6,5,5,6,6,6,5,6,6,6,6,6,6,6,6,6,6,6,6,6,6,6,6,6,6,5,5,5,6,6,5,Default,
185026,5,5,6,6,6,6,5,6,6,5,5,6,6,6,6,6,4,6,6,6,6,6,5,6,6,6,5,6,5,5,6,6,6,6,6,6,5,6,5,6,5,5,5,6,5,Default,
185042,6,5,6,6,6,6,6,6,6,6,6,6,5,6,5,6,6,6,6,6,6,6,6,6,6,6,6,5,6,5,5,6,6,6,6,6,6,6,6,6,6,6,6,6,6,Default,
185058,6,6,6,5,6,6,6,6,6,6,6,5,6,6,6,6,4,5,6,6,6,6,6,4,6,6,5,6,6,6,6,6,6,6,4,6,6,6,6,6,6,6,6,6,6,Default,
185074,6,6,6,6,6,6,6,6,6,4,6,6,6,6,6,6,6,6,6,6,6,6,6,6,6,6,6,6,5,5,5,6,6,6,5,6,6,6,5,6,5,5,5,6,5,Default,
185090,6,6,6,6,6,6,5,6,6,6,6,6,6,5,5,6,5,5,6,6,6,6,6,6,5,6,5,6,6,6,6,6,6,6,6,6,6,6,6,6,6,6,6,6,5,Default,
185106,5,5,6,6,6,5,6,5,6,6,6,6,6,6,6,6,6,6,6,6,6,6,6,6,6,6,6,5,6,6,6,6,4,6,5,6,6,5,5,5,6,6,6,5,5,Default,
185122,6,6,6,6,6,6,6,6,5,6,6,6,6,6,6,6,5,6,6,5,5,6,6,6,6,6,5,6,6,6,6,6,6,6,5,6,6,6,5,5,6,6,6,6,6,Default,
185138,6,6,6,6,6,6,6,5,5,6,6,6,6,6,6,5,6,6,5,4,6,6,6,6,6,6,6,5,6,5,6,6,5,5,6,6,6,6,6,6,6,6,5,6,6,Default,
185154,6,6,6,5,6,6,6,6,6,6,6,6,6,6,6,6,6,6,6,6,6,6,5,6,5,6,5,6,6,6,6,6,6,6,5,5,5,6,6,5,6,6,6,6,6,Default,
185170,6,6,6,5,5,6,6,6,6,6,5,6,6,6,6,6,5,6,6,6,6,6,6,6,6,6,6,6,6,6,6,6,6,6,6,5,5,6,6,6,6,6,6,6,6,Default,
185186,5,6,5,6,6,6,6,6,6,6,6,6,6,6,6,6,6,6,6,5,6,6,5,6,6,6,6,6,6,6,6,6,6,6,5,6,5,6,6,5,6,6,6,6,6,Default,
185202,6,6,6,6,6,6,6,6,6,6,6,6,6,6,6,5,6,6,6,6,6,6,5,5,6,6,5,5,6,6,6,5,6,6,6,6,6,6,6,6,6,6,6,6,6,Default,
185218,6,6,6,5,6,6,4,6,6,5,5,6,5,6,5,5,5,6,6,6,6,6,6,6,6,6,6,6,6,5,6,6,6,6,5,5,5,6,6,6,6,6,6,6,5,Default,
185234,6,6,5,6,6,6,5,6,6,6,6,6,6,5,6,6,5,6,7,6,6,6,6,5,5,5,6,6,5,6,5,6,6,6,6,6,6,6,6,6,6,6,6,6,6,Default,
185250,6,5,6,6,6,6,4,6,6,7,6,6,5,6,6,5,6,6,6,5,6,6,5,4,6,6,6,6,6,6,6,6,6,6,6,5,4,6,6,5,6,6,6,6,6,Default,
185266,6,5,6,5,6,6,6,6,6,6,6,6,6,6,6,6,5,6,5,6,6,6,6,5,6,6,6,6,6,5,6,5,6,5,5,6,6,6,6,5,6,6,6,5,6,Default,
185282,5,6,5,6,6,5,6,6,6,5,5,6,5,6,6,6,5,5,6,5,6,6,4,5,6,6,6,7,6,6,6,6,5,6,7,5,6,6,6,6,6,5,5,6,6,Default,
185298,6,6,6,5,6,6,6,6,6,6,6,6,6,4,6,6,5,5,5,6,6,6,6,6,5,6,5,6,5,4,6,6,6,6,6,5,6,6,6,6,6,6,6,6,4,Default,
185314,6,6,5,6,6,5,6,5,6,6,5,6,6,6,5,6,6,6,6,6,6,5,6,6,6,6,6,6,6,5,6,5,6,6,6,4,6,7,6,6,6,6,6,6,5,Default,
185330,6,5,5,6,6,5,6,6,6,6,6,6,5,6,6,6,6,6,6,6,6,5,6,6,6,6,6,6,6,6,6,6,6,6,6,6,6,6,6,5,5,6,6,6,6,Default,
185346,5,6,5,6,6,6,6,6,6,6,6,5,6,6,6,6,6,6,6,6,6,6,6,5,5,6,5,6,6,6,6,6,6,6,6,6,6,6,5,6,6,6,6,6,5,Default,
185362,6,6,6,5,6,6,6,6,6,6,6,6,6,5,6,6,6,6,4,6,6,6,6,6,6,6,5,6,6,6,6,5,6,6,6,6,6,6,6,6,6,6,6,5,6,Default,
185378,6,6,6,6,5,6,6,6,6,6,6,6,6,6,5,6,6,6,6,6,6,6,6,5,5,6,6,6,6,6,6,5,6,6,6,6,6,5,6,6,6,6,7,5,6,Default,
185394,6,6,5,6,6,5,6,6,6,6,6,6,6,6,6,6,6,6,6,6,6,6,6,6,5,6,4,6,6,5,5,6,6,5,6,6,5,6,6,5,6,5,6,6,6,Default,
185410,5,6,5,5,6,5,5,6,6,6,6,6,6,5,6,6,5,6,5,6,6,6,5,5,6,6,5,6,6,6,6,6,5,5,5,6,6,5,6,5,5,6,5,6,6,Default,
185426,6,6,6,6,6,6,6,6,6,6,6,6,6,6,5,6,6,6,5,6,6,4,6,6,6,5,6,6,6,6,6,6,6,6,6,6,6,5,6,6,6,5,6,6,5,Default,
185442,6,6,6,6,6,6,6,6,6,6,5,6,6,6,6,6,6,6,6,6,6,6,6,5,6,6,5,6,6,5,6,6,5,6,6,6,6,6,6,6,6,6,6,6,6,Default,
185458,6,6,6,6,6,5,6,6,6,5,6,5,6,6,6,5,6,6,6,6,6,6,6,5,6,6,5,6,6,5,6,6,6,6,5,6,5,6,6,6,6,6,6,6,4,Default,
185474,6,6,6,5,6,6,6,6,6,6,6,6,6,6,6,6,6,6,6,5,6,6,6,6,6,6,6,6,6,6,6,6,6,6,6,6,6,6,6,5,6,6,6,6,6,Default,
185490,6,6,6,5,6,6,6,6,6,6,6,6,6,6,6,6,6,6,6,6,6,6,6,6,6,6,5,5,5,6,6,6,6,6,6,6,5,6,6,5,5,6,6,6,6,Default,
185506,5,5,6,6,6,5,6,6,6,6,6,6,6,6,6,6,5,5,6,6,6,6,6,6,6,6,6,6,6,5,6,6,6,6,6,6,6,6,6,6,5,6,6,5,6,Default,
185522,5,6,5,6,6,6,6,6,6,6,6,5,6,6,6,5,6,5,6,5,6,6,5,5,6,6,6,6,6,5,6,6,6,6,6,6,6,6,6,5,6,6,6,6,6,Default,
185538,6,6,6,5,6,6,5,5,6,6,6,6,6,6,6,6,6,5,6,6,6,5,6,6,6,5,5,6,6,6,6,6,5,6,6,5,6,6,6,6,6,6,6,6,5,Default,
185554,6,7,5,6,6,6,6,5,6,6,6,6,6,6,6,5,6,6,5,6,6,6,6,6,6,6,6,6,6,6,6,6,6,6,6,6,5,6,6,6,6,6,6,6,6,Default,
185570,6,6,6,6,6,5,6,6,6,6,6,5,5,6,5,6,6,5,6,6,6,6,6,6,6,6,6,5,6,6,6,6,6,6,6,6,6,6,6,6,5,6,6,6,6,Default,
185586,5,6,5,5,6,6,6,6,6,6,6,6,6,6,5,6,6,5,6,6,6,6,6,6,6,6,6,6,6,6,6,6,5,6,6,6,6,6,5,6,6,5,6,6,6,Default,
185602,6,6,6,5,5,6,6,6,6,6,6,6,6,6,6,6,6,5,6,6,6,5,6,6,6,6,5,6,6,6,6,6,6,6,6,5,5,6,6,5,6,6,6,6,6,Default,
185618,6,6,6,6,5,6,5,5,6,4,6,6,6,6,6,6,6,6,6,6,6,6,6,5,5,6,6,6,6,6,6,6,6,6,6,6,6,6,6,5,6,6,6,6,6,Default,
185634,6,6,6,6,6,6,6,6,6,6,6,6,5,5,5,6,5,6,6,6,6,6,5,5,6,5,4,6,6,6,6,6,6,6,5,5,6,6,6,6,6,6,6,6,6,Default,
185650,5,6,6,5,6,6,6,6,6,6,6,6,5,6,6,6,5,6,6,6,5,6,6,6,6,6,5,6,6,5,6,6,6,6,6,6,6,6,6,5,6,6,6,6,6,Default,
185666,5,6,5,6,6,6,6,6,6,6,6,6,6,6,6,6,6,6,6,5,6,6,5,6,5,6,6,6,6,6,5,6,6,6,6,6,6,6,6,5,6,6,5,6,6,Default,
185682,5,6,6,6,6,5,5,6,6,6,6,6,6,6,6,6,6,6,6,6,6,6,6,6,6,6,6,6,6,5,6,6,5,6,6,6,6,6,6,6,6,6,6,6,6,Default,
185698,6,6,6,5,6,6,6,6,6,6,6,6,6,6,6,5,6,6,6,6,6,6,6,4,5,6,6,6,6,5,6,6,6,5,6,6,6,6,6,6,6,6,6,6,5,Default,
185714,6,6,6,6,5,5,6,6,6,6,6,4,6,6,6,6,6,5,6,6,6,6,6,6,5,6,6,6,6,6,6,6,6,6,6,6,5,6,6,6,6,6,6,6,6,Default,
185730,6,6,6,5,6,4,4,6,6,6,6,6,6,5,5,6,5,6,5,6,6,6,6,6,6,6,5,6,6,6,6,5,6,5,6,6,5,6,6,6,6,6,6,6,6,Default,
185746,6,6,5,6,6,5,6,6,6,5,6,6,6,6,6,6,6,6,6,5,6,5,6,6,6,6,6,5,6,6,6,6,6,6,6,6,5,6,6,6,6,5,6,6,6,Default,
185762,6,6,6,6,5,5,6,5,6,6,6,6,5,6,5,6,5,6,6,6,6,6,6,6,4,5,6,6,6,6,6,5,6,6,6,6,6,6,6,6,5,6,6,6,6,Default,
185778,6,6,6,5,6,6,5,6,6,6,6,6,5,8,7,7,4,7,6,6,4,7,7,7,6,5,7,7,4,6,4,7,4,7,4,4,6,6,6,7,5,7,6,6,4,Default,
185794,6,6,6,5,6,6,6,6,6,6,6,6,6,6,6,5,6,6,6,5,5,5,6,5,6,6,6,6,6,5,6,6,5,6,5,6,6,6,6,6,6,6,6,6,6,Default,
185810,6,6,6,6,6,6,6,6,6,6,6,6,5,6,6,5,6,6,6,5,6,6,6,6,6,6,5,6,6,6,6,6,6,6,6,5,6,6,6,6,6,6,6,6,6,Default,
185826,4,6,5,5,6,6,6,6,6,6,6,6,6,6,6,6,6,6,6,6,6,6,6,6,6,6,6,6,6,6,6,6,6,5,6,6,6,6,6,6,6,6,6,6,6,Default,
185842,6,6,6,6,6,6,6,6,6,6,6,6,5,6,6,6,6,6,6,6,5,6,6,5,6,6,6,5,5,6,6,6,6,6,6,6,6,6,6,6,6,6,6,6,5,Default,
185858,6,6,6,6,5,6,6,6,6,4,6,6,6,6,6,6,6,5,6,5,6,6,6,6,6,6,6,6,6,5,6,6,6,6,6,6,6,5,6,5,6,6,6,6,6,Default,
185874,6,6,6,5,6,6,6,6,6,6,6,6,5,5,6,6,6,6,6,6,6,6,6,5,5,6,5,6,6,5,6,6,6,6,6,6,6,6,6,4,6,6,6,6,6,Default,
185890,6,6,6,6,6,6,6,6,6,6,5,6,6,6,6,6,6,6,6,6,6,6,6,6,6,6,5,6,6,6,6,6,6,6,6,6,6,6,6,6,6,6,6,6,6,Default,
185906,6,6,5,6,5,5,5,6,6,6,6,6,5,6,6,6,6,6,6,6,6,6,6,6,5,6,5,5,6,6,6,6,6,6,6,6,6,6,5,6,6,6,6,6,5,Default,
185922,6,6,6,5,6,6,6,6,6,6,6,6,6,6,6,6,6,6,6,6,6,6,6,5,6,6,5,6,6,6,6,6,6,6,5,6,5,6,6,6,6,6,6,6,6,Default,
185938,5,6,6,6,6,6,6,6,6,6,6,5,6,5,6,6,6,6,6,6,6,5,5,6,6,6,6,6,6,5,6,6,6,6,6,6,6,6,6,5,6,6,6,5,6,Default,
185954,6,6,6,6,6,6,4,6,6,6,6,6,6,6,6,6,6,5,6,5,6,6,6,6,5,6,6,6,6,5,6,6,6,6,6,6,6,6,5,5,6,6,6,6,5,Default,
185970,4,6,6,6,6,6,6,6,6,6,6,6,6,6,6,6,5,6,5,6,6,6,6,5,5,6,5,5,6,6,6,6,6,6,5,6,6,6,6,6,6,6,6,5,6,Default,
185986,6,6,6,6,6,6,5,6,6,6,6,6,6,5,6,6,6,6,6,6,6,6,6,6,6,6,6,6,6,6,6,6,6,6,5,6,6,5,6,5,6,5,6,6,6,Default,
186002,6,6,6,5,6,6,6,6,6,5,6,6,6,6,6,6,6,6,6,5,6,6,6,6,6,6,6,6,6,5,5,6,6,6,6,6,6,6,6,6,6,6,6,6,5,Default,
186018,6,6,5,5,6,6,6,6,6,5,6,6,6,6,5,6,5,6,6,6,6,6,6,5,6,6,5,5,6,5,6,6,6,5,6,6,6,6,6,5,6,6,5,6,6,Default,
186034,6,6,6,6,6,6,6,6,6,6,6,6,6,6,5,6,6,6,6,6,5,6,6,5,6,6,6,5,6,6,6,5,5,6,6,5,6,6,5,6,5,6,6,6,5,Default,
186050,5,6,6,6,6,6,6,6,6,6,6,6,6,6,5,6,6,6,6,6,6,6,5,6,6,6,6,6,6,5,6,6,6,6,6,6,6,6,6,5,6,6,6,5,6,Default,
186066,4,6,6,6,6,6,6,6,5,6,6,6,6,6,6,6,6,6,6,6,6,6,5,6,6,6,6,6,6,6,6,6,4,6,6,5,6,6,6,6,6,6,6,6,6,Default,
186082,6,6,6,5,6,6,5,6,6,6,6,6,6,5,6,6,6,6,6,6,6,6,6,6,6,6,6,6,6,6,6,6,6,6,6,5,5,6,6,6,6,6,6,5,6,Default,
186098,6,6,6,6,6,6,6,6,5,6,6,5,5,6,5,5,6,6,6,6,6,6,5,5,6,6,6,5,6,5,6,6,6,5,5,6,6,6,6,6,6,6,6,5,6,Default,
186114,6,6,6,5,6,6,6,6,6,6,6,6,6,5,6,6,6,6,6,6,6,6,6,5,6,6,6,6,6,5,6,6,6,6,5,6,6,6,6,6,6,6,6,5,6,Default,
186130,6,6,6,6,6,6,6,6,6,6,6,6,6,5,6,6,6,6,6,6,6,6,6,6,6,6,5,6,6,5,6,6,6,5,6,5,5,6,6,6,6,6,6,6,6,Default,
186146,5,6,6,6,5,6,5,6,6,6,5,6,6,6,6,6,5,6,6,5,6,6,6,6,5,6,6,6,6,5,6,6,6,6,6,6,6,6,6,6,6,5,6,5,6,Default,
186162,6,6,6,6,6,6,6,6,6,6,6,6,6,6,5,6,6,6,6,6,6,6,6,5,6,5,5,5,6,6,6,6,6,6,6,6,6,6,5,6,6,6,6,6,6,Default,
186178,6,6,6,5,6,6,6,6,5,6,6,6,6,5,6,6,6,5,6,6,6,6,5,5,6,6,6,6,5,4,6,6,6,6,5,6,5,6,6,5,6,6,6,6,6,Default,
186194,6,6,6,6,6,6,6,6,6,5,6,6,6,6,6,6,6,6,6,5,6,6,6,6,6,6,6,6,6,5,6,6,6,6,6,6,6,6,6,6,5,6,6,6,6,Default,
186210,5,5,6,6,6,6,6,6,6,6,6,6,6,6,6,6,6,6,6,6,6,6,6,6,5,6,5,6,6,6,5,6,6,6,6,5,5,6,6,5,6,6,6,6,6,Default,
186226,6,5,6,6,6,6,5,6,6,6,5,6,6,6,6,6,6,6,6,6,6,6,6,6,6,6,5,6,6,6,6,6,6,6,6,5,6,6,6,5,5,6,6,5,6,Default,
186242,5,6,5,6,5,5,5,6,6,6,5,6,5,6,6,6,6,5,6,6,6,6,6,6,6,6,6,6,6,5,6,5,6,6,6,6,6,6,6,5,6,6,6,6,6,Default,
186258,6,6,5,6,6,5,6,6,6,6,5,5,6,6,6,6,5,6,6,6,6,6,5,5,6,6,5,6,5,5,6,6,6,6,6,6,6,6,6,5,6,6,6,6,6,Default,
186274,6,6,5,6,6,6,6,6,5,6,6,6,6,6,5,6,6,6,6,6,6,6,6,6,6,6,5,6,6,5,6,6,5,6,6,6,6,6,5,6,5,5,6,5,6,Default,
186290,6,6,5,6,5,5,6,6,6,8,7,7,7,7,6,6,6,4,4,6,6,7,7,6,5,6,7,6,6,4,4,4,6,7,8,6,5,6,7,4,5,4,4,6,4,Default,
186306,5,6,6,6,6,6,5,6,6,6,6,5,6,6,6,6,6,5,6,6,6,5,6,6,6,6,6,6,6,5,6,5,6,6,6,6,6,6,6,6,6,6,6,5,6,Default,
186322,6,6,6,5,6,6,6,6,6,6,6,6,6,6,6,6,6,6,5,6,6,6,6,5,6,6,6,5,6,6,6,6,6,6,6,6,5,6,6,6,5,6,5,6,6,Default,
186338,6,7,6,6,6,6,6,6,6,6,6,6,5,6,6,6,6,6,6,6,6,6,6,6,6,6,5,6,6,5,6,6,6,6,6,6,6,5,6,6,6,6,5,6,6,Default,
186354,6,6,6,5,6,6,5,6,6,6,6,6,5,5,6,6,6,6,6,6,6,6,5,6,6,6,6,5,6,5,6,6,5,6,6,6,6,6,6,5,6,6,6,6,6,Default,
186370,4,6,6,5,6,6,6,6,6,6,6,6,6,5,6,6,6,6,6,6,5,6,6,6,6,6,6,6,6,5,6,6,5,6,6,5,5,6,6,6,5,6,6,5,6,Default,
186386,5,6,6,6,6,6,6,6,6,6,6,6,6,5,5,6,6,6,6,6,6,6,6,5,5,6,6,6,6,6,6,6,6,6,5,6,6,6,6,6,6,6,5,6,6,Default,
186402,6,6,6,5,6,6,5,6,5,6,6,5,5,6,5,6,6,6,6,6,6,6,6,5,6,6,4,6,6,5,6,5,6,6,6,6,5,6,6,6,6,6,6,6,6,Default,
186418,6,6,5,5,6,5,6,5,6,5,6,6,5,5,6,5,5,6,6,6,6,6,6,6,6,6,5,6,6,6,6,6,6,6,6,6,6,6,6,5,6,6,6,6,6,Default,
186434,6,6,6,6,6,6,6,6,5,6,6,5,5,6,6,6,6,6,6,6,6,6,6,5,5,6,6,6,6,6,6,6,6,6,6,6,6,6,6,6,6,6,6,6,6,Default,
186450,5,6,6,6,6,6,5,6,6,6,5,6,6,6,6,6,6,6,6,6,5,6,6,5,6,6,6,6,6,6,6,6,6,6,6,6,6,6,6,5,6,6,6,6,6,Default,
186466,6,5,6,6,6,6,5,6,6,6,6,6,6,5,6,6,6,6,6,6,6,6,6,5,5,6,6,6,6,5,6,6,7,6,6,6,6,6,6,5,6,6,5,6,6,Default,
186482,6,6,6,6,6,6,6,6,6,6,6,6,6,6,6,6,6,6,5,5,6,6,6,5,6,6,6,6,6,5,6,6,6,6,5,5,6,6,6,5,6,6,5,6,5,Default,
186498,6,6,6,5,6,6,4,6,6,6,6,6,6,6,6,6,6,6,6,6,6,6,6,6,6,6,5,5,6,5,6,7,6,6,6,6,6,6,6,5,6,6,6,6,6,Default,
186514,6,6,6,6,6,7,6,6,5,6,6,6,6,6,6,6,6,5,6,6,5,6,5,5,6,6,5,6,6,6,6,5,6,5,6,6,6,6,5,6,6,5,6,6,6,Default,
186530,6,6,6,6,6,6,6,5,5,5,6,6,6,6,6,6,5,6,6,5,6,6,6,6,6,6,6,6,6,5,6,6,6,5,6,6,6,5,5,5,6,6,6,5,6,Default,
186546,5,6,6,6,6,6,6,6,5,6,5,6,6,6,6,6,6,6,6,6,6,5,6,6,6,6,6,5,6,6,6,5,6,6,6,5,6,5,6,6,6,6,6,5,6,Default,
186562,5,5,6,5,6,4,6,6,6,6,6,6,6,6,6,5,4,6,5,6,6,6,6,6,6,6,6,6,6,5,6,6,6,6,6,6,5,6,6,6,6,6,6,6,6,Default,
186578,6,6,6,6,6,6,6,6,5,6,6,6,6,6,5,6,6,6,5,6,6,5,6,5,4,6,6,5,4,6,6,6,5,6,6,5,6,5,5,6,6,6,6,5,5,Default,
186594,5,6,6,6,6,6,5,5,6,6,6,6,6,6,6,6,6,6,6,6,6,6,6,6,6,6,5,6,6,6,6,6,6,6,6,6,4,6,6,6,6,6,7,6,6,Default,
186610,6,6,6,6,6,6,6,6,6,6,6,6,6,5,6,6,6,6,5,6,6,6,5,6,6,6,6,5,6,5,6,6,6,6,6,6,6,6,6,6,6,6,6,6,6,Default,
186626,6,6,5,6,6,6,5,6,6,6,6,6,6,6,6,6,5,6,6,4,6,6,5,5,6,6,6,6,6,6,6,6,6,6,6,5,6,6,6,5,6,6,6,6,6,Default,
186642,5,6,6,6,5,5,6,6,6,6,6,6,6,6,6,6,6,6,6,6,6,6,6,6,6,6,5,6,6,6,6,5,6,6,6,6,6,6,6,5,6,6,6,5,6,Default,
186658,6,6,6,6,6,6,6,6,6,6,5,6,6,5,5,6,5,5,5,6,6,6,6,5,6,6,5,5,6,4,6,6,6,6,6,6,6,6,6,5,6,6,6,6,6,Default,
186674,6,6,6,6,6,6,5,6,6,6,6,6,6,6,5,6,4,6,6,6,6,6,6,5,6,5,6,6,6,5,6,6,6,6,6,6,5,6,6,6,6,6,6,6,6,Default,
186690,5,6,6,6,6,6,6,6,6,6,6,6,6,6,6,6,6,6,6,6,6,6,6,6,6,6,6,6,6,5,6,6,6,6,6,6,6,6,6,6,6,6,6,6,5,Default,
186706,5,5,6,6,6,6,5,6,6,6,5,6,6,6,4,6,6,6,6,6,6,6,6,5,5,6,5,6,6,5,6,6,6,6,6,6,5,6,5,6,6,5,6,5,6,Default,
186722,6,6,6,6,6,6,6,6,6,6,6,6,6,6,6,6,6,6,5,5,6,6,6,5,5,6,6,6,6,6,6,6,6,6,5,6,6,5,5,6,5,6,5,6,5,Default,
186738,6,6,6,5,6,6,5,5,6,6,6,6,6,6,6,6,6,6,6,6,6,6,6,5,6,6,5,6,6,6,6,6,6,5,6,5,4,6,6,6,6,6,6,6,6,Default,
186754,6,6,6,6,6,6,6,6,6,5,6,6,6,6,6,6,6,6,6,6,6,6,6,5,6,5,5,6,6,5,6,6,5,6,6,5,6,6,6,6,6,6,6,6,6,Default,
186770,6,6,6,6,6,6,6,6,6,6,5,5,6,6,6,6,6,6,6,6,6,6,6,5,5,6,6,6,6,6,6,6,6,6,6,6,6,6,6,6,6,5,6,5,5,Default,
186786,6,6,6,6,6,6,6,6,6,6,6,6,6,5,6,6,6,6,6,5,6,6,6,6,6,6,6,6,6,6,6,6,5,5,6,6,6,6,6,6,6,5,6,5,6,Default,
186802,6,6,6,6,6,6,5,6,6,6,6,5,6,5,6,6,5,6,6,6,6,6,6,6,6,6,6,6,6,6,6,6,6,6,6,6,5,6,6,5,6,6,6,6,6,Default,
186818,6,6,6,6,6,5,6,6,6,5,5,6,6,6,5,6,6,6,6,5,6,6,6,6,6,5,6,6,6,4,6,4,6,5,6,6,6,6,6,5,6,6,6,6,6,Default,
186834,6,6,6,5,6,6,6,6,6,6,6,5,6,6,6,5,5,6,6,5,6,6,6,6,6,6,6,6,5,6,6,5,6,6,6,6,5,6,5,6,6,6,5,6,6,Default,
186850,6,6,6,5,6,6,6,6,5,6,6,6,6,6,6,6,6,6,6,6,6,6,5,5,5,6,6,5,6,6,6,6,6,6,6,6,6,6,6,5,6,6,6,5,5,Default,
186866,6,6,6,6,6,6,6,6,6,6,6,5,6,6,6,6,5,6,6,5,5,6,5,6,6,6,6,5,6,6,6,6,6,6,6,6,5,6,6,6,6,6,6,6,6,Default,
186882,6,6,6,6,6,5,5,5,6,7,6,6,6,6,6,6,6,6,5,6,6,6,6,6,6,6,4,6,5,6,6,6,6,6,6,6,6,6,6,4,6,7,6,6,6,Default,
186898,6,6,6,5,6,6,4,6,6,6,6,6,5,5,6,6,6,6,6,6,6,6,6,5,6,6,5,6,5,6,5,6,6,6,6,5,6,6,6,6,6,6,6,5,6,Default,
186914,6,6,6,5,6,6,6,6,6,6,6,5,6,6,6,6,6,5,6,6,6,5,5,5,6,5,6,6,6,5,6,6,6,6,6,5,6,5,5,6,5,6,6,6,6,Default,
186930,5,6,5,6,6,6,6,6,6,6,6,6,6,6,6,6,6,6,6,6,6,6,6,5,6,5,5,6,4,5,6,6,6,6,6,6,6,6,6,6,6,6,6,6,6,Default,
186946,6,5,6,6,6,6,6,6,6,6,6,6,6,6,6,6,6,6,6,6,6,6,5,5,6,6,5,6,6,6,6,6,6,6,6,6,5,6,6,5,6,5,6,6,6,Default,
186962,6,6,6,6,6,6,6,6,6,5,6,6,6,6,6,6,5,6,6,5,6,6,6,6,6,6,6,6,6,5,6,6,5,6,6,4,6,6,6,6,6,6,6,6,6,Default,
186978,6,6,6,5,6,6,6,5,6,6,6,6,6,6,6,6,6,6,6,6,6,6,5,5,6,6,5,6,6,5,6,6,6,6,6,6,6,6,6,5,6,6,6,6,6,Default,
186994,6,6,6,6,6,6,6,6,6,6,5,6,6,6,6,6,6,6,6,6,6,6,5,5,6,6,5,6,6,6,6,6,6,5,6,6,6,6,6,6,6,5,6,6,6,Default,
187010,6,6,5,6,6,6,6,6,6,6,6,6,6,6,5,6,5,6,6,5,6,6,6,6,6,6,6,6,6,6,6,6,6,6,6,6,6,6,6,6,6,6,6,6,5,Default,
187026,6,6,6,6,6,6,6,6,5,6,6,6,6,6,6,6,5,6,5,6,6,6,6,6,6,5,6,6,6,6,6,5,6,6,6,6,6,6,6,6,6,6,6,6,6,Default,
187042,5,6,6,6,5,6,6,6,6,5,6,6,6,5,6,6,6,6,6,6,6,6,6,5,6,6,5,6,6,6,6,6,6,6,6,6,5,6,6,6,5,6,6,6,6,Default,
187058,6,6,6,6,6,6,6,6,6,6,6,6,6,6,6,6,6,6,6,6,6,5,6,5,6,6,6,5,6,5,6,6,6,6,4,6,6,6,6,6,6,6,6,6,6,Default,
187074,6,6,6,5,5,6,6,6,6,6,6,6,5,6,6,5,5,6,6,6,6,6,6,5,6,6,5,6,6,6,6,6,6,6,6,4,5,6,5,6,6,6,6,6,6,Default,
187090,6,6,6,5,6,6,6,6,6,6,5,6,5,6,6,6,5,6,6,6,5,6,6,6,6,6,5,5,6,6,6,6,6,6,6,6,5,6,6,6,6,6,6,6,5,Default,
187106,5,6,6,6,6,6,5,6,6,5,6,6,6,6,6,6,6,6,5,6,6,6,6,6,6,6,6,5,6,6,5,6,5,6,5,6,6,6,5,6,6,6,6,4,5,Default,
187122,7,8,7,6,7,5,6,7,7,4,5,4,7,6,5,7,5,7,7,6,4,7,7,7,6,4,5,6,6,5,6,6,6,6,6,5,6,6,6,6,6,6,5,6,6,Default,
187138,6,6,6,5,6,6,5,6,5,6,6,6,6,6,5,6,6,6,6,6,6,6,6,6,6,6,5,6,6,5,6,6,6,6,6,6,6,6,6,5,5,6,6,6,5,Default,
187154,6,6,6,6,6,6,5,6,6,6,6,6,6,6,6,6,5,6,6,6,6,6,6,5,6,6,6,6,6,6,7,6,5,6,6,6,6,6,6,6,6,6,5,6,6,Default,
187170,5,6,6,6,5,6,6,5,6,6,5,6,6,4,5,6,6,6,6,6,6,6,6,5,6,6,5,5,6,6,6,6,6,6,6,5,6,6,6,6,6,6,6,6,6,Default,
187186,6,5,5,6,6,6,6,6,6,5,6,6,5,4,6,6,5,6,6,6,6,6,6,6,6,6,5,6,6,6,6,6,6,5,6,6,5,6,6,6,5,6,5,6,6,Default,
187202,5,6,6,6,6,5,5,6,6,5,5,5,5,5,6,7,6,6,6,5,6,6,5,5,6,6,6,6,6,6,6,6,5,6,5,6,5,6,6,6,6,6,6,5,6,Default,
187218,6,6,6,6,6,6,6,5,6,6,6,6,6,6,6,6,6,6,6,6,6,6,6,5,6,6,5,6,5,6,6,6,6,6,6,6,5,6,6,6,6,6,6,6,6,Default,
187234,6,6,6,6,6,6,6,6,6,6,6,6,6,6,6,6,6,5,6,6,5,6,6,6,6,6,6,6,5,6,6,6,6,6,5,6,6,6,5,6,6,6,6,6,6,Default,
187250,6,6,6,6,5,6,6,5,6,6,6,6,6,6,4,6,6,6,6,6,5,6,6,6,5,6,6,5,6,6,6,6,6,6,6,6,6,6,6,6,6,6,6,5,6,Default,
187266,6,6,6,6,6,6,6,6,6,5,6,6,6,6,6,6,6,6,6,6,6,6,6,6,6,6,6,6,6,6,6,6,6,6,5,6,6,6,6,6,6,5,5,5,6,Default,
187282,6,6,6,5,6,6,6,7,6,6,6,6,6,6,6,6,5,6,6,6,6,6,6,6,6,6,5,5,6,5,6,6,6,6,6,6,6,6,6,5,6,6,6,6,6,Default,
187298,6,6,6,6,6,6,6,6,6,6,6,6,6,6,5,6,6,6,6,5,6,6,6,5,5,6,6,6,5,5,6,6,5,5,6,5,6,6,6,6,6,6,5,5,6,Default,
187314,6,6,6,6,6,6,6,6,6,6,6,6,6,6,6,6,6,6,6,6,6,6,6,5,6,6,6,6,6,6,6,6,6,6,6,6,5,6,6,6,5,6,6,6,6,Default,
187330,6,6,6,6,6,6,5,6,6,6,6,6,6,6,6,6,6,6,6,6,6,6,6,6,5,6,6,6,6,6,6,6,6,6,6,6,6,6,6,6,6,6,6,6,6,Default,
187346,6,6,6,6,6,6,6,6,5,5,6,6,6,6,6,6,6,6,6,5,6,6,6,6,6,6,4,5,6,5,6,6,6,6,6,6,6,6,6,6,6,6,6,6,6,Default,
187362,6,6,6,5,6,6,5,6,6,6,6,6,6,4,6,6,5,6,6,4,6,5,6,6,6,6,5,6,6,6,6,6,6,6,6,6,5,5,5,6,5,6,6,6,6,Default,
187378,6,6,6,6,6,6,5,6,6,6,6,6,6,6,5,5,5,5,6,6,6,6,6,5,6,6,6,6,6,4,6,6,6,5,6,6,5,6,6,5,6,6,6,5,6,Default,
187394,5,6,6,6,6,6,6,6,6,5,5,5,6,6,5,6,6,6,6,6,6,5,6,6,6,6,6,6,6,6,6,6,6,6,6,6,6,6,5,6,6,6,6,6,6,Default,
187410,5,6,6,6,6,6,5,6,6,6,6,6,6,5,6,6,6,6,5,6,6,6,6,6,6,6,6,6,6,6,5,6,5,5,5,6,6,6,6,6,6,6,6,6,6,Default,
187426,5,6,6,6,6,6,6,5,6,5,6,6,5,6,6,6,6,6,6,6,6,6,6,6,6,6,6,6,6,6,6,6,6,6,6,6,5,6,6,6,6,6,6,6,6,Default,
187442,6,6,6,6,6,5,6,6,6,5,5,6,6,6,6,6,6,6,6,6,6,6,6,6,6,5,6,5,5,6,6,6,6,6,5,6,6,6,6,6,6,6,6,6,6,Default,
187458,6,6,6,5,6,6,4,6,5,6,6,6,6,6,6,6,6,5,6,6,6,6,5,5,6,6,5,6,6,5,6,6,6,6,5,6,5,6,6,6,6,6,6,5,6,Default,
187474,6,6,6,5,6,5,6,6,6,6,6,6,6,6,5,6,6,6,5,6,5,6,6,6,6,6,6,6,6,6,6,6,6,6,6,6,6,6,5,6,6,5,6,6,5,Default,
187490,6,6,5,6,6,5,4,6,6,5,6,6,5,6,6,6,6,5,5,5,5,6,6,6,5,6,6,6,6,5,6,5,5,6,6,6,6,6,6,6,6,6,6,5,6,Default,
187506,5,5,6,6,6,6,6,6,5,6,6,6,6,6,6,6,6,6,6,6,6,5,6,5,6,5,6,6,6,6,6,6,6,6,6,6,6,6,6,6,6,6,6,6,5,Default,
187522,5,6,6,6,6,6,6,6,6,6,6,6,6,6,6,6,6,6,6,6,6,6,6,6,5,6,6,6,6,6,6,6,6,6,6,6,5,6,6,6,6,5,6,5,6,Default,
187538,6,6,6,6,6,6,6,6,6,5,6,6,6,6,6,5,6,6,6,6,6,6,6,5,5,6,6,6,6,6,6,6,6,6,6,5,6,6,7,6,6,6,5,5,6,Default,
187554,6,6,6,6,6,6,6,6,5,5,6,6,6,6,6,6,5,6,6,6,6,6,6,6,6,6,5,6,6,6,6,5,6,6,6,6,5,6,6,5,6,6,6,6,6,Default,
187570,6,5,6,6,6,5,6,6,5,5,6,6,6,6,6,6,6,6,6,6,6,6,6,6,6,6,6,6,6,6,5,6,6,6,6,6,5,6,6,6,6,6,6,6,6,Default,
187586,6,6,5,6,6,6,6,6,6,6,5,6,6,6,6,6,5,6,6,6,5,6,6,6,5,6,6,6,6,6,6,6,6,6,6,6,6,6,6,6,5,6,6,6,6,Default,
187602,6,6,6,6,6,6,6,6,6,6,6,6,6,6,6,5,5,6,6,6,6,6,6,6,6,6,6,6,6,6,6,6,6,6,6,6,5,5,6,6,6,6,6,6,6,Default,
187618,6,6,6,6,6,6,5,6,6,6,5,6,6,6,6,6,6,5,6,6,6,5,6,5,6,6,5,6,6,5,6,6,6,5,6,6,6,6,6,4,6,6,6,11,7,Default,
187634,6,6,6,6,6,5,5,6,7,6,6,6,6,6,6,6,6,5,6,5,6,6,6,6,6,6,4,6,5,5,6,6,5,6,6,6,6,6,6,6,6,6,6,6,6,Default,
187650,5,6,5,6,6,6,6,6,6,6,6,6,6,6,6,6,6,6,6,6,6,6,6,6,6,6,5,6,5,6,6,6,5,5,5,6,6,5,6,6,6,6,5,6,6,Default,
187666,5,6,6,6,6,6,6,6,6,6,6,6,6,6,6,6,6,6,6,6,6,6,6,6,6,6,6,6,6,6,6,6,6,6,6,6,6,5,6,4,5,5,6,6,6,Default,
187682,5,6,5,5,6,6,5,6,6,5,6,6,6,6,5,6,6,6,5,4,6,6,5,6,6,6,6,6,6,6,6,6,6,6,6,6,6,6,6,6,6,6,6,5,6,Default,
187698,6,6,6,6,6,5,6,6,6,6,6,6,6,6,6,6,5,6,5,5,6,5,6,6,6,5,6,6,6,4,6,5,6,5,6,6,5,6,6,6,6,6,6,6,6,Default,
187714,6,6,6,6,6,6,6,5,6,6,6,5,5,6,5,6,6,5,6,6,6,6,6,5,6,6,5,6,6,6,6,6,6,6,6,6,6,6,5,6,6,6,5,5,4,Default,
187730,6,6,6,6,6,6,6,6,6,6,5,5,6,6,6,6,6,6,6,5,6,6,6,6,6,5,6,6,6,5,6,6,5,6,5,6,6,4,6,6,6,6,6,6,6,Default,
187746,5,6,6,6,6,5,6,6,6,6,6,6,6,6,6,6,6,6,6,5,5,6,6,6,6,6,5,6,6,6,6,6,5,6,6,5,6,5,5,6,6,4,6,6,6,Default,
187762,6,6,6,6,6,5,5,6,6,6,6,6,6,6,6,5,6,6,6,6,5,6,5,6,5,6,5,6,5,6,6,6,6,6,6,6,5,6,6,6,5,6,5,6,6,Default,
187778,6,6,6,6,6,6,6,5,6,6,6,6,6,6,6,6,6,6,6,6,6,6,5,6,5,6,6,6,6,6,5,6,6,5,4,6,5,6,6,6,6,6,6,6,6,Default,
187794,6,6,6,5,5,6,6,6,6,6,6,6,6,5,6,6,6,6,5,6,6,6,5,6,6,6,6,6,5,5,6,6,5,6,5,6,6,6,6,5,6,6,6,6,5,Default,
187810,6,6,5,5,6,6,6,6,6,6,6,6,6,6,6,6,5,6,6,6,6,6,6,6,6,6,6,6,6,6,5,6,6,6,6,6,5,6,6,5,6,5,6,6,6,Default,
187826,6,6,5,6,6,6,6,6,6,6,6,6,6,6,6,6,5,6,5,6,6,6,5,6,6,6,6,6,6,6,6,6,6,6,6,6,6,4,6,6,6,6,6,6,6,Default,
187842,6,6,6,5,6,6,6,6,6,6,6,6,6,6,6,6,6,6,6,5,6,6,6,6,6,6,6,6,5,5,6,6,6,6,6,6,5,6,5,4,6,6,6,6,6,Default,
187858,6,5,7,5,6,6,6,6,6,6,6,5,6,5,6,6,5,6,6,5,6,6,6,5,6,6,6,6,5,5,5,6,6,6,5,6,5,6,6,6,6,6,6,6,6,Default,
187874,6,6,6,6,6,6,6,6,6,6,6,6,6,5,6,6,6,6,6,6,6,6,6,6,5,6,6,6,6,5,6,6,6,6,6,5,6,6,6,6,5,6,6,6,5,Default,
187890,6,6,6,6,6,6,4,6,6,6,6,6,6,4,6,6,5,6,6,6,5,6,6,5,6,6,5,6,6,6,6,5,6,6,5,6,6,7,5,6,6,6,6,5,5,Default,
187906,5,5,6,6,6,5,5,6,5,6,5,6,6,6,6,6,6,6,5,6,6,6,6,6,6,6,5,6,6,6,6,6,6,5,6,5,5,5,6,5,6,6,6,6,5,Default,
187922,5,6,6,6,6,5,6,6,6,6,6,6,6,5,6,6,6,6,6,6,6,6,6,6,6,6,6,6,5,6,6,6,6,6,5,6,6,6,5,6,6,6,6,6,6,Default,
187938,5,6,6,6,6,6,6,6,4,6,6,5,6,6,6,6,5,6,6,6,6,5,6,6,6,6,6,6,6,5,6,6,6,6,5,6,6,5,6,6,6,6,6,6,6,Default,
187954,6,6,6,6,6,6,6,6,5,6,6,6,6,6,5,6,5,6,6,6,6,6,6,6,5,6,5,6,6,6,6,6,6,6,6,6,6,6,5,6,6,6,6,6,6,Default,
187970,6,6,6,6,6,6,5,6,7,6,6,6,6,6,6,6,6,5,6,5,6,6,6,6,6,6,6,6,5,6,6,6,6,6,6,7,6,6,6,6,6,6,6,6,6,Default,
187986,5,6,6,6,6,6,6,6,6,6,6,5,6,6,6,6,6,6,5,6,5,6,6,5,6,6,6,6,6,6,6,6,6,6,6,6,6,5,5,6,6,6,5,6,5,Default,
188002,6,6,6,4,6,6,5,6,6,6,6,6,6,6,6,6,6,6,6,6,5,6,6,5,6,6,5,6,6,5,6,6,6,6,6,6,5,6,6,5,6,6,6,6,6,Default,
188018,6,6,6,6,6,6,6,6,6,6,6,6,6,6,6,6,5,5,6,5,6,6,5,5,5,5,6,6,6,6,6,6,6,6,6,5,6,6,6,5,6,6,6,5,5,Default,
188034,5,6,6,6,6,6,6,6,6,6,6,6,6,6,6,5,6,6,6,6,5,6,6,6,6,6,5,6,6,5,6,6,6,6,6,6,5,6,5,5,6,6,6,6,6,Default,
188050,6,6,6,5,6,6,6,6,6,6,6,6,6,6,5,6,6,6,6,6,5,6,6,6,6,5,5,6,6,6,6,6,5,6,6,6,5,6,6,6,5,5,6,6,6,Default,
188066,6,5,6,6,6,5,6,6,6,6,6,5,6,6,5,6,6,5,5,6,6,6,6,6,5,6,5,6,5,6,6,6,6,6,4,6,6,5,6,6,6,6,6,5,6,Default,
188082,6,6,6,6,6,6,6,6,6,6,6,6,6,6,6,6,6,6,6,6,6,6,6,4,6,6,5,6,5,6,6,6,5,6,6,6,5,6,6,5,5,6,6,5,6,Default,
188098,6,6,6,5,6,6,6,6,6,6,6,6,6,6,6,6,6,6,6,6,6,6,6,6,6,6,5,5,6,6,6,6,6,6,6,6,6,6,6,5,6,6,6,6,5,Default,
188114,6,6,5,6,5,6,6,5,6,6,5,6,6,6,6,6,6,4,5,6,6,6,6,5,5,6,6,5,6,5,6,6,6,6,6,6,6,5,6,6,6,6,6,5,6,Default,
188130,6,6,6,5,6,6,6,6,6,5,5,6,6,6,6,5,6,6,6,6,6,6,6,5,6,6,5,6,6,6,5,6,6,5,6,6,7,7,6,5,4,5,7,7,7,Default,
188146,5,6,6,6,5,5,6,6,6,6,6,6,6,4,5,6,5,6,6,6,6,6,6,5,6,6,6,6,6,5,6,6,6,6,6,5,5,6,5,6,5,5,6,6,5,Default,
188162,6,6,6,6,6,6,5,6,6,6,6,6,6,6,6,6,6,6,6,6,6,5,6,5,6,6,6,6,6,6,6,5,6,6,6,6,6,6,6,6,6,6,5,6,6,Default,
188178,6,6,6,5,6,6,6,5,6,6,6,7,6,5,6,6,4,6,6,6,6,6,6,6,5,6,5,6,6,6,6,6,6,6,6,6,5,6,6,6,6,6,6,6,6,Default,
188194,6,6,6,6,6,6,6,6,6,6,6,5,6,6,5,6,6,6,6,6,6,6,6,5,6,6,6,6,6,5,6,6,5,6,6,6,6,6,6,6,6,6,6,6,4,Default,
188210,6,6,6,6,6,6,6,6,6,6,6,5,6,6,6,5,5,5,6,6,6,6,6,6,6,6,6,6,6,6,7,6,6,6,5,6,6,6,6,6,6,6,6,6,6,Default,
188226,6,6,6,6,6,6,6,6,6,6,6,5,6,6,6,6,6,6,6,6,6,6,5,6,6,6,6,6,6,6,6,6,6,5,6,5,5,6,6,6,6,6,6,6,6,Default,
188242,6,6,6,5,6,6,6,6,5,6,5,6,6,6,5,6,6,6,5,6,5,5,6,6,6,6,5,6,6,6,6,6,6,6,6,5,5,6,6,6,6,6,6,6,6,Default,
188258,5,6,6,6,6,6,6,5,6,6,6,5,6,5,5,6,6,5,6,6,6,6,6,6,5,5,6,6,6,5,6,6,6,6,4,5,6,5,6,6,6,6,5,6,6,Default,
188274,6,6,6,6,6,6,4,6,6,6,6,6,6,6,6,6,6,6,5,6,6,6,6,5,6,6,5,6,6,5,6,5,6,6,6,6,6,6,6,6,6,6,5,6,6,Default,
188290,6,6,6,5,6,5,4,6,6,6,6,6,6,5,6,6,6,6,6,5,6,6,6,5,6,6,6,6,6,6,5,6,5,6,6,6,6,6,6,6,6,6,6,6,6,Default,
188306,5,6,5,6,6,6,6,7,6,6,6,6,6,6,6,6,6,6,6,6,6,6,5,6,6,6,6,6,6,6,6,6,5,6,6,5,6,6,6,6,6,6,6,6,6,Default,
188322,5,6,6,5,6,6,6,5,6,6,6,6,6,6,6,6,6,5,6,6,6,6,6,6,6,6,6,6,6,5,6,6,6,5,6,6,5,6,6,6,6,6,6,6,6,Default,
188338,8,7,6,6,6,5,4,6,6,6,6,6,6,5,5,6,4,6,6,6,6,6,6,6,5,6,5,6,6,6,6,6,6,6,5,6,5,6,5,6,5,6,6,6,5,Default,
188354,6,6,5,6,6,6,6,6,6,5,6,5,6,6,6,6,5,6,6,5,5,6,5,6,6,6,5,6,4,5,6,5,6,6,6,6,6,6,6,6,7,6,6,6,5,Default,
188370,6,6,6,6,6,5,5,6,6,6,6,6,6,5,6,6,6,6,5,6,6,6,6,6,6,6,5,6,6,6,6,6,6,6,6,6,6,6,6,5,6,6,6,6,6,Default,
188386,5,6,5,6,6,6,6,6,6,6,6,6,6,6,6,6,6,6,6,6,6,5,6,6,6,6,5,6,5,6,6,6,6,6,6,6,6,6,6,4,6,6,6,6,6,Default,
188402,6,6,6,6,6,6,6,6,4,6,6,6,6,6,6,6,6,6,6,6,6,6,5,5,5,6,6,6,5,6,6,6,6,6,6,6,6,5,5,6,6,5,6,6,6,Default,
188418,6,6,6,5,6,6,5,6,6,6,6,6,6,4,6,6,6,6,6,6,6,5,5,5,5,6,6,5,6,5,6,6,5,6,5,6,6,6,6,5,5,5,5,6,6,Default,
188434,6,6,5,6,6,6,6,6,6,6,6,6,6,6,5,6,6,6,6,6,6,6,5,6,6,6,5,6,6,6,6,6,6,6,6,6,4,6,4,6,6,6,6,6,5,Default,
188450,4,6,5,6,5,5,6,5,6,6,6,6,6,6,6,5,6,6,6,6,5,6,6,6,5,6,6,6,6,6,6,6,5,6,5,6,6,6,6,6,6,6,6,5,6,Default,
188466,6,6,6,6,6,5,6,6,6,6,6,5,5,6,6,6,6,6,5,6,6,6,6,5,5,6,5,6,6,6,6,6,6,6,6,6,6,6,5,6,6,5,6,6,5,Default,
188482,6,6,6,5,6,6,6,7,6,6,6,6,6,6,6,6,6,5,6,6,6,6,6,6,6,6,5,6,6,6,6,6,6,6,6,5,5,6,6,6,5,6,6,5,6,Default,
188498,6,6,6,6,6,6,6,6,6,6,6,5,6,6,6,6,5,6,5,5,6,6,6,6,6,6,6,6,5,6,6,6,6,6,6,6,6,6,6,6,6,6,6,6,5,Default,
188514,5,6,6,5,6,6,5,6,6,6,6,6,6,5,6,6,5,5,6,6,6,6,6,6,6,6,6,6,6,6,6,6,6,5,6,5,5,6,6,6,6,6,6,6,6,Default,
188530,6,6,6,6,6,6,5,6,5,6,5,6,6,6,6,5,6,6,6,5,6,5,6,6,6,6,4,6,6,6,6,6,5,6,6,6,6,6,6,4,6,6,6,4,6,Default,
188546,5,6,5,5,6,6,6,6,6,6,6,6,5,6,6,6,6,6,6,6,5,6,6,7,5,6,6,5,6,6,8,8,6,7,4,8,7,6,6,6,8,4,6,4,8,Default,
188562,6,6,6,6,6,6,4,6,6,6,6,6,6,6,6,6,6,6,6,6,6,6,6,6,6,6,6,6,6,6,6,6,5,6,5,6,5,6,6,6,6,6,6,6,6,Default,
188578,6,6,6,5,6,6,6,6,6,6,5,6,6,6,5,6,6,6,6,6,6,6,6,5,6,6,6,6,6,6,6,6,6,6,6,6,5,6,6,6,6,6,6,5,4,Default,
188594,6,6,6,6,6,6,6,5,6,5,6,5,6,6,5,6,6,5,6,6,6,6,5,6,4,6,6,6,6,6,6,6,6,6,5,6,6,6,6,6,6,6,6,6,5,Default,
188610,5,6,6,6,6,6,6,6,6,6,6,6,6,6,6,6,6,6,6,6,6,6,6,5,5,6,6,6,6,6,6,6,6,5,6,6,6,6,6,6,6,5,6,6,5,Default,
188626,5,6,6,6,6,6,5,6,6,5,6,6,6,6,5,6,6,6,6,6,6,6,6,5,6,6,6,6,6,5,6,6,6,6,5,6,5,6,6,6,6,6,6,6,6,Default,
188642,6,6,6,6,6,6,5,6,6,5,6,6,6,6,6,6,6,6,6,5,6,6,5,6,5,6,6,6,6,5,6,6,5,6,6,6,6,6,5,6,6,6,5,6,6,Default,
188658,6,6,6,5,6,6,6,6,5,6,6,6,6,6,6,6,6,6,6,6,6,6,6,5,6,6,4,5,6,6,6,6,6,6,6,6,4,6,7,6,6,6,6,6,6,Default,
188674,5,6,5,6,6,6,6,6,6,7,5,6,6,6,5,6,6,6,6,6,5,6,6,5,5,6,6,6,5,5,6,6,5,6,6,6,6,6,4,6,6,6,6,6,6,Default,
188690,6,6,6,6,6,6,6,5,6,6,6,6,6,6,6,6,6,5,6,6,6,6,6,6,6,6,5,6,6,6,6,6,6,5,6,6,6,5,6,6,6,6,5,6,6,Default,
188706,5,6,6,6,6,6,6,6,5,6,5,6,6,5,6,5,6,6,6,6,6,6,6,5,6,6,6,6,6,6,6,6,6,6,6,5,6,6,5,5,6,5,6,6,6,Default,
188722,6,6,6,6,6,6,6,5,6,6,6,6,6,5,6,6,6,6,6,6,6,6,6,6,6,6,4,6,5,6,5,6,6,6,6,6,5,6,6,6,6,6,6,6,5,Default,
188738,6,6,6,6,6,6,6,6,6,6,6,5,6,6,6,6,6,5,5,6,6,6,5,6,6,6,5,6,6,5,6,6,5,6,5,6,6,6,6,6,6,6,6,6,6,Default,
188754,6,6,6,5,6,6,6,6,6,5,6,6,6,6,6,7,6,6,6,6,6,6,6,6,6,6,5,6,6,5,6,6,6,6,6,6,6,5,6,6,6,6,6,6,6,Default,
188770,5,6,5,6,5,6,6,6,6,6,6,6,6,6,6,6,6,6,5,6,5,6,6,5,6,6,5,6,6,5,6,6,6,6,6,6,5,6,6,5,6,6,6,6,6,Default,
188786,5,6,6,6,6,5,6,6,6,6,6,5,6,5,6,6,6,5,6,6,6,5,6,6,6,6,6,6,6,6,5,6,6,6,6,6,6,6,6,6,6,6,6,6,5,Default,
188802,6,6,5,5,6,5,5,6,6,6,5,6,6,6,6,6,6,5,6,5,6,6,6,6,6,5,5,5,5,6,6,6,6,6,6,5,6,6,6,6,6,6,5,6,6,Default,
188818,6,6,6,5,6,6,6,6,6,6,6,5,6,5,6,6,5,6,6,6,4,6,6,5,6,6,6,6,6,5,6,6,5,6,6,6,4,6,6,6,6,6,6,6,6,Default,
188834,6,6,6,6,6,6,6,6,6,6,6,6,6,5,6,6,6,6,6,5,6,6,6,6,6,5,6,5,6,5,6,6,6,6,6,5,6,6,6,5,5,6,6,6,6,Default,
188850,4,4,6,7,8,7,6,6,8,5,4,8,4,6,7,7,3,5,5,6,6,6,5,6,6,6,5,6,6,5,6,6,6,6,6,6,6,6,6,6,6,6,6,6,5,Default,
188866,5,6,6,6,6,6,6,6,5,6,6,6,6,6,6,6,5,5,6,6,6,5,6,6,6,6,5,6,6,6,6,6,6,6,6,6,5,6,5,5,6,6,6,6,6,Default,
188882,5,7,5,6,5,6,5,6,6,6,5,6,6,6,6,6,5,5,6,5,6,6,6,6,5,6,6,5,6,6,6,6,5,6,5,6,6,5,6,6,6,6,6,5,6,Default,
188898,6,6,6,5,6,6,6,6,5,6,6,6,6,6,6,5,6,6,6,6,5,6,6,6,6,6,6,6,6,4,5,6,6,6,6,6,6,6,6,5,5,6,6,6,5,Default,
188914,6,6,6,6,6,6,6,5,6,6,6,5,6,5,6,6,6,5,6,6,6,5,6,5,6,5,5,6,5,4,6,6,5,5,6,6,6,5,5,6,6,5,6,6,5,Default,
188930,6,5,6,5,6,6,6,6,6,6,6,6,6,4,6,6,6,5,6,6,6,6,6,5,6,6,6,7,6,6,6,6,6,5,6,6,6,6,6,6,6,5,5,6,6,Default,
188946,5,5,6,5,5,6,6,6,6,6,6,6,6,6,6,5,6,6,6,6,6,6,6,6,6,6,6,6,6,6,6,6,6,6,6,5,6,7,6,6,6,6,5,6,5,Default,
188962,6,6,6,5,6,6,6,6,6,6,5,6,6,4,6,6,6,6,6,6,6,6,6,6,6,6,5,6,6,6,6,6,6,6,6,6,5,7,5,6,6,6,6,6,6,Default,
188978,6,6,6,6,5,6,6,6,6,6,6,6,6,6,6,5,5,6,5,5,6,5,6,6,6,6,6,6,6,6,6,6,6,6,6,6,6,6,6,5,5,6,6,6,6,Default,
188994,6,6,6,5,6,6,6,6,6,6,6,6,6,6,6,6,6,6,6,7,6,6,5,6,6,6,6,6,6,6,6,6,6,6,6,5,5,6,6,6,6,6,6,6,7,Default,
189010,6,6,6,6,6,5,6,6,6,6,6,6,6,6,5,6,7,5,5,6,5,6,6,6,6,6,5,6,6,5,6,6,6,6,6,6,5,6,6,5,5,5,6,4,6,Default,
189026,5,5,5,6,6,6,6,6,6,6,6,6,5,6,6,6,6,6,5,6,6,5,6,6,6,6,5,5,6,5,6,5,6,5,6,6,6,6,6,6,6,6,6,5,6,Default,
189042,5,6,6,6,5,5,6,6,6,5,6,6,6,6,5,6,6,6,6,6,6,6,6,5,6,6,5,6,6,5,6,6,5,6,6,6,6,6,6,6,6,6,6,5,6,Default,
189058,6,6,6,5,5,6,5,6,6,5,6,6,6,6,5,5,6,6,6,6,6,5,5,6,6,6,6,5,6,5,6,5,6,6,5,6,6,6,5,5,6,6,6,6,6,Default,
189074,6,6,6,6,6,6,6,6,6,6,6,5,5,5,5,5,6,6,6,6,6,6,6,6,5,6,6,6,6,6,6,6,6,6,6,6,6,6,6,5,6,6,6,6,6,Default,
189090,5,6,6,5,6,5,5,6,6,6,6,6,6,5,6,6,5,6,5,5,6,6,6,5,6,5,5,6,6,6,5,6,6,6,6,6,5,5,6,6,6,6,6,6,6,Default,
189106,5,6,5,6,6,6,6,6,6,6,6,5,6,6,6,6,6,6,5,6,6,6,6,6,6,6,6,6,6,6,6,4,6,6,6,6,6,6,5,5,6,6,6,5,6,Default,
189122,5,6,6,5,6,5,6,5,6,6,6,6,6,5,5,6,6,6,6,6,6,5,6,6,4,6,5,5,6,6,5,5,6,6,5,6,5,6,6,6,5,5,6,6,5,Default,
189138,6,6,6,5,6,6,6,6,6,5,6,6,6,6,5,6,5,6,5,6,6,5,6,6,6,5,5,6,6,5,6,5,5,6,5,6,6,5,6,6,5,6,6,6,6,Default,
189154,6,6,5,6,6,6,6,6,6,6,6,6,6,6,6,6,6,6,5,6,6,6,6,5,6,6,6,6,6,5,6,6,6,6,6,6,6,6,5,6,6,6,6,6,5,Default,
189170,6,6,6,6,6,6,6,6,6,6,6,6,6,6,5,6,6,6,6,5,6,6,5,6,6,6,6,6,6,6,6,6,5,6,6,6,6,6,6,5,6,5,6,6,6,Default,
189186,6,6,5,6,6,6,5,6,5,6,6,6,6,5,5,6,6,6,6,6,5,6,6,6,6,6,6,6,6,5,6,6,5,6,6,6,5,6,6,6,5,6,5,6,5,Default,
189202,6,6,6,5,6,5,4,6,6,6,5,6,6,6,6,7,6,5,6,5,6,6,6,6,6,6,5,6,6,6,6,6,6,5,6,6,6,6,6,5,7,6,6,6,5,Default,
189218,6,6,6,6,6,6,6,6,6,5,6,6,5,6,6,6,6,6,5,6,6,5,6,6,5,6,6,6,6,6,6,5,6,6,5,6,6,5,6,6,6,6,6,6,6,Default,
189234,6,6,6,5,6,6,6,6,6,6,5,6,6,6,6,6,6,6,6,6,6,6,6,6,6,6,6,6,6,6,6,6,6,6,6,6,6,6,6,6,6,6,6,6,6,Default,
189250,5,6,5,5,6,6,5,6,6,5,6,6,6,5,6,6,6,6,6,6,6,6,6,5,6,6,5,6,6,6,5,6,5,6,6,6,5,6,6,5,6,6,6,5,6,Default,
189266,6,5,5,7,6,6,6,6,6,6,6,6,6,6,4,6,5,6,6,6,5,6,5,6,5,6,6,5,5,5,6,6,6,6,5,6,6,5,6,6,6,6,5,6,6,Default,
189282,6,6,6,6,5,6,5,6,6,6,6,6,6,6,6,6,6,5,6,6,6,6,6,6,6,6,5,6,6,6,6,6,5,6,5,6,6,6,6,5,6,6,6,5,6,Default,
189298,6,6,6,5,6,6,6,6,6,6,5,6,6,6,5,6,5,6,6,5,6,6,5,5,6,6,6,6,5,5,6,6,6,6,6,6,5,6,6,5,6,6,5,6,6,Default,
189314,6,6,6,5,6,6,6,6,6,6,6,6,5,6,6,6,6,6,6,5,6,6,6,5,6,6,6,6,6,5,6,6,6,6,6,6,6,6,6,6,5,6,6,6,6,Default,
189330,6,6,6,5,6,6,4,6,6,6,5,5,6,6,6,6,6,5,6,6,6,6,6,5,6,6,6,6,6,5,6,6,5,6,6,6,5,6,6,5,6,6,6,6,6,Default,
189346,5,6,5,5,6,6,6,6,5,6,6,6,6,6,6,6,6,6,6,6,5,6,5,5,6,6,6,6,6,5,6,6,6,5,5,5,6,6,6,6,6,5,6,6,5,Default,
189362,6,5,6,6,6,6,6,6,6,6,6,6,6,6,6,6,6,6,6,5,6,5,5,6,5,6,6,6,6,5,6,6,6,6,5,6,6,6,5,5,6,6,5,5,6,Default,
189378,6,6,6,6,6,6,6,6,6,6,6,6,6,5,5,6,6,6,6,6,6,6,6,5,6,6,5,6,6,5,6,6,6,6,5,6,6,6,6,6,6,5,6,6,6,Default,
189394,6,6,6,6,6,6,6,6,6,5,6,5,5,5,6,5,6,6,6,6,6,5,6,4,6,5,5,6,6,5,6,6,6,5,6,5,6,6,6,6,6,6,6,6,6,Default,
189410,6,6,5,5,6,6,6,6,6,6,6,6,6,6,6,6,6,6,6,6,6,5,6,6,4,6,6,6,6,6,7,6,5,6,5,6,6,6,6,6,6,6,6,6,6,Default,
189426,6,6,6,6,6,6,5,6,6,5,6,6,6,6,5,6,6,6,6,6,5,6,6,6,6,6,6,6,6,6,5,6,6,5,5,4,6,6,6,7,6,5,6,6,5,Default,
189442,5,6,5,6,6,6,6,6,6,6,6,6,5,6,6,6,5,6,6,6,5,6,6,6,6,6,5,6,6,6,6,6,6,6,6,6,6,6,6,6,6,6,6,6,6,Default,
189458,6,6,6,6,6,6,6,6,6,6,6,6,6,6,6,6,6,6,6,6,6,6,6,5,6,6,6,6,6,5,6,6,6,6,6,6,6,6,6,6,5,4,6,5,5,Default,
189474,5,6,6,6,6,6,6,6,6,6,6,6,6,6,6,5,6,6,6,6,6,6,5,5,6,6,6,6,6,6,6,6,6,6,6,6,6,6,6,6,6,6,5,6,6,Default,
189490,5,6,5,6,6,6,6,6,6,6,6,6,6,6,6,6,6,6,6,6,6,5,6,5,6,5,6,6,6,6,5,6,5,6,6,6,6,6,6,5,5,6,6,6,6,Default,
189506,5,6,6,6,6,5,5,6,6,6,5,6,6,5,6,6,5,6,6,5,6,6,6,6,6,6,5,6,6,6,6,6,4,6,6,6,5,6,6,5,6,6,6,6,6,Default,
189522,6,6,5,5,5,6,6,6,6,6,6,6,6,6,6,6,5,6,6,5,5,6,6,6,6,6,5,6,5,5,6,6,6,6,6,6,5,6,5,6,6,6,6,6,5,Default,
189538,6,6,6,5,6,6,6,6,5,6,6,6,6,6,6,6,6,6,6,5,6,6,6,4,6,6,5,6,6,5,6,6,6,6,6,6,6,6,6,6,6,6,6,6,6,Default,
189554,6,6,5,5,6,6,5,6,6,6,6,5,5,6,6,6,6,6,5,6,6,6,6,6,5,6,6,6,5,5,6,6,6,6,6,6,6,6,6,6,6,6,6,6,6,Default,
189570,5,6,6,6,11,5,5,6,6,4,7,8,4,7,6,7,4,8,7,6,8,6,6,6,4,4,8,8,6,7,4,4,6,7,6,5,6,5,5,7,4,4,4,6,8,Default,
189586,5,6,6,6,6,6,6,6,6,6,6,6,6,6,6,6,6,6,6,6,6,6,6,5,6,6,6,6,6,6,6,6,6,6,6,6,5,6,6,4,6,5,6,6,6,Default,
189602,6,6,6,6,6,5,6,6,6,6,6,6,6,6,6,6,6,6,6,6,6,6,6,6,5,6,6,6,5,6,6,6,5,5,6,6,6,4,6,6,6,6,6,6,6,Default,
189618,6,6,6,5,6,6,5,5,6,6,6,6,5,5,6,6,5,6,6,5,6,6,6,6,5,5,5,6,6,4,5,6,5,6,5,6,6,6,6,6,6,6,6,6,6,Default,
189634,6,6,6,6,6,6,6,6,5,6,5,5,6,6,6,6,6,6,6,6,5,6,6,6,6,6,6,6,6,6,6,6,5,6,6,6,6,6,5,6,6,6,6,6,6,Default,
189650,5,6,5,6,6,6,6,6,6,6,5,6,6,6,6,6,5,6,5,5,6,6,6,6,5,6,6,6,6,5,6,6,6,6,6,6,6,6,6,5,5,6,5,5,6,Default,
189666,5,6,6,6,6,6,6,6,6,6,6,6,6,6,6,6,6,6,6,6,6,6,5,6,6,5,6,6,6,6,6,5,7,6,6,6,6,6,5,6,6,5,6,6,6,Default,
189682,6,6,6,5,6,6,5,5,6,6,6,6,6,6,6,6,5,6,6,6,6,5,6,6,6,5,5,6,6,6,6,5,6,6,6,6,6,6,6,5,5,7,6,6,6,Default,
189698,6,6,6,6,6,6,5,5,6,6,5,6,6,6,6,5,5,6,5,5,5,5,6,6,5,6,5,5,6,6,6,6,6,6,6,6,6,6,6,6,6,6,6,5,6,Default,
189714,6,6,6,6,6,6,6,6,6,6,6,6,6,5,6,6,6,6,6,6,6,6,6,6,6,6,5,5,6,6,6,6,6,6,6,5,6,6,6,5,5,6,6,6,6,Default,
189730,5,6,6,5,6,5,4,5,6,6,6,6,6,5,6,6,5,6,6,6,6,6,6,6,6,6,5,6,6,6,5,6,6,6,5,6,6,6,6,6,5,6,6,6,6,Default,
189746,5,6,6,6,4,6,6,6,6,4,6,6,5,6,5,6,6,6,6,6,6,6,5,6,6,6,6,6,6,6,5,6,6,6,5,6,6,5,6,6,6,6,6,6,6,Default,
189762,6,6,6,5,5,6,5,6,6,6,6,5,6,6,5,5,5,4,6,6,6,6,6,5,6,6,5,6,6,6,6,6,6,6,6,5,5,5,6,6,6,6,6,6,6,Default,
189778,6,6,6,6,6,6,5,6,6,6,6,6,6,5,5,6,6,6,6,5,6,6,6,6,6,6,6,6,6,5,6,6,6,5,6,6,5,6,6,6,6,6,6,6,6,Default,
189794,6,6,6,6,6,6,6,6,6,6,6,5,6,6,6,5,6,6,5,6,6,6,6,5,5,6,6,6,6,5,6,6,6,6,6,6,6,6,6,6,6,6,6,6,5,Default,
189810,5,6,6,6,6,6,5,6,6,5,6,6,6,6,6,6,5,6,6,4,6,6,6,6,6,6,6,6,6,6,5,6,6,5,6,6,5,6,6,6,5,6,6,6,6,Default,
189826,6,6,5,5,6,6,5,6,6,6,6,6,6,5,6,6,6,6,6,6,6,6,6,6,6,6,5,5,6,6,6,6,6,6,6,5,5,6,6,6,6,6,6,6,5,Default,
189842,6,6,6,6,6,5,5,6,6,5,6,6,6,6,6,6,6,6,6,5,5,6,6,6,5,6,6,6,6,6,6,6,5,6,6,6,6,6,6,6,6,6,6,7,6,Default,
189858,6,6,5,5,6,6,5,6,6,6,6,6,6,6,6,6,5,6,6,5,6,5,5,5,6,6,5,6,6,4,6,6,6,6,6,5,6,6,6,6,5,6,6,5,5,Default,
189874,6,6,5,6,6,6,6,6,6,6,6,5,6,6,6,6,6,6,6,6,6,6,6,5,5,6,6,5,6,5,6,5,6,6,6,6,6,6,6,6,6,6,6,6,6,Default,
189890,6,6,6,6,6,6,6,6,6,6,6,6,6,6,5,5,6,6,6,6,6,6,6,6,5,5,6,6,6,6,6,6,6,5,5,6,6,5,6,6,6,6,6,6,6,Default,
189906,5,6,5,6,6,6,5,6,6,6,6,6,6,6,6,6,6,6,6,6,5,6,6,6,6,6,6,6,5,6,6,6,5,5,6,5,6,5,6,6,6,5,6,6,6,Default,
189922,5,6,6,5,6,6,6,5,6,6,6,6,6,6,6,6,6,6,6,6,6,5,6,5,6,6,5,6,6,5,6,6,6,6,6,6,6,5,6,5,6,6,6,6,6,Default,
189938,6,6,6,6,6,6,6,6,6,6,6,6,6,5,5,6,5,6,6,6,6,6,6,5,5,5,6,5,6,5,6,5,6,6,5,6,6,5,6,6,6,6,6,6,6,Default,
189954,6,6,6,5,6,6,7,6,6,6,6,6,6,5,6,5,5,6,6,6,5,5,6,6,6,5,5,6,6,6,5,5,6,6,6,6,6,6,6,6,6,6,6,6,6,Default,
189970,5,6,6,6,6,6,6,6,5,5,6,5,6,6,6,6,6,6,6,6,6,6,6,5,6,6,5,6,5,6,6,6,6,6,6,6,5,6,6,6,6,6,5,6,6,Default,
189986,6,6,6,6,6,5,6,6,6,6,6,6,6,5,6,6,5,5,6,6,6,5,6,6,5,6,6,6,6,6,6,5,6,6,6,5,6,6,6,6,6,6,6,5,6,Default,
190002,6,6,6,5,6,6,5,6,6,6,4,6,6,5,6,6,6,6,5,6,6,6,6,6,6,6,5,6,6,5,6,5,5,6,6,6,5,5,6,6,6,6,5,6,5,Default,
190018,6,6,6,6,5,6,5,5,6,6,5,6,6,6,6,5,6,6,6,6,6,6,6,6,6,6,6,6,5,5,6,6,6,6,6,5,6,6,6,6,6,6,6,6,6,Default,
190034,6,6,6,6,6,6,6,6,6,6,6,5,6,6,5,6,6,5,6,5,6,6,6,6,6,6,6,6,6,6,6,6,6,6,6,6,7,6,6,6,6,6,6,6,6,Default,
190050,5,6,6,6,6,6,5,7,6,6,6,6,6,6,5,6,6,5,6,6,6,6,6,5,6,6,5,5,5,6,5,6,6,6,6,6,6,6,6,5,6,6,6,6,6,Default,
190066,6,6,5,5,6,6,6,6,5,6,6,6,6,6,6,6,5,5,6,6,6,6,6,6,5,6,5,5,6,6,5,6,6,6,6,6,6,6,6,5,6,5,6,6,5,Default,
190082,6,6,5,6,5,6,6,6,6,6,6,6,6,6,6,6,6,6,6,6,6,6,6,6,6,6,6,6,6,6,6,6,6,6,6,6,6,5,5,6,6,6,6,6,6,Default,
190098,6,6,6,5,6,6,5,6,6,6,6,6,6,6,6,5,5,6,6,5,6,6,6,5,5,6,6,6,5,4,6,6,6,6,6,5,6,6,6,6,6,6,7,6,6,Default,
190114,6,6,6,6,6,6,6,6,6,6,6,5,6,6,6,6,5,6,6,6,6,6,6,6,6,6,5,6,6,6,6,6,6,5,6,5,6,6,6,6,6,5,6,6,6,Default,
190130,6,6,6,6,6,6,6,6,6,6,5,5,6,5,5,6,6,6,6,6,6,6,6,5,4,6,6,6,6,6,6,6,6,6,5,5,6,5,6,6,6,6,6,6,6,Default,
190146,6,6,6,6,6,6,6,5,6,5,6,6,6,6,6,6,6,6,6,6,6,6,6,6,6,6,6,6,6,6,6,6,5,6,6,6,6,6,6,6,6,5,6,6,5,Default,
190162,5,6,6,6,6,5,6,5,6,5,6,6,6,6,6,6,6,5,6,6,6,6,6,5,5,6,5,6,6,6,6,6,6,6,6,5,5,6,6,6,6,6,6,6,6,Default,
190178,6,6,6,5,6,5,5,6,6,6,6,5,6,6,6,6,4,6,6,5,6,6,6,6,6,6,6,6,6,6,6,6,6,6,6,6,5,6,6,8,8,6,6,8,7,Default,
190194,6,6,6,6,5,6,6,6,6,6,6,5,6,6,6,6,6,6,6,6,5,6,5,6,6,6,5,6,6,6,6,6,6,6,6,6,6,6,6,6,6,6,6,6,6,Default,
190210,5,6,6,6,6,6,6,6,6,6,6,6,6,6,6,5,7,5,7,6,6,6,6,6,5,6,6,6,6,5,6,6,6,6,6,6,5,6,6,5,6,6,6,6,5,Default,
190226,5,6,5,5,4,6,6,6,6,5,6,6,6,6,5,6,6,5,6,6,6,6,6,6,5,6,6,6,6,6,6,6,6,6,5,6,6,6,6,5,6,5,6,6,5,Default,
190242,6,6,6,6,6,6,5,5,6,5,6,6,6,6,6,6,5,6,6,6,6,6,6,5,6,5,6,6,6,5,6,6,6,6,6,6,5,6,5,5,5,6,6,6,5,Default,
190258,5,6,6,6,5,6,6,5,6,6,6,5,5,6,6,6,6,6,6,5,6,6,6,6,6,6,6,6,6,6,6,6,6,6,6,6,6,6,6,5,6,6,6,6,6,Default,
190274,6,6,6,6,6,6,5,6,6,6,6,6,6,4,6,6,6,6,6,6,6,6,6,5,6,6,6,6,6,6,5,6,6,6,5,6,6,5,6,6,6,5,6,6,5,Default,
190290,7,6,6,7,4,6,5,6,6,6,6,6,6,6,6,6,6,6,6,6,5,6,6,5,6,6,6,6,6,6,6,6,6,6,6,6,5,6,6,5,6,6,6,5,6,Default,
190306,5,6,6,6,6,6,6,6,6,5,6,6,6,6,6,6,6,6,6,6,6,6,6,5,6,6,5,6,6,5,6,6,5,6,6,5,5,6,6,6,6,6,5,6,6,Default,
190322,6,6,6,6,6,6,6,6,6,5,6,6,5,6,6,6,6,6,5,4,6,6,5,5,6,6,6,6,6,6,5,5,4,5,5,5,6,6,6,6,5,6,6,6,6,Default,
190338,4,6,5,5,6,6,6,6,6,6,6,6,6,5,5,6,5,5,6,5,6,6,6,6,6,6,6,6,6,6,6,6,6,6,6,6,5,6,6,5,6,6,6,6,6,Default,
190354,6,6,6,6,5,6,6,6,6,5,6,6,6,6,5,6,6,6,6,6,6,6,5,6,6,5,5,6,6,6,6,6,6,6,6,6,6,6,6,6,6,4,6,6,6,Default,
190370,6,6,6,6,6,5,6,5,6,6,6,6,5,6,6,6,6,6,6,5,6,6,6,6,6,5,6,6,6,5,7,6,6,6,6,6,6,6,6,6,6,5,6,6,6,Default,
190386,4,6,6,6,7,4,4,4,6,4,7,4,7,4,4,6,7,5,8,4,4,4,5,8,5,5,5,5,6,5,8,8,6,7,8,6,6,5,5,7,6,5,5,8,5,Default,
190402,6,5,5,6,6,5,6,6,6,6,6,6,6,6,6,6,5,6,6,6,6,6,6,7,6,6,4,5,6,6,8,8,7,8,6,6,5,6,6,6,6,6,6,6,6,Default,
190418,6,5,5,6,6,6,6,6,6,6,5,6,6,6,6,6,6,6,6,5,6,6,6,8,6,6,6,5,6,5,8,7,7,8,6,5,5,6,6,6,6,6,6,6,6,Default,
190434,6,6,5,5,6,6,6,6,6,6,6,6,6,6,6,6,5,6,6,5,6,5,6,6,6,6,5,6,6,5,7,6,6,6,6,6,5,6,6,5,6,6,6,6,6,Default,
190450,6,6,6,5,6,6,5,6,6,6,6,6,6,6,6,6,5,6,6,6,6,6,6,6,6,6,6,6,6,5,6,6,6,6,5,6,5,5,6,5,6,6,6,5,5,Default,
190466,6,6,6,5,6,6,6,6,6,6,6,5,6,6,6,6,5,6,6,5,6,6,6,5,5,6,6,5,6,6,6,6,6,6,5,6,6,5,6,6,6,6,6,6,6,Default,
190482,6,6,6,5,6,6,6,6,6,6,6,6,6,6,6,6,6,6,6,6,6,6,5,6,6,6,6,6,6,6,6,6,6,6,6,6,5,6,6,6,6,6,6,6,6,Default,
190498,6,6,5,5,6,6,4,6,6,6,6,6,6,6,6,6,6,6,4,5,6,6,6,6,6,6,5,6,6,6,6,6,6,6,5,6,5,6,6,5,6,6,6,6,6,Default,
190514,6,6,6,6,6,6,6,6,6,5,6,6,6,6,6,6,6,6,6,6,6,6,5,6,6,6,6,6,6,6,6,6,6,6,6,6,5,6,6,6,6,6,6,6,6,Default,
190530,5,6,6,6,6,5,6,6,5,5,6,6,6,5,6,6,6,6,6,6,6,5,6,6,6,6,4,6,6,5,6,5,6,6,6,6,5,6,6,5,6,6,6,5,6,Default,
190546,6,6,6,6,6,5,5,6,6,6,6,6,5,5,6,5,5,6,6,6,6,6,6,6,6,6,5,6,6,6,6,6,4,6,6,6,5,6,6,5,6,6,6,6,6,Default,
190562,6,6,6,6,4,5,6,5,6,5,6,6,6,6,6,6,6,6,6,6,6,6,6,6,6,6,6,5,6,5,5,6,6,6,6,6,6,6,6,6,6,6,6,6,6,Default,
190578,6,6,5,5,6,6,6,6,6,6,6,6,5,5,5,6,5,6,6,6,6,6,6,6,6,6,5,6,6,6,6,6,6,6,6,6,5,6,6,6,6,6,6,6,5,Default,
190594,6,6,6,6,6,6,6,6,6,5,6,6,5,6,6,6,6,6,6,5,6,6,6,5,6,6,5,6,6,6,6,6,6,6,6,6,5,6,6,5,5,6,6,6,5,Default,
190610,6,5,6,6,6,6,6,6,6,6,6,6,6,6,5,5,5,6,6,6,6,5,6,6,6,6,6,6,6,6,6,6,5,6,5,6,6,5,6,6,6,6,6,6,6,Default,
190626,6,6,6,6,6,6,6,6,6,6,6,6,6,6,6,6,6,6,6,5,6,6,6,6,6,6,6,6,6,6,6,6,6,6,6,6,6,6,5,6,6,5,6,6,5,Default,
190642,6,6,6,5,6,6,5,6,6,6,6,6,6,6,6,6,5,6,5,6,6,6,6,5,6,6,5,6,5,6,6,6,6,6,6,5,6,6,6,5,6,6,6,6,5,Default,
190658,6,6,5,5,6,6,5,6,6,5,6,5,5,6,5,6,6,6,6,6,5,6,5,6,5,6,6,6,5,6,5,6,6,6,6,5,6,6,6,4,6,6,6,6,6,Default,
190674,6,6,6,5,6,5,5,6,6,6,6,6,6,6,6,6,6,5,6,6,6,6,6,6,6,6,5,6,6,6,6,6,6,6,6,6,6,6,5,6,5,7,6,6,6,Default,
190690,5,6,6,5,6,6,6,6,6,6,6,6,6,5,6,5,6,5,6,6,6,6,6,6,6,6,6,6,6,6,6,6,6,6,6,6,6,6,6,5,6,6,6,6,6,Default,
190706,6,6,5,5,6,5,6,6,6,6,5,6,5,6,6,6,6,4,6,6,6,6,6,6,6,6,5,6,4,6,6,5,6,6,5,6,6,6,6,5,6,6,6,6,6,Default,
190722,5,6,6,6,6,6,6,6,6,6,6,6,6,5,6,6,6,5,6,6,6,6,6,6,6,6,6,6,6,6,6,6,6,6,6,6,6,6,6,6,5,6,6,6,5,Default,
190738,5,6,6,6,6,6,6,6,6,6,6,6,6,5,6,6,6,6,6,6,5,5,6,6,5,6,6,6,6,5,6,6,6,6,6,6,6,6,6,6,6,6,6,6,6,Default,
190754,6,6,6,6,4,6,5,6,6,6,6,6,6,6,4,6,6,6,6,6,5,6,6,6,5,6,6,6,6,5,6,6,6,6,5,5,6,6,6,6,6,6,6,6,6,Default,
190770,6,6,6,5,6,6,5,6,6,6,6,6,6,6,6,6,6,6,5,6,6,6,6,5,6,6,5,6,6,5,6,6,6,6,6,5,6,6,6,6,6,6,6,6,6,Default,
190786,5,6,5,6,5,6,5,6,6,6,6,6,6,5,6,6,6,6,6,6,6,6,6,6,6,6,6,6,6,6,6,6,6,6,6,5,6,5,6,6,6,6,6,5,6,Default,
190802,6,6,6,6,6,6,6,6,6,6,6,6,6,6,6,6,6,5,6,6,6,6,6,6,6,5,6,6,6,5,6,6,5,6,5,6,6,4,6,6,6,6,6,6,6,Default,
190818,7,6,6,5,6,6,6,6,6,6,6,5,6,6,6,6,6,6,6,6,6,6,6,4,6,6,5,6,6,6,5,6,6,6,6,6,5,6,6,6,6,6,5,6,6,Default,
190834,6,6,5,5,6,6,6,6,6,6,5,6,6,6,6,6,6,6,6,6,5,6,6,6,6,6,5,6,6,6,6,6,5,6,6,5,6,6,6,6,6,6,6,6,6,Default,
190850,6,6,6,6,6,6,6,6,6,5,6,6,6,6,6,6,6,5,6,6,6,6,6,5,6,6,5,6,5,6,6,6,6,6,6,5,6,6,6,6,5,6,6,6,6,Default,
190866,6,6,6,6,6,6,6,6,5,6,6,5,6,5,6,6,6,6,5,6,5,6,6,6,6,5,5,6,5,6,6,6,5,5,6,5,6,6,6,6,6,6,6,6,6,Default,
190882,5,6,6,6,6,5,5,6,6,6,5,6,6,6,6,6,6,6,6,6,6,5,6,5,6,6,5,6,6,6,6,6,6,6,6,6,6,6,6,5,6,6,6,6,6,Default,
190898,6,6,6,6,6,6,6,6,5,6,6,5,6,6,5,5,6,5,6,6,5,6,6,5,5,6,6,5,6,5,6,6,6,6,6,6,6,6,6,6,6,6,6,6,6,Default,
190914,6,6,6,6,6,6,6,6,6,6,6,7,6,6,6,5,4,6,6,6,6,6,6,6,6,6,6,5,4,5,6,6,6,6,6,5,5,6,6,6,6,6,6,6,6,Default,
190930,6,6,6,6,4,6,6,6,6,6,6,6,6,6,6,5,6,6,6,6,6,6,5,5,6,6,5,4,6,6,5,5,6,5,6,6,5,6,6,6,5,6,6,5,6,Default,
190946,6,6,5,6,6,6,6,6,6,6,6,5,6,6,4,6,6,6,6,6,6,6,5,5,4,6,5,6,6,5,6,6,5,6,5,6,6,7,6,6,6,6,6,6,6,Default,
190962,6,6,6,5,6,5,4,6,5,6,6,6,6,6,6,6,6,6,6,5,6,6,6,5,6,6,5,6,6,5,6,6,6,6,6,6,5,6,6,6,6,6,6,6,6,Default,
190978,6,6,6,6,6,5,5,6,6,6,6,6,6,5,6,6,6,6,6,6,6,6,6,5,6,6,5,6,6,5,6,6,6,6,6,6,5,6,6,6,6,6,6,6,5,Default,
190994,6,6,6,6,6,6,5,6,6,5,6,6,6,6,6,6,6,5,6,6,6,6,6,5,6,6,6,6,6,5,6,6,6,5,5,6,6,5,6,6,6,5,5,6,6,Default,
191010,6,6,5,5,6,6,6,6,5,6,6,6,6,5,6,6,6,6,5,6,6,6,6,6,6,6,6,6,6,5,6,6,6,6,6,6,6,6,6,5,6,6,6,6,6,Default,
191026,5,6,5,6,6,5,6,6,6,6,6,6,6,4,6,6,5,6,6,6,5,5,6,6,6,6,5,6,6,5,6,6,6,6,6,6,5,6,6,6,5,6,6,6,6,Default,
191042,6,6,6,6,6,6,5,6,6,6,6,6,6,6,6,6,6,6,5,5,5,6,6,5,6,6,6,6,6,5,6,6,5,6,6,5,6,6,6,6,6,6,6,6,6,Default,
191058,5,6,6,6,6,6,6,5,6,5,6,6,6,6,5,6,6,6,6,6,5,6,5,4,6,6,5,6,5,5,6,6,5,6,6,6,6,6,5,6,6,6,6,6,6,Default,
191074,6,6,7,6,6,6,6,6,6,6,6,6,6,6,6,6,6,5,6,5,5,6,5,6,6,6,5,6,6,4,6,6,4,6,5,5,6,6,6,6,6,6,6,5,6,Default,
191090,6,6,6,6,6,6,6,6,6,6,5,5,6,5,5,6,6,6,6,6,6,6,5,6,6,6,6,6,6,6,6,6,6,6,5,6,6,6,6,6,6,6,6,6,6,Default,
191106,6,6,6,6,5,5,6,6,6,6,6,6,6,5,6,6,6,6,6,6,6,5,5,6,6,6,6,6,6,6,6,6,6,6,6,6,6,10,7,8,7,5,5,4,4,Default,
191122,6,6,6,6,6,5,6,6,6,6,6,6,6,6,5,6,6,6,6,6,6,6,6,5,6,5,6,5,6,5,5,6,5,6,7,6,6,5,6,6,5,6,6,6,5,Default,
191138,6,6,6,6,6,6,6,6,6,6,6,6,6,6,5,6,5,5,6,5,6,6,6,6,4,6,6,6,6,6,6,6,6,6,6,6,6,5,6,5,6,6,6,6,6,Default,
191186,6,6,6,6,6,6,5,6,6,6,6,6,6,6,6,6,6,6,6,6,6,6,6,6,5,6,6,6,6,5,6,6,6,6,6,6,5,5,5,6,6,6,6,6,6,Default,
191202,5,6,6,6,6,6,6,6,5,6,6,6,6,6,6,6,6,6,6,6,6,6,6,6,6,6,6,6,5,6,6,6,6,6,5,6,5,6,6,6,5,6,6,6,6,Default,
191218,6,6,6,6,5,6,5,5,6,6,6,6,5,4,6,6,6,5,6,6,6,6,6,6,5,6,5,6,6,5,6,6,6,6,6,6,5,6,5,6,6,6,6,6,6,Default,
191234,6,6,6,6,6,6,6,5,6,6,6,6,6,6,5,6,6,6,5,6,6,5,6,6,5,5,6,6,6,6,6,6,6,5,5,6,6,5,6,6,6,6,6,6,5,Default,
191250,6,6,5,5,6,6,6,6,6,6,6,6,6,5,6,6,6,6,6,6,5,6,6,4,5,6,5,6,6,6,5,6,6,6,6,6,6,6,6,5,5,6,6,6,6,Default,
191266,6,6,6,6,6,6,4,6,6,6,6,6,6,6,6,6,5,6,6,6,6,6,5,5,5,6,5,6,5,6,6,6,5,6,6,6,5,6,6,6,6,6,6,5,5,Default,
191282,6,6,6,6,6,6,6,5,6,6,6,6,6,6,5,6,6,5,6,6,6,6,6,5,6,6,6,6,5,6,6,5,6,6,6,6,6,6,5,5,6,5,6,6,6,Default,
191298,6,6,6,4,5,6,5,6,6,5,6,6,6,6,6,6,5,6,6,6,6,6,5,5,6,6,5,6,6,5,6,6,6,6,6,7,5,6,6,6,5,6,6,6,6,Default,
191314,6,6,6,6,6,6,5,6,6,6,6,6,6,6,5,6,6,6,5,6,6,5,5,5,6,6,6,4,6,6,6,6,5,6,6,5,6,6,4,6,6,5,6,5,6,Default,
191330,6,6,6,5,6,6,5,6,6,6,6,6,6,6,6,6,5,6,6,4,6,6,5,6,6,6,6,6,6,6,6,6,5,5,6,6,5,6,6,6,6,6,6,6,6,Default,
191346,6,6,5,6,6,5,6,6,6,6,6,6,6,6,6,6,6,6,6,6,6,6,4,6,5,6,6,6,6,6,6,6,5,5,6,6,6,6,6,6,6,6,6,5,6,Default,
191362,5,6,6,5,5,6,6,6,6,6,6,6,6,6,6,6,6,6,6,6,6,6,6,6,6,6,5,6,6,6,6,6,6,5,5,6,6,6,6,5,5,6,6,6,6,Default,
191378,6,6,6,6,5,5,6,6,6,6,6,6,5,6,6,6,5,6,6,5,6,6,6,6,6,6,6,6,6,5,6,6,6,6,6,6,6,6,6,6,5,6,6,6,6,Default,
191394,6,6,6,4,6,6,6,6,6,6,6,6,5,6,6,6,6,5,6,6,6,6,6,5,6,5,5,6,6,6,6,6,6,6,6,6,5,6,6,5,6,6,6,6,6,Default,
191410,6,6,5,6,6,6,6,6,6,6,6,6,6,6,6,5,6,6,6,6,6,6,6,6,6,5,6,6,6,6,5,6,6,6,6,6,5,6,6,6,6,6,6,6,6,Default,
191426,6,5,6,6,6,6,6,6,6,6,5,5,6,6,6,6,6,6,5,6,6,6,6,6,5,6,6,5,6,6,6,6,5,6,6,6,6,5,6,6,6,6,6,5,6,Default,
191442,6,7,6,6,6,5,5,6,6,6,6,6,6,6,5,6,6,6,6,5,6,6,6,6,6,6,5,6,6,6,5,6,6,5,6,6,6,6,5,6,6,6,5,6,5,Default,
191458,6,6,6,5,6,6,6,6,6,6,6,6,6,6,6,6,6,6,6,6,5,5,6,5,6,6,5,6,7,5,6,6,5,5,6,6,6,6,6,6,6,6,6,6,5,Default,
191474,6,6,5,6,6,6,5,6,5,6,6,4,6,5,6,6,6,5,6,6,6,6,6,5,6,6,6,6,6,5,6,6,6,6,5,6,6,6,6,6,6,6,5,6,5,Default,
191490,6,6,5,6,6,6,6,4,6,6,5,6,6,6,6,5,5,6,6,6,6,6,6,6,6,6,5,6,5,6,6,6,5,6,5,6,6,6,6,5,6,6,6,5,6,Default,
191506,6,6,5,6,6,5,5,6,6,6,6,6,6,5,6,5,6,5,5,6,6,6,6,5,6,6,5,6,6,6,6,5,6,5,6,6,4,6,5,5,6,6,6,6,6,Default,
191522,6,6,6,6,6,6,5,6,6,6,7,6,6,6,6,6,6,5,5,5,6,6,6,5,6,6,6,6,6,6,6,6,6,6,6,6,6,6,6,6,6,6,6,6,6,Default,
191538,6,6,6,5,5,6,6,6,6,6,6,6,5,4,5,6,5,6,5,6,6,6,6,5,6,6,6,5,6,5,6,6,6,6,6,6,6,6,6,6,6,6,6,6,6,Default,
191554,6,6,6,5,6,6,6,6,6,6,6,5,6,5,6,6,6,6,5,7,6,6,6,6,6,5,5,6,6,4,6,6,5,5,6,4,6,6,6,6,6,5,6,6,6,Default,
191570,6,6,6,6,6,5,6,6,6,6,6,6,5,6,5,6,6,5,6,6,5,6,6,6,5,6,6,6,6,6,6,6,6,6,6,6,6,6,6,6,6,6,6,6,5,Default,
191586,6,6,5,6,6,6,6,6,6,5,6,5,6,5,6,6,6,6,6,6,6,6,5,5,6,6,6,6,6,6,6,6,5,6,6,5,6,6,6,6,6,6,6,6,5,Default,
191602,5,6,6,4,5,5,6,6,6,6,6,6,6,5,6,6,6,6,6,6,6,6,6,5,6,7,5,6,6,6,6,6,4,5,6,6,5,6,6,5,6,6,6,6,6,Default,
191618,6,6,6,6,6,6,6,6,6,6,6,6,6,6,6,6,6,6,6,6,6,6,5,6,5,6,6,6,6,5,6,6,6,5,6,6,6,6,6,6,5,6,5,6,5,Default,
191634,6,6,6,5,6,6,6,6,6,5,6,6,6,6,5,6,6,6,6,5,6,6,6,6,6,6,4,6,6,6,6,6,6,6,6,6,6,6,6,6,6,6,6,6,6,Default,
191650,6,6,6,6,6,6,6,6,6,6,6,6,6,6,6,6,6,6,6,6,6,6,5,5,4,6,6,6,6,5,5,6,6,6,6,6,5,6,6,6,6,6,6,6,6,Default,
191666,5,6,6,6,6,6,6,6,6,6,6,6,6,6,6,6,6,6,6,5,6,6,5,6,5,6,6,6,6,6,6,6,5,5,5,6,5,5,6,5,6,6,5,6,6,Default,
191682,5,6,5,5,6,6,6,6,6,6,6,6,6,6,6,6,5,6,6,6,6,6,6,6,6,6,4,6,6,5,6,6,5,5,5,6,5,6,6,6,6,6,6,6,5,Default,
191698,6,6,6,6,6,6,6,6,6,6,6,6,6,6,6,6,6,6,5,6,6,6,6,5,6,6,5,6,6,5,6,6,5,6,6,6,5,6,6,6,5,6,6,6,6,Default,
191714,6,7,6,6,6,6,5,6,6,6,6,6,5,6,6,6,6,6,6,6,6,6,6,5,6,6,6,6,6,4,6,6,5,6,6,6,6,5,6,5,6,6,8,4,7,Default,
191730,5,6,6,6,6,6,6,5,6,6,6,6,6,5,6,6,6,6,6,6,5,6,6,6,6,6,6,6,6,6,6,6,6,5,6,6,5,5,6,6,6,6,5,6,6,Default,
191746,6,6,6,5,6,6,6,6,6,6,6,6,6,6,6,6,6,6,6,6,5,5,6,6,6,6,5,6,6,6,6,6,6,6,6,6,5,6,6,5,6,5,6,5,6,Default,
191762,6,6,6,6,6,6,6,6,6,6,6,6,6,6,6,6,6,4,6,6,6,6,6,5,6,6,6,5,5,6,5,6,5,5,6,6,4,6,6,6,5,6,6,5,6,Default,
191778,6,6,6,5,6,6,4,6,6,6,6,6,6,6,6,6,6,6,6,5,6,6,6,5,5,6,6,6,6,5,6,6,5,6,5,5,5,6,6,6,6,6,6,5,6,Default,
191794,6,6,6,6,6,6,6,6,6,6,6,6,5,6,6,6,6,5,6,6,6,6,5,5,6,6,6,6,6,6,6,6,5,6,6,6,6,6,6,6,6,5,6,7,6,Default,
191810,6,6,6,6,6,6,5,6,6,6,6,6,6,6,5,6,6,6,5,6,6,6,6,6,6,6,6,6,6,6,6,6,6,6,6,6,5,6,6,6,6,6,6,6,6,Default,
191826,6,6,6,6,6,6,5,6,5,6,6,6,6,6,6,5,5,5,6,6,6,6,6,6,6,6,5,6,6,6,5,6,6,6,6,6,6,6,5,5,6,5,6,6,4,Default,
191842,6,6,6,6,6,6,6,6,6,6,6,6,6,5,6,6,6,6,6,6,5,6,5,4,6,6,6,6,6,5,6,5,6,6,6,6,5,6,6,5,5,6,6,6,6,Default,
191858,6,6,6,6,6,6,6,5,6,5,6,6,6,6,6,6,6,6,6,6,6,6,6,6,6,6,5,6,6,4,6,6,6,6,6,6,6,6,6,6,6,6,6,6,6,Default,
191874,7,6,6,6,6,6,6,6,6,6,6,6,6,5,6,6,5,6,5,6,6,6,6,6,6,6,6,6,6,6,6,5,6,6,6,5,5,6,6,6,6,6,6,6,6,Default,
191890,5,6,6,6,6,6,6,6,6,6,6,6,6,6,6,6,6,6,6,6,6,6,6,5,6,6,6,6,5,6,6,6,6,5,6,6,5,6,6,5,6,6,6,5,6,Default,
191906,5,6,5,6,6,6,5,6,5,6,6,6,6,6,5,6,6,5,6,6,6,6,6,6,6,6,6,5,5,5,6,5,6,6,6,6,6,5,6,6,6,6,6,6,6,Default,
191922,6,6,6,5,6,6,6,6,6,5,6,6,6,5,6,6,6,6,6,6,6,6,6,6,6,6,5,6,6,6,6,6,6,5,6,6,6,6,6,5,6,6,6,6,6,Default,
191938,5,6,6,6,6,6,6,6,6,6,5,6,6,5,6,6,6,6,6,6,6,6,6,5,6,6,5,6,6,5,5,6,6,6,6,6,6,6,6,6,5,6,6,5,6,Default,
191954,6,6,6,6,6,6,6,5,6,6,6,6,6,6,6,6,6,6,6,6,5,6,6,6,6,6,6,6,6,6,6,5,6,6,6,6,6,6,5,6,6,6,6,6,5,Default,
191970,6,5,6,6,6,6,6,6,6,6,5,6,6,6,6,5,5,6,6,6,6,6,6,6,6,6,6,6,6,6,6,6,6,5,6,6,6,6,6,5,6,6,6,6,6,Default,
191986,5,6,6,5,6,6,5,6,6,6,6,6,6,6,6,6,6,6,6,6,6,6,6,5,6,6,5,6,6,6,6,6,6,6,6,6,6,6,5,5,6,6,6,6,6,Default,
192002,6,6,6,6,6,5,5,6,6,6,5,6,6,6,6,6,6,6,6,5,6,6,5,5,6,6,6,6,6,6,6,6,6,6,6,6,6,6,6,6,6,6,6,6,6,Default,
192018,5,6,6,6,6,6,5,6,6,6,6,6,6,5,6,6,6,6,6,6,6,6,5,6,6,6,6,6,6,5,6,6,6,6,6,6,5,6,6,6,6,6,6,6,6,Default,
192034,6,6,6,6,5,5,6,5,6,6,5,5,6,6,6,6,6,6,6,6,6,6,5,6,6,6,6,6,6,6,6,6,5,6,6,6,6,6,5,6,6,6,6,6,6,Default,
192050,6,6,6,6,6,6,6,6,5,6,5,6,6,5,6,6,6,5,6,5,6,6,6,5,6,5,5,6,6,6,6,6,6,6,6,6,6,6,6,6,6,6,6,6,6,Default,
192066,5,6,5,6,6,6,6,6,6,5,6,6,6,6,6,6,5,6,6,6,5,6,6,6,6,6,5,6,6,6,6,6,5,6,6,5,6,6,6,6,6,6,6,5,5,Default,
192082,6,6,5,5,6,6,6,6,6,6,6,6,6,5,6,5,5,6,5,5,6,5,6,6,6,6,6,6,6,6,6,6,6,6,6,6,6,6,6,5,6,6,6,5,6,Default,
192098,6,6,6,6,5,6,5,6,6,6,6,6,6,5,5,6,5,6,5,6,6,6,6,6,5,6,6,5,6,6,6,6,6,6,6,6,6,6,6,5,6,6,6,6,5,Default,
192114,6,6,6,5,6,6,6,6,6,6,6,6,6,5,6,6,5,6,6,5,6,6,5,4,5,6,6,5,6,5,6,6,6,6,6,6,5,6,6,6,6,6,6,6,6,Default,
192130,7,7,4,4,8,6,4,6,7,8,7,7,8,4,7,6,8,6,4,4,6,6,6,6,6,6,5,6,6,5,6,6,6,6,4,6,6,6,5,5,6,5,6,6,6,Default,
192146,5,6,6,6,5,6,5,6,5,5,5,6,6,6,6,6,5,6,6,5,5,6,4,6,6,6,6,6,6,6,5,6,6,6,5,6,6,5,6,6,6,6,5,5,5,Default,
192162,5,6,5,5,5,6,6,6,6,6,6,6,6,6,6,6,5,6,6,5,6,6,6,6,6,5,6,6,6,6,6,6,6,6,6,6,5,6,5,6,6,6,6,6,5,Default,
192178,5,6,6,6,6,6,6,6,6,6,6,6,5,6,6,5,6,6,6,5,6,6,6,5,6,6,5,6,6,6,6,6,6,6,6,6,6,6,5,6,5,6,6,6,6,Default,
192194,6,6,6,6,6,6,6,6,6,6,6,6,6,6,6,6,5,6,6,6,6,5,6,6,6,6,6,6,7,6,6,6,6,6,6,6,5,6,5,4,6,6,6,6,6,Default,
192210,6,6,6,5,6,5,5,6,6,5,5,6,6,6,6,6,6,6,6,6,6,6,6,6,6,6,6,6,6,6,6,6,6,6,5,5,6,6,6,5,6,6,6,5,6,Default,
192226,6,6,6,5,6,5,5,6,6,6,6,6,6,6,6,6,6,6,6,6,6,6,6,6,6,6,5,6,6,6,6,6,6,6,6,6,5,6,7,4,4,6,6,5,6,Default,
192242,6,6,5,6,5,5,6,6,6,6,6,6,6,6,5,6,5,6,6,6,6,6,6,6,5,6,6,6,6,6,6,5,6,6,5,6,6,6,6,6,6,6,6,6,6,Default,
192258,6,6,6,5,6,6,6,6,6,6,5,5,6,6,6,6,6,6,6,6,6,6,6,5,6,6,4,5,5,6,6,6,6,6,6,6,5,6,6,6,6,6,6,6,6,Default,
192274,6,6,5,6,6,6,6,6,6,6,6,6,6,5,6,6,6,6,6,6,6,5,5,6,4,6,6,6,6,5,6,6,6,6,6,6,6,6,5,6,6,5,6,6,5,Default,
192290,6,6,6,6,6,6,6,6,6,6,6,6,6,6,4,6,6,6,6,6,6,6,6,6,6,6,6,6,6,6,6,6,6,6,6,6,6,6,6,6,6,6,6,7,6,Default,
192306,6,6,6,6,6,6,6,6,6,6,6,6,6,5,6,6,6,6,6,6,6,6,6,6,6,6,6,6,6,6,6,6,6,6,6,6,6,6,6,6,5,6,6,6,6,Default,
192322,6,6,5,5,6,6,6,6,6,5,5,6,5,5,6,6,4,5,6,5,6,5,6,6,6,6,6,6,5,6,6,6,6,6,6,6,6,6,6,5,6,6,5,6,6,Default,
192338,6,6,6,6,6,6,6,6,6,6,6,6,6,6,6,6,5,6,6,7,6,5,6,6,6,6,6,6,5,5,6,6,6,6,6,5,6,6,6,5,5,6,5,5,6,Default,
192354,6,6,6,6,6,6,5,6,5,6,6,6,6,5,6,6,6,6,6,6,6,6,6,6,6,6,6,5,4,6,6,5,6,5,6,6,6,6,6,4,6,6,6,6,6,Default,
192370,6,6,6,5,6,6,5,6,6,6,6,6,6,6,6,6,5,6,6,5,6,6,6,6,6,6,5,6,6,6,6,6,6,6,6,6,6,5,6,6,6,6,6,6,6,Default,
192386,6,6,6,6,6,6,6,6,6,5,6,6,6,6,5,6,5,6,5,6,6,5,6,6,6,6,6,5,6,6,6,6,6,6,5,6,6,6,5,6,6,6,6,6,6,Default,
192402,6,6,6,5,5,6,6,6,6,6,6,6,6,5,6,6,4,6,6,6,5,6,5,6,6,6,6,6,6,5,6,6,6,6,6,6,5,6,6,5,5,6,6,5,6,Default,
192418,6,6,6,6,6,6,6,6,6,6,6,6,6,6,6,6,6,6,6,6,5,6,5,5,6,6,5,5,6,5,6,6,6,6,6,6,4,6,6,6,6,6,5,6,6,Default,
192434,6,6,6,6,6,6,6,6,6,6,6,5,6,6,5,6,6,6,6,6,6,6,6,5,5,6,6,6,6,6,6,5,6,6,6,6,6,6,6,6,6,6,6,6,6,Default,
192450,5,6,6,5,6,6,6,6,6,6,6,5,6,6,6,6,5,6,6,6,6,6,6,6,5,6,5,6,6,6,6,6,6,6,6,6,5,6,6,5,6,5,6,6,6,Default,
192466,5,7,6,6,6,6,5,6,6,5,6,6,6,5,6,6,6,6,6,5,6,6,6,6,6,5,5,6,6,6,6,6,6,6,6,5,6,6,6,6,6,5,5,6,5,Default,
192482,6,6,6,6,5,5,6,6,6,5,6,6,6,5,6,6,6,6,6,5,6,5,6,6,6,6,6,6,6,5,6,6,6,6,6,6,6,6,6,6,5,6,5,5,6,Default,
192498,6,6,6,5,6,6,6,6,6,6,6,6,6,6,6,6,6,6,6,6,6,6,6,6,6,5,5,6,6,5,6,6,6,6,6,6,5,6,6,5,6,6,6,6,6,Default,
192514,6,6,6,6,6,6,6,5,6,6,6,6,6,6,6,6,6,6,5,6,6,6,6,6,6,6,6,6,6,6,6,6,6,6,6,6,6,6,6,6,6,5,6,5,5,Default,
192530,6,6,6,6,6,6,4,6,6,6,6,6,6,5,6,6,6,5,6,5,5,6,6,6,6,6,5,5,5,5,6,6,5,6,6,6,6,7,6,6,6,6,5,6,6,Default,
192546,6,6,5,6,6,6,5,6,6,6,6,6,6,6,6,5,6,6,6,6,5,6,6,6,6,6,5,6,6,6,6,6,5,6,6,6,5,6,6,5,6,5,6,6,5,Default,
192562,6,6,5,4,6,6,6,6,5,5,6,6,6,6,6,6,6,6,6,6,5,6,6,6,6,6,6,6,5,5,6,6,6,6,6,6,4,6,6,6,5,7,6,6,6,Default,
192578,6,6,6,6,6,6,6,6,6,6,6,5,6,6,4,6,6,5,6,6,6,6,6,6,5,6,5,6,6,5,6,6,6,6,5,6,5,5,6,6,6,7,6,6,5,Default,
192594,6,6,6,6,6,6,6,6,6,6,6,6,6,5,6,5,6,6,6,6,6,5,6,6,6,6,5,6,6,6,6,6,6,6,6,6,5,6,6,6,5,6,6,6,6,Default,
192610,6,6,6,6,6,6,6,6,6,6,5,6,6,5,6,6,6,6,6,5,6,6,6,5,6,6,6,6,6,6,6,6,5,6,6,6,6,6,5,5,5,6,6,6,6,Default,
192626,5,6,7,6,6,6,6,6,6,6,6,6,6,7,6,6,6,6,6,6,6,6,6,6,5,6,5,5,6,6,6,6,6,6,6,5,6,6,6,6,6,6,6,6,6,Default,
192642,6,6,5,5,6,6,5,6,5,6,5,6,6,6,5,6,6,5,6,6,6,6,6,6,5,6,6,6,6,5,6,6,6,6,6,6,6,6,6,6,5,6,6,6,6,Default,
192658,5,6,6,6,6,5,5,6,6,6,6,6,5,5,6,6,6,6,6,6,6,6,6,5,6,6,5,6,6,5,6,6,6,6,6,6,6,6,5,6,6,6,6,6,6,Default,
192674,5,6,6,6,5,6,6,6,5,6,6,6,5,6,6,6,5,5,6,6,6,6,6,6,6,6,6,6,6,6,6,6,6,6,6,6,6,6,6,5,6,6,6,6,6,Default,
192690,5,6,6,6,5,6,6,6,6,6,6,6,6,6,6,6,6,6,5,6,6,5,6,6,6,6,6,6,6,5,6,6,6,6,6,6,5,6,6,6,6,6,6,6,6,Default,
192706,5,6,5,5,6,6,6,6,6,6,6,6,6,6,6,6,6,6,5,6,6,6,6,6,6,6,6,6,6,6,6,6,6,6,5,6,6,5,6,5,6,6,6,6,6,Default,
192722,5,6,6,6,6,5,6,6,6,5,6,6,6,6,6,6,6,6,6,5,6,6,6,5,6,6,6,6,6,6,6,6,6,6,6,6,6,6,6,6,6,6,5,6,6,Default,
192738,6,6,6,5,6,6,6,5,6,6,6,6,5,4,6,6,5,6,6,6,6,5,6,6,6,6,5,6,6,5,6,6,8,7,7,8,3,7,7,4,4,6,8,4,4,Default,
192754,6,5,6,6,6,6,6,6,6,6,5,6,6,6,6,6,5,6,6,6,6,6,6,6,5,6,5,6,6,6,6,6,6,7,6,6,6,6,5,6,6,6,6,6,5,Default,
192770,4,6,5,6,5,6,6,6,6,6,5,6,5,6,5,6,6,6,6,6,6,6,6,5,5,6,6,6,6,6,6,6,6,6,6,6,6,5,6,6,6,6,6,6,6,Default,
192786,6,6,6,6,6,6,6,6,6,6,5,5,6,5,6,5,6,6,6,6,6,6,6,6,6,6,5,6,6,6,6,6,5,6,6,5,6,6,6,6,6,5,6,6,4,Default,
192802,5,6,6,6,6,6,6,5,6,6,6,6,6,6,6,6,6,6,6,6,6,6,5,5,6,6,5,6,6,5,6,6,6,6,5,5,5,6,6,6,6,6,6,6,6,Default,
192818,6,6,6,6,6,6,6,6,6,6,6,6,6,6,6,6,5,6,6,6,6,6,6,6,6,6,5,6,6,6,6,6,6,6,6,6,6,6,6,6,6,6,5,6,6,Default,
192834,6,6,6,5,6,5,5,6,5,6,6,6,6,6,6,6,5,6,6,6,6,5,6,6,6,5,6,6,6,5,6,6,6,6,5,5,6,6,6,4,6,6,6,5,6,Default,
192850,6,6,6,5,6,6,5,6,4,6,6,6,6,5,6,6,6,5,6,6,6,5,6,6,6,6,5,6,5,5,6,6,6,6,5,6,5,6,6,6,5,6,6,6,6,Default,
192866,6,6,6,6,6,6,6,6,6,6,6,6,6,6,6,6,4,6,6,5,6,6,6,5,6,6,5,6,6,6,6,6,6,6,6,6,6,6,6,5,6,6,5,6,6,Default,
192882,6,6,5,6,6,6,6,6,6,6,6,6,6,6,6,6,6,6,6,6,6,5,6,6,6,6,5,6,6,6,6,6,6,6,5,6,6,6,5,5,6,6,6,6,6,Default,
192898,6,6,6,4,6,6,4,6,6,6,5,6,6,5,5,6,6,5,6,6,6,6,6,5,6,6,5,6,6,6,6,6,6,6,6,6,5,6,6,5,6,6,6,6,6,Default,
192914,6,6,6,6,6,5,6,6,6,6,6,6,6,5,5,6,6,6,6,6,6,6,6,5,6,6,6,6,6,6,6,6,5,5,6,6,6,6,6,6,6,6,6,5,5,Default,
192930,6,6,6,6,5,6,5,6,6,6,6,5,6,6,6,6,6,6,6,6,6,6,6,6,6,6,5,5,6,6,6,5,6,6,6,6,5,6,5,6,5,6,6,6,6,Default,
192946,6,6,6,6,6,5,4,6,6,6,6,6,6,6,6,6,6,6,6,6,6,6,6,6,6,6,5,6,6,6,5,5,6,6,6,6,5,6,6,6,6,6,6,5,6,Default,
192962,6,6,5,6,5,6,5,6,6,5,6,5,5,6,6,6,6,6,6,6,6,6,6,6,5,5,6,6,5,6,6,6,6,6,6,6,6,5,6,5,6,6,6,4,6,Default,
192978,6,6,6,5,6,6,5,6,6,6,6,6,6,5,6,6,6,5,5,5,6,6,6,6,6,6,5,6,6,6,6,6,6,6,6,5,6,6,6,5,6,6,6,6,6,Default,
192994,6,6,6,6,6,6,6,6,6,6,6,5,6,6,6,6,6,6,6,6,6,5,6,6,6,6,5,6,6,6,6,5,5,6,6,4,6,6,5,6,6,6,6,6,6,Default,
193010,6,6,6,6,6,6,6,5,6,6,6,6,6,6,4,6,6,6,6,6,6,6,6,6,6,6,6,6,5,6,6,6,6,5,6,6,6,6,6,5,6,5,6,6,6,Default,
193026,6,6,6,6,5,6,6,6,6,6,7,6,6,6,6,6,5,6,6,6,5,6,6,5,6,6,5,6,6,6,6,6,5,6,6,6,6,6,6,6,6,5,6,6,5,Default,
193042,6,6,6,6,6,6,5,6,6,6,6,6,6,6,6,6,6,6,6,6,6,6,6,6,6,6,6,6,6,6,5,6,6,6,6,6,5,6,6,6,6,5,6,6,6,Default,
193058,6,6,6,6,6,6,6,6,6,6,6,5,6,5,6,6,5,6,6,6,6,6,6,5,6,6,6,5,5,6,5,6,6,5,5,6,6,5,6,6,5,6,6,6,5,Default,
193074,6,6,6,5,6,6,6,6,6,6,6,6,5,5,5,6,5,6,5,6,6,6,6,6,6,6,5,6,6,6,6,6,5,6,6,6,5,6,6,5,5,6,6,6,6,Default,
193090,5,6,6,6,6,5,5,6,6,6,6,6,6,5,6,6,6,6,6,6,6,6,6,5,6,6,6,5,5,6,6,6,6,6,6,6,6,6,6,5,6,5,6,6,6,Default,
193106,5,6,6,6,6,5,6,6,6,6,6,5,6,5,5,6,6,6,6,6,6,6,6,5,6,6,6,6,6,6,6,6,6,6,6,6,6,6,5,6,6,5,4,5,6,Default,
193122,5,5,6,6,6,6,5,6,6,6,6,6,6,6,6,6,6,6,6,4,5,6,6,6,6,6,6,6,6,5,6,6,6,5,6,6,6,6,6,6,6,7,6,6,5,Default,
193138,5,6,6,4,6,6,6,6,6,6,6,6,5,6,5,6,6,6,5,5,6,6,6,5,6,6,6,5,6,6,6,6,5,6,6,6,6,6,6,4,6,6,6,6,6,Default,
193154,6,6,6,5,5,6,5,6,6,6,6,6,6,6,6,6,5,6,5,5,5,6,5,6,5,6,6,6,6,5,6,6,5,5,6,6,6,6,6,5,6,6,5,6,6,Default,
193170,6,5,6,5,6,5,6,6,5,6,6,6,6,6,6,6,6,5,6,6,6,6,6,6,5,6,5,6,6,5,6,6,5,6,6,6,6,6,6,5,5,6,6,6,6,Default,
193186,6,6,6,5,6,6,5,6,6,6,6,6,6,6,6,6,6,6,5,6,6,6,6,6,6,6,6,6,6,6,5,6,6,6,5,6,5,6,6,6,6,5,6,6,6,Default,
193202,6,6,6,5,6,5,5,6,5,6,6,6,6,6,5,6,5,6,6,5,6,6,6,6,6,6,6,6,6,5,6,6,6,6,6,5,6,6,6,6,5,6,5,6,6,Default,
193218,6,6,5,6,6,6,6,6,6,6,6,6,6,6,5,6,5,6,6,6,5,6,6,5,6,6,6,6,6,6,6,6,6,6,6,6,6,6,5,6,6,6,6,6,6,Default,
193234,6,6,5,6,6,5,6,6,6,6,6,6,6,6,6,6,6,6,6,6,6,6,6,5,6,6,6,6,6,6,6,6,6,6,6,5,6,5,6,6,6,6,6,6,6,Default,
193250,6,5,6,6,6,6,6,6,5,6,6,6,5,6,6,6,6,6,6,6,6,6,6,6,5,6,6,6,6,5,6,5,6,6,6,6,6,5,5,6,5,6,9,8,6,Default,
193266,6,6,5,6,6,6,6,5,6,6,6,6,6,6,6,6,6,6,5,5,6,6,6,6,6,6,5,6,6,4,6,6,5,6,6,5,6,6,6,5,5,6,6,6,5,Default,
193282,6,5,6,6,6,6,6,6,6,5,6,6,4,6,6,6,6,6,6,6,6,5,6,5,5,6,5,6,6,6,6,6,6,6,6,6,6,6,6,6,5,6,6,6,6,Default,
193298,6,6,6,6,6,6,6,6,6,6,6,6,6,5,4,6,6,6,6,6,6,6,6,6,6,6,6,6,5,6,6,6,5,6,6,6,6,6,6,6,6,6,6,6,6,Default,
193314,5,6,6,6,6,5,6,6,6,6,6,6,6,6,6,7,5,6,6,6,5,6,6,6,6,6,5,5,4,6,6,5,6,6,6,6,6,6,6,4,5,6,6,6,6,Default,
193330,5,6,6,6,6,6,6,6,6,6,5,6,6,5,6,6,6,6,5,6,6,6,5,6,6,6,6,6,6,5,6,6,6,5,6,5,5,6,6,6,6,6,6,6,5,Default,
193346,5,6,6,5,6,5,6,6,6,5,6,6,5,5,6,6,6,6,6,5,6,6,6,6,6,6,6,6,6,6,6,6,5,6,6,6,6,6,6,5,5,6,6,6,6,Default,
193362,6,6,6,6,6,6,6,6,6,5,6,6,6,6,6,6,6,6,6,6,6,6,6,5,6,6,6,6,6,5,6,6,6,6,5,6,5,6,6,6,6,6,6,5,6,Default,
193378,6,6,6,5,5,6,5,6,5,6,5,5,6,6,6,6,5,6,6,6,6,5,6,6,6,6,5,6,6,5,6,6,6,6,6,6,6,6,6,4,6,6,6,6,5,Default,
193394,6,6,6,6,6,5,6,6,6,6,6,6,6,6,6,6,6,6,6,5,6,6,6,6,6,6,5,6,6,5,6,6,6,6,6,6,5,6,6,5,6,6,6,6,5,Default,
193410,5,6,5,6,6,6,5,6,6,5,6,6,6,6,6,6,6,5,6,6,6,6,6,6,6,6,6,6,6,6,6,6,6,6,6,6,5,6,6,6,6,5,6,6,6,Default,
193426,6,6,6,5,6,6,6,6,6,6,6,6,6,5,6,6,6,6,6,6,6,6,6,6,5,6,6,6,6,5,6,6,6,6,6,6,5,6,6,6,6,6,6,6,6,Default,
193442,5,6,6,6,6,6,6,5,6,6,6,6,6,6,6,6,6,5,6,6,6,6,5,6,6,5,5,6,5,6,6,6,6,6,5,6,6,5,6,6,6,6,6,6,5,Default,
193458,6,6,6,5,6,6,6,6,6,6,5,6,5,6,6,6,5,5,5,6,6,6,6,5,6,6,6,6,6,6,6,6,6,6,6,6,5,6,6,6,6,6,6,5,6,Default,
193474,5,7,6,5,6,6,6,5,6,5,6,6,6,5,6,6,6,5,6,6,6,6,6,6,5,6,5,6,5,5,6,6,6,5,6,5,6,6,6,6,6,5,6,6,4,Default,
193490,6,6,6,5,6,6,6,6,6,6,6,6,6,6,5,6,5,6,5,5,6,6,6,6,6,6,6,6,5,6,6,6,6,6,5,6,6,6,6,5,6,6,6,6,6,Default,
193506,6,6,5,6,6,5,6,6,6,6,6,5,6,5,6,6,5,6,6,6,6,6,6,5,6,6,5,6,6,5,6,5,6,6,6,4,6,6,6,6,5,6,6,6,6,Default,
193522,6,6,6,5,5,6,5,5,6,5,6,6,6,6,6,6,5,6,6,6,5,6,6,5,6,6,5,6,6,6,6,6,6,6,6,6,6,5,6,5,6,6,6,6,6,Default,
193538,5,6,6,5,6,6,6,6,6,6,6,6,6,6,6,6,5,6,6,6,6,6,6,6,6,6,6,6,6,5,6,6,6,6,6,6,5,5,6,6,6,6,6,6,6,Default,
193554,6,6,6,5,6,6,6,6,6,6,6,5,6,5,5,6,5,5,5,6,6,6,6,6,6,6,6,6,6,5,6,6,6,6,6,6,6,6,6,5,6,7,5,5,6,Default,
193570,5,6,6,6,6,6,6,6,6,6,6,6,6,6,6,6,6,6,6,6,6,6,6,6,6,6,6,6,6,6,6,6,6,6,6,6,5,6,6,6,6,6,6,6,6,Default,
193586,5,6,5,6,5,6,6,6,6,6,6,6,5,6,6,6,5,6,5,6,6,6,6,6,6,6,6,6,6,6,6,6,6,6,5,6,6,5,6,6,5,6,6,6,6,Default,
193602,6,6,5,6,5,6,6,6,5,6,6,6,6,5,6,6,6,5,6,6,6,6,6,6,6,6,6,5,6,5,6,6,6,5,6,6,5,6,6,6,5,6,6,6,6,Default,
193618,6,6,5,6,6,6,6,6,6,6,6,6,5,5,6,6,6,6,6,6,6,6,6,5,6,5,6,6,6,6,6,6,6,6,6,6,6,6,6,5,6,6,6,6,6,Default,
193634,6,6,5,6,5,6,6,6,6,6,6,6,6,6,5,6,6,5,6,6,6,6,6,6,5,6,6,6,6,6,6,6,6,6,5,6,6,6,6,6,6,6,6,6,5,Default,
193650,6,6,6,5,6,6,6,5,5,6,6,6,6,6,6,6,6,5,6,6,5,6,6,6,6,6,6,5,6,6,6,6,6,5,6,6,5,6,6,5,6,6,6,5,6,Default,
193666,6,6,5,6,6,6,5,5,6,6,6,6,6,5,6,6,6,6,6,6,6,5,6,6,6,6,5,6,6,6,6,6,6,5,6,6,5,6,6,5,6,6,6,5,6,Default,
193682,6,6,6,5,6,6,5,6,6,5,6,6,6,6,6,6,4,5,6,4,6,6,6,6,6,6,6,6,6,5,5,6,6,6,6,6,6,6,6,6,6,6,6,5,6,Default,
193698,6,6,6,5,6,6,6,6,5,5,5,6,6,6,6,6,5,6,6,7,6,6,6,6,6,6,6,6,6,5,6,6,6,6,6,6,6,6,6,6,6,6,6,6,6,Default,
193714,6,6,5,6,6,6,6,5,6,6,6,6,6,6,5,6,6,5,5,6,6,6,6,6,6,6,5,6,6,6,6,5,5,6,6,5,6,5,5,6,6,5,6,6,6,Default,
193730,5,6,6,6,6,6,5,6,6,5,6,6,6,6,6,5,6,6,6,6,6,6,5,6,5,6,6,6,6,5,6,6,6,5,6,6,6,6,6,6,6,6,6,6,6,Default,
193746,6,6,6,6,6,6,6,6,6,6,6,6,6,6,5,6,5,6,6,6,6,6,6,6,6,6,6,6,6,6,6,6,6,6,6,5,6,5,6,5,6,5,5,6,5,Default,
193762,6,6,6,6,6,6,6,6,6,6,6,6,6,6,6,5,6,6,6,6,6,6,6,6,6,6,6,6,6,6,6,6,6,6,5,6,5,6,6,5,6,6,6,6,6,Default,
193778,6,6,6,6,6,6,6,5,5,5,6,6,6,5,6,6,6,6,6,6,6,6,6,6,6,6,6,4,6,5,5,6,5,7,4,6,6,5,6,6,6,6,6,6,6,Default,
193794,6,6,6,6,6,6,5,6,5,6,5,6,6,5,6,6,6,6,6,6,5,6,5,6,6,6,6,6,6,5,5,6,6,5,6,6,6,6,5,6,6,6,7,6,6,Default,
193810,6,6,6,5,6,6,6,6,6,6,6,6,6,6,6,6,6,6,6,6,6,6,6,5,6,6,5,6,6,6,5,6,6,6,6,6,5,5,6,6,6,6,6,6,6,Default,
193826,5,6,6,6,6,5,6,6,6,6,6,6,6,6,6,6,6,6,6,6,6,5,5,6,6,6,6,6,6,6,6,6,6,6,6,6,6,6,6,6,5,6,6,6,6,Default,
193842,6,6,6,4,6,5,6,6,5,6,6,6,6,6,6,6,6,6,6,6,5,5,6,6,6,6,6,6,6,5,6,6,6,5,6,6,5,6,6,6,6,6,5,6,6,Default,
193858,6,6,6,5,6,6,6,5,5,6,6,5,6,6,6,6,6,6,6,6,6,5,6,5,6,6,5,6,6,5,5,6,5,6,6,6,6,6,6,5,6,6,6,6,5,Default,
193874,6,6,5,5,6,5,6,6,6,6,6,6,6,6,6,6,6,6,5,6,6,5,6,6,6,6,6,6,6,5,6,6,5,6,5,6,6,6,6,5,6,6,6,5,6,Default,
193890,6,6,6,6,6,6,5,6,6,6,6,6,6,6,6,6,6,6,5,6,6,6,6,6,6,6,5,5,6,6,6,6,6,6,5,6,6,5,6,6,6,7,5,6,6,Default,
193906,5,6,6,6,6,6,6,6,6,6,5,5,6,6,6,5,6,6,6,6,6,6,6,5,6,6,5,6,6,6,6,6,6,6,6,6,5,6,7,6,5,6,6,6,6,Default,
193922,6,6,6,6,6,6,6,6,5,6,6,6,5,6,5,6,6,6,6,6,5,6,6,6,6,6,6,6,5,6,6,6,6,6,5,5,6,6,6,6,6,6,6,6,6,Default,
193938,6,5,6,6,6,6,5,6,6,5,6,6,5,5,5,6,5,5,5,5,6,6,6,6,6,5,6,6,6,5,6,6,5,6,6,5,6,6,6,6,6,6,6,6,5,Default,
193954,6,6,6,6,5,6,6,6,5,5,6,6,6,6,5,6,6,6,6,6,6,6,6,5,6,6,6,6,6,6,6,6,6,6,6,4,6,6,6,6,6,4,6,7,6,Default,
193970,6,6,6,6,6,6,6,6,6,6,6,6,6,6,6,6,6,5,6,6,6,6,6,6,5,6,6,6,6,6,6,6,6,6,6,6,6,5,6,4,6,6,6,6,5,Default,
193986,6,6,5,6,5,6,6,6,5,6,6,5,6,5,6,6,5,6,6,6,6,6,6,6,6,6,5,5,6,5,6,6,5,5,6,6,6,6,6,6,6,5,6,6,6,Default,
194002,6,5,6,6,6,6,5,6,6,5,6,6,6,5,6,6,5,6,6,6,6,6,6,6,6,6,5,6,6,5,6,6,6,6,6,6,6,6,6,6,6,6,6,6,6,Default,
194018,6,6,6,6,6,5,6,6,6,5,6,6,6,6,6,6,5,6,5,5,6,6,6,6,5,6,5,6,6,5,6,6,4,6,6,6,6,6,6,6,6,5,6,6,6,Default,
194034,6,7,6,6,5,6,5,5,6,6,6,6,6,6,6,6,5,5,6,6,5,6,6,6,5,6,6,6,6,5,6,6,6,5,6,5,6,6,6,5,6,6,6,6,5,Default,
194050,5,6,6,5,6,6,6,6,6,6,6,6,5,6,5,6,6,6,6,6,5,5,6,5,5,6,6,6,6,6,5,5,5,6,6,6,6,6,6,6,5,6,6,6,6,Default,
194066,6,7,6,6,6,6,6,6,6,6,6,6,6,5,6,6,6,6,5,5,5,6,5,5,6,6,5,6,6,5,6,6,5,6,5,5,6,6,6,6,5,6,5,6,6,Default,
194082,6,6,6,5,6,6,6,6,6,6,5,6,6,6,6,6,6,6,6,6,6,6,6,6,6,6,5,6,6,6,6,6,6,6,6,5,4,6,6,5,5,6,6,6,5,Default,
194098,6,5,5,5,6,6,5,6,6,6,6,6,5,6,6,6,5,6,6,5,5,6,6,6,6,6,5,6,6,6,6,6,6,6,6,6,5,6,6,6,6,6,7,6,6,Default,
194114,6,6,6,6,5,6,6,6,6,6,6,5,6,6,5,6,6,5,6,5,6,6,5,6,5,6,6,6,6,6,6,5,6,5,6,6,5,5,6,5,5,6,6,6,6,Default,
194130,5,6,6,6,6,6,6,5,6,6,5,6,6,6,6,6,6,6,6,6,6,6,6,6,6,6,5,6,6,6,6,6,6,6,6,6,5,6,6,4,7,6,6,5,6,Default,
194146,5,6,6,5,6,6,5,6,6,6,5,6,6,5,6,6,6,6,6,6,6,6,6,6,6,6,5,7,6,6,6,6,6,6,6,6,6,6,6,6,6,6,6,6,6,Default,
194162,6,6,6,6,6,6,6,6,6,6,6,6,6,6,6,6,6,6,7,5,6,6,6,6,6,6,6,6,5,6,6,6,6,6,6,6,6,6,6,5,6,6,6,6,6,Default,
194178,6,6,6,5,6,5,6,6,6,6,6,6,6,6,6,6,5,6,6,6,5,6,6,6,5,5,6,5,6,6,6,6,5,5,6,6,5,6,6,6,6,6,6,6,6,Default,
194194,6,6,6,6,6,6,6,6,6,5,6,6,6,5,6,5,6,6,6,6,5,6,6,5,6,6,6,6,6,6,6,6,5,6,6,6,6,6,6,6,6,5,6,6,6,Default,
194210,6,6,5,6,6,6,5,5,6,5,6,6,6,6,5,6,6,6,5,5,6,6,6,6,6,6,6,6,6,5,6,6,6,6,6,6,6,6,6,6,6,6,6,6,6,Default,
194226,6,6,6,6,6,6,6,5,6,6,5,6,6,5,6,6,6,5,5,6,6,5,5,6,6,6,6,6,6,5,6,6,5,6,6,6,6,6,6,6,6,5,5,6,6,Default,
194242,5,6,6,5,6,6,4,6,6,6,6,6,6,6,5,6,5,6,5,6,5,6,6,6,5,6,5,6,6,5,6,6,5,6,6,5,5,6,6,6,6,6,6,5,6,Default,
194258,6,6,6,6,6,6,5,6,6,6,6,5,6,6,6,6,6,6,6,6,6,6,6,6,6,6,6,6,5,5,5,6,6,6,6,5,6,6,5,6,6,6,5,6,5,Default,
194274,6,6,6,6,6,6,6,6,6,6,6,6,6,6,6,6,6,6,5,6,6,6,6,6,6,6,6,6,6,5,6,5,6,6,6,6,5,6,6,6,6,6,6,5,6,Default,
194290,6,6,6,5,6,6,5,6,6,6,6,6,6,5,6,6,5,6,6,6,6,6,5,6,7,6,4,6,6,6,6,5,6,6,6,6,5,6,6,6,6,5,6,6,6,Default,
194306,6,6,5,6,6,6,5,6,6,5,6,6,6,6,5,6,6,6,5,6,6,5,6,6,5,6,6,6,6,6,6,6,6,6,5,6,6,6,6,6,6,6,6,6,6,Default,
194322,6,6,6,4,6,6,5,6,6,6,6,6,6,5,6,6,6,6,6,6,6,6,6,5,6,6,6,6,6,6,6,6,6,6,6,6,6,6,5,6,6,6,6,5,6,Default,
194338,6,6,6,5,6,6,5,5,6,5,6,5,6,5,6,6,6,6,6,6,6,6,6,5,6,6,5,6,6,5,6,6,6,6,6,6,6,5,6,6,6,6,6,6,5,Default,
194354,6,6,6,6,6,6,6,6,6,6,6,6,6,6,6,6,5,6,5,6,6,6,6,6,6,6,6,6,6,6,6,6,6,6,5,6,6,6,5,5,6,6,6,6,6,Default,
194370,5,6,6,6,6,6,6,6,6,5,6,6,6,6,6,6,6,6,6,6,6,6,6,4,6,5,5,6,6,6,6,6,6,6,5,6,6,6,5,6,5,6,6,6,6,Default,
194386,5,5,6,6,6,6,5,6,6,6,6,6,6,6,6,6,6,6,6,5,6,6,5,6,6,6,6,6,6,6,6,6,6,5,6,5,5,6,6,6,6,6,6,6,6,Default,
194402,6,6,6,6,6,6,5,6,6,6,5,6,6,6,6,6,6,5,6,5,6,6,5,6,6,6,6,6,6,6,5,6,6,5,5,6,6,6,6,5,6,6,5,6,6,Default,
194418,6,6,6,5,6,6,6,6,6,6,6,5,6,6,6,5,4,6,5,6,5,6,6,6,6,5,5,6,6,6,5,6,6,6,5,6,6,6,6,5,6,6,6,6,6,Default,
194434,6,6,6,6,6,6,6,6,6,5,6,6,6,5,6,6,5,6,6,6,6,6,6,6,6,6,6,6,6,5,6,5,6,6,6,6,6,6,5,6,6,5,6,6,5,Default,
194450,6,6,6,6,5,6,6,6,6,6,5,5,6,5,6,6,6,5,6,6,6,6,6,6,5,6,6,5,6,6,6,6,6,6,5,6,6,6,6,6,6,6,6,6,6,Default,
194466,5,6,6,6,5,6,6,6,6,6,6,6,6,6,6,6,6,5,6,6,5,5,6,5,6,6,6,6,6,6,6,6,5,6,6,6,6,5,5,6,6,5,5,6,5,Default,
194482,6,8,7,4,8,7,7,4,8,6,4,5,6,6,6,6,5,6,6,6,6,6,6,5,6,6,6,6,6,6,6,6,5,6,6,5,5,6,6,6,6,6,5,6,6,Default,
194498,6,6,6,6,6,6,5,6,6,5,6,6,5,6,6,7,5,6,6,5,6,6,6,5,6,6,6,6,6,6,6,6,6,5,5,6,6,5,6,5,6,6,6,6,6,Default,
194514,6,6,6,6,6,6,6,6,6,6,6,6,6,5,6,6,6,6,6,5,5,6,6,6,6,6,5,6,6,5,6,6,6,6,5,6,5,6,6,6,6,6,6,6,5,Default,
194530,5,6,6,6,6,6,6,6,6,5,5,6,6,6,5,6,5,6,6,6,6,6,6,6,6,5,5,6,6,6,5,6,6,6,5,6,6,6,6,6,6,6,6,6,5,Default,
194546,6,5,5,6,6,6,6,5,6,6,6,6,6,6,6,6,6,6,6,6,5,6,6,6,6,6,6,5,5,5,6,6,6,5,6,6,6,5,5,5,6,5,6,6,6,Default,
194562,6,6,6,5,6,6,4,6,6,6,6,6,6,6,5,6,6,6,6,5,6,6,5,6,6,6,6,6,6,5,6,6,6,5,6,6,5,5,6,5,5,6,4,5,6,Default,
194578,6,6,6,5,5,6,6,5,6,6,6,6,6,5,6,6,6,6,5,6,6,5,6,6,5,5,6,6,6,5,6,6,5,6,6,5,5,5,6,5,5,6,6,6,5,Default,
194594,6,6,6,6,6,6,6,6,6,6,6,4,6,6,6,6,6,6,6,6,6,6,6,6,6,6,5,6,6,6,6,6,6,6,5,6,6,6,6,5,6,6,6,6,6,Default,
194610,5,6,6,6,6,6,6,6,6,6,5,6,6,6,6,6,6,6,6,6,6,6,6,6,6,6,6,6,5,6,6,6,6,6,6,6,5,6,6,6,6,6,6,6,6,Default,
194626,6,6,6,5,6,6,6,6,6,6,6,6,6,6,6,6,6,6,5,6,5,6,6,5,6,6,6,6,6,6,6,6,6,5,7,6,5,7,6,5,6,5,6,6,5,Default,
194642,6,6,6,6,6,6,6,6,6,6,6,6,6,5,6,6,6,6,6,6,6,6,6,6,6,6,6,6,6,6,6,6,6,6,5,6,6,6,6,6,6,6,6,6,6,Default,
194658,6,6,6,6,6,6,6,6,6,6,6,6,6,6,6,6,6,6,5,6,6,6,4,5,6,6,4,6,6,6,6,6,6,6,6,5,5,6,5,5,6,6,6,6,6,Default,
194674,7,6,6,6,6,6,6,6,6,6,6,5,6,6,6,6,6,6,6,6,6,5,6,6,6,6,6,6,6,6,6,6,6,6,6,6,6,6,6,6,6,6,6,5,6,Default,
194690,6,6,6,6,6,5,6,6,6,6,6,6,5,5,6,6,6,6,6,6,6,6,6,6,6,6,5,6,5,6,6,6,5,6,6,6,5,6,6,5,6,5,5,6,6,Default,
194706,6,6,6,6,6,6,6,6,4,6,6,6,6,5,6,6,5,6,6,6,6,6,6,6,5,6,5,6,6,5,6,5,6,5,6,6,5,5,6,5,6,6,6,6,5,Default,
194722,6,7,6,6,6,6,5,6,6,6,6,6,6,5,6,6,6,6,6,6,6,6,5,5,6,6,5,6,5,5,6,6,6,5,6,6,6,6,6,6,6,6,6,6,6,Default,
194738,6,6,6,6,6,6,6,6,6,6,6,6,6,6,6,6,6,5,6,5,6,6,6,5,6,6,6,6,6,5,6,6,6,6,6,6,6,6,6,5,6,6,6,6,6,Default,
194754,5,6,6,5,6,6,5,6,6,6,6,6,6,5,5,6,5,6,6,6,6,6,6,6,6,6,5,6,6,6,6,6,6,6,6,6,6,6,6,6,6,6,6,6,6,Default,
194770,6,6,6,6,6,5,5,6,6,6,6,6,5,5,5,6,5,6,6,5,6,6,6,6,6,6,6,6,6,6,6,6,5,6,6,6,6,6,6,5,6,5,6,6,6,Default,
194786,6,6,6,6,5,6,6,6,6,6,6,5,5,6,6,6,6,6,6,6,5,6,6,6,5,5,5,6,6,6,6,6,6,6,6,6,5,5,6,6,6,6,6,6,6,Default,
194802,5,7,6,5,6,6,6,6,6,6,5,6,6,5,6,6,6,6,6,6,6,6,6,5,5,6,6,6,6,6,6,6,6,6,6,6,5,6,6,6,5,6,5,6,6,Default,
194818,6,6,6,5,6,5,5,6,6,6,6,6,6,6,6,6,5,6,6,5,6,6,6,5,6,6,5,6,6,6,6,6,6,5,5,6,6,6,6,5,6,5,6,6,6,Default,
194834,6,6,6,6,6,6,6,6,6,5,5,6,6,6,6,6,5,6,6,5,6,6,6,6,5,6,6,6,6,6,6,6,6,6,5,6,6,5,6,5,5,5,6,6,6,Default,
194850,5,5,6,5,6,6,6,6,6,6,6,6,6,6,6,6,5,6,5,6,6,5,6,6,6,5,6,6,6,5,6,6,5,5,6,6,6,5,6,6,5,5,6,6,6,Default,
194866,5,6,5,6,6,6,6,6,6,6,6,6,6,6,5,6,5,6,6,6,6,5,6,6,6,6,5,6,6,6,5,5,6,5,5,6,4,6,6,5,5,6,6,6,6,Default,
194882,5,6,5,6,6,6,6,6,6,6,5,6,6,6,6,6,6,6,6,5,6,6,6,5,6,6,6,6,6,6,6,6,6,6,6,7,6,6,5,6,6,6,5,6,6,Default,
194898,6,6,6,5,6,6,6,6,5,6,6,6,6,6,6,6,5,6,5,6,6,6,6,6,6,6,5,6,5,5,6,5,5,6,6,6,6,6,6,5,6,6,6,6,6,Default,
194914,6,6,6,6,6,6,6,6,5,6,6,5,5,6,6,6,5,6,6,5,5,6,6,6,6,5,5,6,5,5,6,5,5,5,6,5,6,6,6,6,6,5,6,6,5,Default,
194930,5,6,5,6,6,6,6,6,6,6,6,6,5,6,5,6,6,6,6,6,6,6,6,6,5,6,6,6,6,5,5,6,6,6,5,6,6,5,5,6,6,6,6,5,6,Default,
194946,4,6,6,6,6,6,6,6,6,6,6,6,5,6,6,6,6,5,6,6,6,6,6,5,6,6,6,6,6,6,6,6,4,6,6,5,6,5,6,5,6,5,6,6,6,Default,
194962,6,6,6,5,6,6,6,6,5,6,6,6,5,6,6,6,5,6,5,6,6,6,6,6,6,6,5,5,6,4,6,6,6,5,6,6,6,6,6,6,6,6,5,6,6,Default,
194978,6,6,6,6,6,6,6,5,6,6,6,6,6,5,6,6,5,6,6,6,6,6,6,5,5,6,6,6,6,5,6,6,6,6,6,6,6,6,6,5,6,6,6,6,6,Default,
194994,5,7,6,6,5,5,6,6,6,6,6,6,6,6,6,6,5,6,6,6,6,5,6,6,6,6,6,5,6,6,5,6,6,6,6,6,6,6,6,5,6,6,6,6,6,Default,
195010,5,5,6,6,6,6,5,6,6,6,6,6,6,5,6,6,4,5,6,6,5,6,6,6,6,6,5,6,6,6,6,6,6,6,5,6,5,6,6,6,6,6,6,6,6,Default,
195026,5,6,5,6,6,6,6,6,6,6,6,6,6,6,6,6,6,6,6,5,5,6,6,6,6,6,5,6,7,6,6,6,5,6,6,6,6,6,6,6,5,6,5,6,6,Default,
195042,6,6,6,6,6,6,6,5,6,6,6,6,6,6,6,6,6,6,5,6,5,6,6,4,6,6,6,6,6,5,6,6,6,4,5,6,5,6,6,6,6,6,6,6,6,Default,
195058,6,6,5,6,6,7,6,5,5,6,6,5,6,6,5,6,5,6,6,5,6,6,6,6,6,6,6,6,6,4,6,6,6,6,6,6,6,6,6,6,6,6,6,6,6,Default,
195074,6,6,6,6,6,6,4,6,6,6,6,6,6,5,6,6,5,6,6,6,6,5,5,6,6,6,5,6,6,5,6,6,6,6,6,5,6,6,6,5,6,6,6,6,6,Default,
195090,6,6,6,5,5,6,5,6,6,6,6,6,5,6,6,6,5,6,6,6,6,6,6,6,6,6,6,7,6,6,7,6,6,5,6,6,5,6,6,6,6,6,6,6,5,Default,
195106,6,6,6,5,6,5,5,5,6,6,6,6,6,4,6,6,5,6,5,6,6,5,5,6,6,5,6,6,5,6,6,6,6,6,6,6,5,6,5,5,6,6,6,5,6,Default,
195122,6,6,6,6,6,6,6,6,5,6,6,6,6,5,5,6,6,5,6,6,6,6,5,6,6,6,6,5,6,6,6,6,6,6,5,6,7,6,6,6,5,6,6,6,5,Default,
195138,6,6,6,5,6,6,5,5,6,6,6,6,6,6,5,6,6,6,6,6,6,6,6,6,6,5,6,6,6,4,6,6,6,6,5,5,6,6,6,6,6,6,6,6,6,Default,
195154,6,6,6,6,6,6,6,6,6,6,6,6,6,6,5,6,6,6,5,6,6,6,6,5,6,6,6,6,6,5,6,6,6,6,5,6,6,6,5,6,6,6,6,6,5,Default,
195170,4,6,6,6,6,6,6,6,6,6,6,6,5,6,5,6,5,6,6,6,6,6,5,6,6,5,6,6,6,5,5,6,6,6,6,5,6,4,6,5,6,6,6,6,6,Default,
195186,5,5,5,6,6,5,6,6,6,6,6,6,6,6,6,6,5,6,6,6,6,6,6,6,6,6,6,6,6,6,5,6,4,6,6,5,6,6,5,6,6,5,5,6,6,Default,
195202,5,6,6,5,5,6,6,6,6,6,6,6,6,6,6,6,6,6,6,6,5,6,6,5,6,6,5,6,6,6,6,6,6,6,6,6,5,6,6,6,6,6,5,5,6,Default,
195218,5,7,6,6,5,6,6,6,6,5,6,5,6,6,6,6,5,6,6,6,6,5,5,6,6,6,5,6,6,5,6,6,5,6,6,5,6,6,5,6,5,5,6,6,6,Default,
195234,6,6,6,5,5,6,6,6,6,6,6,6,5,6,6,6,4,6,6,6,5,6,6,6,6,6,5,6,5,6,5,6,6,6,6,6,6,6,6,6,6,6,6,6,6,Default,
195250,5,6,5,6,6,6,6,6,6,6,5,6,6,6,6,6,6,6,6,6,6,6,6,5,6,6,5,5,5,6,6,6,6,6,6,6,5,6,6,6,6,6,5,6,6,Default,
195266,6,6,6,6,6,6,6,5,6,6,5,6,5,6,5,6,6,6,5,6,6,6,6,6,6,6,6,5,6,6,6,6,6,5,6,6,6,5,6,6,6,6,6,6,6,Default,
195282,6,6,6,5,6,6,6,6,6,6,6,6,6,5,6,6,6,5,6,6,6,6,6,5,6,6,6,5,6,5,6,6,6,6,6,6,5,5,6,5,6,6,6,6,6,Default,
195298,6,6,6,5,6,6,6,6,5,6,6,6,6,6,6,6,5,6,6,6,6,6,6,6,6,6,4,6,6,5,6,6,6,5,6,6,6,6,6,6,6,6,6,6,6,Default,
195314,6,6,6,6,5,6,6,6,5,6,6,6,6,6,5,6,7,6,5,5,6,6,6,6,5,6,6,5,5,6,6,6,6,5,5,6,6,5,6,6,6,6,6,6,6,Default,
195330,5,6,5,5,6,6,4,6,6,6,6,6,6,6,6,6,6,5,6,6,6,6,6,6,5,6,5,6,6,7,6,5,6,6,6,5,6,6,6,6,6,6,6,6,6,Default,
195346,6,5,5,5,6,6,6,6,6,5,6,6,6,6,6,5,6,6,6,6,5,6,5,6,6,6,5,6,6,6,5,6,6,6,6,6,6,6,6,5,6,6,5,6,6,Default,
195362,6,6,5,6,6,6,5,6,6,5,6,6,5,6,6,6,6,6,6,5,6,5,5,5,6,6,6,6,5,6,6,6,5,6,6,6,6,6,5,6,6,6,5,6,6,Default,
195378,6,6,5,6,6,6,6,6,6,5,6,6,6,6,6,6,6,6,6,6,5,6,6,5,6,6,5,5,5,6,6,6,6,6,5,5,6,6,6,6,6,6,6,6,6,Default,
195394,6,6,6,6,6,6,6,5,5,6,6,5,6,6,5,6,5,6,6,6,6,6,6,6,6,6,5,6,6,6,6,6,6,6,6,5,6,6,6,6,6,4,6,6,5,Default,
195410,5,6,5,6,6,6,5,6,5,6,6,6,5,6,5,6,6,6,6,6,6,6,6,6,6,5,5,6,6,5,5,6,6,6,5,6,6,6,6,6,6,5,6,6,6,Default,
195426,5,6,6,6,5,7,6,6,5,6,6,5,6,6,6,6,6,6,6,6,5,6,6,6,6,6,5,5,5,6,6,6,5,6,6,5,6,5,6,6,6,6,6,6,5,Default,
195442,6,6,6,6,4,6,5,6,6,6,5,6,6,6,6,6,6,5,6,6,6,5,6,5,6,6,6,6,5,5,6,6,6,6,6,5,5,6,6,6,6,6,6,6,4,Default,
195458,5,6,6,6,6,6,6,6,5,6,7,4,6,6,7,6,6,6,6,6,5,6,5,6,5,6,6,6,6,6,6,6,6,6,4,6,5,6,6,4,6,6,6,5,5,Default,
195474,6,6,6,5,6,6,6,6,6,6,6,6,6,4,6,6,5,5,5,6,6,6,6,6,6,6,5,5,6,6,6,6,6,6,6,6,5,6,6,6,5,6,6,6,6,Default,
195490,5,6,6,6,6,6,6,6,6,6,6,5,6,5,6,6,6,6,5,6,6,6,6,6,5,6,6,6,6,6,6,6,5,6,6,6,5,5,6,6,6,5,6,6,6,Default,
195506,6,6,5,6,6,5,6,6,6,6,6,6,6,6,6,6,6,6,5,5,6,6,6,6,6,6,6,6,5,6,5,5,6,6,6,6,6,6,6,5,6,6,6,6,6,Default,
195522,6,6,6,5,6,6,4,5,6,6,5,6,6,6,5,6,6,6,6,6,6,5,6,6,6,6,6,6,5,6,6,6,6,6,6,6,5,6,6,6,6,6,6,5,6,Default,
195538,6,6,6,6,6,6,5,6,6,6,6,6,6,6,5,5,6,6,6,6,6,6,5,5,6,4,5,6,6,6,6,6,6,6,6,6,5,6,6,4,5,6,6,6,6,Default,
195554,6,6,6,6,6,6,6,5,6,5,6,6,6,5,5,5,6,6,6,4,6,6,6,5,5,5,6,5,6,6,6,6,6,6,6,6,5,7,6,6,5,6,5,6,5,Default,
195570,5,6,6,6,5,6,5,6,6,5,6,6,6,6,6,6,5,6,6,6,6,6,6,6,6,6,5,6,6,6,6,6,6,6,6,6,6,6,6,4,6,6,6,6,6,Default,
195586,6,5,5,6,6,6,6,6,6,6,6,6,6,6,6,6,6,6,6,6,6,6,5,5,5,5,6,6,5,6,6,6,6,6,6,6,5,6,6,5,6,5,6,6,5,Default,
195602,6,6,5,6,5,6,6,6,6,6,6,6,6,6,5,6,6,5,6,6,6,5,5,6,5,6,6,5,6,6,6,6,6,6,5,5,6,6,5,6,6,6,6,6,6,Default,
195618,6,6,6,4,6,6,6,6,6,6,6,6,6,6,5,6,5,6,6,6,6,6,6,6,6,5,5,6,6,5,6,6,6,5,5,6,6,6,6,5,6,6,6,5,6,Default,
195634,6,6,6,6,6,6,6,6,6,6,6,6,6,6,5,6,6,6,5,6,6,6,5,5,6,6,5,6,5,5,5,5,6,6,5,5,6,6,5,5,6,6,6,6,5,Default,
195650,6,6,6,6,6,6,6,6,6,6,6,6,6,6,5,6,6,6,6,5,6,6,6,6,5,6,6,6,6,6,6,6,6,6,6,6,6,6,6,6,6,6,6,6,5,Default,
195666,6,6,6,6,6,6,6,6,5,5,6,6,5,4,6,6,6,6,6,6,6,6,6,6,6,6,6,6,6,6,6,6,5,6,6,6,6,6,6,6,4,5,6,6,4,Default,
195682,6,6,6,6,6,6,6,6,6,4,6,6,6,5,6,6,5,6,6,6,6,5,6,6,6,6,5,6,6,5,6,6,6,6,6,6,5,6,6,6,6,6,6,6,6,Default,
195698,6,6,6,6,6,6,6,6,6,6,6,6,6,6,6,6,6,5,6,6,6,6,5,6,6,6,6,6,6,5,6,6,6,6,6,6,6,6,5,5,6,5,6,5,6,Default,
195714,6,6,6,6,6,5,5,6,6,6,6,6,6,6,5,6,5,6,6,6,6,6,6,6,6,6,6,6,6,5,5,6,6,6,5,6,5,5,6,6,6,6,6,6,7,Default,
195730,6,6,6,6,6,6,5,6,6,6,6,6,6,6,5,6,6,6,6,6,6,5,6,6,6,6,5,5,6,6,6,6,6,6,6,6,5,6,6,6,6,6,5,6,6,Default,
195746,6,6,6,6,6,6,6,6,6,6,6,5,6,6,6,6,5,6,5,4,6,6,6,6,6,6,5,6,6,6,6,6,6,6,6,6,5,6,6,6,6,6,6,6,6,Default,
195762,6,6,6,6,6,6,6,6,6,5,6,6,6,6,6,6,6,6,6,6,6,6,6,5,6,6,5,6,6,6,6,6,6,6,6,6,5,6,6,4,6,6,6,5,6,Default,
195778,6,6,6,5,6,6,5,6,5,6,6,5,7,6,6,6,5,6,6,6,6,5,6,5,6,6,6,6,6,6,6,6,6,6,6,6,6,6,6,5,6,6,6,5,6,Default,
195794,7,6,6,6,6,6,5,6,6,6,6,5,6,6,6,6,6,6,6,6,6,6,6,6,6,6,6,6,6,6,6,6,6,6,6,6,6,6,5,5,6,6,6,6,6,Default,
195810,6,6,6,5,6,6,6,6,6,6,5,6,6,6,6,5,5,6,6,6,5,6,6,6,6,6,4,6,6,6,6,6,6,6,6,6,6,6,6,6,6,5,5,6,6,Default,
195826,6,6,6,6,6,6,5,6,6,6,5,6,6,5,6,6,6,6,6,6,6,6,6,6,6,6,5,6,6,6,6,6,6,6,6,6,5,6,6,6,6,6,6,5,6,Default,
195842,6,6,6,5,6,5,6,6,5,5,6,6,6,5,6,6,6,5,6,5,6,6,6,6,5,6,6,5,6,5,6,6,5,5,6,6,6,6,6,6,6,6,5,6,6,Default,
195858,6,6,6,6,6,6,5,6,6,5,6,6,6,6,6,6,6,6,5,6,6,6,5,6,6,6,6,6,5,5,6,6,6,6,6,6,5,6,6,5,6,6,6,6,6,Default,
195874,6,6,5,6,6,6,6,5,6,6,5,6,6,6,6,6,6,6,6,6,5,6,6,5,6,6,6,5,6,4,5,6,5,6,6,6,6,6,5,6,5,5,6,6,5,Default,
195890,5,6,5,6,6,5,6,5,6,5,5,5,6,6,6,5,6,6,6,5,6,6,6,6,6,6,6,6,6,6,6,6,6,6,5,6,6,6,6,6,6,6,6,6,6,Default,
195906,6,6,6,6,6,6,5,6,6,6,6,6,6,6,6,6,5,6,6,6,6,6,6,6,6,6,6,6,6,5,5,6,6,6,6,5,5,6,6,6,5,5,6,5,5,Default,
195922,6,6,6,6,6,6,5,6,6,6,6,6,6,6,6,6,6,5,6,5,6,6,5,6,6,6,6,6,6,5,6,6,6,6,6,6,5,6,6,6,6,6,6,6,5,Default,
195938,6,6,5,6,6,6,6,6,6,6,6,5,6,6,5,6,6,6,6,6,6,6,6,5,5,6,6,6,6,6,6,6,6,6,5,5,6,6,6,6,6,6,6,6,5,Default,
195954,6,6,5,4,6,6,6,5,6,6,6,6,6,6,6,6,5,6,6,6,6,6,6,6,6,6,5,6,5,6,6,6,6,6,6,6,5,6,6,5,6,6,6,6,6,Default,
195970,6,6,6,5,6,6,6,6,6,6,6,6,6,6,6,6,6,6,6,6,6,6,6,6,5,6,5,6,6,6,6,5,6,6,6,6,5,6,6,6,6,6,6,5,6,Default,
195986,6,6,6,6,6,6,6,6,6,5,6,6,6,6,5,6,5,5,6,6,6,5,7,6,5,6,6,5,5,6,6,6,6,6,6,6,6,5,6,6,6,6,6,6,5,Default,
196002,6,6,5,5,6,6,6,6,6,5,6,6,6,6,5,6,5,6,6,6,6,6,6,6,6,6,6,6,6,5,6,6,6,6,6,5,6,6,6,5,5,6,6,5,5,Default,
196018,6,6,6,5,5,6,6,6,6,5,6,6,6,6,6,6,6,6,5,5,6,6,6,6,6,6,4,6,6,4,7,6,6,6,6,5,5,6,5,6,6,6,6,6,6,Default,
196034,6,6,6,6,6,6,6,6,6,6,5,6,6,6,6,6,6,6,6,5,6,5,5,6,5,6,6,6,6,6,6,6,6,5,6,6,5,6,6,4,6,6,4,5,6,Default,
196050,5,5,6,6,6,6,6,6,6,5,6,6,6,6,6,6,6,6,6,6,6,6,6,6,6,6,5,6,6,5,6,6,6,5,6,6,5,6,6,5,6,6,6,6,6,Default,
196066,5,6,6,6,6,6,6,6,6,6,6,6,5,5,5,6,6,6,6,6,6,6,6,6,6,6,6,6,6,5,6,6,7,6,6,6,5,6,5,5,5,6,6,6,6,Default,
196082,5,6,6,6,6,6,6,6,6,5,6,6,6,6,6,6,6,6,6,5,6,6,5,6,5,6,6,5,6,5,6,6,6,6,6,6,6,6,6,5,6,6,6,6,6,Default,
196098,4,6,6,6,5,6,6,6,6,6,6,6,6,6,6,6,6,6,6,6,6,6,6,5,6,6,5,6,6,6,6,6,6,6,5,6,6,6,6,6,6,6,5,6,5,Default,
196114,6,6,6,6,6,6,6,6,6,6,6,5,6,6,6,6,6,6,6,6,5,6,6,6,6,6,6,6,6,6,6,6,5,6,6,5,6,6,6,6,6,6,5,6,5,Default,
196130,6,6,6,6,6,6,5,6,6,6,5,5,6,6,5,6,6,5,6,6,6,6,5,6,5,6,6,6,6,6,6,5,5,6,6,5,6,6,6,6,6,6,6,6,5,Default,
196146,5,6,6,6,6,6,6,6,6,6,6,6,6,5,6,6,5,6,6,6,6,5,6,5,6,6,5,6,6,6,6,6,7,6,6,6,5,6,6,6,6,5,6,6,5,Default,
196162,5,6,5,5,6,6,5,6,6,6,6,6,5,6,6,6,4,5,6,6,6,6,6,6,6,6,5,6,6,4,6,6,6,6,6,6,5,6,6,5,6,6,6,4,6,Default,
196178,6,6,5,6,6,6,6,6,6,6,6,6,6,6,6,6,6,6,6,6,6,6,6,5,6,6,5,6,6,4,6,6,6,6,6,5,6,6,5,5,6,6,5,6,6,Default,
196194,5,6,6,5,6,6,6,6,6,6,6,6,6,6,6,6,5,5,6,6,6,6,6,6,6,6,6,6,5,5,6,6,6,6,6,5,5,6,5,6,6,6,6,7,6,Default,
196210,5,6,6,5,6,6,4,6,6,6,5,6,6,6,6,6,4,5,6,6,6,6,6,6,6,6,6,6,6,6,6,6,6,6,5,5,6,6,6,5,5,6,6,5,6,Default,
196226,6,6,6,6,6,6,6,6,6,6,6,6,6,6,5,6,5,6,6,5,6,6,5,6,8,7,6,4,6,8,8,7,7,7,4,4,7,4,6,4,7,4,6,8,5,Default,
196242,6,6,5,6,6,5,5,6,6,6,6,6,6,5,6,6,6,6,6,6,5,6,6,6,6,6,6,6,5,6,6,6,5,6,6,5,5,6,6,6,5,5,5,6,6,Default,
196258,6,6,5,5,6,6,6,6,6,6,6,6,6,6,6,6,6,6,5,6,6,6,5,6,6,6,6,6,6,5,6,6,5,6,6,6,6,6,6,6,6,6,6,6,6,Default,
196274,6,6,5,5,5,6,6,6,6,6,6,5,6,6,5,6,6,6,5,6,6,6,6,6,4,6,6,6,6,6,6,5,6,6,5,6,5,5,5,6,5,6,6,5,6,Default,
196290,5,6,6,6,6,6,6,6,6,6,6,5,6,6,6,6,6,6,6,6,5,5,6,6,6,6,6,6,6,6,6,5,6,6,6,6,5,6,5,6,6,6,6,6,6,Default,
196306,5,6,6,5,6,6,4,6,6,6,6,6,6,5,5,6,5,6,6,6,6,6,5,6,6,6,5,6,6,6,6,6,6,6,6,6,6,6,6,4,6,6,6,5,6,Default,
196322,6,5,6,6,6,6,6,5,6,5,6,6,6,6,6,6,6,6,6,6,6,6,6,6,5,7,6,6,6,6,6,6,6,6,6,6,6,5,6,6,6,6,6,6,5,Default,
196338,6,6,6,6,6,6,6,5,6,5,6,6,6,6,6,6,6,6,6,6,6,6,6,4,6,6,6,6,6,6,6,6,6,6,5,6,5,6,6,5,6,6,6,6,6,Default,
196354,6,6,6,5,6,6,6,6,6,6,6,6,6,6,5,5,6,6,6,6,6,5,6,6,6,6,6,6,6,6,6,6,5,6,6,4,6,6,5,6,6,5,6,6,6,Default,
196370,6,6,6,6,6,6,6,6,6,6,6,6,6,6,6,6,5,6,6,6,6,6,6,6,6,6,6,6,6,5,6,6,6,6,6,6,6,6,6,5,6,6,6,6,6,Default,
196386,6,6,5,6,6,6,6,6,6,6,6,6,6,5,6,6,7,5,6,6,6,6,6,6,6,6,6,5,6,5,6,6,6,6,6,5,6,6,6,6,6,6,6,6,5,Default,
196402,6,6,6,5,6,6,5,6,6,6,6,6,6,5,6,5,5,6,6,5,6,6,6,6,6,6,5,6,6,6,6,6,6,6,6,5,6,6,6,6,5,6,6,6,6,Default,
196418,6,6,6,6,6,6,6,6,6,6,6,6,6,6,6,6,6,6,6,4,6,6,6,5,5,6,5,6,6,5,6,6,6,6,6,6,6,6,6,6,6,6,6,6,6,Default,
196434,6,6,6,6,5,6,6,6,6,6,6,6,6,5,5,6,6,6,4,6,6,6,6,6,6,6,6,6,5,4,6,5,6,6,6,6,6,6,6,5,6,6,6,5,6,Default,
196450,6,6,6,5,6,5,6,6,6,6,6,6,6,6,6,6,6,6,6,6,7,6,6,6,6,6,6,6,6,6,6,6,5,6,6,6,6,6,6,6,6,6,6,5,5,Default,
196466,5,6,6,6,6,6,6,6,6,5,6,6,6,6,6,6,5,5,6,6,7,6,6,5,5,4,6,6,6,6,6,6,6,6,5,6,6,6,6,6,5,6,6,6,6,Default,
196482,6,6,5,4,6,6,6,5,6,6,6,6,6,6,6,6,5,5,6,6,5,6,6,6,6,6,5,6,6,5,6,6,6,6,6,5,5,6,6,5,6,6,6,6,6,Default,
196498,6,6,6,5,6,6,6,5,5,5,5,5,6,6,4,6,5,6,6,5,6,5,6,6,6,6,5,6,6,6,6,6,6,6,5,6,5,5,6,6,6,6,6,6,6,Default,
196514,6,6,6,5,5,6,6,6,6,5,6,6,6,6,6,6,6,6,6,5,6,5,5,6,6,6,6,6,5,5,6,5,6,6,6,6,6,6,6,5,6,6,6,6,6,Default,
196530,6,5,6,6,6,6,5,6,6,6,6,5,6,6,6,5,6,6,6,5,6,6,6,6,6,6,6,6,6,5,5,6,6,6,6,6,5,6,5,6,6,6,6,6,6,Default,
196546,6,6,6,5,6,6,6,6,6,6,6,6,5,5,6,6,5,5,6,6,6,6,6,6,6,6,5,6,5,6,5,6,6,6,6,6,5,6,6,5,6,6,7,6,6,Default,
196562,6,6,5,6,6,6,6,6,6,6,6,6,6,6,6,6,6,6,6,6,6,6,6,6,6,7,6,5,5,6,6,6,6,6,6,6,6,6,6,6,6,6,5,6,6,Default,
196578,6,6,6,6,6,6,6,6,6,6,6,6,5,5,6,6,6,6,6,6,6,6,6,6,6,6,6,6,6,6,6,6,6,6,6,6,5,6,6,6,6,6,6,6,6,Default,
196594,5,6,6,6,6,6,5,6,6,6,6,6,6,6,6,6,5,5,6,6,6,6,6,6,6,6,6,6,6,6,6,6,5,6,4,6,6,6,5,6,5,4,6,6,5,Default,
196610,6,6,5,6,6,6,6,6,6,6,6,5,5,5,6,6,6,6,5,6,5,6,6,6,5,6,6,6,6,6,6,6,6,6,6,6,6,6,6,6,6,6,6,6,6,Default,
196626,5,6,5,6,6,5,6,6,6,6,6,6,6,6,5,6,5,6,6,6,5,5,6,6,6,6,6,6,6,6,6,6,6,6,6,6,6,6,5,6,6,6,6,6,6,Default,
196642,5,6,6,6,6,6,6,6,6,6,6,6,6,6,5,6,6,6,6,6,6,6,6,5,5,6,5,6,6,6,6,6,6,6,6,6,5,6,6,6,6,6,6,6,5,Default,
196658,5,6,5,6,6,6,6,6,6,6,5,6,5,6,5,5,6,6,6,6,6,6,6,5,6,6,6,6,5,6,6,5,6,5,6,5,5,6,6,6,6,6,6,6,5,Default,
196674,5,6,6,6,6,6,6,6,6,5,6,6,5,6,6,6,4,6,6,6,6,6,6,6,6,6,5,6,6,6,6,6,6,6,6,6,5,6,6,6,6,6,6,6,6,Default,
196690,6,6,6,6,6,5,6,5,5,6,5,6,6,5,6,6,5,5,6,6,6,6,6,6,6,5,6,5,6,5,6,6,6,6,6,6,5,6,6,6,6,6,6,6,6,Default,
196706,6,6,5,6,5,6,5,6,6,6,6,6,6,6,6,6,5,5,6,5,5,6,5,6,6,6,6,6,5,6,5,6,6,6,6,5,6,6,5,4,6,5,5,6,6,Default,
196722,5,6,6,5,6,6,5,6,6,6,5,6,6,6,6,6,5,6,6,6,6,6,5,5,6,6,6,6,6,5,6,6,6,5,6,6,5,6,6,6,6,6,5,6,6,Default,
196738,6,6,6,5,6,6,6,6,6,6,6,6,6,5,6,5,6,6,6,6,5,6,6,6,6,6,6,5,6,6,6,6,6,5,6,6,6,6,6,6,5,6,6,6,6,Default,
196754,6,6,5,6,6,6,6,6,6,6,6,6,6,5,6,5,6,6,6,5,6,6,5,6,6,6,6,6,5,5,6,6,6,6,6,6,6,6,6,5,6,5,6,6,6,Default,
196770,6,6,6,5,6,6,6,6,6,6,6,6,6,6,5,6,5,6,6,6,6,6,6,6,5,6,6,6,6,4,6,6,6,6,6,6,6,6,6,5,5,6,6,6,6,Default,
196786,6,6,6,5,6,6,6,6,6,6,5,6,6,6,5,6,6,6,6,6,6,6,6,5,6,6,6,6,6,4,6,6,5,5,6,5,5,6,6,5,5,6,6,6,6,Default,
196802,6,6,6,6,6,5,6,5,6,6,6,6,6,6,5,6,6,6,6,6,6,6,6,5,5,6,6,6,6,6,6,6,6,6,5,5,6,5,6,6,6,6,6,6,6,Default,
196818,6,6,6,6,6,6,6,6,5,5,6,6,6,6,5,5,5,6,6,6,6,5,6,6,6,6,6,6,6,6,6,6,6,5,6,6,6,6,6,5,6,6,6,6,6,Default,
196834,6,6,6,6,6,6,6,6,6,6,6,6,6,6,6,6,5,6,6,6,6,6,5,6,5,6,5,6,6,6,6,5,6,6,5,6,6,6,5,5,5,6,6,6,5,Default,
196850,6,5,6,5,6,6,4,6,5,6,6,6,6,6,6,6,6,5,6,5,6,6,5,6,6,6,6,6,6,6,6,7,6,6,6,6,6,6,6,6,6,6,6,5,6,Default,
196866,5,6,5,6,6,6,6,6,4,6,6,5,6,6,6,6,6,6,6,6,6,6,6,5,5,6,6,6,6,6,5,6,5,6,6,6,6,6,5,6,5,6,6,6,5,Default,
196882,5,6,6,5,6,6,6,6,6,6,6,6,6,6,6,6,6,6,6,6,6,6,6,5,6,6,5,6,6,5,6,6,6,6,6,6,5,6,8,5,6,6,6,6,6,Default,
196898,6,6,6,6,6,6,6,6,6,6,6,6,6,5,6,6,6,6,6,4,6,6,6,5,6,6,6,6,6,6,6,6,6,6,6,6,5,6,6,5,6,6,6,6,6,Default,
196914,6,6,6,5,6,6,6,5,6,6,6,6,6,6,6,6,6,6,6,6,6,6,6,6,6,6,6,6,6,6,6,6,5,6,6,6,5,6,5,6,6,6,6,6,6,Default,
196930,6,6,6,5,6,6,6,6,6,6,6,5,6,6,6,6,6,6,6,6,6,6,6,6,6,6,5,5,6,6,6,6,6,6,6,6,5,6,6,6,6,6,6,6,6,Default,
196946,5,6,6,6,6,6,6,6,6,5,6,6,6,6,5,6,6,6,6,6,5,6,6,6,6,6,6,6,5,6,6,6,6,6,6,6,6,6,5,6,6,6,6,6,6,Default,
196962,6,6,6,6,5,6,6,5,6,6,6,6,6,6,6,6,6,6,5,6,6,6,6,6,6,5,6,6,6,5,6,5,6,5,6,6,6,6,6,6,5,6,7,5,6,Default,
196978,5,5,6,6,6,5,6,5,6,6,6,6,6,6,6,6,5,6,6,6,5,6,6,5,6,6,5,7,5,6,5,6,5,6,6,6,6,6,6,5,5,6,6,6,5,Default,
196994,6,6,6,6,6,6,6,5,6,6,6,6,6,6,6,6,6,6,6,6,6,6,5,5,6,6,6,6,6,6,6,6,6,6,5,6,6,6,6,5,5,6,6,6,4,Default,
197010,5,6,6,5,6,6,6,6,6,5,6,6,6,6,6,5,6,6,6,6,6,6,6,4,6,6,6,6,6,6,6,5,6,6,6,6,6,5,6,6,6,6,6,6,6,Default,
197026,5,6,6,6,6,6,6,6,6,6,6,6,6,6,6,6,5,6,6,5,4,6,6,5,5,6,5,6,5,6,6,6,6,5,5,6,5,6,6,6,5,6,6,6,6,Default,
197042,6,6,6,6,6,6,6,6,6,4,5,6,6,7,6,6,6,6,6,5,6,6,6,6,6,6,6,6,6,6,6,6,6,6,6,6,6,6,6,6,6,6,5,6,6,Default,
197058,6,6,5,5,6,6,5,6,6,6,6,5,6,6,6,6,5,6,5,6,6,6,6,6,6,6,6,6,6,4,6,6,6,6,6,6,6,6,6,6,6,6,6,6,6,Default,
197074,7,6,6,6,6,6,6,6,6,6,5,6,6,6,5,6,6,6,6,6,6,6,6,5,6,6,6,6,6,6,6,6,6,6,6,5,6,6,6,6,5,6,6,6,6,Default,
197090,6,6,6,6,6,6,5,6,6,6,6,6,6,6,5,6,5,6,6,5,6,6,5,6,6,6,6,6,6,6,6,6,6,6,6,6,6,6,6,6,6,5,5,6,6,Default,
197106,6,6,6,6,6,6,6,6,6,6,6,6,6,6,6,6,5,6,6,6,5,6,6,6,6,6,5,6,5,6,6,6,5,6,6,5,6,6,6,6,6,6,6,6,5,Default,
197122,6,6,6,6,6,4,4,6,6,6,6,6,6,5,6,6,6,6,6,6,6,6,6,6,6,6,5,6,6,6,6,5,6,6,6,6,5,6,6,5,6,6,6,6,6,Default,
197138,6,6,6,6,5,5,6,5,6,6,6,6,6,6,6,6,6,6,5,5,6,6,6,6,6,6,6,6,6,5,6,6,6,6,5,6,6,6,6,6,6,6,6,6,5,Default,
197154,6,6,5,6,6,5,5,6,6,6,6,6,6,6,6,5,6,6,6,6,6,5,5,5,6,6,5,6,6,6,6,6,6,6,6,6,6,6,5,5,6,6,6,6,5,Default,
197170,4,6,5,6,7,6,5,6,6,5,6,6,6,6,6,6,6,6,6,6,6,6,6,6,6,6,5,5,6,6,6,5,6,5,6,6,5,6,6,6,6,6,6,6,5,Default,
197186,6,6,6,6,6,6,6,6,6,6,5,6,6,6,6,6,5,6,6,4,6,5,6,6,6,6,5,5,6,5,6,6,5,6,6,6,6,6,6,6,5,6,6,6,6,Default,
197202,6,6,6,5,6,6,5,6,6,6,6,6,6,5,6,6,4,5,6,6,6,6,6,6,6,6,5,6,6,5,6,6,6,6,6,6,5,6,6,5,6,6,6,6,6,Default,
197218,6,6,5,6,6,6,6,6,6,6,6,6,6,6,6,6,6,6,6,6,6,6,6,5,6,6,5,6,6,5,5,6,6,5,6,5,5,6,6,6,6,6,6,6,5,Default,
197234,5,5,6,6,6,6,5,6,6,6,6,6,6,6,6,5,5,6,6,5,6,6,6,6,6,6,6,6,6,4,6,5,6,6,6,6,6,6,6,6,6,6,6,5,6,Default,
197250,5,6,5,5,6,6,6,6,6,5,6,6,5,6,6,6,5,5,6,6,6,6,6,5,6,6,5,6,6,5,5,5,6,6,6,6,5,6,6,6,6,6,5,6,6,Default,
197266,6,6,6,5,6,5,6,6,6,6,5,6,6,6,6,6,6,6,6,6,6,6,5,4,6,6,5,5,6,5,6,6,6,6,6,6,6,6,6,6,6,6,6,6,6,Default,
197282,5,6,6,6,6,6,6,6,6,6,6,7,5,5,5,6,6,6,6,6,6,6,6,5,4,6,6,6,6,6,6,6,6,6,6,5,6,5,6,6,6,6,6,6,6,Default,
197298,6,6,6,6,6,6,6,6,6,6,6,6,6,6,6,6,5,6,6,6,4,6,6,6,6,6,6,6,6,5,6,6,6,6,6,5,5,6,6,6,6,6,6,5,6,Default,
197314,4,6,5,6,6,6,6,6,6,6,6,6,6,6,6,6,6,6,5,6,6,6,5,6,5,6,6,6,6,5,6,6,6,5,6,6,5,6,5,5,5,5,6,6,6,Default,
197330,6,6,6,6,6,4,6,6,6,6,5,5,6,6,6,6,6,6,5,6,6,5,6,5,5,5,6,6,6,6,6,5,6,6,5,6,6,6,6,5,6,5,6,6,5,Default,
197346,6,6,5,6,6,5,6,6,5,6,6,6,6,6,6,6,6,6,6,6,6,6,6,6,6,6,5,6,5,4,6,6,6,5,6,6,6,6,5,6,6,5,6,6,6,Default,
197362,6,6,6,6,6,6,5,6,6,6,6,6,6,6,6,6,6,6,5,6,6,6,6,5,6,6,6,6,6,6,5,6,6,6,5,6,5,6,5,5,6,6,6,6,6,Default,
197378,6,5,6,6,6,6,6,6,7,5,6,6,6,6,6,6,6,6,6,6,6,6,6,6,6,6,5,6,6,6,6,5,6,6,5,5,6,6,6,5,6,6,5,6,6,Default,
197394,6,6,6,5,6,6,6,6,6,6,6,6,6,6,6,6,6,6,6,6,6,5,6,6,6,6,5,6,6,6,6,6,6,6,6,6,6,6,6,5,5,6,6,6,6,Default,
197410,5,6,6,6,6,6,6,6,6,6,6,6,5,6,6,5,6,5,6,6,6,6,6,5,6,6,5,6,6,6,6,5,6,6,5,5,5,6,6,6,5,6,5,5,6,Default,
197426,5,6,5,6,6,6,6,6,6,6,6,6,6,6,6,6,5,6,6,5,6,6,6,6,6,6,5,6,5,5,6,6,4,6,6,6,6,6,6,5,5,6,4,5,6,Default,
197442,6,6,6,6,6,6,6,6,6,6,6,6,6,6,6,6,6,5,6,6,6,6,6,4,6,6,5,5,6,6,6,6,6,5,6,6,5,6,6,6,6,6,6,6,6,Default,
197458,6,6,6,5,6,6,6,5,5,6,6,6,6,6,6,5,6,6,6,6,6,6,6,6,6,6,6,6,6,5,6,6,6,6,6,6,5,6,6,6,5,6,6,5,6,Default,
197474,6,6,6,6,6,6,6,6,6,6,6,6,6,6,6,5,6,6,6,6,6,5,6,5,4,6,6,6,6,5,6,5,6,5,6,5,6,6,6,5,6,6,5,6,5,Default,
197490,5,6,6,6,6,6,5,5,6,6,6,6,6,6,5,6,6,6,6,6,6,6,6,5,6,6,5,6,6,6,6,6,6,6,6,6,6,6,6,5,6,5,6,6,6,Default,
197506,6,5,6,6,6,6,6,6,6,6,6,6,5,5,6,6,6,6,6,6,6,6,5,6,6,6,6,6,6,6,6,6,6,5,6,6,6,6,6,6,6,6,6,5,5,Default,
197522,6,6,5,5,5,6,5,6,6,5,6,6,6,5,6,6,6,6,6,5,6,6,5,5,6,6,6,6,6,5,6,6,4,6,6,5,6,6,6,6,5,6,4,6,6,Default,
197538,6,6,6,5,6,6,5,6,6,5,6,5,6,6,5,6,6,6,6,6,6,6,5,6,6,6,5,6,6,5,5,6,6,6,6,6,5,4,6,6,6,6,6,6,6,Default,
197554,4,5,6,4,7,5,7,7,6,5,6,6,8,7,6,7,6,7,4,7,4,4,4,7,7,7,4,4,6,4,6,6,5,6,6,6,6,6,5,6,6,4,6,6,6,Default,
197570,6,6,5,6,6,6,6,6,6,5,5,6,5,6,6,6,7,6,6,4,6,6,6,6,6,6,6,6,6,6,6,6,6,5,6,6,6,6,6,5,5,6,5,6,6,Default,
197586,5,6,6,6,6,6,6,6,6,5,6,6,6,6,5,6,6,6,6,6,6,6,6,6,6,6,6,6,6,6,6,6,5,6,5,5,6,6,6,5,6,6,6,6,5,Default,
197602,6,6,5,6,5,6,6,5,6,6,6,5,6,5,6,6,6,6,6,6,6,6,6,5,6,6,5,6,6,6,6,6,6,5,6,6,6,6,6,6,5,6,6,6,6,Default,
197618,6,6,6,6,5,6,5,6,6,6,6,6,6,6,6,6,6,6,6,6,6,6,6,6,6,6,6,5,6,6,6,6,6,6,4,6,6,6,6,6,6,6,6,6,6,Default,
197634,6,6,6,4,6,6,6,6,6,6,6,5,6,6,6,6,5,6,6,6,6,6,6,5,6,6,5,6,6,6,6,6,6,6,6,6,6,6,6,4,6,6,6,6,6,Default,
197650,6,6,6,5,6,6,5,6,6,6,6,6,6,5,6,6,6,6,6,6,6,5,6,5,6,6,5,6,6,6,6,6,6,6,6,6,4,6,6,5,6,6,6,5,6,Default,
197666,5,6,6,6,6,6,6,6,6,6,6,6,5,6,5,6,6,6,6,6,6,6,6,6,6,6,5,6,6,5,6,6,6,6,6,6,6,6,5,6,6,6,6,6,6,Default,
197682,6,6,6,5,6,6,5,6,6,5,6,6,6,6,5,6,5,6,6,6,6,5,6,6,6,6,6,6,5,6,6,6,6,6,7,6,6,6,6,6,6,6,6,5,5,Default,
197698,4,4,5,5,6,6,6,6,6,5,7,5,6,6,6,6,6,6,5,6,6,6,5,7,6,6,5,5,8,6,8,8,8,8,12,8,6,4,5,8,5,5,4,8,5,Default,
197714,6,5,5,6,6,5,6,6,6,5,6,6,6,5,6,5,6,6,5,5,6,6,6,6,6,6,5,6,6,5,8,7,7,8,5,5,5,6,7,6,6,6,6,6,5,Default,
197730,6,6,5,5,6,6,5,6,6,6,6,6,6,6,5,6,6,6,6,6,6,6,6,6,6,6,6,6,6,6,7,6,6,6,5,6,5,6,6,5,6,6,6,6,6,Default,
197746,6,6,6,5,5,6,6,6,6,6,6,6,6,5,6,6,6,6,6,5,6,6,6,6,6,6,6,6,5,6,6,6,6,6,6,6,5,6,6,5,6,6,6,6,6,Default,
197762,6,6,5,6,6,6,5,6,5,6,6,6,6,6,6,6,6,6,6,5,5,6,6,5,6,6,5,6,6,5,5,7,6,6,6,6,6,6,6,5,6,6,5,5,6,Default,
197778,6,6,6,6,5,6,6,6,6,6,6,6,6,6,6,6,6,6,6,6,6,6,5,5,6,5,6,6,6,6,6,6,6,6,6,6,6,5,6,6,6,6,6,6,6,Default,
197794,5,6,6,6,6,6,5,6,6,6,6,6,6,6,6,6,5,5,6,6,6,6,6,6,6,6,6,6,6,5,6,6,6,6,6,6,6,6,6,6,6,5,6,6,5,Default,
197810,5,6,6,6,6,6,6,6,6,6,5,5,6,6,6,6,6,6,6,5,6,6,6,6,5,6,6,6,6,6,6,6,6,6,5,6,6,6,6,5,6,6,6,5,6,Default,
197826,6,6,5,6,6,6,5,5,5,6,6,6,6,6,5,5,6,5,6,5,5,6,6,5,6,6,5,6,6,5,6,6,5,6,5,6,6,6,6,6,6,5,6,6,5,Default,
197842,6,6,6,5,6,5,5,6,6,6,6,6,6,6,6,6,5,6,6,6,6,6,6,6,6,6,6,6,6,5,6,6,6,6,5,6,6,6,6,6,6,6,6,6,6,Default,
197858,6,6,6,6,6,6,5,6,6,6,6,6,6,6,6,6,5,6,6,6,6,6,6,6,6,6,5,6,6,6,6,6,6,6,6,6,6,6,6,6,6,6,6,6,6,Default,
197874,6,6,5,5,6,6,6,6,6,6,6,6,6,6,6,6,4,5,6,6,6,6,6,6,6,6,6,6,6,7,6,6,6,6,5,6,5,6,6,6,6,6,6,6,6,Default,
197890,5,6,6,5,6,6,6,6,6,6,6,6,6,6,6,6,6,6,6,6,6,6,6,5,5,6,6,6,6,5,6,6,5,6,6,6,5,6,6,5,6,6,6,6,6,Default,
197906,5,6,6,6,6,6,5,6,6,6,5,6,6,6,5,6,5,6,6,5,6,6,5,6,6,6,6,6,6,6,6,6,6,5,6,6,5,6,5,6,6,6,5,6,6,Default,
197922,6,6,6,5,6,6,6,6,6,6,6,6,6,6,6,6,6,6,6,6,6,6,6,6,6,6,6,6,6,6,6,6,5,6,6,6,5,6,6,6,6,6,5,6,6,Default,
197938,6,6,6,4,5,6,5,6,6,5,6,6,6,5,6,6,6,6,6,6,6,6,6,5,6,6,5,6,6,5,6,6,6,6,6,5,5,6,6,5,6,6,6,5,5,Default,
197954,6,6,6,6,5,6,7,6,6,6,6,5,6,6,6,6,5,4,6,6,5,5,6,6,6,6,6,6,5,5,5,6,6,6,5,5,6,5,6,6,6,6,6,6,6,Default,
197970,5,6,6,6,6,6,6,6,6,6,6,6,6,6,6,6,6,6,6,6,6,6,6,6,5,6,6,6,6,6,6,6,6,6,6,6,6,6,6,6,6,6,6,6,6,Default,
197986,6,6,6,5,6,6,5,6,6,6,6,6,6,6,5,6,6,6,6,6,6,6,5,5,6,6,6,6,6,5,6,6,6,5,6,6,5,6,6,6,6,6,6,6,5,Default,
198002,6,6,5,6,5,6,6,6,6,6,6,6,6,6,6,6,6,6,6,6,6,6,6,6,5,6,5,6,5,6,6,6,6,6,5,6,6,6,6,6,6,7,6,6,6,Default,
198018,6,6,6,5,6,5,5,6,6,5,6,5,6,6,5,6,5,6,6,6,6,6,6,6,5,6,6,6,5,5,7,6,6,6,6,6,5,6,6,6,6,7,6,6,6,Default,
198034,5,6,5,5,6,7,6,6,6,6,6,4,6,6,6,6,5,5,6,5,6,6,6,5,5,6,6,6,6,6,6,6,5,6,6,5,6,6,6,6,6,6,6,6,5,Default,
198050,5,6,6,6,6,6,6,6,6,6,5,6,6,6,6,6,5,6,6,5,6,6,6,6,6,6,6,6,5,6,6,6,6,6,6,6,6,6,6,6,5,6,6,5,6,Default,
198066,6,6,6,6,6,6,6,6,6,6,6,6,6,6,6,6,6,6,6,6,6,6,5,6,5,6,6,6,6,6,6,6,6,6,6,4,6,6,6,6,6,6,6,6,6,Default,
198082,5,6,5,6,6,6,6,6,6,6,6,6,5,5,6,6,6,6,6,5,6,6,5,5,5,6,5,6,6,6,6,6,6,6,6,6,6,6,5,6,6,6,6,6,6,Default,
198098,6,6,6,6,6,5,6,6,6,6,6,6,6,6,6,5,5,6,6,5,6,6,6,6,6,6,6,6,6,5,6,6,5,6,6,5,6,6,6,6,5,6,6,6,5,Default,
198114,6,6,6,5,6,5,6,6,6,6,6,6,6,6,5,5,6,5,6,6,6,6,6,5,6,6,6,6,6,6,6,5,6,6,6,6,6,6,6,5,6,6,6,6,5,Default,
198130,5,6,5,6,6,6,6,6,6,5,6,6,6,5,6,6,6,6,6,6,5,6,6,5,6,6,6,6,6,6,6,6,6,6,6,6,6,6,6,5,6,6,6,6,6,Default,
198146,6,6,5,5,6,6,6,6,6,6,5,6,6,6,6,6,6,6,6,6,6,6,6,5,5,6,6,6,6,5,6,6,6,6,6,5,6,6,6,6,6,6,6,6,5,Default,
198162,6,6,6,6,6,6,6,6,6,6,6,6,6,6,6,6,6,6,6,6,5,6,6,6,6,6,6,6,6,4,6,6,6,6,5,6,6,6,6,5,6,6,6,6,6,Default,
198178,6,6,4,5,6,6,5,6,6,6,7,6,6,6,6,6,6,5,6,6,6,5,6,6,5,5,6,5,5,6,5,6,6,6,6,6,5,6,6,5,6,6,6,5,5,Default,
198194,6,6,6,6,6,5,6,6,6,5,6,6,6,6,6,6,5,6,6,5,6,6,6,6,6,6,6,6,6,6,6,6,6,6,6,6,6,5,6,6,5,6,6,6,5,Default,
198210,6,6,6,5,6,6,6,6,6,6,6,6,6,6,4,6,6,6,6,5,6,6,5,6,6,6,5,6,6,6,5,6,6,6,6,6,5,6,6,6,5,6,6,6,6,Default,
198226,5,6,6,5,6,5,4,6,6,6,6,6,6,6,6,6,5,6,6,6,6,6,6,5,5,6,5,5,5,6,6,6,6,5,6,6,5,6,5,6,6,6,6,6,6,Default,
198242,7,6,6,6,6,6,6,6,6,6,6,6,5,6,6,6,6,6,6,4,6,6,6,6,5,6,6,6,5,6,6,6,6,6,6,6,5,6,6,5,6,6,5,6,6,Default,
198258,6,6,6,6,6,6,6,6,6,6,6,6,6,6,5,6,6,5,6,6,5,6,6,4,6,6,5,5,5,6,6,6,6,5,6,5,6,6,6,5,6,6,5,6,6,Default,
198274,5,6,5,6,6,7,6,6,6,6,6,6,6,5,6,6,6,6,6,6,6,6,6,6,6,6,4,6,6,6,6,5,5,6,5,5,6,6,5,6,6,6,5,6,6,Default,
198290,6,6,6,6,6,6,6,5,5,6,6,6,6,6,5,6,6,5,6,6,6,6,6,5,5,6,6,5,6,6,6,6,6,5,5,6,6,6,6,6,6,5,6,5,5,Default,
198306,6,6,6,6,6,6,5,6,6,5,5,6,6,6,6,6,6,5,6,6,5,5,6,6,6,6,5,5,6,5,4,5,5,6,6,5,6,6,4,6,6,6,6,6,5,Default,
198322,6,6,6,5,6,6,5,6,6,6,6,6,6,6,6,6,6,6,6,6,6,5,6,6,6,6,5,6,6,5,6,6,6,6,6,6,6,6,6,6,6,6,6,6,6,Default,
198338,6,6,5,6,6,5,6,5,6,6,6,6,6,6,6,6,6,5,6,6,6,5,6,6,6,6,5,5,6,6,5,5,5,6,6,6,6,5,6,6,6,6,5,6,6,Default,
198354,6,5,6,6,6,6,6,5,6,6,5,6,6,6,6,6,6,6,5,6,6,5,6,6,6,6,5,6,6,6,5,6,6,6,6,6,4,6,6,5,6,6,6,6,6,Default,
198370,5,6,6,6,6,5,5,6,6,6,6,6,6,6,5,5,6,6,6,6,6,6,6,5,6,5,5,6,6,5,6,6,6,6,6,5,6,6,6,5,6,6,6,5,6,Default,
198386,6,6,5,6,6,6,6,6,6,6,6,6,6,6,6,6,5,6,6,5,6,6,6,6,6,5,6,5,6,5,6,6,5,6,6,5,6,6,6,5,6,6,5,6,6,Default,
198402,6,6,6,5,6,6,5,6,6,5,6,6,6,5,6,6,5,6,6,4,6,7,6,6,6,6,6,6,6,6,6,5,6,6,6,6,5,6,6,6,6,5,6,6,6,Default,
198418,5,6,6,6,6,6,6,6,6,6,6,6,6,6,6,6,6,6,6,6,6,6,5,5,5,6,6,6,6,6,6,6,5,6,6,6,5,6,6,6,6,6,6,6,6,Default,
198434,5,6,6,5,6,6,5,6,6,6,6,4,6,6,5,6,6,5,6,5,6,6,6,5,6,6,6,6,6,6,6,6,5,6,6,6,6,5,6,5,6,6,6,6,6,Default,
198450,5,6,5,4,6,5,6,6,6,5,6,6,6,6,6,6,6,6,6,6,6,6,6,6,6,6,6,6,6,5,6,6,5,6,6,6,5,6,6,6,6,6,5,6,6,Default,
198466,5,6,6,6,6,6,6,6,6,6,5,6,6,5,6,6,6,5,6,5,6,6,6,6,6,6,6,6,5,5,6,5,6,5,6,6,6,6,6,5,6,6,6,6,6,Default,
198482,6,6,6,6,6,6,6,6,6,6,6,6,6,6,5,6,6,6,6,6,6,6,6,6,5,5,5,6,6,5,6,6,6,6,6,5,6,5,6,6,6,6,6,6,6,Default,
198498,6,7,6,6,6,6,6,6,6,6,5,6,6,6,6,5,4,5,6,6,6,6,6,6,6,6,5,6,6,5,6,6,6,6,5,6,5,6,6,6,6,6,6,6,6,Default,
198514,6,6,6,6,6,6,6,5,6,5,5,6,5,6,6,6,6,6,6,6,5,6,6,6,6,6,5,6,6,6,6,6,5,6,6,6,5,6,5,6,6,4,6,6,5,Default,
198530,5,6,6,6,6,6,6,6,6,6,5,5,6,6,6,6,6,6,6,6,6,6,6,6,6,6,6,6,6,5,6,6,6,5,6,6,6,6,6,6,6,6,5,6,6,Default,
198546,5,6,6,6,6,6,5,6,6,6,6,5,6,5,5,6,6,6,6,6,6,6,6,6,5,6,5,6,5,6,6,6,5,6,6,6,6,6,5,6,6,5,6,6,5,Default,
198562,5,6,6,6,6,6,6,6,6,6,6,6,6,6,6,6,6,6,6,6,5,6,6,6,6,6,6,6,5,6,6,6,6,6,6,6,5,6,6,6,5,6,6,6,6,Default,
198578,6,6,6,6,6,6,5,6,5,6,5,6,6,6,6,7,5,6,6,5,6,6,6,5,6,6,5,6,5,6,6,6,6,5,6,6,6,6,6,5,6,6,5,6,6,Default,
198594,6,5,6,6,6,6,6,6,6,6,6,6,6,6,5,6,5,6,6,6,6,6,6,6,6,6,4,6,6,5,6,6,6,6,6,6,5,6,6,6,6,6,5,6,6,Default,
198610,6,6,6,5,6,6,6,6,6,6,6,5,6,6,6,6,5,6,6,6,6,6,6,6,6,6,6,5,6,5,5,6,6,6,5,6,5,6,6,4,6,6,6,6,6,Default,
198626,6,6,6,6,6,6,6,6,6,6,6,6,6,6,6,6,6,6,5,6,6,5,6,6,5,6,6,6,7,6,6,6,6,6,6,6,6,6,6,6,6,6,6,6,6,Default,
198642,5,6,6,6,6,6,6,6,6,6,6,6,6,6,6,6,6,6,6,6,6,6,5,5,6,6,6,6,6,6,6,6,6,6,5,6,6,6,5,4,5,6,5,6,6,Default,
198658,6,5,6,6,6,6,5,6,6,5,6,6,6,6,6,7,6,6,6,5,6,6,6,5,6,6,6,6,5,5,6,6,6,6,6,6,5,6,5,5,6,6,6,6,6,Default,
198674,6,5,6,6,6,6,5,6,6,6,6,5,6,6,6,6,6,5,5,6,6,6,5,6,5,6,6,6,6,6,6,6,5,6,6,6,6,6,6,6,6,6,6,6,5,Default,
198690,6,6,6,5,6,6,6,6,6,6,5,6,6,4,6,6,6,6,6,5,6,6,6,6,6,6,6,6,6,4,6,6,5,6,6,5,5,6,6,6,5,6,6,6,6,Default,
198706,6,6,5,5,6,6,6,6,6,6,6,6,5,6,6,6,5,6,6,6,6,6,6,5,6,6,5,6,6,6,6,5,6,6,6,5,6,5,6,6,6,6,6,6,6,Default,
198722,6,6,6,6,6,6,6,6,6,5,6,6,6,6,6,6,6,5,6,6,5,6,6,6,6,6,6,6,6,4,6,6,6,6,6,5,6,6,6,6,6,5,5,6,6,Default,
198738,5,6,6,6,5,6,5,6,6,6,6,5,6,6,6,5,5,6,6,6,6,6,5,6,6,6,5,6,6,7,6,6,6,6,6,6,6,6,6,6,6,6,6,6,6,Default,
198754,5,6,5,6,6,6,6,6,5,6,5,6,5,5,6,5,6,6,6,6,6,6,6,5,6,6,6,6,6,5,6,6,6,6,6,6,6,6,6,6,5,6,6,6,6,Default,
198770,6,6,6,5,6,6,5,6,5,6,5,6,6,6,6,6,5,6,5,5,6,6,6,5,6,6,6,6,6,5,6,6,6,6,5,6,6,6,6,6,6,6,6,6,6,Default,
198786,6,6,6,6,6,6,6,6,6,6,6,6,5,6,6,6,6,6,6,6,6,6,6,6,6,6,6,6,6,5,6,6,5,6,6,6,6,6,5,6,6,6,6,6,5,Default,
198802,6,6,6,5,6,6,5,6,6,5,6,6,6,6,5,6,6,6,7,6,5,6,6,6,6,6,6,6,6,6,6,6,6,6,6,6,6,6,5,5,6,6,6,6,6,Default,
198818,5,6,5,6,6,6,6,6,6,6,6,6,6,6,6,6,5,6,6,6,6,4,6,5,5,6,6,6,6,6,6,6,6,6,5,6,6,6,6,6,6,6,6,6,6,Default,
198834,6,6,6,5,6,6,6,6,6,6,6,6,5,5,6,5,6,6,6,5,6,6,6,6,6,6,6,5,6,6,6,6,5,6,6,6,5,6,6,6,6,6,5,5,6,Default,
198850,6,6,5,5,6,6,6,5,6,5,6,6,6,6,6,6,6,6,6,6,6,6,6,5,6,6,5,6,6,6,6,6,6,6,6,6,5,6,6,6,5,6,6,6,6,Default,
198866,6,6,6,6,6,5,6,5,6,6,6,6,6,6,6,6,6,6,6,6,6,5,6,6,6,5,6,6,5,5,6,6,6,6,5,6,6,6,6,5,5,6,6,6,6,Default,
198882,5,6,6,6,6,6,4,5,6,6,6,6,5,6,6,6,6,6,6,6,6,6,6,6,10,8,5,7,4,8,6,8,7,4,4,7,5,4,5,5,6,6,6,6,6,Default,
198898,6,6,6,5,6,6,5,6,5,6,6,6,6,7,6,6,6,6,6,6,6,6,6,5,5,6,5,6,5,6,6,6,6,6,6,6,6,6,6,6,5,6,6,6,6,Default,
198914,6,6,6,6,6,6,6,6,6,4,6,6,6,6,6,6,5,6,6,6,6,6,6,6,6,6,5,6,6,5,6,6,6,6,6,6,5,6,6,6,6,6,6,6,6,Default,
198930,5,6,5,6,6,5,5,6,6,6,6,5,6,6,5,6,5,6,6,6,6,5,5,5,6,6,6,6,6,5,6,6,6,6,6,5,6,6,6,6,6,6,6,6,5,Default,
198946,6,6,5,6,6,6,6,5,6,6,6,6,6,6,6,6,6,6,6,6,6,6,6,5,6,6,5,6,5,6,6,6,6,6,6,6,6,6,6,4,6,6,6,6,6,Default,
198962,5,6,5,5,5,6,5,6,6,6,6,6,6,6,6,6,5,6,6,6,6,6,6,6,5,6,6,6,6,6,6,6,6,6,6,5,6,6,6,6,6,6,6,5,6,Default,
198978,6,6,6,5,6,5,4,6,6,5,6,6,6,6,6,6,6,5,6,6,6,5,6,5,6,6,6,6,6,5,6,6,6,6,6,5,6,6,6,6,6,6,6,6,5,Default,
198994,6,6,5,6,6,6,5,6,6,6,6,6,6,5,6,6,6,6,6,6,6,6,6,5,6,6,6,6,6,6,6,6,5,6,6,6,6,6,5,6,6,6,6,6,6,Default,
199010,5,6,5,6,6,5,5,6,6,6,6,6,5,6,5,6,6,6,5,6,6,5,6,6,6,6,6,6,6,6,6,6,6,6,6,6,6,4,6,6,6,6,5,6,6,Default,
199026,6,6,6,6,6,5,6,6,5,6,6,5,6,6,6,6,5,6,6,6,6,5,5,5,6,6,6,6,6,6,5,6,6,6,6,6,6,6,5,5,6,6,6,6,6,Default,
199042,6,6,6,5,6,6,6,5,6,6,6,5,6,6,6,6,6,6,5,6,7,6,6,5,6,6,5,6,6,6,6,6,6,5,6,6,6,6,6,6,6,5,6,5,6,Default,
199058,6,6,6,6,6,5,5,6,6,6,5,6,6,6,6,6,6,6,6,5,6,6,6,5,6,6,6,6,6,6,6,6,6,6,6,6,5,5,6,6,6,6,6,6,5,Default,
199074,6,6,6,6,6,6,6,6,5,6,6,6,5,6,6,6,6,6,6,5,6,6,6,5,5,6,6,6,6,6,6,6,6,5,6,6,5,6,6,5,6,6,6,6,6,Default,
199090,7,7,6,6,6,4,6,7,6,7,6,6,6,4,6,4,7,6,4,4,7,7,6,6,6,6,4,8,4,8,7,7,5,7,5,4,7,6,4,5,6,6,6,6,5,Default,
199106,6,6,6,5,6,6,5,6,6,6,6,6,6,6,6,6,5,6,6,5,6,6,6,6,6,6,5,5,6,6,6,6,6,6,6,6,6,6,6,6,6,6,6,6,5,Default,
199122,6,6,6,6,6,6,6,6,6,6,6,6,6,6,6,6,6,6,6,6,6,6,6,6,6,6,5,6,6,6,6,6,6,6,6,6,5,6,6,6,5,6,6,6,5,Default,
199138,6,6,6,5,6,6,5,6,6,6,6,6,6,6,6,6,6,6,5,6,6,6,5,6,6,6,6,6,6,5,6,6,6,6,6,6,6,6,6,6,6,6,6,5,6,Default,
199154,6,6,6,6,6,6,5,6,5,6,5,4,6,6,6,6,6,6,6,6,5,5,6,6,5,5,5,4,5,6,6,6,5,6,6,5,6,6,6,6,5,6,6,6,6,Default,
199170,5,6,6,5,6,6,6,6,6,6,6,6,6,6,5,6,6,6,6,6,6,6,6,6,6,6,6,6,6,6,6,6,6,6,6,6,5,6,6,6,6,6,6,6,5,Default,
199186,6,6,6,6,6,6,6,6,6,6,6,6,6,5,6,6,6,6,6,6,6,6,6,6,6,6,6,5,6,6,6,6,6,6,6,5,6,5,6,6,6,6,6,6,6,Default,
199202,6,6,6,6,6,6,5,5,6,6,6,6,5,6,6,6,6,5,6,5,6,6,5,5,6,6,6,6,6,6,6,5,5,6,5,6,6,6,6,6,6,6,6,5,5,Default,
199218,6,6,6,5,6,5,5,6,6,6,6,6,6,6,6,5,4,6,6,6,6,5,5,6,6,6,4,5,6,4,6,6,6,6,5,6,6,6,6,5,6,6,6,6,6,Default,
199234,6,6,6,6,6,6,6,6,7,6,6,6,5,5,6,6,6,6,6,6,6,6,6,6,6,6,6,6,5,6,6,6,5,6,6,4,6,6,4,6,6,6,6,5,5,Default,
199250,6,6,6,6,6,6,5,6,6,6,6,6,6,5,6,5,5,6,6,6,6,6,6,6,5,6,6,6,6,6,6,6,5,6,6,6,6,6,6,5,6,6,6,6,5,Default,
199266,5,6,6,6,6,6,5,6,5,6,6,5,5,6,5,6,6,4,6,6,6,5,6,6,6,5,4,6,6,6,6,6,6,6,6,6,6,6,6,6,6,5,6,6,5,Default,
199282,6,6,6,5,6,6,5,6,6,6,6,6,6,4,6,6,6,6,5,5,6,6,6,5,6,6,6,6,6,5,6,6,6,6,6,6,5,6,6,6,5,6,6,6,6,Default,
199298,6,6,6,6,6,6,6,6,6,6,6,5,6,5,6,6,6,6,6,6,6,5,6,5,5,6,6,6,6,6,6,6,6,6,6,5,6,6,6,6,5,6,6,6,5,Default,
199314,6,6,5,5,6,6,4,6,5,6,6,6,6,6,6,6,5,6,5,6,6,6,6,6,6,6,5,6,6,6,5,6,6,6,6,6,6,6,6,6,6,6,6,6,6,Default,
199330,6,6,6,6,6,6,6,6,6,6,6,6,6,5,6,6,6,6,5,6,6,6,6,6,6,6,6,6,6,6,6,6,6,6,6,6,5,6,6,6,6,6,6,6,6,Default,
199346,6,6,5,6,5,6,5,6,6,6,6,5,6,5,6,5,6,6,6,6,5,6,5,6,5,6,6,6,6,5,6,6,6,6,6,6,6,5,6,6,6,6,6,5,5,Default,
199362,6,6,6,6,6,6,6,5,5,6,5,5,6,6,6,6,5,6,6,4,6,6,5,6,5,6,5,6,6,6,6,6,6,6,5,5,6,6,6,6,5,6,5,6,6,Default,
199378,6,6,6,6,5,6,6,6,6,6,6,5,6,6,5,6,6,6,6,6,6,5,5,6,6,6,6,6,6,6,6,6,6,5,6,6,5,6,6,5,6,6,6,6,6,Default,
199394,6,6,6,6,6,5,6,6,6,4,6,6,6,6,6,6,6,6,6,5,5,6,6,6,6,6,4,6,5,6,6,6,6,6,6,6,6,6,6,5,6,6,6,6,6,Default,
199410,6,5,6,6,6,5,6,6,6,6,6,6,6,6,6,6,5,6,6,6,5,6,6,5,6,5,6,6,6,5,6,6,6,6,6,6,5,6,6,6,6,6,6,6,6,Default,
199426,6,6,6,6,6,6,5,6,6,4,6,6,6,6,6,6,6,6,6,6,6,6,6,6,6,6,5,6,6,6,5,6,6,6,6,6,5,6,6,6,6,6,6,6,6,Default,
199442,6,6,6,5,6,6,6,6,6,6,5,6,6,6,6,6,6,6,6,5,6,6,5,5,6,6,6,6,6,5,6,6,5,6,6,6,6,6,5,6,6,6,6,6,6,Default,
199458,5,5,6,6,6,6,4,6,6,6,6,6,6,6,6,6,6,6,6,6,6,6,6,6,6,6,6,6,6,5,6,6,6,6,6,6,5,6,6,5,6,6,6,6,6,Default,
199474,6,6,6,6,6,6,6,6,6,6,6,5,6,6,5,6,6,6,6,6,6,6,6,6,6,6,5,6,5,6,6,6,5,6,6,5,5,5,6,5,6,6,6,6,6,Default,
199490,6,6,6,6,6,6,6,5,6,6,6,5,6,5,5,6,6,6,6,6,5,6,6,6,6,6,6,6,6,6,6,6,5,6,5,6,6,6,6,6,6,6,6,6,6,Default,
199506,6,6,6,6,5,6,6,6,6,6,6,6,6,6,6,6,6,6,6,6,6,6,6,5,6,6,5,6,6,5,6,6,6,5,5,6,6,6,5,6,6,6,6,6,5,Default,
199522,4,6,6,5,6,6,5,5,6,6,6,6,6,6,6,6,5,5,6,6,6,6,6,5,6,5,5,6,5,6,6,6,6,6,6,5,5,6,6,6,6,6,6,6,6,Default,
199538,6,6,6,5,6,6,5,6,6,6,6,6,6,6,6,6,5,6,6,5,6,6,6,6,6,6,5,6,6,6,6,6,6,6,6,5,6,6,6,5,6,6,6,6,6,Default,
199554,6,6,6,5,6,6,6,6,5,6,6,6,6,6,6,6,6,6,6,6,5,6,6,6,6,6,6,6,6,6,6,6,5,6,6,6,6,6,6,6,6,6,6,6,6,Default,
199570,5,6,6,6,6,6,5,6,6,5,6,6,6,6,6,6,5,6,5,6,6,5,5,6,5,6,6,6,6,4,6,6,6,6,6,6,5,6,6,6,6,5,6,6,6,Default,
199586,6,6,6,6,6,5,6,6,6,6,6,6,6,6,6,6,6,6,6,6,6,6,6,5,7,6,6,6,6,6,6,6,6,6,6,5,6,6,6,5,6,6,6,6,6,Default,
199602,6,6,6,5,6,6,6,6,6,6,6,6,6,6,6,6,6,6,6,6,6,6,6,4,6,6,5,6,6,6,6,5,6,6,6,6,5,6,6,6,5,6,6,5,6,Default,
199618,6,6,6,6,6,6,6,5,6,5,6,6,6,6,6,6,6,6,6,6,6,5,5,6,6,6,5,6,6,5,6,6,6,6,6,6,5,6,6,6,6,6,6,6,6,Default,
199634,6,6,6,6,6,5,6,6,6,6,6,6,6,6,5,6,6,6,6,6,6,6,5,6,5,6,6,6,6,6,6,6,6,6,6,6,6,6,6,5,5,6,6,6,5,Default,
199650,5,6,6,6,6,6,6,6,6,5,6,6,5,6,5,6,5,6,6,6,6,5,6,6,6,6,6,6,6,5,6,6,5,6,6,5,6,6,6,6,6,5,6,6,6,Default,
199666,6,6,5,5,6,6,6,6,7,6,6,6,6,5,6,6,5,6,6,6,6,6,6,6,6,6,6,6,6,5,6,6,6,6,6,6,5,6,6,5,5,6,6,6,6,Default,
199682,6,6,6,6,6,6,6,6,6,6,6,6,6,6,5,6,6,6,6,6,6,6,6,5,5,6,6,6,5,6,6,6,5,6,6,6,6,5,6,6,6,6,6,6,5,Default,
199698,6,6,6,5,6,6,6,6,6,5,6,6,6,5,6,6,6,6,6,6,6,6,6,5,6,5,5,5,6,6,6,6,6,6,5,6,6,6,6,6,6,6,6,6,5,Default,
199714,6,6,6,6,6,6,6,6,6,6,6,5,6,6,6,6,6,6,4,5,5,6,6,5,6,6,6,6,6,5,5,6,6,6,6,6,6,6,5,6,5,5,6,6,5,Default,
199730,6,6,5,6,6,6,6,6,6,6,6,6,6,5,6,6,5,6,6,6,6,6,6,5,5,6,5,6,5,5,6,6,6,6,6,6,6,6,6,6,6,6,6,6,6,Default,
199746,6,6,6,6,6,6,6,6,6,7,6,6,6,6,6,6,6,6,6,6,5,6,6,6,6,5,5,5,6,5,6,6,5,6,6,6,6,6,6,6,6,6,6,6,5,Default,
199762,6,6,5,5,5,6,6,6,5,5,5,6,5,6,6,6,6,5,6,6,6,5,6,6,6,6,5,6,6,6,6,5,6,6,5,6,6,6,4,6,6,6,6,5,6,Default,
199778,6,6,6,5,6,6,6,6,6,5,5,5,6,6,5,6,5,6,6,5,6,6,6,6,5,6,6,5,6,6,6,6,4,6,6,6,6,6,6,6,6,6,5,6,5,Default,
199794,5,6,6,6,6,6,5,6,6,6,6,6,6,5,5,6,6,6,6,6,5,6,6,6,6,6,6,5,6,6,6,6,5,6,6,6,6,6,6,6,6,6,6,5,6,Default,
199810,5,6,6,6,6,6,6,6,6,6,6,6,6,6,6,6,6,6,6,6,6,5,6,5,6,6,4,6,6,5,5,6,6,5,5,6,5,6,6,6,6,6,6,6,6,Default,
199826,6,6,6,6,6,6,6,5,6,6,6,6,6,6,5,6,6,6,6,6,6,6,6,6,6,5,6,6,6,6,6,6,6,6,6,5,6,6,5,6,6,6,6,6,5,Default,
199842,6,6,6,6,6,6,6,6,6,6,6,6,6,7,6,5,6,6,6,6,6,6,6,6,6,6,6,6,5,5,5,6,6,6,6,5,5,6,6,6,5,6,6,6,6,Default,
199858,6,6,6,6,6,6,5,6,6,6,5,6,6,5,6,6,6,6,6,6,5,6,6,5,6,6,6,6,6,6,6,6,6,4,6,6,6,6,6,5,6,6,6,5,6,Default,
199874,5,5,6,6,6,6,6,6,6,6,6,6,5,5,5,6,5,6,6,5,6,5,6,6,6,6,6,6,5,5,6,6,5,6,5,6,6,6,6,5,5,5,5,6,6,Default,
199890,5,6,6,5,6,6,6,6,5,6,6,6,6,6,6,6,6,6,6,6,6,6,5,5,6,6,6,5,6,6,5,6,6,5,6,6,6,6,6,6,6,6,6,6,6,Default,
199906,6,6,6,6,6,6,6,6,5,6,6,6,6,6,6,6,6,5,6,6,6,5,6,6,6,6,6,6,6,6,6,6,6,6,6,6,6,6,6,6,6,6,6,5,5,Default,
199922,6,6,6,6,6,6,5,6,5,4,6,5,6,6,6,6,6,6,6,5,6,6,6,6,6,6,6,6,6,5,6,6,6,6,5,5,6,6,6,6,5,6,6,6,6,Default,
199938,6,6,6,5,6,6,5,5,6,6,6,6,6,6,6,6,6,6,6,6,5,6,6,6,6,6,5,6,6,5,6,5,6,6,6,6,5,6,6,6,6,6,6,6,6,Default,
199954,6,6,6,6,6,6,6,6,6,6,6,6,6,6,6,6,6,5,6,6,6,6,6,5,5,6,5,6,6,6,6,6,6,6,5,6,6,6,6,6,5,6,6,6,5,Default,
199970,5,6,5,6,6,6,6,6,6,6,6,6,6,6,5,6,6,5,6,6,6,6,6,7,6,5,6,5,6,6,5,6,6,6,6,5,6,6,6,6,6,6,6,5,6,Default,
199986,6,6,6,6,6,5,6,6,6,6,6,5,6,6,6,6,6,6,6,6,6,6,6,6,6,6,5,6,6,5,6,6,6,6,6,5,6,6,6,6,6,6,6,6,6,Default,
200002,6,6,6,5,6,6,5,6,6,6,6,6,5,6,6,5,5,6,6,6,6,6,5,6,6,6,5,6,6,5,6,6,6,5,6,5,6,6,6,6,6,6,6,6,6,Default,
200018,6,6,6,6,6,6,6,5,6,6,6,6,6,6,6,6,6,6,6,6,6,6,6,5,6,6,6,6,6,5,6,6,6,5,5,6,6,6,6,6,6,6,6,6,6,Default,
200034,6,6,5,5,6,6,6,6,6,5,6,6,6,6,6,6,6,6,6,6,6,5,5,6,6,6,6,5,6,6,6,6,6,6,6,6,5,5,6,5,6,6,5,5,6,Default,
200050,6,6,5,5,6,6,6,6,6,6,6,6,6,5,6,6,6,6,6,6,6,6,5,6,6,6,6,6,5,6,6,6,6,6,6,6,6,6,6,5,6,6,6,6,6,Default,
200066,6,6,6,6,6,6,6,6,6,6,6,6,6,6,6,6,5,6,5,6,6,5,6,6,6,6,6,6,6,6,6,6,6,6,6,5,6,6,6,6,6,6,6,6,6,Default,
200082,6,6,6,6,5,6,5,6,6,6,6,6,6,5,6,6,6,6,6,6,6,6,6,6,6,6,6,6,6,6,6,6,6,6,6,6,6,6,6,5,6,6,6,6,6,Default,
200098,6,6,6,6,5,6,5,6,6,6,5,6,6,6,6,6,5,6,6,6,6,6,6,6,6,6,6,6,6,6,5,6,6,6,5,6,4,6,6,6,6,6,6,6,6,Default,
200114,5,6,7,4,4,7,5,7,6,6,7,4,7,7,7,5,4,4,4,5,6,6,6,6,6,6,6,6,6,6,6,6,6,6,6,6,6,6,6,6,6,5,5,6,6,Default,
200130,5,6,6,5,6,6,6,6,6,6,6,6,6,6,6,6,6,6,6,6,6,6,5,7,6,6,6,6,6,6,6,6,6,6,6,6,6,6,6,5,6,6,6,6,6,Default,
200146,6,6,6,6,6,6,5,7,6,6,6,6,6,6,6,6,6,6,6,6,6,6,6,6,6,6,6,6,6,6,6,6,6,6,6,6,6,6,6,6,6,6,6,6,6,Default,
200162,6,6,6,6,6,6,6,6,6,6,6,6,5,6,5,6,5,6,6,6,6,5,6,5,5,6,6,6,6,5,6,6,6,6,5,6,6,5,5,6,6,6,6,6,6,Default,
200178,6,6,6,5,6,6,6,5,6,6,6,6,6,6,6,6,5,6,6,5,6,6,6,6,6,6,5,6,6,6,6,6,6,5,6,6,5,4,6,6,6,6,6,6,6,Default,
200194,5,6,6,6,6,5,6,6,6,6,6,5,6,6,6,6,6,6,6,6,6,6,6,6,6,6,6,6,6,6,6,6,6,6,6,5,6,6,6,6,6,5,6,6,6,Default,
200210,6,6,6,6,6,6,6,5,6,6,6,6,6,6,5,7,5,5,6,6,6,6,6,6,6,5,6,6,6,5,6,6,5,6,5,6,6,6,5,6,6,6,6,6,6,Default,
200226,6,6,6,6,6,6,6,6,6,6,6,6,6,6,6,6,6,6,6,6,6,6,6,6,6,6,6,6,5,6,6,6,5,6,5,6,6,6,6,6,6,6,6,6,5,Default,
200242,6,6,6,6,6,6,6,6,6,6,6,5,6,6,6,6,6,6,6,6,6,6,6,5,6,6,6,6,6,4,6,6,6,4,6,6,6,6,6,6,6,6,6,6,6,Default,
200258,5,6,5,6,6,6,6,6,6,6,6,5,6,6,6,6,6,5,6,5,6,6,6,5,6,6,5,6,5,6,6,6,6,6,6,6,5,6,6,4,5,6,6,6,6,Default,
200274,6,6,6,6,6,6,5,6,6,6,6,6,6,6,6,6,6,6,5,6,6,6,6,6,6,6,6,5,6,6,6,6,6,6,6,6,6,6,6,3,6,6,5,6,6,Default,
200290,5,5,6,6,6,6,6,6,6,6,6,6,6,6,6,6,6,6,6,5,6,6,6,6,6,6,6,5,6,6,6,6,6,6,6,6,6,6,6,5,6,6,6,6,6,Default,
200306,6,6,6,5,4,6,6,6,6,6,6,6,5,6,5,6,6,6,6,6,5,6,6,6,6,6,6,6,6,5,6,6,6,7,5,6,6,6,6,6,6,6,6,6,6,Default,
200322,4,4,6,7,4,4,5,4,5,6,7,8,7,4,4,8,7,7,6,6,7,4,8,7,6,8,4,4,4,6,7,8,4,8,4,7,6,7,7,4,7,8,7,8,4,Default,
200338,6,6,6,5,6,6,6,5,6,6,6,6,6,6,6,6,6,6,6,6,5,6,6,5,5,6,5,6,6,6,6,6,6,6,5,5,5,6,6,6,6,6,6,5,6,Default,
200354,6,5,6,6,6,6,6,5,6,6,6,6,6,6,4,6,6,6,6,6,6,5,6,6,5,6,6,6,6,6,6,6,5,6,5,6,6,6,6,6,6,6,6,6,6,Default,
200370,6,6,5,6,6,6,5,6,6,6,6,6,6,6,6,6,6,6,6,6,6,6,6,5,6,6,5,6,6,6,6,5,6,6,5,6,5,6,6,6,6,6,6,5,6,Default,
200386,6,6,6,5,6,6,4,6,6,6,6,6,6,5,6,6,5,6,6,6,6,6,6,5,6,6,5,6,6,6,6,6,7,6,6,7,6,6,6,6,6,6,6,6,6,Default,
200402,6,6,6,6,5,6,6,6,6,6,6,6,6,6,6,5,6,6,5,5,5,6,6,5,6,6,6,6,6,5,6,6,6,6,6,6,6,6,6,6,5,6,6,6,6,Default,
200418,6,6,6,5,6,5,5,5,6,6,6,6,4,6,6,6,6,6,6,6,5,6,6,6,6,6,5,6,6,6,6,6,6,6,6,6,6,6,6,6,6,6,6,5,6,Default,
200434,6,6,6,6,6,6,6,6,5,6,6,6,6,6,6,6,6,6,6,6,5,5,6,6,6,6,5,6,6,6,6,6,4,6,5,6,6,6,6,6,6,5,6,6,5,Default,
200450,6,6,6,6,6,6,6,6,6,5,5,6,6,6,6,6,6,6,6,6,6,5,6,6,6,6,5,6,5,6,6,6,6,6,6,6,5,6,6,5,6,6,6,6,6,Default,
200466,6,5,6,6,6,6,6,6,6,6,6,6,6,6,6,6,6,6,6,6,5,6,6,6,5,6,6,6,6,6,6,6,4,6,5,6,6,6,4,6,6,6,6,6,5,Default,
200482,6,6,6,6,6,6,5,6,6,6,6,6,6,6,6,6,6,6,6,5,6,5,6,6,6,6,6,5,6,5,6,6,6,6,6,5,6,6,6,6,6,6,6,6,6,Default,
200498,5,6,6,6,6,6,5,5,6,5,5,6,6,6,6,6,6,6,6,6,6,6,6,5,6,6,6,6,6,6,6,6,6,6,6,6,6,6,6,6,6,6,6,6,6,Default,
200514,5,6,6,6,6,6,6,6,6,6,6,5,6,6,6,6,6,6,6,6,6,6,6,5,6,6,5,6,6,6,6,6,6,6,6,6,5,6,6,6,6,6,5,6,5,Default,
200530,6,6,6,6,6,6,5,5,6,6,6,5,6,6,6,6,6,6,5,5,6,6,5,6,6,6,4,6,6,6,6,6,6,6,6,6,5,6,6,5,6,5,5,5,6,Default,
200546,5,6,6,6,6,6,5,6,5,6,5,6,6,6,6,6,6,6,6,6,6,6,6,5,6,6,6,6,6,5,6,6,6,6,6,6,6,6,6,5,6,6,6,6,6,Default,
200562,6,6,5,5,6,6,6,6,6,6,6,6,6,5,6,6,5,6,6,6,6,6,6,6,6,6,5,6,5,6,6,6,6,6,6,6,5,6,6,6,6,6,6,6,5,Default,
200578,6,6,6,5,6,6,6,6,6,6,6,6,6,6,6,5,5,6,6,6,6,6,6,6,6,6,6,6,6,5,6,6,6,6,6,6,5,6,6,5,6,6,6,6,6,Default,
200594,6,6,6,6,6,6,4,6,6,6,6,5,6,6,6,6,5,6,6,5,6,6,6,6,6,6,6,6,6,6,6,6,5,6,6,6,6,6,6,5,6,6,6,6,6,Default,
200610,6,6,6,5,6,6,5,6,6,6,6,6,6,6,6,6,6,5,5,6,6,6,6,5,6,6,5,6,6,5,6,6,6,6,6,6,6,6,6,4,6,6,6,6,6,Default,
200626,5,6,6,6,5,6,6,5,6,6,6,5,6,6,6,6,6,6,6,6,6,5,6,6,6,6,5,6,6,6,6,6,5,6,6,5,6,6,6,6,6,6,6,6,5,Default,
200642,6,6,6,6,6,6,6,6,6,6,6,6,6,6,6,6,6,5,6,6,5,5,6,6,5,6,6,5,6,6,5,6,6,6,6,6,6,6,6,6,6,6,6,6,6,Default,
200658,5,6,6,6,6,6,6,6,6,6,6,5,6,6,5,6,6,6,5,6,6,6,6,6,6,6,5,6,6,6,6,5,6,6,5,6,6,6,6,5,6,6,6,6,6,Default,
200674,6,6,5,6,6,6,6,5,6,6,7,6,5,6,4,6,6,6,6,6,6,6,6,6,6,5,6,6,6,6,6,6,5,6,6,4,6,6,5,6,6,6,6,6,5,Default,
200690,6,5,5,6,6,5,6,6,6,6,6,6,6,6,5,6,6,6,6,6,6,6,6,6,5,6,6,6,5,6,6,6,6,6,6,6,6,5,6,6,6,5,6,6,5,Default,
200706,6,6,5,6,6,6,5,5,6,6,6,6,6,6,6,6,6,6,5,6,6,6,6,6,6,7,6,6,6,5,5,6,5,6,6,5,6,6,5,6,5,6,6,6,5,Default,
200722,6,6,6,4,6,6,6,6,6,6,6,5,6,6,6,6,6,6,6,6,6,6,6,5,5,6,6,6,6,5,6,6,6,6,6,6,6,6,6,5,6,7,6,6,6,Default,
200738,6,6,6,5,6,5,6,6,6,6,6,6,6,6,6,6,6,6,6,6,6,6,6,5,5,6,6,6,6,5,6,6,6,6,6,5,6,6,6,5,5,6,6,6,6,Default,
200754,6,6,6,5,6,6,6,5,6,5,6,6,6,6,6,6,6,6,6,6,6,6,6,5,6,6,6,6,6,6,5,6,6,6,6,5,6,6,6,6,6,6,6,6,6,Default,
200770,6,6,6,5,6,6,6,6,6,6,5,6,6,6,6,6,6,6,5,6,6,6,5,6,6,6,6,6,6,6,6,6,6,6,6,6,5,6,6,6,6,5,6,6,6,Default,
200786,6,6,6,5,6,6,6,5,6,6,6,6,6,6,6,6,6,6,5,5,6,6,6,5,6,6,6,6,5,6,6,6,6,6,6,6,6,5,6,5,6,6,6,6,6,Default,
200802,6,6,6,5,5,6,6,6,6,6,6,5,6,6,6,5,5,6,5,6,6,6,6,5,6,6,5,6,5,6,6,6,6,6,6,6,5,6,6,5,6,6,6,6,6,Default,
200818,6,6,6,5,6,6,5,6,6,6,6,6,6,6,6,6,6,6,5,6,6,6,6,5,6,6,6,6,6,5,6,6,6,6,6,5,6,6,6,5,6,6,6,6,6,Default,
200834,6,6,6,6,6,5,6,6,6,6,6,6,6,6,5,6,6,6,6,6,6,6,6,6,6,6,6,6,6,6,6,6,6,6,5,6,6,6,6,6,6,6,5,6,5,Default,
200850,6,6,5,5,6,6,6,6,6,6,6,6,5,5,6,6,6,6,6,6,6,6,6,5,6,6,5,6,6,5,6,6,5,6,5,6,6,6,6,4,6,6,6,6,6,Default,
200866,6,6,6,5,6,6,6,6,6,6,6,6,6,6,6,6,6,6,7,6,6,6,6,6,6,6,6,6,6,5,6,6,6,5,6,6,5,5,6,4,6,6,6,6,6,Default,
200882,6,6,5,6,6,6,6,6,6,6,6,6,6,6,6,6,6,6,6,5,6,6,6,6,6,6,4,6,6,4,6,6,6,6,6,6,6,6,6,6,6,6,6,6,6,Default,
200898,5,6,6,6,6,6,6,6,6,6,6,6,6,6,6,6,6,6,5,6,5,6,6,4,5,6,5,6,6,5,6,6,6,6,6,6,5,6,6,5,6,4,6,6,6,Default,
200914,6,5,6,6,6,6,6,6,5,6,6,5,6,6,6,5,6,6,6,6,6,6,6,6,6,6,5,6,6,6,6,6,4,6,6,5,6,6,5,6,5,5,6,6,5,Default,
200930,5,6,6,6,6,6,6,6,6,6,6,6,6,6,6,6,5,6,6,6,6,5,6,6,6,6,6,6,6,6,6,6,6,6,6,5,6,4,7,4,8,5,7,7,6,Default,
200946,6,6,5,6,6,6,6,6,6,5,6,6,6,5,6,6,6,6,6,6,6,6,6,6,6,5,6,6,6,6,6,6,6,6,6,6,6,6,6,5,6,6,6,6,5,Default,
200962,7,6,6,6,6,6,6,6,6,6,6,6,6,6,6,6,6,6,6,6,5,6,6,5,6,6,5,6,6,6,6,6,6,6,6,6,6,6,6,6,6,8,6,6,5,Default,
200978,6,6,6,6,6,7,6,5,6,6,6,6,6,6,6,6,6,6,6,6,5,6,6,6,5,6,6,6,6,5,6,6,6,6,5,6,6,6,6,6,6,6,6,6,6,Default,
200994,5,5,6,5,6,6,6,6,6,6,6,6,5,6,6,6,5,6,6,6,6,6,6,6,6,5,6,6,6,6,6,6,5,6,5,6,4,6,6,4,6,6,5,6,6,Default,
201010,5,6,6,6,6,6,6,6,6,6,6,6,6,6,6,6,5,6,6,5,6,6,6,5,5,6,5,6,6,6,5,6,6,6,6,6,6,5,6,6,6,6,6,5,6,Default,
201026,6,6,6,6,6,5,6,6,6,6,5,6,5,5,6,6,5,6,5,6,6,5,5,6,5,6,6,6,6,6,6,6,5,6,5,5,6,6,6,6,6,6,7,6,6,Default,
201042,6,6,6,5,6,6,6,6,6,6,5,6,6,5,6,5,6,6,5,6,6,6,6,6,6,6,5,6,6,6,6,6,5,6,6,5,4,6,6,6,6,6,6,6,6,Default,
201058,6,5,6,6,5,5,6,6,6,5,6,6,6,6,6,6,6,6,6,6,6,6,6,5,6,6,5,6,6,6,6,6,6,6,6,5,5,6,6,6,6,6,6,6,6,Default,
201074,5,6,6,6,6,6,6,6,6,6,6,6,6,6,5,6,6,5,6,6,6,6,6,6,6,6,6,6,6,6,6,6,6,6,6,6,6,6,6,6,6,5,4,6,6,Default,
201090,5,6,6,6,6,6,5,6,6,6,6,6,6,6,6,6,6,5,6,6,5,5,6,6,6,6,6,6,6,6,6,5,6,5,6,6,6,5,5,6,6,6,6,6,6,Default,
201106,6,6,6,5,6,6,5,6,5,6,6,6,6,6,6,6,5,6,6,6,6,6,6,6,5,6,6,6,5,5,6,6,6,6,6,6,6,6,6,5,6,6,6,6,6,Default,
201122,6,6,6,5,6,6,5,6,5,5,5,5,6,6,6,6,6,6,6,6,6,7,6,5,6,6,6,6,6,5,5,6,7,6,6,6,6,6,6,6,6,6,5,6,5,Default,
201138,6,6,5,5,6,6,6,6,6,6,6,6,6,6,5,6,6,5,6,6,6,5,6,6,6,6,6,6,6,5,6,6,6,6,5,6,5,6,6,5,6,6,6,5,6,Default,
201154,6,6,6,6,6,6,6,6,6,6,6,6,6,5,6,6,6,5,6,6,5,6,6,6,6,6,5,6,6,6,6,6,5,6,6,6,6,6,6,6,6,5,5,6,4,Default,
201170,5,6,6,6,6,6,5,6,6,5,6,6,5,6,5,6,6,5,6,6,6,6,6,6,5,6,6,6,6,6,6,6,6,6,5,6,6,5,6,6,6,6,6,6,6,Default,
201186,6,6,5,6,6,6,6,6,6,6,6,6,6,6,6,6,6,6,6,6,4,6,6,6,7,5,6,5,6,6,6,6,6,6,6,6,6,5,5,6,6,5,5,6,4,Default,
201202,6,6,6,5,6,6,6,6,6,6,6,5,6,6,6,6,5,5,6,6,6,6,6,5,6,6,5,6,6,5,6,6,6,6,6,6,5,6,6,5,5,6,6,6,6,Default,
201218,5,6,6,6,6,6,6,6,5,5,6,6,6,6,6,6,6,6,6,6,6,6,6,6,6,6,5,6,6,6,6,6,6,6,6,6,6,6,6,5,6,6,6,6,5,Default,
201234,5,5,6,5,6,6,6,6,6,6,6,6,6,6,6,6,6,6,6,6,5,6,6,6,6,6,6,6,6,5,5,6,6,6,6,6,5,6,6,5,6,6,6,6,6,Default,
201250,5,6,6,5,6,6,5,6,6,6,6,6,6,5,6,6,5,5,6,7,6,6,5,6,6,6,4,6,6,5,6,6,6,6,6,6,5,6,6,6,6,5,6,6,6,Default,
201266,6,6,5,6,6,6,6,6,6,6,6,6,6,6,6,6,5,6,6,5,6,6,6,5,6,6,6,6,6,5,6,6,6,6,6,6,6,6,6,6,6,6,6,6,6,Default,
201282,6,6,6,5,6,6,5,6,6,5,6,6,6,6,6,6,6,6,6,6,6,6,6,4,6,6,5,6,6,5,6,6,6,6,6,6,5,6,6,6,6,6,6,6,4,Default,
